season,player_name,team,pid,listed_height_raw,listed_height,listed_height_inches,predicted_profile_height_inches,predicted_profile_height,height_delta_inches,height_profile_label,predicted_big_profile_height_inches,predicted_big_profile_height,big_height_delta_inches,big_height_profile_label
2019,Josh Warren,Cornell,27085,6-8,"6'8""",80.0,77.84,"6'6""",-2.16,plays_shorter,77.84,"6'6""",-2.16,plays_shorter
2019,Luke Worthington,BYU,30969,6-10,"6'10""",82.0,77.62,"6'6""",-4.38,plays_shorter,77.62,"6'6""",-4.38,plays_shorter
2019,Dontel Highsmith,Cleveland St.,31053,6-2,"6'2""",74.0,74.76,"6'3""",0.76,plays_taller,74.76,"6'3""",0.76,plays_taller
2019,Emmanuel Toney,Texas A&M Corpus Chris,31389,6-2,"6'2""",74.0,75.32,"6'3""",1.32,plays_taller,75.32,"6'3""",1.32,plays_taller
2019,Damarion Geter,Longwood,31509,6-8,"6'8""",80.0,78.89,"6'7""",-1.11,plays_shorter,78.89,"6'7""",-1.11,plays_shorter
2019,Parker Van Dyke,Utah,32009,6-3,"6'3""",75.0,75.46,"6'3""",0.46,plays_at_height,75.46,"6'3""",0.46,plays_at_height
2019,Andre Adams,Southern Utah,32932,6-9,"6'9""",81.0,80.26,"6'8""",-0.74,plays_at_height,80.26,"6'8""",-0.74,plays_at_height
2019,Mitch Hahn,Nebraska Omaha,33470,6-8,"6'8""",80.0,77.16,"6'5""",-2.84,plays_shorter,77.16,"6'5""",-2.84,plays_shorter
2019,Ryan Andino,Maryland Eastern Shore,33478,6-2,"6'2""",74.0,73.48,"6'1""",-0.52,plays_at_height,73.48,"6'1""",-0.52,plays_at_height
2019,Chancellor Barnard,Binghamton,33513,6-4,"6'4""",76.0,80.29,"6'8""",4.29,plays_taller,80.29,"6'8""",4.29,plays_taller
2019,Keon Williams,St. Francis NY,33534,6-4,"6'4""",76.0,77.16,"6'5""",1.16,plays_taller,77.16,"6'5""",1.16,plays_taller
2019,Glenn Sanabria,St. Francis NY,33535,5-11,"5'11""",71.0,75.16,"6'3""",4.16,plays_taller,75.16,"6'3""",4.16,plays_taller
2019,Jacquil Taylor,Hofstra,33566,6-10,"6'10""",82.0,84.04,"7'0""",2.04,plays_taller,84.04,"7'0""",2.04,plays_taller
2019,Tre'Shawn Thurman,Nevada,33583,6-8,"6'8""",80.0,80.15,"6'8""",0.15,plays_at_height,80.15,"6'8""",0.15,plays_at_height
2019,Cheddi Mosely,La Salle,33628,6-3,"6'3""",75.0,75.28,"6'3""",0.28,plays_at_height,75.28,"6'3""",0.28,plays_at_height
2019,Dave Bell,Jacksonville,33635,6-9,"6'9""",81.0,83.1,"6'11""",2.1,plays_taller,83.1,"6'11""",2.1,plays_taller
2019,Jeremy Combs,Texas Southern,33642,6-7,"6'7""",79.0,81.88,"6'10""",2.88,plays_taller,81.88,"6'10""",2.88,plays_taller
2019,Dan Dwyer,Hofstra,33645,6-8,"6'8""",80.0,78.88,"6'7""",-1.12,plays_shorter,78.88,"6'7""",-1.12,plays_shorter
2019,Aaren Edmead,North Carolina A&T,33654,5-10,"5'10""",70.0,73.92,"6'2""",3.92,plays_taller,73.92,"6'2""",3.92,plays_taller
2019,Corey Henson,Nevada,33655,6-3,"6'3""",75.0,75.32,"6'3""",0.32,plays_at_height,75.32,"6'3""",0.32,plays_at_height
2019,Antonio Woods,Penn,33664,6-1,"6'1""",73.0,75.56,"6'4""",2.56,plays_taller,75.56,"6'4""",2.56,plays_taller
2019,Nathan Moran,Lipscomb,33668,5-10,"5'10""",70.0,74.43,"6'2""",4.43,plays_taller,74.43,"6'2""",4.43,plays_taller
2019,Trevor John,Drexel,33674,6-3,"6'3""",75.0,74.53,"6'3""",-0.47,plays_at_height,74.53,"6'3""",-0.47,plays_at_height
2019,Aleks Abrams,Miami OH,33677,6-8,"6'8""",80.0,80.82,"6'9""",0.82,plays_taller,80.82,"6'9""",0.82,plays_taller
2019,Zacarry Douglas,North Carolina Central,33690,6-8,"6'8""",80.0,79.31,"6'7""",-0.69,plays_at_height,79.31,"6'7""",-0.69,plays_at_height
2019,Justin Coleman,Arizona,33702,5-10,"5'10""",70.0,74.99,"6'3""",4.99,plays_taller,74.99,"6'3""",4.99,plays_taller
2019,Hassan Hussein,Southern,33721,6-9,"6'9""",81.0,77.14,"6'5""",-3.86,plays_shorter,77.14,"6'5""",-3.86,plays_shorter
2019,Josh Delaney,Sam Houston St.,33733,6-0,"6'0""",72.0,74.07,"6'2""",2.07,plays_taller,74.07,"6'2""",2.07,plays_taller
2019,Logan Power,South Dakota,33735,6-6,"6'6""",78.0,74.99,"6'3""",-3.01,plays_shorter,74.99,"6'3""",-3.01,plays_shorter
2019,Albert Almanza,Sam Houston St.,33737,6-6,"6'6""",78.0,75.09,"6'3""",-2.91,plays_shorter,75.09,"6'3""",-2.91,plays_shorter
2019,Thatch Unruh,Central Arkansas,33740,6-5,"6'5""",77.0,74.91,"6'3""",-2.09,plays_shorter,74.91,"6'3""",-2.09,plays_shorter
2019,Connor Kern,The Citadel,33768,6-4,"6'4""",76.0,74.53,"6'3""",-1.47,plays_shorter,74.53,"6'3""",-1.47,plays_shorter
2019,Bryan Alberts,Long Beach St.,33821,6-5,"6'5""",77.0,75.19,"6'3""",-1.81,plays_shorter,75.19,"6'3""",-1.81,plays_shorter
2019,Josh Perkins,Gonzaga,33823,6-3,"6'3""",75.0,76.25,"6'4""",1.25,plays_taller,76.25,"6'4""",1.25,plays_taller
2019,Zach McRoberts,Indiana,33824,6-6,"6'6""",78.0,74.29,"6'2""",-3.71,plays_shorter,74.29,"6'2""",-3.71,plays_shorter
2019,Shawn Roundtree,Central Michigan,33924,6-0,"6'0""",72.0,74.5,"6'3""",2.5,plays_taller,74.5,"6'3""",2.5,plays_taller
2019,Jake Toolson,Utah Valley,33955,6-5,"6'5""",77.0,77.4,"6'5""",0.4,plays_at_height,77.4,"6'5""",0.4,plays_at_height
2019,Namon Wright,Colorado,33986,6-5,"6'5""",77.0,77.89,"6'6""",0.89,plays_taller,77.89,"6'6""",0.89,plays_taller
2019,Jakeenan Gant,Louisiana,33987,6-8,"6'8""",80.0,83.7,"7'0""",3.7,plays_taller,83.7,"7'0""",3.7,plays_taller
2019,Tyree Griffin,Southern Miss,33994,5-10,"5'10""",70.0,75.17,"6'3""",5.17,plays_taller,75.17,"6'3""",5.17,plays_taller
2019,Romone Saunders,Wagner,34001,6-3,"6'3""",75.0,77.22,"6'5""",2.22,plays_taller,77.22,"6'5""",2.22,plays_taller
2019,Cameron Jackson,Wofford,34006,6-8,"6'8""",80.0,83.06,"6'11""",3.06,plays_taller,83.06,"6'11""",3.06,plays_taller
2019,Stuckey Mosley,James Madison,34046,6-3,"6'3""",75.0,74.72,"6'3""",-0.28,plays_at_height,74.72,"6'3""",-0.28,plays_at_height
2019,Deshon Taylor,Fresno St.,34073,6-2,"6'2""",74.0,76.4,"6'4""",2.4,plays_taller,76.4,"6'4""",2.4,plays_taller
2019,Jabari McGhee,Austin Peay,34096,6-7,"6'7""",79.0,81.57,"6'10""",2.57,plays_taller,81.57,"6'10""",2.57,plays_taller
2019,Sandy Cohen III,Green Bay,34168,6-6,"6'6""",78.0,79.27,"6'7""",1.27,plays_taller,79.27,"6'7""",1.27,plays_taller
2019,Shaquille Doorson,Rutgers,34191,7-0,"7'0""",84.0,81.48,"6'9""",-2.52,plays_shorter,81.48,"6'9""",-2.52,plays_shorter
2019,Marques Townes,Loyola Chicago,34204,6-4,"6'4""",76.0,77.57,"6'6""",1.57,plays_taller,77.57,"6'6""",1.57,plays_taller
2019,Schadrac Casimir,Florida Gulf Coast,34233,5-10,"5'10""",70.0,74.92,"6'3""",4.92,plays_taller,74.92,"6'3""",4.92,plays_taller
2019,Nyaires Redding,Wyoming,34234,6-2,"6'2""",74.0,74.89,"6'3""",0.89,plays_taller,74.89,"6'3""",0.89,plays_taller
2019,Christen Cunningham,Louisville,34238,6-2,"6'2""",74.0,75.31,"6'3""",1.31,plays_taller,75.31,"6'3""",1.31,plays_taller
2019,Detrick Mostella,Jacksonville St.,34248,6-1,"6'1""",73.0,75.81,"6'4""",2.81,plays_taller,75.81,"6'4""",2.81,plays_taller
2019,Noah Robotham,UNLV,34346,6-1,"6'1""",73.0,74.38,"6'2""",1.38,plays_taller,74.38,"6'2""",1.38,plays_taller
2019,Javon Bess,Saint Louis,34347,6-6,"6'6""",78.0,77.67,"6'6""",-0.33,plays_at_height,77.67,"6'6""",-0.33,plays_at_height
2019,Kenny Goins,Michigan St.,34376,6-7,"6'7""",79.0,80.48,"6'8""",1.48,plays_taller,80.48,"6'8""",1.48,plays_taller
2019,Aaron Calixte,Oklahoma,34442,5-11,"5'11""",71.0,75.54,"6'4""",4.54,plays_taller,75.54,"6'4""",4.54,plays_taller
2019,Jordan Nobles,Oakland,34534,6-9,"6'9""",81.0,76.39,"6'4""",-4.61,plays_shorter,76.39,"6'4""",-4.61,plays_shorter
2019,Jeremy Jones,Gonzaga,34538,6-7,"6'7""",79.0,79.33,"6'7""",0.33,plays_at_height,79.33,"6'7""",0.33,plays_at_height
2019,Clayton Custer,Loyola Chicago,34543,6-1,"6'1""",73.0,74.77,"6'3""",1.77,plays_taller,74.77,"6'3""",1.77,plays_taller
2019,Fallou Ndoye,Santa Clara,34553,6-11,"6'11""",83.0,77.24,"6'5""",-5.76,plays_shorter,77.24,"6'5""",-5.76,plays_shorter
2019,Isaiah Gurley,Texas St.,34559,6-3,"6'3""",75.0,75.68,"6'4""",0.68,plays_at_height,75.68,"6'4""",0.68,plays_at_height
2019,Max Twyman,Hartford,34591,6-5,"6'5""",77.0,74.78,"6'3""",-2.22,plays_shorter,74.78,"6'3""",-2.22,plays_shorter
2019,Ed Jones,Alabama St.,34657,6-8,"6'8""",80.0,76.01,"6'4""",-3.99,plays_shorter,76.01,"6'4""",-3.99,plays_shorter
2019,Jordan Tyson,Georgia St.,34708,6-9,"6'9""",81.0,79.76,"6'8""",-1.24,plays_shorter,79.76,"6'8""",-1.24,plays_shorter
2019,Ryan Luther,Arizona,34711,6-9,"6'9""",81.0,77.91,"6'6""",-3.09,plays_shorter,77.91,"6'6""",-3.09,plays_shorter
2019,Brock Stull,Minnesota,34744,6-4,"6'4""",76.0,75.1,"6'3""",-0.9,plays_shorter,75.1,"6'3""",-0.9,plays_shorter
2019,Cane Broome,Cincinnati,34746,6-0,"6'0""",72.0,74.88,"6'3""",2.88,plays_taller,74.88,"6'3""",2.88,plays_taller
2019,Brandone Francis,Texas Tech,34747,6-5,"6'5""",77.0,76.5,"6'5""",-0.5,plays_at_height,76.5,"6'5""",-0.5,plays_at_height
2019,Trey Touchet,McNeese St.,34750,6-2,"6'2""",74.0,74.45,"6'2""",0.45,plays_at_height,74.45,"6'2""",0.45,plays_at_height
2019,Terry Winn III,UT Rio Grande Valley,34754,6-7,"6'7""",79.0,77.39,"6'5""",-1.61,plays_shorter,77.39,"6'5""",-1.61,plays_shorter
2019,Jamuni McNeace,Oklahoma,34768,6-10,"6'10""",82.0,80.17,"6'8""",-1.83,plays_shorter,80.17,"6'8""",-1.83,plays_shorter
2019,J.C. Show,Binghamton,34787,6-3,"6'3""",75.0,74.13,"6'2""",-0.87,plays_shorter,74.13,"6'2""",-0.87,plays_shorter
2019,Paschal Chukwu,Syracuse,34802,7-2,"7'2""",86.0,85.04,"7'1""",-0.96,plays_shorter,85.04,"7'1""",-0.96,plays_shorter
2019,Jordan Reed,New Hampshire,34814,6-0,"6'0""",72.0,74.52,"6'3""",2.52,plays_taller,74.52,"6'3""",2.52,plays_taller
2019,Reginal Johnson,Alcorn St.,34817,6-5,"6'5""",77.0,75.55,"6'4""",-1.45,plays_shorter,75.55,"6'4""",-1.45,plays_shorter
2019,Mike Daum,South Dakota St.,34839,6-9,"6'9""",81.0,81.58,"6'10""",0.58,plays_at_height,81.58,"6'10""",0.58,plays_at_height
2019,Davon Bell,Presbyterian,34925,5-10,"5'10""",70.0,75.86,"6'4""",5.86,plays_taller,75.86,"6'4""",5.86,plays_taller
2019,Ethan Happ,Wisconsin,34930,6-10,"6'10""",82.0,82.31,"6'10""",0.31,plays_at_height,82.31,"6'10""",0.31,plays_at_height
2019,Armani Branch,Norfolk St.,35052,6-7,"6'7""",79.0,77.73,"6'6""",-1.27,plays_shorter,77.73,"6'6""",-1.27,plays_shorter
2019,Xavian Stapleton,Florida Atlantic,35062,6-7,"6'7""",79.0,78.09,"6'6""",-0.91,plays_shorter,78.09,"6'6""",-0.91,plays_shorter
2019,Norense Odiase,Texas Tech,35122,6-8,"6'8""",80.0,83.53,"7'0""",3.53,plays_taller,83.53,"7'0""",3.53,plays_taller
2019,Tarin Smith,Connecticut,35130,6-3,"6'3""",75.0,76.88,"6'5""",1.88,plays_taller,76.88,"6'5""",1.88,plays_taller
2019,Spencer Rivers,UC Irvine,35134,6-2,"6'2""",74.0,74.09,"6'2""",0.09,plays_at_height,74.09,"6'2""",0.09,plays_at_height
2019,Jonathan Galloway,UC Irvine,35140,6-10,"6'10""",82.0,82.14,"6'10""",0.14,plays_at_height,82.14,"6'10""",0.14,plays_at_height
2019,Khwan Fore,Louisville,35149,6-0,"6'0""",72.0,75.42,"6'3""",3.42,plays_taller,75.42,"6'3""",3.42,plays_taller
2019,Taishaun Johnson,Prairie View A&M,35151,6-0,"6'0""",72.0,75.46,"6'3""",3.46,plays_taller,75.46,"6'3""",3.46,plays_taller
2019,Kevin Holland,Southern Miss,35152,6-1,"6'1""",73.0,75.13,"6'3""",2.13,plays_taller,75.13,"6'3""",2.13,plays_taller
2019,Eric Carter,Delaware,35227,6-9,"6'9""",81.0,80.88,"6'9""",-0.12,plays_at_height,80.88,"6'9""",-0.12,plays_at_height
2019,David Efianayi,Gardner Webb,35266,6-2,"6'2""",74.0,77.6,"6'6""",3.6,plays_taller,77.6,"6'6""",3.6,plays_taller
2019,Michael Nzei,Seton Hall,35269,6-8,"6'8""",80.0,78.54,"6'7""",-1.46,plays_shorter,78.54,"6'7""",-1.46,plays_shorter
2019,Elston Jones,UC Irvine,35277,6-9,"6'9""",81.0,82.33,"6'10""",1.33,plays_taller,82.33,"6'10""",1.33,plays_taller
2019,Richard Lee,Southern,35298,6-4,"6'4""",76.0,75.15,"6'3""",-0.85,plays_shorter,75.15,"6'3""",-0.85,plays_shorter
2019,Isaiah Jackson,Providence,35389,6-6,"6'6""",78.0,77.54,"6'6""",-0.46,plays_at_height,77.54,"6'6""",-0.46,plays_at_height
2019,Nick Norton,Drake,35512,5-10,"5'10""",70.0,75.52,"6'4""",5.52,plays_taller,75.52,"6'4""",5.52,plays_taller
2019,BJ Taylor,UCF,35537,6-2,"6'2""",74.0,74.99,"6'3""",0.99,plays_taller,74.99,"6'3""",0.99,plays_taller
2019,Evan Fitzner,Indiana,35556,6-10,"6'10""",82.0,76.24,"6'4""",-5.76,plays_shorter,76.24,"6'4""",-5.76,plays_shorter
2019,Zaynah Robinson,Northern Kentucky,35584,5-11,"5'11""",71.0,74.14,"6'2""",3.14,plays_taller,74.14,"6'2""",3.14,plays_taller
2019,Gerard Martin,Grand Canyon,35625,6-7,"6'7""",79.0,77.25,"6'5""",-1.75,plays_shorter,77.25,"6'5""",-1.75,plays_shorter
2019,Marial Shayok,Iowa St.,35662,6-6,"6'6""",78.0,77.83,"6'6""",-0.17,plays_at_height,77.83,"6'6""",-0.17,plays_at_height
2019,B.J. Stith,Old Dominion,35663,6-5,"6'5""",77.0,78.09,"6'6""",1.09,plays_taller,78.09,"6'6""",1.09,plays_taller
2019,Jack Salt,Virginia,35664,6-10,"6'10""",82.0,80.29,"6'8""",-1.71,plays_shorter,80.29,"6'8""",-1.71,plays_shorter
2019,Chris Collins,Texas A&M,35674,6-3,"6'3""",75.0,73.34,"6'1""",-1.66,plays_shorter,73.34,"6'1""",-1.66,plays_shorter
2019,Brocke Stepteau,Hawaii,35691,5-9,"5'9""",69.0,74.47,"6'2""",5.47,plays_taller,74.47,"6'2""",5.47,plays_taller
2019,Samuel Dingba,Vermont,35769,6-5,"6'5""",77.0,80.73,"6'9""",3.73,plays_taller,80.73,"6'9""",3.73,plays_taller
2019,Torin Dorn,N.C. State,35772,6-5,"6'5""",77.0,79.38,"6'7""",2.38,plays_taller,79.38,"6'7""",2.38,plays_taller
2019,Jalen Adams,Connecticut,35780,6-3,"6'3""",75.0,77.23,"6'5""",2.23,plays_taller,77.23,"6'5""",2.23,plays_taller
2019,Brandon Alston,Georgia Tech,35783,6-5,"6'5""",77.0,75.05,"6'3""",-1.95,plays_shorter,75.05,"6'3""",-1.95,plays_shorter
2019,Kaleb Joseph,Creighton,35807,6-3,"6'3""",75.0,75.41,"6'3""",0.41,plays_at_height,75.41,"6'3""",0.41,plays_at_height
2019,Jake Babic,Texas A&M Corpus Chris,35841,6-5,"6'5""",77.0,75.71,"6'4""",-1.29,plays_shorter,75.71,"6'4""",-1.29,plays_shorter
2019,Anthony Durham,Rider,35868,6-3,"6'3""",75.0,76.94,"6'5""",1.94,plays_taller,76.94,"6'5""",1.94,plays_taller
2019,Larry Austin Jr.,Central Michigan,35885,6-2,"6'2""",74.0,78.48,"6'6""",4.48,plays_taller,78.48,"6'6""",4.48,plays_taller
2019,Ehab Amin,Oregon,35889,6-4,"6'4""",76.0,77.23,"6'5""",1.23,plays_taller,77.23,"6'5""",1.23,plays_taller
2019,Raasean Davis,North Carolina Central,35893,6-8,"6'8""",80.0,83.1,"6'11""",3.1,plays_taller,83.1,"6'11""",3.1,plays_taller
2019,Torry Johnson,Wake Forest,36023,6-3,"6'3""",75.0,74.85,"6'3""",-0.15,plays_at_height,74.85,"6'3""",-0.15,plays_at_height
2019,Jeremiah Jefferson,Nicholls St.,36054,6-2,"6'2""",74.0,74.08,"6'2""",0.08,plays_at_height,74.08,"6'2""",0.08,plays_at_height
2019,Zach Braxton,Weber St.,36064,6-9,"6'9""",81.0,81.41,"6'9""",0.41,plays_at_height,81.41,"6'9""",0.41,plays_at_height
2019,Dylan Osetkowski,Texas,36074,6-9,"6'9""",81.0,80.11,"6'8""",-0.89,plays_shorter,80.11,"6'8""",-0.89,plays_shorter
2019,Makai Mason,Baylor,36151,6-1,"6'1""",73.0,75.22,"6'3""",2.22,plays_taller,75.22,"6'3""",2.22,plays_taller
2019,Skyler Flatten,South Dakota St.,36161,6-6,"6'6""",78.0,77.94,"6'6""",-0.06,plays_at_height,77.94,"6'6""",-0.06,plays_at_height
2019,Matt Jackson,Grand Canyon,36244,6-8,"6'8""",80.0,77.19,"6'5""",-2.81,plays_shorter,77.19,"6'5""",-2.81,plays_shorter
2019,Amari Hamilton,North Carolina A&T,36325,6-1,"6'1""",73.0,74.01,"6'2""",1.01,plays_taller,74.01,"6'2""",1.01,plays_taller
2019,Josh Gantz,UMass Lowell,36331,6-7,"6'7""",79.0,76.26,"6'4""",-2.74,plays_shorter,76.26,"6'4""",-2.74,plays_shorter
2019,Jalyn Patterson,Texas Southern,36334,6-1,"6'1""",73.0,75.1,"6'3""",2.1,plays_taller,75.1,"6'3""",2.1,plays_taller
2019,Tre Campbell,South Carolina,36339,6-0,"6'0""",72.0,73.95,"6'2""",1.95,plays_taller,73.95,"6'2""",1.95,plays_taller
2019,Elbert Robinson III,Old Dominion,36343,7-1,"7'1""",85.0,80.81,"6'9""",-4.19,plays_shorter,80.81,"6'9""",-4.19,plays_shorter
2019,Trey Mourning,Georgetown,36346,6-9,"6'9""",81.0,77.96,"6'6""",-3.04,plays_shorter,77.96,"6'6""",-3.04,plays_shorter
2019,Phil Booth,Villanova,36354,6-3,"6'3""",75.0,76.58,"6'5""",1.58,plays_taller,76.58,"6'5""",1.58,plays_taller
2019,Abdoulaye Gueye,Georgia Tech,36402,6-9,"6'9""",81.0,80.41,"6'8""",-0.59,plays_at_height,80.41,"6'8""",-0.59,plays_at_height
2019,Shawn Olden,Texas Southern,36417,6-3,"6'3""",75.0,74.64,"6'3""",-0.36,plays_at_height,74.64,"6'3""",-0.36,plays_at_height
2019,Eric Cooper Jr.,Pepperdine,36476,6-3,"6'3""",75.0,74.61,"6'3""",-0.39,plays_at_height,74.61,"6'3""",-0.39,plays_at_height
2019,Greg Malinowski,Georgetown,36487,6-6,"6'6""",78.0,77.25,"6'5""",-0.75,plays_at_height,77.25,"6'5""",-0.75,plays_at_height
2019,Jorge Rosa,New Orleans,36496,6-3,"6'3""",75.0,73.53,"6'2""",-1.47,plays_shorter,73.53,"6'2""",-1.47,plays_shorter
2019,Jack Purchase,Hawaii,36503,6-9,"6'9""",81.0,77.8,"6'6""",-3.2,plays_shorter,77.8,"6'6""",-3.2,plays_shorter
2019,T.J. Lang,South Florida,36510,6-7,"6'7""",79.0,75.41,"6'3""",-3.59,plays_shorter,75.41,"6'3""",-3.59,plays_shorter
2019,David Wacker,Boise St.,36560,6-10,"6'10""",82.0,79.66,"6'8""",-2.34,plays_shorter,79.66,"6'8""",-2.34,plays_shorter
2019,Zach Johnson,Miami FL,36613,6-2,"6'2""",74.0,76.94,"6'5""",2.94,plays_taller,76.94,"6'5""",2.94,plays_taller
2019,Miles Reynolds,Oklahoma,36752,6-3,"6'3""",75.0,76.08,"6'4""",1.08,plays_taller,76.08,"6'4""",1.08,plays_taller
2019,Marcus Bartley,Southern Illinois,36756,6-5,"6'5""",77.0,74.44,"6'2""",-2.56,plays_shorter,74.44,"6'2""",-2.56,plays_shorter
2019,Milik Yarbrough,Illinois St.,36759,6-6,"6'6""",78.0,78.85,"6'7""",0.85,plays_taller,78.85,"6'7""",0.85,plays_taller
2019,Michael Finke,Grand Canyon,36768,6-10,"6'10""",82.0,78.51,"6'7""",-3.49,plays_shorter,78.51,"6'7""",-3.49,plays_shorter
2019,AJ John,UC Davis,36773,6-8,"6'8""",80.0,78.03,"6'6""",-1.97,plays_shorter,78.03,"6'6""",-1.97,plays_shorter
2019,D.J. Foreman,Saint Louis,36807,6-8,"6'8""",80.0,79.46,"6'7""",-0.54,plays_at_height,79.46,"6'7""",-0.54,plays_at_height
2019,Novak Topalovic,Utah,36832,7-0,"7'0""",84.0,80.26,"6'8""",-3.74,plays_shorter,80.26,"6'8""",-3.74,plays_shorter
2019,Paul Rowley,William & Mary,36846,6-8,"6'8""",80.0,76.94,"6'5""",-3.06,plays_shorter,76.94,"6'5""",-3.06,plays_shorter
2019,Jace Hogan,Jacksonville,36856,6-6,"6'6""",78.0,78.1,"6'6""",0.1,plays_at_height,78.1,"6'6""",0.1,plays_at_height
2019,Shelton Mitchell,Clemson,36899,6-4,"6'4""",76.0,74.87,"6'3""",-1.13,plays_shorter,74.87,"6'3""",-1.13,plays_shorter
2019,Kerwin Smith,Oral Roberts,36904,6-10,"6'10""",82.0,80.0,"6'8""",-2.0,plays_shorter,80.0,"6'8""",-2.0,plays_shorter
2019,Laquarious Paige,Lamar,36931,6-3,"6'3""",75.0,73.69,"6'2""",-1.31,plays_shorter,73.69,"6'2""",-1.31,plays_shorter
2019,Jordan Butler,Norfolk St.,36962,6-6,"6'6""",78.0,81.42,"6'9""",3.42,plays_taller,81.42,"6'9""",3.42,plays_taller
2019,Temidayo Yussuf,Long Beach St.,37005,6-7,"6'7""",79.0,79.36,"6'7""",0.36,plays_at_height,79.36,"6'7""",0.36,plays_at_height
2019,Marcus Graves,Sacramento St.,37006,6-0,"6'0""",72.0,75.92,"6'4""",3.92,plays_taller,75.92,"6'4""",3.92,plays_taller
2019,Jeff Thomas,Georgia St.,37010,6-5,"6'5""",77.0,77.51,"6'6""",0.51,plays_at_height,77.51,"6'6""",0.51,plays_at_height
2019,Paul Jorgensen,Butler,37106,6-2,"6'2""",74.0,75.2,"6'3""",1.2,plays_taller,75.2,"6'3""",1.2,plays_taller
2019,Lance Tejada,Lehigh,37108,6-2,"6'2""",74.0,73.88,"6'2""",-0.12,plays_at_height,73.88,"6'2""",-0.12,plays_at_height
2019,Braxton Huggins,Fresno St.,37127,6-4,"6'4""",76.0,76.93,"6'5""",0.93,plays_taller,76.93,"6'5""",0.93,plays_taller
2019,Phil Cofer,Florida St.,37163,6-8,"6'8""",80.0,76.89,"6'5""",-3.11,plays_shorter,76.89,"6'5""",-3.11,plays_shorter
2019,Jacob Kessler,Army,37178,6-4,"6'4""",76.0,75.78,"6'4""",-0.22,plays_at_height,75.78,"6'4""",-0.22,plays_at_height
2019,Stephen O'Suji,Houston Christian,37187,6-0,"6'0""",72.0,74.81,"6'3""",2.81,plays_taller,74.81,"6'3""",2.81,plays_taller
2019,Jordan Cornish,Tulane,37218,6-6,"6'6""",78.0,74.74,"6'3""",-3.26,plays_shorter,74.74,"6'3""",-3.26,plays_shorter
2019,Christian Mekowulu,Texas A&M,37265,6-8,"6'8""",80.0,81.35,"6'9""",1.35,plays_taller,81.35,"6'9""",1.35,plays_taller
2019,Dion Wiley,Saint Louis,37280,6-4,"6'4""",76.0,74.47,"6'2""",-1.53,plays_shorter,74.47,"6'2""",-1.53,plays_shorter
2019,Eric Paschall,Villanova,37332,6-8,"6'8""",80.0,79.51,"6'8""",-0.49,plays_at_height,79.51,"6'8""",-0.49,plays_at_height
2019,Shawn O'Connell,UNC Wilmington,37364,6-8,"6'8""",80.0,78.5,"6'7""",-1.5,plays_shorter,78.5,"6'7""",-1.5,plays_shorter
2019,Zylan Cheatham,Arizona St.,37441,6-8,"6'8""",80.0,82.66,"6'11""",2.66,plays_taller,82.66,"6'11""",2.66,plays_taller
2019,John Carroll,Hartford,37474,6-8,"6'8""",80.0,78.47,"6'6""",-1.53,plays_shorter,78.47,"6'6""",-1.53,plays_shorter
2019,Ruben Guerrero,Samford,37478,7-0,"7'0""",84.0,82.46,"6'10""",-1.54,plays_shorter,82.46,"6'10""",-1.54,plays_shorter
2019,Troy Holston,Saint Joseph's,37479,6-4,"6'4""",76.0,74.85,"6'3""",-1.15,plays_shorter,74.85,"6'3""",-1.15,plays_shorter
2019,Kyle Castlin,Xavier,37489,6-4,"6'4""",76.0,76.41,"6'4""",0.41,plays_at_height,76.41,"6'4""",0.41,plays_at_height
2019,Devin Watson,San Diego St.,37510,6-1,"6'1""",73.0,74.87,"6'3""",1.87,plays_taller,74.87,"6'3""",1.87,plays_taller
2019,Nick Harris,Charleston,37564,6-10,"6'10""",82.0,79.36,"6'7""",-2.64,plays_shorter,79.36,"6'7""",-2.64,plays_shorter
2019,Paul Jackson,Eastern Michigan,37581,6-2,"6'2""",74.0,74.26,"6'2""",0.26,plays_at_height,74.26,"6'2""",0.26,plays_at_height
2019,Riley Norris,Alabama,37600,6-7,"6'7""",79.0,77.5,"6'6""",-1.5,plays_shorter,77.5,"6'6""",-1.5,plays_shorter
2019,Brady Ellingson,Drake,37627,6-4,"6'4""",76.0,74.72,"6'3""",-1.28,plays_shorter,74.72,"6'3""",-1.28,plays_shorter
2019,Zach Haney,Boise St.,37641,6-11,"6'11""",83.0,79.97,"6'8""",-3.03,plays_shorter,79.97,"6'8""",-3.03,plays_shorter
2019,Byron Hawkins,Bryant,37644,6-1,"6'1""",73.0,74.33,"6'2""",1.33,plays_taller,74.33,"6'2""",1.33,plays_taller
2019,D.J. McCall,IU Indy,37647,6-6,"6'6""",78.0,79.23,"6'7""",1.23,plays_taller,79.23,"6'7""",1.23,plays_taller
2019,Jordan McNeil,Towson,37654,6-5,"6'5""",77.0,73.85,"6'2""",-3.15,plays_shorter,73.85,"6'2""",-3.15,plays_shorter
2019,Isaac Copeland Jr.,Nebraska,37686,6-9,"6'9""",81.0,78.92,"6'7""",-2.08,plays_shorter,78.92,"6'7""",-2.08,plays_shorter
2019,Scott Plaisance Jr.,New Orleans,37696,6-9,"6'9""",81.0,80.68,"6'9""",-0.32,plays_at_height,80.68,"6'9""",-0.32,plays_at_height
2019,Quinton Thomas,Southeastern Louisiana,37745,6-2,"6'2""",74.0,77.4,"6'5""",3.4,plays_taller,77.4,"6'5""",3.4,plays_taller
2019,Wyatt Lohaus,Northern Iowa,37754,6-2,"6'2""",74.0,74.7,"6'3""",0.7,plays_at_height,74.7,"6'3""",0.7,plays_at_height
2019,John Konchar,Purdue Fort Wayne,37780,6-5,"6'5""",77.0,80.29,"6'8""",3.29,plays_taller,80.29,"6'8""",3.29,plays_taller
2019,Dalton Nixon,BYU,37832,6-7,"6'7""",79.0,79.06,"6'7""",0.06,plays_at_height,79.06,"6'7""",0.06,plays_at_height
2019,Devin Mitchell,Georgia St.,37839,6-4,"6'4""",76.0,74.1,"6'2""",-1.9,plays_shorter,74.1,"6'2""",-1.9,plays_shorter
2019,Reid Travis,Kentucky,37971,6-8,"6'8""",80.0,81.36,"6'9""",1.36,plays_taller,81.36,"6'9""",1.36,plays_taller
2019,Sidney Umude,Southern,38023,6-7,"6'7""",79.0,78.57,"6'7""",-0.43,plays_at_height,78.57,"6'7""",-0.43,plays_at_height
2019,Nicholas Baer,Iowa,38027,6-7,"6'7""",79.0,80.42,"6'8""",1.42,plays_taller,80.42,"6'8""",1.42,plays_taller
2019,Lewis Sullivan,UAB,38079,6-7,"6'7""",79.0,79.21,"6'7""",0.21,plays_at_height,79.21,"6'7""",0.21,plays_at_height
2019,Matz Stockman,Minnesota,38133,7-0,"7'0""",84.0,80.88,"6'9""",-3.12,plays_shorter,80.88,"6'9""",-3.12,plays_shorter
2019,Ernie Duncan,Vermont,38138,6-3,"6'3""",75.0,74.72,"6'3""",-0.28,plays_at_height,74.72,"6'3""",-0.28,plays_at_height
2019,Ronnie Harrell Jr.,Denver,38146,6-7,"6'7""",79.0,77.49,"6'5""",-1.51,plays_shorter,77.49,"6'5""",-1.51,plays_shorter
2019,Jontrell Walker,Jackson St.,38155,6-1,"6'1""",73.0,73.96,"6'2""",0.96,plays_taller,73.96,"6'2""",0.96,plays_taller
2019,Cody Benzel,Eastern Washington,38163,6-4,"6'4""",76.0,73.96,"6'2""",-2.04,plays_shorter,73.96,"6'2""",-2.04,plays_shorter
2019,Robert Cartwright,UC Irvine,38216,6-2,"6'2""",74.0,75.38,"6'3""",1.38,plays_taller,75.38,"6'3""",1.38,plays_taller
2019,Chris Porter-Bunton,Austin Peay,38285,6-5,"6'5""",77.0,77.48,"6'5""",0.48,plays_at_height,77.48,"6'5""",0.48,plays_at_height
2019,Vic Law,Northwestern,38302,6-7,"6'7""",79.0,78.71,"6'7""",-0.29,plays_at_height,78.71,"6'7""",-0.29,plays_at_height
2019,Tory Stewart-Miller,Denver,38444,6-9,"6'9""",81.0,80.2,"6'8""",-0.8,plays_shorter,80.2,"6'8""",-0.8,plays_shorter
2019,Ahmed Hill,Virginia Tech,38447,6-5,"6'5""",77.0,77.6,"6'6""",0.6,plays_at_height,77.6,"6'6""",0.6,plays_at_height
2019,Jalen Hudson,Florida,38449,6-6,"6'6""",78.0,76.94,"6'5""",-1.06,plays_shorter,76.94,"6'5""",-1.06,plays_shorter
2019,Ikenna Smart,Wake Forest,38460,6-10,"6'10""",82.0,78.44,"6'6""",-3.56,plays_shorter,78.44,"6'6""",-3.56,plays_shorter
2019,Isaac Fleming,East Carolina,38486,6-4,"6'4""",76.0,76.81,"6'5""",0.81,plays_taller,76.81,"6'5""",0.81,plays_taller
2019,Mawdo Sallah,Radford,38517,6-8,"6'8""",80.0,79.58,"6'8""",-0.42,plays_at_height,79.58,"6'8""",-0.42,plays_at_height
2019,Jonathan Sanks,Canisius,38524,6-4,"6'4""",76.0,75.9,"6'4""",-0.1,plays_at_height,75.9,"6'4""",-0.1,plays_at_height
2019,Petr Herman,Loyola Marymount,38592,6-10,"6'10""",82.0,79.91,"6'8""",-2.09,plays_shorter,79.91,"6'8""",-2.09,plays_shorter
2019,Kadeem Smithen,Siena,38615,6-3,"6'3""",75.0,77.23,"6'5""",2.23,plays_taller,77.23,"6'5""",2.23,plays_taller
2019,Tulio Da Silva,Missouri St.,38682,6-8,"6'8""",80.0,81.27,"6'9""",1.27,plays_taller,81.27,"6'9""",1.27,plays_taller
2019,Mohamed Bendary,NJIT,38684,6-9,"6'9""",81.0,79.15,"6'7""",-1.85,plays_shorter,79.15,"6'7""",-1.85,plays_shorter
2019,Garrison Mathews,Lipscomb,38687,6-5,"6'5""",77.0,77.6,"6'6""",0.6,plays_at_height,77.6,"6'6""",0.6,plays_at_height
2019,Kosta Jankovic,Kennesaw St.,38688,6-8,"6'8""",80.0,75.37,"6'3""",-4.63,plays_shorter,75.37,"6'3""",-4.63,plays_shorter
2019,Eli Pepper,Lipscomb,38689,6-8,"6'8""",80.0,81.13,"6'9""",1.13,plays_taller,81.13,"6'9""",1.13,plays_taller
2019,Jure Span,USC Upstate,38695,6-4,"6'4""",76.0,74.11,"6'2""",-1.89,plays_shorter,74.11,"6'2""",-1.89,plays_shorter
2019,Max Rothschild,Penn,38705,6-8,"6'8""",80.0,78.3,"6'6""",-1.7,plays_shorter,78.3,"6'6""",-1.7,plays_shorter
2019,Sam Bittner,Fresno St.,38711,6-6,"6'6""",78.0,77.06,"6'5""",-0.94,plays_shorter,77.06,"6'5""",-0.94,plays_shorter
2019,Anthony Masinton-Bonner,Colorado St.,38716,6-2,"6'2""",74.0,75.14,"6'3""",1.14,plays_taller,75.14,"6'3""",1.14,plays_taller
2019,Trey Porter,Nevada,38721,6-11,"6'11""",83.0,82.81,"6'11""",-0.19,plays_at_height,82.81,"6'11""",-0.19,plays_at_height
2019,Connor Cashaw,Creighton,38728,6-5,"6'5""",77.0,77.29,"6'5""",0.29,plays_at_height,77.29,"6'5""",0.29,plays_at_height
2019,Dean Wade,Kansas St.,38752,6-10,"6'10""",82.0,79.75,"6'8""",-2.25,plays_shorter,79.75,"6'8""",-2.25,plays_shorter
2019,Kamau Stokes,Kansas St.,38753,6-0,"6'0""",72.0,75.57,"6'4""",3.57,plays_taller,75.57,"6'4""",3.57,plays_taller
2019,Isaiah Maurice,Memphis,38755,6-10,"6'10""",82.0,79.88,"6'8""",-2.12,plays_shorter,79.88,"6'8""",-2.12,plays_shorter
2019,Elijah Mitrou-Long,Texas,38781,6-1,"6'1""",73.0,75.22,"6'3""",2.22,plays_taller,75.22,"6'3""",2.22,plays_taller
2019,Vincent Eze,Maine,38829,6-8,"6'8""",80.0,78.88,"6'7""",-1.12,plays_shorter,78.88,"6'7""",-1.12,plays_shorter
2019,Ilija Stojiljkovic,Maine,38834,6-7,"6'7""",79.0,76.44,"6'4""",-2.56,plays_shorter,76.44,"6'4""",-2.56,plays_shorter
2019,Davonte Fitzgerald,Stephen F. Austin,38874,6-8,"6'8""",80.0,78.4,"6'6""",-1.6,plays_shorter,78.4,"6'6""",-1.6,plays_shorter
2019,Jack Gordon,Cornell,38876,6-5,"6'5""",77.0,75.18,"6'3""",-1.82,plays_shorter,75.18,"6'3""",-1.82,plays_shorter
2019,Nate Grimes,Fresno St.,38904,6-8,"6'8""",80.0,84.39,"7'0""",4.39,plays_taller,84.39,"7'0""",4.39,plays_taller
2019,Joe Rosga,Denver,38910,6-3,"6'3""",75.0,74.04,"6'2""",-0.96,plays_shorter,74.04,"6'2""",-0.96,plays_shorter
2019,C.J. Bobbitt,New Mexico St.,38914,6-7,"6'7""",79.0,76.91,"6'5""",-2.09,plays_shorter,76.91,"6'5""",-2.09,plays_shorter
2019,Abiola Akintola,Denver,38915,6-6,"6'6""",78.0,78.73,"6'7""",0.73,plays_at_height,78.73,"6'7""",0.73,plays_at_height
2019,Nick Rutherford,Monmouth,38945,6-3,"6'3""",75.0,78.29,"6'6""",3.29,plays_taller,78.29,"6'6""",3.29,plays_taller
2019,Kimar Williams,Rider,38948,6-1,"6'1""",73.0,76.25,"6'4""",3.25,plays_taller,76.25,"6'4""",3.25,plays_taller
2019,Michael Douglas,FIU,38950,6-5,"6'5""",77.0,75.72,"6'4""",-1.28,plays_shorter,75.72,"6'4""",-1.28,plays_shorter
2019,Armani Collins,Bethune Cookman,38975,6-6,"6'6""",78.0,75.37,"6'3""",-2.63,plays_shorter,75.37,"6'3""",-2.63,plays_shorter
2019,Eric Hamilton,UNC Greensboro,39002,6-9,"6'9""",81.0,80.47,"6'8""",-0.53,plays_at_height,80.47,"6'8""",-0.53,plays_at_height
2019,Markis McDuffie,Wichita St.,39003,6-8,"6'8""",80.0,77.63,"6'6""",-2.37,plays_shorter,77.63,"6'6""",-2.37,plays_shorter
2019,Marvin Prochet,Niagara,39004,6-7,"6'7""",79.0,77.94,"6'6""",-1.06,plays_shorter,77.94,"6'6""",-1.06,plays_shorter
2019,Chris Barton,Niagara,39006,6-3,"6'3""",75.0,75.14,"6'3""",0.14,plays_at_height,75.14,"6'3""",0.14,plays_at_height
2019,Adam Pickett,Winthrop,39007,6-1,"6'1""",73.0,78.21,"6'6""",5.21,plays_taller,78.21,"6'6""",5.21,plays_taller
2019,Bjorn Broman,Winthrop,39008,6-0,"6'0""",72.0,75.23,"6'3""",3.23,plays_taller,75.23,"6'3""",3.23,plays_taller
2019,Dwayne Sutton,Louisville,39010,6-5,"6'5""",77.0,79.26,"6'7""",2.26,plays_taller,79.26,"6'7""",2.26,plays_taller
2019,Dylan Smith,Arizona,39011,6-5,"6'5""",77.0,75.96,"6'4""",-1.04,plays_shorter,75.96,"6'4""",-1.04,plays_shorter
2019,Josh Cunningham,Dayton,39030,6-8,"6'8""",80.0,79.99,"6'8""",-0.01,plays_at_height,79.99,"6'8""",-0.01,plays_at_height
2019,Trevor Stumpe,Wofford,39038,6-5,"6'5""",77.0,74.93,"6'3""",-2.07,plays_shorter,74.93,"6'3""",-2.07,plays_shorter
2019,George Blagojevic,Hartford,39044,6-8,"6'8""",80.0,80.02,"6'8""",0.02,plays_at_height,80.02,"6'8""",0.02,plays_at_height
2019,J.R. Lynch,Hartford,39045,5-10,"5'10""",70.0,75.4,"6'3""",5.4,plays_taller,75.4,"6'3""",5.4,plays_taller
2019,Nolan Gerrity,UMBC,39047,6-10,"6'10""",82.0,78.75,"6'7""",-3.25,plays_shorter,78.75,"6'7""",-3.25,plays_shorter
2019,Sam Schwietz,UMBC,39049,6-9,"6'9""",81.0,80.41,"6'8""",-0.59,plays_at_height,80.41,"6'8""",-0.59,plays_at_height
2019,Joe Sherburne,UMBC,39050,6-6,"6'6""",78.0,76.14,"6'4""",-1.86,plays_shorter,76.14,"6'4""",-1.86,plays_shorter
2019,David Watkins,New Hampshire,39053,6-8,"6'8""",80.0,76.98,"6'5""",-3.02,plays_shorter,76.98,"6'5""",-3.02,plays_shorter
2019,Tyler Hall,Montana St.,39077,6-5,"6'5""",77.0,76.42,"6'4""",-0.58,plays_at_height,76.42,"6'4""",-0.58,plays_at_height
2019,Sam Neumann,Montana St.,39078,6-7,"6'7""",79.0,77.47,"6'5""",-1.53,plays_shorter,77.47,"6'5""",-1.53,plays_shorter
2019,Malik Moore,USC Upstate,39096,6-6,"6'6""",78.0,79.04,"6'7""",1.04,plays_taller,79.04,"6'7""",1.04,plays_taller
2019,Brevin Pritzl,Wisconsin,39106,6-3,"6'3""",75.0,77.13,"6'5""",2.13,plays_taller,77.13,"6'5""",2.13,plays_taller
2019,Josh Reaves,Penn St.,39108,6-5,"6'5""",77.0,79.46,"6'7""",2.46,plays_taller,79.46,"6'7""",2.46,plays_taller
2019,AJ Harris,New Mexico St.,39110,5-9,"5'9""",69.0,75.2,"6'3""",6.2,plays_taller,75.2,"6'3""",6.2,plays_taller
2019,Grady Eifert,Purdue,39111,6-6,"6'6""",78.0,77.6,"6'6""",-0.4,plays_at_height,77.6,"6'6""",-0.4,plays_at_height
2019,Mike Watkins,Penn St.,39113,6-9,"6'9""",81.0,83.74,"7'0""",2.74,plays_taller,83.74,"7'0""",2.74,plays_taller
2019,Ryan Cline,Purdue,39114,6-6,"6'6""",78.0,74.96,"6'3""",-3.04,plays_shorter,74.96,"6'3""",-3.04,plays_shorter
2019,Keyshawn Woods,Ohio St.,39120,6-3,"6'3""",75.0,76.51,"6'5""",1.51,plays_taller,76.51,"6'5""",1.51,plays_taller
2019,Stephen Thompson Jr.,Oregon St.,39146,6-4,"6'4""",76.0,76.42,"6'4""",0.42,plays_at_height,76.42,"6'4""",0.42,plays_at_height
2019,Tres Tinkle,Oregon St.,39147,6-8,"6'8""",80.0,79.6,"6'8""",-0.4,plays_at_height,79.6,"6'8""",-0.4,plays_at_height
2019,Kendal Manuel,Montana,39148,6-4,"6'4""",76.0,75.94,"6'4""",-0.06,plays_at_height,75.94,"6'4""",-0.06,plays_at_height
2019,Gligorije Rakocevic,Oregon St.,39149,6-11,"6'11""",83.0,78.29,"6'6""",-4.71,plays_shorter,78.29,"6'6""",-4.71,plays_shorter
2019,Derrick Bruce,Texas Southern,39150,6-3,"6'3""",75.0,75.72,"6'4""",0.72,plays_at_height,75.72,"6'4""",0.72,plays_at_height
2019,Marcus Sheffield,Stanford,39158,6-5,"6'5""",77.0,75.42,"6'3""",-1.58,plays_shorter,75.42,"6'3""",-1.58,plays_shorter
2019,Josh Sharma,Stanford,39159,7-0,"7'0""",84.0,84.11,"7'0""",0.11,plays_at_height,84.11,"7'0""",0.11,plays_at_height
2019,Andrew Eudy,Campbell,39193,6-7,"6'7""",79.0,79.37,"6'7""",0.37,plays_at_height,79.37,"6'7""",0.37,plays_at_height
2019,Marcquise Reed,Clemson,39198,6-3,"6'3""",75.0,77.64,"6'6""",2.64,plays_taller,77.64,"6'6""",2.64,plays_taller
2019,Markell Lodge,Saint Joseph's,39202,6-7,"6'7""",79.0,81.57,"6'10""",2.57,plays_taller,81.57,"6'10""",2.57,plays_taller
2019,Spencer Haldeman,Northern Iowa,39205,6-1,"6'1""",73.0,75.17,"6'3""",2.17,plays_taller,75.17,"6'3""",2.17,plays_taller
2019,Trevond Barnes,Hampton,39229,6-9,"6'9""",81.0,81.47,"6'9""",0.47,plays_at_height,81.47,"6'9""",0.47,plays_at_height
2019,Kalin Fisher,Hampton,39230,6-2,"6'2""",74.0,76.29,"6'4""",2.29,plays_taller,76.29,"6'4""",2.29,plays_taller
2019,Louie Pillari,Monmouth,39234,6-6,"6'6""",78.0,75.65,"6'4""",-2.35,plays_shorter,75.65,"6'4""",-2.35,plays_shorter
2019,Diago Quinn,Monmouth,39238,6-9,"6'9""",81.0,80.5,"6'9""",-0.5,plays_at_height,80.5,"6'9""",-0.5,plays_at_height
2019,Alex Copeland,Yale,39252,6-3,"6'3""",75.0,75.86,"6'4""",0.86,plays_taller,75.86,"6'4""",0.86,plays_taller
2019,Cayne Edwards,Army,39258,6-4,"6'4""",76.0,78.79,"6'7""",2.79,plays_taller,78.79,"6'7""",2.79,plays_taller
2019,Andre Wolford,Saint Francis,39269,6-2,"6'2""",74.0,74.9,"6'3""",0.9,plays_taller,74.9,"6'3""",0.9,plays_taller
2019,Josh Nebo,Texas A&M,39272,6-9,"6'9""",81.0,85.24,"7'1""",4.24,plays_taller,85.24,"7'1""",4.24,plays_taller
2019,Isaiah Blackmon,Saint Francis,39275,6-1,"6'1""",73.0,76.83,"6'5""",3.83,plays_taller,76.83,"6'5""",3.83,plays_taller
2019,Devin Liggeons,Wagner,39279,6-3,"6'3""",75.0,76.21,"6'4""",1.21,plays_taller,76.21,"6'4""",1.21,plays_taller
2019,Matej Kavas,Seattle,39296,6-8,"6'8""",80.0,76.29,"6'4""",-3.71,plays_shorter,76.29,"6'4""",-3.71,plays_shorter
2019,Eli Chuha,New Mexico St.,39299,6-7,"6'7""",79.0,81.48,"6'9""",2.48,plays_taller,81.48,"6'9""",2.48,plays_taller
2019,Leo Goodman,Stetson,39304,6-5,"6'5""",77.0,74.67,"6'3""",-2.33,plays_shorter,74.67,"6'3""",-2.33,plays_shorter
2019,Antonio Green,Middle Tennessee,39306,6-2,"6'2""",74.0,74.67,"6'3""",0.67,plays_at_height,74.67,"6'3""",0.67,plays_at_height
2019,Dominic Robb,Niagara,39307,6-8,"6'8""",80.0,81.14,"6'9""",1.14,plays_taller,81.14,"6'9""",1.14,plays_taller
2019,Bennett Holley,Appalachian St.,39311,6-8,"6'8""",80.0,76.82,"6'5""",-3.18,plays_shorter,76.82,"6'5""",-3.18,plays_shorter
2019,Tyrell Johnson,Appalachian St.,39312,6-8,"6'8""",80.0,79.19,"6'7""",-0.81,plays_shorter,79.19,"6'7""",-0.81,plays_shorter
2019,Kyle Brown,Texas A&M Corpus Chris,39315,5-10,"5'10""",70.0,75.01,"6'3""",5.01,plays_taller,75.01,"6'3""",5.01,plays_taller
2019,Kareem South,Texas A&M Corpus Chris,39316,6-2,"6'2""",74.0,77.04,"6'5""",3.04,plays_taller,77.04,"6'5""",3.04,plays_taller
2019,Ronshad Shabazz,Appalachian St.,39317,6-5,"6'5""",77.0,75.74,"6'4""",-1.26,plays_shorter,75.74,"6'4""",-1.26,plays_shorter
2019,Marquise Pointer,Charleston,39320,6-0,"6'0""",72.0,74.54,"6'3""",2.54,plays_taller,74.54,"6'3""",2.54,plays_taller
2019,Darnell Edge,Fairleigh Dickinson,39322,6-2,"6'2""",74.0,75.67,"6'4""",1.67,plays_taller,75.67,"6'4""",1.67,plays_taller
2019,Delante Jones,Seattle,39327,6-5,"6'5""",77.0,75.24,"6'3""",-1.76,plays_shorter,75.24,"6'3""",-1.76,plays_shorter
2019,Joshua Patton,Sacramento St.,39341,6-8,"6'8""",80.0,81.84,"6'10""",1.84,plays_taller,81.84,"6'10""",1.84,plays_taller
2019,Jaylin Walker,Kent St.,39344,6-3,"6'3""",75.0,76.58,"6'5""",1.58,plays_taller,76.58,"6'5""",1.58,plays_taller
2019,Alonzo Walker,Idaho St.,39345,6-6,"6'6""",78.0,79.15,"6'7""",1.15,plays_taller,79.15,"6'7""",1.15,plays_taller
2019,Rosel Hurley,St. Francis NY,39346,6-5,"6'5""",77.0,77.41,"6'5""",0.41,plays_at_height,77.41,"6'5""",0.41,plays_at_height
2019,Jalen Avery,Kent St.,39347,6-0,"6'0""",72.0,73.93,"6'2""",1.93,plays_taller,73.93,"6'2""",1.93,plays_taller
2019,Sean Lloyd Jr.,Southern Illinois,39362,6-5,"6'5""",77.0,77.12,"6'5""",0.12,plays_at_height,77.12,"6'5""",0.12,plays_at_height
2019,Luke McDonnell,Northern Iowa,39363,6-9,"6'9""",81.0,78.15,"6'6""",-2.85,plays_shorter,78.15,"6'6""",-2.85,plays_shorter
2019,Noah Blackwell,Fresno St.,39364,6-3,"6'3""",75.0,74.78,"6'3""",-0.22,plays_at_height,74.78,"6'3""",-0.22,plays_at_height
2019,Mason Riggins,Long Beach St.,39365,6-9,"6'9""",81.0,79.92,"6'8""",-1.08,plays_shorter,79.92,"6'8""",-1.08,plays_shorter
2019,Ty Taylor,UNC Wilmington,39366,6-3,"6'3""",75.0,75.82,"6'4""",0.82,plays_taller,75.82,"6'4""",0.82,plays_taller
2019,Jason Richardson,Southern Utah,39373,6-2,"6'2""",74.0,74.14,"6'2""",0.14,plays_at_height,74.14,"6'2""",0.14,plays_at_height
2019,Sheriff Drammeh,Hawaii,39375,6-3,"6'3""",75.0,75.16,"6'3""",0.16,plays_at_height,75.16,"6'3""",0.16,plays_at_height
2019,Blair Orr,Cal St. Northridge,39376,6-8,"6'8""",80.0,73.95,"6'2""",-6.05,plays_shorter,73.95,"6'2""",-6.05,plays_shorter
2019,Rob Marberry,Lipscomb,39397,6-7,"6'7""",79.0,78.99,"6'7""",-0.01,plays_at_height,78.99,"6'7""",-0.01,plays_at_height
2019,Jason Dunne,Hartford,39410,6-4,"6'4""",76.0,74.31,"6'2""",-1.69,plays_shorter,74.31,"6'2""",-1.69,plays_shorter
2019,Timmy Rose,Binghamton,39414,6-1,"6'1""",73.0,73.65,"6'2""",0.65,plays_at_height,73.65,"6'2""",0.65,plays_at_height
2019,Joe Cremo,Villanova,39417,6-4,"6'4""",76.0,74.62,"6'3""",-1.38,plays_shorter,74.62,"6'3""",-1.38,plays_shorter
2019,Keith Charleston,Southeastern Louisiana,39420,6-8,"6'8""",80.0,77.44,"6'5""",-2.56,plays_shorter,77.44,"6'5""",-2.56,plays_shorter
2019,Nick Perkins,Buffalo,39437,6-8,"6'8""",80.0,80.13,"6'8""",0.13,plays_at_height,80.13,"6'8""",0.13,plays_at_height
2019,James Thompson IV,Eastern Michigan,39439,6-10,"6'10""",82.0,82.83,"6'11""",0.83,plays_taller,82.83,"6'11""",0.83,plays_taller
2019,Jaren Lewis,Abilene Christian,39451,6-6,"6'6""",78.0,79.34,"6'7""",1.34,plays_taller,79.34,"6'7""",1.34,plays_taller
2019,Bakari Evelyn,Valparaiso,39476,6-2,"6'2""",74.0,74.19,"6'2""",0.19,plays_at_height,74.19,"6'2""",0.19,plays_at_height
2019,Michael Jacobson,Iowa St.,39479,6-9,"6'9""",81.0,79.32,"6'7""",-1.68,plays_shorter,79.32,"6'7""",-1.68,plays_shorter
2019,Dererk Pardon,Northwestern,39480,6-8,"6'8""",80.0,81.7,"6'10""",1.7,plays_taller,81.7,"6'10""",1.7,plays_taller
2019,Aaron Falzon,Northwestern,39482,6-8,"6'8""",80.0,75.04,"6'3""",-4.96,plays_shorter,75.04,"6'3""",-4.96,plays_shorter
2019,Bennie Boatwright,USC,39510,6-10,"6'10""",82.0,78.37,"6'6""",-3.63,plays_shorter,78.37,"6'6""",-3.63,plays_shorter
2019,Alex Olesinski,UCLA,39511,6-10,"6'10""",82.0,77.61,"6'6""",-4.39,plays_shorter,77.61,"6'6""",-4.39,plays_shorter
2019,Prince Ali,UCLA,39513,6-4,"6'4""",76.0,76.9,"6'5""",0.9,plays_taller,76.9,"6'5""",0.9,plays_taller
2019,Jarriesse Blackmon,UC Santa Barbara,39546,6-7,"6'7""",79.0,79.78,"6'8""",0.78,plays_taller,79.78,"6'8""",0.78,plays_taller
2019,Jeremy Hemsley,San Diego St.,39554,6-3,"6'3""",75.0,76.95,"6'5""",1.95,plays_taller,76.95,"6'5""",1.95,plays_taller
2019,Akim Mitchell,Hampton,39609,6-6,"6'6""",78.0,77.04,"6'5""",-0.96,plays_shorter,77.04,"6'5""",-0.96,plays_shorter
2019,Matt Mooney,Texas Tech,39618,6-3,"6'3""",75.0,75.77,"6'4""",0.77,plays_taller,75.77,"6'4""",0.77,plays_taller
2019,Ricky Madison,High Point,39620,6-7,"6'7""",79.0,78.92,"6'7""",-0.08,plays_at_height,78.92,"6'7""",-0.08,plays_at_height
2019,Hasan Abdullah,Navy,39629,6-0,"6'0""",72.0,75.79,"6'4""",3.79,plays_taller,75.79,"6'4""",3.79,plays_taller
2019,Jordan Fox,Army,39631,6-1,"6'1""",73.0,74.87,"6'3""",1.87,plays_taller,74.87,"6'3""",1.87,plays_taller
2019,Sean Hoehn,Sacred Heart,39641,6-2,"6'2""",74.0,75.34,"6'3""",1.34,plays_taller,75.34,"6'3""",1.34,plays_taller
2019,Matt Rafferty,Furman,39643,6-8,"6'8""",80.0,80.35,"6'8""",0.35,plays_at_height,80.35,"6'8""",0.35,plays_at_height
2019,Cory Kilby,Mercer,39646,6-7,"6'7""",79.0,76.91,"6'5""",-2.09,plays_shorter,76.91,"6'5""",-2.09,plays_shorter
2019,Jaylen Stowe,Mercer,39648,6-4,"6'4""",76.0,77.93,"6'6""",1.93,plays_taller,77.93,"6'6""",1.93,plays_taller
2019,Ethan Stair,Mercer,39649,6-4,"6'4""",76.0,77.25,"6'5""",1.25,plays_taller,77.25,"6'5""",1.25,plays_taller
2019,Sam Miller,Charleston,39651,6-9,"6'9""",81.0,78.67,"6'7""",-2.33,plays_shorter,78.67,"6'7""",-2.33,plays_shorter
2019,Ike Smith,Georgia Southern,39674,6-4,"6'4""",76.0,77.31,"6'5""",1.31,plays_taller,77.31,"6'5""",1.31,plays_taller
2019,Montae Glenn,Georgia Southern,39675,6-8,"6'8""",80.0,81.53,"6'10""",1.53,plays_taller,81.53,"6'10""",1.53,plays_taller
2019,Nate Sestina,Bucknell,39685,6-9,"6'9""",81.0,80.92,"6'9""",-0.08,plays_at_height,80.92,"6'9""",-0.08,plays_at_height
2019,Kimbal Mackenzie,Bucknell,39686,6-2,"6'2""",74.0,74.84,"6'3""",0.84,plays_taller,74.84,"6'3""",0.84,plays_taller
2019,Mike Holloway Jr.,Fairleigh Dickinson,39688,6-8,"6'8""",80.0,80.66,"6'9""",0.66,plays_at_height,80.66,"6'9""",0.66,plays_at_height
2019,Pookie Powell,La Salle,39702,6-0,"6'0""",72.0,76.25,"6'4""",4.25,plays_taller,76.25,"6'4""",4.25,plays_taller
2019,Max Hazzard,UC Irvine,39718,6-0,"6'0""",72.0,74.54,"6'3""",2.54,plays_taller,74.54,"6'3""",2.54,plays_taller
2019,Garrison Goode,UC Davis,39719,6-7,"6'7""",79.0,78.97,"6'7""",-0.03,plays_at_height,78.97,"6'7""",-0.03,plays_at_height
2019,James Fives,Loyola MD,39720,6-6,"6'6""",78.0,74.97,"6'3""",-3.03,plays_shorter,74.97,"6'3""",-3.03,plays_shorter
2019,Siler Schneider,UC Davis,39726,6-3,"6'3""",75.0,75.17,"6'3""",0.17,plays_at_height,75.17,"6'3""",0.17,plays_at_height
2019,Joe Mooney,UC Davis,39730,6-3,"6'3""",75.0,75.11,"6'3""",0.11,plays_at_height,75.11,"6'3""",0.11,plays_at_height
2019,Rogers Printup,UC Davis,39731,6-4,"6'4""",76.0,76.16,"6'4""",0.16,plays_at_height,76.16,"6'4""",0.16,plays_at_height
2019,Ahmad Frost,Maryland Eastern Shore,39734,6-0,"6'0""",72.0,74.58,"6'3""",2.58,plays_taller,74.58,"6'3""",2.58,plays_taller
2019,Lew Stallworth,The Citadel,39746,6-1,"6'1""",73.0,76.74,"6'5""",3.74,plays_taller,76.74,"6'5""",3.74,plays_taller
2019,Jake Wright,Milwaukee,39762,6-4,"6'4""",76.0,73.46,"6'1""",-2.54,plays_shorter,73.46,"6'1""",-2.54,plays_shorter
2019,King McClure,Baylor,39768,6-3,"6'3""",75.0,77.8,"6'6""",2.8,plays_taller,77.8,"6'6""",2.8,plays_taller
2019,Wendell Mitchell,Texas A&M,39769,6-3,"6'3""",75.0,76.76,"6'5""",1.76,plays_taller,76.76,"6'5""",1.76,plays_taller
2019,Nathan Bain,Stephen F. Austin,39778,6-6,"6'6""",78.0,77.18,"6'5""",-0.82,plays_shorter,77.18,"6'5""",-0.82,plays_shorter
2019,Ibrahim Sylla,North Carolina A&T,39797,6-8,"6'8""",80.0,83.05,"6'11""",3.05,plays_taller,83.05,"6'11""",3.05,plays_taller
2019,Jonah Radebaugh,Northern Colorado,39798,6-3,"6'3""",75.0,76.36,"6'4""",1.36,plays_taller,76.36,"6'4""",1.36,plays_taller
2019,Jordan Davis,Northern Colorado,39802,6-2,"6'2""",74.0,77.58,"6'6""",3.58,plays_taller,77.58,"6'6""",3.58,plays_taller
2019,Isaiah Thomas,Northern Arizona,39803,6-9,"6'9""",81.0,79.29,"6'7""",-1.71,plays_shorter,79.29,"6'7""",-1.71,plays_shorter
2019,Josh McFolley,Detroit Mercy,39812,6-1,"6'1""",73.0,75.08,"6'3""",2.08,plays_taller,75.08,"6'3""",2.08,plays_taller
2019,Chris Clover,Saint Joseph's,39817,6-3,"6'3""",75.0,76.7,"6'5""",1.7,plays_taller,76.7,"6'5""",1.7,plays_taller
2019,LaDarien Griffin,St. Bonaventure,39818,6-6,"6'6""",78.0,80.1,"6'8""",2.1,plays_taller,80.1,"6'8""",2.1,plays_taller
2019,Derrick Woods,Saint Peter's,39819,6-8,"6'8""",80.0,80.24,"6'8""",0.24,plays_at_height,80.24,"6'8""",0.24,plays_at_height
2019,Nelson Kaputo,St. Bonaventure,39820,6-0,"6'0""",72.0,74.87,"6'3""",2.87,plays_taller,74.87,"6'3""",2.87,plays_taller
2019,Courtney Stockard,St. Bonaventure,39821,6-5,"6'5""",77.0,78.08,"6'6""",1.08,plays_taller,78.08,"6'6""",1.08,plays_taller
2019,Johnny Trueblood,Nebraska,39826,6-3,"6'3""",75.0,76.46,"6'4""",1.46,plays_taller,76.46,"6'4""",1.46,plays_taller
2019,Dusan Kovacevic,Davidson,39848,6-10,"6'10""",82.0,77.58,"6'6""",-4.42,plays_shorter,77.58,"6'6""",-4.42,plays_shorter
2019,Trey Moses,Ball St.,39856,6-9,"6'9""",81.0,80.14,"6'8""",-0.86,plays_shorter,80.14,"6'8""",-0.86,plays_shorter
2019,David Crisp,Washington,39877,6-0,"6'0""",72.0,74.71,"6'3""",2.71,plays_taller,74.71,"6'3""",2.71,plays_taller
2019,Noah Dickerson,Washington,39878,6-8,"6'8""",80.0,82.31,"6'10""",2.31,plays_taller,82.31,"6'10""",2.31,plays_taller
2019,Dominic Green,Washington,39881,6-6,"6'6""",78.0,76.54,"6'5""",-1.46,plays_shorter,76.54,"6'5""",-1.46,plays_shorter
2019,Jarred Dixon,Missouri St.,39913,6-4,"6'4""",76.0,76.13,"6'4""",0.13,plays_at_height,76.13,"6'4""",0.13,plays_at_height
2019,Obediah Church,Missouri St.,39919,6-8,"6'8""",80.0,80.97,"6'9""",0.97,plays_taller,80.97,"6'9""",0.97,plays_taller
2019,Tyson Smith,UT Rio Grande Valley,39923,6-1,"6'1""",73.0,75.27,"6'3""",2.27,plays_taller,75.27,"6'3""",2.27,plays_taller
2019,Jalone Friday,Abilene Christian,39928,6-9,"6'9""",81.0,79.32,"6'7""",-1.68,plays_shorter,79.32,"6'7""",-1.68,plays_shorter
2019,Rayshawn Miller,Albany,39930,6-1,"6'1""",73.0,74.15,"6'2""",1.15,plays_taller,74.15,"6'2""",1.15,plays_taller
2019,Isaac Taylor,Maryland Eastern Shore,39952,6-8,"6'8""",80.0,78.26,"6'6""",-1.74,plays_shorter,78.26,"6'6""",-1.74,plays_shorter
2019,Tanner Borchardt,Nebraska,39973,6-8,"6'8""",80.0,79.04,"6'7""",-0.96,plays_shorter,79.04,"6'7""",-0.96,plays_shorter
2019,Kent Auslander,Coppin St.,39975,6-6,"6'6""",78.0,76.31,"6'4""",-1.69,plays_shorter,76.31,"6'4""",-1.69,plays_shorter
2019,Ty Outlaw,Virginia Tech,39991,6-6,"6'6""",78.0,77.61,"6'6""",-0.39,plays_at_height,77.61,"6'6""",-0.39,plays_at_height
2019,Tookie Brown,Georgia Southern,39995,5-11,"5'11""",71.0,76.98,"6'5""",5.98,plays_taller,76.98,"6'5""",5.98,plays_taller
2019,Jeantal Cylla,UNC Wilmington,40004,6-7,"6'7""",79.0,76.83,"6'5""",-2.17,plays_shorter,76.83,"6'5""",-2.17,plays_shorter
2019,Andrew Brown,Furman,40010,6-5,"6'5""",77.0,76.53,"6'5""",-0.47,plays_at_height,76.53,"6'5""",-0.47,plays_at_height
2019,Kevin Larkin,Delaware St.,40023,6-5,"6'5""",77.0,77.93,"6'6""",0.93,plays_taller,77.93,"6'6""",0.93,plays_taller
2019,Chris Silva,South Carolina,40037,6-9,"6'9""",81.0,83.04,"6'11""",2.04,plays_taller,83.04,"6'11""",2.04,plays_taller
2019,Kyle Ahrens,Michigan St.,40044,6-6,"6'6""",78.0,77.29,"6'5""",-0.71,plays_at_height,77.29,"6'5""",-0.71,plays_at_height
2019,Dana Batt,Colgate,40047,6-9,"6'9""",81.0,79.62,"6'8""",-1.38,plays_shorter,79.62,"6'8""",-1.38,plays_shorter
2019,Julius van Sauers,LIU,40048,6-8,"6'8""",80.0,77.54,"6'6""",-2.46,plays_shorter,77.54,"6'6""",-2.46,plays_shorter
2019,Raul Frias,LIU,40052,6-1,"6'1""",73.0,76.14,"6'4""",3.14,plays_taller,76.14,"6'4""",3.14,plays_taller
2019,Nate Jones,Bucknell,40053,6-5,"6'5""",77.0,76.39,"6'4""",-0.61,plays_at_height,76.39,"6'4""",-0.61,plays_at_height
2019,Raiquan Clark,LIU,40055,6-6,"6'6""",78.0,78.59,"6'7""",0.59,plays_at_height,78.59,"6'7""",0.59,plays_at_height
2019,Malcolm Regisford,Colgate,40058,6-8,"6'8""",80.0,80.13,"6'8""",0.13,plays_at_height,80.13,"6'8""",0.13,plays_at_height
2019,Jared Savage,Western Kentucky,40082,6-5,"6'5""",77.0,76.92,"6'5""",-0.08,plays_at_height,76.92,"6'5""",-0.08,plays_at_height
2019,Jaylen Shead,Texas St.,40083,6-1,"6'1""",73.0,77.76,"6'6""",4.76,plays_taller,77.76,"6'6""",4.76,plays_taller
2019,Emondre Rickman,Indiana St.,40096,6-9,"6'9""",81.0,79.54,"6'8""",-1.46,plays_shorter,79.54,"6'8""",-1.46,plays_shorter
2019,Bronson Kessinger,Indiana St.,40101,6-8,"6'8""",80.0,77.87,"6'6""",-2.13,plays_shorter,77.87,"6'6""",-2.13,plays_shorter
2019,Matt Hein,Illinois St.,40103,6-3,"6'3""",75.0,74.43,"6'2""",-0.57,plays_at_height,74.43,"6'2""",-0.57,plays_at_height
2019,Jalen Jones,Howard,40111,6-5,"6'5""",77.0,75.98,"6'4""",-1.02,plays_shorter,75.98,"6'4""",-1.02,plays_shorter
2019,Derryck Thornton,USC,40142,6-3,"6'3""",75.0,75.64,"6'4""",0.64,plays_at_height,75.64,"6'4""",0.64,plays_at_height
2019,Kipper Nichols,Illinois,40147,6-6,"6'6""",78.0,77.61,"6'6""",-0.39,plays_at_height,77.61,"6'6""",-0.39,plays_at_height
2019,Von Julien,Southeastern Louisiana,40148,6-1,"6'1""",73.0,74.38,"6'2""",1.38,plays_taller,74.38,"6'2""",1.38,plays_taller
2019,Blake Paul,Tulane,40149,6-9,"6'9""",81.0,80.43,"6'8""",-0.57,plays_at_height,80.43,"6'8""",-0.57,plays_at_height
2019,Chase Jeter,Arizona,40153,6-10,"6'10""",82.0,81.14,"6'9""",-0.86,plays_shorter,81.14,"6'9""",-0.86,plays_shorter
2019,Ty Hudson,Jacksonville St.,40154,6-1,"6'1""",73.0,75.11,"6'3""",2.11,plays_taller,75.11,"6'3""",2.11,plays_taller
2019,Alan Vest,Wright St.,40155,6-3,"6'3""",75.0,76.67,"6'5""",1.67,plays_taller,76.67,"6'5""",1.67,plays_taller
2019,Mark Hughes,Wright St.,40156,6-4,"6'4""",76.0,77.74,"6'6""",1.74,plays_taller,77.74,"6'6""",1.74,plays_taller
2019,Mike Kolawole,Lamar,40166,6-5,"6'5""",77.0,77.88,"6'6""",0.88,plays_taller,77.88,"6'6""",0.88,plays_taller
2019,Conner Avants,North Dakota,40176,6-7,"6'7""",79.0,78.16,"6'6""",-0.84,plays_shorter,78.16,"6'6""",-0.84,plays_shorter
2019,Marcus DeBerry,Purdue Fort Wayne,40178,6-5,"6'5""",77.0,76.35,"6'4""",-0.65,plays_at_height,76.35,"6'4""",-0.65,plays_at_height
2019,Cortez Seales,North Dakota,40181,6-4,"6'4""",76.0,76.19,"6'4""",0.19,plays_at_height,76.19,"6'4""",0.19,plays_at_height
2019,Tanner Schmit,Central Arkansas,40183,6-8,"6'8""",80.0,75.36,"6'3""",-4.64,plays_shorter,75.36,"6'3""",-4.64,plays_shorter
2019,Xavier Hill-Mais,Oakland,40190,6-7,"6'7""",79.0,79.57,"6'8""",0.57,plays_at_height,79.57,"6'8""",0.57,plays_at_height
2019,Matt Neufeld,UC Davis,40193,6-11,"6'11""",83.0,79.19,"6'7""",-3.81,plays_shorter,79.19,"6'7""",-3.81,plays_shorter
2019,Samir Doughty,Auburn,40195,6-4,"6'4""",76.0,77.33,"6'5""",1.33,plays_taller,77.33,"6'5""",1.33,plays_taller
2019,Jimond Ivey,Akron,40201,6-5,"6'5""",77.0,78.92,"6'7""",1.92,plays_taller,78.92,"6'7""",1.92,plays_taller
2019,Aaron Jordan,Illinois,40203,6-5,"6'5""",77.0,76.57,"6'5""",-0.43,plays_at_height,76.57,"6'5""",-0.43,plays_at_height
2019,Jalen Coleman-Lands,DePaul,40204,6-4,"6'4""",76.0,74.63,"6'3""",-1.37,plays_shorter,74.63,"6'3""",-1.37,plays_shorter
2019,Drew McDonald,Northern Kentucky,40228,6-7,"6'7""",79.0,78.59,"6'7""",-0.41,plays_at_height,78.59,"6'7""",-0.41,plays_at_height
2019,Jonathan Kasibabu,Fairfield,40243,6-8,"6'8""",80.0,82.18,"6'10""",2.18,plays_taller,82.18,"6'10""",2.18,plays_taller
2019,Brandon Austin,Samford,40253,6-5,"6'5""",77.0,76.92,"6'5""",-0.08,plays_at_height,76.92,"6'5""",-0.08,plays_at_height
2019,Derrien King,Detroit Mercy,40255,6-7,"6'7""",79.0,74.88,"6'3""",-4.12,plays_shorter,74.88,"6'3""",-4.12,plays_shorter
2019,Robert Franks,Washington St.,40256,6-9,"6'9""",81.0,78.59,"6'7""",-2.41,plays_shorter,78.59,"6'7""",-2.41,plays_shorter
2019,Viont'e Daniels,Washington St.,40257,6-2,"6'2""",74.0,75.33,"6'3""",1.33,plays_taller,75.33,"6'3""",1.33,plays_taller
2019,Nick Blair,UNLV,40317,6-5,"6'5""",77.0,77.79,"6'6""",0.79,plays_taller,77.79,"6'6""",0.79,plays_taller
2019,Grant Riller,Charleston,40407,6-3,"6'3""",75.0,77.43,"6'5""",2.43,plays_taller,77.43,"6'5""",2.43,plays_taller
2019,Ahmad Gilbert,Rider,40411,6-7,"6'7""",79.0,75.8,"6'4""",-3.2,plays_shorter,75.8,"6'4""",-3.2,plays_shorter
2019,Thomas Capuano,Manhattan,40413,6-0,"6'0""",72.0,74.47,"6'2""",2.47,plays_taller,74.47,"6'2""",2.47,plays_taller
2019,Zane Najdawi,The Citadel,40422,6-7,"6'7""",79.0,80.04,"6'8""",1.04,plays_taller,80.04,"6'8""",1.04,plays_taller
2019,Ryan Funk,Marist,40426,6-6,"6'6""",78.0,76.23,"6'4""",-1.77,plays_shorter,76.23,"6'4""",-1.77,plays_shorter
2019,Justin James,Wyoming,40442,6-7,"6'7""",79.0,79.62,"6'8""",0.62,plays_at_height,79.62,"6'8""",0.62,plays_at_height
2019,Jehyve Floyd,Holy Cross,40447,6-8,"6'8""",80.0,83.39,"6'11""",3.39,plays_taller,83.39,"6'11""",3.39,plays_taller
2019,Francisco Amiel,Colgate,40452,6-2,"6'2""",74.0,74.62,"6'3""",0.62,plays_at_height,74.62,"6'3""",0.62,plays_at_height
2019,Matija Milin,Fairfield,40454,6-9,"6'9""",81.0,78.8,"6'7""",-2.2,plays_shorter,78.8,"6'7""",-2.2,plays_shorter
2019,Isaiah Still,Iona,40456,6-6,"6'6""",78.0,75.93,"6'4""",-2.07,plays_shorter,75.93,"6'4""",-2.07,plays_shorter
2019,Matt Zignorski,Holy Cross,40457,6-2,"6'2""",74.0,75.44,"6'3""",1.44,plays_taller,75.44,"6'3""",1.44,plays_taller
2019,Jarrell Brantley,Charleston,40460,6-7,"6'7""",79.0,80.82,"6'9""",1.82,plays_taller,80.82,"6'9""",1.82,plays_taller
2019,Ryan Fazekas,Valparaiso,40467,6-7,"6'7""",79.0,76.8,"6'5""",-2.2,plays_shorter,76.8,"6'5""",-2.2,plays_shorter
2019,Michael Benkert,Belmont,40472,6-4,"6'4""",76.0,74.85,"6'3""",-1.15,plays_shorter,74.85,"6'3""",-1.15,plays_shorter
2019,Seth Adelsperger,Belmont,40473,6-11,"6'11""",83.0,79.87,"6'8""",-3.13,plays_shorter,79.87,"6'8""",-3.13,plays_shorter
2019,Khalil Ahmad,Cal St. Fullerton,40474,6-3,"6'3""",75.0,77.46,"6'5""",2.46,plays_taller,77.46,"6'5""",2.46,plays_taller
2019,Dylan Windler,Belmont,40475,6-8,"6'8""",80.0,81.14,"6'9""",1.14,plays_taller,81.14,"6'9""",1.14,plays_taller
2019,Jamal Smith,Cal St. Fullerton,40476,6-3,"6'3""",75.0,76.72,"6'5""",1.72,plays_taller,76.72,"6'5""",1.72,plays_taller
2019,Kevin McClain,Belmont,40477,6-3,"6'3""",75.0,76.66,"6'5""",1.66,plays_taller,76.66,"6'5""",1.66,plays_taller
2019,Kyle Allman Jr.,Cal St. Fullerton,40481,6-4,"6'4""",76.0,76.07,"6'4""",0.07,plays_at_height,76.07,"6'4""",0.07,plays_at_height
2019,Keyshawn Evans,Illinois St.,40486,6-0,"6'0""",72.0,73.5,"6'1""",1.5,plays_taller,73.5,"6'1""",1.5,plays_taller
2019,Ronnie Suggs,Missouri,40490,6-6,"6'6""",78.0,75.55,"6'4""",-2.45,plays_shorter,75.55,"6'4""",-2.45,plays_shorter
2019,Dwayne Lautier-Ogunleye,Bradley,40491,6-4,"6'4""",76.0,78.1,"6'6""",2.1,plays_taller,78.1,"6'6""",2.1,plays_taller
2019,Nick McGlynn,Drake,40495,6-8,"6'8""",80.0,82.32,"6'10""",2.32,plays_taller,82.32,"6'10""",2.32,plays_taller
2019,Bill Wampler,Wright St.,40497,6-6,"6'6""",78.0,75.63,"6'4""",-2.37,plays_shorter,75.63,"6'4""",-2.37,plays_shorter
2019,Juwan Morgan,Indiana,40498,6-8,"6'8""",80.0,82.16,"6'10""",2.16,plays_taller,82.16,"6'10""",2.16,plays_taller
2019,Armon Fletcher,Southern Illinois,40509,6-5,"6'5""",77.0,78.46,"6'6""",1.46,plays_taller,78.46,"6'6""",1.46,plays_taller
2019,Jordan Caroline,Nevada,40510,6-7,"6'7""",79.0,80.14,"6'8""",1.14,plays_taller,80.14,"6'8""",1.14,plays_taller
2019,Deion Lavender,Valparaiso,40515,6-3,"6'3""",75.0,77.99,"6'6""",2.99,plays_taller,77.99,"6'6""",2.99,plays_taller
2019,Eddie Davis III,Hartford,40568,6-7,"6'7""",79.0,76.24,"6'4""",-2.76,plays_shorter,76.24,"6'4""",-2.76,plays_shorter
2019,Joseph Chartouny,Marquette,40576,6-3,"6'3""",75.0,76.81,"6'5""",1.81,plays_taller,76.81,"6'5""",1.81,plays_taller
2019,Jesse Bunting,Fordham,40577,6-8,"6'8""",80.0,79.35,"6'7""",-0.65,plays_at_height,79.35,"6'7""",-0.65,plays_at_height
2019,David Pekarek,Fordham,40578,6-7,"6'7""",79.0,77.3,"6'5""",-1.7,plays_shorter,77.3,"6'5""",-1.7,plays_shorter
2019,DeAndre Abram,Milwaukee,40579,6-8,"6'8""",80.0,77.88,"6'6""",-2.12,plays_shorter,77.88,"6'6""",-2.12,plays_shorter
2019,Danny Dixon,UMKC,40580,6-10,"6'10""",82.0,76.24,"6'4""",-5.76,plays_shorter,76.24,"6'4""",-5.76,plays_shorter
2019,Jordan Roland,Northeastern,40583,6-1,"6'1""",73.0,76.25,"6'4""",3.25,plays_taller,76.25,"6'4""",3.25,plays_taller
2019,Christian Williams,Indiana St.,40599,6-5,"6'5""",77.0,77.63,"6'6""",0.63,plays_at_height,77.63,"6'6""",0.63,plays_at_height
2019,KeVaughn Allen,Florida,40628,6-2,"6'2""",74.0,76.21,"6'4""",2.21,plays_taller,76.21,"6'4""",2.21,plays_taller
2019,Horace Spencer,Auburn,40632,6-8,"6'8""",80.0,81.62,"6'10""",1.62,plays_taller,81.62,"6'10""",1.62,plays_taller
2019,Donta Hall,Alabama,40633,6-9,"6'9""",81.0,84.77,"7'1""",3.77,plays_taller,84.77,"7'1""",3.77,plays_taller
2019,Dazon Ingram,Alabama,40634,6-5,"6'5""",77.0,77.87,"6'6""",0.87,plays_taller,77.87,"6'6""",0.87,plays_taller
2019,Bryce Brown,Auburn,40637,6-3,"6'3""",75.0,75.85,"6'4""",0.85,plays_taller,75.85,"6'4""",0.85,plays_taller
2019,Brady Ernst,Florida Gulf Coast,40697,6-10,"6'10""",82.0,80.31,"6'8""",-1.69,plays_shorter,80.31,"6'8""",-1.69,plays_shorter
2019,Chad Lott,Howard,40718,6-4,"6'4""",76.0,77.69,"6'6""",1.69,plays_taller,77.69,"6'6""",1.69,plays_taller
2019,Lamonte Turner,Tennessee,40731,6-2,"6'2""",74.0,76.13,"6'4""",2.13,plays_taller,76.13,"6'4""",2.13,plays_taller
2019,Charles Jackson,Arkansas Pine Bluff,40751,6-5,"6'5""",77.0,75.37,"6'3""",-1.63,plays_shorter,75.37,"6'3""",-1.63,plays_shorter
2019,DeRias Johnson,Southern,40778,6-3,"6'3""",75.0,75.7,"6'4""",0.7,plays_at_height,75.7,"6'4""",0.7,plays_at_height
2019,Nigel Ribeiro,Grambling St.,40782,6-0,"6'0""",72.0,75.15,"6'3""",3.15,plays_taller,75.15,"6'3""",3.15,plays_taller
2019,Hayden Farquhar,Abilene Christian,40791,6-7,"6'7""",79.0,77.86,"6'6""",-1.14,plays_shorter,77.86,"6'6""",-1.14,plays_shorter
2019,AJ Sumbry,Wagner,40806,6-8,"6'8""",80.0,81.37,"6'9""",1.37,plays_taller,81.37,"6'9""",1.37,plays_taller
2019,Armani Chaney,Tennessee St.,40811,5-10,"5'10""",70.0,74.73,"6'3""",4.73,plays_taller,74.73,"6'3""",4.73,plays_taller
2019,Paul Thomas,UTEP,40814,6-8,"6'8""",80.0,76.78,"6'5""",-3.22,plays_shorter,76.78,"6'5""",-3.22,plays_shorter
2019,McKay Cannon,BYU,40836,6-0,"6'0""",72.0,74.82,"6'3""",2.82,plays_taller,74.82,"6'3""",2.82,plays_taller
2019,Dupree McBrayer,Minnesota,40838,6-5,"6'5""",77.0,75.93,"6'4""",-1.07,plays_shorter,75.93,"6'4""",-1.07,plays_shorter
2019,Antoine Pittman,Bradley,40841,6-3,"6'3""",75.0,75.32,"6'3""",0.32,plays_at_height,75.32,"6'3""",0.32,plays_at_height
2019,Kerry Blackshear Jr.,Virginia Tech,40843,6-10,"6'10""",82.0,81.52,"6'10""",-0.48,plays_at_height,81.52,"6'10""",-0.48,plays_at_height
2019,Justin Robinson,Virginia Tech,40846,6-2,"6'2""",74.0,77.19,"6'5""",3.19,plays_taller,77.19,"6'5""",3.19,plays_taller
2019,Luuk van Bree,Bradley,40852,6-9,"6'9""",81.0,78.42,"6'6""",-2.58,plays_shorter,78.42,"6'6""",-2.58,plays_shorter
2019,Josh Davis,Western Michigan,40853,6-5,"6'5""",77.0,78.28,"6'6""",1.28,plays_taller,78.28,"6'6""",1.28,plays_taller
2019,Emmanuel Nzekwesi,Oral Roberts,40856,6-8,"6'8""",80.0,80.28,"6'8""",0.28,plays_at_height,80.28,"6'8""",0.28,plays_at_height
2019,Trhae Mitchell,South Alabama,40857,6-6,"6'6""",78.0,81.04,"6'9""",3.04,plays_taller,81.04,"6'9""",3.04,plays_taller
2019,Travis Munnings,Louisiana Monroe,40862,6-6,"6'6""",78.0,78.17,"6'6""",0.17,plays_at_height,78.17,"6'6""",0.17,plays_at_height
2019,Jerekius Davis,Louisiana,40864,6-6,"6'6""",78.0,77.38,"6'5""",-0.62,plays_at_height,77.38,"6'5""",-0.62,plays_at_height
2019,Quinn Taylor,Utah St.,40867,6-8,"6'8""",80.0,79.86,"6'8""",-0.14,plays_at_height,79.86,"6'8""",-0.14,plays_at_height
2019,Eric McGill,Southern Illinois,40869,6-2,"6'2""",74.0,77.91,"6'6""",3.91,plays_taller,77.91,"6'6""",3.91,plays_taller
2019,Lagerald Vick,Kansas,40883,6-5,"6'5""",77.0,76.77,"6'5""",-0.23,plays_at_height,76.77,"6'5""",-0.23,plays_at_height
2019,Rashard Odomes,Oklahoma,40886,6-6,"6'6""",78.0,77.73,"6'6""",-0.27,plays_at_height,77.73,"6'6""",-0.27,plays_at_height
2019,Tayler Persons,Ball St.,40901,6-3,"6'3""",75.0,75.71,"6'4""",0.71,plays_at_height,75.71,"6'4""",0.71,plays_at_height
2019,James Harvey,McNeese St.,40906,6-2,"6'2""",74.0,74.27,"6'2""",0.27,plays_at_height,74.27,"6'2""",0.27,plays_at_height
2019,Nick Garth,Lamar,40909,6-0,"6'0""",72.0,74.52,"6'3""",2.52,plays_taller,74.52,"6'3""",2.52,plays_taller
2019,Josh Nzeakor,Lamar,40915,6-8,"6'8""",80.0,80.31,"6'8""",0.31,plays_at_height,80.31,"6'8""",0.31,plays_at_height
2019,Geno Crandall,Gonzaga,40932,6-3,"6'3""",75.0,76.59,"6'5""",1.59,plays_taller,76.59,"6'5""",1.59,plays_taller
2019,Rashaan Holloway,Massachusetts,40951,6-11,"6'11""",83.0,82.89,"6'11""",-0.11,plays_at_height,82.89,"6'11""",-0.11,plays_at_height
2019,Collin Goss,Delaware,40953,6-11,"6'11""",83.0,79.23,"6'7""",-3.77,plays_shorter,79.23,"6'7""",-3.77,plays_shorter
2019,Kassoum Yakwe,Connecticut,40954,6-7,"6'7""",79.0,79.96,"6'8""",0.96,plays_taller,79.96,"6'8""",0.96,plays_taller
2019,Steve Harris,Austin Peay,40962,6-4,"6'4""",76.0,76.7,"6'5""",0.7,plays_at_height,76.7,"6'5""",0.7,plays_at_height
2019,Derek Ogbeide,Georgia,41000,6-9,"6'9""",81.0,81.26,"6'9""",0.26,plays_at_height,81.26,"6'9""",0.26,plays_at_height
2019,Tripp Davis,Tennessee St.,41003,6-3,"6'3""",75.0,75.7,"6'4""",0.7,plays_at_height,75.7,"6'4""",0.7,plays_at_height
2019,Kevarrius Hayes,Florida,41005,6-9,"6'9""",81.0,84.08,"7'0""",3.08,plays_taller,84.08,"7'0""",3.08,plays_taller
2019,Keith Stone,Florida,41007,6-8,"6'8""",80.0,78.93,"6'7""",-1.07,plays_shorter,78.93,"6'7""",-1.07,plays_shorter
2019,E'Torrion Wilridge,Georgia,41009,6-6,"6'6""",78.0,77.76,"6'6""",-0.24,plays_at_height,77.76,"6'6""",-0.24,plays_at_height
2019,William Jackson II,Georgia,41010,6-4,"6'4""",76.0,74.62,"6'3""",-1.38,plays_shorter,74.62,"6'3""",-1.38,plays_shorter
2019,Glynn Watson Jr.,Nebraska,41082,6-0,"6'0""",72.0,75.1,"6'3""",3.1,plays_taller,75.1,"6'3""",3.1,plays_taller
2019,Tahjai Teague,Ball St.,41088,6-8,"6'8""",80.0,81.61,"6'10""",1.61,plays_taller,81.61,"6'10""",1.61,plays_taller
2019,DaQuan Jeffries,Tulsa,41089,6-5,"6'5""",77.0,80.56,"6'9""",3.56,plays_taller,80.56,"6'9""",3.56,plays_taller
2019,Matt McQuaid,Michigan St.,41133,6-5,"6'5""",77.0,76.52,"6'5""",-0.48,plays_at_height,76.52,"6'5""",-0.48,plays_at_height
2019,Lucas Jones,Eastern Illinois,41140,6-8,"6'8""",80.0,76.84,"6'5""",-3.16,plays_shorter,76.84,"6'5""",-3.16,plays_shorter
2019,Aboubacar Diallo,Eastern Illinois,41141,6-9,"6'9""",81.0,81.74,"6'10""",0.74,plays_at_height,81.74,"6'10""",0.74,plays_at_height
2019,Micaiah Henry,Tennessee Tech,41174,6-9,"6'9""",81.0,81.13,"6'9""",0.13,plays_at_height,81.13,"6'9""",0.13,plays_at_height
2019,Courtney Alexander II,Tennessee Tech,41176,6-8,"6'8""",80.0,81.08,"6'9""",1.08,plays_taller,81.08,"6'9""",1.08,plays_taller
2019,Jordan Naughton,Wyoming,41196,6-10,"6'10""",82.0,78.0,"6'6""",-4.0,plays_shorter,78.0,"6'6""",-4.0,plays_shorter
2019,Brion Sanchious,Murray St.,41227,6-8,"6'8""",80.0,78.67,"6'7""",-1.33,plays_shorter,78.67,"6'7""",-1.33,plays_shorter
2019,Thomas Smallwood,Chattanooga,41228,7-0,"7'0""",84.0,78.29,"6'6""",-5.71,plays_shorter,78.29,"6'6""",-5.71,plays_shorter
2019,Jordan Hunter,Saint Mary's,41240,6-10,"6'10""",82.0,82.59,"6'11""",0.59,plays_at_height,82.59,"6'11""",0.59,plays_at_height
2019,Avery Johnson Jr.,Alabama,41243,5-11,"5'11""",71.0,74.13,"6'2""",3.13,plays_taller,74.13,"6'2""",3.13,plays_taller
2019,Tariq Owens,Texas Tech,41245,6-10,"6'10""",82.0,85.16,"7'1""",3.16,plays_taller,85.16,"7'1""",3.16,plays_taller
2019,Luke Maye,North Carolina,41251,6-8,"6'8""",80.0,80.61,"6'9""",0.61,plays_at_height,80.61,"6'9""",0.61,plays_at_height
2019,Henrik Jadersten,Santa Clara,41255,6-11,"6'11""",83.0,78.07,"6'6""",-4.93,plays_shorter,78.07,"6'6""",-4.93,plays_shorter
2019,Nate Renfro,San Francisco,41258,6-8,"6'8""",80.0,80.55,"6'9""",0.55,plays_at_height,80.55,"6'9""",0.55,plays_at_height
2019,Venjie Wallis,Jackson St.,41264,6-6,"6'6""",78.0,77.79,"6'6""",-0.21,plays_at_height,77.79,"6'6""",-0.21,plays_at_height
2019,Jarren Greenwood,McNeese St.,41273,6-2,"6'2""",74.0,75.25,"6'3""",1.25,plays_taller,75.25,"6'3""",1.25,plays_taller
2019,Desure Buie,Hofstra,41310,6-0,"6'0""",72.0,75.22,"6'3""",3.22,plays_taller,75.22,"6'3""",3.22,plays_taller
2019,Francois Lewis,Presbyterian,41325,6-9,"6'9""",81.0,77.35,"6'5""",-3.65,plays_shorter,77.35,"6'5""",-3.65,plays_shorter
2019,Donte Fitzpatrick-Dorsey,Tennessee St.,41352,6-4,"6'4""",76.0,78.2,"6'6""",2.2,plays_taller,78.2,"6'6""",2.2,plays_taller
2019,Quinndary Weatherspoon,Mississippi St.,41354,6-4,"6'4""",76.0,78.58,"6'7""",2.58,plays_taller,78.58,"6'7""",2.58,plays_taller
2019,Terence Davis,Mississippi,41358,6-4,"6'4""",76.0,78.79,"6'7""",2.79,plays_taller,78.79,"6'7""",2.79,plays_taller
2019,Aric Holman,Mississippi St.,41364,6-10,"6'10""",82.0,82.34,"6'10""",0.34,plays_at_height,82.34,"6'10""",0.34,plays_at_height
2019,Chad Brown,UCF,41368,6-9,"6'9""",81.0,82.55,"6'11""",1.55,plays_taller,82.55,"6'11""",1.55,plays_taller
2019,Sedrick Barefield,Utah,41371,6-2,"6'2""",74.0,74.2,"6'2""",0.2,plays_at_height,74.2,"6'2""",0.2,plays_at_height
2019,Jahmal McMurray,SMU,41373,6-0,"6'0""",72.0,74.82,"6'3""",2.82,plays_taller,74.82,"6'3""",2.82,plays_taller
2019,Sam Norton,Loyola MD,41407,6-4,"6'4""",76.0,75.49,"6'3""",-0.51,plays_at_height,75.49,"6'3""",-0.51,plays_at_height
2019,Josh Martin,Santa Clara,41420,6-7,"6'7""",79.0,79.05,"6'7""",0.05,plays_at_height,79.05,"6'7""",0.05,plays_at_height
2019,Brett Barney,Nebraska Omaha,41424,6-9,"6'9""",81.0,75.73,"6'4""",-5.27,plays_shorter,75.73,"6'4""",-5.27,plays_shorter
2019,KiShawn Pritchett,Davidson,41434,6-6,"6'6""",78.0,76.3,"6'4""",-1.7,plays_shorter,76.3,"6'4""",-1.7,plays_shorter
2019,Gavin Block,Ohio,41456,6-7,"6'7""",79.0,74.74,"6'3""",-4.26,plays_shorter,74.74,"6'3""",-4.26,plays_shorter
2019,Christian James,Oklahoma,41470,6-4,"6'4""",76.0,77.83,"6'6""",1.83,plays_taller,77.83,"6'6""",1.83,plays_taller
2019,Isaiah Moss,Iowa,41473,6-5,"6'5""",77.0,76.37,"6'4""",-0.63,plays_at_height,76.37,"6'4""",-0.63,plays_at_height
2019,Nakye Sanders,Towson,41474,6-8,"6'8""",80.0,80.12,"6'8""",0.12,plays_at_height,80.12,"6'8""",0.12,plays_at_height
2019,Carlton Bragg,New Mexico,41476,6-10,"6'10""",82.0,81.96,"6'10""",-0.04,plays_at_height,81.96,"6'10""",-0.04,plays_at_height
2019,Jessie Govan,Georgetown,41513,6-10,"6'10""",82.0,80.2,"6'8""",-1.8,plays_shorter,80.2,"6'8""",-1.8,plays_shorter
2019,Josh Williams,Robert Morris,41514,6-2,"6'2""",74.0,74.92,"6'3""",0.92,plays_taller,74.92,"6'3""",0.92,plays_taller
2019,Abdulai Bundu,Quinnipiac,41518,6-7,"6'7""",79.0,80.34,"6'8""",1.34,plays_taller,80.34,"6'8""",1.34,plays_taller
2019,Aaron Robinson,Quinnipiac,41522,6-6,"6'6""",78.0,74.33,"6'2""",-3.67,plays_shorter,74.33,"6'2""",-3.67,plays_shorter
2019,Devontae Cacok,UNC Wilmington,41523,6-7,"6'7""",79.0,82.97,"6'11""",3.97,plays_taller,82.97,"6'11""",3.97,plays_taller
2019,C.J. Bryce,N.C. State,41524,6-5,"6'5""",77.0,77.72,"6'6""",0.72,plays_at_height,77.72,"6'6""",0.72,plays_at_height
2019,Brad Brechting,Oakland,41532,6-11,"6'11""",83.0,81.16,"6'9""",-1.84,plays_shorter,81.16,"6'9""",-1.84,plays_shorter
2019,Khalil Iverson,Wisconsin,41534,6-5,"6'5""",77.0,79.66,"6'8""",2.66,plays_taller,79.66,"6'8""",2.66,plays_taller
2019,Ty Cockfield II,Arkansas St.,41541,6-0,"6'0""",72.0,76.01,"6'4""",4.01,plays_taller,76.01,"6'4""",4.01,plays_taller
2019,Kaleb Johnson,Georgetown,41544,6-7,"6'7""",79.0,77.79,"6'6""",-1.21,plays_shorter,77.79,"6'6""",-1.21,plays_shorter
2019,Marlon Hunter,Jacksonville St.,41551,6-3,"6'3""",75.0,76.23,"6'4""",1.23,plays_taller,76.23,"6'4""",1.23,plays_taller
2019,Fatodd Lewis,Tennessee Martin,41553,6-8,"6'8""",80.0,78.35,"6'6""",-1.65,plays_shorter,78.35,"6'6""",-1.65,plays_shorter
2019,Nick Allen,UTSA,41556,6-8,"6'8""",80.0,77.91,"6'6""",-2.09,plays_shorter,77.91,"6'6""",-2.09,plays_shorter
2019,Justin Jenkins,Gardner Webb,41558,6-2,"6'2""",74.0,75.19,"6'3""",1.19,plays_taller,75.19,"6'3""",1.19,plays_taller
2019,Eric Jamison,Gardner Webb,41570,6-5,"6'5""",77.0,77.84,"6'6""",0.84,plays_taller,77.84,"6'6""",0.84,plays_taller
2019,Nych Smith,Winthrop,41572,5-10,"5'10""",70.0,74.61,"6'3""",4.61,plays_taller,74.61,"6'3""",4.61,plays_taller
2019,Cody Kelley,South Dakota,41582,5-11,"5'11""",71.0,74.9,"6'3""",3.9,plays_taller,74.9,"6'3""",3.9,plays_taller
2019,J.D. Paige,Colorado St.,41589,6-3,"6'3""",75.0,76.09,"6'4""",1.09,plays_taller,76.09,"6'4""",1.09,plays_taller
2019,BJ Miller,Troy,41601,6-1,"6'1""",73.0,75.66,"6'4""",2.66,plays_taller,75.66,"6'4""",2.66,plays_taller
2019,Jordon Varnado,Troy,41602,6-6,"6'6""",78.0,79.36,"6'7""",1.36,plays_taller,79.36,"6'7""",1.36,plays_taller
2019,Alex Hicks,Troy,41604,6-8,"6'8""",80.0,81.08,"6'9""",1.08,plays_taller,81.08,"6'9""",1.08,plays_taller
2019,Barry Brown Jr.,Kansas St.,41628,6-3,"6'3""",75.0,77.83,"6'6""",2.83,plays_taller,77.83,"6'6""",2.83,plays_taller
2019,Cortez Edwards,Southern Miss,41633,6-2,"6'2""",74.0,78.74,"6'7""",4.74,plays_taller,78.74,"6'7""",4.74,plays_taller
2019,B.J. Maxwell,Abilene Christian,41634,6-5,"6'5""",77.0,77.05,"6'5""",0.05,plays_at_height,77.05,"6'5""",0.05,plays_at_height
2019,Marcus Evans,VCU,41636,6-2,"6'2""",74.0,77.32,"6'5""",3.32,plays_taller,77.32,"6'5""",3.32,plays_taller
2019,Fletcher Magee,Wofford,41637,6-4,"6'4""",76.0,74.73,"6'3""",-1.27,plays_shorter,74.73,"6'3""",-1.27,plays_shorter
2019,Matthew Pegram,Wofford,41639,6-11,"6'11""",83.0,80.16,"6'8""",-2.84,plays_shorter,80.16,"6'8""",-2.84,plays_shorter
2019,Jesse Hunt,Eastern Washington,41640,6-7,"6'7""",79.0,79.56,"6'8""",0.56,plays_at_height,79.56,"6'8""",0.56,plays_at_height
2019,Ty Gibson,Eastern Washington,41641,6-3,"6'3""",75.0,74.27,"6'2""",-0.73,plays_at_height,74.27,"6'2""",-0.73,plays_at_height
2019,George Kiernan,Navy,41655,6-7,"6'7""",79.0,77.11,"6'5""",-1.89,plays_shorter,77.11,"6'5""",-1.89,plays_shorter
2019,Ernest Aflakpui,Temple,41693,6-10,"6'10""",82.0,80.64,"6'9""",-1.36,plays_shorter,80.64,"6'9""",-1.36,plays_shorter
2019,Kajon Brown,Southeastern Louisiana,41694,6-5,"6'5""",77.0,76.96,"6'5""",-0.04,plays_at_height,76.96,"6'5""",-0.04,plays_at_height
2019,Sterling Taplin,Tulsa,41695,6-1,"6'1""",73.0,75.13,"6'3""",2.13,plays_taller,75.13,"6'3""",2.13,plays_taller
2019,Malik Ellison,Pittsburgh,41697,6-6,"6'6""",78.0,78.42,"6'6""",0.42,plays_at_height,78.42,"6'6""",0.42,plays_at_height
2019,Jon Elmore,Marshall,41709,6-3,"6'3""",75.0,75.89,"6'4""",0.89,plays_taller,75.89,"6'4""",0.89,plays_taller
2019,Kevin Puryear,Missouri,41727,6-7,"6'7""",79.0,78.37,"6'6""",-0.63,plays_at_height,78.37,"6'6""",-0.63,plays_at_height
2019,K.J. Walton,Ball St.,41728,6-3,"6'3""",75.0,78.57,"6'7""",3.57,plays_taller,78.57,"6'7""",3.57,plays_taller
2019,Eric Cobb,Connecticut,41731,6-9,"6'9""",81.0,79.5,"6'7""",-1.5,plays_shorter,79.5,"6'7""",-1.5,plays_shorter
2019,Christ Koumadje,Florida St.,41743,7-4,"7'4""",88.0,87.18,"7'3""",-0.82,plays_shorter,87.18,"7'3""",-0.82,plays_shorter
2019,Terance Mann,Florida St.,41748,6-7,"6'7""",79.0,80.51,"6'9""",1.51,plays_taller,80.51,"6'9""",1.51,plays_taller
2019,Rayjon Tucker,Little Rock,41759,6-5,"6'5""",77.0,78.86,"6'7""",1.86,plays_taller,78.86,"6'7""",1.86,plays_taller
2019,Deion Holmes,USC Upstate,41805,6-2,"6'2""",74.0,76.72,"6'5""",2.72,plays_taller,76.72,"6'5""",2.72,plays_taller
2019,Julius Johnson,Richmond,41811,6-3,"6'3""",75.0,74.47,"6'2""",-0.53,plays_at_height,74.47,"6'2""",-0.53,plays_at_height
2019,Christion Thompson,Rhode Island,41829,6-4,"6'4""",76.0,77.12,"6'5""",1.12,plays_taller,77.12,"6'5""",1.12,plays_taller
2019,Malik Hines,McNeese St.,41832,6-10,"6'10""",82.0,78.54,"6'7""",-3.46,plays_shorter,78.54,"6'7""",-3.46,plays_shorter
2019,Nate Navigato,Toledo,41834,6-8,"6'8""",80.0,75.42,"6'3""",-4.58,plays_shorter,75.42,"6'3""",-4.58,plays_shorter
2019,Kyle Clarke,Kennesaw St.,41848,6-5,"6'5""",77.0,76.36,"6'4""",-0.64,plays_at_height,76.36,"6'4""",-0.64,plays_at_height
2019,Luwane Pipkins,Massachusetts,41854,5-11,"5'11""",71.0,75.71,"6'4""",4.71,plays_taller,75.71,"6'4""",4.71,plays_taller
2019,Jeffery McClendon,Loyola Marymount,41864,6-2,"6'2""",74.0,75.44,"6'3""",1.44,plays_taller,75.44,"6'3""",1.44,plays_taller
2019,David Knudsen,Marist,41893,6-5,"6'5""",77.0,75.58,"6'4""",-1.42,plays_shorter,75.58,"6'4""",-1.42,plays_shorter
2019,Menno Dijkstra,UC Riverside,41894,7-0,"7'0""",84.0,78.11,"6'6""",-5.89,plays_shorter,78.11,"6'6""",-5.89,plays_shorter
2019,Eli Cain,DePaul,41907,6-6,"6'6""",78.0,75.09,"6'3""",-2.91,plays_shorter,75.09,"6'3""",-2.91,plays_shorter
2019,Hayden Schenck,Utah Valley,41928,6-4,"6'4""",76.0,78.79,"6'7""",2.79,plays_taller,78.79,"6'7""",2.79,plays_taller
2019,Aleer Leek,UMKC,41929,6-9,"6'9""",81.0,76.45,"6'4""",-4.55,plays_shorter,76.45,"6'4""",-4.55,plays_shorter
2019,Austin Nehls,Ball St.,41930,6-3,"6'3""",75.0,74.28,"6'2""",-0.72,plays_at_height,74.28,"6'2""",-0.72,plays_at_height
2019,Jaire Grayer,George Mason,41936,6-5,"6'5""",77.0,76.79,"6'5""",-0.21,plays_at_height,76.79,"6'5""",-0.21,plays_at_height
2019,Martez Cameron,Morgan St.,41940,5-11,"5'11""",71.0,73.98,"6'2""",2.98,plays_taller,73.98,"6'2""",2.98,plays_taller
2019,Taylor McHugh,Bryant,41942,6-2,"6'2""",74.0,74.75,"6'3""",0.75,plays_taller,74.75,"6'3""",0.75,plays_taller
2019,Steven Enoch,Louisville,41943,6-10,"6'10""",82.0,80.81,"6'9""",-1.19,plays_shorter,80.81,"6'9""",-1.19,plays_shorter
2019,Laquincy Rideau,South Florida,41974,6-1,"6'1""",73.0,76.36,"6'4""",3.36,plays_taller,76.36,"6'4""",3.36,plays_taller
2019,Josh Ajayi,South Alabama,41975,6-7,"6'7""",79.0,80.54,"6'9""",1.54,plays_taller,80.54,"6'9""",1.54,plays_taller
2019,Antonio Gillespie,Morgan St.,41977,6-0,"6'0""",72.0,74.26,"6'2""",2.26,plays_taller,74.26,"6'2""",2.26,plays_taller
2019,New Williams,Fresno St.,41998,6-1,"6'1""",73.0,76.59,"6'5""",3.59,plays_taller,76.59,"6'5""",3.59,plays_taller
2019,Michael Oguine,Montana,42020,6-2,"6'2""",74.0,79.2,"6'7""",5.2,plays_taller,79.2,"6'7""",5.2,plays_taller
2019,Karl Gamble,Middle Tennessee,42024,6-9,"6'9""",81.0,79.18,"6'7""",-1.82,plays_shorter,79.18,"6'7""",-1.82,plays_shorter
2019,Quavius Copeland,North Carolina A&T,42025,6-1,"6'1""",73.0,74.44,"6'2""",1.44,plays_taller,74.44,"6'2""",1.44,plays_taller
2019,Gary Chivichyan,Idaho St.,42030,6-5,"6'5""",77.0,73.81,"6'2""",-3.19,plays_shorter,73.81,"6'2""",-3.19,plays_shorter
2019,Brandon Boyd,Idaho St.,42031,6-1,"6'1""",73.0,74.4,"6'2""",1.4,plays_taller,74.4,"6'2""",1.4,plays_taller
2019,Isaiah Lamb,Marist,42034,6-4,"6'4""",76.0,77.94,"6'6""",1.94,plays_taller,77.94,"6'6""",1.94,plays_taller
2019,Samson Usilo,Manhattan,42040,6-4,"6'4""",76.0,78.82,"6'7""",2.82,plays_taller,78.82,"6'7""",2.82,plays_taller
2019,Tyler Seibring,Elon,42048,6-9,"6'9""",81.0,76.73,"6'5""",-4.27,plays_shorter,76.73,"6'5""",-4.27,plays_shorter
2019,Steven Santa Ana,Elon,42049,6-4,"6'4""",76.0,77.6,"6'6""",1.6,plays_taller,77.6,"6'6""",1.6,plays_taller
2019,Sheldon Eberhardt,Elon,42050,6-5,"6'5""",77.0,75.52,"6'4""",-1.48,plays_shorter,75.52,"6'4""",-1.48,plays_shorter
2019,Karolis Kundrotas,Elon,42052,6-11,"6'11""",83.0,76.72,"6'5""",-6.28,plays_shorter,76.72,"6'5""",-6.28,plays_shorter
2019,Terrell Allen,UCF,42053,6-3,"6'3""",75.0,75.25,"6'3""",0.25,plays_at_height,75.25,"6'3""",0.25,plays_at_height
2019,Peter Barba,Columbia,42064,6-5,"6'5""",77.0,74.32,"6'2""",-2.68,plays_shorter,74.32,"6'2""",-2.68,plays_shorter
2019,Shaqquan Aaron,USC,42065,6-7,"6'7""",79.0,77.29,"6'5""",-1.71,plays_shorter,77.29,"6'5""",-1.71,plays_shorter
2019,Quinton Adlesh,Columbia,42066,6-0,"6'0""",72.0,74.46,"6'2""",2.46,plays_taller,74.46,"6'2""",2.46,plays_taller
2019,Rodney Hunter,Columbia,42068,6-5,"6'5""",77.0,77.69,"6'6""",0.69,plays_at_height,77.69,"6'6""",0.69,plays_at_height
2019,Matt Morgan,Cornell,42077,6-2,"6'2""",74.0,77.45,"6'5""",3.45,plays_taller,77.45,"6'5""",3.45,plays_taller
2019,Zach Glotta,Austin Peay,42080,6-0,"6'0""",72.0,74.1,"6'2""",2.1,plays_taller,74.1,"6'2""",2.1,plays_taller
2019,Kerwin Roach II,Texas,42122,6-4,"6'4""",76.0,78.01,"6'6""",2.01,plays_taller,78.01,"6'6""",2.01,plays_taller
2019,Hank Hollingsworth,Cal Poly,42124,6-10,"6'10""",82.0,79.52,"6'8""",-2.48,plays_shorter,79.52,"6'8""",-2.48,plays_shorter
2019,Djery Baptiste,Massachusetts,42128,6-10,"6'10""",82.0,80.21,"6'8""",-1.79,plays_shorter,80.21,"6'8""",-1.79,plays_shorter
2019,Camron Justice,IU Indy,42129,6-3,"6'3""",75.0,74.92,"6'3""",-0.08,plays_at_height,74.92,"6'3""",-0.08,plays_at_height
2019,Admiral Schofield,Tennessee,42130,6-6,"6'6""",78.0,78.47,"6'6""",0.47,plays_at_height,78.47,"6'6""",0.47,plays_at_height
2019,Kyle Alexander,Tennessee,42135,6-11,"6'11""",83.0,83.32,"6'11""",0.32,plays_at_height,83.32,"6'11""",0.32,plays_at_height
2019,Jamall Gregory,Jacksonville St.,42136,6-3,"6'3""",75.0,79.43,"6'7""",4.43,plays_taller,79.43,"6'7""",4.43,plays_taller
2019,James Bolden,West Virginia,42142,6-0,"6'0""",72.0,75.68,"6'4""",3.68,plays_taller,75.68,"6'4""",3.68,plays_taller
2019,Lamont West,West Virginia,42146,6-8,"6'8""",80.0,77.29,"6'5""",-2.71,plays_shorter,77.29,"6'5""",-2.71,plays_shorter
2019,Nate Fowler,Butler,42153,6-10,"6'10""",82.0,78.45,"6'6""",-3.55,plays_shorter,78.45,"6'6""",-3.55,plays_shorter
2019,Deondre Burns,Little Rock,42179,6-2,"6'2""",74.0,75.83,"6'4""",1.83,plays_taller,75.83,"6'4""",1.83,plays_taller
2019,Nick Mayo,Eastern Kentucky,42182,6-9,"6'9""",81.0,80.76,"6'9""",-0.24,plays_at_height,80.76,"6'9""",-0.24,plays_at_height
2019,Cameron Delaney,Sam Houston St.,42184,6-4,"6'4""",76.0,76.6,"6'5""",0.6,plays_at_height,76.6,"6'5""",0.6,plays_at_height
2019,Josh Thompson,Ball St.,42231,6-0,"6'0""",72.0,74.79,"6'3""",2.79,plays_taller,74.79,"6'3""",2.79,plays_taller
2019,C.J. Burks,Marshall,42247,6-4,"6'4""",76.0,76.6,"6'5""",0.6,plays_at_height,76.6,"6'5""",0.6,plays_at_height
2019,Dontae Caldwell,Maryland Eastern Shore,42258,6-5,"6'5""",77.0,77.22,"6'5""",0.22,plays_at_height,77.22,"6'5""",0.22,plays_at_height
2019,Alex Long,Norfolk St.,42280,6-8,"6'8""",80.0,79.18,"6'7""",-0.82,plays_shorter,79.18,"6'7""",-0.82,plays_shorter
2019,Jonathan Laurent,Massachusetts,42289,6-6,"6'6""",78.0,78.66,"6'7""",0.66,plays_at_height,78.66,"6'7""",0.66,plays_at_height
2019,John Emezie,Army,42291,6-6,"6'6""",78.0,77.29,"6'5""",-0.71,plays_at_height,77.29,"6'5""",-0.71,plays_at_height
2019,JD Miller,TCU,42312,6-8,"6'8""",80.0,80.28,"6'8""",0.28,plays_at_height,80.28,"6'8""",0.28,plays_at_height
2019,Simeon Carter,Georgia Southern,42314,6-8,"6'8""",80.0,81.91,"6'10""",1.91,plays_taller,81.91,"6'10""",1.91,plays_taller
2019,Nolan Narain,San Diego St.,42359,6-10,"6'10""",82.0,78.13,"6'6""",-3.87,plays_shorter,78.13,"6'6""",-3.87,plays_shorter
2019,Caleb Homesley,Liberty,42362,6-6,"6'6""",78.0,78.74,"6'7""",0.74,plays_at_height,78.74,"6'7""",0.74,plays_at_height
2019,Lovell Cabbil,Liberty,42367,6-3,"6'3""",75.0,76.09,"6'4""",1.09,plays_taller,76.09,"6'4""",1.09,plays_taller
2019,Anthony Mathis,New Mexico,42369,6-3,"6'3""",75.0,74.51,"6'3""",-0.49,plays_at_height,74.51,"6'3""",-0.49,plays_at_height
2019,Dane Kuiper,New Mexico,42370,6-7,"6'7""",79.0,75.97,"6'4""",-3.03,plays_shorter,75.97,"6'4""",-3.03,plays_shorter
2019,Marc Gosselin,Western Carolina,42375,6-7,"6'7""",79.0,77.71,"6'6""",-1.29,plays_shorter,77.71,"6'6""",-1.29,plays_shorter
2019,Wyatt Walker,N.C. State,42376,6-9,"6'9""",81.0,80.89,"6'9""",-0.11,plays_at_height,80.89,"6'9""",-0.11,plays_at_height
2019,Malik Metoyer,Northwestern St.,42386,6-7,"6'7""",79.0,77.88,"6'6""",-1.12,plays_shorter,77.88,"6'6""",-1.12,plays_shorter
2019,Dominic Magee,Southern Miss,42390,6-4,"6'4""",76.0,77.98,"6'6""",1.98,plays_taller,77.98,"6'6""",1.98,plays_taller
2019,Jordan Whitehead,High Point,42397,6-5,"6'5""",77.0,77.34,"6'5""",0.34,plays_at_height,77.34,"6'5""",0.34,plays_at_height
2019,Bobby Moorehead,Montana,42405,6-7,"6'7""",79.0,77.58,"6'6""",-1.42,plays_shorter,77.58,"6'6""",-1.42,plays_shorter
2019,Christian Cunningham,Jacksonville St.,42411,6-7,"6'7""",79.0,82.57,"6'11""",3.57,plays_taller,82.57,"6'11""",3.57,plays_taller
2019,Malik Maitland,Bethune Cookman,42413,5-9,"5'9""",69.0,75.6,"6'4""",6.6,plays_taller,75.6,"6'4""",6.6,plays_taller
2019,Lamontray Harris,Morehead St.,42414,6-7,"6'7""",79.0,80.14,"6'8""",1.14,plays_taller,80.14,"6'8""",1.14,plays_taller
2019,Nico Carvacho,Colorado St.,42438,6-11,"6'11""",83.0,82.34,"6'10""",-0.66,plays_at_height,82.34,"6'10""",-0.66,plays_at_height
2019,Jordan Andrews,South Alabama,42443,6-5,"6'5""",77.0,73.7,"6'2""",-3.3,plays_shorter,73.7,"6'2""",-3.3,plays_shorter
2019,Jimmy Whitt Jr.,SMU,42446,6-3,"6'3""",75.0,77.99,"6'6""",2.99,plays_taller,77.99,"6'6""",2.99,plays_taller
2019,Chris Sullivan,Brown,42453,6-3,"6'3""",75.0,75.17,"6'3""",0.17,plays_at_height,75.17,"6'3""",0.17,plays_at_height
2019,Obi Okolie,Brown,42454,6-5,"6'5""",77.0,76.49,"6'4""",-0.51,plays_at_height,76.49,"6'4""",-0.51,plays_at_height
2019,Ishmael Lane,Northwestern St.,42467,6-8,"6'8""",80.0,83.75,"7'0""",3.75,plays_taller,83.75,"7'0""",3.75,plays_taller
2019,Deng Riak,Akron,42499,6-10,"6'10""",82.0,79.79,"6'8""",-2.21,plays_shorter,79.79,"6'8""",-2.21,plays_shorter
2019,Joe Toye,Vanderbilt,42502,6-7,"6'7""",79.0,76.51,"6'5""",-2.49,plays_shorter,76.51,"6'5""",-2.49,plays_shorter
2019,Samir Sehic,Tulane,42503,6-9,"6'9""",81.0,79.12,"6'7""",-1.88,plays_shorter,79.12,"6'7""",-1.88,plays_shorter
2019,Jeremiah Martin,Memphis,42507,6-3,"6'3""",75.0,78.15,"6'6""",3.15,plays_taller,78.15,"6'6""",3.15,plays_taller
2019,K.J. Lawson,Kansas,42509,6-8,"6'8""",80.0,76.9,"6'5""",-3.1,plays_shorter,76.9,"6'5""",-3.1,plays_shorter
2019,Dedric Lawson,Kansas,42510,6-9,"6'9""",81.0,81.1,"6'9""",0.1,plays_at_height,81.1,"6'9""",0.1,plays_at_height
2019,Ed Polite Jr.,Radford,42575,6-5,"6'5""",77.0,82.71,"6'11""",5.71,plays_taller,82.71,"6'11""",5.71,plays_taller
2019,Esa Ahmad,West Virginia,42596,6-8,"6'8""",80.0,79.4,"6'7""",-0.6,plays_at_height,79.4,"6'7""",-0.6,plays_at_height
2019,Malek Harwell,Boise St.,42613,6-5,"6'5""",77.0,74.86,"6'3""",-2.14,plays_shorter,74.86,"6'3""",-2.14,plays_shorter
2019,Jaevin Cumberland,Oakland,42631,6-3,"6'3""",75.0,74.63,"6'3""",-0.37,plays_at_height,74.63,"6'3""",-0.37,plays_at_height
2019,DJ Williams,George Washington,42660,6-7,"6'7""",79.0,76.64,"6'5""",-2.36,plays_shorter,76.64,"6'5""",-2.36,plays_shorter
2019,Lamarr Kimble,Saint Joseph's,42665,6-0,"6'0""",72.0,75.08,"6'3""",3.08,plays_taller,75.08,"6'3""",3.08,plays_taller
2019,Myles Carter,Seattle,42670,6-9,"6'9""",81.0,81.29,"6'9""",0.29,plays_at_height,81.29,"6'9""",0.29,plays_at_height
2019,Cody Schwartz,Green Bay,42696,6-8,"6'8""",80.0,75.9,"6'4""",-4.1,plays_shorter,75.9,"6'4""",-4.1,plays_shorter
2019,Josh Coleman,Coastal Carolina,42707,6-9,"6'9""",81.0,80.8,"6'9""",-0.2,plays_at_height,80.8,"6'9""",-0.2,plays_at_height
2019,Lucian Brownlee,Coppin St.,42710,6-2,"6'2""",74.0,72.09,"6'0""",-1.91,plays_shorter,72.09,"6'0""",-1.91,plays_shorter
2019,Armel Potter,George Washington,42721,6-1,"6'1""",73.0,74.26,"6'2""",1.26,plays_taller,74.26,"6'2""",1.26,plays_taller
2019,Branden Johnson,Alabama St.,42735,6-8,"6'8""",80.0,79.09,"6'7""",-0.91,plays_shorter,79.09,"6'7""",-0.91,plays_shorter
2019,Seth Dugan,Western Michigan,42742,7-0,"7'0""",84.0,81.6,"6'10""",-2.4,plays_shorter,81.6,"6'10""",-2.4,plays_shorter
2019,Luke Knapke,Toledo,42747,6-11,"6'11""",83.0,80.75,"6'9""",-2.25,plays_shorter,80.75,"6'9""",-2.25,plays_shorter
2019,Cody John,Weber St.,42749,6-3,"6'3""",75.0,75.41,"6'3""",0.41,plays_at_height,75.41,"6'3""",0.41,plays_at_height
2019,Brandon Gilbeck,Western Illinois,42756,7-0,"7'0""",84.0,84.77,"7'1""",0.77,plays_taller,84.77,"7'1""",0.77,plays_taller
2019,James Dickey,UNC Greensboro,42759,6-10,"6'10""",82.0,83.53,"7'0""",1.53,plays_taller,83.53,"7'0""",1.53,plays_taller
2019,Demetrius Troy,UNC Greensboro,42760,6-0,"6'0""",72.0,74.82,"6'3""",2.82,plays_taller,74.82,"6'3""",2.82,plays_taller
2019,Francis Alonso,UNC Greensboro,42761,6-3,"6'3""",75.0,75.08,"6'3""",0.08,plays_at_height,75.08,"6'3""",0.08,plays_at_height
2019,Matt Rose,Lipscomb,42765,6-7,"6'7""",79.0,76.42,"6'4""",-2.58,plays_shorter,76.42,"6'4""",-2.58,plays_shorter
2019,Anthony Townes,Pacific,42789,6-6,"6'6""",78.0,78.11,"6'6""",0.11,plays_at_height,78.11,"6'6""",0.11,plays_at_height
2019,Nick Emery,BYU,42791,6-2,"6'2""",74.0,74.98,"6'3""",0.98,plays_taller,74.98,"6'3""",0.98,plays_taller
2019,Kameron Edwards,Pepperdine,42793,6-6,"6'6""",78.0,78.44,"6'6""",0.44,plays_at_height,78.44,"6'6""",0.44,plays_at_height
2019,Galen Robinson Jr.,Houston,42795,6-1,"6'1""",73.0,76.11,"6'4""",3.11,plays_taller,76.11,"6'4""",3.11,plays_taller
2019,Drew Edwards,Providence,42798,6-4,"6'4""",76.0,75.76,"6'4""",-0.24,plays_at_height,75.76,"6'4""",-0.24,plays_at_height
2019,Tre Scott,Cincinnati,42799,6-8,"6'8""",80.0,80.09,"6'8""",0.09,plays_at_height,80.09,"6'8""",0.09,plays_at_height
2019,Jared Hamilton,Boston College,42806,6-4,"6'4""",76.0,76.46,"6'4""",0.46,plays_at_height,76.46,"6'4""",0.46,plays_at_height
2019,DelFincko Bogan,Tennessee Martin,42807,5-10,"5'10""",70.0,75.24,"6'3""",5.24,plays_taller,75.24,"6'3""",5.24,plays_taller
2019,Dujuanta Weaver,Eastern Kentucky,42812,5-10,"5'10""",70.0,74.4,"6'2""",4.4,plays_taller,74.4,"6'2""",4.4,plays_taller
2019,Tim Rowe,Southern Miss,42813,6-11,"6'11""",83.0,77.91,"6'6""",-5.09,plays_shorter,77.91,"6'6""",-5.09,plays_shorter
2019,Antwon Lillard,Bowling Green,42826,6-6,"6'6""",78.0,77.88,"6'6""",-0.12,plays_at_height,77.88,"6'6""",-0.12,plays_at_height
2019,Jake Silpe,Penn,42841,6-2,"6'2""",74.0,76.19,"6'4""",2.19,plays_taller,76.19,"6'4""",2.19,plays_taller
2019,Justin Jenifer,Cincinnati,42865,5-10,"5'10""",70.0,74.42,"6'2""",4.42,plays_taller,74.42,"6'2""",4.42,plays_taller
2019,Parker Ernsthausen,Wright St.,42873,6-11,"6'11""",83.0,76.61,"6'5""",-6.39,plays_shorter,76.61,"6'5""",-6.39,plays_shorter
2019,Jack Williams,Rice,42878,6-8,"6'8""",80.0,77.54,"6'6""",-2.46,plays_shorter,77.54,"6'6""",-2.46,plays_shorter
2019,Jovan Grujic,Stephen F. Austin,42912,7-0,"7'0""",84.0,76.56,"6'5""",-7.44,plays_shorter,76.56,"6'5""",-7.44,plays_shorter
2019,Ahmaad Rorie,Montana,42930,6-1,"6'1""",73.0,76.62,"6'5""",3.62,plays_taller,76.62,"6'5""",3.62,plays_taller
2019,Haanif Cheatham,Florida Gulf Coast,42953,6-5,"6'5""",77.0,77.15,"6'5""",0.15,plays_at_height,77.15,"6'5""",0.15,plays_at_height
2019,Sacar Anim,Marquette,42955,6-5,"6'5""",77.0,75.94,"6'4""",-1.06,plays_shorter,75.94,"6'4""",-1.06,plays_shorter
2019,Traci Carter,La Salle,42956,6-1,"6'1""",73.0,75.17,"6'3""",2.17,plays_taller,75.17,"6'3""",2.17,plays_taller
2019,Oumar Barry,San Jose St.,42958,6-11,"6'11""",83.0,78.95,"6'7""",-4.05,plays_shorter,78.95,"6'7""",-4.05,plays_shorter
2019,Jordan Murphy,Minnesota,42961,6-7,"6'7""",79.0,83.13,"6'11""",4.13,plays_taller,83.13,"6'11""",4.13,plays_taller
2019,Ryan Mikesell,Dayton,42968,6-7,"6'7""",79.0,78.98,"6'7""",-0.02,plays_at_height,78.98,"6'7""",-0.02,plays_at_height
2019,Justin Dahl,Northern Iowa,43014,7-0,"7'0""",84.0,81.49,"6'9""",-2.51,plays_shorter,81.49,"6'9""",-2.51,plays_shorter
2019,Matisse Thybulle,Washington,43029,6-5,"6'5""",77.0,81.49,"6'9""",4.49,plays_taller,81.49,"6'9""",4.49,plays_taller
2019,Aaron Carver,Old Dominion,43052,6-7,"6'7""",79.0,79.92,"6'8""",0.92,plays_taller,79.92,"6'8""",0.92,plays_taller
2019,Logan Routt,West Virginia,43061,6-11,"6'11""",83.0,80.33,"6'8""",-2.67,plays_shorter,80.33,"6'8""",-2.67,plays_shorter
2019,Damiyne Durham,Cal St. Bakersfield,43064,6-4,"6'4""",76.0,76.29,"6'4""",0.29,plays_at_height,76.29,"6'4""",0.29,plays_at_height
2019,Damon Wilson,Georgia St.,43065,6-5,"6'5""",77.0,76.97,"6'5""",-0.03,plays_at_height,76.97,"6'5""",-0.03,plays_at_height
2019,Tyler Streeter,Morgan St.,43085,6-4,"6'4""",76.0,76.23,"6'4""",0.23,plays_at_height,76.23,"6'4""",0.23,plays_at_height
2019,Nic Thomas,Norfolk St.,43103,6-2,"6'2""",74.0,74.45,"6'2""",0.45,plays_at_height,74.45,"6'2""",0.45,plays_at_height
2019,Kenny Williams,North Carolina,43129,6-4,"6'4""",76.0,77.13,"6'5""",1.13,plays_taller,77.13,"6'5""",1.13,plays_taller
2019,Myles Stephens,Princeton,43143,6-5,"6'5""",77.0,78.22,"6'6""",1.22,plays_taller,78.22,"6'6""",1.22,plays_taller
2019,Walter Jones Jr.,Alabama A&M,43146,6-5,"6'5""",77.0,76.07,"6'4""",-0.93,plays_shorter,76.07,"6'4""",-0.93,plays_shorter
2019,James Claar,Western Illinois,43149,6-8,"6'8""",80.0,78.99,"6'7""",-1.01,plays_shorter,78.99,"6'7""",-1.01,plays_shorter
2019,Cole Gentry,Wright St.,43153,5-10,"5'10""",70.0,75.1,"6'3""",5.1,plays_taller,75.1,"6'3""",5.1,plays_taller
2019,Dan Jech,South Dakota,43155,6-9,"6'9""",81.0,79.27,"6'7""",-1.73,plays_shorter,79.27,"6'7""",-1.73,plays_shorter
2019,Tevin King,South Dakota St.,43156,6-2,"6'2""",74.0,77.74,"6'6""",3.74,plays_taller,77.74,"6'6""",3.74,plays_taller
2019,Nick Weiler-Babb,Iowa St.,43162,6-5,"6'5""",77.0,77.18,"6'5""",0.18,plays_at_height,77.18,"6'5""",0.18,plays_at_height
2019,Ryan Taylor,Northwestern,43164,6-6,"6'6""",78.0,75.83,"6'4""",-2.17,plays_shorter,75.83,"6'4""",-2.17,plays_shorter
2019,Justin Wright-Foreman,Hofstra,43169,6-2,"6'2""",74.0,76.9,"6'5""",2.9,plays_taller,76.9,"6'5""",2.9,plays_taller
2019,Derrik Smits,Valparaiso,43188,7-1,"7'1""",85.0,81.24,"6'9""",-3.76,plays_shorter,81.24,"6'9""",-3.76,plays_shorter
2019,Hunter Seacat,Appalachian St.,43199,6-9,"6'9""",81.0,78.9,"6'7""",-2.1,plays_shorter,78.9,"6'7""",-2.1,plays_shorter
2019,Dennis Tunstall,Towson,43201,6-9,"6'9""",81.0,80.8,"6'9""",-0.2,plays_at_height,80.8,"6'9""",-0.2,plays_at_height
2019,Jon Davis,Charlotte,43206,6-3,"6'3""",75.0,77.01,"6'5""",2.01,plays_taller,77.01,"6'5""",2.01,plays_taller
2019,Paulius Zalys,Lafayette,43209,6-7,"6'7""",79.0,77.29,"6'5""",-1.71,plays_shorter,77.29,"6'5""",-1.71,plays_shorter
2019,Chris Clemons,Campbell,43225,5-9,"5'9""",69.0,77.23,"6'5""",8.23,plays_taller,77.23,"6'5""",8.23,plays_taller
2019,Guilien Smith,Dartmouth,43240,6-2,"6'2""",74.0,75.34,"6'3""",1.34,plays_taller,75.34,"6'3""",1.34,plays_taller
2019,Joel Davis,Cornell,43246,6-2,"6'2""",74.0,76.73,"6'5""",2.73,plays_taller,76.73,"6'5""",2.73,plays_taller
2019,Lacey James,Northern Illinois,43248,6-9,"6'9""",81.0,80.73,"6'9""",-0.27,plays_at_height,80.73,"6'9""",-0.27,plays_at_height
2019,Troy Whiteside,Cornell,43253,6-4,"6'4""",76.0,75.88,"6'4""",-0.12,plays_at_height,75.88,"6'4""",-0.12,plays_at_height
2019,Cameron Jones,Saint Peter's,43261,6-3,"6'3""",75.0,74.35,"6'2""",-0.65,plays_at_height,74.35,"6'2""",-0.65,plays_at_height
2019,Akwasi Yeboah,Stony Brook,43276,6-6,"6'6""",78.0,78.45,"6'6""",0.45,plays_at_height,78.45,"6'6""",0.45,plays_at_height
2019,Ryan Jones,UMass Lowell,43281,6-3,"6'3""",75.0,75.17,"6'3""",0.17,plays_at_height,75.17,"6'3""",0.17,plays_at_height
2019,Alex Thomas,Towson,43283,6-9,"6'9""",81.0,77.75,"6'6""",-3.25,plays_shorter,77.75,"6'6""",-3.25,plays_shorter
2019,Everett Duncan,Vermont,43284,6-6,"6'6""",78.0,76.28,"6'4""",-1.72,plays_shorter,76.28,"6'4""",-1.72,plays_shorter
2019,Andrew Fleming,Lipscomb,43315,6-5,"6'5""",77.0,76.02,"6'4""",-0.98,plays_shorter,76.02,"6'4""",-0.98,plays_shorter
2019,Marlain Veal,Southeastern Louisiana,43354,5-9,"5'9""",69.0,75.42,"6'3""",6.42,plays_taller,75.42,"6'3""",6.42,plays_taller
2019,Martin Krampelj,Creighton,43355,6-9,"6'9""",81.0,83.48,"6'11""",2.48,plays_taller,83.48,"6'11""",2.48,plays_taller
2019,Develle Phillips,James Madison,43368,6-9,"6'9""",81.0,80.69,"6'9""",-0.31,plays_at_height,80.69,"6'9""",-0.31,plays_at_height
2019,Jordan Hunter,Lamar,43374,5-11,"5'11""",71.0,74.46,"6'2""",3.46,plays_taller,74.46,"6'2""",3.46,plays_taller
2019,Tanner Krebs,Saint Mary's,43384,6-6,"6'6""",78.0,76.67,"6'5""",-1.33,plays_shorter,76.67,"6'5""",-1.33,plays_shorter
2019,Curran Scott,Tulsa,43388,6-4,"6'4""",76.0,75.0,"6'3""",-1.0,plays_shorter,75.0,"6'3""",-1.0,plays_shorter
2019,Moses Greenwood,Southeastern Louisiana,43390,6-7,"6'7""",79.0,80.54,"6'9""",1.54,plays_taller,80.54,"6'9""",1.54,plays_taller
2019,Everson Davis,Binghamton,43392,6-3,"6'3""",75.0,74.91,"6'3""",-0.09,plays_at_height,74.91,"6'3""",-0.09,plays_at_height
2019,Daniel Utomi,Akron,43396,6-6,"6'6""",78.0,77.0,"6'5""",-1.0,plays_shorter,77.0,"6'5""",-1.0,plays_shorter
2019,Zach Jackson,Nebraska Omaha,43404,6-5,"6'5""",77.0,76.69,"6'5""",-0.31,plays_at_height,76.69,"6'5""",-0.31,plays_at_height
2019,Zach Pirog,Cal Baptist,43413,6-11,"6'11""",83.0,83.53,"7'0""",0.53,plays_at_height,83.53,"7'0""",0.53,plays_at_height
2019,Demajeo Wiggins,Bowling Green,43474,6-10,"6'10""",82.0,81.82,"6'10""",-0.18,plays_at_height,81.82,"6'10""",-0.18,plays_at_height
2019,Mamadi Diakite,Virginia,43501,6-9,"6'9""",81.0,82.85,"6'11""",1.85,plays_taller,82.85,"6'11""",1.85,plays_taller
2019,Jibri Blount,North Carolina Central,43539,6-5,"6'5""",77.0,78.72,"6'7""",1.72,plays_taller,78.72,"6'7""",1.72,plays_taller
2019,Rickey McGill,Iona,43546,6-2,"6'2""",74.0,77.07,"6'5""",3.07,plays_taller,77.07,"6'5""",3.07,plays_taller
2019,Otis Livingston II,George Mason,43555,5-11,"5'11""",71.0,74.39,"6'2""",3.39,plays_taller,74.39,"6'2""",3.39,plays_taller
2019,Javan White,Clemson,43556,6-10,"6'10""",82.0,80.68,"6'9""",-1.32,plays_shorter,80.68,"6'9""",-1.32,plays_shorter
2019,Deng Geu,North Dakota St.,43562,6-8,"6'8""",80.0,80.59,"6'9""",0.59,plays_at_height,80.59,"6'9""",0.59,plays_at_height
2019,Khy Kabellis,Pacific,43563,6-5,"6'5""",77.0,74.14,"6'2""",-2.86,plays_shorter,74.14,"6'2""",-2.86,plays_shorter
2019,Shembari Phillips,Georgia Tech,43569,6-3,"6'3""",75.0,75.02,"6'3""",0.02,plays_at_height,75.02,"6'3""",0.02,plays_at_height
2019,Curtis Cobb,Massachusetts,43570,6-4,"6'4""",76.0,75.14,"6'3""",-0.86,plays_shorter,75.14,"6'3""",-0.86,plays_shorter
2019,DJ Draper,North Texas,43571,5-10,"5'10""",70.0,74.51,"6'3""",4.51,plays_taller,74.51,"6'3""",4.51,plays_taller
2019,A.J. Turner,Northwestern,43575,6-7,"6'7""",79.0,75.77,"6'4""",-3.23,plays_shorter,75.77,"6'4""",-3.23,plays_shorter
2019,Kris Martin,Colorado St.,43580,6-6,"6'6""",78.0,76.5,"6'4""",-1.5,plays_shorter,76.5,"6'4""",-1.5,plays_shorter
2019,Jalen Poyser,St. Bonaventure,43587,6-4,"6'4""",76.0,75.9,"6'4""",-0.1,plays_at_height,75.9,"6'4""",-0.1,plays_at_height
2019,Stefan Gonzalez,UC Davis,43593,6-2,"6'2""",74.0,75.35,"6'3""",1.35,plays_taller,75.35,"6'3""",1.35,plays_taller
2019,Rob Edwards,Arizona St.,43602,6-4,"6'4""",76.0,75.1,"6'3""",-0.9,plays_shorter,75.1,"6'3""",-0.9,plays_shorter
2019,Anthony Green,Northeastern,43604,6-10,"6'10""",82.0,83.19,"6'11""",1.19,plays_taller,83.19,"6'11""",1.19,plays_taller
2019,Donnell Gresham Jr.,Northeastern,43605,6-1,"6'1""",73.0,76.13,"6'4""",3.13,plays_taller,76.13,"6'4""",3.13,plays_taller
2019,Brandonn Kamga,High Point,43612,6-5,"6'5""",77.0,77.93,"6'6""",0.93,plays_taller,77.93,"6'6""",0.93,plays_taller
2019,Jeremy Miller,Northeastern,43615,6-10,"6'10""",82.0,77.57,"6'6""",-4.43,plays_shorter,77.57,"6'6""",-4.43,plays_shorter
2019,Allante Holston,Indiana St.,43618,6-7,"6'7""",79.0,76.95,"6'5""",-2.05,plays_shorter,76.95,"6'5""",-2.05,plays_shorter
2019,Matty McConnell,Robert Morris,43620,6-2,"6'2""",74.0,77.82,"6'6""",3.82,plays_taller,77.82,"6'6""",3.82,plays_taller
2019,Matt Holba,Purdue Fort Wayne,43622,6-7,"6'7""",79.0,77.26,"6'5""",-1.74,plays_shorter,77.26,"6'5""",-1.74,plays_shorter
2019,Kyle Leufroy,Lehigh,43623,6-3,"6'3""",75.0,75.99,"6'4""",0.99,plays_taller,75.99,"6'4""",0.99,plays_taller
2019,Levi Bradley,Northern Illinois,43628,6-7,"6'7""",79.0,77.62,"6'6""",-1.38,plays_shorter,77.62,"6'6""",-1.38,plays_shorter
2019,Jaylen Key,Northern Illinois,43629,6-8,"6'8""",80.0,75.69,"6'4""",-4.31,plays_shorter,75.69,"6'4""",-4.31,plays_shorter
2019,Abdoulaye Harouna,Miami OH,43631,6-5,"6'5""",77.0,76.62,"6'5""",-0.38,plays_at_height,76.62,"6'5""",-0.38,plays_at_height
2019,CJ Massinburg,Buffalo,43644,6-3,"6'3""",75.0,78.29,"6'6""",3.29,plays_taller,78.29,"6'6""",3.29,plays_taller
2019,Pervis Louder,Air Force,43656,6-4,"6'4""",76.0,76.93,"6'5""",0.93,plays_taller,76.93,"6'5""",0.93,plays_taller
2019,Evan Fisher,Siena,43659,6-9,"6'9""",81.0,78.19,"6'6""",-2.81,plays_shorter,78.19,"6'6""",-2.81,plays_shorter
2019,Kenny Wormley,Hofstra,43663,6-4,"6'4""",76.0,74.89,"6'3""",-1.11,plays_shorter,74.89,"6'3""",-1.11,plays_shorter
2019,Antwon Portley,Fordham,43664,6-4,"6'4""",76.0,75.02,"6'3""",-0.98,plays_shorter,75.02,"6'3""",-0.98,plays_shorter
2019,Jason Burnell,Jacksonville St.,43679,6-7,"6'7""",79.0,80.69,"6'9""",1.69,plays_taller,80.69,"6'9""",1.69,plays_taller
2019,Ryan Welage,Xavier,43687,6-10,"6'10""",82.0,74.8,"6'3""",-7.2,plays_shorter,74.8,"6'3""",-7.2,plays_shorter
2019,Malik Benlevi,Georgia St.,43692,6-6,"6'6""",78.0,78.61,"6'7""",0.61,plays_at_height,78.61,"6'7""",0.61,plays_at_height
2019,Ryan McMahon,Louisville,43715,6-0,"6'0""",72.0,74.93,"6'3""",2.93,plays_taller,74.93,"6'3""",2.93,plays_taller
2019,Zac Seljaas,BYU,43736,6-7,"6'7""",79.0,77.68,"6'6""",-1.32,plays_shorter,77.68,"6'6""",-1.32,plays_shorter
2019,Jayce Johnson,Utah,43746,7-0,"7'0""",84.0,82.58,"6'11""",-1.42,plays_shorter,82.58,"6'11""",-1.42,plays_shorter
2019,Corey Johnson,Harvard,43752,6-5,"6'5""",77.0,73.81,"6'2""",-3.19,plays_shorter,73.81,"6'2""",-3.19,plays_shorter
2019,Sean McDermott,Butler,43771,6-6,"6'6""",78.0,76.44,"6'4""",-1.56,plays_shorter,76.44,"6'4""",-1.56,plays_shorter
2019,Ashtin Chastain,San Jose St.,43773,6-11,"6'11""",83.0,76.26,"6'4""",-6.74,plays_shorter,76.26,"6'4""",-6.74,plays_shorter
2019,Jordan Jackson,UT Rio Grande Valley,43774,6-3,"6'3""",75.0,78.45,"6'6""",3.45,plays_taller,78.45,"6'6""",3.45,plays_taller
2019,Charles Brown III,Incarnate Word,43776,6-7,"6'7""",79.0,76.25,"6'4""",-2.75,plays_shorter,76.25,"6'4""",-2.75,plays_shorter
2019,Brandon Clarke,Gonzaga,43790,6-8,"6'8""",80.0,86.52,"7'3""",6.52,plays_taller,86.52,"7'3""",6.52,plays_taller
2019,Greg King,Niagara,43796,6-7,"6'7""",79.0,80.05,"6'8""",1.05,plays_taller,80.05,"6'8""",1.05,plays_taller
2019,Abdul Lewis,NJIT,43816,6-10,"6'10""",82.0,79.61,"6'8""",-2.39,plays_shorter,79.61,"6'8""",-2.39,plays_shorter
2019,Evan Boudreaux,Purdue,43822,6-8,"6'8""",80.0,78.97,"6'7""",-1.03,plays_shorter,78.97,"6'7""",-1.03,plays_shorter
2019,Ahmad Caver,Old Dominion,43824,6-2,"6'2""",74.0,76.87,"6'5""",2.87,plays_taller,76.87,"6'5""",2.87,plays_taller
2019,Ryan Kreklow,Missouri St.,43826,6-4,"6'4""",76.0,75.76,"6'4""",-0.24,plays_at_height,75.76,"6'4""",-0.24,plays_at_height
2019,Emmanuel Olojakpoke,Akron,43837,6-8,"6'8""",80.0,79.98,"6'8""",-0.02,plays_at_height,79.98,"6'8""",-0.02,plays_at_height
2019,Chier Maker,Idaho St.,43851,6-7,"6'7""",79.0,77.38,"6'5""",-1.62,plays_shorter,77.38,"6'5""",-1.62,plays_shorter
2019,Jazz Johnson,Nevada,43871,5-10,"5'10""",70.0,74.75,"6'3""",4.75,plays_taller,74.75,"6'3""",4.75,plays_taller
2019,Rex Pflueger,Notre Dame,43872,6-6,"6'6""",78.0,76.63,"6'5""",-1.37,plays_shorter,76.63,"6'5""",-1.37,plays_shorter
2019,Matt Ryan,Vanderbilt,43874,6-8,"6'8""",80.0,74.79,"6'3""",-5.21,plays_shorter,74.79,"6'3""",-5.21,plays_shorter
2019,Jaylen Franklin,Abilene Christian,43876,6-2,"6'2""",74.0,78.12,"6'6""",4.12,plays_taller,78.12,"6'6""",4.12,plays_taller
2019,Jarred Reuter,George Mason,43883,6-7,"6'7""",79.0,77.49,"6'5""",-1.51,plays_shorter,77.49,"6'5""",-1.51,plays_shorter
2019,Ebuka Izundu,Miami FL,43894,6-10,"6'10""",82.0,83.27,"6'11""",1.27,plays_taller,83.27,"6'11""",1.27,plays_taller
2019,Jamaal King,Saint Francis,43904,5-10,"5'10""",70.0,74.42,"6'2""",4.42,plays_taller,74.42,"6'2""",4.42,plays_taller
2019,Jesse Love,Jackson St.,43928,6-1,"6'1""",73.0,75.56,"6'4""",2.56,plays_taller,75.56,"6'4""",2.56,plays_taller
2019,Stokley Chaffee Jr.,Tennessee St.,43952,6-8,"6'8""",80.0,81.48,"6'9""",1.48,plays_taller,81.48,"6'9""",1.48,plays_taller
2019,Matt McCarthy,San Francisco,43964,6-9,"6'9""",81.0,81.19,"6'9""",0.19,plays_at_height,81.19,"6'9""",0.19,plays_at_height
2019,David Nichols,Florida St.,43965,6-1,"6'1""",73.0,74.87,"6'3""",1.87,plays_taller,74.87,"6'3""",1.87,plays_taller
2019,Jorden Kite,Incarnate Word,43968,6-3,"6'3""",75.0,72.51,"6'1""",-2.49,plays_shorter,72.51,"6'1""",-2.49,plays_shorter
2019,Jermaine Ukaegbu,Winthrop,43971,6-6,"6'6""",78.0,80.91,"6'9""",2.91,plays_taller,80.91,"6'9""",2.91,plays_taller
2019,Matt Frierson,The Citadel,43979,6-2,"6'2""",74.0,73.26,"6'1""",-0.74,plays_at_height,73.26,"6'1""",-0.74,plays_at_height
2019,Quayson Williams,The Citadel,43985,5-11,"5'11""",71.0,74.74,"6'3""",3.74,plays_taller,74.74,"6'3""",3.74,plays_taller
2019,Dennis Ashley,Maine,43986,6-1,"6'1""",73.0,73.61,"6'2""",0.61,plays_at_height,73.61,"6'2""",0.61,plays_at_height
2019,Evan Hall,IU Indy,43989,6-7,"6'7""",79.0,80.26,"6'8""",1.26,plays_taller,80.26,"6'8""",1.26,plays_taller
2019,JT Gibson,Nebraska Omaha,43991,6-3,"6'3""",75.0,74.54,"6'3""",-0.46,plays_at_height,74.54,"6'3""",-0.46,plays_at_height
2019,Jarrey Foster,SMU,43995,6-6,"6'6""",78.0,77.22,"6'5""",-0.78,plays_shorter,77.22,"6'5""",-0.78,plays_shorter
2019,Pierfrancesco Oliva,Saint Joseph's,43997,6-8,"6'8""",80.0,79.8,"6'8""",-0.2,plays_at_height,79.8,"6'8""",-0.2,plays_at_height
2019,Derric Jean,Louisiana Tech,44022,6-2,"6'2""",74.0,77.16,"6'5""",3.16,plays_taller,77.16,"6'5""",3.16,plays_taller
2019,Olin Carter III,San Diego,44025,6-3,"6'3""",75.0,75.97,"6'4""",0.97,plays_taller,75.97,"6'4""",0.97,plays_taller
2019,Tyler Williams,San Diego,44026,6-5,"6'5""",77.0,75.11,"6'3""",-1.89,plays_shorter,75.11,"6'3""",-1.89,plays_shorter
2019,Alex Floresca,San Diego,44032,6-8,"6'8""",80.0,77.37,"6'5""",-2.63,plays_shorter,77.37,"6'5""",-2.63,plays_shorter
2019,Dante Scott,Mississippi Valley St.,44038,6-4,"6'4""",76.0,75.94,"6'4""",-0.06,plays_at_height,75.94,"6'4""",-0.06,plays_at_height
2019,Craig Randall II,Tennessee Martin,44043,6-4,"6'4""",76.0,75.99,"6'4""",-0.01,plays_at_height,75.99,"6'4""",-0.01,plays_at_height
2019,Doug Taylor,Ohio,44062,6-9,"6'9""",81.0,83.06,"6'11""",2.06,plays_taller,83.06,"6'11""",2.06,plays_taller
2019,Jaelan Sanford,Toledo,44065,6-4,"6'4""",76.0,76.25,"6'4""",0.25,plays_at_height,76.25,"6'4""",0.25,plays_at_height
2019,Devin Cannady,Princeton,44082,6-2,"6'2""",74.0,77.05,"6'5""",3.05,plays_taller,77.05,"6'5""",3.05,plays_taller
2019,Trey Phills,Yale,44085,6-2,"6'2""",74.0,77.1,"6'5""",3.1,plays_taller,77.1,"6'5""",3.1,plays_taller
2019,Blake Reynolds,Yale,44088,6-7,"6'7""",79.0,77.74,"6'6""",-1.26,plays_shorter,77.74,"6'6""",-1.26,plays_shorter
2019,Brian Parker,Marist,44091,6-3,"6'3""",75.0,77.01,"6'5""",2.01,plays_taller,77.01,"6'5""",2.01,plays_taller
2019,Caleb Tanner,Radford,44094,6-1,"6'1""",73.0,73.78,"6'2""",0.78,plays_taller,73.78,"6'2""",0.78,plays_taller
2019,Tanner Rubio,Jacksonville,44153,6-0,"6'0""",72.0,73.82,"6'2""",1.82,plays_taller,73.82,"6'2""",1.82,plays_taller
2019,Joshua Howard,Brown,44156,6-6,"6'6""",78.0,79.46,"6'7""",1.46,plays_taller,79.46,"6'7""",1.46,plays_taller
2019,Kason Harrell,Purdue Fort Wayne,44185,6-2,"6'2""",74.0,76.98,"6'5""",2.98,plays_taller,76.98,"6'5""",2.98,plays_taller
2019,PJ Savoy,Florida St.,44194,6-4,"6'4""",76.0,76.37,"6'4""",0.37,plays_at_height,76.37,"6'4""",0.37,plays_at_height
2019,Sidy N'Dir,Pittsburgh,44204,6-3,"6'3""",75.0,76.79,"6'5""",1.79,plays_taller,76.79,"6'5""",1.79,plays_taller
2019,Rapolas Ivanauskas,Colgate,44212,6-10,"6'10""",82.0,79.81,"6'8""",-2.19,plays_shorter,79.81,"6'8""",-2.19,plays_shorter
2019,Isaiah Roby,Nebraska,44213,6-8,"6'8""",80.0,81.37,"6'9""",1.37,plays_taller,81.37,"6'9""",1.37,plays_taller
2019,Jeriah Horne,Tulsa,44216,6-7,"6'7""",79.0,77.68,"6'6""",-1.32,plays_shorter,77.68,"6'6""",-1.32,plays_shorter
2019,Eric Curry,Minnesota,44217,6-9,"6'9""",81.0,78.18,"6'6""",-2.82,plays_shorter,78.18,"6'6""",-2.82,plays_shorter
2019,Amir Coffey,Minnesota,44220,6-8,"6'8""",80.0,77.69,"6'6""",-2.31,plays_shorter,77.69,"6'6""",-2.31,plays_shorter
2019,Kai Edwards,Northern Colorado,44222,6-9,"6'9""",81.0,80.49,"6'8""",-0.51,plays_at_height,80.49,"6'8""",-0.51,plays_at_height
2019,Dayon Griffin,UCF,44274,6-4,"6'4""",76.0,76.06,"6'4""",0.06,plays_at_height,76.06,"6'4""",0.06,plays_at_height
2019,James Butler,Drexel,44288,6-8,"6'8""",80.0,80.49,"6'8""",0.49,plays_at_height,80.49,"6'8""",0.49,plays_at_height
2019,Davauhnte Turner,Saint Peter's,44299,6-0,"6'0""",72.0,75.17,"6'3""",3.17,plays_taller,75.17,"6'3""",3.17,plays_taller
2019,Quinn Taylor,Saint Peter's,44306,6-4,"6'4""",76.0,77.78,"6'6""",1.78,plays_taller,77.78,"6'6""",1.78,plays_taller
2019,Tobias Sjoberg,Marist,44314,6-9,"6'9""",81.0,78.71,"6'7""",-2.29,plays_shorter,78.71,"6'7""",-2.29,plays_shorter
2019,Ahmed Ismail,IU Indy,44315,7-1,"7'1""",85.0,79.92,"6'8""",-5.08,plays_shorter,79.92,"6'8""",-5.08,plays_shorter
2019,Zavier Peart,Grambling St.,44316,6-10,"6'10""",82.0,78.33,"6'6""",-3.67,plays_shorter,78.33,"6'6""",-3.67,plays_shorter
2019,Nijal Pearson,Texas St.,44324,6-5,"6'5""",77.0,77.17,"6'5""",0.17,plays_at_height,77.17,"6'5""",0.17,plays_at_height
2019,Eric Terry,Texas St.,44327,6-8,"6'8""",80.0,79.94,"6'8""",-0.06,plays_at_height,79.94,"6'8""",-0.06,plays_at_height
2019,DJ Bryant,UT Arlington,44329,5-11,"5'11""",71.0,75.7,"6'4""",4.7,plays_taller,75.7,"6'4""",4.7,plays_taller
2019,Izayah Mauriohooho-le'afa,Sacramento St.,44330,6-2,"6'2""",74.0,74.7,"6'3""",0.7,plays_at_height,74.7,"6'3""",0.7,plays_at_height
2019,Decardo Day,Florida Gulf Coast,44332,6-4,"6'4""",76.0,76.18,"6'4""",0.18,plays_at_height,76.18,"6'4""",0.18,plays_at_height
2019,Jacob Calloway,Southern Utah,44333,6-8,"6'8""",80.0,76.26,"6'4""",-3.74,plays_shorter,76.26,"6'4""",-3.74,plays_shorter
2019,Ivan Madunic,Southern Utah,44335,6-11,"6'11""",83.0,79.28,"6'7""",-3.72,plays_shorter,79.28,"6'7""",-3.72,plays_shorter
2019,Jerrick Harding,Weber St.,44338,6-1,"6'1""",73.0,76.55,"6'5""",3.55,plays_taller,76.55,"6'5""",3.55,plays_taller
2019,Jailyn Ingram,Florida Atlantic,44344,6-7,"6'7""",79.0,80.06,"6'8""",1.06,plays_taller,80.06,"6'8""",1.06,plays_taller
2019,Bo Blight,Charlotte,44347,6-7,"6'7""",79.0,78.14,"6'6""",-0.86,plays_shorter,78.14,"6'6""",-0.86,plays_shorter
2019,DaQuan Bracey,Louisiana Tech,44350,5-11,"5'11""",71.0,76.06,"6'4""",5.06,plays_taller,76.06,"6'4""",5.06,plays_taller
2019,Lucas Siewert,Colorado,44412,6-10,"6'10""",82.0,78.31,"6'6""",-3.69,plays_shorter,78.31,"6'6""",-3.69,plays_shorter
2019,Issa Thiam,Rutgers,44416,6-10,"6'10""",82.0,76.52,"6'5""",-5.48,plays_shorter,76.52,"6'5""",-5.48,plays_shorter
2019,D'Mitrik Trice,Wisconsin,44417,6-0,"6'0""",72.0,74.26,"6'2""",2.26,plays_taller,74.26,"6'2""",2.26,plays_taller
2019,Aleem Ford,Wisconsin,44418,6-8,"6'8""",80.0,77.04,"6'5""",-2.96,plays_shorter,77.04,"6'5""",-2.96,plays_shorter
2019,Charlie Moore,Kansas,44420,5-11,"5'11""",71.0,74.14,"6'2""",3.14,plays_taller,74.14,"6'2""",3.14,plays_taller
2019,Deleon Brown,Colorado,44422,6-4,"6'4""",76.0,73.83,"6'2""",-2.17,plays_shorter,73.83,"6'2""",-2.17,plays_shorter
2019,De'Ron Davis,Indiana,44423,6-10,"6'10""",82.0,79.5,"6'8""",-2.5,plays_shorter,79.5,"6'8""",-2.5,plays_shorter
2019,Darian Bryant,Delaware,44479,6-4,"6'4""",76.0,76.12,"6'4""",0.12,plays_at_height,76.12,"6'4""",0.12,plays_at_height
2019,Miye Oni,Yale,44509,6-6,"6'6""",78.0,79.41,"6'7""",1.41,plays_taller,79.41,"6'7""",1.41,plays_taller
2019,Eric Monroe,Yale,44510,6-2,"6'2""",74.0,74.07,"6'2""",0.07,plays_at_height,74.07,"6'2""",0.07,plays_at_height
2019,David DiLeo,Central Michigan,44511,6-7,"6'7""",79.0,75.97,"6'4""",-3.03,plays_shorter,75.97,"6'4""",-3.03,plays_shorter
2019,Kevin McKay,Central Michigan,44513,6-5,"6'5""",77.0,79.37,"6'7""",2.37,plays_taller,79.37,"6'7""",2.37,plays_taller
2019,Malik Johnson,Canisius,44517,5-10,"5'10""",70.0,75.4,"6'3""",5.4,plays_taller,75.4,"6'3""",5.4,plays_taller
2019,Mike Lewis II,Duquesne,44539,6-1,"6'1""",73.0,73.88,"6'2""",0.88,plays_taller,73.88,"6'2""",0.88,plays_taller
2019,Trey Landers,Dayton,44541,6-5,"6'5""",77.0,79.33,"6'7""",2.33,plays_taller,79.33,"6'7""",2.33,plays_taller
2019,Jon Axel Gudmundsson,Davidson,44542,6-4,"6'4""",76.0,78.22,"6'6""",2.22,plays_taller,78.22,"6'6""",2.22,plays_taller
2019,Anthony Lamb,Vermont,44545,6-6,"6'6""",78.0,81.43,"6'9""",3.43,plays_taller,81.43,"6'9""",3.43,plays_taller
2019,Ben Shungu,Vermont,44546,6-2,"6'2""",74.0,77.7,"6'6""",3.7,plays_taller,77.7,"6'6""",3.7,plays_taller
2019,Malik Martin,Tennessee Tech,44568,6-11,"6'11""",83.0,78.17,"6'6""",-4.83,plays_shorter,78.17,"6'6""",-4.83,plays_shorter
2019,Kory Holden,South Alabama,44590,6-2,"6'2""",74.0,73.79,"6'2""",-0.21,plays_at_height,73.79,"6'2""",-0.21,plays_at_height
2019,Tyler Jones,Maryland Eastern Shore,44610,6-7,"6'7""",79.0,76.21,"6'4""",-2.79,plays_shorter,76.21,"6'4""",-2.79,plays_shorter
2019,Colen Gaynor,Maryland Eastern Shore,44616,6-5,"6'5""",77.0,77.01,"6'5""",0.01,plays_at_height,77.01,"6'5""",0.01,plays_at_height
2019,Montraz Oliver,Maryland Eastern Shore,44618,6-3,"6'3""",75.0,75.2,"6'3""",0.2,plays_at_height,75.2,"6'3""",0.2,plays_at_height
2019,Scottie James,Liberty,44624,6-7,"6'7""",79.0,82.49,"6'10""",3.49,plays_taller,82.49,"6'10""",3.49,plays_taller
2019,Dominik Olejniczak,Mississippi,44628,7-0,"7'0""",84.0,80.03,"6'8""",-3.97,plays_shorter,80.03,"6'8""",-3.97,plays_shorter
2019,JoJo Zamora,New Mexico St.,44637,6-2,"6'2""",74.0,75.13,"6'3""",1.13,plays_taller,75.13,"6'3""",1.13,plays_taller
2019,Chris Barnes,Tulsa,44658,6-4,"6'4""",76.0,75.72,"6'4""",-0.28,plays_at_height,75.72,"6'4""",-0.28,plays_at_height
2019,Keon Clergeot,Massachusetts,44685,6-1,"6'1""",73.0,75.45,"6'3""",2.45,plays_taller,75.45,"6'3""",2.45,plays_taller
2019,Lesley Varner II,UT Rio Grande Valley,44693,6-7,"6'7""",79.0,78.93,"6'7""",-0.07,plays_at_height,78.93,"6'7""",-0.07,plays_at_height
2019,Mattia Da Campo,Seattle,44694,6-5,"6'5""",77.0,77.9,"6'6""",0.9,plays_taller,77.9,"6'6""",0.9,plays_taller
2019,Morgan Means,Seattle,44696,6-3,"6'3""",75.0,76.37,"6'4""",1.37,plays_taller,76.37,"6'4""",1.37,plays_taller
2019,Jermaine Haley,West Virginia,44701,6-7,"6'7""",79.0,77.97,"6'6""",-1.03,plays_shorter,77.97,"6'6""",-1.03,plays_shorter
2019,Chris Lewis,Harvard,44703,6-9,"6'9""",81.0,81.43,"6'9""",0.43,plays_at_height,81.43,"6'9""",0.43,plays_at_height
2019,Christian Juzang,Harvard,44704,6-2,"6'2""",74.0,75.15,"6'3""",1.15,plays_taller,75.15,"6'3""",1.15,plays_taller
2019,Ian Sistare,Dartmouth,44705,6-3,"6'3""",75.0,76.07,"6'4""",1.07,plays_taller,76.07,"6'4""",1.07,plays_taller
2019,James Foye,Dartmouth,44706,6-4,"6'4""",76.0,75.05,"6'3""",-0.95,plays_shorter,75.05,"6'3""",-0.95,plays_shorter
2019,Will Emery,Dartmouth,44707,6-9,"6'9""",81.0,78.77,"6'7""",-2.23,plays_shorter,78.77,"6'7""",-2.23,plays_shorter
2019,Ian Carter,Dartmouth,44708,6-7,"6'7""",79.0,76.74,"6'5""",-2.26,plays_shorter,76.74,"6'5""",-2.26,plays_shorter
2019,Justin Bassey,Harvard,44709,6-5,"6'5""",77.0,79.41,"6'7""",2.41,plays_taller,79.41,"6'7""",2.41,plays_taller
2019,Robert Baker,Harvard,44710,6-11,"6'11""",83.0,80.39,"6'8""",-2.61,plays_shorter,80.39,"6'8""",-2.61,plays_shorter
2019,Bryce Aiken,Harvard,44711,6-0,"6'0""",72.0,75.01,"6'3""",3.01,plays_taller,75.01,"6'3""",3.01,plays_taller
2019,Arinze Chidom,Washington St.,44716,6-9,"6'9""",81.0,77.57,"6'6""",-3.43,plays_shorter,77.57,"6'6""",-3.43,plays_shorter
2019,Jermaine Marrow,Hampton,44719,6-0,"6'0""",72.0,75.39,"6'3""",3.39,plays_taller,75.39,"6'3""",3.39,plays_taller
2019,Peter Kiss,Rutgers,44721,6-5,"6'5""",77.0,76.19,"6'4""",-0.81,plays_shorter,76.19,"6'4""",-0.81,plays_shorter
2019,Cassius Winston,Michigan St.,44722,6-1,"6'1""",73.0,75.21,"6'3""",2.21,plays_taller,75.21,"6'3""",2.21,plays_taller
2019,Joshua Langford,Michigan St.,44724,6-5,"6'5""",77.0,76.61,"6'5""",-0.39,plays_at_height,76.61,"6'5""",-0.39,plays_at_height
2019,Tramaine Isabell,Saint Louis,44742,6-1,"6'1""",73.0,75.83,"6'4""",2.83,plays_taller,75.83,"6'4""",2.83,plays_taller
2019,Tobias Howard,Towson,44748,6-2,"6'2""",74.0,73.85,"6'2""",-0.15,plays_at_height,73.85,"6'2""",-0.15,plays_at_height
2019,Byron Frohnen,UTSA,44751,6-6,"6'6""",78.0,77.56,"6'6""",-0.44,plays_at_height,77.56,"6'6""",-0.44,plays_at_height
2019,Giovanni De Nicolao,UTSA,44752,6-3,"6'3""",75.0,75.6,"6'4""",0.6,plays_at_height,75.6,"6'4""",0.6,plays_at_height
2019,Kevin Marfo,Quinnipiac,44755,6-8,"6'8""",80.0,82.48,"6'10""",2.48,plays_taller,82.48,"6'10""",2.48,plays_taller
2019,Jamar Akoh,Montana,44758,6-8,"6'8""",80.0,81.24,"6'9""",1.24,plays_taller,81.24,"6'9""",1.24,plays_taller
2019,David Skara,Clemson,44768,6-8,"6'8""",80.0,77.96,"6'6""",-2.04,plays_shorter,77.96,"6'6""",-2.04,plays_shorter
2019,DeSean Murray,Western Kentucky,44785,6-4,"6'4""",76.0,78.35,"6'6""",2.35,plays_taller,78.35,"6'6""",2.35,plays_taller
2019,Brandon Anderson,Brown,44786,6-1,"6'1""",73.0,75.15,"6'3""",2.15,plays_taller,75.15,"6'3""",2.15,plays_taller
2019,Maliek White,Providence,44791,6-3,"6'3""",75.0,76.31,"6'4""",1.31,plays_taller,76.31,"6'4""",1.31,plays_taller
2019,Joey Brunk,Butler,44792,6-11,"6'11""",83.0,79.15,"6'7""",-3.85,plays_shorter,79.15,"6'7""",-3.85,plays_shorter
2019,Davion Mintz,Creighton,44793,6-3,"6'3""",75.0,76.37,"6'4""",1.37,plays_taller,76.37,"6'4""",1.37,plays_taller
2019,Jagan Mosely,Georgetown,44796,6-3,"6'3""",75.0,76.52,"6'5""",1.52,plays_taller,76.52,"6'5""",1.52,plays_taller
2019,Sam Hauser,Marquette,44798,6-8,"6'8""",80.0,78.11,"6'6""",-1.89,plays_shorter,78.11,"6'6""",-1.89,plays_shorter
2019,Markus Howard,Marquette,44799,5-11,"5'11""",71.0,75.19,"6'3""",4.19,plays_taller,75.19,"6'3""",4.19,plays_taller
2019,Jevon Smith,Green Bay,44828,6-5,"6'5""",77.0,75.7,"6'4""",-1.3,plays_shorter,75.7,"6'4""",-1.3,plays_shorter
2019,Kouat Noi,TCU,44830,6-7,"6'7""",79.0,77.56,"6'6""",-1.44,plays_shorter,77.56,"6'6""",-1.44,plays_shorter
2019,Mark Vital,Baylor,44845,6-5,"6'5""",77.0,81.27,"6'9""",4.27,plays_taller,81.27,"6'9""",4.27,plays_taller
2019,AJ Wilson,George Mason,44849,6-7,"6'7""",79.0,83.06,"6'11""",4.06,plays_taller,83.06,"6'11""",4.06,plays_taller
2019,Richard Anderson,Florida A&M,44850,6-3,"6'3""",75.0,75.08,"6'3""",0.08,plays_at_height,75.08,"6'3""",0.08,plays_at_height
2019,Ar'mond Davis,UC Santa Barbara,44858,6-6,"6'6""",78.0,77.6,"6'6""",-0.4,plays_at_height,77.6,"6'6""",-0.4,plays_at_height
2019,Braxton Key,Virginia,44859,6-8,"6'8""",80.0,80.68,"6'9""",0.68,plays_at_height,80.68,"6'9""",0.68,plays_at_height
2019,Adrio Bailey,Arkansas,44861,6-6,"6'6""",78.0,79.36,"6'7""",1.36,plays_taller,79.36,"6'7""",1.36,plays_taller
2019,Milan Acquaah,Cal Baptist,44862,6-3,"6'3""",75.0,76.68,"6'5""",1.68,plays_taller,76.68,"6'5""",1.68,plays_taller
2019,Jeff Pollard,Washington St.,44864,6-9,"6'9""",81.0,76.93,"6'5""",-4.07,plays_shorter,76.93,"6'5""",-4.07,plays_shorter
2019,Anthony Lawrence II,Miami FL,44872,6-7,"6'7""",79.0,78.81,"6'7""",-0.19,plays_at_height,78.81,"6'7""",-0.19,plays_at_height
2019,Eugene Omoruyi,Rutgers,44878,6-7,"6'7""",79.0,79.2,"6'7""",0.2,plays_at_height,79.2,"6'7""",0.2,plays_at_height
2019,Christian Ellis,SIU Edwardsville,44912,6-2,"6'2""",74.0,76.93,"6'5""",2.93,plays_taller,76.93,"6'5""",2.93,plays_taller
2019,Brandon Jackson,SIU Edwardsville,44913,6-7,"6'7""",79.0,78.59,"6'7""",-0.41,plays_at_height,78.59,"6'7""",-0.41,plays_at_height
2019,Jared Stutzman,Idaho St.,44920,6-6,"6'6""",78.0,75.92,"6'4""",-2.08,plays_shorter,75.92,"6'4""",-2.08,plays_shorter
2019,Conner Toolson,Utah Valley,44921,6-4,"6'4""",76.0,76.37,"6'4""",0.37,plays_at_height,76.37,"6'4""",0.37,plays_at_height
2019,Andre Washington,Louisiana Monroe,44930,6-8,"6'8""",80.0,79.59,"6'8""",-0.41,plays_at_height,79.59,"6'8""",-0.41,plays_at_height
2019,Davion Thomas,Troy,44940,6-9,"6'9""",81.0,78.3,"6'6""",-2.7,plays_shorter,78.3,"6'6""",-2.7,plays_shorter
2019,LeSean Brown,Air Force,44941,6-2,"6'2""",74.0,75.55,"6'4""",1.55,plays_taller,75.55,"6'4""",1.55,plays_taller
2019,Baylee Steele,Utah Valley,44943,6-11,"6'11""",83.0,81.85,"6'10""",-1.15,plays_shorter,81.85,"6'10""",-1.15,plays_shorter
2019,Xavier Green,Old Dominion,44944,6-6,"6'6""",78.0,76.33,"6'4""",-1.67,plays_shorter,76.33,"6'4""",-1.67,plays_shorter
2019,Corey Douglas,VCU,44948,6-8,"6'8""",80.0,82.69,"6'11""",2.69,plays_taller,82.69,"6'11""",2.69,plays_taller
2019,DJ Laster,Gardner Webb,44992,6-6,"6'6""",78.0,79.31,"6'7""",1.31,plays_taller,79.31,"6'7""",1.31,plays_taller
2019,Antwan Maxwell,Youngstown St.,44999,6-7,"6'7""",79.0,76.85,"6'5""",-2.15,plays_shorter,76.85,"6'5""",-2.15,plays_shorter
2019,James Palmer Jr.,Nebraska,45002,6-6,"6'6""",78.0,77.71,"6'6""",-0.29,plays_at_height,77.71,"6'6""",-0.29,plays_at_height
2019,Tareq Coburn,Hofstra,45017,6-4,"6'4""",76.0,77.48,"6'5""",1.48,plays_taller,77.48,"6'5""",1.48,plays_taller
2019,Amadi Ikpeze,St. Bonaventure,45021,6-10,"6'10""",82.0,77.64,"6'6""",-4.36,plays_shorter,77.64,"6'6""",-4.36,plays_shorter
2019,De'Riante Jenkins,VCU,45028,6-5,"6'5""",77.0,77.44,"6'5""",0.44,plays_at_height,77.44,"6'5""",0.44,plays_at_height
2019,Malik Crowfield,VCU,45032,6-4,"6'4""",76.0,75.17,"6'3""",-0.83,plays_shorter,75.17,"6'3""",-0.83,plays_shorter
2019,Jimbo Lull,San Francisco,45063,7-0,"7'0""",84.0,80.79,"6'9""",-3.21,plays_shorter,80.79,"6'9""",-3.21,plays_shorter
2019,Charles Minlend,San Francisco,45066,6-4,"6'4""",76.0,77.94,"6'6""",1.94,plays_taller,77.94,"6'6""",1.94,plays_taller
2019,Jordan Ratinho,San Francisco,45067,6-5,"6'5""",77.0,75.97,"6'4""",-1.03,plays_shorter,75.97,"6'4""",-1.03,plays_shorter
2019,Remu Raitanen,San Francisco,45068,6-9,"6'9""",81.0,76.35,"6'4""",-4.65,plays_shorter,76.35,"6'4""",-4.65,plays_shorter
2019,Chance Anderson,Wagner,45069,6-7,"6'7""",79.0,79.86,"6'8""",0.86,plays_taller,79.86,"6'8""",0.86,plays_taller
2019,Mitchell Smith,Missouri,45080,6-10,"6'10""",82.0,78.92,"6'7""",-3.08,plays_shorter,78.92,"6'7""",-3.08,plays_shorter
2019,Justin Turner,Bowling Green,45081,6-4,"6'4""",76.0,75.58,"6'4""",-0.42,plays_at_height,75.58,"6'4""",-0.42,plays_at_height
2019,Dylan Frye,Bowling Green,45082,6-2,"6'2""",74.0,74.63,"6'3""",0.63,plays_at_height,74.63,"6'3""",0.63,plays_at_height
2019,Caleb Morris,Air Force,45084,6-4,"6'4""",76.0,75.56,"6'4""",-0.44,plays_at_height,75.56,"6'4""",-0.44,plays_at_height
2019,Kyle Mallers,Ball St.,45086,6-7,"6'7""",79.0,76.23,"6'4""",-2.77,plays_shorter,76.23,"6'4""",-2.77,plays_shorter
2019,Michael Hughes,Duquesne,45089,6-8,"6'8""",80.0,83.05,"6'11""",3.05,plays_taller,83.05,"6'11""",3.05,plays_taller
2019,Tavian Dunn-Martin,Duquesne,45090,5-8,"5'8""",68.0,74.15,"6'2""",6.15,plays_taller,74.15,"6'2""",6.15,plays_taller
2019,Malik Marquetti,Louisiana,45100,6-6,"6'6""",78.0,76.04,"6'4""",-1.96,plays_shorter,76.04,"6'4""",-1.96,plays_shorter
2019,Devonnte Holland,Radford,45105,6-7,"6'7""",79.0,78.26,"6'6""",-0.74,plays_at_height,78.26,"6'6""",-0.74,plays_at_height
2019,Isaiah Walton,Longwood,45132,6-5,"6'5""",77.0,77.85,"6'6""",0.85,plays_taller,77.85,"6'6""",0.85,plays_taller
2019,Marcus Stroman,Louisiana,45180,6-2,"6'2""",74.0,76.16,"6'4""",2.16,plays_taller,76.16,"6'4""",2.16,plays_taller
2019,Ty Jerome,Virginia,45185,6-5,"6'5""",77.0,75.98,"6'4""",-1.02,plays_shorter,75.98,"6'4""",-1.02,plays_shorter
2019,Cameron Lard,Iowa St.,45186,6-9,"6'9""",81.0,82.32,"6'10""",1.32,plays_taller,82.32,"6'10""",1.32,plays_taller
2019,Jay Huff,Virginia,45187,7-1,"7'1""",85.0,83.18,"6'11""",-1.82,plays_shorter,83.18,"6'11""",-1.82,plays_shorter
2019,De'Andre Hunter,Virginia,45188,6-7,"6'7""",79.0,79.35,"6'7""",0.35,plays_at_height,79.35,"6'7""",0.35,plays_at_height
2019,Udoka Azubuike,Kansas,45190,7-0,"7'0""",84.0,83.9,"7'0""",-0.1,plays_at_height,83.9,"7'0""",-0.1,plays_at_height
2019,Lysander Bracey,Hampton,45229,6-4,"6'4""",76.0,74.35,"6'2""",-1.65,plays_shorter,74.35,"6'2""",-1.65,plays_shorter
2019,Evan Wiley,Alabama A&M,45240,6-6,"6'6""",78.0,75.14,"6'3""",-2.86,plays_shorter,75.14,"6'3""",-2.86,plays_shorter
2019,Patrick Szpir,Chicago St.,45251,6-9,"6'9""",81.0,75.73,"6'4""",-5.27,plays_shorter,75.73,"6'4""",-5.27,plays_shorter
2019,Taze Moore,Cal St. Bakersfield,45252,6-5,"6'5""",77.0,79.37,"6'7""",2.37,plays_taller,79.37,"6'7""",2.37,plays_taller
2019,Justin Edler-Davis,Cal St. Bakersfield,45253,6-4,"6'4""",76.0,76.41,"6'4""",0.41,plays_at_height,76.41,"6'4""",0.41,plays_at_height
2019,Greg Lee,Cal St. Bakersfield,45254,6-9,"6'9""",81.0,77.83,"6'6""",-3.17,plays_shorter,77.83,"6'6""",-3.17,plays_shorter
2019,Christian Terrell,UC Santa Barbara,45256,6-5,"6'5""",77.0,77.37,"6'5""",0.37,plays_at_height,77.37,"6'5""",0.37,plays_at_height
2019,Myo Baxter-Bell,Liberty,45262,6-5,"6'5""",77.0,77.97,"6'6""",0.97,plays_taller,77.97,"6'6""",0.97,plays_taller
2019,Georgie Pacheco-Ortiz,Liberty,45264,6-1,"6'1""",73.0,74.47,"6'2""",1.47,plays_taller,74.47,"6'2""",1.47,plays_taller
2019,Jamal Wright,High Point,45266,5-11,"5'11""",71.0,74.94,"6'3""",3.94,plays_taller,74.94,"6'3""",3.94,plays_taller
2019,Austin Mueller,Wyoming,45267,6-6,"6'6""",78.0,77.32,"6'5""",-0.68,plays_at_height,77.32,"6'5""",-0.68,plays_at_height
2019,KJ Robinson,Nebraska Omaha,45272,6-0,"6'0""",72.0,74.32,"6'2""",2.32,plays_taller,74.32,"6'2""",2.32,plays_taller
2019,Elyjah Goss,IU Indy,45279,6-7,"6'7""",79.0,81.13,"6'9""",2.13,plays_taller,81.13,"6'9""",2.13,plays_taller
2019,RaySean Scott Jr.,Florida Gulf Coast,45282,6-7,"6'7""",79.0,79.28,"6'7""",0.28,plays_at_height,79.28,"6'7""",0.28,plays_at_height
2019,Shamorie Ponds,St. John's,45291,6-1,"6'1""",73.0,77.18,"6'5""",4.18,plays_taller,77.18,"6'5""",4.18,plays_taller
2019,Lorenzo Edwards,Saint Joseph's,45305,6-7,"6'7""",79.0,79.43,"6'7""",0.43,plays_at_height,79.43,"6'7""",0.43,plays_at_height
2019,Charlie Brown,Saint Joseph's,45306,6-7,"6'7""",79.0,78.19,"6'6""",-0.81,plays_shorter,78.19,"6'6""",-0.81,plays_shorter
2019,Grant Golden,Richmond,45309,6-10,"6'10""",82.0,79.32,"6'7""",-2.68,plays_shorter,79.32,"6'7""",-2.68,plays_shorter
2019,Danjel Purifoy,Auburn,45314,6-7,"6'7""",79.0,76.36,"6'4""",-2.64,plays_shorter,76.36,"6'4""",-2.64,plays_shorter
2019,Troy Harper,Drexel,45317,6-1,"6'1""",73.0,75.85,"6'4""",2.85,plays_taller,75.85,"6'4""",2.85,plays_taller
2019,Jared Harper,Auburn,45330,5-11,"5'11""",71.0,75.87,"6'4""",4.87,plays_taller,75.87,"6'4""",4.87,plays_taller
2019,Houston Smith,Bethune Cookman,45343,6-4,"6'4""",76.0,76.71,"6'5""",0.71,plays_at_height,76.71,"6'5""",0.71,plays_at_height
2019,Chance Garvin,Idaho,45345,6-4,"6'4""",76.0,74.28,"6'2""",-1.72,plays_shorter,74.28,"6'2""",-1.72,plays_shorter
2019,Anfernee McLemore,Auburn,45352,6-7,"6'7""",79.0,81.35,"6'9""",2.35,plays_taller,81.35,"6'9""",2.35,plays_taller
2019,Elijah Schmidt,Texas A&M Corpus Chris,45354,6-8,"6'8""",80.0,80.1,"6'8""",0.1,plays_at_height,80.1,"6'8""",0.1,plays_at_height
2019,Jeremiah Bozeman,Jackson St.,45366,6-2,"6'2""",74.0,74.98,"6'3""",0.98,plays_taller,74.98,"6'3""",0.98,plays_taller
2019,Elijah Thomas,Clemson,45386,6-9,"6'9""",81.0,84.74,"7'1""",3.74,plays_taller,84.74,"7'1""",3.74,plays_taller
2019,Kinnon LaRose,Sacred Heart,45389,6-3,"6'3""",75.0,76.61,"6'5""",1.61,plays_taller,76.61,"6'5""",1.61,plays_taller
2019,Markell Johnson,N.C. State,45394,6-1,"6'1""",73.0,76.96,"6'5""",3.96,plays_taller,76.96,"6'5""",3.96,plays_taller
2019,Anthony Gaston,Grambling St.,45452,6-4,"6'4""",76.0,75.98,"6'4""",-0.02,plays_at_height,75.98,"6'4""",-0.02,plays_at_height
2019,Ivy Smith Jr.,Grambling St.,45455,6-0,"6'0""",72.0,75.63,"6'4""",3.63,plays_taller,75.63,"6'4""",3.63,plays_taller
2019,JC Younger,Presbyterian,45459,6-4,"6'4""",76.0,74.28,"6'2""",-1.72,plays_shorter,74.28,"6'2""",-1.72,plays_shorter
2019,Armel TeTe,Presbyterian,45461,6-9,"6'9""",81.0,77.56,"6'6""",-3.44,plays_shorter,77.56,"6'6""",-3.44,plays_shorter
2019,Jayden Hodgson,Bradley,45465,6-3,"6'3""",75.0,73.41,"6'1""",-1.59,plays_shorter,73.41,"6'1""",-1.59,plays_shorter
2019,Solomon Hainna,UT Rio Grande Valley,45471,6-7,"6'7""",79.0,77.56,"6'6""",-1.44,plays_shorter,77.56,"6'6""",-1.44,plays_shorter
2019,Jaiveon Eaves,Murray St.,45472,6-2,"6'2""",74.0,75.56,"6'4""",1.56,plays_taller,75.56,"6'4""",1.56,plays_taller
2019,Ashtyn Bradley,LIU,45476,6-4,"6'4""",76.0,73.5,"6'1""",-2.5,plays_shorter,73.5,"6'1""",-2.5,plays_shorter
2019,"Randy Miller, Jr.",North Carolina Central,45477,6-2,"6'2""",74.0,74.71,"6'3""",0.71,plays_at_height,74.71,"6'3""",0.71,plays_at_height
2019,Kaleb Bishop,Fairleigh Dickinson,45479,6-8,"6'8""",80.0,80.04,"6'8""",0.04,plays_at_height,80.04,"6'8""",0.04,plays_at_height
2019,Julian Batts,LIU,45481,5-11,"5'11""",71.0,75.46,"6'3""",4.46,plays_taller,75.46,"6'3""",4.46,plays_taller
2019,Jashaun Agosto,LIU,45482,5-11,"5'11""",71.0,74.72,"6'3""",3.72,plays_taller,74.72,"6'3""",3.72,plays_taller
2019,Mahamadou Kaba-Camara,Cal St. Northridge,45514,7-0,"7'0""",84.0,78.17,"6'6""",-5.83,plays_shorter,78.17,"6'6""",-5.83,plays_shorter
2019,Keshon Montague,Western Illinois,45525,6-0,"6'0""",72.0,72.75,"6'1""",0.75,plays_taller,72.75,"6'1""",0.75,plays_taller
2019,Erik Johansson,Loyola Marymount,45526,6-6,"6'6""",78.0,72.73,"6'1""",-5.27,plays_shorter,72.73,"6'1""",-5.27,plays_shorter
2019,Craig LeCesne,San Jose St.,45528,6-9,"6'9""",81.0,76.17,"6'4""",-4.83,plays_shorter,76.17,"6'4""",-4.83,plays_shorter
2019,Malcolm Porter,Portland,45531,6-4,"6'4""",76.0,75.39,"6'3""",-0.61,plays_at_height,75.39,"6'3""",-0.61,plays_at_height
2019,Trey Lenox,Abilene Christian,45534,6-3,"6'3""",75.0,74.11,"6'2""",-0.89,plays_shorter,74.11,"6'2""",-0.89,plays_shorter
2019,Payten Ricks,Abilene Christian,45535,6-2,"6'2""",74.0,75.83,"6'4""",1.83,plays_taller,75.83,"6'4""",1.83,plays_taller
2019,Balint Mocsan,Idaho St.,45540,6-3,"6'3""",75.0,75.61,"6'4""",0.61,plays_at_height,75.61,"6'4""",0.61,plays_at_height
2019,Clay Mounce,Furman,45542,6-7,"6'7""",79.0,79.42,"6'7""",0.42,plays_at_height,79.42,"6'7""",0.42,plays_at_height
2019,Isaiah Pineiro,San Diego,45552,6-7,"6'7""",79.0,80.38,"6'8""",1.38,plays_taller,80.38,"6'8""",1.38,plays_taller
2019,Aubrey Dawkins,UCF,45557,6-6,"6'6""",78.0,77.8,"6'6""",-0.2,plays_at_height,77.8,"6'6""",-0.2,plays_at_height
2019,Ricky Doyle,Florida Gulf Coast,45559,6-10,"6'10""",82.0,77.33,"6'5""",-4.67,plays_shorter,77.33,"6'5""",-4.67,plays_shorter
2019,Max Strus,DePaul,45565,6-6,"6'6""",78.0,77.73,"6'6""",-0.27,plays_at_height,77.73,"6'6""",-0.27,plays_at_height
2019,Algevon Eichelberger,Cleveland St.,45568,6-8,"6'8""",80.0,78.99,"6'7""",-1.01,plays_shorter,78.99,"6'7""",-1.01,plays_shorter
2019,Myles Powell,Seton Hall,45572,6-2,"6'2""",74.0,77.08,"6'5""",3.08,plays_taller,77.08,"6'5""",3.08,plays_taller
2019,Daniel Giddens,Alabama,45589,6-11,"6'11""",83.0,79.26,"6'7""",-3.74,plays_shorter,79.26,"6'7""",-3.74,plays_shorter
2019,Larry Motuzis,American,45602,6-6,"6'6""",78.0,77.18,"6'5""",-0.82,plays_shorter,77.18,"6'5""",-0.82,plays_shorter
2019,Addison Hill,East Carolina,45603,6-3,"6'3""",75.0,75.29,"6'3""",0.29,plays_at_height,75.29,"6'3""",0.29,plays_at_height
2019,Cartier Diarra,Kansas St.,45619,6-4,"6'4""",76.0,77.98,"6'6""",1.98,plays_taller,77.98,"6'6""",1.98,plays_taller
2019,Mitch Lightfoot,Kansas,45620,6-8,"6'8""",80.0,81.99,"6'10""",1.99,plays_taller,81.99,"6'10""",1.99,plays_taller
2019,Christian Turner,Gardner Webb,45624,5-10,"5'10""",70.0,75.01,"6'3""",5.01,plays_taller,75.01,"6'3""",5.01,plays_taller
2019,Nate Johnson,Gardner Webb,45625,6-4,"6'4""",76.0,77.28,"6'5""",1.28,plays_taller,77.28,"6'5""",1.28,plays_taller
2019,Devearl Ramsey,UC Santa Barbara,45629,6-0,"6'0""",72.0,76.39,"6'4""",4.39,plays_taller,76.39,"6'4""",4.39,plays_taller
2019,Alex Robinson,TCU,45636,6-1,"6'1""",73.0,77.0,"6'5""",4.0,plays_taller,77.0,"6'5""",4.0,plays_taller
2019,Drew Buggs,Hawaii,45642,6-3,"6'3""",75.0,76.55,"6'5""",1.55,plays_taller,76.55,"6'5""",1.55,plays_taller
2019,Leland Green,Hawaii,45643,6-2,"6'2""",74.0,75.74,"6'4""",1.74,plays_taller,75.74,"6'4""",1.74,plays_taller
2019,Saul Phiri,La Salle,45645,6-4,"6'4""",76.0,76.12,"6'4""",0.12,plays_at_height,76.12,"6'4""",0.12,plays_at_height
2019,Deivydas Kuzavas,Saint Francis,45646,6-10,"6'10""",82.0,79.28,"6'7""",-2.72,plays_shorter,79.28,"6'7""",-2.72,plays_shorter
2019,Keith Braxton,Saint Francis,45647,6-4,"6'4""",76.0,78.59,"6'7""",2.59,plays_taller,78.59,"6'7""",2.59,plays_taller
2019,Randall Gaskins Jr.,Saint Francis,45648,6-3,"6'3""",75.0,74.26,"6'2""",-0.74,plays_at_height,74.26,"6'2""",-0.74,plays_at_height
2019,Cori Johnson,St. Francis NY,45650,6-9,"6'9""",81.0,78.88,"6'7""",-2.12,plays_shorter,78.88,"6'7""",-2.12,plays_shorter
2019,Lamonte Bearden,Western Kentucky,45667,6-3,"6'3""",75.0,75.13,"6'3""",0.13,plays_at_height,75.13,"6'3""",0.13,plays_at_height
2019,Yoeli Childs,BYU,45693,6-8,"6'8""",80.0,82.07,"6'10""",2.07,plays_taller,82.07,"6'10""",2.07,plays_taller
2019,Nathan Hoover,Wofford,45695,6-4,"6'4""",76.0,74.83,"6'3""",-1.17,plays_shorter,74.83,"6'3""",-1.17,plays_shorter
2019,Kevon Tucker,East Tennessee St.,45697,6-3,"6'3""",75.0,76.13,"6'4""",1.13,plays_taller,76.13,"6'4""",1.13,plays_taller
2019,Onno Steger,Western Carolina,45699,6-5,"6'5""",77.0,75.96,"6'4""",-1.04,plays_shorter,75.96,"6'4""",-1.04,plays_shorter
2019,Donovan Theme-Love,Wofford,45700,6-1,"6'1""",73.0,75.8,"6'4""",2.8,plays_taller,75.8,"6'4""",2.8,plays_taller
2019,T.J. Atwood,Lamar,45705,6-6,"6'6""",78.0,78.37,"6'6""",0.37,plays_at_height,78.37,"6'6""",0.37,plays_at_height
2019,Sayeed Pridgett,Montana,45731,6-5,"6'5""",77.0,78.49,"6'6""",1.49,plays_taller,78.49,"6'6""",1.49,plays_taller
2019,Trevon Allen,Idaho,45734,6-2,"6'2""",74.0,75.84,"6'4""",1.84,plays_taller,75.84,"6'4""",1.84,plays_taller
2019,Mason Peatling,Eastern Washington,45736,6-8,"6'8""",80.0,80.14,"6'8""",0.14,plays_at_height,80.14,"6'8""",0.14,plays_at_height
2019,D.J. Jones,Florida A&M,45744,6-9,"6'9""",81.0,79.49,"6'7""",-1.51,plays_shorter,79.49,"6'7""",-1.51,plays_shorter
2019,Harald Frey,Montana St.,45745,6-1,"6'1""",73.0,75.51,"6'4""",2.51,plays_taller,75.51,"6'4""",2.51,plays_taller
2019,Devin Kirby,Montana St.,45746,6-11,"6'11""",83.0,79.82,"6'8""",-3.18,plays_shorter,79.82,"6'8""",-3.18,plays_shorter
2019,Frank Howard,Syracuse,45767,6-5,"6'5""",77.0,74.85,"6'3""",-2.15,plays_shorter,74.85,"6'3""",-2.15,plays_shorter
2019,Isaiah Nichols,San Jose St.,45814,6-5,"6'5""",77.0,75.92,"6'4""",-1.08,plays_shorter,75.92,"6'4""",-1.08,plays_shorter
2019,Cheickna Dembele,UNLV,45817,6-11,"6'11""",83.0,79.09,"6'7""",-3.91,plays_shorter,79.09,"6'7""",-3.91,plays_shorter
2019,Kris Clyburn,UNLV,45819,6-6,"6'6""",78.0,77.52,"6'6""",-0.48,plays_at_height,77.52,"6'6""",-0.48,plays_at_height
2019,Kenny Cooper,Lipscomb,45823,6-0,"6'0""",72.0,76.07,"6'4""",4.07,plays_taller,76.07,"6'4""",4.07,plays_taller
2019,Michael Buckland,Lipscomb,45825,6-4,"6'4""",76.0,75.92,"6'4""",-0.08,plays_at_height,75.92,"6'4""",-0.08,plays_at_height
2019,Zach Cameron,Pacific,45826,6-10,"6'10""",82.0,79.83,"6'8""",-2.17,plays_shorter,79.83,"6'8""",-2.17,plays_shorter
2019,Shyquan Gibbs,NJIT,45830,6-1,"6'1""",73.0,74.85,"6'3""",1.85,plays_taller,74.85,"6'3""",1.85,plays_taller
2019,Lachlan Anderson,Eastern Kentucky,45833,6-8,"6'8""",80.0,78.49,"6'6""",-1.51,plays_shorter,78.49,"6'6""",-1.51,plays_shorter
2019,Nick Hopkins,Belmont,45835,6-0,"6'0""",72.0,74.48,"6'2""",2.48,plays_taller,74.48,"6'2""",2.48,plays_taller
2019,Asante Gist,Iona,45841,5-11,"5'11""",71.0,74.29,"6'2""",3.29,plays_taller,74.29,"6'2""",3.29,plays_taller
2019,Seth Fuller,Elon,45843,5-11,"5'11""",71.0,74.6,"6'3""",3.6,plays_taller,74.6,"6'3""",3.6,plays_taller
2019,Jaylen McManus,Charleston,45854,6-7,"6'7""",79.0,77.94,"6'6""",-1.06,plays_shorter,77.94,"6'6""",-1.06,plays_shorter
2019,Paul White,Oregon,45860,6-9,"6'9""",81.0,76.78,"6'5""",-4.22,plays_shorter,76.78,"6'5""",-4.22,plays_shorter
2019,Justin Hopkins,Texas Southern,45906,6-5,"6'5""",77.0,77.91,"6'6""",0.91,plays_taller,77.91,"6'6""",0.91,plays_taller
2019,Josh Sharkey,Samford,45909,5-10,"5'10""",70.0,75.85,"6'4""",5.85,plays_taller,75.85,"6'4""",5.85,plays_taller
2019,Kyrin Galloway,UNC Greensboro,45911,6-8,"6'8""",80.0,79.81,"6'8""",-0.19,plays_at_height,79.81,"6'8""",-0.19,plays_at_height
2019,Malik Massey,UNC Greensboro,45912,6-3,"6'3""",75.0,74.39,"6'2""",-0.61,plays_at_height,74.39,"6'2""",-0.61,plays_at_height
2019,Garrett Sams,North Florida,45914,6-7,"6'7""",79.0,76.72,"6'5""",-2.28,plays_shorter,76.72,"6'5""",-2.28,plays_shorter
2019,Garrett Gilkeson,VMI,45915,6-4,"6'4""",76.0,77.16,"6'5""",1.16,plays_taller,77.16,"6'5""",1.16,plays_taller
2019,Patrick Benzan,Holy Cross,45921,5-11,"5'11""",71.0,74.78,"6'3""",3.78,plays_taller,74.78,"6'3""",3.78,plays_taller
2019,Patrick Tape,Columbia,45926,6-10,"6'10""",82.0,81.84,"6'10""",-0.16,plays_at_height,81.84,"6'10""",-0.16,plays_at_height
2019,Jordan Bell,Loyola Marymount,45936,6-8,"6'8""",80.0,78.63,"6'7""",-1.37,plays_shorter,78.63,"6'7""",-1.37,plays_shorter
2019,Jacob Guest,Northwestern St.,45937,6-4,"6'4""",76.0,73.92,"6'2""",-2.08,plays_shorter,73.92,"6'2""",-2.08,plays_shorter
2019,Brendan Rumel,Portland St.,45947,6-10,"6'10""",82.0,78.72,"6'7""",-3.28,plays_shorter,78.72,"6'7""",-3.28,plays_shorter
2019,Michael Mayhew,Portland St.,45948,6-2,"6'2""",74.0,74.74,"6'3""",0.74,plays_at_height,74.74,"6'3""",0.74,plays_at_height
2019,Chibueze Jacobs,Sacramento St.,45951,6-4,"6'4""",76.0,78.02,"6'6""",2.02,plays_taller,78.02,"6'6""",2.02,plays_taller
2019,Keljin Blevins,Montana St.,45967,6-6,"6'6""",78.0,78.09,"6'6""",0.09,plays_at_height,78.09,"6'6""",0.09,plays_at_height
2019,Mustapha Heron,St. John's,46004,6-5,"6'5""",77.0,77.77,"6'6""",0.77,plays_taller,77.77,"6'6""",0.77,plays_taller
2019,Brachen Hazen,Ball St.,46010,6-8,"6'8""",80.0,79.21,"6'7""",-0.79,plays_shorter,79.21,"6'7""",-0.79,plays_shorter
2019,Trey Carver,Hampton,46011,6-5,"6'5""",77.0,76.59,"6'5""",-0.41,plays_at_height,76.59,"6'5""",-0.41,plays_at_height
2019,Soufiyane Diakite,Bethune Cookman,46048,6-6,"6'6""",78.0,79.35,"6'7""",1.35,plays_taller,79.35,"6'7""",1.35,plays_taller
2019,Djimon Henson,Morehead St.,46050,6-3,"6'3""",75.0,73.86,"6'2""",-1.14,plays_shorter,73.86,"6'2""",-1.14,plays_shorter
2019,Dondre Griffin,Hampton,46055,6-3,"6'3""",75.0,73.89,"6'2""",-1.11,plays_shorter,73.89,"6'2""",-1.11,plays_shorter
2019,Tyson Carter,Mississippi St.,46089,6-4,"6'4""",76.0,76.33,"6'4""",0.33,plays_at_height,76.33,"6'4""",0.33,plays_at_height
2019,Abdul Ado,Mississippi St.,46092,6-11,"6'11""",83.0,81.81,"6'10""",-1.19,plays_shorter,81.81,"6'10""",-1.19,plays_shorter
2019,Preston Parks,Tennessee Martin,46136,6-2,"6'2""",74.0,74.59,"6'3""",0.59,plays_at_height,74.59,"6'3""",0.59,plays_at_height
2019,Ezekiel Balogun,North Florida,46138,6-6,"6'6""",78.0,80.0,"6'8""",2.0,plays_taller,80.0,"6'8""",2.0,plays_taller
2019,Kaelon Harris,The Citadel,46142,6-4,"6'4""",76.0,77.98,"6'6""",1.98,plays_taller,77.98,"6'6""",1.98,plays_taller
2019,Khalill Spencer,Jackson St.,46146,6-4,"6'4""",76.0,77.1,"6'5""",1.1,plays_taller,77.1,"6'5""",1.1,plays_taller
2019,Quinton Rose,Temple,46150,6-8,"6'8""",80.0,77.62,"6'6""",-2.38,plays_shorter,77.62,"6'6""",-2.38,plays_shorter
2019,Damion Moore,Temple,46151,6-11,"6'11""",83.0,80.23,"6'8""",-2.77,plays_shorter,80.23,"6'8""",-2.77,plays_shorter
2019,Alani Moore II,Temple,46153,5-10,"5'10""",70.0,74.4,"6'2""",4.4,plays_taller,74.4,"6'2""",4.4,plays_taller
2019,V.J. Holmes,Lamar,46154,6-4,"6'4""",76.0,77.66,"6'6""",1.66,plays_taller,77.66,"6'6""",1.66,plays_taller
2019,Jaylen Fornes,UNC Wilmington,46155,6-3,"6'3""",75.0,75.44,"6'3""",0.44,plays_at_height,75.44,"6'3""",0.44,plays_at_height
2019,Eli Pemberton,Hofstra,46158,6-5,"6'5""",77.0,76.81,"6'5""",-0.19,plays_at_height,76.81,"6'5""",-0.19,plays_at_height
2019,Stafford Trueheart,Hofstra,46159,6-8,"6'8""",80.0,77.94,"6'6""",-2.06,plays_shorter,77.94,"6'6""",-2.06,plays_shorter
2019,Dejuan Clayton,Coppin St.,46161,6-2,"6'2""",74.0,74.87,"6'3""",0.87,plays_taller,74.87,"6'3""",0.87,plays_taller
2019,Evan Wieck,Navy,46163,6-8,"6'8""",80.0,78.49,"6'6""",-1.51,plays_shorter,78.49,"6'6""",-1.51,plays_shorter
2019,Brandon Suggs,UMKC,46171,6-8,"6'8""",80.0,79.57,"6'8""",-0.43,plays_at_height,79.57,"6'8""",-0.43,plays_at_height
2019,Bryce Barnes,Milwaukee,46172,5-11,"5'11""",71.0,74.59,"6'3""",3.59,plays_taller,74.59,"6'3""",3.59,plays_taller
2019,Jeremiah Bell,UAB,46173,6-1,"6'1""",73.0,75.44,"6'3""",2.44,plays_taller,75.44,"6'3""",2.44,plays_taller
2019,Cole Long,Detroit Mercy,46177,6-8,"6'8""",80.0,77.67,"6'6""",-2.33,plays_shorter,77.67,"6'6""",-2.33,plays_shorter
2019,Kam Hankerson,Green Bay,46179,6-5,"6'5""",77.0,77.27,"6'5""",0.27,plays_at_height,77.27,"6'5""",0.27,plays_at_height
2019,Shizz Alston Jr.,Temple,46210,6-4,"6'4""",76.0,76.4,"6'4""",0.4,plays_at_height,76.4,"6'4""",0.4,plays_at_height
2019,Dejan Vasiljevic,Miami FL,46261,6-3,"6'3""",75.0,75.57,"6'4""",0.57,plays_at_height,75.57,"6'4""",0.57,plays_at_height
2019,Bruce Moore,Bucknell,46267,6-8,"6'8""",80.0,78.5,"6'7""",-1.5,plays_shorter,78.5,"6'7""",-1.5,plays_shorter
2019,Avi Toomer,Bucknell,46268,6-3,"6'3""",75.0,76.43,"6'4""",1.43,plays_taller,76.43,"6'4""",1.43,plays_taller
2019,Tyler Scanlon,Boston University,46270,6-7,"6'7""",79.0,77.24,"6'5""",-1.76,plays_shorter,77.24,"6'5""",-1.76,plays_shorter
2019,Max Mahoney,Boston University,46272,6-8,"6'8""",80.0,80.51,"6'9""",0.51,plays_at_height,80.51,"6'9""",0.51,plays_at_height
2019,Mark Gasperini,American,46273,6-10,"6'10""",82.0,77.33,"6'5""",-4.67,plays_shorter,77.33,"6'5""",-4.67,plays_shorter
2019,Sa'eed Nelson,American,46276,6-2,"6'2""",74.0,78.23,"6'6""",4.23,plays_taller,78.23,"6'6""",4.23,plays_taller
2019,Marcus Dickinson,Boise St.,46289,6-2,"6'2""",74.0,75.09,"6'3""",1.09,plays_taller,75.09,"6'3""",1.09,plays_taller
2019,Alex Hobbs,Boise St.,46294,6-4,"6'4""",76.0,75.39,"6'3""",-0.61,plays_at_height,75.39,"6'3""",-0.61,plays_at_height
2019,Maik Kotsar,South Carolina,46309,6-11,"6'11""",83.0,78.84,"6'7""",-4.16,plays_shorter,78.84,"6'7""",-4.16,plays_shorter
2019,Sedee Keita,St. John's,46310,6-9,"6'9""",81.0,78.97,"6'7""",-2.03,plays_shorter,78.97,"6'7""",-2.03,plays_shorter
2019,Hassani Gravett,South Carolina,46312,6-2,"6'2""",74.0,75.67,"6'4""",1.67,plays_taller,75.67,"6'4""",1.67,plays_taller
2019,Jordan Geist,Missouri,46315,6-2,"6'2""",74.0,76.26,"6'4""",2.26,plays_taller,76.26,"6'4""",2.26,plays_taller
2019,Reed Nikko,Missouri,46316,6-10,"6'10""",82.0,80.14,"6'8""",-1.86,plays_shorter,80.14,"6'8""",-1.86,plays_shorter
2019,Pat Andree,Lehigh,46348,6-8,"6'8""",80.0,76.45,"6'4""",-3.55,plays_shorter,76.45,"6'4""",-3.55,plays_shorter
2019,Kyle Stout,Lafayette,46349,6-6,"6'6""",78.0,75.02,"6'3""",-2.98,plays_shorter,75.02,"6'3""",-2.98,plays_shorter
2019,Myles Cherry,Lafayette,46352,6-8,"6'8""",80.0,77.54,"6'6""",-2.46,plays_shorter,77.54,"6'6""",-2.46,plays_shorter
2019,Jordan Cohen,Lehigh,46354,6-1,"6'1""",73.0,75.95,"6'4""",2.95,plays_taller,75.95,"6'4""",2.95,plays_taller
2019,Lukas Jarrett,Lafayette,46356,6-7,"6'7""",79.0,80.03,"6'8""",1.03,plays_taller,80.03,"6'8""",1.03,plays_taller
2019,Brevin Galloway,Charleston,46357,6-2,"6'2""",74.0,76.68,"6'5""",2.68,plays_taller,76.68,"6'5""",2.68,plays_taller
2019,Chevez Goodwin,Wofford,46358,6-9,"6'9""",81.0,81.34,"6'9""",0.34,plays_at_height,81.34,"6'9""",0.34,plays_at_height
2019,Jackson Rowe,Cal St. Fullerton,46362,6-7,"6'7""",79.0,80.14,"6'8""",1.14,plays_taller,80.14,"6'8""",1.14,plays_taller
2019,Mike Henn,Cal Baptist,46366,6-8,"6'8""",80.0,77.12,"6'5""",-2.88,plays_shorter,77.12,"6'5""",-2.88,plays_shorter
2019,Devon Brewer,Alcorn St.,46376,6-8,"6'8""",80.0,79.33,"6'7""",-0.67,plays_at_height,79.33,"6'7""",-0.67,plays_at_height
2019,Artavious McDyess,Arkansas Pine Bluff,46382,6-10,"6'10""",82.0,78.11,"6'6""",-3.89,plays_shorter,78.11,"6'6""",-3.89,plays_shorter
2019,K.J. Santos,Missouri,46399,6-8,"6'8""",80.0,76.59,"6'5""",-3.41,plays_shorter,76.59,"6'5""",-3.41,plays_shorter
2019,Tarkus Ferguson,Illinois Chicago,46400,6-4,"6'4""",76.0,77.94,"6'6""",1.94,plays_taller,77.94,"6'6""",1.94,plays_taller
2019,Wajid Aminu,North Florida,46427,6-7,"6'7""",79.0,81.86,"6'10""",2.86,plays_taller,81.86,"6'10""",2.86,plays_taller
2019,Jahaad Proctor,High Point,46431,6-3,"6'3""",75.0,75.54,"6'4""",0.54,plays_at_height,75.54,"6'4""",0.54,plays_at_height
2019,Lyrik Shreiner,DePaul,46440,6-3,"6'3""",75.0,74.87,"6'3""",-0.13,plays_at_height,74.87,"6'3""",-0.13,plays_at_height
2019,Kevin Degnan,Siena,46487,6-9,"6'9""",81.0,77.98,"6'6""",-3.02,plays_shorter,77.98,"6'6""",-3.02,plays_shorter
2019,Jarron Cumberland,Cincinnati,46504,6-5,"6'5""",77.0,77.79,"6'6""",0.79,plays_taller,77.79,"6'6""",0.79,plays_taller
2019,Shawn Williams,East Carolina,46507,6-1,"6'1""",73.0,73.67,"6'2""",0.67,plays_at_height,73.67,"6'2""",0.67,plays_at_height
2019,Nik Popovic,Boston College,46509,6-11,"6'11""",83.0,80.09,"6'8""",-2.91,plays_shorter,80.09,"6'8""",-2.91,plays_shorter
2019,Ky Bowman,Boston College,46510,6-1,"6'1""",73.0,78.01,"6'6""",5.01,plays_taller,78.01,"6'6""",5.01,plays_taller
2019,Charles Matthews,Michigan,46551,6-6,"6'6""",78.0,79.65,"6'8""",1.65,plays_taller,79.65,"6'8""",1.65,plays_taller
2019,Dylan Carl,Purdue Fort Wayne,46552,6-11,"6'11""",83.0,79.5,"6'7""",-3.5,plays_shorter,79.5,"6'7""",-3.5,plays_shorter
2019,Ty Groce,Eastern Michigan,46558,6-7,"6'7""",79.0,78.32,"6'6""",-0.68,plays_at_height,78.32,"6'6""",-0.68,plays_at_height
2019,Chris Lester,New Hampshire,46564,6-6,"6'6""",78.0,77.66,"6'6""",-0.34,plays_at_height,77.66,"6'6""",-0.34,plays_at_height
2019,Cyril Langevine,Rhode Island,46567,6-8,"6'8""",80.0,82.61,"6'11""",2.61,plays_taller,82.61,"6'11""",2.61,plays_taller
2019,Tyere Marshall,Rider,46568,6-9,"6'9""",81.0,79.81,"6'8""",-1.19,plays_shorter,79.81,"6'8""",-1.19,plays_shorter
2019,Dimencio Vaughn,Rider,46569,6-5,"6'5""",77.0,78.35,"6'6""",1.35,plays_taller,78.35,"6'6""",1.35,plays_taller
2019,Brandon Carroll,Bryant,46574,6-7,"6'7""",79.0,77.58,"6'6""",-1.42,plays_shorter,77.58,"6'6""",-1.42,plays_shorter
2019,Ryan Pippins,Little Rock,46580,6-0,"6'0""",72.0,74.96,"6'3""",2.96,plays_taller,74.96,"6'3""",2.96,plays_taller
2019,Shandon Goldman,Northern Iowa,46582,6-10,"6'10""",82.0,78.07,"6'6""",-3.93,plays_shorter,78.07,"6'6""",-3.93,plays_shorter
2019,Nelson Nweke,North Carolina A&T,46587,6-9,"6'9""",81.0,77.74,"6'6""",-3.26,plays_shorter,77.74,"6'6""",-3.26,plays_shorter
2019,Lindy Waters III,Oklahoma St.,46593,6-6,"6'6""",78.0,76.59,"6'5""",-1.41,plays_shorter,76.59,"6'5""",-1.41,plays_shorter
2019,Jaylen Fisher,TCU,46594,6-2,"6'2""",74.0,75.11,"6'3""",1.11,plays_taller,75.11,"6'3""",1.11,plays_taller
2019,Desmond Bane,TCU,46595,6-5,"6'5""",77.0,78.42,"6'6""",1.42,plays_taller,78.42,"6'6""",1.42,plays_taller
2019,Josh Parrish,Rice,46596,6-5,"6'5""",77.0,78.34,"6'6""",1.34,plays_taller,78.34,"6'6""",1.34,plays_taller
2019,Thomas Dziagwa,Oklahoma St.,46599,6-4,"6'4""",76.0,73.99,"6'2""",-2.01,plays_shorter,73.99,"6'2""",-2.01,plays_shorter
2019,Cameron McGriff,Oklahoma St.,46600,6-7,"6'7""",79.0,79.47,"6'7""",0.47,plays_at_height,79.47,"6'7""",0.47,plays_at_height
2019,Michael Bibby,Appalachian St.,46648,6-3,"6'3""",75.0,73.35,"6'1""",-1.65,plays_shorter,73.35,"6'1""",-1.65,plays_shorter
2019,Ceasar DeJesus,UCF,46652,6-2,"6'2""",74.0,75.67,"6'4""",1.67,plays_taller,75.67,"6'4""",1.67,plays_taller
2019,Jordan Blount,Illinois Chicago,46654,6-8,"6'8""",80.0,78.94,"6'7""",-1.06,plays_shorter,78.94,"6'7""",-1.06,plays_shorter
2019,Godwin Boahen,Illinois Chicago,46655,5-11,"5'11""",71.0,75.52,"6'4""",4.52,plays_taller,75.52,"6'4""",4.52,plays_taller
2019,Caleb Martin,Nevada,46680,6-7,"6'7""",79.0,78.6,"6'7""",-0.4,plays_at_height,78.6,"6'7""",-0.4,plays_at_height
2019,Cody Martin,Nevada,46681,6-7,"6'7""",79.0,78.31,"6'6""",-0.69,plays_at_height,78.31,"6'6""",-0.69,plays_at_height
2019,Devonte Campbell,Albany,46710,6-6,"6'6""",78.0,76.34,"6'4""",-1.66,plays_shorter,76.34,"6'4""",-1.66,plays_shorter
2019,Curtis Jones,Oklahoma St.,46714,6-4,"6'4""",76.0,75.54,"6'4""",-0.46,plays_at_height,75.54,"6'4""",-0.46,plays_at_height
2019,Devonte Green,Indiana,46718,6-3,"6'3""",75.0,77.08,"6'5""",2.08,plays_taller,77.08,"6'5""",2.08,plays_taller
2019,Nysier Brooks,Cincinnati,46727,6-11,"6'11""",83.0,83.44,"6'11""",0.44,plays_at_height,83.44,"6'11""",0.44,plays_at_height
2019,Evan Hinson,South Carolina,46769,6-4,"6'4""",76.0,76.19,"6'4""",0.19,plays_at_height,76.19,"6'4""",0.19,plays_at_height
2019,Isaiah Brown,Northern Iowa,46788,6-7,"6'7""",79.0,76.94,"6'5""",-2.06,plays_shorter,76.94,"6'5""",-2.06,plays_shorter
2019,Jeremiah Usiosefe,Western Illinois,46807,6-5,"6'5""",77.0,75.01,"6'3""",-1.99,plays_shorter,75.01,"6'3""",-1.99,plays_shorter
2019,Chris Howell,Jackson St.,46809,6-4,"6'4""",76.0,78.56,"6'7""",2.56,plays_taller,78.56,"6'7""",2.56,plays_taller
2019,Sergio El Darwich,Maine,46810,6-4,"6'4""",76.0,77.33,"6'5""",1.33,plays_taller,77.33,"6'5""",1.33,plays_taller
2019,Trey Burch-Manning,South Dakota,46812,6-6,"6'6""",78.0,77.78,"6'6""",-0.22,plays_at_height,77.78,"6'6""",-0.22,plays_at_height
2019,Tyler Peterson,South Dakota,46814,6-4,"6'4""",76.0,77.5,"6'6""",1.5,plays_taller,77.5,"6'6""",1.5,plays_taller
2019,Brandon Armstrong,South Dakota,46815,6-5,"6'5""",77.0,74.98,"6'3""",-2.02,plays_shorter,74.98,"6'3""",-2.02,plays_shorter
2019,Triston Simpson,South Dakota,46816,6-2,"6'2""",74.0,75.41,"6'3""",1.41,plays_taller,75.41,"6'3""",1.41,plays_taller
2019,Loudon Love,Wright St.,46832,6-9,"6'9""",81.0,81.52,"6'10""",0.52,plays_at_height,81.52,"6'10""",0.52,plays_at_height
2019,Jaume Sorolla,Valparaiso,46843,7-0,"7'0""",84.0,80.01,"6'8""",-3.99,plays_shorter,80.01,"6'8""",-3.99,plays_shorter
2019,Ryan Swan,Air Force,46844,6-7,"6'7""",79.0,79.98,"6'8""",0.98,plays_taller,79.98,"6'8""",0.98,plays_taller
2019,Ian Boyd,George Mason,46886,6-4,"6'4""",76.0,76.79,"6'5""",0.79,plays_taller,76.79,"6'5""",0.79,plays_taller
2019,Karmari Newman,Oakland,46890,6-4,"6'4""",76.0,75.3,"6'3""",-0.7,plays_at_height,75.3,"6'3""",-0.7,plays_at_height
2019,Aleksandar Dozic,Marist,46899,6-9,"6'9""",81.0,78.31,"6'6""",-2.69,plays_shorter,78.31,"6'6""",-2.69,plays_shorter
2019,Cameron Oluyitan,Southern Utah,46912,6-7,"6'7""",79.0,77.04,"6'5""",-1.96,plays_shorter,77.04,"6'5""",-1.96,plays_shorter
2019,Precious Ayah,Miami OH,46913,6-6,"6'6""",78.0,78.56,"6'7""",0.56,plays_at_height,78.56,"6'7""",0.56,plays_at_height
2019,Noah McCarty,Northern Illinois,46914,6-8,"6'8""",80.0,78.73,"6'7""",-1.27,plays_shorter,78.73,"6'7""",-1.27,plays_shorter
2019,Eugene German,Northern Illinois,46916,6-0,"6'0""",72.0,77.14,"6'5""",5.14,plays_taller,77.14,"6'5""",5.14,plays_taller
2019,Andrew Garcia,Stony Brook,46918,6-5,"6'5""",77.0,78.37,"6'6""",1.37,plays_taller,78.37,"6'6""",1.37,plays_taller
2019,Andrew Fleming,Maine,46923,6-7,"6'7""",79.0,79.37,"6'7""",0.37,plays_at_height,79.37,"6'7""",0.37,plays_at_height
2019,Jeffrey Uju,Bowling Green,46927,6-7,"6'7""",79.0,77.69,"6'6""",-1.31,plays_shorter,77.69,"6'6""",-1.31,plays_shorter
2019,Eric Lockett,N.C. State,46947,6-5,"6'5""",77.0,77.87,"6'6""",0.87,plays_taller,77.87,"6'6""",0.87,plays_taller
2019,Isaiah Reese,Canisius,46971,6-5,"6'5""",77.0,77.4,"6'5""",0.4,plays_at_height,77.4,"6'5""",0.4,plays_at_height
2019,Dantai St. Louis,Canisius,46973,6-8,"6'8""",80.0,78.34,"6'6""",-1.66,plays_shorter,78.34,"6'6""",-1.66,plays_shorter
2019,E.J. Crawford,Iona,46975,6-6,"6'6""",78.0,77.03,"6'5""",-0.97,plays_shorter,77.03,"6'5""",-0.97,plays_shorter
2019,Darian Adams,Troy,46982,6-3,"6'3""",75.0,75.81,"6'4""",0.81,plays_taller,75.81,"6'4""",0.81,plays_taller
2019,Tommy Funk,Army,46985,6-0,"6'0""",72.0,75.6,"6'4""",3.6,plays_taller,75.6,"6'4""",3.6,plays_taller
2019,Matt Wilson,Army,46987,6-9,"6'9""",81.0,79.74,"6'8""",-1.26,plays_shorter,79.74,"6'8""",-1.26,plays_shorter
2019,Tim Cameron,High Point,46990,6-4,"6'4""",76.0,78.9,"6'7""",2.9,plays_taller,78.9,"6'7""",2.9,plays_taller
2019,Clay Verk,Stetson,46991,6-8,"6'8""",80.0,75.45,"6'3""",-4.55,plays_shorter,75.45,"6'3""",-4.55,plays_shorter
2019,Kelvin Jones,Idaho St.,46995,6-11,"6'11""",83.0,81.58,"6'10""",-1.42,plays_shorter,81.58,"6'10""",-1.42,plays_shorter
2019,Oliver Powell,Louisiana Tech,47010,6-8,"6'8""",80.0,78.52,"6'7""",-1.48,plays_shorter,78.52,"6'7""",-1.48,plays_shorter
2019,Jannson Williams,Marshall,47011,6-9,"6'9""",81.0,80.5,"6'9""",-0.5,plays_at_height,80.5,"6'9""",-0.5,plays_at_height
2019,JaColby Pemberton,Louisiana Tech,47013,6-5,"6'5""",77.0,78.08,"6'6""",1.08,plays_taller,78.08,"6'6""",1.08,plays_taller
2019,Kendall Small,Pacific,47041,6-0,"6'0""",72.0,75.77,"6'4""",3.77,plays_taller,75.77,"6'4""",3.77,plays_taller
2019,Devon Daniels,N.C. State,47052,6-5,"6'5""",77.0,78.47,"6'6""",1.47,plays_taller,78.47,"6'6""",1.47,plays_taller
2019,Henry Baddley,Butler,47057,6-4,"6'4""",76.0,77.24,"6'5""",1.24,plays_taller,77.24,"6'5""",1.24,plays_taller
2019,Kamar Baldwin,Butler,47058,6-1,"6'1""",73.0,77.5,"6'5""",4.5,plays_taller,77.5,"6'5""",4.5,plays_taller
2019,Mustapha Traore,Monmouth,47061,6-8,"6'8""",80.0,79.48,"6'7""",-0.52,plays_at_height,79.48,"6'7""",-0.52,plays_at_height
2019,Jon Teske,Michigan,47100,7-1,"7'1""",85.0,83.32,"6'11""",-1.68,plays_shorter,83.32,"6'11""",-1.68,plays_shorter
2019,Zavier Simpson,Michigan,47104,6-0,"6'0""",72.0,76.38,"6'4""",4.38,plays_taller,76.38,"6'4""",4.38,plays_taller
2019,Anthony Cowan Jr.,Maryland,47106,6-0,"6'0""",72.0,75.54,"6'4""",3.54,plays_taller,75.54,"6'4""",3.54,plays_taller
2019,Jared Chatham,Central Arkansas,47187,6-8,"6'8""",80.0,77.48,"6'5""",-2.52,plays_shorter,77.48,"6'5""",-2.52,plays_shorter
2019,James Banks III,Georgia Tech,47194,6-8,"6'8""",80.0,84.06,"7'0""",4.06,plays_taller,84.06,"7'0""",4.06,plays_taller
2019,AJ Brodeur,Penn,47196,6-8,"6'8""",80.0,80.61,"6'9""",0.61,plays_at_height,80.61,"6'9""",0.61,plays_at_height
2019,Henry Welsh,Harvard,47198,6-10,"6'10""",82.0,79.35,"6'7""",-2.65,plays_shorter,79.35,"6'7""",-2.65,plays_shorter
2019,Devon Goodman,Penn,47201,6-0,"6'0""",72.0,76.72,"6'5""",4.72,plays_taller,76.72,"6'5""",4.72,plays_taller
2019,Jordan Bruner,Yale,47204,6-9,"6'9""",81.0,82.36,"6'10""",1.36,plays_taller,82.36,"6'10""",1.36,plays_taller
2019,Mikey Dixon,St. John's,47205,6-2,"6'2""",74.0,74.54,"6'3""",0.54,plays_at_height,74.54,"6'3""",0.54,plays_at_height
2019,Cainan McClelland,Texas Southern,47212,6-5,"6'5""",77.0,74.97,"6'3""",-2.03,plays_shorter,74.97,"6'3""",-2.03,plays_shorter
2019,Cameron Young,Quinnipiac,47213,6-6,"6'6""",78.0,77.2,"6'5""",-0.8,plays_shorter,77.2,"6'5""",-0.8,plays_shorter
2019,Herb McGee,South Alabama,47220,6-2,"6'2""",74.0,76.3,"6'4""",2.3,plays_taller,76.3,"6'4""",2.3,plays_taller
2019,Maxwell Starwood,Southeastern Louisiana,47223,6-9,"6'9""",81.0,78.69,"6'7""",-2.31,plays_shorter,78.69,"6'7""",-2.31,plays_shorter
2019,John Pettway,South Alabama,47224,6-2,"6'2""",74.0,76.88,"6'5""",2.88,plays_taller,76.88,"6'5""",2.88,plays_taller
2019,Spencer Littleson,Toledo,47235,6-4,"6'4""",76.0,75.13,"6'3""",-0.87,plays_shorter,75.13,"6'3""",-0.87,plays_shorter
2019,Isiaha Mike,SMU,47237,6-8,"6'8""",80.0,79.48,"6'7""",-0.52,plays_at_height,79.48,"6'7""",-0.52,plays_at_height
2019,Chuba Ohams,Fordham,47239,6-8,"6'8""",80.0,82.17,"6'10""",2.17,plays_taller,82.17,"6'10""",2.17,plays_taller
2019,Stanley Davis,Morgan St.,47294,6-5,"6'5""",77.0,78.67,"6'7""",1.67,plays_taller,78.67,"6'7""",1.67,plays_taller
2019,Alex Ennis,Southern,47298,6-9,"6'9""",81.0,80.03,"6'8""",-0.97,plays_shorter,80.03,"6'8""",-0.97,plays_shorter
2019,David Syfax,Morgan St.,47299,6-7,"6'7""",79.0,78.56,"6'7""",-0.44,plays_at_height,78.56,"6'7""",-0.44,plays_at_height
2019,Justin Ravenel,Florida A&M,47323,6-1,"6'1""",73.0,75.0,"6'3""",2.0,plays_taller,75.0,"6'3""",2.0,plays_taller
2019,Carsen Edwards,Purdue,47325,6-1,"6'1""",73.0,75.81,"6'4""",2.81,plays_taller,75.81,"6'4""",2.81,plays_taller
2019,Andre Wesson,Ohio St.,47326,6-6,"6'6""",78.0,77.93,"6'6""",-0.07,plays_at_height,77.93,"6'6""",-0.07,plays_at_height
2019,C.J. Jackson,Ohio St.,47328,6-1,"6'1""",73.0,76.19,"6'4""",3.19,plays_taller,76.19,"6'4""",3.19,plays_taller
2019,Barret Benson,Northwestern,47330,6-10,"6'10""",82.0,80.39,"6'8""",-1.61,plays_shorter,80.39,"6'8""",-1.61,plays_shorter
2019,Elijah Hughes,Syracuse,47357,6-6,"6'6""",78.0,78.15,"6'6""",0.15,plays_at_height,78.15,"6'6""",0.15,plays_at_height
2019,Brendan Barry,Dartmouth,47402,6-2,"6'2""",74.0,74.7,"6'3""",0.7,plays_at_height,74.7,"6'3""",0.7,plays_at_height
2019,Kasheem Thomas,Cleveland St.,47404,6-0,"6'0""",72.0,74.7,"6'3""",2.7,plays_taller,74.7,"6'3""",2.7,plays_taller
2019,Jake Killingsworth,Columbia,47408,6-5,"6'5""",77.0,74.28,"6'2""",-2.72,plays_shorter,74.28,"6'2""",-2.72,plays_shorter
2019,Gavin Peppers,Nicholls St.,47409,6-3,"6'3""",75.0,74.4,"6'2""",-0.6,plays_at_height,74.4,"6'2""",-0.6,plays_at_height
2019,Femi Olujobi,DePaul,47417,6-9,"6'9""",81.0,79.53,"6'8""",-1.47,plays_shorter,79.53,"6'8""",-1.47,plays_shorter
2019,Ty Flowers,LIU,47421,6-9,"6'9""",81.0,79.28,"6'7""",-1.72,plays_shorter,79.28,"6'7""",-1.72,plays_shorter
2019,Brison Gresham,Houston,47422,6-8,"6'8""",80.0,84.55,"7'1""",4.55,plays_taller,84.55,"7'1""",4.55,plays_taller
2019,Damari Parris,Eastern Michigan,47423,6-1,"6'1""",73.0,73.43,"6'1""",0.43,plays_at_height,73.43,"6'1""",0.43,plays_at_height
2019,Collin Smith,UCF,47425,6-11,"6'11""",83.0,79.08,"6'7""",-3.92,plays_shorter,79.08,"6'7""",-3.92,plays_shorter
2019,Unique McLean,Massachusetts,47427,6-2,"6'2""",74.0,78.31,"6'6""",4.31,plays_taller,78.31,"6'6""",4.31,plays_taller
2019,Justin Williams,George Washington,47429,6-4,"6'4""",76.0,78.6,"6'7""",2.6,plays_taller,78.6,"6'7""",2.6,plays_taller
2019,Dejon Jarreau,Houston,47430,6-5,"6'5""",77.0,79.44,"6'7""",2.44,plays_taller,79.44,"6'7""",2.44,plays_taller
2019,Jibreel Faulkner,Canisius,47437,6-8,"6'8""",80.0,77.73,"6'6""",-2.27,plays_shorter,77.73,"6'6""",-2.27,plays_shorter
2019,Chance Ellis,Prairie View A&M,47484,6-4,"6'4""",76.0,73.27,"6'1""",-2.73,plays_shorter,73.27,"6'1""",-2.73,plays_shorter
2019,Nasir Core,Florida A&M,47491,6-3,"6'3""",75.0,75.28,"6'3""",0.28,plays_at_height,75.28,"6'3""",0.28,plays_at_height
2019,Charles Williams,Howard,47494,6-6,"6'6""",78.0,76.58,"6'5""",-1.42,plays_shorter,76.58,"6'5""",-1.42,plays_shorter
2019,Payton Pritchard,Oregon,47506,6-2,"6'2""",74.0,76.69,"6'5""",2.69,plays_taller,76.69,"6'5""",2.69,plays_taller
2019,Jaquori McLaughlin,UC Santa Barbara,47510,6-4,"6'4""",76.0,75.96,"6'4""",-0.04,plays_at_height,75.96,"6'4""",-0.04,plays_at_height
2019,Kavell Bigby-Williams,LSU,47511,6-11,"6'11""",83.0,85.49,"7'1""",2.49,plays_taller,85.49,"7'1""",2.49,plays_taller
2019,Jordan Giles,UMKC,47549,6-7,"6'7""",79.0,77.92,"6'6""",-1.08,plays_shorter,77.92,"6'6""",-1.08,plays_shorter
2019,Xavier Bishop,UMKC,47555,5-8,"5'8""",68.0,74.88,"6'3""",6.88,plays_taller,74.88,"6'3""",6.88,plays_taller
2019,Phil Fayne,Illinois St.,47576,6-9,"6'9""",81.0,81.61,"6'10""",0.61,plays_at_height,81.61,"6'10""",0.61,plays_at_height
2019,Donald Hicks,Radford,47578,6-3,"6'3""",75.0,74.53,"6'3""",-0.47,plays_at_height,74.53,"6'3""",-0.47,plays_at_height
2019,Carlik Jones,Radford,47580,6-1,"6'1""",73.0,77.47,"6'5""",4.47,plays_taller,77.47,"6'5""",4.47,plays_taller
2019,John Hall,Evansville,47585,6-7,"6'7""",79.0,78.24,"6'6""",-0.76,plays_shorter,78.24,"6'6""",-0.76,plays_shorter
2019,Anfernee Hampton,Southern Miss,47589,6-5,"6'5""",77.0,76.13,"6'4""",-0.87,plays_shorter,76.13,"6'4""",-0.87,plays_shorter
2019,Robert Martin,Rice,47590,6-6,"6'6""",78.0,78.44,"6'6""",0.44,plays_at_height,78.44,"6'6""",0.44,plays_at_height
2019,Braxton Bonds,Houston Christian,47598,6-2,"6'2""",74.0,77.39,"6'5""",3.39,plays_taller,77.39,"6'5""",3.39,plays_taller
2019,Troy Baxter Jr.,Florida Gulf Coast,47601,6-8,"6'8""",80.0,79.2,"6'7""",-0.8,plays_shorter,79.2,"6'7""",-0.8,plays_shorter
2019,JT Escobar,North Florida,47609,6-2,"6'2""",74.0,73.93,"6'2""",-0.07,plays_at_height,73.93,"6'2""",-0.07,plays_at_height
2019,Armoni Brooks,Houston,47636,6-3,"6'3""",75.0,77.4,"6'5""",2.4,plays_taller,77.4,"6'5""",2.4,plays_taller
2019,Quentin Goodin,Xavier,47637,6-4,"6'4""",76.0,76.46,"6'4""",0.46,plays_at_height,76.46,"6'4""",0.46,plays_at_height
2019,Tyrique Jones,Xavier,47639,6-9,"6'9""",81.0,83.96,"7'0""",2.96,plays_taller,83.96,"7'0""",2.96,plays_taller
2019,Kalif Young,Providence,47640,6-9,"6'9""",81.0,80.88,"6'9""",-0.12,plays_at_height,80.88,"6'9""",-0.12,plays_at_height
2019,Alpha Diallo,Providence,47641,6-7,"6'7""",79.0,79.77,"6'8""",0.77,plays_taller,79.77,"6'8""",0.77,plays_taller
2019,Sam Timmins,Washington,47671,6-11,"6'11""",83.0,80.99,"6'9""",-2.01,plays_shorter,80.99,"6'9""",-2.01,plays_shorter
2019,Nick Rakocevic,USC,47672,6-11,"6'11""",83.0,82.62,"6'11""",-0.38,plays_at_height,82.62,"6'11""",-0.38,plays_at_height
2019,Jonah Mathews,USC,47674,6-3,"6'3""",75.0,75.22,"6'3""",0.22,plays_at_height,75.22,"6'3""",0.22,plays_at_height
2019,Carlos Johnson,Grand Canyon,47676,6-3,"6'3""",75.0,78.37,"6'6""",3.37,plays_taller,78.37,"6'6""",3.37,plays_taller
2019,Ade Murkey,Denver,47689,6-5,"6'5""",77.0,77.43,"6'5""",0.43,plays_at_height,77.43,"6'5""",0.43,plays_at_height
2019,Daniel Cummings,Tennessee St.,47748,6-5,"6'5""",77.0,75.83,"6'4""",-1.17,plays_shorter,75.83,"6'4""",-1.17,plays_shorter
2019,Sammy Friday IV,Siena,47769,6-9,"6'9""",81.0,77.63,"6'6""",-3.37,plays_shorter,77.63,"6'6""",-3.37,plays_shorter
2019,Xzavier Malone-Key,Fairleigh Dickinson,47772,6-4,"6'4""",76.0,77.13,"6'5""",1.13,plays_taller,77.13,"6'5""",1.13,plays_taller
2019,Jordan Barnes,Indiana St.,47773,5-11,"5'11""",71.0,75.42,"6'3""",4.42,plays_taller,75.42,"6'3""",4.42,plays_taller
2019,Jeff Dowtin,Rhode Island,47774,6-3,"6'3""",75.0,76.78,"6'5""",1.78,plays_taller,76.78,"6'5""",1.78,plays_taller
2019,Taurean Thompson,Seton Hall,47778,6-11,"6'11""",83.0,79.22,"6'7""",-3.78,plays_shorter,79.22,"6'7""",-3.78,plays_shorter
2019,Tyus Battle,Syracuse,47779,6-6,"6'6""",78.0,77.0,"6'5""",-1.0,plays_shorter,77.0,"6'5""",-1.0,plays_shorter
2019,Luke Rosinski,New Hampshire,47780,6-8,"6'8""",80.0,77.15,"6'5""",-2.85,plays_shorter,77.15,"6'5""",-2.85,plays_shorter
2019,Connor MacDougall,Utah Valley,47793,6-9,"6'9""",81.0,78.74,"6'7""",-2.26,plays_shorter,78.74,"6'7""",-2.26,plays_shorter
2019,Jerry Johnson Jr.,Chattanooga,47827,6-1,"6'1""",73.0,74.98,"6'3""",1.98,plays_taller,74.98,"6'3""",1.98,plays_taller
2019,Lorenzo Hunt,Mississippi Valley St.,47875,6-4,"6'4""",76.0,75.7,"6'4""",-0.3,plays_at_height,75.7,"6'4""",-0.3,plays_at_height
2019,Loren Cristian Jackson,Akron,47891,5-8,"5'8""",68.0,74.85,"6'3""",6.85,plays_taller,74.85,"6'3""",6.85,plays_taller
2019,Max Heidegger,UC Santa Barbara,47892,6-3,"6'3""",75.0,74.85,"6'3""",-0.15,plays_at_height,74.85,"6'3""",-0.15,plays_at_height
2019,Diogo Brito,Utah St.,47898,6-5,"6'5""",77.0,77.56,"6'6""",0.56,plays_at_height,77.56,"6'6""",0.56,plays_at_height
2019,Abel Porter,Utah St.,47899,6-3,"6'3""",75.0,75.16,"6'3""",0.16,plays_at_height,75.16,"6'3""",0.16,plays_at_height
2019,Sam Merrill,Utah St.,47902,6-5,"6'5""",77.0,75.72,"6'4""",-1.28,plays_shorter,75.72,"6'4""",-1.28,plays_shorter
2019,Juwan Durham,Notre Dame,47909,6-11,"6'11""",83.0,84.94,"7'1""",1.94,plays_taller,84.94,"7'1""",1.94,plays_taller
2019,Jared Printy,Western Michigan,47911,6-4,"6'4""",76.0,74.67,"6'3""",-1.33,plays_shorter,74.67,"6'3""",-1.33,plays_shorter
2019,Jason Carter,Ohio,47914,6-8,"6'8""",80.0,79.02,"6'7""",-0.98,plays_shorter,79.02,"6'7""",-0.98,plays_shorter
2019,Devocio Butler,Texas Southern,47917,6-5,"6'5""",77.0,76.9,"6'5""",-0.1,plays_at_height,76.9,"6'5""",-0.1,plays_at_height
2019,Christian Vital,Connecticut,47918,6-2,"6'2""",74.0,78.05,"6'6""",4.05,plays_taller,78.05,"6'6""",4.05,plays_taller
2019,Trayvon Reed,Texas Southern,47931,7-2,"7'2""",86.0,83.72,"7'0""",-2.28,plays_shorter,83.72,"7'0""",-2.28,plays_shorter
2019,Isaiah Wright,San Diego,47935,6-2,"6'2""",74.0,75.84,"6'4""",1.84,plays_taller,75.84,"6'4""",1.84,plays_taller
2019,Zach Radz,Sacred Heart,47970,6-2,"6'2""",74.0,75.93,"6'4""",1.93,plays_taller,75.93,"6'4""",1.93,plays_taller
2019,Deniz Celen,St. Francis NY,47972,6-8,"6'8""",80.0,79.69,"6'8""",-0.31,plays_at_height,79.69,"6'8""",-0.31,plays_at_height
2019,Richmond Aririguzoh,Princeton,47974,6-9,"6'9""",81.0,81.06,"6'9""",0.06,plays_at_height,81.06,"6'9""",0.06,plays_at_height
2019,Jose Morales,Princeton,47976,5-9,"5'9""",69.0,75.09,"6'3""",6.09,plays_taller,75.09,"6'3""",6.09,plays_taller
2019,Tre Clark,Furman,47979,6-5,"6'5""",77.0,78.79,"6'7""",1.79,plays_taller,78.79,"6'7""",1.79,plays_taller
2019,Jordan Lyons,Furman,47980,5-11,"5'11""",71.0,74.5,"6'2""",3.5,plays_taller,74.5,"6'2""",3.5,plays_taller
2019,Steven Whitley,Norfolk St.,47984,6-3,"6'3""",75.0,77.61,"6'6""",2.61,plays_taller,77.61,"6'6""",2.61,plays_taller
2019,Kristian Doolittle,Oklahoma,47996,6-7,"6'7""",79.0,79.76,"6'8""",0.76,plays_taller,79.76,"6'8""",0.76,plays_taller
2019,Xavier Sneed,Kansas St.,47997,6-5,"6'5""",77.0,78.85,"6'7""",1.85,plays_taller,78.85,"6'7""",1.85,plays_taller
2019,Matt Freeman,Oklahoma,47999,6-10,"6'10""",82.0,75.95,"6'4""",-6.05,plays_shorter,75.95,"6'4""",-6.05,plays_shorter
2019,Samuel Idowu,Saint Peter's,48006,6-7,"6'7""",79.0,81.18,"6'9""",2.18,plays_taller,81.18,"6'9""",2.18,plays_taller
2019,Nick Ward,Michigan St.,48029,6-9,"6'9""",81.0,82.47,"6'10""",1.47,plays_taller,82.47,"6'10""",1.47,plays_taller
2019,Marlon Stewart,North Dakota,48032,6-3,"6'3""",75.0,74.94,"6'3""",-0.06,plays_at_height,74.94,"6'3""",-0.06,plays_at_height
2019,Frederick Scott,Rider,48036,6-8,"6'8""",80.0,79.08,"6'7""",-0.92,plays_shorter,79.08,"6'7""",-0.92,plays_shorter
2019,Isiah Deas,La Salle,48044,6-6,"6'6""",78.0,75.55,"6'4""",-2.45,plays_shorter,75.55,"6'4""",-2.45,plays_shorter
2019,Zach Sellers,Savannah St.,48051,6-1,"6'1""",73.0,75.58,"6'4""",2.58,plays_taller,75.58,"6'4""",2.58,plays_taller
2019,R.J. Kelly,South Alabama,48054,6-7,"6'7""",79.0,77.53,"6'6""",-1.47,plays_shorter,77.53,"6'6""",-1.47,plays_shorter
2019,Oscar Frayer,Grand Canyon,48071,6-7,"6'7""",79.0,78.8,"6'7""",-0.2,plays_at_height,78.8,"6'7""",-0.2,plays_at_height
2019,Johnny McCants,New Mexico St.,48075,6-7,"6'7""",79.0,82.29,"6'10""",3.29,plays_taller,82.29,"6'10""",3.29,plays_taller
2019,Nate Kennell,Bradley,48080,6-6,"6'6""",78.0,75.0,"6'3""",-3.0,plays_shorter,75.0,"6'3""",-3.0,plays_shorter
2019,JaShaun Smith,Longwood,48083,6-5,"6'5""",77.0,77.52,"6'6""",0.52,plays_at_height,77.52,"6'6""",0.52,plays_at_height
2019,Darrell Brown,Bradley,48087,5-10,"5'10""",70.0,74.25,"6'2""",4.25,plays_taller,74.25,"6'2""",4.25,plays_taller
2019,Koch Bar,Bradley,48088,6-11,"6'11""",83.0,80.77,"6'9""",-2.23,plays_shorter,80.77,"6'9""",-2.23,plays_shorter
2019,Matt Milon,William & Mary,48091,6-5,"6'5""",77.0,74.68,"6'3""",-2.32,plays_shorter,74.68,"6'3""",-2.32,plays_shorter
2019,Chris Miller,Oral Roberts,48094,6-8,"6'8""",80.0,78.2,"6'6""",-1.8,plays_shorter,78.2,"6'6""",-1.8,plays_shorter
2019,Tyson Ward,North Dakota St.,48097,6-6,"6'6""",78.0,78.67,"6'7""",0.67,plays_at_height,78.67,"6'7""",0.67,plays_at_height
2019,Cameron Hunter,North Dakota St.,48098,6-3,"6'3""",75.0,76.07,"6'4""",1.07,plays_taller,76.07,"6'4""",1.07,plays_taller
2019,Jared Samuelson,North Dakota St.,48099,6-3,"6'3""",75.0,73.98,"6'2""",-1.02,plays_shorter,73.98,"6'2""",-1.02,plays_shorter
2019,Jontray Harris,Louisiana Monroe,48102,6-4,"6'4""",76.0,74.89,"6'3""",-1.11,plays_shorter,74.89,"6'3""",-1.11,plays_shorter
2019,Isaac Gassman,Illinois St.,48112,6-5,"6'5""",77.0,74.65,"6'3""",-2.35,plays_shorter,74.65,"6'3""",-2.35,plays_shorter
2019,Derrick Alston,Boise St.,48120,6-8,"6'8""",80.0,78.53,"6'7""",-1.47,plays_shorter,78.53,"6'7""",-1.47,plays_shorter
2019,Justinian Jessup,Boise St.,48123,6-6,"6'6""",78.0,77.14,"6'5""",-0.86,plays_shorter,77.14,"6'5""",-0.86,plays_shorter
2019,Dontay Caruthers,Buffalo,48142,6-1,"6'1""",73.0,78.17,"6'6""",5.17,plays_taller,78.17,"6'6""",5.17,plays_taller
2019,Davonta Jordan,Buffalo,48145,6-2,"6'2""",74.0,77.33,"6'5""",3.33,plays_taller,77.33,"6'5""",3.33,plays_taller
2019,Sid Tomes,Air Force,48147,6-4,"6'4""",76.0,75.62,"6'4""",-0.38,plays_at_height,75.62,"6'4""",-0.38,plays_at_height
2019,Ian Kinard,South Carolina St.,48159,6-8,"6'8""",80.0,77.79,"6'6""",-2.21,plays_shorter,77.79,"6'6""",-2.21,plays_shorter
2019,Janai Raynor-Powell,South Carolina St.,48163,5-10,"5'10""",70.0,74.26,"6'2""",4.26,plays_taller,74.26,"6'2""",4.26,plays_taller
2019,David Bottenberg,South Carolina St.,48164,6-8,"6'8""",80.0,78.14,"6'6""",-1.86,plays_shorter,78.14,"6'6""",-1.86,plays_shorter
2019,Ozante Fields,South Carolina St.,48168,6-7,"6'7""",79.0,78.85,"6'7""",-0.15,plays_at_height,78.85,"6'7""",-0.15,plays_at_height
2019,Tommy Kuhse,Saint Mary's,48170,6-2,"6'2""",74.0,75.38,"6'3""",1.38,plays_taller,75.38,"6'3""",1.38,plays_taller
2019,Elijah Thomas,Saint Mary's,48172,6-5,"6'5""",77.0,76.95,"6'5""",-0.05,plays_at_height,76.95,"6'5""",-0.05,plays_at_height
2019,Jordan Ford,Saint Mary's,48177,6-1,"6'1""",73.0,75.39,"6'3""",2.39,plays_taller,75.39,"6'3""",2.39,plays_taller
2019,Mark Carbone,New Hampshire,48178,6-2,"6'2""",74.0,75.52,"6'4""",1.52,plays_taller,75.52,"6'4""",1.52,plays_taller
2019,John Edgar Jr.,UC Irvine,48182,6-5,"6'5""",77.0,76.51,"6'5""",-0.49,plays_at_height,76.51,"6'5""",-0.49,plays_at_height
2019,Evan Leonard,UC Irvine,48183,6-1,"6'1""",73.0,76.0,"6'4""",3.0,plays_taller,76.0,"6'4""",3.0,plays_taller
2019,Eyassu Worku,UC Irvine,48184,6-2,"6'2""",74.0,74.68,"6'3""",0.68,plays_at_height,74.68,"6'3""",0.68,plays_at_height
2019,Tommy Rutherford,UC Irvine,48186,6-8,"6'8""",80.0,80.06,"6'8""",0.06,plays_at_height,80.06,"6'8""",0.06,plays_at_height
2019,Nick Rogers,IU Indy,48197,6-1,"6'1""",73.0,75.79,"6'4""",2.79,plays_taller,75.79,"6'4""",2.79,plays_taller
2019,Kyle Guy,Virginia,48211,6-2,"6'2""",74.0,76.88,"6'5""",2.88,plays_taller,76.88,"6'5""",2.88,plays_taller
2019,Corey Manigault,New Mexico,48212,6-9,"6'9""",81.0,79.25,"6'7""",-1.75,plays_shorter,79.25,"6'7""",-1.75,plays_shorter
2019,John Mooney,Notre Dame,48215,6-9,"6'9""",81.0,82.17,"6'10""",1.17,plays_taller,82.17,"6'10""",1.17,plays_taller
2019,Nikola Djogo,Notre Dame,48217,6-7,"6'7""",79.0,77.68,"6'6""",-1.32,plays_shorter,77.68,"6'6""",-1.32,plays_shorter
2019,T.J. Gibbs,Notre Dame,48218,6-3,"6'3""",75.0,75.29,"6'3""",0.29,plays_at_height,75.29,"6'3""",0.29,plays_at_height
2019,Devine Eke,Rider,48260,6-8,"6'8""",80.0,80.91,"6'9""",0.91,plays_taller,80.91,"6'9""",0.91,plays_taller
2019,Issac Vann,VCU,48263,6-6,"6'6""",78.0,77.99,"6'6""",-0.01,plays_at_height,77.99,"6'6""",-0.01,plays_at_height
2019,Daishon Smith,Louisiana Monroe,48284,6-1,"6'1""",73.0,76.92,"6'5""",3.92,plays_taller,76.92,"6'5""",3.92,plays_taller
2019,Adam Grant,Bryant,48287,6-1,"6'1""",73.0,75.24,"6'3""",2.24,plays_taller,75.24,"6'3""",2.24,plays_taller
2019,Thik Bol,Southern Illinois,48288,6-8,"6'8""",80.0,80.91,"6'9""",0.91,plays_taller,80.91,"6'9""",0.91,plays_taller
2019,V.J. King,Louisville,48291,6-6,"6'6""",78.0,78.51,"6'7""",0.51,plays_at_height,78.51,"6'7""",0.51,plays_at_height
2019,Cory Gensler,Campbell,48295,6-4,"6'4""",76.0,75.94,"6'4""",-0.06,plays_at_height,75.94,"6'4""",-0.06,plays_at_height
2019,Amidou Bamba,Coastal Carolina,48298,6-8,"6'8""",80.0,79.96,"6'8""",-0.04,plays_at_height,79.96,"6'8""",-0.04,plays_at_height
2019,Zigmars Raimo,Hawaii,48318,6-8,"6'8""",80.0,78.94,"6'7""",-1.06,plays_shorter,78.94,"6'7""",-1.06,plays_shorter
2019,Mattias Markusson,Loyola Marymount,48363,7-3,"7'3""",87.0,81.81,"6'10""",-5.19,plays_shorter,81.81,"6'10""",-5.19,plays_shorter
2019,Rui Hachimura,Gonzaga,48365,6-8,"6'8""",80.0,81.78,"6'10""",1.78,plays_taller,81.78,"6'10""",1.78,plays_taller
2019,Zach Norvell Jr.,Gonzaga,48366,6-5,"6'5""",77.0,77.04,"6'5""",0.04,plays_at_height,77.04,"6'5""",0.04,plays_at_height
2019,Killian Tillie,Gonzaga,48368,6-10,"6'10""",82.0,78.68,"6'7""",-3.32,plays_shorter,78.68,"6'7""",-3.32,plays_shorter
2019,TJ Haws,BYU,48372,6-4,"6'4""",76.0,75.83,"6'4""",-0.17,plays_at_height,75.83,"6'4""",-0.17,plays_at_height
2019,Caleb Stewart,Binghamton,48375,6-9,"6'9""",81.0,78.87,"6'7""",-2.13,plays_shorter,78.87,"6'7""",-2.13,plays_shorter
2019,Bryson Robinson,New Orleans,48376,6-4,"6'4""",76.0,76.18,"6'4""",0.18,plays_at_height,76.18,"6'4""",0.18,plays_at_height
2019,A.J. Cheeseman,Maryland Eastern Shore,48377,6-7,"6'7""",79.0,77.35,"6'5""",-1.65,plays_shorter,77.35,"6'5""",-1.65,plays_shorter
2019,Jalon Gates,Houston Christian,48402,6-0,"6'0""",72.0,74.83,"6'3""",2.83,plays_taller,74.83,"6'3""",2.83,plays_taller
2019,Christian Peevy,Incarnate Word,48422,6-6,"6'6""",78.0,78.67,"6'7""",0.67,plays_at_height,78.67,"6'7""",0.67,plays_at_height
2019,Mfiondu Kabengele,Florida St.,48424,6-10,"6'10""",82.0,83.64,"7'0""",1.64,plays_taller,83.64,"7'0""",1.64,plays_taller
2019,Javin DeLaurier,Duke,48427,6-10,"6'10""",82.0,83.36,"6'11""",1.36,plays_taller,83.36,"6'11""",1.36,plays_taller
2019,Marques Bolden,Duke,48429,6-11,"6'11""",83.0,82.99,"6'11""",-0.01,plays_at_height,82.99,"6'11""",-0.01,plays_at_height
2019,Jack White,Duke,48432,6-7,"6'7""",79.0,79.81,"6'8""",0.81,plays_taller,79.81,"6'8""",0.81,plays_taller
2019,Trent Forrest,Florida St.,48433,6-4,"6'4""",76.0,78.42,"6'6""",2.42,plays_taller,78.42,"6'6""",2.42,plays_taller
2019,Ako Adams,Rice,48446,6-2,"6'2""",74.0,74.42,"6'2""",0.42,plays_at_height,74.42,"6'2""",0.42,plays_at_height
2019,Ed Morrow,Marquette,48454,6-7,"6'7""",79.0,81.83,"6'10""",2.83,plays_taller,81.83,"6'10""",2.83,plays_taller
2019,Terrell Brown,New Mexico St.,48486,6-1,"6'1""",73.0,76.57,"6'5""",3.57,plays_taller,76.57,"6'5""",3.57,plays_taller
2019,Damien Jefferson,Creighton,48489,6-5,"6'5""",77.0,78.55,"6'7""",1.55,plays_taller,78.55,"6'7""",1.55,plays_taller
2019,Jalen McDaniels,San Diego St.,48490,6-10,"6'10""",82.0,80.21,"6'8""",-1.79,plays_shorter,80.21,"6'8""",-1.79,plays_shorter
2019,Aher Uguak,Loyola Chicago,48494,6-7,"6'7""",79.0,78.73,"6'7""",-0.27,plays_at_height,78.73,"6'7""",-0.27,plays_at_height
2019,Jalen Harris,Arkansas,48495,6-2,"6'2""",74.0,76.87,"6'5""",2.87,plays_taller,76.87,"6'5""",2.87,plays_taller
2019,Isaac Mbuyamba,Kennesaw St.,48507,6-7,"6'7""",79.0,80.04,"6'8""",1.04,plays_taller,80.04,"6'8""",1.04,plays_taller
2019,Jordan Walker,Morehead St.,48510,6-0,"6'0""",72.0,75.86,"6'4""",3.86,plays_taller,75.86,"6'4""",3.86,plays_taller
2019,Johnny McWilliams,Fresno St.,48514,6-6,"6'6""",78.0,75.36,"6'3""",-2.64,plays_shorter,75.36,"6'3""",-2.64,plays_shorter
2019,Jacara Cross,Jacksonville St.,48517,6-8,"6'8""",80.0,80.52,"6'9""",0.52,plays_at_height,80.52,"6'9""",0.52,plays_at_height
2019,Brekkott Chapman,Weber St.,48522,6-9,"6'9""",81.0,80.6,"6'9""",-0.4,plays_at_height,80.6,"6'9""",-0.4,plays_at_height
2019,Malik Fitts,Saint Mary's,48524,6-8,"6'8""",80.0,79.36,"6'7""",-0.64,plays_at_height,79.36,"6'7""",-0.64,plays_at_height
2019,Luka Vulikic,Eastern Washington,48533,6-6,"6'6""",78.0,75.44,"6'3""",-2.56,plays_shorter,75.44,"6'3""",-2.56,plays_shorter
2019,Jacob Davison,Eastern Washington,48538,6-4,"6'4""",76.0,77.17,"6'5""",1.17,plays_taller,77.17,"6'5""",1.17,plays_taller
2019,Will Miller,VMI,48575,6-8,"6'8""",80.0,75.49,"6'3""",-4.51,plays_shorter,75.49,"6'3""",-4.51,plays_shorter
2019,Tyler Creammer,VMI,48576,6-10,"6'10""",82.0,79.16,"6'7""",-2.84,plays_shorter,79.16,"6'7""",-2.84,plays_shorter
2019,Adam Sledd,Western Carolina,48580,6-8,"6'8""",80.0,76.64,"6'5""",-3.36,plays_shorter,76.64,"6'5""",-3.36,plays_shorter
2019,Christian Carlyle,Florida Gulf Coast,48588,6-6,"6'6""",78.0,77.18,"6'5""",-0.82,plays_shorter,77.18,"6'5""",-0.82,plays_shorter
2019,Tyler Hooker,Kennesaw St.,48597,6-0,"6'0""",72.0,75.81,"6'4""",3.81,plays_taller,75.81,"6'4""",3.81,plays_taller
2019,Brandon Gonzalez,Southeastern Louisiana,48616,6-6,"6'6""",78.0,76.27,"6'4""",-1.73,plays_shorter,76.27,"6'4""",-1.73,plays_shorter
2019,Kevon Harris,Stephen F. Austin,48618,6-6,"6'6""",78.0,78.59,"6'7""",0.59,plays_at_height,78.59,"6'7""",0.59,plays_at_height
2019,Gerron Scissum,Alabama A&M,48658,6-8,"6'8""",80.0,78.81,"6'7""",-1.19,plays_shorter,78.81,"6'7""",-1.19,plays_shorter
2019,Donovan Greer,NJIT,48674,6-3,"6'3""",75.0,75.1,"6'3""",0.1,plays_at_height,75.1,"6'3""",0.1,plays_at_height
2019,Austin Wiley,Auburn,48728,6-11,"6'11""",83.0,84.56,"7'1""",1.56,plays_taller,84.56,"7'1""",1.56,plays_taller
2019,Dondre Duffus,Bethune Cookman,48738,6-2,"6'2""",74.0,76.19,"6'4""",2.19,plays_taller,76.19,"6'4""",2.19,plays_taller
2019,Tahj Eaddy,Santa Clara,48741,6-1,"6'1""",73.0,75.18,"6'3""",2.18,plays_taller,75.18,"6'3""",2.18,plays_taller
2019,Jonathan Dalton,Southeast Missouri St.,48744,5-10,"5'10""",70.0,74.61,"6'3""",4.61,plays_taller,74.61,"6'3""",4.61,plays_taller
2019,Lamar Peters,Mississippi St.,48760,6-0,"6'0""",72.0,75.37,"6'3""",3.37,plays_taller,75.37,"6'3""",3.37,plays_taller
2019,Mario Kegler,Baylor,48761,6-7,"6'7""",79.0,78.68,"6'7""",-0.32,plays_at_height,78.68,"6'7""",-0.32,plays_at_height
2019,Karlis Silins,Florida Atlantic,48762,6-11,"6'11""",83.0,79.22,"6'7""",-3.78,plays_shorter,79.22,"6'7""",-3.78,plays_shorter
2019,Breein Tyree,Mississippi,48763,6-2,"6'2""",74.0,76.96,"6'5""",2.96,plays_taller,76.96,"6'5""",2.96,plays_taller
2019,Travis Fields Jr.,Radford,48778,5-10,"5'10""",70.0,74.69,"6'3""",4.69,plays_taller,74.69,"6'3""",4.69,plays_taller
2019,Lavelle Scottie,Air Force,48787,6-7,"6'7""",79.0,78.23,"6'6""",-0.77,plays_shorter,78.23,"6'6""",-0.77,plays_shorter
2019,Julian Walters,North Carolina Central,48808,5-10,"5'10""",70.0,75.12,"6'3""",5.12,plays_taller,75.12,"6'3""",5.12,plays_taller
2019,Ross Cummings,Mercer,48809,6-3,"6'3""",75.0,74.64,"6'3""",-0.36,plays_at_height,74.64,"6'3""",-0.36,plays_at_height
2019,Darius Roy,Milwaukee,48812,6-2,"6'2""",74.0,75.42,"6'3""",1.42,plays_taller,75.42,"6'3""",1.42,plays_taller
2019,Bolden Brace,Northeastern,48817,6-6,"6'6""",78.0,77.1,"6'5""",-0.9,plays_shorter,77.1,"6'5""",-0.9,plays_shorter
2019,Shawn Occeus,Northeastern,48818,6-4,"6'4""",76.0,76.6,"6'5""",0.6,plays_at_height,76.6,"6'5""",0.6,plays_at_height
2019,Nathan Knight,William & Mary,48819,6-10,"6'10""",82.0,83.69,"7'0""",1.69,plays_taller,83.69,"7'0""",1.69,plays_taller
2019,Justin Pierce,William & Mary,48824,6-7,"6'7""",79.0,79.76,"6'8""",0.76,plays_taller,79.76,"6'8""",0.76,plays_taller
2019,Elijah Davis,Wagner,48828,6-4,"6'4""",76.0,76.13,"6'4""",0.13,plays_at_height,76.13,"6'4""",0.13,plays_at_height
2019,Lucas N'Guessan,East Tennessee St.,48838,7-0,"7'0""",84.0,82.12,"6'10""",-1.88,plays_shorter,82.12,"6'10""",-1.88,plays_shorter
2019,Kienan Walter,North Dakota,48845,6-9,"6'9""",81.0,77.55,"6'6""",-3.45,plays_shorter,77.55,"6'6""",-3.45,plays_shorter
2019,Billy Brown,North Dakota,48846,6-3,"6'3""",75.0,75.18,"6'3""",0.18,plays_at_height,75.18,"6'3""",0.18,plays_at_height
2019,Christian Keeling,Charleston Southern,48904,6-4,"6'4""",76.0,78.8,"6'7""",2.8,plays_taller,78.8,"6'7""",2.8,plays_taller
2019,Will Rayman,Colgate,48917,6-8,"6'8""",80.0,78.32,"6'6""",-1.68,plays_shorter,78.32,"6'6""",-1.68,plays_shorter
2019,Ben Robertson,Bucknell,48918,6-5,"6'5""",77.0,77.43,"6'5""",0.43,plays_at_height,77.43,"6'5""",0.43,plays_at_height
2019,Skylar Mays,LSU,48923,6-4,"6'4""",76.0,77.47,"6'5""",1.47,plays_taller,77.47,"6'5""",1.47,plays_taller
2019,Tyree Crump,Georgia,48924,6-1,"6'1""",73.0,75.21,"6'3""",2.21,plays_taller,75.21,"6'3""",2.21,plays_taller
2019,Dontay Bassett,Florida,48926,6-9,"6'9""",81.0,80.02,"6'8""",-0.98,plays_shorter,80.02,"6'8""",-0.98,plays_shorter
2019,Jordan Harris,Georgia,48927,6-4,"6'4""",76.0,78.28,"6'6""",2.28,plays_taller,78.28,"6'6""",2.28,plays_taller
2019,Ramon Vila,Chattanooga,48954,6-8,"6'8""",80.0,79.56,"6'8""",-0.44,plays_at_height,79.56,"6'8""",-0.44,plays_at_height
2019,Romello White,Arizona St.,48955,6-8,"6'8""",80.0,80.22,"6'8""",0.22,plays_at_height,80.22,"6'8""",0.22,plays_at_height
2019,Willie Jackson,Toledo,48957,6-6,"6'6""",78.0,80.76,"6'9""",2.76,plays_taller,80.76,"6'9""",2.76,plays_taller
2019,Frankie Hughes,Duquesne,48958,6-4,"6'4""",76.0,75.64,"6'4""",-0.36,plays_at_height,75.64,"6'4""",-0.36,plays_at_height
2019,Devin Morgan,Youngstown St.,48967,5-10,"5'10""",70.0,74.13,"6'2""",4.13,plays_taller,74.13,"6'2""",4.13,plays_taller
2019,David Jean-Baptiste,Chattanooga,49010,6-1,"6'1""",73.0,74.74,"6'3""",1.74,plays_taller,74.74,"6'3""",1.74,plays_taller
2019,Nat Dixon,SMU,49011,6-4,"6'4""",76.0,75.39,"6'3""",-0.61,plays_at_height,75.39,"6'3""",-0.61,plays_at_height
2019,KaVaughn Scott,Loyola MD,49012,6-8,"6'8""",80.0,79.12,"6'7""",-0.88,plays_shorter,79.12,"6'7""",-0.88,plays_shorter
2019,Chuck Champion,Loyola MD,49016,6-4,"6'4""",76.0,75.87,"6'4""",-0.13,plays_at_height,75.87,"6'4""",-0.13,plays_at_height
2019,Andrew Kostecka,Loyola MD,49019,6-4,"6'4""",76.0,80.04,"6'8""",4.04,plays_taller,80.04,"6'8""",4.04,plays_taller
2019,Jeremy Peck,UNC Asheville,49024,6-9,"6'9""",81.0,77.35,"6'5""",-3.65,plays_shorter,77.35,"6'5""",-3.65,plays_shorter
2019,Jacob Cushing,Delaware,49028,6-8,"6'8""",80.0,76.8,"6'5""",-3.2,plays_shorter,76.8,"6'5""",-3.2,plays_shorter
2019,Maurice Howard,Alcorn St.,49036,6-1,"6'1""",73.0,74.06,"6'2""",1.06,plays_taller,74.06,"6'2""",1.06,plays_taller
2019,Kobe Wilson,Alcorn St.,49037,6-9,"6'9""",81.0,78.24,"6'6""",-2.76,plays_shorter,78.24,"6'6""",-2.76,plays_shorter
2019,Austin Rogers,Alabama St.,49039,6-4,"6'4""",76.0,75.28,"6'3""",-0.72,plays_at_height,75.28,"6'3""",-0.72,plays_at_height
2019,Damni Applewhite,South Carolina St.,49040,6-8,"6'8""",80.0,79.57,"6'8""",-0.43,plays_at_height,79.57,"6'8""",-0.43,plays_at_height
2019,Reginald Gee,Alabama St.,49044,6-3,"6'3""",75.0,76.31,"6'4""",1.31,plays_taller,76.31,"6'4""",1.31,plays_taller
2019,Justin Simon,St. John's,49070,6-5,"6'5""",77.0,78.82,"6'7""",1.82,plays_taller,78.82,"6'7""",1.82,plays_taller
2019,Elijah Minnie,Eastern Michigan,49079,6-9,"6'9""",81.0,78.61,"6'7""",-2.39,plays_shorter,78.61,"6'7""",-2.39,plays_shorter
2019,Ray Salnave,Monmouth,49147,6-3,"6'3""",75.0,76.38,"6'4""",1.38,plays_taller,76.38,"6'4""",1.38,plays_taller
2019,Samuli Nieminen,Stephen F. Austin,49150,6-8,"6'8""",80.0,75.06,"6'3""",-4.94,plays_shorter,75.06,"6'3""",-4.94,plays_shorter
2019,Jordan Chatman,Boston College,49173,6-5,"6'5""",77.0,74.11,"6'2""",-2.89,plays_shorter,74.11,"6'2""",-2.89,plays_shorter
2019,Lawson Korita,Tulsa,49178,6-5,"6'5""",77.0,75.54,"6'4""",-1.46,plays_shorter,75.54,"6'4""",-1.46,plays_shorter
2019,Travis Atson,Quinnipiac,49180,6-5,"6'5""",77.0,76.91,"6'5""",-0.09,plays_at_height,76.91,"6'5""",-0.09,plays_at_height
2019,Martins Igbanu,Tulsa,49182,6-8,"6'8""",80.0,79.25,"6'7""",-0.75,plays_shorter,79.25,"6'7""",-0.75,plays_shorter
2019,John Fulkerson,Tennessee,49184,6-9,"6'9""",81.0,81.5,"6'9""",0.5,plays_at_height,81.5,"6'9""",0.5,plays_at_height
2019,Jordan Bone,Tennessee,49185,6-3,"6'3""",75.0,75.99,"6'4""",0.99,plays_taller,75.99,"6'4""",0.99,plays_taller
2019,Jordan Bowden,Tennessee,49186,6-5,"6'5""",77.0,77.23,"6'5""",0.23,plays_at_height,77.23,"6'5""",0.23,plays_at_height
2019,Grant Williams,Tennessee,49187,6-7,"6'7""",79.0,81.83,"6'10""",2.83,plays_taller,81.83,"6'10""",2.83,plays_taller
2019,Clevon Brown,Vanderbilt,49188,6-8,"6'8""",80.0,80.72,"6'9""",0.72,plays_at_height,80.72,"6'9""",0.72,plays_at_height
2019,Joseph Battle,Appalachian St.,49191,6-3,"6'3""",75.0,75.98,"6'4""",0.98,plays_taller,75.98,"6'4""",0.98,plays_taller
2019,John Kiser,Valparaiso,49192,6-5,"6'5""",77.0,77.63,"6'6""",0.63,plays_at_height,77.63,"6'6""",0.63,plays_at_height
2019,Devin Gage,DePaul,49193,6-2,"6'2""",74.0,76.09,"6'4""",2.09,plays_taller,76.09,"6'4""",2.09,plays_taller
2019,Noah Yates,Richmond,49211,6-5,"6'5""",77.0,75.86,"6'4""",-1.14,plays_shorter,75.86,"6'4""",-1.14,plays_shorter
2019,Osasumwen Osaghae,FIU,49216,6-7,"6'7""",79.0,84.98,"7'1""",5.98,plays_taller,84.98,"7'1""",5.98,plays_taller
2019,Lazaro Rojas,Fresno St.,49218,6-11,"6'11""",83.0,80.7,"6'9""",-2.3,plays_shorter,80.7,"6'9""",-2.3,plays_shorter
2019,Edric Dennis,UT Arlington,49236,6-0,"6'0""",72.0,76.84,"6'5""",4.84,plays_taller,76.84,"6'5""",4.84,plays_taller
2019,Austen Awosika,Cal St. Fullerton,49245,6-3,"6'3""",75.0,76.68,"6'5""",1.68,plays_taller,76.68,"6'5""",1.68,plays_taller
2019,Davon Clare,Cal St. Fullerton,49246,6-5,"6'5""",77.0,78.68,"6'7""",1.68,plays_taller,78.68,"6'7""",1.68,plays_taller
2019,Kuba Niziol,Cal Poly,49247,6-7,"6'7""",79.0,76.78,"6'5""",-2.22,plays_shorter,76.78,"6'5""",-2.22,plays_shorter
2019,Mark Crowe,Cal Poly,49250,6-5,"6'5""",77.0,76.68,"6'5""",-0.32,plays_at_height,76.68,"6'5""",-0.32,plays_at_height
2019,Donovan Fields,Cal Poly,49251,5-10,"5'10""",70.0,74.51,"6'3""",4.51,plays_taller,74.51,"6'3""",4.51,plays_taller
2019,Gerald Blackshear Jr.,Detroit Mercy,49255,6-9,"6'9""",81.0,80.56,"6'9""",-0.44,plays_at_height,80.56,"6'9""",-0.44,plays_at_height
2019,P.J. Hardy,Louisiana,49262,6-1,"6'1""",73.0,74.72,"6'3""",1.72,plays_taller,74.72,"6'3""",1.72,plays_taller
2019,D'Marcus Simonds,Georgia St.,49264,6-3,"6'3""",75.0,78.3,"6'6""",3.3,plays_taller,78.3,"6'6""",3.3,plays_taller
2019,Justin Miller,Louisiana,49265,6-6,"6'6""",78.0,78.22,"6'6""",0.22,plays_at_height,78.22,"6'6""",0.22,plays_at_height
2019,Quan Jackson,Georgia Southern,49268,6-4,"6'4""",76.0,77.85,"6'6""",1.85,plays_taller,77.85,"6'6""",1.85,plays_taller
2019,Roydell Brown,McNeese St.,49270,6-5,"6'5""",77.0,79.87,"6'8""",2.87,plays_taller,79.87,"6'8""",2.87,plays_taller
2019,Jalen Tate,Northern Kentucky,49279,6-5,"6'5""",77.0,78.44,"6'6""",1.44,plays_taller,78.44,"6'6""",1.44,plays_taller
2019,Dantez Walton,Northern Kentucky,49281,6-5,"6'5""",77.0,78.48,"6'6""",1.48,plays_taller,78.48,"6'6""",1.48,plays_taller
2019,Lorenzo Jenkins,Colorado St.,49287,6-7,"6'7""",79.0,74.64,"6'3""",-4.36,plays_shorter,74.64,"6'3""",-4.36,plays_shorter
2019,James Suber,Cal St. Bakersfield,49370,6-7,"6'7""",79.0,81.49,"6'9""",2.49,plays_taller,81.49,"6'9""",2.49,plays_taller
2019,Brandon Childress,Wake Forest,49373,6-0,"6'0""",72.0,75.28,"6'3""",3.28,plays_taller,75.28,"6'3""",3.28,plays_taller
2019,Brandon Robinson,North Carolina,49379,6-4,"6'4""",76.0,77.67,"6'6""",1.67,plays_taller,77.67,"6'6""",1.67,plays_taller
2019,Seventh Woods,North Carolina,49380,6-2,"6'2""",74.0,76.48,"6'4""",2.48,plays_taller,76.48,"6'4""",2.48,plays_taller
2019,Marvin Clark II,St. John's,49383,6-7,"6'7""",79.0,78.0,"6'6""",-1.0,plays_shorter,78.0,"6'6""",-1.0,plays_shorter
2019,Terry Harris,North Carolina A&T,49388,6-6,"6'6""",78.0,74.23,"6'2""",-3.77,plays_shorter,74.23,"6'2""",-3.77,plays_shorter
2019,Alterique Gilbert,Connecticut,49404,6-0,"6'0""",72.0,74.83,"6'3""",2.83,plays_taller,74.83,"6'3""",2.83,plays_taller
2019,Matthew Moyer,Vanderbilt,49405,6-8,"6'8""",80.0,78.58,"6'7""",-1.42,plays_shorter,78.58,"6'7""",-1.42,plays_shorter
2019,Sabastian Townes,Bryant,49446,6-5,"6'5""",77.0,76.28,"6'4""",-0.72,plays_at_height,76.28,"6'4""",-0.72,plays_at_height
2019,Kaelen Malone,Oral Roberts,49447,6-1,"6'1""",73.0,73.73,"6'2""",0.73,plays_at_height,73.73,"6'2""",0.73,plays_at_height
2019,Tanner Johnson,Bryant,49448,6-5,"6'5""",77.0,74.34,"6'2""",-2.66,plays_shorter,74.34,"6'2""",-2.66,plays_shorter
2019,Aaron Cook,Southern Illinois,49449,6-2,"6'2""",74.0,75.62,"6'4""",1.62,plays_taller,75.62,"6'4""",1.62,plays_taller
2019,Tyson Batiste,Central Connecticut,49450,6-2,"6'2""",74.0,75.16,"6'3""",1.16,plays_taller,75.16,"6'3""",1.16,plays_taller
2019,Kashaun Hicks,Central Connecticut,49451,6-6,"6'6""",78.0,76.66,"6'5""",-1.34,plays_shorter,76.66,"6'5""",-1.34,plays_shorter
2019,Tyler Sharpe,Northern Kentucky,49452,6-1,"6'1""",73.0,75.01,"6'3""",2.01,plays_taller,75.01,"6'3""",2.01,plays_taller
2019,Arkel Lamar,UMBC,49454,6-5,"6'5""",77.0,77.76,"6'6""",0.76,plays_taller,77.76,"6'6""",0.76,plays_taller
2019,Max Curran,UMBC,49455,6-9,"6'9""",81.0,80.0,"6'8""",-1.0,plays_shorter,80.0,"6'8""",-1.0,plays_shorter
2019,C.J. Duff,Western Illinois,49466,6-1,"6'1""",73.0,73.91,"6'2""",0.91,plays_taller,73.91,"6'2""",0.91,plays_taller
2019,Patrick Good,East Tennessee St.,49469,6-0,"6'0""",72.0,75.27,"6'3""",3.27,plays_taller,75.27,"6'3""",3.27,plays_taller
2019,Isaac Johnson,Appalachian St.,49470,6-9,"6'9""",81.0,80.69,"6'9""",-0.31,plays_at_height,80.69,"6'9""",-0.31,plays_at_height
2019,Kelvin Robinson,Eastern Kentucky,49471,6-2,"6'2""",74.0,77.16,"6'5""",3.16,plays_taller,77.16,"6'5""",3.16,plays_taller
2019,Salif Boudie,Arkansas St.,49472,6-8,"6'8""",80.0,80.39,"6'8""",0.39,plays_at_height,80.39,"6'8""",0.39,plays_at_height
2019,Jahmiah Simmons,North Texas,49474,6-4,"6'4""",76.0,78.93,"6'7""",2.93,plays_taller,78.93,"6'7""",2.93,plays_taller
2019,Christian Willis,Arkansas St.,49475,6-1,"6'1""",73.0,74.06,"6'2""",1.06,plays_taller,74.06,"6'2""",1.06,plays_taller
2019,Sagaba Konate,West Virginia,49479,6-8,"6'8""",80.0,83.34,"6'11""",3.34,plays_taller,83.34,"6'11""",3.34,plays_taller
2019,Chase Harler,West Virginia,49480,6-3,"6'3""",75.0,75.5,"6'4""",0.5,plays_at_height,75.5,"6'4""",0.5,plays_at_height
2019,Ryan Kriener,Iowa,49482,6-9,"6'9""",81.0,79.38,"6'7""",-1.62,plays_shorter,79.38,"6'7""",-1.62,plays_shorter
2019,Tyler Cook,Iowa,49483,6-9,"6'9""",81.0,81.75,"6'10""",0.75,plays_taller,81.75,"6'10""",0.75,plays_taller
2019,Jordan Bohannon,Iowa,49484,6-1,"6'1""",73.0,74.25,"6'2""",1.25,plays_taller,74.25,"6'2""",1.25,plays_taller
2019,Maishe Dailey,Iowa,49485,6-7,"6'7""",79.0,76.35,"6'4""",-2.65,plays_shorter,76.35,"6'4""",-2.65,plays_shorter
2019,Milos Jovic,Miami OH,49511,6-4,"6'4""",76.0,75.73,"6'4""",-0.27,plays_at_height,75.73,"6'4""",-0.27,plays_at_height
2019,Donovan Gilmore,UNC Asheville,49514,6-8,"6'8""",80.0,79.32,"6'7""",-0.68,plays_at_height,79.32,"6'7""",-0.68,plays_at_height
2019,Adonis De La Rosa,Illinois,49524,7-0,"7'0""",84.0,77.87,"6'6""",-6.13,plays_shorter,77.87,"6'6""",-6.13,plays_shorter
2019,Justin Kier,George Mason,49529,6-4,"6'4""",76.0,77.78,"6'6""",1.78,plays_taller,77.78,"6'6""",1.78,plays_taller
2019,Shane Gatling,Colorado,49540,6-2,"6'2""",74.0,75.64,"6'4""",1.64,plays_taller,75.64,"6'4""",1.64,plays_taller
2019,Josh Ferguson,Winthrop,49544,6-8,"6'8""",80.0,79.04,"6'7""",-0.96,plays_shorter,79.04,"6'7""",-0.96,plays_shorter
2019,Brooks DeBisschop,Northern Arizona,49545,6-9,"6'9""",81.0,80.16,"6'8""",-0.84,plays_shorter,80.16,"6'8""",-0.84,plays_shorter
2019,Mitch Peterson,Kent St.,49546,6-5,"6'5""",77.0,75.93,"6'4""",-1.07,plays_shorter,75.93,"6'4""",-1.07,plays_shorter
2019,Chris Bowling,Northern Arizona,49547,6-7,"6'7""",79.0,75.3,"6'3""",-3.7,plays_shorter,75.3,"6'3""",-3.7,plays_shorter
2019,Matt Chastain,Illinois St.,49548,6-6,"6'6""",78.0,78.85,"6'7""",0.85,plays_taller,78.85,"6'7""",0.85,plays_taller
2019,Dikymbe Martin,UC Riverside,49558,6-1,"6'1""",73.0,74.64,"6'3""",1.64,plays_taller,74.64,"6'3""",1.64,plays_taller
2019,Rondale Watson,Marshall,49569,6-4,"6'4""",76.0,77.66,"6'6""",1.66,plays_taller,77.66,"6'6""",1.66,plays_taller
2019,Lamar Stevens,Penn St.,49591,6-8,"6'8""",80.0,79.89,"6'8""",-0.11,plays_at_height,79.89,"6'8""",-0.11,plays_at_height
2019,Frankie Ferrari,San Francisco,49620,6-0,"6'0""",72.0,75.0,"6'3""",3.0,plays_taller,75.0,"6'3""",3.0,plays_taller
2019,Vasa Pusica,Northeastern,49621,6-5,"6'5""",77.0,75.84,"6'4""",-1.16,plays_shorter,75.84,"6'4""",-1.16,plays_shorter
2019,Marcus Harris,Sam Houston St.,49623,6-0,"6'0""",72.0,74.54,"6'3""",2.54,plays_taller,74.54,"6'3""",2.54,plays_taller
2019,Marcus Ottey,Illinois Chicago,49654,6-2,"6'2""",74.0,76.74,"6'5""",2.74,plays_taller,76.74,"6'5""",2.74,plays_taller
2019,Stevie Jordan,Rider,49670,6-0,"6'0""",72.0,76.94,"6'5""",4.94,plays_taller,76.94,"6'5""",4.94,plays_taller
2019,Bruno Skokna,Loyola Chicago,49674,6-4,"6'4""",76.0,74.97,"6'3""",-1.03,plays_shorter,74.97,"6'3""",-1.03,plays_shorter
2019,James Towns,Niagara,49676,5-10,"5'10""",70.0,74.97,"6'3""",4.97,plays_taller,74.97,"6'3""",4.97,plays_taller
2019,Franklin Porter,Portland,49684,6-4,"6'4""",76.0,75.64,"6'4""",-0.36,plays_at_height,75.64,"6'4""",-0.36,plays_at_height
2019,Ryan Woolridge,North Texas,49686,6-3,"6'3""",75.0,77.74,"6'6""",2.74,plays_taller,77.74,"6'6""",2.74,plays_taller
2019,Jorden Duffy,North Texas,50167,6-1,"6'1""",73.0,77.05,"6'5""",4.05,plays_taller,77.05,"6'5""",4.05,plays_taller
2019,Nana Akenten,Nebraska,50171,6-6,"6'6""",78.0,76.9,"6'5""",-1.1,plays_shorter,76.9,"6'5""",-1.1,plays_shorter
2019,Thomas Allen,Nebraska,50172,6-1,"6'1""",73.0,75.23,"6'3""",2.23,plays_taller,75.23,"6'3""",2.23,plays_taller
2019,Alessandro Lever,Grand Canyon,50173,6-10,"6'10""",82.0,77.07,"6'5""",-4.93,plays_shorter,77.07,"6'5""",-4.93,plays_shorter
2019,Isaiah Washington,Minnesota,50174,6-1,"6'1""",73.0,74.43,"6'2""",1.43,plays_taller,74.43,"6'2""",1.43,plays_taller
2019,Jalen Perry,UAB,50177,6-3,"6'3""",75.0,76.32,"6'4""",1.32,plays_taller,76.32,"6'4""",1.32,plays_taller
2019,Makhtar Gueye,UAB,50178,6-10,"6'10""",82.0,80.04,"6'8""",-1.96,plays_shorter,80.04,"6'8""",-1.96,plays_shorter
2019,LaDavius Draine,Southern Miss,50179,6-4,"6'4""",76.0,75.43,"6'3""",-0.57,plays_at_height,75.43,"6'3""",-0.57,plays_at_height
2019,Kyle Young,Ohio St.,50187,6-8,"6'8""",80.0,80.39,"6'8""",0.39,plays_at_height,80.39,"6'8""",0.39,plays_at_height
2019,Anthony Gaines,Northwestern,50189,6-4,"6'4""",76.0,78.65,"6'7""",2.65,plays_taller,78.65,"6'7""",2.65,plays_taller
2019,Pauly Paulicap,Manhattan,50191,6-8,"6'8""",80.0,79.93,"6'8""",-0.07,plays_at_height,79.93,"6'8""",-0.07,plays_at_height
2019,Damion Rosser,New Orleans,50192,6-4,"6'4""",76.0,78.81,"6'7""",2.81,plays_taller,78.81,"6'7""",2.81,plays_taller
2019,Jason Strong,Northeastern,50200,6-8,"6'8""",80.0,76.25,"6'4""",-3.75,plays_shorter,76.25,"6'4""",-3.75,plays_shorter
2019,Tomas Murphy,Northeastern,50205,6-8,"6'8""",80.0,78.32,"6'6""",-1.68,plays_shorter,78.32,"6'6""",-1.68,plays_shorter
2019,Myles Franklin,Northeastern,50206,6-4,"6'4""",76.0,74.49,"6'2""",-1.51,plays_shorter,74.49,"6'2""",-1.51,plays_shorter
2019,Kamar McKnight,Tennessee St.,50207,6-4,"6'4""",76.0,75.88,"6'4""",-0.12,plays_at_height,75.88,"6'4""",-0.12,plays_at_height
2019,Brandon McKissic,UMKC,50211,6-3,"6'3""",75.0,76.44,"6'4""",1.44,plays_taller,76.44,"6'4""",1.44,plays_taller
2019,Jack Perry,Eastern Washington,50217,6-2,"6'2""",74.0,74.48,"6'2""",0.48,plays_at_height,74.48,"6'2""",0.48,plays_at_height
2019,Ra Kpedi,Vermont,50219,6-9,"6'9""",81.0,78.83,"6'7""",-2.17,plays_shorter,78.83,"6'7""",-2.17,plays_shorter
2019,Emmanuel Akot,Arizona,50224,6-7,"6'7""",79.0,77.55,"6'6""",-1.45,plays_shorter,77.55,"6'6""",-1.45,plays_shorter
2019,Alex Barcello,Arizona,50225,6-2,"6'2""",74.0,75.14,"6'3""",1.14,plays_taller,75.14,"6'3""",1.14,plays_taller
2019,Maxwell Evans,Vanderbilt,50226,6-2,"6'2""",74.0,76.32,"6'4""",2.32,plays_taller,76.32,"6'4""",2.32,plays_taller
2019,Grant Anticevich,California,50227,6-8,"6'8""",80.0,76.7,"6'5""",-3.3,plays_shorter,76.7,"6'5""",-3.3,plays_shorter
2019,Justice Sueing,California,50231,6-7,"6'7""",79.0,78.69,"6'7""",-0.31,plays_at_height,78.69,"6'7""",-0.31,plays_at_height
2019,Brad Davison,Wisconsin,50234,6-3,"6'3""",75.0,75.2,"6'3""",0.2,plays_at_height,75.2,"6'3""",0.2,plays_at_height
2019,Kobe King,Wisconsin,50235,6-4,"6'4""",76.0,75.64,"6'4""",-0.36,plays_at_height,75.64,"6'4""",-0.36,plays_at_height
2019,Brandon Randolph,Arizona,50236,6-6,"6'6""",78.0,76.95,"6'5""",-1.05,plays_shorter,76.95,"6'5""",-1.05,plays_shorter
2019,Nate Reuvers,Wisconsin,50237,6-11,"6'11""",83.0,80.17,"6'8""",-2.83,plays_shorter,80.17,"6'8""",-2.83,plays_shorter
2019,Ira Lee,Arizona,50239,6-7,"6'7""",79.0,81.4,"6'9""",2.4,plays_taller,81.4,"6'9""",2.4,plays_taller
2019,Dominik Heinzl,Cal St. Fullerton,50240,6-7,"6'7""",79.0,78.74,"6'7""",-0.26,plays_at_height,78.74,"6'7""",-0.26,plays_at_height
2019,Taj Benning,Fairfield,50244,6-3,"6'3""",75.0,75.21,"6'3""",0.21,plays_at_height,75.21,"6'3""",0.21,plays_at_height
2019,Johnny Wang,Cal St. Fullerton,50245,6-9,"6'9""",81.0,78.5,"6'6""",-2.5,plays_shorter,78.5,"6'6""",-2.5,plays_shorter
2019,Aidas Kavaliauskas,Fairfield,50247,6-1,"6'1""",73.0,75.17,"6'3""",2.17,plays_taller,75.17,"6'3""",2.17,plays_taller
2019,Wassef Methnani,Fairfield,50248,6-8,"6'8""",80.0,79.0,"6'7""",-1.0,plays_shorter,79.0,"6'7""",-1.0,plays_shorter
2019,Jared Wilson-Frame,Pittsburgh,50251,6-5,"6'5""",77.0,75.74,"6'4""",-1.26,plays_shorter,75.74,"6'4""",-1.26,plays_shorter
2019,Khameron Davis,Pittsburgh,50252,6-4,"6'4""",76.0,76.84,"6'5""",0.84,plays_taller,76.84,"6'5""",0.84,plays_taller
2019,D.J. Harvey,Notre Dame,50256,6-6,"6'6""",78.0,76.78,"6'5""",-1.22,plays_shorter,76.78,"6'5""",-1.22,plays_shorter
2019,Terrell Brown,Pittsburgh,50259,6-10,"6'10""",82.0,82.68,"6'11""",0.68,plays_at_height,82.68,"6'11""",0.68,plays_at_height
2019,Jaylan McGill,Charlotte,50261,6-2,"6'2""",74.0,74.17,"6'2""",0.17,plays_at_height,74.17,"6'2""",0.17,plays_at_height
2019,Jailan Haslem,Charlotte,50262,6-10,"6'10""",82.0,80.16,"6'8""",-1.84,plays_shorter,80.16,"6'8""",-1.84,plays_shorter
2019,Jay Estime',UNC Wilmington,50266,6-5,"6'5""",77.0,75.0,"6'3""",-2.0,plays_shorter,75.0,"6'3""",-2.0,plays_shorter
2019,Gairges Daow,Northern Illinois,50267,6-4,"6'4""",76.0,76.79,"6'5""",0.79,plays_taller,76.79,"6'5""",0.79,plays_taller
2019,Dante Thorpe,Northern Illinois,50268,6-4,"6'4""",76.0,76.34,"6'4""",0.34,plays_at_height,76.34,"6'4""",0.34,plays_at_height
2019,Jacob Wiley,Illinois Chicago,50274,6-7,"6'7""",79.0,81.29,"6'9""",2.29,plays_taller,81.29,"6'9""",2.29,plays_taller
2019,Jordan Davis,Dayton,50275,6-2,"6'2""",74.0,76.22,"6'4""",2.22,plays_taller,76.22,"6'4""",2.22,plays_taller
2019,Jalen Crutcher,Dayton,50276,6-1,"6'1""",73.0,76.11,"6'4""",3.11,plays_taller,76.11,"6'4""",3.11,plays_taller
2019,Vance Jackson,New Mexico,50277,6-9,"6'9""",81.0,78.32,"6'6""",-2.68,plays_shorter,78.32,"6'6""",-2.68,plays_shorter
2019,Terrence Lewis,Iowa St.,50284,6-6,"6'6""",78.0,76.7,"6'5""",-1.3,plays_shorter,76.7,"6'5""",-1.3,plays_shorter
2019,Milos Supica,Charlotte,50288,6-9,"6'9""",81.0,79.39,"6'7""",-1.61,plays_shorter,79.39,"6'7""",-1.61,plays_shorter
2019,Nike Sibande,Miami OH,50290,6-4,"6'4""",76.0,77.26,"6'5""",1.26,plays_taller,77.26,"6'5""",1.26,plays_taller
2019,Donovan Sims,Middle Tennessee,50296,6-1,"6'1""",73.0,75.23,"6'3""",2.23,plays_taller,75.23,"6'3""",2.23,plays_taller
2019,Matt Beachler,Central Michigan,50298,6-4,"6'4""",76.0,75.89,"6'4""",-0.11,plays_at_height,75.89,"6'4""",-0.11,plays_at_height
2019,Malik Ellison,Eastern Michigan,50299,5-8,"5'8""",68.0,73.38,"6'1""",5.38,plays_taller,73.38,"6'1""",5.38,plays_taller
2019,Kevin McAdoo,Eastern Michigan,50300,6-2,"6'2""",74.0,74.13,"6'2""",0.13,plays_at_height,74.13,"6'2""",0.13,plays_at_height
2019,Deishuan Booker,Long Beach St.,50302,6-3,"6'3""",75.0,76.62,"6'5""",1.62,plays_taller,76.62,"6'5""",1.62,plays_taller
2019,Jalen Gibbs,Mount St. Mary's,50303,6-3,"6'3""",75.0,76.18,"6'4""",1.18,plays_taller,76.18,"6'4""",1.18,plays_taller
2019,Eric Williams Jr.,Duquesne,50314,6-6,"6'6""",78.0,79.76,"6'8""",1.76,plays_taller,79.76,"6'8""",1.76,plays_taller
2019,Goanar Mar,George Mason,50316,6-7,"6'7""",79.0,75.45,"6'3""",-3.55,plays_shorter,75.45,"6'3""",-3.55,plays_shorter
2019,Bryan Knapp,Cornell,50318,6-1,"6'1""",73.0,74.0,"6'2""",1.0,plays_taller,74.0,"6'2""",1.0,plays_taller
2019,Terrance McBride,Cornell,50319,6-2,"6'2""",74.0,75.13,"6'3""",1.13,plays_taller,75.13,"6'3""",1.13,plays_taller
2019,Riley Voss,Cornell,50320,6-6,"6'6""",78.0,75.24,"6'3""",-2.76,plays_shorter,75.24,"6'3""",-2.76,plays_shorter
2019,Jake Kuhn,Cornell,50321,6-6,"6'6""",78.0,75.3,"6'3""",-2.7,plays_shorter,75.3,"6'3""",-2.7,plays_shorter
2019,Steven Julian,Cornell,50322,6-6,"6'6""",78.0,80.35,"6'8""",2.35,plays_taller,80.35,"6'8""",2.35,plays_taller
2019,Adrease Jackson,Dartmouth,50323,6-8,"6'8""",80.0,79.03,"6'7""",-0.97,plays_shorter,79.03,"6'7""",-0.97,plays_shorter
2019,Chris Knight,Dartmouth,50324,6-7,"6'7""",79.0,80.01,"6'8""",1.01,plays_taller,80.01,"6'8""",1.01,plays_taller
2019,Aaryn Rai,Dartmouth,50326,6-6,"6'6""",78.0,78.51,"6'7""",0.51,plays_at_height,78.51,"6'7""",0.51,plays_at_height
2019,Rio Haskett,Harvard,50327,6-3,"6'3""",75.0,74.46,"6'2""",-0.54,plays_at_height,74.46,"6'2""",-0.54,plays_at_height
2019,Scott Blakney,Idaho,50334,6-9,"6'9""",81.0,77.49,"6'5""",-3.51,plays_shorter,77.49,"6'5""",-3.51,plays_shorter
2019,Timmy Falls,Montana,50339,6-2,"6'2""",74.0,75.68,"6'4""",1.68,plays_taller,75.68,"6'4""",1.68,plays_taller
2019,Isaiah Livers,Michigan,50343,6-7,"6'7""",79.0,78.91,"6'7""",-0.09,plays_at_height,78.91,"6'7""",-0.09,plays_at_height
2019,Eli Brooks,Michigan,50344,6-1,"6'1""",73.0,76.1,"6'4""",3.1,plays_taller,76.1,"6'4""",3.1,plays_taller
2019,Jordan Poole,Michigan,50346,6-5,"6'5""",77.0,77.12,"6'5""",0.12,plays_at_height,77.12,"6'5""",0.12,plays_at_height
2019,D.J. Jackson,SIU Edwardsville,50347,6-5,"6'5""",77.0,77.5,"6'6""",0.5,plays_at_height,77.5,"6'6""",0.5,plays_at_height
2019,David McFarland,SIU Edwardsville,50350,6-4,"6'4""",76.0,77.02,"6'5""",1.02,plays_taller,77.02,"6'5""",1.02,plays_taller
2019,Darius McNeill,California,50351,6-3,"6'3""",75.0,75.16,"6'3""",0.16,plays_at_height,75.16,"6'3""",0.16,plays_at_height
2019,Juhwan Harris-Dyson,California,50352,6-5,"6'5""",77.0,76.97,"6'5""",-0.03,plays_at_height,76.97,"6'5""",-0.03,plays_at_height
2019,Isaiah Gable,Southeast Missouri St.,50353,6-7,"6'7""",79.0,76.59,"6'5""",-2.41,plays_shorter,76.59,"6'5""",-2.41,plays_shorter
2019,Mark Laros,Southeast Missouri St.,50354,6-10,"6'10""",82.0,78.09,"6'6""",-3.91,plays_shorter,78.09,"6'6""",-3.91,plays_shorter
2019,Jahvon Blair,Georgetown,50355,6-3,"6'3""",75.0,73.95,"6'2""",-1.05,plays_shorter,73.95,"6'2""",-1.05,plays_shorter
2019,Logan Ryan,Colorado St.,50357,6-9,"6'9""",81.0,79.84,"6'8""",-1.16,plays_shorter,79.84,"6'8""",-1.16,plays_shorter
2019,Jose Alvarado,Georgia Tech,50358,6-0,"6'0""",72.0,75.72,"6'4""",3.72,plays_taller,75.72,"6'4""",3.72,plays_taller
2019,Bryan Trimble Jr.,St. John's,50363,6-3,"6'3""",75.0,75.92,"6'4""",0.92,plays_taller,75.92,"6'4""",0.92,plays_taller
2019,Jamaree Bouyea,San Francisco,50366,6-2,"6'2""",74.0,77.91,"6'6""",3.91,plays_taller,77.91,"6'6""",3.91,plays_taller
2019,Chaundee Brown,Wake Forest,50373,6-5,"6'5""",77.0,77.35,"6'5""",0.35,plays_at_height,77.35,"6'5""",0.35,plays_at_height
2019,Olivier Sarr,Wake Forest,50374,7-0,"7'0""",84.0,80.44,"6'8""",-3.56,plays_shorter,80.44,"6'8""",-3.56,plays_shorter
2019,Lindell Wigginton,Iowa St.,50376,6-2,"6'2""",74.0,77.6,"6'6""",3.6,plays_taller,77.6,"6'6""",3.6,plays_taller
2019,RJ Nembhard,TCU,50377,6-4,"6'4""",76.0,77.49,"6'5""",1.49,plays_taller,77.49,"6'5""",1.49,plays_taller
2019,Rod Henry-Hayes,Northern Illinois,50382,6-4,"6'4""",76.0,75.43,"6'3""",-0.57,plays_at_height,75.43,"6'3""",-0.57,plays_at_height
2019,Austin Williams,Marist,50387,6-3,"6'3""",75.0,77.36,"6'5""",2.36,plays_taller,77.36,"6'5""",2.36,plays_taller
2019,Edon Maxhuni,Long Beach St.,50391,6-2,"6'2""",74.0,73.44,"6'1""",-0.56,plays_at_height,73.44,"6'1""",-0.56,plays_at_height
2019,Jalen Seegars,UNC Asheville,50393,6-5,"6'5""",77.0,77.37,"6'5""",0.37,plays_at_height,77.37,"6'5""",0.37,plays_at_height
2019,Lamar Morgan,Coppin St.,50394,6-6,"6'6""",78.0,75.37,"6'3""",-2.63,plays_shorter,75.37,"6'3""",-2.63,plays_shorter
2019,Alex O'Connell,Duke,50396,6-6,"6'6""",78.0,76.72,"6'5""",-1.28,plays_shorter,76.72,"6'5""",-1.28,plays_shorter
2019,Jalen Ray,Hofstra,50399,6-1,"6'1""",73.0,74.72,"6'3""",1.72,plays_taller,74.72,"6'3""",1.72,plays_taller
2019,Evan Gilyard,UTEP,50400,5-10,"5'10""",70.0,74.51,"6'3""",4.51,plays_taller,74.51,"6'3""",4.51,plays_taller
2019,John Jones,Texas Southern,50402,6-0,"6'0""",72.0,74.08,"6'2""",2.08,plays_taller,74.08,"6'2""",2.08,plays_taller
2019,Gene Davis,Alabama St.,50406,6-1,"6'1""",73.0,74.59,"6'3""",1.59,plays_taller,74.59,"6'3""",1.59,plays_taller
2019,Keleaf Tate,Niagara,50407,6-2,"6'2""",74.0,74.36,"6'2""",0.36,plays_at_height,74.36,"6'2""",0.36,plays_at_height
2019,Jayvon Graves,Buffalo,50409,6-3,"6'3""",75.0,79.02,"6'7""",4.02,plays_taller,79.02,"6'7""",4.02,plays_taller
2019,Jeremy Harris,Buffalo,50410,6-7,"6'7""",79.0,78.57,"6'7""",-0.43,plays_at_height,78.57,"6'7""",-0.43,plays_at_height
2019,Daeqwon Plowden,Bowling Green,50412,6-6,"6'6""",78.0,79.59,"6'8""",1.59,plays_taller,79.59,"6'8""",1.59,plays_taller
2019,Ifeanyi Umezurike,Florida A&M,50417,6-9,"6'9""",81.0,78.62,"6'7""",-2.38,plays_shorter,78.62,"6'7""",-2.38,plays_shorter
2019,Sam Dowd,Idaho St.,50420,5-8,"5'8""",68.0,73.22,"6'1""",5.22,plays_taller,73.22,"6'1""",5.22,plays_taller
2019,Fatts Russell,Rhode Island,50422,5-10,"5'10""",70.0,75.65,"6'4""",5.65,plays_taller,75.65,"6'4""",5.65,plays_taller
2019,Javier Langarica,George Washington,50423,6-9,"6'9""",81.0,79.83,"6'8""",-1.17,plays_shorter,79.83,"6'8""",-1.17,plays_shorter
2019,Maceo Jack,George Washington,50425,6-5,"6'5""",77.0,76.73,"6'5""",-0.27,plays_at_height,76.73,"6'5""",-0.27,plays_at_height
2019,Terry Nolan Jr.,George Washington,50426,6-2,"6'2""",74.0,77.22,"6'5""",3.22,plays_taller,77.22,"6'5""",3.22,plays_taller
2019,Justin Mazzulla,George Washington,50427,6-3,"6'3""",75.0,76.99,"6'5""",1.99,plays_taller,76.99,"6'5""",1.99,plays_taller
2019,Greg Calixte,George Mason,50428,6-8,"6'8""",80.0,79.63,"6'8""",-0.37,plays_at_height,79.63,"6'8""",-0.37,plays_at_height
2019,Tshiefu Ngalakulondi,St. Bonaventure,50430,6-7,"6'7""",79.0,79.03,"6'7""",0.03,plays_at_height,79.03,"6'7""",0.03,plays_at_height
2019,Elyjah Williams,Fairleigh Dickinson,50434,6-7,"6'7""",79.0,80.42,"6'8""",1.42,plays_taller,80.42,"6'8""",1.42,plays_taller
2019,K.J. Riley,Evansville,50436,6-5,"6'5""",77.0,77.86,"6'6""",0.86,plays_taller,77.86,"6'6""",0.86,plays_taller
2019,Tyler Plummer,Wagner,50438,6-3,"6'3""",75.0,77.37,"6'5""",2.37,plays_taller,77.37,"6'5""",2.37,plays_taller
2019,Mike Parks Jr.,Memphis,50441,6-8,"6'8""",80.0,79.96,"6'8""",-0.04,plays_at_height,79.96,"6'8""",-0.04,plays_at_height
2019,Sean Price,Charleston Southern,50442,6-5,"6'5""",77.0,75.72,"6'4""",-1.28,plays_shorter,75.72,"6'4""",-1.28,plays_shorter
2019,Rickey Holden,Cal St. Bakersfield,50444,5-10,"5'10""",70.0,74.56,"6'3""",4.56,plays_taller,74.56,"6'3""",4.56,plays_taller
2019,Jimmy Boeheim,Cornell,50445,6-8,"6'8""",80.0,75.82,"6'4""",-4.18,plays_shorter,75.82,"6'4""",-4.18,plays_shorter
2019,Tai Bibbs,Columbia,50447,6-3,"6'3""",75.0,74.94,"6'3""",-0.06,plays_at_height,74.94,"6'3""",-0.06,plays_at_height
2019,Gabe Stefanini,Columbia,50450,6-3,"6'3""",75.0,75.84,"6'4""",0.84,plays_taller,75.84,"6'4""",0.84,plays_taller
2019,Randy Brumant,Columbia,50451,6-7,"6'7""",79.0,79.59,"6'8""",0.59,plays_at_height,79.59,"6'8""",0.59,plays_at_height
2019,Matt DeWolf,Brown,50452,6-9,"6'9""",81.0,77.68,"6'6""",-3.32,plays_shorter,77.68,"6'6""",-3.32,plays_shorter
2019,Tamenang Choh,Brown,50453,6-5,"6'5""",77.0,80.58,"6'9""",3.58,plays_taller,80.58,"6'9""",3.58,plays_taller
2019,Desmond Cambridge,Brown,50454,6-4,"6'4""",76.0,78.11,"6'6""",2.11,plays_taller,78.11,"6'6""",2.11,plays_taller
2019,Lassi Nikkarinen,Montana St.,50456,6-2,"6'2""",74.0,74.42,"6'2""",0.42,plays_at_height,74.42,"6'2""",0.42,plays_at_height
2019,Carlos Hines,Northern Arizona,50457,6-4,"6'4""",76.0,75.07,"6'3""",-0.93,plays_shorter,75.07,"6'3""",-0.93,plays_shorter
2019,Montell McRae,Buffalo,50458,6-10,"6'10""",82.0,79.75,"6'8""",-2.25,plays_shorter,79.75,"6'8""",-2.25,plays_shorter
2019,Kaleb Wesson,Ohio St.,50459,6-9,"6'9""",81.0,81.06,"6'9""",0.06,plays_at_height,81.06,"6'9""",0.06,plays_at_height
2019,Jalen Sanders,Northern Colorado,50463,6-5,"6'5""",77.0,78.27,"6'6""",1.27,plays_taller,78.27,"6'6""",1.27,plays_taller
2019,John Harrar,Penn St.,50465,6-9,"6'9""",81.0,79.81,"6'8""",-1.19,plays_shorter,79.81,"6'8""",-1.19,plays_shorter
2019,Jamari Wheeler,Penn St.,50466,6-1,"6'1""",73.0,76.52,"6'5""",3.52,plays_taller,76.52,"6'5""",3.52,plays_taller
2019,Garrison Brooks,North Carolina,50470,6-9,"6'9""",81.0,80.99,"6'9""",-0.01,plays_at_height,80.99,"6'9""",-0.01,plays_at_height
2019,Sterling Manley,North Carolina,50472,6-11,"6'11""",83.0,81.88,"6'10""",-1.12,plays_shorter,81.88,"6'10""",-1.12,plays_shorter
2019,Wabissa Bede,Virginia Tech,50474,6-1,"6'1""",73.0,75.24,"6'3""",2.24,plays_taller,75.24,"6'3""",2.24,plays_taller
2019,P.J. Horne,Virginia Tech,50476,6-5,"6'5""",77.0,78.62,"6'7""",1.62,plays_taller,78.62,"6'7""",1.62,plays_taller
2019,Nickeil Alexander-Walker,Virginia Tech,50477,6-5,"6'5""",77.0,78.34,"6'6""",1.34,plays_taller,78.34,"6'6""",1.34,plays_taller
2019,Corey Tillery,Tennessee Tech,50479,6-1,"6'1""",73.0,74.19,"6'2""",1.19,plays_taller,74.19,"6'2""",1.19,plays_taller
2019,Geno West,Idaho,50480,6-2,"6'2""",74.0,73.8,"6'2""",-0.2,plays_at_height,73.8,"6'2""",-0.2,plays_at_height
2019,Darnell Dunn,Pepperdine,50482,6-6,"6'6""",78.0,75.92,"6'4""",-2.08,plays_shorter,75.92,"6'4""",-2.08,plays_shorter
2019,Trae Berhow,Northern Iowa,50483,6-5,"6'5""",77.0,78.19,"6'6""",1.19,plays_taller,78.19,"6'6""",1.19,plays_taller
2019,Saben Lee,Vanderbilt,50484,6-2,"6'2""",74.0,77.6,"6'6""",3.6,plays_taller,77.6,"6'6""",3.6,plays_taller
2019,James Batemon,Loyola Marymount,50486,6-1,"6'1""",73.0,76.54,"6'5""",3.54,plays_taller,76.54,"6'5""",3.54,plays_taller
2019,Zafir Williams,Loyola Marymount,50488,6-6,"6'6""",78.0,76.81,"6'5""",-1.19,plays_shorter,76.81,"6'5""",-1.19,plays_shorter
2019,Jade Smith,Pepperdine,50489,6-4,"6'4""",76.0,77.52,"6'6""",1.52,plays_taller,77.52,"6'6""",1.52,plays_taller
2019,Joe Quintana,Loyola Marymount,50491,6-2,"6'2""",74.0,75.52,"6'4""",1.52,plays_taller,75.52,"6'4""",1.52,plays_taller
2019,Mike McGuirl,Kansas St.,50495,6-2,"6'2""",74.0,75.94,"6'4""",1.94,plays_taller,75.94,"6'4""",1.94,plays_taller
2019,Marcus Garrett,Kansas,50498,6-5,"6'5""",77.0,77.88,"6'6""",0.88,plays_taller,77.88,"6'6""",0.88,plays_taller
2019,Simon Wright,Elon,50500,6-7,"6'7""",79.0,76.49,"6'4""",-2.51,plays_shorter,76.49,"6'4""",-2.51,plays_shorter
2019,Jacob Rigoni,Quinnipiac,50505,6-6,"6'6""",78.0,76.37,"6'4""",-1.63,plays_shorter,76.37,"6'4""",-1.63,plays_shorter
2019,Rich Kelly,Quinnipiac,50507,6-1,"6'1""",73.0,74.12,"6'2""",1.12,plays_taller,74.12,"6'2""",1.12,plays_taller
2019,Jamorko Pickett,Georgetown,50511,6-8,"6'8""",80.0,78.69,"6'7""",-1.31,plays_shorter,78.69,"6'7""",-1.31,plays_shorter
2019,Quade Green,Kentucky,50512,6-0,"6'0""",72.0,75.22,"6'3""",3.22,plays_taller,75.22,"6'3""",3.22,plays_taller
2019,Mastadi Pitt,Norfolk St.,50514,6-1,"6'1""",73.0,75.6,"6'4""",2.6,plays_taller,75.6,"6'4""",2.6,plays_taller
2019,Jaden Sayles,Akron,50518,6-9,"6'9""",81.0,79.1,"6'7""",-1.9,plays_shorter,79.1,"6'7""",-1.9,plays_shorter
2019,Dinero Mercurius,Florida Gulf Coast,50519,6-4,"6'4""",76.0,75.82,"6'4""",-0.18,plays_at_height,75.82,"6'4""",-0.18,plays_at_height
2019,Davide Moretti,Texas Tech,50520,6-2,"6'2""",74.0,75.31,"6'3""",1.31,plays_taller,75.31,"6'3""",1.31,plays_taller
2019,Stef Smith,Vermont,50521,6-1,"6'1""",73.0,76.0,"6'4""",3.0,plays_taller,76.0,"6'4""",3.0,plays_taller
2019,Bryce Moragne,Florida A&M,50522,6-5,"6'5""",77.0,76.6,"6'5""",-0.4,plays_at_height,76.6,"6'5""",-0.4,plays_at_height
2019,Javon Levi,UT Rio Grande Valley,50526,5-11,"5'11""",71.0,76.14,"6'4""",5.14,plays_taller,76.14,"6'4""",5.14,plays_taller
2019,Josip Vrankic,Santa Clara,50530,6-8,"6'8""",80.0,79.14,"6'7""",-0.86,plays_shorter,79.14,"6'7""",-0.86,plays_shorter
2019,Shaquille Walters,Northeastern,50534,6-6,"6'6""",78.0,76.15,"6'4""",-1.85,plays_shorter,76.15,"6'4""",-1.85,plays_shorter
2019,Simeon Lepichev,Florida Atlantic,50537,6-9,"6'9""",81.0,77.81,"6'6""",-3.19,plays_shorter,77.81,"6'6""",-3.19,plays_shorter
2019,Makol Mawien,Kansas St.,50538,6-9,"6'9""",81.0,80.39,"6'8""",-0.61,plays_at_height,80.39,"6'8""",-0.61,plays_at_height
2019,Ken Odiase,Chicago St.,50541,6-7,"6'7""",79.0,78.31,"6'6""",-0.69,plays_at_height,78.31,"6'6""",-0.69,plays_at_height
2019,Justin McCall,Cal St. Bakersfield,50543,6-6,"6'6""",78.0,79.24,"6'7""",1.24,plays_taller,79.24,"6'7""",1.24,plays_taller
2019,Anthony Harris,Chicago St.,50546,6-5,"6'5""",77.0,77.23,"6'5""",0.23,plays_at_height,77.23,"6'5""",0.23,plays_at_height
2019,Christian David,Butler,50550,6-6,"6'6""",78.0,79.44,"6'7""",1.44,plays_taller,79.44,"6'7""",1.44,plays_taller
2019,Cooper Neese,Indiana St.,50552,6-4,"6'4""",76.0,75.51,"6'4""",-0.49,plays_at_height,75.51,"6'4""",-0.49,plays_at_height
2019,Aaron Thompson,Butler,50553,6-2,"6'2""",74.0,75.61,"6'4""",1.61,plays_taller,75.61,"6'4""",1.61,plays_taller
2019,Jamie Orme,Portland St.,50554,6-7,"6'7""",79.0,78.32,"6'6""",-0.68,plays_at_height,78.32,"6'6""",-0.68,plays_at_height
2019,Sandro Mamukelashvili,Seton Hall,50557,6-10,"6'10""",82.0,80.64,"6'9""",-1.36,plays_shorter,80.64,"6'9""",-1.36,plays_shorter
2019,Deante Strickland,Portland St.,50558,5-10,"5'10""",70.0,74.56,"6'3""",4.56,plays_taller,74.56,"6'3""",4.56,plays_taller
2019,Derek Brown,Portland St.,50559,6-0,"6'0""",72.0,76.94,"6'5""",4.94,plays_taller,76.94,"6'5""",4.94,plays_taller
2019,Holland Woods,Portland St.,50560,6-0,"6'0""",72.0,74.84,"6'3""",2.84,plays_taller,74.84,"6'3""",2.84,plays_taller
2019,Matej Drgon,Northern Colorado,50562,6-9,"6'9""",81.0,76.17,"6'4""",-4.83,plays_shorter,76.17,"6'4""",-4.83,plays_shorter
2019,M.J. Walker,Florida St.,50566,6-5,"6'5""",77.0,75.98,"6'4""",-1.02,plays_shorter,75.98,"6'4""",-1.02,plays_shorter
2019,Malek Green,Morehead St.,50569,6-7,"6'7""",79.0,78.74,"6'7""",-0.26,plays_at_height,78.74,"6'7""",-0.26,plays_at_height
2019,Anthony Polite,Florida St.,50572,6-6,"6'6""",78.0,77.78,"6'6""",-0.22,plays_at_height,77.78,"6'6""",-0.22,plays_at_height
2019,Steffon Mitchell,Boston College,50577,6-8,"6'8""",80.0,82.13,"6'10""",2.13,plays_taller,82.13,"6'10""",2.13,plays_taller
2019,Deontaye Buskey,Charleston Southern,50580,6-1,"6'1""",73.0,75.79,"6'4""",2.79,plays_taller,75.79,"6'4""",2.79,plays_taller
2019,Ty Jones,Charleston Southern,50581,6-6,"6'6""",78.0,77.18,"6'5""",-0.82,plays_shorter,77.18,"6'5""",-0.82,plays_shorter
2019,Brooks Cluxton,Campbell,50582,6-8,"6'8""",80.0,78.33,"6'6""",-1.67,plays_shorter,78.33,"6'6""",-1.67,plays_shorter
2019,Travis McConico,Charleston Southern,50583,6-6,"6'6""",78.0,78.24,"6'6""",0.24,plays_at_height,78.24,"6'6""",0.24,plays_at_height
2019,Ja'Cor Nelson,Campbell,50584,6-3,"6'3""",75.0,77.52,"6'6""",2.52,plays_taller,77.52,"6'6""",2.52,plays_taller
2019,Jordan Whitfield,Campbell,50585,6-1,"6'1""",73.0,74.3,"6'2""",1.3,plays_taller,74.3,"6'2""",1.3,plays_taller
2019,Phlandrous Fleming Jr.,Charleston Southern,50586,6-4,"6'4""",76.0,78.34,"6'6""",2.34,plays_taller,78.34,"6'6""",2.34,plays_taller
2019,Jaheam Cornwall,Gardner Webb,50587,6-0,"6'0""",72.0,74.75,"6'3""",2.75,plays_taller,74.75,"6'3""",2.75,plays_taller
2019,Dajour Dickens,Old Dominion,50588,7-0,"7'0""",84.0,82.76,"6'11""",-1.24,plays_shorter,82.76,"6'11""",-1.24,plays_shorter
2019,Paul Scruggs,Xavier,50589,6-3,"6'3""",75.0,77.97,"6'6""",2.97,plays_taller,77.97,"6'6""",2.97,plays_taller
2019,Jacob Epperson,Creighton,50592,6-11,"6'11""",83.0,80.44,"6'8""",-2.56,plays_shorter,80.44,"6'8""",-2.56,plays_shorter
2019,Theo John,Marquette,50593,6-9,"6'9""",81.0,83.74,"7'0""",2.74,plays_taller,83.74,"7'0""",2.74,plays_taller
2019,Makai Ashton-Langford,Providence,50594,6-3,"6'3""",75.0,75.77,"6'4""",0.77,plays_taller,75.77,"6'4""",0.77,plays_taller
2019,Jamal Cain,Marquette,50596,6-7,"6'7""",79.0,78.46,"6'6""",-0.54,plays_at_height,78.46,"6'6""",-0.54,plays_at_height
2019,Nate Watson,Providence,50597,6-10,"6'10""",82.0,81.04,"6'9""",-0.96,plays_shorter,81.04,"6'9""",-0.96,plays_shorter
2019,Dayton Gumm,Austin Peay,50603,6-2,"6'2""",74.0,77.16,"6'5""",3.16,plays_taller,77.16,"6'5""",3.16,plays_taller
2019,Jordan Nwora,Louisville,50605,6-7,"6'7""",79.0,79.81,"6'8""",0.81,plays_taller,79.81,"6'8""",0.81,plays_taller
2019,Marek Dolezaj,Syracuse,50609,6-10,"6'10""",82.0,79.1,"6'7""",-2.9,plays_shorter,79.1,"6'7""",-2.9,plays_shorter
2019,Oshae Brissett,Syracuse,50612,6-8,"6'8""",80.0,79.77,"6'8""",-0.23,plays_at_height,79.77,"6'8""",-0.23,plays_at_height
2019,Bourama Sidibe,Syracuse,50614,6-10,"6'10""",82.0,81.5,"6'10""",-0.5,plays_at_height,81.5,"6'10""",-0.5,plays_at_height
2019,Javante McCoy,Boston University,50616,6-5,"6'5""",77.0,76.06,"6'4""",-0.94,plays_shorter,76.06,"6'4""",-0.94,plays_shorter
2019,Sukhmail Mathon,Boston University,50617,6-10,"6'10""",82.0,78.04,"6'6""",-3.96,plays_shorter,78.04,"6'6""",-3.96,plays_shorter
2019,Marvin Bragg,American,50621,6-6,"6'6""",78.0,75.78,"6'4""",-2.22,plays_shorter,75.78,"6'4""",-2.22,plays_shorter
2019,Paul Newman,Bucknell,50623,6-9,"6'9""",81.0,81.04,"6'9""",0.04,plays_at_height,81.04,"6'9""",0.04,plays_at_height
2019,Jimmy Sotos,Bucknell,50624,6-3,"6'3""",75.0,75.83,"6'4""",0.83,plays_taller,75.83,"6'4""",0.83,plays_taller
2019,Brandon Better,Southern Utah,50627,6-3,"6'3""",75.0,73.55,"6'2""",-1.45,plays_shorter,73.55,"6'2""",-1.45,plays_shorter
2019,Connor McCaffery,Iowa,50631,6-5,"6'5""",77.0,75.43,"6'3""",-1.57,plays_shorter,75.43,"6'3""",-1.57,plays_shorter
2019,Carson Warren-Newsome,Milwaukee,50634,6-5,"6'5""",77.0,76.74,"6'5""",-0.26,plays_at_height,76.74,"6'5""",-0.26,plays_at_height
2019,Kenny Wooten,Oregon,50638,6-9,"6'9""",81.0,84.4,"7'0""",3.4,plays_taller,84.4,"7'0""",3.4,plays_taller
2019,Jase Febres,Texas,50639,6-5,"6'5""",77.0,75.86,"6'4""",-1.14,plays_shorter,75.86,"6'4""",-1.14,plays_shorter
2019,Marquis Godwin,Old Dominion,50642,6-5,"6'5""",77.0,74.81,"6'3""",-2.19,plays_shorter,74.81,"6'3""",-2.19,plays_shorter
2019,Diandre Wilson,NJIT,50645,6-2,"6'2""",74.0,75.33,"6'3""",1.33,plays_taller,75.33,"6'3""",1.33,plays_taller
2019,Zach Jacobs,James Madison,50646,6-8,"6'8""",80.0,78.69,"6'7""",-1.31,plays_shorter,78.69,"6'7""",-1.31,plays_shorter
2019,Shawndale Jones,NJIT,50647,6-3,"6'3""",75.0,75.99,"6'4""",0.99,plays_taller,75.99,"6'4""",0.99,plays_taller
2019,Zach Cooks,NJIT,50648,5-9,"5'9""",69.0,75.97,"6'4""",6.97,plays_taller,75.97,"6'4""",6.97,plays_taller
2019,Isaiah Banks,FIU,50655,6-5,"6'5""",77.0,77.44,"6'5""",0.44,plays_at_height,77.44,"6'5""",0.44,plays_at_height
2019,Willy Nunez Jr.,FIU,50656,6-6,"6'6""",78.0,74.66,"6'3""",-3.34,plays_shorter,74.66,"6'3""",-3.34,plays_shorter
2019,Amorie Archibald,Louisiana Tech,50657,6-3,"6'3""",75.0,76.48,"6'4""",1.48,plays_taller,76.48,"6'4""",1.48,plays_taller
2019,Elhadji Dieng,FIU,50658,6-11,"6'11""",83.0,78.31,"6'6""",-4.69,plays_shorter,78.31,"6'6""",-4.69,plays_shorter
2019,Rayshawn Neal,South Carolina St.,50661,5-10,"5'10""",70.0,76.28,"6'4""",6.28,plays_taller,76.28,"6'4""",6.28,plays_taller
2019,Trent Frazier,Illinois,50663,6-1,"6'1""",73.0,74.76,"6'3""",1.76,plays_taller,74.76,"6'3""",1.76,plays_taller
2019,Ricky Nelson,Weber St.,50666,6-1,"6'1""",73.0,73.47,"6'1""",0.47,plays_at_height,73.47,"6'1""",0.47,plays_at_height
2019,Calvin Martin,Sacramento St.,50668,6-6,"6'6""",78.0,77.12,"6'5""",-0.88,plays_shorter,77.12,"6'5""",-0.88,plays_shorter
2019,Michal Kozak,Weber St.,50671,6-8,"6'8""",80.0,79.21,"6'7""",-0.79,plays_shorter,79.21,"6'7""",-0.79,plays_shorter
2019,Ja Morant,Murray St.,50678,6-3,"6'3""",75.0,79.43,"6'7""",4.43,plays_taller,79.43,"6'7""",4.43,plays_taller
2019,Cedrick Alley Jr.,Houston,50679,6-5,"6'5""",77.0,78.11,"6'6""",1.11,plays_taller,78.11,"6'6""",1.11,plays_taller
2019,Corey Davis Jr.,Houston,50681,6-1,"6'1""",73.0,75.26,"6'3""",2.26,plays_taller,75.26,"6'3""",2.26,plays_taller
2019,Ethan Chargois,SMU,50682,6-9,"6'9""",81.0,78.89,"6'7""",-2.11,plays_shorter,78.89,"6'7""",-2.11,plays_shorter
2019,Fabian White Jr.,Houston,50685,6-7,"6'7""",79.0,79.99,"6'8""",0.99,plays_taller,79.99,"6'8""",0.99,plays_taller
2019,Elijah Cuffee,Liberty,50686,6-4,"6'4""",76.0,76.14,"6'4""",0.14,plays_at_height,76.14,"6'4""",0.14,plays_at_height
2019,Keegan McDowell,Liberty,50688,6-6,"6'6""",78.0,75.33,"6'3""",-2.67,plays_shorter,75.33,"6'3""",-2.67,plays_shorter
2019,Denny Slay,High Point,50692,5-11,"5'11""",71.0,74.94,"6'3""",3.94,plays_taller,74.94,"6'3""",3.94,plays_taller
2019,Sarju Patel,VMI,50697,6-3,"6'3""",75.0,76.23,"6'4""",1.23,plays_taller,76.23,"6'4""",1.23,plays_taller
2019,Shunn Buchanan,New Mexico St.,50700,6-0,"6'0""",72.0,74.88,"6'3""",2.88,plays_taller,74.88,"6'3""",2.88,plays_taller
2019,Naji Marshall,Xavier,50704,6-7,"6'7""",79.0,78.05,"6'6""",-0.95,plays_shorter,78.05,"6'6""",-0.95,plays_shorter
2019,Elias Harden,Xavier,50705,6-5,"6'5""",77.0,74.4,"6'2""",-2.6,plays_shorter,74.4,"6'2""",-2.6,plays_shorter
2019,Kyvon Davenport,Memphis,50706,6-8,"6'8""",80.0,81.27,"6'9""",1.27,plays_taller,81.27,"6'9""",1.27,plays_taller
2019,Raynere Thornton,Memphis,50708,6-6,"6'6""",78.0,79.49,"6'7""",1.49,plays_taller,79.49,"6'7""",1.49,plays_taller
2019,Kareem Brewton Jr.,Memphis,50711,6-2,"6'2""",74.0,77.13,"6'5""",3.13,plays_taller,77.13,"6'5""",3.13,plays_taller
2019,Pat Welch,USC Upstate,50713,5-11,"5'11""",71.0,75.41,"6'3""",4.41,plays_taller,75.41,"6'3""",4.41,plays_taller
2019,Brandon Horvath,UMBC,50719,6-10,"6'10""",82.0,78.96,"6'7""",-3.04,plays_shorter,78.96,"6'7""",-3.04,plays_shorter
2019,Samajae Haynes-Jones,Wichita St.,50721,6-0,"6'0""",72.0,75.86,"6'4""",3.86,plays_taller,75.86,"6'4""",3.86,plays_taller
2019,Asbjorn Midtgaard,Wichita St.,50723,7-0,"7'0""",84.0,82.14,"6'10""",-1.86,plays_shorter,82.14,"6'10""",-1.86,plays_shorter
2019,Jacob Gilyard,Richmond,50729,5-9,"5'9""",69.0,75.02,"6'3""",6.02,plays_taller,75.02,"6'3""",6.02,plays_taller
2019,Stacy Beckton Jr.,American,50733,6-4,"6'4""",76.0,79.04,"6'7""",3.04,plays_taller,79.04,"6'7""",3.04,plays_taller
2019,Jailen Gill,Tennessee Martin,50734,6-8,"6'8""",80.0,80.22,"6'8""",0.22,plays_at_height,80.22,"6'8""",0.22,plays_at_height
2019,Parrish Hewitt,Tennessee Martin,50737,6-3,"6'3""",75.0,76.28,"6'4""",1.28,plays_taller,76.28,"6'4""",1.28,plays_taller
2019,Abayomi Iyiola,Stetson,50741,6-9,"6'9""",81.0,81.13,"6'9""",0.13,plays_at_height,81.13,"6'9""",0.13,plays_at_height
2019,Dennis Jones,Prairie View A&M,50742,6-1,"6'1""",73.0,75.28,"6'3""",2.28,plays_taller,75.28,"6'3""",2.28,plays_taller
2019,Matt Weir,Purdue Fort Wayne,50743,6-1,"6'1""",73.0,74.35,"6'2""",1.35,plays_taller,74.35,"6'2""",1.35,plays_taller
2019,Donoven Carlisle,Denver,50747,6-8,"6'8""",80.0,79.05,"6'7""",-0.95,plays_shorter,79.05,"6'7""",-0.95,plays_shorter
2019,Ahmad Clark,Albany,50748,6-1,"6'1""",73.0,77.04,"6'5""",4.04,plays_taller,77.04,"6'5""",4.04,plays_taller
2019,Taylor Funk,Saint Joseph's,50749,6-9,"6'9""",81.0,77.76,"6'6""",-3.24,plays_shorter,77.76,"6'6""",-3.24,plays_shorter
2019,Bryson Lockley,Kennesaw St.,50753,6-8,"6'8""",80.0,78.1,"6'6""",-1.9,plays_shorter,78.1,"6'6""",-1.9,plays_shorter
2019,Rocky Kreuser,North Dakota St.,50754,6-10,"6'10""",82.0,79.55,"6'8""",-2.45,plays_shorter,79.55,"6'8""",-2.45,plays_shorter
2019,Maurice Dunlap,Jacksonville St.,50761,6-2,"6'2""",74.0,74.59,"6'3""",0.59,plays_at_height,74.59,"6'3""",0.59,plays_at_height
2019,Noah Frederking,Evansville,50763,6-4,"6'4""",76.0,75.07,"6'3""",-0.93,plays_shorter,75.07,"6'3""",-0.93,plays_shorter
2019,Jahlil Tripp,Pacific,50765,6-5,"6'5""",77.0,78.58,"6'7""",1.58,plays_taller,78.58,"6'7""",1.58,plays_taller
2019,Lafayette Dorsey,Pacific,50766,6-1,"6'1""",73.0,75.94,"6'4""",2.94,plays_taller,75.94,"6'4""",2.94,plays_taller
2019,Hunter Maldonado,Wyoming,50768,6-7,"6'7""",79.0,77.77,"6'6""",-1.23,plays_shorter,77.77,"6'6""",-1.23,plays_shorter
2019,Crew Ainge,Utah St.,50771,6-0,"6'0""",72.0,76.31,"6'4""",4.31,plays_taller,76.31,"6'4""",4.31,plays_taller
2019,Brock Miller,Utah St.,50773,6-6,"6'6""",78.0,74.07,"6'2""",-3.93,plays_shorter,74.07,"6'2""",-3.93,plays_shorter
2019,Dwayne Brown Jr.,Utah St.,50774,6-6,"6'6""",78.0,78.32,"6'6""",0.32,plays_at_height,78.32,"6'6""",0.32,plays_at_height
2019,Anthony Adger,Florida Atlantic,50778,6-1,"6'1""",73.0,75.27,"6'3""",2.27,plays_taller,75.27,"6'3""",2.27,plays_taller
2019,Dwight Wilson,James Madison,50779,6-7,"6'7""",79.0,79.7,"6'8""",0.7,plays_at_height,79.7,"6'8""",0.7,plays_at_height
2019,Mark Flagg,Saint Francis,50780,6-9,"6'9""",81.0,81.13,"6'9""",0.13,plays_at_height,81.13,"6'9""",0.13,plays_at_height
2019,Chase Freeman,Wagner,50781,5-11,"5'11""",71.0,73.83,"6'2""",2.83,plays_taller,73.83,"6'2""",2.83,plays_taller
2019,Noah Horchler,North Florida,50782,6-8,"6'8""",80.0,81.06,"6'9""",1.06,plays_taller,81.06,"6'9""",1.06,plays_taller
2019,Chauncey Hawkins,St. Francis NY,50783,5-8,"5'8""",68.0,74.63,"6'3""",6.63,plays_taller,74.63,"6'3""",6.63,plays_taller
2019,Yaradyah Evans,St. Francis NY,50784,6-6,"6'6""",78.0,79.38,"6'7""",1.38,plays_taller,79.38,"6'7""",1.38,plays_taller
2019,Jalen Jordan,St. Francis NY,50785,6-3,"6'3""",75.0,75.34,"6'3""",0.34,plays_at_height,75.34,"6'3""",0.34,plays_at_height
2019,Nate Pierre-Louis,Temple,50794,6-4,"6'4""",76.0,78.93,"6'7""",2.93,plays_taller,78.93,"6'7""",2.93,plays_taller
2019,Justyn Hamilton,Temple,50795,6-10,"6'10""",82.0,78.65,"6'7""",-3.35,plays_shorter,78.65,"6'7""",-3.35,plays_shorter
2019,De'Vondre Perry,Temple,50796,6-7,"6'7""",79.0,77.46,"6'5""",-1.54,plays_shorter,77.46,"6'5""",-1.54,plays_shorter
2019,Caleb Daniels,Tulane,50797,6-4,"6'4""",76.0,77.42,"6'5""",1.42,plays_taller,77.42,"6'5""",1.42,plays_taller
2019,David Collins,South Florida,50798,6-3,"6'3""",75.0,77.66,"6'6""",2.66,plays_taller,77.66,"6'6""",2.66,plays_taller
2019,Justin Brown,South Florida,50799,6-6,"6'6""",78.0,75.6,"6'4""",-2.4,plays_shorter,75.6,"6'4""",-2.4,plays_shorter
2019,J.P. Moorman II,Temple,50801,6-7,"6'7""",79.0,78.27,"6'6""",-0.73,plays_at_height,78.27,"6'6""",-0.73,plays_at_height
2019,Bul Ajang,Tulane,50802,6-10,"6'10""",82.0,75.34,"6'3""",-6.66,plays_shorter,75.34,"6'3""",-6.66,plays_shorter
2019,Buay Koka,Tulane,50803,7-0,"7'0""",84.0,80.35,"6'8""",-3.65,plays_shorter,80.35,"6'8""",-3.65,plays_shorter
2019,Cameron Benford,Purdue Fort Wayne,50804,6-8,"6'8""",80.0,79.67,"6'8""",-0.33,plays_at_height,79.67,"6'8""",-0.33,plays_at_height
2019,Chris Quayle,North Dakota St.,50808,6-5,"6'5""",77.0,75.65,"6'4""",-1.35,plays_shorter,75.65,"6'4""",-1.35,plays_shorter
2019,Jordan McKenzie,Stony Brook,50812,6-1,"6'1""",73.0,74.91,"6'3""",1.91,plays_taller,74.91,"6'3""",1.91,plays_taller
2019,Ebube Ebube,Manhattan,50815,6-7,"6'7""",79.0,78.2,"6'6""",-0.8,plays_shorter,78.2,"6'6""",-0.8,plays_shorter
2019,Scott Hitchon,Canisius,50816,6-8,"6'8""",80.0,77.54,"6'6""",-2.46,plays_shorter,77.54,"6'6""",-2.46,plays_shorter
2019,Jaylen Butz,DePaul,50817,6-9,"6'9""",81.0,80.38,"6'8""",-0.62,plays_at_height,80.38,"6'8""",-0.62,plays_at_height
2019,Paul Reed,DePaul,50818,6-9,"6'9""",81.0,83.38,"6'11""",2.38,plays_taller,83.38,"6'11""",2.38,plays_taller
2019,Nathan Cayo,Richmond,50823,6-7,"6'7""",79.0,78.72,"6'7""",-0.28,plays_at_height,78.72,"6'7""",-0.28,plays_at_height
2019,Braxton Beverly,N.C. State,50825,6-0,"6'0""",72.0,74.02,"6'2""",2.02,plays_taller,74.02,"6'2""",2.02,plays_taller
2019,Alex Petrie,Lafayette,50826,6-3,"6'3""",75.0,73.55,"6'2""",-1.45,plays_shorter,73.55,"6'2""",-1.45,plays_shorter
2019,E.J. Stephens,Lafayette,50827,6-3,"6'3""",75.0,76.3,"6'4""",1.3,plays_taller,76.3,"6'4""",1.3,plays_taller
2019,Caleb Bennett,Lehigh,50828,6-5,"6'5""",77.0,75.79,"6'4""",-1.21,plays_shorter,75.79,"6'4""",-1.21,plays_shorter
2019,James Karnik,Lehigh,50830,6-9,"6'9""",81.0,80.12,"6'8""",-0.88,plays_shorter,80.12,"6'8""",-0.88,plays_shorter
2019,Marques Wilson,Lehigh,50831,6-4,"6'4""",76.0,74.99,"6'3""",-1.01,plays_shorter,74.99,"6'3""",-1.01,plays_shorter
2019,Isaiah Hart,Loyola MD,50833,5-11,"5'11""",71.0,74.48,"6'2""",3.48,plays_taller,74.48,"6'2""",3.48,plays_taller
2019,Brent Holcombe,Loyola MD,50834,6-8,"6'8""",80.0,80.97,"6'9""",0.97,plays_taller,80.97,"6'9""",0.97,plays_taller
2019,Devin Gilmore,Murray St.,50836,6-6,"6'6""",78.0,81.04,"6'9""",3.04,plays_taller,81.04,"6'9""",3.04,plays_taller
2019,Jacoby Ross,Alabama St.,50838,5-9,"5'9""",69.0,73.72,"6'2""",4.72,plays_taller,73.72,"6'2""",4.72,plays_taller
2019,Felipe Haase,South Carolina,50851,6-9,"6'9""",81.0,76.4,"6'4""",-4.6,plays_shorter,76.4,"6'4""",-4.6,plays_shorter
2019,Andrew Petcash,Boston University,50852,6-4,"6'4""",76.0,74.93,"6'3""",-1.07,plays_shorter,74.93,"6'3""",-1.07,plays_shorter
2019,David Beatty,La Salle,50855,6-2,"6'2""",74.0,76.36,"6'4""",2.36,plays_taller,76.36,"6'4""",2.36,plays_taller
2019,K.J. Davis,East Carolina,50858,6-5,"6'5""",77.0,77.37,"6'5""",0.37,plays_at_height,77.37,"6'5""",0.37,plays_at_height
2019,Hasahn French,Saint Louis,50860,6-7,"6'7""",79.0,82.18,"6'10""",3.18,plays_taller,82.18,"6'10""",3.18,plays_taller
2019,Mitch Ballock,Creighton,50869,6-5,"6'5""",77.0,77.0,"6'5""",-0.0,plays_at_height,77.0,"6'5""",-0.0,plays_at_height
2019,Marcus Shaver Jr.,Portland,50870,6-2,"6'2""",74.0,76.52,"6'5""",2.52,plays_taller,76.52,"6'5""",2.52,plays_taller
2019,JoJo Walker,Portland,50871,6-1,"6'1""",73.0,74.9,"6'3""",1.9,plays_taller,74.9,"6'3""",1.9,plays_taller
2019,Ty-Shon Alexander,Creighton,50873,6-4,"6'4""",76.0,76.13,"6'4""",0.13,plays_at_height,76.13,"6'4""",0.13,plays_at_height
2019,Tahirou Diabate,Portland,50875,6-9,"6'9""",81.0,79.87,"6'8""",-1.13,plays_shorter,79.87,"6'8""",-1.13,plays_shorter
2019,Sam Iorio,American,50878,6-6,"6'6""",78.0,77.68,"6'6""",-0.32,plays_at_height,77.68,"6'6""",-0.32,plays_at_height
2019,James Baker,Morehead St.,50879,6-6,"6'6""",78.0,78.93,"6'7""",0.93,plays_taller,78.93,"6'7""",0.93,plays_taller
2019,De'Von Cooper,Morehead St.,50880,6-4,"6'4""",76.0,75.83,"6'4""",-0.17,plays_at_height,75.83,"6'4""",-0.17,plays_at_height
2019,Caleb Hollander,Belmont,50885,6-8,"6'8""",80.0,77.14,"6'5""",-2.86,plays_shorter,77.14,"6'5""",-2.86,plays_shorter
2019,Grayson Murphy,Belmont,50886,6-2,"6'2""",74.0,76.0,"6'4""",2.0,plays_taller,76.0,"6'4""",2.0,plays_taller
2019,Nigel Jackson,Wagner,50888,6-7,"6'7""",79.0,76.03,"6'4""",-2.97,plays_shorter,76.03,"6'4""",-2.97,plays_shorter
2019,Cameron Carmical,Eastern Kentucky,50890,5-10,"5'10""",70.0,73.72,"6'2""",3.72,plays_taller,73.72,"6'2""",3.72,plays_taller
2019,Peyton Broughton,Eastern Kentucky,50892,6-5,"6'5""",77.0,75.49,"6'3""",-1.51,plays_shorter,75.49,"6'3""",-1.51,plays_shorter
2019,JacQuess Hobbs,Eastern Kentucky,50893,6-2,"6'2""",74.0,74.94,"6'3""",0.94,plays_taller,74.94,"6'3""",0.94,plays_taller
2019,Greg Jones,Lipscomb,50894,6-3,"6'3""",75.0,75.78,"6'4""",0.78,plays_taller,75.78,"6'4""",0.78,plays_taller
2019,Kavion Pippen,Southern Illinois,50898,6-10,"6'10""",82.0,82.68,"6'11""",0.68,plays_at_height,82.68,"6'11""",0.68,plays_at_height
2019,Mileek McMillan,Valparaiso,50901,6-8,"6'8""",80.0,76.7,"6'5""",-3.3,plays_shorter,76.7,"6'5""",-3.3,plays_shorter
2019,Brian Thomas,Florida Gulf Coast,50902,6-9,"6'9""",81.0,82.87,"6'11""",1.87,plays_taller,82.87,"6'11""",1.87,plays_taller
2019,Clyde Trapp,Clemson,50906,6-4,"6'4""",76.0,77.04,"6'5""",1.04,plays_taller,77.04,"6'5""",1.04,plays_taller
2019,Darien Jackson,Tulsa,50907,6-2,"6'2""",74.0,77.2,"6'5""",3.2,plays_taller,77.2,"6'5""",3.2,plays_taller
2019,Elijah Joiner,Tulsa,50908,6-3,"6'3""",75.0,75.85,"6'4""",0.85,plays_taller,75.85,"6'4""",0.85,plays_taller
2019,Shakwon Barrett,Tulane,50909,6-5,"6'5""",77.0,75.56,"6'4""",-1.44,plays_shorter,75.56,"6'4""",-1.44,plays_shorter
2019,Jordan Tucker,Butler,50913,6-7,"6'7""",79.0,75.69,"6'4""",-3.31,plays_shorter,75.69,"6'4""",-3.31,plays_shorter
2019,Sam Kearns,Oral Roberts,50917,6-0,"6'0""",72.0,74.44,"6'2""",2.44,plays_taller,74.44,"6'2""",2.44,plays_taller
2019,Stanley Umude,South Dakota,50918,6-6,"6'6""",78.0,80.04,"6'8""",2.04,plays_taller,80.04,"6'8""",2.04,plays_taller
2019,Jordan Schakel,San Diego St.,50924,6-6,"6'6""",78.0,76.39,"6'4""",-1.61,plays_shorter,76.39,"6'4""",-1.61,plays_shorter
2019,Isaac White,Stanford,50925,6-2,"6'2""",74.0,74.96,"6'3""",0.96,plays_taller,74.96,"6'3""",0.96,plays_taller
2019,Iwin Ellis,Prairie View A&M,50926,6-7,"6'7""",79.0,78.75,"6'7""",-0.25,plays_at_height,78.75,"6'7""",-0.25,plays_at_height
2019,Justin Smith,Indiana,50933,6-7,"6'7""",79.0,79.43,"6'7""",0.43,plays_at_height,79.43,"6'7""",0.43,plays_at_height
2019,Aljami Durham,Indiana,50934,6-4,"6'4""",76.0,75.87,"6'4""",-0.13,plays_at_height,75.87,"6'4""",-0.13,plays_at_height
2019,Justin Jaworski,Lafayette,50938,6-1,"6'1""",73.0,74.9,"6'3""",1.9,plays_taller,74.9,"6'3""",1.9,plays_taller
2019,Noah Baumann,San Jose St.,50939,6-5,"6'5""",77.0,73.99,"6'2""",-3.01,plays_shorter,73.99,"6'2""",-3.01,plays_shorter
2019,Connor Niego,Holy Cross,50940,6-8,"6'8""",80.0,74.99,"6'3""",-5.01,plays_shorter,74.99,"6'3""",-5.01,plays_shorter
2019,Caleb Green,Holy Cross,50941,5-10,"5'10""",70.0,74.64,"6'3""",4.64,plays_taller,74.64,"6'3""",4.64,plays_taller
2019,Jacob Grandison,Holy Cross,50942,6-6,"6'6""",78.0,76.79,"6'5""",-1.21,plays_shorter,76.79,"6'5""",-1.21,plays_shorter
2019,Matt Faw,Holy Cross,50943,6-9,"6'9""",81.0,78.43,"6'6""",-2.57,plays_shorter,78.43,"6'6""",-2.57,plays_shorter
2019,Kyle Copeland,Holy Cross,50944,6-4,"6'4""",76.0,75.26,"6'3""",-0.74,plays_at_height,75.26,"6'3""",-0.74,plays_at_height
2019,Austin Butler,Holy Cross,50945,6-5,"6'5""",77.0,76.7,"6'5""",-0.3,plays_at_height,76.7,"6'5""",-0.3,plays_at_height
2019,John Meeks,Bucknell,50946,6-6,"6'6""",78.0,76.76,"6'5""",-1.24,plays_shorter,76.76,"6'5""",-1.24,plays_shorter
2019,Jermaine Samuels,Villanova,50948,6-7,"6'7""",79.0,80.8,"6'9""",1.8,plays_taller,80.8,"6'9""",1.8,plays_taller
2019,Jahlin Smith,Savannah St.,50950,6-7,"6'7""",79.0,77.08,"6'5""",-1.92,plays_shorter,77.08,"6'5""",-1.92,plays_shorter
2019,Gary Blackston,Prairie View A&M,50953,6-2,"6'2""",74.0,78.52,"6'7""",4.52,plays_taller,78.52,"6'7""",4.52,plays_taller
2019,Matt Halvorsen,Western Carolina,50960,6-1,"6'1""",73.0,74.49,"6'2""",1.49,plays_taller,74.49,"6'2""",1.49,plays_taller
2019,Akiean Frederick,Kent St.,50963,6-9,"6'9""",81.0,78.84,"6'7""",-2.16,plays_shorter,78.84,"6'7""",-2.16,plays_shorter
2019,BJ Duling,Kent St.,50967,6-7,"6'7""",79.0,79.88,"6'8""",0.88,plays_taller,79.88,"6'8""",0.88,plays_taller
2019,Jordan Burns,Colgate,50970,6-0,"6'0""",72.0,74.61,"6'3""",2.61,plays_taller,74.61,"6'3""",2.61,plays_taller
2019,Keyon Jones,New Mexico St.,50973,6-1,"6'1""",73.0,76.81,"6'5""",3.81,plays_taller,76.81,"6'5""",3.81,plays_taller
2019,Michael Diggins,Illinois Chicago,50980,6-8,"6'8""",80.0,78.73,"6'7""",-1.27,plays_shorter,78.73,"6'7""",-1.27,plays_shorter
2019,Ivan Cucak,Austin Peay,50982,7-0,"7'0""",84.0,76.54,"6'5""",-7.46,plays_shorter,76.54,"6'5""",-7.46,plays_shorter
2019,Deion Hammond,Monmouth,50987,6-4,"6'4""",76.0,75.42,"6'3""",-0.58,plays_at_height,75.42,"6'3""",-0.58,plays_at_height
2019,Marcus McClary,Monmouth,50988,6-3,"6'3""",75.0,75.75,"6'4""",0.75,plays_at_height,75.75,"6'4""",0.75,plays_at_height
2019,Manny Camper,Siena,50989,6-6,"6'6""",78.0,79.18,"6'7""",1.18,plays_taller,79.18,"6'7""",1.18,plays_taller
2019,Greg Kuakumensah,Niagara,50991,6-6,"6'6""",78.0,78.06,"6'6""",0.06,plays_at_height,78.06,"6'6""",0.06,plays_at_height
2019,LaCurtis Allen,Mississippi Valley St.,50995,6-4,"6'4""",76.0,76.27,"6'4""",0.27,plays_at_height,76.27,"6'4""",0.27,plays_at_height
2019,Josh McSwiggan,Portland,50997,6-7,"6'7""",79.0,75.7,"6'4""",-3.3,plays_shorter,75.7,"6'4""",-3.3,plays_shorter
2019,Anthony Duruji,Louisiana Tech,51001,6-7,"6'7""",79.0,80.44,"6'8""",1.44,plays_taller,80.44,"6'8""",1.44,plays_taller
2019,Jarrod West,Marshall,51002,5-11,"5'11""",71.0,74.28,"6'2""",3.28,plays_taller,74.28,"6'2""",3.28,plays_taller
2019,Darius George,Marshall,51003,6-7,"6'7""",79.0,79.1,"6'7""",0.1,plays_at_height,79.1,"6'7""",0.1,plays_at_height
2019,Dani Koljanin,Little Rock,51004,6-8,"6'8""",80.0,75.91,"6'4""",-4.09,plays_shorter,75.91,"6'4""",-4.09,plays_shorter
2019,James Hawthorne,Middle Tennessee,51005,6-7,"6'7""",79.0,79.0,"6'7""",-0.0,plays_at_height,79.0,"6'7""",-0.0,plays_at_height
2019,Isaac Johnson,Western Illinois,51011,6-5,"6'5""",77.0,76.71,"6'5""",-0.29,plays_at_height,76.71,"6'5""",-0.29,plays_at_height
2019,Alihan Demir,Drexel,51012,6-9,"6'9""",81.0,78.85,"6'7""",-2.15,plays_shorter,78.85,"6'7""",-2.15,plays_shorter
2019,David Jenkins Jr.,South Dakota St.,51013,6-2,"6'2""",74.0,74.25,"6'2""",0.25,plays_at_height,74.25,"6'2""",0.25,plays_at_height
2019,Marcus Cohen,Mercer,51019,6-4,"6'4""",76.0,75.81,"6'4""",-0.19,plays_at_height,75.81,"6'4""",-0.19,plays_at_height
2019,Hayden Brown,The Citadel,51021,6-6,"6'6""",78.0,77.96,"6'6""",-0.04,plays_at_height,77.96,"6'6""",-0.04,plays_at_height
2019,Bo Hodges,East Tennessee St.,51022,6-4,"6'4""",76.0,78.76,"6'7""",2.76,plays_taller,78.76,"6'7""",2.76,plays_taller
2019,Alex Reed,The Citadel,51023,6-5,"6'5""",77.0,77.1,"6'5""",0.1,plays_at_height,77.1,"6'5""",0.1,plays_at_height
2019,Mladen Armus,East Tennessee St.,51025,6-10,"6'10""",82.0,82.11,"6'10""",0.11,plays_at_height,82.11,"6'10""",0.11,plays_at_height
2019,James Harrison Jr.,East Tennessee St.,51028,6-8,"6'8""",80.0,77.44,"6'5""",-2.56,plays_shorter,77.44,"6'5""",-2.56,plays_shorter
2019,Tristan Clark,Baylor,51033,6-9,"6'9""",81.0,83.11,"6'11""",2.11,plays_taller,83.11,"6'11""",2.11,plays_taller
2019,Dre Marin,Southern Utah,51035,6-0,"6'0""",72.0,75.34,"6'3""",3.34,plays_taller,75.34,"6'3""",3.34,plays_taller
2019,Tyler Polley,Connecticut,51039,6-8,"6'8""",80.0,76.53,"6'5""",-3.47,plays_shorter,76.53,"6'5""",-3.47,plays_shorter
2019,Eliel Nsoseme,Cincinnati,51040,6-9,"6'9""",81.0,80.63,"6'9""",-0.37,plays_at_height,80.63,"6'9""",-0.37,plays_at_height
2019,Darius Perry,Louisville,51042,6-2,"6'2""",74.0,75.07,"6'3""",1.07,plays_taller,75.07,"6'3""",1.07,plays_taller
2019,Trevor Moore,Cincinnati,51043,6-5,"6'5""",77.0,75.56,"6'4""",-1.44,plays_shorter,75.56,"6'4""",-1.44,plays_shorter
2019,Mike'L Simms,VCU,51044,6-5,"6'5""",77.0,76.68,"6'5""",-0.32,plays_at_height,76.68,"6'5""",-0.32,plays_at_height
2019,Cedric Council Jr.,Coppin St.,51046,6-8,"6'8""",80.0,79.31,"6'7""",-0.69,plays_at_height,79.31,"6'7""",-0.69,plays_at_height
2019,Greg Parham,VMI,51047,6-4,"6'4""",76.0,73.96,"6'2""",-2.04,plays_shorter,73.96,"6'2""",-2.04,plays_shorter
2019,Bubba Parham,VMI,51048,5-11,"5'11""",71.0,74.46,"6'2""",3.46,plays_taller,74.46,"6'2""",3.46,plays_taller
2019,Corey Kispert,Gonzaga,51050,6-6,"6'6""",78.0,77.78,"6'6""",-0.22,plays_at_height,77.78,"6'6""",-0.22,plays_at_height
2019,Jordan Goodwin,Saint Louis,51054,6-3,"6'3""",75.0,78.79,"6'7""",3.79,plays_taller,78.79,"6'7""",3.79,plays_taller
2019,Jaizec Lottie,Little Rock,51056,6-1,"6'1""",73.0,75.41,"6'3""",2.41,plays_taller,75.41,"6'3""",2.41,plays_taller
2019,D.C. Davis,Mississippi,51060,5-11,"5'11""",71.0,76.51,"6'5""",5.51,plays_taller,76.51,"6'5""",5.51,plays_taller
2019,Shelby Adams,Texas St.,51061,6-3,"6'3""",75.0,76.81,"6'5""",1.81,plays_taller,76.81,"6'5""",1.81,plays_taller
2019,Augustine Ene,Incarnate Word,51065,6-4,"6'4""",76.0,77.12,"6'5""",1.12,plays_taller,77.12,"6'5""",1.12,plays_taller
2019,Tre'Larenz Nottingham,Texas St.,51066,6-2,"6'2""",74.0,75.54,"6'4""",1.54,plays_taller,75.54,"6'4""",1.54,plays_taller
2019,Elijah Childs,Bradley,51067,6-7,"6'7""",79.0,81.23,"6'9""",2.23,plays_taller,81.23,"6'9""",2.23,plays_taller
2019,Matt Mitchell,San Diego St.,51069,6-6,"6'6""",78.0,76.91,"6'5""",-1.09,plays_shorter,76.91,"6'5""",-1.09,plays_shorter
2019,Greg Heckstall,Hampton,51070,6-6,"6'6""",78.0,78.01,"6'6""",0.01,plays_at_height,78.01,"6'6""",0.01,plays_at_height
2019,PJ Pipes,Green Bay,51072,6-2,"6'2""",74.0,74.72,"6'3""",0.72,plays_at_height,74.72,"6'3""",0.72,plays_at_height
2019,Devontae Shuler,Mississippi,51075,6-2,"6'2""",74.0,77.18,"6'5""",3.18,plays_taller,77.18,"6'5""",3.18,plays_taller
2019,Matt Haarms,Purdue,51076,7-3,"7'3""",87.0,84.46,"7'0""",-2.54,plays_shorter,84.46,"7'0""",-2.54,plays_shorter
2019,Geo Baker,Rutgers,51078,6-4,"6'4""",76.0,76.22,"6'4""",0.22,plays_at_height,76.22,"6'4""",0.22,plays_at_height
2019,Jordan Horn,North Dakota St.,51084,6-2,"6'2""",74.0,73.73,"6'2""",-0.27,plays_at_height,73.73,"6'2""",-0.27,plays_at_height
2019,Tyler Kohl,Central Connecticut,51088,6-5,"6'5""",77.0,76.4,"6'4""",-0.6,plays_at_height,76.4,"6'4""",-0.6,plays_at_height
2019,Deion Bute,Central Connecticut,51090,6-9,"6'9""",81.0,81.5,"6'10""",0.5,plays_at_height,81.5,"6'10""",0.5,plays_at_height
2019,Jahlil Jenkins,Fairleigh Dickinson,51091,5-10,"5'10""",70.0,74.64,"6'3""",4.64,plays_taller,74.64,"6'3""",4.64,plays_taller
2019,Nojel Eastern,Purdue,51093,6-6,"6'6""",78.0,79.07,"6'7""",1.07,plays_taller,79.07,"6'7""",1.07,plays_taller
2019,Colbey Ross,Pepperdine,51096,6-1,"6'1""",73.0,75.41,"6'3""",2.41,plays_taller,75.41,"6'3""",2.41,plays_taller
2019,Jaylen McCoy,SIU Edwardsville,51099,5-11,"5'11""",71.0,73.5,"6'1""",2.5,plays_taller,73.5,"6'1""",2.5,plays_taller
2019,Ledarrius Brewer,Southeast Missouri St.,51100,6-5,"6'5""",77.0,77.13,"6'5""",0.13,plays_at_height,77.13,"6'5""",0.13,plays_at_height
2019,Cedric Russell,Louisiana,51103,6-2,"6'2""",74.0,74.37,"6'2""",0.37,plays_at_height,74.37,"6'2""",0.37,plays_at_height
2019,Zack Bryant,UAB,51106,6-2,"6'2""",74.0,77.24,"6'5""",3.24,plays_taller,77.24,"6'5""",3.24,plays_taller
2019,Samuta Avea,Hawaii,51111,6-6,"6'6""",78.0,78.52,"6'7""",0.52,plays_at_height,78.52,"6'7""",0.52,plays_at_height
2019,TJ Shorts II,UC Davis,51113,5-9,"5'9""",69.0,77.6,"6'6""",8.6,plays_taller,77.6,"6'6""",8.6,plays_taller
2019,Kris Bankston,Little Rock,51114,6-8,"6'8""",80.0,82.96,"6'11""",2.96,plays_taller,82.96,"6'11""",2.96,plays_taller
2019,Remy Martin,Arizona St.,51115,6-0,"6'0""",72.0,75.88,"6'4""",3.88,plays_taller,75.88,"6'4""",3.88,plays_taller
2019,Michael Miller,North Texas,51122,6-3,"6'3""",75.0,79.1,"6'7""",4.1,plays_taller,79.1,"6'7""",4.1,plays_taller
2019,Kaiden Rice,The Citadel,51123,6-6,"6'6""",78.0,75.3,"6'3""",-2.7,plays_shorter,75.3,"6'3""",-2.7,plays_shorter
2019,Umoja Gibson,North Texas,51125,6-1,"6'1""",73.0,74.64,"6'3""",1.64,plays_taller,74.64,"6'3""",1.64,plays_taller
2019,Karlis Garoza,Cal Poly,51134,6-9,"6'9""",81.0,78.97,"6'7""",-2.03,plays_shorter,78.97,"6'7""",-2.03,plays_shorter
2019,Ivan Raut,Fordham,51138,6-7,"6'7""",79.0,75.88,"6'4""",-3.12,plays_shorter,75.88,"6'4""",-3.12,plays_shorter
2019,Koby Thomas,Robert Morris,51144,6-6,"6'6""",78.0,79.7,"6'8""",1.7,plays_taller,79.7,"6'8""",1.7,plays_taller
2019,Malik Petteway,Robert Morris,51145,6-8,"6'8""",80.0,81.47,"6'9""",1.47,plays_taller,81.47,"6'9""",1.47,plays_taller
2019,Roberts Blumbergs,Grand Canyon,51148,6-10,"6'10""",82.0,79.29,"6'7""",-2.71,plays_shorter,79.29,"6'7""",-2.71,plays_shorter
2019,Eden Ewing,Texas Southern,51149,6-8,"6'8""",80.0,80.59,"6'9""",0.59,plays_at_height,80.59,"6'9""",0.59,plays_at_height
2019,Myles Lewis,VMI,51152,6-5,"6'5""",77.0,78.15,"6'6""",1.15,plays_taller,78.15,"6'6""",1.15,plays_taller
2019,Ta'Vonne Bond,VMI,51153,6-0,"6'0""",72.0,75.06,"6'3""",3.06,plays_taller,75.06,"6'3""",3.06,plays_taller
2019,Yves Pons,Tennessee,51154,6-6,"6'6""",78.0,78.46,"6'6""",0.46,plays_at_height,78.46,"6'6""",0.46,plays_at_height
2019,Charles Bain,Robert Morris,51157,6-8,"6'8""",80.0,77.87,"6'6""",-2.13,plays_shorter,77.87,"6'6""",-2.13,plays_shorter
2019,Keaton Van Soelen,Air Force,51158,6-7,"6'7""",79.0,77.9,"6'6""",-1.1,plays_shorter,77.9,"6'6""",-1.1,plays_shorter
2019,KJ Byers,Long Beach St.,51159,6-7,"6'7""",79.0,80.25,"6'8""",1.25,plays_taller,80.25,"6'8""",1.25,plays_taller
2019,Keaton Wallace,UTSA,51165,6-3,"6'3""",75.0,77.15,"6'5""",2.15,plays_taller,77.15,"6'5""",2.15,plays_taller
2019,Matthew Mondesir,Central Arkansas,51171,6-5,"6'5""",77.0,76.81,"6'5""",-0.19,plays_at_height,76.81,"6'5""",-0.19,plays_at_height
2019,Roberto Gallinat,Pacific,51172,6-3,"6'3""",75.0,76.98,"6'5""",1.98,plays_taller,76.98,"6'5""",1.98,plays_taller
2019,Kellan Grady,Davidson,51180,6-5,"6'5""",77.0,76.93,"6'5""",-0.07,plays_at_height,76.93,"6'5""",-0.07,plays_at_height
2019,Chris Darrington,Toledo,51182,6-1,"6'1""",73.0,75.92,"6'4""",2.92,plays_taller,75.92,"6'4""",2.92,plays_taller
2019,Jeremiah Tilmon,Missouri,51187,6-10,"6'10""",82.0,81.17,"6'9""",-0.83,plays_shorter,81.17,"6'9""",-0.83,plays_shorter
2019,Paul Atkinson,Yale,51193,6-10,"6'10""",82.0,80.87,"6'9""",-1.13,plays_shorter,80.87,"6'9""",-1.13,plays_shorter
2019,Dylan Alderson,Toledo,51198,6-5,"6'5""",77.0,76.13,"6'4""",-0.87,plays_shorter,76.13,"6'4""",-0.87,plays_shorter
2019,Shaquillo Fritz,Arkansas St.,51202,6-8,"6'8""",80.0,81.03,"6'9""",1.03,plays_taller,81.03,"6'9""",1.03,plays_taller
2019,Grantham Gillard,Arkansas St.,51203,6-4,"6'4""",76.0,76.3,"6'4""",0.3,plays_at_height,76.3,"6'4""",0.3,plays_at_height
2019,Omar Habwe,Mount St. Mary's,51205,6-6,"6'6""",78.0,76.02,"6'4""",-1.98,plays_shorter,76.02,"6'4""",-1.98,plays_shorter
2019,Tristin Walley,Arkansas St.,51208,6-7,"6'7""",79.0,78.26,"6'6""",-0.74,plays_at_height,78.26,"6'6""",-0.74,plays_at_height
2019,Charles Falden,Winthrop,51211,6-3,"6'3""",75.0,77.46,"6'5""",2.46,plays_taller,77.46,"6'5""",2.46,plays_taller
2019,Kyle Zunic,Winthrop,51212,6-2,"6'2""",74.0,76.38,"6'4""",2.38,plays_taller,76.38,"6'4""",2.38,plays_taller
2019,Austin Awad,Winthrop,51213,6-6,"6'6""",78.0,75.61,"6'4""",-2.39,plays_shorter,75.61,"6'4""",-2.39,plays_shorter
2019,Marcellus Garrick,Cal Poly,51216,6-4,"6'4""",76.0,75.44,"6'3""",-0.56,plays_at_height,75.44,"6'3""",-0.56,plays_at_height
2019,Ryan Schwieger,Princeton,51217,6-6,"6'6""",78.0,76.79,"6'5""",-1.21,plays_shorter,76.79,"6'5""",-1.21,plays_shorter
2019,DeAndre Jones,Central Arkansas,51219,5-11,"5'11""",71.0,75.26,"6'3""",4.26,plays_taller,75.26,"6'3""",4.26,plays_taller
2019,Ian DuBose,Houston Christian,51220,6-4,"6'4""",76.0,78.72,"6'7""",2.72,plays_taller,78.72,"6'7""",2.72,plays_taller
2019,Philip McKenzie,Houston Christian,51221,6-5,"6'5""",77.0,77.66,"6'6""",0.66,plays_at_height,77.66,"6'6""",0.66,plays_at_height
2019,Hayden Koval,Central Arkansas,51225,7-0,"7'0""",84.0,80.59,"6'9""",-3.41,plays_shorter,80.59,"6'9""",-3.41,plays_shorter
2019,Deaundrae Ballard,Florida,51229,6-5,"6'5""",77.0,77.51,"6'6""",0.51,plays_at_height,77.51,"6'6""",0.51,plays_at_height
2019,Teshaun Hightower,Georgia,51230,6-5,"6'5""",77.0,76.16,"6'4""",-0.84,plays_shorter,76.16,"6'4""",-0.84,plays_shorter
2019,Malik Dunbar,Auburn,51236,6-6,"6'6""",78.0,78.91,"6'7""",0.91,plays_taller,78.91,"6'7""",0.91,plays_taller
2019,Rayshaun Hammonds,Georgia,51237,6-8,"6'8""",80.0,79.59,"6'8""",-0.41,plays_at_height,79.59,"6'8""",-0.41,plays_at_height
2019,Jay Jay Chandler,Texas A&M,51239,6-4,"6'4""",76.0,77.37,"6'5""",1.37,plays_taller,77.37,"6'5""",1.37,plays_taller
2019,T.J. Starks,Texas A&M,51240,6-2,"6'2""",74.0,75.41,"6'3""",1.41,plays_taller,75.41,"6'3""",1.41,plays_taller
2019,Kene Chukwuka,Pittsburgh,51241,6-9,"6'9""",81.0,78.1,"6'6""",-2.9,plays_shorter,78.1,"6'6""",-2.9,plays_shorter
2019,Mack Smith,Eastern Illinois,51242,6-2,"6'2""",74.0,75.19,"6'3""",1.19,plays_taller,75.19,"6'3""",1.19,plays_taller
2019,Sebastian Much,Princeton,51252,6-8,"6'8""",80.0,74.98,"6'3""",-5.02,plays_shorter,74.98,"6'3""",-5.02,plays_shorter
2019,Jon Williams,Robert Morris,51253,6-1,"6'1""",73.0,74.5,"6'3""",1.5,plays_taller,74.5,"6'3""",1.5,plays_taller
2019,Jerome Desrosiers,Princeton,51254,6-7,"6'7""",79.0,76.8,"6'5""",-2.2,plays_shorter,76.8,"6'5""",-2.2,plays_shorter
2019,Jalen Reeder,Alabama A&M,51263,6-5,"6'5""",77.0,76.73,"6'5""",-0.27,plays_at_height,76.73,"6'5""",-0.27,plays_at_height
2019,A.J. Caldwell,Chattanooga,51265,6-4,"6'4""",76.0,74.92,"6'3""",-1.08,plays_shorter,74.92,"6'3""",-1.08,plays_shorter
2019,Rodrick Sikes,South Alabama,51266,6-2,"6'2""",74.0,74.98,"6'3""",0.98,plays_taller,74.98,"6'3""",0.98,plays_taller
2019,Andre Kennedy,Alabama A&M,51267,6-7,"6'7""",79.0,79.03,"6'7""",0.03,plays_at_height,79.03,"6'7""",0.03,plays_at_height
2019,Amari Goulbourne,Alabama A&M,51269,5-9,"5'9""",69.0,75.7,"6'4""",6.7,plays_taller,75.7,"6'4""",6.7,plays_taller
2019,Arthur Johnson,Alabama A&M,51270,6-2,"6'2""",74.0,76.74,"6'5""",2.74,plays_taller,76.74,"6'5""",2.74,plays_taller
2019,Keith Williams,Cincinnati,51272,6-5,"6'5""",77.0,79.51,"6'8""",2.51,plays_taller,79.51,"6'8""",2.51,plays_taller
2019,Johnny Crnogorac,UT Rio Grande Valley,51274,7-1,"7'1""",85.0,78.98,"6'7""",-6.02,plays_shorter,78.98,"6'7""",-6.02,plays_shorter
2019,Chris Joyce,Air Force,51278,6-5,"6'5""",77.0,76.74,"6'5""",-0.26,plays_at_height,76.74,"6'5""",-0.26,plays_at_height
2019,Ameka Akaya,Air Force,51279,6-6,"6'6""",78.0,77.09,"6'5""",-0.91,plays_shorter,77.09,"6'5""",-0.91,plays_shorter
2019,Jarrett Culver,Texas Tech,51280,6-5,"6'5""",77.0,80.52,"6'9""",3.52,plays_taller,80.52,"6'9""",3.52,plays_taller
2019,Trevian Bell,Green Bay,51282,6-6,"6'6""",78.0,78.2,"6'6""",0.2,plays_at_height,78.2,"6'6""",0.2,plays_at_height
2019,Anthony Longpre,Saint Joseph's,51288,6-10,"6'10""",82.0,77.54,"6'6""",-4.46,plays_shorter,77.54,"6'6""",-4.46,plays_shorter
2019,Markus Golder,Valparaiso,51291,6-6,"6'6""",78.0,77.9,"6'6""",-0.1,plays_at_height,77.9,"6'6""",-0.1,plays_at_height
2019,Travon Bell,Chicago St.,51292,6-3,"6'3""",75.0,74.98,"6'3""",-0.02,plays_at_height,74.98,"6'3""",-0.02,plays_at_height
2019,Chris Harris Jr.,Houston,51296,6-10,"6'10""",82.0,84.22,"7'0""",2.22,plays_taller,84.22,"7'0""",2.22,plays_taller
2019,Malik Williams,Louisville,51298,6-11,"6'11""",83.0,82.29,"6'10""",-0.71,plays_at_height,82.29,"6'10""",-0.71,plays_at_height
2019,Austin Colbert,Hampton,51299,6-9,"6'9""",81.0,79.22,"6'7""",-1.78,plays_shorter,79.22,"6'7""",-1.78,plays_shorter
2019,Taqwain Drummond,Coppin St.,51300,6-4,"6'4""",76.0,75.2,"6'3""",-0.8,plays_shorter,75.2,"6'3""",-0.8,plays_shorter
2019,Jericho Sims,Texas,51301,6-9,"6'9""",81.0,81.43,"6'9""",0.43,plays_at_height,81.43,"6'9""",0.43,plays_at_height
2019,Mayan Kiir,South Florida,51302,6-9,"6'9""",81.0,80.54,"6'9""",-0.46,plays_at_height,80.54,"6'9""",-0.46,plays_at_height
2019,Daryl Edwards,LSU,51303,6-3,"6'3""",75.0,75.48,"6'3""",0.48,plays_at_height,75.48,"6'3""",0.48,plays_at_height
2019,Nicolas Claxton,Georgia,51305,6-11,"6'11""",83.0,83.34,"6'11""",0.34,plays_at_height,83.34,"6'11""",0.34,plays_at_height
2019,Tremont Waters,LSU,51308,5-11,"5'11""",71.0,76.34,"6'4""",5.34,plays_taller,76.34,"6'4""",5.34,plays_taller
2019,Teyvion Kirk,Ohio,51317,6-4,"6'4""",76.0,77.8,"6'6""",1.8,plays_taller,77.8,"6'6""",1.8,plays_taller
2019,Jalen Adaway,Miami OH,51320,6-5,"6'5""",77.0,78.54,"6'7""",1.54,plays_taller,78.54,"6'7""",1.54,plays_taller
2019,Darrian Ringo,Miami OH,51322,6-2,"6'2""",74.0,76.13,"6'4""",2.13,plays_taller,76.13,"6'4""",2.13,plays_taller
2019,Romeo Crouch,Presbyterian,51341,6-3,"6'3""",75.0,77.51,"6'6""",2.51,plays_taller,77.51,"6'6""",2.51,plays_taller
2019,Jordan Cintron,Longwood,51342,6-8,"6'8""",80.0,78.13,"6'6""",-1.87,plays_shorter,78.13,"6'6""",-1.87,plays_shorter
2019,Spencer Franklin,Longwood,51343,6-8,"6'8""",80.0,78.37,"6'6""",-1.63,plays_shorter,78.37,"6'6""",-1.63,plays_shorter
2019,Raine McKeython,Stetson,51346,6-1,"6'1""",73.0,74.83,"6'3""",1.83,plays_taller,74.83,"6'3""",1.83,plays_taller
2019,Aamir Simms,Clemson,51348,6-7,"6'7""",79.0,78.42,"6'6""",-0.58,plays_at_height,78.42,"6'6""",-0.58,plays_at_height
2019,Isaiah Miller,UNC Greensboro,51350,6-0,"6'0""",72.0,79.48,"6'7""",7.48,plays_taller,79.48,"6'7""",7.48,plays_taller
2019,Storm Murphy,Wofford,51352,5-11,"5'11""",71.0,74.69,"6'3""",3.69,plays_taller,74.69,"6'3""",3.69,plays_taller
2019,Marcus Thomas,Western Carolina,51354,6-3,"6'3""",75.0,77.22,"6'5""",2.22,plays_taller,77.22,"6'5""",2.22,plays_taller
2019,Nick Weatherspoon,Mississippi St.,51355,6-2,"6'2""",74.0,76.45,"6'4""",2.45,plays_taller,76.45,"6'4""",2.45,plays_taller
2019,Keve Aluma,Wofford,51356,6-9,"6'9""",81.0,82.08,"6'10""",1.08,plays_taller,82.08,"6'10""",1.08,plays_taller
2019,Tray Hollowell,Wofford,51357,6-2,"6'2""",74.0,75.08,"6'3""",1.08,plays_taller,75.08,"6'3""",1.08,plays_taller
2019,Daniel Gafford,Arkansas,51358,6-11,"6'11""",83.0,86.43,"7'2""",3.43,plays_taller,86.43,"7'2""",3.43,plays_taller
2019,Gabe Osabuohien,Arkansas,51360,6-8,"6'8""",80.0,79.14,"6'7""",-0.86,plays_shorter,79.14,"6'7""",-0.86,plays_shorter
2019,Alex Reese,Alabama,51362,6-9,"6'9""",81.0,78.45,"6'6""",-2.55,plays_shorter,78.45,"6'6""",-2.55,plays_shorter
2019,John Petty,Alabama,51363,6-5,"6'5""",77.0,77.61,"6'6""",0.61,plays_at_height,77.61,"6'6""",0.61,plays_at_height
2019,Galin Smith,Alabama,51364,6-9,"6'9""",81.0,78.62,"6'7""",-2.38,plays_shorter,78.62,"6'7""",-2.38,plays_shorter
2019,Jack Ferguson,Colgate,51366,6-3,"6'3""",75.0,76.1,"6'4""",1.1,plays_taller,76.1,"6'4""",1.1,plays_taller
2019,Savion Flagg,Texas A&M,51373,6-7,"6'7""",79.0,79.37,"6'7""",0.37,plays_at_height,79.37,"6'7""",0.37,plays_at_height
2019,Alex Hunter,Furman,51378,5-11,"5'11""",71.0,74.81,"6'3""",3.81,plays_taller,74.81,"6'3""",3.81,plays_taller
2019,Sean Mobley,VCU,51379,6-8,"6'8""",80.0,76.44,"6'4""",-3.56,plays_shorter,76.44,"6'4""",-3.56,plays_shorter
2019,Anthony Ochefu,Stony Brook,51380,6-8,"6'8""",80.0,78.05,"6'6""",-1.95,plays_shorter,78.05,"6'6""",-1.95,plays_shorter
2019,Musa Jallow,Ohio St.,51383,6-5,"6'5""",77.0,78.63,"6'7""",1.63,plays_taller,78.63,"6'7""",1.63,plays_taller
2019,Obadiah Noel,UMass Lowell,51389,6-4,"6'4""",76.0,77.48,"6'5""",1.48,plays_taller,77.48,"6'5""",1.48,plays_taller
2019,Matt Coleman III,Texas,51390,6-2,"6'2""",74.0,75.83,"6'4""",1.83,plays_taller,75.83,"6'4""",1.83,plays_taller
2019,Shawn Jones,UMass Lowell,51392,6-0,"6'0""",72.0,75.05,"6'3""",3.05,plays_taller,75.05,"6'3""",3.05,plays_taller
2019,Elijah Jordan,New Hampshire,51398,6-1,"6'1""",73.0,74.68,"6'3""",1.68,plays_taller,74.68,"6'3""",1.68,plays_taller
2019,Jaron Cornish,Stony Brook,51399,5-11,"5'11""",71.0,76.81,"6'5""",5.81,plays_taller,76.81,"6'5""",5.81,plays_taller
2019,Zach Reichle,Oregon St.,51400,6-5,"6'5""",77.0,74.48,"6'2""",-2.52,plays_shorter,74.48,"6'2""",-2.52,plays_shorter
2019,Ayo Akinwole,Nebraska Omaha,51402,6-0,"6'0""",72.0,74.96,"6'3""",2.96,plays_taller,74.96,"6'3""",2.96,plays_taller
2019,Matt Pile,Nebraska Omaha,51405,6-8,"6'8""",80.0,81.56,"6'10""",1.56,plays_taller,81.56,"6'10""",1.56,plays_taller
2019,Jordan Roberts,Long Beach St.,51408,6-8,"6'8""",80.0,77.54,"6'6""",-2.46,plays_shorter,77.54,"6'6""",-2.46,plays_shorter
2019,Troymain Crosby,Alcorn St.,51411,6-4,"6'4""",76.0,77.62,"6'6""",1.62,plays_taller,77.62,"6'6""",1.62,plays_taller
2019,Jarkel Joiner,Cal St. Bakersfield,51415,6-1,"6'1""",73.0,76.05,"6'4""",3.05,plays_taller,76.05,"6'4""",3.05,plays_taller
2019,Vladimir Pinchuk,New Mexico,51416,6-11,"6'11""",83.0,79.34,"6'7""",-3.66,plays_shorter,79.34,"6'7""",-3.66,plays_shorter
2019,Axel Mpoyo,Grambling St.,51418,6-8,"6'8""",80.0,79.48,"6'7""",-0.52,plays_at_height,79.48,"6'7""",-0.52,plays_at_height
2019,Dwayne Banks,South Carolina St.,51422,5-10,"5'10""",70.0,74.59,"6'3""",4.59,plays_taller,74.59,"6'3""",4.59,plays_taller
2019,Makuach Maluach,New Mexico,51425,6-7,"6'7""",79.0,76.94,"6'5""",-2.06,plays_shorter,76.94,"6'5""",-2.06,plays_shorter
2019,Alex Peacock,Texas St.,51426,6-7,"6'7""",79.0,78.93,"6'7""",-0.07,plays_at_height,78.93,"6'7""",-0.07,plays_at_height
2019,Josh Hopkins,New Hampshire,51427,6-5,"6'5""",77.0,74.99,"6'3""",-2.01,plays_shorter,74.99,"6'3""",-2.01,plays_shorter
2019,Nathan Priddy,Elon,51429,6-2,"6'2""",74.0,74.58,"6'3""",0.58,plays_at_height,74.58,"6'3""",0.58,plays_at_height
2019,Zach Gunn,Ball St.,51430,6-6,"6'6""",78.0,77.17,"6'5""",-0.83,plays_shorter,77.17,"6'5""",-0.83,plays_shorter
2019,Dimitrije Spasojevic,East Carolina,51437,6-8,"6'8""",80.0,76.72,"6'5""",-3.28,plays_shorter,76.72,"6'5""",-3.28,plays_shorter
2019,Trejon Jacob,FIU,51438,6-5,"6'5""",77.0,77.11,"6'5""",0.11,plays_at_height,77.11,"6'5""",0.11,plays_at_height
2019,Darian Dixon,Northwestern St.,51439,6-8,"6'8""",80.0,77.32,"6'5""",-2.68,plays_shorter,77.32,"6'5""",-2.68,plays_shorter
2019,Miles Wentzien,Northern Iowa,51442,6-3,"6'3""",75.0,76.81,"6'5""",1.81,plays_taller,76.81,"6'5""",1.81,plays_taller
2019,Cameron Krutwig,Loyola Chicago,51446,6-9,"6'9""",81.0,81.48,"6'9""",0.48,plays_at_height,81.48,"6'9""",0.48,plays_at_height
2019,Tobi Ewuosho,Alabama St.,51449,6-5,"6'5""",77.0,78.85,"6'7""",1.85,plays_taller,78.85,"6'7""",1.85,plays_taller
2019,Tywhon Pickford,Northern Iowa,51450,6-4,"6'4""",76.0,78.11,"6'6""",2.11,plays_taller,78.11,"6'6""",2.11,plays_taller
2019,Moses Wright,Georgia Tech,51451,6-9,"6'9""",81.0,79.37,"6'7""",-1.63,plays_shorter,79.37,"6'7""",-1.63,plays_shorter
2019,Kobe Webster,Western Illinois,51453,6-0,"6'0""",72.0,74.82,"6'3""",2.82,plays_taller,74.82,"6'3""",2.82,plays_taller
2019,Dylan Hastings,Lafayette,51459,6-8,"6'8""",80.0,79.22,"6'7""",-0.78,plays_shorter,79.22,"6'7""",-0.78,plays_shorter
2019,Terrell Gomez,Cal St. Northridge,51461,5-8,"5'8""",68.0,73.84,"6'2""",5.84,plays_taller,73.84,"6'2""",5.84,plays_taller
2019,Brady Manek,Oklahoma,51462,6-9,"6'9""",81.0,79.52,"6'8""",-1.48,plays_shorter,79.52,"6'8""",-1.48,plays_shorter
2019,Noe Anabir,Youngstown St.,51472,6-8,"6'8""",80.0,78.34,"6'6""",-1.66,plays_shorter,78.34,"6'6""",-1.66,plays_shorter
2019,Naz Bohannon,Youngstown St.,51474,6-6,"6'6""",78.0,79.14,"6'7""",1.14,plays_taller,79.14,"6'7""",1.14,plays_taller
2019,Michael Akuchie,Youngstown St.,51475,6-8,"6'8""",80.0,78.82,"6'7""",-1.18,plays_shorter,78.82,"6'7""",-1.18,plays_shorter
2019,Zach Hunsaker,Brown,51478,6-2,"6'2""",74.0,74.81,"6'3""",0.81,plays_taller,74.81,"6'3""",0.81,plays_taller
2019,Lemmie Howard,Jackson St.,51482,6-7,"6'7""",79.0,77.83,"6'6""",-1.17,plays_shorter,77.83,"6'6""",-1.17,plays_shorter
2019,Reggie Scurry,Middle Tennessee,51483,6-6,"6'6""",78.0,80.84,"6'9""",2.84,plays_taller,80.84,"6'9""",2.84,plays_taller
2019,RJ Cole,Howard,51484,6-1,"6'1""",73.0,75.27,"6'3""",2.27,plays_taller,75.27,"6'3""",2.27,plays_taller
2019,Greg Bowie II,UT Rio Grande Valley,51487,6-2,"6'2""",74.0,74.53,"6'3""",0.53,plays_at_height,74.53,"6'3""",0.53,plays_at_height
2019,Aaron Nettles,Seattle,51488,5-11,"5'11""",71.0,74.85,"6'3""",3.85,plays_taller,74.85,"6'3""",3.85,plays_taller
2019,Ben Nakwaasah,Utah Valley,51489,6-2,"6'2""",74.0,75.8,"6'4""",1.8,plays_taller,75.8,"6'4""",1.8,plays_taller
2019,Bubba Furlong,Sam Houston St.,51493,6-9,"6'9""",81.0,81.04,"6'9""",0.04,plays_at_height,81.04,"6'9""",0.04,plays_at_height
2019,Jordan Usher,USC,51496,6-7,"6'7""",79.0,77.28,"6'5""",-1.72,plays_shorter,77.28,"6'5""",-1.72,plays_shorter
2019,Kenny Aninye,Stetson,51500,6-1,"6'1""",73.0,74.82,"6'3""",1.82,plays_taller,74.82,"6'3""",1.82,plays_taller
2019,Trip Day,North Florida,51503,6-7,"6'7""",79.0,77.33,"6'5""",-1.67,plays_shorter,77.33,"6'5""",-1.67,plays_shorter
2019,Christiaan Jones,Stetson,51504,6-4,"6'4""",76.0,77.38,"6'5""",1.38,plays_taller,77.38,"6'5""",1.38,plays_taller
2019,Brian Coffey II,North Florida,51505,6-1,"6'1""",73.0,73.32,"6'1""",0.32,plays_at_height,73.32,"6'1""",0.32,plays_at_height
2019,Ivan Gandia-Rosa,North Florida,51506,6-1,"6'1""",73.0,74.72,"6'3""",1.72,plays_taller,74.72,"6'3""",1.72,plays_taller
2019,Ryan Burkhardt,North Florida,51508,6-4,"6'4""",76.0,73.85,"6'2""",-2.15,plays_shorter,73.85,"6'2""",-2.15,plays_shorter
2019,Fausto Pichardo,Alabama St.,51509,6-8,"6'8""",80.0,80.42,"6'8""",0.42,plays_at_height,80.42,"6'8""",0.42,plays_at_height
2019,Stefan Lakic,Samford,51515,6-7,"6'7""",79.0,76.93,"6'5""",-2.07,plays_shorter,76.93,"6'5""",-2.07,plays_shorter
2019,John Comeaux,Stephen F. Austin,51519,5-11,"5'11""",71.0,76.41,"6'4""",5.41,plays_taller,76.41,"6'4""",5.41,plays_taller
2019,Ajani Kennedy,UC Riverside,51522,6-8,"6'8""",80.0,77.66,"6'6""",-2.34,plays_shorter,77.66,"6'6""",-2.34,plays_shorter
2019,Tervell Beck,UNLV,51524,6-7,"6'7""",79.0,78.3,"6'6""",-0.7,plays_at_height,78.3,"6'6""",-0.7,plays_at_height
2019,John Grant Jr.,Savannah St.,51526,6-6,"6'6""",78.0,75.1,"6'3""",-2.9,plays_shorter,75.1,"6'3""",-2.9,plays_shorter
2019,Derrik Jamerson Jr.,Norfolk St.,51527,6-5,"6'5""",77.0,76.67,"6'5""",-0.33,plays_at_height,76.67,"6'5""",-0.33,plays_at_height
2019,Terry Taylor,Austin Peay,51532,6-5,"6'5""",77.0,80.08,"6'8""",3.08,plays_taller,80.08,"6'8""",3.08,plays_taller
2019,Myles Smith,Texas A&M Corpus Chris,51533,6-0,"6'0""",72.0,74.74,"6'3""",2.74,plays_taller,74.74,"6'3""",2.74,plays_taller
2019,Joe Hugley,Central Connecticut,51537,6-7,"6'7""",79.0,78.09,"6'6""",-0.91,plays_shorter,78.09,"6'6""",-0.91,plays_shorter
2019,Isaiah Martin,Florida A&M,51538,7-0,"7'0""",84.0,83.7,"7'0""",-0.3,plays_at_height,83.7,"7'0""",-0.3,plays_at_height
2019,Kamron Reaves,Florida A&M,51540,6-2,"6'2""",74.0,74.95,"6'3""",0.95,plays_taller,74.95,"6'3""",0.95,plays_taller
2019,Garrett Covington,Youngstown St.,51545,6-5,"6'5""",77.0,75.64,"6'4""",-1.36,plays_shorter,75.64,"6'4""",-1.36,plays_shorter
2019,Jarvis Doles,Drexel,51547,6-9,"6'9""",81.0,76.59,"6'5""",-4.41,plays_shorter,76.59,"6'5""",-4.41,plays_shorter
2019,Damari Milstead,Grand Canyon,51548,6-2,"6'2""",74.0,75.3,"6'3""",1.3,plays_taller,75.3,"6'3""",1.3,plays_taller
2019,Kane Williams,Georgia St.,51550,6-3,"6'3""",75.0,77.59,"6'6""",2.59,plays_taller,77.59,"6'6""",2.59,plays_taller
2019,William Tinsley,Illinois St.,51560,6-6,"6'6""",78.0,78.81,"6'7""",0.81,plays_taller,78.81,"6'7""",0.81,plays_taller
2019,Breaon Brady,Houston,51561,6-8,"6'8""",80.0,81.47,"6'9""",1.47,plays_taller,81.47,"6'9""",1.47,plays_taller
2019,Evan Kuhlman,Evansville,51562,6-8,"6'8""",80.0,75.72,"6'4""",-4.28,plays_shorter,75.72,"6'4""",-4.28,plays_shorter
2019,Takal Molson,Canisius,51573,6-5,"6'5""",77.0,77.83,"6'6""",0.83,plays_taller,77.83,"6'6""",0.83,plays_taller
2019,Da'Monte Williams,Illinois,51591,6-3,"6'3""",75.0,77.27,"6'5""",2.27,plays_taller,77.27,"6'5""",2.27,plays_taller
2019,Mark Smith,Missouri,51592,6-4,"6'4""",76.0,76.49,"6'4""",0.49,plays_at_height,76.49,"6'4""",0.49,plays_at_height
2019,Luka Garza,Iowa,51595,6-11,"6'11""",83.0,78.79,"6'7""",-4.21,plays_shorter,78.79,"6'7""",-4.21,plays_shorter
2019,Chuma Okeke,Auburn,51602,6-8,"6'8""",80.0,81.75,"6'10""",1.75,plays_taller,81.75,"6'10""",1.75,plays_taller
2019,Brandon Hutton,Northwestern St.,51609,6-5,"6'5""",77.0,76.19,"6'4""",-0.81,plays_shorter,76.19,"6'4""",-0.81,plays_shorter
2019,Kyson Rawls,Morgan St.,51619,6-1,"6'1""",73.0,74.27,"6'2""",1.27,plays_taller,74.27,"6'2""",1.27,plays_taller
2019,Lapri McCray-Pace,Morgan St.,51620,6-4,"6'4""",76.0,76.94,"6'5""",0.94,plays_taller,76.94,"6'5""",0.94,plays_taller
2019,Daniel Regis,Nicholls St.,51624,6-7,"6'7""",79.0,81.96,"6'10""",2.96,plays_taller,81.96,"6'10""",2.96,plays_taller
2019,Kevin Johnson,Nicholls St.,51625,5-10,"5'10""",70.0,74.87,"6'3""",4.87,plays_taller,74.87,"6'3""",4.87,plays_taller
2019,Ryghe Lyons,Nicholls St.,51626,6-10,"6'10""",82.0,78.59,"6'7""",-3.41,plays_shorter,78.59,"6'7""",-3.41,plays_shorter
2019,Oliver Lynch-Daniels,Houston Christian,51627,6-2,"6'2""",74.0,75.03,"6'3""",1.03,plays_taller,75.03,"6'3""",1.03,plays_taller
2019,Edward Hardt,Houston Christian,51628,6-10,"6'10""",82.0,78.15,"6'6""",-3.85,plays_shorter,78.15,"6'6""",-3.85,plays_shorter
2019,Kris Wilkes,UCLA,51634,6-8,"6'8""",80.0,77.31,"6'5""",-2.69,plays_shorter,77.31,"6'5""",-2.69,plays_shorter
2019,Chris Smith,UCLA,51635,6-9,"6'9""",81.0,77.54,"6'6""",-3.46,plays_shorter,77.54,"6'6""",-3.46,plays_shorter
2019,Daejon Davis,Stanford,51639,6-3,"6'3""",75.0,77.03,"6'5""",2.03,plays_taller,77.03,"6'5""",2.03,plays_taller
2019,Richard Harward,Utah Valley,51655,6-11,"6'11""",83.0,82.29,"6'10""",-0.71,plays_at_height,82.29,"6'10""",-0.71,plays_at_height
2019,Cheikh Mbacke Diong,UNLV,51672,6-11,"6'11""",83.0,82.21,"6'10""",-0.79,plays_shorter,82.21,"6'10""",-0.79,plays_shorter
2019,Shakur Juiston,UNLV,51673,6-7,"6'7""",79.0,80.18,"6'8""",1.18,plays_taller,80.18,"6'8""",1.18,plays_taller
2019,Amauri Hardy,UNLV,51674,6-2,"6'2""",74.0,76.38,"6'4""",2.38,plays_taller,76.38,"6'4""",2.38,plays_taller
2019,Cody Graham,Incarnate Word,51684,5-10,"5'10""",70.0,73.96,"6'2""",3.96,plays_taller,73.96,"6'2""",3.96,plays_taller
2019,Marvin Nesbitt Jr.,UMKC,51687,6-4,"6'4""",76.0,78.95,"6'7""",2.95,plays_taller,78.95,"6'7""",2.95,plays_taller
2019,Keith Matthews,Stetson,51691,6-7,"6'7""",79.0,76.48,"6'4""",-2.52,plays_shorter,76.48,"6'4""",-2.52,plays_shorter
2019,Tyree Appleby,Cleveland St.,51703,6-1,"6'1""",73.0,76.27,"6'4""",3.27,plays_taller,76.27,"6'4""",3.27,plays_taller
2019,Sam Waardenburg,Miami FL,51708,6-10,"6'10""",82.0,77.16,"6'5""",-4.84,plays_shorter,77.16,"6'5""",-4.84,plays_shorter
2019,Nick Richards,Kentucky,51728,6-11,"6'11""",83.0,84.89,"7'1""",1.89,plays_taller,84.89,"7'1""",1.89,plays_taller
2019,PJ Washington,Kentucky,51732,6-8,"6'8""",80.0,82.2,"6'10""",2.2,plays_taller,82.2,"6'10""",2.2,plays_taller
2019,JD Notae,Jacksonville,51733,6-2,"6'2""",74.0,76.89,"6'5""",2.89,plays_taller,76.89,"6'5""",2.89,plays_taller
2019,Tereke Eckwood,Mississippi Valley St.,51736,6-2,"6'2""",74.0,74.83,"6'3""",0.83,plays_taller,74.83,"6'3""",0.83,plays_taller
2019,Jordan Evans,Mississippi Valley St.,51737,6-2,"6'2""",74.0,74.27,"6'2""",0.27,plays_at_height,74.27,"6'2""",0.27,plays_at_height
2019,Jarrod Simmons,Penn,51738,6-8,"6'8""",80.0,79.75,"6'8""",-0.25,plays_at_height,79.75,"6'8""",-0.25,plays_at_height
2019,Josh Webster,Missouri St.,51740,6-3,"6'3""",75.0,76.68,"6'5""",1.68,plays_taller,76.68,"6'5""",1.68,plays_taller
2019,Bruce Stevens,Mississippi,51746,6-8,"6'8""",80.0,79.33,"6'7""",-0.67,plays_at_height,79.33,"6'7""",-0.67,plays_at_height
2019,Stefan Kenic,Cleveland St.,51748,6-9,"6'9""",81.0,76.05,"6'4""",-4.95,plays_shorter,76.05,"6'4""",-4.95,plays_shorter
2019,Xavier Tillman,Michigan St.,51753,6-8,"6'8""",80.0,83.52,"7'0""",3.52,plays_taller,83.52,"7'0""",3.52,plays_taller
2019,Carter Collins,Davidson,51755,6-3,"6'3""",75.0,77.19,"6'5""",2.19,plays_taller,77.19,"6'5""",2.19,plays_taller
2019,Xavier Smith,Idaho,51758,6-4,"6'4""",76.0,75.45,"6'3""",-0.55,plays_at_height,75.45,"6'3""",-0.55,plays_at_height
2019,Azar Swain,Yale,51761,6-0,"6'0""",72.0,75.2,"6'3""",3.2,plays_taller,75.2,"6'3""",3.2,plays_taller
2019,McKinley Wright IV,Colorado,51766,6-0,"6'0""",72.0,77.75,"6'6""",5.75,plays_taller,77.75,"6'6""",5.75,plays_taller
2019,Jesus Cruz,Fairfield,51777,6-5,"6'5""",77.0,76.5,"6'5""",-0.5,plays_at_height,76.5,"6'5""",-0.5,plays_at_height
2019,DeAndre Love,Northwestern St.,51781,6-4,"6'4""",76.0,76.52,"6'5""",0.52,plays_at_height,76.52,"6'5""",0.52,plays_at_height
2019,Curtis Haywood II,Georgia Tech,51783,6-5,"6'5""",77.0,75.63,"6'4""",-1.37,plays_shorter,75.63,"6'4""",-1.37,plays_shorter
2019,Evan Cole,Georgia Tech,51786,6-9,"6'9""",81.0,79.14,"6'7""",-1.86,plays_shorter,79.14,"6'7""",-1.86,plays_shorter
2019,Jordan Goldwire,Duke,51787,6-2,"6'2""",74.0,74.86,"6'3""",0.86,plays_taller,74.86,"6'3""",0.86,plays_taller
2019,Danilo Djuricic,Harvard,51792,6-8,"6'8""",80.0,78.27,"6'6""",-1.73,plays_shorter,78.27,"6'6""",-1.73,plays_shorter
2019,Marek Nelson,Western Kentucky,51800,6-7,"6'7""",79.0,77.15,"6'5""",-1.85,plays_shorter,77.15,"6'5""",-1.85,plays_shorter
2019,Jake Ohmer,Western Kentucky,51801,6-1,"6'1""",73.0,72.39,"6'0""",-0.61,plays_at_height,72.39,"6'0""",-0.61,plays_at_height
2019,Taveion Hollingsworth,Western Kentucky,51802,6-2,"6'2""",74.0,76.28,"6'4""",2.28,plays_taller,76.28,"6'4""",2.28,plays_taller
2019,De'Quon Lake,Arizona St.,51807,6-10,"6'10""",82.0,82.83,"6'11""",0.83,plays_taller,82.83,"6'11""",0.83,plays_taller
2019,Marquis Eaton,Arkansas St.,51809,6-2,"6'2""",74.0,76.01,"6'4""",2.01,plays_taller,76.01,"6'4""",2.01,plays_taller
2019,Roosevelt Smart,North Texas,51811,6-3,"6'3""",75.0,75.08,"6'3""",0.08,plays_at_height,75.08,"6'3""",0.08,plays_at_height
2019,Troy Green,New Orleans,51819,6-3,"6'3""",75.0,75.36,"6'3""",0.36,plays_at_height,75.36,"6'3""",0.36,plays_at_height
2019,Emmanuel Ejeh,Mississippi Valley St.,51822,6-8,"6'8""",80.0,80.64,"6'9""",0.64,plays_at_height,80.64,"6'9""",0.64,plays_at_height
2019,Dontelius Ross,Jackson St.,51830,5-10,"5'10""",70.0,75.02,"6'3""",5.02,plays_taller,75.02,"6'3""",5.02,plays_taller
2019,Donnie Tillman,Utah,51835,6-7,"6'7""",79.0,78.29,"6'6""",-0.71,plays_at_height,78.29,"6'6""",-0.71,plays_at_height
2019,Marty Hill,Evansville,51841,6-5,"6'5""",77.0,76.79,"6'5""",-0.21,plays_at_height,76.79,"6'5""",-0.21,plays_at_height
2019,Dainius Chatkevicius,Evansville,51842,6-9,"6'9""",81.0,81.12,"6'9""",0.12,plays_at_height,81.12,"6'9""",0.12,plays_at_height
2019,Noah Thomas,Drake,51843,6-2,"6'2""",74.0,75.01,"6'3""",1.01,plays_taller,75.01,"6'3""",1.01,plays_taller
2019,Brion Whitley,Murray St.,51844,6-4,"6'4""",76.0,75.01,"6'3""",-0.99,plays_shorter,75.01,"6'3""",-0.99,plays_shorter
2019,Lucas Williamson,Loyola Chicago,51845,6-4,"6'4""",76.0,77.71,"6'6""",1.71,plays_taller,77.71,"6'6""",1.71,plays_taller
2019,Josh Anderson,Western Kentucky,51855,6-6,"6'6""",78.0,79.22,"6'7""",1.22,plays_taller,79.22,"6'7""",1.22,plays_taller
2019,Miles Brookins,La Salle,51858,6-10,"6'10""",82.0,78.63,"6'7""",-3.37,plays_shorter,78.63,"6'7""",-3.37,plays_shorter
2019,Travis Weatherington,Hartford,51860,6-2,"6'2""",74.0,76.27,"6'4""",2.27,plays_taller,76.27,"6'4""",2.27,plays_taller
2019,Jamir Moultrie,La Salle,51861,6-1,"6'1""",73.0,73.74,"6'2""",0.74,plays_at_height,73.74,"6'2""",0.74,plays_at_height
2019,Derrick Flowers,Jacksonville,51863,6-3,"6'3""",75.0,74.5,"6'2""",-0.5,plays_at_height,74.5,"6'2""",-0.5,plays_at_height
2019,Wesley Harris,West Virginia,51867,6-8,"6'8""",80.0,78.15,"6'6""",-1.85,plays_shorter,78.15,"6'6""",-1.85,plays_shorter
2019,Kevin Anderson,Delaware,51876,6-5,"6'5""",77.0,76.22,"6'4""",-0.78,plays_shorter,76.22,"6'4""",-0.78,plays_shorter
2019,Vance Johnson,Milwaukee,51880,6-8,"6'8""",80.0,79.05,"6'7""",-0.95,plays_shorter,79.05,"6'7""",-0.95,plays_shorter
2019,Victor Bailey Jr.,Oregon,51881,6-4,"6'4""",76.0,75.82,"6'4""",-0.18,plays_at_height,75.82,"6'4""",-0.18,plays_at_height
2019,Chris Vogt,Northern Kentucky,51883,7-0,"7'0""",84.0,83.28,"6'11""",-0.72,plays_at_height,83.28,"6'11""",-0.72,plays_at_height
2019,Luqman Lundy,Bradley,51884,6-3,"6'3""",75.0,76.76,"6'5""",1.76,plays_taller,76.76,"6'5""",1.76,plays_taller
2019,James Beck,Oakland,51885,6-8,"6'8""",80.0,79.46,"6'7""",-0.54,plays_at_height,79.46,"6'7""",-0.54,plays_at_height
2019,Jalanni White,Canisius,51888,6-7,"6'7""",79.0,79.44,"6'7""",0.44,plays_at_height,79.44,"6'7""",0.44,plays_at_height
2019,Abu Kigab,Oregon,51889,6-7,"6'7""",79.0,76.61,"6'5""",-2.39,plays_shorter,76.61,"6'5""",-2.39,plays_shorter
2019,Bam Bowman,Miami OH,51891,6-8,"6'8""",80.0,77.49,"6'5""",-2.51,plays_shorter,77.49,"6'5""",-2.51,plays_shorter
2019,Jahshire Hardnett,BYU,51892,6-0,"6'0""",72.0,74.86,"6'3""",2.86,plays_taller,74.86,"6'3""",2.86,plays_taller
2019,Kyle Foster,Howard,51895,6-6,"6'6""",78.0,75.3,"6'3""",-2.7,plays_shorter,75.3,"6'3""",-2.7,plays_shorter
2019,Zion Cousins,Howard,51896,6-8,"6'8""",80.0,78.95,"6'7""",-1.05,plays_shorter,78.95,"6'7""",-1.05,plays_shorter
2019,Celio Araujo,Maine,51914,5-10,"5'10""",70.0,74.03,"6'2""",4.03,plays_taller,74.03,"6'2""",4.03,plays_taller
2019,Jaylen Hands,UCLA,51920,6-3,"6'3""",75.0,76.47,"6'4""",1.47,plays_taller,76.47,"6'4""",1.47,plays_taller
2019,KZ Okpala,Stanford,51924,6-9,"6'9""",81.0,78.69,"6'7""",-2.31,plays_shorter,78.69,"6'7""",-2.31,plays_shorter
2019,Greg Jones,James Madison,51928,6-7,"6'7""",79.0,76.66,"6'5""",-2.34,plays_shorter,76.66,"6'5""",-2.34,plays_shorter
2019,Darius Banks,James Madison,51929,6-5,"6'5""",77.0,77.36,"6'5""",0.36,plays_at_height,77.36,"6'5""",0.36,plays_at_height
2019,Matt Lewis,James Madison,51931,6-5,"6'5""",77.0,76.49,"6'4""",-0.51,plays_at_height,76.49,"6'4""",-0.51,plays_at_height
2019,Dhamir Cosby-Roundtree,Villanova,51932,6-9,"6'9""",81.0,82.71,"6'11""",1.71,plays_taller,82.71,"6'11""",1.71,plays_taller
2019,Collin Gillespie,Villanova,51933,6-3,"6'3""",75.0,74.93,"6'3""",-0.07,plays_at_height,74.93,"6'3""",-0.07,plays_at_height
2019,Larry Owens,Northwestern St.,51934,6-8,"6'8""",80.0,78.42,"6'6""",-1.58,plays_shorter,78.42,"6'6""",-1.58,plays_shorter
2019,Ezekiel Charles,New Orleans,51936,6-4,"6'4""",76.0,77.93,"6'6""",1.93,plays_taller,77.93,"6'6""",1.93,plays_taller
2019,Ryan Allen,Delaware,51938,6-2,"6'2""",74.0,74.29,"6'2""",0.29,plays_at_height,74.29,"6'2""",0.29,plays_at_height
2019,Bruno Fernando,Maryland,51951,6-10,"6'10""",82.0,85.16,"7'1""",3.16,plays_taller,85.16,"7'1""",3.16,plays_taller
2019,Thorir Thorbjarnarson,Nebraska,51954,6-6,"6'6""",78.0,76.39,"6'4""",-1.61,plays_shorter,76.39,"6'4""",-1.61,plays_shorter
2019,Darryl Morsell,Maryland,51956,6-5,"6'5""",77.0,77.91,"6'6""",0.91,plays_taller,77.91,"6'6""",0.91,plays_taller
2019,Herbert Jones,Alabama,51990,6-7,"6'7""",79.0,79.11,"6'7""",0.11,plays_at_height,79.11,"6'7""",0.11,plays_at_height
2019,Quincy McKnight,Seton Hall,51991,6-4,"6'4""",76.0,76.9,"6'5""",0.9,plays_taller,76.9,"6'5""",0.9,plays_taller
2019,Shaq Buchanan,Murray St.,51992,6-3,"6'3""",75.0,79.11,"6'7""",4.11,plays_taller,79.11,"6'7""",4.11,plays_taller
2019,Paris Austin,California,51999,6-0,"6'0""",72.0,75.29,"6'3""",3.29,plays_taller,75.29,"6'3""",3.29,plays_taller
2019,San Antonio Brinson,NJIT,52003,6-8,"6'8""",80.0,78.94,"6'7""",-1.06,plays_shorter,78.94,"6'7""",-1.06,plays_shorter
2019,Philip Whittington,Kent St.,52013,6-8,"6'8""",80.0,81.65,"6'10""",1.65,plays_taller,81.65,"6'10""",1.65,plays_taller
2019,Jhivvan Jackson,UTSA,52023,6-0,"6'0""",72.0,74.83,"6'3""",2.83,plays_taller,74.83,"6'3""",2.83,plays_taller
2019,Ishmael El-Amin,Ball St.,52028,6-1,"6'1""",73.0,75.37,"6'3""",2.37,plays_taller,75.37,"6'3""",2.37,plays_taller
2019,Tevin Mack,Alabama,52030,6-6,"6'6""",78.0,77.53,"6'6""",-0.47,plays_at_height,77.53,"6'6""",-0.47,plays_at_height
2019,Jalyn Hinton,Jacksonville,52036,6-5,"6'5""",77.0,82.93,"6'11""",5.93,plays_taller,82.93,"6'11""",5.93,plays_taller
2019,Manny Patterson,Green Bay,52058,6-8,"6'8""",80.0,78.87,"6'7""",-1.13,plays_shorter,78.87,"6'7""",-1.13,plays_shorter
2019,Luke Loewe,William & Mary,52059,6-4,"6'4""",76.0,75.77,"6'4""",-0.23,plays_at_height,75.77,"6'4""",-0.23,plays_at_height
2019,Oscar Da Silva,Stanford,52063,6-9,"6'9""",81.0,79.9,"6'8""",-1.1,plays_shorter,79.9,"6'8""",-1.1,plays_shorter
2019,D'Shawn Schwartz,Colorado,52082,6-7,"6'7""",79.0,77.1,"6'5""",-1.9,plays_shorter,77.1,"6'5""",-1.9,plays_shorter
2019,Tyler Bey,Colorado,52083,6-7,"6'7""",79.0,84.39,"7'0""",5.39,plays_taller,84.39,"7'0""",5.39,plays_taller
2019,Ethan Thompson,Oregon St.,52084,6-5,"6'5""",77.0,77.7,"6'6""",0.7,plays_at_height,77.7,"6'6""",0.7,plays_at_height
2019,Chad Andrews-Fulton,Coppin St.,52085,6-7,"6'7""",79.0,79.21,"6'7""",0.21,plays_at_height,79.21,"6'7""",0.21,plays_at_height
2019,Alfred Hollins,Oregon St.,52087,6-6,"6'6""",78.0,77.44,"6'5""",-0.56,plays_at_height,77.44,"6'5""",-0.56,plays_at_height
2019,Marcus Santos-Silva,VCU,52088,6-7,"6'7""",79.0,82.66,"6'11""",3.66,plays_taller,82.66,"6'11""",3.66,plays_taller
2019,Jaylen Minnett,IU Indy,52089,6-1,"6'1""",73.0,74.16,"6'2""",1.16,plays_taller,74.16,"6'2""",1.16,plays_taller
2019,Kevion Nolan,Samford,52092,6-2,"6'2""",74.0,74.76,"6'3""",0.76,plays_taller,74.76,"6'3""",0.76,plays_taller
2019,Levonte Ott,Northwestern St.,52098,6-3,"6'3""",75.0,77.08,"6'5""",2.08,plays_taller,77.08,"6'5""",2.08,plays_taller
2019,C.J. Jones,Northwestern St.,52099,5-10,"5'10""",70.0,74.03,"6'2""",4.03,plays_taller,74.03,"6'2""",4.03,plays_taller
2019,Michael Flowers,Western Michigan,52110,6-1,"6'1""",73.0,75.06,"6'3""",2.06,plays_taller,75.06,"6'3""",2.06,plays_taller
2019,Cameron Johnson,North Carolina,52111,6-9,"6'9""",81.0,78.49,"6'6""",-2.51,plays_shorter,78.49,"6'6""",-2.51,plays_shorter
2019,Christian Lutete,UMass Lowell,52116,6-5,"6'5""",77.0,76.92,"6'5""",-0.08,plays_at_height,76.92,"6'5""",-0.08,plays_at_height
2019,Marreon Jackson,Toledo,52117,6-0,"6'0""",72.0,76.63,"6'5""",4.63,plays_taller,76.63,"6'5""",4.63,plays_taller
2019,Kimani Lawrence,Arizona St.,52141,6-7,"6'7""",79.0,77.32,"6'5""",-1.68,plays_shorter,77.32,"6'5""",-1.68,plays_shorter
2019,Marcus Weathers,Duquesne,52145,6-5,"6'5""",77.0,79.92,"6'8""",2.92,plays_taller,79.92,"6'8""",2.92,plays_taller
2019,Eli Scott,Loyola Marymount,52146,6-5,"6'5""",77.0,78.79,"6'7""",1.79,plays_taller,78.79,"6'7""",1.79,plays_taller
2019,Michael Weathers,Oklahoma St.,52147,6-2,"6'2""",74.0,77.65,"6'6""",3.65,plays_taller,77.65,"6'6""",3.65,plays_taller
2019,Devante Jackson,Grambling St.,52160,6-9,"6'9""",81.0,78.53,"6'7""",-2.47,plays_shorter,78.53,"6'7""",-2.47,plays_shorter
2019,Tre Gray,Texas A&M Corpus Chris,52165,6-2,"6'2""",74.0,74.97,"6'3""",0.97,plays_taller,74.97,"6'3""",0.97,plays_taller
2019,Quentin Scott,Texas St.,52167,6-7,"6'7""",79.0,77.4,"6'5""",-1.6,plays_shorter,77.4,"6'5""",-1.6,plays_shorter
2019,Malik Burnett,Troy,52171,6-2,"6'2""",74.0,74.88,"6'3""",0.88,plays_taller,74.88,"6'3""",0.88,plays_taller
2019,Justice Kithcart,Old Dominion,52173,6-1,"6'1""",73.0,74.65,"6'3""",1.65,plays_taller,74.65,"6'3""",1.65,plays_taller
2019,Javan Johnson,Troy,52175,6-7,"6'7""",79.0,77.05,"6'5""",-1.95,plays_shorter,77.05,"6'5""",-1.95,plays_shorter
2019,Cam Davis,Navy,52195,6-1,"6'1""",73.0,74.63,"6'3""",1.63,plays_taller,74.63,"6'3""",1.63,plays_taller
2019,Devin Thomas,Indiana St.,52206,6-8,"6'8""",80.0,78.1,"6'6""",-1.9,plays_shorter,78.1,"6'6""",-1.9,plays_shorter
2019,Jordan Perkins,North Carolina Central,52209,6-0,"6'0""",72.0,75.29,"6'3""",3.29,plays_taller,75.29,"6'3""",3.29,plays_taller
2019,Larry McKnight Jr.,North Carolina Central,52210,6-2,"6'2""",74.0,77.13,"6'5""",3.13,plays_taller,77.13,"6'5""",3.13,plays_taller
2019,Terrance Banyard,Arkansas Pine Bluff,52213,6-8,"6'8""",80.0,80.39,"6'8""",0.39,plays_at_height,80.39,"6'8""",0.39,plays_at_height
2019,Martaveous McKnight,Arkansas Pine Bluff,52214,6-4,"6'4""",76.0,76.71,"6'5""",0.71,plays_at_height,76.71,"6'5""",0.71,plays_at_height
2019,Cameron Posey,Arkansas Pine Bluff,52215,6-2,"6'2""",74.0,74.3,"6'2""",0.3,plays_at_height,74.3,"6'2""",0.3,plays_at_height
2019,Christian Robertson,Arkansas Pine Bluff,52217,6-4,"6'4""",76.0,75.31,"6'3""",-0.69,plays_at_height,75.31,"6'3""",-0.69,plays_at_height
2019,Tyreke Key,Indiana St.,52220,6-2,"6'2""",74.0,76.44,"6'4""",2.44,plays_taller,76.44,"6'4""",2.44,plays_taller
2019,Reggie Gardner Jr.,North Carolina Central,52221,6-2,"6'2""",74.0,74.98,"6'3""",0.98,plays_taller,74.98,"6'3""",0.98,plays_taller
2019,Quamauri Hardy,Arkansas Pine Bluff,52228,6-3,"6'3""",75.0,75.23,"6'3""",0.23,plays_at_height,75.23,"6'3""",0.23,plays_at_height
2019,Clayton Hughes,Indiana St.,52234,6-6,"6'6""",78.0,75.52,"6'4""",-2.48,plays_shorter,75.52,"6'4""",-2.48,plays_shorter
2019,Ricky Council II,UMBC,52239,6-5,"6'5""",77.0,76.23,"6'4""",-0.77,plays_shorter,76.23,"6'4""",-0.77,plays_shorter
2019,Luke Loehr,Navy,52240,6-7,"6'7""",79.0,76.77,"6'5""",-2.23,plays_shorter,76.77,"6'5""",-2.23,plays_shorter
2019,Danny Ogele,Navy,52242,6-7,"6'7""",79.0,77.67,"6'6""",-1.33,plays_shorter,77.67,"6'6""",-1.33,plays_shorter
2019,Isaiah White,Maine,52248,6-5,"6'5""",77.0,77.66,"6'6""",0.66,plays_at_height,77.66,"6'6""",0.66,plays_at_height
2019,Daniel Kinchen,SIU Edwardsville,52250,6-3,"6'3""",75.0,75.24,"6'3""",0.24,plays_at_height,75.24,"6'3""",0.24,plays_at_height
2019,Kobe Magee,UTEP,52253,6-1,"6'1""",73.0,74.34,"6'2""",1.34,plays_taller,74.34,"6'2""",1.34,plays_taller
2019,Javon Greene,George Mason,52255,6-2,"6'2""",74.0,77.93,"6'6""",3.93,plays_taller,77.93,"6'6""",3.93,plays_taller
2019,Myles Cale,Seton Hall,52258,6-6,"6'6""",78.0,76.58,"6'5""",-1.42,plays_shorter,76.58,"6'5""",-1.42,plays_shorter
2019,Elijah Olaniyi,Stony Brook,52259,6-5,"6'5""",77.0,77.96,"6'6""",0.96,plays_taller,77.96,"6'6""",0.96,plays_taller
2019,Cameron Bowles,Chicago St.,52260,6-7,"6'7""",79.0,76.75,"6'5""",-2.25,plays_shorter,76.75,"6'5""",-2.25,plays_shorter
2019,Bryce Fowler,Sacramento St.,52261,6-6,"6'6""",78.0,76.72,"6'5""",-1.28,plays_shorter,76.72,"6'5""",-1.28,plays_shorter
2019,Elvin Rodriguez,Denver,52264,6-1,"6'1""",73.0,75.08,"6'3""",2.08,plays_taller,75.08,"6'3""",2.08,plays_taller
2019,Nehemiah Mack,Manhattan,52265,6-1,"6'1""",73.0,74.7,"6'3""",1.7,plays_taller,74.7,"6'3""",1.7,plays_taller
2019,Emir Ahmedic,Oral Roberts,52267,6-8,"6'8""",80.0,79.02,"6'7""",-0.98,plays_shorter,79.02,"6'7""",-0.98,plays_shorter
2019,Zachary Simmons,North Texas,52268,6-10,"6'10""",82.0,81.84,"6'10""",-0.16,plays_at_height,81.84,"6'10""",-0.16,plays_at_height
2019,Chris Coalmon,Robert Morris,52272,6-6,"6'6""",78.0,76.38,"6'4""",-1.62,plays_shorter,76.38,"6'4""",-1.62,plays_shorter
2019,Carter Skaggs,Washington St.,52273,6-5,"6'5""",77.0,75.01,"6'3""",-1.99,plays_shorter,75.01,"6'3""",-1.99,plays_shorter
2019,Dalonte Brown,Miami OH,52275,6-7,"6'7""",79.0,78.19,"6'6""",-0.81,plays_shorter,78.19,"6'6""",-0.81,plays_shorter
2019,Dominick Pickett,UC Riverside,52276,6-3,"6'3""",75.0,75.43,"6'3""",0.43,plays_at_height,75.43,"6'3""",0.43,plays_at_height
2019,Justin Forrest,Appalachian St.,52279,6-2,"6'2""",74.0,75.16,"6'3""",1.16,plays_taller,75.16,"6'3""",1.16,plays_taller
2019,O'Showen Williams,Appalachian St.,52281,5-11,"5'11""",71.0,74.57,"6'3""",3.57,plays_taller,74.57,"6'3""",3.57,plays_taller
2019,Josh Carlton,Connecticut,52282,6-10,"6'10""",82.0,83.22,"6'11""",1.22,plays_taller,83.22,"6'11""",1.22,plays_taller
2019,Shannon Bogues,Stephen F. Austin,52284,6-3,"6'3""",75.0,75.92,"6'4""",0.92,plays_taller,75.92,"6'4""",0.92,plays_taller
2019,Nahziah Carter,Washington,52286,6-6,"6'6""",78.0,77.71,"6'6""",-0.29,plays_at_height,77.71,"6'6""",-0.29,plays_at_height
2019,Jaylen Nowell,Washington,52287,6-4,"6'4""",76.0,77.86,"6'6""",1.86,plays_taller,77.86,"6'6""",1.86,plays_taller
2019,Hameir Wright,Washington,52290,6-9,"6'9""",81.0,78.68,"6'7""",-2.32,plays_shorter,78.68,"6'7""",-2.32,plays_shorter
2019,E.J. Anosike,Sacred Heart,52294,6-8,"6'8""",80.0,79.53,"6'8""",-0.47,plays_at_height,79.53,"6'8""",-0.47,plays_at_height
2019,John Mitchell,Delaware St.,52300,6-4,"6'4""",76.0,77.55,"6'6""",1.55,plays_taller,77.55,"6'6""",1.55,plays_taller
2019,Tre Brown,Coastal Carolina,52301,6-2,"6'2""",74.0,75.27,"6'3""",1.27,plays_taller,75.27,"6'3""",1.27,plays_taller
2019,Shawntrez Davis,Bethune Cookman,52304,6-9,"6'9""",81.0,78.75,"6'7""",-2.25,plays_shorter,78.75,"6'7""",-2.25,plays_shorter
2019,Johquin Wiley,Delaware St.,52308,5-11,"5'11""",71.0,74.26,"6'2""",3.26,plays_taller,74.26,"6'2""",3.26,plays_taller
2019,Eddie Reese,Southern,52309,6-1,"6'1""",73.0,76.77,"6'5""",3.77,plays_taller,76.77,"6'5""",3.77,plays_taller
2019,Zac Cuthbertson,Coastal Carolina,52310,6-7,"6'7""",79.0,79.75,"6'8""",0.75,plays_at_height,79.75,"6'8""",0.75,plays_at_height
2019,Ajay Sanders,Coastal Carolina,52311,6-4,"6'4""",76.0,77.1,"6'5""",1.1,plays_taller,77.1,"6'5""",1.1,plays_taller
2019,Ameer Bennett,Delaware St.,52312,6-8,"6'8""",80.0,77.52,"6'6""",-2.48,plays_shorter,77.52,"6'6""",-2.48,plays_shorter
2019,Saleik Edwards,Delaware St.,52314,6-3,"6'3""",75.0,74.98,"6'3""",-0.02,plays_at_height,74.98,"6'3""",-0.02,plays_at_height
2019,Shavar Reynolds,Seton Hall,52319,6-2,"6'2""",74.0,75.5,"6'3""",1.5,plays_taller,75.5,"6'3""",1.5,plays_taller
2019,Khari Jabriel Allen,Alcorn St.,52320,6-4,"6'4""",76.0,73.88,"6'2""",-2.12,plays_shorter,73.88,"6'2""",-2.12,plays_shorter
2019,Brian Beard Jr.,FIU,52326,5-10,"5'10""",70.0,75.41,"6'3""",5.41,plays_taller,75.41,"6'3""",5.41,plays_taller
2019,Rob Shaw,Chicago St.,52329,6-0,"6'0""",72.0,74.28,"6'2""",2.28,plays_taller,74.28,"6'2""",2.28,plays_taller
2019,Carl Pierre,Massachusetts,52330,6-4,"6'4""",76.0,74.99,"6'3""",-1.01,plays_shorter,74.99,"6'3""",-1.01,plays_shorter
2019,Tyrell Gumbs-Frater,Coastal Carolina,52333,6-3,"6'3""",75.0,75.49,"6'3""",0.49,plays_at_height,75.49,"6'3""",0.49,plays_at_height
2019,Michael Ertel,Louisiana Monroe,52335,6-2,"6'2""",74.0,74.51,"6'3""",0.51,plays_at_height,74.51,"6'3""",0.51,plays_at_height
2019,Aaron Ray,Southern,52340,6-3,"6'3""",75.0,76.69,"6'5""",1.69,plays_taller,76.69,"6'5""",1.69,plays_taller
2019,Tucker Blackwell,Army,52341,6-1,"6'1""",73.0,74.23,"6'2""",1.23,plays_taller,74.23,"6'2""",1.23,plays_taller
2019,Alex King,Army,52343,6-8,"6'8""",80.0,77.0,"6'5""",-3.0,plays_shorter,77.0,"6'5""",-3.0,plays_shorter
2019,Eral Penn,LIU,52346,6-7,"6'7""",79.0,81.68,"6'10""",2.68,plays_taller,81.68,"6'10""",2.68,plays_taller
2019,David Francis,Bethune Cookman,52354,6-6,"6'6""",78.0,76.19,"6'4""",-1.81,plays_shorter,76.19,"6'4""",-1.81,plays_shorter
2019,Melik Martin,Monmouth,52356,6-6,"6'6""",78.0,76.96,"6'5""",-1.04,plays_shorter,76.96,"6'5""",-1.04,plays_shorter
2019,George Papas,Monmouth,52357,6-5,"6'5""",77.0,76.01,"6'4""",-0.99,plays_shorter,76.01,"6'4""",-0.99,plays_shorter
2019,Brandon Newman,Louisiana Monroe,52366,6-4,"6'4""",76.0,76.9,"6'5""",0.9,plays_taller,76.9,"6'5""",0.9,plays_taller
2019,Milik Gantz,North Carolina A&T,52368,6-3,"6'3""",75.0,77.37,"6'5""",2.37,plays_taller,77.37,"6'5""",2.37,plays_taller
2019,Kameron Langley,North Carolina A&T,52371,6-2,"6'2""",74.0,75.68,"6'4""",1.68,plays_taller,75.68,"6'4""",1.68,plays_taller
2019,Yauhen Massalski,San Diego,52376,6-10,"6'10""",82.0,84.13,"7'0""",2.13,plays_taller,84.13,"7'0""",2.13,plays_taller
2019,David-Lee Jones Jr.,Georgia Southern,52382,6-0,"6'0""",72.0,76.15,"6'4""",4.15,plays_taller,76.15,"6'4""",4.15,plays_taller
2019,Lonnie Grayson,Army,52389,6-0,"6'0""",72.0,75.52,"6'4""",3.52,plays_taller,75.52,"6'4""",3.52,plays_taller
2019,Jordan Allen,Rider,52494,6-4,"6'4""",76.0,75.29,"6'3""",-0.71,plays_at_height,75.29,"6'3""",-0.71,plays_at_height
2019,Darius Quisneberry,Youngstown St.,65428,6-1,"6'1""",73.0,74.94,"6'3""",1.94,plays_taller,74.94,"6'3""",1.94,plays_taller
2019,Jelani Simmons,Youngstown St.,65429,6-5,"6'5""",77.0,76.52,"6'5""",-0.48,plays_at_height,76.52,"6'5""",-0.48,plays_at_height
2019,Olamide Pedersen,Youngstown St.,65431,6-9,"6'9""",81.0,81.71,"6'10""",0.71,plays_at_height,81.71,"6'10""",0.71,plays_at_height
2019,Caleb Fuller,UC Davis,65433,6-5,"6'5""",77.0,76.87,"6'5""",-0.13,plays_at_height,76.87,"6'5""",-0.13,plays_at_height
2019,Damion Squire,UC Davis,65441,6-0,"6'0""",72.0,74.31,"6'2""",2.31,plays_taller,74.31,"6'2""",2.31,plays_taller
2019,Kihei Clark,Virginia,65442,5-9,"5'9""",69.0,74.98,"6'3""",5.98,plays_taller,74.98,"6'3""",5.98,plays_taller
2019,Robby Carmody,Notre Dame,65443,6-4,"6'4""",76.0,77.0,"6'5""",1.0,plays_taller,77.0,"6'5""",1.0,plays_taller
2019,Jules Moor,Stony Brook,65445,6-5,"6'5""",77.0,77.78,"6'6""",0.78,plays_taller,77.78,"6'6""",0.78,plays_taller
2019,Nate Laszewski,Notre Dame,65450,6-10,"6'10""",82.0,77.86,"6'6""",-4.14,plays_shorter,77.86,"6'6""",-4.14,plays_shorter
2019,Prentiss Hubb,Notre Dame,65451,6-3,"6'3""",75.0,76.21,"6'4""",1.21,plays_taller,76.21,"6'4""",1.21,plays_taller
2019,Tanner Groves,Eastern Washington,65456,6-9,"6'9""",81.0,80.52,"6'9""",-0.48,plays_at_height,80.52,"6'9""",-0.48,plays_at_height
2019,Kim Aiken Jr.,Eastern Washington,65457,6-7,"6'7""",79.0,79.8,"6'8""",0.8,plays_taller,79.8,"6'8""",0.8,plays_taller
2019,Nassir Little,North Carolina,65458,6-6,"6'6""",78.0,80.93,"6'9""",2.93,plays_taller,80.93,"6'9""",2.93,plays_taller
2019,Leaky Black,North Carolina,65459,6-7,"6'7""",79.0,78.39,"6'6""",-0.61,plays_at_height,78.39,"6'6""",-0.61,plays_at_height
2019,Losini Kamara,Idaho,65460,6-3,"6'3""",75.0,73.89,"6'2""",-1.11,plays_shorter,73.89,"6'2""",-1.11,plays_shorter
2019,Nana Opoku,Mount St. Mary's,65461,6-8,"6'8""",80.0,79.88,"6'8""",-0.12,plays_at_height,79.88,"6'8""",-0.12,plays_at_height
2019,KJ Jackson,UMBC,65462,6-2,"6'2""",74.0,77.35,"6'5""",3.35,plays_taller,77.35,"6'5""",3.35,plays_taller
2019,Angelo Allegri,UNC Greensboro,65466,6-7,"6'7""",79.0,76.31,"6'4""",-2.69,plays_shorter,76.31,"6'4""",-2.69,plays_shorter
2019,Deandre Thomas,Samford,65468,6-4,"6'4""",76.0,74.83,"6'3""",-1.17,plays_shorter,74.83,"6'3""",-1.17,plays_shorter
2019,Robert Allen,Samford,65469,6-8,"6'8""",80.0,79.93,"6'8""",-0.07,plays_at_height,79.93,"6'8""",-0.07,plays_at_height
2019,Stevan Krtinic,St. Francis NY,65471,6-5,"6'5""",77.0,75.05,"6'3""",-1.95,plays_shorter,75.05,"6'3""",-1.95,plays_shorter
2019,Klay Brown,Saint Peter's,65473,6-4,"6'4""",76.0,77.7,"6'6""",1.7,plays_taller,77.7,"6'6""",1.7,plays_taller
2019,Gabe Watson,Southern Miss,65475,6-2,"6'2""",74.0,75.76,"6'4""",1.76,plays_taller,75.76,"6'4""",1.76,plays_taller
2019,Hunter Tyson,Clemson,65479,6-8,"6'8""",80.0,76.8,"6'5""",-3.2,plays_shorter,76.8,"6'5""",-3.2,plays_shorter
2019,Montez Mathis,Rutgers,65480,6-4,"6'4""",76.0,77.21,"6'5""",1.21,plays_taller,77.21,"6'5""",1.21,plays_taller
2019,Caleb McConnell,Rutgers,65481,6-6,"6'6""",78.0,77.67,"6'6""",-0.33,plays_at_height,77.67,"6'6""",-0.33,plays_at_height
2019,Eric Hunter Jr.,Purdue,65483,6-3,"6'3""",75.0,76.34,"6'4""",1.34,plays_taller,76.34,"6'4""",1.34,plays_taller
2019,Obi Toppin,Dayton,65484,6-9,"6'9""",81.0,83.28,"6'11""",2.28,plays_taller,83.28,"6'11""",2.28,plays_taller
2019,Shaq Carter,Rutgers,65486,6-9,"6'9""",81.0,79.39,"6'7""",-1.61,plays_shorter,79.39,"6'7""",-1.61,plays_shorter
2019,M.J. Randolph,Florida A&M,65487,6-4,"6'4""",76.0,77.72,"6'6""",1.72,plays_taller,77.72,"6'6""",1.72,plays_taller
2019,Cameron Healy,Albany,65488,6-3,"6'3""",75.0,74.74,"6'3""",-0.26,plays_at_height,74.74,"6'3""",-0.26,plays_at_height
2019,George Mawanda-Kalema,Brown,65490,6-3,"6'3""",75.0,75.74,"6'4""",0.74,plays_at_height,75.74,"6'4""",0.74,plays_at_height
2019,Ignas Brazdeikis,Michigan,65491,6-7,"6'7""",79.0,78.98,"6'7""",-0.02,plays_at_height,78.98,"6'7""",-0.02,plays_at_height
2019,Ricky Lindo,Maryland,65494,6-8,"6'8""",80.0,79.89,"6'8""",-0.11,plays_at_height,79.89,"6'8""",-0.11,plays_at_height
2019,Jalen Smith,Maryland,65495,6-10,"6'10""",82.0,82.17,"6'10""",0.17,plays_at_height,82.17,"6'10""",0.17,plays_at_height
2019,Aaron Henry,Michigan St.,65497,6-6,"6'6""",78.0,78.55,"6'7""",0.55,plays_at_height,78.55,"6'7""",0.55,plays_at_height
2019,Samson Froling,Creighton,65499,7-0,"7'0""",84.0,79.58,"6'8""",-4.42,plays_shorter,79.58,"6'8""",-4.42,plays_shorter
2019,Christian Bishop,Creighton,65500,6-7,"6'7""",79.0,81.86,"6'10""",2.86,plays_taller,81.86,"6'10""",2.86,plays_taller
2019,Marcus Zegarowski,Creighton,65501,6-2,"6'2""",74.0,75.4,"6'3""",1.4,plays_taller,75.4,"6'3""",1.4,plays_taller
2019,Efe Odigie,UTEP,65504,6-9,"6'9""",81.0,80.79,"6'9""",-0.21,plays_at_height,80.79,"6'9""",-0.21,plays_at_height
2019,Paul Djoko,Northern Kentucky,65505,6-4,"6'4""",76.0,76.6,"6'5""",0.6,plays_at_height,76.6,"6'5""",0.6,plays_at_height
2019,Greg Williams Jr.,St. John's,65506,6-3,"6'3""",75.0,77.71,"6'6""",2.71,plays_taller,77.71,"6'6""",2.71,plays_taller
2019,Adrian Rodriguez,UTSA,65508,6-7,"6'7""",79.0,79.0,"6'7""",0.0,plays_at_height,79.0,"6'7""",0.0,plays_at_height
2019,Devon Baker,UNC Asheville,65509,6-2,"6'2""",74.0,74.46,"6'2""",0.46,plays_at_height,74.46,"6'2""",0.46,plays_at_height
2019,Coty Jude,UNC Asheville,65510,6-9,"6'9""",81.0,76.1,"6'4""",-4.9,plays_shorter,76.1,"6'4""",-4.9,plays_shorter
2019,Luke Lawson,UNC Asheville,65512,6-7,"6'7""",79.0,76.1,"6'4""",-2.9,plays_shorter,76.1,"6'4""",-2.9,plays_shorter
2019,Junior Ballard,Cal Poly,65513,6-3,"6'3""",75.0,75.37,"6'3""",0.37,plays_at_height,75.37,"6'3""",0.37,plays_at_height
2019,Filip Rebraca,North Dakota,65514,6-9,"6'9""",81.0,79.64,"6'8""",-1.36,plays_shorter,79.64,"6'8""",-1.36,plays_shorter
2019,Isaiah Moll,Vermont,65515,6-6,"6'6""",78.0,76.31,"6'4""",-1.69,plays_shorter,76.31,"6'4""",-1.69,plays_shorter
2019,Davon Bolton,Northern Arizona,65516,6-2,"6'2""",74.0,75.26,"6'3""",1.26,plays_taller,75.26,"6'3""",1.26,plays_taller
2019,Josh LeBlanc,Georgetown,65517,6-7,"6'7""",79.0,82.54,"6'11""",3.54,plays_taller,82.54,"6'11""",3.54,plays_taller
2019,Deante Johnson,Cleveland St.,65518,6-9,"6'9""",81.0,78.23,"6'6""",-2.77,plays_shorter,78.23,"6'6""",-2.77,plays_shorter
2019,Mac McClung,Georgetown,65519,6-2,"6'2""",74.0,76.38,"6'4""",2.38,plays_taller,76.38,"6'4""",2.38,plays_taller
2019,Adokiye Iyaye,UTSA,65521,6-3,"6'3""",75.0,75.04,"6'3""",0.04,plays_at_height,75.04,"6'3""",0.04,plays_at_height
2019,Tariq Silver,Eastern Michigan,65525,6-5,"6'5""",77.0,73.91,"6'2""",-3.09,plays_shorter,73.91,"6'2""",-3.09,plays_shorter
2019,Brandon Wade,Duquesne,65527,6-2,"6'2""",74.0,74.09,"6'2""",0.09,plays_at_height,74.09,"6'2""",0.09,plays_at_height
2019,Onyi Eyisi,Fordham,65528,6-9,"6'9""",81.0,81.23,"6'9""",0.23,plays_at_height,81.23,"6'9""",0.23,plays_at_height
2019,Aljaz Kunc,Washington St.,65529,6-8,"6'8""",80.0,77.61,"6'6""",-2.39,plays_shorter,77.61,"6'6""",-2.39,plays_shorter
2019,Joey Hauser,Marquette,65530,6-9,"6'9""",81.0,76.29,"6'4""",-4.71,plays_shorter,76.29,"6'4""",-4.71,plays_shorter
2019,CJ Elleby,Washington St.,65531,6-6,"6'6""",78.0,78.84,"6'7""",0.84,plays_taller,78.84,"6'7""",0.84,plays_taller
2019,Mezie Offurum,George Washington,65534,6-6,"6'6""",78.0,76.08,"6'4""",-1.92,plays_shorter,76.08,"6'4""",-1.92,plays_shorter
2019,Riley Grigsby,Seattle,65536,6-6,"6'6""",78.0,78.17,"6'6""",0.17,plays_at_height,78.17,"6'6""",0.17,plays_at_height
2019,Uche Dibiamaka,UT Rio Grande Valley,65540,6-3,"6'3""",75.0,75.31,"6'3""",0.31,plays_at_height,75.31,"6'3""",0.31,plays_at_height
2019,Jermaine Harris,Rhode Island,65541,6-8,"6'8""",80.0,78.18,"6'6""",-1.82,plays_shorter,78.18,"6'6""",-1.82,plays_shorter
2019,Luke Frampton,Davidson,65542,6-5,"6'5""",77.0,75.33,"6'3""",-1.67,plays_shorter,75.33,"6'3""",-1.67,plays_shorter
2019,David Azore,UT Arlington,65543,6-4,"6'4""",76.0,77.0,"6'5""",1.0,plays_taller,77.0,"6'5""",1.0,plays_taller
2019,Andre Ball,Pepperdine,65544,6-7,"6'7""",79.0,77.42,"6'5""",-1.58,plays_shorter,77.42,"6'5""",-1.58,plays_shorter
2019,Cassius Smits-Francisco,Idaho,65545,6-9,"6'9""",81.0,79.08,"6'7""",-1.92,plays_shorter,79.08,"6'7""",-1.92,plays_shorter
2019,Jared Rodriguez,Idaho,65546,6-8,"6'8""",80.0,78.41,"6'6""",-1.59,plays_shorter,78.41,"6'6""",-1.59,plays_shorter
2019,Aaron Wheeler,Purdue,65547,6-9,"6'9""",81.0,80.32,"6'8""",-0.68,plays_at_height,80.32,"6'8""",-0.68,plays_at_height
2019,Josiah Strong,Navy,65550,6-2,"6'2""",74.0,73.7,"6'2""",-0.3,plays_at_height,73.7,"6'2""",-0.3,plays_at_height
2019,Donovann Toatley,Chattanooga,65554,5-9,"5'9""",69.0,74.2,"6'2""",5.2,plays_taller,74.2,"6'2""",5.2,plays_taller
2019,Keigan Kerby,Chattanooga,65555,6-7,"6'7""",79.0,78.11,"6'6""",-0.89,plays_shorter,78.11,"6'6""",-0.89,plays_shorter
2019,Kevin Easley,Chattanooga,65556,6-6,"6'6""",78.0,78.15,"6'6""",0.15,plays_at_height,78.15,"6'6""",0.15,plays_at_height
2019,James Bridges,Sacramento St.,65557,6-5,"6'5""",77.0,75.58,"6'4""",-1.42,plays_shorter,75.58,"6'4""",-1.42,plays_shorter
2019,Maurice Commander,Chattanooga,65558,6-0,"6'0""",72.0,74.61,"6'3""",2.61,plays_taller,74.61,"6'3""",2.61,plays_taller
2019,Junior Farquhar,Middle Tennessee,65562,6-2,"6'2""",74.0,74.88,"6'3""",0.88,plays_taller,74.88,"6'3""",0.88,plays_taller
2019,Kyler Edwards,Texas Tech,65563,6-3,"6'3""",75.0,76.08,"6'4""",1.08,plays_taller,76.08,"6'4""",1.08,plays_taller
2019,Jose Perez,Gardner Webb,65566,6-5,"6'5""",77.0,77.49,"6'5""",0.49,plays_at_height,77.49,"6'5""",0.49,plays_at_height
2019,Zay Williams,Troy,65570,6-8,"6'8""",80.0,80.95,"6'9""",0.95,plays_taller,80.95,"6'9""",0.95,plays_taller
2019,Drue Drinnon,New Mexico,65572,6-0,"6'0""",72.0,74.89,"6'3""",2.89,plays_taller,74.89,"6'3""",2.89,plays_taller
2019,Daylen Kountz,Colorado,65577,6-4,"6'4""",76.0,76.5,"6'5""",0.5,plays_at_height,76.5,"6'5""",0.5,plays_at_height
2019,Immanuel Quickley,Kentucky,65578,6-3,"6'3""",75.0,76.63,"6'5""",1.63,plays_taller,76.63,"6'5""",1.63,plays_taller
2019,Devon Dotson,Kansas,65579,6-2,"6'2""",74.0,77.18,"6'5""",3.18,plays_taller,77.18,"6'5""",3.18,plays_taller
2019,Quentin Grimes,Kansas,65580,6-5,"6'5""",77.0,76.1,"6'4""",-0.9,plays_shorter,76.1,"6'4""",-0.9,plays_shorter
2019,David McCormack,Kansas,65583,6-10,"6'10""",82.0,80.89,"6'9""",-1.11,plays_shorter,80.89,"6'9""",-1.11,plays_shorter
2019,Jamal Bieniemy,Oklahoma,65584,6-4,"6'4""",76.0,75.44,"6'3""",-0.56,plays_at_height,75.44,"6'3""",-0.56,plays_at_height
2019,Isaac Likekele,Oklahoma St.,65586,6-4,"6'4""",76.0,78.01,"6'6""",2.01,plays_taller,78.01,"6'6""",2.01,plays_taller
2019,Maurice Calloo,Oklahoma St.,65587,6-9,"6'9""",81.0,76.02,"6'4""",-4.98,plays_shorter,76.02,"6'4""",-4.98,plays_shorter
2019,Duncan Demuth,Oklahoma St.,65588,6-8,"6'8""",80.0,75.99,"6'4""",-4.01,plays_shorter,75.99,"6'4""",-4.01,plays_shorter
2019,Kendric Davis,TCU,65589,5-11,"5'11""",71.0,75.24,"6'3""",4.24,plays_taller,75.24,"6'3""",4.24,plays_taller
2019,Kaden Archie,TCU,65590,6-6,"6'6""",78.0,76.64,"6'5""",-1.36,plays_shorter,76.64,"6'5""",-1.36,plays_shorter
2019,Adam Seiko,San Diego St.,65593,6-3,"6'3""",75.0,75.03,"6'3""",0.03,plays_at_height,75.03,"6'3""",0.03,plays_at_height
2019,Carte'Are Gordon,Saint Louis,65594,6-9,"6'9""",81.0,80.2,"6'8""",-0.8,plays_shorter,80.2,"6'8""",-0.8,plays_shorter
2019,Iran Bennett,Marshall,65595,6-9,"6'9""",81.0,79.42,"6'7""",-1.58,plays_shorter,79.42,"6'7""",-1.58,plays_shorter
2019,Taevion Kinsey,Marshall,65596,6-5,"6'5""",77.0,80.21,"6'8""",3.21,plays_taller,80.21,"6'8""",3.21,plays_taller
2019,Sloan Seymour,Siena,65599,6-9,"6'9""",81.0,72.97,"6'1""",-8.03,plays_shorter,72.97,"6'1""",-8.03,plays_shorter
2019,Cory Hightower,Presbyterian,65600,6-7,"6'7""",79.0,79.09,"6'7""",0.09,plays_at_height,79.09,"6'7""",0.09,plays_at_height
2019,Chris Martin,Presbyterian,65602,6-0,"6'0""",72.0,76.2,"6'4""",4.2,plays_taller,76.2,"6'4""",4.2,plays_taller
2019,Cress Worthy,UNC Asheville,65604,6-2,"6'2""",74.0,76.27,"6'4""",2.27,plays_taller,76.27,"6'4""",2.27,plays_taller
2019,Cooper Kaifes,Loyola Chicago,65606,6-3,"6'3""",75.0,75.29,"6'3""",0.29,plays_at_height,75.29,"6'3""",0.29,plays_at_height
2019,Cam Burrell,Eastern Illinois,65608,6-7,"6'7""",79.0,80.56,"6'9""",1.56,plays_taller,80.56,"6'9""",1.56,plays_taller
2019,Robin Duncan,Vermont,65609,6-5,"6'5""",77.0,76.52,"6'5""",-0.48,plays_at_height,76.52,"6'5""",-0.48,plays_at_height
2019,Ryan Davis,Vermont,65610,6-8,"6'8""",80.0,76.94,"6'5""",-3.06,plays_shorter,76.94,"6'5""",-3.06,plays_shorter
2019,Benjamin Stanley,Hampton,65612,6-6,"6'6""",78.0,79.59,"6'8""",1.59,plays_taller,79.59,"6'8""",1.59,plays_taller
2019,Morgan Taylor,Incarnate Word,65615,6-3,"6'3""",75.0,75.6,"6'4""",0.6,plays_at_height,75.6,"6'4""",0.6,plays_at_height
2019,Jamel Allen,UMKC,65617,6-7,"6'7""",79.0,78.7,"6'7""",-0.3,plays_at_height,78.7,"6'7""",-0.3,plays_at_height
2019,Yuat Alok,TCU,65618,6-11,"6'11""",83.0,76.82,"6'5""",-6.18,plays_shorter,76.82,"6'5""",-6.18,plays_shorter
2019,Kaosi Ezeagu,UTEP,65619,6-10,"6'10""",82.0,81.43,"6'9""",-0.57,plays_at_height,81.43,"6'9""",-0.57,plays_at_height
2019,Luke Avdalovic,Northern Arizona,65622,6-4,"6'4""",76.0,74.04,"6'2""",-1.96,plays_shorter,74.04,"6'2""",-1.96,plays_shorter
2019,Nik Mains,Northern Arizona,65623,6-8,"6'8""",80.0,77.3,"6'5""",-2.7,plays_shorter,77.3,"6'5""",-2.7,plays_shorter
2019,Nick Guadarrama,New Hampshire,65625,6-5,"6'5""",77.0,78.5,"6'7""",1.5,plays_taller,78.5,"6'7""",1.5,plays_taller
2019,Jayden Martinez,New Hampshire,65626,6-7,"6'7""",79.0,78.84,"6'7""",-0.16,plays_at_height,78.84,"6'7""",-0.16,plays_at_height
2019,Jack Clark,La Salle,65627,6-8,"6'8""",80.0,76.94,"6'5""",-3.06,plays_shorter,76.94,"6'5""",-3.06,plays_shorter
2019,Ed Croswell,La Salle,65628,6-8,"6'8""",80.0,82.2,"6'10""",2.2,plays_taller,82.2,"6'10""",2.2,plays_taller
2019,Jared Kimbrough,La Salle,65629,6-8,"6'8""",80.0,80.37,"6'8""",0.37,plays_at_height,80.37,"6'8""",0.37,plays_at_height
2019,Jahvon Quinerly,Villanova,65630,6-1,"6'1""",73.0,74.15,"6'2""",1.15,plays_taller,74.15,"6'2""",1.15,plays_taller
2019,Coby White,North Carolina,65631,6-5,"6'5""",77.0,77.06,"6'5""",0.06,plays_at_height,77.06,"6'5""",0.06,plays_at_height
2019,Hunter Vick,Tennessee Tech,65632,6-4,"6'4""",76.0,75.33,"6'3""",-0.67,plays_at_height,75.33,"6'3""",-0.67,plays_at_height
2019,Daivien Williamson,East Tennessee St.,65635,6-2,"6'2""",74.0,74.89,"6'3""",0.89,plays_taller,74.89,"6'3""",0.89,plays_taller
2019,Mike Bothwell,Furman,65636,6-3,"6'3""",75.0,76.38,"6'4""",1.38,plays_taller,76.38,"6'4""",1.38,plays_taller
2019,Isaiah Poor Bear-Chandler,Wichita St.,65638,6-9,"6'9""",81.0,78.67,"6'7""",-2.33,plays_shorter,78.67,"6'7""",-2.33,plays_shorter
2019,Tyreese Davis,Jacksonville,65645,6-6,"6'6""",78.0,77.61,"6'6""",-0.39,plays_at_height,77.61,"6'6""",-0.39,plays_at_height
2019,Mason Harrell,Texas St.,65649,5-9,"5'9""",69.0,75.27,"6'3""",6.27,plays_taller,75.27,"6'3""",6.27,plays_taller
2019,Jacobi Gordon,California,65650,6-7,"6'7""",79.0,77.09,"6'5""",-1.91,plays_shorter,77.09,"6'5""",-1.91,plays_shorter
2019,Connor Vanover,California,65651,7-3,"7'3""",87.0,80.48,"6'8""",-6.52,plays_shorter,80.48,"6'8""",-6.52,plays_shorter
2019,Andre Kelly,California,65654,6-8,"6'8""",80.0,79.11,"6'7""",-0.89,plays_shorter,79.11,"6'7""",-0.89,plays_shorter
2019,Matt Bradley,California,65655,6-4,"6'4""",76.0,76.85,"6'5""",0.85,plays_taller,76.85,"6'5""",0.85,plays_taller
2019,Rashun Williams,South Florida,65656,6-6,"6'6""",78.0,76.1,"6'4""",-1.9,plays_shorter,76.1,"6'4""",-1.9,plays_shorter
2019,CJ White,SMU,65657,6-5,"6'5""",77.0,75.26,"6'3""",-1.74,plays_shorter,75.26,"6'3""",-1.74,plays_shorter
2019,Feron Hunt,SMU,65658,6-8,"6'8""",80.0,81.31,"6'9""",1.31,plays_taller,81.31,"6'9""",1.31,plays_taller
2019,Talen Horton-Tucker,Iowa St.,65661,6-4,"6'4""",76.0,78.41,"6'6""",2.41,plays_taller,78.41,"6'6""",2.41,plays_taller
2019,George Conditt IV,Iowa St.,65662,6-10,"6'10""",82.0,83.09,"6'11""",1.09,plays_taller,83.09,"6'11""",1.09,plays_taller
2019,Tyrese Haliburton,Iowa St.,65663,6-5,"6'5""",77.0,78.2,"6'6""",1.2,plays_taller,78.2,"6'6""",1.2,plays_taller
2019,Connor Crabtree,Tulane,65665,6-6,"6'6""",78.0,76.14,"6'4""",-1.86,plays_shorter,76.14,"6'4""",-1.86,plays_shorter
2019,Moses Wood,Tulane,65666,6-8,"6'8""",80.0,77.04,"6'5""",-2.96,plays_shorter,77.04,"6'5""",-2.96,plays_shorter
2019,Kevin Zhang,Tulane,65667,6-9,"6'9""",81.0,76.61,"6'5""",-4.39,plays_shorter,76.61,"6'5""",-4.39,plays_shorter
2019,Jamarius Burton,Wichita St.,65668,6-4,"6'4""",76.0,76.93,"6'5""",0.93,plays_taller,76.93,"6'5""",0.93,plays_taller
2019,Dexter Dennis,Wichita St.,65669,6-5,"6'5""",77.0,78.4,"6'6""",1.4,plays_taller,78.4,"6'6""",1.4,plays_taller
2019,Tavin Lovan,UAB,65670,6-4,"6'4""",76.0,79.08,"6'7""",3.08,plays_taller,79.08,"6'7""",3.08,plays_taller
2019,Payton Moore,Rice,65672,6-4,"6'4""",76.0,76.82,"6'5""",0.82,plays_taller,76.82,"6'5""",0.82,plays_taller
2019,Drew Peterson,Rice,65674,6-8,"6'8""",80.0,76.68,"6'5""",-3.32,plays_shorter,76.68,"6'5""",-3.32,plays_shorter
2019,Trey Murphy III,Rice,65675,6-7,"6'7""",79.0,77.52,"6'6""",-1.48,plays_shorter,77.52,"6'6""",-1.48,plays_shorter
2019,Quentin Millora-Brown,Rice,65676,6-9,"6'9""",81.0,81.15,"6'9""",0.15,plays_at_height,81.15,"6'9""",0.15,plays_at_height
2019,Chris Mullins,Rice,65677,6-3,"6'3""",75.0,75.67,"6'4""",0.67,plays_at_height,75.67,"6'4""",0.67,plays_at_height
2019,Andres Feliz,Illinois,65679,6-2,"6'2""",74.0,76.05,"6'4""",2.05,plays_taller,76.05,"6'4""",2.05,plays_taller
2019,Antwuan Butler,Austin Peay,65681,6-0,"6'0""",72.0,74.68,"6'3""",2.68,plays_taller,74.68,"6'3""",2.68,plays_taller
2019,De'Avion Washington,Indiana St.,65682,6-3,"6'3""",75.0,76.27,"6'4""",1.27,plays_taller,76.27,"6'4""",1.27,plays_taller
2019,Rey Idowu,Illinois St.,65683,6-9,"6'9""",81.0,78.66,"6'7""",-2.34,plays_shorter,78.66,"6'7""",-2.34,plays_shorter
2019,Isaiah Bujdoso,Loyola Chicago,65684,6-3,"6'3""",75.0,75.37,"6'3""",0.37,plays_at_height,75.37,"6'3""",0.37,plays_at_height
2019,Mason Forbes,Harvard,65686,6-8,"6'8""",80.0,77.9,"6'6""",-2.1,plays_shorter,77.9,"6'6""",-2.1,plays_shorter
2019,Sekou Toure,UC Santa Barbara,65687,6-5,"6'5""",77.0,79.63,"6'8""",2.63,plays_taller,79.63,"6'8""",2.63,plays_taller
2019,Mark Gordon,Bethune Cookman,65688,6-5,"6'5""",77.0,76.34,"6'4""",-0.66,plays_at_height,76.34,"6'4""",-0.66,plays_at_height
2019,Xavier Johnson,Pittsburgh,65690,6-3,"6'3""",75.0,77.21,"6'5""",2.21,plays_taller,77.21,"6'5""",2.21,plays_taller
2019,Donatas Kupsas,Weber St.,65691,6-8,"6'8""",80.0,75.63,"6'4""",-4.37,plays_shorter,75.63,"6'4""",-4.37,plays_shorter
2019,Trevion Williams,Purdue,65692,6-9,"6'9""",81.0,82.96,"6'11""",1.96,plays_taller,82.96,"6'11""",1.96,plays_taller
2019,Jordan Henderson,Canisius,65693,6-4,"6'4""",76.0,76.21,"6'4""",0.21,plays_at_height,76.21,"6'4""",0.21,plays_at_height
2019,Tyrone Nesby IV,Wagner,65695,6-5,"6'5""",77.0,74.95,"6'3""",-2.05,plays_shorter,74.95,"6'3""",-2.05,plays_shorter
2019,RJ Williams,Boise St.,65700,6-7,"6'7""",79.0,80.8,"6'9""",1.8,plays_taller,80.8,"6'9""",1.8,plays_taller
2019,Jason Preston,Ohio,65701,6-3,"6'3""",75.0,75.13,"6'3""",0.13,plays_at_height,75.13,"6'3""",0.13,plays_at_height
2019,Solomon Uyaelunmo,Towson,65702,6-7,"6'7""",79.0,78.25,"6'6""",-0.75,plays_shorter,78.25,"6'6""",-0.75,plays_shorter
2019,Quinn Blair,William & Mary,65703,6-6,"6'6""",78.0,76.15,"6'4""",-1.85,plays_shorter,76.15,"6'4""",-1.85,plays_shorter
2019,Chase Audige,William & Mary,65704,6-4,"6'4""",76.0,78.04,"6'6""",2.04,plays_taller,78.04,"6'6""",2.04,plays_taller
2019,L.J. Owens,William & Mary,65705,6-3,"6'3""",75.0,75.44,"6'3""",0.44,plays_at_height,75.44,"6'3""",0.44,plays_at_height
2019,Thornton Scott,William & Mary,65706,6-5,"6'5""",77.0,73.85,"6'2""",-3.15,plays_shorter,73.85,"6'2""",-3.15,plays_shorter
2019,Jakigh Dottin,Towson,65708,6-2,"6'2""",74.0,75.19,"6'3""",1.19,plays_taller,75.19,"6'3""",1.19,plays_taller
2019,Allen Betrand,Towson,65709,6-4,"6'4""",76.0,75.53,"6'4""",-0.47,plays_at_height,75.53,"6'4""",-0.47,plays_at_height
2019,Darrin Person Jr.,Cal St. Bakersfield,65712,6-7,"6'7""",79.0,78.19,"6'6""",-0.81,plays_shorter,78.19,"6'6""",-0.81,plays_shorter
2019,Isaiah Wilkins,Virginia Tech,65716,6-3,"6'3""",75.0,76.78,"6'5""",1.78,plays_taller,76.78,"6'5""",1.78,plays_taller
2019,Jalen Carey,Syracuse,65718,6-3,"6'3""",75.0,77.01,"6'5""",2.01,plays_taller,77.01,"6'5""",2.01,plays_taller
2019,Marque Maultsby,New Hampshire,65719,6-3,"6'3""",75.0,75.04,"6'3""",0.04,plays_at_height,75.04,"6'3""",0.04,plays_at_height
2019,Raiquan Gray,Florida St.,65720,6-8,"6'8""",80.0,78.25,"6'6""",-1.75,plays_shorter,78.25,"6'6""",-1.75,plays_shorter
2019,Dallas Watson,Saint Peter's,65721,6-4,"6'4""",76.0,74.89,"6'3""",-1.11,plays_shorter,74.89,"6'3""",-1.11,plays_shorter
2019,Deshawn Corprew,Texas Tech,65725,6-5,"6'5""",77.0,79.55,"6'8""",2.55,plays_taller,79.55,"6'8""",2.55,plays_taller
2019,Francis Okoro,Oregon,65726,6-9,"6'9""",81.0,80.24,"6'8""",-0.76,plays_shorter,80.24,"6'8""",-0.76,plays_shorter
2019,Bryce Hamilton,UNLV,65727,6-4,"6'4""",76.0,76.04,"6'4""",0.04,plays_at_height,76.04,"6'4""",0.04,plays_at_height
2019,Collin Welp,UC Irvine,65728,6-9,"6'9""",81.0,77.87,"6'6""",-3.13,plays_shorter,77.87,"6'6""",-3.13,plays_shorter
2019,Zach Chappell,San Jose St.,65730,6-3,"6'3""",75.0,74.39,"6'2""",-0.61,plays_at_height,74.39,"6'2""",-0.61,plays_at_height
2019,Miles Norris,Oregon,65731,6-10,"6'10""",82.0,79.1,"6'7""",-2.9,plays_shorter,79.1,"6'7""",-2.9,plays_shorter
2019,Seneca Knight,San Jose St.,65733,6-6,"6'6""",78.0,74.7,"6'3""",-3.3,plays_shorter,74.7,"6'3""",-3.3,plays_shorter
2019,Brandon Knapper,West Virginia,65734,6-0,"6'0""",72.0,74.79,"6'3""",2.79,plays_taller,74.79,"6'3""",2.79,plays_taller
2019,Maizen Fausett,Southern Utah,65736,6-6,"6'6""",78.0,79.07,"6'7""",1.07,plays_taller,79.07,"6'7""",1.07,plays_taller
2019,Malachi De Sousa,Albany,65737,6-6,"6'6""",78.0,79.1,"6'7""",1.1,plays_taller,79.1,"6'7""",1.1,plays_taller
2019,Caleb Nero,Weber St.,65738,6-2,"6'2""",74.0,74.18,"6'2""",0.18,plays_at_height,74.18,"6'2""",0.18,plays_at_height
2019,Israel Barnes,Weber St.,65739,6-4,"6'4""",76.0,75.83,"6'4""",-0.17,plays_at_height,75.83,"6'4""",-0.17,plays_at_height
2019,Antonio Rizzuto,Albany,65741,6-3,"6'3""",75.0,75.35,"6'3""",0.35,plays_at_height,75.35,"6'3""",0.35,plays_at_height
2019,Ricky Torres,Wichita St.,65742,6-2,"6'2""",74.0,75.47,"6'3""",1.47,plays_taller,75.47,"6'3""",1.47,plays_taller
2019,Erik Stevenson,Wichita St.,65743,6-3,"6'3""",75.0,77.32,"6'5""",2.32,plays_taller,77.32,"6'5""",2.32,plays_taller
2019,Morris Udeze,Wichita St.,65744,6-8,"6'8""",80.0,79.84,"6'8""",-0.16,plays_at_height,79.84,"6'8""",-0.16,plays_at_height
2019,Jaime Echenique,Wichita St.,65745,6-11,"6'11""",83.0,83.12,"6'11""",0.12,plays_at_height,83.12,"6'11""",0.12,plays_at_height
2019,Jalen Crutchfield,Stetson,65746,6-4,"6'4""",76.0,74.09,"6'2""",-1.91,plays_shorter,74.09,"6'2""",-1.91,plays_shorter
2019,Sharone Wright Jr.,Wake Forest,65748,6-5,"6'5""",77.0,75.82,"6'4""",-1.18,plays_shorter,75.82,"6'4""",-1.18,plays_shorter
2019,Jaylen Hoard,Wake Forest,65749,6-8,"6'8""",80.0,79.98,"6'8""",-0.02,plays_at_height,79.98,"6'8""",-0.02,plays_at_height
2019,Madiaw Niang,Florida Atlantic,65750,6-9,"6'9""",81.0,77.1,"6'5""",-3.9,plays_shorter,77.1,"6'5""",-3.9,plays_shorter
2019,Jairus Hamilton,Boston College,65753,6-8,"6'8""",80.0,77.45,"6'5""",-2.55,plays_shorter,77.45,"6'5""",-2.55,plays_shorter
2019,Caleb Catto,Florida Gulf Coast,65754,6-5,"6'5""",77.0,75.65,"6'4""",-1.35,plays_shorter,75.65,"6'4""",-1.35,plays_shorter
2019,Zach Scott,Florida Gulf Coast,65755,6-4,"6'4""",76.0,75.47,"6'3""",-0.53,plays_at_height,75.47,"6'3""",-0.53,plays_at_height
2019,Danny Lewis,Kennesaw St.,65756,6-4,"6'4""",76.0,73.44,"6'1""",-2.56,plays_shorter,73.44,"6'1""",-2.56,plays_shorter
2019,Liam Robbins,Drake,65759,7-0,"7'0""",84.0,81.07,"6'9""",-2.93,plays_shorter,81.07,"6'9""",-2.93,plays_shorter
2019,Jawaun Newton,Evansville,65760,6-3,"6'3""",75.0,76.02,"6'4""",1.02,plays_taller,76.02,"6'4""",1.02,plays_taller
2019,Shamar Givance,Evansville,65761,5-10,"5'10""",70.0,75.58,"6'4""",5.58,plays_taller,75.58,"6'4""",5.58,plays_taller
2019,Logan Dye,Samford,65763,6-8,"6'8""",80.0,78.33,"6'6""",-1.67,plays_shorter,78.33,"6'6""",-1.67,plays_shorter
2019,Jordan Lathon,UTEP,65766,6-4,"6'4""",76.0,77.44,"6'5""",1.44,plays_taller,77.44,"6'5""",1.44,plays_taller
2019,DJ Funderburk,N.C. State,65767,6-10,"6'10""",82.0,81.43,"6'9""",-0.57,plays_at_height,81.43,"6'9""",-0.57,plays_at_height
2019,Coletrane Washington,Drexel,65769,6-4,"6'4""",76.0,73.3,"6'1""",-2.7,plays_shorter,73.3,"6'1""",-2.7,plays_shorter
2019,Ithiel Horton,Delaware,65770,6-3,"6'3""",75.0,75.67,"6'4""",0.67,plays_at_height,75.67,"6'4""",0.67,plays_at_height
2019,Matey Juric,Drexel,65773,5-11,"5'11""",71.0,74.89,"6'3""",3.89,plays_taller,74.89,"6'3""",3.89,plays_taller
2019,Camren Wynter,Drexel,65774,6-2,"6'2""",74.0,75.25,"6'3""",1.25,plays_taller,75.25,"6'3""",1.25,plays_taller
2019,Spencer Freedman,Harvard,65775,6-0,"6'0""",72.0,72.08,"6'0""",0.08,plays_at_height,72.08,"6'0""",0.08,plays_at_height
2019,Kale Catchings,Harvard,65776,6-6,"6'6""",78.0,77.53,"6'6""",-0.47,plays_at_height,77.53,"6'6""",-0.47,plays_at_height
2019,Jay Nagle,UC Santa Barbara,65777,6-8,"6'8""",80.0,75.97,"6'4""",-4.03,plays_shorter,75.97,"6'4""",-4.03,plays_shorter
2019,Amadou Sow,UC Santa Barbara,65778,6-9,"6'9""",81.0,80.83,"6'9""",-0.17,plays_at_height,80.83,"6'9""",-0.17,plays_at_height
2019,Souleymane Diakite,NJIT,65779,6-9,"6'9""",81.0,81.4,"6'9""",0.4,plays_at_height,81.4,"6'9""",0.4,plays_at_height
2019,KJELL De Graaf,NJIT,65781,6-10,"6'10""",82.0,76.3,"6'4""",-5.7,plays_shorter,76.3,"6'4""",-5.7,plays_shorter
2019,Isaiah Burnett,Navy,65782,6-5,"6'5""",77.0,75.52,"6'4""",-1.48,plays_shorter,75.52,"6'4""",-1.48,plays_shorter
2019,Cantavio Dutreil,North Alabama,65783,6-7,"6'7""",79.0,81.06,"6'9""",2.06,plays_taller,81.06,"6'9""",2.06,plays_taller
2019,Aleksa Matic,North Alabama,65784,6-4,"6'4""",76.0,73.54,"6'2""",-2.46,plays_shorter,73.54,"6'2""",-2.46,plays_shorter
2019,Ahsan Asadullah,Lipscomb,65785,6-9,"6'9""",81.0,80.51,"6'9""",-0.49,plays_at_height,80.51,"6'9""",-0.49,plays_at_height
2019,Cameron Parker,Sacred Heart,65786,6-2,"6'2""",74.0,75.37,"6'3""",1.37,plays_taller,75.37,"6'3""",1.37,plays_taller
2019,Aaron Clarke,Sacred Heart,65789,6-1,"6'1""",73.0,73.96,"6'2""",0.96,plays_taller,73.96,"6'2""",0.96,plays_taller
2019,Cameron Wilbon,Robert Morris,65790,6-5,"6'5""",77.0,76.84,"6'5""",-0.16,plays_at_height,76.84,"6'5""",-0.16,plays_at_height
2019,Koreem Ozier,Sacred Heart,65792,6-1,"6'1""",73.0,75.28,"6'3""",2.28,plays_taller,75.28,"6'3""",2.28,plays_taller
2019,Myles Thompson,Saint Francis,65794,6-6,"6'6""",78.0,77.68,"6'6""",-0.32,plays_at_height,77.68,"6'6""",-0.32,plays_at_height
2019,Marquise Mosley,Cal Baptist,65796,5-9,"5'9""",69.0,73.97,"6'2""",4.97,plays_taller,73.97,"6'2""",4.97,plays_taller
2019,Zac Watson,UC Riverside,65798,6-7,"6'7""",79.0,78.62,"6'7""",-0.38,plays_at_height,78.62,"6'7""",-0.38,plays_at_height
2019,DJ McDonald,UC Riverside,65799,5-11,"5'11""",71.0,73.14,"6'1""",2.14,plays_taller,73.14,"6'1""",2.14,plays_taller
2019,Charles Bassey,Western Kentucky,65800,6-11,"6'11""",83.0,84.54,"7'1""",1.54,plays_taller,84.54,"7'1""",1.54,plays_taller
2019,Callum McRae,UC Riverside,65802,7-1,"7'1""",85.0,78.9,"6'7""",-6.1,plays_shorter,78.9,"6'7""",-6.1,plays_shorter
2019,Dalano Banton,Western Kentucky,65803,6-8,"6'8""",80.0,79.14,"6'7""",-0.86,plays_shorter,79.14,"6'7""",-0.86,plays_shorter
2019,Mitchell Seraille,Stephen F. Austin,65805,6-8,"6'8""",80.0,81.35,"6'9""",1.35,plays_taller,81.35,"6'9""",1.35,plays_taller
2019,Oddyst Walker,Stephen F. Austin,65806,6-2,"6'2""",74.0,75.09,"6'3""",1.09,plays_taller,75.09,"6'3""",1.09,plays_taller
2019,Jalon Clark,Texas A&M Corpus Chris,65807,6-6,"6'6""",78.0,76.5,"6'5""",-1.5,plays_shorter,76.5,"6'5""",-1.5,plays_shorter
2019,Jock Hughes,Stephen F. Austin,65808,6-3,"6'3""",75.0,75.31,"6'3""",0.31,plays_at_height,75.31,"6'3""",0.31,plays_at_height
2019,Caden Sanchez,High Point,65809,6-8,"6'8""",80.0,78.75,"6'7""",-1.25,plays_shorter,78.75,"6'7""",-1.25,plays_shorter
2019,Zach Copeland,Illinois St.,65812,6-4,"6'4""",76.0,74.62,"6'3""",-1.38,plays_shorter,74.62,"6'3""",-1.38,plays_shorter
2019,Austin Smellie,Idaho St.,65813,6-5,"6'5""",77.0,74.91,"6'3""",-2.09,plays_shorter,74.91,"6'3""",-2.09,plays_shorter
2019,Alperen Kurnaz,Denver,65818,6-8,"6'8""",80.0,76.42,"6'4""",-3.58,plays_shorter,76.42,"6'4""",-3.58,plays_shorter
2019,Adam Lulka,Albany,65821,6-8,"6'8""",80.0,78.59,"6'7""",-1.41,plays_shorter,78.59,"6'7""",-1.41,plays_shorter
2019,Ethan Wright,Princeton,65822,6-3,"6'3""",75.0,76.22,"6'4""",1.22,plays_taller,76.22,"6'4""",1.22,plays_taller
2019,Jaelin Llewellyn,Princeton,65824,6-2,"6'2""",74.0,75.52,"6'4""",1.52,plays_taller,75.52,"6'4""",1.52,plays_taller
2019,Max Johns,Princeton,65826,6-3,"6'3""",75.0,75.2,"6'3""",0.2,plays_at_height,75.2,"6'3""",0.2,plays_at_height
2019,Isaac Chatman,Campbell,65833,6-6,"6'6""",78.0,77.96,"6'6""",-0.04,plays_at_height,77.96,"6'6""",-0.04,plays_at_height
2019,Michael Forrest,Florida Atlantic,65836,6-0,"6'0""",72.0,74.82,"6'3""",2.82,plays_taller,74.82,"6'3""",2.82,plays_taller
2019,Kevaughn Ellis,Florida Atlantic,65837,6-4,"6'4""",76.0,76.08,"6'4""",0.08,plays_at_height,76.08,"6'4""",0.08,plays_at_height
2019,Antonio Daye,FIU,65838,6-1,"6'1""",73.0,74.9,"6'3""",1.9,plays_taller,74.9,"6'3""",1.9,plays_taller
2019,Isaiah Mucius,Wake Forest,65841,6-8,"6'8""",80.0,77.0,"6'5""",-3.0,plays_shorter,77.0,"6'5""",-3.0,plays_shorter
2019,Brent Hank,Albany,65844,6-10,"6'10""",82.0,78.57,"6'7""",-3.43,plays_shorter,78.57,"6'7""",-3.43,plays_shorter
2019,Jonathan Norfleet,Wagner,65845,6-1,"6'1""",73.0,74.42,"6'2""",1.42,plays_taller,74.42,"6'2""",1.42,plays_taller
2019,Cam Reddish,Duke,65846,6-8,"6'8""",80.0,76.71,"6'5""",-3.29,plays_shorter,76.71,"6'5""",-3.29,plays_shorter
2019,Zion Williamson,Duke,65847,6-7,"6'7""",79.0,85.22,"7'1""",6.22,plays_taller,85.22,"7'1""",6.22,plays_taller
2019,John Newman III,Clemson,65849,6-5,"6'5""",77.0,77.2,"6'5""",0.2,plays_at_height,77.2,"6'5""",0.2,plays_at_height
2019,Wynston Tabbs,Boston College,65852,6-2,"6'2""",74.0,76.6,"6'5""",2.6,plays_taller,76.6,"6'5""",2.6,plays_taller
2019,Chris Herren Jr.,Boston College,65853,6-3,"6'3""",75.0,74.55,"6'3""",-0.45,plays_at_height,74.55,"6'3""",-0.45,plays_at_height
2019,R.J. Barrett,Duke,65854,6-7,"6'7""",79.0,80.05,"6'8""",1.05,plays_taller,80.05,"6'8""",1.05,plays_taller
2019,Tre Jones,Duke,65855,6-2,"6'2""",74.0,75.7,"6'4""",1.7,plays_taller,75.7,"6'4""",1.7,plays_taller
2019,Nathan Mensah,San Diego St.,65856,6-10,"6'10""",82.0,82.44,"6'10""",0.44,plays_at_height,82.44,"6'10""",0.44,plays_at_height
2019,Bol Bol,Oregon,65857,7-2,"7'2""",86.0,84.31,"7'0""",-1.69,plays_shorter,84.31,"7'0""",-1.69,plays_shorter
2019,Will Richardson,Oregon,65858,6-5,"6'5""",77.0,77.13,"6'5""",0.13,plays_at_height,77.13,"6'5""",0.13,plays_at_height
2019,Christian Anigwe,San Jose St.,65861,6-9,"6'9""",81.0,79.08,"6'7""",-1.92,plays_shorter,79.08,"6'7""",-1.92,plays_shorter
2019,Louis King,Oregon,65862,6-9,"6'9""",81.0,77.29,"6'5""",-3.71,plays_shorter,77.29,"6'5""",-3.71,plays_shorter
2019,Alonzo Sule,Texas St.,65864,6-7,"6'7""",79.0,80.53,"6'9""",1.53,plays_taller,80.53,"6'9""",1.53,plays_taller
2019,Ja'Shon Henry,Bradley,65865,6-6,"6'6""",78.0,79.61,"6'8""",1.61,plays_taller,79.61,"6'8""",1.61,plays_taller
2019,Darius McGhee,Liberty,65866,5-9,"5'9""",69.0,76.38,"6'4""",7.38,plays_taller,76.38,"6'4""",7.38,plays_taller
2019,Rasir Bolton,Penn St.,65867,6-2,"6'2""",74.0,75.7,"6'4""",1.7,plays_taller,75.7,"6'4""",1.7,plays_taller
2019,Eli Parquet,Colorado,65870,6-3,"6'3""",75.0,76.59,"6'5""",1.59,plays_taller,76.59,"6'5""",1.59,plays_taller
2019,Samuel Chaput,Monmouth,65871,6-0,"6'0""",72.0,74.36,"6'2""",2.36,plays_taller,74.36,"6'2""",2.36,plays_taller
2019,Nikkei Rutty,Monmouth,65872,6-8,"6'8""",80.0,77.9,"6'6""",-2.1,plays_shorter,77.9,"6'6""",-2.1,plays_shorter
2019,Raheem Solomon,Niagara,65873,6-2,"6'2""",74.0,74.75,"6'3""",0.75,plays_taller,74.75,"6'3""",0.75,plays_taller
2019,Marcus Hammond,Niagara,65874,6-1,"6'1""",73.0,74.43,"6'2""",1.43,plays_taller,74.43,"6'2""",1.43,plays_taller
2019,Ajiri Johnson,Rider,65877,6-8,"6'8""",80.0,80.13,"6'8""",0.13,plays_at_height,80.13,"6'8""",0.13,plays_at_height
2019,Jalen Pickett,Siena,65879,6-4,"6'4""",76.0,77.93,"6'6""",1.93,plays_taller,77.93,"6'6""",1.93,plays_taller
2019,Glenn Morison,Cal Baptist,65881,6-10,"6'10""",82.0,79.02,"6'7""",-2.98,plays_shorter,79.02,"6'7""",-2.98,plays_shorter
2019,Anthony Mack,Miami FL,65882,6-6,"6'6""",78.0,74.95,"6'3""",-3.05,plays_shorter,74.95,"6'3""",-3.05,plays_shorter
2019,Justin Bean,Utah St.,65883,6-7,"6'7""",79.0,80.58,"6'9""",1.58,plays_taller,80.58,"6'9""",1.58,plays_taller
2019,Cole Swider,Villanova,65888,6-9,"6'9""",81.0,75.84,"6'4""",-5.16,plays_shorter,75.84,"6'4""",-5.16,plays_shorter
2019,Saddiq Bey,Villanova,65889,6-8,"6'8""",80.0,78.76,"6'7""",-1.24,plays_shorter,78.76,"6'7""",-1.24,plays_shorter
2019,Romeo Langford,Indiana,65891,6-6,"6'6""",78.0,78.46,"6'6""",0.46,plays_at_height,78.46,"6'6""",0.46,plays_at_height
2019,Rob Phinisee,Indiana,65893,6-1,"6'1""",73.0,76.01,"6'4""",3.01,plays_taller,76.01,"6'4""",3.01,plays_taller
2019,Dragan Elkaz,UC Riverside,65894,6-5,"6'5""",77.0,73.78,"6'2""",-3.22,plays_shorter,73.78,"6'2""",-3.22,plays_shorter
2019,Damezi Anderson,Indiana,65895,6-7,"6'7""",79.0,74.56,"6'3""",-4.44,plays_shorter,74.56,"6'3""",-4.44,plays_shorter
2019,Tuukka Jaakkola,Cal Poly,65896,6-10,"6'10""",82.0,78.48,"6'6""",-3.52,plays_shorter,78.48,"6'6""",-3.52,plays_shorter
2019,Tim Finke,Grand Canyon,65899,6-6,"6'6""",78.0,77.32,"6'5""",-0.68,plays_at_height,77.32,"6'5""",-0.68,plays_at_height
2019,Kai Toews,UNC Wilmington,65900,6-2,"6'2""",74.0,74.35,"6'2""",0.35,plays_at_height,74.35,"6'2""",0.35,plays_at_height
2019,Deshon Parker,James Madison,65902,6-3,"6'3""",75.0,74.73,"6'3""",-0.27,plays_at_height,74.73,"6'3""",-0.27,plays_at_height
2019,Warren Williams,Manhattan,65903,6-9,"6'9""",81.0,81.08,"6'9""",0.08,plays_at_height,81.08,"6'9""",0.08,plays_at_height
2019,Andrija Ristanovic,Iona,65904,6-11,"6'11""",83.0,78.59,"6'7""",-4.41,plays_shorter,78.59,"6'7""",-4.41,plays_shorter
2019,Taurus Samuels,Dartmouth,65905,6-0,"6'0""",72.0,74.75,"6'3""",2.75,plays_taller,74.75,"6'3""",2.75,plays_taller
2019,Robert Woodard,Mississippi St.,65906,6-7,"6'7""",79.0,80.17,"6'8""",1.17,plays_taller,80.17,"6'8""",1.17,plays_taller
2019,Markquis Nowell,Little Rock,65907,5-8,"5'8""",68.0,74.76,"6'3""",6.76,plays_taller,74.76,"6'3""",6.76,plays_taller
2019,Kamani Johnson,Little Rock,65908,6-8,"6'8""",80.0,80.42,"6'8""",0.42,plays_at_height,80.42,"6'8""",0.42,plays_at_height
2019,Kobe Wilson,Arkansas St.,65910,6-2,"6'2""",74.0,73.22,"6'1""",-0.78,plays_shorter,73.22,"6'1""",-0.78,plays_shorter
2019,Adrian Delph,Appalachian St.,65911,6-3,"6'3""",75.0,76.83,"6'5""",1.83,plays_taller,76.83,"6'5""",1.83,plays_taller
2019,Ben Pyle,Western Illinois,65913,6-7,"6'7""",79.0,74.99,"6'3""",-4.01,plays_shorter,74.99,"6'3""",-4.01,plays_shorter
2019,Reggie Perry,Mississippi St.,65915,6-10,"6'10""",82.0,81.24,"6'9""",-0.76,plays_shorter,81.24,"6'9""",-0.76,plays_shorter
2019,Amari Kelly,Duquesne,65918,6-9,"6'9""",81.0,78.95,"6'7""",-2.05,plays_shorter,78.95,"6'7""",-2.05,plays_shorter
2019,Sidney Wilson,Connecticut,65922,6-7,"6'7""",79.0,78.17,"6'6""",-0.83,plays_shorter,78.17,"6'6""",-0.83,plays_shorter
2019,Tyler Harris,Memphis,65923,5-9,"5'9""",69.0,74.77,"6'3""",5.77,plays_taller,74.77,"6'3""",5.77,plays_taller
2019,Alex Lomax,Memphis,65924,5-10,"5'10""",70.0,76.06,"6'4""",6.06,plays_taller,76.06,"6'4""",6.06,plays_taller
2019,Antwann Jones,Memphis,65925,6-6,"6'6""",78.0,78.15,"6'6""",0.15,plays_at_height,78.15,"6'6""",0.15,plays_at_height
2019,Xavier Castaneda,South Florida,65929,6-1,"6'1""",73.0,74.73,"6'3""",1.73,plays_taller,74.73,"6'3""",1.73,plays_taller
2019,Michael Durr,South Florida,65930,7-0,"7'0""",84.0,82.55,"6'11""",-1.45,plays_shorter,82.55,"6'11""",-1.45,plays_shorter
2019,Jabari Rice,New Mexico St.,65933,6-4,"6'4""",76.0,78.46,"6'6""",2.46,plays_taller,78.46,"6'6""",2.46,plays_taller
2019,Kylor Kelley,Oregon St.,65934,7-0,"7'0""",84.0,84.62,"7'1""",0.62,plays_at_height,84.62,"7'1""",0.62,plays_at_height
2019,Jaiden Delaire,Stanford,65937,6-9,"6'9""",81.0,77.26,"6'5""",-3.74,plays_shorter,77.26,"6'5""",-3.74,plays_shorter
2019,Cormac Ryan,Stanford,65941,6-5,"6'5""",77.0,75.09,"6'3""",-1.91,plays_shorter,75.09,"6'3""",-1.91,plays_shorter
2019,Caleb Fields,Bowling Green,65947,6-2,"6'2""",74.0,74.61,"6'3""",0.61,plays_at_height,74.61,"6'3""",0.61,plays_at_height
2019,Brandon Porter,Wyoming,65948,6-8,"6'8""",80.0,75.04,"6'3""",-4.96,plays_shorter,75.04,"6'3""",-4.96,plays_shorter
2019,Trevon Taylor,Wyoming,65949,6-6,"6'6""",78.0,76.91,"6'5""",-1.09,plays_shorter,76.91,"6'5""",-1.09,plays_shorter
2019,Connor Harding,BYU,65952,6-6,"6'6""",78.0,77.21,"6'5""",-0.79,plays_shorter,77.21,"6'5""",-0.79,plays_shorter
2019,AJ Green,Northern Iowa,65953,6-4,"6'4""",76.0,74.95,"6'3""",-1.05,plays_shorter,74.95,"6'3""",-1.05,plays_shorter
2019,Luke Nedrow,Marist,65956,6-7,"6'7""",79.0,76.92,"6'5""",-2.08,plays_shorter,76.92,"6'5""",-2.08,plays_shorter
2019,Matthew Herasme,Marist,65957,6-3,"6'3""",75.0,76.72,"6'5""",1.72,plays_taller,76.72,"6'5""",1.72,plays_taller
2019,Darius Hines,Marist,65958,5-11,"5'11""",71.0,74.08,"6'2""",3.08,plays_taller,74.08,"6'2""",3.08,plays_taller
2019,Samir Stewart,Manhattan,65959,6-0,"6'0""",72.0,73.85,"6'2""",1.85,plays_taller,73.85,"6'2""",1.85,plays_taller
2019,Christian Hinckson,Manhattan,65961,6-7,"6'7""",79.0,77.66,"6'6""",-1.34,plays_shorter,77.66,"6'6""",-1.34,plays_shorter
2019,Elijah Buchanan,Manhattan,65962,6-5,"6'5""",77.0,75.62,"6'4""",-1.38,plays_shorter,75.62,"6'4""",-1.38,plays_shorter
2019,Ochai Agbaji,Kansas,65963,6-5,"6'5""",77.0,78.54,"6'7""",1.54,plays_taller,78.54,"6'7""",1.54,plays_taller
2019,Joey Calcaterra,San Diego,65964,6-3,"6'3""",75.0,75.01,"6'3""",0.01,plays_at_height,75.01,"6'3""",0.01,plays_at_height
2019,Hugh Hogland,Portland,65966,6-10,"6'10""",82.0,78.71,"6'7""",-3.29,plays_shorter,78.71,"6'7""",-3.29,plays_shorter
2019,Jamari Blackmon,North Alabama,65969,6-0,"6'0""",72.0,75.07,"6'3""",3.07,plays_taller,75.07,"6'3""",3.07,plays_taller
2019,Juan Munoz,Longwood,65970,5-11,"5'11""",71.0,73.96,"6'2""",2.96,plays_taller,73.96,"6'2""",2.96,plays_taller
2019,Jeenathan Williams,Buffalo,65971,6-5,"6'5""",77.0,77.72,"6'6""",0.72,plays_at_height,77.72,"6'6""",0.72,plays_at_height
2019,Nevin Zink,USC Upstate,65972,6-9,"6'9""",81.0,78.77,"6'7""",-2.23,plays_shorter,78.77,"6'7""",-2.23,plays_shorter
2019,Ronaldo Segu,Buffalo,65974,6-0,"6'0""",72.0,74.64,"6'3""",2.64,plays_taller,74.64,"6'3""",2.64,plays_taller
2019,Brandon Martin,USC Upstate,65975,6-5,"6'5""",77.0,77.66,"6'6""",0.66,plays_at_height,77.66,"6'6""",0.66,plays_at_height
2019,Bryson Mozone,USC Upstate,65976,6-6,"6'6""",78.0,75.44,"6'3""",-2.56,plays_shorter,75.44,"6'3""",-2.56,plays_shorter
2019,Ross Ryan,USC Upstate,65977,6-9,"6'9""",81.0,77.7,"6'6""",-3.3,plays_shorter,77.7,"6'6""",-3.3,plays_shorter
2019,Nick Muszynski,Belmont,65978,6-11,"6'11""",83.0,82.52,"6'11""",-0.48,plays_at_height,82.52,"6'11""",-0.48,plays_at_height
2019,Alanzo Frink,South Carolina,65982,6-6,"6'6""",78.0,78.1,"6'6""",0.1,plays_at_height,78.1,"6'6""",0.1,plays_at_height
2019,Keyshawn Bryant,South Carolina,65983,6-6,"6'6""",78.0,78.7,"6'7""",0.7,plays_at_height,78.7,"6'7""",0.7,plays_at_height
2019,Jaylen Sims,UNC Wilmington,65985,6-6,"6'6""",78.0,77.39,"6'5""",-0.61,plays_at_height,77.39,"6'5""",-0.61,plays_at_height
2019,Joe Bryant Jr.,Norfolk St.,65991,6-1,"6'1""",73.0,75.97,"6'4""",2.97,plays_taller,75.97,"6'4""",2.97,plays_taller
2019,Jahmel Myers,New Orleans,65992,6-7,"6'7""",79.0,78.02,"6'6""",-0.98,plays_shorter,78.02,"6'6""",-0.98,plays_shorter
2019,Amari Haynes,New Orleans,65993,6-8,"6'8""",80.0,77.59,"6'6""",-2.41,plays_shorter,77.59,"6'6""",-2.41,plays_shorter
2019,Tyron Brewer,Southeastern Louisiana,65997,6-7,"6'7""",79.0,79.11,"6'7""",0.11,plays_at_height,79.11,"6'7""",0.11,plays_at_height
2019,Aanen Moody,North Dakota,66001,6-3,"6'3""",75.0,74.78,"6'3""",-0.22,plays_at_height,74.78,"6'3""",-0.22,plays_at_height
2019,Francis Lacis,Oral Roberts,66002,6-7,"6'7""",79.0,76.81,"6'5""",-2.19,plays_shorter,76.81,"6'5""",-2.19,plays_shorter
2019,David Pierce,Coastal Carolina,66003,6-3,"6'3""",75.0,75.32,"6'3""",0.32,plays_at_height,75.32,"6'3""",0.32,plays_at_height
2019,David Kralj,Coastal Carolina,66004,6-4,"6'4""",76.0,74.39,"6'2""",-1.61,plays_shorter,74.39,"6'2""",-1.61,plays_shorter
2019,Devante Jones,Coastal Carolina,66006,6-1,"6'1""",73.0,75.78,"6'4""",2.78,plays_taller,75.78,"6'4""",2.78,plays_taller
2019,Lamine Diane,Cal St. Northridge,66007,6-7,"6'7""",79.0,83.86,"7'0""",4.86,plays_taller,83.86,"7'0""",4.86,plays_taller
2019,EJ Montgomery,Kentucky,66008,6-10,"6'10""",82.0,82.79,"6'11""",0.79,plays_taller,82.79,"6'11""",0.79,plays_taller
2019,Blake Hinson,Mississippi,66010,6-7,"6'7""",79.0,76.29,"6'4""",-2.71,plays_shorter,76.29,"6'4""",-2.71,plays_shorter
2019,KJ Buffen,Mississippi,66011,6-7,"6'7""",79.0,79.37,"6'7""",0.37,plays_at_height,79.37,"6'7""",0.37,plays_at_height
2019,Tykei Greene,Manhattan,66013,6-4,"6'4""",76.0,76.61,"6'5""",0.61,plays_at_height,76.61,"6'5""",0.61,plays_at_height
2019,Brendan Adams,Connecticut,66015,6-4,"6'4""",76.0,75.13,"6'3""",-0.87,plays_shorter,75.13,"6'3""",-0.87,plays_shorter
2019,Aguir Agau,Fresno St.,66019,6-7,"6'7""",79.0,78.08,"6'6""",-0.92,plays_shorter,78.08,"6'6""",-0.92,plays_shorter
2019,Josh Alexander,American,66021,6-8,"6'8""",80.0,77.15,"6'5""",-2.85,plays_shorter,77.15,"6'5""",-2.85,plays_shorter
2019,Joel Ntambwe,UNLV,66024,6-9,"6'9""",81.0,78.18,"6'6""",-2.82,plays_shorter,78.18,"6'6""",-2.82,plays_shorter
2019,Jonathan Tchamwa Tchatchoua,UNLV,66025,6-8,"6'8""",80.0,80.55,"6'9""",0.55,plays_at_height,80.55,"6'9""",0.55,plays_at_height
2019,Fred Thatch Jr.,Saint Louis,66026,6-3,"6'3""",75.0,77.45,"6'5""",2.45,plays_taller,77.45,"6'5""",2.45,plays_taller
2019,Antoine Vernon,Oregon St.,66027,6-0,"6'0""",72.0,74.17,"6'2""",2.17,plays_taller,74.17,"6'2""",2.17,plays_taller
2019,Malik Riddle,Morehead St.,66029,6-4,"6'4""",76.0,76.79,"6'5""",0.79,plays_taller,76.79,"6'5""",0.79,plays_taller
2019,Javon Freeman-Liberty,Valparaiso,66031,6-3,"6'3""",75.0,78.04,"6'6""",3.04,plays_taller,78.04,"6'6""",3.04,plays_taller
2019,Jahbril Price-Noel,Pacific,66033,6-7,"6'7""",79.0,75.07,"6'3""",-3.93,plays_shorter,75.07,"6'3""",-3.93,plays_shorter
2019,Ajare Sanni,Pacific,66034,6-2,"6'2""",74.0,74.35,"6'2""",0.35,plays_at_height,74.35,"6'2""",0.35,plays_at_height
2019,Filip Petrusev,Gonzaga,66035,6-11,"6'11""",83.0,80.15,"6'8""",-2.85,plays_shorter,80.15,"6'8""",-2.85,plays_shorter
2019,Darryl Polk Jr.,Pepperdine,66036,5-9,"5'9""",69.0,75.0,"6'3""",6.0,plays_taller,75.0,"6'3""",6.0,plays_taller
2019,A.J. Reeves,Providence,66037,6-6,"6'6""",78.0,76.96,"6'5""",-1.04,plays_shorter,76.96,"6'5""",-1.04,plays_shorter
2019,Jimmy Nichols Jr.,Providence,66038,6-8,"6'8""",80.0,80.77,"6'9""",0.77,plays_taller,80.77,"6'9""",0.77,plays_taller
2019,DeShaun Wade,East Carolina,66039,6-2,"6'2""",74.0,74.34,"6'2""",0.34,plays_at_height,74.34,"6'2""",0.34,plays_at_height
2019,David Duke,Providence,66040,6-5,"6'5""",77.0,76.62,"6'5""",-0.38,plays_at_height,76.62,"6'5""",-0.38,plays_at_height
2019,Ian Krishnan,Central Connecticut,66041,6-2,"6'2""",74.0,74.22,"6'2""",0.22,plays_at_height,74.22,"6'2""",0.22,plays_at_height
2019,Joe Kasperzyk,Bryant,66043,6-1,"6'1""",73.0,76.07,"6'4""",3.07,plays_taller,76.07,"6'4""",3.07,plays_taller
2019,Patrick Harding,Bryant,66044,6-9,"6'9""",81.0,78.77,"6'7""",-2.23,plays_shorter,78.77,"6'7""",-2.23,plays_shorter
2019,Jack Hansen,IU Indy,66047,6-7,"6'7""",79.0,75.82,"6'4""",-3.18,plays_shorter,75.82,"6'4""",-3.18,plays_shorter
2019,Dibaji Walker,Cleveland St.,66050,6-7,"6'7""",79.0,76.19,"6'4""",-2.81,plays_shorter,76.19,"6'4""",-2.81,plays_shorter
2019,Jayden Gardner,East Carolina,66051,6-6,"6'6""",78.0,79.48,"6'7""",1.48,plays_taller,79.48,"6'7""",1.48,plays_taller
2019,Gavin Baxter,BYU,66052,6-9,"6'9""",81.0,81.68,"6'10""",0.68,plays_at_height,81.68,"6'10""",0.68,plays_at_height
2019,Dave Morris,Tennessee St.,66053,6-1,"6'1""",73.0,75.46,"6'3""",2.46,plays_taller,75.46,"6'3""",2.46,plays_taller
2019,Everette Hammond,USC Upstate,66054,6-2,"6'2""",74.0,74.65,"6'3""",0.65,plays_at_height,74.65,"6'3""",0.65,plays_at_height
2019,Ibn Williams,Coppin St.,66055,5-11,"5'11""",71.0,73.85,"6'2""",2.85,plays_taller,73.85,"6'2""",2.85,plays_taller
2019,Tolu Smith,Western Kentucky,66056,6-10,"6'10""",82.0,80.13,"6'8""",-1.87,plays_shorter,80.13,"6'8""",-1.87,plays_shorter
2019,Trevelin Queen,New Mexico St.,66057,6-5,"6'5""",77.0,81.04,"6'9""",4.04,plays_taller,81.04,"6'9""",4.04,plays_taller
2019,Brendan Medley-Bacon,Coppin St.,66058,7-0,"7'0""",84.0,80.13,"6'8""",-3.87,plays_shorter,80.13,"6'8""",-3.87,plays_shorter
2019,Justin Steers,Coppin St.,66059,6-6,"6'6""",78.0,81.13,"6'9""",3.13,plays_taller,81.13,"6'9""",3.13,plays_taller
2019,Nigel Marshall,Coppin St.,66060,6-5,"6'5""",77.0,76.35,"6'4""",-0.65,plays_at_height,76.35,"6'4""",-0.65,plays_at_height
2019,A.J. Lawson,South Carolina,66063,6-6,"6'6""",78.0,77.21,"6'5""",-0.79,plays_shorter,77.21,"6'5""",-0.79,plays_shorter
2019,Xavier Pinson,Missouri,66064,6-2,"6'2""",74.0,75.92,"6'4""",1.92,plays_taller,75.92,"6'4""",1.92,plays_taller
2019,Torrence Watson,Missouri,66065,6-5,"6'5""",77.0,75.25,"6'3""",-1.75,plays_shorter,75.25,"6'3""",-1.75,plays_shorter
2019,Emmitt Williams,LSU,66068,6-6,"6'6""",78.0,81.47,"6'9""",3.47,plays_taller,81.47,"6'9""",3.47,plays_taller
2019,Darius Days,LSU,66069,6-6,"6'6""",78.0,80.23,"6'8""",2.23,plays_taller,80.23,"6'8""",2.23,plays_taller
2019,Kamaka Hepa,Texas,66070,6-9,"6'9""",81.0,77.58,"6'6""",-3.42,plays_shorter,77.58,"6'6""",-3.42,plays_shorter
2019,Rashawn Fredericks,Cincinnati,66071,6-5,"6'5""",77.0,78.83,"6'7""",1.83,plays_taller,78.83,"6'7""",1.83,plays_taller
2019,KJ Williams,Murray St.,66072,6-9,"6'9""",81.0,81.15,"6'9""",0.15,plays_at_height,81.15,"6'9""",0.15,plays_at_height
2019,Dalin Williams,Northwestern St.,66076,6-8,"6'8""",80.0,77.47,"6'5""",-2.53,plays_shorter,77.47,"6'5""",-2.53,plays_shorter
2019,Austin Richie,Northern Illinois,66079,6-6,"6'6""",78.0,75.67,"6'4""",-2.33,plays_shorter,75.67,"6'4""",-2.33,plays_shorter
2019,JD Williams,Louisiana Monroe,66088,6-4,"6'4""",76.0,77.72,"6'6""",1.72,plays_taller,77.72,"6'6""",1.72,plays_taller
2019,Jacob Boonyasith,American,66089,6-3,"6'3""",75.0,75.07,"6'3""",0.07,plays_at_height,75.07,"6'3""",0.07,plays_at_height
2019,Grehlon Easter,Lamar,66090,6-3,"6'3""",75.0,74.16,"6'2""",-0.84,plays_shorter,74.16,"6'2""",-0.84,plays_shorter
2019,Ashton Hagans,Kentucky,66091,6-3,"6'3""",75.0,76.99,"6'5""",1.99,plays_taller,76.99,"6'5""",1.99,plays_taller
2019,Keldon Johnson,Kentucky,66092,6-6,"6'6""",78.0,78.58,"6'7""",0.58,plays_at_height,78.58,"6'7""",0.58,plays_at_height
2019,Tye Fagan,Georgia,66095,6-3,"6'3""",75.0,76.87,"6'5""",1.87,plays_taller,76.87,"6'5""",1.87,plays_taller
2019,Noah Locke,Florida,66096,6-3,"6'3""",75.0,74.41,"6'2""",-0.59,plays_at_height,74.41,"6'2""",-0.59,plays_at_height
2019,Keyontae Johnson,Florida,66097,6-5,"6'5""",77.0,80.61,"6'9""",3.61,plays_taller,80.61,"6'9""",3.61,plays_taller
2019,Andrew Nembhard,Florida,66098,6-5,"6'5""",77.0,75.12,"6'3""",-1.88,plays_shorter,75.12,"6'3""",-1.88,plays_shorter
2019,Tyrone Lyons,North Carolina A&T,66099,6-6,"6'6""",78.0,77.82,"6'6""",-0.18,plays_at_height,77.82,"6'6""",-0.18,plays_at_height
2019,Trace Young,Wyoming,66100,6-9,"6'9""",81.0,76.85,"6'5""",-4.15,plays_shorter,76.85,"6'5""",-4.15,plays_shorter
2019,Casmir Ochiaka,Loyola MD,66101,6-8,"6'8""",80.0,79.85,"6'8""",-0.15,plays_at_height,79.85,"6'8""",-0.15,plays_at_height
2019,Christian Agnew,North Alabama,66103,6-2,"6'2""",74.0,75.25,"6'3""",1.25,plays_taller,75.25,"6'3""",1.25,plays_taller
2019,Brady Heiman,Nebraska,66104,6-11,"6'11""",83.0,80.21,"6'8""",-2.79,plays_shorter,80.21,"6'8""",-2.79,plays_shorter
2019,Ryan Greer,Northwestern,66105,6-2,"6'2""",74.0,74.94,"6'3""",0.94,plays_taller,74.94,"6'3""",0.94,plays_taller
2019,Gabe Kalscheur,Minnesota,66107,6-4,"6'4""",76.0,74.96,"6'3""",-1.04,plays_shorter,74.96,"6'3""",-1.04,plays_shorter
2019,Daniel Oturu,Minnesota,66110,6-10,"6'10""",82.0,82.56,"6'11""",0.56,plays_at_height,82.56,"6'11""",0.56,plays_at_height
2019,Amir Harris,Nebraska,66111,6-6,"6'6""",78.0,79.39,"6'7""",1.39,plays_taller,79.39,"6'7""",1.39,plays_taller
2019,Flo Thamba,Baylor,66112,6-10,"6'10""",82.0,81.55,"6'10""",-0.45,plays_at_height,81.55,"6'10""",-0.45,plays_at_height
2019,Jared Butler,Baylor,66113,6-3,"6'3""",75.0,75.4,"6'3""",0.4,plays_at_height,75.4,"6'3""",0.4,plays_at_height
2019,Osun Osunniyi,St. Bonaventure,66114,6-10,"6'10""",82.0,85.1,"7'1""",3.1,plays_taller,85.1,"7'1""",3.1,plays_taller
2019,Vince Williams,VCU,66115,6-6,"6'6""",78.0,79.97,"6'8""",1.97,plays_taller,79.97,"6'8""",1.97,plays_taller
2019,P.J. Byrd,VCU,66116,6-1,"6'1""",73.0,74.54,"6'3""",1.54,plays_taller,74.54,"6'3""",1.54,plays_taller
2019,Darius Beane,Southern Illinois,66117,6-3,"6'3""",75.0,77.52,"6'6""",2.52,plays_taller,77.52,"6'6""",2.52,plays_taller
2019,Jomaru Brown,Eastern Kentucky,66120,6-2,"6'2""",74.0,76.52,"6'5""",2.52,plays_taller,76.52,"6'5""",2.52,plays_taller
2019,Tre King,Eastern Kentucky,66121,6-8,"6'8""",80.0,79.08,"6'7""",-0.92,plays_shorter,79.08,"6'7""",-0.92,plays_shorter
2019,Houston King,Eastern Kentucky,66122,6-4,"6'4""",76.0,74.47,"6'2""",-1.53,plays_shorter,74.47,"6'2""",-1.53,plays_shorter
2019,Maros Zeliznak,Jacksonville St.,66123,6-11,"6'11""",83.0,77.73,"6'6""",-5.27,plays_shorter,77.73,"6'6""",-5.27,plays_shorter
2019,Tauriawn Knight,Utah St.,66124,6-1,"6'1""",73.0,75.63,"6'4""",2.63,plays_taller,75.63,"6'4""",2.63,plays_taller
2019,Cameron Tyson,Idaho,66125,6-3,"6'3""",75.0,73.79,"6'2""",-1.21,plays_shorter,73.79,"6'2""",-1.21,plays_shorter
2019,Khadim Samb,Idaho,66126,6-6,"6'6""",78.0,76.59,"6'5""",-1.41,plays_shorter,76.59,"6'5""",-1.41,plays_shorter
2019,RayQuawndis Mitchell,Idaho,66128,6-4,"6'4""",76.0,73.68,"6'2""",-2.32,plays_shorter,73.68,"6'2""",-2.32,plays_shorter
2019,Victor Ohia Obioha,Pepperdine,66132,6-9,"6'9""",81.0,81.5,"6'10""",0.5,plays_at_height,81.5,"6'10""",0.5,plays_at_height
2019,Gus Okafor,Longwood,66136,6-6,"6'6""",78.0,76.89,"6'5""",-1.11,plays_shorter,76.89,"6'5""",-1.11,plays_shorter
2019,Ludovic Dufeal,Gardner Webb,66138,6-8,"6'8""",80.0,79.38,"6'7""",-0.62,plays_at_height,79.38,"6'7""",-0.62,plays_at_height
2019,Curtis Holland III,High Point,66140,6-2,"6'2""",74.0,75.24,"6'3""",1.24,plays_taller,75.24,"6'3""",1.24,plays_taller
2019,Rob Peterson III,High Point,66141,6-4,"6'4""",76.0,76.72,"6'5""",0.72,plays_at_height,76.72,"6'5""",0.72,plays_at_height
2019,LJ Thorpe,UNC Asheville,66143,6-5,"6'5""",77.0,75.6,"6'4""",-1.4,plays_shorter,75.6,"6'4""",-1.4,plays_shorter
2019,Trevon Faulkner,Northern Kentucky,66144,6-4,"6'4""",76.0,77.67,"6'6""",1.67,plays_taller,77.67,"6'6""",1.67,plays_taller
2019,Adrian Nelson,Northern Kentucky,66145,6-6,"6'6""",78.0,79.08,"6'7""",1.08,plays_taller,79.08,"6'7""",1.08,plays_taller
2019,Braden Norris,Oakland,66146,5-11,"5'11""",71.0,74.21,"6'2""",3.21,plays_taller,74.21,"6'2""",3.21,plays_taller
2019,Bryant Mocaby,Northern Kentucky,66147,6-5,"6'5""",77.0,73.14,"6'1""",-3.86,plays_shorter,73.14,"6'1""",-3.86,plays_shorter
2019,Nick Honor,Fordham,66148,5-10,"5'10""",70.0,74.2,"6'2""",4.2,plays_taller,74.2,"6'2""",4.2,plays_taller
2019,Harrison Butler,Southern Utah,66149,6-5,"6'5""",77.0,79.82,"6'8""",2.82,plays_taller,79.82,"6'8""",2.82,plays_taller
2019,Serrel Smith Jr.,Maryland,66150,6-4,"6'4""",76.0,74.33,"6'2""",-1.67,plays_shorter,74.33,"6'2""",-1.67,plays_shorter
2019,Sasha Stefanovic,Purdue,66152,6-4,"6'4""",76.0,74.61,"6'3""",-1.39,plays_shorter,74.61,"6'3""",-1.39,plays_shorter
2019,Austin Rotroff,Duquesne,66153,6-10,"6'10""",82.0,78.82,"6'7""",-3.18,plays_shorter,78.82,"6'7""",-3.18,plays_shorter
2019,Jared Sherfield,Tennessee Tech,66155,6-5,"6'5""",77.0,76.79,"6'5""",-0.21,plays_at_height,76.79,"6'5""",-0.21,plays_at_height
2019,Marlon Taylor,LSU,66157,6-5,"6'5""",77.0,79.4,"6'7""",2.4,plays_taller,79.4,"6'7""",2.4,plays_taller
2019,Jaylin Andrews,Loyola MD,66159,6-4,"6'4""",76.0,76.59,"6'5""",0.59,plays_at_height,76.59,"6'5""",0.59,plays_at_height
2019,Kenny Jones,Loyola MD,66161,6-0,"6'0""",72.0,74.06,"6'2""",2.06,plays_taller,74.06,"6'2""",2.06,plays_taller
2019,Naz Reid,LSU,66162,6-10,"6'10""",82.0,80.78,"6'9""",-1.22,plays_shorter,80.78,"6'9""",-1.22,plays_shorter
2019,Ja'vonte Smart,LSU,66163,6-4,"6'4""",76.0,75.92,"6'4""",-0.08,plays_at_height,75.92,"6'4""",-0.08,plays_at_height
2019,Tray Maddox Jr.,Oakland,66166,6-5,"6'5""",77.0,76.15,"6'4""",-0.85,plays_shorter,76.15,"6'4""",-0.85,plays_shorter
2019,Malik Martin,Charlotte,66168,6-6,"6'6""",78.0,76.37,"6'4""",-1.63,plays_shorter,76.37,"6'4""",-1.63,plays_shorter
2019,Cooper Robb,Charlotte,66169,6-1,"6'1""",73.0,75.81,"6'4""",2.81,plays_taller,75.81,"6'4""",2.81,plays_taller
2019,Brandon Younger,Charlotte,66170,6-7,"6'7""",79.0,76.95,"6'5""",-2.05,plays_shorter,76.95,"6'5""",-2.05,plays_shorter
2019,Jaylen Sebree,Florida Atlantic,66171,6-7,"6'7""",79.0,78.15,"6'6""",-0.85,plays_shorter,78.15,"6'6""",-0.85,plays_shorter
2019,James Akinjo,Georgetown,66172,6-0,"6'0""",72.0,74.56,"6'3""",2.56,plays_taller,74.56,"6'3""",2.56,plays_taller
2019,Simi Shittu,Vanderbilt,66173,6-10,"6'10""",82.0,80.07,"6'8""",-1.93,plays_shorter,80.07,"6'8""",-1.93,plays_shorter
2019,Aaron Nesmith,Vanderbilt,66174,6-6,"6'6""",78.0,78.38,"6'6""",0.38,plays_at_height,78.38,"6'6""",0.38,plays_at_height
2019,Dravon Mangum,Charlotte,66175,6-9,"6'9""",81.0,78.03,"6'6""",-2.97,plays_shorter,78.03,"6'6""",-2.97,plays_shorter
2019,Zep Jasper,Charleston,66178,6-1,"6'1""",73.0,74.61,"6'3""",1.61,plays_taller,74.61,"6'3""",1.61,plays_taller
2019,Calvin Wishart,Georgia Southern,66182,6-1,"6'1""",73.0,74.6,"6'3""",1.6,plays_taller,74.6,"6'3""",1.6,plays_taller
2019,Elijah McCadden,Georgia Southern,66183,6-4,"6'4""",76.0,76.96,"6'5""",0.96,plays_taller,76.96,"6'5""",0.96,plays_taller
2019,Horace Wyatt Jr.,Little Rock,66185,6-7,"6'7""",79.0,76.48,"6'4""",-2.52,plays_shorter,76.48,"6'4""",-2.52,plays_shorter
2019,Nelson Phillips,Georgia St.,66186,6-4,"6'4""",76.0,79.38,"6'7""",3.38,plays_taller,79.38,"6'7""",3.38,plays_taller
2019,Justin Brown,Chattanooga,66189,6-10,"6'10""",82.0,79.31,"6'7""",-2.69,plays_shorter,79.31,"6'7""",-2.69,plays_shorter
2019,Jared Bynum,Saint Joseph's,66190,5-10,"5'10""",70.0,75.27,"6'3""",5.27,plays_taller,75.27,"6'3""",5.27,plays_taller
2019,Jake Wojcik,Richmond,66191,6-4,"6'4""",76.0,74.95,"6'3""",-1.05,plays_shorter,74.95,"6'3""",-1.05,plays_shorter
2019,Andre Gustavson,Richmond,66193,6-4,"6'4""",76.0,76.31,"6'4""",0.31,plays_at_height,76.31,"6'4""",0.31,plays_at_height
2019,Sy Chatman,Massachusetts,66195,6-8,"6'8""",80.0,79.16,"6'7""",-0.84,plays_shorter,79.16,"6'7""",-0.84,plays_shorter
2019,Tre Wood,Massachusetts,66197,6-1,"6'1""",73.0,73.66,"6'2""",0.66,plays_at_height,73.66,"6'2""",0.66,plays_at_height
2019,Samba Diallo,Massachusetts,66198,6-7,"6'7""",79.0,76.65,"6'5""",-2.35,plays_shorter,76.65,"6'5""",-2.35,plays_shorter
2019,Michael Devoe,Georgia Tech,66200,6-4,"6'4""",76.0,75.91,"6'4""",-0.09,plays_at_height,75.91,"6'4""",-0.09,plays_at_height
2019,Diego Willis,NJIT,66201,6-3,"6'3""",75.0,74.44,"6'2""",-0.56,plays_at_height,74.44,"6'2""",-0.56,plays_at_height
2019,Devin Vassell,Florida St.,66203,6-6,"6'6""",78.0,78.31,"6'6""",0.31,plays_at_height,78.31,"6'6""",0.31,plays_at_height
2019,Myles Dread,Penn St.,66208,6-4,"6'4""",76.0,75.96,"6'4""",-0.04,plays_at_height,75.96,"6'4""",-0.04,plays_at_height
2019,Miller Kopp,Northwestern,66210,6-7,"6'7""",79.0,77.38,"6'5""",-1.62,plays_shorter,77.38,"6'5""",-1.62,plays_shorter
2019,Luther Muhammad,Ohio St.,66211,6-3,"6'3""",75.0,76.43,"6'4""",1.43,plays_taller,76.43,"6'4""",1.43,plays_taller
2019,Pete Nance,Northwestern,66212,6-10,"6'10""",82.0,77.68,"6'6""",-4.32,plays_shorter,77.68,"6'6""",-4.32,plays_shorter
2019,Justin Ahrens,Ohio St.,66213,6-5,"6'5""",77.0,77.96,"6'6""",0.96,plays_taller,77.96,"6'6""",0.96,plays_taller
2019,Duane Washington Jr.,Ohio St.,66214,6-3,"6'3""",75.0,76.67,"6'5""",1.67,plays_taller,76.67,"6'5""",1.67,plays_taller
2019,Myreon Jones,Penn St.,66215,6-3,"6'3""",75.0,75.37,"6'3""",0.37,plays_at_height,75.37,"6'3""",0.37,plays_at_height
2019,John Knight III,Utah St.,66218,6-2,"6'2""",74.0,78.92,"6'7""",4.92,plays_taller,78.92,"6'7""",4.92,plays_taller
2019,Jules Bernard,UCLA,66219,6-6,"6'6""",78.0,76.94,"6'5""",-1.06,plays_shorter,76.94,"6'5""",-1.06,plays_shorter
2019,Moses Brown,UCLA,66220,7-1,"7'1""",85.0,85.77,"7'2""",0.77,plays_taller,85.77,"7'2""",0.77,plays_taller
2019,Kyle Lofton,St. Bonaventure,66221,6-3,"6'3""",75.0,75.94,"6'4""",0.94,plays_taller,75.94,"6'4""",0.94,plays_taller
2019,Ben Harvey,Eastern Illinois,66223,6-5,"6'5""",77.0,76.69,"6'5""",-0.31,plays_at_height,76.69,"6'5""",-0.31,plays_at_height
2019,Kabir Mohammed,Missouri St.,66224,6-5,"6'5""",77.0,78.92,"6'7""",1.92,plays_taller,78.92,"6'7""",1.92,plays_taller
2019,Jordan McCabe,West Virginia,66225,6-0,"6'0""",72.0,73.47,"6'1""",1.47,plays_taller,73.47,"6'1""",1.47,plays_taller
2019,Emmitt Matthews Jr.,West Virginia,66226,6-7,"6'7""",79.0,78.12,"6'6""",-0.88,plays_shorter,78.12,"6'6""",-0.88,plays_shorter
2019,Austin Fadal,Eastern Washington,66227,6-4,"6'4""",76.0,74.3,"6'2""",-1.7,plays_shorter,74.3,"6'2""",-1.7,plays_shorter
2019,Derek Culver,West Virginia,66229,6-10,"6'10""",82.0,81.41,"6'9""",-0.59,plays_at_height,81.41,"6'9""",-0.59,plays_at_height
2019,Elijah Jackson,Eastern Washington,66231,6-4,"6'4""",76.0,77.08,"6'5""",1.08,plays_taller,77.08,"6'5""",1.08,plays_taller
2019,Carter Hendricksen,North Florida,66234,6-7,"6'7""",79.0,77.48,"6'5""",-1.52,plays_shorter,77.48,"6'5""",-1.52,plays_shorter
2019,Dan Fotu,Saint Mary's,66238,6-7,"6'7""",79.0,76.42,"6'4""",-2.58,plays_shorter,76.42,"6'4""",-2.58,plays_shorter
2019,Matthias Tass,Saint Mary's,66240,6-10,"6'10""",82.0,79.22,"6'7""",-2.78,plays_shorter,79.22,"6'7""",-2.78,plays_shorter
2019,Brendan Bailey,Marquette,66242,6-8,"6'8""",80.0,77.96,"6'6""",-2.04,plays_shorter,77.96,"6'6""",-2.04,plays_shorter
2019,Ugo Obineke,Kennesaw St.,66243,6-8,"6'8""",80.0,75.79,"6'4""",-4.21,plays_shorter,75.79,"6'4""",-4.21,plays_shorter
2019,Antonio Spencer,Kennesaw St.,66244,6-10,"6'10""",82.0,80.33,"6'8""",-1.67,plays_shorter,80.33,"6'8""",-1.67,plays_shorter
2019,Dane Goodwin,Notre Dame,66245,6-6,"6'6""",78.0,75.77,"6'4""",-2.23,plays_shorter,75.77,"6'4""",-2.23,plays_shorter
2019,Malik Jefferson,Mount St. Mary's,66246,6-9,"6'9""",81.0,80.48,"6'8""",-0.52,plays_at_height,80.48,"6'8""",-0.52,plays_at_height
2019,Dee Barnes,Mount St. Mary's,66247,6-4,"6'4""",76.0,75.97,"6'4""",-0.03,plays_at_height,75.97,"6'4""",-0.03,plays_at_height
2019,Collin Nnamene,Mount St. Mary's,66249,6-8,"6'8""",80.0,79.26,"6'7""",-0.74,plays_at_height,79.26,"6'7""",-0.74,plays_at_height
2019,Kris Wooten,Elon,66250,6-3,"6'3""",75.0,74.85,"6'3""",-0.15,plays_at_height,74.85,"6'3""",-0.15,plays_at_height
2019,Bryce Washington,Penn,66251,6-4,"6'4""",76.0,75.46,"6'3""",-0.54,plays_at_height,75.46,"6'3""",-0.54,plays_at_height
2019,Wayne Arnold,Cal St. Fullerton,66254,6-4,"6'4""",76.0,74.63,"6'3""",-1.37,plays_shorter,74.63,"6'3""",-1.37,plays_shorter
2019,Elijah Harkless,Cal St. Northridge,66255,6-5,"6'5""",77.0,77.85,"6'6""",0.85,plays_taller,77.85,"6'6""",0.85,plays_taller
2019,Darius Brown II,Cal St. Northridge,66256,6-1,"6'1""",73.0,75.31,"6'3""",2.31,plays_taller,75.31,"6'3""",2.31,plays_taller
2019,Michael Ou,Cal St. Northridge,66259,6-9,"6'9""",81.0,77.22,"6'5""",-3.78,plays_shorter,77.22,"6'5""",-3.78,plays_shorter
2019,Jeameril Wilson,Lehigh,66263,6-7,"6'7""",79.0,77.97,"6'6""",-1.03,plays_shorter,77.97,"6'6""",-1.03,plays_shorter
2019,Tyrone Perry,Lafayette,66264,6-1,"6'1""",73.0,74.11,"6'2""",1.11,plays_taller,74.11,"6'2""",1.11,plays_taller
2019,Sean Good,Lafayette,66265,6-10,"6'10""",82.0,81.16,"6'9""",-0.84,plays_shorter,81.16,"6'9""",-0.84,plays_shorter
2019,Nic Lynch,Lehigh,66267,6-11,"6'11""",83.0,79.13,"6'7""",-3.87,plays_shorter,79.13,"6'7""",-3.87,plays_shorter
2019,Blake Harris,N.C. State,66268,6-3,"6'3""",75.0,77.22,"6'5""",2.22,plays_taller,77.22,"6'5""",2.22,plays_taller
2019,Manny Dixon,Saint Peter's,66269,6-5,"6'5""",77.0,75.23,"6'3""",-1.77,plays_shorter,75.23,"6'3""",-1.77,plays_shorter
2019,Trey McGowens,Pittsburgh,66273,6-3,"6'3""",75.0,77.19,"6'5""",2.19,plays_taller,77.19,"6'5""",2.19,plays_taller
2019,Kristian Sjolund,Georgia Tech,66277,6-7,"6'7""",79.0,75.91,"6'4""",-3.09,plays_shorter,75.91,"6'4""",-3.09,plays_shorter
2019,Jared Rice,Cal Poly,66278,5-10,"5'10""",70.0,73.54,"6'2""",3.54,plays_taller,73.54,"6'2""",3.54,plays_taller
2019,D.J. Myers,Western Carolina,66279,6-6,"6'6""",78.0,76.83,"6'5""",-1.17,plays_shorter,76.83,"6'5""",-1.17,plays_shorter
2019,Kameron Gibson,Western Carolina,66280,6-3,"6'3""",75.0,74.27,"6'2""",-0.73,plays_at_height,74.27,"6'2""",-0.73,plays_at_height
2019,Jake Stephens,VMI,66281,6-8,"6'8""",80.0,76.78,"6'5""",-3.22,plays_shorter,76.78,"6'5""",-3.22,plays_shorter
2019,Carlos Dotson,Western Carolina,66282,6-7,"6'7""",79.0,80.12,"6'8""",1.12,plays_taller,80.12,"6'8""",1.12,plays_taller
2019,Ryan Larson,Wofford,66283,6-1,"6'1""",73.0,75.37,"6'3""",2.37,plays_taller,75.37,"6'3""",2.37,plays_taller
2019,Josh Cottrell,Western Carolina,66284,6-2,"6'2""",74.0,73.56,"6'2""",-0.44,plays_at_height,73.56,"6'2""",-0.44,plays_at_height
2019,SK Shittu,Central Arkansas,66288,6-9,"6'9""",81.0,77.63,"6'6""",-3.37,plays_shorter,77.63,"6'6""",-3.37,plays_shorter
2019,Jericole Hellems,N.C. State,66289,6-7,"6'7""",79.0,77.65,"6'6""",-1.35,plays_shorter,77.65,"6'6""",-1.35,plays_shorter
2019,Tyrese Martin,Rhode Island,66292,6-6,"6'6""",78.0,78.28,"6'6""",0.28,plays_at_height,78.28,"6'6""",0.28,plays_at_height
2019,Dana Tate,Rhode Island,66293,6-7,"6'7""",79.0,77.89,"6'6""",-1.11,plays_shorter,77.89,"6'6""",-1.11,plays_shorter
2019,Jamal Hartwell II,George Mason,66294,5-10,"5'10""",70.0,72.35,"6'0""",2.35,plays_taller,72.35,"6'0""",2.35,plays_taller
2019,Jordan Miller,George Mason,66295,6-6,"6'6""",78.0,80.15,"6'8""",2.15,plays_taller,80.15,"6'8""",2.15,plays_taller
2019,Jason Douglas-Stanley,George Mason,66296,6-2,"6'2""",74.0,73.56,"6'2""",-0.44,plays_at_height,73.56,"6'2""",-0.44,plays_at_height
2019,Elijah McNamara,Miami OH,66299,6-9,"6'9""",81.0,75.77,"6'4""",-5.23,plays_shorter,75.77,"6'4""",-5.23,plays_shorter
2019,Mekhi Lairy,Miami OH,66300,5-8,"5'8""",68.0,74.8,"6'3""",6.8,plays_taller,74.8,"6'3""",6.8,plays_taller
2019,Anthony Roberts,Kent St.,66302,6-4,"6'4""",76.0,74.64,"6'3""",-1.36,plays_shorter,74.64,"6'3""",-1.36,plays_shorter
2019,Malik Miller,Morgan St.,66304,6-4,"6'4""",76.0,78.93,"6'7""",2.93,plays_taller,78.93,"6'7""",2.93,plays_taller
2019,Tajion Jones,UNC Asheville,66305,6-5,"6'5""",77.0,76.2,"6'4""",-0.8,plays_shorter,76.2,"6'4""",-0.8,plays_shorter
2019,Romello Wilbert,Incarnate Word,66306,6-2,"6'2""",74.0,76.78,"6'5""",2.78,plays_taller,76.78,"6'5""",2.78,plays_taller
2019,Matt Veretto,Delaware,66307,6-7,"6'7""",79.0,76.58,"6'5""",-2.42,plays_shorter,76.58,"6'5""",-2.42,plays_shorter
2019,KJ Simon,Troy,66311,6-3,"6'3""",75.0,77.88,"6'6""",2.88,plays_taller,77.88,"6'6""",2.88,plays_taller
2019,Raymond Bethea Jr.,Howard,66312,6-6,"6'6""",78.0,75.31,"6'3""",-2.69,plays_shorter,75.31,"6'3""",-2.69,plays_shorter
2019,Spencer Rodgers,Troy,66313,6-4,"6'4""",76.0,73.03,"6'1""",-2.97,plays_shorter,73.03,"6'1""",-2.97,plays_shorter
2019,Alex Vilarino,Boston University,66314,6-2,"6'2""",74.0,76.39,"6'4""",2.39,plays_taller,76.39,"6'4""",2.39,plays_taller
2019,Au'Diese Toney,Pittsburgh,66315,6-6,"6'6""",78.0,77.72,"6'6""",-0.28,plays_at_height,77.72,"6'6""",-0.28,plays_at_height
2019,Zeke Richards,Santa Clara,66316,6-11,"6'11""",83.0,78.79,"6'7""",-4.21,plays_shorter,78.79,"6'7""",-4.21,plays_shorter
2019,Trey Wertz,Santa Clara,66317,6-5,"6'5""",77.0,75.05,"6'3""",-1.95,plays_shorter,75.05,"6'3""",-1.95,plays_shorter
2019,Keshawn Justice,Santa Clara,66318,6-4,"6'4""",76.0,76.25,"6'4""",0.25,plays_at_height,76.25,"6'4""",0.25,plays_at_height
2019,Guglielmo Caruso,Santa Clara,66320,6-9,"6'9""",81.0,79.77,"6'8""",-1.23,plays_shorter,79.77,"6'8""",-1.23,plays_shorter
2019,Mike Underwood,Central Connecticut,66324,6-6,"6'6""",78.0,72.78,"6'1""",-5.22,plays_shorter,72.78,"6'1""",-5.22,plays_shorter
2019,Karrington Wallace,Central Connecticut,66325,6-7,"6'7""",79.0,78.28,"6'6""",-0.72,plays_at_height,78.28,"6'6""",-0.72,plays_at_height
2019,Jake Wolfe,Lipscomb,66327,6-4,"6'4""",76.0,75.27,"6'3""",-0.73,plays_at_height,75.27,"6'3""",-0.73,plays_at_height
2019,Brandon Powell,Fairleigh Dickinson,66328,6-2,"6'2""",74.0,74.46,"6'2""",0.46,plays_at_height,74.46,"6'2""",0.46,plays_at_height
2019,Vado Morse,Mount St. Mary's,66331,6-0,"6'0""",72.0,74.35,"6'2""",2.35,plays_taller,74.35,"6'2""",2.35,plays_taller
2019,Trajan Wesley,Louisiana,66332,5-9,"5'9""",69.0,74.92,"6'3""",5.92,plays_taller,74.92,"6'3""",5.92,plays_taller
2019,Lamar Norman Jr.,Duquesne,66334,6-3,"6'3""",75.0,74.65,"6'3""",-0.35,plays_at_height,74.65,"6'3""",-0.35,plays_at_height
2019,Micheal Anumba,Winthrop,66337,6-5,"6'5""",77.0,76.24,"6'4""",-0.76,plays_shorter,76.24,"6'4""",-0.76,plays_shorter
2019,Jaalam Hill,Cleveland St.,66338,6-7,"6'7""",79.0,79.94,"6'8""",0.94,plays_taller,79.94,"6'8""",0.94,plays_taller
2019,Rashad Williams,Cleveland St.,66339,6-2,"6'2""",74.0,73.49,"6'1""",-0.51,plays_at_height,73.49,"6'1""",-0.51,plays_at_height
2019,Seth Millner,Cleveland St.,66340,6-6,"6'6""",78.0,76.52,"6'5""",-1.48,plays_shorter,76.52,"6'5""",-1.48,plays_shorter
2019,Dawson Carper,Hawaii,66341,7-0,"7'0""",84.0,80.34,"6'8""",-3.66,plays_shorter,80.34,"6'8""",-3.66,plays_shorter
2019,Theo Akwuba,Portland,66344,6-10,"6'10""",82.0,81.03,"6'9""",-0.97,plays_shorter,81.03,"6'9""",-0.97,plays_shorter
2019,Elijah Weaver,USC,66345,6-5,"6'5""",77.0,74.74,"6'3""",-2.26,plays_shorter,74.74,"6'3""",-2.26,plays_shorter
2019,Walter Ellis,Bucknell,66346,6-5,"6'5""",77.0,75.41,"6'3""",-1.59,plays_shorter,75.41,"6'3""",-1.59,plays_shorter
2019,Andrew Funk,Bucknell,66347,6-4,"6'4""",76.0,74.61,"6'3""",-1.39,plays_shorter,74.61,"6'3""",-1.39,plays_shorter
2019,Jack Hemphill,Boston University,66348,6-9,"6'9""",81.0,77.89,"6'6""",-3.11,plays_shorter,77.89,"6'6""",-3.11,plays_shorter
2019,Fletcher Tynen,Boston University,66349,6-7,"6'7""",79.0,76.96,"6'5""",-2.04,plays_shorter,76.96,"6'5""",-2.04,plays_shorter
2019,Tucker Richardson,Colgate,66351,6-5,"6'5""",77.0,76.34,"6'4""",-0.66,plays_at_height,76.34,"6'4""",-0.66,plays_at_height
2019,Ben Vander Plas,Ohio,66356,6-8,"6'8""",80.0,78.68,"6'7""",-1.32,plays_shorter,78.68,"6'7""",-1.32,plays_shorter
2019,Szymon Wojcik,Missouri St.,66358,6-10,"6'10""",82.0,79.73,"6'8""",-2.27,plays_shorter,79.73,"6'8""",-2.27,plays_shorter
2019,Joe Pleasant,Abilene Christian,66361,6-8,"6'8""",80.0,78.21,"6'6""",-1.79,plays_shorter,78.21,"6'6""",-1.79,plays_shorter
2019,Yor Anei,Oklahoma St.,66363,6-10,"6'10""",82.0,83.46,"6'11""",1.46,plays_taller,83.46,"6'11""",1.46,plays_taller
2019,Jason Wade,Old Dominion,66365,6-5,"6'5""",77.0,78.6,"6'7""",1.6,plays_taller,78.6,"6'7""",1.6,plays_taller
2019,Kalu Ezikpe,Old Dominion,66367,6-7,"6'7""",79.0,82.38,"6'10""",3.38,plays_taller,82.38,"6'10""",3.38,plays_taller
2019,Nicolas Timberlake,Towson,66368,6-4,"6'4""",76.0,76.43,"6'4""",0.43,plays_at_height,76.43,"6'4""",0.43,plays_at_height
2019,Javon Pickett,Missouri,66370,6-4,"6'4""",76.0,76.72,"6'5""",0.72,plays_at_height,76.72,"6'5""",0.72,plays_at_height
2019,Isaac Suffren,Lafayette,66372,6-4,"6'4""",76.0,77.31,"6'5""",1.31,plays_taller,77.31,"6'5""",1.31,plays_taller
2019,Duncan LeXander,Charleston Southern,66376,6-8,"6'8""",80.0,76.19,"6'4""",-3.81,plays_shorter,76.19,"6'4""",-3.81,plays_shorter
2019,Timmy Sellers,Charleston Southern,66377,6-8,"6'8""",80.0,78.06,"6'6""",-1.94,plays_shorter,78.06,"6'6""",-1.94,plays_shorter
2019,Dontrell Shuler,Charleston Southern,66378,6-2,"6'2""",74.0,75.34,"6'3""",1.34,plays_taller,75.34,"6'3""",1.34,plays_taller
2019,Sadarius Bowser,Charleston Southern,66379,6-9,"6'9""",81.0,77.85,"6'6""",-3.15,plays_shorter,77.85,"6'6""",-3.15,plays_shorter
2019,Dominick Welch,St. Bonaventure,66384,6-5,"6'5""",77.0,77.34,"6'5""",0.34,plays_at_height,77.34,"6'5""",0.34,plays_at_height
2019,John Walker III,Texas A&M,66387,6-9,"6'9""",81.0,78.25,"6'6""",-2.75,plays_shorter,78.25,"6'6""",-2.75,plays_shorter
2019,Noah Gurley,Furman,66388,6-8,"6'8""",80.0,78.56,"6'7""",-1.44,plays_shorter,78.56,"6'7""",-1.44,plays_shorter
2019,Sherwyn Devonish-Prince Jr.,Morgan St.,66393,6-1,"6'1""",73.0,74.12,"6'2""",1.12,plays_taller,74.12,"6'2""",1.12,plays_taller
2019,Isaiah Burke,Morgan St.,66395,6-1,"6'1""",73.0,74.08,"6'2""",1.08,plays_taller,74.08,"6'2""",1.08,plays_taller
2019,Jared Ridder,Missouri St.,66396,6-8,"6'8""",80.0,77.47,"6'5""",-2.53,plays_shorter,77.47,"6'5""",-2.53,plays_shorter
2019,Gerrale Gates,New Orleans,66398,6-6,"6'6""",78.0,77.17,"6'5""",-0.83,plays_shorter,77.17,"6'5""",-0.83,plays_shorter
2019,Ty Perry,Fordham,66399,6-3,"6'3""",75.0,74.64,"6'3""",-0.36,plays_at_height,74.64,"6'3""",-0.36,plays_at_height
2019,Chris Austin,Fordham,66400,6-4,"6'4""",76.0,75.59,"6'4""",-0.41,plays_at_height,75.59,"6'4""",-0.41,plays_at_height
2019,Jalen Cobb,Fordham,66401,6-0,"6'0""",72.0,76.17,"6'4""",4.17,plays_taller,76.17,"6'4""",4.17,plays_taller
2019,Sincere Carry,Duquesne,66402,6-1,"6'1""",73.0,75.71,"6'4""",2.71,plays_taller,75.71,"6'4""",2.71,plays_taller
2019,Zach Thornhill,Nebraska Omaha,66404,6-4,"6'4""",76.0,77.16,"6'5""",1.16,plays_taller,77.16,"6'5""",1.16,plays_taller
2019,Kessler Edwards,Pepperdine,66410,6-8,"6'8""",80.0,78.92,"6'7""",-1.08,plays_shorter,78.92,"6'7""",-1.08,plays_shorter
2019,Khalid Moore,Georgia Tech,66414,6-6,"6'6""",78.0,76.49,"6'4""",-1.51,plays_shorter,76.49,"6'4""",-1.51,plays_shorter
2019,Alex Caldwell,Southeast Missouri St.,66418,6-0,"6'0""",72.0,76.04,"6'4""",4.04,plays_taller,76.04,"6'4""",4.04,plays_taller
2019,Ayo Dosunmu,Illinois,66420,6-5,"6'5""",77.0,77.37,"6'5""",0.37,plays_at_height,77.37,"6'5""",0.37,plays_at_height
2019,Zion Young,Western Illinois,66422,6-4,"6'4""",76.0,75.06,"6'3""",-0.94,plays_shorter,75.06,"6'3""",-0.94,plays_shorter
2019,Jordan Brown,Nevada,66423,6-11,"6'11""",83.0,79.75,"6'8""",-3.25,plays_shorter,79.75,"6'8""",-3.25,plays_shorter
2019,AJ Edu,Toledo,66427,6-10,"6'10""",82.0,82.5,"6'11""",0.5,plays_at_height,82.5,"6'11""",0.5,plays_at_height
2019,David Mitchell,Brown,66429,6-6,"6'6""",78.0,77.79,"6'6""",-0.21,plays_at_height,77.79,"6'6""",-0.21,plays_at_height
2019,Ike Nweke,Columbia,66432,6-7,"6'7""",79.0,78.96,"6'7""",-0.04,plays_at_height,78.96,"6'7""",-0.04,plays_at_height
2019,Maka Ellis,Columbia,66433,6-5,"6'5""",77.0,74.98,"6'3""",-2.02,plays_shorter,74.98,"6'3""",-2.02,plays_shorter
2019,Nathan Robinson,South Dakota,66436,6-4,"6'4""",76.0,74.91,"6'3""",-1.09,plays_shorter,74.91,"6'3""",-1.09,plays_shorter
2019,Matt Johns,South Dakota,66437,6-8,"6'8""",80.0,76.33,"6'4""",-3.67,plays_shorter,76.33,"6'4""",-3.67,plays_shorter
2019,Adam Flagler,Presbyterian,66438,6-3,"6'3""",75.0,75.23,"6'3""",0.23,plays_at_height,75.23,"6'3""",0.23,plays_at_height
2019,Jordan Guest,Boston University,66441,6-8,"6'8""",80.0,77.7,"6'6""",-2.3,plays_shorter,77.7,"6'6""",-2.3,plays_shorter
2019,Daxton Carr,Cal Poly,66443,6-7,"6'7""",79.0,77.57,"6'6""",-1.43,plays_shorter,77.57,"6'6""",-1.43,plays_shorter
2019,Jayden Saddler,Southern,66444,6-1,"6'1""",73.0,75.65,"6'4""",2.65,plays_taller,75.65,"6'4""",2.65,plays_taller
2019,Patrick Emilien,Western Michigan,66445,6-6,"6'6""",78.0,77.59,"6'6""",-0.41,plays_at_height,77.59,"6'6""",-0.41,plays_at_height
2019,William Boyer-Richard,Western Michigan,66446,6-1,"6'1""",73.0,73.55,"6'2""",0.55,plays_at_height,73.55,"6'2""",0.55,plays_at_height
2019,Adrian Martin,Western Michigan,66447,6-3,"6'3""",75.0,73.99,"6'2""",-1.01,plays_shorter,73.99,"6'2""",-1.01,plays_shorter
2019,Garrett Pascoe,Boston University,66448,6-3,"6'3""",75.0,74.42,"6'2""",-0.58,plays_at_height,74.42,"6'2""",-0.58,plays_at_height
2019,Kody Shubert,Presbyterian,66449,5-11,"5'11""",71.0,73.99,"6'2""",2.99,plays_taller,73.99,"6'2""",2.99,plays_taller
2019,Alex Arians,South Dakota St.,66450,6-4,"6'4""",76.0,76.37,"6'4""",0.37,plays_at_height,76.37,"6'4""",0.37,plays_at_height
2019,Devin Hutchinson,Radford,66452,6-5,"6'5""",77.0,74.97,"6'3""",-2.03,plays_shorter,74.97,"6'3""",-2.03,plays_shorter
2019,Tim Perry Jr.,Drexel,66456,6-10,"6'10""",82.0,79.72,"6'8""",-2.28,plays_shorter,79.72,"6'8""",-2.28,plays_shorter
2019,Dalvin White,USC Upstate,66457,5-10,"5'10""",70.0,73.32,"6'1""",3.32,plays_taller,73.32,"6'1""",3.32,plays_taller
2019,Ebrima Dibba,Coastal Carolina,66458,6-6,"6'6""",78.0,77.15,"6'5""",-0.85,plays_shorter,77.15,"6'5""",-0.85,plays_shorter
2019,Neftali Alvarez,Fairfield,66465,6-2,"6'2""",74.0,75.64,"6'4""",1.64,plays_taller,75.64,"6'4""",1.64,plays_taller
2019,Calvin Whipple,Fairfield,66466,6-4,"6'4""",76.0,75.54,"6'4""",-0.46,plays_at_height,75.54,"6'4""",-0.46,plays_at_height
2019,Adam Kunkel,Belmont,66471,6-3,"6'3""",75.0,74.21,"6'2""",-0.79,plays_shorter,74.21,"6'2""",-0.79,plays_shorter
2019,Wanjang Tut,Nebraska Omaha,66472,6-8,"6'8""",80.0,79.29,"6'7""",-0.71,plays_at_height,79.29,"6'7""",-0.71,plays_at_height
2019,Tyler Herro,Kentucky,66474,6-5,"6'5""",77.0,77.33,"6'5""",0.33,plays_at_height,77.33,"6'5""",0.33,plays_at_height
2019,Kevin Obanor,Oral Roberts,66476,6-8,"6'8""",80.0,80.13,"6'8""",0.13,plays_at_height,80.13,"6'8""",0.13,plays_at_height
2019,Riley Battin,Utah,66477,6-9,"6'9""",81.0,77.0,"6'5""",-4.0,plays_shorter,77.0,"6'5""",-4.0,plays_shorter
2019,Vinnie Shahid,North Dakota St.,66478,5-11,"5'11""",71.0,74.94,"6'3""",3.94,plays_taller,74.94,"6'3""",3.94,plays_taller
2019,Finn Sullivan,San Diego,66479,6-4,"6'4""",76.0,76.74,"6'5""",0.74,plays_at_height,76.74,"6'5""",0.74,plays_at_height
2019,Tevian Jones,Illinois,66481,6-7,"6'7""",79.0,77.1,"6'5""",-1.9,plays_shorter,77.1,"6'5""",-1.9,plays_shorter
2019,Giorgi Bezhanishvili,Illinois,66482,6-9,"6'9""",81.0,79.51,"6'8""",-1.49,plays_shorter,79.51,"6'8""",-1.49,plays_shorter
2019,Aaron Wiggins,Maryland,66483,6-6,"6'6""",78.0,76.57,"6'5""",-1.43,plays_shorter,76.57,"6'5""",-1.43,plays_shorter
2019,Eric Ayala,Maryland,66485,6-5,"6'5""",77.0,75.71,"6'4""",-1.29,plays_shorter,75.71,"6'4""",-1.29,plays_shorter
2019,Jr Clay,Tennessee Tech,66486,5-10,"5'10""",70.0,75.45,"6'3""",5.45,plays_taller,75.45,"6'3""",5.45,plays_taller
2019,Sage Tolbert,Southeast Missouri St.,66488,6-8,"6'8""",80.0,79.26,"6'7""",-0.74,plays_at_height,79.26,"6'7""",-0.74,plays_at_height
2019,Gabe McGlothan,Southeast Missouri St.,66489,6-7,"6'7""",79.0,79.79,"6'8""",0.79,plays_taller,79.79,"6'8""",0.79,plays_taller
2019,Matt Dentlinger,South Dakota St.,66491,6-8,"6'8""",80.0,78.2,"6'6""",-1.8,plays_shorter,78.2,"6'6""",-1.8,plays_shorter
2019,Joe Wieskamp,Iowa,66492,6-6,"6'6""",78.0,78.41,"6'6""",0.41,plays_at_height,78.41,"6'6""",0.41,plays_at_height
2019,Tyree Pickron,Quinnipiac,66499,6-3,"6'3""",75.0,74.67,"6'3""",-0.33,plays_at_height,74.67,"6'3""",-0.33,plays_at_height
2019,Tyrese Williams,Quinnipiac,66500,6-3,"6'3""",75.0,76.12,"6'4""",1.12,plays_taller,76.12,"6'4""",1.12,plays_taller
2019,Miles Latimer,Stony Brook,66503,6-3,"6'3""",75.0,76.0,"6'4""",1.0,plays_taller,76.0,"6'4""",1.0,plays_taller
2019,R.J. Eytle-Rock,UMBC,66504,6-3,"6'3""",75.0,75.67,"6'4""",0.67,plays_at_height,75.67,"6'4""",0.67,plays_at_height
2019,Jose Placer,UMBC,66505,6-2,"6'2""",74.0,74.72,"6'3""",0.72,plays_at_height,74.72,"6'3""",0.72,plays_at_height
2019,Hunter Thompson,Wyoming,66508,6-10,"6'10""",82.0,76.24,"6'4""",-5.76,plays_shorter,76.24,"6'4""",-5.76,plays_shorter
2019,Jared Pearre,Cal St. Northridge,66509,6-9,"6'9""",81.0,79.31,"6'7""",-1.69,plays_shorter,79.31,"6'7""",-1.69,plays_shorter
2019,David Czerapowicz,Davidson,66512,6-3,"6'3""",75.0,75.13,"6'3""",0.13,plays_at_height,75.13,"6'3""",0.13,plays_at_height
2019,Reggie Chaney,Arkansas,66513,6-8,"6'8""",80.0,82.0,"6'10""",2.0,plays_taller,82.0,"6'10""",2.0,plays_taller
2019,Dwayne Cohill,Dayton,66515,6-2,"6'2""",74.0,75.07,"6'3""",1.07,plays_taller,75.07,"6'3""",1.07,plays_taller
2019,Nygal Russell,Southeast Missouri St.,66517,6-4,"6'4""",76.0,76.49,"6'4""",0.49,plays_at_height,76.49,"6'4""",0.49,plays_at_height
2019,Elochukwu Eze,SIU Edwardsville,66518,6-10,"6'10""",82.0,79.33,"6'7""",-2.67,plays_shorter,79.33,"6'7""",-2.67,plays_shorter
2019,Cameron Williams,SIU Edwardsville,66519,6-2,"6'2""",74.0,76.46,"6'4""",2.46,plays_taller,76.46,"6'4""",2.46,plays_taller
2019,Brandon Williams,Arizona,66520,6-2,"6'2""",74.0,76.63,"6'5""",2.63,plays_taller,76.63,"6'5""",2.63,plays_taller
2019,Keonte Kennedy,Xavier,66522,6-5,"6'5""",77.0,75.66,"6'4""",-1.34,plays_shorter,75.66,"6'4""",-1.34,plays_shorter
2019,Davids Atelbauers,North Dakota,66525,6-1,"6'1""",73.0,73.57,"6'2""",0.57,plays_at_height,73.57,"6'2""",0.57,plays_at_height
2019,Kevin Samuel,TCU,66527,6-11,"6'11""",83.0,84.89,"7'1""",1.89,plays_taller,84.89,"7'1""",1.89,plays_taller
2019,Isaih Moore,Charleston,66528,6-9,"6'9""",81.0,80.27,"6'8""",-0.73,plays_at_height,80.27,"6'8""",-0.73,plays_at_height
2019,Zach Nutall,Sam Houston St.,66530,6-3,"6'3""",75.0,77.9,"6'6""",2.9,plays_taller,77.9,"6'6""",2.9,plays_taller
2019,Ron Harper Jr.,Rutgers,66532,6-6,"6'6""",78.0,77.8,"6'6""",-0.2,plays_at_height,77.8,"6'6""",-0.2,plays_at_height
2019,Khaleem Bennett,Central Arkansas,66534,6-4,"6'4""",76.0,78.03,"6'6""",2.03,plays_taller,78.03,"6'6""",2.03,plays_taller
2019,Eddy Kayouloud,Central Arkansas,66535,6-7,"6'7""",79.0,76.87,"6'5""",-2.13,plays_shorter,76.87,"6'5""",-2.13,plays_shorter
2019,Xavier Bryant,Sam Houston St.,66537,6-0,"6'0""",72.0,75.65,"6'4""",3.65,plays_taller,75.65,"6'4""",3.65,plays_taller
2019,Felix Lemetti,Fairfield,66539,6-2,"6'2""",74.0,73.29,"6'1""",-0.71,plays_at_height,73.29,"6'1""",-0.71,plays_at_height
2019,Pedro Castro,UT Arlington,66541,6-6,"6'6""",78.0,77.4,"6'5""",-0.6,plays_at_height,77.4,"6'5""",-0.6,plays_at_height
2019,Nate Hinton,Houston,66542,6-5,"6'5""",77.0,78.43,"6'6""",1.43,plays_taller,78.43,"6'6""",1.43,plays_taller
2019,JC Butler,UC Irvine,66545,6-5,"6'5""",77.0,77.0,"6'5""",0.0,plays_at_height,77.0,"6'5""",0.0,plays_at_height
2019,Wes Slajchert,Dartmouth,66546,6-5,"6'5""",77.0,74.52,"6'3""",-2.48,plays_shorter,74.52,"6'3""",-2.48,plays_shorter
2019,Princewill Anosike,Howard,66549,6-9,"6'9""",81.0,79.39,"6'7""",-1.61,plays_shorter,79.39,"6'7""",-1.61,plays_shorter
2019,Akuwovo Ogheneyole,Howard,66550,6-9,"6'9""",81.0,78.25,"6'6""",-2.75,plays_shorter,78.25,"6'6""",-2.75,plays_shorter
2019,Andre Toure,Howard,66551,6-8,"6'8""",80.0,78.1,"6'6""",-1.9,plays_shorter,78.1,"6'6""",-1.9,plays_shorter
2019,Tae Hardy,East Carolina,66552,6-2,"6'2""",74.0,75.62,"6'4""",1.62,plays_taller,75.62,"6'4""",1.62,plays_taller
2019,Tyler Foster,East Carolina,66553,6-5,"6'5""",77.0,76.08,"6'4""",-0.92,plays_shorter,76.08,"6'4""",-0.92,plays_shorter
2019,David Singleton,UCLA,66556,6-4,"6'4""",76.0,74.53,"6'3""",-1.47,plays_shorter,74.53,"6'3""",-1.47,plays_shorter
2019,Buddy Boeheim,Syracuse,66561,6-5,"6'5""",77.0,74.8,"6'3""",-2.2,plays_shorter,74.8,"6'3""",-2.2,plays_shorter
2019,Both Gach,Utah,66562,6-7,"6'7""",79.0,76.88,"6'5""",-2.12,plays_shorter,76.88,"6'5""",-2.12,plays_shorter
2019,Tevin Brown,Murray St.,66563,6-5,"6'5""",77.0,76.65,"6'5""",-0.35,plays_at_height,76.65,"6'5""",-0.35,plays_at_height
2019,Bryce Wills,Stanford,66565,6-6,"6'6""",78.0,77.93,"6'6""",-0.07,plays_at_height,77.93,"6'6""",-0.07,plays_at_height
2019,Jordan Caruso,Incarnate Word,66566,6-3,"6'3""",75.0,75.45,"6'3""",0.45,plays_at_height,75.45,"6'3""",0.45,plays_at_height
2019,Qon Murphy,Houston Christian,66567,6-5,"6'5""",77.0,76.34,"6'4""",-0.66,plays_at_height,76.34,"6'4""",-0.66,plays_at_height
2019,Benjamin Uloko,Houston Christian,66568,6-7,"6'7""",79.0,78.27,"6'6""",-0.73,plays_at_height,78.27,"6'6""",-0.73,plays_at_height
2019,Dwight Murray Jr.,Incarnate Word,66569,6-0,"6'0""",72.0,75.46,"6'3""",3.46,plays_taller,75.46,"6'3""",3.46,plays_taller
2019,Antoine Smith Jr.,Incarnate Word,66570,6-7,"6'7""",79.0,76.61,"6'5""",-2.39,plays_shorter,76.61,"6'5""",-2.39,plays_shorter
2019,Charles Jones Jr.,Utah,66571,6-2,"6'2""",74.0,74.05,"6'2""",0.05,plays_at_height,74.05,"6'2""",0.05,plays_at_height
2019,Joseph Lanzi,Denver,66573,6-5,"6'5""",77.0,75.27,"6'3""",-1.73,plays_shorter,75.27,"6'3""",-1.73,plays_shorter
2019,Taelyr Gatlin,Denver,66574,6-3,"6'3""",75.0,73.78,"6'2""",-1.22,plays_shorter,73.78,"6'2""",-1.22,plays_shorter
2019,Jase Townsend,Denver,66575,6-3,"6'3""",75.0,73.46,"6'1""",-1.54,plays_shorter,73.46,"6'1""",-1.54,plays_shorter
2019,David Nzekwesi,Denver,66576,6-9,"6'9""",81.0,77.86,"6'6""",-3.14,plays_shorter,77.86,"6'6""",-3.14,plays_shorter
2019,Jarred Godfrey,Purdue Fort Wayne,66578,6-5,"6'5""",77.0,76.01,"6'4""",-0.99,plays_shorter,76.01,"6'4""",-0.99,plays_shorter
2019,Jalen Hill,UCLA,66579,6-10,"6'10""",82.0,81.16,"6'9""",-0.84,plays_shorter,81.16,"6'9""",-0.84,plays_shorter
2019,Cody Riley,UCLA,66580,6-9,"6'9""",81.0,78.46,"6'6""",-2.54,plays_shorter,78.46,"6'6""",-2.54,plays_shorter
2019,Garrett Golday,Tennessee Tech,66583,6-7,"6'7""",79.0,76.85,"6'5""",-2.15,plays_shorter,76.85,"6'5""",-2.15,plays_shorter
2019,Carlos Jurgens,Oral Roberts,66588,6-5,"6'5""",77.0,74.36,"6'2""",-2.64,plays_shorter,74.36,"6'2""",-2.64,plays_shorter
2019,Sam Griesel,North Dakota St.,66592,6-6,"6'6""",78.0,76.2,"6'4""",-1.8,plays_shorter,76.2,"6'4""",-1.8,plays_shorter
2019,Courtney Ramey,Texas,66594,6-3,"6'3""",75.0,76.71,"6'5""",1.71,plays_taller,76.71,"6'5""",1.71,plays_taller
2019,Jaxson Hayes,Texas,66595,6-11,"6'11""",83.0,85.68,"7'2""",2.68,plays_taller,85.68,"7'2""",2.68,plays_taller
2019,Jarius Cook,North Dakota St.,66596,6-3,"6'3""",75.0,73.99,"6'2""",-1.01,plays_shorter,73.99,"6'2""",-1.01,plays_shorter
2019,Kaleb Hunter,UNC Greensboro,66597,6-4,"6'4""",76.0,77.31,"6'5""",1.31,plays_taller,77.31,"6'5""",1.31,plays_taller
2019,Alex Rivera,UMass Lowell,66599,6-1,"6'1""",73.0,75.04,"6'3""",2.04,plays_taller,75.04,"6'3""",2.04,plays_taller
2019,Darius Henderson,UMass Lowell,66600,6-9,"6'9""",81.0,78.36,"6'6""",-2.64,plays_shorter,78.36,"6'6""",-2.64,plays_shorter
2019,Allin Blunt,UMass Lowell,66602,6-7,"6'7""",79.0,75.46,"6'3""",-3.54,plays_shorter,75.46,"6'3""",-3.54,plays_shorter
2019,Bryce Daley,UMass Lowell,66603,6-4,"6'4""",76.0,75.52,"6'4""",-0.48,plays_at_height,75.52,"6'4""",-0.48,plays_at_height
2019,Sam Sessoms,Binghamton,66606,6-0,"6'0""",72.0,74.59,"6'3""",2.59,plays_taller,74.59,"6'3""",2.59,plays_taller
2019,Kira Lewis Jr.,Alabama,66608,6-3,"6'3""",75.0,76.28,"6'4""",1.28,plays_taller,76.28,"6'4""",1.28,plays_taller
2019,Isaiah Joe,Arkansas,66609,6-5,"6'5""",77.0,76.04,"6'4""",-0.96,plays_shorter,76.04,"6'4""",-0.96,plays_shorter
2019,Desi Sills,Arkansas,66610,6-2,"6'2""",74.0,75.51,"6'4""",1.51,plays_taller,75.51,"6'4""",1.51,plays_taller
2019,Keyshawn Embery-Simpson,Arkansas,66611,6-3,"6'3""",75.0,74.87,"6'3""",-0.13,plays_at_height,74.87,"6'3""",-0.13,plays_at_height
2019,Luka Brajkovic,Davidson,66612,6-10,"6'10""",82.0,81.11,"6'9""",-0.89,plays_shorter,81.11,"6'9""",-0.89,plays_shorter
2019,Antoine Davis,Detroit Mercy,66614,6-1,"6'1""",73.0,73.73,"6'2""",0.73,plays_at_height,73.73,"6'2""",0.73,plays_at_height
2019,Chuck Hannah,Elon,66615,6-6,"6'6""",78.0,76.26,"6'4""",-1.74,plays_shorter,76.26,"6'4""",-1.74,plays_shorter
2019,Devonaire Doutrive,Arizona,66617,6-5,"6'5""",77.0,79.42,"6'7""",2.42,plays_taller,79.42,"6'7""",2.42,plays_taller
2019,Jemarl Baker,Kentucky,66618,6-4,"6'4""",76.0,74.42,"6'2""",-1.58,plays_shorter,74.42,"6'2""",-1.58,plays_shorter
2019,Adam Thistlewood,Colorado St.,66620,6-6,"6'6""",78.0,75.81,"6'4""",-2.19,plays_shorter,75.81,"6'4""",-2.19,plays_shorter
2019,Taeshon Cherry,Arizona St.,66622,6-8,"6'8""",80.0,77.05,"6'5""",-2.95,plays_shorter,77.05,"6'5""",-2.95,plays_shorter
2019,Pat Dembley,Boise St.,66623,6-1,"6'1""",73.0,75.19,"6'3""",2.19,plays_taller,75.19,"6'3""",2.19,plays_taller
2019,Kendle Moore,Colorado St.,66624,5-10,"5'10""",70.0,75.11,"6'3""",5.11,plays_taller,75.11,"6'3""",5.11,plays_taller
2019,Cameron Shelton,Northern Arizona,66626,6-2,"6'2""",74.0,77.1,"6'5""",3.1,plays_taller,77.1,"6'5""",3.1,plays_taller
2019,Cole Bergan,Northern Colorado,66628,6-7,"6'7""",79.0,77.96,"6'6""",-1.04,plays_shorter,77.96,"6'6""",-1.04,plays_shorter
2019,Jared Rhoden,Seton Hall,66630,6-6,"6'6""",78.0,78.37,"6'6""",0.37,plays_at_height,78.37,"6'6""",0.37,plays_at_height
2019,Anthony Nelson,Seton Hall,66631,6-4,"6'4""",76.0,74.65,"6'3""",-1.35,plays_shorter,74.65,"6'3""",-1.35,plays_shorter
2019,Treavon Martin,SIU Edwardsville,66633,6-8,"6'8""",80.0,78.28,"6'6""",-1.72,plays_shorter,78.28,"6'6""",-1.72,plays_shorter
2019,Nigel Hawkins,UTEP,66636,6-4,"6'4""",76.0,77.02,"6'5""",1.02,plays_taller,77.02,"6'5""",1.02,plays_taller
2019,Calistus Anyichie,Binghamton,66637,6-9,"6'9""",81.0,80.56,"6'9""",-0.44,plays_at_height,80.56,"6'9""",-0.44,plays_at_height
2019,Wyatt Lowell,Utah Valley,66638,6-10,"6'10""",82.0,76.96,"6'5""",-5.04,plays_shorter,76.96,"6'5""",-5.04,plays_shorter
2019,Daniel Sackey,Valparaiso,66639,5-9,"5'9""",69.0,74.47,"6'2""",5.47,plays_taller,74.47,"6'2""",5.47,plays_taller
2019,Calvin Poulina,Binghamton,66640,6-8,"6'8""",80.0,73.33,"6'1""",-6.67,plays_shorter,73.33,"6'1""",-6.67,plays_shorter
2019,Matthew Mayer,Baylor,66643,6-9,"6'9""",81.0,76.75,"6'5""",-4.25,plays_shorter,76.75,"6'5""",-4.25,plays_shorter
2019,Malachi Smith,Wright St.,66644,6-3,"6'3""",75.0,77.75,"6'6""",2.75,plays_taller,77.75,"6'6""",2.75,plays_taller
2019,Skyelar Potter,Wright St.,66648,6-3,"6'3""",75.0,77.35,"6'5""",2.35,plays_taller,77.35,"6'5""",2.35,plays_taller
2019,Bodie Hume,Northern Colorado,66650,6-6,"6'6""",78.0,78.76,"6'7""",0.76,plays_taller,78.76,"6'7""",0.76,plays_taller
2019,JayQuan McCloud,Green Bay,66652,6-2,"6'2""",74.0,74.96,"6'3""",0.96,plays_taller,74.96,"6'3""",0.96,plays_taller
2019,Luguentz Dort,Arizona St.,66653,6-4,"6'4""",76.0,78.58,"6'7""",2.58,plays_taller,78.58,"6'7""",2.58,plays_taller
2019,Sam Masten,Northern Colorado,66654,6-2,"6'2""",74.0,75.03,"6'3""",1.03,plays_taller,75.03,"6'3""",1.03,plays_taller
2019,Andy Pack,Elon,66659,6-4,"6'4""",76.0,75.26,"6'3""",-0.74,plays_at_height,75.26,"6'3""",-0.74,plays_at_height
2019,Michael Wang,Penn,66661,6-10,"6'10""",82.0,77.84,"6'6""",-4.16,plays_shorter,77.84,"6'6""",-4.16,plays_shorter
2019,Aguek Arop,San Diego St.,66663,6-6,"6'6""",78.0,79.63,"6'8""",1.63,plays_taller,79.63,"6'8""",1.63,plays_taller
2019,Darius Allen,Baylor,66667,6-4,"6'4""",76.0,79.48,"6'7""",3.48,plays_taller,79.48,"6'7""",3.48,plays_taller
2019,Tyree Eady,North Dakota St.,66670,6-5,"6'5""",77.0,75.19,"6'3""",-1.81,plays_shorter,75.19,"6'3""",-1.81,plays_shorter
2019,Mack Anderson,Montana,66672,6-9,"6'9""",81.0,78.29,"6'6""",-2.71,plays_shorter,78.29,"6'6""",-2.71,plays_shorter
2019,Damarri Moore,Tennessee St.,66674,6-8,"6'8""",80.0,77.53,"6'6""",-2.47,plays_shorter,77.53,"6'6""",-2.47,plays_shorter
2019,Emanuel Littles,North Alabama,66676,6-8,"6'8""",80.0,80.25,"6'8""",0.25,plays_at_height,80.25,"6'8""",0.25,plays_at_height
2019,Joey Glynn,UMass Lowell,66679,6-6,"6'6""",78.0,76.35,"6'4""",-1.65,plays_shorter,76.35,"6'4""",-1.65,plays_shorter
2019,Evan Battey,Colorado,66680,6-8,"6'8""",80.0,79.03,"6'7""",-0.97,plays_shorter,79.03,"6'7""",-0.97,plays_shorter
2019,Jaylen Richard,Charleston,66681,6-4,"6'4""",76.0,76.92,"6'5""",0.92,plays_taller,76.92,"6'5""",0.92,plays_taller
2019,Daniel Love,Mercer,66684,6-3,"6'3""",75.0,75.85,"6'4""",0.85,plays_taller,75.85,"6'4""",0.85,plays_taller
2019,Fardaws Aimaq,Mercer,66686,6-11,"6'11""",83.0,81.23,"6'9""",-1.77,plays_shorter,81.23,"6'9""",-1.77,plays_shorter
2019,Deng Gak,Miami FL,66693,6-10,"6'10""",82.0,81.2,"6'9""",-0.8,plays_shorter,81.2,"6'9""",-0.8,plays_shorter
2019,Dameane Douglas,Loyola Marymount,66696,6-7,"6'7""",79.0,79.48,"6'7""",0.48,plays_at_height,79.48,"6'7""",0.48,plays_at_height
2019,Luke Hamilton,Mercer,66698,6-8,"6'8""",80.0,75.7,"6'4""",-4.3,plays_shorter,75.7,"6'4""",-4.3,plays_shorter
2019,Alexis Yetna,South Florida,66704,6-8,"6'8""",80.0,81.93,"6'10""",1.93,plays_taller,81.93,"6'10""",1.93,plays_taller
2019,Terion Moss,Maine,66705,5-10,"5'10""",70.0,74.81,"6'3""",4.81,plays_taller,74.81,"6'3""",4.81,plays_taller
2019,Kevin Porter Jr.,USC,66706,6-6,"6'6""",78.0,78.68,"6'7""",0.68,plays_at_height,78.68,"6'7""",0.68,plays_at_height
2019,Davion Buster,Lamar,66707,5-10,"5'10""",70.0,74.39,"6'2""",4.39,plays_taller,74.39,"6'2""",4.39,plays_taller
2019,Timmy Allen,Utah,66708,6-6,"6'6""",78.0,78.58,"6'7""",0.58,plays_at_height,78.58,"6'7""",0.58,plays_at_height
2019,Noah Kirkwood,Harvard,66709,6-7,"6'7""",79.0,77.57,"6'6""",-1.43,plays_shorter,77.57,"6'6""",-1.43,plays_shorter
2019,J'Raan Brooks,USC,66710,6-9,"6'9""",81.0,75.38,"6'3""",-5.62,plays_shorter,75.38,"6'3""",-5.62,plays_shorter
2019,Brian Rodriguez-Flores,San Jose St.,67475,6-4,"6'4""",76.0,75.05,"6'3""",-0.95,plays_shorter,75.05,"6'3""",-0.95,plays_shorter
2019,Antione Lister,Prairie View A&M,67477,6-2,"6'2""",74.0,76.85,"6'5""",2.85,plays_taller,76.85,"6'5""",2.85,plays_taller
2019,Donel Cathcart III,Youngstown St.,67479,6-5,"6'5""",77.0,76.23,"6'4""",-0.77,plays_shorter,76.23,"6'4""",-0.77,plays_shorter
2019,Noah Saunders,Campbell,67480,6-6,"6'6""",78.0,76.22,"6'4""",-1.78,plays_shorter,76.22,"6'4""",-1.78,plays_shorter
2019,Abdul Dial,South Alabama,67481,6-3,"6'3""",75.0,75.89,"6'4""",0.89,plays_taller,75.89,"6'4""",0.89,plays_taller
2019,Kendale Hampton,Youngstown St.,67482,6-3,"6'3""",75.0,76.33,"6'4""",1.33,plays_taller,76.33,"6'4""",1.33,plays_taller
2019,Ron Freeman,Long Beach St.,67484,6-6,"6'6""",78.0,76.88,"6'5""",-1.12,plays_shorter,76.88,"6'5""",-1.12,plays_shorter
2019,Patrick Rucker,Mississippi Valley St.,67488,6-0,"6'0""",72.0,75.05,"6'3""",3.05,plays_taller,75.05,"6'3""",3.05,plays_taller
2019,Clayton Henry,New Mexico St.,67492,6-4,"6'4""",76.0,78.0,"6'6""",2.0,plays_taller,78.0,"6'6""",2.0,plays_taller
2019,Ivan Aurrecoechea,New Mexico St.,67493,6-8,"6'8""",80.0,80.74,"6'9""",0.74,plays_at_height,80.74,"6'9""",0.74,plays_at_height
2019,Mohamed Thiam,New Mexico St.,67496,6-9,"6'9""",81.0,79.89,"6'8""",-1.11,plays_shorter,79.89,"6'8""",-1.11,plays_shorter
2019,Ian Burke,Seattle,67497,6-5,"6'5""",77.0,75.41,"6'3""",-1.59,plays_shorter,75.41,"6'3""",-1.59,plays_shorter
2019,Dallas Morgan,Central Michigan,67499,6-1,"6'1""",73.0,74.5,"6'3""",1.5,plays_taller,74.5,"6'3""",1.5,plays_taller
2019,Boubacar Toure,Eastern Michigan,67500,6-11,"6'11""",83.0,83.95,"7'0""",0.95,plays_taller,83.95,"7'0""",0.95,plays_taller
2019,Lavar Harewood,South Carolina St.,67502,6-3,"6'3""",75.0,75.15,"6'3""",0.15,plays_at_height,75.15,"6'3""",0.15,plays_at_height
2019,Myron Gordon,Samford,67504,6-3,"6'3""",75.0,76.24,"6'4""",1.24,plays_taller,76.24,"6'4""",1.24,plays_taller
2019,Christian Rohlehr,St. Francis NY,67507,6-9,"6'9""",81.0,82.1,"6'10""",1.1,plays_taller,82.1,"6'10""",1.1,plays_taller
2019,Rod Melton,Florida A&M,67511,6-1,"6'1""",73.0,76.21,"6'4""",3.21,plays_taller,76.21,"6'4""",3.21,plays_taller
2019,Chris Brandon,Detroit Mercy,67512,6-7,"6'7""",79.0,79.38,"6'7""",0.38,plays_at_height,79.38,"6'7""",0.38,plays_at_height
2019,Lamar Hamrick,Detroit Mercy,67513,6-4,"6'4""",76.0,77.42,"6'5""",1.42,plays_taller,77.42,"6'5""",1.42,plays_taller
2019,Jonas Harper,Boston University,67520,6-2,"6'2""",74.0,74.91,"6'3""",0.91,plays_taller,74.91,"6'3""",0.91,plays_taller
2019,Jervae Robinson,Washington St.,67521,6-2,"6'2""",74.0,73.91,"6'2""",-0.09,plays_at_height,73.91,"6'2""",-0.09,plays_at_height
2019,Leonard Harper-Baker,Southern Miss,67528,6-5,"6'5""",77.0,81.31,"6'9""",4.31,plays_taller,81.31,"6'9""",4.31,plays_taller
2019,Job Alexander,Cal Poly,67529,6-4,"6'4""",76.0,75.97,"6'4""",-0.03,plays_at_height,75.97,"6'4""",-0.03,plays_at_height
2019,Bernie Andre,Northern Arizona,67538,6-7,"6'7""",79.0,78.79,"6'7""",-0.21,plays_at_height,78.79,"6'7""",-0.21,plays_at_height
2019,Grant Weatherford,IU Indy,67542,6-2,"6'2""",74.0,76.81,"6'5""",2.81,plays_taller,76.81,"6'5""",2.81,plays_taller
2019,Marcus Mitchell,Mississippi Valley St.,67544,6-7,"6'7""",79.0,78.06,"6'6""",-0.94,plays_shorter,78.06,"6'6""",-0.94,plays_shorter
2019,Anand Hundal,Seattle,67546,6-10,"6'10""",82.0,79.43,"6'7""",-2.57,plays_shorter,79.43,"6'7""",-2.57,plays_shorter
2019,Rob Whitfield,UMKC,67548,6-3,"6'3""",75.0,75.66,"6'4""",0.66,plays_at_height,75.66,"6'4""",0.66,plays_at_height
2019,Greg Summers,Navy,67551,6-3,"6'3""",75.0,76.99,"6'5""",1.99,plays_taller,76.99,"6'5""",1.99,plays_taller
2019,John Carter Jr.,Navy,67553,6-4,"6'4""",76.0,76.56,"6'5""",0.56,plays_at_height,76.56,"6'5""",0.56,plays_at_height
2019,Osi Nwachukwu,Sacramento St.,67555,6-5,"6'5""",77.0,77.75,"6'6""",0.75,plays_taller,77.75,"6'6""",0.75,plays_taller
2019,Jayce Johnson,Middle Tennessee,67557,6-5,"6'5""",77.0,77.7,"6'6""",0.7,plays_at_height,77.7,"6'6""",0.7,plays_at_height
2019,Andres Ibarguen,UT Arlington,67559,6-5,"6'5""",77.0,81.03,"6'9""",4.03,plays_taller,81.03,"6'9""",4.03,plays_taller
2019,Jabari Narcis,UT Arlington,67560,6-9,"6'9""",81.0,80.73,"6'9""",-0.27,plays_at_height,80.73,"6'9""",-0.27,plays_at_height
2019,Josh Caldwell,Army,67565,6-2,"6'2""",74.0,76.34,"6'4""",2.34,plays_taller,76.34,"6'4""",2.34,plays_taller
2019,Aaron Duhart,Army,67567,6-0,"6'0""",72.0,74.66,"6'3""",2.66,plays_taller,74.66,"6'3""",2.66,plays_taller
2019,Mubarak Muhammed,Louisiana Tech,67578,6-7,"6'7""",79.0,80.19,"6'8""",1.19,plays_taller,80.19,"6'8""",1.19,plays_taller
2019,Keenan Gumbs,Liberty,67591,6-5,"6'5""",77.0,77.35,"6'5""",0.35,plays_at_height,77.35,"6'5""",0.35,plays_at_height
2019,Brandon McGhee,Pacific,67593,6-3,"6'3""",75.0,76.73,"6'5""",1.73,plays_taller,76.73,"6'5""",1.73,plays_taller
2019,Gregory Jones-Rollins,Mississippi Valley St.,67601,6-2,"6'2""",74.0,76.68,"6'5""",2.68,plays_taller,76.68,"6'5""",2.68,plays_taller
2019,Shaun Doss,Arkansas Pine Bluff,67602,6-5,"6'5""",77.0,78.01,"6'6""",1.01,plays_taller,78.01,"6'6""",1.01,plays_taller
2019,TJ Washington,Utah Valley,67603,6-0,"6'0""",72.0,74.98,"6'3""",2.98,plays_taller,74.98,"6'3""",2.98,plays_taller
2019,Patrick Mwamba,UT Arlington,67612,6-5,"6'5""",77.0,77.85,"6'6""",0.85,plays_taller,77.85,"6'6""",0.85,plays_taller
2019,Bryce Davis,Incarnate Word,67613,6-7,"6'7""",79.0,76.44,"6'4""",-2.56,plays_shorter,76.44,"6'4""",-2.56,plays_shorter
2019,Darius Williams,Prairie View A&M,67616,6-0,"6'0""",72.0,75.05,"6'3""",3.05,plays_taller,75.05,"6'3""",3.05,plays_taller
2019,Tray Boyd III,East Tennessee St.,67619,6-4,"6'4""",76.0,75.9,"6'4""",-0.1,plays_at_height,75.9,"6'4""",-0.1,plays_at_height
2019,Isaiah Tisdale,East Tennessee St.,67621,6-1,"6'1""",73.0,77.18,"6'5""",4.18,plays_taller,77.18,"6'5""",4.18,plays_taller
2019,Frank Bertz,UCF,67623,6-5,"6'5""",77.0,76.69,"6'5""",-0.31,plays_at_height,76.69,"6'5""",-0.31,plays_at_height
2019,Brandon Wright,Alabama A&M,67625,6-2,"6'2""",74.0,75.55,"6'4""",1.55,plays_taller,75.55,"6'4""",1.55,plays_taller
2019,Akiem Daschner,Texas St.,67631,6-7,"6'7""",79.0,75.88,"6'4""",-3.12,plays_shorter,75.88,"6'4""",-3.12,plays_shorter
2019,Radshad Davis,UT Arlington,67632,6-2,"6'2""",74.0,78.95,"6'7""",4.95,plays_taller,78.95,"6'7""",4.95,plays_taller
2019,Brian Warren,UT Arlington,67633,5-11,"5'11""",71.0,75.0,"6'3""",4.0,plays_taller,75.0,"6'3""",4.0,plays_taller
2019,Neemias Queta,Utah St.,67637,6-11,"6'11""",83.0,85.53,"7'2""",2.53,plays_taller,85.53,"7'2""",2.53,plays_taller
2019,Antun Maricevic,South Florida,67638,6-10,"6'10""",82.0,78.16,"6'6""",-3.84,plays_shorter,78.16,"6'6""",-3.84,plays_shorter
2019,Devon Andrews,FIU,67640,6-6,"6'6""",78.0,78.27,"6'6""",0.27,plays_at_height,78.27,"6'6""",0.27,plays_at_height
2019,Tyreek Scott-Grayson,UAB,67641,6-5,"6'5""",77.0,77.1,"6'5""",0.1,plays_at_height,77.1,"6'5""",0.1,plays_at_height
2019,Derek St. Hilaire,Jacksonville St.,67642,5-11,"5'11""",71.0,74.8,"6'3""",3.8,plays_taller,74.8,"6'3""",3.8,plays_taller
2019,Josh Jefferson,Illinois St.,67646,6-2,"6'2""",74.0,74.29,"6'2""",0.29,plays_at_height,74.29,"6'2""",0.29,plays_at_height
2019,Pernell Adgei,Longwood,67648,6-8,"6'8""",80.0,78.72,"6'7""",-1.28,plays_shorter,78.72,"6'7""",-1.28,plays_shorter
2019,Jacob Holland,Detroit Mercy,67649,6-4,"6'4""",76.0,75.24,"6'3""",-0.76,plays_shorter,75.24,"6'3""",-0.76,plays_shorter
2019,Robinson Idehen,UC Santa Barbara,67652,6-10,"6'10""",82.0,81.18,"6'9""",-0.82,plays_shorter,81.18,"6'9""",-0.82,plays_shorter
2019,Romain Boxus,Hartford,67656,6-6,"6'6""",78.0,76.29,"6'4""",-1.71,plays_shorter,76.29,"6'4""",-1.71,plays_shorter
2019,De'jon Davis,Cal Baptist,67658,6-7,"6'7""",79.0,79.6,"6'8""",0.6,plays_at_height,79.6,"6'8""",0.6,plays_at_height
2019,Fahim Jenneto,Delaware St.,67661,6-7,"6'7""",79.0,75.45,"6'3""",-3.55,plays_shorter,75.45,"6'3""",-3.55,plays_shorter
2019,Jeff Coulanges,Wagner,67664,6-3,"6'3""",75.0,76.16,"6'4""",1.16,plays_taller,76.16,"6'4""",1.16,plays_taller
2019,Brian Fobbs,Towson,67669,6-4,"6'4""",76.0,77.52,"6'6""",1.52,plays_taller,77.52,"6'6""",1.52,plays_taller
2019,David Hall,New Hampshire,67676,6-6,"6'6""",78.0,77.2,"6'5""",-0.8,plays_shorter,77.2,"6'5""",-0.8,plays_shorter
2019,J'Von McCormick,Auburn,67678,6-0,"6'0""",72.0,75.63,"6'4""",3.63,plays_taller,75.63,"6'4""",3.63,plays_taller
2019,DeAnthony McCallum,Jacksonville,67685,6-4,"6'4""",76.0,76.32,"6'4""",0.32,plays_at_height,76.32,"6'4""",0.32,plays_at_height
2019,DJ Houston,Western Michigan,67686,5-11,"5'11""",71.0,75.95,"6'4""",4.95,plays_taller,75.95,"6'4""",4.95,plays_taller
2019,Kenton Eskridge,Southern Utah,67688,6-2,"6'2""",74.0,74.52,"6'3""",0.52,plays_at_height,74.52,"6'3""",0.52,plays_at_height
2019,Michael Steadman,San Jose St.,67693,6-10,"6'10""",82.0,78.76,"6'7""",-3.24,plays_shorter,78.76,"6'7""",-3.24,plays_shorter
2019,Ethan Esposito,Sacramento St.,67695,6-7,"6'7""",79.0,78.99,"6'7""",-0.01,plays_at_height,78.99,"6'7""",-0.01,plays_at_height
2019,Ricardo Lynch,Stetson,67698,6-7,"6'7""",79.0,76.45,"6'4""",-2.55,plays_shorter,76.45,"6'4""",-2.55,plays_shorter
2019,Jahlil Rawley,Stetson,67699,6-4,"6'4""",76.0,76.17,"6'4""",0.17,plays_at_height,76.17,"6'4""",0.17,plays_at_height
2019,Marques Sumner,Stetson,67700,6-1,"6'1""",73.0,74.39,"6'2""",1.39,plays_taller,74.39,"6'2""",1.39,plays_taller
2019,Willy Isiani,Detroit Mercy,67705,6-8,"6'8""",80.0,74.7,"6'3""",-5.3,plays_shorter,74.7,"6'3""",-5.3,plays_shorter
2019,Garrett Sturtz,Drake,67707,6-3,"6'3""",75.0,76.41,"6'4""",1.41,plays_taller,76.41,"6'4""",1.41,plays_taller
2019,Anthony Murphy,Drake,67708,6-5,"6'5""",77.0,78.51,"6'7""",1.51,plays_taller,78.51,"6'7""",1.51,plays_taller
2019,Tavon King,North Alabama,67713,6-0,"6'0""",72.0,74.79,"6'3""",2.79,plays_taller,74.79,"6'3""",2.79,plays_taller
2019,Nate Louis,Charleston Southern,67714,5-11,"5'11""",71.0,73.42,"6'1""",2.42,plays_taller,73.42,"6'1""",2.42,plays_taller
2019,Harrison Curry,Detroit Mercy,67717,6-7,"6'7""",79.0,79.22,"6'7""",0.22,plays_at_height,79.22,"6'7""",0.22,plays_at_height
2019,Quintin Dove,Tennessee Martin,67718,6-8,"6'8""",80.0,79.52,"6'8""",-0.48,plays_at_height,79.52,"6'8""",-0.48,plays_at_height
2019,Jeremy Smith,Cal Baptist,67719,6-0,"6'0""",72.0,74.14,"6'2""",2.14,plays_taller,74.14,"6'2""",2.14,plays_taller
2019,Chad Bowie,Sam Houston St.,67724,6-2,"6'2""",74.0,75.54,"6'4""",1.54,plays_taller,75.54,"6'4""",1.54,plays_taller
2019,Irshaad Hunte,Texas A&M Corpus Chris,67725,6-8,"6'8""",80.0,80.67,"6'9""",0.67,plays_at_height,80.67,"6'9""",0.67,plays_at_height
2019,Tony Lewis,Texas A&M Corpus Chris,67726,6-10,"6'10""",82.0,78.63,"6'7""",-3.37,plays_shorter,78.63,"6'7""",-3.37,plays_shorter
2019,Kai Mitchell,Sam Houston St.,67727,6-7,"6'7""",79.0,79.89,"6'8""",0.89,plays_taller,79.89,"6'8""",0.89,plays_taller
2019,Devonte Bandoo,Baylor,67729,6-3,"6'3""",75.0,76.84,"6'5""",1.84,plays_taller,76.84,"6'5""",1.84,plays_taller
2019,Zach Hankins,Xavier,67730,6-11,"6'11""",83.0,84.22,"7'0""",1.22,plays_taller,84.22,"7'0""",1.22,plays_taller
2019,Ronald Lucas,Delaware St.,67735,6-6,"6'6""",78.0,78.0,"6'6""",0.0,plays_at_height,78.0,"6'6""",0.0,plays_at_height
2019,Vilgot Larsson,Maine,67736,6-8,"6'8""",80.0,77.02,"6'5""",-2.98,plays_shorter,77.02,"6'5""",-2.98,plays_shorter
2019,Trey Spencer,Campbell,67738,6-4,"6'4""",76.0,74.32,"6'2""",-1.68,plays_shorter,74.32,"6'2""",-1.68,plays_shorter
2019,Richardson Maitre,Florida Atlantic,67739,6-3,"6'3""",75.0,75.79,"6'4""",0.79,plays_taller,75.79,"6'4""",0.79,plays_taller
2019,Aleksandar Zecevic,Florida Atlantic,67740,6-10,"6'10""",82.0,78.84,"6'7""",-3.16,plays_shorter,78.84,"6'7""",-3.16,plays_shorter
2019,Marcus Burwell,FIU,67741,6-2,"6'2""",74.0,74.0,"6'2""",0.0,plays_at_height,74.0,"6'2""",0.0,plays_at_height
2019,Ra'Shawn Langston,Louisiana Tech,67742,6-3,"6'3""",75.0,75.68,"6'4""",0.68,plays_at_height,75.68,"6'4""",0.68,plays_at_height
2019,Karim Ezzeddine,New Mexico,67745,6-8,"6'8""",80.0,77.61,"6'6""",-2.39,plays_shorter,77.61,"6'6""",-2.39,plays_shorter
2019,Tyler Kidd,Eastern Washington,67746,5-11,"5'11""",71.0,74.03,"6'2""",3.03,plays_taller,74.03,"6'2""",3.03,plays_taller
2019,Tremell Murphy,Drake,67747,6-6,"6'6""",78.0,78.94,"6'7""",0.94,plays_taller,78.94,"6'7""",0.94,plays_taller
2019,D.J. Wilkins,Drake,67748,6-2,"6'2""",74.0,74.41,"6'2""",0.41,plays_at_height,74.41,"6'2""",0.41,plays_at_height
2019,Ahmed Ali,Washington St.,67749,5-11,"5'11""",71.0,74.19,"6'2""",3.19,plays_taller,74.19,"6'2""",3.19,plays_taller
2019,Tracy Hector,Florida A&M,67751,6-5,"6'5""",77.0,77.83,"6'6""",0.83,plays_taller,77.83,"6'6""",0.83,plays_taller
2019,Kevin Little,Tennessee Martin,67752,6-0,"6'0""",72.0,73.26,"6'1""",1.26,plays_taller,73.26,"6'1""",1.26,plays_taller
2019,Marvin Cannon,Washington St.,67757,6-5,"6'5""",77.0,78.71,"6'7""",1.71,plays_taller,78.71,"6'7""",1.71,plays_taller
2019,Jordan Heading,Cal Baptist,67758,6-2,"6'2""",74.0,75.04,"6'3""",1.04,plays_taller,75.04,"6'3""",1.04,plays_taller
2019,Bul Kuol,Cal Baptist,67759,6-7,"6'7""",79.0,76.55,"6'5""",-2.45,plays_shorter,76.55,"6'5""",-2.45,plays_shorter
2019,Ty Rowell,Cal Baptist,67762,6-2,"6'2""",74.0,74.08,"6'2""",0.08,plays_at_height,74.08,"6'2""",0.08,plays_at_height
2019,Nikola Maric,Little Rock,67764,6-10,"6'10""",82.0,78.87,"6'7""",-3.13,plays_shorter,78.87,"6'7""",-3.13,plays_shorter
2019,J.J. Matthews,Arkansas St.,67765,6-9,"6'9""",81.0,78.43,"6'6""",-2.57,plays_shorter,78.43,"6'6""",-2.57,plays_shorter
2019,Canberk Kus,Arkansas St.,67767,6-6,"6'6""",78.0,77.79,"6'6""",-0.21,plays_at_height,77.79,"6'6""",-0.21,plays_at_height
2019,Trey Drechsel,Grand Canyon,67770,6-6,"6'6""",78.0,78.15,"6'6""",0.15,plays_at_height,78.15,"6'6""",0.15,plays_at_height
2019,Ty Gadsden,UNC Wilmington,67771,6-1,"6'1""",73.0,74.49,"6'2""",1.49,plays_taller,74.49,"6'2""",1.49,plays_taller
2019,Jashawn Talton,Texas A&M Corpus Chris,67773,6-5,"6'5""",77.0,76.93,"6'5""",-0.07,plays_at_height,76.93,"6'5""",-0.07,plays_at_height
2019,Luidgy Laporal,Saint Francis,67774,6-9,"6'9""",81.0,77.9,"6'6""",-3.1,plays_shorter,77.9,"6'6""",-3.1,plays_shorter
2019,Jimmy Ratliff,Siena,67775,6-8,"6'8""",80.0,73.61,"6'2""",-6.39,plays_shorter,73.61,"6'2""",-6.39,plays_shorter
2019,Tre Todd,Alabama A&M,67777,5-11,"5'11""",71.0,74.39,"6'2""",3.39,plays_taller,74.39,"6'2""",3.39,plays_taller
2019,Terrell Brown,Seattle,67778,6-1,"6'1""",73.0,78.16,"6'6""",5.16,plays_taller,78.16,"6'6""",5.16,plays_taller
2019,Malik Brevard,Arkansas St.,67780,6-8,"6'8""",80.0,79.28,"6'7""",-0.72,plays_at_height,79.28,"6'7""",-0.72,plays_at_height
2019,A.J. Walker,Air Force,67787,6-2,"6'2""",74.0,74.55,"6'3""",0.55,plays_at_height,74.55,"6'3""",0.55,plays_at_height
2019,Brandon Mahan,Texas A&M,67790,6-5,"6'5""",77.0,76.55,"6'5""",-0.45,plays_at_height,76.55,"6'5""",-0.45,plays_at_height
2019,Marlon Sierra,Bowling Green,67796,6-7,"6'7""",79.0,77.11,"6'5""",-1.89,plays_shorter,77.11,"6'5""",-1.89,plays_shorter
2019,Mike Davis,Murray St.,67797,6-7,"6'7""",79.0,77.57,"6'6""",-1.43,plays_shorter,77.57,"6'6""",-1.43,plays_shorter
2019,Michael Laster,Bowling Green,67798,6-1,"6'1""",73.0,76.01,"6'4""",3.01,plays_taller,76.01,"6'4""",3.01,plays_taller
2019,Jake Hendricks,Wyoming,67800,6-5,"6'5""",77.0,73.89,"6'2""",-3.11,plays_shorter,73.89,"6'2""",-3.11,plays_shorter
2019,Mason Jones,Arkansas,67803,6-5,"6'5""",77.0,76.05,"6'4""",-0.95,plays_shorter,76.05,"6'4""",-0.95,plays_shorter
2019,Romaro Gill,Seton Hall,67804,7-2,"7'2""",86.0,83.45,"6'11""",-2.55,plays_shorter,83.45,"6'11""",-2.55,plays_shorter
2019,Tyler Reynolds,Manhattan,67806,6-7,"6'7""",79.0,75.95,"6'4""",-3.05,plays_shorter,75.95,"6'4""",-3.05,plays_shorter
2019,Keith McGee,New Mexico,67809,6-3,"6'3""",75.0,75.38,"6'3""",0.38,plays_at_height,75.38,"6'3""",0.38,plays_at_height
2019,KC Ndefo,Saint Peter's,67812,6-6,"6'6""",78.0,81.01,"6'9""",3.01,plays_taller,81.01,"6'9""",3.01,plays_taller
2019,Josh Aldrich,USC Upstate,67815,6-7,"6'7""",79.0,77.73,"6'6""",-1.27,plays_shorter,77.73,"6'6""",-1.27,plays_shorter
2019,Larry Robinson III,New Orleans,67821,5-11,"5'11""",71.0,74.7,"6'3""",3.7,plays_taller,74.7,"6'3""",3.7,plays_taller
2019,R.J. Smith,Sam Houston St.,67822,6-5,"6'5""",77.0,77.44,"6'5""",0.44,plays_at_height,77.44,"6'5""",0.44,plays_at_height
2019,Ountae Campbell,UTEP,67823,6-4,"6'4""",76.0,76.47,"6'4""",0.47,plays_at_height,76.47,"6'4""",0.47,plays_at_height
2019,Owen King,South Dakota St.,67825,6-3,"6'3""",75.0,74.91,"6'3""",-0.09,plays_at_height,74.91,"6'3""",-0.09,plays_at_height
2019,Pape Diop,Southeastern Louisiana,67826,6-9,"6'9""",81.0,79.76,"6'8""",-1.24,plays_shorter,79.76,"6'8""",-1.24,plays_shorter
2019,Trevor Banks,Arkansas Pine Bluff,67833,6-8,"6'8""",80.0,77.79,"6'6""",-2.21,plays_shorter,77.79,"6'6""",-2.21,plays_shorter
2019,Isaiah Hart,Austin Peay,67835,6-2,"6'2""",74.0,74.65,"6'3""",0.65,plays_at_height,74.65,"6'3""",0.65,plays_at_height
2019,Kyonze Chavis,Norfolk St.,67836,6-4,"6'4""",76.0,76.54,"6'5""",0.54,plays_at_height,76.54,"6'5""",0.54,plays_at_height
2019,Andre Jackson,North Carolina A&T,67837,6-4,"6'4""",76.0,74.26,"6'2""",-1.74,plays_shorter,74.26,"6'2""",-1.74,plays_shorter
2019,Ronald Jackson,North Carolina A&T,67838,6-8,"6'8""",80.0,80.37,"6'8""",0.37,plays_at_height,80.37,"6'8""",0.37,plays_at_height
2019,Christian Gray,Fresno St.,67846,6-6,"6'6""",78.0,78.33,"6'6""",0.33,plays_at_height,78.33,"6'6""",0.33,plays_at_height
2019,Jeremiah Bailey,Pacific,67850,6-6,"6'6""",78.0,76.38,"6'4""",-1.62,plays_shorter,76.38,"6'4""",-1.62,plays_shorter
2019,Cameron Gottfried,Cal St. Northridge,67851,6-3,"6'3""",75.0,76.03,"6'4""",1.03,plays_taller,76.03,"6'4""",1.03,plays_taller
2019,Jaylon Wilson,Longwood,67856,6-3,"6'3""",75.0,74.65,"6'3""",-0.35,plays_at_height,74.65,"6'3""",-0.35,plays_at_height
2019,Juan Cardenas,Bryant,67857,6-7,"6'7""",79.0,80.84,"6'9""",1.84,plays_taller,80.84,"6'9""",1.84,plays_taller
2019,Lorenzo Phillips,Longwood,67858,6-1,"6'1""",73.0,75.57,"6'4""",2.57,plays_taller,75.57,"6'4""",2.57,plays_taller
2019,Tank Hemphill,Green Bay,67864,6-6,"6'6""",78.0,79.46,"6'7""",1.46,plays_taller,79.46,"6'7""",1.46,plays_taller
2019,Josh McNair,Green Bay,67865,6-6,"6'6""",78.0,79.44,"6'7""",1.44,plays_taller,79.44,"6'7""",1.44,plays_taller
2019,Chidi Udengwu,Idaho St.,67867,6-7,"6'7""",79.0,79.93,"6'8""",0.93,plays_taller,79.93,"6'8""",0.93,plays_taller
2019,Gerard Andrus,Prairie View A&M,67872,6-5,"6'5""",77.0,78.24,"6'6""",1.24,plays_taller,78.24,"6'6""",1.24,plays_taller
2019,C.J. Kelly,Norfolk St.,67875,6-5,"6'5""",77.0,77.18,"6'5""",0.18,plays_at_height,77.18,"6'5""",0.18,plays_at_height
2019,Aramani Hill,South Carolina St.,67876,6-7,"6'7""",79.0,76.74,"6'5""",-2.26,plays_shorter,76.74,"6'5""",-2.26,plays_shorter
2019,Jeremy Hayes,Louisiana,67883,6-3,"6'3""",75.0,75.56,"6'4""",0.56,plays_at_height,75.56,"6'4""",0.56,plays_at_height
2019,Tyree White,Louisiana Monroe,67886,6-7,"6'7""",79.0,79.69,"6'8""",0.69,plays_at_height,79.69,"6'8""",0.69,plays_at_height
2019,Christian Barrett,Lamar,67890,6-6,"6'6""",78.0,82.02,"6'10""",4.02,plays_taller,82.02,"6'10""",4.02,plays_taller
2019,Edwin Jeudy,Lamar,67891,6-7,"6'7""",79.0,77.67,"6'6""",-1.33,plays_shorter,77.67,"6'6""",-1.33,plays_shorter
2019,Jeromy Rodriguez,East Tennessee St.,67892,6-7,"6'7""",79.0,81.87,"6'10""",2.87,plays_taller,81.87,"6'10""",2.87,plays_taller
2019,Freddie Gillespie,Baylor,67893,6-8,"6'8""",80.0,81.98,"6'10""",1.98,plays_taller,81.98,"6'10""",1.98,plays_taller
2019,A.J. Banks,Wyoming,67895,6-2,"6'2""",74.0,77.82,"6'6""",3.82,plays_taller,77.82,"6'6""",3.82,plays_taller
2019,Kendarius Smith,North Alabama,67897,5-10,"5'10""",70.0,75.35,"6'3""",5.35,plays_taller,75.35,"6'3""",5.35,plays_taller
2019,Kashawn Charles,Eastern Illinois,67900,6-1,"6'1""",73.0,74.34,"6'2""",1.34,plays_taller,74.34,"6'2""",1.34,plays_taller
2019,Chris Smith,Arkansas Pine Bluff,67906,6-8,"6'8""",80.0,78.71,"6'7""",-1.29,plays_shorter,78.71,"6'7""",-1.29,plays_shorter
2019,Jacob Tryon,Portland,67909,7-0,"7'0""",84.0,77.06,"6'5""",-6.94,plays_shorter,77.06,"6'5""",-6.94,plays_shorter
2019,Yilret Yiljep,American,67911,6-7,"6'7""",79.0,77.13,"6'5""",-1.87,plays_shorter,77.13,"6'5""",-1.87,plays_shorter
2019,Sean Flood,Longwood,67916,6-2,"6'2""",74.0,74.51,"6'3""",0.51,plays_at_height,74.51,"6'3""",0.51,plays_at_height
2019,Wil Sessoms,Milwaukee,67919,6-8,"6'8""",80.0,78.36,"6'6""",-1.64,plays_shorter,78.36,"6'6""",-1.64,plays_shorter
2019,Bobby Arthur-Williams,Milwaukee,67920,6-7,"6'7""",79.0,76.59,"6'5""",-2.41,plays_shorter,76.59,"6'5""",-2.41,plays_shorter
2019,Amir Allen,Milwaukee,67921,6-8,"6'8""",80.0,81.72,"6'10""",1.72,plays_taller,81.72,"6'10""",1.72,plays_taller
2019,Cameron Diggs,North Alabama,67923,6-9,"6'9""",81.0,77.33,"6'5""",-3.67,plays_shorter,77.33,"6'5""",-3.67,plays_shorter
2019,Georges Darwiche,Siena,67924,6-1,"6'1""",73.0,73.18,"6'1""",0.18,plays_at_height,73.18,"6'1""",0.18,plays_at_height
2019,Osa Wilson,Southern,67925,6-6,"6'6""",78.0,79.53,"6'8""",1.53,plays_taller,79.53,"6'8""",1.53,plays_taller
2019,Jahmari Etienne,South Carolina St.,67931,6-3,"6'3""",75.0,73.67,"6'2""",-1.33,plays_shorter,73.67,"6'2""",-1.33,plays_shorter
2019,Jonathan Scott,Chattanooga,67943,6-4,"6'4""",76.0,75.78,"6'4""",-0.22,plays_at_height,75.78,"6'4""",-0.22,plays_at_height
2019,Isaiah Crawley,Georgia Southern,67945,6-7,"6'7""",79.0,79.63,"6'8""",0.63,plays_at_height,79.63,"6'8""",0.63,plays_at_height
2019,Donaven Dorsey,Montana,67946,6-7,"6'7""",79.0,76.71,"6'5""",-2.29,plays_shorter,76.71,"6'5""",-2.29,plays_shorter
2019,Josiah Wallace,Eastern Illinois,67948,6-4,"6'4""",76.0,75.06,"6'3""",-0.94,plays_shorter,75.06,"6'3""",-0.94,plays_shorter
2019,Keandre Cook,Missouri St.,67950,6-5,"6'5""",77.0,77.77,"6'6""",0.77,plays_taller,77.77,"6'6""",0.77,plays_taller
2019,JaQualis Matlock,Eastern Illinois,67951,6-5,"6'5""",77.0,78.11,"6'6""",1.11,plays_taller,78.11,"6'6""",1.11,plays_taller
2019,Jordan Oakley,Eastern Kentucky,67952,6-5,"6'5""",77.0,79.2,"6'7""",2.2,plays_taller,79.2,"6'7""",2.2,plays_taller
2019,Kendall Stafford,North Alabama,67957,6-4,"6'4""",76.0,77.46,"6'5""",1.46,plays_taller,77.46,"6'5""",1.46,plays_taller
2019,Seth LeDay,East Carolina,67960,6-7,"6'7""",79.0,81.13,"6'9""",2.13,plays_taller,81.13,"6'9""",2.13,plays_taller
2019,Bobby Parker,Kennesaw St.,67963,6-4,"6'4""",76.0,74.88,"6'3""",-1.12,plays_shorter,74.88,"6'3""",-1.12,plays_shorter
2019,Damian Chong Qui,Mount St. Mary's,67965,5-8,"5'8""",68.0,74.76,"6'3""",6.76,plays_taller,74.76,"6'3""",6.76,plays_taller
2019,Sal Nuhu,Portland St.,67969,6-8,"6'8""",80.0,83.55,"7'0""",3.55,plays_taller,83.55,"7'0""",3.55,plays_taller
2019,Amel Kuljuhovic,Cal St. Fullerton,67970,6-10,"6'10""",82.0,78.05,"6'6""",-3.95,plays_shorter,78.05,"6'6""",-3.95,plays_shorter
2019,Rodney Henderson Jr.,Cal St. Northridge,67971,6-5,"6'5""",77.0,76.14,"6'4""",-0.86,plays_shorter,76.14,"6'4""",-0.86,plays_shorter
2019,Ladan Ricketts,Montana St.,67975,6-5,"6'5""",77.0,74.44,"6'2""",-2.56,plays_shorter,74.44,"6'2""",-2.56,plays_shorter
2019,Aamahne Santos,Jacksonville,67977,5-10,"5'10""",70.0,73.69,"6'2""",3.69,plays_taller,73.69,"6'2""",3.69,plays_taller
2019,Trendon Hankerson,Northern Illinois,67986,6-2,"6'2""",74.0,76.72,"6'5""",2.72,plays_taller,76.72,"6'5""",2.72,plays_taller
2019,Ben Perez,Iona,67992,6-4,"6'4""",76.0,75.85,"6'4""",-0.15,plays_at_height,75.85,"6'4""",-0.15,plays_at_height
2019,Tiandre Jackson-Young,UT Arlington,67994,6-3,"6'3""",75.0,76.87,"6'5""",1.87,plays_taller,76.87,"6'5""",1.87,plays_taller
2019,Leon Sneed,Prairie View A&M,67997,6-2,"6'2""",74.0,75.12,"6'3""",1.12,plays_taller,75.12,"6'3""",1.12,plays_taller
2019,Charles Norman,Troy,68000,6-2,"6'2""",74.0,73.97,"6'2""",-0.03,plays_at_height,73.97,"6'2""",-0.03,plays_at_height
2019,Ty Dalton,Houston Christian,68002,6-4,"6'4""",76.0,76.63,"6'5""",0.63,plays_at_height,76.63,"6'5""",0.63,plays_at_height
2019,Devonte Patterson,Prairie View A&M,68004,6-7,"6'7""",79.0,78.29,"6'6""",-0.71,plays_at_height,78.29,"6'6""",-0.71,plays_at_height
2019,Jare'l Spellman,Sacred Heart,68007,6-10,"6'10""",82.0,83.01,"6'11""",1.01,plays_taller,83.01,"6'11""",1.01,plays_taller
2019,Allen Hatchett Jr.,South Carolina St.,68009,6-4,"6'4""",76.0,75.6,"6'4""",-0.4,plays_at_height,75.6,"6'4""",-0.4,plays_at_height
2019,Jamir Coleman,Central Connecticut,68010,6-7,"6'7""",79.0,78.61,"6'7""",-0.39,plays_at_height,78.61,"6'7""",-0.39,plays_at_height
2019,Thai Segwai,Central Connecticut,68011,6-2,"6'2""",74.0,74.39,"6'2""",0.39,plays_at_height,74.39,"6'2""",0.39,plays_at_height
2019,DaJion Henderson,Tennessee St.,68012,6-7,"6'7""",79.0,78.36,"6'6""",-0.64,plays_at_height,78.36,"6'6""",-0.64,plays_at_height
2019,John Norvel,Northwestern St.,68016,6-4,"6'4""",76.0,74.11,"6'2""",-1.89,plays_shorter,74.11,"6'2""",-1.89,plays_shorter
2019,Eddie Stansberry,Hawaii,68020,6-3,"6'3""",75.0,75.11,"6'3""",0.11,plays_at_height,75.11,"6'3""",0.11,plays_at_height
2019,Destin Dunton,Southern,68024,6-3,"6'3""",75.0,75.46,"6'3""",0.46,plays_at_height,75.46,"6'3""",0.46,plays_at_height
2019,Brendon Brooks,Southern,68025,5-9,"5'9""",69.0,73.83,"6'2""",4.83,plays_taller,73.83,"6'2""",4.83,plays_taller
2019,Shea Feehan,Evansville,68035,6-0,"6'0""",72.0,74.64,"6'3""",2.64,plays_taller,74.64,"6'3""",2.64,plays_taller
2019,Rashaad Goolsby,Portland St.,68037,6-7,"6'7""",79.0,78.86,"6'7""",-0.14,plays_at_height,78.86,"6'7""",-0.14,plays_at_height
2019,Michael Nuga,Portland St.,68038,6-2,"6'2""",74.0,76.0,"6'4""",2.0,plays_taller,76.0,"6'4""",2.0,plays_taller
2019,LaTerrance Reed,Northwestern St.,68039,6-1,"6'1""",73.0,73.82,"6'2""",0.82,plays_taller,73.82,"6'2""",0.82,plays_taller
2019,Robert McCoy,Portland St.,68040,6-7,"6'7""",79.0,79.39,"6'7""",0.39,plays_at_height,79.39,"6'7""",0.39,plays_at_height
2019,Victor Curry,Morgan St.,68041,6-8,"6'8""",80.0,79.2,"6'7""",-0.8,plays_shorter,79.2,"6'7""",-0.8,plays_shorter
2019,Leon Redd,Bethune Cookman,68042,6-0,"6'0""",72.0,74.74,"6'3""",2.74,plays_taller,74.74,"6'3""",2.74,plays_taller
2019,Wali Parks,Bethune Cookman,68043,6-6,"6'6""",78.0,77.64,"6'6""",-0.36,plays_at_height,77.64,"6'6""",-0.36,plays_at_height
2019,Cletrell Pope,Bethune Cookman,68045,6-9,"6'9""",81.0,83.52,"7'0""",2.52,plays_taller,83.52,"7'0""",2.52,plays_taller
2019,"Derek Hawthorne, Jr.",Tennessee Martin,68046,6-3,"6'3""",75.0,76.75,"6'5""",1.75,plays_taller,76.75,"6'5""",1.75,plays_taller
2019,Juwan Williams,Portland St.,68050,6-5,"6'5""",77.0,76.42,"6'4""",-0.58,plays_at_height,76.42,"6'4""",-0.58,plays_at_height
2019,Russell Daniels,Montana St.,68057,5-11,"5'11""",71.0,74.13,"6'2""",3.13,plays_taller,74.13,"6'2""",3.13,plays_taller
2019,Isaiah Wade,Washington St.,68061,6-7,"6'7""",79.0,79.18,"6'7""",0.18,plays_at_height,79.18,"6'7""",0.18,plays_at_height
2019,Kawanise Wilkins,Western Michigan,68072,6-5,"6'5""",77.0,76.82,"6'5""",-0.18,plays_at_height,76.82,"6'5""",-0.18,plays_at_height
2019,Isaiah Rollins,Southern,68075,6-3,"6'3""",75.0,74.58,"6'3""",-0.42,plays_at_height,74.58,"6'3""",-0.42,plays_at_height
2019,Elishja Duplechan,Nebraska Omaha,68076,5-11,"5'11""",71.0,73.15,"6'1""",2.15,plays_taller,73.15,"6'1""",2.15,plays_taller
2019,Tommy Burton,Coastal Carolina,68077,6-8,"6'8""",80.0,79.74,"6'8""",-0.26,plays_at_height,79.74,"6'8""",-0.26,plays_at_height
2019,Tyrik Armstrong,Texas Southern,68079,5-10,"5'10""",70.0,74.72,"6'3""",4.72,plays_taller,74.72,"6'3""",4.72,plays_taller
2019,Landon Taliaferro,Fairfield,68083,6-3,"6'3""",75.0,73.9,"6'2""",-1.1,plays_shorter,73.9,"6'2""",-1.1,plays_shorter
2019,Travell Washington,Illinois Chicago,68084,6-9,"6'9""",81.0,75.64,"6'4""",-5.36,plays_shorter,75.64,"6'4""",-5.36,plays_shorter
2019,Aidan Saunders,Oral Roberts,68088,6-4,"6'4""",76.0,75.75,"6'4""",-0.25,plays_at_height,75.75,"6'4""",-0.25,plays_at_height
2019,D.J. Weaver,Oral Roberts,68089,6-8,"6'8""",80.0,76.78,"6'5""",-3.22,plays_shorter,76.78,"6'5""",-3.22,plays_shorter
2019,Dante Treacy,Robert Morris,68091,6-0,"6'0""",72.0,74.7,"6'3""",2.7,plays_taller,74.7,"6'3""",2.7,plays_taller
2019,Shareef Smith,Eastern Illinois,68092,5-10,"5'10""",70.0,75.4,"6'3""",5.4,plays_taller,75.4,"6'3""",5.4,plays_taller
2019,Cedric Jackson,Florida Atlantic,68093,6-3,"6'3""",75.0,74.94,"6'3""",-0.06,plays_at_height,74.94,"6'3""",-0.06,plays_at_height
2019,Michael Littlejohn,Tennessee St.,68095,5-10,"5'10""",70.0,73.92,"6'2""",3.92,plays_taller,73.92,"6'2""",3.92,plays_taller
2019,Emmanuel Egbuta,Tennessee St.,68096,6-7,"6'7""",79.0,80.52,"6'9""",1.52,plays_taller,80.52,"6'9""",1.52,plays_taller
2019,Jordan Little,Morgan St.,68098,6-8,"6'8""",80.0,77.38,"6'5""",-2.62,plays_shorter,77.38,"6'5""",-2.62,plays_shorter
2019,Montrell Horsey,Delaware St.,68100,6-1,"6'1""",73.0,73.56,"6'2""",0.56,plays_at_height,73.56,"6'2""",0.56,plays_at_height
2019,Atem Bior,UTSA,68105,6-7,"6'7""",79.0,78.63,"6'7""",-0.37,plays_at_height,78.63,"6'7""",-0.37,plays_at_height
2019,Romelo Burrell,Central Michigan,68106,6-7,"6'7""",79.0,78.76,"6'7""",-0.24,plays_at_height,78.76,"6'7""",-0.24,plays_at_height
2019,Anselm Uzuegbunem,SIU Edwardsville,68107,6-7,"6'7""",79.0,78.18,"6'6""",-0.82,plays_shorter,78.18,"6'6""",-0.82,plays_shorter
2019,Oscar Kao,Southeast Missouri St.,68108,6-0,"6'0""",72.0,73.72,"6'2""",1.72,plays_taller,73.72,"6'2""",1.72,plays_taller
2019,John Kitoko,Charlotte,68109,6-0,"6'0""",72.0,74.67,"6'3""",2.67,plays_taller,74.67,"6'3""",2.67,plays_taller
2019,Jordan Gilliam,UC Riverside,68110,6-5,"6'5""",77.0,76.09,"6'4""",-0.91,plays_shorter,76.09,"6'4""",-0.91,plays_shorter
2019,LJ Figueroa,St. John's,68112,6-6,"6'6""",78.0,79.12,"6'7""",1.12,plays_taller,79.12,"6'7""",1.12,plays_taller
2019,Bentiu Panoam,North Dakota,68113,6-2,"6'2""",74.0,75.72,"6'4""",1.72,plays_taller,75.72,"6'4""",1.72,plays_taller
2019,Brae Ivey,San Jose St.,68114,6-2,"6'2""",74.0,75.08,"6'3""",1.08,plays_taller,75.08,"6'3""",1.08,plays_taller
2019,Federico Poser,Elon,68115,6-8,"6'8""",80.0,77.18,"6'5""",-2.82,plays_shorter,77.18,"6'5""",-2.82,plays_shorter
2019,Tajuan Agee,Iona,68116,6-9,"6'9""",81.0,79.9,"6'8""",-1.1,plays_shorter,79.9,"6'8""",-1.1,plays_shorter
2019,Michael Green,Mississippi Valley St.,68123,6-3,"6'3""",75.0,73.67,"6'2""",-1.33,plays_shorter,73.67,"6'2""",-1.33,plays_shorter
2019,Yanni Wetzell,Vanderbilt,68125,6-10,"6'10""",82.0,79.52,"6'8""",-2.48,plays_shorter,79.52,"6'8""",-2.48,plays_shorter
2019,Yannis Mendy,Robert Morris,68129,6-8,"6'8""",80.0,77.36,"6'5""",-2.64,plays_shorter,77.36,"6'5""",-2.64,plays_shorter
2019,Ted McCree,Northern Arizona,68132,6-4,"6'4""",76.0,75.09,"6'3""",-0.91,plays_shorter,75.09,"6'3""",-0.91,plays_shorter
2019,Connor Murrell,Ohio,68133,6-7,"6'7""",79.0,75.84,"6'4""",-3.16,plays_shorter,75.84,"6'4""",-3.16,plays_shorter
2019,"Antonio Cowart, Jr.",Ohio,68134,6-2,"6'2""",74.0,75.32,"6'3""",1.32,plays_taller,75.32,"6'3""",1.32,plays_taller
2019,Jarrett Givens,Austin Peay,68135,6-5,"6'5""",77.0,77.37,"6'5""",0.37,plays_at_height,77.37,"6'5""",0.37,plays_at_height
2019,Jahnathan Maxwell,Iona,68139,6-8,"6'8""",80.0,76.21,"6'4""",-3.79,plays_shorter,76.21,"6'4""",-3.79,plays_shorter
2019,Jackson Stent,Houston Christian,68140,6-8,"6'8""",80.0,75.58,"6'4""",-4.42,plays_shorter,75.58,"6'4""",-4.42,plays_shorter
2019,Niksa Nikolic,Iona,68141,6-8,"6'8""",80.0,80.03,"6'8""",0.03,plays_at_height,80.03,"6'8""",0.03,plays_at_height
2019,Dee Montgomery,Purdue Fort Wayne,68144,6-0,"6'0""",72.0,75.02,"6'3""",3.02,plays_taller,75.02,"6'3""",3.02,plays_taller
2019,Rob Montgomery,Central Michigan,68146,6-6,"6'6""",78.0,78.25,"6'6""",0.25,plays_at_height,78.25,"6'6""",0.25,plays_at_height
2019,Antonio Williams,Kent St.,68150,6-0,"6'0""",72.0,78.71,"6'7""",6.71,plays_taller,78.71,"6'7""",6.71,plays_taller
2019,Jeff Otchere,Stony Brook,68155,6-11,"6'11""",83.0,84.64,"7'1""",1.64,plays_taller,84.64,"7'1""",1.64,plays_taller
2019,Brandon Miller,Alabama A&M,68156,6-0,"6'0""",72.0,74.53,"6'3""",2.53,plays_taller,74.53,"6'3""",2.53,plays_taller
2019,Richard Caldwell Jr.,Binghamton,68158,6-4,"6'4""",76.0,76.44,"6'4""",0.44,plays_at_height,76.44,"6'4""",0.44,plays_at_height
2019,Kendall Lauderdale,Albany,68159,6-8,"6'8""",80.0,78.23,"6'6""",-1.77,plays_shorter,78.23,"6'6""",-1.77,plays_shorter
2019,Hyron Edwards,Colorado St.,68160,6-0,"6'0""",72.0,75.32,"6'3""",3.32,plays_taller,75.32,"6'3""",3.32,plays_taller
2019,Trent Harris,Northern Colorado,68162,6-1,"6'1""",73.0,74.69,"6'3""",1.69,plays_taller,74.69,"6'3""",1.69,plays_taller
2019,Ryan Johnson,Delaware,68165,6-5,"6'5""",77.0,77.43,"6'5""",0.43,plays_at_height,77.43,"6'5""",0.43,plays_at_height
2019,Darnell Cowart,Murray St.,68167,6-8,"6'8""",80.0,80.23,"6'8""",0.23,plays_at_height,80.23,"6'8""",0.23,plays_at_height
2019,Tyresse Williford,SIU Edwardsville,68169,5-10,"5'10""",70.0,75.25,"6'3""",5.25,plays_taller,75.25,"6'3""",5.25,plays_taller
2019,A.J. Hicks,Morehead St.,68171,6-0,"6'0""",72.0,75.37,"6'3""",3.37,plays_taller,75.37,"6'3""",3.37,plays_taller
2019,Drew Cobb,Long Beach St.,68175,6-4,"6'4""",76.0,77.6,"6'6""",1.6,plays_taller,77.6,"6'6""",1.6,plays_taller
2019,Mikel Beyers,Marshall,68177,6-9,"6'9""",81.0,78.36,"6'6""",-2.64,plays_shorter,78.36,"6'6""",-2.64,plays_shorter
2019,Djordje Dimitrijevic,Mercer,68182,6-2,"6'2""",74.0,75.39,"6'3""",1.39,plays_taller,75.39,"6'3""",1.39,plays_taller
2019,Bryan Assie,Southern,68184,6-7,"6'7""",79.0,80.49,"6'8""",1.49,plays_taller,80.49,"6'8""",1.49,plays_taller
2019,C.J. Williamson,Kent St.,68185,6-6,"6'6""",78.0,77.46,"6'5""",-0.54,plays_at_height,77.46,"6'5""",-0.54,plays_at_height
2019,Tra'Quan Knight,Detroit Mercy,68186,6-3,"6'3""",75.0,77.04,"6'5""",2.04,plays_taller,77.04,"6'5""",2.04,plays_taller
2019,Marquis Moore,Detroit Mercy,68189,6-6,"6'6""",78.0,76.72,"6'5""",-1.28,plays_shorter,76.72,"6'5""",-1.28,plays_shorter
2019,Ndene Gueye,UT Rio Grande Valley,68193,6-10,"6'10""",82.0,79.32,"6'7""",-2.68,plays_shorter,79.32,"6'7""",-2.68,plays_shorter
2019,Marquell Carter,Arkansas Pine Bluff,68197,6-6,"6'6""",78.0,76.06,"6'4""",-1.94,plays_shorter,76.06,"6'4""",-1.94,plays_shorter
2019,Isaiah White,Utah Valley,68202,6-7,"6'7""",79.0,78.43,"6'6""",-0.57,plays_at_height,78.43,"6'6""",-0.57,plays_at_height
2019,Skyler Hogan,Southeast Missouri St.,68204,6-5,"6'5""",77.0,76.0,"6'4""",-1.0,plays_shorter,76.0,"6'4""",-1.0,plays_shorter
2019,Rob Howard Jr.,Illinois Chicago,68208,6-8,"6'8""",80.0,78.78,"6'7""",-1.22,plays_shorter,78.78,"6'7""",-1.22,plays_shorter
2019,Jamie Ahale,Illinois Chicago,68209,6-5,"6'5""",77.0,74.91,"6'3""",-2.09,plays_shorter,74.91,"6'3""",-2.09,plays_shorter
2019,Ayoub Nouhi,UT Arlington,68211,6-5,"6'5""",77.0,76.65,"6'5""",-0.35,plays_at_height,76.65,"6'5""",-0.35,plays_at_height
2019,Kur Jockuch,Northern Colorado,68213,6-9,"6'9""",81.0,79.29,"6'7""",-1.71,plays_shorter,79.29,"6'7""",-1.71,plays_shorter
2019,Rade Kukobat,Eastern Illinois,68219,6-9,"6'9""",81.0,78.57,"6'7""",-2.43,plays_shorter,78.57,"6'7""",-2.43,plays_shorter
2019,Torico Simmons,Mississippi Valley St.,68220,5-8,"5'8""",68.0,74.4,"6'2""",6.4,plays_taller,74.4,"6'2""",6.4,plays_taller
2019,Will Butler,UAB,68223,6-8,"6'8""",80.0,79.73,"6'8""",-0.27,plays_at_height,79.73,"6'8""",-0.27,plays_at_height
2019,Johnnie Vassar,Tennessee Tech,68227,6-1,"6'1""",73.0,75.13,"6'3""",2.13,plays_taller,75.13,"6'3""",2.13,plays_taller
2019,Crisshawn Clark,Portland,68228,6-4,"6'4""",76.0,74.66,"6'3""",-1.34,plays_shorter,74.66,"6'3""",-1.34,plays_shorter
2019,Zaquavian Smith,Savannah St.,68232,6-1,"6'1""",73.0,75.13,"6'3""",2.13,plays_taller,75.13,"6'3""",2.13,plays_taller
2019,Jeremy Roscoe,Akron,68236,6-2,"6'2""",74.0,75.98,"6'4""",1.98,plays_taller,75.98,"6'4""",1.98,plays_taller
2019,AJ Farrar,Alabama St.,68238,6-5,"6'5""",77.0,79.3,"6'7""",2.3,plays_taller,79.3,"6'7""",2.3,plays_taller
2019,Channel Banks,Akron,68242,6-4,"6'4""",76.0,75.48,"6'3""",-0.52,plays_at_height,75.48,"6'3""",-0.52,plays_at_height
2019,Tyler Cheese,Akron,68243,6-5,"6'5""",77.0,76.67,"6'5""",-0.33,plays_at_height,76.67,"6'5""",-0.33,plays_at_height
2019,Zeke Moore,Tulsa,68247,6-7,"6'7""",79.0,75.13,"6'3""",-3.87,plays_shorter,75.13,"6'3""",-3.87,plays_shorter
2019,Lasani Johnson,Grambling St.,68249,6-3,"6'3""",75.0,74.13,"6'2""",-0.87,plays_shorter,74.13,"6'2""",-0.87,plays_shorter
2019,Eugene Witherspoon,Chicago St.,68250,6-6,"6'6""",78.0,76.77,"6'5""",-1.23,plays_shorter,76.77,"6'5""",-1.23,plays_shorter
2019,Brandon Moore Jr.,Nicholls St.,68251,6-5,"6'5""",77.0,77.86,"6'6""",0.86,plays_taller,77.86,"6'6""",0.86,plays_taller
2019,Danny Garrick,Nicholls St.,68252,6-6,"6'6""",78.0,74.44,"6'2""",-3.56,plays_shorter,74.44,"6'2""",-3.56,plays_shorter
2019,Elvis Harvey,Nicholls St.,68254,6-9,"6'9""",81.0,77.88,"6'6""",-3.12,plays_shorter,77.88,"6'6""",-3.12,plays_shorter
2019,Collins Joseph,Savannah St.,68255,6-0,"6'0""",72.0,75.11,"6'3""",3.11,plays_taller,75.11,"6'3""",3.11,plays_taller
2019,Tyrell Harper,Savannah St.,68256,6-7,"6'7""",79.0,77.57,"6'6""",-1.43,plays_shorter,77.57,"6'6""",-1.43,plays_shorter
2019,Jaquan Dotson,Savannah St.,68258,6-4,"6'4""",76.0,78.29,"6'6""",2.29,plays_taller,78.29,"6'6""",2.29,plays_taller
2019,Adam Saeed,Savannah St.,68259,6-6,"6'6""",78.0,77.32,"6'5""",-0.68,plays_at_height,77.32,"6'5""",-0.68,plays_at_height
2019,Romani Hansen,Savannah St.,68260,6-8,"6'8""",80.0,78.54,"6'7""",-1.46,plays_shorter,78.54,"6'7""",-1.46,plays_shorter
2019,Harold Givens,Alcorn St.,68261,6-7,"6'7""",79.0,77.85,"6'6""",-1.15,plays_shorter,77.85,"6'6""",-1.15,plays_shorter
2019,Kevin Holston,Alabama St.,68264,6-1,"6'1""",73.0,74.79,"6'3""",1.79,plays_taller,74.79,"6'3""",1.79,plays_taller
2019,Delshon Strickland,Chicago St.,68265,6-4,"6'4""",76.0,75.89,"6'4""",-0.11,plays_at_height,75.89,"6'4""",-0.11,plays_at_height
2019,Noah Bigirumwami,Chicago St.,68266,6-10,"6'10""",82.0,75.67,"6'4""",-6.33,plays_shorter,75.67,"6'4""",-6.33,plays_shorter
2019,Travon Bunch,Grambling St.,68270,7-1,"7'1""",85.0,82.64,"6'11""",-2.36,plays_shorter,82.64,"6'11""",-2.36,plays_shorter
2019,Dallas Polk-Hilliard,Grambling St.,68271,6-7,"6'7""",79.0,77.32,"6'5""",-1.68,plays_shorter,77.32,"6'5""",-1.68,plays_shorter
2019,Rashann London,North Carolina Central,68273,6-2,"6'2""",74.0,74.8,"6'3""",0.8,plays_taller,74.8,"6'3""",0.8,plays_taller
2019,Jael Scott,Alcorn St.,68275,6-4,"6'4""",76.0,76.7,"6'5""",0.7,plays_at_height,76.7,"6'5""",0.7,plays_at_height
2019,Jeremiah Buford,Nicholls St.,68276,6-5,"6'5""",77.0,74.7,"6'3""",-2.3,plays_shorter,74.7,"6'3""",-2.3,plays_shorter
2019,Canaan Bartley,Maryland Eastern Shore,68277,6-1,"6'1""",73.0,76.45,"6'4""",3.45,plays_taller,76.45,"6'4""",3.45,plays_taller
2019,Prince Moss,Grambling St.,68280,6-7,"6'7""",79.0,77.21,"6'5""",-1.79,plays_shorter,77.21,"6'5""",-1.79,plays_shorter
2019,Leon Daniels,Alabama St.,68281,6-4,"6'4""",76.0,77.01,"6'5""",1.01,plays_taller,77.01,"6'5""",1.01,plays_taller
2019,Alonzo Campbell,Alcorn St.,68282,7-0,"7'0""",84.0,78.78,"6'7""",-5.22,plays_shorter,78.78,"6'7""",-5.22,plays_shorter
2019,Deshaw Andrews,Alcorn St.,68283,6-4,"6'4""",76.0,77.93,"6'6""",1.93,plays_taller,77.93,"6'6""",1.93,plays_taller
2019,Bryan Urrutia,Maryland Eastern Shore,68285,6-1,"6'1""",73.0,75.29,"6'3""",2.29,plays_taller,75.29,"6'3""",2.29,plays_taller
2019,Jordan Reed,Chicago St.,68286,6-0,"6'0""",72.0,71.78,"6'0""",-0.22,plays_at_height,71.78,"6'0""",-0.22,plays_at_height
2019,Gabriel Gyamfi,Maryland Eastern Shore,68288,6-6,"6'6""",78.0,78.72,"6'7""",0.72,plays_at_height,78.72,"6'7""",0.72,plays_at_height
2019,Trey Johnson,McNeese St.,68289,6-3,"6'3""",75.0,75.5,"6'4""",0.5,plays_at_height,75.5,"6'4""",0.5,plays_at_height
2019,Will Robinson,McNeese St.,68291,6-5,"6'5""",77.0,77.33,"6'5""",0.33,plays_at_height,77.33,"6'5""",0.33,plays_at_height
2019,Shamarkus Kennedy,McNeese St.,68292,6-8,"6'8""",80.0,82.45,"6'10""",2.45,plays_taller,82.45,"6'10""",2.45,plays_taller
2019,Christian Jacob,Chicago St.,68293,6-8,"6'8""",80.0,78.21,"6'6""",-1.79,plays_shorter,78.21,"6'6""",-1.79,plays_shorter
2019,Kevin Hunt,McNeese St.,68294,6-3,"6'3""",75.0,75.19,"6'3""",0.19,plays_at_height,75.19,"6'3""",0.19,plays_at_height
2019,Jayveous McKinnis,Jackson St.,68296,6-7,"6'7""",79.0,84.22,"7'0""",5.22,plays_taller,84.22,"7'0""",5.22,plays_taller
2019,William Brown,Jackson St.,68299,6-0,"6'0""",72.0,74.12,"6'2""",2.12,plays_taller,74.12,"6'2""",2.12,plays_taller
2019,Justin Johnson,Jackson St.,68305,6-7,"6'7""",79.0,76.32,"6'4""",-2.68,plays_shorter,76.32,"6'4""",-2.68,plays_shorter
2019,Fred Slater,South Carolina St.,68314,6-4,"6'4""",76.0,73.74,"6'2""",-2.26,plays_shorter,73.74,"6'2""",-2.26,plays_shorter
2019,Aleksa Koracin,Mississippi Valley St.,68326,7-0,"7'0""",84.0,77.94,"6'6""",-6.06,plays_shorter,77.94,"6'6""",-6.06,plays_shorter
2019,Myles Johnson,Rutgers,68348,6-10,"6'10""",82.0,81.94,"6'10""",-0.06,plays_at_height,81.94,"6'10""",-0.06,plays_at_height
2019,Flynn Cameron,DePaul,68351,6-3,"6'3""",75.0,75.86,"6'4""",0.86,plays_taller,75.86,"6'4""",0.86,plays_taller
2019,D'Marco Baucum,Delaware St.,68366,6-6,"6'6""",78.0,75.77,"6'4""",-2.23,plays_shorter,75.77,"6'4""",-2.23,plays_shorter
2019,Ron Artest III,Cal St. Northridge,68371,6-7,"6'7""",79.0,78.63,"6'7""",-0.37,plays_at_height,78.63,"6'7""",-0.37,plays_at_height
2019,Karl Nicholas,Stephen F. Austin,74202,6-8,"6'8""",80.0,80.21,"6'8""",0.21,plays_at_height,80.21,"6'8""",0.21,plays_at_height
