season,player_name,team,pid,listed_height_raw,listed_height,listed_height_inches,predicted_profile_height_inches,predicted_profile_height,height_delta_inches,height_profile_label,predicted_big_profile_height_inches,predicted_big_profile_height,big_height_delta_inches,big_height_profile_label
2026,Elijah Elliott,New Mexico St.,67572,6-1,"6'1""",73.0,75.0,"6'3""",2.0,plays_taller,75.0,"6'3""",2.0,plays_taller
2026,Doctor Bradley,Bethune Cookman,70326,6-8,"6'8""",80.0,81.6,"6'10""",1.6,plays_taller,81.6,"6'10""",1.6,plays_taller
2026,Rahmir Moore,Delaware St.,70501,6-2,"6'2""",74.0,76.64,"6'5""",2.64,plays_taller,76.64,"6'5""",2.64,plays_taller
2026,Alex Hemenway,Evansville,70621,6-4,"6'4""",76.0,74.78,"6'3""",-1.22,plays_shorter,74.78,"6'3""",-1.22,plays_shorter
2026,Addison Patterson,Eastern Michigan,70754,6-7,"6'7""",79.0,79.1,"6'7""",0.1,plays_at_height,79.1,"6'7""",0.1,plays_at_height
2026,Rienk Mast,Nebraska,70772,6-10,"6'10""",82.0,78.63,"6'7""",-3.37,plays_shorter,78.63,"6'7""",-3.37,plays_shorter
2026,Rick Issanza,Loyola Marymount,70789,7-1,"7'1""",85.0,82.46,"6'10""",-2.54,plays_shorter,82.46,"6'10""",-2.54,plays_shorter
2026,Steele Venters,Gonzaga,70941,6-7,"6'7""",79.0,76.34,"6'4""",-2.66,plays_shorter,76.34,"6'4""",-2.66,plays_shorter
2026,Micah Thomas,Northwestern St.,70961,6-0,"6'0""",72.0,74.09,"6'2""",2.09,plays_taller,74.09,"6'2""",2.09,plays_taller
2026,Rashaun Agee,Texas A&M,71003,6-7,"6'7""",79.0,81.95,"6'10""",2.95,plays_taller,81.95,"6'10""",2.95,plays_taller
2026,Tyler Cochran,Rhode Island,71025,6-2,"6'2""",74.0,77.64,"6'6""",3.64,plays_taller,77.64,"6'6""",3.64,plays_taller
2026,Curt Lewis,Southern Miss,71299,6-5,"6'5""",77.0,75.56,"6'4""",-1.44,plays_shorter,75.56,"6'4""",-1.44,plays_shorter
2026,Chase Johnston,High Point,71441,6-3,"6'3""",75.0,75.15,"6'3""",0.15,plays_at_height,75.15,"6'3""",0.15,plays_at_height
2026,Devan Cambridge,UCF,71448,6-6,"6'6""",78.0,79.75,"6'8""",1.75,plays_taller,79.75,"6'8""",1.75,plays_taller
2026,Gianni Hunt,East Texas A&M,71463,6-4,"6'4""",76.0,75.8,"6'4""",-0.2,plays_at_height,75.8,"6'4""",-0.2,plays_at_height
2026,Morgan Safford,Kent St.,71540,6-5,"6'5""",77.0,77.81,"6'6""",0.81,plays_taller,77.81,"6'6""",0.81,plays_taller
2026,Matt Van Komen,Marshall,71578,7-4,"7'4""",88.0,85.89,"7'2""",-2.11,plays_shorter,85.89,"7'2""",-2.11,plays_shorter
2026,Jordan Brinson,Cal St. Northridge,71663,6-2,"6'2""",74.0,74.83,"6'3""",0.83,plays_taller,74.83,"6'3""",0.83,plays_taller
2026,Hosana Kitenge,UC Santa Barbara,71791,6-8,"6'8""",80.0,79.53,"6'8""",-0.47,plays_at_height,79.53,"6'8""",-0.47,plays_at_height
2026,Tariq Ingraham,Memphis,71940,6-9,"6'9""",81.0,78.55,"6'7""",-2.45,plays_shorter,78.55,"6'7""",-2.45,plays_shorter
2026,Josh Ogundele,Hampton,72241,7-0,"7'0""",84.0,78.68,"6'7""",-5.32,plays_shorter,78.68,"6'7""",-5.32,plays_shorter
2026,Jahari Long,George Mason,72254,6-5,"6'5""",77.0,75.46,"6'3""",-1.54,plays_shorter,75.46,"6'3""",-1.54,plays_shorter
2026,Javon Cooley,Pepperdine,72291,6-5,"6'5""",77.0,77.34,"6'5""",0.34,plays_at_height,77.34,"6'5""",0.34,plays_at_height
2026,Toneari Lane,San Diego,72294,6-5,"6'5""",77.0,74.14,"6'2""",-2.86,plays_shorter,74.14,"6'2""",-2.86,plays_shorter
2026,Trae Broadnax,Rice,72299,6-4,"6'4""",76.0,76.39,"6'4""",0.39,plays_at_height,76.39,"6'4""",0.39,plays_at_height
2026,Jeremiah Williams,Georgetown,72301,6-4,"6'4""",76.0,75.96,"6'4""",-0.04,plays_at_height,75.96,"6'4""",-0.04,plays_at_height
2026,Keishon Porter,Evansville,72323,6-5,"6'5""",77.0,76.24,"6'4""",-0.76,plays_shorter,76.24,"6'4""",-0.76,plays_shorter
2026,Alec Oglesby,Middle Tennessee,72343,6-5,"6'5""",77.0,74.33,"6'2""",-2.67,plays_shorter,74.33,"6'2""",-2.67,plays_shorter
2026,Tegra Izay,Southern Miss,72357,7-0,"7'0""",84.0,82.62,"6'11""",-1.38,plays_shorter,82.62,"6'11""",-1.38,plays_shorter
2026,Latrell Wrightsell Jr.,Alabama,72358,6-3,"6'3""",75.0,74.87,"6'3""",-0.13,plays_at_height,74.87,"6'3""",-0.13,plays_at_height
2026,Isaiah Cottrell,Southern Utah,72399,6-11,"6'11""",83.0,79.66,"6'8""",-3.34,plays_shorter,79.66,"6'8""",-3.34,plays_shorter
2026,Nijel Pack,Oklahoma,72421,5-10,"5'10""",70.0,74.96,"6'3""",4.96,plays_taller,74.96,"6'3""",4.96,plays_taller
2026,Andre Henry,UC Irvine,72423,6-4,"6'4""",76.0,75.26,"6'3""",-0.74,plays_at_height,75.26,"6'3""",-0.74,plays_at_height
2026,Josh Taylor,East Texas A&M,72433,6-8,"6'8""",80.0,79.22,"6'7""",-0.78,plays_shorter,79.22,"6'7""",-0.78,plays_shorter
2026,Chad Baker-Mazara,USC,72450,6-7,"6'7""",79.0,78.44,"6'6""",-0.56,plays_at_height,78.44,"6'6""",-0.56,plays_at_height
2026,Dante Harris,Tennessee St.,72478,6-0,"6'0""",72.0,75.9,"6'4""",3.9,plays_taller,75.9,"6'4""",3.9,plays_taller
2026,Jay Rodgers,Central Connecticut,72501,6-3,"6'3""",75.0,73.88,"6'2""",-1.12,plays_shorter,73.88,"6'2""",-1.12,plays_shorter
2026,Jalen Speer,Marshall,72504,6-1,"6'1""",73.0,75.49,"6'3""",2.49,plays_taller,75.49,"6'3""",2.49,plays_taller
2026,DA Houston,Texas A&M Corpus Chris,72521,6-2,"6'2""",74.0,74.78,"6'3""",0.78,plays_taller,74.78,"6'3""",0.78,plays_taller
2026,Tyon Grant-Foster,Gonzaga,72539,6-7,"6'7""",79.0,82.16,"6'10""",3.16,plays_taller,82.16,"6'10""",3.16,plays_taller
2026,Monty Bowser,Cal Baptist,72614,6-7,"6'7""",79.0,76.74,"6'5""",-2.26,plays_shorter,76.74,"6'5""",-2.26,plays_shorter
2026,Vukasin Masic,San Francisco,72621,6-5,"6'5""",77.0,74.35,"6'2""",-2.65,plays_shorter,74.35,"6'2""",-2.65,plays_shorter
2026,Yame Butler,Butler,72635,6-5,"6'5""",77.0,75.55,"6'4""",-1.45,plays_shorter,75.55,"6'4""",-1.45,plays_shorter
2026,Anthony Roy,Oklahoma St.,72638,6-5,"6'5""",77.0,75.72,"6'4""",-1.28,plays_shorter,75.72,"6'4""",-1.28,plays_shorter
2026,Graham Ike,Gonzaga,72639,6-9,"6'9""",81.0,81.06,"6'9""",0.06,plays_at_height,81.06,"6'9""",0.06,plays_at_height
2026,Quincy Ballard,Mississippi St.,72656,7-0,"7'0""",84.0,81.89,"6'10""",-2.11,plays_shorter,81.89,"6'10""",-2.11,plays_shorter
2026,Freddy Hicks,Tarleton St.,72675,6-6,"6'6""",78.0,77.27,"6'5""",-0.73,plays_at_height,77.27,"6'5""",-0.73,plays_at_height
2026,John Shanu II,Eastern Michigan,72677,6-11,"6'11""",83.0,78.24,"6'6""",-4.76,plays_shorter,78.24,"6'6""",-4.76,plays_shorter
2026,Devin Askew,Villanova,72678,6-5,"6'5""",77.0,75.2,"6'3""",-1.8,plays_shorter,75.2,"6'3""",-1.8,plays_shorter
2026,Brycen Long,Portland St.,72679,6-2,"6'2""",74.0,73.55,"6'2""",-0.45,plays_at_height,73.55,"6'2""",-0.45,plays_at_height
2026,Markhi Strickland,North Dakota St.,72692,6-6,"6'6""",78.0,78.8,"6'7""",0.8,plays_taller,78.8,"6'7""",0.8,plays_taller
2026,Yacine Toumi,Hawaii,72710,6-10,"6'10""",82.0,80.45,"6'8""",-1.55,plays_shorter,80.45,"6'8""",-1.55,plays_shorter
2026,Melvyn Ebonkoli,NJIT,72726,6-8,"6'8""",80.0,78.44,"6'6""",-1.56,plays_shorter,78.44,"6'6""",-1.56,plays_shorter
2026,Skylar Wicks,Saint Francis,72727,6-6,"6'6""",78.0,77.53,"6'6""",-0.47,plays_at_height,77.53,"6'6""",-0.47,plays_at_height
2026,Kaden Metheny,Liberty,72734,5-11,"5'11""",71.0,74.42,"6'2""",3.42,plays_taller,74.42,"6'2""",3.42,plays_taller
2026,Zion Bethea,Delaware St.,72737,6-3,"6'3""",75.0,75.44,"6'3""",0.44,plays_at_height,75.44,"6'3""",0.44,plays_at_height
2026,David Green,Tulsa,72740,6-7,"6'7""",79.0,78.59,"6'7""",-0.41,plays_at_height,78.59,"6'7""",-0.41,plays_at_height
2026,Joey Madimba,Prairie View A&M,72748,6-5,"6'5""",77.0,78.44,"6'6""",1.44,plays_taller,78.44,"6'6""",1.44,plays_taller
2026,Tramon Mark,Texas,72760,6-5,"6'5""",77.0,77.61,"6'6""",0.61,plays_at_height,77.61,"6'6""",0.61,plays_at_height
2026,Jadon Jones,Oklahoma,72785,6-5,"6'5""",77.0,79.29,"6'7""",2.29,plays_taller,79.29,"6'7""",2.29,plays_taller
2026,Joshua O'Garro,Cal St. Northridge,72786,6-6,"6'6""",78.0,79.68,"6'8""",1.68,plays_taller,79.68,"6'8""",1.68,plays_taller
2026,Cam'Ron Fletcher,High Point,72799,6-7,"6'7""",79.0,81.19,"6'9""",2.19,plays_taller,81.19,"6'9""",2.19,plays_taller
2026,Nate Heise,Iowa St.,72805,6-5,"6'5""",77.0,77.8,"6'6""",0.8,plays_taller,77.8,"6'6""",0.8,plays_taller
2026,Niko Rocak,UC Davis,72819,6-9,"6'9""",81.0,81.04,"6'9""",0.04,plays_at_height,81.04,"6'9""",0.04,plays_at_height
2026,John Hugley IV,Duquesne,72821,6-10,"6'10""",82.0,78.4,"6'6""",-3.6,plays_shorter,78.4,"6'6""",-3.6,plays_shorter
2026,William Jeffress,Louisiana Tech,72859,6-7,"6'7""",79.0,76.56,"6'5""",-2.44,plays_shorter,76.56,"6'5""",-2.44,plays_shorter
2026,Myles Wilmoth,Canisius,72868,6-10,"6'10""",82.0,78.76,"6'7""",-3.24,plays_shorter,78.76,"6'7""",-3.24,plays_shorter
2026,Kyndall Davis,Texas St.,72875,6-5,"6'5""",77.0,78.26,"6'6""",1.26,plays_taller,78.26,"6'6""",1.26,plays_taller
2026,Brandon Noel,Ohio St.,72891,6-8,"6'8""",80.0,79.02,"6'7""",-0.98,plays_shorter,79.02,"6'7""",-0.98,plays_shorter
2026,Alex Huibregtse,Bradley,72893,6-3,"6'3""",75.0,75.34,"6'3""",0.34,plays_at_height,75.34,"6'3""",0.34,plays_at_height
2026,Xavier Lipscomb,Mount St. Mary's,72907,6-2,"6'2""",74.0,76.03,"6'4""",2.03,plays_taller,76.03,"6'4""",2.03,plays_taller
2026,Isaiah Wilson,Winthrop,72911,6-1,"6'1""",73.0,74.7,"6'3""",1.7,plays_taller,74.7,"6'3""",1.7,plays_taller
2026,Sam Towns,Bowling Green,72912,6-9,"6'9""",81.0,79.19,"6'7""",-1.81,plays_shorter,79.19,"6'7""",-1.81,plays_shorter
2026,Jacob Crews,Missouri,72931,6-8,"6'8""",80.0,77.77,"6'6""",-2.23,plays_shorter,77.77,"6'6""",-2.23,plays_shorter
2026,Te'Jon Sawyer,Montana,72959,6-8,"6'8""",80.0,78.2,"6'6""",-1.8,plays_shorter,78.2,"6'6""",-1.8,plays_shorter
2026,Jeremiah Oden,San Diego St.,72993,6-8,"6'8""",80.0,78.03,"6'6""",-1.97,plays_shorter,78.03,"6'6""",-1.97,plays_shorter
2026,Trey Hall,Maryland Eastern Shore,73004,6-9,"6'9""",81.0,75.8,"6'4""",-5.2,plays_shorter,75.8,"6'4""",-5.2,plays_shorter
2026,Kasen Jennings,Appalachian St.,73029,6-3,"6'3""",75.0,76.64,"6'5""",1.64,plays_taller,76.64,"6'5""",1.64,plays_taller
2026,Jaron Pierre Jr.,SMU,73069,6-6,"6'6""",78.0,78.06,"6'6""",0.06,plays_at_height,78.06,"6'6""",0.06,plays_at_height
2026,Justin Wright,UNC Asheville,73074,6-2,"6'2""",74.0,74.96,"6'3""",0.96,plays_taller,74.96,"6'3""",0.96,plays_taller
2026,J'Vonne Hadley,Louisville,73103,6-7,"6'7""",79.0,78.31,"6'6""",-0.69,plays_at_height,78.31,"6'6""",-0.69,plays_at_height
2026,Keegan Harvey,Bryant,73110,6-11,"6'11""",83.0,78.02,"6'6""",-4.98,plays_shorter,78.02,"6'6""",-4.98,plays_shorter
2026,Keshawn Williams,Iona,73117,6-4,"6'4""",76.0,75.81,"6'4""",-0.19,plays_at_height,75.81,"6'4""",-0.19,plays_at_height
2026,Martel Williams,Cal Baptist,73147,6-3,"6'3""",75.0,76.82,"6'5""",1.82,plays_taller,76.82,"6'5""",1.82,plays_taller
2026,A.J. Staton-McCray,Seton Hall,73163,6-4,"6'4""",76.0,77.48,"6'5""",1.48,plays_taller,77.48,"6'5""",1.48,plays_taller
2026,Marcus Fitzgerald Jr.,Jacksonville St.,73179,6-2,"6'2""",74.0,74.49,"6'2""",0.49,plays_at_height,74.49,"6'2""",0.49,plays_at_height
2026,Kam Woods,USC,73200,6-1,"6'1""",73.0,76.03,"6'4""",3.03,plays_taller,76.03,"6'4""",3.03,plays_taller
2026,Trey Fort,Michigan St.,73210,6-4,"6'4""",76.0,76.23,"6'4""",0.23,plays_at_height,76.23,"6'4""",0.23,plays_at_height
2026,Brandon Lieb,Illinois St.,73215,7-1,"7'1""",85.0,82.09,"6'10""",-2.91,plays_shorter,82.09,"6'10""",-2.91,plays_shorter
2026,Adam Miller,Gonzaga,73217,6-3,"6'3""",75.0,76.15,"6'4""",1.15,plays_taller,76.15,"6'4""",1.15,plays_taller
2026,Derrius Ward,Grambling St.,73222,6-6,"6'6""",78.0,76.37,"6'4""",-1.63,plays_shorter,76.37,"6'4""",-1.63,plays_shorter
2026,Ryan Myers,Western Kentucky,73241,6-1,"6'1""",73.0,74.08,"6'2""",1.08,plays_taller,74.08,"6'2""",1.08,plays_taller
2026,Truth Harris,La Salle,73244,6-2,"6'2""",74.0,74.17,"6'2""",0.17,plays_at_height,74.17,"6'2""",0.17,plays_at_height
2026,Alyn Breed,N.C. State,73247,6-3,"6'3""",75.0,75.49,"6'3""",0.49,plays_at_height,75.49,"6'3""",0.49,plays_at_height
2026,Hunter Erickson,Hawaii,73285,6-3,"6'3""",75.0,76.01,"6'4""",1.01,plays_taller,76.01,"6'4""",1.01,plays_taller
2026,Tai'Reon Joseph,Prairie View A&M,73288,6-2,"6'2""",74.0,75.4,"6'3""",1.4,plays_taller,75.4,"6'3""",1.4,plays_taller
2026,Jefferson Koulibaly,Georgia Southern,73307,6-3,"6'3""",75.0,75.96,"6'4""",0.96,plays_taller,75.96,"6'4""",0.96,plays_taller
2026,Antwan Burnett,Missouri St.,73317,6-5,"6'5""",77.0,76.12,"6'4""",-0.88,plays_shorter,76.12,"6'4""",-0.88,plays_shorter
2026,Devin Tillis,Virginia,73324,6-7,"6'7""",79.0,75.68,"6'4""",-3.32,plays_shorter,75.68,"6'4""",-3.32,plays_shorter
2026,PJ Carter,LSU,73329,6-5,"6'5""",77.0,74.16,"6'2""",-2.84,plays_shorter,74.16,"6'2""",-2.84,plays_shorter
2026,Carson Towt,Notre Dame,73350,6-8,"6'8""",80.0,81.71,"6'10""",1.71,plays_taller,81.71,"6'10""",1.71,plays_taller
2026,Josh Smith,Liberty,73355,6-9,"6'9""",81.0,80.27,"6'8""",-0.73,plays_at_height,80.27,"6'8""",-0.73,plays_at_height
2026,Milton Matthews,East Tennessee St.,73412,6-3,"6'3""",75.0,75.29,"6'3""",0.29,plays_at_height,75.29,"6'3""",0.29,plays_at_height
2026,Jared Garcia,Nebraska,73424,6-8,"6'8""",80.0,79.72,"6'8""",-0.28,plays_at_height,79.72,"6'8""",-0.28,plays_at_height
2026,Connor Serven,Mercer,73434,6-8,"6'8""",80.0,79.01,"6'7""",-0.99,plays_shorter,79.01,"6'7""",-0.99,plays_shorter
2026,Nolan Dorsey,California,73443,6-5,"6'5""",77.0,75.91,"6'4""",-1.09,plays_shorter,75.91,"6'4""",-1.09,plays_shorter
2026,Jalen Celestine,Cincinnati,73474,6-7,"6'7""",79.0,76.15,"6'4""",-2.85,plays_shorter,76.15,"6'4""",-2.85,plays_shorter
2026,Howie Fleming Jr.,UNLV,73495,6-5,"6'5""",77.0,77.85,"6'6""",0.85,plays_taller,77.85,"6'6""",0.85,plays_taller
2026,Boden Skunberg,Illinois St.,73499,6-5,"6'5""",77.0,76.05,"6'4""",-0.95,plays_shorter,76.05,"6'4""",-0.95,plays_shorter
2026,Myles Stute,South Carolina,73509,6-6,"6'6""",78.0,77.19,"6'5""",-0.81,plays_shorter,77.19,"6'5""",-0.81,plays_shorter
2026,Puff Johnson,Ohio St.,73516,6-8,"6'8""",80.0,74.89,"6'3""",-5.11,plays_shorter,74.89,"6'3""",-5.11,plays_shorter
2026,JJ Traynor,Murray St.,73534,6-9,"6'9""",81.0,79.0,"6'7""",-2.0,plays_shorter,79.0,"6'7""",-2.0,plays_shorter
2026,Aly Khalifa,Louisville,73551,7-0,"7'0""",84.0,76.72,"6'5""",-7.28,plays_shorter,76.72,"6'5""",-7.28,plays_shorter
2026,Duke Miles,Vanderbilt,73566,6-2,"6'2""",74.0,77.03,"6'5""",3.03,plays_taller,77.03,"6'5""",3.03,plays_taller
2026,Terrance Williams II,USC,73576,6-7,"6'7""",79.0,75.54,"6'4""",-3.46,plays_shorter,75.54,"6'4""",-3.46,plays_shorter
2026,Nick Boyd,Wisconsin,73590,6-3,"6'3""",75.0,76.0,"6'4""",1.0,plays_taller,76.0,"6'4""",1.0,plays_taller
2026,Jamal West Jr.,UTEP,73618,6-6,"6'6""",78.0,81.14,"6'9""",3.14,plays_taller,81.14,"6'9""",3.14,plays_taller
2026,Mekhi Gray,Maine,73656,6-4,"6'4""",76.0,77.43,"6'5""",1.43,plays_taller,77.43,"6'5""",1.43,plays_taller
2026,Jadrian Tracey,VCU,73683,6-6,"6'6""",78.0,76.47,"6'4""",-1.53,plays_shorter,76.47,"6'4""",-1.53,plays_shorter
2026,Noah Taitz,Utah Valley,73704,6-4,"6'4""",76.0,75.36,"6'3""",-0.64,plays_at_height,75.36,"6'3""",-0.64,plays_at_height
2026,Jacob Ognacevic,Washington,73714,6-8,"6'8""",80.0,76.09,"6'4""",-3.91,plays_shorter,76.09,"6'4""",-3.91,plays_shorter
2026,Justin Amadi,Mount St. Mary's,73722,6-7,"6'7""",79.0,79.57,"6'8""",0.57,plays_at_height,79.57,"6'8""",0.57,plays_at_height
2026,Jayden Stone,Missouri,73761,6-4,"6'4""",76.0,78.13,"6'6""",2.13,plays_taller,78.13,"6'6""",2.13,plays_taller
2026,Nick Pringle,Arkansas,73768,6-10,"6'10""",82.0,81.38,"6'9""",-0.62,plays_at_height,81.38,"6'9""",-0.62,plays_at_height
2026,Kerr Kriisa,Cincinnati,73770,6-3,"6'3""",75.0,74.59,"6'3""",-0.41,plays_at_height,74.59,"6'3""",-0.41,plays_at_height
2026,Nimari Burnett,Michigan,73788,6-5,"6'5""",77.0,77.65,"6'6""",0.65,plays_at_height,77.65,"6'6""",0.65,plays_at_height
2026,Deuce Turner,Fairfield,73818,6-2,"6'2""",74.0,74.0,"6'2""",-0.0,plays_at_height,74.0,"6'2""",-0.0,plays_at_height
2026,Joshua Aaron Reaves,Hofstra,73819,6-3,"6'3""",75.0,75.29,"6'3""",0.29,plays_at_height,75.29,"6'3""",0.29,plays_at_height
2026,Javohn Garcia,McNeese St.,73832,6-3,"6'3""",75.0,77.5,"6'6""",2.5,plays_taller,77.5,"6'6""",2.5,plays_taller
2026,RJ Johnson,Rhode Island,73844,6-1,"6'1""",73.0,74.42,"6'2""",1.42,plays_taller,74.42,"6'2""",1.42,plays_taller
2026,Dominic Parolin,Boise St.,73885,6-9,"6'9""",81.0,80.68,"6'9""",-0.32,plays_at_height,80.68,"6'9""",-0.32,plays_at_height
2026,Themus Fulks,UCF,74080,6-2,"6'2""",74.0,75.1,"6'3""",1.1,plays_taller,75.1,"6'3""",1.1,plays_taller
2026,Braelon Bush,Chicago St.,74147,5-9,"5'9""",69.0,74.11,"6'2""",5.11,plays_taller,74.11,"6'2""",5.11,plays_taller
2026,Dallas Howell,North Alabama,74150,6-7,"6'7""",79.0,77.18,"6'5""",-1.82,plays_shorter,77.18,"6'5""",-1.82,plays_shorter
2026,Ty Harper,Oral Roberts,74169,6-3,"6'3""",75.0,76.36,"6'4""",1.36,plays_taller,76.36,"6'4""",1.36,plays_taller
2026,Reese Dixon-Waters,San Diego St.,74185,6-6,"6'6""",78.0,76.51,"6'5""",-1.49,plays_shorter,76.51,"6'5""",-1.49,plays_shorter
2026,James Graham,Alabama A&M,74189,6-7,"6'7""",79.0,77.74,"6'6""",-1.26,plays_shorter,77.74,"6'6""",-1.26,plays_shorter
2026,Meechie Johnson,South Carolina,74192,6-2,"6'2""",74.0,76.69,"6'5""",2.69,plays_taller,76.69,"6'5""",2.69,plays_taller
2026,Franck Kepnang,Washington,74203,6-11,"6'11""",83.0,82.59,"6'11""",-0.41,plays_at_height,82.59,"6'11""",-0.41,plays_at_height
2026,Tre-Vaughn Minott,Portland St.,74206,6-10,"6'10""",82.0,83.66,"7'0""",1.66,plays_taller,83.66,"7'0""",1.66,plays_taller
2026,Trey Patterson,Rice,74229,6-8,"6'8""",80.0,75.7,"6'4""",-4.3,plays_shorter,75.7,"6'4""",-4.3,plays_shorter
2026,Amar Augillard,Milwaukee,74264,6-5,"6'5""",77.0,75.83,"6'4""",-1.17,plays_shorter,75.83,"6'4""",-1.17,plays_shorter
2026,Anouar Mellouk,Morehead St.,74271,6-8,"6'8""",80.0,78.25,"6'6""",-1.75,plays_shorter,78.25,"6'6""",-1.75,plays_shorter
2026,Dola Adebayo,George Mason,74297,6-8,"6'8""",80.0,79.36,"6'7""",-0.64,plays_at_height,79.36,"6'7""",-0.64,plays_at_height
2026,Frankie Collins,Vanderbilt,74298,6-2,"6'2""",74.0,78.04,"6'6""",4.04,plays_taller,78.04,"6'6""",4.04,plays_taller
2026,Isaiah Barnes,Valparaiso,74300,6-7,"6'7""",79.0,76.2,"6'4""",-2.8,plays_shorter,76.2,"6'4""",-2.8,plays_shorter
2026,Justice Ajogbor,Saint Joseph's,74315,6-10,"6'10""",82.0,82.63,"6'11""",0.63,plays_at_height,82.63,"6'11""",0.63,plays_at_height
2026,Jordan Riley,East Carolina,74334,6-4,"6'4""",76.0,79.1,"6'7""",3.1,plays_taller,79.1,"6'7""",3.1,plays_taller
2026,Daeshun Ruffin,Jackson St.,74336,5-10,"5'10""",70.0,75.01,"6'3""",5.01,plays_taller,75.01,"6'3""",5.01,plays_taller
2026,Grant Slatten,Tennessee Tech,74344,6-5,"6'5""",77.0,75.41,"6'3""",-1.59,plays_shorter,75.41,"6'3""",-1.59,plays_shorter
2026,Chance Moore,West Virginia,74350,6-6,"6'6""",78.0,81.28,"6'9""",3.28,plays_taller,81.28,"6'9""",3.28,plays_taller
2026,Honor Huff,West Virginia,74356,5-10,"5'10""",70.0,74.28,"6'2""",4.28,plays_taller,74.28,"6'2""",4.28,plays_taller
2026,Brennan Watkins,Chattanooga,74357,5-11,"5'11""",71.0,74.85,"6'3""",3.85,plays_taller,74.85,"6'3""",3.85,plays_taller
2026,Tasos Cook,Campbell,74369,6-2,"6'2""",74.0,75.64,"6'4""",1.64,plays_taller,75.64,"6'4""",1.64,plays_taller
2026,Bryce Harris,Howard,74382,6-4,"6'4""",76.0,80.34,"6'8""",4.34,plays_taller,80.34,"6'8""",4.34,plays_taller
2026,Andres Marrero,Merrimack,74387,6-5,"6'5""",77.0,74.66,"6'3""",-2.34,plays_shorter,74.66,"6'3""",-2.34,plays_shorter
2026,Marcus Greene,Fordham,74395,6-2,"6'2""",74.0,75.46,"6'3""",1.46,plays_taller,75.46,"6'3""",1.46,plays_taller
2026,Tyler Powell,Eastern Washington,74398,6-5,"6'5""",77.0,76.3,"6'4""",-0.7,plays_at_height,76.3,"6'4""",-0.7,plays_at_height
2026,Alex Anderson,Texas Southern,74401,6-6,"6'6""",78.0,77.78,"6'6""",-0.22,plays_at_height,77.78,"6'6""",-0.22,plays_at_height
2026,Tyler Shirley,Florida A&M,74404,6-8,"6'8""",80.0,77.6,"6'6""",-2.4,plays_shorter,77.6,"6'6""",-2.4,plays_shorter
2026,Tahj Staveskie,Incarnate Word,74405,6-0,"6'0""",72.0,74.71,"6'3""",2.71,plays_taller,74.71,"6'3""",2.71,plays_taller
2026,Kobe Knox,South Carolina,74422,6-5,"6'5""",77.0,78.26,"6'6""",1.26,plays_taller,78.26,"6'6""",1.26,plays_taller
2026,Isaiah Shaw,Northern Arizona,74424,6-8,"6'8""",80.0,77.15,"6'5""",-2.85,plays_shorter,77.15,"6'5""",-2.85,plays_shorter
2026,Louis Lesmond,Fordham,74427,6-6,"6'6""",78.0,75.69,"6'4""",-2.31,plays_shorter,75.69,"6'4""",-2.31,plays_shorter
2026,DJ Patrick,UNC Asheville,74435,6-6,"6'6""",78.0,76.22,"6'4""",-1.78,plays_shorter,76.22,"6'4""",-1.78,plays_shorter
2026,Ryan Cornish,USC,74439,6-5,"6'5""",77.0,74.85,"6'3""",-2.15,plays_shorter,74.85,"6'3""",-2.15,plays_shorter
2026,Cade Haskins,William & Mary,74441,6-6,"6'6""",78.0,75.56,"6'4""",-2.44,plays_shorter,75.56,"6'4""",-2.44,plays_shorter
2026,Makai Richards,Chattanooga,74453,6-10,"6'10""",82.0,78.88,"6'7""",-3.12,plays_shorter,78.88,"6'7""",-3.12,plays_shorter
2026,Parsa Fallah,Oklahoma St.,74465,6-10,"6'10""",82.0,79.15,"6'7""",-2.85,plays_shorter,79.15,"6'7""",-2.85,plays_shorter
2026,Ariel Bland,Bethune Cookman,74475,6-7,"6'7""",79.0,81.77,"6'10""",2.77,plays_taller,81.77,"6'10""",2.77,plays_taller
2026,Jaquan Scott,Arkansas Pine Bluff,74491,6-8,"6'8""",80.0,79.81,"6'8""",-0.19,plays_at_height,79.81,"6'8""",-0.19,plays_at_height
2026,Tay Mosher,East Texas A&M,74492,6-7,"6'7""",79.0,75.19,"6'3""",-3.81,plays_shorter,75.19,"6'3""",-3.81,plays_shorter
2026,Jalen Breath,Ohio,74513,6-8,"6'8""",80.0,79.5,"6'8""",-0.5,plays_at_height,79.5,"6'8""",-0.5,plays_at_height
2026,Khamari McGriff,Kansas St.,74520,6-9,"6'9""",81.0,81.17,"6'9""",0.17,plays_at_height,81.17,"6'9""",0.17,plays_at_height
2026,Rob Brown III,Stony Brook,74526,6-4,"6'4""",76.0,75.34,"6'3""",-0.66,plays_at_height,75.34,"6'3""",-0.66,plays_at_height
2026,Will Tschetter,Michigan,74527,6-8,"6'8""",80.0,76.07,"6'4""",-3.93,plays_shorter,76.07,"6'4""",-3.93,plays_shorter
2026,AJ Lopez,Richmond,74528,6-5,"6'5""",77.0,76.93,"6'5""",-0.07,plays_at_height,76.93,"6'5""",-0.07,plays_at_height
2026,Scotty Washington,High Point,74540,6-4,"6'4""",76.0,77.44,"6'5""",1.44,plays_taller,77.44,"6'5""",1.44,plays_taller
2026,Jason Nelson,Youngstown St.,74541,5-10,"5'10""",70.0,75.56,"6'4""",5.56,plays_taller,75.56,"6'4""",5.56,plays_taller
2026,Justice Williams,Western Michigan,74551,6-4,"6'4""",76.0,74.87,"6'3""",-1.13,plays_shorter,74.87,"6'3""",-1.13,plays_shorter
2026,Julien Soumaoro,Western Carolina,74561,5-11,"5'11""",71.0,74.93,"6'3""",3.93,plays_taller,74.93,"6'3""",3.93,plays_taller
2026,Kacper Klaczek,Elon,74567,6-8,"6'8""",80.0,79.32,"6'7""",-0.68,plays_at_height,79.32,"6'7""",-0.68,plays_at_height
2026,Brenton Knapper,Santa Clara,74586,6-0,"6'0""",72.0,75.38,"6'3""",3.38,plays_taller,75.38,"6'3""",3.38,plays_taller
2026,Shaqir O'Neal,Sacramento St.,74602,6-8,"6'8""",80.0,77.68,"6'6""",-2.32,plays_shorter,77.68,"6'6""",-2.32,plays_shorter
2026,Chris Howell,New Mexico,74618,6-6,"6'6""",78.0,77.01,"6'5""",-0.99,plays_shorter,77.01,"6'5""",-0.99,plays_shorter
2026,Tyler Lundblade,Belmont,74620,6-5,"6'5""",77.0,74.15,"6'2""",-2.85,plays_shorter,74.15,"6'2""",-2.85,plays_shorter
2026,Jalen Smith,Rice,74621,6-2,"6'2""",74.0,75.63,"6'4""",1.63,plays_taller,75.63,"6'4""",1.63,plays_taller
2026,Raymond Espinal-Guzman,Stonehill,74624,6-8,"6'8""",80.0,78.32,"6'6""",-1.68,plays_shorter,78.32,"6'6""",-1.68,plays_shorter
2026,Montavious Myrick,Eastern Kentucky,74637,6-8,"6'8""",80.0,80.1,"6'8""",0.1,plays_at_height,80.1,"6'8""",0.1,plays_at_height
2026,Justin Neely,UNC Greensboro,74640,6-6,"6'6""",78.0,80.58,"6'9""",2.58,plays_taller,80.58,"6'9""",2.58,plays_taller
2026,Zion Russell,Saint Francis,74645,6-2,"6'2""",74.0,76.17,"6'4""",2.17,plays_taller,76.17,"6'4""",2.17,plays_taller
2026,Gus Larson,Queens,74654,6-10,"6'10""",82.0,78.66,"6'7""",-3.34,plays_shorter,78.66,"6'7""",-3.34,plays_shorter
2026,Abdul Momoh,Illinois Chicago,74663,6-8,"6'8""",80.0,81.05,"6'9""",1.05,plays_taller,81.05,"6'9""",1.05,plays_taller
2026,Zaire Williams,Mercer,74668,6-4,"6'4""",76.0,76.45,"6'4""",0.45,plays_at_height,76.45,"6'4""",0.45,plays_at_height
2026,Isaac Abidde,Albany,74673,6-9,"6'9""",81.0,77.51,"6'6""",-3.49,plays_shorter,77.51,"6'6""",-3.49,plays_shorter
2026,Theo Seng,Troy,74683,6-9,"6'9""",81.0,78.3,"6'6""",-2.7,plays_shorter,78.3,"6'6""",-2.7,plays_shorter
2026,Casey Simmons,Yale,74696,6-6,"6'6""",78.0,78.79,"6'7""",0.79,plays_taller,78.79,"6'7""",0.79,plays_taller
2026,Grant Asman,Lipscomb,74722,6-10,"6'10""",82.0,79.7,"6'8""",-2.3,plays_shorter,79.7,"6'8""",-2.3,plays_shorter
2026,Sir Issac Herron,Louisiana Tech,74728,6-8,"6'8""",80.0,79.31,"6'7""",-0.69,plays_at_height,79.31,"6'7""",-0.69,plays_at_height
2026,Elijah Tucker,Longwood,74736,6-8,"6'8""",80.0,81.17,"6'9""",1.17,plays_taller,81.17,"6'9""",1.17,plays_taller
2026,Lamin Sabally,Iona,74743,6-8,"6'8""",80.0,81.17,"6'9""",1.17,plays_taller,81.17,"6'9""",1.17,plays_taller
2026,Jalen Warley,Gonzaga,74746,6-7,"6'7""",79.0,79.71,"6'8""",0.71,plays_at_height,79.71,"6'8""",0.71,plays_at_height
2026,KeShawn Murphy,Auburn,74747,6-10,"6'10""",82.0,82.13,"6'10""",0.13,plays_at_height,82.13,"6'10""",0.13,plays_at_height
2026,Alden Applewhite,Georgia Southern,74749,6-7,"6'7""",79.0,76.92,"6'5""",-2.08,plays_shorter,76.92,"6'5""",-2.08,plays_shorter
2026,Josh Odunowo,UMBC,74752,6-6,"6'6""",78.0,79.23,"6'7""",1.23,plays_taller,79.23,"6'7""",1.23,plays_taller
2026,Ismail Habib,Southern Indiana,74767,6-0,"6'0""",72.0,74.65,"6'3""",2.65,plays_taller,74.65,"6'3""",2.65,plays_taller
2026,Trey Kaufman-Renn,Purdue,74771,6-9,"6'9""",81.0,81.09,"6'9""",0.09,plays_at_height,81.09,"6'9""",0.09,plays_at_height
2026,Brian Waddell,Bellarmine,74773,6-7,"6'7""",79.0,78.22,"6'6""",-0.78,plays_shorter,78.22,"6'6""",-0.78,plays_shorter
2026,AJ George,Cal St. Bakersfield,74782,6-6,"6'6""",78.0,74.97,"6'3""",-3.03,plays_shorter,74.97,"6'3""",-3.03,plays_shorter
2026,Langston Love,Georgetown,74802,6-5,"6'5""",77.0,75.51,"6'4""",-1.49,plays_shorter,75.51,"6'4""",-1.49,plays_shorter
2026,Ryan Dufault,St. Thomas,74806,6-0,"6'0""",72.0,76.42,"6'4""",4.42,plays_taller,76.42,"6'4""",4.42,plays_taller
2026,Daylen Berry,Winthrop,74812,6-4,"6'4""",76.0,75.72,"6'4""",-0.28,plays_at_height,75.72,"6'4""",-0.28,plays_at_height
2026,D.J. Smith,Campbell,74822,6-0,"6'0""",72.0,75.28,"6'3""",3.28,plays_taller,75.28,"6'3""",3.28,plays_taller
2026,Milos Ilic,California,74841,6-10,"6'10""",82.0,79.55,"6'8""",-2.45,plays_shorter,79.55,"6'8""",-2.45,plays_shorter
2026,Kyle Cuffe Jr.,Mercer,74845,6-2,"6'2""",74.0,74.66,"6'3""",0.66,plays_at_height,74.66,"6'3""",0.66,plays_at_height
2026,Jao Ituka,Northern Illinois,74848,6-1,"6'1""",73.0,75.2,"6'3""",2.2,plays_taller,75.2,"6'3""",2.2,plays_taller
2026,Joshua Beadle,Coastal Carolina,74864,6-3,"6'3""",75.0,76.65,"6'5""",1.65,plays_taller,76.65,"6'5""",1.65,plays_taller
2026,C.J. Anthony,Iona,74866,6-0,"6'0""",72.0,75.18,"6'3""",3.18,plays_taller,75.18,"6'3""",3.18,plays_taller
2026,Tuongthach Gatkek,Little Rock,74875,6-9,"6'9""",81.0,81.55,"6'10""",0.55,plays_at_height,81.55,"6'10""",0.55,plays_at_height
2026,Kezza Giffa,Mississippi,74886,6-1,"6'1""",73.0,75.94,"6'4""",2.94,plays_taller,75.94,"6'4""",2.94,plays_taller
2026,Jordan Battle,Old Dominion,74890,6-2,"6'2""",74.0,76.4,"6'4""",2.4,plays_taller,76.4,"6'4""",2.4,plays_taller
2026,Owen Dease,Valparaiso,74898,6-8,"6'8""",80.0,76.47,"6'4""",-3.53,plays_shorter,76.47,"6'4""",-3.53,plays_shorter
2026,Robert McCray V,Florida St.,74901,6-4,"6'4""",76.0,77.91,"6'6""",1.91,plays_taller,77.91,"6'6""",1.91,plays_taller
2026,Tyler Coleman,Towson,74902,6-7,"6'7""",79.0,77.76,"6'6""",-1.24,plays_shorter,77.76,"6'6""",-1.24,plays_shorter
2026,Mike James,Vanderbilt,74903,6-5,"6'5""",77.0,75.39,"6'3""",-1.61,plays_shorter,75.39,"6'3""",-1.61,plays_shorter
2026,Quimari Peterson,Washington,74904,6-1,"6'1""",73.0,75.24,"6'3""",2.24,plays_taller,75.24,"6'3""",2.24,plays_taller
2026,Will Allen,Louisiana Tech,74908,6-7,"6'7""",79.0,78.11,"6'6""",-0.89,plays_shorter,78.11,"6'6""",-0.89,plays_shorter
2026,Julian Mackey,FIU,74916,6-2,"6'2""",74.0,76.25,"6'4""",2.25,plays_taller,76.25,"6'4""",2.25,plays_taller
2026,Michael Gray Jr.,Wichita St.,74923,6-1,"6'1""",73.0,75.08,"6'3""",2.08,plays_taller,75.08,"6'3""",2.08,plays_taller
2026,Jayme Mitchell Jr.,Jackson St.,74941,6-5,"6'5""",77.0,77.04,"6'5""",0.04,plays_at_height,77.04,"6'5""",0.04,plays_at_height
2026,Sam Hoiberg,Nebraska,74951,6-0,"6'0""",72.0,77.29,"6'5""",5.29,plays_taller,77.29,"6'5""",5.29,plays_taller
2026,Quaran McPherson,UAB,74955,6-4,"6'4""",76.0,75.63,"6'4""",-0.37,plays_at_height,75.63,"6'4""",-0.37,plays_at_height
2026,Houston Mallette,Alabama,74965,6-5,"6'5""",77.0,77.07,"6'5""",0.07,plays_at_height,77.07,"6'5""",0.07,plays_at_height
2026,James Okonkwo,Utah,74968,6-8,"6'8""",80.0,80.9,"6'9""",0.9,plays_taller,80.9,"6'9""",0.9,plays_taller
2026,Allen Strothers,East Tennessee St.,74988,6-1,"6'1""",73.0,75.3,"6'3""",2.3,plays_taller,75.3,"6'3""",2.3,plays_taller
2026,Kowacie Reeves Jr.,Georgia Tech,74990,6-6,"6'6""",78.0,77.43,"6'5""",-0.57,plays_at_height,77.43,"6'5""",-0.57,plays_at_height
2026,Wes Peterson,Binghamton,74991,6-6,"6'6""",78.0,76.45,"6'4""",-1.55,plays_shorter,76.45,"6'4""",-1.55,plays_shorter
2026,Anquan Hill,Sacred Heart,74995,6-9,"6'9""",81.0,78.96,"6'7""",-2.04,plays_shorter,78.96,"6'7""",-2.04,plays_shorter
2026,Tre Carroll,Xavier,74996,6-7,"6'7""",79.0,78.87,"6'7""",-0.13,plays_at_height,78.87,"6'7""",-0.13,plays_at_height
2026,Ethan Butler,Charlotte,75005,6-7,"6'7""",79.0,77.53,"6'6""",-1.47,plays_shorter,77.53,"6'6""",-1.47,plays_shorter
2026,Quincy Allen,Bryant,75013,6-8,"6'8""",80.0,79.45,"6'7""",-0.55,plays_at_height,79.45,"6'7""",-0.55,plays_at_height
2026,Mason Miller,Murray St.,75014,6-9,"6'9""",81.0,76.41,"6'4""",-4.59,plays_shorter,76.41,"6'4""",-4.59,plays_shorter
2026,John Christofilis,Seattle,75015,6-3,"6'3""",75.0,73.85,"6'2""",-1.15,plays_shorter,73.85,"6'2""",-1.15,plays_shorter
2026,John Camden,California,75022,6-8,"6'8""",80.0,77.28,"6'5""",-2.72,plays_shorter,77.28,"6'5""",-2.72,plays_shorter
2026,Johnathan Lawson,Little Rock,75023,6-7,"6'7""",79.0,76.83,"6'5""",-2.17,plays_shorter,76.83,"6'5""",-2.17,plays_shorter
2026,Milos Nenadic,Lindenwood,75025,6-10,"6'10""",82.0,79.27,"6'7""",-2.73,plays_shorter,79.27,"6'7""",-2.73,plays_shorter
2026,Chris Morgan,Coppin St.,75032,6-9,"6'9""",81.0,78.74,"6'7""",-2.26,plays_shorter,78.74,"6'7""",-2.26,plays_shorter
2026,Alex Crawford,Rhode Island,75039,6-8,"6'8""",80.0,78.56,"6'7""",-1.44,plays_shorter,78.56,"6'7""",-1.44,plays_shorter
2026,Elijah Kennedy,Hampton,75045,6-3,"6'3""",75.0,76.96,"6'5""",1.96,plays_taller,76.96,"6'5""",1.96,plays_taller
2026,Foster Wonders,Cleveland St.,75053,6-5,"6'5""",77.0,74.03,"6'2""",-2.97,plays_shorter,74.03,"6'2""",-2.97,plays_shorter
2026,Legend Geeter,Detroit Mercy,75058,6-8,"6'8""",80.0,78.99,"6'7""",-1.01,plays_shorter,78.99,"6'7""",-1.01,plays_shorter
2026,Rafael Castro,George Washington,75059,6-11,"6'11""",83.0,85.46,"7'1""",2.46,plays_taller,85.46,"7'1""",2.46,plays_taller
2026,Corey Perkins,Delaware St.,75060,6-2,"6'2""",74.0,74.98,"6'3""",0.98,plays_taller,74.98,"6'3""",0.98,plays_taller
2026,Jerry Ngopot,Coastal Carolina,75070,6-10,"6'10""",82.0,76.29,"6'4""",-5.71,plays_shorter,76.29,"6'4""",-5.71,plays_shorter
2026,Adetokunbo Bakare,Saint Peter's,75075,6-3,"6'3""",75.0,74.67,"6'3""",-0.33,plays_at_height,74.67,"6'3""",-0.33,plays_at_height
2026,Brent Bland,Saint Peter's,75076,6-3,"6'3""",75.0,77.09,"6'5""",2.09,plays_taller,77.09,"6'5""",2.09,plays_taller
2026,Sam Silverstein,Illinois Chicago,75080,6-6,"6'6""",78.0,78.79,"6'7""",0.79,plays_taller,78.79,"6'7""",0.79,plays_taller
2026,Ben Schwieger,Northern Iowa,75087,6-8,"6'8""",80.0,78.78,"6'7""",-1.22,plays_shorter,78.78,"6'7""",-1.22,plays_shorter
2026,Julius Rollins,Denver,75090,6-7,"6'7""",79.0,77.11,"6'5""",-1.89,plays_shorter,77.11,"6'5""",-1.89,plays_shorter
2026,Kanye Jones,USC Upstate,75099,6-5,"6'5""",77.0,73.54,"6'2""",-3.46,plays_shorter,73.54,"6'2""",-3.46,plays_shorter
2026,Devin McGlockton,Vanderbilt,75100,6-7,"6'7""",79.0,80.3,"6'8""",1.3,plays_taller,80.3,"6'8""",1.3,plays_taller
2026,RJ Keene,Boise St.,75107,6-7,"6'7""",79.0,77.29,"6'5""",-1.71,plays_shorter,77.29,"6'5""",-1.71,plays_shorter
2026,Leonardo Bettiol,Massachusetts,75114,6-9,"6'9""",81.0,79.01,"6'7""",-1.99,plays_shorter,79.01,"6'7""",-1.99,plays_shorter
2026,Nick Davidson,Clemson,75126,6-10,"6'10""",82.0,78.88,"6'7""",-3.12,plays_shorter,78.88,"6'7""",-3.12,plays_shorter
2026,Duncan Powell,Providence,75129,6-8,"6'8""",80.0,76.15,"6'4""",-3.85,plays_shorter,76.15,"6'4""",-3.85,plays_shorter
2026,"Corey Floyd, Jr.",Providence,75154,6-4,"6'4""",76.0,77.01,"6'5""",1.01,plays_taller,77.01,"6'5""",1.01,plays_taller
2026,Ramon Walker Jr.,Houston,75168,6-5,"6'5""",77.0,77.95,"6'6""",0.95,plays_taller,77.95,"6'6""",0.95,plays_taller
2026,Maximus Edwards,Duquesne,75171,6-5,"6'5""",77.0,76.26,"6'4""",-0.74,plays_at_height,76.26,"6'4""",-0.74,plays_at_height
2026,Will Felton,North Carolina A&T,75182,6-8,"6'8""",80.0,79.59,"6'8""",-0.41,plays_at_height,79.59,"6'8""",-0.41,plays_at_height
2026,Demari Williams,Houston Christian,75184,6-5,"6'5""",77.0,77.29,"6'5""",0.29,plays_at_height,77.29,"6'5""",0.29,plays_at_height
2026,Isaiah Walker,Xavier,75195,6-5,"6'5""",77.0,77.03,"6'5""",0.03,plays_at_height,77.03,"6'5""",0.03,plays_at_height
2026,Kaleb Washington,Florida A&M,75199,6-8,"6'8""",80.0,78.03,"6'6""",-1.97,plays_shorter,78.03,"6'6""",-1.97,plays_shorter
2026,Malachi Smith,Connecticut,75200,6-0,"6'0""",72.0,75.34,"6'3""",3.34,plays_taller,75.34,"6'3""",3.34,plays_taller
2026,Michael Folarin,East Texas A&M,75231,6-10,"6'10""",82.0,79.9,"6'8""",-2.1,plays_shorter,79.9,"6'8""",-2.1,plays_shorter
2026,Justin Rochelin,Pacific,75236,6-5,"6'5""",77.0,78.79,"6'7""",1.79,plays_taller,78.79,"6'7""",1.79,plays_taller
2026,Shay Johnson Jr.,Long Beach St.,75244,6-10,"6'10""",82.0,79.02,"6'7""",-2.98,plays_shorter,79.02,"6'7""",-2.98,plays_shorter
2026,Giovanni Emejuru,East Carolina,75245,6-10,"6'10""",82.0,83.83,"7'0""",1.83,plays_taller,83.83,"7'0""",1.83,plays_taller
2026,Damon Nicholas Jr.,Sam Houston St.,75250,6-4,"6'4""",76.0,77.62,"6'6""",1.62,plays_taller,77.62,"6'6""",1.62,plays_taller
2026,Tucker DeVries,Indiana,75260,6-7,"6'7""",79.0,77.49,"6'5""",-1.51,plays_shorter,77.49,"6'5""",-1.51,plays_shorter
2026,Conor Enright,Indiana,75261,6-1,"6'1""",73.0,75.12,"6'3""",2.12,plays_taller,75.12,"6'3""",2.12,plays_taller
2026,Jaden Brownell,USC,75286,6-10,"6'10""",82.0,78.0,"6'6""",-4.0,plays_shorter,78.0,"6'6""",-4.0,plays_shorter
2026,Carter Kingsbury,The Citadel,75298,6-5,"6'5""",77.0,75.32,"6'3""",-1.68,plays_shorter,75.32,"6'3""",-1.68,plays_shorter
2026,Nate Johnson,Kansas St.,75301,6-3,"6'3""",75.0,78.05,"6'6""",3.05,plays_taller,78.05,"6'6""",3.05,plays_taller
2026,Joseph Venzant,Abilene Christian,75328,6-3,"6'3""",75.0,77.11,"6'5""",2.11,plays_taller,77.11,"6'5""",2.11,plays_taller
2026,Terrance Jones,Manhattan,75329,6-3,"6'3""",75.0,76.56,"6'5""",1.56,plays_taller,76.56,"6'5""",1.56,plays_taller
2026,Nate Bittle,Oregon,75330,7-0,"7'0""",84.0,81.0,"6'9""",-3.0,plays_shorter,81.0,"6'9""",-3.0,plays_shorter
2026,Isaac Johnson,Hawaii,75331,7-0,"7'0""",84.0,81.7,"6'10""",-2.3,plays_shorter,81.7,"6'10""",-2.3,plays_shorter
2026,Jayden Jackson,Cal Baptist,75337,6-4,"6'4""",76.0,75.16,"6'3""",-0.84,plays_shorter,75.16,"6'3""",-0.84,plays_shorter
2026,Myron Amey Jr.,Loyola Marymount,75346,6-2,"6'2""",74.0,76.63,"6'5""",2.63,plays_taller,76.63,"6'5""",2.63,plays_taller
2026,Alex Williams,Duquesne,75371,6-5,"6'5""",77.0,77.78,"6'6""",0.78,plays_taller,77.78,"6'6""",0.78,plays_taller
2026,Logan Stephens,Southern Utah,75374,6-3,"6'3""",75.0,75.47,"6'3""",0.47,plays_at_height,75.47,"6'3""",0.47,plays_at_height
2026,Chris Hodges,Montana St.,75375,6-9,"6'9""",81.0,79.91,"6'8""",-1.09,plays_shorter,79.91,"6'8""",-1.09,plays_shorter
2026,Matthew Mors,South Dakota St.,75377,6-7,"6'7""",79.0,78.48,"6'6""",-0.52,plays_at_height,78.48,"6'6""",-0.52,plays_at_height
2026,Diego Campisano,Northern Arizona,75383,6-6,"6'6""",78.0,75.97,"6'4""",-2.03,plays_shorter,75.97,"6'4""",-2.03,plays_shorter
2026,Samuel Ariyibi,Utah Tech,75396,6-8,"6'8""",80.0,77.61,"6'6""",-2.39,plays_shorter,77.61,"6'6""",-2.39,plays_shorter
2026,Lassina Traore,Texas,75397,6-9,"6'9""",81.0,79.93,"6'8""",-1.07,plays_shorter,79.93,"6'8""",-1.07,plays_shorter
2026,Malik Thomas,Virginia,75409,6-5,"6'5""",77.0,76.96,"6'5""",-0.04,plays_at_height,76.96,"6'5""",-0.04,plays_at_height
2026,Akiva McBirney-Griffin,UC Irvine,75425,6-9,"6'9""",81.0,77.99,"6'6""",-3.01,plays_shorter,77.99,"6'6""",-3.01,plays_shorter
2026,Imanuel Zorgvol,Youngstown St.,75438,7-0,"7'0""",84.0,83.79,"7'0""",-0.21,plays_at_height,83.79,"7'0""",-0.21,plays_at_height
2026,Zach Bloch,Northern Colorado,75444,6-2,"6'2""",74.0,74.46,"6'2""",0.46,plays_at_height,74.46,"6'2""",0.46,plays_at_height
2026,Pablo Tamba,LSU,75466,6-7,"6'7""",79.0,80.49,"6'8""",1.49,plays_taller,80.49,"6'8""",1.49,plays_taller
2026,Logan Duncomb,Winthrop,75474,6-10,"6'10""",82.0,82.24,"6'10""",0.24,plays_at_height,82.24,"6'10""",0.24,plays_at_height
2026,Malcolm Chimezie,Boston University,75476,6-8,"6'8""",80.0,80.67,"6'9""",0.67,plays_at_height,80.67,"6'9""",0.67,plays_at_height
2026,Ben Johnson,Vermont,75478,6-3,"6'3""",75.0,75.0,"6'3""",-0.0,plays_at_height,75.0,"6'3""",-0.0,plays_at_height
2026,Angelo Brizzi,Buffalo,75482,6-3,"6'3""",75.0,76.27,"6'4""",1.27,plays_taller,76.27,"6'4""",1.27,plays_taller
2026,Sam Alamutu,Wright St.,75484,6-5,"6'5""",77.0,78.33,"6'6""",1.33,plays_taller,78.33,"6'6""",1.33,plays_taller
2026,Michael Duax,Florida Gulf Coast,75487,6-6,"6'6""",78.0,79.47,"6'7""",1.47,plays_taller,79.47,"6'7""",1.47,plays_taller
2026,Landon Wolf,Illinois St.,75488,6-5,"6'5""",77.0,78.5,"6'6""",1.5,plays_taller,78.5,"6'6""",1.5,plays_taller
2026,Kooper Jacobi,Eastern Illinois,75509,6-6,"6'6""",78.0,77.85,"6'6""",-0.15,plays_at_height,77.85,"6'6""",-0.15,plays_at_height
2026,Myles Rice,Maryland,75512,6-3,"6'3""",75.0,75.25,"6'3""",0.25,plays_at_height,75.25,"6'3""",0.25,plays_at_height
2026,Wyatt Fricks,Marshall,75522,6-9,"6'9""",81.0,81.43,"6'9""",0.43,plays_at_height,81.43,"6'9""",0.43,plays_at_height
2026,Marcus Banks,Massachusetts,75525,6-3,"6'3""",75.0,75.77,"6'4""",0.77,plays_taller,75.77,"6'4""",0.77,plays_taller
2026,Stephen Giwa,Rice,75532,6-9,"6'9""",81.0,82.41,"6'10""",1.41,plays_taller,82.41,"6'10""",1.41,plays_taller
2026,Terrion Murdix,Western Kentucky,75533,6-1,"6'1""",73.0,75.8,"6'4""",2.8,plays_taller,75.8,"6'4""",2.8,plays_taller
2026,Boopie Miller,SMU,75534,6-0,"6'0""",72.0,75.34,"6'3""",3.34,plays_taller,75.34,"6'3""",3.34,plays_taller
2026,Amar’e Marshall,St. Bonaventure,75542,6-4,"6'4""",76.0,76.14,"6'4""",0.14,plays_at_height,76.14,"6'4""",0.14,plays_at_height
2026,Jaylin Sellers,Providence,75555,6-5,"6'5""",77.0,77.13,"6'5""",0.13,plays_at_height,77.13,"6'5""",0.13,plays_at_height
2026,Ali Dibba,Texas A&M,75558,6-5,"6'5""",77.0,77.34,"6'5""",0.34,plays_at_height,77.34,"6'5""",0.34,plays_at_height
2026,J.R. Konieczny,Florida Gulf Coast,75567,6-7,"6'7""",79.0,78.66,"6'7""",-0.34,plays_at_height,78.66,"6'7""",-0.34,plays_at_height
2026,Trae English,Nicholls St.,75573,6-0,"6'0""",72.0,74.62,"6'3""",2.62,plays_taller,74.62,"6'3""",2.62,plays_taller
2026,Aidan Noyes,Belmont,75578,6-7,"6'7""",79.0,76.96,"6'5""",-2.04,plays_shorter,76.96,"6'5""",-2.04,plays_shorter
2026,Keaton Norris,Samford,75589,6-0,"6'0""",72.0,74.86,"6'3""",2.86,plays_taller,74.86,"6'3""",2.86,plays_taller
2026,Keeyan Itejere,Rhode Island,75592,6-9,"6'9""",81.0,82.71,"6'11""",1.71,plays_taller,82.71,"6'11""",1.71,plays_taller
2026,Riley Mulvey,Siena,75593,7-0,"7'0""",84.0,80.77,"6'9""",-3.23,plays_shorter,80.77,"6'9""",-3.23,plays_shorter
2026,Zach Clemence,Texas A&M,75595,6-11,"6'11""",83.0,78.3,"6'6""",-4.7,plays_shorter,78.3,"6'6""",-4.7,plays_shorter
2026,Bryce Hopkins,St. John's,75605,6-7,"6'7""",79.0,79.56,"6'8""",0.56,plays_at_height,79.56,"6'8""",0.56,plays_at_height
2026,Daimion Collins,South Florida,75606,6-9,"6'9""",81.0,82.63,"6'11""",1.63,plays_taller,82.63,"6'11""",1.63,plays_taller
2026,Camren Hunter,Central Arkansas,75617,6-2,"6'2""",74.0,76.55,"6'5""",2.55,plays_taller,76.55,"6'5""",2.55,plays_taller
2026,Connor Hickman,Charleston,75621,6-3,"6'3""",75.0,75.46,"6'3""",0.46,plays_at_height,75.46,"6'3""",0.46,plays_at_height
2026,Javon Ruffin,Bowling Green,75623,6-5,"6'5""",77.0,75.74,"6'4""",-1.26,plays_shorter,75.74,"6'4""",-1.26,plays_shorter
2026,Cam Palesse,Alabama St.,75642,6-5,"6'5""",77.0,74.86,"6'3""",-2.14,plays_shorter,74.86,"6'3""",-2.14,plays_shorter
2026,Preston Ruedinger,Green Bay,75644,6-2,"6'2""",74.0,75.64,"6'4""",1.64,plays_taller,75.64,"6'4""",1.64,plays_taller
2026,Cameron Crawford,Duquesne,75648,6-5,"6'5""",77.0,75.33,"6'3""",-1.67,plays_shorter,75.33,"6'3""",-1.67,plays_shorter
2026,Veljko Ilic,Sam Houston St.,75655,6-10,"6'10""",82.0,79.82,"6'8""",-2.18,plays_shorter,79.82,"6'8""",-2.18,plays_shorter
2026,Garrett Johnson,George Washington,75658,6-8,"6'8""",80.0,76.53,"6'5""",-3.47,plays_shorter,76.53,"6'5""",-3.47,plays_shorter
2026,Jaden Cooper,Maryland Eastern Shore,75660,6-3,"6'3""",75.0,76.01,"6'4""",1.01,plays_taller,76.01,"6'4""",1.01,plays_taller
2026,Nana Owusu-Anane,Grand Canyon,75662,6-8,"6'8""",80.0,80.4,"6'8""",0.4,plays_at_height,80.4,"6'8""",0.4,plays_at_height
2026,Jerrell Colbert,McNeese St.,75684,6-10,"6'10""",82.0,82.71,"6'11""",0.71,plays_at_height,82.71,"6'11""",0.71,plays_at_height
2026,Randy Brady,South Alabama,75690,6-5,"6'5""",77.0,78.01,"6'6""",1.01,plays_taller,78.01,"6'6""",1.01,plays_taller
2026,Patrick McMahon,Montana St.,75706,6-7,"6'7""",79.0,77.53,"6'6""",-1.47,plays_shorter,77.53,"6'6""",-1.47,plays_shorter
2026,Jakai Robinson,Bryant,75707,6-5,"6'5""",77.0,76.56,"6'5""",-0.44,plays_at_height,76.56,"6'5""",-0.44,plays_at_height
2026,Wilhelm Breidenbach,Grand Canyon,75711,6-10,"6'10""",82.0,78.49,"6'6""",-3.51,plays_shorter,78.49,"6'6""",-3.51,plays_shorter
2026,Oleg Kojenets,Stony Brook,75712,7-0,"7'0""",84.0,80.25,"6'8""",-3.75,plays_shorter,80.25,"6'8""",-3.75,plays_shorter
2026,Kuluel Mading,Charlotte,75719,6-11,"6'11""",83.0,78.65,"6'7""",-4.35,plays_shorter,78.65,"6'7""",-4.35,plays_shorter
2026,Zaakir Williamson,Saint Peter's,75724,6-7,"6'7""",79.0,79.3,"6'7""",0.3,plays_at_height,79.3,"6'7""",0.3,plays_at_height
2026,Devin Hines,North Florida,75751,6-4,"6'4""",76.0,76.41,"6'4""",0.41,plays_at_height,76.41,"6'4""",0.41,plays_at_height
2026,Kaleb Brown,Robert Morris,75755,6-7,"6'7""",79.0,76.0,"6'4""",-3.0,plays_shorter,76.0,"6'4""",-3.0,plays_shorter
2026,Trevon Brazile,Arkansas,75756,6-10,"6'10""",82.0,82.79,"6'11""",0.79,plays_taller,82.79,"6'11""",0.79,plays_taller
2026,Anton Brookshire,Austin Peay,75759,6-2,"6'2""",74.0,74.73,"6'3""",0.73,plays_at_height,74.73,"6'3""",0.73,plays_at_height
2026,Yaya Keita,Albany,75760,6-9,"6'9""",81.0,76.82,"6'5""",-4.18,plays_shorter,76.82,"6'5""",-4.18,plays_shorter
2026,Makai Willis,Texas St.,75779,6-8,"6'8""",80.0,79.72,"6'8""",-0.28,plays_at_height,79.72,"6'8""",-0.28,plays_at_height
2026,TJ Long,Vermont,75785,6-4,"6'4""",76.0,75.99,"6'4""",-0.01,plays_at_height,75.99,"6'4""",-0.01,plays_at_height
2026,Xzavier Long,Hampton,75792,6-7,"6'7""",79.0,79.83,"6'8""",0.83,plays_taller,79.83,"6'8""",0.83,plays_taller
2026,Kadar Waller,Cal St. Bakersfield,75805,6-0,"6'0""",72.0,74.53,"6'3""",2.53,plays_taller,74.53,"6'3""",2.53,plays_taller
2026,Jake Heidbreder,Fresno St.,75813,6-5,"6'5""",77.0,75.15,"6'3""",-1.85,plays_shorter,75.15,"6'3""",-1.85,plays_shorter
2026,Ryan Abelman,Northern Arizona,75864,6-4,"6'4""",76.0,75.58,"6'4""",-0.42,plays_at_height,75.58,"6'4""",-0.42,plays_at_height
2026,Noah Feddersen,North Dakota St.,75867,6-10,"6'10""",82.0,81.17,"6'9""",-0.83,plays_shorter,81.17,"6'9""",-0.83,plays_shorter
2026,Lance Waddles,Nebraska Omaha,75869,6-4,"6'4""",76.0,76.82,"6'5""",0.82,plays_taller,76.82,"6'5""",0.82,plays_taller
2026,Oakland Fort,Northern Arizona,75871,5-10,"5'10""",70.0,75.0,"6'3""",5.0,plays_taller,75.0,"6'3""",5.0,plays_taller
2026,Ryan Conwell,Louisville,75878,6-3,"6'3""",75.0,76.17,"6'4""",1.17,plays_taller,76.17,"6'4""",1.17,plays_taller
2026,Dok Muordar,Monmouth,75879,6-11,"6'11""",83.0,81.41,"6'9""",-1.59,plays_shorter,81.41,"6'9""",-1.59,plays_shorter
2026,William Kyle III,Syracuse,75881,6-9,"6'9""",81.0,84.95,"7'1""",3.95,plays_taller,84.95,"7'1""",3.95,plays_taller
2026,Kolby King,Utah St.,75883,6-1,"6'1""",73.0,78.01,"6'6""",5.01,plays_taller,78.01,"6'6""",5.01,plays_taller
2026,Christian Winborne,Nicholls St.,75884,6-3,"6'3""",75.0,75.17,"6'3""",0.17,plays_at_height,75.17,"6'3""",0.17,plays_at_height
2026,Quin Berger,Bucknell,75885,6-2,"6'2""",74.0,74.28,"6'2""",0.28,plays_at_height,74.28,"6'2""",0.28,plays_at_height
2026,Austin Benigni,Navy,75888,5-10,"5'10""",70.0,75.13,"6'3""",5.13,plays_taller,75.13,"6'3""",5.13,plays_taller
2026,Jayden Pierre,TCU,75892,6-0,"6'0""",72.0,76.05,"6'4""",4.05,plays_taller,76.05,"6'4""",4.05,plays_taller
2026,Quante Berry,Memphis,75893,6-4,"6'4""",76.0,76.73,"6'5""",0.73,plays_at_height,76.73,"6'5""",0.73,plays_at_height
2026,Ezra Ausar,USC,75895,6-9,"6'9""",81.0,81.66,"6'10""",0.66,plays_at_height,81.66,"6'10""",0.66,plays_at_height
2026,Valentino Pinedo,UNC Greensboro,75896,6-8,"6'8""",80.0,79.71,"6'8""",-0.29,plays_at_height,79.71,"6'8""",-0.29,plays_at_height
2026,Kareem Rozier,Winthrop,75901,5-9,"5'9""",69.0,74.1,"6'2""",5.1,plays_taller,74.1,"6'2""",5.1,plays_taller
2026,Evans Kipruto,UC Santa Barbara,75910,6-8,"6'8""",80.0,82.11,"6'10""",2.11,plays_taller,82.11,"6'10""",2.11,plays_taller
2026,Erik Pratt,Stony Brook,75911,6-5,"6'5""",77.0,76.92,"6'5""",-0.08,plays_at_height,76.92,"6'5""",-0.08,plays_at_height
2026,Tavari Johnson,Akron,75912,5-11,"5'11""",71.0,76.44,"6'4""",5.44,plays_taller,76.44,"6'4""",5.44,plays_taller
2026,Ryan Prather Jr.,Robert Morris,75913,6-5,"6'5""",77.0,76.38,"6'4""",-0.62,plays_at_height,76.38,"6'4""",-0.62,plays_at_height
2026,Houston Emory,Delaware,75915,6-9,"6'9""",81.0,80.26,"6'8""",-0.74,plays_at_height,80.26,"6'8""",-0.74,plays_at_height
2026,Max Mackinnon,LSU,75920,6-6,"6'6""",78.0,74.91,"6'3""",-3.09,plays_shorter,74.91,"6'3""",-3.09,plays_shorter
2026,Madison Durr,UNC Wilmington,75924,6-5,"6'5""",77.0,76.76,"6'5""",-0.24,plays_at_height,76.76,"6'5""",-0.24,plays_at_height
2026,AJ Smith,Temple,75925,6-4,"6'4""",76.0,75.46,"6'3""",-0.54,plays_at_height,75.46,"6'3""",-0.54,plays_at_height
2026,Aidan Kehoe,Navy,75927,6-10,"6'10""",82.0,82.43,"6'10""",0.43,plays_at_height,82.43,"6'10""",0.43,plays_at_height
2026,Jalen Forrest,Southeastern Louisiana,75930,6-5,"6'5""",77.0,76.2,"6'4""",-0.8,plays_shorter,76.2,"6'4""",-0.8,plays_shorter
2026,Derek Simpson,Saint Joseph's,75933,6-3,"6'3""",75.0,77.87,"6'6""",2.87,plays_taller,77.87,"6'6""",2.87,plays_taller
2026,Dashon Gittens,Sacred Heart,75937,6-3,"6'3""",75.0,78.58,"6'7""",3.58,plays_taller,78.58,"6'7""",3.58,plays_taller
2026,Antwone Woolfolk,Miami OH,75938,6-9,"6'9""",81.0,80.65,"6'9""",-0.35,plays_at_height,80.65,"6'9""",-0.35,plays_at_height
2026,Kenny Noland,Columbia,75944,6-4,"6'4""",76.0,75.1,"6'3""",-0.9,plays_shorter,75.1,"6'3""",-0.9,plays_shorter
2026,Ethan Meuser,Stonehill,75947,6-8,"6'8""",80.0,78.78,"6'7""",-1.22,plays_shorter,78.78,"6'7""",-1.22,plays_shorter
2026,Izaiyah Nelson,South Florida,75949,6-10,"6'10""",82.0,85.55,"7'2""",3.55,plays_taller,85.55,"7'2""",3.55,plays_taller
2026,Darrion Williams,N.C. State,75953,6-6,"6'6""",78.0,75.98,"6'4""",-2.02,plays_shorter,75.98,"6'4""",-2.02,plays_shorter
2026,Denzel Aberdeen,Kentucky,75954,6-5,"6'5""",77.0,76.52,"6'5""",-0.48,plays_at_height,76.52,"6'5""",-0.48,plays_at_height
2026,Aleks Szymczyk,Cal St. Northridge,75955,6-10,"6'10""",82.0,78.24,"6'6""",-3.76,plays_shorter,78.24,"6'6""",-3.76,plays_shorter
2026,Michael Rogan,Fairfield,75956,6-7,"6'7""",79.0,76.01,"6'4""",-2.99,plays_shorter,76.01,"6'4""",-2.99,plays_shorter
2026,Jo'el Emanuel,William & Mary,75957,6-6,"6'6""",78.0,78.74,"6'7""",0.74,plays_at_height,78.74,"6'7""",0.74,plays_at_height
2026,Trevon Blassingame,Idaho,75962,6-4,"6'4""",76.0,76.76,"6'5""",0.76,plays_taller,76.76,"6'5""",0.76,plays_taller
2026,Jayland Randall,New Mexico St.,75981,6-5,"6'5""",77.0,75.72,"6'4""",-1.28,plays_shorter,75.72,"6'4""",-1.28,plays_shorter
2026,Vladimer Salaridze,Youngstown St.,75989,6-7,"6'7""",79.0,79.36,"6'7""",0.36,plays_at_height,79.36,"6'7""",0.36,plays_at_height
2026,Kenyon Giles,Wichita St.,75999,5-10,"5'10""",70.0,74.39,"6'2""",4.39,plays_taller,74.39,"6'2""",4.39,plays_taller
2026,Luke Northweather,Missouri,76000,6-11,"6'11""",83.0,77.29,"6'5""",-5.71,plays_shorter,77.29,"6'5""",-5.71,plays_shorter
2026,Quion Williams,Arkansas Pine Bluff,76001,6-5,"6'5""",77.0,79.03,"6'7""",2.03,plays_taller,79.03,"6'7""",2.03,plays_taller
2026,Rory Stewart,Florida Gulf Coast,76002,6-8,"6'8""",80.0,74.49,"6'2""",-5.51,plays_shorter,74.49,"6'2""",-5.51,plays_shorter
2026,Chevalier Emery,Cleveland St.,76010,6-0,"6'0""",72.0,74.07,"6'2""",2.07,plays_taller,74.07,"6'2""",2.07,plays_taller
2026,Javon Bennett,Dayton,76011,5-10,"5'10""",70.0,74.84,"6'3""",4.84,plays_taller,74.84,"6'3""",4.84,plays_taller
2026,Jordan Derkack,Dayton,76012,6-5,"6'5""",77.0,78.88,"6'7""",1.88,plays_taller,78.88,"6'7""",1.88,plays_taller
2026,Jasen Green,Creighton,76013,6-8,"6'8""",80.0,80.56,"6'9""",0.56,plays_at_height,80.56,"6'9""",0.56,plays_at_height
2026,Ola Ajiboye,Southern Indiana,76014,6-7,"6'7""",79.0,79.81,"6'8""",0.81,plays_taller,79.81,"6'8""",0.81,plays_taller
2026,Mike Sharavjamts,South Carolina,76015,6-9,"6'9""",81.0,79.51,"6'8""",-1.49,plays_shorter,79.51,"6'8""",-1.49,plays_shorter
2026,Achile Spadone,Bucknell,76016,6-4,"6'4""",76.0,76.86,"6'5""",0.86,plays_taller,76.86,"6'5""",0.86,plays_taller
2026,Jack Collins,Monmouth,76022,6-5,"6'5""",77.0,75.97,"6'4""",-1.03,plays_shorter,75.97,"6'4""",-1.03,plays_shorter
2026,Joe Hurlburt,Davidson,76023,6-11,"6'11""",83.0,80.4,"6'8""",-2.6,plays_shorter,80.4,"6'8""",-2.6,plays_shorter
2026,Grant Newell,Western Kentucky,76025,6-9,"6'9""",81.0,77.46,"6'5""",-3.54,plays_shorter,77.46,"6'5""",-3.54,plays_shorter
2026,Jack Payne,Idaho,76027,6-6,"6'6""",78.0,77.46,"6'5""",-0.54,plays_at_height,77.46,"6'5""",-0.54,plays_at_height
2026,KyeRon Lindsay-Martin,UAB,76029,6-8,"6'8""",80.0,80.56,"6'9""",0.56,plays_at_height,80.56,"6'9""",0.56,plays_at_height
2026,Emil Skytta,North Dakota St.,76032,6-5,"6'5""",77.0,77.31,"6'5""",0.31,plays_at_height,77.31,"6'5""",0.31,plays_at_height
2026,Nate Brafford,Charleston Southern,76035,6-9,"6'9""",81.0,75.87,"6'4""",-5.13,plays_shorter,75.87,"6'4""",-5.13,plays_shorter
2026,Edward Nnamoko,Winthrop,76036,6-10,"6'10""",82.0,79.46,"6'7""",-2.54,plays_shorter,79.46,"6'7""",-2.54,plays_shorter
2026,Bendji Pierre,Mercer,76037,6-8,"6'8""",80.0,74.3,"6'2""",-5.7,plays_shorter,74.3,"6'2""",-5.7,plays_shorter
2026,Daniel Rivera,UAB,76039,6-7,"6'7""",79.0,81.59,"6'10""",2.59,plays_taller,81.59,"6'10""",2.59,plays_taller
2026,Jack Doumbia Jr.,Towson,76041,6-6,"6'6""",78.0,79.78,"6'8""",1.78,plays_taller,79.78,"6'8""",1.78,plays_taller
2026,Keyshawn Hall,Auburn,76060,6-7,"6'7""",79.0,79.37,"6'7""",0.37,plays_at_height,79.37,"6'7""",0.37,plays_at_height
2026,Jonathan Beagle,Richmond,76063,6-10,"6'10""",82.0,80.48,"6'8""",-1.52,plays_shorter,80.48,"6'8""",-1.52,plays_shorter
2026,Romad Dean,Tulsa,76064,6-7,"6'7""",79.0,79.23,"6'7""",0.23,plays_at_height,79.23,"6'7""",0.23,plays_at_height
2026,Josiah Davis,Cal St. Northridge,76069,6-3,"6'3""",75.0,77.19,"6'5""",2.19,plays_taller,77.19,"6'5""",2.19,plays_taller
2026,Joshua Ola-Joseph,Loyola Chicago,76072,6-7,"6'7""",79.0,77.89,"6'6""",-1.11,plays_shorter,77.89,"6'6""",-1.11,plays_shorter
2026,Cam Thrower,Penn,76074,6-3,"6'3""",75.0,74.91,"6'3""",-0.09,plays_at_height,74.91,"6'3""",-0.09,plays_at_height
2026,Nick Krass,Nicholls St.,76076,6-4,"6'4""",76.0,75.23,"6'3""",-0.77,plays_shorter,75.23,"6'3""",-0.77,plays_shorter
2026,Brian Taylor,East Tennessee St.,76077,6-4,"6'4""",76.0,76.65,"6'5""",0.65,plays_at_height,76.65,"6'5""",0.65,plays_at_height
2026,Tre Dinkins,George Washington,76078,6-2,"6'2""",74.0,74.81,"6'3""",0.81,plays_taller,74.81,"6'3""",0.81,plays_taller
2026,Koren Johnson,Mississippi,76080,6-1,"6'1""",73.0,75.16,"6'3""",2.16,plays_taller,75.16,"6'3""",2.16,plays_taller
2026,Achor Achor,Mississippi St.,76084,6-9,"6'9""",81.0,81.0,"6'9""",-0.0,plays_at_height,81.0,"6'9""",-0.0,plays_at_height
2026,Sincere Parker,Memphis,76086,6-3,"6'3""",75.0,77.23,"6'5""",2.23,plays_taller,77.23,"6'5""",2.23,plays_taller
2026,Jerome Palm,UMKC,76088,6-10,"6'10""",82.0,78.9,"6'7""",-3.1,plays_shorter,78.9,"6'7""",-3.1,plays_shorter
2026,Harry Wessels,Saint Mary's,76091,7-1,"7'1""",85.0,81.87,"6'10""",-3.13,plays_shorter,81.87,"6'10""",-3.13,plays_shorter
2026,Silas Sunday,Hofstra,76092,7-0,"7'0""",84.0,82.31,"6'10""",-1.69,plays_shorter,82.31,"6'10""",-1.69,plays_shorter
2026,Maleek Arington,Seattle,76098,6-3,"6'3""",75.0,76.77,"6'5""",1.77,plays_taller,76.77,"6'5""",1.77,plays_taller
2026,Barrington Hargress,Colorado,76101,6-0,"6'0""",72.0,75.76,"6'4""",3.76,plays_taller,75.76,"6'4""",3.76,plays_taller
2026,Jacari White,Virginia,76114,6-3,"6'3""",75.0,76.47,"6'4""",1.47,plays_taller,76.47,"6'4""",1.47,plays_taller
2026,Braxton Bayless,Little Rock,76117,6-2,"6'2""",74.0,75.08,"6'3""",1.08,plays_taller,75.08,"6'3""",1.08,plays_taller
2026,David Coit,Maryland,76119,5-11,"5'11""",71.0,74.58,"6'3""",3.58,plays_taller,74.58,"6'3""",3.58,plays_taller
2026,DeJuan Campbell,California,76121,6-2,"6'2""",74.0,75.25,"6'3""",1.25,plays_taller,75.25,"6'3""",1.25,plays_taller
2026,Will Johnston,Richmond,76124,6-3,"6'3""",75.0,74.48,"6'2""",-0.52,plays_at_height,74.48,"6'2""",-0.52,plays_at_height
2026,Mohamed Wague,Oklahoma,76128,6-10,"6'10""",82.0,83.71,"7'0""",1.71,plays_taller,83.71,"7'0""",1.71,plays_taller
2026,Jestin Porter,Clemson,76129,6-1,"6'1""",73.0,74.95,"6'3""",1.95,plays_taller,74.95,"6'3""",1.95,plays_taller
2026,Luca Colceag,Tennessee Martin,76132,6-8,"6'8""",80.0,78.3,"6'6""",-1.7,plays_shorter,78.3,"6'6""",-1.7,plays_shorter
2026,Camden Heide,Texas,76133,6-7,"6'7""",79.0,76.73,"6'5""",-2.27,plays_shorter,76.73,"6'5""",-2.27,plays_shorter
2026,Barry Dunning Jr.,Pittsburgh,76139,6-6,"6'6""",78.0,79.72,"6'8""",1.72,plays_taller,79.72,"6'8""",1.72,plays_taller
2026,Kymany Houinsou,Loyola Chicago,76140,6-7,"6'7""",79.0,78.41,"6'6""",-0.59,plays_at_height,78.41,"6'6""",-0.59,plays_at_height
2026,Iaroslav Niagu,Jacksonville St.,76144,7-0,"7'0""",84.0,81.3,"6'9""",-2.7,plays_shorter,81.3,"6'9""",-2.7,plays_shorter
2026,Tre Donaldson,Miami FL,76149,6-3,"6'3""",75.0,76.7,"6'5""",1.7,plays_taller,76.7,"6'5""",1.7,plays_taller
2026,Bol Dengdit,UC San Diego,76150,6-11,"6'11""",83.0,79.17,"6'7""",-3.83,plays_shorter,79.17,"6'7""",-3.83,plays_shorter
2026,Cord Stansberry,Western Carolina,76151,6-4,"6'4""",76.0,76.4,"6'4""",0.4,plays_at_height,76.4,"6'4""",0.4,plays_at_height
2026,Jevon Porter,Missouri,76153,6-11,"6'11""",83.0,79.22,"6'7""",-3.78,plays_shorter,79.22,"6'7""",-3.78,plays_shorter
2026,David Mager,Pepperdine,76154,6-3,"6'3""",75.0,73.93,"6'2""",-1.07,plays_shorter,73.93,"6'2""",-1.07,plays_shorter
2026,Jorge Diaz Graham,Oregon St.,76155,6-11,"6'11""",83.0,80.12,"6'8""",-2.88,plays_shorter,80.12,"6'8""",-2.88,plays_shorter
2026,Denver Anglin,Iona,76156,6-1,"6'1""",73.0,73.92,"6'2""",0.92,plays_taller,73.92,"6'2""",0.92,plays_taller
2026,JJ Starling,Syracuse,76159,6-4,"6'4""",76.0,76.12,"6'4""",0.12,plays_at_height,76.12,"6'4""",0.12,plays_at_height
2026,Ven-Allen Lubin,N.C. State,76160,6-8,"6'8""",80.0,82.81,"6'11""",2.81,plays_taller,82.81,"6'11""",2.81,plays_taller
2026,Aidan Hadaway,Ohio,76161,6-8,"6'8""",80.0,79.35,"6'7""",-0.65,plays_at_height,79.35,"6'7""",-0.65,plays_at_height
2026,Chris Ashby,Queens,76166,6-2,"6'2""",74.0,73.06,"6'1""",-0.94,plays_shorter,73.06,"6'1""",-0.94,plays_shorter
2026,Josh Dix,Creighton,76168,6-6,"6'6""",78.0,77.0,"6'5""",-1.0,plays_shorter,77.0,"6'5""",-1.0,plays_shorter
2026,Dasonte Bowen,St. Bonaventure,76169,6-2,"6'2""",74.0,74.71,"6'3""",0.71,plays_at_height,74.71,"6'3""",0.71,plays_at_height
2026,Robbie Avila,Saint Louis,76175,6-10,"6'10""",82.0,76.99,"6'5""",-5.01,plays_shorter,76.99,"6'5""",-5.01,plays_shorter
2026,Vincent Brady II,High Point,76176,6-3,"6'3""",75.0,76.35,"6'4""",1.35,plays_taller,76.35,"6'4""",1.35,plays_taller
2026,Geoff Sprouse,American,76179,6-0,"6'0""",72.0,74.52,"6'3""",2.52,plays_taller,74.52,"6'3""",2.52,plays_taller
2026,Jefferson De La Cruz Monegro,Cal St. Fullerton,76180,6-3,"6'3""",75.0,77.34,"6'5""",2.34,plays_taller,77.34,"6'5""",2.34,plays_taller
2026,Seth Hubbard,Milwaukee,76182,6-4,"6'4""",76.0,75.98,"6'4""",-0.02,plays_at_height,75.98,"6'4""",-0.02,plays_at_height
2026,Max Burton,Western Michigan,76183,6-10,"6'10""",82.0,78.25,"6'6""",-3.75,plays_shorter,78.25,"6'6""",-3.75,plays_shorter
2026,Jasteven Walker,Alabama St.,76185,6-10,"6'10""",82.0,78.32,"6'6""",-3.68,plays_shorter,78.32,"6'6""",-3.68,plays_shorter
2026,Jermaine Ballisager Webb,Portland,76187,7-1,"7'1""",85.0,80.39,"6'8""",-4.61,plays_shorter,80.39,"6'8""",-4.61,plays_shorter
2026,Amani Lyles,Akron,76193,6-7,"6'7""",79.0,81.34,"6'9""",2.34,plays_taller,81.34,"6'9""",2.34,plays_taller
2026,Braden Smith,Purdue,76196,6-0,"6'0""",72.0,75.82,"6'4""",3.82,plays_taller,75.82,"6'4""",3.82,plays_taller
2026,Chris Morgan,Purdue Fort Wayne,76199,6-2,"6'2""",74.0,74.12,"6'2""",0.12,plays_at_height,74.12,"6'2""",0.12,plays_at_height
2026,Kaleb Banks,DePaul,76200,6-8,"6'8""",80.0,78.18,"6'6""",-1.82,plays_shorter,78.18,"6'6""",-1.82,plays_shorter
2026,KC Ibekwe,Pacific,76207,6-11,"6'11""",83.0,77.99,"6'6""",-5.01,plays_shorter,77.99,"6'6""",-5.01,plays_shorter
2026,Orlando Lovejoy,Detroit Mercy,76209,6-3,"6'3""",75.0,75.78,"6'4""",0.78,plays_taller,75.78,"6'4""",0.78,plays_taller
2026,Justin Mullins,Northwestern,76214,6-6,"6'6""",78.0,78.01,"6'6""",0.01,plays_at_height,78.01,"6'6""",0.01,plays_at_height
2026,Andrew Alia,Drake,76217,6-2,"6'2""",74.0,75.52,"6'4""",1.52,plays_taller,75.52,"6'4""",1.52,plays_taller
2026,Ja'Kobi Gillespie,Tennessee,76218,6-1,"6'1""",73.0,76.51,"6'5""",3.51,plays_taller,76.51,"6'5""",3.51,plays_taller
2026,Derrian Ford,Temple,76219,6-3,"6'3""",75.0,76.13,"6'4""",1.13,plays_taller,76.13,"6'4""",1.13,plays_taller
2026,Braden Housley,Utah Valley,76224,6-4,"6'4""",76.0,75.45,"6'3""",-0.55,plays_at_height,75.45,"6'3""",-0.55,plays_at_height
2026,Barry Evans,VCU,76225,6-8,"6'8""",80.0,79.05,"6'7""",-0.95,plays_shorter,79.05,"6'7""",-0.95,plays_shorter
2026,Jackson Fields,West Virginia,76226,6-8,"6'8""",80.0,79.58,"6'8""",-0.42,plays_at_height,79.58,"6'8""",-0.42,plays_at_height
2026,Percy Daniels,Tulane,76229,6-9,"6'9""",81.0,81.09,"6'9""",0.09,plays_at_height,81.09,"6'9""",0.09,plays_at_height
2026,Jack Campion,SIU Edwardsville,76230,5-10,"5'10""",70.0,75.71,"6'4""",5.71,plays_taller,75.71,"6'4""",5.71,plays_taller
2026,Jaden Henley,Grand Canyon,76235,6-7,"6'7""",79.0,79.41,"6'7""",0.41,plays_at_height,79.41,"6'7""",0.41,plays_at_height
2026,Pharrel Payne,Maryland,76236,6-9,"6'9""",81.0,82.17,"6'10""",1.17,plays_taller,82.17,"6'10""",1.17,plays_taller
2026,Keyontae Lewis,Norfolk St.,76241,6-9,"6'9""",81.0,79.12,"6'7""",-1.88,plays_shorter,79.12,"6'7""",-1.88,plays_shorter
2026,Darren Buchanan Jr.,Rutgers,76243,6-7,"6'7""",79.0,77.83,"6'6""",-1.17,plays_shorter,77.83,"6'6""",-1.17,plays_shorter
2026,Daniel Rouzan,Bethune Cookman,76244,6-8,"6'8""",80.0,79.04,"6'7""",-0.96,plays_shorter,79.04,"6'7""",-0.96,plays_shorter
2026,Delrecco Gillespie,Kent St.,76250,6-8,"6'8""",80.0,82.46,"6'10""",2.46,plays_taller,82.46,"6'10""",2.46,plays_taller
2026,Rokas Jocius,Loyola Marymount,76251,6-10,"6'10""",82.0,79.41,"6'7""",-2.59,plays_shorter,79.41,"6'7""",-2.59,plays_shorter
2026,Roddy Gayle Jr.,Michigan,76252,6-5,"6'5""",77.0,78.52,"6'7""",1.52,plays_taller,78.52,"6'7""",1.52,plays_taller
2026,Charlie Williams,Lipscomb,76256,6-10,"6'10""",82.0,77.41,"6'5""",-4.59,plays_shorter,77.41,"6'5""",-4.59,plays_shorter
2026,Jack Karasinski,Bellarmine,76259,6-7,"6'7""",79.0,77.33,"6'5""",-1.67,plays_shorter,77.33,"6'5""",-1.67,plays_shorter
2026,Julian Margrave,Nebraska Omaha,76260,6-10,"6'10""",82.0,74.24,"6'2""",-7.76,plays_shorter,74.24,"6'2""",-7.76,plays_shorter
2026,Jorn Everson,Army,76262,6-8,"6'8""",80.0,76.28,"6'4""",-3.72,plays_shorter,76.28,"6'4""",-3.72,plays_shorter
2026,Ethan Roberts,Penn,76263,6-5,"6'5""",77.0,75.42,"6'3""",-1.58,plays_shorter,75.42,"6'3""",-1.58,plays_shorter
2026,Connor Turnbull,Evansville,76267,6-10,"6'10""",82.0,83.83,"7'0""",1.83,plays_taller,83.83,"7'0""",1.83,plays_taller
2026,Brian Moore Jr.,Grand Canyon,76269,6-1,"6'1""",73.0,76.68,"6'5""",3.68,plays_taller,76.68,"6'5""",3.68,plays_taller
2026,Blaise Keita,Western Kentucky,76270,6-11,"6'11""",83.0,79.71,"6'8""",-3.29,plays_shorter,79.71,"6'8""",-3.29,plays_shorter
2026,Josiah Harris,Cleveland St.,76271,6-7,"6'7""",79.0,78.15,"6'6""",-0.85,plays_shorter,78.15,"6'6""",-0.85,plays_shorter
2026,Jacob Conner,Dayton,76272,6-10,"6'10""",82.0,77.96,"6'6""",-4.04,plays_shorter,77.96,"6'6""",-4.04,plays_shorter
2026,Toby Nnadozie,Jacksonville St.,76275,6-3,"6'3""",75.0,74.97,"6'3""",-0.03,plays_at_height,74.97,"6'3""",-0.03,plays_at_height
2026,Tyson Commander,Loyola MD,76281,6-4,"6'4""",76.0,75.37,"6'3""",-0.63,plays_at_height,75.37,"6'3""",-0.63,plays_at_height
2026,Keelan Steele,Maine,76282,6-10,"6'10""",82.0,80.72,"6'9""",-1.28,plays_shorter,80.72,"6'9""",-1.28,plays_shorter
2026,Landon Moore,Illinois St.,76284,6-3,"6'3""",75.0,75.24,"6'3""",0.24,plays_at_height,75.24,"6'3""",0.24,plays_at_height
2026,Miles Webb,Delaware St.,76287,6-8,"6'8""",80.0,78.85,"6'7""",-1.15,plays_shorter,78.85,"6'7""",-1.15,plays_shorter
2026,Magnus Entenmann,Kent St.,76292,6-8,"6'8""",80.0,78.15,"6'6""",-1.85,plays_shorter,78.15,"6'6""",-1.85,plays_shorter
2026,Ryan Pettit,Lafayette,76293,6-1,"6'1""",73.0,76.28,"6'4""",3.28,plays_taller,76.28,"6'4""",3.28,plays_taller
2026,Seth Trimble,North Carolina,76298,6-3,"6'3""",75.0,77.64,"6'6""",2.64,plays_taller,77.64,"6'6""",2.64,plays_taller
2026,LJ Thomas,Old Dominion,76299,6-2,"6'2""",74.0,75.73,"6'4""",1.73,plays_taller,75.73,"6'4""",1.73,plays_taller
2026,Markus Harding,Indiana St.,76301,6-10,"6'10""",82.0,77.54,"6'6""",-4.46,plays_shorter,77.54,"6'6""",-4.46,plays_shorter
2026,Tajavis Miller,New Mexico,76305,6-4,"6'4""",76.0,75.56,"6'4""",-0.44,plays_at_height,75.56,"6'4""",-0.44,plays_at_height
2026,Damari Wheeler-Thomas,North Dakota St.,76306,6-0,"6'0""",72.0,75.31,"6'3""",3.31,plays_taller,75.31,"6'3""",3.31,plays_taller
2026,Quadir Copeland,N.C. State,76308,6-6,"6'6""",78.0,77.91,"6'6""",-0.09,plays_at_height,77.91,"6'6""",-0.09,plays_at_height
2026,Jacari Lane,Texas A&M,76315,6-0,"6'0""",72.0,74.97,"6'3""",2.97,plays_taller,74.97,"6'3""",2.97,plays_taller
2026,Dionte Johnson,North Carolina Central,76320,6-0,"6'0""",72.0,75.17,"6'3""",3.17,plays_taller,75.17,"6'3""",3.17,plays_taller
2026,Sage Tolentino,UNC Asheville,76339,7-1,"7'1""",85.0,79.63,"6'8""",-5.37,plays_shorter,79.63,"6'8""",-5.37,plays_shorter
2026,Josh Reed,Penn St.,76340,6-8,"6'8""",80.0,76.44,"6'4""",-3.56,plays_shorter,76.44,"6'4""",-3.56,plays_shorter
2026,Armani Mighty,Mercer,76341,6-10,"6'10""",82.0,83.67,"7'0""",1.67,plays_taller,83.67,"7'0""",1.67,plays_taller
2026,Chas Kelley III,Georgia Tech,76342,6-3,"6'3""",75.0,74.09,"6'2""",-0.91,plays_shorter,74.09,"6'2""",-0.91,plays_shorter
2026,Prince Aligbe,Southern Illinois,76343,6-7,"6'7""",79.0,79.12,"6'7""",0.12,plays_at_height,79.12,"6'7""",0.12,plays_at_height
2026,Donald Hand Jr.,Boston College,76346,6-5,"6'5""",77.0,76.36,"6'4""",-0.64,plays_at_height,76.36,"6'4""",-0.64,plays_at_height
2026,Dan Skillings Jr.,Baylor,76347,6-6,"6'6""",78.0,78.18,"6'6""",0.18,plays_at_height,78.18,"6'6""",0.18,plays_at_height
2026,Davion Sykes,Southern Illinois,76349,6-6,"6'6""",78.0,80.24,"6'8""",2.24,plays_taller,80.24,"6'8""",2.24,plays_taller
2026,Jordan Mason,Temple,76350,6-4,"6'4""",76.0,75.04,"6'3""",-0.96,plays_shorter,75.04,"6'3""",-0.96,plays_shorter
2026,Faizon Fields,Milwaukee,76354,6-10,"6'10""",82.0,80.35,"6'8""",-1.65,plays_shorter,80.35,"6'8""",-1.65,plays_shorter
2026,Matija Belic,Wyoming,76355,6-7,"6'7""",79.0,79.02,"6'7""",0.02,plays_at_height,79.02,"6'7""",0.02,plays_at_height
2026,B.B. Knight,Lamar,76356,6-6,"6'6""",78.0,74.12,"6'2""",-3.88,plays_shorter,74.12,"6'2""",-3.88,plays_shorter
2026,Efrem Johnson,Clemson,76363,6-4,"6'4""",76.0,76.48,"6'4""",0.48,plays_at_height,76.48,"6'4""",0.48,plays_at_height
2026,Elijah Brooks,Houston Christian,76365,6-3,"6'3""",75.0,77.34,"6'5""",2.34,plays_taller,77.34,"6'5""",2.34,plays_taller
2026,Chase Martin,Oral Roberts,76366,6-5,"6'5""",77.0,76.88,"6'5""",-0.12,plays_at_height,76.88,"6'5""",-0.12,plays_at_height
2026,Amarri Monroe,Quinnipiac,76367,6-7,"6'7""",79.0,79.9,"6'8""",0.9,plays_taller,79.9,"6'8""",0.9,plays_taller
2026,"Anthony Arrington, Jr.",Mount St. Mary's,76368,6-2,"6'2""",74.0,74.8,"6'3""",0.8,plays_taller,74.8,"6'3""",0.8,plays_taller
2026,Coleton Benson,New Orleans,76370,6-2,"6'2""",74.0,74.44,"6'2""",0.44,plays_at_height,74.44,"6'2""",0.44,plays_at_height
2026,Rex Sunderland,Stonehill,76372,6-5,"6'5""",77.0,75.51,"6'4""",-1.49,plays_shorter,75.51,"6'4""",-1.49,plays_shorter
2026,Ridvan Tutic,Stonehill,76374,6-11,"6'11""",83.0,80.82,"6'9""",-2.18,plays_shorter,80.82,"6'9""",-2.18,plays_shorter
2026,Braden Appelhans,Drake,76375,6-7,"6'7""",79.0,74.23,"6'2""",-4.77,plays_shorter,74.23,"6'2""",-4.77,plays_shorter
2026,Donovan Dent,UCLA,76376,6-2,"6'2""",74.0,75.78,"6'4""",1.78,plays_taller,75.78,"6'4""",1.78,plays_taller
2026,Zae Blake,UT Rio Grande Valley,76379,6-1,"6'1""",73.0,75.63,"6'4""",2.63,plays_taller,75.63,"6'4""",2.63,plays_taller
2026,Mark Mitchell,Missouri,76380,6-9,"6'9""",81.0,80.05,"6'8""",-0.95,plays_shorter,80.05,"6'8""",-0.95,plays_shorter
2026,Trey Campbell,Northern Iowa,76385,6-4,"6'4""",76.0,76.78,"6'5""",0.78,plays_taller,76.78,"6'5""",0.78,plays_taller
2026,Steven Clay,Southern Indiana,76389,6-4,"6'4""",76.0,75.66,"6'4""",-0.34,plays_at_height,75.66,"6'4""",-0.34,plays_at_height
2026,Noah Ross,UNC Wilmington,76392,6-7,"6'7""",79.0,77.9,"6'6""",-1.1,plays_shorter,77.9,"6'6""",-1.1,plays_shorter
2026,Nolan Hodge,UNC Wilmington,76393,6-7,"6'7""",79.0,77.24,"6'5""",-1.76,plays_shorter,77.24,"6'5""",-1.76,plays_shorter
2026,Richie Saunders,BYU,76396,6-5,"6'5""",77.0,78.07,"6'6""",1.07,plays_taller,78.07,"6'6""",1.07,plays_taller
2026,Zach Davis,Memphis,76397,6-7,"6'7""",79.0,77.71,"6'6""",-1.29,plays_shorter,77.71,"6'6""",-1.29,plays_shorter
2026,Daniel Hankins-Sanford,Massachusetts,76399,6-8,"6'8""",80.0,79.9,"6'8""",-0.1,plays_at_height,79.9,"6'8""",-0.1,plays_at_height
2026,TJ Wainwright,Pacific,76409,6-3,"6'3""",75.0,74.89,"6'3""",-0.11,plays_at_height,74.89,"6'3""",-0.11,plays_at_height
2026,Jayden Brewer,Western Michigan,76410,6-6,"6'6""",78.0,80.19,"6'8""",2.19,plays_taller,80.19,"6'8""",2.19,plays_taller
2026,Bryce Baker,Charleston,76411,6-5,"6'5""",77.0,75.79,"6'4""",-1.21,plays_shorter,75.79,"6'4""",-1.21,plays_shorter
2026,Isaiah Gaines,Southeastern Louisiana,76417,6-8,"6'8""",80.0,80.95,"6'9""",0.95,plays_taller,80.95,"6'9""",0.95,plays_taller
2026,Allen Mukeba,Arizona St.,76420,6-8,"6'8""",80.0,80.5,"6'8""",0.5,plays_at_height,80.5,"6'8""",0.5,plays_at_height
2026,Dre Bullock,Hawaii,76422,6-6,"6'6""",78.0,79.14,"6'7""",1.14,plays_taller,79.14,"6'7""",1.14,plays_taller
2026,Kelechi Okworogwo,North Carolina Central,76425,6-6,"6'6""",78.0,80.72,"6'9""",2.72,plays_taller,80.72,"6'9""",2.72,plays_taller
2026,Kobe MaGee,Florida St.,76426,6-6,"6'6""",78.0,75.69,"6'4""",-2.31,plays_shorter,75.69,"6'4""",-2.31,plays_shorter
2026,Dillon Mitchell,St. John's,76429,6-8,"6'8""",80.0,82.0,"6'10""",2.0,plays_taller,82.0,"6'10""",2.0,plays_taller
2026,Ross Candelino,Lipscomb,76431,6-5,"6'5""",77.0,77.58,"6'6""",0.58,plays_at_height,77.58,"6'6""",0.58,plays_at_height
2026,LeJuan Watts,Texas Tech,76432,6-6,"6'6""",78.0,77.99,"6'6""",-0.01,plays_at_height,77.99,"6'6""",-0.01,plays_at_height
2026,Lamar Washington,Georgia Tech,76436,6-4,"6'4""",76.0,76.31,"6'4""",0.31,plays_at_height,76.31,"6'4""",0.31,plays_at_height
2026,Frank Mitchell,St. Bonaventure,76448,6-8,"6'8""",80.0,81.57,"6'10""",1.57,plays_taller,81.57,"6'10""",1.57,plays_taller
2026,Reis Jones,Charleston Southern,76451,6-10,"6'10""",82.0,82.73,"6'11""",0.73,plays_at_height,82.73,"6'11""",0.73,plays_at_height
2026,Brandon Walker,Mississippi St.,76457,6-8,"6'8""",80.0,78.7,"6'7""",-1.3,plays_shorter,78.7,"6'7""",-1.3,plays_shorter
2026,Wilguens Jr. Exacte,Drake,76458,6-6,"6'6""",78.0,77.99,"6'6""",-0.01,plays_at_height,77.99,"6'6""",-0.01,plays_at_height
2026,Ryan Zan,Fairfield,76460,6-7,"6'7""",79.0,76.48,"6'4""",-2.52,plays_shorter,76.48,"6'4""",-2.52,plays_shorter
2026,Nick Ellington,George Mason,76465,6-7,"6'7""",79.0,80.63,"6'9""",1.63,plays_taller,80.63,"6'9""",1.63,plays_taller
2026,Marvin McGhee III,UT Rio Grande Valley,76466,6-4,"6'4""",76.0,75.77,"6'4""",-0.23,plays_at_height,75.77,"6'4""",-0.23,plays_at_height
2026,Apostolos Roumoglou,Richmond,76468,6-8,"6'8""",80.0,78.97,"6'7""",-1.03,plays_shorter,78.97,"6'7""",-1.03,plays_shorter
2026,Louie Jordan,Radford,76470,6-9,"6'9""",81.0,75.13,"6'3""",-5.87,plays_shorter,75.13,"6'3""",-5.87,plays_shorter
2026,Joseph Pinion,South Florida,76471,6-5,"6'5""",77.0,76.45,"6'4""",-0.55,plays_at_height,76.45,"6'4""",-0.55,plays_at_height
2026,Alex Karaban,Connecticut,76473,6-8,"6'8""",80.0,78.81,"6'7""",-1.19,plays_shorter,78.81,"6'7""",-1.19,plays_shorter
2026,Rashad King,LSU,76482,6-6,"6'6""",78.0,76.53,"6'5""",-1.47,plays_shorter,76.53,"6'5""",-1.47,plays_shorter
2026,Chase Cormier,Iona,76483,6-2,"6'2""",74.0,74.5,"6'3""",0.5,plays_at_height,74.5,"6'3""",0.5,plays_at_height
2026,Brendan Hausen,Iowa,76484,6-4,"6'4""",76.0,72.7,"6'1""",-3.3,plays_shorter,72.7,"6'1""",-3.3,plays_shorter
2026,Dug McDaniel,Memphis,76485,5-11,"5'11""",71.0,75.13,"6'3""",4.13,plays_taller,75.13,"6'3""",4.13,plays_taller
2026,Harold Woods,Incarnate Word,76488,6-5,"6'5""",77.0,78.35,"6'6""",1.35,plays_taller,78.35,"6'6""",1.35,plays_taller
2026,Justin Thomas,Bowling Green,76491,6-7,"6'7""",79.0,76.77,"6'5""",-2.23,plays_shorter,76.77,"6'5""",-2.23,plays_shorter
2026,Troy Hupstead,Texas Southern,76493,6-7,"6'7""",79.0,79.85,"6'8""",0.85,plays_taller,79.85,"6'8""",0.85,plays_taller
2026,Aidan Shaw,Boston College,76495,6-9,"6'9""",81.0,82.2,"6'10""",1.2,plays_taller,82.2,"6'10""",1.2,plays_taller
2026,Andrew Ball,Monmouth,76496,6-8,"6'8""",80.0,79.47,"6'7""",-0.53,plays_at_height,79.47,"6'7""",-0.53,plays_at_height
2026,TJ Johnson,VMI,76498,6-7,"6'7""",79.0,76.67,"6'5""",-2.33,plays_shorter,76.67,"6'5""",-2.33,plays_shorter
2026,Daniel Egbuniwe,St. Bonaventure,76499,6-7,"6'7""",79.0,76.73,"6'5""",-2.27,plays_shorter,76.73,"6'5""",-2.27,plays_shorter
2026,Dionjahe Thomas,Jackson St.,76504,6-8,"6'8""",80.0,79.3,"6'7""",-0.7,plays_at_height,79.3,"6'7""",-0.7,plays_at_height
2026,Malik Dia,Mississippi,76509,6-9,"6'9""",81.0,79.95,"6'8""",-1.05,plays_shorter,79.95,"6'8""",-1.05,plays_shorter
2026,Zach Keller,Utah St.,76510,6-10,"6'10""",82.0,77.13,"6'5""",-4.87,plays_shorter,77.13,"6'5""",-4.87,plays_shorter
2026,Lee Dort,California,76513,6-10,"6'10""",82.0,82.98,"6'11""",0.98,plays_taller,82.98,"6'11""",0.98,plays_taller
2026,Xaivian Lee,Florida,76519,6-3,"6'3""",75.0,77.23,"6'5""",2.23,plays_taller,77.23,"6'5""",2.23,plays_taller
2026,Micah Handlogten,Florida,76525,7-1,"7'1""",85.0,84.02,"7'0""",-0.98,plays_shorter,84.02,"7'0""",-0.98,plays_shorter
2026,Mak Manciel,Eastern Michigan,76531,6-4,"6'4""",76.0,75.74,"6'4""",-0.26,plays_at_height,75.74,"6'4""",-0.26,plays_at_height
2026,Angel Montas Jr.,UMass Lowell,76539,6-6,"6'6""",78.0,77.53,"6'6""",-0.47,plays_at_height,77.53,"6'6""",-0.47,plays_at_height
2026,Brenen Lorient,West Virginia,76540,6-9,"6'9""",81.0,81.0,"6'9""",-0.0,plays_at_height,81.0,"6'9""",-0.0,plays_at_height
2026,Braeden Smith,Gonzaga,76545,6-0,"6'0""",72.0,75.91,"6'4""",3.91,plays_taller,75.91,"6'4""",3.91,plays_taller
2026,Brady Cummins,Colgate,76546,6-6,"6'6""",78.0,74.6,"6'3""",-3.4,plays_shorter,74.6,"6'3""",-3.4,plays_shorter
2026,Dylan Arnett,North Texas,76549,6-9,"6'9""",81.0,80.0,"6'8""",-1.0,plays_shorter,80.0,"6'8""",-1.0,plays_shorter
2026,Jaden Slaughter,Sacred Heart,76550,6-5,"6'5""",77.0,77.07,"6'5""",0.07,plays_at_height,77.07,"6'5""",0.07,plays_at_height
2026,Isaac Jack,Pacific,76551,6-11,"6'11""",83.0,80.34,"6'8""",-2.66,plays_shorter,80.34,"6'8""",-2.66,plays_shorter
2026,RJ Smith,DePaul,76553,6-3,"6'3""",75.0,75.05,"6'3""",0.05,plays_at_height,75.05,"6'3""",0.05,plays_at_height
2026,Logan Woods,Wright St.,76555,6-5,"6'5""",77.0,75.32,"6'3""",-1.68,plays_shorter,75.32,"6'3""",-1.68,plays_shorter
2026,Stephon Payne III,Seton Hall,76558,6-9,"6'9""",81.0,83.47,"6'11""",2.47,plays_taller,83.47,"6'11""",2.47,plays_taller
2026,Treysen Eaglestaff,West Virginia,76559,6-6,"6'6""",78.0,76.96,"6'5""",-1.04,plays_shorter,76.96,"6'5""",-1.04,plays_shorter
2026,Robert Lewis,Lindenwood,76560,6-9,"6'9""",81.0,79.07,"6'7""",-1.93,plays_shorter,79.07,"6'7""",-1.93,plays_shorter
2026,Caden Powell,Baylor,76562,6-9,"6'9""",81.0,81.79,"6'10""",0.79,plays_taller,81.79,"6'10""",0.79,plays_taller
2026,Gestin Liberis,Saint Francis,76564,6-9,"6'9""",81.0,79.15,"6'7""",-1.85,plays_shorter,79.15,"6'7""",-1.85,plays_shorter
2026,Will Berg,Wichita St.,76567,7-2,"7'2""",86.0,83.55,"7'0""",-2.45,plays_shorter,83.55,"7'0""",-2.45,plays_shorter
2026,Justyn Fernandez,Delaware,76571,6-5,"6'5""",77.0,76.08,"6'4""",-0.92,plays_shorter,76.08,"6'4""",-0.92,plays_shorter
2026,Devin Dinkins,Manhattan,76572,5-10,"5'10""",70.0,73.61,"6'2""",3.61,plays_taller,73.61,"6'2""",3.61,plays_taller
2026,Noah Batchelor,Buffalo,76577,6-6,"6'6""",78.0,77.72,"6'6""",-0.28,plays_at_height,77.72,"6'6""",-0.28,plays_at_height
2026,Patrick Wessler,UNC Wilmington,76579,7-0,"7'0""",84.0,81.99,"6'10""",-2.01,plays_shorter,81.99,"6'10""",-2.01,plays_shorter
2026,Victor Panov,Drexel,76580,6-7,"6'7""",79.0,77.35,"6'5""",-1.65,plays_shorter,77.35,"6'5""",-1.65,plays_shorter
2026,Tre Green,Middle Tennessee,76581,6-3,"6'3""",75.0,75.52,"6'4""",0.52,plays_at_height,75.52,"6'4""",0.52,plays_at_height
2026,MJ Collins,Utah St.,76582,6-4,"6'4""",76.0,77.49,"6'5""",1.49,plays_taller,77.49,"6'5""",1.49,plays_taller
2026,Ajay Sheldon,Ohio,76597,6-1,"6'1""",73.0,73.98,"6'2""",0.98,plays_taller,73.98,"6'2""",0.98,plays_taller
2026,Elmore James,Ball St.,76598,6-3,"6'3""",75.0,74.59,"6'3""",-0.41,plays_at_height,74.59,"6'3""",-0.41,plays_at_height
2026,Otega Oweh,Kentucky,76600,6-4,"6'4""",76.0,79.63,"6'8""",3.63,plays_taller,79.63,"6'8""",3.63,plays_taller
2026,AJ Storr,Mississippi,76604,6-7,"6'7""",79.0,77.02,"6'5""",-1.98,plays_shorter,77.02,"6'5""",-1.98,plays_shorter
2026,Kalen Garry,South Dakota St.,76606,6-3,"6'3""",75.0,76.81,"6'5""",1.81,plays_taller,76.81,"6'5""",1.81,plays_taller
2026,Henri Veesaar,North Carolina,76607,7-0,"7'0""",84.0,82.88,"6'11""",-1.12,plays_shorter,82.88,"6'11""",-1.12,plays_shorter
2026,A'lahn Sumler,Charleston Southern,76611,6-4,"6'4""",76.0,75.95,"6'4""",-0.05,plays_at_height,75.95,"6'4""",-0.05,plays_at_height
2026,Felix Okpara,Tennessee,76612,6-11,"6'11""",83.0,83.96,"7'0""",0.96,plays_taller,83.96,"7'0""",0.96,plays_taller
2026,LJ Wells,Northern Kentucky,76615,6-8,"6'8""",80.0,80.5,"6'9""",0.5,plays_at_height,80.5,"6'9""",0.5,plays_at_height
2026,Cody Pennebaker,Lamar,76616,6-5,"6'5""",77.0,77.88,"6'6""",0.88,plays_taller,77.88,"6'6""",0.88,plays_taller
2026,Nate Calmese,Wake Forest,76617,6-2,"6'2""",74.0,75.57,"6'4""",1.57,plays_taller,75.57,"6'4""",1.57,plays_taller
2026,Turner Buttry,Eastern Kentucky,76620,5-11,"5'11""",71.0,73.97,"6'2""",2.97,plays_taller,73.97,"6'2""",2.97,plays_taller
2026,Jaden Daughtry,Marist,76621,6-7,"6'7""",79.0,80.67,"6'9""",1.67,plays_taller,80.67,"6'9""",1.67,plays_taller
2026,Kyle Carlesimo,Colgate,76622,6-2,"6'2""",74.0,74.66,"6'3""",0.66,plays_at_height,74.66,"6'3""",0.66,plays_at_height
2026,Cam Haffner,Western Kentucky,76624,6-2,"6'2""",74.0,73.84,"6'2""",-0.16,plays_at_height,73.84,"6'2""",-0.16,plays_at_height
2026,Sincere Malone,Nicholls St.,76625,6-8,"6'8""",80.0,78.03,"6'6""",-1.97,plays_shorter,78.03,"6'6""",-1.97,plays_shorter
2026,Isaiah Brickner,Idaho,76626,6-4,"6'4""",76.0,77.57,"6'6""",1.57,plays_taller,77.57,"6'6""",1.57,plays_taller
2026,Kyle Thomas,SIU Edwardsville,76629,6-10,"6'10""",82.0,78.79,"6'7""",-3.21,plays_shorter,78.79,"6'7""",-3.21,plays_shorter
2026,Devon Arlington,Yale,76633,6-3,"6'3""",75.0,75.15,"6'3""",0.15,plays_at_height,75.15,"6'3""",0.15,plays_at_height
2026,Nick Townsend,Yale,76636,6-7,"6'7""",79.0,78.5,"6'6""",-0.5,plays_at_height,78.5,"6'6""",-0.5,plays_at_height
2026,Chas Stinson,Stonehill,76639,6-4,"6'4""",76.0,78.87,"6'7""",2.87,plays_taller,78.87,"6'7""",2.87,plays_taller
2026,Bowen Hardman,Akron,76642,6-3,"6'3""",75.0,73.83,"6'2""",-1.17,plays_shorter,73.83,"6'2""",-1.17,plays_shorter
2026,Devean Williams,Rider,76649,6-3,"6'3""",75.0,75.52,"6'4""",0.52,plays_at_height,75.52,"6'4""",0.52,plays_at_height
2026,Colin Porter,Liberty,76652,5-10,"5'10""",70.0,74.79,"6'3""",4.79,plays_taller,74.79,"6'3""",4.79,plays_taller
2026,Corneilous Williams,North Alabama,76654,6-9,"6'9""",81.0,81.37,"6'9""",0.37,plays_at_height,81.37,"6'9""",0.37,plays_at_height
2026,Zach Cleveland,Liberty,76655,6-7,"6'7""",79.0,80.62,"6'9""",1.62,plays_taller,80.62,"6'9""",1.62,plays_taller
2026,Tyrell Ward,VCU,76656,6-6,"6'6""",78.0,77.92,"6'6""",-0.08,plays_at_height,77.92,"6'6""",-0.08,plays_at_height
2026,Javan Simmons,Ohio,76658,6-7,"6'7""",79.0,79.45,"6'7""",0.45,plays_at_height,79.45,"6'7""",0.45,plays_at_height
2026,AJ Smith,Bradley,76659,6-6,"6'6""",78.0,79.08,"6'7""",1.08,plays_taller,79.08,"6'7""",1.08,plays_taller
2026,Cade Hornecker,Abilene Christian,76661,7-0,"7'0""",84.0,79.69,"6'8""",-4.31,plays_shorter,79.69,"6'8""",-4.31,plays_shorter
2026,Christian May,UNC Wilmington,76664,6-5,"6'5""",77.0,78.15,"6'6""",1.15,plays_taller,78.15,"6'6""",1.15,plays_taller
2026,Dylan Williamson,Towson,76665,6-1,"6'1""",73.0,74.21,"6'2""",1.21,plays_taller,74.21,"6'2""",1.21,plays_taller
2026,Kylan Blackmon,Charlotte,76667,6-3,"6'3""",75.0,75.09,"6'3""",0.09,plays_at_height,75.09,"6'3""",0.09,plays_at_height
2026,Harlan Obioha,West Virginia,76668,7-0,"7'0""",84.0,80.54,"6'9""",-3.46,plays_shorter,80.54,"6'9""",-3.46,plays_shorter
2026,Tyler Andrews,Bethune Cookman,76670,6-6,"6'6""",78.0,77.19,"6'5""",-0.81,plays_shorter,77.19,"6'5""",-0.81,plays_shorter
2026,Ernest Udeh Jr.,Miami FL,76673,6-11,"6'11""",83.0,85.16,"7'1""",2.16,plays_taller,85.16,"7'1""",2.16,plays_taller
2026,Tafara Gapare,Villanova,76674,6-9,"6'9""",81.0,77.47,"6'5""",-3.53,plays_shorter,77.47,"6'5""",-3.53,plays_shorter
2026,Jevin Muniz,Colorado St.,76676,6-6,"6'6""",78.0,77.11,"6'5""",-0.89,plays_shorter,77.11,"6'5""",-0.89,plays_shorter
2026,Kareem Watson,Delaware St.,76679,6-8,"6'8""",80.0,76.59,"6'5""",-3.41,plays_shorter,76.59,"6'5""",-3.41,plays_shorter
2026,Chris Moncrief,Saint Francis,76683,6-6,"6'6""",78.0,76.12,"6'4""",-1.88,plays_shorter,76.12,"6'4""",-1.88,plays_shorter
2026,Gabe Spinelli,Central Connecticut,76684,6-3,"6'3""",75.0,75.23,"6'3""",0.23,plays_at_height,75.23,"6'3""",0.23,plays_at_height
2026,Michael Rataj,Baylor,76688,6-8,"6'8""",80.0,78.17,"6'6""",-1.83,plays_shorter,78.17,"6'6""",-1.83,plays_shorter
2026,George Beale Jr.,UCF,76690,6-4,"6'4""",76.0,74.76,"6'3""",-1.24,plays_shorter,74.76,"6'3""",-1.24,plays_shorter
2026,Perry Smith Jr.,Kennesaw St.,76691,6-8,"6'8""",80.0,77.45,"6'5""",-2.55,plays_shorter,77.45,"6'5""",-2.55,plays_shorter
2026,Jackson Skipper,Vermont,76692,6-7,"6'7""",79.0,75.44,"6'3""",-3.56,plays_shorter,75.44,"6'3""",-3.56,plays_shorter
2026,Kellen Thames,Saint Louis,76694,6-6,"6'6""",78.0,80.55,"6'9""",2.55,plays_taller,80.55,"6'9""",2.55,plays_taller
2026,Jordan Pope,Texas,76697,6-1,"6'1""",73.0,74.45,"6'2""",1.45,plays_taller,74.45,"6'2""",1.45,plays_taller
2026,Cam Amboree,Southern,76699,6-3,"6'3""",75.0,74.14,"6'2""",-0.86,plays_shorter,74.14,"6'2""",-0.86,plays_shorter
2026,Caleb Shaw,Grand Canyon,76703,6-6,"6'6""",78.0,77.7,"6'6""",-0.3,plays_at_height,77.7,"6'6""",-0.3,plays_at_height
2026,Xavier Amos,Loyola Chicago,76705,6-7,"6'7""",79.0,77.43,"6'5""",-1.57,plays_shorter,77.43,"6'5""",-1.57,plays_shorter
2026,Langston Reynolds,Minnesota,76708,6-4,"6'4""",76.0,77.89,"6'6""",1.89,plays_taller,77.89,"6'6""",1.89,plays_taller
2026,Brock Wisne,Northern Colorado,76709,6-9,"6'9""",81.0,78.29,"6'6""",-2.71,plays_shorter,78.29,"6'6""",-2.71,plays_shorter
2026,B.J. Edwards,SMU,76713,6-3,"6'3""",75.0,78.15,"6'6""",3.15,plays_taller,78.15,"6'6""",3.15,plays_taller
2026,Learic Davis,USC Upstate,76715,6-7,"6'7""",79.0,78.59,"6'7""",-0.41,plays_at_height,78.59,"6'7""",-0.41,plays_at_height
2026,Sami Pissis,Alabama A&M,76717,6-3,"6'3""",75.0,75.75,"6'4""",0.75,plays_at_height,75.75,"6'4""",0.75,plays_at_height
2026,PJ Haggerty,Kansas St.,76719,6-4,"6'4""",76.0,77.31,"6'5""",1.31,plays_taller,77.31,"6'5""",1.31,plays_taller
2026,Leo Torbor,Texas A&M Corpus Chris,76721,6-3,"6'3""",75.0,76.72,"6'5""",1.72,plays_taller,76.72,"6'5""",1.72,plays_taller
2026,Ibu Yamazaki,Northern Colorado,76723,6-7,"6'7""",79.0,76.63,"6'5""",-2.37,plays_shorter,76.63,"6'5""",-2.37,plays_shorter
2026,TJ Hurley,Vermont,76726,6-5,"6'5""",77.0,76.41,"6'4""",-0.59,plays_at_height,76.41,"6'4""",-0.59,plays_at_height
2026,Josiah Harris,La Salle,76733,6-9,"6'9""",81.0,79.08,"6'7""",-1.92,plays_shorter,79.08,"6'7""",-1.92,plays_shorter
2026,Fredrick King,Murray St.,76736,6-9,"6'9""",81.0,84.23,"7'0""",3.23,plays_taller,84.23,"7'0""",3.23,plays_taller
2026,Sean Logan,Davidson,76738,6-10,"6'10""",82.0,84.24,"7'0""",2.24,plays_taller,84.24,"7'0""",2.24,plays_taller
2026,Reed Bailey,Indiana,76739,6-10,"6'10""",82.0,80.53,"6'9""",-1.47,plays_shorter,80.53,"6'9""",-1.47,plays_shorter
2026,Cooper Noard,Cornell,76741,6-2,"6'2""",74.0,76.29,"6'4""",2.29,plays_taller,76.29,"6'4""",2.29,plays_taller
2026,Jeremy Foumena,UCF,76747,6-11,"6'11""",83.0,79.18,"6'7""",-3.82,plays_shorter,79.18,"6'7""",-3.82,plays_shorter
2026,Jaylen Thompson,Stanford,76750,6-7,"6'7""",79.0,76.4,"6'4""",-2.6,plays_shorter,76.4,"6'4""",-2.6,plays_shorter
2026,Andrew Rohde,Wisconsin,76753,6-6,"6'6""",78.0,75.04,"6'3""",-2.96,plays_shorter,75.04,"6'3""",-2.96,plays_shorter
2026,Carter Bjerke,St. Thomas,76755,6-9,"6'9""",81.0,75.83,"6'4""",-5.17,plays_shorter,75.83,"6'4""",-5.17,plays_shorter
2026,David Idada,Southeast Missouri St.,76757,7-0,"7'0""",84.0,80.14,"6'8""",-3.86,plays_shorter,80.14,"6'8""",-3.86,plays_shorter
2026,Benny Gealer,Stanford,76758,6-1,"6'1""",73.0,75.11,"6'3""",2.11,plays_taller,75.11,"6'3""",2.11,plays_taller
2026,Ryan Agarwal,Stanford,76759,6-6,"6'6""",78.0,76.55,"6'5""",-1.45,plays_shorter,76.55,"6'5""",-1.45,plays_shorter
2026,Jalen Washington,Vanderbilt,76760,6-10,"6'10""",82.0,83.34,"6'11""",1.34,plays_taller,83.34,"6'11""",1.34,plays_taller
2026,Tyler Nickel,Vanderbilt,76761,6-7,"6'7""",79.0,77.01,"6'5""",-1.99,plays_shorter,77.01,"6'5""",-1.99,plays_shorter
2026,Matus Hronsky,Portland,76768,6-8,"6'8""",80.0,76.53,"6'5""",-3.47,plays_shorter,76.53,"6'5""",-3.47,plays_shorter
2026,Dominique Ford,San Diego,76770,6-5,"6'5""",77.0,75.22,"6'3""",-1.78,plays_shorter,75.22,"6'3""",-1.78,plays_shorter
2026,David Dixon,Duquesne,76772,6-9,"6'9""",81.0,83.77,"7'0""",2.77,plays_taller,83.77,"7'0""",2.77,plays_taller
2026,German Plotnikov,Hofstra,76773,6-5,"6'5""",77.0,77.09,"6'5""",0.09,plays_at_height,77.09,"6'5""",0.09,plays_at_height
2026,Emanuel Sharp,Houston,76775,6-3,"6'3""",75.0,76.89,"6'5""",1.89,plays_taller,76.89,"6'5""",1.89,plays_taller
2026,Marcus Tankersley,Chicago St.,76779,6-5,"6'5""",77.0,75.86,"6'4""",-1.14,plays_shorter,75.86,"6'4""",-1.14,plays_shorter
2026,Dallin Hall,Virginia,76780,6-3,"6'3""",75.0,76.62,"6'5""",1.62,plays_taller,76.62,"6'5""",1.62,plays_taller
2026,Tanner Toolson,TCU,76784,6-5,"6'5""",77.0,77.33,"6'5""",0.33,plays_at_height,77.33,"6'5""",0.33,plays_at_height
2026,Cole Hargrove,Providence,76790,6-8,"6'8""",80.0,80.0,"6'8""",-0.0,plays_at_height,80.0,"6'8""",-0.0,plays_at_height
2026,Garfield Turner,Drexel,76791,6-8,"6'8""",80.0,80.66,"6'9""",0.66,plays_at_height,80.66,"6'9""",0.66,plays_at_height
2026,Justin Moore,Loyola Chicago,76793,6-3,"6'3""",75.0,74.89,"6'3""",-0.11,plays_at_height,74.89,"6'3""",-0.11,plays_at_height
2026,Shane Blakeney,Drexel,76794,6-5,"6'5""",77.0,77.31,"6'5""",0.31,plays_at_height,77.31,"6'5""",0.31,plays_at_height
2026,Love Bettis,Incarnate Word,76795,5-11,"5'11""",71.0,73.3,"6'1""",2.3,plays_taller,73.3,"6'1""",2.3,plays_taller
2026,Milos Uzan,Houston,76810,6-4,"6'4""",76.0,75.09,"6'3""",-0.91,plays_shorter,75.09,"6'3""",-0.91,plays_shorter
2026,Filip Borovicanin,Xavier,76815,6-9,"6'9""",81.0,78.65,"6'7""",-2.35,plays_shorter,78.65,"6'7""",-2.35,plays_shorter
2026,Kylan Boswell,Illinois,76818,6-2,"6'2""",74.0,77.25,"6'5""",3.25,plays_taller,77.25,"6'5""",3.25,plays_taller
2026,Jaden Alexander,Cal St. Bakersfield,76826,6-4,"6'4""",76.0,77.04,"6'5""",1.04,plays_taller,77.04,"6'5""",1.04,plays_taller
2026,Ben Vander Wal,Furman,76833,6-7,"6'7""",79.0,79.59,"6'8""",0.59,plays_at_height,79.59,"6'8""",0.59,plays_at_height
2026,Chandler Jackson,Arkansas St.,76835,6-5,"6'5""",77.0,77.07,"6'5""",0.07,plays_at_height,77.07,"6'5""",0.07,plays_at_height
2026,Riley Kugel,UCF,76836,6-5,"6'5""",77.0,77.04,"6'5""",0.04,plays_at_height,77.04,"6'5""",0.04,plays_at_height
2026,Cameron Corhen,Pittsburgh,76838,6-10,"6'10""",82.0,80.62,"6'9""",-1.38,plays_shorter,80.62,"6'9""",-1.38,plays_shorter
2026,Baba Miller,Cincinnati,76839,6-11,"6'11""",83.0,84.15,"7'0""",1.15,plays_taller,84.15,"7'0""",1.15,plays_taller
2026,Tom House,Furman,76842,6-7,"6'7""",79.0,74.83,"6'3""",-4.17,plays_shorter,74.83,"6'3""",-4.17,plays_shorter
2026,Brennan Rigsby,Radford,76856,6-3,"6'3""",75.0,76.72,"6'5""",1.72,plays_taller,76.72,"6'5""",1.72,plays_taller
2026,Damarco Minor,Pittsburgh,76857,6-0,"6'0""",72.0,77.07,"6'5""",5.07,plays_taller,77.07,"6'5""",5.07,plays_taller
2026,Marquel Sutton,LSU,76859,6-9,"6'9""",81.0,79.35,"6'7""",-1.65,plays_shorter,79.35,"6'7""",-1.65,plays_shorter
2026,Lamar Wilkerson,Indiana,76860,6-6,"6'6""",78.0,76.88,"6'5""",-1.12,plays_shorter,76.88,"6'5""",-1.12,plays_shorter
2026,Jackson Benigni,Binghamton,76867,6-1,"6'1""",73.0,74.9,"6'3""",1.9,plays_taller,74.9,"6'3""",1.9,plays_taller
2026,Louis Hutchinson,Alabama A&M,76872,6-7,"6'7""",79.0,75.91,"6'4""",-3.09,plays_shorter,75.91,"6'4""",-3.09,plays_shorter
2026,TJ Caldwell,Arkansas St.,76873,6-4,"6'4""",76.0,77.0,"6'5""",1.0,plays_taller,77.0,"6'5""",1.0,plays_taller
2026,Malique Ewin,Arkansas,76875,6-10,"6'10""",82.0,83.66,"7'0""",1.66,plays_taller,83.66,"7'0""",1.66,plays_taller
2026,Luke Jungers,Iona,76877,6-9,"6'9""",81.0,76.43,"6'4""",-4.57,plays_shorter,76.43,"6'4""",-4.57,plays_shorter
2026,Ja'Sean Glover,Nebraska Omaha,76878,6-5,"6'5""",77.0,77.03,"6'5""",0.03,plays_at_height,77.03,"6'5""",0.03,plays_at_height
2026,Trey Lewis,Western Michigan,76879,6-6,"6'6""",78.0,76.63,"6'5""",-1.37,plays_shorter,76.63,"6'5""",-1.37,plays_shorter
2026,Caleb Reese,Loyola Chicago,76880,5-11,"5'11""",71.0,74.11,"6'2""",3.11,plays_taller,74.11,"6'2""",3.11,plays_taller
2026,Pierre Geneste Jr.,Cal St. Bakersfield,76884,7-0,"7'0""",84.0,82.54,"6'11""",-1.46,plays_shorter,82.54,"6'11""",-1.46,plays_shorter
2026,Jayden Dawson,Kansas,76885,6-4,"6'4""",76.0,75.41,"6'3""",-0.59,plays_at_height,75.41,"6'3""",-0.59,plays_at_height
2026,Jalen Quinn,Drake,76886,6-3,"6'3""",75.0,76.36,"6'4""",1.36,plays_taller,76.36,"6'4""",1.36,plays_taller
2026,Christoph Tilly,Ohio St.,76887,7-0,"7'0""",84.0,79.26,"6'7""",-4.74,plays_shorter,79.26,"6'7""",-4.74,plays_shorter
2026,Jake Ensminger,Santa Clara,76888,6-9,"6'9""",81.0,78.38,"6'6""",-2.62,plays_shorter,78.38,"6'6""",-2.62,plays_shorter
2026,Kosy Akametu,Iona,76889,6-5,"6'5""",77.0,77.38,"6'5""",0.38,plays_at_height,77.38,"6'5""",0.38,plays_at_height
2026,Braden Huff,Gonzaga,76893,6-10,"6'10""",82.0,79.53,"6'8""",-2.47,plays_shorter,79.53,"6'8""",-2.47,plays_shorter
2026,Jaylen Peterson,Presbyterian,76894,6-8,"6'8""",80.0,81.81,"6'10""",1.81,plays_taller,81.81,"6'10""",1.81,plays_taller
2026,Amaree Abram,Tennessee,76897,6-3,"6'3""",75.0,75.72,"6'4""",0.72,plays_at_height,75.72,"6'4""",0.72,plays_at_height
2026,Jordan Crawford,South Dakota,76901,6-3,"6'3""",75.0,75.65,"6'4""",0.65,plays_at_height,75.65,"6'4""",0.65,plays_at_height
2026,Isaiah Carr,Drake,76903,6-11,"6'11""",83.0,82.7,"6'11""",-0.3,plays_at_height,82.7,"6'11""",-0.3,plays_at_height
2026,Derrick Michael Xzavierro,Long Beach St.,76904,6-9,"6'9""",81.0,80.6,"6'9""",-0.4,plays_at_height,80.6,"6'9""",-0.4,plays_at_height
2026,Lajae Jones,Florida St.,76910,6-7,"6'7""",79.0,79.62,"6'8""",0.62,plays_at_height,79.62,"6'8""",0.62,plays_at_height
2026,Ose Okojie,Howard,76915,6-5,"6'5""",77.0,78.91,"6'7""",1.91,plays_taller,78.91,"6'7""",1.91,plays_taller
2026,Justin Archer,La Salle,76919,6-7,"6'7""",79.0,78.28,"6'6""",-0.72,plays_at_height,78.28,"6'6""",-0.72,plays_at_height
2026,Deangelo Elisee,Purdue Fort Wayne,76921,6-9,"6'9""",81.0,81.44,"6'9""",0.44,plays_at_height,81.44,"6'9""",0.44,plays_at_height
2026,Paul Otieno,Saint Louis,76922,6-9,"6'9""",81.0,81.22,"6'9""",0.22,plays_at_height,81.22,"6'9""",0.22,plays_at_height
2026,Federiko Federiko,Texas A&M,76924,6-11,"6'11""",83.0,81.2,"6'9""",-1.8,plays_shorter,81.2,"6'9""",-1.8,plays_shorter
2026,Jaeden Marshall,La Salle,76928,6-4,"6'4""",76.0,74.29,"6'2""",-1.71,plays_shorter,74.29,"6'2""",-1.71,plays_shorter
2026,Drake Allen,Utah St.,76931,6-5,"6'5""",77.0,77.97,"6'6""",0.97,plays_taller,77.97,"6'6""",0.97,plays_taller
2026,Bryant Selebangue,Western Kentucky,76932,6-8,"6'8""",80.0,80.99,"6'9""",0.99,plays_taller,80.99,"6'9""",0.99,plays_taller
2026,Cam Morris III,East Tennessee St.,76935,6-8,"6'8""",80.0,81.56,"6'10""",1.56,plays_taller,81.56,"6'10""",1.56,plays_taller
2026,Tyler Houser,Delaware,76942,6-9,"6'9""",81.0,76.96,"6'5""",-4.04,plays_shorter,76.96,"6'5""",-4.04,plays_shorter
2026,Taeshaud Jackson,Fairleigh Dickinson,76944,6-6,"6'6""",78.0,79.76,"6'8""",1.76,plays_taller,79.76,"6'8""",1.76,plays_taller
2026,Asher Woods,Tulane,76947,6-3,"6'3""",75.0,75.27,"6'3""",0.27,plays_at_height,75.27,"6'3""",0.27,plays_at_height
2026,Matt Hayman,Arkansas St.,76948,6-5,"6'5""",77.0,76.43,"6'4""",-0.57,plays_at_height,76.43,"6'4""",-0.57,plays_at_height
2026,Maximus Nelson,Purdue Fort Wayne,76951,6-8,"6'8""",80.0,74.21,"6'2""",-5.79,plays_shorter,74.21,"6'2""",-5.79,plays_shorter
2026,Nick Martinelli,Northwestern,76952,6-7,"6'7""",79.0,78.5,"6'7""",-0.5,plays_at_height,78.5,"6'7""",-0.5,plays_at_height
2026,Terry Anderson,High Point,76953,6-6,"6'6""",78.0,79.8,"6'8""",1.8,plays_taller,79.8,"6'8""",1.8,plays_taller
2026,Cam Denson,Ball St.,76956,6-7,"6'7""",79.0,77.69,"6'6""",-1.31,plays_shorter,77.69,"6'6""",-1.31,plays_shorter
2026,Duane Posey,Texas Southern,76960,6-7,"6'7""",79.0,79.79,"6'8""",0.79,plays_taller,79.79,"6'8""",0.79,plays_taller
2026,Jakevion Buckley,New Orleans,76961,6-2,"6'2""",74.0,75.81,"6'4""",1.81,plays_taller,75.81,"6'4""",1.81,plays_taller
2026,Ben Gold,Marquette,76964,6-11,"6'11""",83.0,78.85,"6'7""",-4.15,plays_shorter,78.85,"6'7""",-4.15,plays_shorter
2026,Harrison Carrington,UC Irvine,76967,6-7,"6'7""",79.0,78.78,"6'7""",-0.22,plays_at_height,78.78,"6'7""",-0.22,plays_at_height
2026,Shammah Scott,Akron,76968,6-2,"6'2""",74.0,74.38,"6'2""",0.38,plays_at_height,74.38,"6'2""",0.38,plays_at_height
2026,Bruce Thornton,Ohio St.,76969,6-2,"6'2""",74.0,76.93,"6'5""",2.93,plays_taller,76.93,"6'5""",2.93,plays_taller
2026,MJ Russell,Louisiana Monroe,76970,6-3,"6'3""",75.0,77.53,"6'6""",2.53,plays_taller,77.53,"6'6""",2.53,plays_taller
2026,Alphonzo Billups III,Longwood,76971,6-7,"6'7""",79.0,77.06,"6'5""",-1.94,plays_shorter,77.06,"6'5""",-1.94,plays_shorter
2026,Shawn Jones Jr.,Mississippi St.,76973,6-6,"6'6""",78.0,78.26,"6'6""",0.26,plays_at_height,78.26,"6'6""",0.26,plays_at_height
2026,Skyy Clark,UCLA,76976,6-3,"6'3""",75.0,75.34,"6'3""",0.34,plays_at_height,75.34,"6'3""",0.34,plays_at_height
2026,Jayden Epps,Mississippi St.,76977,6-2,"6'2""",74.0,74.78,"6'3""",0.78,plays_taller,74.78,"6'3""",0.78,plays_taller
2026,Sencire Harris,Cincinnati,76978,6-4,"6'4""",76.0,77.82,"6'6""",1.82,plays_taller,77.82,"6'6""",1.82,plays_taller
2026,Nigel Burris,Weber St.,76983,6-7,"6'7""",79.0,79.0,"6'7""",-0.0,plays_at_height,79.0,"6'7""",-0.0,plays_at_height
2026,RaSheed Jones,Coastal Carolina,76988,6-6,"6'6""",78.0,75.82,"6'4""",-2.18,plays_shorter,75.82,"6'4""",-2.18,plays_shorter
2026,Marcus Kell,Western Carolina,76991,6-8,"6'8""",80.0,76.99,"6'5""",-3.01,plays_shorter,76.99,"6'5""",-3.01,plays_shorter
2026,Cole Farrell,Long Beach St.,77000,6-5,"6'5""",77.0,76.02,"6'4""",-0.98,plays_shorter,76.02,"6'4""",-0.98,plays_shorter
2026,Fletcher Loyer,Purdue,77002,6-4,"6'4""",76.0,75.07,"6'3""",-0.93,plays_shorter,75.07,"6'3""",-0.93,plays_shorter
2026,Cale Jacobsen,Nebraska,77003,6-4,"6'4""",76.0,77.48,"6'5""",1.48,plays_taller,77.48,"6'5""",1.48,plays_taller
2026,Hayden Welling,Utah Valley,77005,6-9,"6'9""",81.0,78.47,"6'6""",-2.53,plays_shorter,78.47,"6'6""",-2.53,plays_shorter
2026,Elijah Chol,UC Irvine,77013,7-0,"7'0""",84.0,79.28,"6'7""",-4.72,plays_shorter,79.28,"6'7""",-4.72,plays_shorter
2026,Yohan Traore,Butler,77014,6-11,"6'11""",83.0,79.79,"6'8""",-3.21,plays_shorter,79.79,"6'8""",-3.21,plays_shorter
2026,Cade Tyson,Minnesota,77016,6-7,"6'7""",79.0,78.39,"6'6""",-0.61,plays_at_height,78.39,"6'6""",-0.61,plays_at_height
2026,Kheni Briggs,New Haven,77017,6-3,"6'3""",75.0,74.98,"6'3""",-0.02,plays_at_height,74.98,"6'3""",-0.02,plays_at_height
2026,Tyeree Bryan,Texas Tech,77018,6-5,"6'5""",77.0,77.5,"6'6""",0.5,plays_at_height,77.5,"6'6""",0.5,plays_at_height
2026,Kyler VanderJagt,Toledo,77020,6-4,"6'4""",76.0,74.54,"6'3""",-1.46,plays_shorter,74.54,"6'3""",-1.46,plays_shorter
2026,Chance Westry,UAB,77021,6-6,"6'6""",78.0,77.87,"6'6""",-0.13,plays_at_height,77.87,"6'6""",-0.13,plays_at_height
2026,Bryson Ogletree,North Carolina A&T,77023,6-4,"6'4""",76.0,76.38,"6'4""",0.38,plays_at_height,76.38,"6'4""",0.38,plays_at_height
2026,Tobi Lawal,Virginia Tech,77026,6-8,"6'8""",80.0,82.78,"6'11""",2.78,plays_taller,82.78,"6'11""",2.78,plays_taller
2026,Ugonna Onyenso,Virginia,77028,7-0,"7'0""",84.0,85.7,"7'2""",1.7,plays_taller,85.7,"7'2""",1.7,plays_taller
2026,Peter Suder,Miami OH,77037,6-5,"6'5""",77.0,76.9,"6'5""",-0.1,plays_at_height,76.9,"6'5""",-0.1,plays_at_height
2026,Nik Graves,Creighton,77038,6-2,"6'2""",74.0,76.63,"6'5""",2.63,plays_taller,76.63,"6'5""",2.63,plays_taller
2026,Bryan Etumnu,Wright St.,77040,6-7,"6'7""",79.0,77.06,"6'5""",-1.94,plays_shorter,77.06,"6'5""",-1.94,plays_shorter
2026,Rob Martin,High Point,77042,5-10,"5'10""",70.0,75.06,"6'3""",5.06,plays_taller,75.06,"6'3""",5.06,plays_taller
2026,Cruz Davis,Hofstra,77044,6-3,"6'3""",75.0,76.36,"6'4""",1.36,plays_taller,76.36,"6'4""",1.36,plays_taller
2026,Malik Reneau,Miami FL,77045,6-9,"6'9""",81.0,81.02,"6'9""",0.02,plays_at_height,81.02,"6'9""",0.02,plays_at_height
2026,CJ Gunn,DePaul,77046,6-7,"6'7""",79.0,77.41,"6'5""",-1.59,plays_shorter,77.41,"6'5""",-1.59,plays_shorter
2026,Tyren Moore,Georgia Southern,77050,5-11,"5'11""",71.0,74.68,"6'3""",3.68,plays_taller,74.68,"6'3""",3.68,plays_taller
2026,Cam Gregory,Campbell,77052,6-5,"6'5""",77.0,76.17,"6'4""",-0.83,plays_shorter,76.17,"6'4""",-0.83,plays_shorter
2026,Jamar Franklin,Jacksonville St.,77053,6-3,"6'3""",75.0,74.03,"6'2""",-0.97,plays_shorter,74.03,"6'2""",-0.97,plays_shorter
2026,Austin Nunez,UTSA,77056,6-2,"6'2""",74.0,74.36,"6'2""",0.36,plays_at_height,74.36,"6'2""",0.36,plays_at_height
2026,Duke Brennan,Villanova,77057,6-10,"6'10""",82.0,82.69,"6'11""",0.69,plays_at_height,82.69,"6'11""",0.69,plays_at_height
2026,Chase Lowe,William & Mary,77060,6-5,"6'5""",77.0,79.22,"6'7""",2.22,plays_taller,79.22,"6'7""",2.22,plays_taller
2026,Isaiah Jones,South Florida,77062,6-7,"6'7""",79.0,78.53,"6'7""",-0.47,plays_at_height,78.53,"6'7""",-0.47,plays_at_height
2026,Khalil London,Tennessee St.,77070,6-3,"6'3""",75.0,74.2,"6'2""",-0.8,plays_shorter,74.2,"6'2""",-0.8,plays_shorter
2026,Donovan Atwell,Texas Tech,77071,6-5,"6'5""",77.0,74.72,"6'3""",-2.28,plays_shorter,74.72,"6'3""",-2.28,plays_shorter
2026,Jordan Chatman,Florida A&M,77073,6-5,"6'5""",77.0,76.46,"6'4""",-0.54,plays_at_height,76.46,"6'4""",-0.54,plays_at_height
2026,Jaxon Ellingsworth,Arkansas St.,77075,6-8,"6'8""",80.0,78.29,"6'6""",-1.71,plays_shorter,78.29,"6'6""",-1.71,plays_shorter
2026,Jaden Bradley,Arizona,77082,6-3,"6'3""",75.0,76.83,"6'5""",1.83,plays_taller,76.83,"6'5""",1.83,plays_taller
2026,Rylan Griffen,Texas A&M,77083,6-5,"6'5""",77.0,77.01,"6'5""",0.01,plays_at_height,77.01,"6'5""",0.01,plays_at_height
2026,Tyler Hendricks,Utah Valley,77085,6-6,"6'6""",78.0,77.26,"6'5""",-0.74,plays_at_height,77.26,"6'5""",-0.74,plays_at_height
2026,Quin Patterson,Idaho St.,77086,6-7,"6'7""",79.0,73.04,"6'1""",-5.96,plays_shorter,73.04,"6'1""",-5.96,plays_shorter
2026,Yann Farell,Sacred Heart,77089,6-7,"6'7""",79.0,76.3,"6'4""",-2.7,plays_shorter,76.3,"6'4""",-2.7,plays_shorter
2026,Roddie Anderson III,Xavier,77092,6-3,"6'3""",75.0,76.99,"6'5""",1.99,plays_taller,76.99,"6'5""",1.99,plays_taller
2026,Jac Mani,Fresno St.,77093,6-9,"6'9""",81.0,78.42,"6'6""",-2.58,plays_shorter,78.42,"6'6""",-2.58,plays_shorter
2026,Jaquel Morris,Norfolk St.,77098,6-8,"6'8""",80.0,81.47,"6'9""",1.47,plays_taller,81.47,"6'9""",1.47,plays_taller
2026,Ryan Mabrey,Maine,77099,6-5,"6'5""",77.0,74.62,"6'3""",-2.38,plays_shorter,74.62,"6'3""",-2.38,plays_shorter
2026,Tyler Bilodeau,UCLA,77100,6-9,"6'9""",81.0,78.06,"6'6""",-2.94,plays_shorter,78.06,"6'6""",-2.94,plays_shorter
2026,Elijah Jamison,Norfolk St.,77102,6-3,"6'3""",75.0,75.09,"6'3""",0.09,plays_at_height,75.09,"6'3""",0.09,plays_at_height
2026,Billy Smith,Chattanooga,77103,6-7,"6'7""",79.0,74.62,"6'3""",-4.38,plays_shorter,74.62,"6'3""",-4.38,plays_shorter
2026,Chandler Pigge,Harvard,77104,6-5,"6'5""",77.0,77.79,"6'6""",0.79,plays_taller,77.79,"6'6""",0.79,plays_taller
2026,Chisom Okpara,Stanford,77105,6-8,"6'8""",80.0,77.67,"6'6""",-2.33,plays_shorter,77.67,"6'6""",-2.33,plays_shorter
2026,Sadraque NgaNga,San Jose St.,77106,6-10,"6'10""",82.0,77.19,"6'5""",-4.81,plays_shorter,77.19,"6'5""",-4.81,plays_shorter
2026,Khalil Farmer,UMass Lowell,77107,6-3,"6'3""",75.0,75.02,"6'3""",0.02,plays_at_height,75.02,"6'3""",0.02,plays_at_height
2026,Jace Whiting,Weber St.,77108,6-3,"6'3""",75.0,75.08,"6'3""",0.08,plays_at_height,75.08,"6'3""",0.08,plays_at_height
2026,Rich Rolf,Youngstown St.,77110,6-7,"6'7""",79.0,77.68,"6'6""",-1.32,plays_shorter,77.68,"6'6""",-1.32,plays_shorter
2026,Elijah Jones,UTEP,77113,6-8,"6'8""",80.0,79.58,"6'8""",-0.42,plays_at_height,79.58,"6'8""",-0.42,plays_at_height
2026,Dorian Finister,Louisiana,77116,6-5,"6'5""",77.0,77.54,"6'6""",0.54,plays_at_height,77.54,"6'6""",0.54,plays_at_height
2026,Travis Roberts,Alcorn St.,77120,6-6,"6'6""",78.0,74.5,"6'3""",-3.5,plays_shorter,74.5,"6'3""",-3.5,plays_shorter
2026,Demarion Watson,North Texas,77121,6-7,"6'7""",79.0,78.25,"6'6""",-0.75,plays_shorter,78.25,"6'6""",-0.75,plays_shorter
2026,Tamin Lipsey,Iowa St.,77122,6-1,"6'1""",73.0,77.54,"6'6""",4.54,plays_taller,77.54,"6'6""",4.54,plays_taller
2026,Eli King,North Dakota,77123,6-4,"6'4""",76.0,78.21,"6'6""",2.21,plays_taller,78.21,"6'6""",2.21,plays_taller
2026,Simeon Cottle,Kennesaw St.,77125,6-2,"6'2""",74.0,75.86,"6'4""",1.86,plays_taller,75.86,"6'4""",1.86,plays_taller
2026,Taj Manning,Kansas St.,77126,6-7,"6'7""",79.0,80.24,"6'8""",1.24,plays_taller,80.24,"6'8""",1.24,plays_taller
2026,Maliq Brown,Duke,77128,6-9,"6'9""",81.0,82.77,"6'11""",1.77,plays_taller,82.77,"6'11""",1.77,plays_taller
2026,Bryson Dawkins,Youngstown St.,77129,6-2,"6'2""",74.0,78.41,"6'6""",4.41,plays_taller,78.41,"6'6""",4.41,plays_taller
2026,Chris Bell,California,77130,6-7,"6'7""",79.0,77.13,"6'5""",-1.87,plays_shorter,77.13,"6'5""",-1.87,plays_shorter
2026,Lamine Niang,Tennessee Martin,77132,6-9,"6'9""",81.0,81.2,"6'9""",0.2,plays_at_height,81.2,"6'9""",0.2,plays_at_height
2026,Kaseem Watson,UTEP,77133,6-9,"6'9""",81.0,76.66,"6'5""",-4.34,plays_shorter,76.66,"6'5""",-4.34,plays_shorter
2026,Yuto Yamanouchi-Williams,Oral Roberts,77144,6-10,"6'10""",82.0,79.26,"6'7""",-2.74,plays_shorter,79.26,"6'7""",-2.74,plays_shorter
2026,Zuby Ejiofor,St. John's,77145,6-9,"6'9""",81.0,83.51,"7'0""",2.51,plays_taller,83.51,"7'0""",2.51,plays_taller
2026,Jaret Valencia,Wichita St.,77147,6-9,"6'9""",81.0,77.68,"6'6""",-3.32,plays_shorter,77.68,"6'6""",-3.32,plays_shorter
2026,Youri Fritz,Northeastern,77149,6-8,"6'8""",80.0,79.71,"6'8""",-0.29,plays_at_height,79.71,"6'8""",-0.29,plays_at_height
2026,Braden Sparks,Fairfield,77150,6-0,"6'0""",72.0,74.48,"6'2""",2.48,plays_taller,74.48,"6'2""",2.48,plays_taller
2026,RJ Godfrey,Clemson,77157,6-8,"6'8""",80.0,81.43,"6'9""",1.43,plays_taller,81.43,"6'9""",1.43,plays_taller
2026,Noah Williamson,Alabama,77159,7-0,"7'0""",84.0,78.47,"6'6""",-5.53,plays_shorter,78.47,"6'6""",-5.53,plays_shorter
2026,Josh Fulton,Bucknell,77160,6-6,"6'6""",78.0,80.03,"6'8""",2.03,plays_taller,80.03,"6'8""",2.03,plays_taller
2026,Dillon Hunter,Clemson,77161,6-4,"6'4""",76.0,76.94,"6'5""",0.94,plays_taller,76.94,"6'5""",0.94,plays_taller
2026,Chauncey Wiggins,Florida St.,77164,6-10,"6'10""",82.0,77.61,"6'6""",-4.39,plays_shorter,77.61,"6'6""",-4.39,plays_shorter
2026,Ruot Bijiek,Bucknell,77165,6-9,"6'9""",81.0,77.4,"6'5""",-3.6,plays_shorter,77.4,"6'5""",-3.6,plays_shorter
2026,Chauncey Gibson,Chicago St.,77166,6-7,"6'7""",79.0,75.44,"6'3""",-3.56,plays_shorter,75.44,"6'3""",-3.56,plays_shorter
2026,Harry Rouhliadeff,Hawaii,77167,6-9,"6'9""",81.0,78.38,"6'6""",-2.62,plays_shorter,78.38,"6'6""",-2.62,plays_shorter
2026,Goanar Biliew,Western Illinois,77173,6-8,"6'8""",80.0,76.75,"6'5""",-3.25,plays_shorter,76.75,"6'5""",-3.25,plays_shorter
2026,Chendall Weaver,Texas,77180,6-3,"6'3""",75.0,78.67,"6'7""",3.67,plays_taller,78.67,"6'7""",3.67,plays_taller
2026,Tre White,Kansas,77181,6-7,"6'7""",79.0,79.06,"6'7""",0.06,plays_at_height,79.06,"6'7""",0.06,plays_at_height
2026,Vincent Iwuchukwu,Georgetown,77183,7-1,"7'1""",85.0,81.43,"6'9""",-3.57,plays_shorter,81.43,"6'9""",-3.57,plays_shorter
2026,Oziyah Sellers,St. John's,77184,6-5,"6'5""",77.0,76.45,"6'4""",-0.55,plays_at_height,76.45,"6'4""",-0.55,plays_at_height
2026,Bessanty Saragba,Delaware St.,77185,6-10,"6'10""",82.0,76.98,"6'5""",-5.02,plays_shorter,76.98,"6'5""",-5.02,plays_shorter
2026,Cameron Fens,South Dakota,77186,6-10,"6'10""",82.0,84.22,"7'0""",2.22,plays_taller,84.22,"7'0""",2.22,plays_taller
2026,CJ Jones,Kansas St.,77187,6-5,"6'5""",77.0,74.78,"6'3""",-2.22,plays_shorter,74.78,"6'3""",-2.22,plays_shorter
2026,Mike Walz,Richmond,77194,6-11,"6'11""",83.0,80.91,"6'9""",-2.09,plays_shorter,80.91,"6'9""",-2.09,plays_shorter
2026,Michael Eley,Hampton,77195,6-4,"6'4""",76.0,77.6,"6'6""",1.6,plays_taller,77.6,"6'6""",1.6,plays_taller
2026,Mekhi Mason,Wake Forest,77196,6-5,"6'5""",77.0,77.14,"6'5""",0.14,plays_at_height,77.14,"6'5""",0.14,plays_at_height
2026,Brendan Coyle,Siena,77199,6-7,"6'7""",79.0,76.62,"6'5""",-2.38,plays_shorter,76.62,"6'5""",-2.38,plays_shorter
2026,Andrew Akuchie,Rice,77201,6-9,"6'9""",81.0,80.03,"6'8""",-0.97,plays_shorter,80.03,"6'8""",-0.97,plays_shorter
2026,Tyrone Marshall,George Washington,77206,6-8,"6'8""",80.0,79.87,"6'8""",-0.13,plays_at_height,79.87,"6'8""",-0.13,plays_at_height
2026,Ramel Lloyd Jr.,Arkansas Pine Bluff,77214,6-6,"6'6""",78.0,75.3,"6'3""",-2.7,plays_shorter,75.3,"6'3""",-2.7,plays_shorter
2026,Sam Alexis,Indiana,77216,6-9,"6'9""",81.0,83.39,"6'11""",2.39,plays_taller,83.39,"6'11""",2.39,plays_taller
2026,Cameron Tweedy,Saint Francis,77217,6-4,"6'4""",76.0,77.05,"6'5""",1.05,plays_taller,77.05,"6'5""",1.05,plays_taller
2026,Tre Holloman,N.C. State,77223,6-2,"6'2""",74.0,74.96,"6'3""",0.96,plays_taller,74.96,"6'3""",0.96,plays_taller
2026,Jaxon Kohler,Michigan St.,77224,6-9,"6'9""",81.0,81.2,"6'9""",0.2,plays_at_height,81.2,"6'9""",0.2,plays_at_height
2026,Carson Cooper,Michigan St.,77226,6-11,"6'11""",83.0,83.39,"6'11""",0.39,plays_at_height,83.39,"6'11""",0.39,plays_at_height
2026,Solomon Washington,Maryland,77227,6-7,"6'7""",79.0,81.49,"6'9""",2.49,plays_taller,81.49,"6'9""",2.49,plays_taller
2026,Jordan Williams,Rice,77228,6-2,"6'2""",74.0,75.19,"6'3""",1.19,plays_taller,75.19,"6'3""",1.19,plays_taller
2026,Justin Abson,Georgia,77232,6-9,"6'9""",81.0,84.86,"7'1""",3.86,plays_taller,84.86,"7'1""",3.86,plays_taller
2026,Elijah Perkins,Saint Peter's,77234,6-4,"6'4""",76.0,76.92,"6'5""",0.92,plays_taller,76.92,"6'5""",0.92,plays_taller
2026,Elijah Fisher,Seton Hall,77239,6-6,"6'6""",78.0,78.05,"6'6""",0.05,plays_at_height,78.05,"6'6""",0.05,plays_at_height
2026,Jackson Paveletzke,Ohio,77241,6-2,"6'2""",74.0,74.94,"6'3""",0.94,plays_taller,74.94,"6'3""",0.94,plays_taller
2026,Ben Roy,Boston University,77242,6-0,"6'0""",72.0,74.2,"6'2""",2.2,plays_taller,74.2,"6'2""",2.2,plays_taller
2026,Pop Isaacs,Texas A&M,77244,6-2,"6'2""",74.0,75.37,"6'3""",1.37,plays_taller,75.37,"6'3""",1.37,plays_taller
2026,Christian Reeves,Charleston,77251,7-1,"7'1""",85.0,84.03,"7'0""",-0.97,plays_shorter,84.03,"7'0""",-0.97,plays_shorter
2026,Jaden Schutt,Virginia Tech,77254,6-5,"6'5""",77.0,75.71,"6'4""",-1.29,plays_shorter,75.71,"6'4""",-1.29,plays_shorter
2026,Paul Lewis,James Madison,77256,6-2,"6'2""",74.0,73.65,"6'2""",-0.35,plays_at_height,73.65,"6'2""",-0.35,plays_at_height
2026,Keba Keita,BYU,77257,6-8,"6'8""",80.0,83.98,"7'0""",3.98,plays_taller,83.98,"7'0""",3.98,plays_taller
2026,Luka Tarlac,Cal Poly,77258,6-7,"6'7""",79.0,76.21,"6'4""",-2.79,plays_shorter,76.21,"6'4""",-2.79,plays_shorter
2026,Mason Falslev,Utah St.,77259,6-4,"6'4""",76.0,78.55,"6'7""",2.55,plays_taller,78.55,"6'7""",2.55,plays_taller
2026,Ethan Potter,Utah Tech,77260,6-8,"6'8""",80.0,80.49,"6'8""",0.49,plays_at_height,80.49,"6'8""",0.49,plays_at_height
2026,Colin Smith,UC Santa Barbara,77264,6-8,"6'8""",80.0,77.47,"6'5""",-2.53,plays_shorter,77.47,"6'5""",-2.53,plays_shorter
2026,Malik Messina-Moore,Xavier,77276,6-5,"6'5""",77.0,75.84,"6'4""",-1.16,plays_shorter,75.84,"6'4""",-1.16,plays_shorter
2026,Zion Cruz,Rider,77281,6-5,"6'5""",77.0,74.4,"6'2""",-2.6,plays_shorter,74.4,"6'2""",-2.6,plays_shorter
2026,Rowan Brumbaugh,Tulane,77283,6-4,"6'4""",76.0,76.23,"6'4""",0.23,plays_at_height,76.23,"6'4""",0.23,plays_at_height
2026,Jalen Hampton,Arkansas St.,77287,6-7,"6'7""",79.0,80.95,"6'9""",1.95,plays_taller,80.95,"6'9""",1.95,plays_taller
2026,Jalen Pitre,Tennessee St.,77288,6-8,"6'8""",80.0,80.59,"6'9""",0.59,plays_at_height,80.59,"6'9""",0.59,plays_at_height
2026,Evan Mahaffey,Akron,77289,6-6,"6'6""",78.0,80.46,"6'8""",2.46,plays_taller,80.46,"6'8""",2.46,plays_taller
2026,Terrance Arceneaux,N.C. State,77292,6-6,"6'6""",78.0,76.88,"6'5""",-1.12,plays_shorter,76.88,"6'5""",-1.12,plays_shorter
2026,Isaac Traudt,Creighton,77299,6-10,"6'10""",82.0,75.91,"6'4""",-6.09,plays_shorter,75.91,"6'4""",-6.09,plays_shorter
2026,Isaac McKneely,Louisville,77300,6-4,"6'4""",76.0,76.03,"6'4""",0.03,plays_at_height,76.03,"6'4""",0.03,plays_at_height
2026,Leon Bond III,Northern Iowa,77302,6-5,"6'5""",77.0,78.82,"6'7""",1.82,plays_taller,78.82,"6'7""",1.82,plays_taller
2026,Dylan Darling,St. John's,77306,6-1,"6'1""",73.0,76.05,"6'4""",3.05,plays_taller,76.05,"6'4""",3.05,plays_taller
2026,Jlynn Counter,Charleston,77316,6-3,"6'3""",75.0,77.6,"6'6""",2.6,plays_taller,77.6,"6'6""",2.6,plays_taller
2026,Will Shaver,Samford,77320,6-10,"6'10""",82.0,80.5,"6'8""",-1.5,plays_shorter,80.5,"6'8""",-1.5,plays_shorter
2026,ND Okafor,Washington St.,77321,6-9,"6'9""",81.0,81.5,"6'9""",0.5,plays_at_height,81.5,"6'9""",0.5,plays_at_height
2026,Masai Troutman,George Mason,77323,6-4,"6'4""",76.0,77.46,"6'5""",1.46,plays_taller,77.46,"6'5""",1.46,plays_taller
2026,Landon Lewis,Brown,77324,6-7,"6'7""",79.0,79.82,"6'8""",0.82,plays_taller,79.82,"6'8""",0.82,plays_taller
2026,Jamai Felt,Temple,77325,6-10,"6'10""",82.0,82.37,"6'10""",0.37,plays_at_height,82.37,"6'10""",0.37,plays_at_height
2026,Anthony McComb III,Norfolk St.,77326,6-3,"6'3""",75.0,75.24,"6'3""",0.24,plays_at_height,75.24,"6'3""",0.24,plays_at_height
2026,Kam Craft,Georgia Tech,77327,6-6,"6'6""",78.0,75.62,"6'4""",-2.38,plays_shorter,75.62,"6'4""",-2.38,plays_shorter
2026,Desmond Claude,Washington,77328,6-5,"6'5""",77.0,75.75,"6'4""",-1.25,plays_shorter,75.75,"6'4""",-1.25,plays_shorter
2026,Braeden Carrington,Wisconsin,77335,6-5,"6'5""",77.0,76.0,"6'4""",-1.0,plays_shorter,76.0,"6'4""",-1.0,plays_shorter
2026,Damien Mayo Jr.,Southern Illinois,77337,6-3,"6'3""",75.0,76.67,"6'5""",1.67,plays_taller,76.67,"6'5""",1.67,plays_taller
2026,N.J. Benson,DePaul,77339,6-8,"6'8""",80.0,84.35,"7'0""",4.35,plays_taller,84.35,"7'0""",4.35,plays_taller
2026,Kyran Ratliff,Louisiana,77342,6-8,"6'8""",80.0,77.98,"6'6""",-2.02,plays_shorter,77.98,"6'6""",-2.02,plays_shorter
2026,Christian Watson,Hampton,77343,6-7,"6'7""",79.0,76.03,"6'4""",-2.97,plays_shorter,76.03,"6'4""",-2.97,plays_shorter
2026,AJ Casey,Evansville,77344,6-9,"6'9""",81.0,79.68,"6'8""",-1.32,plays_shorter,79.68,"6'8""",-1.32,plays_shorter
2026,Michael Zanoni,Penn,77346,6-5,"6'5""",77.0,74.2,"6'2""",-2.8,plays_shorter,74.2,"6'2""",-2.8,plays_shorter
2026,Danilo Jovanovich,Milwaukee,77349,6-8,"6'8""",80.0,78.27,"6'6""",-1.73,plays_shorter,78.27,"6'6""",-1.73,plays_shorter
2026,Favour Aire,Coppin St.,77350,6-11,"6'11""",83.0,78.49,"6'6""",-4.51,plays_shorter,78.49,"6'6""",-4.51,plays_shorter
2026,Arnas Sakenis,SIU Edwardsville,77361,6-11,"6'11""",83.0,83.58,"7'0""",0.58,plays_at_height,83.58,"7'0""",0.58,plays_at_height
2026,DJ Richards,McNeese St.,77367,6-4,"6'4""",76.0,74.77,"6'3""",-1.23,plays_shorter,74.77,"6'3""",-1.23,plays_shorter
2026,Mike Woods,Navy,77369,6-3,"6'3""",75.0,78.05,"6'6""",3.05,plays_taller,78.05,"6'6""",3.05,plays_taller
2026,Jed Miller,Montana St.,77378,6-2,"6'2""",74.0,76.57,"6'5""",2.57,plays_taller,76.57,"6'5""",2.57,plays_taller
2026,Rob Lawson,Morgan St.,77379,5-11,"5'11""",71.0,74.4,"6'2""",3.4,plays_taller,74.4,"6'2""",3.4,plays_taller
2026,Joshua Jefferson,Iowa St.,77391,6-9,"6'9""",81.0,81.19,"6'9""",0.19,plays_at_height,81.19,"6'9""",0.19,plays_at_height
2026,Aidan Mahaney,UC Santa Barbara,77393,6-3,"6'3""",75.0,75.1,"6'3""",0.1,plays_at_height,75.1,"6'3""",0.1,plays_at_height
2026,Donovan Oday,Northern Kentucky,77404,6-2,"6'2""",74.0,78.05,"6'6""",4.05,plays_taller,78.05,"6'6""",4.05,plays_taller
2026,Keon Thompson,Stephen F. Austin,77411,6-1,"6'1""",73.0,77.83,"6'6""",4.83,plays_taller,77.83,"6'6""",4.83,plays_taller
2026,Caelum Swanton-Rodger,Old Dominion,77413,7-0,"7'0""",84.0,82.59,"6'11""",-1.41,plays_shorter,82.59,"6'11""",-1.41,plays_shorter
2026,Dion Brown,Saint Louis,77414,6-3,"6'3""",75.0,78.92,"6'7""",3.92,plays_taller,78.92,"6'7""",3.92,plays_taller
2026,Trevan Leonhardt,Utah Valley,77420,6-4,"6'4""",76.0,78.28,"6'6""",2.28,plays_taller,78.28,"6'6""",2.28,plays_taller
2026,Juanse Gorosito,San Diego,77421,6-0,"6'0""",72.0,74.84,"6'3""",2.84,plays_taller,74.84,"6'3""",2.84,plays_taller
2026,Kamari Lands,Middle Tennessee,77422,6-8,"6'8""",80.0,76.71,"6'5""",-3.29,plays_shorter,76.71,"6'5""",-3.29,plays_shorter
2026,Tae Davis,Oklahoma,77424,6-9,"6'9""",81.0,79.32,"6'7""",-1.68,plays_shorter,79.32,"6'7""",-1.68,plays_shorter
2026,Jaquan Sanders,Florida A&M,77427,6-4,"6'4""",76.0,75.02,"6'3""",-0.98,plays_shorter,75.02,"6'3""",-0.98,plays_shorter
2026,Devin Ree,Jackson St.,77428,6-9,"6'9""",81.0,76.92,"6'5""",-4.08,plays_shorter,76.92,"6'5""",-4.08,plays_shorter
2026,Maurice Odum,Arizona St.,77430,6-2,"6'2""",74.0,74.92,"6'3""",0.92,plays_taller,74.92,"6'3""",0.92,plays_taller
2026,Luke Hunger,George Washington,77432,6-10,"6'10""",82.0,78.75,"6'7""",-3.25,plays_shorter,78.75,"6'7""",-3.25,plays_shorter
2026,Dior Johnson,Tarleton St.,77433,6-3,"6'3""",75.0,75.89,"6'4""",0.89,plays_taller,75.89,"6'4""",0.89,plays_taller
2026,Guillermo Diaz Graham,San Francisco,77434,7-0,"7'0""",84.0,78.58,"6'7""",-5.42,plays_shorter,78.58,"6'7""",-5.42,plays_shorter
2026,Sean Jones,Marquette,77435,5-10,"5'10""",70.0,73.64,"6'2""",3.64,plays_taller,73.64,"6'2""",3.64,plays_taller
2026,Leland Walker,Wyoming,77436,6-1,"6'1""",73.0,76.52,"6'5""",3.52,plays_taller,76.52,"6'5""",3.52,plays_taller
2026,Tayshawn Comer,Nevada,77437,6-1,"6'1""",73.0,74.87,"6'3""",1.87,plays_taller,74.87,"6'3""",1.87,plays_taller
2026,Jackson Holt,Eastern Kentucky,77438,6-4,"6'4""",76.0,73.58,"6'2""",-2.42,plays_shorter,73.58,"6'2""",-2.42,plays_shorter
2026,Chase Ross,Marquette,77442,6-5,"6'5""",77.0,77.84,"6'6""",0.84,plays_taller,77.84,"6'6""",0.84,plays_taller
2026,"Jerome Brewer, Jr.",La Salle,77444,6-9,"6'9""",81.0,77.58,"6'6""",-3.42,plays_shorter,77.58,"6'6""",-3.42,plays_shorter
2026,Alonzo Dodd,Appalachian St.,77445,6-1,"6'1""",73.0,76.62,"6'5""",3.62,plays_taller,76.62,"6'5""",3.62,plays_taller
2026,D.J. Jefferson,Gardner Webb,77446,6-5,"6'5""",77.0,76.55,"6'5""",-0.45,plays_at_height,76.55,"6'5""",-0.45,plays_at_height
2026,Tobe Awaka,Arizona,77448,6-8,"6'8""",80.0,83.6,"7'0""",3.6,plays_taller,83.6,"7'0""",3.6,plays_taller
2026,Kyle Evans,UC Irvine,77459,6-10,"6'10""",82.0,83.81,"7'0""",1.81,plays_taller,83.81,"7'0""",1.81,plays_taller
2026,Jayden Williams,Dartmouth,77460,6-6,"6'6""",78.0,76.94,"6'5""",-1.06,plays_shorter,76.94,"6'5""",-1.06,plays_shorter
2026,Brandon Mitchell-Day,Dartmouth,77461,6-8,"6'8""",80.0,80.36,"6'8""",0.36,plays_at_height,80.36,"6'8""",0.36,plays_at_height
2026,Jackson Munro,Dartmouth,77463,6-8,"6'8""",80.0,78.3,"6'6""",-1.7,plays_shorter,78.3,"6'6""",-1.7,plays_shorter
2026,Brody Robinson,Oakland,77465,5-11,"5'11""",71.0,75.63,"6'4""",4.63,plays_taller,75.63,"6'4""",4.63,plays_taller
2026,Cyril Martynov,Fairleigh Dickinson,77467,7-0,"7'0""",84.0,78.51,"6'7""",-5.49,plays_shorter,78.51,"6'7""",-5.49,plays_shorter
2026,Kanye Clary,Oklahoma St.,77468,6-0,"6'0""",72.0,75.01,"6'3""",3.01,plays_taller,75.01,"6'3""",3.01,plays_taller
2026,Kebba Njie,Notre Dame,77469,6-10,"6'10""",82.0,80.89,"6'9""",-1.11,plays_shorter,80.89,"6'9""",-1.11,plays_shorter
2026,Mor Seck,Towson,77470,7-1,"7'1""",85.0,80.51,"6'9""",-4.49,plays_shorter,80.51,"6'9""",-4.49,plays_shorter
2026,Blair Thompson,Columbia,77472,6-7,"6'7""",79.0,77.64,"6'6""",-1.36,plays_shorter,77.64,"6'6""",-1.36,plays_shorter
2026,Kyrese Mullen,New Mexico St.,77474,6-7,"6'7""",79.0,77.47,"6'5""",-1.53,plays_shorter,77.47,"6'5""",-1.53,plays_shorter
2026,Kody Williams,Hampton,77475,6-0,"6'0""",72.0,73.95,"6'2""",1.95,plays_taller,73.95,"6'2""",1.95,plays_taller
2026,Greedy Williams,UNC Wilmington,77477,6-5,"6'5""",77.0,75.45,"6'3""",-1.55,plays_shorter,75.45,"6'3""",-1.55,plays_shorter
2026,Demetrius Lilley,Binghamton,77478,6-9,"6'9""",81.0,79.22,"6'7""",-1.78,plays_shorter,79.22,"6'7""",-1.78,plays_shorter
2026,Kimani Hamilton,UNLV,77479,6-8,"6'8""",80.0,79.54,"6'8""",-0.46,plays_at_height,79.54,"6'8""",-0.46,plays_at_height
2026,Tarris Reed Jr.,Connecticut,77482,6-10,"6'10""",82.0,85.27,"7'1""",3.27,plays_taller,85.27,"7'1""",3.27,plays_taller
2026,Collin Metcalf,Maryland,77483,6-9,"6'9""",81.0,80.61,"6'9""",-0.39,plays_at_height,80.61,"6'9""",-0.39,plays_at_height
2026,Dylan Andrews,Boise St.,77484,6-3,"6'3""",75.0,76.23,"6'4""",1.23,plays_taller,76.23,"6'4""",1.23,plays_taller
2026,Shawn Phillips Jr.,Missouri,77491,7-0,"7'0""",84.0,83.86,"7'0""",-0.14,plays_at_height,83.86,"7'0""",-0.14,plays_at_height
2026,Jaden Clayton,Pacific,77495,6-1,"6'1""",73.0,75.0,"6'3""",2.0,plays_taller,75.0,"6'3""",2.0,plays_taller
2026,Miles Byrd,San Diego St.,77500,6-7,"6'7""",79.0,79.88,"6'8""",0.88,plays_taller,79.88,"6'8""",0.88,plays_taller
2026,Elijah Saunders,Maryland,77501,6-8,"6'8""",80.0,76.9,"6'5""",-3.1,plays_shorter,76.9,"6'5""",-3.1,plays_shorter
2026,Toby Onyekonwu,Stony Brook,77502,6-2,"6'2""",74.0,72.79,"6'1""",-1.21,plays_shorter,72.79,"6'1""",-1.21,plays_shorter
2026,Jared Frey,UMass Lowell,77506,6-6,"6'6""",78.0,75.11,"6'3""",-2.89,plays_shorter,75.11,"6'3""",-2.89,plays_shorter
2026,Brody Rowbury,Idaho,77510,6-11,"6'11""",83.0,78.3,"6'6""",-4.7,plays_shorter,78.3,"6'6""",-4.7,plays_shorter
2026,Jamarques Lawrence,Nebraska,77511,6-3,"6'3""",75.0,76.23,"6'4""",1.23,plays_taller,76.23,"6'4""",1.23,plays_taller
2026,Justin Bailey,Georgia,77515,6-3,"6'3""",75.0,74.64,"6'3""",-0.36,plays_at_height,74.64,"6'3""",-0.36,plays_at_height
2026,Samuel Murray,Mississippi Valley St.,77516,6-8,"6'8""",80.0,79.24,"6'7""",-0.76,plays_shorter,79.24,"6'7""",-0.76,plays_shorter
2026,Braxton Stacker,Southeast Missouri St.,77521,6-5,"6'5""",77.0,77.23,"6'5""",0.23,plays_at_height,77.23,"6'5""",0.23,plays_at_height
2026,Jaxon Edwards,IU Indy,77524,6-5,"6'5""",77.0,80.58,"6'9""",3.58,plays_taller,80.58,"6'9""",3.58,plays_taller
2026,Adam Hinton,Cornell,77539,6-5,"6'5""",77.0,76.55,"6'5""",-0.45,plays_at_height,76.55,"6'5""",-0.45,plays_at_height
2026,DJ Nix,Cornell,77540,6-6,"6'6""",78.0,77.13,"6'5""",-0.87,plays_shorter,77.13,"6'5""",-0.87,plays_shorter
2026,Carl Daughtery Jr.,UC Davis,77543,6-3,"6'3""",75.0,74.95,"6'3""",-0.05,plays_at_height,74.95,"6'3""",-0.05,plays_at_height
2026,Anthony Dell'Orso,Arizona,77545,6-6,"6'6""",78.0,76.52,"6'5""",-1.48,plays_shorter,76.52,"6'5""",-1.48,plays_shorter
2026,Tony Osburn,Nebraska Omaha,77547,6-2,"6'2""",74.0,74.43,"6'2""",0.43,plays_at_height,74.43,"6'2""",0.43,plays_at_height
2026,Josh Baldwin,Cornell,77548,6-5,"6'5""",77.0,78.71,"6'7""",1.71,plays_taller,78.71,"6'7""",1.71,plays_taller
2026,Larry Hughes II,Cal St. Northridge,77551,6-4,"6'4""",76.0,75.68,"6'4""",-0.32,plays_at_height,75.68,"6'4""",-0.32,plays_at_height
2026,Jalen Bolden,Texas St.,77555,6-4,"6'4""",76.0,76.17,"6'4""",0.17,plays_at_height,76.17,"6'4""",0.17,plays_at_height
2026,Garry Clark,Utah St.,77562,6-9,"6'9""",81.0,80.93,"6'9""",-0.07,plays_at_height,80.93,"6'9""",-0.07,plays_at_height
2026,Steven Jamerson II,UCLA,77571,6-10,"6'10""",82.0,81.98,"6'10""",-0.02,plays_at_height,81.98,"6'10""",-0.02,plays_at_height
2026,Andrew King,Youngstown St.,77578,6-3,"6'3""",75.0,76.85,"6'5""",1.85,plays_taller,76.85,"6'5""",1.85,plays_taller
2026,Corey Washington,SMU,77594,6-6,"6'6""",78.0,78.21,"6'6""",0.21,plays_at_height,78.21,"6'6""",0.21,plays_at_height
2026,Asjon Anderson,Alabama St.,77600,6-2,"6'2""",74.0,74.42,"6'2""",0.42,plays_at_height,74.42,"6'2""",0.42,plays_at_height
2026,Marcell McCreary,UT Arlington,77606,6-4,"6'4""",76.0,77.4,"6'5""",1.4,plays_taller,77.4,"6'5""",1.4,plays_taller
2026,Thierno Sylla,Memphis,77617,7-0,"7'0""",84.0,79.42,"6'7""",-4.58,plays_shorter,79.42,"6'7""",-4.58,plays_shorter
2026,Kellan Boylan,Lipscomb,77624,6-7,"6'7""",79.0,79.11,"6'7""",0.11,plays_at_height,79.11,"6'7""",0.11,plays_at_height
2026,Zytarious Mortle,Texas Southern,77629,6-2,"6'2""",74.0,77.16,"6'5""",3.16,plays_taller,77.16,"6'5""",3.16,plays_taller
2026,AK Okereke,Vanderbilt,77640,6-7,"6'7""",79.0,78.1,"6'6""",-0.9,plays_shorter,78.1,"6'6""",-0.9,plays_shorter
2026,Sola Adebisi,The Citadel,77656,6-7,"6'7""",79.0,80.69,"6'9""",1.69,plays_taller,80.69,"6'9""",1.69,plays_taller
2026,Ahmet Jonovic,Bradley,77661,7-1,"7'1""",85.0,81.48,"6'9""",-3.52,plays_shorter,81.48,"6'9""",-3.52,plays_shorter
2026,Janko Bulajic,Lamar,77665,6-10,"6'10""",82.0,79.85,"6'8""",-2.15,plays_shorter,79.85,"6'8""",-2.15,plays_shorter
2026,Ahmed Essahaty,Southeastern Louisiana,77667,6-3,"6'3""",75.0,75.69,"6'4""",0.69,plays_at_height,75.69,"6'4""",0.69,plays_at_height
2026,Emmanuel Okorafor,Wichita St.,77669,6-10,"6'10""",82.0,82.38,"6'10""",0.38,plays_at_height,82.38,"6'10""",0.38,plays_at_height
2026,Simeon Wilcher,Texas,77677,6-4,"6'4""",76.0,75.68,"6'4""",-0.32,plays_at_height,75.68,"6'4""",-0.32,plays_at_height
2026,Cameron Grant,Stanford,77678,6-7,"6'7""",79.0,75.12,"6'3""",-3.88,plays_shorter,75.12,"6'3""",-3.88,plays_shorter
2026,Kanaan Carlyle,Florida Atlantic,77679,6-3,"6'3""",75.0,75.34,"6'3""",0.34,plays_at_height,75.34,"6'3""",0.34,plays_at_height
2026,Shaquil Bender,Long Beach St.,77692,6-2,"6'2""",74.0,75.68,"6'4""",1.68,plays_taller,75.68,"6'4""",1.68,plays_taller
2026,Sean Newman Jr.,San Diego St.,77695,6-1,"6'1""",73.0,75.04,"6'3""",2.04,plays_taller,75.04,"6'3""",2.04,plays_taller
2026,Terri Miller Jr.,Portland St.,77697,6-8,"6'8""",80.0,77.87,"6'6""",-2.13,plays_shorter,77.87,"6'6""",-2.13,plays_shorter
2026,Jaylin Henderson,Portland St.,77698,6-3,"6'3""",75.0,77.52,"6'6""",2.52,plays_taller,77.52,"6'6""",2.52,plays_taller
2026,Belal El Shakery,New Hampshire,77699,6-8,"6'8""",80.0,80.2,"6'8""",0.2,plays_at_height,80.2,"6'8""",0.2,plays_at_height
2026,Jeremy Lorenz,DePaul,77700,6-8,"6'8""",80.0,80.09,"6'8""",0.09,plays_at_height,80.09,"6'8""",0.09,plays_at_height
2026,John Blackwell,Wisconsin,77702,6-4,"6'4""",76.0,76.2,"6'4""",0.2,plays_at_height,76.2,"6'4""",0.2,plays_at_height
2026,Jack Janicki,Wisconsin,77703,6-5,"6'5""",77.0,76.64,"6'5""",-0.36,plays_at_height,76.64,"6'5""",-0.36,plays_at_height
2026,Nolan Winter,Wisconsin,77704,7-0,"7'0""",84.0,82.07,"6'10""",-1.93,plays_shorter,82.07,"6'10""",-1.93,plays_shorter
2026,Gus Yalden,Vermont,77705,6-9,"6'9""",81.0,79.09,"6'7""",-1.91,plays_shorter,79.09,"6'7""",-1.91,plays_shorter
2026,Tre'shawn Sheppard,LIU,77706,6-6,"6'6""",78.0,79.9,"6'8""",1.9,plays_taller,79.9,"6'8""",1.9,plays_taller
2026,Deng Garang,Le Moyne,77707,6-6,"6'6""",78.0,77.99,"6'6""",-0.01,plays_at_height,77.99,"6'6""",-0.01,plays_at_height
2026,Eric Acker,La Salle,77708,6-2,"6'2""",74.0,75.07,"6'3""",1.07,plays_taller,75.07,"6'3""",1.07,plays_taller
2026,Jaylen Carey,Tennessee,77709,6-8,"6'8""",80.0,80.53,"6'9""",0.53,plays_at_height,80.53,"6'9""",0.53,plays_at_height
2026,AJ Dancler,Coastal Carolina,77710,6-2,"6'2""",74.0,75.55,"6'4""",1.55,plays_taller,75.55,"6'4""",1.55,plays_taller
2026,Omaha Biliew,Wake Forest,77711,6-8,"6'8""",80.0,77.99,"6'6""",-2.01,plays_shorter,77.99,"6'6""",-2.01,plays_shorter
2026,Milan Momcilovic,Iowa St.,77713,6-8,"6'8""",80.0,76.96,"6'5""",-3.04,plays_shorter,76.96,"6'5""",-3.04,plays_shorter
2026,JT Rock,New Mexico,77714,7-1,"7'1""",85.0,82.09,"6'10""",-2.91,plays_shorter,82.09,"6'10""",-2.91,plays_shorter
2026,Dani Pounds,Tennessee Tech,77719,6-8,"6'8""",80.0,81.27,"6'9""",1.27,plays_taller,81.27,"6'9""",1.27,plays_taller
2026,Grant Stubblefield,Nebraska Omaha,77720,6-1,"6'1""",73.0,76.81,"6'5""",3.81,plays_taller,76.81,"6'5""",3.81,plays_taller
2026,Josh Jones,North Dakota,77722,6-9,"6'9""",81.0,78.48,"6'6""",-2.52,plays_shorter,78.48,"6'6""",-2.52,plays_shorter
2026,Jamir Simpson,UTSA,77725,6-5,"6'5""",77.0,75.61,"6'4""",-1.39,plays_shorter,75.61,"6'4""",-1.39,plays_shorter
2026,Zach Bell,Southern Utah,77727,6-2,"6'2""",74.0,74.15,"6'2""",0.15,plays_at_height,74.15,"6'2""",0.15,plays_at_height
2026,Isaiah Manning,Sam Houston St.,77729,6-8,"6'8""",80.0,77.25,"6'5""",-2.75,plays_shorter,77.25,"6'5""",-2.75,plays_shorter
2026,Jace Posey,TCU,77730,6-5,"6'5""",77.0,78.59,"6'7""",1.59,plays_taller,78.59,"6'7""",1.59,plays_taller
2026,Bangot Dak,Colorado,77731,6-11,"6'11""",83.0,82.3,"6'10""",-0.7,plays_at_height,82.3,"6'10""",-0.7,plays_at_height
2026,Devin Curtis,Southern Indiana,77732,6-11,"6'11""",83.0,79.94,"6'8""",-3.06,plays_shorter,79.94,"6'8""",-3.06,plays_shorter
2026,Rodney Brown Jr.,Loyola Marymount,77733,6-6,"6'6""",78.0,75.05,"6'3""",-2.95,plays_shorter,75.05,"6'3""",-2.95,plays_shorter
2026,Augusto Cassia,Mississippi,77735,6-8,"6'8""",80.0,78.54,"6'7""",-1.46,plays_shorter,78.54,"6'7""",-1.46,plays_shorter
2026,Boden Kapke,Boston College,77736,6-11,"6'11""",83.0,78.4,"6'6""",-4.6,plays_shorter,78.4,"6'6""",-4.6,plays_shorter
2026,Finley Bizjack,Butler,77737,6-4,"6'4""",76.0,75.65,"6'4""",-0.35,plays_at_height,75.65,"6'4""",-0.35,plays_at_height
2026,Noah Melson,Fairleigh Dickinson,77738,6-6,"6'6""",78.0,74.99,"6'3""",-3.01,plays_shorter,74.99,"6'3""",-3.01,plays_shorter
2026,Bryan Ndjonga,Canisius,77740,6-9,"6'9""",81.0,78.55,"6'7""",-2.45,plays_shorter,78.55,"6'7""",-2.45,plays_shorter
2026,Collin Mulholland,Chattanooga,77741,6-10,"6'10""",82.0,77.15,"6'5""",-4.85,plays_shorter,77.15,"6'5""",-4.85,plays_shorter
2026,Malachi Davis,LIU,77749,6-4,"6'4""",76.0,76.19,"6'4""",0.19,plays_at_height,76.19,"6'4""",0.19,plays_at_height
2026,Nic McClain,Belmont,77750,6-3,"6'3""",75.0,77.03,"6'5""",2.03,plays_taller,77.03,"6'5""",2.03,plays_taller
2026,Isaiah Moses,Eastern Washington,77752,6-1,"6'1""",73.0,74.77,"6'3""",1.77,plays_taller,74.77,"6'3""",1.77,plays_taller
2026,Jeremiah Quigley,Binghamton,77754,5-11,"5'11""",71.0,75.29,"6'3""",4.29,plays_taller,75.29,"6'3""",4.29,plays_taller
2026,Jean Aranguren,George Washington,77755,6-3,"6'3""",75.0,77.34,"6'5""",2.34,plays_taller,77.34,"6'5""",2.34,plays_taller
2026,Gabe Cupps,Ohio St.,77756,6-2,"6'2""",74.0,75.68,"6'4""",1.68,plays_taller,75.68,"6'4""",1.68,plays_taller
2026,Jakai Newton,Georgia St.,77759,6-4,"6'4""",76.0,77.28,"6'5""",1.28,plays_taller,77.28,"6'5""",1.28,plays_taller
2026,Eli Shetlar,Drake,77761,6-6,"6'6""",78.0,76.65,"6'5""",-1.35,plays_shorter,76.65,"6'5""",-1.35,plays_shorter
2026,Jaden Daughtry,Richmond,77762,6-7,"6'7""",79.0,77.94,"6'6""",-1.06,plays_shorter,77.94,"6'6""",-1.06,plays_shorter
2026,Derek Vorst,Indiana St.,77763,6-10,"6'10""",82.0,79.22,"6'7""",-2.78,plays_shorter,79.22,"6'7""",-2.78,plays_shorter
2026,Jaland Lowe,Kentucky,77765,6-2,"6'2""",74.0,75.24,"6'3""",1.24,plays_taller,75.24,"6'3""",1.24,plays_taller
2026,Papa Amadou Kante,Pittsburgh,77769,6-10,"6'10""",82.0,80.62,"6'9""",-1.38,plays_shorter,80.62,"6'9""",-1.38,plays_shorter
2026,Vincent Delano,Northern Colorado,77770,6-2,"6'2""",74.0,75.31,"6'3""",1.31,plays_taller,75.31,"6'3""",1.31,plays_taller
2026,Collin Kuhl,Stetson,77772,6-8,"6'8""",80.0,80.14,"6'8""",0.14,plays_at_height,80.14,"6'8""",0.14,plays_at_height
2026,Eren Banks,Appalachian St.,77775,6-4,"6'4""",76.0,75.89,"6'4""",-0.11,plays_at_height,75.89,"6'4""",-0.11,plays_at_height
2026,Ibrahim Souare,Syracuse,77777,6-9,"6'9""",81.0,82.01,"6'10""",1.01,plays_taller,82.01,"6'10""",1.01,plays_taller
2026,Naithan George,Syracuse,77779,6-3,"6'3""",75.0,75.23,"6'3""",0.23,plays_at_height,75.23,"6'3""",0.23,plays_at_height
2026,Avantae Parker,Queens,77780,6-9,"6'9""",81.0,82.34,"6'10""",1.34,plays_taller,82.34,"6'10""",1.34,plays_taller
2026,Keyshawn Mitchell,VCU,77783,6-11,"6'11""",83.0,79.29,"6'7""",-3.71,plays_shorter,79.29,"6'7""",-3.71,plays_shorter
2026,Almar Atlason,Miami OH,77785,6-8,"6'8""",80.0,77.02,"6'5""",-2.98,plays_shorter,77.02,"6'5""",-2.98,plays_shorter
2026,Aaron Davis,Bryant,77786,6-7,"6'7""",79.0,76.83,"6'5""",-2.17,plays_shorter,76.83,"6'5""",-2.17,plays_shorter
2026,Demarion Burch,Bradley,77788,6-4,"6'4""",76.0,74.96,"6'3""",-1.04,plays_shorter,74.96,"6'3""",-1.04,plays_shorter
2026,Shaedon Simpson,Saint Peter's,77790,6-6,"6'6""",78.0,76.39,"6'4""",-1.61,plays_shorter,76.39,"6'4""",-1.61,plays_shorter
2026,Bryce Eaton,Saint Peter's,77792,6-0,"6'0""",72.0,74.88,"6'3""",2.88,plays_taller,74.88,"6'3""",2.88,plays_taller
2026,"Darin Smith, Jr.",Central Connecticut,77794,6-7,"6'7""",79.0,76.88,"6'5""",-2.12,plays_shorter,76.88,"6'5""",-2.12,plays_shorter
2026,Ayomide Bamisile,Louisiana Monroe,77801,6-7,"6'7""",79.0,79.47,"6'7""",0.47,plays_at_height,79.47,"6'7""",0.47,plays_at_height
2026,Trey Horton,UTEP,77802,6-5,"6'5""",77.0,74.91,"6'3""",-2.09,plays_shorter,74.91,"6'3""",-2.09,plays_shorter
2026,David Terrell Jr.,North Texas,77803,6-4,"6'4""",76.0,77.69,"6'6""",1.69,plays_taller,77.69,"6'6""",1.69,plays_taller
2026,Jake Wahlin,Clemson,77806,6-10,"6'10""",82.0,77.96,"6'6""",-4.04,plays_shorter,77.96,"6'6""",-4.04,plays_shorter
2026,Jayden Teat,Sacramento St.,77807,6-2,"6'2""",74.0,73.43,"6'1""",-0.57,plays_at_height,73.43,"6'1""",-0.57,plays_at_height
2026,Marqueas Bell,Southeast Missouri St.,77809,6-3,"6'3""",75.0,78.79,"6'7""",3.79,plays_taller,78.79,"6'7""",3.79,plays_taller
2026,Dontae Horne,Prairie View A&M,77810,6-4,"6'4""",76.0,77.15,"6'5""",1.15,plays_taller,77.15,"6'5""",1.15,plays_taller
2026,Kwo Agwa,UT Rio Grande Valley,77815,6-6,"6'6""",78.0,79.71,"6'8""",1.71,plays_taller,79.71,"6'8""",1.71,plays_taller
2026,Terrence Brown,Utah,77821,6-3,"6'3""",75.0,76.81,"6'5""",1.81,plays_taller,76.81,"6'5""",1.81,plays_taller
2026,Chuck Bailey III,Nevada,77823,6-4,"6'4""",76.0,76.53,"6'5""",0.53,plays_at_height,76.53,"6'5""",0.53,plays_at_height
2026,Joshua Hughes,Evansville,77826,6-10,"6'10""",82.0,77.98,"6'6""",-4.02,plays_shorter,77.98,"6'6""",-4.02,plays_shorter
2026,Corey Hadnot II,Purdue Fort Wayne,77833,6-3,"6'3""",75.0,77.4,"6'5""",2.4,plays_taller,77.4,"6'5""",2.4,plays_taller
2026,Myles Colvin,Wake Forest,77834,6-5,"6'5""",77.0,78.23,"6'6""",1.23,plays_taller,78.23,"6'6""",1.23,plays_taller
2026,Marcus Hill,Texas A&M,77837,6-3,"6'3""",75.0,76.55,"6'5""",1.55,plays_taller,76.55,"6'5""",1.55,plays_taller
2026,Keonte Jones,Dayton,77842,6-6,"6'6""",78.0,80.3,"6'8""",2.3,plays_taller,80.3,"6'8""",2.3,plays_taller
2026,Mahmoud Fofana,Cal St. Northridge,77843,6-6,"6'6""",78.0,80.49,"6'8""",2.49,plays_taller,80.49,"6'8""",2.49,plays_taller
2026,Joel Armotrading,Nevada,77845,6-10,"6'10""",82.0,81.34,"6'9""",-0.66,plays_at_height,81.34,"6'9""",-0.66,plays_at_height
2026,Jacob Meyer,UAB,77847,6-2,"6'2""",74.0,76.37,"6'4""",2.37,plays_taller,76.37,"6'4""",2.37,plays_taller
2026,Adam Clark,Seton Hall,77849,5-10,"5'10""",70.0,75.48,"6'3""",5.48,plays_taller,75.48,"6'3""",5.48,plays_taller
2026,Mason Jones,Ball St.,77853,6-7,"6'7""",79.0,76.83,"6'5""",-2.17,plays_shorter,76.83,"6'5""",-2.17,plays_shorter
2026,Omar Adegbola,Northwestern St.,77856,6-4,"6'4""",76.0,75.09,"6'3""",-0.91,plays_shorter,75.09,"6'3""",-0.91,plays_shorter
2026,Chrishawn Christmas,Stephen F. Austin,77863,6-5,"6'5""",77.0,79.1,"6'7""",2.1,plays_taller,79.1,"6'7""",2.1,plays_taller
2026,Toyaz Solomon,UNC Asheville,77865,6-9,"6'9""",81.0,79.62,"6'8""",-1.38,plays_shorter,79.62,"6'8""",-1.38,plays_shorter
2026,Josiah Hammons,Illinois Chicago,77868,6-2,"6'2""",74.0,74.39,"6'2""",0.39,plays_at_height,74.39,"6'2""",0.39,plays_at_height
2026,Tidjiane Dioumassi,Western Carolina,77869,6-4,"6'4""",76.0,75.07,"6'3""",-0.93,plays_shorter,75.07,"6'3""",-0.93,plays_shorter
2026,Jaylen Jones,Jacksonville,77871,6-0,"6'0""",72.0,76.78,"6'5""",4.78,plays_taller,76.78,"6'5""",4.78,plays_taller
2026,Drew Scharnowski,Belmont,77872,6-9,"6'9""",81.0,84.3,"7'0""",3.3,plays_taller,84.3,"7'0""",3.3,plays_taller
2026,Mac Wrecke,Green Bay,77879,6-5,"6'5""",77.0,77.03,"6'5""",0.03,plays_at_height,77.03,"6'5""",0.03,plays_at_height
2026,Blake Buchanan,Iowa St.,77881,6-10,"6'10""",82.0,83.51,"7'0""",1.51,plays_taller,83.51,"7'0""",1.51,plays_taller
2026,Seth Joba,Idaho,77883,6-9,"6'9""",81.0,78.92,"6'7""",-2.08,plays_shorter,78.92,"6'7""",-2.08,plays_shorter
2026,Noah Barnett,Vermont,77884,6-9,"6'9""",81.0,79.97,"6'8""",-1.03,plays_shorter,79.97,"6'8""",-1.03,plays_shorter
2026,Owen Freeman,Creighton,77886,6-10,"6'10""",82.0,82.48,"6'10""",0.48,plays_at_height,82.48,"6'10""",0.48,plays_at_height
2026,Jason Rivera-Torres,Monmouth,77889,6-7,"6'7""",79.0,79.64,"6'8""",0.64,plays_at_height,79.64,"6'8""",0.64,plays_at_height
2026,"JaQualon ""JQ"" Roberts",Davidson,77890,6-8,"6'8""",80.0,79.8,"6'8""",-0.2,plays_at_height,79.8,"6'8""",-0.2,plays_at_height
2026,DaJohn Craig,Coastal Carolina,77891,6-1,"6'1""",73.0,75.7,"6'4""",2.7,plays_taller,75.7,"6'4""",2.7,plays_taller
2026,Jeremy Fears Jr.,Michigan St.,77892,6-2,"6'2""",74.0,76.3,"6'4""",2.3,plays_taller,76.3,"6'4""",2.3,plays_taller
2026,Josh Lee,Denver,77897,6-3,"6'3""",75.0,75.47,"6'3""",0.47,plays_at_height,75.47,"6'3""",0.47,plays_at_height
2026,Jasper Floyd,West Virginia,77900,6-3,"6'3""",75.0,76.34,"6'4""",1.34,plays_taller,76.34,"6'4""",1.34,plays_taller
2026,Nakyel Shelton,Loyola Marymount,77901,6-3,"6'3""",75.0,75.38,"6'3""",0.38,plays_at_height,75.38,"6'3""",0.38,plays_at_height
2026,Takai Simpkins,Oregon,77902,6-4,"6'4""",76.0,76.54,"6'5""",0.54,plays_at_height,76.54,"6'5""",0.54,plays_at_height
2026,Jayden Ross,Connecticut,77905,6-7,"6'7""",79.0,79.07,"6'7""",0.07,plays_at_height,79.07,"6'7""",0.07,plays_at_height
2026,Fred Payne,Boston College,77909,6-1,"6'1""",73.0,76.75,"6'5""",3.75,plays_taller,76.75,"6'5""",3.75,plays_taller
2026,Errol White,Lamar,77911,6-7,"6'7""",79.0,78.94,"6'7""",-0.06,plays_at_height,78.94,"6'7""",-0.06,plays_at_height
2026,Emmanuel Ugbo,Washington St.,77912,6-8,"6'8""",80.0,77.42,"6'5""",-2.58,plays_shorter,77.42,"6'5""",-2.58,plays_shorter
2026,Kevin Patton Jr.,New Mexico,77913,6-8,"6'8""",80.0,77.0,"6'5""",-3.0,plays_shorter,77.0,"6'5""",-3.0,plays_shorter
2026,Bilal Abdur-Rahman,Alabama A&M,77916,5-11,"5'11""",71.0,74.96,"6'3""",3.96,plays_taller,74.96,"6'3""",3.96,plays_taller
2026,TJ Biel,Maine,77919,6-9,"6'9""",81.0,78.41,"6'6""",-2.59,plays_shorter,78.41,"6'6""",-2.59,plays_shorter
2026,Malek Gomma,Weber St.,77929,6-8,"6'8""",80.0,80.08,"6'8""",0.08,plays_at_height,80.08,"6'8""",0.08,plays_at_height
2026,Will Heimbrodt,Seattle,77930,6-7,"6'7""",79.0,80.91,"6'9""",1.91,plays_taller,80.91,"6'9""",1.91,plays_taller
2026,David Tubek,UTEP,77931,6-7,"6'7""",79.0,76.23,"6'4""",-2.77,plays_shorter,76.23,"6'4""",-2.77,plays_shorter
2026,Isaiah Coleman,Oklahoma St.,77932,6-5,"6'5""",77.0,78.42,"6'6""",1.42,plays_taller,78.42,"6'6""",1.42,plays_taller
2026,Bukky Oboye,Santa Clara,77933,7-1,"7'1""",85.0,83.56,"7'0""",-1.44,plays_shorter,83.56,"7'0""",-1.44,plays_shorter
2026,Luke McEldon,Mount St. Mary's,77935,6-10,"6'10""",82.0,80.32,"6'8""",-1.68,plays_shorter,80.32,"6'8""",-1.68,plays_shorter
2026,Isaac Bruns,South Dakota,77936,6-5,"6'5""",77.0,76.05,"6'4""",-0.95,plays_shorter,76.05,"6'4""",-0.95,plays_shorter
2026,Shey Eberwein,South Dakota,77937,6-5,"6'5""",77.0,76.38,"6'4""",-0.62,plays_at_height,76.38,"6'4""",-0.62,plays_at_height
2026,Josh Scovens,Davidson,77938,6-6,"6'6""",78.0,78.82,"6'7""",0.82,plays_taller,78.82,"6'7""",0.82,plays_taller
2026,Zach Halligan,Akron,77939,6-4,"6'4""",76.0,76.89,"6'5""",0.89,plays_taller,76.89,"6'5""",0.89,plays_taller
2026,Marvin Musiime-Kamali,Akron,77940,6-6,"6'6""",78.0,78.59,"6'7""",0.59,plays_at_height,78.59,"6'7""",0.59,plays_at_height
2026,Luke Wilson,Appalachian St.,77941,6-9,"6'9""",81.0,84.4,"7'0""",3.4,plays_taller,84.4,"7'0""",3.4,plays_taller
2026,Jordan Marsh,USC,77942,5-11,"5'11""",71.0,74.99,"6'3""",3.99,plays_taller,74.99,"6'3""",3.99,plays_taller
2026,Ma'Shy Hill,Abilene Christian,77944,6-10,"6'10""",82.0,78.73,"6'7""",-3.27,plays_shorter,78.73,"6'7""",-3.27,plays_shorter
2026,Darrion Baker,SIU Edwardsville,77945,6-8,"6'8""",80.0,77.79,"6'6""",-2.21,plays_shorter,77.79,"6'6""",-2.21,plays_shorter
2026,Tyran Cook,Western Illinois,77948,6-2,"6'2""",74.0,75.04,"6'3""",1.04,plays_taller,75.04,"6'3""",1.04,plays_taller
2026,Koree Cotton,UT Rio Grande Valley,77950,6-6,"6'6""",78.0,79.5,"6'8""",1.5,plays_taller,79.5,"6'8""",1.5,plays_taller
2026,Michael Belle,VCU,77951,6-8,"6'8""",80.0,79.37,"6'7""",-0.63,plays_at_height,79.37,"6'7""",-0.63,plays_at_height
2026,AJ Clark,VMI,77952,6-4,"6'4""",76.0,78.51,"6'7""",2.51,plays_taller,78.51,"6'7""",2.51,plays_taller
2026,Walker Andrews,VMI,77955,6-1,"6'1""",73.0,73.52,"6'2""",0.52,plays_at_height,73.52,"6'2""",0.52,plays_at_height
2026,Greg Gordon,LIU,77959,6-5,"6'5""",77.0,81.28,"6'9""",4.28,plays_taller,81.28,"6'9""",4.28,plays_taller
2026,Augustinas Kiudulas,Colorado St.,77960,6-8,"6'8""",80.0,77.79,"6'6""",-2.21,plays_shorter,77.79,"6'6""",-2.21,plays_shorter
2026,Julius Mims,New Mexico St.,77961,6-9,"6'9""",81.0,81.39,"6'9""",0.39,plays_at_height,81.39,"6'9""",0.39,plays_at_height
2026,Tyler Mrus,BYU,77962,6-7,"6'7""",79.0,73.64,"6'2""",-5.36,plays_shorter,73.64,"6'2""",-5.36,plays_shorter
2026,Quinn Denker,Northern Colorado,77963,6-3,"6'3""",75.0,76.26,"6'4""",1.26,plays_taller,76.26,"6'4""",1.26,plays_taller
2026,Eli Rice,Penn St.,77967,6-8,"6'8""",80.0,74.58,"6'3""",-5.42,plays_shorter,74.58,"6'3""",-5.42,plays_shorter
2026,Marcel Bryant,Prairie View A&M,77968,6-7,"6'7""",79.0,77.73,"6'6""",-1.27,plays_shorter,77.73,"6'6""",-1.27,plays_shorter
2026,Leeroy Odiahi,Western Kentucky,77978,6-11,"6'11""",83.0,78.57,"6'7""",-4.43,plays_shorter,78.57,"6'7""",-4.43,plays_shorter
2026,Jailen Bedford,Virginia Tech,77980,6-4,"6'4""",76.0,76.73,"6'5""",0.73,plays_at_height,76.73,"6'5""",0.73,plays_at_height
2026,Tariq Francis,Rutgers,77981,6-1,"6'1""",73.0,74.73,"6'3""",1.73,plays_taller,74.73,"6'3""",1.73,plays_taller
2026,Cornelius Robinson Jr.,Monmouth,77984,6-6,"6'6""",78.0,77.24,"6'5""",-0.76,plays_shorter,77.24,"6'5""",-0.76,plays_shorter
2026,Sebastian Robinson,NJIT,77990,6-1,"6'1""",73.0,76.11,"6'4""",3.11,plays_taller,76.11,"6'4""",3.11,plays_taller
2026,Brady Dunlap,Saint Louis,77991,6-7,"6'7""",79.0,76.27,"6'4""",-2.73,plays_shorter,76.27,"6'4""",-2.73,plays_shorter
2026,Miles Rose,Albany,77993,6-4,"6'4""",76.0,74.11,"6'2""",-1.89,plays_shorter,74.11,"6'2""",-1.89,plays_shorter
2026,Kennard Davis Jr.,BYU,77996,6-6,"6'6""",78.0,76.49,"6'4""",-1.51,plays_shorter,76.49,"6'4""",-1.51,plays_shorter
2026,Sheridan Sharp,Southern Indiana,77997,6-3,"6'3""",75.0,75.63,"6'4""",0.63,plays_at_height,75.63,"6'4""",0.63,plays_at_height
2026,BJ Ward,Southeast Missouri St.,77999,6-0,"6'0""",72.0,74.27,"6'2""",2.27,plays_taller,74.27,"6'2""",2.27,plays_taller
2026,Kachi Nzeh,Little Rock,78000,6-8,"6'8""",80.0,78.5,"6'6""",-1.5,plays_shorter,78.5,"6'6""",-1.5,plays_shorter
2026,Kamari Jones,Cleveland St.,78001,6-4,"6'4""",76.0,74.04,"6'2""",-1.96,plays_shorter,74.04,"6'2""",-1.96,plays_shorter
2026,Dailyn Swain,Texas,78002,6-8,"6'8""",80.0,80.4,"6'8""",0.4,plays_at_height,80.4,"6'8""",0.4,plays_at_height
2026,Osiris Grady,UC Riverside,78010,6-9,"6'9""",81.0,78.57,"6'7""",-2.43,plays_shorter,78.57,"6'7""",-2.43,plays_shorter
2026,Kahlil Singleton,Canisius,78011,6-3,"6'3""",75.0,74.38,"6'2""",-0.62,plays_at_height,74.38,"6'2""",-0.62,plays_at_height
2026,DeAndre Williams,Holy Cross,78014,6-3,"6'3""",75.0,74.92,"6'3""",-0.08,plays_at_height,74.92,"6'3""",-0.08,plays_at_height
2026,KiJan Robinson,New Hampshire,78016,6-3,"6'3""",75.0,74.11,"6'2""",-0.89,plays_shorter,74.11,"6'2""",-0.89,plays_shorter
2026,Silas Demary Jr.,Connecticut,78017,6-4,"6'4""",76.0,77.91,"6'6""",1.91,plays_taller,77.91,"6'6""",1.91,plays_taller
2026,Dylan James,Georgia,78018,6-9,"6'9""",81.0,80.11,"6'8""",-0.89,plays_shorter,80.11,"6'8""",-0.89,plays_shorter
2026,Joe Nugent,Holy Cross,78019,6-6,"6'6""",78.0,76.62,"6'5""",-1.38,plays_shorter,76.62,"6'5""",-1.38,plays_shorter
2026,Jordan Clayton,Northwestern,78022,6-2,"6'2""",74.0,75.47,"6'3""",1.47,plays_taller,75.47,"6'3""",1.47,plays_taller
2026,Dez White,Oregon St.,78023,6-2,"6'2""",74.0,74.2,"6'2""",0.2,plays_at_height,74.2,"6'2""",0.2,plays_at_height
2026,Blake Barkley,East Tennessee St.,78024,6-7,"6'7""",79.0,79.09,"6'7""",0.09,plays_at_height,79.09,"6'7""",0.09,plays_at_height
2026,Dennis Evans,Grand Canyon,78026,7-1,"7'1""",85.0,84.78,"7'1""",-0.22,plays_at_height,84.78,"7'1""",-0.22,plays_at_height
2026,Curtis Williams Jr.,Tulane,78027,6-6,"6'6""",78.0,76.73,"6'5""",-1.27,plays_shorter,76.73,"6'5""",-1.27,plays_shorter
2026,Ty-Laur Johnson,San Diego,78028,6-0,"6'0""",72.0,76.18,"6'4""",4.18,plays_taller,76.18,"6'4""",4.18,plays_taller
2026,Joshua Ingram,Lehigh,78031,6-4,"6'4""",76.0,78.06,"6'6""",2.06,plays_taller,78.06,"6'6""",2.06,plays_taller
2026,Jake Pike,Lehigh,78034,6-8,"6'8""",80.0,78.44,"6'6""",-1.56,plays_shorter,78.44,"6'6""",-1.56,plays_shorter
2026,Cam Gillus,Howard,78036,5-11,"5'11""",71.0,75.61,"6'4""",4.61,plays_taller,75.61,"6'4""",4.61,plays_taller
2026,George Marshall,Morehead St.,78039,6-4,"6'4""",76.0,77.01,"6'5""",1.01,plays_taller,77.01,"6'5""",1.01,plays_taller
2026,Jeremiah Burke,Denver,78043,6-7,"6'7""",79.0,76.5,"6'4""",-2.5,plays_shorter,76.5,"6'4""",-2.5,plays_shorter
2026,De'Shayne Montgomery,Dayton,78048,6-4,"6'4""",76.0,79.53,"6'8""",3.53,plays_taller,79.53,"6'8""",3.53,plays_taller
2026,George Washington III,Florida Gulf Coast,78050,6-2,"6'2""",74.0,71.45,"5'11""",-2.55,plays_shorter,71.45,"5'11""",-2.55,plays_shorter
2026,Chris Loofe,Middle Tennessee,78055,6-11,"6'11""",83.0,80.93,"6'9""",-2.07,plays_shorter,80.93,"6'9""",-2.07,plays_shorter
2026,Bailey Nunn,Cal St. Fullerton,78058,6-0,"6'0""",72.0,74.02,"6'2""",2.02,plays_taller,74.02,"6'2""",2.02,plays_taller
2026,Alvaro Folgueiras,Iowa,78063,6-10,"6'10""",82.0,79.8,"6'8""",-2.2,plays_shorter,79.8,"6'8""",-2.2,plays_shorter
2026,CJ Beaumont,Sam Houston St.,78065,6-8,"6'8""",80.0,78.56,"6'7""",-1.44,plays_shorter,78.56,"6'7""",-1.44,plays_shorter
2026,Armoni Zeigler,Ball St.,78066,6-4,"6'4""",76.0,77.46,"6'5""",1.46,plays_taller,77.46,"6'5""",1.46,plays_taller
2026,Solomon Callaghan,Wright St.,78069,6-2,"6'2""",74.0,74.36,"6'2""",0.36,plays_at_height,74.36,"6'2""",0.36,plays_at_height
2026,Parker Gerrits,Washington St.,78070,6-1,"6'1""",73.0,76.12,"6'4""",3.12,plays_taller,76.12,"6'4""",3.12,plays_taller
2026,Isaiah Watts,Maryland,78071,6-3,"6'3""",75.0,76.16,"6'4""",1.16,plays_taller,76.16,"6'4""",1.16,plays_taller
2026,Myles Rigsby,Tulsa,78076,6-6,"6'6""",78.0,77.55,"6'6""",-0.45,plays_at_height,77.55,"6'6""",-0.45,plays_at_height
2026,Victor Valdes,Troy,78077,6-7,"6'7""",79.0,77.04,"6'5""",-1.96,plays_shorter,77.04,"6'5""",-1.96,plays_shorter
2026,Thomas Dowd,Troy,78078,6-8,"6'8""",80.0,80.54,"6'9""",0.54,plays_at_height,80.54,"6'9""",0.54,plays_at_height
2026,Marcus Rigsby Jr.,UT Arlington,78079,6-3,"6'3""",75.0,76.46,"6'4""",1.46,plays_taller,76.46,"6'4""",1.46,plays_taller
2026,Maki Johnson,East Tennessee St.,78083,6-4,"6'4""",76.0,77.05,"6'5""",1.05,plays_taller,77.05,"6'5""",1.05,plays_taller
2026,Jaden Harris,Kennesaw St.,78084,6-4,"6'4""",76.0,73.58,"6'2""",-2.42,plays_shorter,73.58,"6'2""",-2.42,plays_shorter
2026,Jamal Albritton,North Alabama,78088,6-9,"6'9""",81.0,81.05,"6'9""",0.05,plays_at_height,81.05,"6'9""",0.05,plays_at_height
2026,Jake Davis,Illinois,78089,6-6,"6'6""",78.0,75.96,"6'4""",-2.04,plays_shorter,75.96,"6'4""",-2.04,plays_shorter
2026,Michael Nwoko,LSU,78090,6-10,"6'10""",82.0,82.57,"6'11""",0.57,plays_at_height,82.57,"6'11""",0.57,plays_at_height
2026,David Thomas,Richmond,78091,6-2,"6'2""",74.0,74.18,"6'2""",0.18,plays_at_height,74.18,"6'2""",0.18,plays_at_height
2026,Jerone Morton,Washington St.,78092,6-4,"6'4""",76.0,75.35,"6'3""",-0.65,plays_at_height,75.35,"6'3""",-0.65,plays_at_height
2026,Mikey Williams,Sacramento St.,78093,6-3,"6'3""",75.0,76.05,"6'4""",1.05,plays_taller,76.05,"6'4""",1.05,plays_taller
2026,Anthony Benard,Canisius,78095,6-0,"6'0""",72.0,74.18,"6'2""",2.18,plays_taller,74.18,"6'2""",2.18,plays_taller
2026,Ashton Hardaway,Memphis,78096,6-8,"6'8""",80.0,77.91,"6'6""",-2.09,plays_shorter,77.91,"6'6""",-2.09,plays_shorter
2026,Eddie Ricks III,James Madison,78098,6-7,"6'7""",79.0,79.25,"6'7""",0.25,plays_at_height,79.25,"6'7""",0.25,plays_at_height
2026,Tyler Ringgold,Tulane,78099,6-8,"6'8""",80.0,78.76,"6'7""",-1.24,plays_shorter,78.76,"6'7""",-1.24,plays_shorter
2026,Bryce Lindsay,Villanova,78100,6-3,"6'3""",75.0,74.7,"6'3""",-0.3,plays_at_height,74.7,"6'3""",-0.3,plays_at_height
2026,Chris Fields Jr.,Campbell,78101,6-7,"6'7""",79.0,80.43,"6'8""",1.43,plays_taller,80.43,"6'8""",1.43,plays_taller
2026,Jordan Leaks,Norfolk St.,78102,6-3,"6'3""",75.0,76.67,"6'5""",1.67,plays_taller,76.67,"6'5""",1.67,plays_taller
2026,Rashaud Marshall,Austin Peay,78105,6-8,"6'8""",80.0,81.51,"6'10""",1.51,plays_taller,81.51,"6'10""",1.51,plays_taller
2026,Jordan Pickett,SIU Edwardsville,78108,6-3,"6'3""",75.0,75.04,"6'3""",0.04,plays_at_height,75.04,"6'3""",0.04,plays_at_height
2026,Eli Wilborn,James Madison,78112,6-8,"6'8""",80.0,83.0,"6'11""",3.0,plays_taller,83.0,"6'11""",3.0,plays_taller
2026,Miles Heide,San Diego St.,78114,6-10,"6'10""",82.0,81.23,"6'9""",-0.77,plays_shorter,81.23,"6'9""",-0.77,plays_shorter
2026,BJ Davis,San Diego St.,78115,6-2,"6'2""",74.0,77.45,"6'5""",3.45,plays_taller,77.45,"6'5""",3.45,plays_taller
2026,Kam Burton,Stephen F. Austin,78118,6-3,"6'3""",75.0,73.88,"6'2""",-1.12,plays_shorter,73.88,"6'2""",-1.12,plays_shorter
2026,Malachi Brown,Georgia St.,78119,6-1,"6'1""",73.0,74.76,"6'3""",1.76,plays_taller,74.76,"6'3""",1.76,plays_taller
2026,Eli DeLaurier,East Carolina,78120,6-10,"6'10""",82.0,75.9,"6'4""",-6.1,plays_shorter,75.9,"6'4""",-6.1,plays_shorter
2026,Tan Yildizoglu,VMI,78121,6-4,"6'4""",76.0,74.86,"6'3""",-1.14,plays_shorter,74.86,"6'3""",-1.14,plays_shorter
2026,Jerry Deng,N.C. State,78131,6-9,"6'9""",81.0,76.41,"6'4""",-4.59,plays_shorter,76.41,"6'4""",-4.59,plays_shorter
2026,Chris Johnson,UCF,78133,6-5,"6'5""",77.0,76.29,"6'4""",-0.71,plays_at_height,76.29,"6'4""",-0.71,plays_at_height
2026,Devon Pryor,Oregon,78136,6-7,"6'7""",79.0,77.71,"6'6""",-1.29,plays_shorter,77.71,"6'6""",-1.29,plays_shorter
2026,Alex Doyle,Stetson,78137,6-9,"6'9""",81.0,75.32,"6'3""",-5.68,plays_shorter,75.32,"6'3""",-5.68,plays_shorter
2026,Jordan Ross,Georgia,78140,6-3,"6'3""",75.0,75.57,"6'4""",0.57,plays_at_height,75.57,"6'4""",0.57,plays_at_height
2026,Tucker Anderson,Utah St.,78142,6-9,"6'9""",81.0,76.69,"6'5""",-4.31,plays_shorter,76.69,"6'5""",-4.31,plays_shorter
2026,AC Bryant,Jacksonville St.,78147,6-3,"6'3""",75.0,76.17,"6'4""",1.17,plays_taller,76.17,"6'4""",1.17,plays_taller
2026,Javion Guy-King,Central Arkansas,78149,6-6,"6'6""",78.0,76.94,"6'5""",-1.06,plays_shorter,76.94,"6'5""",-1.06,plays_shorter
2026,Logan Carey,Maine,78152,6-3,"6'3""",75.0,76.92,"6'5""",1.92,plays_taller,76.92,"6'5""",1.92,plays_taller
2026,Aaron McBride,Loyola Marymount,78153,6-6,"6'6""",78.0,79.54,"6'8""",1.54,plays_taller,79.54,"6'8""",1.54,plays_taller
2026,Tre Norman,Marquette,78154,6-4,"6'4""",76.0,77.8,"6'6""",1.8,plays_taller,77.8,"6'6""",1.8,plays_taller
2026,Isaac Bonilla,Maine,78155,6-0,"6'0""",72.0,73.17,"6'1""",1.17,plays_taller,73.17,"6'1""",1.17,plays_taller
2026,Zaide Lowery,Marquette,78157,6-5,"6'5""",77.0,76.52,"6'5""",-0.48,plays_at_height,76.52,"6'5""",-0.48,plays_at_height
2026,Jahnathan Lamothe,UNC Wilmington,78158,6-4,"6'4""",76.0,74.65,"6'3""",-1.35,plays_shorter,74.65,"6'3""",-1.35,plays_shorter
2026,Michael Teal,Maryland Eastern Shore,78161,6-1,"6'1""",73.0,75.92,"6'4""",2.92,plays_taller,75.92,"6'4""",2.92,plays_taller
2026,James Morrow,South Carolina St.,78162,6-8,"6'8""",80.0,78.45,"6'6""",-1.55,plays_shorter,78.45,"6'6""",-1.55,plays_shorter
2026,Wilson Dubinsky,Marshall,78163,6-3,"6'3""",75.0,74.7,"6'3""",-0.3,plays_at_height,74.7,"6'3""",-0.3,plays_at_height
2026,Corey Miller,Monmouth,78167,6-2,"6'2""",74.0,74.57,"6'3""",0.57,plays_at_height,74.57,"6'3""",0.57,plays_at_height
2026,Danny Stephens,Western Illinois,78168,6-7,"6'7""",79.0,75.79,"6'4""",-3.21,plays_shorter,75.79,"6'4""",-3.21,plays_shorter
2026,Trent Pierce,Missouri,78169,6-10,"6'10""",82.0,77.56,"6'6""",-4.44,plays_shorter,77.56,"6'6""",-4.44,plays_shorter
2026,Rory Hawke,Saint Mary's,78174,6-5,"6'5""",77.0,76.83,"6'5""",-0.17,plays_at_height,76.83,"6'5""",-0.17,plays_at_height
2026,Freddie Dilione V,Penn St.,78175,6-5,"6'5""",77.0,76.9,"6'5""",-0.1,plays_at_height,76.9,"6'5""",-0.1,plays_at_height
2026,Jordan Pennick,Navy,78178,5-11,"5'11""",71.0,74.59,"6'3""",3.59,plays_taller,74.59,"6'3""",3.59,plays_taller
2026,Jinwoo Kim,Navy,78181,6-2,"6'2""",74.0,75.83,"6'4""",1.83,plays_taller,75.83,"6'4""",1.83,plays_taller
2026,Cam Cole,Navy,78182,6-1,"6'1""",73.0,76.98,"6'5""",3.98,plays_taller,76.98,"6'5""",3.98,plays_taller
2026,Kyle Pock,Northern Iowa,78186,6-6,"6'6""",78.0,74.73,"6'3""",-3.27,plays_shorter,74.73,"6'3""",-3.27,plays_shorter
2026,Kade Douglas,Tarleton St.,78187,6-0,"6'0""",72.0,74.5,"6'2""",2.5,plays_taller,74.5,"6'2""",2.5,plays_taller
2026,RJ Taylor,Northern Iowa,78189,5-11,"5'11""",71.0,74.82,"6'3""",3.82,plays_taller,74.82,"6'3""",3.82,plays_taller
2026,Layden Blocker,DePaul,78192,6-2,"6'2""",74.0,76.67,"6'5""",2.67,plays_taller,76.67,"6'5""",2.67,plays_taller
2026,Makaih Williams,Grand Canyon,78194,6-1,"6'1""",73.0,76.64,"6'5""",3.64,plays_taller,76.64,"6'5""",3.64,plays_taller
2026,Stephen Byard,Chicago St.,78203,6-8,"6'8""",80.0,79.28,"6'7""",-0.72,plays_at_height,79.28,"6'7""",-0.72,plays_at_height
2026,Djahi Binet,Southern Miss,78207,6-7,"6'7""",79.0,82.03,"6'10""",3.03,plays_taller,82.03,"6'10""",3.03,plays_taller
2026,Jalyke Gaines-Wyatt,Hampton,78211,6-0,"6'0""",72.0,74.48,"6'2""",2.48,plays_taller,74.48,"6'2""",2.48,plays_taller
2026,Seydou Traore,Utah,78212,6-7,"6'7""",79.0,76.53,"6'5""",-2.47,plays_shorter,76.53,"6'5""",-2.47,plays_shorter
2026,Braeden Shrewsberry,Notre Dame,78215,6-4,"6'4""",76.0,74.29,"6'2""",-1.71,plays_shorter,74.29,"6'2""",-1.71,plays_shorter
2026,Carey Booth,Colorado St.,78216,6-10,"6'10""",82.0,81.57,"6'10""",-0.43,plays_at_height,81.57,"6'10""",-0.43,plays_at_height
2026,Christian Jones,George Washington,78217,6-2,"6'2""",74.0,76.47,"6'4""",2.47,plays_taller,76.47,"6'4""",2.47,plays_taller
2026,Markus Burton,Notre Dame,78218,6-0,"6'0""",72.0,75.34,"6'3""",3.34,plays_taller,75.34,"6'3""",3.34,plays_taller
2026,Logan Imes,Notre Dame,78219,6-4,"6'4""",76.0,76.08,"6'4""",0.08,plays_at_height,76.08,"6'4""",0.08,plays_at_height
2026,Morris Ugusuk,West Virginia,78220,6-4,"6'4""",76.0,76.03,"6'4""",0.03,plays_at_height,76.03,"6'4""",0.03,plays_at_height
2026,Austin Herro,St. Thomas,78221,6-3,"6'3""",75.0,77.76,"6'6""",2.76,plays_taller,77.76,"6'6""",2.76,plays_taller
2026,Arden Conyers,Charlotte,78222,6-7,"6'7""",79.0,75.78,"6'4""",-3.22,plays_shorter,75.78,"6'4""",-3.22,plays_shorter
2026,Jerrell Bellamy,Troy,78224,6-9,"6'9""",81.0,81.34,"6'9""",0.34,plays_at_height,81.34,"6'9""",0.34,plays_at_height
2026,Lazar Djokovic,VCU,78226,6-10,"6'10""",82.0,80.88,"6'9""",-1.12,plays_shorter,80.88,"6'9""",-1.12,plays_shorter
2026,Jonas Sirtautas,Loyola MD,78227,6-9,"6'9""",81.0,81.37,"6'9""",0.37,plays_at_height,81.37,"6'9""",0.37,plays_at_height
2026,Christian Bliss,Delaware,78228,6-4,"6'4""",76.0,75.74,"6'4""",-0.26,plays_at_height,75.74,"6'4""",-0.26,plays_at_height
2026,Aday Mara,Michigan,78229,7-3,"7'3""",87.0,87.45,"7'3""",0.45,plays_at_height,87.45,"7'3""",0.45,plays_at_height
2026,Jarin Stevenson,North Carolina,78232,6-10,"6'10""",82.0,79.33,"6'7""",-2.67,plays_shorter,79.33,"6'7""",-2.67,plays_shorter
2026,Mouhamed Dioubate,Kentucky,78233,6-7,"6'7""",79.0,81.43,"6'9""",2.43,plays_taller,81.43,"6'9""",2.43,plays_taller
2026,Sam Walters,SMU,78235,6-9,"6'9""",81.0,75.87,"6'4""",-5.13,plays_shorter,75.87,"6'4""",-5.13,plays_shorter
2026,Christian Coleman,Oklahoma St.,78238,6-8,"6'8""",80.0,80.44,"6'8""",0.44,plays_at_height,80.44,"6'8""",0.44,plays_at_height
2026,Zack Davidson,Northern Arizona,78240,6-9,"6'9""",81.0,77.6,"6'6""",-3.4,plays_shorter,77.6,"6'6""",-3.4,plays_shorter
2026,Money Williams,Montana,78241,6-4,"6'4""",76.0,76.32,"6'4""",0.32,plays_at_height,76.32,"6'4""",0.32,plays_at_height
2026,Connor Dick,Montana,78243,6-3,"6'3""",75.0,78.51,"6'7""",3.51,plays_taller,78.51,"6'7""",3.51,plays_taller
2026,Devin Williams,Florida Atlantic,78245,6-10,"6'10""",82.0,82.15,"6'10""",0.15,plays_at_height,82.15,"6'10""",0.15,plays_at_height
2026,Jan Vide,Loyola Marymount,78246,6-6,"6'6""",78.0,75.07,"6'3""",-2.93,plays_shorter,75.07,"6'3""",-2.93,plays_shorter
2026,Courtney Anderson,Montana,78249,6-5,"6'5""",77.0,75.93,"6'4""",-1.07,plays_shorter,75.93,"6'4""",-1.07,plays_shorter
2026,Sam Wright,Colgate,78253,6-9,"6'9""",81.0,77.2,"6'5""",-3.8,plays_shorter,77.2,"6'5""",-3.8,plays_shorter
2026,Cooper Wright,Colgate,78255,6-5,"6'5""",77.0,78.24,"6'6""",1.24,plays_taller,78.24,"6'6""",1.24,plays_taller
2026,Jalen Cox,Colgate,78257,6-3,"6'3""",75.0,76.49,"6'4""",1.49,plays_taller,76.49,"6'4""",1.49,plays_taller
2026,Braelon Green,Eastern Michigan,78262,6-3,"6'3""",75.0,74.89,"6'3""",-0.11,plays_at_height,74.89,"6'3""",-0.11,plays_at_height
2026,Chip Brunt,Northwestern St.,78267,6-5,"6'5""",77.0,76.72,"6'5""",-0.28,plays_at_height,76.72,"6'5""",-0.28,plays_at_height
2026,Vice Zanki,Niagara,78271,6-8,"6'8""",80.0,75.98,"6'4""",-4.02,plays_shorter,75.98,"6'4""",-4.02,plays_shorter
2026,Emmett Marquardt,Eastern Washington,78272,6-9,"6'9""",81.0,78.15,"6'6""",-2.85,plays_shorter,78.15,"6'6""",-2.85,plays_shorter
2026,Cade Phillips,Tennessee,78277,6-9,"6'9""",81.0,81.94,"6'10""",0.94,plays_taller,81.94,"6'10""",0.94,plays_taller
2026,Cameron Carr,Baylor,78279,6-5,"6'5""",77.0,80.37,"6'8""",3.37,plays_taller,80.37,"6'8""",3.37,plays_taller
2026,J.P. Estrella,Tennessee,78280,6-11,"6'11""",83.0,81.69,"6'10""",-1.31,plays_shorter,81.69,"6'10""",-1.31,plays_shorter
2026,Rueben Chinyelu,Florida,78281,6-11,"6'11""",83.0,84.29,"7'0""",1.29,plays_taller,84.29,"7'0""",1.29,plays_taller
2026,Christian King,Montana St.,78282,6-8,"6'8""",80.0,76.3,"6'4""",-3.7,plays_shorter,76.3,"6'4""",-3.7,plays_shorter
2026,Max Frazier,Central Connecticut,78283,6-9,"6'9""",81.0,82.93,"6'11""",1.93,plays_taller,82.93,"6'11""",1.93,plays_taller
2026,Mike Evbagharu,Canisius,78285,6-4,"6'4""",76.0,78.12,"6'6""",2.12,plays_taller,78.12,"6'6""",2.12,plays_taller
2026,Tunde Vahlberg Fasasi,William & Mary,78291,6-7,"6'7""",79.0,78.25,"6'6""",-0.75,plays_shorter,78.25,"6'6""",-0.75,plays_shorter
2026,Jamar Brown,UCLA,78292,6-5,"6'5""",77.0,77.78,"6'6""",0.78,plays_taller,77.78,"6'6""",0.78,plays_taller
2026,Drew Fielder,Boise St.,78294,6-11,"6'11""",83.0,80.12,"6'8""",-2.88,plays_shorter,80.12,"6'8""",-2.88,plays_shorter
2026,Todd Brogna,Merrimack,78300,6-7,"6'7""",79.0,78.21,"6'6""",-0.79,plays_shorter,78.21,"6'6""",-0.79,plays_shorter
2026,Mason So,Mount St. Mary's,78301,6-2,"6'2""",74.0,75.56,"6'4""",1.56,plays_taller,75.56,"6'4""",1.56,plays_taller
2026,Zvonimir Ivisic,Illinois,78304,7-2,"7'2""",86.0,84.79,"7'1""",-1.21,plays_shorter,84.79,"7'1""",-1.21,plays_shorter
2026,Pavle Stosic,Pepperdine,78306,6-9,"6'9""",81.0,78.16,"6'6""",-2.84,plays_shorter,78.16,"6'6""",-2.84,plays_shorter
2026,Drew Carter,Oregon,78313,6-3,"6'3""",75.0,74.89,"6'3""",-0.11,plays_at_height,74.89,"6'3""",-0.11,plays_at_height
2026,Dominique Daniels Jr.,Cal Baptist,78315,5-10,"5'10""",70.0,76.88,"6'5""",6.88,plays_taller,76.88,"6'5""",6.88,plays_taller
2026,Cayden Vasko,Wofford,78316,6-6,"6'6""",78.0,76.47,"6'4""",-1.53,plays_shorter,76.47,"6'4""",-1.53,plays_shorter
2026,Jacob Bannarbie,UNLV,78317,6-9,"6'9""",81.0,80.31,"6'8""",-0.69,plays_at_height,80.31,"6'8""",-0.69,plays_at_height
2026,Brooklyn Hicks,Montana,78319,6-3,"6'3""",75.0,77.04,"6'5""",2.04,plays_taller,77.04,"6'5""",2.04,plays_taller
2026,Marqui Worthy,UC Riverside,78320,6-3,"6'3""",75.0,77.11,"6'5""",2.11,plays_taller,77.11,"6'5""",2.11,plays_taller
2026,Jayden Ndjigue,Massachusetts,78322,6-4,"6'4""",76.0,79.09,"6'7""",3.09,plays_taller,79.09,"6'7""",3.09,plays_taller
2026,Jacob Beccles,Cornell,78330,6-3,"6'3""",75.0,76.15,"6'4""",1.15,plays_taller,76.15,"6'4""",1.15,plays_taller
2026,Richard Nweke,Columbia,78333,6-8,"6'8""",80.0,79.98,"6'8""",-0.02,plays_at_height,79.98,"6'8""",-0.02,plays_at_height
2026,Cyr Malonga,New Mexico St.,78334,6-11,"6'11""",83.0,80.06,"6'8""",-2.94,plays_shorter,80.06,"6'8""",-2.94,plays_shorter
2026,Ryan Archey,North Carolina Central,78337,6-0,"6'0""",72.0,74.16,"6'2""",2.16,plays_taller,74.16,"6'2""",2.16,plays_taller
2026,Tayton Conerway,Indiana,78339,6-3,"6'3""",75.0,77.95,"6'6""",2.95,plays_taller,77.95,"6'6""",2.95,plays_taller
2026,Tyshawn Archie,McNeese St.,78340,6-1,"6'1""",73.0,75.86,"6'4""",2.86,plays_taller,75.86,"6'4""",2.86,plays_taller
2026,Cbo Newton,Abilene Christian,78342,6-3,"6'3""",75.0,76.87,"6'5""",1.87,plays_taller,76.87,"6'5""",1.87,plays_taller
2026,Mikale Stevenson,Purdue Fort Wayne,78343,6-2,"6'2""",74.0,75.89,"6'4""",1.89,plays_taller,75.89,"6'4""",1.89,plays_taller
2026,Tom Beattie,UC San Diego,78345,6-4,"6'4""",76.0,77.83,"6'6""",1.83,plays_taller,77.83,"6'6""",1.83,plays_taller
2026,Drew Steffe,Southern Illinois,78346,6-5,"6'5""",77.0,75.91,"6'4""",-1.09,plays_shorter,75.91,"6'4""",-1.09,plays_shorter
2026,Akira Jacobs,Fordham,78347,6-9,"6'9""",81.0,76.96,"6'5""",-4.04,plays_shorter,76.96,"6'5""",-4.04,plays_shorter
2026,Eemeli Yalaho,Washington St.,78349,6-8,"6'8""",80.0,77.86,"6'6""",-2.14,plays_shorter,77.86,"6'6""",-2.14,plays_shorter
2026,Spencer Elliott,Charlotte,78350,6-9,"6'9""",81.0,78.64,"6'7""",-2.36,plays_shorter,78.64,"6'7""",-2.36,plays_shorter
2026,KJ Debrick,North Carolina A&T,78352,6-9,"6'9""",81.0,82.14,"6'10""",1.14,plays_taller,82.14,"6'10""",1.14,plays_taller
2026,Elijah Jones,Longwood,78353,6-7,"6'7""",79.0,78.78,"6'7""",-0.22,plays_at_height,78.78,"6'7""",-0.22,plays_at_height
2026,Kavion McClain,Monmouth,78357,5-10,"5'10""",70.0,74.5,"6'2""",4.5,plays_taller,74.5,"6'2""",4.5,plays_taller
2026,Tre'Von Spillers,Wake Forest,78359,6-7,"6'7""",79.0,82.33,"6'10""",3.33,plays_taller,82.33,"6'10""",3.33,plays_taller
2026,Addarin Scott,UMKC,78360,6-9,"6'9""",81.0,78.57,"6'7""",-2.43,plays_shorter,78.57,"6'7""",-2.43,plays_shorter
2026,Randarius Jones,Grambling St.,78363,6-7,"6'7""",79.0,77.78,"6'6""",-1.22,plays_shorter,77.78,"6'6""",-1.22,plays_shorter
2026,Evan Otten,Idaho St.,78365,6-11,"6'11""",83.0,83.32,"6'11""",0.32,plays_at_height,83.32,"6'11""",0.32,plays_at_height
2026,Chase Walker,Illinois St.,78368,6-9,"6'9""",81.0,80.45,"6'8""",-0.55,plays_at_height,80.45,"6'8""",-0.55,plays_at_height
2026,Corey Jones,UNC Asheville,78372,6-2,"6'2""",74.0,75.51,"6'4""",1.51,plays_taller,75.51,"6'4""",1.51,plays_taller
2026,Sasa Ciani,Penn St.,78373,6-10,"6'10""",82.0,77.0,"6'5""",-5.0,plays_shorter,77.0,"6'5""",-5.0,plays_shorter
2026,Junjie Wang,San Francisco,78377,6-9,"6'9""",81.0,77.31,"6'5""",-3.69,plays_shorter,77.31,"6'5""",-3.69,plays_shorter
2026,Isaac Harrell,Elon,78381,6-8,"6'8""",80.0,76.85,"6'5""",-3.15,plays_shorter,76.85,"6'5""",-3.15,plays_shorter
2026,Bryce Ford,Arizona St.,78385,6-4,"6'4""",76.0,75.63,"6'4""",-0.37,plays_at_height,75.63,"6'4""",-0.37,plays_at_height
2026,Stephan Snagg,Binghamton,78388,6-7,"6'7""",79.0,77.4,"6'5""",-1.6,plays_shorter,77.4,"6'5""",-1.6,plays_shorter
2026,Kilian Brockhoff,William & Mary,78392,6-8,"6'8""",80.0,78.57,"6'7""",-1.43,plays_shorter,78.57,"6'7""",-1.43,plays_shorter
2026,Augustus Gerhart,Penn,78394,6-9,"6'9""",81.0,79.99,"6'8""",-1.01,plays_shorter,79.99,"6'8""",-1.01,plays_shorter
2026,Sam Brown,Davidson,78396,6-3,"6'3""",75.0,74.51,"6'3""",-0.49,plays_at_height,74.51,"6'3""",-0.49,plays_at_height
2026,Gavin Griffiths,Temple,78397,6-8,"6'8""",80.0,79.65,"6'8""",-0.35,plays_at_height,79.65,"6'8""",-0.35,plays_at_height
2026,Jamichael Davis,Rutgers,78398,6-1,"6'1""",73.0,76.67,"6'5""",3.67,plays_taller,76.67,"6'5""",3.67,plays_taller
2026,Emmanuel Ogbole,Rutgers,78403,6-10,"6'10""",82.0,83.35,"6'11""",1.35,plays_taller,83.35,"6'11""",1.35,plays_taller
2026,Daniel Akitoby,UTSA,78409,6-9,"6'9""",81.0,79.31,"6'7""",-1.69,plays_shorter,79.31,"6'7""",-1.69,plays_shorter
2026,Dylan Faulkner,Samford,78410,6-9,"6'9""",81.0,83.62,"7'0""",2.62,plays_taller,83.62,"7'0""",2.62,plays_taller
2026,Kai Yu,Bradley,78413,7-0,"7'0""",84.0,78.37,"6'6""",-5.63,plays_shorter,78.37,"6'6""",-5.63,plays_shorter
2026,Ben Humrichous,Illinois,78423,6-9,"6'9""",81.0,77.72,"6'6""",-3.28,plays_shorter,77.72,"6'6""",-3.28,plays_shorter
2026,Sterling Young,Indiana St.,78425,6-1,"6'1""",73.0,74.09,"6'2""",1.09,plays_taller,74.09,"6'2""",1.09,plays_taller
2026,Jon Sanders,Eastern Michigan,78431,6-2,"6'2""",74.0,74.44,"6'2""",0.44,plays_at_height,74.44,"6'2""",0.44,plays_at_height
2026,Lase Olalere,Charleston Southern,78433,6-10,"6'10""",82.0,82.06,"6'10""",0.06,plays_at_height,82.06,"6'10""",0.06,plays_at_height
2026,Trent Middleton Jr.,North Carolina A&T,78438,6-3,"6'3""",75.0,75.17,"6'3""",0.17,plays_at_height,75.17,"6'3""",0.17,plays_at_height
2026,Keynan Davis,The Citadel,78443,6-5,"6'5""",77.0,76.03,"6'4""",-0.97,plays_shorter,76.03,"6'4""",-0.97,plays_shorter
2026,Jizzle James,Cincinnati,78444,6-3,"6'3""",75.0,75.94,"6'4""",0.94,plays_taller,75.94,"6'4""",0.94,plays_taller
2026,Rayvon Griffith,Kent St.,78445,6-7,"6'7""",79.0,77.53,"6'6""",-1.47,plays_shorter,77.53,"6'6""",-1.47,plays_shorter
2026,Mayar Wol,Bowling Green,78446,6-8,"6'8""",80.0,77.28,"6'5""",-2.72,plays_shorter,77.28,"6'5""",-2.72,plays_shorter
2026,James Scott,Mississippi,78447,6-10,"6'10""",82.0,83.78,"7'0""",1.78,plays_taller,83.78,"7'0""",1.78,plays_taller
2026,Christian Moore,The Citadel,78449,6-6,"6'6""",78.0,74.99,"6'3""",-3.01,plays_shorter,74.99,"6'3""",-3.01,plays_shorter
2026,Rahmir Barno,Florida Gulf Coast,78453,6-0,"6'0""",72.0,76.1,"6'4""",4.1,plays_taller,76.1,"6'4""",4.1,plays_taller
2026,Donovan Draper,Navy,78455,6-5,"6'5""",77.0,80.07,"6'8""",3.07,plays_taller,80.07,"6'8""",3.07,plays_taller
2026,Deywilk Tavarez,Loyola Chicago,78456,6-2,"6'2""",74.0,75.42,"6'3""",1.42,plays_taller,75.42,"6'3""",1.42,plays_taller
2026,Jaylen Crocker-Johnson,Minnesota,78458,6-8,"6'8""",80.0,79.33,"6'7""",-0.67,plays_at_height,79.33,"6'7""",-0.67,plays_at_height
2026,Noah Amenhauser,Oregon St.,78459,7-2,"7'2""",86.0,79.78,"6'8""",-6.22,plays_shorter,79.78,"6'8""",-6.22,plays_shorter
2026,Austin Ball,Eastern Kentucky,78460,6-7,"6'7""",79.0,74.98,"6'3""",-4.02,plays_shorter,74.98,"6'3""",-4.02,plays_shorter
2026,Cooper Bowser,Furman,78463,6-11,"6'11""",83.0,82.47,"6'10""",-0.53,plays_at_height,82.47,"6'10""",-0.53,plays_at_height
2026,Nick Dorn,Indiana,78464,6-7,"6'7""",79.0,75.37,"6'3""",-3.63,plays_shorter,75.37,"6'3""",-3.63,plays_shorter
2026,Kaden Gumbs,Texas St.,78465,6-2,"6'2""",74.0,76.38,"6'4""",2.38,plays_taller,76.38,"6'4""",2.38,plays_taller
2026,Ryan Beasley,San Francisco,78467,5-11,"5'11""",71.0,75.46,"6'3""",4.46,plays_taller,75.46,"6'3""",4.46,plays_taller
2026,Aidan Burke,UC San Diego,78469,6-3,"6'3""",75.0,76.03,"6'4""",1.03,plays_taller,76.03,"6'4""",1.03,plays_taller
2026,Sebastian Mack,Missouri,78470,6-3,"6'3""",75.0,74.67,"6'3""",-0.33,plays_at_height,74.67,"6'3""",-0.33,plays_at_height
2026,Ned Hull,Elon,78475,6-3,"6'3""",75.0,74.24,"6'2""",-0.76,plays_shorter,74.24,"6'2""",-0.76,plays_shorter
2026,Kintavious Dozier,Alabama A&M,78478,6-1,"6'1""",73.0,76.26,"6'4""",3.26,plays_taller,76.26,"6'4""",3.26,plays_taller
2026,Tuburu Naivalurua,Oakland,78483,6-6,"6'6""",78.0,79.5,"6'7""",1.5,plays_taller,79.5,"6'7""",1.5,plays_taller
2026,Jeremiah Talton,Lindenwood,78491,6-6,"6'6""",78.0,75.18,"6'3""",-2.82,plays_shorter,75.18,"6'3""",-2.82,plays_shorter
2026,Bradley Douglas,James Madison,78492,6-1,"6'1""",73.0,75.3,"6'3""",2.3,plays_taller,75.3,"6'3""",2.3,plays_taller
2026,Johan Nziemi,Longwood,78497,6-6,"6'6""",78.0,79.56,"6'8""",1.56,plays_taller,79.56,"6'8""",1.56,plays_taller
2026,Michael Imariagbe,Wright St.,78498,6-7,"6'7""",79.0,81.24,"6'9""",2.24,plays_taller,81.24,"6'9""",2.24,plays_taller
2026,Amire Robinson,Nevada,78499,6-4,"6'4""",76.0,75.93,"6'4""",-0.07,plays_at_height,75.93,"6'4""",-0.07,plays_at_height
2026,Tru Washington,Miami FL,78503,6-4,"6'4""",76.0,77.33,"6'5""",1.33,plays_taller,77.33,"6'5""",1.33,plays_taller
2026,Tyler Rolison,Nevada,78505,6-0,"6'0""",72.0,74.99,"6'3""",2.99,plays_taller,74.99,"6'3""",2.99,plays_taller
2026,JT Toppin,Texas Tech,78506,6-9,"6'9""",81.0,82.21,"6'10""",1.21,plays_taller,82.21,"6'10""",1.21,plays_taller
2026,Ryan Curry,Army,78515,6-0,"6'0""",72.0,75.27,"6'3""",3.27,plays_taller,75.27,"6'3""",3.27,plays_taller
2026,Tate Laczkowski,Army,78518,6-8,"6'8""",80.0,78.8,"6'7""",-1.2,plays_shorter,78.8,"6'7""",-1.2,plays_shorter
2026,Amani Hansberry,Virginia Tech,78520,6-8,"6'8""",80.0,80.43,"6'8""",0.43,plays_at_height,80.43,"6'8""",0.43,plays_at_height
2026,Magoon Gwath,San Diego St.,78523,7-0,"7'0""",84.0,82.24,"6'10""",-1.76,plays_shorter,82.24,"6'10""",-1.76,plays_shorter
2026,Dian Wright-Forde,Norfolk St.,78528,6-3,"6'3""",75.0,76.14,"6'4""",1.14,plays_taller,76.14,"6'4""",1.14,plays_taller
2026,Terrance Dixon Jr.,Southern,78529,6-8,"6'8""",80.0,82.92,"6'11""",2.92,plays_taller,82.92,"6'11""",2.92,plays_taller
2026,"Teddy Washington, Jr.",Chattanooga,78532,6-2,"6'2""",74.0,75.72,"6'4""",1.72,plays_taller,75.72,"6'4""",1.72,plays_taller
2026,Kam Parker,Texas A&M Corpus Chris,78534,6-2,"6'2""",74.0,75.02,"6'3""",1.02,plays_taller,75.02,"6'3""",1.02,plays_taller
2026,Shilo Jackson,Le Moyne,78535,6-9,"6'9""",81.0,82.67,"6'11""",1.67,plays_taller,82.67,"6'11""",1.67,plays_taller
2026,Aaron Franklin,Milwaukee,78539,6-5,"6'5""",77.0,79.16,"6'7""",2.16,plays_taller,79.16,"6'7""",2.16,plays_taller
2026,Darius Duffy,Purdue Fort Wayne,78540,6-8,"6'8""",80.0,81.72,"6'10""",1.72,plays_taller,81.72,"6'10""",1.72,plays_taller
2026,Devon Ellis,Norfolk St.,78545,6-7,"6'7""",79.0,77.2,"6'5""",-1.8,plays_shorter,77.2,"6'5""",-1.8,plays_shorter
2026,Tyler Mack,Alabama St.,78546,6-5,"6'5""",77.0,76.68,"6'5""",-0.32,plays_at_height,76.68,"6'5""",-0.32,plays_at_height
2026,Egan Shields,Northern Colorado,78547,6-10,"6'10""",82.0,80.68,"6'9""",-1.32,plays_shorter,80.68,"6'9""",-1.32,plays_shorter
2026,Jaylen Smith,East Tennessee St.,78548,5-11,"5'11""",71.0,75.94,"6'4""",4.94,plays_taller,75.94,"6'4""",4.94,plays_taller
2026,Mason Lee,North Florida,78550,6-7,"6'7""",79.0,77.3,"6'5""",-1.7,plays_shorter,77.3,"6'5""",-1.7,plays_shorter
2026,Jasai Miles,Indiana,78552,6-6,"6'6""",78.0,78.09,"6'6""",0.09,plays_at_height,78.09,"6'6""",0.09,plays_at_height
2026,Brandon McCreesh,Bucknell,78559,6-4,"6'4""",76.0,75.65,"6'4""",-0.35,plays_at_height,75.65,"6'4""",-0.35,plays_at_height
2026,Patrick O'Brien,Bucknell,78562,6-8,"6'8""",80.0,78.03,"6'6""",-1.97,plays_shorter,78.03,"6'6""",-1.97,plays_shorter
2026,Tylen Riley,Tulsa,78563,6-3,"6'3""",75.0,77.11,"6'5""",2.11,plays_taller,77.11,"6'5""",2.11,plays_taller
2026,Jonathan Griman,Cal Baptist,78564,6-11,"6'11""",83.0,81.12,"6'9""",-1.88,plays_shorter,81.12,"6'9""",-1.88,plays_shorter
2026,Jermaine Coleman,St. Thomas,78570,6-7,"6'7""",79.0,76.61,"6'5""",-2.39,plays_shorter,76.61,"6'5""",-2.39,plays_shorter
2026,Tyler Perkins,Villanova,78571,6-4,"6'4""",76.0,77.83,"6'6""",1.83,plays_taller,77.83,"6'6""",1.83,plays_taller
2026,Koron Davis,Alabama A&M,78577,6-6,"6'6""",78.0,77.61,"6'6""",-0.39,plays_at_height,77.61,"6'6""",-0.39,plays_at_height
2026,Jun Seok Yeo,Seattle,78578,6-8,"6'8""",80.0,77.6,"6'6""",-2.4,plays_shorter,77.6,"6'6""",-2.4,plays_shorter
2026,Rob Whaley Jr.,Kent St.,78580,6-7,"6'7""",79.0,78.6,"6'7""",-0.4,plays_at_height,78.6,"6'7""",-0.4,plays_at_height
2026,Caleb Johnson,LIU,78581,6-7,"6'7""",79.0,78.94,"6'7""",-0.06,plays_at_height,78.94,"6'7""",-0.06,plays_at_height
2026,Kayden Fish,Ball St.,78586,6-6,"6'6""",78.0,77.66,"6'6""",-0.34,plays_at_height,77.66,"6'6""",-0.34,plays_at_height
2026,Elliot Cadeau,Michigan,78589,6-1,"6'1""",73.0,75.34,"6'3""",2.34,plays_taller,75.34,"6'3""",2.34,plays_taller
2026,Nasir Whitlock,Lehigh,78590,6-2,"6'2""",74.0,74.91,"6'3""",0.91,plays_taller,74.91,"6'3""",0.91,plays_taller
2026,Jelani Hamilton,Georgia St.,78591,6-6,"6'6""",78.0,76.64,"6'5""",-1.36,plays_shorter,76.64,"6'5""",-1.36,plays_shorter
2026,Jacolb Fredson-Cole,McNeese St.,78599,6-7,"6'7""",79.0,79.37,"6'7""",0.37,plays_at_height,79.37,"6'7""",0.37,plays_at_height
2026,Austin Parks,Toledo,78600,6-10,"6'10""",82.0,80.97,"6'9""",-1.03,plays_shorter,80.97,"6'9""",-1.03,plays_shorter
2026,Eric Dailey Jr.,UCLA,78601,6-8,"6'8""",80.0,79.46,"6'7""",-0.54,plays_at_height,79.46,"6'7""",-0.54,plays_at_height
2026,Kaden Cooper,Louisiana Tech,78602,6-5,"6'5""",77.0,80.8,"6'9""",3.8,plays_taller,80.8,"6'9""",3.8,plays_taller
2026,Connor Dow,Oral Roberts,78604,6-6,"6'6""",78.0,77.06,"6'5""",-0.94,plays_shorter,77.06,"6'5""",-0.94,plays_shorter
2026,Brandon Garrison,Kentucky,78605,6-10,"6'10""",82.0,81.46,"6'9""",-0.54,plays_at_height,81.46,"6'9""",-0.54,plays_at_height
2026,Justin McBride,James Madison,78606,6-7,"6'7""",79.0,78.43,"6'6""",-0.57,plays_at_height,78.43,"6'6""",-0.57,plays_at_height
2026,Quentin Jones,Saint Louis,78610,6-5,"6'5""",77.0,78.35,"6'6""",1.35,plays_taller,78.35,"6'6""",1.35,plays_taller
2026,Justin Page,Niagara,78611,6-5,"6'5""",77.0,75.43,"6'3""",-1.57,plays_shorter,75.43,"6'3""",-1.57,plays_shorter
2026,Jackson Mosley,Cal Poly,78612,5-10,"5'10""",70.0,74.15,"6'2""",4.15,plays_taller,74.15,"6'2""",4.15,plays_taller
2026,Colby Duggan,Charleston,78613,6-7,"6'7""",79.0,76.1,"6'4""",-2.9,plays_shorter,76.1,"6'4""",-2.9,plays_shorter
2026,Travis Gray,Wagner,78620,6-6,"6'6""",78.0,77.54,"6'6""",-0.46,plays_at_height,77.54,"6'6""",-0.46,plays_at_height
2026,Okechukwu Okeke,Albany,78622,6-10,"6'10""",82.0,83.77,"7'0""",1.77,plays_taller,83.77,"7'0""",1.77,plays_taller
2026,Jaidon Lipscomb,Cleveland St.,78623,6-5,"6'5""",77.0,75.95,"6'4""",-1.05,plays_shorter,75.95,"6'4""",-1.05,plays_shorter
2026,Jackson Holcombe,Utah Valley,78626,6-7,"6'7""",79.0,80.86,"6'9""",1.86,plays_taller,80.86,"6'9""",1.86,plays_taller
2026,Karson Templin,Utah St.,78627,6-9,"6'9""",81.0,81.04,"6'9""",0.04,plays_at_height,81.04,"6'9""",0.04,plays_at_height
2026,Tennessee Rainwater,Le Moyne,78630,6-6,"6'6""",78.0,78.55,"6'7""",0.55,plays_at_height,78.55,"6'7""",0.55,plays_at_height
2026,Nate Kingz,Syracuse,78635,6-5,"6'5""",77.0,77.51,"6'6""",0.51,plays_at_height,77.51,"6'6""",0.51,plays_at_height
2026,Evan Phelps,East Texas A&M,78636,6-0,"6'0""",72.0,73.85,"6'2""",1.85,plays_taller,73.85,"6'2""",1.85,plays_taller
2026,KC Ugwuakazi,Merrimack,78637,6-8,"6'8""",80.0,84.0,"7'0""",4.0,plays_taller,84.0,"7'0""",4.0,plays_taller
2026,Jahmere Tripp,Rhode Island,78638,6-6,"6'6""",78.0,78.43,"6'6""",0.43,plays_at_height,78.43,"6'6""",0.43,plays_at_height
2026,Devin Vanterpool,Florida Atlantic,78640,6-4,"6'4""",76.0,78.11,"6'6""",2.11,plays_taller,78.11,"6'6""",2.11,plays_taller
2026,Jason Edwards,Providence,78641,6-1,"6'1""",73.0,74.75,"6'3""",1.75,plays_taller,74.75,"6'3""",1.75,plays_taller
2026,Johnny Kinziger,Illinois St.,78642,5-11,"5'11""",71.0,74.99,"6'3""",3.99,plays_taller,74.99,"6'3""",3.99,plays_taller
2026,Ty Pence,Illinois St.,78643,6-6,"6'6""",78.0,78.78,"6'7""",0.78,plays_taller,78.78,"6'7""",0.78,plays_taller
2026,Dra Gibbs-Lawhorn,UNLV,78644,6-1,"6'1""",73.0,76.63,"6'5""",3.63,plays_taller,76.63,"6'5""",3.63,plays_taller
2026,Miles Klapper,Idaho,78645,6-3,"6'3""",75.0,76.05,"6'4""",1.05,plays_taller,76.05,"6'4""",1.05,plays_taller
2026,Cam Estevez,Fairfield,78648,6-3,"6'3""",75.0,73.91,"6'2""",-1.09,plays_shorter,73.91,"6'2""",-1.09,plays_shorter
2026,Thomas Ndong,Cal Baptist,78649,6-10,"6'10""",82.0,82.05,"6'10""",0.05,plays_at_height,82.05,"6'10""",0.05,plays_at_height
2026,Josiah Lake II,Oregon St.,78651,6-2,"6'2""",74.0,77.34,"6'5""",3.34,plays_taller,77.34,"6'5""",3.34,plays_taller
2026,David Fuchs,San Francisco,78654,6-9,"6'9""",81.0,81.38,"6'9""",0.38,plays_at_height,81.38,"6'9""",0.38,plays_at_height
2026,Nils Cooper,UC Davis,78656,6-6,"6'6""",78.0,79.78,"6'8""",1.78,plays_taller,79.78,"6'8""",1.78,plays_taller
2026,Misha Bednostin,Lafayette,78659,6-11,"6'11""",83.0,79.14,"6'7""",-3.86,plays_shorter,79.14,"6'7""",-3.86,plays_shorter
2026,Davion Bailey,Incarnate Word,78660,6-4,"6'4""",76.0,75.64,"6'4""",-0.36,plays_at_height,75.64,"6'4""",-0.36,plays_at_height
2026,A.J. Wills,Hofstra,78665,6-2,"6'2""",74.0,72.85,"6'1""",-1.15,plays_shorter,72.85,"6'1""",-1.15,plays_shorter
2026,Ethan Okwuosa,Boston University,78666,6-3,"6'3""",75.0,77.08,"6'5""",2.08,plays_taller,77.08,"6'5""",2.08,plays_taller
2026,Yanis Ndjonga,McNeese St.,78667,6-8,"6'8""",80.0,79.96,"6'8""",-0.04,plays_at_height,79.96,"6'8""",-0.04,plays_at_height
2026,Matt Mayock,American,78668,6-7,"6'7""",79.0,77.31,"6'5""",-1.69,plays_shorter,77.31,"6'5""",-1.69,plays_shorter
2026,Joey Chammaa,Arkansas St.,78669,5-11,"5'11""",71.0,76.74,"6'5""",5.74,plays_taller,76.74,"6'5""",5.74,plays_taller
2026,Greg Jones,American,78671,6-6,"6'6""",78.0,76.22,"6'4""",-1.78,plays_shorter,76.22,"6'4""",-1.78,plays_shorter
2026,Jimmy Oladokun Jr.,Rice,78674,6-9,"6'9""",81.0,80.41,"6'8""",-0.59,plays_at_height,80.41,"6'8""",-0.59,plays_at_height
2026,Keyon Kensie Jr.,Portland St.,78675,6-8,"6'8""",80.0,79.56,"6'8""",-0.44,plays_at_height,79.56,"6'8""",-0.44,plays_at_height
2026,Aden Holloway,Alabama,78677,6-1,"6'1""",73.0,74.79,"6'3""",1.79,plays_taller,74.79,"6'3""",1.79,plays_taller
2026,Nikolaos Chitikoudis,Robert Morris,78678,6-6,"6'6""",78.0,81.08,"6'9""",3.08,plays_taller,81.08,"6'9""",3.08,plays_taller
2026,Jaylen Wysinger,Texas Southern,78681,6-0,"6'0""",72.0,76.28,"6'4""",4.28,plays_taller,76.28,"6'4""",4.28,plays_taller
2026,Rob Dockery,La Salle,78683,6-6,"6'6""",78.0,79.64,"6'8""",1.64,plays_taller,79.64,"6'8""",1.64,plays_taller
2026,Miro Little,UC Santa Barbara,78686,6-3,"6'3""",75.0,77.28,"6'5""",2.28,plays_taller,77.28,"6'5""",2.28,plays_taller
2026,Kenyon Goodin,Bellarmine,78693,6-3,"6'3""",75.0,74.73,"6'3""",-0.27,plays_at_height,74.73,"6'3""",-0.27,plays_at_height
2026,Andrew McKeever,Saint Mary's,78694,7-1,"7'1""",85.0,82.86,"6'11""",-2.14,plays_shorter,82.86,"6'11""",-2.14,plays_shorter
2026,Finley Sheridan,Stetson,78696,6-10,"6'10""",82.0,78.23,"6'6""",-3.77,plays_shorter,78.23,"6'6""",-3.77,plays_shorter
2026,Yaxel Lendeborg,Michigan,78699,6-9,"6'9""",81.0,81.73,"6'10""",0.73,plays_at_height,81.73,"6'10""",0.73,plays_at_height
2026,Carlous Williams,Tennessee St.,78700,6-5,"6'5""",77.0,77.18,"6'5""",0.18,plays_at_height,77.18,"6'5""",0.18,plays_at_height
2026,Jaylen Searles,Nicholls St.,78701,6-8,"6'8""",80.0,77.62,"6'6""",-2.38,plays_shorter,77.62,"6'6""",-2.38,plays_shorter
2026,Ethan Pickett,Southeastern Louisiana,78702,6-4,"6'4""",76.0,76.56,"6'5""",0.56,plays_at_height,76.56,"6'5""",0.56,plays_at_height
2026,Kalifa Sakho,Houston,78703,6-11,"6'11""",83.0,82.14,"6'10""",-0.86,plays_shorter,82.14,"6'10""",-0.86,plays_shorter
2026,Hamed Olayinka,FIU,78704,6-9,"6'9""",81.0,81.71,"6'10""",0.71,plays_at_height,81.71,"6'10""",0.71,plays_at_height
2026,Michael McNair,Boston University,78705,6-5,"6'5""",77.0,77.05,"6'5""",0.05,plays_at_height,77.05,"6'5""",0.05,plays_at_height
2026,David Simon,Vermont,78708,6-11,"6'11""",83.0,79.62,"6'8""",-3.38,plays_shorter,79.62,"6'8""",-3.38,plays_shorter
2026,David Douglas Jr.,Fresno St.,78709,6-5,"6'5""",77.0,75.5,"6'3""",-1.5,plays_shorter,75.5,"6'3""",-1.5,plays_shorter
2026,Marcus Hall,Green Bay,78710,6-6,"6'6""",78.0,77.02,"6'5""",-0.98,plays_shorter,77.02,"6'5""",-0.98,plays_shorter
2026,Andrew Phillips,Lafayette,78713,6-4,"6'4""",76.0,75.61,"6'4""",-0.39,plays_at_height,75.61,"6'4""",-0.39,plays_at_height
2026,Mark Butler,Lafayette,78714,5-10,"5'10""",70.0,74.46,"6'2""",4.46,plays_taller,74.46,"6'2""",4.46,plays_taller
2026,Luke Rasmussen,Tulane,78716,6-7,"6'7""",79.0,77.7,"6'6""",-1.3,plays_shorter,77.7,"6'6""",-1.3,plays_shorter
2026,Jameel Morris,Alcorn St.,78717,6-1,"6'1""",73.0,76.26,"6'4""",3.26,plays_taller,76.26,"6'4""",3.26,plays_taller
2026,Taylor Bol Bowen,Alabama,78718,6-10,"6'10""",82.0,79.43,"6'7""",-2.57,plays_shorter,79.43,"6'7""",-2.57,plays_shorter
2026,Garwey Dual,McNeese St.,78720,6-5,"6'5""",77.0,77.92,"6'6""",0.92,plays_taller,77.92,"6'6""",0.92,plays_taller
2026,Carl Parrish,Presbyterian,78721,6-3,"6'3""",75.0,75.2,"6'3""",0.2,plays_at_height,75.2,"6'3""",0.2,plays_at_height
2026,Kory Mincy,George Mason,78722,6-2,"6'2""",74.0,75.25,"6'3""",1.25,plays_taller,75.25,"6'3""",1.25,plays_taller
2026,Tyler Harris,Vanderbilt,78725,6-8,"6'8""",80.0,78.9,"6'7""",-1.1,plays_shorter,78.9,"6'7""",-1.1,plays_shorter
2026,Kelcy Phipps,Portland St.,78727,6-2,"6'2""",74.0,76.96,"6'5""",2.96,plays_taller,76.96,"6'5""",2.96,plays_taller
2026,Day Day Thomas,Cincinnati,78733,6-1,"6'1""",73.0,76.51,"6'5""",3.51,plays_taller,76.51,"6'5""",3.51,plays_taller
2026,Karon Boyd,Wichita St.,78734,6-5,"6'5""",77.0,78.41,"6'6""",1.41,plays_taller,78.41,"6'6""",1.41,plays_taller
2026,Kobe Rodgers,Louisville,78736,6-3,"6'3""",75.0,78.2,"6'6""",3.2,plays_taller,78.2,"6'6""",3.2,plays_taller
2026,Aidan Rubio,Eastern Michigan,78737,6-7,"6'7""",79.0,76.76,"6'5""",-2.24,plays_shorter,76.76,"6'5""",-2.24,plays_shorter
2026,J.C. Riley Jr.,Northwestern St.,78740,6-10,"6'10""",82.0,78.12,"6'6""",-3.88,plays_shorter,78.12,"6'6""",-3.88,plays_shorter
2026,Chris Lockett,Jacksonville,78742,6-4,"6'4""",76.0,75.24,"6'3""",-0.76,plays_shorter,75.24,"6'3""",-0.76,plays_shorter
2026,Chandler Cuthrell,Elon,78752,6-8,"6'8""",80.0,79.41,"6'7""",-0.59,plays_at_height,79.41,"6'7""",-0.59,plays_at_height
2026,Corey Camper Jr.,Nevada,78753,6-5,"6'5""",77.0,77.84,"6'6""",0.84,plays_taller,77.84,"6'6""",0.84,plays_taller
2026,Rodney Johnson Jr.,Central Michigan,78755,6-5,"6'5""",77.0,76.7,"6'5""",-0.3,plays_at_height,76.7,"6'5""",-0.3,plays_at_height
2026,Hasan Abdul Hakim,Memphis,78759,6-8,"6'8""",80.0,78.28,"6'6""",-1.72,plays_shorter,78.28,"6'6""",-1.72,plays_shorter
2026,Abou Magassa,Wyoming,78764,6-7,"6'7""",79.0,80.51,"6'9""",1.51,plays_taller,80.51,"6'9""",1.51,plays_taller
2026,Dasear Haskins,Saint Joseph's,78765,6-8,"6'8""",80.0,79.79,"6'8""",-0.21,plays_at_height,79.79,"6'8""",-0.21,plays_at_height
2026,Cian Medley,Kent St.,78766,5-11,"5'11""",71.0,74.29,"6'2""",3.29,plays_taller,74.29,"6'2""",3.29,plays_taller
2026,Xzayvier Brown,Oklahoma,78767,6-2,"6'2""",74.0,75.39,"6'3""",1.39,plays_taller,75.39,"6'3""",1.39,plays_taller
2026,Anthony Finkley,Saint Joseph's,78768,6-6,"6'6""",78.0,76.49,"6'4""",-1.51,plays_shorter,76.49,"6'4""",-1.51,plays_shorter
2026,Tsvet Sotirov,Georgia Southern,78769,6-9,"6'9""",81.0,76.18,"6'4""",-4.82,plays_shorter,76.18,"6'4""",-4.82,plays_shorter
2026,Christian Hammond,Santa Clara,78770,6-4,"6'4""",76.0,75.09,"6'3""",-0.91,plays_shorter,75.09,"6'3""",-0.91,plays_shorter
2026,Elmarko Jackson,Kansas,78772,6-3,"6'3""",75.0,76.31,"6'4""",1.31,plays_taller,76.31,"6'4""",1.31,plays_taller
2026,Marqus Marion,Wake Forest,78774,6-8,"6'8""",80.0,79.49,"6'7""",-0.51,plays_at_height,79.49,"6'7""",-0.51,plays_at_height
2026,Mike Williams III,Seton Hall,78775,6-3,"6'3""",75.0,76.57,"6'5""",1.57,plays_taller,76.57,"6'5""",1.57,plays_taller
2026,Nikola Djapa,Colorado St.,78777,7-0,"7'0""",84.0,79.5,"6'8""",-4.5,plays_shorter,79.5,"6'8""",-4.5,plays_shorter
2026,Parker Friedrichsen,Davidson,78778,6-4,"6'4""",76.0,75.8,"6'4""",-0.2,plays_at_height,75.8,"6'4""",-0.2,plays_at_height
2026,Brandon Rechsteiner,Colorado St.,78779,6-1,"6'1""",73.0,74.84,"6'3""",1.84,plays_taller,74.84,"6'3""",1.84,plays_taller
2026,Corey Chest,Mississippi,78780,6-8,"6'8""",80.0,82.77,"6'11""",2.77,plays_taller,82.77,"6'11""",2.77,plays_taller
2026,Malik Olafioye,Eastern Illinois,78782,6-2,"6'2""",74.0,74.89,"6'3""",0.89,plays_taller,74.89,"6'3""",0.89,plays_taller
2026,Trent Johnson,Houston Christian,78785,6-6,"6'6""",78.0,76.36,"6'4""",-1.64,plays_shorter,76.36,"6'4""",-1.64,plays_shorter
2026,Eric Parnell,Fairleigh Dickinson,78790,6-3,"6'3""",75.0,75.72,"6'4""",0.72,plays_at_height,75.72,"6'4""",0.72,plays_at_height
2026,Isaiah Griffin,Western Illinois,78792,6-6,"6'6""",78.0,74.93,"6'3""",-3.07,plays_shorter,74.93,"6'3""",-3.07,plays_shorter
2026,Kiree Huie,Eastern Washington,78793,6-9,"6'9""",81.0,80.49,"6'8""",-0.51,plays_at_height,80.49,"6'8""",-0.51,plays_at_height
2026,Izzy Miles,Northwestern St.,78797,6-2,"6'2""",74.0,76.27,"6'4""",2.27,plays_taller,76.27,"6'4""",2.27,plays_taller
2026,Emmanuel Innocenti,Gonzaga,78798,6-5,"6'5""",77.0,78.09,"6'6""",1.09,plays_taller,78.09,"6'6""",1.09,plays_taller
2026,Bubu Benjamin,George Washington,78799,6-7,"6'7""",79.0,77.19,"6'5""",-1.81,plays_shorter,77.19,"6'5""",-1.81,plays_shorter
2026,Chase Forte,Boston College,78800,6-4,"6'4""",76.0,76.5,"6'4""",0.5,plays_at_height,76.5,"6'4""",0.5,plays_at_height
2026,Sean Smith,Middle Tennessee,78804,6-3,"6'3""",75.0,76.34,"6'4""",1.34,plays_taller,76.34,"6'4""",1.34,plays_taller
2026,Micah Octave,Florida A&M,78807,6-5,"6'5""",77.0,79.67,"6'8""",2.67,plays_taller,79.67,"6'8""",2.67,plays_taller
2026,Chris Mubiru,Northwestern St.,78812,6-5,"6'5""",77.0,77.72,"6'6""",0.72,plays_at_height,77.72,"6'6""",0.72,plays_at_height
2026,Baye Ndongo,Georgia Tech,78815,6-9,"6'9""",81.0,81.56,"6'10""",0.56,plays_at_height,81.56,"6'10""",0.56,plays_at_height
2026,Darryl Simmons II,St. Bonaventure,78816,5-10,"5'10""",70.0,73.6,"6'2""",3.6,plays_taller,73.6,"6'2""",3.6,plays_taller
2026,Eddrin Bronson,Furman,78818,6-4,"6'4""",76.0,75.12,"6'3""",-0.88,plays_shorter,75.12,"6'3""",-0.88,plays_shorter
2026,Ronald Jessamy,Cal St. Bakersfield,78820,6-8,"6'8""",80.0,81.7,"6'10""",1.7,plays_taller,81.7,"6'10""",1.7,plays_taller
2026,Patrick Haigh,Mount St. Mary's,78825,6-4,"6'4""",76.0,74.72,"6'3""",-1.28,plays_shorter,74.72,"6'3""",-1.28,plays_shorter
2026,Dallas Hobbs,Rice,78826,6-1,"6'1""",73.0,73.8,"6'2""",0.8,plays_taller,73.8,"6'2""",0.8,plays_taller
2026,Jake Brack,South Dakota,78831,6-9,"6'9""",81.0,77.71,"6'6""",-3.29,plays_shorter,77.71,"6'6""",-3.29,plays_shorter
2026,William Whorton,Memphis,78833,6-8,"6'8""",80.0,80.33,"6'8""",0.33,plays_at_height,80.33,"6'8""",0.33,plays_at_height
2026,Joe Sayler,South Dakota St.,78834,6-3,"6'3""",75.0,74.63,"6'3""",-0.37,plays_at_height,74.63,"6'3""",-0.37,plays_at_height
2026,Bubz Alvarez,South Dakota St.,78835,6-5,"6'5""",77.0,76.88,"6'5""",-0.12,plays_at_height,76.88,"6'5""",-0.12,plays_at_height
2026,Damon Wilkinson,South Dakota St.,78837,6-10,"6'10""",82.0,80.58,"6'9""",-1.42,plays_shorter,80.58,"6'9""",-1.42,plays_shorter
2026,Jayden Reid,Northwestern,78838,5-10,"5'10""",70.0,74.31,"6'2""",4.31,plays_taller,74.31,"6'2""",4.31,plays_taller
2026,Jalen Cooper,Eastern Kentucky,78842,6-7,"6'7""",79.0,80.6,"6'9""",1.6,plays_taller,80.6,"6'9""",1.6,plays_taller
2026,Kaspar Sepp,Cornell,78844,6-7,"6'7""",79.0,78.96,"6'7""",-0.04,plays_at_height,78.96,"6'7""",-0.04,plays_at_height
2026,Cooper Schwieger,Wake Forest,78845,6-10,"6'10""",82.0,78.31,"6'6""",-3.69,plays_shorter,78.31,"6'6""",-3.69,plays_shorter
2026,Isaiah West,Belmont,78846,6-2,"6'2""",74.0,76.98,"6'5""",2.98,plays_taller,76.98,"6'5""",2.98,plays_taller
2026,Lucas Scroggins,Saint Peter's,78847,6-9,"6'9""",81.0,83.22,"6'11""",2.22,plays_taller,83.22,"6'11""",2.22,plays_taller
2026,Jahari Williamson,Kent St.,78848,6-1,"6'1""",73.0,74.51,"6'3""",1.51,plays_taller,74.51,"6'3""",1.51,plays_taller
2026,Malik Presley,George Mason,78853,6-6,"6'6""",78.0,77.02,"6'5""",-0.98,plays_shorter,77.02,"6'5""",-0.98,plays_shorter
2026,Delyle Williams,Jackson St.,78857,6-2,"6'2""",74.0,75.32,"6'3""",1.32,plays_taller,75.32,"6'3""",1.32,plays_taller
2026,Donovan Hunter,Bellarmine,78864,6-8,"6'8""",80.0,75.82,"6'4""",-4.18,plays_shorter,75.82,"6'4""",-4.18,plays_shorter
2026,Ahmad Henderson II,Illinois Chicago,78865,5-10,"5'10""",70.0,74.73,"6'3""",4.73,plays_taller,74.73,"6'3""",4.73,plays_taller
2026,Sam Orme,Belmont,78869,6-9,"6'9""",81.0,79.66,"6'8""",-1.34,plays_shorter,79.66,"6'8""",-1.34,plays_shorter
2026,Brigham Rogers,Belmont,78870,6-9,"6'9""",81.0,79.71,"6'8""",-1.29,plays_shorter,79.71,"6'8""",-1.29,plays_shorter
2026,Gavin Walsh,UNC Wilmington,78872,6-7,"6'7""",79.0,78.48,"6'6""",-0.52,plays_at_height,78.48,"6'6""",-0.52,plays_at_height
2026,Win Miller,Belmont,78875,6-3,"6'3""",75.0,74.32,"6'2""",-0.68,plays_at_height,74.32,"6'2""",-0.68,plays_at_height
2026,Tyson Brown,Radford,78876,6-9,"6'9""",81.0,80.39,"6'8""",-0.61,plays_at_height,80.39,"6'8""",-0.61,plays_at_height
2026,Always Wright,UT Rio Grande Valley,78877,6-3,"6'3""",75.0,75.15,"6'3""",0.15,plays_at_height,75.15,"6'3""",0.15,plays_at_height
2026,Michael Ajayi,Butler,78878,6-7,"6'7""",79.0,82.16,"6'10""",3.16,plays_taller,82.16,"6'10""",3.16,plays_taller
2026,Jonah Pierce,Presbyterian,78879,6-10,"6'10""",82.0,81.6,"6'10""",-0.4,plays_at_height,81.6,"6'10""",-0.4,plays_at_height
2026,Jaxon Pollard,Samford,78883,6-7,"6'7""",79.0,78.34,"6'6""",-0.66,plays_at_height,78.34,"6'6""",-0.66,plays_at_height
2026,Deyton Albury,New Mexico,78884,6-2,"6'2""",74.0,77.81,"6'6""",3.81,plays_taller,77.81,"6'6""",3.81,plays_taller
2026,Donovan Rivers,Jacksonville,78886,6-9,"6'9""",81.0,79.71,"6'8""",-1.29,plays_shorter,79.71,"6'8""",-1.29,plays_shorter
2026,Torey Alston,Middle Tennessee,78890,6-8,"6'8""",80.0,82.31,"6'10""",2.31,plays_taller,82.31,"6'10""",2.31,plays_taller
2026,Mekhi Cooper,Lindenwood,78891,6-1,"6'1""",73.0,74.04,"6'2""",1.04,plays_taller,74.04,"6'2""",1.04,plays_taller
2026,Evan Ipsaro,Miami OH,78893,6-0,"6'0""",72.0,75.24,"6'3""",3.24,plays_taller,75.24,"6'3""",3.24,plays_taller
2026,Paul Djobet,Nebraska Omaha,78897,6-7,"6'7""",79.0,78.55,"6'7""",-0.45,plays_at_height,78.55,"6'7""",-0.45,plays_at_height
2026,Eian Elmer,Miami OH,78898,6-6,"6'6""",78.0,78.85,"6'7""",0.85,plays_taller,78.85,"6'7""",0.85,plays_taller
2026,Keanu Dawes,Utah,78899,6-9,"6'9""",81.0,81.68,"6'10""",0.68,plays_at_height,81.68,"6'10""",0.68,plays_at_height
2026,Daemar Kelly,Northern Illinois,78901,6-5,"6'5""",77.0,75.41,"6'3""",-1.59,plays_shorter,75.41,"6'3""",-1.59,plays_shorter
2026,Khaden Bennett,Wyoming,78903,6-4,"6'4""",76.0,77.73,"6'6""",1.73,plays_taller,77.73,"6'6""",1.73,plays_taller
2026,Rihards Vavers,Washington St.,78904,6-7,"6'7""",79.0,77.15,"6'5""",-1.85,plays_shorter,77.15,"6'5""",-1.85,plays_shorter
2026,Camp Wagner,Indiana St.,78905,6-6,"6'6""",78.0,76.13,"6'4""",-1.87,plays_shorter,76.13,"6'4""",-1.87,plays_shorter
2026,Gabe Warren,Holy Cross,78906,6-6,"6'6""",78.0,77.58,"6'6""",-0.42,plays_at_height,77.58,"6'6""",-0.42,plays_at_height
2026,Teagan Moore,Western Kentucky,78911,6-5,"6'5""",77.0,77.57,"6'6""",0.57,plays_at_height,77.57,"6'6""",0.57,plays_at_height
2026,Yanis Bamba,Maine,78912,6-6,"6'6""",78.0,76.3,"6'4""",-1.7,plays_shorter,76.3,"6'4""",-1.7,plays_shorter
2026,Michael Sulaka,Western Michigan,78913,6-9,"6'9""",81.0,77.92,"6'6""",-3.08,plays_shorter,77.92,"6'6""",-3.08,plays_shorter
2026,Jordan Johnson,Bethune Cookman,78921,6-4,"6'4""",76.0,75.03,"6'3""",-0.97,plays_shorter,75.03,"6'3""",-0.97,plays_shorter
2026,Kolton Mitchell,Idaho,78924,6-1,"6'1""",73.0,75.34,"6'3""",2.34,plays_taller,75.34,"6'3""",2.34,plays_taller
2026,Joseph Tugler,Houston,78925,6-8,"6'8""",80.0,83.31,"6'11""",3.31,plays_taller,83.31,"6'11""",3.31,plays_taller
2026,Declan Ryan,Holy Cross,78929,6-8,"6'8""",80.0,75.9,"6'4""",-4.1,plays_shorter,75.9,"6'4""",-4.1,plays_shorter
2026,Nestor Dyachok,North Florida,78937,6-9,"6'9""",81.0,77.01,"6'5""",-3.99,plays_shorter,77.01,"6'5""",-3.99,plays_shorter
2026,Caedin Hamilton,Marquette,78940,6-9,"6'9""",81.0,79.23,"6'7""",-1.77,plays_shorter,79.23,"6'7""",-1.77,plays_shorter
2026,Abdi Bashir Jr.,Kansas St.,78942,6-7,"6'7""",79.0,73.82,"6'2""",-5.18,plays_shorter,73.82,"6'2""",-5.18,plays_shorter
2026,Anthony Robinson II,Missouri,78943,6-3,"6'3""",75.0,77.54,"6'6""",2.54,plays_taller,77.54,"6'6""",2.54,plays_taller
2026,Jordan Butler,South Carolina,78944,7-0,"7'0""",84.0,79.8,"6'8""",-4.2,plays_shorter,79.8,"6'8""",-4.2,plays_shorter
2026,Hayden Tibbits,St. Thomas,78946,5-11,"5'11""",71.0,75.07,"6'3""",4.07,plays_taller,75.07,"6'3""",4.07,plays_taller
2026,Kevin Overton,Auburn,78947,6-5,"6'5""",77.0,76.51,"6'5""",-0.49,plays_at_height,76.51,"6'5""",-0.49,plays_at_height
2026,Pryce Sandfort,Nebraska,78950,6-7,"6'7""",79.0,77.44,"6'5""",-1.56,plays_shorter,77.44,"6'5""",-1.56,plays_shorter
2026,Mike Loughnane,Northeastern,78952,6-4,"6'4""",76.0,76.42,"6'4""",0.42,plays_at_height,76.42,"6'4""",0.42,plays_at_height
2026,Rikus Schulte,Fordham,78953,6-9,"6'9""",81.0,80.88,"6'9""",-0.12,plays_at_height,80.88,"6'9""",-0.12,plays_at_height
2026,Brock Harding,TCU,78954,6-0,"6'0""",72.0,75.34,"6'3""",3.34,plays_taller,75.34,"6'3""",3.34,plays_taller
2026,Cliff Davis,James Madison,78955,6-2,"6'2""",74.0,74.85,"6'3""",0.85,plays_taller,74.85,"6'3""",0.85,plays_taller
2026,DeJour Reaves,Fordham,78956,6-0,"6'0""",72.0,76.23,"6'4""",4.23,plays_taller,76.23,"6'4""",4.23,plays_taller
2026,Ahmad Robinson,UAB,78957,5-10,"5'10""",70.0,74.72,"6'3""",4.72,plays_taller,74.72,"6'3""",4.72,plays_taller
2026,Malek Abdelgowad,Southern,78959,6-10,"6'10""",82.0,80.86,"6'9""",-1.14,plays_shorter,80.86,"6'9""",-1.14,plays_shorter
2026,Mekhi Cameron,Tennessee Tech,78961,6-4,"6'4""",76.0,76.01,"6'4""",0.01,plays_at_height,76.01,"6'4""",0.01,plays_at_height
2026,Carl Cherenfant,McNeese St.,78965,6-5,"6'5""",77.0,78.71,"6'7""",1.71,plays_taller,78.71,"6'7""",1.71,plays_taller
2026,Waka Mbatch,Montana St.,78966,6-10,"6'10""",82.0,80.11,"6'8""",-1.89,plays_shorter,80.11,"6'8""",-1.89,plays_shorter
2026,Baraka Okojie,Mercer,78967,6-3,"6'3""",75.0,76.18,"6'4""",1.18,plays_taller,76.18,"6'4""",1.18,plays_taller
2026,"Jamie Kaiser, Jr.",Butler,78968,6-6,"6'6""",78.0,77.35,"6'5""",-0.65,plays_at_height,77.35,"6'5""",-0.65,plays_at_height
2026,Jaylen Curry,Oklahoma St.,78969,6-1,"6'1""",73.0,75.6,"6'4""",2.6,plays_taller,75.6,"6'4""",2.6,plays_taller
2026,Robert Davis Jr.,Old Dominion,78970,6-6,"6'6""",78.0,75.0,"6'3""",-3.0,plays_shorter,75.0,"6'3""",-3.0,plays_shorter
2026,Dedan Thomas Jr.,LSU,78971,6-1,"6'1""",73.0,75.3,"6'3""",2.3,plays_taller,75.3,"6'3""",2.3,plays_taller
2026,Kajus Kublickas,Pacific,78972,6-2,"6'2""",74.0,74.99,"6'3""",0.99,plays_taller,74.99,"6'3""",0.99,plays_taller
2026,Tarique Foster,Albany,78973,6-8,"6'8""",80.0,75.95,"6'4""",-4.05,plays_shorter,75.95,"6'4""",-4.05,plays_shorter
2026,Chudi Dioramma,Arkansas St.,78976,6-10,"6'10""",82.0,79.35,"6'7""",-2.65,plays_shorter,79.35,"6'7""",-2.65,plays_shorter
2026,Bowyn Beatty,La Salle,78981,7-0,"7'0""",84.0,77.06,"6'5""",-6.94,plays_shorter,77.06,"6'5""",-6.94,plays_shorter
2026,Lukas Walls,Radford,78982,6-5,"6'5""",77.0,75.68,"6'4""",-1.32,plays_shorter,75.68,"6'4""",-1.32,plays_shorter
2026,Josh Holloway,Texas A&M,78983,6-1,"6'1""",73.0,77.13,"6'5""",4.13,plays_taller,77.13,"6'5""",4.13,plays_taller
2026,Ace Talbert,Gardner Webb,78984,6-0,"6'0""",72.0,73.97,"6'2""",1.97,plays_taller,73.97,"6'2""",1.97,plays_taller
2026,Riley Allenspach,George Mason,78985,6-11,"6'11""",83.0,79.81,"6'8""",-3.19,plays_shorter,79.81,"6'8""",-3.19,plays_shorter
2026,Mookie Cook,San Francisco,78988,6-6,"6'6""",78.0,79.02,"6'7""",1.02,plays_taller,79.02,"6'7""",1.02,plays_taller
2026,Jackson Shelstad,Oregon,78990,6-1,"6'1""",73.0,75.8,"6'4""",2.8,plays_taller,75.8,"6'4""",2.8,plays_taller
2026,Kwame Evans Jr.,Oregon,78991,6-10,"6'10""",82.0,81.26,"6'9""",-0.74,plays_at_height,81.26,"6'9""",-0.74,plays_at_height
2026,Kendrick De Luna,Cal St. Fullerton,78993,6-10,"6'10""",82.0,78.89,"6'7""",-3.11,plays_shorter,78.89,"6'7""",-3.11,plays_shorter
2026,Trey Green,Saint Louis,78996,6-0,"6'0""",72.0,75.07,"6'3""",3.07,plays_taller,75.07,"6'3""",3.07,plays_taller
2026,Carson Schwieger,Queens,79000,6-8,"6'8""",80.0,76.06,"6'4""",-3.94,plays_shorter,76.06,"6'4""",-3.94,plays_shorter
2026,Jacob Theodosiou,Loyola MD,79001,6-4,"6'4""",76.0,77.21,"6'5""",1.21,plays_taller,77.21,"6'5""",1.21,plays_taller
2026,Kael Combs,Iowa,79002,6-4,"6'4""",76.0,75.6,"6'4""",-0.4,plays_at_height,75.6,"6'4""",-0.4,plays_at_height
2026,Cam Manyawu,Iowa,79003,6-9,"6'9""",81.0,82.19,"6'10""",1.19,plays_taller,82.19,"6'10""",1.19,plays_taller
2026,Tristan Gross,Mercer,79004,6-6,"6'6""",78.0,75.37,"6'3""",-2.63,plays_shorter,75.37,"6'3""",-2.63,plays_shorter
2026,Seneca Willoughby,Bethune Cookman,79010,6-3,"6'3""",75.0,75.39,"6'3""",0.39,plays_at_height,75.39,"6'3""",0.39,plays_at_height
2026,Jakobi Heady,Bethune Cookman,79013,6-6,"6'6""",78.0,78.53,"6'7""",0.53,plays_at_height,78.53,"6'7""",0.53,plays_at_height
2026,Canin Jefferson,North Alabama,79018,6-2,"6'2""",74.0,74.3,"6'2""",0.3,plays_at_height,74.3,"6'2""",0.3,plays_at_height
2026,Titas Sargiunas,Lipscomb,79021,6-4,"6'4""",76.0,74.76,"6'3""",-1.24,plays_shorter,74.76,"6'3""",-1.24,plays_shorter
2026,Miles Rubin,Loyola Chicago,79023,6-10,"6'10""",82.0,83.46,"6'11""",1.46,plays_taller,83.46,"6'11""",1.46,plays_taller
2026,Jadin Collins-Roberts,Marist,79024,6-1,"6'1""",73.0,77.22,"6'5""",4.22,plays_taller,77.22,"6'5""",4.22,plays_taller
2026,Jaden Winston,Manhattan,79025,6-0,"6'0""",72.0,74.76,"6'3""",2.76,plays_taller,74.76,"6'3""",2.76,plays_taller
2026,Troy Cicero Jr.,Loyola MD,79027,6-1,"6'1""",73.0,75.93,"6'4""",2.93,plays_taller,75.93,"6'4""",2.93,plays_taller
2026,Jordan Stiemke,Loyola MD,79028,6-5,"6'5""",77.0,76.68,"6'5""",-0.32,plays_at_height,76.68,"6'5""",-0.32,plays_at_height
2026,Jason Schofield,Marist,79029,6-10,"6'10""",82.0,80.46,"6'8""",-1.54,plays_shorter,80.46,"6'8""",-1.54,plays_shorter
2026,Josh Pascarelli,Colorado St.,79030,6-3,"6'3""",75.0,76.47,"6'4""",1.47,plays_taller,76.47,"6'4""",1.47,plays_taller
2026,Drayton Jones,Butler,79035,6-11,"6'11""",83.0,82.0,"6'10""",-1.0,plays_shorter,82.0,"6'10""",-1.0,plays_shorter
2026,Matar Diop,Stetson,79037,6-10,"6'10""",82.0,79.86,"6'8""",-2.14,plays_shorter,79.86,"6'8""",-2.14,plays_shorter
2026,Mambourou Mara,Houston Christian,79038,6-6,"6'6""",78.0,81.25,"6'9""",3.25,plays_taller,81.25,"6'9""",3.25,plays_taller
2026,Alex Cotton,Howard,79040,6-5,"6'5""",77.0,74.74,"6'3""",-2.26,plays_shorter,74.74,"6'3""",-2.26,plays_shorter
2026,Villiam Garcia Adsten,Drexel,79044,6-8,"6'8""",80.0,78.33,"6'6""",-1.67,plays_shorter,78.33,"6'6""",-1.67,plays_shorter
2026,Hunter Adam,Davidson,79045,6-7,"6'7""",79.0,77.76,"6'6""",-1.24,plays_shorter,77.76,"6'6""",-1.24,plays_shorter
2026,Niccolo Moretti,Florida Atlantic,79046,6-1,"6'1""",73.0,74.99,"6'3""",1.99,plays_taller,74.99,"6'3""",1.99,plays_taller
2026,Shawn Simmons II,UMass Lowell,79047,6-6,"6'6""",78.0,80.24,"6'8""",2.24,plays_taller,80.24,"6'8""",2.24,plays_taller
2026,Dalen Davis,Princeton,79052,6-0,"6'0""",72.0,73.97,"6'2""",1.97,plays_taller,73.97,"6'2""",1.97,plays_taller
2026,Jackson Hicke,Princeton,79054,6-5,"6'5""",77.0,76.38,"6'4""",-0.62,plays_at_height,76.38,"6'4""",-0.62,plays_at_height
2026,Jacob Huggins,Princeton,79055,6-8,"6'8""",80.0,78.43,"6'6""",-1.57,plays_shorter,78.43,"6'6""",-1.57,plays_shorter
2026,Arne Osojnik,Northern Arizona,79062,6-6,"6'6""",78.0,76.93,"6'5""",-1.07,plays_shorter,76.93,"6'5""",-1.07,plays_shorter
2026,Emanuel Richards,Longwood,79063,6-4,"6'4""",76.0,76.75,"6'5""",0.75,plays_taller,76.75,"6'5""",0.75,plays_taller
2026,Camaren Sparrow,Coppin St.,79066,6-4,"6'4""",76.0,79.6,"6'8""",3.6,plays_taller,79.6,"6'8""",3.6,plays_taller
2026,Santiago Trouet,Arizona St.,79068,6-11,"6'11""",83.0,79.54,"6'8""",-3.46,plays_shorter,79.54,"6'8""",-3.46,plays_shorter
2026,Andrew Meadow,Boise St.,79071,6-7,"6'7""",79.0,77.51,"6'6""",-1.49,plays_shorter,77.51,"6'6""",-1.49,plays_shorter
2026,Chad Moodie,Appalachian St.,79074,6-8,"6'8""",80.0,79.54,"6'8""",-0.46,plays_at_height,79.54,"6'8""",-0.46,plays_at_height
2026,Elijah Strong,South Carolina,79075,6-8,"6'8""",80.0,76.71,"6'5""",-3.29,plays_shorter,76.71,"6'5""",-3.29,plays_shorter
2026,Jayden Hastings,Boston College,79076,6-9,"6'9""",81.0,82.6,"6'11""",1.6,plays_taller,82.6,"6'11""",1.6,plays_taller
2026,Trey Autry,George Washington,79077,6-4,"6'4""",76.0,76.24,"6'4""",0.24,plays_at_height,76.24,"6'4""",0.24,plays_at_height
2026,Josh Hubbard,Mississippi St.,79080,6-0,"6'0""",72.0,75.67,"6'4""",3.67,plays_taller,75.67,"6'4""",3.67,plays_taller
2026,Harrison Alexander,SIU Edwardsville,79081,6-5,"6'5""",77.0,75.22,"6'3""",-1.78,plays_shorter,75.22,"6'3""",-1.78,plays_shorter
2026,Adrian Myers,San Jose St.,79083,6-6,"6'6""",78.0,78.2,"6'6""",0.2,plays_at_height,78.2,"6'6""",0.2,plays_at_height
2026,Elijah Price,Nevada,79084,6-9,"6'9""",81.0,82.97,"6'11""",1.97,plays_taller,82.97,"6'11""",1.97,plays_taller
2026,Khali Horton,Coppin St.,79085,6-8,"6'8""",80.0,75.45,"6'3""",-4.55,plays_shorter,75.45,"6'3""",-4.55,plays_shorter
2026,Conrad Martinez,High Point,79087,6-0,"6'0""",72.0,74.83,"6'3""",2.83,plays_taller,74.83,"6'3""",2.83,plays_taller
2026,Ofri Naveh,Oral Roberts,79089,6-6,"6'6""",78.0,78.2,"6'6""",0.2,plays_at_height,78.2,"6'6""",0.2,plays_at_height
2026,KJ Lewis,Georgetown,79090,6-4,"6'4""",76.0,78.75,"6'7""",2.75,plays_taller,78.75,"6'7""",2.75,plays_taller
2026,Paulius Murauskas,Saint Mary's,79093,6-8,"6'8""",80.0,79.94,"6'8""",-0.06,plays_at_height,79.94,"6'8""",-0.06,plays_at_height
2026,Motiejus Krivas,Arizona,79096,7-2,"7'2""",86.0,83.81,"7'0""",-2.19,plays_shorter,83.81,"7'0""",-2.19,plays_shorter
2026,Isaiah Miranda,LIU,79098,7-1,"7'1""",85.0,79.6,"6'8""",-5.4,plays_shorter,79.6,"6'8""",-5.4,plays_shorter
2026,Josh Rivera,Seton Hall,79099,6-7,"6'7""",79.0,78.15,"6'6""",-0.85,plays_shorter,78.15,"6'6""",-0.85,plays_shorter
2026,Prophet Johnson,Sacramento St.,79105,6-3,"6'3""",75.0,78.15,"6'6""",3.15,plays_taller,78.15,"6'6""",3.15,plays_taller
2026,Harrison Reede,Incarnate Word,79107,6-1,"6'1""",73.0,72.11,"6'0""",-0.89,plays_shorter,72.11,"6'0""",-0.89,plays_shorter
2026,Ace Valentine,UMBC,79114,6-3,"6'3""",75.0,76.61,"6'5""",1.61,plays_taller,76.61,"6'5""",1.61,plays_taller
2026,Josh Akpovwa,Texas Southern,79118,6-8,"6'8""",80.0,78.84,"6'7""",-1.16,plays_shorter,78.84,"6'7""",-1.16,plays_shorter
2026,Javoy Thompson,Maryland Eastern Shore,79120,6-7,"6'7""",79.0,74.53,"6'3""",-4.47,plays_shorter,74.53,"6'3""",-4.47,plays_shorter
2026,Franck Emmou,Texas St.,79121,6-5,"6'5""",77.0,74.45,"6'2""",-2.55,plays_shorter,74.45,"6'2""",-2.55,plays_shorter
2026,Aaron Clark,Pepperdine,79125,6-6,"6'6""",78.0,75.02,"6'3""",-2.98,plays_shorter,75.02,"6'3""",-2.98,plays_shorter
2026,Wesley Yates III,Washington,79127,6-4,"6'4""",76.0,76.38,"6'4""",0.38,plays_at_height,76.38,"6'4""",0.38,plays_at_height
2026,Jamari McDowell,Kansas,79129,6-4,"6'4""",76.0,75.83,"6'4""",-0.17,plays_at_height,75.83,"6'4""",-0.17,plays_at_height
2026,Jayson Petty,UMKC,79131,6-4,"6'4""",76.0,76.67,"6'5""",0.67,plays_at_height,76.67,"6'5""",0.67,plays_at_height
2026,Anthony Robinson,Xavier,79132,6-10,"6'10""",82.0,81.58,"6'10""",-0.42,plays_at_height,81.58,"6'10""",-0.42,plays_at_height
2026,Muneer Newton,Campbell,79134,6-5,"6'5""",77.0,80.21,"6'8""",3.21,plays_taller,80.21,"6'8""",3.21,plays_taller
2026,Gytis Nemeiksa,Hawaii,79138,6-8,"6'8""",80.0,78.3,"6'6""",-1.7,plays_shorter,78.3,"6'6""",-1.7,plays_shorter
2026,Marcus Glover,Incarnate Word,79140,6-8,"6'8""",80.0,79.95,"6'8""",-0.05,plays_at_height,79.95,"6'8""",-0.05,plays_at_height
2026,Ryan Sabol,Buffalo,79144,6-2,"6'2""",74.0,74.21,"6'2""",0.21,plays_at_height,74.21,"6'2""",0.21,plays_at_height
2026,Anquan Boldin Jr.,Florida A&M,79145,6-4,"6'4""",76.0,78.0,"6'6""",2.0,plays_taller,78.0,"6'6""",2.0,plays_taller
2026,Bryson Wilson,Binghamton,79147,6-5,"6'5""",77.0,77.81,"6'6""",0.81,plays_taller,77.81,"6'6""",0.81,plays_taller
2026,Churchill Abass,New Orleans,79150,6-10,"6'10""",82.0,84.26,"7'0""",2.26,plays_taller,84.26,"7'0""",2.26,plays_taller
2026,Ben Oosterbaan,St. Thomas,79154,6-6,"6'6""",78.0,77.87,"6'6""",-0.13,plays_at_height,77.87,"6'6""",-0.13,plays_at_height
2026,Aidan Cammann,Stanford,79155,6-10,"6'10""",82.0,79.11,"6'7""",-2.89,plays_shorter,79.11,"6'7""",-2.89,plays_shorter
2026,Andrej Stojakovic,Illinois,79156,6-7,"6'7""",79.0,78.28,"6'6""",-0.72,plays_at_height,78.28,"6'6""",-0.72,plays_at_height
2026,Carter Welling,Clemson,79159,6-10,"6'10""",82.0,81.64,"6'10""",-0.36,plays_at_height,81.64,"6'10""",-0.36,plays_at_height
2026,Marcus Adams Jr.,Arizona St.,79160,6-8,"6'8""",80.0,77.33,"6'5""",-2.67,plays_shorter,77.33,"6'5""",-2.67,plays_shorter
2026,Domas Kauzonas,UNC Greensboro,79164,6-10,"6'10""",82.0,77.83,"6'6""",-4.17,plays_shorter,77.83,"6'6""",-4.17,plays_shorter
2026,Derin Saran,UC Irvine,79165,6-5,"6'5""",77.0,76.22,"6'4""",-0.78,plays_shorter,76.22,"6'4""",-0.78,plays_shorter
2026,Berke Buyuktuncel,Nebraska,79168,6-9,"6'9""",81.0,81.38,"6'9""",0.38,plays_at_height,81.38,"6'9""",0.38,plays_at_height
2026,Dusty Stromer,Grand Canyon,79169,6-6,"6'6""",78.0,75.3,"6'3""",-2.7,plays_shorter,75.3,"6'3""",-2.7,plays_shorter
2026,Xavier Booker,UCLA,79173,6-11,"6'11""",83.0,80.99,"6'9""",-2.01,plays_shorter,80.99,"6'9""",-2.01,plays_shorter
2026,Coen Carr,Michigan St.,79174,6-6,"6'6""",78.0,82.36,"6'10""",4.36,plays_taller,82.36,"6'10""",4.36,plays_taller
2026,Brandon Williams,UCLA,79177,6-7,"6'7""",79.0,78.59,"6'7""",-0.41,plays_at_height,78.59,"6'7""",-0.41,plays_at_height
2026,Rashaan Mbemba,Colorado St.,79179,6-7,"6'7""",79.0,78.65,"6'7""",-0.35,plays_at_height,78.65,"6'7""",-0.35,plays_at_height
2026,Kyan Evans,North Carolina,79180,6-2,"6'2""",74.0,74.02,"6'2""",0.02,plays_at_height,74.02,"6'2""",0.02,plays_at_height
2026,Jaylin Stewart,Connecticut,79182,6-7,"6'7""",79.0,78.52,"6'7""",-0.48,plays_at_height,78.52,"6'7""",-0.48,plays_at_height
2026,Solo Ball,Connecticut,79183,6-3,"6'3""",75.0,76.93,"6'5""",1.93,plays_taller,76.93,"6'5""",1.93,plays_taller
2026,Jake DiMichele,Duquesne,79184,6-4,"6'4""",76.0,75.13,"6'3""",-0.87,plays_shorter,75.13,"6'3""",-0.87,plays_shorter
2026,Comeh Emuobor,New Hampshire,79185,6-5,"6'5""",77.0,77.96,"6'6""",0.96,plays_taller,77.96,"6'6""",0.96,plays_taller
2026,Arrinten Page,Northwestern,79189,6-11,"6'11""",83.0,82.14,"6'10""",-0.86,plays_shorter,82.14,"6'10""",-0.86,plays_shorter
2026,Brandon Gardner,Sacramento St.,79192,6-8,"6'8""",80.0,77.67,"6'6""",-2.33,plays_shorter,77.67,"6'6""",-2.33,plays_shorter
2026,Trevor Mullin,Yale,79193,6-0,"6'0""",72.0,75.49,"6'3""",3.49,plays_taller,75.49,"6'3""",3.49,plays_taller
2026,Viljami Vartiainen,Weber St.,79196,6-6,"6'6""",78.0,75.1,"6'3""",-2.9,plays_shorter,75.1,"6'3""",-2.9,plays_shorter
2026,Samson Aletan,Yale,79197,6-10,"6'10""",82.0,82.37,"6'10""",0.37,plays_at_height,82.37,"6'10""",0.37,plays_at_height
2026,Malcolm Wrisby-Jefferson,Brown,79199,6-4,"6'4""",76.0,76.33,"6'4""",0.33,plays_at_height,76.33,"6'4""",0.33,plays_at_height
2026,Adrian Uchidiuno,Brown,79201,6-2,"6'2""",74.0,75.74,"6'4""",1.74,plays_taller,75.74,"6'4""",1.74,plays_taller
2026,Luke Paragon,Brown,79202,6-4,"6'4""",76.0,75.08,"6'3""",-0.92,plays_shorter,75.08,"6'3""",-0.92,plays_shorter
2026,Zach Matulu,Albany,79205,6-2,"6'2""",74.0,78.04,"6'6""",4.04,plays_taller,78.04,"6'6""",4.04,plays_taller
2026,N'famara Dabo,Brown,79207,6-8,"6'8""",80.0,82.13,"6'10""",2.13,plays_taller,82.13,"6'10""",2.13,plays_taller
2026,Devon Barnes,Ball St.,79211,6-1,"6'1""",73.0,74.14,"6'2""",1.14,plays_taller,74.14,"6'2""",1.14,plays_taller
2026,C.J. Booker,Southeastern Louisiana,79215,5-9,"5'9""",69.0,73.95,"6'2""",4.95,plays_taller,73.95,"6'2""",4.95,plays_taller
2026,Traivar Jackson,Northern Arizona,79218,6-7,"6'7""",79.0,80.71,"6'9""",1.71,plays_taller,80.71,"6'9""",1.71,plays_taller
2026,Michael Houge,Oakland,79220,6-7,"6'7""",79.0,77.96,"6'6""",-1.04,plays_shorter,77.96,"6'6""",-1.04,plays_shorter
2026,DeAndre Craig,Purdue Fort Wayne,79221,6-0,"6'0""",72.0,75.0,"6'3""",3.0,plays_taller,75.0,"6'3""",3.0,plays_taller
2026,Jake Fiegen,Cornell,79225,6-4,"6'4""",76.0,78.01,"6'6""",2.01,plays_taller,78.01,"6'6""",2.01,plays_taller
2026,Kerrington Kiel,Troy,79227,6-6,"6'6""",78.0,78.48,"6'6""",0.48,plays_at_height,78.48,"6'6""",0.48,plays_at_height
2026,Ethan Kizer,South Dakota,79228,6-5,"6'5""",77.0,75.12,"6'3""",-1.88,plays_shorter,75.12,"6'3""",-1.88,plays_shorter
2026,Sonny Wilson,Toledo,79230,6-1,"6'1""",73.0,75.11,"6'3""",2.11,plays_taller,75.11,"6'3""",2.11,plays_taller
2026,Pasha Goodarzi,San Jose St.,79231,6-3,"6'3""",75.0,73.95,"6'2""",-1.05,plays_shorter,73.95,"6'2""",-1.05,plays_shorter
2026,Sam Lewis,Virginia,79232,6-7,"6'7""",79.0,77.06,"6'5""",-1.94,plays_shorter,77.06,"6'5""",-1.94,plays_shorter
2026,Grgur Brcic,Bucknell,79234,6-10,"6'10""",82.0,80.74,"6'9""",-1.26,plays_shorter,80.74,"6'9""",-1.26,plays_shorter
2026,John Broom,South Alabama,79235,6-5,"6'5""",77.0,76.87,"6'5""",-0.13,plays_at_height,76.87,"6'5""",-0.13,plays_at_height
2026,Marcus Millender,Georgia,79236,5-11,"5'11""",71.0,74.98,"6'3""",3.98,plays_taller,74.98,"6'3""",3.98,plays_taller
2026,Javon Jackson,Murray St.,79237,6-3,"6'3""",75.0,74.73,"6'3""",-0.27,plays_at_height,74.73,"6'3""",-0.27,plays_at_height
2026,Jacoi Hutchinson,Longwood,79240,6-3,"6'3""",75.0,75.59,"6'4""",0.59,plays_at_height,75.59,"6'4""",0.59,plays_at_height
2026,Jaylen Benard,Longwood,79241,6-2,"6'2""",74.0,77.36,"6'5""",3.36,plays_taller,77.36,"6'5""",3.36,plays_taller
2026,Brandon Hardy,Southern,79243,6-3,"6'3""",75.0,76.5,"6'5""",1.5,plays_taller,76.5,"6'5""",1.5,plays_taller
2026,London Fields,East Texas A&M,79245,6-5,"6'5""",77.0,75.75,"6'4""",-1.25,plays_shorter,75.75,"6'4""",-1.25,plays_shorter
2026,Jordan Burks,UCF,79248,6-9,"6'9""",81.0,78.97,"6'7""",-2.03,plays_shorter,78.97,"6'7""",-2.03,plays_shorter
2026,D.J. Wagner,Arkansas,79249,6-4,"6'4""",76.0,76.24,"6'4""",0.24,plays_at_height,76.24,"6'4""",0.24,plays_at_height
2026,Aaron Bradshaw,Memphis,79253,7-1,"7'1""",85.0,80.47,"6'8""",-4.53,plays_shorter,80.47,"6'8""",-4.53,plays_shorter
2026,Dai Dai Ames,California,79256,6-1,"6'1""",73.0,75.66,"6'4""",2.66,plays_taller,75.66,"6'4""",2.66,plays_taller
2026,Macaleab Rich,UTSA,79258,6-7,"6'7""",79.0,77.98,"6'6""",-1.02,plays_shorter,77.98,"6'6""",-1.02,plays_shorter
2026,RJ Johnson,Kennesaw St.,79259,6-4,"6'4""",76.0,76.68,"6'5""",0.68,plays_at_height,76.68,"6'5""",0.68,plays_at_height
2026,Frankquon Sherman,Kennesaw St.,79260,6-7,"6'7""",79.0,81.43,"6'9""",2.43,plays_taller,81.43,"6'9""",2.43,plays_taller
2026,Colby Garland,San Jose St.,79263,6-0,"6'0""",72.0,74.93,"6'3""",2.93,plays_taller,74.93,"6'3""",2.93,plays_taller
2026,Jalin Rice,Nicholls St.,79265,6-3,"6'3""",75.0,76.88,"6'5""",1.88,plays_taller,76.88,"6'5""",1.88,plays_taller
2026,Corey Stephenson,FIU,79266,6-6,"6'6""",78.0,78.67,"6'7""",0.67,plays_at_height,78.67,"6'7""",0.67,plays_at_height
2026,Tom Mark,Cal St. Bakersfield,79268,6-7,"6'7""",79.0,78.68,"6'7""",-0.32,plays_at_height,78.68,"6'7""",-0.32,plays_at_height
2026,Ocypher Owens,Tarleton St.,79271,6-7,"6'7""",79.0,77.71,"6'6""",-1.29,plays_shorter,77.71,"6'6""",-1.29,plays_shorter
2026,Trent Mosquera,Le Moyne,79273,6-4,"6'4""",76.0,77.37,"6'5""",1.37,plays_taller,77.37,"6'5""",1.37,plays_taller
2026,Cameron Faas,Fresno St.,79274,6-7,"6'7""",79.0,75.0,"6'3""",-4.0,plays_shorter,75.0,"6'3""",-4.0,plays_shorter
2026,Ben Brown,Dartmouth,79277,6-2,"6'2""",74.0,72.3,"6'0""",-1.7,plays_shorter,72.3,"6'0""",-1.7,plays_shorter
2026,Niko Abusara,Dartmouth,79279,6-5,"6'5""",77.0,77.92,"6'6""",0.92,plays_taller,77.92,"6'6""",0.92,plays_taller
2026,Jaiun Simon,Dayton,79280,6-6,"6'6""",78.0,78.72,"6'7""",0.72,plays_at_height,78.72,"6'7""",0.72,plays_at_height
2026,Yaniel Rivera,Abilene Christian,79284,6-4,"6'4""",76.0,75.22,"6'3""",-0.78,plays_shorter,75.22,"6'3""",-0.78,plays_shorter
2026,Etienne Strothers,Hampton,79285,6-2,"6'2""",74.0,76.3,"6'4""",2.3,plays_taller,76.3,"6'4""",2.3,plays_taller
2026,Assane Diop,San Diego,79288,6-9,"6'9""",81.0,79.74,"6'8""",-1.26,plays_shorter,79.74,"6'8""",-1.26,plays_shorter
2026,Zamoku Weluche-Ume,North Carolina A&T,79289,6-8,"6'8""",80.0,79.24,"6'7""",-0.76,plays_shorter,79.24,"6'7""",-0.76,plays_shorter
2026,Jurian Dixon,UC Irvine,79296,6-5,"6'5""",77.0,76.41,"6'4""",-0.59,plays_at_height,76.41,"6'4""",-0.59,plays_at_height
2026,Connor Sevilla,UC Davis,79301,6-0,"6'0""",72.0,74.57,"6'3""",2.57,plays_taller,74.57,"6'3""",2.57,plays_taller
2026,Randall Pettus II,Elon,79302,6-3,"6'3""",75.0,76.07,"6'4""",1.07,plays_taller,76.07,"6'4""",1.07,plays_taller
2026,Tyler Tejada,Towson,79303,6-8,"6'8""",80.0,77.25,"6'5""",-2.75,plays_shorter,77.25,"6'5""",-2.75,plays_shorter
2026,Mekhi Lowery,Illinois Chicago,79304,6-7,"6'7""",79.0,79.68,"6'8""",0.68,plays_at_height,79.68,"6'8""",0.68,plays_at_height
2026,Thomas Haugh,Florida,79305,6-9,"6'9""",81.0,80.76,"6'9""",-0.24,plays_at_height,80.76,"6'9""",-0.24,plays_at_height
2026,Bobby Durkin,Minnesota,79309,6-7,"6'7""",79.0,75.59,"6'4""",-3.41,plays_shorter,75.59,"6'4""",-3.41,plays_shorter
2026,Nasir Mann,Queens,79310,6-5,"6'5""",77.0,78.29,"6'6""",1.29,plays_taller,78.29,"6'6""",1.29,plays_taller
2026,Alex Condon,Florida,79312,6-11,"6'11""",83.0,82.65,"6'11""",-0.35,plays_at_height,82.65,"6'11""",-0.35,plays_at_height
2026,Malik Ferguson,Tennessee Tech,79314,6-4,"6'4""",76.0,74.77,"6'3""",-1.23,plays_shorter,74.77,"6'3""",-1.23,plays_shorter
2026,Nils Machowski,Wofford,79315,6-3,"6'3""",75.0,77.07,"6'5""",2.07,plays_taller,77.07,"6'5""",2.07,plays_taller
2026,Brandon Muntu,Tennessee Tech,79317,6-4,"6'4""",76.0,74.93,"6'3""",-1.07,plays_shorter,74.93,"6'3""",-1.07,plays_shorter
2026,Don McHenry,Utah,79318,6-1,"6'1""",73.0,75.53,"6'4""",2.53,plays_taller,75.53,"6'4""",2.53,plays_taller
2026,Tay Knox,Texas St.,79319,6-9,"6'9""",81.0,80.8,"6'9""",-0.2,plays_at_height,80.8,"6'9""",-0.2,plays_at_height
2026,Enoch Kalambay,Campbell,79321,6-6,"6'6""",78.0,78.07,"6'6""",0.07,plays_at_height,78.07,"6'6""",0.07,plays_at_height
2026,James Dent Jr.,Middle Tennessee,79322,6-5,"6'5""",77.0,76.31,"6'4""",-0.69,plays_at_height,76.31,"6'4""",-0.69,plays_at_height
2026,Arman Madi,Sacramento St.,79337,6-6,"6'6""",78.0,77.51,"6'6""",-0.49,plays_at_height,77.51,"6'6""",-0.49,plays_at_height
2026,"Dennis Parker, Jr.",Radford,79339,6-6,"6'6""",78.0,79.03,"6'7""",1.03,plays_taller,79.03,"6'7""",1.03,plays_taller
2026,Zach Kraft,North Dakota,79340,6-2,"6'2""",74.0,74.72,"6'3""",0.72,plays_at_height,74.72,"6'3""",0.72,plays_at_height
2026,Davide Poser,New Hampshire,79344,6-4,"6'4""",76.0,74.28,"6'2""",-1.72,plays_shorter,74.28,"6'2""",-1.72,plays_shorter
2026,Quinn Nielsen,Boston University,79351,6-11,"6'11""",83.0,80.14,"6'8""",-2.86,plays_shorter,80.14,"6'8""",-2.86,plays_shorter
2026,Caleb Foster,Duke,79353,6-5,"6'5""",77.0,76.16,"6'4""",-0.84,plays_shorter,76.16,"6'4""",-0.84,plays_shorter
2026,Sean Stewart,Oregon,79355,6-9,"6'9""",81.0,80.47,"6'8""",-0.53,plays_at_height,80.47,"6'8""",-0.53,plays_at_height
2026,TJ Power,Penn,79356,6-9,"6'9""",81.0,78.26,"6'6""",-2.74,plays_shorter,78.26,"6'6""",-2.74,plays_shorter
2026,Jakub Necas,Duquesne,79357,6-8,"6'8""",80.0,79.27,"6'7""",-0.73,plays_at_height,79.27,"6'7""",-0.73,plays_at_height
2026,Asa Thomas,Furman,79358,6-7,"6'7""",79.0,75.12,"6'3""",-3.88,plays_shorter,75.12,"6'3""",-3.88,plays_shorter
2026,Jack Graham,New Hampshire,79359,6-3,"6'3""",75.0,76.05,"6'4""",1.05,plays_taller,76.05,"6'4""",1.05,plays_taller
2026,Mikkel Tyne,Richmond,79360,5-10,"5'10""",70.0,73.83,"6'2""",3.83,plays_taller,73.83,"6'2""",3.83,plays_taller
2026,Ryan Soulis,Columbia,79362,6-10,"6'10""",82.0,80.13,"6'8""",-1.87,plays_shorter,80.13,"6'8""",-1.87,plays_shorter
2026,Collin Tanner,Richmond,79363,6-6,"6'6""",78.0,77.09,"6'5""",-0.91,plays_shorter,77.09,"6'5""",-0.91,plays_shorter
2026,Dean Shepherd,Delaware St.,79365,6-3,"6'3""",75.0,75.41,"6'3""",0.41,plays_at_height,75.41,"6'3""",0.41,plays_at_height
2026,Mari Jordan,Radford,79369,6-8,"6'8""",80.0,77.57,"6'6""",-2.43,plays_shorter,77.57,"6'6""",-2.43,plays_shorter
2026,Blue Cain,Georgia,79370,6-5,"6'5""",77.0,78.12,"6'6""",1.12,plays_taller,78.12,"6'6""",1.12,plays_taller
2026,Thomas Batties II,Harvard,79371,6-7,"6'7""",79.0,78.88,"6'7""",-0.12,plays_at_height,78.88,"6'7""",-0.12,plays_at_height
2026,Malik Mack,Georgetown,79373,6-2,"6'2""",74.0,75.0,"6'3""",1.0,plays_taller,75.0,"6'3""",1.0,plays_taller
2026,Gabe Sisk,East Tennessee St.,79378,6-6,"6'6""",78.0,78.96,"6'7""",0.96,plays_taller,78.96,"6'7""",0.96,plays_taller
2026,Oscar Cluff,Purdue,79380,6-11,"6'11""",83.0,83.7,"7'0""",0.7,plays_at_height,83.7,"7'0""",0.7,plays_at_height
2026,Melvin Council Jr.,Kansas,79381,6-4,"6'4""",76.0,77.27,"6'5""",1.27,plays_taller,77.27,"6'5""",1.27,plays_taller
2026,Isaiah Stafford,Southern Illinois,79384,6-2,"6'2""",74.0,76.58,"6'5""",2.58,plays_taller,76.58,"6'5""",2.58,plays_taller
2026,Allen Udemadu,Jacksonville,79388,6-10,"6'10""",82.0,78.74,"6'7""",-3.26,plays_shorter,78.74,"6'7""",-3.26,plays_shorter
2026,Roderick Coffee III,Grambling St.,79391,6-4,"6'4""",76.0,75.86,"6'4""",-0.14,plays_at_height,75.86,"6'4""",-0.14,plays_at_height
2026,Nasir Muhammad,Albany,79401,6-2,"6'2""",74.0,73.07,"6'1""",-0.93,plays_shorter,73.07,"6'1""",-0.93,plays_shorter
2026,William Kermoury,Northeastern,79402,6-5,"6'5""",77.0,75.02,"6'3""",-1.98,plays_shorter,75.02,"6'3""",-1.98,plays_shorter
2026,JB Frankel,Northeastern,79403,6-3,"6'3""",75.0,74.62,"6'3""",-0.38,plays_at_height,74.62,"6'3""",-0.38,plays_at_height
2026,Scotty Middleton,Tulane,79407,6-6,"6'6""",78.0,77.08,"6'5""",-0.92,plays_shorter,77.08,"6'5""",-0.92,plays_shorter
2026,Taison Chatman,Ohio St.,79408,6-4,"6'4""",76.0,76.31,"6'4""",0.31,plays_at_height,76.31,"6'4""",0.31,plays_at_height
2026,Devin Royal,Ohio St.,79409,6-6,"6'6""",78.0,78.74,"6'7""",0.74,plays_at_height,78.74,"6'7""",0.74,plays_at_height
2026,Kolby Gilles,Air Force,79414,6-5,"6'5""",77.0,77.11,"6'5""",0.11,plays_at_height,77.11,"6'5""",0.11,plays_at_height
2026,Po'Boigh King,Sam Houston St.,79416,6-4,"6'4""",76.0,74.55,"6'3""",-1.45,plays_shorter,74.55,"6'3""",-1.45,plays_shorter
2026,Josh Smith,West Georgia,79420,6-4,"6'4""",76.0,74.99,"6'3""",-1.01,plays_shorter,74.99,"6'3""",-1.01,plays_shorter
2026,Caleb Walker,Air Force,79430,6-9,"6'9""",81.0,80.12,"6'8""",-0.88,plays_shorter,80.12,"6'8""",-0.88,plays_shorter
2026,Wesley Celichowski,Air Force,79431,7-0,"7'0""",84.0,77.35,"6'5""",-6.65,plays_shorter,77.35,"6'5""",-6.65,plays_shorter
2026,Zaire Hayes,Texas Southern,79446,6-2,"6'2""",74.0,74.11,"6'2""",0.11,plays_at_height,74.11,"6'2""",0.11,plays_at_height
2026,JaVar Daniel,West Georgia,79462,6-10,"6'10""",82.0,82.26,"6'10""",0.26,plays_at_height,82.26,"6'10""",0.26,plays_at_height
2026,Drew McKenna,Old Dominion,79474,6-7,"6'7""",79.0,77.76,"6'6""",-1.24,plays_shorter,77.76,"6'6""",-1.24,plays_shorter
2026,Jacob Cofie,USC,126518,6-10,"6'10""",82.0,81.5,"6'9""",-0.5,plays_at_height,81.5,"6'9""",-0.5,plays_at_height
2026,Jayden Fort,Georgetown,126519,6-9,"6'9""",81.0,80.63,"6'9""",-0.37,plays_at_height,80.63,"6'9""",-0.37,plays_at_height
2026,Max Langenfeld,Florida Atlantic,126520,6-6,"6'6""",78.0,75.36,"6'3""",-2.64,plays_shorter,75.36,"6'3""",-2.64,plays_shorter
2026,Billy Richmond III,Arkansas,126521,6-6,"6'6""",78.0,80.09,"6'8""",2.09,plays_taller,80.09,"6'8""",2.09,plays_taller
2026,Casmir Chavis,UT Arlington,126524,6-0,"6'0""",72.0,76.69,"6'5""",4.69,plays_taller,76.69,"6'5""",4.69,plays_taller
2026,Karter Knox,Arkansas,126525,6-6,"6'6""",78.0,78.92,"6'7""",0.92,plays_taller,78.92,"6'7""",0.92,plays_taller
2026,Cole Franklin,North Texas,126529,6-4,"6'4""",76.0,78.4,"6'6""",2.4,plays_taller,78.4,"6'6""",2.4,plays_taller
2026,Isaiah Elohim,Florida Atlantic,126531,6-5,"6'5""",77.0,77.1,"6'5""",0.1,plays_at_height,77.1,"6'5""",0.1,plays_at_height
2026,Jamal Fuller,LIU,126532,6-5,"6'5""",77.0,78.87,"6'7""",1.87,plays_taller,78.87,"6'7""",1.87,plays_taller
2026,Maurio Hanson Jr.,Maryland Eastern Shore,126535,6-7,"6'7""",79.0,78.62,"6'7""",-0.38,plays_at_height,78.62,"6'7""",-0.38,plays_at_height
2026,Michael Marcus Jr.,Appalachian St.,126536,6-9,"6'9""",81.0,78.67,"6'7""",-2.33,plays_shorter,78.67,"6'7""",-2.33,plays_shorter
2026,Ace Buckner,Clemson,126538,6-2,"6'2""",74.0,77.59,"6'6""",3.59,plays_taller,77.59,"6'6""",3.59,plays_taller
2026,Del Jones,Radford,126539,6-3,"6'3""",75.0,76.05,"6'4""",1.05,plays_taller,76.05,"6'4""",1.05,plays_taller
2026,Ryan Williams,Northeastern,126541,6-4,"6'4""",76.0,74.66,"6'3""",-1.34,plays_shorter,74.66,"6'3""",-1.34,plays_shorter
2026,Joson Sanon,St. John's,126544,6-5,"6'5""",77.0,75.93,"6'4""",-1.07,plays_shorter,75.93,"6'4""",-1.07,plays_shorter
2026,Jaylen Robinson,Richmond,126547,6-6,"6'6""",78.0,79.02,"6'7""",1.02,plays_taller,79.02,"6'7""",1.02,plays_taller
2026,Kur Teng,Michigan St.,126556,6-4,"6'4""",76.0,75.02,"6'3""",-0.98,plays_shorter,75.02,"6'3""",-0.98,plays_shorter
2026,Daniil Glazkov,Loyola Chicago,126559,6-6,"6'6""",78.0,76.45,"6'4""",-1.55,plays_shorter,76.45,"6'4""",-1.55,plays_shorter
2026,Sam Springer,Loyola MD,126565,6-7,"6'7""",79.0,74.82,"6'3""",-4.18,plays_shorter,74.82,"6'3""",-4.18,plays_shorter
2026,Eli Robinson,Air Force,126567,6-6,"6'6""",78.0,78.31,"6'6""",0.31,plays_at_height,78.31,"6'6""",0.31,plays_at_height
2026,Grady Lewis,Cal St. Northridge,126570,6-9,"6'9""",81.0,79.14,"6'7""",-1.86,plays_shorter,79.14,"6'7""",-1.86,plays_shorter
2026,Tavion Banks,Iowa,126572,6-7,"6'7""",79.0,79.92,"6'8""",0.92,plays_taller,79.92,"6'8""",0.92,plays_taller
2026,Isaia Howard,Iowa,126574,6-5,"6'5""",77.0,78.69,"6'7""",1.69,plays_taller,78.69,"6'7""",1.69,plays_taller
2026,Kamrin Oriol,North Florida,126575,6-2,"6'2""",74.0,74.39,"6'2""",0.39,plays_at_height,74.39,"6'2""",0.39,plays_at_height
2026,Tye Dorset,Merrimack,126576,6-3,"6'3""",75.0,76.6,"6'5""",1.6,plays_taller,76.6,"6'5""",1.6,plays_taller
2026,Jaylan Ouwinga,Toledo,126578,6-8,"6'8""",80.0,79.1,"6'7""",-0.9,plays_shorter,79.1,"6'7""",-0.9,plays_shorter
2026,Marcus Overstreet,San Jose St.,126579,6-9,"6'9""",81.0,79.71,"6'8""",-1.29,plays_shorter,79.71,"6'8""",-1.29,plays_shorter
2026,Trent Perry,UCLA,126582,6-4,"6'4""",76.0,75.78,"6'4""",-0.22,plays_at_height,75.78,"6'4""",-0.22,plays_at_height
2026,Eric Freeny,UCLA,126583,6-4,"6'4""",76.0,76.15,"6'4""",0.15,plays_at_height,76.15,"6'4""",0.15,plays_at_height
2026,David Hermes,UNC Asheville,126584,6-10,"6'10""",82.0,73.43,"6'1""",-8.57,plays_shorter,73.43,"6'1""",-8.57,plays_shorter
2026,Baboucarr Njie,UTSA,126586,6-6,"6'6""",78.0,79.73,"6'8""",1.73,plays_taller,79.73,"6'8""",1.73,plays_taller
2026,Cooper Campbell,Troy,126590,6-2,"6'2""",74.0,75.04,"6'3""",1.04,plays_taller,75.04,"6'3""",1.04,plays_taller
2026,Cobi Campbell,Troy,126591,6-2,"6'2""",74.0,73.99,"6'2""",-0.01,plays_at_height,73.99,"6'2""",-0.01,plays_at_height
2026,Austin Cross,Troy,126592,6-3,"6'3""",75.0,74.19,"6'2""",-0.81,plays_shorter,74.19,"6'2""",-0.81,plays_shorter
2026,Kevin de Kovachich,North Alabama,126595,6-4,"6'4""",76.0,75.34,"6'3""",-0.66,plays_at_height,75.34,"6'3""",-0.66,plays_at_height
2026,Tyler Boston,Holy Cross,126601,6-0,"6'0""",72.0,74.76,"6'3""",2.76,plays_taller,74.76,"6'3""",2.76,plays_taller
2026,Isaiah Chappell,UC Davis,126605,6-9,"6'9""",81.0,77.46,"6'5""",-3.54,plays_shorter,77.46,"6'5""",-3.54,plays_shorter
2026,Arlandus Keyes,Mount St. Mary's,126608,6-2,"6'2""",74.0,76.46,"6'4""",2.46,plays_taller,76.46,"6'4""",2.46,plays_taller
2026,Nicholas Shogbonyo,Texas A&M Corpus Chris,126609,6-1,"6'1""",73.0,76.47,"6'4""",3.47,plays_taller,76.47,"6'4""",3.47,plays_taller
2026,Houran Dan,Seattle,126615,6-10,"6'10""",82.0,79.37,"6'7""",-2.63,plays_shorter,79.37,"6'7""",-2.63,plays_shorter
2026,Quel'Ron House,Southern Illinois,126619,6-0,"6'0""",72.0,75.72,"6'4""",3.72,plays_taller,75.72,"6'4""",3.72,plays_taller
2026,Collin Chandler,Kentucky,126620,6-5,"6'5""",77.0,77.02,"6'5""",0.02,plays_at_height,77.02,"6'5""",0.02,plays_at_height
2026,Jack Daugherty,Illinois St.,126621,6-8,"6'8""",80.0,73.51,"6'2""",-6.49,plays_shorter,73.51,"6'2""",-6.49,plays_shorter
2026,Brady Shoulders,Mercer,126622,6-6,"6'6""",78.0,77.78,"6'6""",-0.22,plays_at_height,77.78,"6'6""",-0.22,plays_at_height
2026,Andrija Vukovic,Oklahoma St.,126630,6-11,"6'11""",83.0,79.45,"6'7""",-3.55,plays_shorter,79.45,"6'7""",-3.55,plays_shorter
2026,Tyrone Riley IV,San Francisco,126632,6-6,"6'6""",78.0,77.89,"6'6""",-0.11,plays_at_height,77.89,"6'6""",-0.11,plays_at_height
2026,James O'Donnell,Portland,126633,6-10,"6'10""",82.0,79.43,"6'7""",-2.57,plays_shorter,79.43,"6'7""",-2.57,plays_shorter
2026,Zaxton King,Missouri St.,126635,6-3,"6'3""",75.0,74.67,"6'3""",-0.33,plays_at_height,74.67,"6'3""",-0.33,plays_at_height
2026,Makhai Valentine,Northern Illinois,126636,6-3,"6'3""",75.0,77.09,"6'5""",2.09,plays_taller,77.09,"6'5""",2.09,plays_taller
2026,Josh Hill,Robert Morris,126640,6-11,"6'11""",83.0,78.74,"6'7""",-4.26,plays_shorter,78.74,"6'7""",-4.26,plays_shorter
2026,Amir Lindsey,Albany,126642,5-11,"5'11""",71.0,74.52,"6'3""",3.52,plays_taller,74.52,"6'3""",3.52,plays_taller
2026,Cooper Koch,Iowa,126644,6-8,"6'8""",80.0,76.61,"6'5""",-3.39,plays_shorter,76.61,"6'5""",-3.39,plays_shorter
2026,Martin Somerville,Florida St.,126649,6-3,"6'3""",75.0,74.62,"6'3""",-0.38,plays_at_height,74.62,"6'3""",-0.38,plays_at_height
2026,Britton Berrett,Utah Tech,126651,6-5,"6'5""",77.0,75.45,"6'3""",-1.55,plays_shorter,75.45,"6'3""",-1.55,plays_shorter
2026,Tahaad Pettiford,Auburn,126654,6-1,"6'1""",73.0,76.65,"6'5""",3.65,plays_taller,76.65,"6'5""",3.65,plays_taller
2026,Aidan Richard,Holy Cross,126662,6-6,"6'6""",78.0,75.47,"6'3""",-2.53,plays_shorter,75.47,"6'3""",-2.53,plays_shorter
2026,Max Pikaar,Southern Illinois,126667,7-0,"7'0""",84.0,79.54,"6'8""",-4.46,plays_shorter,79.54,"6'8""",-4.46,plays_shorter
2026,Riley Fox,Yale,126673,6-6,"6'6""",78.0,75.65,"6'4""",-2.35,plays_shorter,75.65,"6'4""",-2.35,plays_shorter
2026,Jaden Jackson,South Dakota St.,126674,6-0,"6'0""",72.0,75.32,"6'3""",3.32,plays_taller,75.32,"6'3""",3.32,plays_taller
2026,Owen Larson,Drake,126675,6-1,"6'1""",73.0,75.11,"6'3""",2.11,plays_taller,75.11,"6'3""",2.11,plays_taller
2026,Myles Corey,Rhode Island,126681,6-1,"6'1""",73.0,78.39,"6'6""",5.39,plays_taller,78.39,"6'6""",5.39,plays_taller
2026,Dillon Battie,Wichita St.,126682,6-8,"6'8""",80.0,80.42,"6'8""",0.42,plays_at_height,80.42,"6'8""",0.42,plays_at_height
2026,Aiden Tobiason,Temple,126683,6-5,"6'5""",77.0,77.61,"6'6""",0.61,plays_at_height,77.61,"6'6""",0.61,plays_at_height
2026,Holden Pierre-Louis,Cleveland St.,126684,6-8,"6'8""",80.0,79.42,"6'7""",-0.58,plays_at_height,79.42,"6'7""",-0.58,plays_at_height
2026,Luke Davis,East Carolina,126687,6-8,"6'8""",80.0,79.15,"6'7""",-0.85,plays_shorter,79.15,"6'7""",-0.85,plays_shorter
2026,Jakai Sanders,Le Moyne,126688,6-3,"6'3""",75.0,75.99,"6'4""",0.99,plays_taller,75.99,"6'4""",0.99,plays_taller
2026,Mykolaus Ivanauskas,Mercyhurst,126689,6-8,"6'8""",80.0,79.08,"6'7""",-0.92,plays_shorter,79.08,"6'7""",-0.92,plays_shorter
2026,Sir Mohammed,Notre Dame,126692,6-6,"6'6""",78.0,76.2,"6'4""",-1.8,plays_shorter,76.2,"6'4""",-1.8,plays_shorter
2026,Cole Certa,Notre Dame,126693,6-5,"6'5""",77.0,74.38,"6'2""",-2.62,plays_shorter,74.38,"6'2""",-2.62,plays_shorter
2026,Raysean Seamster,UT Arlington,126695,6-8,"6'8""",80.0,79.89,"6'8""",-0.11,plays_at_height,79.89,"6'8""",-0.11,plays_at_height
2026,Jovan Jester Jr.,UC Irvine,126696,6-4,"6'4""",76.0,78.05,"6'6""",2.05,plays_taller,78.05,"6'6""",2.05,plays_taller
2026,Karmani Gregory,USC Upstate,126699,6-1,"6'1""",73.0,74.54,"6'3""",1.54,plays_taller,74.54,"6'3""",1.54,plays_taller
2026,Breylin Garcia,USC Upstate,126701,6-6,"6'6""",78.0,78.46,"6'6""",0.46,plays_at_height,78.46,"6'6""",0.46,plays_at_height
2026,Daniel Helterhoff,Rider,126703,6-10,"6'10""",82.0,76.59,"6'5""",-5.41,plays_shorter,76.59,"6'5""",-5.41,plays_shorter
2026,Treyson Anderson,North Dakota St.,126704,6-9,"6'9""",81.0,81.93,"6'10""",0.93,plays_taller,81.93,"6'10""",0.93,plays_taller
2026,Malachi Palmer,Villanova,126705,6-6,"6'6""",78.0,76.47,"6'4""",-1.53,plays_shorter,76.47,"6'4""",-1.53,plays_shorter
2026,Andy Stefonowicz,North Dakota St.,126707,6-2,"6'2""",74.0,75.34,"6'3""",1.34,plays_taller,75.34,"6'3""",1.34,plays_taller
2026,Carson Smith,North Dakota St.,126708,6-6,"6'6""",78.0,75.56,"6'4""",-2.44,plays_shorter,75.56,"6'4""",-2.44,plays_shorter
2026,Jayden Mott,Central Connecticut,126710,6-8,"6'8""",80.0,77.77,"6'6""",-2.23,plays_shorter,77.77,"6'6""",-2.23,plays_shorter
2026,DaMariee Jones,Southern,126711,6-5,"6'5""",77.0,80.27,"6'8""",3.27,plays_taller,80.27,"6'8""",3.27,plays_taller
2026,Florian Tenebay,South Carolina St.,126712,6-6,"6'6""",78.0,75.83,"6'4""",-2.17,plays_shorter,75.83,"6'4""",-2.17,plays_shorter
2026,Jerquarius Stanback,Alabama St.,126713,6-10,"6'10""",82.0,82.55,"6'11""",0.55,plays_at_height,82.55,"6'11""",0.55,plays_at_height
2026,Elijah Malone,Colorado,126722,6-10,"6'10""",82.0,78.16,"6'6""",-3.84,plays_shorter,78.16,"6'6""",-3.84,plays_shorter
2026,Dorian McMillian,Jackson St.,126727,6-3,"6'3""",75.0,75.26,"6'3""",0.26,plays_at_height,75.26,"6'3""",0.26,plays_at_height
2026,Jalen Tatum,Jackson St.,126728,6-4,"6'4""",76.0,76.32,"6'4""",0.32,plays_at_height,76.32,"6'4""",0.32,plays_at_height
2026,Ebo Wilson,Jackson St.,126729,6-10,"6'10""",82.0,75.96,"6'4""",-6.04,plays_shorter,75.96,"6'4""",-6.04,plays_shorter
2026,Sean Craig,Toledo,126732,6-7,"6'7""",79.0,77.47,"6'5""",-1.53,plays_shorter,77.47,"6'5""",-1.53,plays_shorter
2026,John Mobley Jr.,Ohio St.,126733,6-1,"6'1""",73.0,74.58,"6'3""",1.58,plays_taller,74.58,"6'3""",1.58,plays_taller
2026,Jordan Rogers,NJIT,126737,6-6,"6'6""",78.0,78.3,"6'6""",0.3,plays_at_height,78.3,"6'6""",0.3,plays_at_height
2026,Jaye Nash,Jacksonville St.,126738,6-3,"6'3""",75.0,76.37,"6'4""",1.37,plays_taller,76.37,"6'4""",1.37,plays_taller
2026,Scooter Williams Jr.,Louisiana Tech,126744,6-5,"6'5""",77.0,78.16,"6'6""",1.16,plays_taller,78.16,"6'6""",1.16,plays_taller
2026,Liutauras Lelevicius,TCU,126747,6-7,"6'7""",79.0,76.76,"6'5""",-2.24,plays_shorter,76.76,"6'5""",-2.24,plays_shorter
2026,Charles Johnston,Furman,126749,6-11,"6'11""",83.0,80.91,"6'9""",-2.09,plays_shorter,80.91,"6'9""",-2.09,plays_shorter
2026,Tomas Thrastarson,Washington St.,126750,6-6,"6'6""",78.0,77.96,"6'6""",-0.04,plays_at_height,77.96,"6'6""",-0.04,plays_at_height
2026,Karris Bilal,Louisiana,126753,6-2,"6'2""",74.0,74.87,"6'3""",0.87,plays_taller,74.87,"6'3""",0.87,plays_taller
2026,Kieran Elliott,Cal Poly,126754,6-6,"6'6""",78.0,77.24,"6'5""",-0.76,plays_shorter,77.24,"6'5""",-0.76,plays_shorter
2026,Ty Davis,Creighton,126756,6-4,"6'4""",76.0,75.88,"6'4""",-0.12,plays_at_height,75.88,"6'4""",-0.12,plays_at_height
2026,Larry Johnson,McNeese St.,126757,6-4,"6'4""",76.0,80.03,"6'8""",4.03,plays_taller,80.03,"6'8""",4.03,plays_taller
2026,Zoom Diallo,Washington,126760,6-4,"6'4""",76.0,76.88,"6'5""",0.88,plays_taller,76.88,"6'5""",0.88,plays_taller
2026,Jase Butler,Colorado St.,126761,6-4,"6'4""",76.0,75.89,"6'4""",-0.11,plays_at_height,75.89,"6'4""",-0.11,plays_at_height
2026,Kyle Pulliam,William & Mary,126763,6-4,"6'4""",76.0,77.66,"6'6""",1.66,plays_taller,77.66,"6'6""",1.66,plays_taller
2026,Jordan Pyke,Incarnate Word,126765,6-7,"6'7""",79.0,78.4,"6'6""",-0.6,plays_at_height,78.4,"6'6""",-0.6,plays_at_height
2026,Peter Kramer,Lehigh,126768,6-5,"6'5""",77.0,75.03,"6'3""",-1.97,plays_shorter,75.03,"6'3""",-1.97,plays_shorter
2026,Hank Alvey,Lehigh,126769,6-9,"6'9""",81.0,81.64,"6'10""",0.64,plays_at_height,81.64,"6'10""",0.64,plays_at_height
2026,Edouard Benoit,Lehigh,126770,6-8,"6'8""",80.0,77.04,"6'5""",-2.96,plays_shorter,77.04,"6'5""",-2.96,plays_shorter
2026,Alfredo Addesa,Lehigh,126771,6-10,"6'10""",82.0,77.35,"6'5""",-4.65,plays_shorter,77.35,"6'5""",-4.65,plays_shorter
2026,David Castillo,Kansas St.,126779,6-1,"6'1""",73.0,75.25,"6'3""",2.25,plays_taller,75.25,"6'3""",2.25,plays_taller
2026,Jayden Williams,Bucknell,126780,5-10,"5'10""",70.0,74.47,"6'2""",4.47,plays_taller,74.47,"6'2""",4.47,plays_taller
2026,Mobi Ikegwuruka,Kansas St.,126781,6-6,"6'6""",78.0,78.54,"6'7""",0.54,plays_at_height,78.54,"6'7""",0.54,plays_at_height
2026,Fatt Hill,George Mason,126786,6-5,"6'5""",77.0,77.89,"6'6""",0.89,plays_taller,77.89,"6'6""",0.89,plays_taller
2026,Evan Anderson,South Dakota,126788,6-4,"6'4""",76.0,76.06,"6'4""",0.06,plays_at_height,76.06,"6'4""",0.06,plays_at_height
2026,Ben Michaels,Vermont,126797,6-8,"6'8""",80.0,78.07,"6'6""",-1.93,plays_shorter,78.07,"6'6""",-1.93,plays_shorter
2026,Leon Horner,Texas Tech,126800,6-4,"6'4""",76.0,77.09,"6'5""",1.09,plays_taller,77.09,"6'5""",1.09,plays_taller
2026,Kavon Bradford,Northern Arizona,126801,6-1,"6'1""",73.0,75.24,"6'3""",2.24,plays_taller,75.24,"6'3""",2.24,plays_taller
2026,Brandon Jennings,VCU,126803,6-4,"6'4""",76.0,78.52,"6'7""",2.52,plays_taller,78.52,"6'7""",2.52,plays_taller
2026,Jaxon Olvera,Louisiana,126811,6-5,"6'5""",77.0,76.12,"6'4""",-0.88,plays_shorter,76.12,"6'4""",-0.88,plays_shorter
2026,Nilavan Daniels,Providence,126813,6-3,"6'3""",75.0,76.37,"6'4""",1.37,plays_taller,76.37,"6'4""",1.37,plays_taller
2026,Pape N'Diaye,Xavier,126814,7-0,"7'0""",84.0,81.22,"6'9""",-2.78,plays_shorter,81.22,"6'9""",-2.78,plays_shorter
2026,Justin Pippen,California,126817,6-3,"6'3""",75.0,77.56,"6'6""",2.56,plays_taller,77.56,"6'6""",2.56,plays_taller
2026,Cole McCabe,Rider,126819,6-8,"6'8""",80.0,76.87,"6'5""",-3.13,plays_shorter,76.87,"6'5""",-3.13,plays_shorter
2026,Landren Blocker,Southeast Missouri St.,126820,6-5,"6'5""",77.0,79.83,"6'8""",2.83,plays_taller,79.83,"6'8""",2.83,plays_taller
2026,AJ Bates,Louisiana Tech,126821,6-3,"6'3""",75.0,74.99,"6'3""",-0.01,plays_at_height,74.99,"6'3""",-0.01,plays_at_height
2026,Al Green,UNLV,126822,6-3,"6'3""",75.0,75.97,"6'4""",0.97,plays_taller,75.97,"6'4""",0.97,plays_taller
2026,Daniel Freitag,Buffalo,126824,6-2,"6'2""",74.0,76.67,"6'5""",2.67,plays_taller,76.67,"6'5""",2.67,plays_taller
2026,Redd Thompson Jr.,Longwood,126826,6-0,"6'0""",72.0,74.33,"6'2""",2.33,plays_taller,74.33,"6'2""",2.33,plays_taller
2026,Eric Morgan Jr.,Saint Peter's,126828,6-4,"6'4""",76.0,74.6,"6'3""",-1.4,plays_shorter,74.6,"6'3""",-1.4,plays_shorter
2026,Nakavieon White,Georgia Southern,126831,6-7,"6'7""",79.0,77.58,"6'6""",-1.42,plays_shorter,77.58,"6'6""",-1.42,plays_shorter
2026,Josh Omojafo,South Florida,126835,6-5,"6'5""",77.0,78.46,"6'6""",1.46,plays_taller,78.46,"6'6""",1.46,plays_taller
2026,Braden Frager,Nebraska,126836,6-7,"6'7""",79.0,78.16,"6'6""",-0.84,plays_shorter,78.16,"6'6""",-0.84,plays_shorter
2026,Caleb Williams,Lafayette,126841,6-0,"6'0""",72.0,74.99,"6'3""",2.99,plays_taller,74.99,"6'3""",2.99,plays_taller
2026,Andrin Njock,Appalachian St.,126843,6-6,"6'6""",78.0,78.61,"6'7""",0.61,plays_at_height,78.61,"6'7""",0.61,plays_at_height
2026,Josiah Moseley,Texas Tech,126845,6-8,"6'8""",80.0,82.15,"6'10""",2.15,plays_taller,82.15,"6'10""",2.15,plays_taller
2026,Alex Dupre,Portland St.,126847,6-5,"6'5""",77.0,74.47,"6'2""",-2.53,plays_shorter,74.47,"6'2""",-2.53,plays_shorter
2026,Terry McMorris,Eastern Illinois,126850,6-7,"6'7""",79.0,80.05,"6'8""",1.05,plays_taller,80.05,"6'8""",1.05,plays_taller
2026,Sekou Konneh,Milwaukee,126852,6-9,"6'9""",81.0,82.54,"6'11""",1.54,plays_taller,82.54,"6'11""",1.54,plays_taller
2026,All Wright,Xavier,126859,6-3,"6'3""",75.0,74.37,"6'2""",-0.63,plays_at_height,74.37,"6'2""",-0.63,plays_at_height
2026,Justus McNair,Valparaiso,126860,6-3,"6'3""",75.0,76.13,"6'4""",1.13,plays_taller,76.13,"6'4""",1.13,plays_taller
2026,Je'Shawn Stevenson,North Texas,126862,6-2,"6'2""",74.0,76.72,"6'5""",2.72,plays_taller,76.72,"6'5""",2.72,plays_taller
2026,Reece Robinson,North Texas,126863,6-8,"6'8""",80.0,79.22,"6'7""",-0.78,plays_shorter,79.22,"6'7""",-0.78,plays_shorter
2026,Brandon Hall,Duquesne,126864,6-3,"6'3""",75.0,74.89,"6'3""",-0.11,plays_at_height,74.89,"6'3""",-0.11,plays_at_height
2026,Eze Wali,The Citadel,126868,6-1,"6'1""",73.0,75.57,"6'4""",2.57,plays_taller,75.57,"6'4""",2.57,plays_taller
2026,Oswin Erhunmwunse,Providence,126870,6-10,"6'10""",82.0,84.55,"7'1""",2.55,plays_taller,84.55,"7'1""",2.55,plays_taller
2026,Davian Williams,Alcorn St.,126871,6-0,"6'0""",72.0,75.53,"6'4""",3.53,plays_taller,75.53,"6'4""",3.53,plays_taller
2026,Dylan Grant,Rutgers,126873,6-7,"6'7""",79.0,78.67,"6'7""",-0.33,plays_at_height,78.67,"6'7""",-0.33,plays_at_height
2026,Brayden Fagbemi,UC Davis,126879,6-0,"6'0""",72.0,75.82,"6'4""",3.82,plays_taller,75.82,"6'4""",3.82,plays_taller
2026,Tyran Mason,UT Arlington,126881,6-6,"6'6""",78.0,77.88,"6'6""",-0.12,plays_at_height,77.88,"6'6""",-0.12,plays_at_height
2026,Valentino Simon,Nebraska Omaha,126882,6-5,"6'5""",77.0,79.99,"6'8""",2.99,plays_taller,79.99,"6'8""",2.99,plays_taller
2026,Kamryn Thomas,Nebraska Omaha,126885,6-8,"6'8""",80.0,77.41,"6'5""",-2.59,plays_shorter,77.41,"6'5""",-2.59,plays_shorter
2026,Yoav Berman,Queens,126893,6-6,"6'6""",78.0,76.61,"6'5""",-1.39,plays_shorter,76.61,"6'5""",-1.39,plays_shorter
2026,Justin Ray,Monmouth,126895,6-3,"6'3""",75.0,75.65,"6'4""",0.65,plays_at_height,75.65,"6'4""",0.65,plays_at_height
2026,Maban Jabriel,Queens,126899,6-9,"6'9""",81.0,77.79,"6'6""",-3.21,plays_shorter,77.79,"6'6""",-3.21,plays_shorter
2026,Tristen Guillouette,Florida Gulf Coast,126903,6-10,"6'10""",82.0,80.37,"6'8""",-1.63,plays_shorter,80.37,"6'8""",-1.63,plays_shorter
2026,Isaac Davis,Utah Valley,126905,6-8,"6'8""",80.0,80.41,"6'8""",0.41,plays_at_height,80.41,"6'8""",0.41,plays_at_height
2026,Mekhi Conner,Sacred Heart,126908,6-1,"6'1""",73.0,74.44,"6'2""",1.44,plays_taller,74.44,"6'2""",1.44,plays_taller
2026,Marcus Wilson,UC Davis,126910,6-3,"6'3""",75.0,76.36,"6'4""",1.36,plays_taller,76.36,"6'4""",1.36,plays_taller
2026,Matt Hodge,Villanova,126912,6-8,"6'8""",80.0,77.74,"6'6""",-2.26,plays_shorter,77.74,"6'6""",-2.26,plays_shorter
2026,Fallou Gueye,Sacred Heart,126914,6-6,"6'6""",78.0,74.85,"6'3""",-3.15,plays_shorter,74.85,"6'3""",-3.15,plays_shorter
2026,Donovan Rakotonanahary,Northern Kentucky,126916,6-8,"6'8""",80.0,78.72,"6'7""",-1.28,plays_shorter,78.72,"6'7""",-1.28,plays_shorter
2026,Lenard Taylor Jr.,Florida A&M,126917,6-2,"6'2""",74.0,75.07,"6'3""",1.07,plays_taller,75.07,"6'3""",1.07,plays_taller
2026,Patrick Ngongba,Duke,126923,6-11,"6'11""",83.0,83.63,"7'0""",0.63,plays_at_height,83.63,"7'0""",0.63,plays_at_height
2026,Isaiah Evans,Duke,126924,6-6,"6'6""",78.0,78.3,"6'6""",0.3,plays_at_height,78.3,"6'6""",0.3,plays_at_height
2026,Darren Harris,Duke,126926,6-6,"6'6""",78.0,76.22,"6'4""",-1.78,plays_shorter,76.22,"6'4""",-1.78,plays_shorter
2026,Dayan Nessah,Cleveland St.,126928,6-7,"6'7""",79.0,79.53,"6'8""",0.53,plays_at_height,79.53,"6'8""",0.53,plays_at_height
2026,Chris Arias,Jacksonville,126930,6-6,"6'6""",78.0,75.17,"6'3""",-2.83,plays_shorter,75.17,"6'3""",-2.83,plays_shorter
2026,Dailliss Cox,Chicago St.,126940,6-6,"6'6""",78.0,76.11,"6'4""",-1.89,plays_shorter,76.11,"6'4""",-1.89,plays_shorter
2026,Caden Diggs,UMBC,126942,6-7,"6'7""",79.0,77.68,"6'6""",-1.32,plays_shorter,77.68,"6'6""",-1.32,plays_shorter
2026,Ibrahim Olajuwon,FIU,126943,6-10,"6'10""",82.0,79.73,"6'8""",-2.27,plays_shorter,79.73,"6'8""",-2.27,plays_shorter
2026,Ashton Williamson,FIU,126944,6-2,"6'2""",74.0,75.37,"6'3""",1.37,plays_taller,75.37,"6'3""",1.37,plays_taller
2026,Asim Jones,Quinnipiac,126945,6-2,"6'2""",74.0,75.68,"6'4""",1.68,plays_taller,75.68,"6'4""",1.68,plays_taller
2026,Scottie Hubbard,Old Dominion,126946,6-6,"6'6""",78.0,75.85,"6'4""",-2.15,plays_shorter,75.85,"6'4""",-2.15,plays_shorter
2026,Nic Codie,Texas,126951,6-8,"6'8""",80.0,78.96,"6'7""",-1.04,plays_shorter,78.96,"6'7""",-1.04,plays_shorter
2026,Obi Agbim,Baylor,126954,6-3,"6'3""",75.0,75.31,"6'3""",0.31,plays_at_height,75.31,"6'3""",0.31,plays_at_height
2026,Samet Yigitoglu,SMU,126956,7-2,"7'2""",86.0,83.03,"6'11""",-2.97,plays_shorter,83.03,"6'11""",-2.97,plays_shorter
2026,Maxim Logue,Florida Atlantic,126957,6-9,"6'9""",81.0,81.62,"6'10""",0.62,plays_at_height,81.62,"6'10""",0.62,plays_at_height
2026,Johan Munch,Oregon St.,126960,6-11,"6'11""",83.0,80.88,"6'9""",-2.12,plays_shorter,80.88,"6'9""",-2.12,plays_shorter
2026,Isaiah Sy,Oregon St.,126961,6-7,"6'7""",79.0,75.99,"6'4""",-3.01,plays_shorter,75.99,"6'4""",-3.01,plays_shorter
2026,Ben Hammond,Virginia Tech,126968,5-11,"5'11""",71.0,75.18,"6'3""",4.18,plays_taller,75.18,"6'3""",4.18,plays_taller
2026,Antwaun Massey,Western Illinois,126971,6-8,"6'8""",80.0,78.44,"6'6""",-1.56,plays_shorter,78.44,"6'6""",-1.56,plays_shorter
2026,Jorge Moreno,Southern Illinois,126973,6-11,"6'11""",83.0,79.53,"6'8""",-3.47,plays_shorter,79.53,"6'8""",-3.47,plays_shorter
2026,Dylan Godfrey,UC Riverside,126975,6-8,"6'8""",80.0,75.75,"6'4""",-4.25,plays_shorter,75.75,"6'4""",-4.25,plays_shorter
2026,Jaxson Ford,Sam Houston St.,126977,6-7,"6'7""",79.0,78.78,"6'7""",-0.22,plays_at_height,78.78,"6'7""",-0.22,plays_at_height
2026,Rich Smith,Abilene Christian,126981,6-4,"6'4""",76.0,78.0,"6'6""",2.0,plays_taller,78.0,"6'6""",2.0,plays_taller
2026,Jacob Dar,Seton Hall,126984,6-7,"6'7""",79.0,78.94,"6'7""",-0.06,plays_at_height,78.94,"6'7""",-0.06,plays_at_height
2026,Jojo Anderson,Eastern Washington,126986,6-0,"6'0""",72.0,75.04,"6'3""",3.04,plays_taller,75.04,"6'3""",3.04,plays_taller
2026,Allen Graves,Santa Clara,126989,6-9,"6'9""",81.0,82.24,"6'10""",1.24,plays_taller,82.24,"6'10""",1.24,plays_taller
2026,Elijah Mahi,Santa Clara,126990,6-7,"6'7""",79.0,77.52,"6'6""",-1.48,plays_shorter,77.52,"6'6""",-1.48,plays_shorter
2026,Hamad Mousa,Cal Poly,126991,6-8,"6'8""",80.0,77.36,"6'5""",-2.64,plays_shorter,77.36,"6'5""",-2.64,plays_shorter
2026,Amael L'Etang,Dayton,126992,7-1,"7'1""",85.0,81.08,"6'9""",-3.92,plays_shorter,81.08,"6'9""",-3.92,plays_shorter
2026,Luke Skaljac,Miami OH,126994,6-2,"6'2""",74.0,75.27,"6'3""",1.27,plays_taller,75.27,"6'3""",1.27,plays_taller
2026,Alex Bruskotter,Wright St.,126995,6-8,"6'8""",80.0,78.21,"6'6""",-1.79,plays_shorter,78.21,"6'6""",-1.79,plays_shorter
2026,Andrea Holden,Wright St.,126996,6-6,"6'6""",78.0,82.5,"6'10""",4.5,plays_taller,82.5,"6'10""",4.5,plays_taller
2026,Isaac Munkadi,Fairfield,126997,6-10,"6'10""",82.0,81.64,"6'10""",-0.36,plays_at_height,81.64,"6'10""",-0.36,plays_at_height
2026,Brant Byers,Miami OH,127000,6-8,"6'8""",80.0,77.58,"6'6""",-2.42,plays_shorter,77.58,"6'6""",-2.42,plays_shorter
2026,Taj Glover,Sacramento St.,127003,6-3,"6'3""",75.0,75.47,"6'3""",0.47,plays_at_height,75.47,"6'3""",0.47,plays_at_height
2026,CJ Brown,South Florida,127004,6-2,"6'2""",74.0,76.82,"6'5""",2.82,plays_taller,76.82,"6'5""",2.82,plays_taller
2026,Jimmie Williams,Duquesne,127006,6-5,"6'5""",77.0,77.38,"6'5""",0.38,plays_at_height,77.38,"6'5""",0.38,plays_at_height
2026,Finn Lally,William & Mary,127013,6-8,"6'8""",80.0,78.14,"6'6""",-1.86,plays_shorter,78.14,"6'6""",-1.86,plays_shorter
2026,Somto Cyril,Georgia,127014,6-11,"6'11""",83.0,86.24,"7'2""",3.24,plays_taller,86.24,"7'2""",3.24,plays_taller
2026,Karl Poom,Northern Arizona,127016,6-8,"6'8""",80.0,77.25,"6'5""",-2.75,plays_shorter,77.25,"6'5""",-2.75,plays_shorter
2026,Dariyus Woodson,Louisiana,127017,6-7,"6'7""",79.0,75.93,"6'4""",-3.07,plays_shorter,75.93,"6'4""",-3.07,plays_shorter
2026,Reggie Thomas,North Dakota,127018,6-1,"6'1""",73.0,76.15,"6'4""",3.15,plays_taller,76.15,"6'4""",3.15,plays_taller
2026,Michael Jacobs,Southern,127021,6-2,"6'2""",74.0,76.28,"6'4""",2.28,plays_taller,76.28,"6'4""",2.28,plays_taller
2026,Gianni Cobb,Northern Illinois,127022,6-0,"6'0""",72.0,75.21,"6'3""",3.21,plays_taller,75.21,"6'3""",3.21,plays_taller
2026,Alexis Marmolejos,Pacific,127023,6-2,"6'2""",74.0,75.66,"6'4""",1.66,plays_taller,75.66,"6'4""",1.66,plays_taller
2026,AJ Barnes,Southern,127026,6-6,"6'6""",78.0,78.32,"6'6""",0.32,plays_at_height,78.32,"6'6""",0.32,plays_at_height
2026,Joe Manning,Southern,127027,6-2,"6'2""",74.0,73.86,"6'2""",-0.14,plays_at_height,73.86,"6'2""",-0.14,plays_at_height
2026,Oleksandr Kobzystyi,Oregon,127033,6-8,"6'8""",80.0,76.83,"6'5""",-3.17,plays_shorter,76.83,"6'5""",-3.17,plays_shorter
2026,Aaron Hunkin-Claytor,Hawaii,127034,6-2,"6'2""",74.0,75.34,"6'3""",1.34,plays_taller,75.34,"6'3""",1.34,plays_taller
2026,Christian Richardson,Nebraska Omaha,127037,7-1,"7'1""",85.0,80.55,"6'9""",-4.45,plays_shorter,80.55,"6'9""",-4.45,plays_shorter
2026,Nordin Kapic,South Carolina,127042,6-8,"6'8""",80.0,75.95,"6'4""",-4.05,plays_shorter,75.95,"6'4""",-4.05,plays_shorter
2026,Boogie Fland,Florida,127052,6-3,"6'3""",75.0,77.5,"6'5""",2.5,plays_taller,77.5,"6'5""",2.5,plays_taller
2026,De'Vion Lavergne,Louisiana,127054,6-3,"6'3""",75.0,76.36,"6'4""",1.36,plays_taller,76.36,"6'4""",1.36,plays_taller
2026,Jaehshon Thomas,Drake,127058,6-3,"6'3""",75.0,74.56,"6'3""",-0.44,plays_at_height,74.56,"6'3""",-0.44,plays_at_height
2026,Ben Bradford,Charlotte,127059,6-5,"6'5""",77.0,77.22,"6'5""",0.22,plays_at_height,77.22,"6'5""",0.22,plays_at_height
2026,Zachiah Clark,UC Santa Barbara,127062,6-2,"6'2""",74.0,75.43,"6'3""",1.43,plays_taller,75.43,"6'3""",1.43,plays_taller
2026,Zion Sensley,UC Santa Barbara,127063,6-8,"6'8""",80.0,78.49,"6'6""",-1.51,plays_shorter,78.49,"6'6""",-1.51,plays_shorter
2026,Caden Wilkins,Green Bay,127067,6-6,"6'6""",78.0,75.93,"6'4""",-2.07,plays_shorter,75.93,"6'4""",-2.07,plays_shorter
2026,Darius Robinson,SIU Edwardsville,127070,6-1,"6'1""",73.0,73.62,"6'2""",0.62,plays_at_height,73.62,"6'2""",0.62,plays_at_height
2026,Petar Majstorovic,Long Beach St.,127071,6-8,"6'8""",80.0,78.78,"6'7""",-1.22,plays_shorter,78.78,"6'7""",-1.22,plays_shorter
2026,Brandon Maclin,DePaul,127074,6-3,"6'3""",75.0,78.09,"6'6""",3.09,plays_taller,78.09,"6'6""",3.09,plays_taller
2026,Marvin McGhee IV,UC Santa Barbara,127075,6-7,"6'7""",79.0,78.6,"6'7""",-0.4,plays_at_height,78.6,"6'7""",-0.4,plays_at_height
2026,Bentley Waller,Cal St. Bakersfield,127076,6-4,"6'4""",76.0,74.23,"6'2""",-1.77,plays_shorter,74.23,"6'2""",-1.77,plays_shorter
2026,CJ Hardy,Cal St. Bakersfield,127077,6-3,"6'3""",75.0,76.59,"6'5""",1.59,plays_taller,76.59,"6'5""",1.59,plays_taller
2026,Mike Price,Cal St. Bakersfield,127078,6-3,"6'3""",75.0,74.28,"6'2""",-0.72,plays_at_height,74.28,"6'2""",-0.72,plays_at_height
2026,"Ryan Jackson, Jr.",William & Mary,127079,6-6,"6'6""",78.0,78.13,"6'6""",0.13,plays_at_height,78.13,"6'6""",0.13,plays_at_height
2026,Isaiah Mbeng,East Carolina,127080,6-1,"6'1""",73.0,74.54,"6'3""",1.54,plays_taller,74.54,"6'3""",1.54,plays_taller
2026,Ma'Kye Taylor,Albany,127084,6-8,"6'8""",80.0,77.43,"6'5""",-2.57,plays_shorter,77.43,"6'5""",-2.57,plays_shorter
2026,Corey Thomas,Bradley,127087,6-9,"6'9""",81.0,79.49,"6'7""",-1.51,plays_shorter,79.49,"6'7""",-1.51,plays_shorter
2026,Jaquan Johnson,Bradley,127089,5-9,"5'9""",69.0,76.23,"6'4""",7.23,plays_taller,76.23,"6'4""",7.23,plays_taller
2026,Carmelo Pacheco,UCF,127090,6-5,"6'5""",77.0,74.19,"6'2""",-2.81,plays_shorter,74.19,"6'2""",-2.81,plays_shorter
2026,Noah Bolanga,Utah Tech,127093,6-8,"6'8""",80.0,77.75,"6'6""",-2.25,plays_shorter,77.75,"6'6""",-2.25,plays_shorter
2026,Andrew Holifield,Lamar,127095,6-10,"6'10""",82.0,79.6,"6'8""",-2.4,plays_shorter,79.6,"6'8""",-2.4,plays_shorter
2026,James Jones,Central Connecticut,127105,6-6,"6'6""",78.0,78.17,"6'6""",0.17,plays_at_height,78.17,"6'6""",0.17,plays_at_height
2026,Roddy Jones,Central Connecticut,127106,6-1,"6'1""",73.0,71.94,"6'0""",-1.06,plays_shorter,71.94,"6'0""",-1.06,plays_shorter
2026,Bishop Boswell,Tennessee,127110,6-4,"6'4""",76.0,76.94,"6'5""",0.94,plays_taller,76.94,"6'5""",0.94,plays_taller
2026,Aiden Sherrell,Alabama,127111,6-10,"6'10""",82.0,82.67,"6'11""",0.67,plays_at_height,82.67,"6'11""",0.67,plays_at_height
2026,Naas Cunningham,UNLV,127112,6-7,"6'7""",79.0,75.52,"6'4""",-3.48,plays_shorter,75.52,"6'4""",-3.48,plays_shorter
2026,Derrion Reid,Oklahoma,127113,6-8,"6'8""",80.0,78.82,"6'7""",-1.18,plays_shorter,78.82,"6'7""",-1.18,plays_shorter
2026,Jonah Hinton,Rhode Island,127117,6-3,"6'3""",75.0,74.51,"6'3""",-0.49,plays_at_height,74.51,"6'3""",-0.49,plays_at_height
2026,Stefan Cicic,Pepperdine,127118,7-0,"7'0""",84.0,80.33,"6'8""",-3.67,plays_shorter,80.33,"6'8""",-3.67,plays_shorter
2026,KJ Greene,Tulane,127119,6-3,"6'3""",75.0,74.83,"6'3""",-0.17,plays_at_height,74.83,"6'3""",-0.17,plays_at_height
2026,Kam Williams,Kentucky,127121,6-8,"6'8""",80.0,77.22,"6'5""",-2.78,plays_shorter,77.22,"6'5""",-2.78,plays_shorter
2026,Daniel Macgregor,Stetson,127122,6-0,"6'0""",72.0,74.82,"6'3""",2.82,plays_taller,74.82,"6'3""",2.82,plays_taller
2026,Zaon Collins,Fresno St.,127123,6-1,"6'1""",73.0,75.6,"6'4""",2.6,plays_taller,75.6,"6'4""",2.6,plays_taller
2026,Brandin Cummings,Pittsburgh,127125,6-3,"6'3""",75.0,75.13,"6'3""",0.13,plays_at_height,75.13,"6'3""",0.13,plays_at_height
2026,Connor Hollenbeck,Idaho St.,127131,6-7,"6'7""",79.0,77.35,"6'5""",-1.65,plays_shorter,77.35,"6'5""",-1.65,plays_shorter
2026,Khouri Carvey,North Carolina Central,127136,6-9,"6'9""",81.0,80.1,"6'8""",-0.9,plays_shorter,80.1,"6'8""",-0.9,plays_shorter
2026,Trey Scott III,Georgia St.,127146,6-10,"6'10""",82.0,76.73,"6'5""",-5.27,plays_shorter,76.73,"6'5""",-5.27,plays_shorter
2026,Erich Harding,Marshall,127150,6-10,"6'10""",82.0,80.44,"6'8""",-1.56,plays_shorter,80.44,"6'8""",-1.56,plays_shorter
2026,Dezayne Mingo,Charlotte,127152,6-4,"6'4""",76.0,76.12,"6'4""",0.12,plays_at_height,76.12,"6'4""",0.12,plays_at_height
2026,Hudson Ward,Western Michigan,127156,6-7,"6'7""",79.0,77.87,"6'6""",-1.13,plays_shorter,77.87,"6'6""",-1.13,plays_shorter
2026,Miles Goodman,UT Arlington,127158,6-11,"6'11""",83.0,78.55,"6'7""",-4.45,plays_shorter,78.55,"6'7""",-4.45,plays_shorter
2026,Dominick Stewart,Penn St.,127159,6-5,"6'5""",77.0,75.27,"6'3""",-1.73,plays_shorter,75.27,"6'3""",-1.73,plays_shorter
2026,Jake Lemelman,Mercyhurst,127164,6-2,"6'2""",74.0,74.23,"6'2""",0.23,plays_at_height,74.23,"6'2""",0.23,plays_at_height
2026,Qadir Martin,Mercyhurst,127165,6-5,"6'5""",77.0,81.8,"6'10""",4.8,plays_taller,81.8,"6'10""",4.8,plays_taller
2026,Deshaun Jackson Jr.,Mercyhurst,127166,6-2,"6'2""",74.0,76.84,"6'5""",2.84,plays_taller,76.84,"6'5""",2.84,plays_taller
2026,Brayden Crump,East Tennessee St.,127167,6-8,"6'8""",80.0,79.01,"6'7""",-0.99,plays_shorter,79.01,"6'7""",-0.99,plays_shorter
2026,Renars Sondors,Louisiana Monroe,127168,6-9,"6'9""",81.0,76.45,"6'4""",-4.55,plays_shorter,76.45,"6'4""",-4.55,plays_shorter
2026,Sash Gavalyugov,Santa Clara,127170,6-2,"6'2""",74.0,74.18,"6'2""",0.18,plays_at_height,74.18,"6'2""",0.18,plays_at_height
2026,Tate McCubbin,Austin Peay,127171,6-8,"6'8""",80.0,76.63,"6'5""",-3.37,plays_shorter,76.63,"6'5""",-3.37,plays_shorter
2026,Ronnie Harrison,East Texas A&M,127174,6-6,"6'6""",78.0,79.34,"6'7""",1.34,plays_taller,79.34,"6'7""",1.34,plays_taller
2026,Julen Iturbe,American,127177,6-6,"6'6""",78.0,76.81,"6'5""",-1.19,plays_shorter,76.81,"6'5""",-1.19,plays_shorter
2026,Wyatt Nausadis,American,127178,6-4,"6'4""",76.0,74.49,"6'2""",-1.51,plays_shorter,74.49,"6'2""",-1.51,plays_shorter
2026,Madiba Owona,Utah Tech,127180,6-4,"6'4""",76.0,76.44,"6'4""",0.44,plays_at_height,76.44,"6'4""",0.44,plays_at_height
2026,Simon Hildebrandt,Washington St.,127181,6-9,"6'9""",81.0,76.74,"6'5""",-4.26,plays_shorter,76.74,"6'5""",-4.26,plays_shorter
2026,Quin Gorman,Stony Brook,127182,6-8,"6'8""",80.0,78.91,"6'7""",-1.09,plays_shorter,78.91,"6'7""",-1.09,plays_shorter
2026,Veniamin Abosi,San Francisco,127184,6-6,"6'6""",78.0,77.68,"6'6""",-0.32,plays_at_height,77.68,"6'6""",-0.32,plays_at_height
2026,Terrence Hill Jr.,VCU,127185,6-3,"6'3""",75.0,75.27,"6'3""",0.27,plays_at_height,75.27,"6'3""",0.27,plays_at_height
2026,Jermaine Washington,San Jose St.,127186,6-1,"6'1""",73.0,75.18,"6'3""",2.18,plays_taller,75.18,"6'3""",2.18,plays_taller
2026,Ben Roseborough,San Jose St.,127188,6-4,"6'4""",76.0,73.67,"6'2""",-2.33,plays_shorter,73.67,"6'2""",-2.33,plays_shorter
2026,Cardell Bailey,Southern Indiana,127189,6-6,"6'6""",78.0,77.0,"6'5""",-1.0,plays_shorter,77.0,"6'5""",-1.0,plays_shorter
2026,Ralph Martino Jr.,Saint Francis,127193,6-6,"6'6""",78.0,75.9,"6'4""",-2.1,plays_shorter,75.9,"6'4""",-2.1,plays_shorter
2026,Bryce Dortch,Rutgers,127194,6-9,"6'9""",81.0,80.91,"6'9""",-0.09,plays_at_height,80.91,"6'9""",-0.09,plays_at_height
2026,Jakob Blakley,Le Moyne,127196,6-0,"6'0""",72.0,73.94,"6'2""",1.94,plays_taller,73.94,"6'2""",1.94,plays_taller
2026,Darrion Sutton,Missouri St.,127199,6-9,"6'9""",81.0,81.36,"6'9""",0.36,plays_at_height,81.36,"6'9""",0.36,plays_at_height
2026,Jaeden Mustaf,Georgia Tech,127201,6-5,"6'5""",77.0,77.23,"6'5""",0.23,plays_at_height,77.23,"6'5""",0.23,plays_at_height
2026,Triston Wilson,Presbyterian,127204,6-6,"6'6""",78.0,77.06,"6'5""",-0.94,plays_shorter,77.06,"6'5""",-0.94,plays_shorter
2026,Khalon Hudson,Presbyterian,127205,6-6,"6'6""",78.0,78.11,"6'6""",0.11,plays_at_height,78.11,"6'6""",0.11,plays_at_height
2026,Chidi Chiakwelu,Presbyterian,127206,6-8,"6'8""",80.0,82.94,"6'11""",2.94,plays_taller,82.94,"6'11""",2.94,plays_taller
2026,Caleb Crawford,Maine,127207,5-10,"5'10""",70.0,73.83,"6'2""",3.83,plays_taller,73.83,"6'2""",3.83,plays_taller
2026,Amare Allen,Maine,127210,6-7,"6'7""",79.0,76.12,"6'4""",-2.88,plays_shorter,76.12,"6'4""",-2.88,plays_shorter
2026,Eric Mahaffey,Akron,127213,6-4,"6'4""",76.0,80.46,"6'8""",4.46,plays_taller,80.46,"6'8""",4.46,plays_taller
2026,Sharron Young,Akron,127216,6-0,"6'0""",72.0,75.86,"6'4""",3.86,plays_taller,75.86,"6'4""",3.86,plays_taller
2026,Ben Tweedy,Colgate,127222,6-4,"6'4""",76.0,74.92,"6'3""",-1.08,plays_shorter,74.92,"6'3""",-1.08,plays_shorter
2026,Bernie Blunt,Mercyhurst,127223,5-11,"5'11""",71.0,74.92,"6'3""",3.92,plays_taller,74.92,"6'3""",3.92,plays_taller
2026,Elijah Lewis,Marist,127226,6-5,"6'5""",77.0,77.53,"6'6""",0.53,plays_at_height,77.53,"6'6""",0.53,plays_at_height
2026,Afan Trnka,Tennessee Martin,127228,6-2,"6'2""",74.0,76.24,"6'4""",2.24,plays_taller,76.24,"6'4""",2.24,plays_taller
2026,Tarence Guinyard,Duquesne,127229,6-2,"6'2""",74.0,76.33,"6'4""",2.33,plays_taller,76.33,"6'4""",2.33,plays_taller
2026,Sheldon Williams,Texas A&M Corpus Chris,127231,6-8,"6'8""",80.0,79.64,"6'8""",-0.36,plays_at_height,79.64,"6'8""",-0.36,plays_at_height
2026,Jeremiah Johnson,Campbell,127232,6-4,"6'4""",76.0,76.63,"6'5""",0.63,plays_at_height,76.63,"6'5""",0.63,plays_at_height
2026,Layne Taylor,Murray St.,127233,5-11,"5'11""",71.0,75.05,"6'3""",4.05,plays_taller,75.05,"6'3""",4.05,plays_taller
2026,Labaron Philon,Alabama,127235,6-4,"6'4""",76.0,76.94,"6'5""",0.94,plays_taller,76.94,"6'5""",0.94,plays_taller
2026,Julian Clarke,UNC Asheville,127240,6-1,"6'1""",73.0,75.17,"6'3""",2.17,plays_taller,75.17,"6'3""",2.17,plays_taller
2026,C.J. O'Hara,Green Bay,127243,6-4,"6'4""",76.0,78.62,"6'7""",2.62,plays_taller,78.62,"6'7""",2.62,plays_taller
2026,Tyler Thompson,Montana,127244,6-6,"6'6""",78.0,75.54,"6'4""",-2.46,plays_shorter,75.54,"6'4""",-2.46,plays_shorter
2026,Dayton Forsythe,Oklahoma,127246,6-2,"6'2""",74.0,74.45,"6'2""",0.45,plays_at_height,74.45,"6'2""",0.45,plays_at_height
2026,Jeff Nwankwo,Oklahoma,127247,6-6,"6'6""",78.0,76.91,"6'5""",-1.09,plays_shorter,76.91,"6'5""",-1.09,plays_shorter
2026,Kuol Atak,Oklahoma,127248,6-9,"6'9""",81.0,77.43,"6'5""",-3.57,plays_shorter,77.43,"6'5""",-3.57,plays_shorter
2026,Kolten Griffin,West Georgia,127249,6-6,"6'6""",78.0,76.01,"6'4""",-1.99,plays_shorter,76.01,"6'4""",-1.99,plays_shorter
2026,Mekhi Turner,Tennessee Tech,127251,6-8,"6'8""",80.0,80.95,"6'9""",0.95,plays_taller,80.95,"6'9""",0.95,plays_taller
2026,Ramone Seals,Kennesaw St.,127252,6-6,"6'6""",78.0,78.39,"6'6""",0.39,plays_at_height,78.39,"6'6""",0.39,plays_at_height
2026,Adrian Wooley,Louisville,127254,6-4,"6'4""",76.0,77.41,"6'5""",1.41,plays_taller,77.41,"6'5""",1.41,plays_taller
2026,Braedan Lue,Kennesaw St.,127255,6-9,"6'9""",81.0,80.21,"6'8""",-0.79,plays_shorter,80.21,"6'8""",-0.79,plays_shorter
2026,Stas Sivka,George Mason,127259,6-10,"6'10""",82.0,77.42,"6'5""",-4.58,plays_shorter,77.42,"6'5""",-4.58,plays_shorter
2026,Felix Kossaras,Colorado,127263,6-5,"6'5""",77.0,76.77,"6'5""",-0.23,plays_at_height,76.77,"6'5""",-0.23,plays_at_height
2026,Sebastian Rancik,Colorado,127264,6-11,"6'11""",83.0,78.19,"6'6""",-4.81,plays_shorter,78.19,"6'6""",-4.81,plays_shorter
2026,Andy Sigiscar,Tarleton St.,127265,6-9,"6'9""",81.0,80.89,"6'9""",-0.11,plays_at_height,80.89,"6'9""",-0.11,plays_at_height
2026,Chris Mpaka,Tarleton St.,127267,6-6,"6'6""",78.0,82.11,"6'10""",4.11,plays_taller,82.11,"6'10""",4.11,plays_taller
2026,Ja'Borri McGhee,Mississippi St.,127268,6-2,"6'2""",74.0,75.33,"6'3""",1.33,plays_taller,75.33,"6'3""",1.33,plays_taller
2026,Brendan Terry,Southeast Missouri St.,127270,6-7,"6'7""",79.0,79.59,"6'8""",0.59,plays_at_height,79.59,"6'8""",0.59,plays_at_height
2026,Bryce Heard,Dayton,127271,6-6,"6'6""",78.0,77.08,"6'5""",-0.92,plays_shorter,77.08,"6'5""",-0.92,plays_shorter
2026,Trey Parker,Seton Hall,127272,6-1,"6'1""",73.0,77.72,"6'6""",4.72,plays_taller,77.72,"6'6""",4.72,plays_taller
2026,"Paul McNeil, Jr.",N.C. State,127274,6-5,"6'5""",77.0,76.99,"6'5""",-0.01,plays_at_height,76.99,"6'5""",-0.01,plays_at_height
2026,NaVaughn Long,Portland,127275,6-6,"6'6""",78.0,75.28,"6'3""",-2.72,plays_shorter,75.28,"6'3""",-2.72,plays_shorter
2026,Dillon Tingler,Drexel,127277,6-7,"6'7""",79.0,78.03,"6'6""",-0.97,plays_shorter,78.03,"6'6""",-0.97,plays_shorter
2026,Godslove Nwabude,Eastern Michigan,127278,6-9,"6'9""",81.0,82.05,"6'10""",1.05,plays_taller,82.05,"6'10""",1.05,plays_taller
2026,Jaylon Johnson,Radford,127287,6-0,"6'0""",72.0,74.86,"6'3""",2.86,plays_taller,74.86,"6'3""",2.86,plays_taller
2026,Kavien Jones,Tennessee St.,127288,6-7,"6'7""",79.0,78.1,"6'6""",-0.9,plays_shorter,78.1,"6'6""",-0.9,plays_shorter
2026,Brady Hardewig,West Georgia,127292,6-2,"6'2""",74.0,74.0,"6'2""",0.0,plays_at_height,74.0,"6'2""",0.0,plays_at_height
2026,Donavin Young,Stanford,127295,6-8,"6'8""",80.0,78.93,"6'7""",-1.07,plays_shorter,78.93,"6'7""",-1.07,plays_shorter
2026,Peyton Seals,Princeton,127297,6-4,"6'4""",76.0,75.44,"6'3""",-0.56,plays_at_height,75.44,"6'3""",-0.56,plays_at_height
2026,CJ Happy,Princeton,127298,6-9,"6'9""",81.0,76.64,"6'5""",-4.36,plays_shorter,76.64,"6'5""",-4.36,plays_shorter
2026,Malik Abdullahi,Princeton,127300,6-7,"6'7""",79.0,79.14,"6'7""",0.14,plays_at_height,79.14,"6'7""",0.14,plays_at_height
2026,Logan Epes,Missouri St.,127302,6-3,"6'3""",75.0,75.83,"6'4""",0.83,plays_taller,75.83,"6'4""",0.83,plays_taller
2026,Dominick Nelson,Iowa St.,127308,6-5,"6'5""",77.0,77.73,"6'6""",0.73,plays_at_height,77.73,"6'6""",0.73,plays_at_height
2026,Kylin Green,Houston Christian,127309,6-0,"6'0""",72.0,75.29,"6'3""",3.29,plays_taller,75.29,"6'3""",3.29,plays_taller
2026,Antoine Lorick III,Tennessee St.,127310,6-9,"6'9""",81.0,81.78,"6'10""",0.78,plays_taller,81.78,"6'10""",0.78,plays_taller
2026,Damoni Harrison,Charlotte,127312,6-5,"6'5""",77.0,76.23,"6'4""",-0.77,plays_shorter,76.23,"6'4""",-0.77,plays_shorter
2026,Isaac Asuma,Minnesota,127313,6-3,"6'3""",75.0,76.22,"6'4""",1.22,plays_taller,76.22,"6'4""",1.22,plays_taller
2026,Ty Robinson,Central Arkansas,127314,6-4,"6'4""",76.0,77.47,"6'5""",1.47,plays_taller,77.47,"6'5""",1.47,plays_taller
2026,Parker Robison,Chattanooga,127317,6-0,"6'0""",72.0,76.1,"6'4""",4.1,plays_taller,76.1,"6'4""",4.1,plays_taller
2026,Justin Redmond,Northwestern St.,127321,6-2,"6'2""",74.0,74.03,"6'2""",0.03,plays_at_height,74.03,"6'2""",0.03,plays_at_height
2026,Juke Harris,Wake Forest,127324,6-7,"6'7""",79.0,78.19,"6'6""",-0.81,plays_shorter,78.19,"6'6""",-0.81,plays_shorter
2026,Yaphet Moundi,San Jose St.,127331,6-8,"6'8""",80.0,80.3,"6'8""",0.3,plays_at_height,80.3,"6'8""",0.3,plays_at_height
2026,Jeremiah Wilkinson,Georgia,127334,6-1,"6'1""",73.0,76.42,"6'4""",3.42,plays_taller,76.42,"6'4""",3.42,plays_taller
2026,Ivan Njegovan,Ohio St.,127337,7-1,"7'1""",85.0,80.69,"6'9""",-4.31,plays_shorter,80.69,"6'9""",-4.31,plays_shorter
2026,Nick Anderson,Rice,127339,6-3,"6'3""",75.0,76.93,"6'5""",1.93,plays_taller,76.93,"6'5""",1.93,plays_taller
2026,Tyler Betsey,Syracuse,127343,6-8,"6'8""",80.0,74.99,"6'3""",-5.01,plays_shorter,74.99,"6'3""",-5.01,plays_shorter
2026,C.J. Cox,Purdue,127353,6-3,"6'3""",75.0,75.91,"6'4""",0.91,plays_taller,75.91,"6'4""",0.91,plays_taller
2026,Julius Thedford,Memphis,127354,6-4,"6'4""",76.0,78.67,"6'7""",2.67,plays_taller,78.67,"6'7""",2.67,plays_taller
2026,Kade Unseld,Western Kentucky,127355,6-5,"6'5""",77.0,75.17,"6'3""",-1.83,plays_shorter,75.17,"6'3""",-1.83,plays_shorter
2026,Cal Liston,VMI,127356,6-5,"6'5""",77.0,75.05,"6'3""",-1.95,plays_shorter,75.05,"6'3""",-1.95,plays_shorter
2026,Linus Holmstrom,VMI,127357,6-3,"6'3""",75.0,74.18,"6'2""",-0.82,plays_shorter,74.18,"6'2""",-0.82,plays_shorter
2026,Caleb Embeya,Towson,127359,6-9,"6'9""",81.0,80.6,"6'9""",-0.4,plays_at_height,80.6,"6'9""",-0.4,plays_at_height
2026,Eoin Dillon,Belmont,127360,6-9,"6'9""",81.0,77.42,"6'5""",-3.58,plays_shorter,77.42,"6'5""",-3.58,plays_shorter
2026,Jabez Jenkins,Belmont,127363,6-4,"6'4""",76.0,78.97,"6'7""",2.97,plays_taller,78.97,"6'7""",2.97,plays_taller
2026,Jaylen Pazon,VMI,127364,6-5,"6'5""",77.0,75.73,"6'4""",-1.27,plays_shorter,75.73,"6'4""",-1.27,plays_shorter
2026,Bryson Tucker,Washington,127366,6-7,"6'7""",79.0,78.17,"6'6""",-0.83,plays_shorter,78.17,"6'6""",-0.83,plays_shorter
2026,Blake Daberkow,Idaho St.,127368,6-10,"6'10""",82.0,79.09,"6'7""",-2.91,plays_shorter,79.09,"6'7""",-2.91,plays_shorter
2026,Nick Coval,Davidson,127370,6-2,"6'2""",74.0,74.86,"6'3""",0.86,plays_taller,74.86,"6'3""",0.86,plays_taller
2026,Manie Joses,Davidson,127371,6-7,"6'7""",79.0,80.76,"6'9""",1.76,plays_taller,80.76,"6'9""",1.76,plays_taller
2026,Jesse Hafemeister,Charleston Southern,127373,6-5,"6'5""",77.0,76.72,"6'5""",-0.28,plays_at_height,76.72,"6'5""",-0.28,plays_at_height
2026,AJ Levine,Penn,127379,6-0,"6'0""",72.0,76.96,"6'5""",4.96,plays_taller,76.96,"6'5""",4.96,plays_taller
2026,Julius Halaifonua,Georgetown,127381,7-0,"7'0""",84.0,81.05,"6'9""",-2.95,plays_shorter,81.05,"6'9""",-2.95,plays_shorter
2026,Corbin Zentner,Cornell,127386,5-10,"5'10""",70.0,74.33,"6'2""",4.33,plays_taller,74.33,"6'2""",4.33,plays_taller
2026,Jerald Colonel,Stephen F. Austin,127387,6-9,"6'9""",81.0,83.95,"7'0""",2.95,plays_taller,83.95,"7'0""",2.95,plays_taller
2026,Landyn Jumawan,Northwestern St.,127388,6-4,"6'4""",76.0,73.87,"6'2""",-2.13,plays_shorter,73.87,"6'2""",-2.13,plays_shorter
2026,James Thomas,Mercyhurst,127392,6-6,"6'6""",78.0,77.42,"6'5""",-0.58,plays_at_height,77.42,"6'5""",-0.58,plays_at_height
2026,Jaden Steppe,Montana St.,127393,6-8,"6'8""",80.0,78.21,"6'6""",-1.79,plays_shorter,78.21,"6'6""",-1.79,plays_shorter
2026,Jayden Cooper,South Alabama,127395,6-2,"6'2""",74.0,75.41,"6'3""",1.41,plays_taller,75.41,"6'3""",1.41,plays_taller
2026,Evan Haywood,Butler,127396,6-4,"6'4""",76.0,74.81,"6'3""",-1.19,plays_shorter,74.81,"6'3""",-1.19,plays_shorter
2026,Esyah Pippa-White,Milwaukee,127402,6-2,"6'2""",74.0,75.25,"6'3""",1.25,plays_taller,75.25,"6'3""",1.25,plays_taller
2026,Jaden Smith,Saint Joseph's,127406,6-11,"6'11""",83.0,80.06,"6'8""",-2.94,plays_shorter,80.06,"6'8""",-2.94,plays_shorter
2026,Ian Jackson,St. John's,127408,6-4,"6'4""",76.0,77.09,"6'5""",1.09,plays_taller,77.09,"6'5""",1.09,plays_taller
2026,Josh Ahayere,Colgate,127411,6-4,"6'4""",76.0,75.97,"6'4""",-0.03,plays_at_height,75.97,"6'4""",-0.03,plays_at_height
2026,Cory Wells,Prairie View A&M,127415,6-7,"6'7""",79.0,78.62,"6'7""",-0.38,plays_at_height,78.62,"6'7""",-0.38,plays_at_height
2026,Blake Harper,Creighton,127417,6-7,"6'7""",79.0,78.0,"6'6""",-1.0,plays_shorter,78.0,"6'6""",-1.0,plays_shorter
2026,Isaiah Brown,Howard,127418,6-1,"6'1""",73.0,75.09,"6'3""",2.09,plays_taller,75.09,"6'3""",2.09,plays_taller
2026,Fischer Brown,Western Carolina,127422,6-4,"6'4""",76.0,75.06,"6'3""",-0.94,plays_shorter,75.06,"6'3""",-0.94,plays_shorter
2026,Josh Reed,Drexel,127423,6-2,"6'2""",74.0,77.17,"6'5""",3.17,plays_taller,77.17,"6'5""",3.17,plays_taller
2026,Kevon Vanderhorst,Drexel,127424,6-2,"6'2""",74.0,76.38,"6'4""",2.38,plays_taller,76.38,"6'4""",2.38,plays_taller
2026,Emmanuel Stephen,UNLV,127427,7-0,"7'0""",84.0,80.38,"6'8""",-3.62,plays_shorter,80.38,"6'8""",-3.62,plays_shorter
2026,Devon Malcolm,Cal Baptist,127428,6-5,"6'5""",77.0,80.2,"6'8""",3.2,plays_taller,80.2,"6'8""",3.2,plays_taller
2026,Javan Buchanan,Boise St.,127438,6-7,"6'7""",79.0,78.25,"6'6""",-0.75,plays_at_height,78.25,"6'6""",-0.75,plays_at_height
2026,Pearson Carmichael,Boise St.,127440,6-7,"6'7""",79.0,76.26,"6'4""",-2.74,plays_shorter,76.26,"6'4""",-2.74,plays_shorter
2026,Tyler Doyle,Bellarmine,127444,6-5,"6'5""",77.0,74.9,"6'3""",-2.1,plays_shorter,74.9,"6'3""",-2.1,plays_shorter
2026,Demarco Bethea,Houston Christian,127445,6-7,"6'7""",79.0,78.16,"6'6""",-0.84,plays_shorter,78.16,"6'6""",-0.84,plays_shorter
2026,Alec Squires,South Dakota St.,127450,6-10,"6'10""",82.0,79.09,"6'7""",-2.91,plays_shorter,79.09,"6'7""",-2.91,plays_shorter
2026,Jamari Phillips,Oregon,127451,6-4,"6'4""",76.0,75.08,"6'3""",-0.92,plays_shorter,75.08,"6'3""",-0.92,plays_shorter
2026,Marland Harris,Morgan St.,127460,6-10,"6'10""",82.0,82.11,"6'10""",0.11,plays_at_height,82.11,"6'10""",0.11,plays_at_height
2026,Khaafiq Myers,Saint Joseph's,127466,5-10,"5'10""",70.0,75.56,"6'4""",5.56,plays_taller,75.56,"6'4""",5.56,plays_taller
2026,Cameron Jackson,UT Arlington,127472,6-8,"6'8""",80.0,79.3,"6'7""",-0.7,plays_at_height,79.3,"6'7""",-0.7,plays_at_height
2026,"Juan Cranford, Jr.",Eastern Kentucky,127475,6-4,"6'4""",76.0,74.03,"6'2""",-1.97,plays_shorter,74.03,"6'2""",-1.97,plays_shorter
2026,Jack Turner,Oral Roberts,127479,6-3,"6'3""",75.0,74.32,"6'2""",-0.68,plays_at_height,74.32,"6'2""",-0.68,plays_at_height
2026,Seifeldin Hendawy,Winthrop,127480,6-8,"6'8""",80.0,78.75,"6'7""",-1.25,plays_shorter,78.75,"6'7""",-1.25,plays_shorter
2026,My'kel Jenkins,Norfolk St.,127487,6-5,"6'5""",77.0,76.88,"6'5""",-0.12,plays_at_height,76.88,"6'5""",-0.12,plays_at_height
2026,Melo Baines,Norfolk St.,127488,6-8,"6'8""",80.0,76.91,"6'5""",-3.09,plays_shorter,76.91,"6'5""",-3.09,plays_shorter
2026,Sebastian Akins,Wake Forest,127490,6-2,"6'2""",74.0,76.17,"6'4""",2.17,plays_taller,76.17,"6'4""",2.17,plays_taller
2026,Jacob Hogarth,Gardner Webb,127492,6-9,"6'9""",81.0,79.45,"6'7""",-1.55,plays_shorter,79.45,"6'7""",-1.55,plays_shorter
2026,Jacob Hudson,Gardner Webb,127493,6-2,"6'2""",74.0,77.53,"6'6""",3.53,plays_taller,77.53,"6'6""",3.53,plays_taller
2026,Pharell Boyogueno,Winthrop,127494,6-6,"6'6""",78.0,78.16,"6'6""",0.16,plays_at_height,78.16,"6'6""",0.16,plays_at_height
2026,Colin Hawkins,Gardner Webb,127496,6-3,"6'3""",75.0,74.25,"6'2""",-0.75,plays_shorter,74.25,"6'2""",-0.75,plays_shorter
2026,Justin Menard,Marist,127499,6-3,"6'3""",75.0,75.18,"6'3""",0.18,plays_at_height,75.18,"6'3""",0.18,plays_at_height
2026,Sebastian Tidor,Portland St.,127504,6-5,"6'5""",77.0,74.36,"6'2""",-2.64,plays_shorter,74.36,"6'2""",-2.64,plays_shorter
2026,Brayden Maldonado,Seattle,127507,6-0,"6'0""",72.0,75.41,"6'3""",3.41,plays_taller,75.41,"6'3""",3.41,plays_taller
2026,Max Green,Northwestern,127508,6-6,"6'6""",78.0,76.45,"6'4""",-1.55,plays_shorter,76.45,"6'4""",-1.55,plays_shorter
2026,Ishan Sharma,Saint Louis,127511,6-5,"6'5""",77.0,75.06,"6'3""",-1.94,plays_shorter,75.06,"6'3""",-1.94,plays_shorter
2026,Braeden Speed,Loyola MD,127514,6-3,"6'3""",75.0,75.56,"6'4""",0.56,plays_at_height,75.56,"6'4""",0.56,plays_at_height
2026,Jaylen Washington,UT Rio Grande Valley,127520,5-10,"5'10""",70.0,75.49,"6'3""",5.49,plays_taller,75.49,"6'3""",5.49,plays_taller
2026,Sean Blake,Vermont,127522,6-2,"6'2""",74.0,76.2,"6'4""",2.2,plays_taller,76.2,"6'4""",2.2,plays_taller
2026,Dezdrick Lindsay,Oregon,127528,6-6,"6'6""",78.0,76.93,"6'5""",-1.07,plays_shorter,76.93,"6'5""",-1.07,plays_shorter
2026,Josh Pickett,Presbyterian,127529,6-5,"6'5""",77.0,73.78,"6'2""",-3.22,plays_shorter,73.78,"6'2""",-3.22,plays_shorter
2026,Amarion Dickerson,USC,127531,6-7,"6'7""",79.0,79.01,"6'7""",0.01,plays_at_height,79.01,"6'7""",0.01,plays_at_height
2026,Micah Davis,IU Indy,127536,6-2,"6'2""",74.0,75.58,"6'4""",1.58,plays_taller,75.58,"6'4""",1.58,plays_taller
2026,Malcolm Christie,Oregon St.,127540,6-5,"6'5""",77.0,73.03,"6'1""",-3.97,plays_shorter,73.03,"6'1""",-3.97,plays_shorter
2026,Warren Marshall IV,Oakland,127541,6-5,"6'5""",77.0,78.77,"6'7""",1.77,plays_taller,78.77,"6'7""",1.77,plays_taller
2026,Blaize Sagna,Southeast Missouri St.,127543,6-3,"6'3""",75.0,75.88,"6'4""",0.88,plays_taller,75.88,"6'4""",0.88,plays_taller
2026,Austin Maurer,Seattle,127545,7-0,"7'0""",84.0,81.61,"6'10""",-2.39,plays_shorter,81.61,"6'10""",-2.39,plays_shorter
2026,Styles Phipps,Pepperdine,127546,6-2,"6'2""",74.0,77.62,"6'6""",3.62,plays_taller,77.62,"6'6""",3.62,plays_taller
2026,Michael Osei-Bonsu,Missouri St.,127551,6-4,"6'4""",76.0,80.64,"6'9""",4.64,plays_taller,80.64,"6'9""",4.64,plays_taller
2026,Lewis Walker,North Carolina A&T,127552,6-6,"6'6""",78.0,76.96,"6'5""",-1.04,plays_shorter,76.96,"6'5""",-1.04,plays_shorter
2026,Joseph Thomas,Little Rock,127553,6-3,"6'3""",75.0,73.13,"6'1""",-1.87,plays_shorter,73.13,"6'1""",-1.87,plays_shorter
2026,Nate Guerengomba,Quinnipiac,127554,6-5,"6'5""",77.0,76.71,"6'5""",-0.29,plays_at_height,76.71,"6'5""",-0.29,plays_at_height
2026,Luka Damjanac,Massachusetts,127555,6-10,"6'10""",82.0,78.0,"6'6""",-4.0,plays_shorter,78.0,"6'6""",-4.0,plays_shorter
2026,Isaiah Lewis,Long Beach St.,127556,6-3,"6'3""",75.0,74.63,"6'3""",-0.37,plays_at_height,74.63,"6'3""",-0.37,plays_at_height
2026,Caleb Pennyfeather,Little Rock,127558,6-9,"6'9""",81.0,79.06,"6'7""",-1.94,plays_shorter,79.06,"6'7""",-1.94,plays_shorter
2026,Amadou Doumbia,North Carolina A&T,127560,6-11,"6'11""",83.0,82.28,"6'10""",-0.72,plays_at_height,82.28,"6'10""",-0.72,plays_at_height
2026,Justin Johnson,Western Carolina,127563,6-8,"6'8""",80.0,77.45,"6'5""",-2.55,plays_shorter,77.45,"6'5""",-2.55,plays_shorter
2026,R'Chaun King,Alabama St.,127564,6-6,"6'6""",78.0,78.39,"6'6""",0.39,plays_at_height,78.39,"6'6""",0.39,plays_at_height
2026,Haris Elezovic,Northeastern,127568,6-8,"6'8""",80.0,75.71,"6'4""",-4.29,plays_shorter,75.71,"6'4""",-4.29,plays_shorter
2026,Jonathan Powell,North Carolina,127570,6-6,"6'6""",78.0,76.65,"6'5""",-1.35,plays_shorter,76.65,"6'5""",-1.35,plays_shorter
2026,KJ Tenner,Murray St.,127571,6-0,"6'0""",72.0,74.77,"6'3""",2.77,plays_taller,74.77,"6'3""",2.77,plays_taller
2026,Morez Johnson Jr.,Michigan,127577,6-9,"6'9""",81.0,83.66,"7'0""",2.66,plays_taller,83.66,"7'0""",2.66,plays_taller
2026,LJ Brown,UTSA,127578,6-1,"6'1""",73.0,75.31,"6'3""",2.31,plays_taller,75.31,"6'3""",2.31,plays_taller
2026,Deuce Jones II,Saint Joseph's,127579,6-2,"6'2""",74.0,76.95,"6'5""",2.95,plays_taller,76.95,"6'5""",2.95,plays_taller
2026,Peter Bandelj,Cal Poly,127580,6-4,"6'4""",76.0,76.55,"6'5""",0.55,plays_at_height,76.55,"6'5""",0.55,plays_at_height
2026,Cayden Ward,Cal Poly,127581,6-5,"6'5""",77.0,78.45,"6'6""",1.45,plays_taller,78.45,"6'6""",1.45,plays_taller
2026,Jaiden Feroah,Southern Utah,127584,6-9,"6'9""",81.0,79.53,"6'8""",-1.47,plays_shorter,79.53,"6'8""",-1.47,plays_shorter
2026,Mason Ritter,Columbia,127590,6-8,"6'8""",80.0,79.33,"6'7""",-0.67,plays_at_height,79.33,"6'7""",-0.67,plays_at_height
2026,Davis Bynum,Rider,127592,6-9,"6'9""",81.0,77.01,"6'5""",-3.99,plays_shorter,77.01,"6'5""",-3.99,plays_shorter
2026,Zavier Fitch,Wagner,127599,6-7,"6'7""",79.0,79.25,"6'7""",0.25,plays_at_height,79.25,"6'7""",0.25,plays_at_height
2026,Makhai Anderson,Wagner,127600,6-6,"6'6""",78.0,78.7,"6'7""",0.7,plays_at_height,78.7,"6'7""",0.7,plays_at_height
2026,Trent Noah,Kentucky,127602,6-5,"6'5""",77.0,78.03,"6'6""",1.03,plays_taller,78.03,"6'6""",1.03,plays_taller
2026,Travis Perry,Mississippi,127603,6-1,"6'1""",73.0,74.94,"6'3""",1.94,plays_taller,74.94,"6'3""",1.94,plays_taller
2026,Damon Strand,La Salle,127610,6-3,"6'3""",75.0,74.85,"6'3""",-0.15,plays_at_height,74.85,"6'3""",-0.15,plays_at_height
2026,Zion Fruster,Eastern Illinois,127619,6-2,"6'2""",74.0,76.17,"6'4""",2.17,plays_taller,76.17,"6'4""",2.17,plays_taller
2026,Josh Meo,Winthrop,127622,6-4,"6'4""",76.0,74.94,"6'3""",-1.06,plays_shorter,74.94,"6'3""",-1.06,plays_shorter
2026,Tamarion Hoover,Jackson St.,127623,6-5,"6'5""",77.0,76.82,"6'5""",-0.18,plays_at_height,76.82,"6'5""",-0.18,plays_at_height
2026,Dominic Pangonis,Wright St.,127624,6-7,"6'7""",79.0,77.1,"6'5""",-1.9,plays_shorter,77.1,"6'5""",-1.9,plays_shorter
2026,TJ Nadeau,Detroit Mercy,127627,6-5,"6'5""",77.0,74.62,"6'3""",-2.38,plays_shorter,74.62,"6'3""",-2.38,plays_shorter
2026,Ryan Kalambay,Detroit Mercy,127628,6-9,"6'9""",81.0,80.64,"6'9""",-0.36,plays_at_height,80.64,"6'9""",-0.36,plays_at_height
2026,Divine Ugochukwu,Michigan St.,127630,6-3,"6'3""",75.0,75.68,"6'4""",0.68,plays_at_height,75.68,"6'4""",0.68,plays_at_height
2026,Xander Alarie,Northeastern,127631,6-8,"6'8""",80.0,80.2,"6'8""",0.2,plays_at_height,80.2,"6'8""",0.2,plays_at_height
2026,Austin Swartz,Creighton,127632,6-4,"6'4""",76.0,76.4,"6'4""",0.4,plays_at_height,76.4,"6'4""",0.4,plays_at_height
2026,Zion Wilburn,Samford,127640,6-5,"6'5""",77.0,76.76,"6'5""",-0.24,plays_at_height,76.76,"6'5""",-0.24,plays_at_height
2026,Jordan Brathwaite,Yale,127642,6-4,"6'4""",76.0,75.58,"6'4""",-0.42,plays_at_height,75.58,"6'4""",-0.42,plays_at_height
2026,Isaac Celiscar,Yale,127643,6-6,"6'6""",78.0,78.83,"6'7""",0.83,plays_taller,78.83,"6'7""",0.83,plays_taller
2026,BJ Kolly,UC Riverside,127644,6-10,"6'10""",82.0,80.18,"6'8""",-1.82,plays_shorter,80.18,"6'8""",-1.82,plays_shorter
2026,Elijah Thomas,Eastern Washington,127645,6-6,"6'6""",78.0,77.13,"6'5""",-0.87,plays_shorter,77.13,"6'5""",-0.87,plays_shorter
2026,L.J. Cason,Michigan,127649,6-2,"6'2""",74.0,76.61,"6'5""",2.61,plays_taller,76.61,"6'5""",2.61,plays_taller
2026,Jeremiah Jenkins,Brown,127656,6-0,"6'0""",72.0,75.36,"6'3""",3.36,plays_taller,75.36,"6'3""",3.36,plays_taller
2026,David Rochester,Brown,127657,6-8,"6'8""",80.0,76.33,"6'4""",-3.67,plays_shorter,76.33,"6'4""",-3.67,plays_shorter
2026,Wyatt DeGraaf,Brown,127658,6-10,"6'10""",82.0,80.2,"6'8""",-1.8,plays_shorter,80.2,"6'8""",-1.8,plays_shorter
2026,Garrett Sundra,Notre Dame,127659,6-11,"6'11""",83.0,77.43,"6'5""",-5.57,plays_shorter,77.43,"6'5""",-5.57,plays_shorter
2026,Biggie Patterson,Hofstra,127661,6-7,"6'7""",79.0,78.16,"6'6""",-0.84,plays_shorter,78.16,"6'6""",-0.84,plays_shorter
2026,Tyonne Farrell,Morehead St.,127664,6-6,"6'6""",78.0,77.58,"6'6""",-0.42,plays_at_height,77.58,"6'6""",-0.42,plays_at_height
2026,Carmelo Adkins,USC Upstate,127669,6-4,"6'4""",76.0,75.62,"6'4""",-0.38,plays_at_height,75.62,"6'4""",-0.38,plays_at_height
2026,Isaiah Skinner,USC Upstate,127670,6-6,"6'6""",78.0,75.67,"6'4""",-2.33,plays_shorter,75.67,"6'4""",-2.33,plays_shorter
2026,D'Aundre Samuels,Houston Christian,127672,6-2,"6'2""",74.0,76.96,"6'5""",2.96,plays_taller,76.96,"6'5""",2.96,plays_taller
2026,Kyle Edison,Southeastern Louisiana,127678,6-4,"6'4""",76.0,77.56,"6'6""",1.56,plays_taller,77.56,"6'6""",1.56,plays_taller
2026,Jeremy Elyzee,Southeastern Louisiana,127680,6-6,"6'6""",78.0,78.8,"6'7""",0.8,plays_taller,78.8,"6'7""",0.8,plays_taller
2026,Dior Conners,Ohio,127681,6-3,"6'3""",75.0,74.08,"6'2""",-0.92,plays_shorter,74.08,"6'2""",-0.92,plays_shorter
2026,Ben Ezeagu,Southern Indiana,127682,6-7,"6'7""",79.0,76.96,"6'5""",-2.04,plays_shorter,76.96,"6'5""",-2.04,plays_shorter
2026,Jason Clarke Jr.,Appalachian St.,127683,6-0,"6'0""",72.0,75.43,"6'3""",3.43,plays_taller,75.43,"6'3""",3.43,plays_taller
2026,Jaiden Lawrence,Southeastern Louisiana,127684,6-4,"6'4""",76.0,75.53,"6'4""",-0.47,plays_at_height,75.53,"6'4""",-0.47,plays_at_height
2026,Jamil Muttilib,Grambling St.,127685,6-6,"6'6""",78.0,78.12,"6'6""",0.12,plays_at_height,78.12,"6'6""",0.12,plays_at_height
2026,Mario Andrews,Alabama St.,127686,6-7,"6'7""",79.0,78.71,"6'7""",-0.29,plays_at_height,78.71,"6'7""",-0.29,plays_at_height
2026,Micah Simpson,Alabama St.,127688,6-2,"6'2""",74.0,75.91,"6'4""",1.91,plays_taller,75.91,"6'4""",1.91,plays_taller
2026,Makoi Mabor Makoi,UNC Wilmington,127690,6-11,"6'11""",83.0,77.92,"6'6""",-5.08,plays_shorter,77.92,"6'6""",-5.08,plays_shorter
2026,Cameron McNamee,Dartmouth,127692,6-6,"6'6""",78.0,76.15,"6'4""",-1.85,plays_shorter,76.15,"6'4""",-1.85,plays_shorter
2026,Daniel Jacobsen,Purdue,127694,7-4,"7'4""",88.0,84.67,"7'1""",-3.33,plays_shorter,84.67,"7'1""",-3.33,plays_shorter
2026,JaJuan Nicholls,Tennessee Tech,127698,6-8,"6'8""",80.0,81.23,"6'9""",1.23,plays_taller,81.23,"6'9""",1.23,plays_taller
2026,Christian Anderson,Texas Tech,127700,6-3,"6'3""",75.0,76.73,"6'5""",1.73,plays_taller,76.73,"6'5""",1.73,plays_taller
2026,Tyler Spratt,Detroit Mercy,127703,6-5,"6'5""",77.0,76.75,"6'5""",-0.25,plays_at_height,76.75,"6'5""",-0.25,plays_at_height
2026,Kaden Stuckey,VMI,127704,6-8,"6'8""",80.0,79.72,"6'8""",-0.28,plays_at_height,79.72,"6'8""",-0.28,plays_at_height
2026,Dan Gherezgher,Northern Kentucky,127705,6-4,"6'4""",76.0,75.5,"6'4""",-0.5,plays_at_height,75.5,"6'4""",-0.5,plays_at_height
2026,Ian Smikle,Tulsa,127706,6-10,"6'10""",82.0,79.24,"6'7""",-2.76,plays_shorter,79.24,"6'7""",-2.76,plays_shorter
2026,Brett Decker Jr.,Liberty,127708,6-3,"6'3""",75.0,75.45,"6'3""",0.45,plays_at_height,75.45,"6'3""",0.45,plays_at_height
2026,Owen Aquino,High Point,127709,6-8,"6'8""",80.0,81.06,"6'9""",1.06,plays_taller,81.06,"6'9""",1.06,plays_taller
2026,Macon Emory,Delaware,127710,6-8,"6'8""",80.0,78.37,"6'6""",-1.63,plays_shorter,78.37,"6'6""",-1.63,plays_shorter
2026,Izaiah Pasha,Virginia Tech,127711,6-4,"6'4""",76.0,76.13,"6'4""",0.13,plays_at_height,76.13,"6'4""",0.13,plays_at_height
2026,DeSean Goode,Robert Morris,127715,6-8,"6'8""",80.0,79.96,"6'8""",-0.04,plays_at_height,79.96,"6'8""",-0.04,plays_at_height
2026,Keenan Garner,Central Michigan,127717,6-6,"6'6""",78.0,78.97,"6'7""",0.97,plays_taller,78.97,"6'7""",0.97,plays_taller
2026,Ryan Mela,Providence,127719,6-7,"6'7""",79.0,77.72,"6'6""",-1.28,plays_shorter,77.72,"6'6""",-1.28,plays_shorter
2026,Zawdie Jackson,FIU,127723,6-0,"6'0""",72.0,75.32,"6'3""",3.32,plays_taller,75.32,"6'3""",3.32,plays_taller
2026,Tyler Tanner,Vanderbilt,127726,6-0,"6'0""",72.0,78.1,"6'6""",6.1,plays_taller,78.1,"6'6""",6.1,plays_taller
2026,Eduardo Klafke,Mississippi,127728,6-5,"6'5""",77.0,77.73,"6'6""",0.73,plays_at_height,77.73,"6'6""",0.73,plays_at_height
2026,John Bol,UCF,127729,7-2,"7'2""",86.0,81.93,"6'10""",-4.07,plays_shorter,81.93,"6'10""",-4.07,plays_shorter
2026,Royce Parham,Marquette,127731,6-8,"6'8""",80.0,79.43,"6'7""",-0.57,plays_at_height,79.43,"6'7""",-0.57,plays_at_height
2026,Nojus Indrusaitis,Pittsburgh,127736,6-5,"6'5""",77.0,76.53,"6'5""",-0.47,plays_at_height,76.53,"6'5""",-0.47,plays_at_height
2026,Khalil Williams,Bryant,127739,6-5,"6'5""",77.0,74.16,"6'2""",-2.84,plays_shorter,74.16,"6'2""",-2.84,plays_shorter
2026,Nick Janowski,St. Thomas,127743,6-4,"6'4""",76.0,76.51,"6'5""",0.51,plays_at_height,76.51,"6'5""",0.51,plays_at_height
2026,Daniel Johnson,Hampton,127746,6-5,"6'5""",77.0,77.9,"6'6""",0.9,plays_taller,77.9,"6'6""",0.9,plays_taller
2026,Alex Chaikin,UC San Diego,127749,6-4,"6'4""",76.0,74.58,"6'3""",-1.42,plays_shorter,74.58,"6'3""",-1.42,plays_shorter
2026,Jaden Johnson,La Salle,127754,6-2,"6'2""",74.0,74.46,"6'2""",0.46,plays_at_height,74.46,"6'2""",0.46,plays_at_height
2026,Nyle Ralph-Beyer,Sacred Heart,127758,6-4,"6'4""",76.0,76.02,"6'4""",0.02,plays_at_height,76.02,"6'4""",0.02,plays_at_height
2026,Juwan Maxey,Ball St.,127759,6-0,"6'0""",72.0,74.31,"6'2""",2.31,plays_taller,74.31,"6'2""",2.31,plays_taller
2026,Cris Carroll,Youngstown St.,127760,6-6,"6'6""",78.0,77.59,"6'6""",-0.41,plays_at_height,77.59,"6'6""",-0.41,plays_at_height
2026,TJ Burch,Wright St.,127764,6-1,"6'1""",73.0,77.15,"6'5""",4.15,plays_taller,77.15,"6'5""",4.15,plays_taller
2026,Lathan Sommerville,Washington,127765,6-10,"6'10""",82.0,78.3,"6'6""",-3.7,plays_shorter,78.3,"6'6""",-3.7,plays_shorter
2026,Kayde Dotson,Loyola Chicago,127767,6-2,"6'2""",74.0,74.48,"6'2""",0.48,plays_at_height,74.48,"6'2""",0.48,plays_at_height
2026,Daniel Thomas,UNC Asheville,127769,6-8,"6'8""",80.0,79.36,"6'7""",-0.64,plays_at_height,79.36,"6'7""",-0.64,plays_at_height
2026,Jovan Milicevic,Xavier,127770,6-10,"6'10""",82.0,77.12,"6'5""",-4.88,plays_shorter,77.12,"6'5""",-4.88,plays_shorter
2026,Clinton Efinda,UNC Greensboro,127774,6-5,"6'5""",77.0,75.38,"6'3""",-1.62,plays_shorter,75.38,"6'3""",-1.62,plays_shorter
2026,Tim Oboh,Buffalo,127775,6-11,"6'11""",83.0,82.27,"6'10""",-0.73,plays_at_height,82.27,"6'10""",-0.73,plays_at_height
2026,Brit Harris,FIU,127779,6-5,"6'5""",77.0,76.52,"6'5""",-0.48,plays_at_height,76.52,"6'5""",-0.48,plays_at_height
2026,Cameron Clark,South Carolina St.,127781,6-10,"6'10""",82.0,79.59,"6'8""",-2.41,plays_shorter,79.59,"6'8""",-2.41,plays_shorter
2026,Jemel Jones,New Mexico St.,127782,6-4,"6'4""",76.0,77.27,"6'5""",1.27,plays_taller,77.27,"6'5""",1.27,plays_taller
2026,James Evans Jr.,Cal St. Northridge,127784,6-6,"6'6""",78.0,75.61,"6'4""",-2.39,plays_shorter,75.61,"6'4""",-2.39,plays_shorter
2026,Omari Hamilton,Alcorn St.,127785,6-6,"6'6""",78.0,77.66,"6'6""",-0.34,plays_at_height,77.66,"6'6""",-0.34,plays_at_height
2026,Tycen McDaniels,Alcorn St.,127786,6-8,"6'8""",80.0,81.36,"6'9""",1.36,plays_taller,81.36,"6'9""",1.36,plays_taller
2026,Danilo Dozic,Pepperdine,127790,6-10,"6'10""",82.0,75.62,"6'4""",-6.38,plays_shorter,75.62,"6'4""",-6.38,plays_shorter
2026,Dovydas Butka,Campbell,127791,6-9,"6'9""",81.0,79.31,"6'7""",-1.69,plays_shorter,79.31,"6'7""",-1.69,plays_shorter
2026,Hassan Perkins,Coppin St.,127792,6-0,"6'0""",72.0,74.26,"6'2""",2.26,plays_taller,74.26,"6'2""",2.26,plays_taller
2026,Shadrak Lasu,LIU,127794,6-9,"6'9""",81.0,80.98,"6'9""",-0.02,plays_at_height,80.98,"6'9""",-0.02,plays_at_height
2026,Jalen Lee,Southern Utah,127795,6-7,"6'7""",79.0,74.28,"6'2""",-4.72,plays_shorter,74.28,"6'2""",-4.72,plays_shorter
2026,Jeremiah Davis,Montana St.,127801,6-4,"6'4""",76.0,75.91,"6'4""",-0.09,plays_at_height,75.91,"6'4""",-0.09,plays_at_height
2026,Trap Johnson,UC San Diego,127803,6-6,"6'6""",78.0,75.45,"6'3""",-2.55,plays_shorter,75.45,"6'3""",-2.55,plays_shorter
2026,Tyler Behrend,Tulsa,127804,6-10,"6'10""",82.0,79.74,"6'8""",-2.26,plays_shorter,79.74,"6'8""",-2.26,plays_shorter
2026,Taj DeGourville,San Diego St.,127809,6-5,"6'5""",77.0,75.78,"6'4""",-1.22,plays_shorter,75.78,"6'4""",-1.22,plays_shorter
2026,Pharaoh Compton,San Diego St.,127810,6-8,"6'8""",80.0,83.34,"6'11""",3.34,plays_taller,83.34,"6'11""",3.34,plays_taller
2026,Mark Drone,Texas St.,127811,6-0,"6'0""",72.0,76.13,"6'4""",4.13,plays_taller,76.13,"6'4""",4.13,plays_taller
2026,Austin Green,UMass Lowell,127812,6-8,"6'8""",80.0,79.55,"6'8""",-0.45,plays_at_height,79.55,"6'8""",-0.45,plays_at_height
2026,KJ Thomas,UTEP,127814,6-1,"6'1""",73.0,75.28,"6'3""",2.28,plays_taller,75.28,"6'3""",2.28,plays_taller
2026,Jack Reddick,Florida Gulf Coast,127818,6-3,"6'3""",75.0,75.37,"6'3""",0.37,plays_at_height,75.37,"6'3""",0.37,plays_at_height
2026,Darren Williams,Florida Gulf Coast,127819,6-4,"6'4""",76.0,74.79,"6'3""",-1.21,plays_shorter,74.79,"6'3""",-1.21,plays_shorter
2026,Damarien Yates,Alabama St.,127821,6-7,"6'7""",79.0,78.38,"6'6""",-0.62,plays_at_height,78.38,"6'6""",-0.62,plays_at_height
2026,Jared Harris,Wyoming,127823,6-2,"6'2""",74.0,78.04,"6'6""",4.04,plays_taller,78.04,"6'6""",4.04,plays_taller
2026,Rolyns Aligbe,Southern Illinois,127824,6-9,"6'9""",81.0,80.46,"6'8""",-0.54,plays_at_height,80.46,"6'8""",-0.54,plays_at_height
2026,Malcolm Thomas,Dayton,127825,6-8,"6'8""",80.0,81.1,"6'9""",1.1,plays_taller,81.1,"6'9""",1.1,plays_taller
2026,Jayden Johnson,South Carolina St.,127826,6-1,"6'1""",73.0,75.06,"6'3""",2.06,plays_taller,75.06,"6'3""",2.06,plays_taller
2026,Jamal Miles,South Carolina St.,127828,6-4,"6'4""",76.0,76.44,"6'4""",0.44,plays_at_height,76.44,"6'4""",0.44,plays_at_height
2026,D'Shay Knights Wright,South Carolina St.,127829,6-9,"6'9""",81.0,76.7,"6'5""",-4.3,plays_shorter,76.7,"6'5""",-4.3,plays_shorter
2026,Joshua Dent,Saint Mary's,127831,6-3,"6'3""",75.0,75.25,"6'3""",0.25,plays_at_height,75.25,"6'3""",0.25,plays_at_height
2026,Mikey Lewis,Saint Mary's,127832,6-3,"6'3""",75.0,75.72,"6'4""",0.72,plays_at_height,75.72,"6'4""",0.72,plays_at_height
2026,Max Weisbrod,Northern Iowa,127833,6-4,"6'4""",76.0,74.93,"6'3""",-1.07,plays_shorter,74.93,"6'3""",-1.07,plays_shorter
2026,Liam Campbell,Saint Mary's,127834,6-4,"6'4""",76.0,75.56,"6'4""",-0.44,plays_at_height,75.56,"6'4""",-0.44,plays_at_height
2026,Isaiah Walter,UMass Lowell,127838,6-6,"6'6""",78.0,75.69,"6'4""",-2.31,plays_shorter,75.69,"6'4""",-2.31,plays_shorter
2026,Luka Toews,Boston College,127839,6-1,"6'1""",73.0,74.73,"6'3""",1.73,plays_taller,74.73,"6'3""",1.73,plays_taller
2026,Tyler Schmidt,Towson,127841,6-4,"6'4""",76.0,75.68,"6'4""",-0.32,plays_at_height,75.68,"6'4""",-0.32,plays_at_height
2026,AJ Patterson,Air Force,127845,6-3,"6'3""",75.0,76.92,"6'5""",1.92,plays_taller,76.92,"6'5""",1.92,plays_taller
2026,Anias Futrell,Lindenwood,127847,6-5,"6'5""",77.0,78.23,"6'6""",1.23,plays_taller,78.23,"6'6""",1.23,plays_taller
2026,Guzman Vasilic,Cal Poly,127850,6-4,"6'4""",76.0,74.67,"6'3""",-1.33,plays_shorter,74.67,"6'3""",-1.33,plays_shorter
2026,Ketron Shaw,Old Dominion,127855,6-4,"6'4""",76.0,77.41,"6'5""",1.41,plays_taller,77.41,"6'5""",1.41,plays_taller
2026,Dante Oliver,North Florida,127860,6-5,"6'5""",77.0,74.66,"6'3""",-2.34,plays_shorter,74.66,"6'3""",-2.34,plays_shorter
2026,Elias Ralph,Pacific,127861,6-7,"6'7""",79.0,79.34,"6'7""",0.34,plays_at_height,79.34,"6'7""",0.34,plays_at_height
2026,Travis Harper II,Tennessee St.,127862,6-6,"6'6""",78.0,77.9,"6'6""",-0.1,plays_at_height,77.9,"6'6""",-0.1,plays_at_height
2026,Jacen Holloway,Army,127863,6-4,"6'4""",76.0,75.97,"6'4""",-0.03,plays_at_height,75.97,"6'4""",-0.03,plays_at_height
2026,Joshua Eli,Army,127864,6-6,"6'6""",78.0,78.31,"6'6""",0.31,plays_at_height,78.31,"6'6""",0.31,plays_at_height
2026,Isaiah Brown,Florida,127867,6-4,"6'4""",76.0,79.32,"6'7""",3.32,plays_taller,79.32,"6'7""",3.32,plays_taller
2026,Kai Burdick,Southern Utah,127869,7-0,"7'0""",84.0,79.49,"6'7""",-4.51,plays_shorter,79.49,"6'7""",-4.51,plays_shorter
2026,Babatunde Durodola,Temple,127870,6-8,"6'8""",80.0,78.08,"6'6""",-1.92,plays_shorter,78.08,"6'6""",-1.92,plays_shorter
2026,Damarion Dennis,Wyoming,127873,6-1,"6'1""",73.0,77.4,"6'5""",4.4,plays_taller,77.4,"6'5""",4.4,plays_taller
2026,Isaac Williams,Baylor,127874,6-1,"6'1""",73.0,76.78,"6'5""",3.78,plays_taller,76.78,"6'5""",3.78,plays_taller
2026,Austin Rapp,Wisconsin,127877,6-10,"6'10""",82.0,78.14,"6'6""",-3.86,plays_shorter,78.14,"6'6""",-3.86,plays_shorter
2026,Todd Jones Jr.,Louisiana,127878,6-9,"6'9""",81.0,82.11,"6'10""",1.11,plays_taller,82.11,"6'10""",1.11,plays_taller
2026,Mikah Ballew,Portland,127879,6-5,"6'5""",77.0,74.95,"6'3""",-2.05,plays_shorter,74.95,"6'3""",-2.05,plays_shorter
2026,Jamie Phillips Jr.,Stetson,127880,6-5,"6'5""",77.0,76.9,"6'5""",-0.1,plays_at_height,76.9,"6'5""",-0.1,plays_at_height
2026,Mehki Ellison,Eastern Michigan,127881,6-0,"6'0""",72.0,74.78,"6'3""",2.78,plays_taller,74.78,"6'3""",2.78,plays_taller
2026,Kent Jackson,North Florida,127884,6-3,"6'3""",75.0,74.1,"6'2""",-0.9,plays_shorter,74.1,"6'2""",-0.9,plays_shorter
2026,Enrico Borio,Jacksonville,127886,6-5,"6'5""",77.0,76.23,"6'4""",-0.77,plays_shorter,76.23,"6'4""",-0.77,plays_shorter
2026,Jeremiah Evans,Louisiana,127887,6-10,"6'10""",82.0,79.18,"6'7""",-2.82,plays_shorter,79.18,"6'7""",-2.82,plays_shorter
2026,Mostapha El Moutaouakkil,Jacksonville St.,127888,6-6,"6'6""",78.0,78.67,"6'7""",0.67,plays_at_height,78.67,"6'7""",0.67,plays_at_height
2026,Gavin Doty,Siena,127893,6-5,"6'5""",77.0,77.83,"6'6""",0.83,plays_taller,77.83,"6'6""",0.83,plays_taller
2026,Major Freeman,Charlotte,127894,6-3,"6'3""",75.0,75.09,"6'3""",0.09,plays_at_height,75.09,"6'3""",0.09,plays_at_height
2026,Jalen Shelley,Loyola Marymount,127896,6-8,"6'8""",80.0,78.96,"6'7""",-1.04,plays_shorter,78.96,"6'7""",-1.04,plays_shorter
2026,Robert Hinton,Harvard,127900,6-5,"6'5""",77.0,77.59,"6'6""",0.59,plays_at_height,77.59,"6'6""",0.59,plays_at_height
2026,Ben Eisendrath,Harvard,127901,6-2,"6'2""",74.0,75.9,"6'4""",1.9,plays_taller,75.9,"6'4""",1.9,plays_taller
2026,Gerard O'Keefe,Columbia,127902,6-3,"6'3""",75.0,74.19,"6'2""",-0.81,plays_shorter,74.19,"6'2""",-0.81,plays_shorter
2026,Tim Moore,San Diego,127904,6-6,"6'6""",78.0,78.99,"6'7""",0.99,plays_taller,78.99,"6'7""",0.99,plays_taller
2026,Kam Martin,Samford,127906,6-4,"6'4""",76.0,76.22,"6'4""",0.22,plays_at_height,76.22,"6'4""",0.22,plays_at_height
2026,Hermann Koffi,Stonehill,127913,6-4,"6'4""",76.0,74.3,"6'2""",-1.7,plays_shorter,74.3,"6'2""",-1.7,plays_shorter
2026,Pearse McGuinn,Stonehill,127915,6-8,"6'8""",80.0,76.67,"6'5""",-3.33,plays_shorter,76.67,"6'5""",-3.33,plays_shorter
2026,Tyler Johnson,Virginia Tech,127923,6-5,"6'5""",77.0,78.89,"6'7""",1.89,plays_taller,78.89,"6'7""",1.89,plays_taller
2026,Jaxon Prunty,Charleston,127925,6-6,"6'6""",78.0,76.28,"6'4""",-1.72,plays_shorter,76.28,"6'4""",-1.72,plays_shorter
2026,Urban Klavzar,Florida,127926,6-1,"6'1""",73.0,76.14,"6'4""",3.14,plays_taller,76.14,"6'4""",3.14,plays_taller
2026,AJ Swinton,Florida St.,127931,6-6,"6'6""",78.0,77.83,"6'6""",-0.17,plays_at_height,77.83,"6'6""",-0.17,plays_at_height
2026,Anastasios Rozakeas,Mount St. Mary's,127932,6-7,"6'7""",79.0,75.07,"6'3""",-3.93,plays_shorter,75.07,"6'3""",-3.93,plays_shorter
2026,Andre Mills,Maryland,127937,6-4,"6'4""",76.0,77.49,"6'5""",1.49,plays_taller,77.49,"6'5""",1.49,plays_taller
2026,Jayce Nathaniel,Illinois Chicago,127939,6-8,"6'8""",80.0,79.08,"6'7""",-0.92,plays_shorter,79.08,"6'7""",-0.92,plays_shorter
2026,Jadis Jones,Lindenwood,127940,6-5,"6'5""",77.0,80.04,"6'8""",3.04,plays_taller,80.04,"6'8""",3.04,plays_taller
2026,Aly Tounkara,Arkansas St.,127943,7-3,"7'3""",87.0,81.73,"6'10""",-5.27,plays_shorter,81.73,"6'10""",-5.27,plays_shorter
2026,George Turkson Jr.,Maryland,127944,6-7,"6'7""",79.0,78.32,"6'6""",-0.68,plays_at_height,78.32,"6'6""",-0.68,plays_at_height
2026,Ring Nyeri,Northern Colorado,127947,6-8,"6'8""",80.0,80.46,"6'8""",0.46,plays_at_height,80.46,"6'8""",0.46,plays_at_height
2026,Kasheem Grady II,UMKC,127950,6-5,"6'5""",77.0,75.89,"6'4""",-1.11,plays_shorter,75.89,"6'4""",-1.11,plays_shorter
2026,Richard Goods,Stony Brook,127953,6-9,"6'9""",81.0,79.78,"6'8""",-1.22,plays_shorter,79.78,"6'8""",-1.22,plays_shorter
2026,Eunique Rink,Hampton,127955,6-10,"6'10""",82.0,79.7,"6'8""",-2.3,plays_shorter,79.7,"6'8""",-2.3,plays_shorter
2026,Noah Boyde,Western Kentucky,127957,7-0,"7'0""",84.0,79.13,"6'7""",-4.87,plays_shorter,79.13,"6'7""",-4.87,plays_shorter
2026,Robert Miller III,LSU,127958,6-10,"6'10""",82.0,82.09,"6'10""",0.09,plays_at_height,82.09,"6'10""",0.09,plays_at_height
2026,Curtis Givens III,Memphis,127959,6-3,"6'3""",75.0,75.16,"6'3""",0.16,plays_at_height,75.16,"6'3""",0.16,plays_at_height
2026,Vyctorius Miller,Oklahoma St.,127960,6-5,"6'5""",77.0,76.65,"6'5""",-0.35,plays_at_height,76.65,"6'5""",-0.35,plays_at_height
2026,Azmar Abdullah,Boston University,127962,6-3,"6'3""",75.0,75.75,"6'4""",0.75,plays_taller,75.75,"6'4""",0.75,plays_taller
2026,Ben Defty,Boston University,127963,7-0,"7'0""",84.0,82.54,"6'11""",-1.46,plays_shorter,82.54,"6'11""",-1.46,plays_shorter
2026,Jeremy Clayville,NJIT,127975,6-0,"6'0""",72.0,73.53,"6'2""",1.53,plays_taller,73.53,"6'2""",1.53,plays_taller
2026,Victor Payne,Saint Francis,127976,6-4,"6'4""",76.0,76.91,"6'5""",0.91,plays_taller,76.91,"6'5""",0.91,plays_taller
2026,K.J. Windham,Northwestern,127977,6-3,"6'3""",75.0,74.48,"6'2""",-0.52,plays_at_height,74.48,"6'2""",-0.52,plays_at_height
2026,Angelo Ciaravino,Northwestern,127978,6-6,"6'6""",78.0,79.68,"6'8""",1.68,plays_taller,79.68,"6'8""",1.68,plays_taller
2026,Tomislav Ivisic,Illinois,127979,7-1,"7'1""",85.0,80.15,"6'8""",-4.85,plays_shorter,80.15,"6'8""",-4.85,plays_shorter
2026,Connor Amundsen,Dartmouth,127980,5-11,"5'11""",71.0,74.08,"6'2""",3.08,plays_taller,74.08,"6'2""",3.08,plays_taller
2026,Kareem Thomas,Dartmouth,127981,6-5,"6'5""",77.0,76.27,"6'4""",-0.73,plays_at_height,76.27,"6'4""",-0.73,plays_at_height
2026,Brewer Carruth,Southern Miss,127982,6-4,"6'4""",76.0,75.06,"6'3""",-0.94,plays_shorter,75.06,"6'3""",-0.94,plays_shorter
2026,Joshua DeCady,Hofstra,127986,6-8,"6'8""",80.0,77.82,"6'6""",-2.18,plays_shorter,77.82,"6'6""",-2.18,plays_shorter
2026,Micah Robinson,TCU,127988,6-6,"6'6""",78.0,78.6,"6'7""",0.6,plays_at_height,78.6,"6'7""",0.6,plays_at_height
2026,Christian Gamble,Mercyhurst,127989,6-1,"6'1""",73.0,74.78,"6'3""",1.78,plays_taller,74.78,"6'3""",1.78,plays_taller
2026,Jack Whitbourn,Fordham,127992,6-10,"6'10""",82.0,78.96,"6'7""",-3.04,plays_shorter,78.96,"6'7""",-3.04,plays_shorter
2026,Tyler Jones,UC Riverside,127994,6-2,"6'2""",74.0,74.17,"6'2""",0.17,plays_at_height,74.17,"6'2""",0.17,plays_at_height
2026,Abass Bodija,Fordham,127995,6-10,"6'10""",82.0,79.51,"6'8""",-2.49,plays_shorter,79.51,"6'8""",-2.49,plays_shorter
2026,Landon Williams,Niagara,128000,6-4,"6'4""",76.0,76.29,"6'4""",0.29,plays_at_height,76.29,"6'4""",0.29,plays_at_height
2026,Will Shortt,Niagara,128002,6-8,"6'8""",80.0,80.55,"6'9""",0.55,plays_at_height,80.55,"6'9""",0.55,plays_at_height
2026,Donnie Freeman,Syracuse,128004,6-9,"6'9""",81.0,79.52,"6'8""",-1.48,plays_shorter,79.52,"6'8""",-1.48,plays_shorter
2026,Reid Cason,East Carolina,128005,6-10,"6'10""",82.0,80.95,"6'9""",-1.05,plays_shorter,80.95,"6'9""",-1.05,plays_shorter
2026,Tybo Bailey,East Carolina,128009,6-2,"6'2""",74.0,74.48,"6'2""",0.48,plays_at_height,74.48,"6'2""",0.48,plays_at_height
2026,PJ Dobuol,Southern,128013,6-8,"6'8""",80.0,76.93,"6'5""",-3.07,plays_shorter,76.93,"6'5""",-3.07,plays_shorter
2026,Jayden Gambrell,Lamar,128014,6-3,"6'3""",75.0,74.82,"6'3""",-0.18,plays_at_height,74.82,"6'3""",-0.18,plays_at_height
2026,Ebrahim Kaba,Purdue Fort Wayne,128015,6-9,"6'9""",81.0,76.12,"6'4""",-4.88,plays_shorter,76.12,"6'4""",-4.88,plays_shorter
2026,Braden East,Lamar,128016,6-9,"6'9""",81.0,82.41,"6'10""",1.41,plays_taller,82.41,"6'10""",1.41,plays_taller
2026,Luke Flynn,Wofford,128019,6-1,"6'1""",73.0,75.0,"6'3""",2.0,plays_taller,75.0,"6'3""",2.0,plays_taller
2026,Kahmare Holmes,Wofford,128020,6-3,"6'3""",75.0,77.96,"6'6""",2.96,plays_taller,77.96,"6'6""",2.96,plays_taller
2026,Sean Lang,Mercyhurst,128024,6-3,"6'3""",75.0,76.46,"6'4""",1.46,plays_taller,76.46,"6'4""",1.46,plays_taller
2026,Iverson King,Presbyterian,128026,6-6,"6'6""",78.0,76.82,"6'5""",-1.18,plays_shorter,76.82,"6'5""",-1.18,plays_shorter
2026,Tyler Lee,Central Arkansas,128029,6-5,"6'5""",77.0,75.98,"6'4""",-1.02,plays_shorter,75.98,"6'4""",-1.02,plays_shorter
2026,Kayvaun Mulready,Georgetown,128033,6-4,"6'4""",76.0,77.57,"6'6""",1.57,plays_taller,77.57,"6'6""",1.57,plays_taller
2026,AJ Hopkins,Tennessee Martin,128038,6-6,"6'6""",78.0,76.73,"6'5""",-1.27,plays_shorter,76.73,"6'5""",-1.27,plays_shorter
2026,Pedro Santos,Tennessee Martin,128039,6-7,"6'7""",79.0,77.57,"6'6""",-1.43,plays_shorter,77.57,"6'6""",-1.43,plays_shorter
2026,Stefano Faloppa,New Haven,128040,6-9,"6'9""",81.0,76.91,"6'5""",-4.09,plays_shorter,76.91,"6'5""",-4.09,plays_shorter
2026,Ta'Zir Smith,Robert Morris,128045,6-3,"6'3""",75.0,75.46,"6'3""",0.46,plays_at_height,75.46,"6'3""",0.46,plays_at_height
2026,Micah Caster,Louisiana Monroe,128046,6-2,"6'2""",74.0,73.52,"6'2""",-0.48,plays_at_height,73.52,"6'2""",-0.48,plays_at_height
2026,Bennett Stirtz,Iowa,128048,6-4,"6'4""",76.0,77.02,"6'5""",1.02,plays_taller,77.02,"6'5""",1.02,plays_taller
2026,Josiah Moore,Tulane,128050,6-5,"6'5""",77.0,77.94,"6'6""",0.94,plays_taller,77.94,"6'6""",0.94,plays_taller
2026,Luke Gray,Oral Roberts,128051,6-7,"6'7""",79.0,78.77,"6'7""",-0.23,plays_at_height,78.77,"6'7""",-0.23,plays_at_height
2026,Nate Johnson,Detroit Mercy,128064,6-7,"6'7""",79.0,76.24,"6'4""",-2.76,plays_shorter,76.24,"6'4""",-2.76,plays_shorter
2026,Isaiah Johnson-Arigu,St. Thomas,128065,6-7,"6'7""",79.0,79.17,"6'7""",0.17,plays_at_height,79.17,"6'7""",0.17,plays_at_height
2026,Troy Cole Jr.,Southeast Missouri St.,128066,6-4,"6'4""",76.0,78.16,"6'6""",2.16,plays_taller,78.16,"6'6""",2.16,plays_taller
2026,Nick Woodard,Alcorn St.,128068,6-6,"6'6""",78.0,77.09,"6'5""",-0.91,plays_shorter,77.09,"6'5""",-0.91,plays_shorter
2026,Malcolm Noel,West Georgia,128070,5-11,"5'11""",71.0,74.23,"6'2""",3.23,plays_taller,74.23,"6'2""",3.23,plays_taller
2026,Amari McCottry,Saint Louis,128074,6-6,"6'6""",78.0,79.06,"6'7""",1.06,plays_taller,79.06,"6'7""",1.06,plays_taller
2026,Gabe Pickens,New Mexico St.,128076,6-0,"6'0""",72.0,74.45,"6'2""",2.45,plays_taller,74.45,"6'2""",2.45,plays_taller
2026,Jae'Coby Osborne,New Mexico St.,128077,6-6,"6'6""",78.0,79.1,"6'7""",1.1,plays_taller,79.1,"6'7""",1.1,plays_taller
2026,MJ Thomas,New Orleans,128081,6-8,"6'8""",80.0,80.97,"6'9""",0.97,plays_taller,80.97,"6'9""",0.97,plays_taller
2026,Caleb Middleton,Elon,128086,6-11,"6'11""",83.0,79.87,"6'8""",-3.13,plays_shorter,79.87,"6'8""",-3.13,plays_shorter
2026,Khalil Badru,Iona,128087,6-5,"6'5""",77.0,79.69,"6'8""",2.69,plays_taller,79.69,"6'8""",2.69,plays_taller
2026,Christopher Flippin,Maryland Eastern Shore,128088,6-8,"6'8""",80.0,79.35,"6'7""",-0.65,plays_at_height,79.35,"6'7""",-0.65,plays_at_height
2026,Flash Burton,Rider,128090,6-3,"6'3""",75.0,75.5,"6'4""",0.5,plays_at_height,75.5,"6'4""",0.5,plays_at_height
2026,Colin White,Ohio St.,128091,6-6,"6'6""",78.0,77.87,"6'6""",-0.13,plays_at_height,77.87,"6'6""",-0.13,plays_at_height
2026,Alfred Worrell Jr.,Morgan St.,128092,6-4,"6'4""",76.0,75.09,"6'3""",-0.91,plays_shorter,75.09,"6'3""",-0.91,plays_shorter
2026,Isaac Nyakundi,Le Moyne,128098,6-9,"6'9""",81.0,78.65,"6'7""",-2.35,plays_shorter,78.65,"6'7""",-2.35,plays_shorter
2026,Malachi Arrington,NJIT,128099,6-11,"6'11""",83.0,80.22,"6'8""",-2.78,plays_shorter,80.22,"6'8""",-2.78,plays_shorter
2026,John Kelly,NJIT,128100,6-8,"6'8""",80.0,77.24,"6'5""",-2.76,plays_shorter,77.24,"6'5""",-2.76,plays_shorter
2026,Ari Fulton,NJIT,128101,6-7,"6'7""",79.0,78.96,"6'7""",-0.04,plays_at_height,78.96,"6'7""",-0.04,plays_at_height
2026,Quentin Duncan,NJIT,128102,6-4,"6'4""",76.0,75.23,"6'3""",-0.77,plays_shorter,75.23,"6'3""",-0.77,plays_shorter
2026,Will Hornseth,Northern Iowa,128105,6-8,"6'8""",80.0,79.58,"6'8""",-0.42,plays_at_height,79.58,"6'8""",-0.42,plays_at_height
2026,Javontae Campbell,Bowling Green,128109,6-2,"6'2""",74.0,77.63,"6'6""",3.63,plays_taller,77.63,"6'6""",3.63,plays_taller
2026,Jahvin Carter,Middle Tennessee,128111,6-3,"6'3""",75.0,75.05,"6'3""",0.05,plays_at_height,75.05,"6'3""",0.05,plays_at_height
2026,Tommy Kamarad,Winthrop,128113,6-8,"6'8""",80.0,77.92,"6'6""",-2.08,plays_shorter,77.92,"6'6""",-2.08,plays_shorter
2026,Ryan Lafferty,St. Thomas,128120,6-5,"6'5""",77.0,75.78,"6'4""",-1.22,plays_shorter,75.78,"6'4""",-1.22,plays_shorter
2026,Nolan Minessale,St. Thomas,128121,6-5,"6'5""",77.0,78.54,"6'7""",1.54,plays_taller,78.54,"6'7""",1.54,plays_taller
2026,Aaron Nkrumah,Tennessee St.,128124,6-6,"6'6""",78.0,78.73,"6'7""",0.73,plays_at_height,78.73,"6'7""",0.73,plays_at_height
2026,Quan Lax,Austin Peay,128130,6-2,"6'2""",74.0,74.64,"6'3""",0.64,plays_at_height,74.64,"6'3""",0.64,plays_at_height
2026,Tekao Carpenter,North Carolina Central,128133,6-3,"6'3""",75.0,74.11,"6'2""",-0.89,plays_shorter,74.11,"6'2""",-0.89,plays_shorter
2026,Bryson Cokley,Elon,128138,6-6,"6'6""",78.0,76.71,"6'5""",-1.29,plays_shorter,76.71,"6'5""",-1.29,plays_shorter
2026,Justin Begg,Sam Houston St.,128139,6-0,"6'0""",72.0,74.78,"6'3""",2.78,plays_taller,74.78,"6'3""",2.78,plays_taller
2026,Makhi Myles,Southeastern Louisiana,128140,6-6,"6'6""",78.0,78.09,"6'6""",0.09,plays_at_height,78.09,"6'6""",0.09,plays_at_height
2026,Braden Hausen,High Point,128141,6-7,"6'7""",79.0,75.68,"6'4""",-3.32,plays_shorter,75.68,"6'4""",-3.32,plays_shorter
2026,R.J. Kennedy,New Hampshire,128144,6-1,"6'1""",73.0,74.59,"6'3""",1.59,plays_taller,74.59,"6'3""",1.59,plays_taller
2026,Mercy Miller,Houston,128146,6-4,"6'4""",76.0,78.16,"6'6""",2.16,plays_taller,78.16,"6'6""",2.16,plays_taller
2026,Chase McCarty,Houston,128147,6-5,"6'5""",77.0,78.65,"6'7""",1.65,plays_taller,78.65,"6'7""",1.65,plays_taller
2026,Devin Haid,South Florida,128148,6-5,"6'5""",77.0,77.02,"6'5""",0.02,plays_at_height,77.02,"6'5""",0.02,plays_at_height
2026,Khani Rooths,Louisville,128149,6-10,"6'10""",82.0,80.45,"6'8""",-1.55,plays_shorter,80.45,"6'8""",-1.55,plays_shorter
2026,Christian Henry,Fordham,128151,6-3,"6'3""",75.0,75.5,"6'3""",0.5,plays_at_height,75.5,"6'3""",0.5,plays_at_height
2026,Miles Barnstable,Tulsa,128156,6-2,"6'2""",74.0,77.6,"6'6""",3.6,plays_taller,77.6,"6'6""",3.6,plays_taller
2026,Justice Shoats,Siena,128157,5-11,"5'11""",71.0,75.01,"6'3""",4.01,plays_taller,75.01,"6'3""",4.01,plays_taller
2026,Ismael Diouf,Northern Iowa,128158,6-9,"6'9""",81.0,77.71,"6'6""",-3.29,plays_shorter,77.71,"6'6""",-3.29,plays_shorter
2026,Jack Stanton,Princeton,128160,6-2,"6'2""",74.0,75.11,"6'3""",1.11,plays_taller,75.11,"6'3""",1.11,plays_taller
2026,Cole McCormick,Central Arkansas,128164,6-6,"6'6""",78.0,78.06,"6'6""",0.06,plays_at_height,78.06,"6'6""",0.06,plays_at_height
2026,Josiah Dunham,Southern Indiana,128165,6-0,"6'0""",72.0,73.97,"6'2""",1.97,plays_taller,73.97,"6'2""",1.97,plays_taller
2026,Grayson Grove,Minnesota,128166,6-9,"6'9""",81.0,79.44,"6'7""",-1.56,plays_shorter,79.44,"6'7""",-1.56,plays_shorter
2026,Christian Alston,Abilene Christian,128171,6-5,"6'5""",77.0,77.71,"6'6""",0.71,plays_at_height,77.71,"6'6""",0.71,plays_at_height
2026,Houston Holland,Chattanooga,128173,6-3,"6'3""",75.0,75.67,"6'4""",0.67,plays_at_height,75.67,"6'4""",0.67,plays_at_height
2026,Dontrez Williams,Lindenwood,128174,6-5,"6'5""",77.0,78.7,"6'7""",1.7,plays_taller,78.7,"6'7""",1.7,plays_taller
2026,Mohammad Habhab,Eastern Michigan,128175,6-9,"6'9""",81.0,80.46,"6'8""",-0.54,plays_at_height,80.46,"6'8""",-0.54,plays_at_height
2026,Isaiah Abraham,Georgetown,128177,6-7,"6'7""",79.0,77.25,"6'5""",-1.75,plays_shorter,77.25,"6'5""",-1.75,plays_shorter
2026,Willie Williams,Northwestern St.,128178,6-6,"6'6""",78.0,80.58,"6'9""",2.58,plays_taller,80.58,"6'9""",2.58,plays_taller
2026,Ahmad Nowell,VCU,128181,6-0,"6'0""",72.0,75.45,"6'3""",3.45,plays_taller,75.45,"6'3""",3.45,plays_taller
2026,Quentin Heady,Bethune Cookman,128182,6-6,"6'6""",78.0,77.94,"6'6""",-0.06,plays_at_height,77.94,"6'6""",-0.06,plays_at_height
2026,Kevin McCarthy,Army,128184,6-4,"6'4""",76.0,74.65,"6'3""",-1.35,plays_shorter,74.65,"6'3""",-1.35,plays_shorter
2026,Dayon Polk,Army,128187,6-1,"6'1""",73.0,76.84,"6'5""",3.84,plays_taller,76.84,"6'5""",3.84,plays_taller
2026,Jaxson Bell,Army,128188,6-3,"6'3""",75.0,76.72,"6'5""",1.72,plays_taller,76.72,"6'5""",1.72,plays_taller
2026,Kameron Taylor,UNC Asheville,128190,6-7,"6'7""",79.0,78.04,"6'6""",-0.96,plays_shorter,78.04,"6'6""",-0.96,plays_shorter
2026,Tajuan Simpkins,Seton Hall,128193,6-4,"6'4""",76.0,77.31,"6'5""",1.31,plays_taller,77.31,"6'5""",1.31,plays_taller
2026,Ring Malith,SIU Edwardsville,128194,6-9,"6'9""",81.0,77.94,"6'6""",-3.06,plays_shorter,77.94,"6'6""",-3.06,plays_shorter
2026,Jo Valrie,SIU Edwardsville,128195,6-5,"6'5""",77.0,76.85,"6'5""",-0.15,plays_at_height,76.85,"6'5""",-0.15,plays_at_height
2026,Nassim Mashhour,Oakland,128196,6-4,"6'4""",76.0,75.05,"6'3""",-0.95,plays_shorter,75.05,"6'3""",-0.95,plays_shorter
2026,Myles Thompson,SIU Edwardsville,128199,6-7,"6'7""",79.0,76.62,"6'5""",-2.38,plays_shorter,76.62,"6'5""",-2.38,plays_shorter
2026,Kyle Jorgensen,Colorado St.,128202,6-9,"6'9""",81.0,78.28,"6'6""",-2.72,plays_shorter,78.28,"6'6""",-2.72,plays_shorter
2026,Keitenn Bristow,Alabama,128203,6-10,"6'10""",82.0,80.17,"6'8""",-1.83,plays_shorter,80.17,"6'8""",-1.83,plays_shorter
2026,Jordan Mizell,Tarleton St.,128205,6-1,"6'1""",73.0,76.0,"6'4""",3.0,plays_taller,76.0,"6'4""",3.0,plays_taller
2026,Tyler McKinley,Cincinnati,128211,6-9,"6'9""",81.0,78.29,"6'6""",-2.71,plays_shorter,78.29,"6'6""",-2.71,plays_shorter
2026,Jamichael Stillwell,UCF,128212,6-8,"6'8""",80.0,79.49,"6'7""",-0.51,plays_at_height,79.49,"6'7""",-0.51,plays_at_height
2026,Halvine Dzellat,Cincinnati,128213,6-10,"6'10""",82.0,79.18,"6'7""",-2.82,plays_shorter,79.18,"6'7""",-2.82,plays_shorter
2026,Bradey Henige,Cal Baptist,128214,7-0,"7'0""",84.0,79.93,"6'8""",-4.07,plays_shorter,79.93,"6'8""",-4.07,plays_shorter
2026,David Punch,TCU,128217,6-7,"6'7""",79.0,82.58,"6'11""",3.58,plays_taller,82.58,"6'11""",3.58,plays_taller
2026,Robert Wright III,BYU,128221,6-1,"6'1""",73.0,75.28,"6'3""",2.28,plays_taller,75.28,"6'3""",2.28,plays_taller
2026,Raysean Johnson,Fairleigh Dickinson,128222,6-1,"6'1""",73.0,75.09,"6'3""",2.09,plays_taller,75.09,"6'3""",2.09,plays_taller
2026,Dylan Jones,Southern Utah,128225,6-5,"6'5""",77.0,75.48,"6'3""",-1.52,plays_shorter,75.48,"6'3""",-1.52,plays_shorter
2026,Peyton Marshall,Georgia Tech,128229,7-0,"7'0""",84.0,82.07,"6'10""",-1.93,plays_shorter,82.07,"6'10""",-1.93,plays_shorter
2026,T.O. Barrett,Missouri,128230,6-4,"6'4""",76.0,77.5,"6'5""",1.5,plays_taller,77.5,"6'5""",1.5,plays_taller
2026,Annor Boateng,Missouri,128231,6-6,"6'6""",78.0,77.01,"6'5""",-0.99,plays_shorter,77.01,"6'5""",-0.99,plays_shorter
2026,Marcus Allen,Miami FL,128232,6-7,"6'7""",79.0,76.07,"6'4""",-2.93,plays_shorter,76.07,"6'4""",-2.93,plays_shorter
2026,Clayton Jackson,Lindenwood,128234,6-2,"6'2""",74.0,75.02,"6'3""",1.02,plays_taller,75.02,"6'3""",1.02,plays_taller
2026,Kanon Catchings,Georgia,128236,6-9,"6'9""",81.0,78.27,"6'6""",-2.73,plays_shorter,78.27,"6'6""",-2.73,plays_shorter
2026,Josiah LeGree,Morehead St.,128237,6-0,"6'0""",72.0,75.48,"6'3""",3.48,plays_taller,75.48,"6'3""",3.48,plays_taller
2026,Myles Watkins,Bellarmine,128238,6-3,"6'3""",75.0,74.94,"6'3""",-0.06,plays_at_height,74.94,"6'3""",-0.06,plays_at_height
2026,CJ Hyland,Western Carolina,128240,6-1,"6'1""",73.0,74.61,"6'3""",1.61,plays_taller,74.61,"6'3""",1.61,plays_taller
2026,Jayden Harris,Eastern Kentucky,128245,6-7,"6'7""",79.0,77.45,"6'5""",-1.55,plays_shorter,77.45,"6'5""",-1.55,plays_shorter
2026,Yvens Paul,Eastern Kentucky,128247,6-7,"6'7""",79.0,80.53,"6'9""",1.53,plays_taller,80.53,"6'9""",1.53,plays_taller
2026,Tamaury Releford,Morehead St.,128249,6-9,"6'9""",81.0,79.21,"6'7""",-1.79,plays_shorter,79.21,"6'7""",-1.79,plays_shorter
2026,Phat Phat Brooks,Central Michigan,128252,6-2,"6'2""",74.0,75.72,"6'4""",1.72,plays_taller,75.72,"6'4""",1.72,plays_taller
2026,Roberts Blums,Davidson,128254,6-4,"6'4""",76.0,75.73,"6'4""",-0.27,plays_at_height,75.73,"6'4""",-0.27,plays_at_height
2026,Anton Bonke,Charlotte,128255,7-2,"7'2""",86.0,84.24,"7'0""",-1.76,plays_shorter,84.24,"7'0""",-1.76,plays_shorter
2026,Caleb Williams,Georgetown,128260,6-7,"6'7""",79.0,77.64,"6'6""",-1.36,plays_shorter,77.64,"6'6""",-1.36,plays_shorter
2026,Lorenzo Abellar,Southern Utah,128262,6-0,"6'0""",72.0,73.82,"6'2""",1.82,plays_taller,73.82,"6'2""",1.82,plays_taller
2026,Bradyn Hubbard,Abilene Christian,128263,6-7,"6'7""",79.0,77.3,"6'5""",-1.7,plays_shorter,77.3,"6'5""",-1.7,plays_shorter
2026,Jack Benter,Purdue,128266,6-6,"6'6""",78.0,77.69,"6'6""",-0.31,plays_at_height,77.69,"6'6""",-0.31,plays_at_height
2026,Tarik Watson,Marist,128270,6-8,"6'8""",80.0,77.29,"6'5""",-2.71,plays_shorter,77.29,"6'5""",-2.71,plays_shorter
2026,Parby Kabamba,Marist,128271,6-6,"6'6""",78.0,77.85,"6'6""",-0.15,plays_at_height,77.85,"6'6""",-0.15,plays_at_height
2026,Ponce James,Delaware St.,128272,5-11,"5'11""",71.0,74.52,"6'3""",3.52,plays_taller,74.52,"6'3""",3.52,plays_taller
2026,Luke Bamgboye,Texas Tech,128274,6-10,"6'10""",82.0,81.82,"6'10""",-0.18,plays_at_height,81.82,"6'10""",-0.18,plays_at_height
2026,Mateen Rafiq,Cornell,128276,6-0,"6'0""",72.0,74.75,"6'3""",2.75,plays_taller,74.75,"6'3""",2.75,plays_taller
2026,Gioacchino Panzini,Cornell,128278,6-5,"6'5""",77.0,78.45,"6'6""",1.45,plays_taller,78.45,"6'6""",1.45,plays_taller
2026,Anthony Nimani,Cornell,128280,6-4,"6'4""",76.0,75.81,"6'4""",-0.19,plays_at_height,75.81,"6'4""",-0.19,plays_at_height
2026,Aleksander Pachucki,Bucknell,128283,6-5,"6'5""",77.0,75.15,"6'3""",-1.85,plays_shorter,75.15,"6'3""",-1.85,plays_shorter
2026,George Natsvlishvili,North Dakota,128286,6-10,"6'10""",82.0,79.09,"6'7""",-2.91,plays_shorter,79.09,"6'7""",-2.91,plays_shorter
2026,Greyson Uelmen,North Dakota,128288,6-2,"6'2""",74.0,75.59,"6'4""",1.59,plays_taller,75.59,"6'4""",1.59,plays_taller
2026,TJ Williams,Wichita St.,128289,6-5,"6'5""",77.0,78.86,"6'7""",1.86,plays_taller,78.86,"6'7""",1.86,plays_taller
2026,Trevor Hennig,Weber St.,128293,6-4,"6'4""",76.0,76.41,"6'4""",0.41,plays_at_height,76.41,"6'4""",0.41,plays_at_height
2026,Ramondo Battle II,North Carolina Central,128294,6-8,"6'8""",80.0,75.89,"6'4""",-4.11,plays_shorter,75.89,"6'4""",-4.11,plays_shorter
2026,Trent Hundley,Evansville,128295,6-6,"6'6""",78.0,76.59,"6'5""",-1.41,plays_shorter,76.59,"6'5""",-1.41,plays_shorter
2026,Kaia Berridge,Evansville,128297,6-4,"6'4""",76.0,74.89,"6'3""",-1.11,plays_shorter,74.89,"6'3""",-1.11,plays_shorter
2026,Elijah Elliott,Ohio,128300,6-3,"6'3""",75.0,75.22,"6'3""",0.22,plays_at_height,75.22,"6'3""",0.22,plays_at_height
2026,Ayden Evans,Ohio,128301,6-8,"6'8""",80.0,77.75,"6'6""",-2.25,plays_shorter,77.75,"6'6""",-2.25,plays_shorter
2026,Kiir Kuany,Ohio,128302,6-9,"6'9""",81.0,78.04,"6'6""",-2.96,plays_shorter,78.04,"6'6""",-2.96,plays_shorter
2026,Jesse Burris,Ohio,128303,6-5,"6'5""",77.0,73.69,"6'2""",-3.31,plays_shorter,73.69,"6'2""",-3.31,plays_shorter
2026,Khamani Cooper,Nebraska Omaha,128305,6-4,"6'4""",76.0,73.95,"6'2""",-2.05,plays_shorter,73.95,"6'2""",-2.05,plays_shorter
2026,Lachlan Brewer,Idaho St.,128308,6-6,"6'6""",78.0,76.55,"6'5""",-1.45,plays_shorter,76.55,"6'5""",-1.45,plays_shorter
2026,EJ Ryans,Western Michigan,128309,6-3,"6'3""",75.0,74.03,"6'2""",-0.97,plays_shorter,74.03,"6'2""",-0.97,plays_shorter
2026,Melo Sanchez,Central Connecticut,128310,6-4,"6'4""",76.0,74.97,"6'3""",-1.03,plays_shorter,74.97,"6'3""",-1.03,plays_shorter
2026,Trey Deveaux,Mount St. Mary's,128311,6-5,"6'5""",77.0,77.69,"6'6""",0.69,plays_at_height,77.69,"6'6""",0.69,plays_at_height
2026,Moustapha Thiam,Cincinnati,128312,7-2,"7'2""",86.0,82.58,"6'11""",-3.42,plays_shorter,82.58,"6'11""",-3.42,plays_shorter
2026,Tey Barbour,Harvard,128321,6-4,"6'4""",76.0,76.53,"6'5""",0.53,plays_at_height,76.53,"6'5""",0.53,plays_at_height
2026,Austin Hunt,Harvard,128322,6-4,"6'4""",76.0,76.53,"6'5""",0.53,plays_at_height,76.53,"6'5""",0.53,plays_at_height
2026,Donte Bacchus,North Alabama,128326,6-7,"6'7""",79.0,76.89,"6'5""",-2.11,plays_shorter,76.89,"6'5""",-2.11,plays_shorter
2026,JJ Wheat,South Alabama,128328,6-0,"6'0""",72.0,75.53,"6'4""",3.53,plays_taller,75.53,"6'4""",3.53,plays_taller
2026,Cade Norris,Samford,128331,6-4,"6'4""",76.0,75.92,"6'4""",-0.08,plays_at_height,75.92,"6'4""",-0.08,plays_at_height
2026,Taj Bryant,Sacred Heart,128332,6-2,"6'2""",74.0,76.54,"6'5""",2.54,plays_taller,76.54,"6'5""",2.54,plays_taller
2026,Luca Soroa Schaller,Northeastern,128333,6-7,"6'7""",79.0,77.22,"6'5""",-1.78,plays_shorter,77.22,"6'5""",-1.78,plays_shorter
2026,Flory Bidunga,Kansas,128335,6-9,"6'9""",81.0,86.01,"7'2""",5.01,plays_taller,86.01,"7'2""",5.01,plays_taller
2026,Bruno Alocen,Indiana St.,128336,6-6,"6'6""",78.0,75.75,"6'4""",-2.25,plays_shorter,75.75,"6'4""",-2.25,plays_shorter
2026,Jaiden Glover-Toscano,Saint Joseph's,128337,6-6,"6'6""",78.0,77.64,"6'6""",-0.36,plays_at_height,77.64,"6'6""",-0.36,plays_at_height
2026,Jahni Summers,Sacramento St.,128340,6-6,"6'6""",78.0,75.48,"6'3""",-2.52,plays_shorter,75.48,"6'3""",-2.52,plays_shorter
2026,Jared Lary,Detroit Mercy,128342,6-6,"6'6""",78.0,75.81,"6'4""",-2.19,plays_shorter,75.81,"6'4""",-2.19,plays_shorter
2026,Gicarri Harris,Purdue,128344,6-3,"6'3""",75.0,77.03,"6'5""",2.03,plays_taller,77.03,"6'5""",2.03,plays_taller
2026,Chike Ndefo,Towson,128345,6-7,"6'7""",79.0,78.62,"6'7""",-0.38,plays_at_height,78.62,"6'7""",-0.38,plays_at_height
2026,DarKaun King,North Alabama,128351,6-7,"6'7""",79.0,76.92,"6'5""",-2.08,plays_shorter,76.92,"6'5""",-2.08,plays_shorter
2026,Jordan McCullum,East Tennessee St.,128353,6-8,"6'8""",80.0,80.13,"6'8""",0.13,plays_at_height,80.13,"6'8""",0.13,plays_at_height
2026,Paul Jones III,James Madison,128356,6-4,"6'4""",76.0,73.86,"6'2""",-2.14,plays_shorter,73.86,"6'2""",-2.14,plays_shorter
2026,Cheikh Sow,Idaho St.,128357,6-7,"6'7""",79.0,78.03,"6'6""",-0.97,plays_shorter,78.03,"6'6""",-0.97,plays_shorter
2026,P.J. Eason,Alabama A&M,128359,6-9,"6'9""",81.0,82.19,"6'10""",1.19,plays_taller,82.19,"6'10""",1.19,plays_taller
2026,James Flippin,Alabama A&M,128360,6-10,"6'10""",82.0,76.87,"6'5""",-5.13,plays_shorter,76.87,"6'5""",-5.13,plays_shorter
2026,Fraser Roxburgh,Manhattan,128363,6-7,"6'7""",79.0,77.22,"6'5""",-1.78,plays_shorter,77.22,"6'5""",-1.78,plays_shorter
2026,Masiah Gilyard,Temple,128364,6-3,"6'3""",75.0,77.48,"6'5""",2.48,plays_taller,77.48,"6'5""",2.48,plays_taller
2026,Kyric Davis,North Carolina Central,128369,6-5,"6'5""",77.0,78.82,"6'7""",1.82,plays_taller,78.82,"6'7""",1.82,plays_taller
2026,Grant Randall,Quinnipiac,128370,6-9,"6'9""",81.0,79.58,"6'8""",-1.42,plays_shorter,79.58,"6'8""",-1.42,plays_shorter
2026,Samson Reilly,Quinnipiac,128371,6-2,"6'2""",74.0,72.81,"6'1""",-1.19,plays_shorter,72.81,"6'1""",-1.19,plays_shorter
2026,Kody Clouet,Winthrop,128372,6-5,"6'5""",77.0,76.06,"6'4""",-0.94,plays_shorter,76.06,"6'4""",-0.94,plays_shorter
2026,Dante Kearse,The Citadel,128375,6-4,"6'4""",76.0,76.52,"6'5""",0.52,plays_at_height,76.52,"6'5""",0.52,plays_at_height
2026,Jaden Zimmerman,Quinnipiac,128378,6-5,"6'5""",77.0,76.1,"6'4""",-0.9,plays_shorter,76.1,"6'4""",-0.9,plays_shorter
2026,Ariik Mawien,Northern Colorado,128382,6-4,"6'4""",76.0,78.33,"6'6""",2.33,plays_taller,78.33,"6'6""",2.33,plays_taller
2026,Amar Amkou,Florida Atlantic,128384,6-7,"6'7""",79.0,77.72,"6'6""",-1.28,plays_shorter,77.72,"6'6""",-1.28,plays_shorter
2026,Matas Vokietaitis,Texas,128385,7-0,"7'0""",84.0,83.07,"6'11""",-0.93,plays_shorter,83.07,"6'11""",-0.93,plays_shorter
2026,Théo Pierre-Justin,DePaul,128388,6-10,"6'10""",82.0,76.86,"6'5""",-5.14,plays_shorter,76.86,"6'5""",-5.14,plays_shorter
2026,Andrija Bukumirović,Tennessee Martin,128391,6-7,"6'7""",79.0,80.17,"6'8""",1.17,plays_taller,80.17,"6'8""",1.17,plays_taller
2026,Rubén Prey,St. John's,128394,6-10,"6'10""",82.0,80.45,"6'8""",-1.55,plays_shorter,80.45,"6'8""",-1.55,plays_shorter
2026,Daylon Dickerson,UMBC,128400,6-6,"6'6""",78.0,79.15,"6'7""",1.15,plays_taller,79.15,"6'7""",1.15,plays_taller
2026,Shelton Williams-Dryden,West Georgia,128405,6-6,"6'6""",78.0,78.35,"6'6""",0.35,plays_at_height,78.35,"6'6""",0.35,plays_at_height
2026,Jayden Williams,Incarnate Word,128409,6-9,"6'9""",81.0,81.4,"6'9""",0.4,plays_at_height,81.4,"6'9""",0.4,plays_at_height
2026,Marko Ljubicic,Manhattan,128411,6-10,"6'10""",82.0,75.84,"6'4""",-6.16,plays_shorter,75.84,"6'4""",-6.16,plays_shorter
2026,Kenneth Chime,West Georgia,128413,6-9,"6'9""",81.0,82.15,"6'10""",1.15,plays_taller,82.15,"6'10""",1.15,plays_taller
2026,Timoty van der Knaap,Bradley,128416,6-8,"6'8""",80.0,78.44,"6'6""",-1.56,plays_shorter,78.44,"6'6""",-1.56,plays_shorter
2026,Rickey Ballard,Grambling St.,128418,6-7,"6'7""",79.0,76.97,"6'5""",-2.03,plays_shorter,76.97,"6'5""",-2.03,plays_shorter
2026,Bryce Roberts,Texas Southern,128419,6-1,"6'1""",73.0,74.18,"6'2""",1.18,plays_taller,74.18,"6'2""",1.18,plays_taller
2026,Spence Wewe,Quinnipiac,128422,7-0,"7'0""",84.0,81.5,"6'10""",-2.5,plays_shorter,81.5,"6'10""",-2.5,plays_shorter
2026,Abdou Khadre Kébé,Mount St. Mary's,128429,6-7,"6'7""",79.0,79.37,"6'7""",0.37,plays_at_height,79.37,"6'7""",0.37,plays_at_height
2026,Matija Žužic,West Georgia,128432,6-7,"6'7""",79.0,74.73,"6'3""",-4.27,plays_shorter,74.73,"6'3""",-4.27,plays_shorter
2026,Filip Radaković,Tennessee Martin,128433,6-7,"6'7""",79.0,76.41,"6'4""",-2.59,plays_shorter,76.41,"6'4""",-2.59,plays_shorter
2026,Chas Lewless,West Georgia,128435,6-2,"6'2""",74.0,74.17,"6'2""",0.17,plays_at_height,74.17,"6'2""",0.17,plays_at_height
2026,Gavin Ripp,San Diego,128436,6-7,"6'7""",79.0,76.95,"6'5""",-2.05,plays_shorter,76.95,"6'5""",-2.05,plays_shorter
2026,Xavier Shegog,West Georgia,128444,6-6,"6'6""",78.0,78.24,"6'6""",0.24,plays_at_height,78.24,"6'6""",0.24,plays_at_height
2026,Mihailo Boskovic,BYU,128445,6-10,"6'10""",82.0,77.87,"6'6""",-4.13,plays_shorter,77.87,"6'6""",-4.13,plays_shorter
2026,Damarius Owens,Marquette,133631,6-7,"6'7""",79.0,78.41,"6'6""",-0.59,plays_at_height,78.41,"6'6""",-0.59,plays_at_height
2026,Khadim Mboup,BYU,133638,6-9,"6'9""",81.0,80.89,"6'9""",-0.11,plays_at_height,80.89,"6'9""",-0.11,plays_at_height
2026,Yonatan Levy,Pepperdine,133640,6-9,"6'9""",81.0,76.69,"6'5""",-4.31,plays_shorter,76.69,"6'5""",-4.31,plays_shorter
2026,Abdulai Fanta Kabba,Western Carolina,133641,7-0,"7'0""",84.0,81.81,"6'10""",-2.19,plays_shorter,81.81,"6'10""",-2.19,plays_shorter
2026,Okku Federiko,Drake,133652,6-9,"6'9""",81.0,79.92,"6'8""",-1.08,plays_shorter,79.92,"6'8""",-1.08,plays_shorter
2026,Elijah Crawford,Illinois Chicago,133659,6-3,"6'3""",75.0,77.07,"6'5""",2.07,plays_taller,77.07,"6'5""",2.07,plays_taller
2026,Fedor Zugic,Creighton,133661,6-6,"6'6""",78.0,76.7,"6'5""",-1.3,plays_shorter,76.7,"6'5""",-1.3,plays_shorter
2026,Kiani Saxon,Wyoming,133664,6-8,"6'8""",80.0,79.45,"6'7""",-0.55,plays_at_height,79.45,"6'7""",-0.55,plays_at_height
2026,Darrius Bolden,Bellarmine,133665,6-1,"6'1""",73.0,74.05,"6'2""",1.05,plays_taller,74.05,"6'2""",1.05,plays_taller
2026,Jonah Butler,Stony Brook,133668,6-6,"6'6""",78.0,77.87,"6'6""",-0.13,plays_at_height,77.87,"6'6""",-0.13,plays_at_height
2026,Tai Turnage,Quinnipiac,133672,6-0,"6'0""",72.0,74.27,"6'2""",2.27,plays_taller,74.27,"6'2""",2.27,plays_taller
2026,Landon Clark,Princeton,133674,6-8,"6'8""",80.0,76.05,"6'4""",-3.95,plays_shorter,76.05,"6'4""",-3.95,plays_shorter
2026,Keith McKnight,Quinnipiac,133675,6-7,"6'7""",79.0,80.64,"6'9""",1.64,plays_taller,80.64,"6'9""",1.64,plays_taller
2026,Walter Peggs Jr.,Morgan St.,133677,6-4,"6'4""",76.0,75.13,"6'3""",-0.87,plays_shorter,75.13,"6'3""",-0.87,plays_shorter
2026,Meechie White,Eastern Illinois,133683,6-1,"6'1""",73.0,75.68,"6'4""",2.68,plays_taller,75.68,"6'4""",2.68,plays_taller
2026,Khoi Thurmon,Oakland,133684,6-1,"6'1""",73.0,74.12,"6'2""",1.12,plays_taller,74.12,"6'2""",1.12,plays_taller
2026,Troy Plumtree,Cal Poly,133685,6-6,"6'6""",78.0,78.08,"6'6""",0.08,plays_at_height,78.08,"6'6""",0.08,plays_at_height
2026,Austin Goode,Cal Poly,133686,6-7,"6'7""",79.0,76.91,"6'5""",-2.09,plays_shorter,76.91,"6'5""",-2.09,plays_shorter
2026,Zac Foster,Clemson,133689,6-4,"6'4""",76.0,76.89,"6'5""",0.89,plays_taller,76.89,"6'5""",0.89,plays_taller
2026,Ezra McKenna,Buffalo,133691,6-8,"6'8""",80.0,77.77,"6'6""",-2.23,plays_shorter,77.77,"6'6""",-2.23,plays_shorter
2026,Darrel Yepdo,UMass Lowell,133692,6-0,"6'0""",72.0,74.41,"6'2""",2.41,plays_taller,74.41,"6'2""",2.41,plays_taller
2026,JJ Massaquoi,UMass Lowell,133693,6-6,"6'6""",78.0,76.98,"6'5""",-1.02,plays_shorter,76.98,"6'5""",-1.02,plays_shorter
2026,Jadin Booth,Samford,133696,6-2,"6'2""",74.0,75.11,"6'3""",1.11,plays_taller,75.11,"6'3""",1.11,plays_taller
2026,Corey Dunning,Prairie View A&M,133697,6-9,"6'9""",81.0,79.58,"6'8""",-1.42,plays_shorter,79.58,"6'8""",-1.42,plays_shorter
2026,Ty Owens,Tennessee Tech,133698,6-0,"6'0""",72.0,75.61,"6'4""",3.61,plays_taller,75.61,"6'4""",3.61,plays_taller
2026,Lance Williams,Prairie View A&M,133699,6-1,"6'1""",73.0,74.96,"6'3""",1.96,plays_taller,74.96,"6'3""",1.96,plays_taller
2026,Jon Carroll,Morehead St.,133700,6-7,"6'7""",79.0,80.87,"6'9""",1.87,plays_taller,80.87,"6'9""",1.87,plays_taller
2026,Jah'Kim Payne,Tennessee Tech,133701,6-6,"6'6""",78.0,74.89,"6'3""",-3.11,plays_shorter,74.89,"6'3""",-3.11,plays_shorter
2026,Rocco Awad,NJIT,133703,6-1,"6'1""",73.0,75.48,"6'3""",2.48,plays_taller,75.48,"6'3""",2.48,plays_taller
2026,Issac Williamson,UNLV,133706,6-0,"6'0""",72.0,74.6,"6'3""",2.6,plays_taller,74.6,"6'3""",2.6,plays_taller
2026,Tyrin Jones,UNLV,133708,6-9,"6'9""",81.0,83.31,"6'11""",2.31,plays_taller,83.31,"6'11""",2.31,plays_taller
2026,Rhyjon Blackwell,Marist,133709,6-0,"6'0""",72.0,75.46,"6'3""",3.46,plays_taller,75.46,"6'3""",3.46,plays_taller
2026,Eli Greenberg,Le Moyne,133710,6-4,"6'4""",76.0,75.39,"6'3""",-0.61,plays_at_height,75.39,"6'3""",-0.61,plays_at_height
2026,Gustav Winther,Northern Illinois,133711,6-10,"6'10""",82.0,79.71,"6'8""",-2.29,plays_shorter,79.71,"6'8""",-2.29,plays_shorter
2026,Samuel Hincapie,Le Moyne,133712,6-5,"6'5""",77.0,76.19,"6'4""",-0.81,plays_shorter,76.19,"6'4""",-0.81,plays_shorter
2026,Dylan Ducommun,Northern Illinois,133714,6-4,"6'4""",76.0,75.26,"6'3""",-0.74,plays_at_height,75.26,"6'3""",-0.74,plays_at_height
2026,Akai Fleming,Georgia Tech,133716,6-4,"6'4""",76.0,76.84,"6'5""",0.84,plays_taller,76.84,"6'5""",0.84,plays_taller
2026,Sebastien Emenalo,Loyola MD,133717,6-6,"6'6""",78.0,77.78,"6'6""",-0.22,plays_at_height,77.78,"6'6""",-0.22,plays_at_height
2026,Carter Berg-McLean,Loyola MD,133718,6-4,"6'4""",76.0,76.05,"6'4""",0.05,plays_at_height,76.05,"6'4""",0.05,plays_at_height
2026,Everett Barnes,Loyola MD,133719,6-9,"6'9""",81.0,76.59,"6'5""",-4.41,plays_shorter,76.59,"6'5""",-4.41,plays_shorter
2026,Cole Kirouac,Georgia Tech,133720,7-0,"7'0""",84.0,79.18,"6'7""",-4.82,plays_shorter,79.18,"6'7""",-4.82,plays_shorter
2026,Cameron Wallace,Little Rock,133721,6-8,"6'8""",80.0,79.9,"6'8""",-0.1,plays_at_height,79.9,"6'8""",-0.1,plays_at_height
2026,Declan Wucherpfennig,Fairfield,133723,6-7,"6'7""",79.0,80.02,"6'8""",1.02,plays_taller,80.02,"6'8""",1.02,plays_taller
2026,Eternity Eguagie,Rice,133726,6-6,"6'6""",78.0,77.1,"6'5""",-0.9,plays_shorter,77.1,"6'5""",-0.9,plays_shorter
2026,Alex Mirhosseini,Arkansas Pine Bluff,133727,5-10,"5'10""",70.0,74.27,"6'2""",4.27,plays_taller,74.27,"6'2""",4.27,plays_taller
2026,Cassius Brooks,UTEP,133728,6-0,"6'0""",72.0,75.52,"6'4""",3.52,plays_taller,75.52,"6'4""",3.52,plays_taller
2026,Nazareth Fisher,Eastern Illinois,133733,6-10,"6'10""",82.0,79.84,"6'8""",-2.16,plays_shorter,79.84,"6'8""",-2.16,plays_shorter
2026,Louis Bond,Idaho St.,133737,6-5,"6'5""",77.0,77.32,"6'5""",0.32,plays_at_height,77.32,"6'5""",0.32,plays_at_height
2026,Martin Kheil,Idaho St.,133739,6-4,"6'4""",76.0,74.21,"6'2""",-1.79,plays_shorter,74.21,"6'2""",-1.79,plays_shorter
2026,Tyler Byrd,Alabama St.,133741,6-3,"6'3""",75.0,78.14,"6'6""",3.14,plays_taller,78.14,"6'6""",3.14,plays_taller
2026,Luka Bogavac,North Carolina,133744,6-6,"6'6""",78.0,74.9,"6'3""",-3.1,plays_shorter,74.9,"6'3""",-3.1,plays_shorter
2026,Tay Smith,North Dakota St.,133745,6-2,"6'2""",74.0,75.65,"6'4""",1.65,plays_taller,75.65,"6'4""",1.65,plays_taller
2026,Eric Reibe,Connecticut,133746,7-1,"7'1""",85.0,81.88,"6'10""",-3.12,plays_shorter,81.88,"6'10""",-3.12,plays_shorter
2026,Darius Livingston,Robert Morris,133747,6-2,"6'2""",74.0,75.48,"6'3""",1.48,plays_taller,75.48,"6'3""",1.48,plays_taller
2026,Emanuel Prospere II,UC San Diego,133749,6-5,"6'5""",77.0,76.97,"6'5""",-0.03,plays_at_height,76.97,"6'5""",-0.03,plays_at_height
2026,Noah Norgaard,UNC Greensboro,133751,6-2,"6'2""",74.0,74.03,"6'2""",0.03,plays_at_height,74.03,"6'2""",0.03,plays_at_height
2026,Chris Davis Jr,Charleston,133752,6-4,"6'4""",76.0,75.86,"6'4""",-0.14,plays_at_height,75.86,"6'4""",-0.14,plays_at_height
2026,Chadlyn Traylor,Charleston,133753,6-3,"6'3""",75.0,75.44,"6'3""",0.44,plays_at_height,75.44,"6'3""",0.44,plays_at_height
2026,Martin Kalu,Charleston,133754,6-6,"6'6""",78.0,77.08,"6'5""",-0.92,plays_shorter,77.08,"6'5""",-0.92,plays_shorter
2026,Ege Demir,Oregon,133756,6-11,"6'11""",83.0,82.54,"6'11""",-0.46,plays_at_height,82.54,"6'11""",-0.46,plays_at_height
2026,Zion Obanla,Maryland Eastern Shore,133757,6-8,"6'8""",80.0,80.79,"6'9""",0.79,plays_taller,80.79,"6'9""",0.79,plays_taller
2026,Howie Keene,Montana St.,133759,6-7,"6'7""",79.0,76.55,"6'5""",-2.45,plays_shorter,76.55,"6'5""",-2.45,plays_shorter
2026,Kaleb Lowery,Nevada,133762,6-8,"6'8""",80.0,78.58,"6'7""",-1.42,plays_shorter,78.58,"6'7""",-1.42,plays_shorter
2026,Vaughn Weems,Nevada,133764,6-5,"6'5""",77.0,78.21,"6'6""",1.21,plays_taller,78.21,"6'6""",1.21,plays_taller
2026,Peyton White,Nevada,133765,6-6,"6'6""",78.0,76.61,"6'5""",-1.39,plays_shorter,76.61,"6'5""",-1.39,plays_shorter
2026,Victor Okojie,UMass Lowell,133768,6-8,"6'8""",80.0,78.76,"6'7""",-1.24,plays_shorter,78.76,"6'7""",-1.24,plays_shorter
2026,Alliou Fall,Iona,133769,6-10,"6'10""",82.0,79.81,"6'8""",-2.19,plays_shorter,79.81,"6'8""",-2.19,plays_shorter
2026,Ryan Crotty,Oklahoma St.,133770,6-6,"6'6""",78.0,75.07,"6'3""",-2.93,plays_shorter,75.07,"6'3""",-2.93,plays_shorter
2026,Nas Hart,La Salle,133771,6-10,"6'10""",82.0,78.61,"6'7""",-3.39,plays_shorter,78.61,"6'7""",-3.39,plays_shorter
2026,Gabe Newhof,James Madison,133772,6-9,"6'9""",81.0,78.94,"6'7""",-2.06,plays_shorter,78.94,"6'7""",-2.06,plays_shorter
2026,Narit Chotikavanic,Stephen F. Austin,133774,6-2,"6'2""",74.0,74.9,"6'3""",0.9,plays_taller,74.9,"6'3""",0.9,plays_taller
2026,Koa Peat,Arizona,133775,6-8,"6'8""",80.0,81.61,"6'10""",1.61,plays_taller,81.61,"6'10""",1.61,plays_taller
2026,Brayden Burries,Arizona,133777,6-4,"6'4""",76.0,78.5,"6'7""",2.5,plays_taller,78.5,"6'7""",2.5,plays_taller
2026,Ivan Kharchenkov,Arizona,133778,6-7,"6'7""",79.0,78.28,"6'6""",-0.72,plays_at_height,78.28,"6'6""",-0.72,plays_at_height
2026,John Awoke,Wagner,133784,6-3,"6'3""",75.0,73.97,"6'2""",-1.03,plays_shorter,73.97,"6'2""",-1.03,plays_shorter
2026,Jaion Pitt,Pacific,133785,6-7,"6'7""",79.0,79.42,"6'7""",0.42,plays_at_height,79.42,"6'7""",0.42,plays_at_height
2026,John Squire,New Hampshire,133786,6-8,"6'8""",80.0,79.31,"6'7""",-0.69,plays_at_height,79.31,"6'7""",-0.69,plays_at_height
2026,Josiah Sabino,Niagara,133787,6-4,"6'4""",76.0,78.9,"6'7""",2.9,plays_taller,78.9,"6'7""",2.9,plays_taller
2026,Lavell Brodnex,Louisiana Monroe,133788,6-5,"6'5""",77.0,80.46,"6'8""",3.46,plays_taller,80.46,"6'8""",3.46,plays_taller
2026,Tamario Adley,Central Michigan,133789,6-1,"6'1""",73.0,77.4,"6'5""",4.4,plays_taller,77.4,"6'5""",4.4,plays_taller
2026,Jai Chisolm,Cal St. Northridge,133791,6-3,"6'3""",75.0,76.74,"6'5""",1.74,plays_taller,76.74,"6'5""",1.74,plays_taller
2026,Tyler Isaak,Montana,133793,6-3,"6'3""",75.0,76.45,"6'4""",1.45,plays_taller,76.45,"6'4""",1.45,plays_taller
2026,Keith Palek III,Missouri St.,133794,6-8,"6'8""",80.0,77.29,"6'5""",-2.71,plays_shorter,77.29,"6'5""",-2.71,plays_shorter
2026,Jake Blackburn,Binghamton,133797,6-5,"6'5""",77.0,74.12,"6'2""",-2.88,plays_shorter,74.12,"6'2""",-2.88,plays_shorter
2026,Anthony Knowles,Florida A&M,133800,6-0,"6'0""",72.0,73.82,"6'2""",1.82,plays_taller,73.82,"6'2""",1.82,plays_taller
2026,Miles Ndalama,Florida A&M,133801,6-11,"6'11""",83.0,80.35,"6'8""",-2.65,plays_shorter,80.35,"6'8""",-2.65,plays_shorter
2026,Jake Wilkins,Georgia,133803,6-9,"6'9""",81.0,79.56,"6'8""",-1.44,plays_shorter,79.56,"6'8""",-1.44,plays_shorter
2026,Amari Reed,UT Arlington,133805,6-8,"6'8""",80.0,81.34,"6'9""",1.34,plays_taller,81.34,"6'9""",1.34,plays_taller
2026,"Dwayne Wimbley, Jr.",Massachusetts,133806,6-6,"6'6""",78.0,77.46,"6'5""",-0.54,plays_at_height,77.46,"6'5""",-0.54,plays_at_height
2026,Romari Robinson,Sacramento St.,133807,6-4,"6'4""",76.0,75.62,"6'4""",-0.38,plays_at_height,75.62,"6'4""",-0.38,plays_at_height
2026,Ahmad Harrison,Saint Francis,133808,6-2,"6'2""",74.0,74.08,"6'2""",0.08,plays_at_height,74.08,"6'2""",0.08,plays_at_height
2026,Ryan Conway,Towson,133809,6-1,"6'1""",73.0,73.4,"6'1""",0.4,plays_at_height,73.4,"6'1""",0.4,plays_at_height
2026,Caleb Wilson,North Carolina,133811,6-10,"6'10""",82.0,84.32,"7'0""",2.32,plays_taller,84.32,"7'0""",2.32,plays_taller
2026,Zoumana Traore,New Haven,133812,6-8,"6'8""",80.0,75.98,"6'4""",-4.02,plays_shorter,75.98,"6'4""",-4.02,plays_shorter
2026,Hassane Diallo,Prairie View A&M,133813,6-7,"6'7""",79.0,80.5,"6'9""",1.5,plays_taller,80.5,"6'9""",1.5,plays_taller
2026,Alex Steen,Florida St.,133814,6-8,"6'8""",80.0,82.22,"6'10""",2.22,plays_taller,82.22,"6'10""",2.22,plays_taller
2026,Tyler Robinett,Youngstown St.,133816,6-8,"6'8""",80.0,78.26,"6'6""",-1.74,plays_shorter,78.26,"6'6""",-1.74,plays_shorter
2026,Daniel Michelini-Jackson,Texas A&M Corpus Chris,133818,6-5,"6'5""",77.0,76.76,"6'5""",-0.24,plays_at_height,76.76,"6'5""",-0.24,plays_at_height
2026,Cedric Horton,Texas A&M Corpus Chris,133819,6-5,"6'5""",77.0,77.42,"6'5""",0.42,plays_at_height,77.42,"6'5""",0.42,plays_at_height
2026,Rontavious Blackshear,Youngstown St.,133820,6-6,"6'6""",78.0,75.53,"6'4""",-2.47,plays_shorter,75.53,"6'4""",-2.47,plays_shorter
2026,Ziare Wells,Oakland,133822,6-6,"6'6""",78.0,77.72,"6'6""",-0.28,plays_at_height,77.72,"6'6""",-0.28,plays_at_height
2026,Tolu Samuels,Southern Indiana,133823,6-8,"6'8""",80.0,80.34,"6'8""",0.34,plays_at_height,80.34,"6'8""",0.34,plays_at_height
2026,Hantz Louis Jeune,South Alabama,133825,6-6,"6'6""",78.0,75.64,"6'4""",-2.36,plays_shorter,75.64,"6'4""",-2.36,plays_shorter
2026,Christian Beam,Georgia St.,133826,6-6,"6'6""",78.0,80.73,"6'9""",2.73,plays_taller,80.73,"6'9""",2.73,plays_taller
2026,Omer Suljanovic,UC Davis,133827,6-8,"6'8""",80.0,77.64,"6'6""",-2.36,plays_shorter,77.64,"6'6""",-2.36,plays_shorter
2026,Kobi Williams,Missouri St.,133828,6-4,"6'4""",76.0,74.76,"6'3""",-1.24,plays_shorter,74.76,"6'3""",-1.24,plays_shorter
2026,Danas Kazakevicius,Howard,133829,6-10,"6'10""",82.0,77.78,"6'6""",-4.22,plays_shorter,77.78,"6'6""",-4.22,plays_shorter
2026,Travelle Bryson,Howard,133830,6-5,"6'5""",77.0,78.35,"6'6""",1.35,plays_taller,78.35,"6'6""",1.35,plays_taller
2026,Dezmon Briscoe,Kent St.,133831,6-8,"6'8""",80.0,81.07,"6'9""",1.07,plays_taller,81.07,"6'9""",1.07,plays_taller
2026,Cortez Graham-Howard,North Alabama,133836,6-5,"6'5""",77.0,76.37,"6'4""",-0.63,plays_at_height,76.37,"6'4""",-0.63,plays_at_height
2026,Braylon Patton,North Alabama,133837,6-0,"6'0""",72.0,75.54,"6'4""",3.54,plays_taller,75.54,"6'4""",3.54,plays_taller
2026,Kedar Bodie,North Alabama,133838,6-3,"6'3""",75.0,74.29,"6'2""",-0.71,plays_at_height,74.29,"6'2""",-0.71,plays_at_height
2026,Nadjrick Peat,Coastal Carolina,133839,6-10,"6'10""",82.0,81.84,"6'10""",-0.16,plays_at_height,81.84,"6'10""",-0.16,plays_at_height
2026,Will Aljancic,Holy Cross,133840,6-6,"6'6""",78.0,75.7,"6'4""",-2.3,plays_shorter,75.7,"6'4""",-2.3,plays_shorter
2026,Xander Pintelon,Florida Atlantic,133845,6-11,"6'11""",83.0,78.06,"6'6""",-4.94,plays_shorter,78.06,"6'6""",-4.94,plays_shorter
2026,Kabeya Tshibangu,Niagara,133848,6-8,"6'8""",80.0,79.42,"6'7""",-0.58,plays_at_height,79.42,"6'7""",-0.58,plays_at_height
2026,Ed Holland III,Howard,133849,6-6,"6'6""",78.0,77.54,"6'6""",-0.46,plays_at_height,77.54,"6'6""",-0.46,plays_at_height
2026,Finley Woodward,IU Indy,133850,6-7,"6'7""",79.0,76.27,"6'4""",-2.73,plays_shorter,76.27,"6'4""",-2.73,plays_shorter
2026,Vukasin Todorovic,Green Bay,133851,6-8,"6'8""",80.0,77.16,"6'5""",-2.84,plays_shorter,77.16,"6'5""",-2.84,plays_shorter
2026,Keegan Van Kauwenberg,Green Bay,133852,6-3,"6'3""",75.0,75.75,"6'4""",0.75,plays_taller,75.75,"6'4""",0.75,plays_taller
2026,LeBron Thomas,Green Bay,133854,6-3,"6'3""",75.0,78.02,"6'6""",3.02,plays_taller,78.02,"6'6""",3.02,plays_taller
2026,Chase Thompson,Clemson,133856,6-8,"6'8""",80.0,77.66,"6'6""",-2.34,plays_shorter,77.66,"6'6""",-2.34,plays_shorter
2026,Luka Jovanovic,Middle Tennessee,133859,6-11,"6'11""",83.0,79.33,"6'7""",-3.67,plays_shorter,79.33,"6'7""",-3.67,plays_shorter
2026,Garrett Nuckolls,Portland,133862,6-6,"6'6""",78.0,77.47,"6'5""",-0.53,plays_at_height,77.47,"6'5""",-0.53,plays_at_height
2026,Timo George,Portland,133863,6-8,"6'8""",80.0,81.75,"6'10""",1.75,plays_taller,81.75,"6'10""",1.75,plays_taller
2026,Joel Foxwell,Portland,133864,6-1,"6'1""",73.0,76.14,"6'4""",3.14,plays_taller,76.14,"6'4""",3.14,plays_taller
2026,Josiah Shackleford,North Texas,133865,6-9,"6'9""",81.0,78.84,"6'7""",-2.16,plays_shorter,78.84,"6'7""",-2.16,plays_shorter
2026,De'Undrae Perteete,UC Riverside,133866,6-5,"6'5""",77.0,75.5,"6'4""",-1.5,plays_shorter,75.5,"6'4""",-1.5,plays_shorter
2026,Dayjaun Anderson,UAB,133867,6-2,"6'2""",74.0,75.51,"6'4""",1.51,plays_taller,75.51,"6'4""",1.51,plays_taller
2026,Panagiotis Pagonis,New Orleans,133868,6-9,"6'9""",81.0,75.93,"6'4""",-5.07,plays_shorter,75.93,"6'4""",-5.07,plays_shorter
2026,Jordan Watford,Queens,133872,6-5,"6'5""",77.0,77.43,"6'5""",0.43,plays_at_height,77.43,"6'5""",0.43,plays_at_height
2026,Shaun Wysocki,Denver,133874,6-6,"6'6""",78.0,77.5,"6'5""",-0.5,plays_at_height,77.5,"6'5""",-0.5,plays_at_height
2026,Carson Johnson,Denver,133876,6-0,"6'0""",72.0,73.68,"6'2""",1.68,plays_taller,73.68,"6'2""",1.68,plays_taller
2026,Dallas Washington,Long Beach St.,133877,6-10,"6'10""",82.0,76.68,"6'5""",-5.32,plays_shorter,76.68,"6'5""",-5.32,plays_shorter
2026,Gavin Sykes,Long Beach St.,133878,6-4,"6'4""",76.0,75.86,"6'4""",-0.14,plays_at_height,75.86,"6'4""",-0.14,plays_at_height
2026,Christian Meeks,Morgan St.,133881,6-6,"6'6""",78.0,78.01,"6'6""",0.01,plays_at_height,78.01,"6'6""",0.01,plays_at_height
2026,Chris Cenac Jr,Houston,133882,6-11,"6'11""",83.0,82.09,"6'10""",-0.91,plays_shorter,82.09,"6'10""",-0.91,plays_shorter
2026,Eddie Placer,Wagner,133883,6-5,"6'5""",77.0,73.93,"6'2""",-3.07,plays_shorter,73.93,"6'2""",-3.07,plays_shorter
2026,Kingston Flemings,Houston,133884,6-4,"6'4""",76.0,77.86,"6'6""",1.86,plays_taller,77.86,"6'6""",1.86,plays_taller
2026,Teshaun Steele,New Haven,133888,6-7,"6'7""",79.0,79.56,"6'8""",0.56,plays_at_height,79.56,"6'8""",0.56,plays_at_height
2026,Malchiah Marable,Central Arkansas,133889,6-9,"6'9""",81.0,80.39,"6'8""",-0.61,plays_at_height,80.39,"6'8""",-0.61,plays_at_height
2026,Andre Pasha,New Haven,133890,6-9,"6'9""",81.0,76.54,"6'5""",-4.46,plays_shorter,76.54,"6'5""",-4.46,plays_shorter
2026,Esteban Mann,Incarnate Word,133891,6-7,"6'7""",79.0,76.74,"6'5""",-2.26,plays_shorter,76.74,"6'5""",-2.26,plays_shorter
2026,Sader Servilus,Valparaiso,133892,6-4,"6'4""",76.0,79.72,"6'8""",3.72,plays_taller,79.72,"6'8""",3.72,plays_taller
2026,Carter Hopoi,Valparaiso,133894,6-11,"6'11""",83.0,79.88,"6'8""",-3.12,plays_shorter,79.88,"6'8""",-3.12,plays_shorter
2026,JT Pettigrew,Valparaiso,133896,6-8,"6'8""",80.0,79.37,"6'7""",-0.63,plays_at_height,79.37,"6'7""",-0.63,plays_at_height
2026,Mark Brown,Valparaiso,133897,6-0,"6'0""",72.0,73.96,"6'2""",1.96,plays_taller,73.96,"6'2""",1.96,plays_taller
2026,Rakim Chaney,Valparaiso,133899,6-3,"6'3""",75.0,76.65,"6'5""",1.65,plays_taller,76.65,"6'5""",1.65,plays_taller
2026,Josh Ward,Cal St. Fullerton,133900,6-1,"6'1""",73.0,76.71,"6'5""",3.71,plays_taller,76.71,"6'5""",3.71,plays_taller
2026,Andrew Austin,Eastern Illinois,133901,6-7,"6'7""",79.0,75.16,"6'3""",-3.84,plays_shorter,75.16,"6'3""",-3.84,plays_shorter
2026,Jannoy Thomas,Prairie View A&M,133902,5-11,"5'11""",71.0,77.43,"6'5""",6.43,plays_taller,77.43,"6'5""",6.43,plays_taller
2026,Elijah Mitchell,Prairie View A&M,133903,6-5,"6'5""",77.0,76.23,"6'4""",-0.77,plays_shorter,76.23,"6'4""",-0.77,plays_shorter
2026,Noah Pagotto,East Texas A&M,133904,6-7,"6'7""",79.0,78.8,"6'7""",-0.2,plays_at_height,78.8,"6'7""",-0.2,plays_at_height
2026,Aginaldo Neto,Boise St.,133905,6-3,"6'3""",75.0,75.71,"6'4""",0.71,plays_at_height,75.71,"6'4""",0.71,plays_at_height
2026,Jaden Kempson,Albany,133906,6-3,"6'3""",75.0,76.85,"6'5""",1.85,plays_taller,76.85,"6'5""",1.85,plays_taller
2026,Kyle Jones,Buffalo,133910,6-5,"6'5""",77.0,78.6,"6'7""",1.6,plays_taller,78.6,"6'7""",1.6,plays_taller
2026,Albert Vargas,Robert Morris,133913,5-10,"5'10""",70.0,74.57,"6'3""",4.57,plays_taller,74.57,"6'3""",4.57,plays_taller
2026,Simon Majok,Memphis,133914,7-1,"7'1""",85.0,79.36,"6'7""",-5.64,plays_shorter,79.36,"6'7""",-5.64,plays_shorter
2026,Eugene Alvin,Morgan St.,133915,6-7,"6'7""",79.0,77.88,"6'6""",-1.12,plays_shorter,77.88,"6'6""",-1.12,plays_shorter
2026,Cam Polak,Youngstown St.,133916,6-2,"6'2""",74.0,74.58,"6'3""",0.58,plays_at_height,74.58,"6'3""",0.58,plays_at_height
2026,Isaiah Williams,Portland St.,133917,6-7,"6'7""",79.0,77.45,"6'5""",-1.55,plays_shorter,77.45,"6'5""",-1.55,plays_shorter
2026,Sharod Barnes,Western Michigan,133919,6-2,"6'2""",74.0,76.61,"6'5""",2.61,plays_taller,76.61,"6'5""",2.61,plays_taller
2026,Marcos Gonzales,The Citadel,133921,6-3,"6'3""",75.0,76.45,"6'4""",1.45,plays_taller,76.45,"6'4""",1.45,plays_taller
2026,Alex Kazanecki,Delaware,133922,6-6,"6'6""",78.0,74.33,"6'2""",-3.67,plays_shorter,74.33,"6'2""",-3.67,plays_shorter
2026,Noah Otshudi,Marshall,133923,6-2,"6'2""",74.0,76.1,"6'4""",2.1,plays_taller,76.1,"6'4""",2.1,plays_taller
2026,Bryce Slay,Marshall,133924,6-6,"6'6""",78.0,74.71,"6'3""",-3.29,plays_shorter,74.71,"6'3""",-3.29,plays_shorter
2026,Caleb Hollenbeck,Marshall,133925,6-4,"6'4""",76.0,72.4,"6'0""",-3.6,plays_shorter,72.4,"6'0""",-3.6,plays_shorter
2026,Shamarrie Hugie,Marshall,133926,6-6,"6'6""",78.0,77.3,"6'5""",-0.7,plays_at_height,77.3,"6'5""",-0.7,plays_at_height
2026,Landen Joseph,Marshall,133927,6-2,"6'2""",74.0,76.78,"6'5""",2.78,plays_taller,76.78,"6'5""",2.78,plays_taller
2026,Daveyon Lydner,Coppin St.,133929,6-4,"6'4""",76.0,73.98,"6'2""",-2.02,plays_shorter,73.98,"6'2""",-2.02,plays_shorter
2026,Andrew Alekseyenko,Colgate,133930,6-8,"6'8""",80.0,78.14,"6'6""",-1.86,plays_shorter,78.14,"6'6""",-1.86,plays_shorter
2026,Montana Wheeler,Bradley,133932,5-10,"5'10""",70.0,74.0,"6'2""",4.0,plays_taller,74.0,"6'2""",4.0,plays_taller
2026,Edwin Suarez Jr.,Weber St.,133934,6-6,"6'6""",78.0,80.16,"6'8""",2.16,plays_taller,80.16,"6'8""",2.16,plays_taller
2026,Grant Polk,South Carolina,133935,6-6,"6'6""",78.0,76.21,"6'4""",-1.79,plays_shorter,76.21,"6'4""",-1.79,plays_shorter
2026,Cole Middleton,Lipscomb,133937,6-6,"6'6""",78.0,77.26,"6'5""",-0.74,plays_at_height,77.26,"6'5""",-0.74,plays_at_height
2026,Javante Edwards,Canisius,133940,6-1,"6'1""",73.0,74.17,"6'2""",1.17,plays_taller,74.17,"6'2""",1.17,plays_taller
2026,Edwin Daniel,La Salle,133944,6-9,"6'9""",81.0,81.58,"6'10""",0.58,plays_at_height,81.58,"6'10""",0.58,plays_at_height
2026,Isaac Garrett,Oakland,133945,6-8,"6'8""",80.0,80.59,"6'9""",0.59,plays_at_height,80.59,"6'9""",0.59,plays_at_height
2026,Dame Sarr,Duke,133946,6-8,"6'8""",80.0,78.53,"6'7""",-1.47,plays_shorter,78.53,"6'7""",-1.47,plays_shorter
2026,Kedrick Osby,New Orleans,133948,6-7,"6'7""",79.0,76.4,"6'4""",-2.6,plays_shorter,76.4,"6'4""",-2.6,plays_shorter
2026,Walter Brown,UNLV,133949,6-5,"6'5""",77.0,77.26,"6'5""",0.26,plays_at_height,77.26,"6'5""",0.26,plays_at_height
2026,CJ Ray,Chicago St.,133950,6-6,"6'6""",78.0,76.64,"6'5""",-1.36,plays_shorter,76.64,"6'5""",-1.36,plays_shorter
2026,Marcus Pigram,Western Illinois,133951,6-3,"6'3""",75.0,73.61,"6'2""",-1.39,plays_shorter,73.61,"6'2""",-1.39,plays_shorter
2026,Thiago Sucatzky,FIU,133952,5-10,"5'10""",70.0,73.91,"6'2""",3.91,plays_taller,73.91,"6'2""",3.91,plays_taller
2026,Gabe Tanner,Florida Gulf Coast,133953,6-4,"6'4""",76.0,77.22,"6'5""",1.22,plays_taller,77.22,"6'5""",1.22,plays_taller
2026,William Ball,Louisiana Monroe,133955,6-3,"6'3""",75.0,74.48,"6'2""",-0.52,plays_at_height,74.48,"6'2""",-0.52,plays_at_height
2026,Tanner Hayhurst,Southern Utah,133956,6-6,"6'6""",78.0,74.89,"6'3""",-3.11,plays_shorter,74.89,"6'3""",-3.11,plays_shorter
2026,Samuel Nosakhare,Quinnipiac,133964,6-9,"6'9""",81.0,79.03,"6'7""",-1.97,plays_shorter,79.03,"6'7""",-1.97,plays_shorter
2026,Justin Monden,Maryland Eastern Shore,133967,6-0,"6'0""",72.0,73.72,"6'2""",1.72,plays_taller,73.72,"6'2""",1.72,plays_taller
2026,Ethan Elliott,Northern Kentucky,133971,6-3,"6'3""",75.0,74.59,"6'3""",-0.41,plays_at_height,74.59,"6'3""",-0.41,plays_at_height
2026,Adrian McIntyre,San Diego,133972,6-3,"6'3""",75.0,76.33,"6'4""",1.33,plays_taller,76.33,"6'4""",1.33,plays_taller
2026,NaVuan Peterson,Gardner Webb,133974,6-6,"6'6""",78.0,75.81,"6'4""",-2.19,plays_shorter,75.81,"6'4""",-2.19,plays_shorter
2026,Jalen Harper,Rhode Island,133981,6-3,"6'3""",75.0,75.83,"6'4""",0.83,plays_taller,75.83,"6'4""",0.83,plays_taller
2026,Jaden Baker,Wagner,133983,6-2,"6'2""",74.0,75.65,"6'4""",1.65,plays_taller,75.65,"6'4""",1.65,plays_taller
2026,Truman Claytor IV,Little Rock,133986,6-6,"6'6""",78.0,75.57,"6'4""",-2.43,plays_shorter,75.57,"6'4""",-2.43,plays_shorter
2026,Tracy Steele Jr.,Little Rock,133987,6-3,"6'3""",75.0,74.43,"6'2""",-0.57,plays_at_height,74.43,"6'2""",-0.57,plays_at_height
2026,Anthony Enoh,Georgia St.,133988,6-7,"6'7""",79.0,78.86,"6'7""",-0.14,plays_at_height,78.86,"6'7""",-0.14,plays_at_height
2026,Ayouba Berthe,Georgia St.,133989,6-5,"6'5""",77.0,74.24,"6'2""",-2.76,plays_shorter,74.24,"6'2""",-2.76,plays_shorter
2026,Joah Chappelle,Georgia St.,133991,6-8,"6'8""",80.0,78.46,"6'6""",-1.54,plays_shorter,78.46,"6'6""",-1.54,plays_shorter
2026,Yakhya Diop,Mount St. Mary's,133994,7-0,"7'0""",84.0,82.05,"6'10""",-1.95,plays_shorter,82.05,"6'10""",-1.95,plays_shorter
2026,Gavin Gores,Wyoming,133999,6-10,"6'10""",82.0,80.61,"6'9""",-1.39,plays_shorter,80.61,"6'9""",-1.39,plays_shorter
2026,Tyler King,SIU Edwardsville,134000,6-4,"6'4""",76.0,75.96,"6'4""",-0.04,plays_at_height,75.96,"6'4""",-0.04,plays_at_height
2026,Abijah Franklin,Furman,134002,6-5,"6'5""",77.0,76.46,"6'4""",-0.54,plays_at_height,76.46,"6'4""",-0.54,plays_at_height
2026,Noam Dovrat,Miami FL,134006,6-5,"6'5""",77.0,74.23,"6'2""",-2.77,plays_shorter,74.23,"6'2""",-2.77,plays_shorter
2026,Amaree Brown,Southern Indiana,134008,6-5,"6'5""",77.0,75.07,"6'3""",-1.93,plays_shorter,75.07,"6'3""",-1.93,plays_shorter
2026,Shelton Henderson,Miami FL,134009,6-6,"6'6""",78.0,80.14,"6'8""",2.14,plays_taller,80.14,"6'8""",2.14,plays_taller
2026,"Will James, Jr.",Toledo,134011,6-4,"6'4""",76.0,77.21,"6'5""",1.21,plays_taller,77.21,"6'5""",1.21,plays_taller
2026,Amir Jenkins,West Virginia,134012,6-2,"6'2""",74.0,75.54,"6'4""",1.54,plays_taller,75.54,"6'4""",1.54,plays_taller
2026,DJ Thomas,West Virginia,134013,6-7,"6'7""",79.0,77.7,"6'6""",-1.3,plays_shorter,77.7,"6'6""",-1.3,plays_shorter
2026,Emmett Adair,Loyola MD,134015,6-9,"6'9""",81.0,77.65,"6'6""",-3.35,plays_shorter,77.65,"6'6""",-3.35,plays_shorter
2026,Myles Mayfield,UNC Asheville,134018,6-9,"6'9""",81.0,78.96,"6'7""",-2.04,plays_shorter,78.96,"6'7""",-2.04,plays_shorter
2026,Brian Hawthorne,South Alabama,134020,6-2,"6'2""",74.0,74.9,"6'3""",0.9,plays_taller,74.9,"6'3""",0.9,plays_taller
2026,Carlos Hart,Eastern Michigan,134021,6-6,"6'6""",78.0,76.53,"6'5""",-1.47,plays_shorter,76.53,"6'5""",-1.47,plays_shorter
2026,Kael Robinson,Northern Kentucky,134022,6-7,"6'7""",79.0,77.46,"6'5""",-1.54,plays_shorter,77.46,"6'5""",-1.54,plays_shorter
2026,BJ Plummer,North Florida,134028,6-6,"6'6""",78.0,75.71,"6'4""",-2.29,plays_shorter,75.71,"6'4""",-2.29,plays_shorter
2026,Trenton Walters,Niagara,134029,5-9,"5'9""",69.0,73.84,"6'2""",4.84,plays_taller,73.84,"6'2""",4.84,plays_taller
2026,Brendan Oliver,Canisius,134030,6-6,"6'6""",78.0,76.63,"6'5""",-1.37,plays_shorter,76.63,"6'5""",-1.37,plays_shorter
2026,Gasper Kocevar,Fresno St.,134031,6-10,"6'10""",82.0,79.1,"6'7""",-2.9,plays_shorter,79.1,"6'7""",-2.9,plays_shorter
2026,Wilson Jacques,Fresno St.,134032,7-0,"7'0""",84.0,81.16,"6'9""",-2.84,plays_shorter,81.16,"6'9""",-2.84,plays_shorter
2026,Bastien Rieber,Fresno St.,134033,6-2,"6'2""",74.0,74.89,"6'3""",0.89,plays_taller,74.89,"6'3""",0.89,plays_taller
2026,DJ Stickman,Fresno St.,134034,6-2,"6'2""",74.0,78.6,"6'7""",4.6,plays_taller,78.6,"6'7""",4.6,plays_taller
2026,Aram Soqui Urbano,Fresno St.,134035,6-4,"6'4""",76.0,75.11,"6'3""",-0.89,plays_shorter,75.11,"6'3""",-0.89,plays_shorter
2026,DeShawn Gory,Fresno St.,134037,6-6,"6'6""",78.0,78.64,"6'7""",0.64,plays_at_height,78.64,"6'7""",0.64,plays_at_height
2026,Lucas Lorenzen,Western Illinois,134039,6-4,"6'4""",76.0,75.13,"6'3""",-0.87,plays_shorter,75.13,"6'3""",-0.87,plays_shorter
2026,Lilian Marville,UNC Greensboro,134040,6-1,"6'1""",73.0,74.07,"6'2""",1.07,plays_taller,74.07,"6'2""",1.07,plays_taller
2026,Kaden Powers,Rutgers,134042,6-4,"6'4""",76.0,76.06,"6'4""",0.06,plays_at_height,76.06,"6'4""",0.06,plays_at_height
2026,Harun Zrno,Rutgers,134043,6-7,"6'7""",79.0,74.68,"6'3""",-4.32,plays_shorter,74.68,"6'3""",-4.32,plays_shorter
2026,Derrick Green,Coastal Carolina,134044,6-9,"6'9""",81.0,80.43,"6'8""",-0.57,plays_at_height,80.43,"6'8""",-0.57,plays_at_height
2026,Tristan Thompson,Coastal Carolina,134045,6-5,"6'5""",77.0,78.06,"6'6""",1.06,plays_taller,78.06,"6'6""",1.06,plays_taller
2026,Stefanos Spartalis,Monmouth,134047,6-9,"6'9""",81.0,78.08,"6'6""",-2.92,plays_shorter,78.08,"6'6""",-2.92,plays_shorter
2026,Grant Sanders,Nicholls St.,134049,6-10,"6'10""",82.0,80.25,"6'8""",-1.75,plays_shorter,80.25,"6'8""",-1.75,plays_shorter
2026,Zaiden Cross,Nicholls St.,134051,6-7,"6'7""",79.0,75.02,"6'3""",-3.98,plays_shorter,75.02,"6'3""",-3.98,plays_shorter
2026,Ben Waller,UC Riverside,134054,6-6,"6'6""",78.0,77.46,"6'5""",-0.54,plays_at_height,77.46,"6'5""",-0.54,plays_at_height
2026,Isaiah Placide,Massachusetts,134059,6-4,"6'4""",76.0,75.07,"6'3""",-0.93,plays_shorter,75.07,"6'3""",-0.93,plays_shorter
2026,Gabe Oldham,Denver,134060,6-8,"6'8""",80.0,79.98,"6'8""",-0.02,plays_at_height,79.98,"6'8""",-0.02,plays_at_height
2026,Davante Hackett,Stonehill,134062,6-3,"6'3""",75.0,77.18,"6'5""",2.18,plays_taller,77.18,"6'5""",2.18,plays_taller
2026,Fredy-Salam Sylla,Arkansas St.,134063,6-7,"6'7""",79.0,77.01,"6'5""",-1.99,plays_shorter,77.01,"6'5""",-1.99,plays_shorter
2026,Roman Siulepa,Pittsburgh,134069,6-6,"6'6""",78.0,79.72,"6'8""",1.72,plays_taller,79.72,"6'8""",1.72,plays_taller
2026,Shainen Carter,Georgia Southern,134071,6-9,"6'9""",81.0,80.69,"6'9""",-0.31,plays_at_height,80.69,"6'9""",-0.31,plays_at_height
2026,Isaiah Sutherland,East Tennessee St.,134074,6-7,"6'7""",79.0,76.29,"6'4""",-2.71,plays_shorter,76.29,"6'4""",-2.71,plays_shorter
2026,Jamier Jones,Providence,134078,6-6,"6'6""",78.0,80.19,"6'8""",2.19,plays_taller,80.19,"6'8""",2.19,plays_taller
2026,Stefan Vaaks,Providence,134079,6-7,"6'7""",79.0,76.0,"6'4""",-3.0,plays_shorter,76.0,"6'4""",-3.0,plays_shorter
2026,Justin Hinds,Air Force,134083,6-5,"6'5""",77.0,76.76,"6'5""",-0.24,plays_at_height,76.76,"6'5""",-0.24,plays_at_height
2026,Ethan Greenberg,Air Force,134084,6-4,"6'4""",76.0,74.47,"6'2""",-1.53,plays_shorter,74.47,"6'2""",-1.53,plays_shorter
2026,Riley Dering,Air Force,134086,6-9,"6'9""",81.0,79.5,"6'7""",-1.5,plays_shorter,79.5,"6'7""",-1.5,plays_shorter
2026,Jordan Frison,Chattanooga,134087,6-0,"6'0""",72.0,75.2,"6'3""",3.2,plays_taller,75.2,"6'3""",3.2,plays_taller
2026,Ade Popoola,Tulsa,134088,6-5,"6'5""",77.0,76.5,"6'4""",-0.5,plays_at_height,76.5,"6'4""",-0.5,plays_at_height
2026,Jaylen Lawal,Tulsa,134089,6-3,"6'3""",75.0,76.49,"6'4""",1.49,plays_taller,76.49,"6'4""",1.49,plays_taller
2026,CJ Hall,SIU Edwardsville,134091,6-2,"6'2""",74.0,74.39,"6'2""",0.39,plays_at_height,74.39,"6'2""",0.39,plays_at_height
2026,Mason Porter-Brown,LIU,134097,6-6,"6'6""",78.0,78.09,"6'6""",0.09,plays_at_height,78.09,"6'6""",0.09,plays_at_height
2026,Fabian Flores,DePaul,134098,7-2,"7'2""",86.0,82.0,"6'10""",-4.0,plays_shorter,82.0,"6'10""",-4.0,plays_shorter
2026,Tyler Smith,USC Upstate,134101,6-0,"6'0""",72.0,74.83,"6'3""",2.83,plays_taller,74.83,"6'3""",2.83,plays_taller
2026,Truman Byrne,Central Arkansas,134105,6-10,"6'10""",82.0,77.12,"6'5""",-4.88,plays_shorter,77.12,"6'5""",-4.88,plays_shorter
2026,Mason Bendinger,USC Upstate,134106,6-4,"6'4""",76.0,76.42,"6'4""",0.42,plays_at_height,76.42,"6'4""",0.42,plays_at_height
2026,Jojo McIver,Colorado St.,134109,6-3,"6'3""",75.0,76.46,"6'4""",1.46,plays_taller,76.46,"6'4""",1.46,plays_taller
2026,Davis Fogle,Gonzaga,134111,6-7,"6'7""",79.0,79.82,"6'8""",0.82,plays_taller,79.82,"6'8""",0.82,plays_taller
2026,Vince Dawson III,Morehead St.,134112,6-6,"6'6""",78.0,74.03,"6'2""",-3.97,plays_shorter,74.03,"6'2""",-3.97,plays_shorter
2026,Miles Franklin,Columbia,134113,6-5,"6'5""",77.0,78.25,"6'6""",1.25,plays_taller,78.25,"6'6""",1.25,plays_taller
2026,Dominykas Pleta,Iowa St.,134115,6-11,"6'11""",83.0,80.66,"6'9""",-2.34,plays_shorter,80.66,"6'9""",-2.34,plays_shorter
2026,Killyan Toure,Iowa St.,134118,6-3,"6'3""",75.0,78.54,"6'7""",3.54,plays_taller,78.54,"6'7""",3.54,plays_taller
2026,Jamarion Batemon,Iowa St.,134119,6-3,"6'3""",75.0,75.7,"6'4""",0.7,plays_at_height,75.7,"6'4""",0.7,plays_at_height
2026,Nicolus Anderson,Loyola Chicago,134120,6-4,"6'4""",76.0,76.9,"6'5""",0.9,plays_taller,76.9,"6'5""",0.9,plays_taller
2026,Jordan Ellerbee,Florida Gulf Coast,134121,6-4,"6'4""",76.0,75.95,"6'4""",-0.05,plays_at_height,75.95,"6'4""",-0.05,plays_at_height
2026,Charles Caporaso,Jacksonville,134123,7-0,"7'0""",84.0,78.43,"6'6""",-5.57,plays_shorter,78.43,"6'6""",-5.57,plays_shorter
2026,Hayden Wood,Jacksonville,134124,6-4,"6'4""",76.0,76.78,"6'5""",0.78,plays_taller,76.78,"6'5""",0.78,plays_taller
2026,K'Jei Parker,Massachusetts,134126,6-2,"6'2""",74.0,74.03,"6'2""",0.03,plays_at_height,74.03,"6'2""",0.03,plays_at_height
2026,Royal Blue Smith,Arkansas St.,134128,6-3,"6'3""",75.0,75.5,"6'4""",0.5,plays_at_height,75.5,"6'4""",0.5,plays_at_height
2026,Christian Harmon,Arkansas St.,134130,6-6,"6'6""",78.0,75.49,"6'3""",-2.51,plays_shorter,75.49,"6'3""",-2.51,plays_shorter
2026,Chris Terrell,New Mexico St.,134132,6-0,"6'0""",72.0,74.75,"6'3""",2.75,plays_taller,74.75,"6'3""",2.75,plays_taller
2026,Cenker Evran,Texas A&M Corpus Chris,134133,6-8,"6'8""",80.0,78.81,"6'7""",-1.19,plays_shorter,78.81,"6'7""",-1.19,plays_shorter
2026,Ja'Corey Robinson,Austin Peay,134135,6-6,"6'6""",78.0,78.14,"6'6""",0.14,plays_at_height,78.14,"6'6""",0.14,plays_at_height
2026,Davion Hill,Ball St.,134137,6-2,"6'2""",74.0,76.84,"6'5""",2.84,plays_taller,76.84,"6'5""",2.84,plays_taller
2026,Ashton Magee,Southern,134140,6-7,"6'7""",79.0,77.6,"6'6""",-1.4,plays_shorter,77.6,"6'6""",-1.4,plays_shorter
2026,Thomas Bassong,Florida St.,134141,6-8,"6'8""",80.0,78.63,"6'7""",-1.37,plays_shorter,78.63,"6'7""",-1.37,plays_shorter
2026,Fazl Oshodi,Southern,134142,6-3,"6'3""",75.0,74.2,"6'2""",-0.8,plays_shorter,74.2,"6'2""",-0.8,plays_shorter
2026,Armelo Boone,Western Kentucky,134146,6-2,"6'2""",74.0,78.71,"6'7""",4.71,plays_taller,78.71,"6'7""",4.71,plays_taller
2026,Muazibini Adamu,Delaware St.,134148,6-10,"6'10""",82.0,77.7,"6'6""",-4.3,plays_shorter,77.7,"6'6""",-4.3,plays_shorter
2026,Ademar Santos,Delaware St.,134150,6-6,"6'6""",78.0,76.61,"6'5""",-1.39,plays_shorter,76.61,"6'5""",-1.39,plays_shorter
2026,Paris Papadatos,Saint Francis,134152,6-4,"6'4""",76.0,74.09,"6'2""",-1.91,plays_shorter,74.09,"6'2""",-1.91,plays_shorter
2026,Jamison Guerra,Idaho St.,134154,6-0,"6'0""",72.0,74.53,"6'3""",2.53,plays_taller,74.53,"6'3""",2.53,plays_taller
2026,Meleek Thomas,Arkansas,134158,6-5,"6'5""",77.0,76.49,"6'4""",-0.51,plays_at_height,76.49,"6'4""",-0.51,plays_at_height
2026,Devyn Franklin,Grambling St.,134160,6-8,"6'8""",80.0,78.54,"6'7""",-1.46,plays_shorter,78.54,"6'7""",-1.46,plays_shorter
2026,Michael Wilson Jr.,Bellarmine,134163,6-6,"6'6""",78.0,76.17,"6'4""",-1.83,plays_shorter,76.17,"6'4""",-1.83,plays_shorter
2026,Lance Stone,Detroit Mercy,134164,5-8,"5'8""",68.0,73.33,"6'1""",5.33,plays_taller,73.33,"6'1""",5.33,plays_taller
2026,Avery Thomas II,Louisiana Tech,134166,6-7,"6'7""",79.0,79.51,"6'8""",0.51,plays_at_height,79.51,"6'8""",0.51,plays_at_height
2026,Jaylen Fenner,Louisiana Tech,134167,6-5,"6'5""",77.0,77.16,"6'5""",0.16,plays_at_height,77.16,"6'5""",0.16,plays_at_height
2026,"Mario Tatum, Jr.",VMI,134170,6-3,"6'3""",75.0,74.19,"6'2""",-0.81,plays_shorter,74.19,"6'2""",-0.81,plays_shorter
2026,Amari Evans,Tennessee,134172,6-5,"6'5""",77.0,79.35,"6'7""",2.35,plays_taller,79.35,"6'7""",2.35,plays_taller
2026,Aiden Disu,Holy Cross,134173,6-7,"6'7""",79.0,78.69,"6'7""",-0.31,plays_at_height,78.69,"6'7""",-0.31,plays_at_height
2026,Liam Koelsch,Northeastern,134175,6-9,"6'9""",81.0,79.92,"6'8""",-1.08,plays_shorter,79.92,"6'8""",-1.08,plays_shorter
2026,Kendall Taylor,Charleston,134176,6-5,"6'5""",77.0,75.68,"6'4""",-1.32,plays_shorter,75.68,"6'4""",-1.32,plays_shorter
2026,Anthony Wrzeszcz,New Mexico St.,134178,6-4,"6'4""",76.0,75.45,"6'3""",-0.55,plays_at_height,75.45,"6'3""",-0.55,plays_at_height
2026,Jacob Patrick,Utah,134179,6-6,"6'6""",78.0,74.49,"6'2""",-3.51,plays_shorter,74.49,"6'2""",-3.51,plays_shorter
2026,Kendyl Sanders,Utah,134180,6-8,"6'8""",80.0,77.33,"6'5""",-2.67,plays_shorter,77.33,"6'5""",-2.67,plays_shorter
2026,Eric Mejia,Fairfield,134181,6-3,"6'3""",75.0,75.01,"6'3""",0.01,plays_at_height,75.01,"6'3""",0.01,plays_at_height
2026,Halon Rawlins,Fairfield,134182,6-6,"6'6""",78.0,77.25,"6'5""",-0.75,plays_at_height,77.25,"6'5""",-0.75,plays_at_height
2026,Brandon Benjamin,Fairfield,134183,6-8,"6'8""",80.0,81.81,"6'10""",1.81,plays_taller,81.81,"6'10""",1.81,plays_taller
2026,Matt Enright,Austin Peay,134184,6-1,"6'1""",73.0,73.3,"6'1""",0.3,plays_at_height,73.3,"6'1""",0.3,plays_at_height
2026,"Jason Thirdkill, Jr.",Jacksonville,134185,6-7,"6'7""",79.0,80.33,"6'8""",1.33,plays_taller,80.33,"6'8""",1.33,plays_taller
2026,Mohamad Diallo,Rider,134186,7-0,"7'0""",84.0,79.63,"6'8""",-4.37,plays_shorter,79.63,"6'8""",-4.37,plays_shorter
2026,DeMarco Johnson,Elon,134187,6-4,"6'4""",76.0,77.95,"6'6""",1.95,plays_taller,77.95,"6'6""",1.95,plays_taller
2026,Bryson Tiller,Kansas,134191,6-10,"6'10""",82.0,81.18,"6'9""",-0.82,plays_shorter,81.18,"6'9""",-0.82,plays_shorter
2026,Darryn Peterson,Kansas,134193,6-5,"6'5""",77.0,77.61,"6'6""",0.61,plays_at_height,77.61,"6'6""",0.61,plays_at_height
2026,Israel Hart,Southern Miss,134194,6-3,"6'3""",75.0,74.94,"6'3""",-0.06,plays_at_height,74.94,"6'3""",-0.06,plays_at_height
2026,Charlie OSullivan,Brown,134195,6-10,"6'10""",82.0,76.41,"6'4""",-5.59,plays_shorter,76.41,"6'4""",-5.59,plays_shorter
2026,Brady Loughlin,Brown,134196,6-5,"6'5""",77.0,75.5,"6'3""",-1.5,plays_shorter,75.5,"6'3""",-1.5,plays_shorter
2026,Isaiah Langham,Brown,134197,6-5,"6'5""",77.0,76.09,"6'4""",-0.91,plays_shorter,76.09,"6'4""",-0.91,plays_shorter
2026,Jah'Likai King,UMBC,134199,6-2,"6'2""",74.0,75.07,"6'3""",1.07,plays_taller,75.07,"6'3""",1.07,plays_taller
2026,King-Njhsanni Wilhite,Lamar,134200,6-1,"6'1""",73.0,73.63,"6'2""",0.63,plays_at_height,73.63,"6'2""",0.63,plays_at_height
2026,Eian Lowe,Lamar,134203,5-10,"5'10""",70.0,74.73,"6'3""",4.73,plays_taller,74.73,"6'3""",4.73,plays_taller
2026,Tibor Mirtic,Penn St.,134207,6-9,"6'9""",81.0,77.85,"6'6""",-3.15,plays_shorter,77.85,"6'6""",-3.15,plays_shorter
2026,Patton Pinkins,Mississippi,134209,6-5,"6'5""",77.0,75.11,"6'3""",-1.89,plays_shorter,75.11,"6'3""",-1.89,plays_shorter
2026,Augustine Ekwe,New Mexico St.,134210,6-9,"6'9""",81.0,80.72,"6'9""",-0.28,plays_at_height,80.72,"6'9""",-0.28,plays_at_height
2026,Vince Buzelis,South Dakota,134213,6-4,"6'4""",76.0,78.45,"6'6""",2.45,plays_taller,78.45,"6'6""",2.45,plays_taller
2026,Sam Hughes,Boston University,134214,6-6,"6'6""",78.0,75.53,"6'4""",-2.47,plays_shorter,75.53,"6'4""",-2.47,plays_shorter
2026,Chance Gladden,Boston University,134216,6-3,"6'3""",75.0,76.35,"6'4""",1.35,plays_taller,76.35,"6'4""",1.35,plays_taller
2026,Karyiek Dixon,Western Illinois,134217,6-5,"6'5""",77.0,77.72,"6'6""",0.72,plays_at_height,77.72,"6'6""",0.72,plays_at_height
2026,Drew Larson,Niagara,134219,6-7,"6'7""",79.0,78.13,"6'6""",-0.87,plays_shorter,78.13,"6'6""",-0.87,plays_shorter
2026,Brian Griffith,Niagara,134220,5-10,"5'10""",70.0,73.99,"6'2""",3.99,plays_taller,73.99,"6'2""",3.99,plays_taller
2026,Toby Harris,Iona,134222,6-8,"6'8""",80.0,76.65,"6'5""",-3.35,plays_shorter,76.65,"6'5""",-3.35,plays_shorter
2026,KJ Cochran,Santa Clara,134225,6-4,"6'4""",76.0,76.04,"6'4""",0.04,plays_at_height,76.04,"6'4""",0.04,plays_at_height
2026,Thierry Darlan,Santa Clara,134227,6-8,"6'8""",80.0,78.43,"6'6""",-1.57,plays_shorter,78.43,"6'6""",-1.57,plays_shorter
2026,Noah Treadwell,South Carolina St.,134229,6-5,"6'5""",77.0,74.39,"6'2""",-2.61,plays_shorter,74.39,"6'2""",-2.61,plays_shorter
2026,Teon Tindal,South Carolina St.,134230,6-7,"6'7""",79.0,78.29,"6'6""",-0.71,plays_at_height,78.29,"6'6""",-0.71,plays_at_height
2026,Franck Yetna,Texas A&M Corpus Chris,134231,6-7,"6'7""",79.0,78.4,"6'6""",-0.6,plays_at_height,78.4,"6'6""",-0.6,plays_at_height
2026,Derwin Hodge,South Carolina St.,134232,6-10,"6'10""",82.0,78.95,"6'7""",-3.05,plays_shorter,78.95,"6'7""",-3.05,plays_shorter
2026,Josh Hayes,Utah,134233,6-9,"6'9""",81.0,79.9,"6'8""",-1.1,plays_shorter,79.9,"6'8""",-1.1,plays_shorter
2026,Jacob Taylor,Charleston Southern,134234,6-3,"6'3""",75.0,74.85,"6'3""",-0.15,plays_at_height,74.85,"6'3""",-0.15,plays_at_height
2026,Mason Gibson,Texas A&M Corpus Chris,134235,6-0,"6'0""",72.0,75.67,"6'4""",3.67,plays_taller,75.67,"6'4""",3.67,plays_taller
2026,Antonio Munoz,Grambling St.,134236,6-6,"6'6""",78.0,79.03,"6'7""",1.03,plays_taller,79.03,"6'7""",1.03,plays_taller
2026,Christian Williams,Cal St. Fullerton,134237,6-0,"6'0""",72.0,76.13,"6'4""",4.13,plays_taller,76.13,"6'4""",4.13,plays_taller
2026,David Giddens,Cleveland St.,134242,6-7,"6'7""",79.0,74.48,"6'2""",-4.52,plays_shorter,74.48,"6'2""",-4.52,plays_shorter
2026,Christian Jeffrey,Villanova,134243,6-3,"6'3""",75.0,75.95,"6'4""",0.95,plays_taller,75.95,"6'4""",0.95,plays_taller
2026,Tyler Jackson,Eastern Kentucky,134247,6-2,"6'2""",74.0,75.93,"6'4""",1.93,plays_taller,75.93,"6'4""",1.93,plays_taller
2026,Dailin Smith,Cal St. Bakersfield,134249,6-6,"6'6""",78.0,74.86,"6'3""",-3.14,plays_shorter,74.86,"6'3""",-3.14,plays_shorter
2026,Darius Adams,Maryland,134252,6-5,"6'5""",77.0,76.87,"6'5""",-0.13,plays_at_height,76.87,"6'5""",-0.13,plays_at_height
2026,Aidan Haskins,Hampton,134254,6-8,"6'8""",80.0,73.65,"6'2""",-6.35,plays_shorter,73.65,"6'2""",-6.35,plays_shorter
2026,Vere Anthony,New Haven,134256,6-0,"6'0""",72.0,74.78,"6'3""",2.78,plays_taller,74.78,"6'3""",2.78,plays_taller
2026,Quintin Cooper,Hampton,134257,6-2,"6'2""",74.0,74.43,"6'2""",0.43,plays_at_height,74.43,"6'2""",0.43,plays_at_height
2026,Tae Simmons,San Diego St.,134259,6-6,"6'6""",78.0,79.91,"6'8""",1.91,plays_taller,79.91,"6'8""",1.91,plays_taller
2026,Ladji Kante,Northern Illinois,134260,6-7,"6'7""",79.0,74.91,"6'3""",-4.09,plays_shorter,74.91,"6'3""",-4.09,plays_shorter
2026,Josh Dixon,Milwaukee,134261,6-1,"6'1""",73.0,73.75,"6'2""",0.75,plays_at_height,73.75,"6'2""",0.75,plays_at_height
2026,Stevie Elam,Milwaukee,134263,6-3,"6'3""",75.0,77.15,"6'5""",2.15,plays_taller,77.15,"6'5""",2.15,plays_taller
2026,Isaiah Dorceus,Milwaukee,134264,6-0,"6'0""",72.0,73.94,"6'2""",1.94,plays_taller,73.94,"6'2""",1.94,plays_taller
2026,Andre Washington,Eastern Illinois,134265,5-11,"5'11""",71.0,74.01,"6'2""",3.01,plays_taller,74.01,"6'2""",3.01,plays_taller
2026,Jomo Goings,LIU,134270,6-5,"6'5""",77.0,77.09,"6'5""",0.09,plays_at_height,77.09,"6'5""",0.09,plays_at_height
2026,Jaylen Jordon,Jacksonville,134271,6-8,"6'8""",80.0,78.51,"6'7""",-1.49,plays_shorter,78.51,"6'7""",-1.49,plays_shorter
2026,Melih Tunca,Penn St.,134274,6-5,"6'5""",77.0,76.64,"6'5""",-0.36,plays_at_height,76.64,"6'5""",-0.36,plays_at_height
2026,Christian Jones,Siena,134276,5-11,"5'11""",71.0,72.83,"6'1""",1.83,plays_taller,72.83,"6'1""",1.83,plays_taller
2026,Mason Blackwood,Penn St.,134277,6-7,"6'7""",79.0,77.09,"6'5""",-1.91,plays_shorter,77.09,"6'5""",-1.91,plays_shorter
2026,Kayden Mingo,Penn St.,134280,6-3,"6'3""",75.0,77.07,"6'5""",2.07,plays_taller,77.07,"6'5""",2.07,plays_taller
2026,Ivan Juric,Penn St.,134281,7-0,"7'0""",84.0,79.23,"6'7""",-4.77,plays_shorter,79.23,"6'7""",-4.77,plays_shorter
2026,Jesse Mcintosh,South Dakota,134283,6-7,"6'7""",79.0,76.39,"6'4""",-2.61,plays_shorter,76.39,"6'4""",-2.61,plays_shorter
2026,Mussa Mzein,Mississippi Valley St.,134285,6-10,"6'10""",82.0,76.45,"6'4""",-5.55,plays_shorter,76.45,"6'4""",-5.55,plays_shorter
2026,Vladimir Khryapa,Tennessee Martin,134288,6-8,"6'8""",80.0,78.9,"6'7""",-1.1,plays_shorter,78.9,"6'7""",-1.1,plays_shorter
2026,Matas Deniusas,Tennessee Martin,134289,6-9,"6'9""",81.0,78.57,"6'7""",-2.43,plays_shorter,78.57,"6'7""",-2.43,plays_shorter
2026,Damien King,Tennessee Martin,134290,6-4,"6'4""",76.0,78.24,"6'6""",2.24,plays_taller,78.24,"6'6""",2.24,plays_taller
2026,Ryan Richardson,Binghamton,134292,6-5,"6'5""",77.0,74.21,"6'2""",-2.79,plays_shorter,74.21,"6'2""",-2.79,plays_shorter
2026,Olavi Suutela,Oregon St.,134293,6-10,"6'10""",82.0,77.47,"6'5""",-4.53,plays_shorter,77.47,"6'5""",-4.53,plays_shorter
2026,Matija Samar,Oregon St.,134294,6-6,"6'6""",78.0,74.58,"6'3""",-3.42,plays_shorter,74.58,"6'3""",-3.42,plays_shorter
2026,Elyjah Freeman,Auburn,134298,6-8,"6'8""",80.0,79.91,"6'8""",-0.09,plays_at_height,79.91,"6'8""",-0.09,plays_at_height
2026,John St. Germain III,Holy Cross,134299,6-1,"6'1""",73.0,74.47,"6'2""",1.47,plays_taller,74.47,"6'2""",1.47,plays_taller
2026,Trevon Payton,Arkansas Pine Bluff,134300,6-5,"6'5""",77.0,76.18,"6'4""",-0.82,plays_shorter,76.18,"6'4""",-0.82,plays_shorter
2026,Chandler Jackson,Milwaukee,134301,6-6,"6'6""",78.0,77.19,"6'5""",-0.81,plays_shorter,77.19,"6'5""",-0.81,plays_shorter
2026,Curtis Stinson Jr.,North Texas,134302,6-5,"6'5""",77.0,74.8,"6'3""",-2.2,plays_shorter,74.8,"6'3""",-2.2,plays_shorter
2026,Dylan Diaz,Louisiana Monroe,134310,6-2,"6'2""",74.0,74.0,"6'2""",-0.0,plays_at_height,74.0,"6'2""",-0.0,plays_at_height
2026,Jose Roberto Tanchyn,UMBC,134311,6-10,"6'10""",82.0,80.19,"6'8""",-1.81,plays_shorter,80.19,"6'8""",-1.81,plays_shorter
2026,Jackson Furman,Army,134313,6-3,"6'3""",75.0,75.05,"6'3""",0.05,plays_at_height,75.05,"6'3""",0.05,plays_at_height
2026,Mario Saint-Supery,Gonzaga,134317,6-3,"6'3""",75.0,76.7,"6'5""",1.7,plays_taller,76.7,"6'5""",1.7,plays_taller
2026,JJ Mandaquit,Washington,134321,6-1,"6'1""",73.0,75.18,"6'3""",2.18,plays_taller,75.18,"6'3""",2.18,plays_taller
2026,Binael Basil,Wagner,134322,6-7,"6'7""",79.0,79.3,"6'7""",0.3,plays_at_height,79.3,"6'7""",0.3,plays_at_height
2026,King Grace,Mississippi St.,134323,6-5,"6'5""",77.0,76.81,"6'5""",-0.19,plays_at_height,76.81,"6'5""",-0.19,plays_at_height
2026,Jacobe Whitted,Tennessee Tech,134324,6-7,"6'7""",79.0,77.18,"6'5""",-1.82,plays_shorter,77.18,"6'5""",-1.82,plays_shorter
2026,Michael Cooper,Wagner,134325,6-6,"6'6""",78.0,77.45,"6'5""",-0.55,plays_at_height,77.45,"6'5""",-0.55,plays_at_height
2026,Bryan Akanmu,Wagner,134330,6-6,"6'6""",78.0,76.37,"6'4""",-1.63,plays_shorter,76.37,"6'4""",-1.63,plays_shorter
2026,Carlos Coronado Jr.,Northern Illinois,134332,6-3,"6'3""",75.0,74.27,"6'2""",-0.73,plays_at_height,74.27,"6'2""",-0.73,plays_at_height
2026,Francis Okwuosah,Western Illinois,134334,6-6,"6'6""",78.0,75.71,"6'4""",-2.29,plays_shorter,75.71,"6'4""",-2.29,plays_shorter
2026,Makai Kvamme,Western Illinois,134335,6-2,"6'2""",74.0,75.86,"6'4""",1.86,plays_taller,75.86,"6'4""",1.86,plays_taller
2026,Reggie Hill,Coastal Carolina,134337,6-7,"6'7""",79.0,77.09,"6'5""",-1.91,plays_shorter,77.09,"6'5""",-1.91,plays_shorter
2026,Uriyah Rojas,Wyoming,134338,6-3,"6'3""",75.0,75.0,"6'3""",-0.0,plays_at_height,75.0,"6'3""",-0.0,plays_at_height
2026,Kiwane Garris Jr,Cal St. Fullerton,134340,6-5,"6'5""",77.0,76.34,"6'4""",-0.66,plays_at_height,76.34,"6'4""",-0.66,plays_at_height
2026,Bryce Cofield,Cal St. Fullerton,134341,6-6,"6'6""",78.0,78.98,"6'7""",0.98,plays_taller,78.98,"6'7""",0.98,plays_taller
2026,Brady Swartz,Western Michigan,134342,6-7,"6'7""",79.0,77.18,"6'5""",-1.82,plays_shorter,77.18,"6'5""",-1.82,plays_shorter
2026,Carson Vis,Western Michigan,134343,6-3,"6'3""",75.0,76.66,"6'5""",1.66,plays_taller,76.66,"6'5""",1.66,plays_taller
2026,Davion Hannah,Alabama,134346,6-6,"6'6""",78.0,76.91,"6'5""",-1.09,plays_shorter,76.91,"6'5""",-1.09,plays_shorter
2026,Josiah Parker,Florida Atlantic,134347,6-7,"6'7""",79.0,79.47,"6'7""",0.47,plays_at_height,79.47,"6'7""",0.47,plays_at_height
2026,Amari Allen,Alabama,134348,6-7,"6'7""",79.0,79.08,"6'7""",0.08,plays_at_height,79.08,"6'7""",0.08,plays_at_height
2026,Yohann Sissoko,Florida Atlantic,134349,6-5,"6'5""",77.0,75.86,"6'4""",-1.14,plays_shorter,75.86,"6'4""",-1.14,plays_shorter
2026,London Jemison,Alabama,134350,6-8,"6'8""",80.0,78.4,"6'6""",-1.6,plays_shorter,78.4,"6'6""",-1.6,plays_shorter
2026,Daniel Guetta,Oklahoma St.,134352,6-2,"6'2""",74.0,75.19,"6'3""",1.19,plays_taller,75.19,"6'3""",1.19,plays_taller
2026,Lefteris Mantzoukas,Oklahoma St.,134354,6-9,"6'9""",81.0,77.94,"6'6""",-3.06,plays_shorter,77.94,"6'6""",-3.06,plays_shorter
2026,Benjamin Ahmed,Oklahoma St.,134355,6-10,"6'10""",82.0,80.38,"6'8""",-1.62,plays_shorter,80.38,"6'8""",-1.62,plays_shorter
2026,Reese Miller,William & Mary,134357,6-4,"6'4""",76.0,76.31,"6'4""",0.31,plays_at_height,76.31,"6'4""",0.31,plays_at_height
2026,Jayden Smoot,UT Arlington,134358,6-1,"6'1""",73.0,77.85,"6'6""",4.85,plays_taller,77.85,"6'6""",4.85,plays_taller
2026,Kaden Fuhrmann,Mercyhurst,134360,6-5,"6'5""",77.0,74.07,"6'2""",-2.93,plays_shorter,74.07,"6'2""",-2.93,plays_shorter
2026,Maison Adeleye,New Haven,134364,6-4,"6'4""",76.0,76.55,"6'5""",0.55,plays_at_height,76.55,"6'5""",0.55,plays_at_height
2026,Antonio Chol,New Mexico,134365,6-9,"6'9""",81.0,77.52,"6'6""",-3.48,plays_shorter,77.52,"6'6""",-3.48,plays_shorter
2026,Garrett Anderson,North Dakota,134366,6-6,"6'6""",78.0,76.73,"6'5""",-1.27,plays_shorter,76.73,"6'5""",-1.27,plays_shorter
2026,Logan Kinsey,Denver,134368,6-6,"6'6""",78.0,77.77,"6'6""",-0.23,plays_at_height,77.77,"6'6""",-0.23,plays_at_height
2026,Logan McIntire,Central Michigan,134371,6-5,"6'5""",77.0,75.35,"6'3""",-1.65,plays_shorter,75.35,"6'3""",-1.65,plays_shorter
2026,Salim London,UAB,134372,6-4,"6'4""",76.0,75.3,"6'3""",-0.7,plays_at_height,75.3,"6'3""",-0.7,plays_at_height
2026,Joey Niesman,Fairleigh Dickinson,134373,6-2,"6'2""",74.0,75.13,"6'3""",1.13,plays_taller,75.13,"6'3""",1.13,plays_taller
2026,Cameron Ward,Michigan St.,134374,6-9,"6'9""",81.0,81.78,"6'10""",0.78,plays_taller,81.78,"6'10""",0.78,plays_taller
2026,Jordan Scott,Michigan St.,134375,6-8,"6'8""",80.0,78.76,"6'7""",-1.24,plays_shorter,78.76,"6'7""",-1.24,plays_shorter
2026,Rob Diaz,Long Beach St.,134376,6-2,"6'2""",74.0,76.85,"6'5""",2.85,plays_taller,76.85,"6'5""",2.85,plays_taller
2026,Caleb Steger,Boston College,134378,6-5,"6'5""",77.0,75.46,"6'3""",-1.54,plays_shorter,75.46,"6'3""",-1.54,plays_shorter
2026,Marko Radunovic,Boston College,134379,6-6,"6'6""",78.0,75.57,"6'4""",-2.43,plays_shorter,75.57,"6'4""",-2.43,plays_shorter
2026,Kose Egbule,James Madison,134380,6-2,"6'2""",74.0,75.34,"6'3""",1.34,plays_taller,75.34,"6'3""",1.34,plays_taller
2026,Ace Flagg,Maine,134384,6-7,"6'7""",79.0,76.95,"6'5""",-2.05,plays_shorter,76.95,"6'5""",-2.05,plays_shorter
2026,Tae Dozier,Northern Kentucky,134385,6-5,"6'5""",77.0,80.32,"6'8""",3.32,plays_taller,80.32,"6'8""",3.32,plays_taller
2026,Jaiden Haynes,Youngstown St.,134389,6-3,"6'3""",75.0,75.03,"6'3""",0.03,plays_at_height,75.03,"6'3""",0.03,plays_at_height
2026,JJ Kelly,Ohio,134391,6-6,"6'6""",78.0,78.46,"6'6""",0.46,plays_at_height,78.46,"6'6""",0.46,plays_at_height
2026,Evan Sterck,Jacksonville,134392,6-1,"6'1""",73.0,74.6,"6'3""",1.6,plays_taller,74.6,"6'3""",1.6,plays_taller
2026,Adria Rodriguez,Washington St.,134393,6-4,"6'4""",76.0,77.95,"6'6""",1.95,plays_taller,77.95,"6'6""",1.95,plays_taller
2026,Ace Glass lll,Washington St.,134394,6-3,"6'3""",75.0,75.11,"6'3""",0.11,plays_at_height,75.11,"6'3""",0.11,plays_at_height
2026,Miles Amos,Seattle,134397,6-2,"6'2""",74.0,76.3,"6'4""",2.3,plays_taller,76.3,"6'4""",2.3,plays_taller
2026,Dre Kindell,Wichita St.,134401,5-11,"5'11""",71.0,76.5,"6'4""",5.5,plays_taller,76.5,"6'4""",5.5,plays_taller
2026,Hudson Greer,Creighton,134404,6-7,"6'7""",79.0,77.29,"6'5""",-1.71,plays_shorter,77.29,"6'5""",-1.71,plays_shorter
2026,Kerem Konan,Creighton,134405,6-9,"6'9""",81.0,79.99,"6'8""",-1.01,plays_shorter,79.99,"6'8""",-1.01,plays_shorter
2026,Cam McDowell,Tarleton St.,134407,6-5,"6'5""",77.0,77.18,"6'5""",0.18,plays_at_height,77.18,"6'5""",0.18,plays_at_height
2026,Ethane Bourgade,Bryant,134409,6-9,"6'9""",81.0,76.66,"6'5""",-4.34,plays_shorter,76.66,"6'5""",-4.34,plays_shorter
2026,Jacobe Coleman,Sam Houston St.,134413,6-3,"6'3""",75.0,76.02,"6'4""",1.02,plays_taller,76.02,"6'4""",1.02,plays_taller
2026,Jarne Elouna Eyenga,Charlotte,134419,6-10,"6'10""",82.0,76.74,"6'5""",-5.26,plays_shorter,76.74,"6'5""",-5.26,plays_shorter
2026,Cam Wilds,Robert Morris,134421,6-6,"6'6""",78.0,75.44,"6'3""",-2.56,plays_shorter,75.44,"6'3""",-2.56,plays_shorter
2026,"Donald Whitehead, Jr.",UNC Greensboro,134422,5-10,"5'10""",70.0,73.41,"6'1""",3.41,plays_taller,73.41,"6'1""",3.41,plays_taller
2026,Achille Lonati,St. Bonaventure,134424,6-5,"6'5""",77.0,76.34,"6'4""",-0.66,plays_at_height,76.34,"6'4""",-0.66,plays_at_height
2026,Andrew Osasuyi,St. Bonaventure,134425,6-9,"6'9""",81.0,84.74,"7'1""",3.74,plays_taller,84.74,"7'1""",3.74,plays_taller
2026,Jalen Carruth,Alabama A&M,134426,6-7,"6'7""",79.0,76.23,"6'4""",-2.77,plays_shorter,76.23,"6'4""",-2.77,plays_shorter
2026,Gabe Kincy,Alabama A&M,134428,6-7,"6'7""",79.0,76.66,"6'5""",-2.34,plays_shorter,76.66,"6'5""",-2.34,plays_shorter
2026,Sebastian Williams-Adams,Auburn,134430,6-8,"6'8""",80.0,79.24,"6'7""",-0.76,plays_shorter,79.24,"6'7""",-0.76,plays_shorter
2026,Luke Haertle,South Dakota St.,134431,6-3,"6'3""",75.0,76.41,"6'4""",1.41,plays_taller,76.41,"6'4""",1.41,plays_taller
2026,Jaxson Whitaker,Central Michigan,134435,6-4,"6'4""",76.0,74.09,"6'2""",-1.91,plays_shorter,74.09,"6'2""",-1.91,plays_shorter
2026,EJ Walker,South Carolina,134437,6-7,"6'7""",79.0,77.78,"6'6""",-1.22,plays_shorter,77.78,"6'6""",-1.22,plays_shorter
2026,Jalen Griffith,Western Michigan,134438,5-10,"5'10""",70.0,73.54,"6'2""",3.54,plays_taller,73.54,"6'2""",3.54,plays_taller
2026,DJ Dudley,Louisiana Tech,134439,6-4,"6'4""",76.0,76.18,"6'4""",0.18,plays_at_height,76.18,"6'4""",0.18,plays_at_height
2026,Sherman Weatherspoon IV,Utah Valley,134442,6-3,"6'3""",75.0,75.13,"6'3""",0.13,plays_at_height,75.13,"6'3""",0.13,plays_at_height
2026,Brendan Rigsbee,Wofford,134447,6-3,"6'3""",75.0,75.89,"6'4""",0.89,plays_taller,75.89,"6'4""",0.89,plays_taller
2026,Joshua Lewis,Louisiana,134449,6-7,"6'7""",79.0,77.42,"6'5""",-1.58,plays_shorter,77.42,"6'5""",-1.58,plays_shorter
2026,Milan Mejia,Louisiana,134450,6-2,"6'2""",74.0,73.87,"6'2""",-0.13,plays_at_height,73.87,"6'2""",-0.13,plays_at_height
2026,Jalen Ricks,UT Rio Grande Valley,134452,6-7,"6'7""",79.0,76.0,"6'4""",-3.0,plays_shorter,76.0,"6'4""",-3.0,plays_shorter
2026,Jordan Muller,Cal Baptist,134454,6-0,"6'0""",72.0,73.62,"6'2""",1.62,plays_taller,73.62,"6'2""",1.62,plays_taller
2026,Rene D'Amelio,Cal Baptist,134455,6-8,"6'8""",80.0,81.31,"6'9""",1.31,plays_taller,81.31,"6'9""",1.31,plays_taller
2026,Alon Michaeli,Colorado,134458,6-9,"6'9""",81.0,78.13,"6'6""",-2.87,plays_shorter,78.13,"6'6""",-2.87,plays_shorter
2026,Ian Inman,Colorado,134459,6-6,"6'6""",78.0,75.56,"6'4""",-2.44,plays_shorter,75.56,"6'4""",-2.44,plays_shorter
2026,Isaiah Johnson,Colorado,134460,6-1,"6'1""",73.0,75.78,"6'4""",2.78,plays_taller,75.78,"6'4""",2.78,plays_taller
2026,Kameron Tinsley,IU Indy,134461,6-6,"6'6""",78.0,76.43,"6'4""",-1.57,plays_shorter,76.43,"6'4""",-1.57,plays_shorter
2026,Spencer Ahrens,Boise St.,134462,6-10,"6'10""",82.0,78.74,"6'7""",-3.26,plays_shorter,78.74,"6'7""",-3.26,plays_shorter
2026,Aleksej Kostić,BYU,134464,6-4,"6'4""",76.0,73.42,"6'1""",-2.58,plays_shorter,73.42,"6'1""",-2.58,plays_shorter
2026,AJ Dybantsa,BYU,134465,6-9,"6'9""",81.0,80.14,"6'8""",-0.86,plays_shorter,80.14,"6'8""",-0.86,plays_shorter
2026,Ahmad Johnson,Arkansas Pine Bluff,134467,6-4,"6'4""",76.0,73.92,"6'2""",-2.08,plays_shorter,73.92,"6'2""",-2.08,plays_shorter
2026,Jackson Rasmussen,Idaho,134468,6-7,"6'7""",79.0,77.51,"6'6""",-1.49,plays_shorter,77.51,"6'6""",-1.49,plays_shorter
2026,Efe Demirel,Grand Canyon,134469,7-1,"7'1""",85.0,81.88,"6'10""",-3.12,plays_shorter,81.88,"6'10""",-3.12,plays_shorter
2026,Andrej Kostic,Kansas St.,134470,6-6,"6'6""",78.0,74.69,"6'3""",-3.31,plays_shorter,74.69,"6'3""",-3.31,plays_shorter
2026,Dorin Buca,Kansas St.,134471,7-2,"7'2""",86.0,82.58,"6'11""",-3.42,plays_shorter,82.58,"6'11""",-3.42,plays_shorter
2026,Elias Rapieque,Kansas St.,134472,6-9,"6'9""",81.0,78.15,"6'6""",-2.85,plays_shorter,78.15,"6'6""",-2.85,plays_shorter
2026,Nico Ashley,Central Connecticut,134474,6-7,"6'7""",79.0,78.15,"6'6""",-0.85,plays_shorter,78.15,"6'6""",-0.85,plays_shorter
2026,Baasil Saunders,Coppin St.,134475,6-4,"6'4""",76.0,76.38,"6'4""",0.38,plays_at_height,76.38,"6'4""",0.38,plays_at_height
2026,Ethan Copeland,Stetson,134476,6-2,"6'2""",74.0,75.01,"6'3""",1.01,plays_taller,75.01,"6'3""",1.01,plays_taller
2026,Miles Daniels,Cal Baptist,134477,6-2,"6'2""",74.0,75.58,"6'4""",1.58,plays_taller,75.58,"6'4""",1.58,plays_taller
2026,Ilias Kamardine,Mississippi,134478,6-5,"6'5""",77.0,77.25,"6'5""",0.25,plays_at_height,77.25,"6'5""",0.25,plays_at_height
2026,Milhan Charles,Arkansas Pine Bluff,134483,6-7,"6'7""",79.0,78.11,"6'6""",-0.89,plays_shorter,78.11,"6'6""",-0.89,plays_shorter
2026,Erik Oliver-Bush,Manhattan,134486,6-5,"6'5""",77.0,78.32,"6'6""",1.32,plays_taller,78.32,"6'6""",1.32,plays_taller
2026,Chance Mallory,Virginia,134488,5-10,"5'10""",70.0,76.82,"6'5""",6.82,plays_taller,76.82,"6'5""",6.82,plays_taller
2026,Isaac Carr,Wake Forest,134489,6-4,"6'4""",76.0,75.61,"6'4""",-0.39,plays_at_height,75.61,"6'4""",-0.39,plays_at_height
2026,Lino Mark,Rutgers,134492,6-2,"6'2""",74.0,76.62,"6'5""",2.62,plays_taller,76.62,"6'5""",2.62,plays_taller
2026,Vinny Sigona,East Texas A&M,134496,6-1,"6'1""",73.0,73.16,"6'1""",0.16,plays_at_height,73.16,"6'1""",0.16,plays_at_height
2026,Ja'Quavian Florence,Tennessee Tech,134498,6-4,"6'4""",76.0,76.08,"6'4""",0.08,plays_at_height,76.08,"6'4""",0.08,plays_at_height
2026,Chris Eagan,American,134499,6-8,"6'8""",80.0,75.28,"6'3""",-4.72,plays_shorter,75.28,"6'3""",-4.72,plays_shorter
2026,Madden Collins,American,134500,6-5,"6'5""",77.0,79.3,"6'7""",2.3,plays_taller,79.3,"6'7""",2.3,plays_taller
2026,Tanner Davis,Utah Tech,134502,6-5,"6'5""",77.0,77.65,"6'6""",0.65,plays_at_height,77.65,"6'6""",0.65,plays_at_height
2026,Efeosa Oliogu-Elabor,Butler,134503,6-6,"6'6""",78.0,77.67,"6'6""",-0.33,plays_at_height,77.67,"6'6""",-0.33,plays_at_height
2026,Jackson Keith,Butler,134504,6-5,"6'5""",77.0,77.28,"6'5""",0.28,plays_at_height,77.28,"6'5""",0.28,plays_at_height
2026,Azavier Robinson,Butler,134505,6-2,"6'2""",74.0,76.29,"6'4""",2.29,plays_taller,76.29,"6'4""",2.29,plays_taller
2026,Jack McCaffery,Butler,134506,6-9,"6'9""",81.0,78.42,"6'6""",-2.58,plays_shorter,78.42,"6'6""",-2.58,plays_shorter
2026,Nick Jones,Wagner,134509,6-2,"6'2""",74.0,77.3,"6'5""",3.3,plays_taller,77.3,"6'5""",3.3,plays_taller
2026,Luke Almodovar,Southeast Missouri St.,134510,6-3,"6'3""",75.0,77.56,"6'6""",2.56,plays_taller,77.56,"6'6""",2.56,plays_taller
2026,PJ Farmer,Southeast Missouri St.,134512,6-0,"6'0""",72.0,77.08,"6'5""",5.08,plays_taller,77.08,"6'5""",5.08,plays_taller
2026,Jay Jones,Penn,134514,6-4,"6'4""",76.0,76.4,"6'4""",0.4,plays_at_height,76.4,"6'4""",0.4,plays_at_height
2026,Lucas-Allan Lueth,Penn,134515,6-7,"6'7""",79.0,79.15,"6'7""",0.15,plays_at_height,79.15,"6'7""",0.15,plays_at_height
2026,Dalton Scantlebury,Penn,134518,6-9,"6'9""",81.0,80.41,"6'8""",-0.59,plays_at_height,80.41,"6'8""",-0.59,plays_at_height
2026,LJ Hackman,Western Kentucky,134519,6-3,"6'3""",75.0,76.62,"6'5""",1.62,plays_taller,76.62,"6'5""",1.62,plays_taller
2026,Hampton Sanders,Columbia,134520,6-0,"6'0""",72.0,74.83,"6'3""",2.83,plays_taller,74.83,"6'3""",2.83,plays_taller
2026,Jalen Tot,Appalachian St.,134521,6-0,"6'0""",72.0,73.84,"6'2""",1.84,plays_taller,73.84,"6'2""",1.84,plays_taller
2026,Mateo Esmeraldo,Lipscomb,134522,6-0,"6'0""",72.0,75.55,"6'4""",3.55,plays_taller,75.55,"6'4""",3.55,plays_taller
2026,Shemani Fuller,Rider,134525,6-9,"6'9""",81.0,80.68,"6'9""",-0.32,plays_at_height,80.68,"6'9""",-0.32,plays_at_height
2026,Gus Etchison,Idaho St.,134526,5-11,"5'11""",71.0,75.98,"6'4""",4.98,plays_taller,75.98,"6'4""",4.98,plays_taller
2026,Ali Assran,Cal Poly,134529,6-9,"6'9""",81.0,80.19,"6'8""",-0.81,plays_shorter,80.19,"6'8""",-0.81,plays_shorter
2026,Jake Davis,Cal Poly,134530,6-4,"6'4""",76.0,76.69,"6'5""",0.69,plays_at_height,76.69,"6'5""",0.69,plays_at_height
2026,Biko Johnson,Idaho,134532,6-2,"6'2""",74.0,75.81,"6'4""",1.81,plays_taller,75.81,"6'4""",1.81,plays_taller
2026,Ebuka Okorie,Stanford,134537,6-2,"6'2""",74.0,77.35,"6'5""",3.35,plays_taller,77.35,"6'5""",3.35,plays_taller
2026,Joseph Owens,Chicago St.,134538,6-7,"6'7""",79.0,79.66,"6'8""",0.66,plays_at_height,79.66,"6'8""",0.66,plays_at_height
2026,Oskar Giltay,Stanford,134539,6-10,"6'10""",82.0,83.11,"6'11""",1.11,plays_taller,83.11,"6'11""",1.11,plays_taller
2026,Jae Slack,North Carolina Central,134540,6-6,"6'6""",78.0,75.06,"6'3""",-2.94,plays_shorter,75.06,"6'3""",-2.94,plays_shorter
2026,Caleb Delzell,South Dakota St.,134541,6-9,"6'9""",81.0,75.58,"6'4""",-5.42,plays_shorter,75.58,"6'4""",-5.42,plays_shorter
2026,Tyler Mason,Alabama St.,134543,6-9,"6'9""",81.0,77.36,"6'5""",-3.64,plays_shorter,77.36,"6'5""",-3.64,plays_shorter
2026,Roman Domon,Murray St.,134549,6-9,"6'9""",81.0,78.62,"6'7""",-2.38,plays_shorter,78.62,"6'7""",-2.38,plays_shorter
2026,Dylan Brumfield,Southern Miss,134552,6-5,"6'5""",77.0,76.52,"6'5""",-0.48,plays_at_height,76.52,"6'5""",-0.48,plays_at_height
2026,Matt Compas,IU Indy,134553,6-4,"6'4""",76.0,76.77,"6'5""",0.77,plays_taller,76.77,"6'5""",0.77,plays_taller
2026,Maguire Mitchell,IU Indy,134554,6-5,"6'5""",77.0,75.99,"6'4""",-1.01,plays_shorter,75.99,"6'4""",-1.01,plays_shorter
2026,Delkedric Holmes,Mississippi Valley St.,134555,6-2,"6'2""",74.0,73.61,"6'2""",-0.39,plays_at_height,73.61,"6'2""",-0.39,plays_at_height
2026,Lamont Sams,Mississippi Valley St.,134556,6-9,"6'9""",81.0,78.6,"6'7""",-2.4,plays_shorter,78.6,"6'7""",-2.4,plays_shorter
2026,Chance Sutton,Mississippi Valley St.,134557,6-7,"6'7""",79.0,77.51,"6'6""",-1.49,plays_shorter,77.51,"6'6""",-1.49,plays_shorter
2026,Reece Hagy,IU Indy,134558,6-8,"6'8""",80.0,76.52,"6'5""",-3.48,plays_shorter,76.52,"6'5""",-3.48,plays_shorter
2026,James Dyson-Merwe,Evansville,134559,6-11,"6'11""",83.0,78.25,"6'6""",-4.75,plays_shorter,78.25,"6'6""",-4.75,plays_shorter
2026,Keaton Wagler,Illinois,134560,6-6,"6'6""",78.0,77.02,"6'5""",-0.98,plays_shorter,77.02,"6'5""",-0.98,plays_shorter
2026,Anthony Johnson,Arizona St.,134561,6-3,"6'3""",75.0,78.07,"6'6""",3.07,plays_taller,78.07,"6'6""",3.07,plays_taller
2026,Andrija Grbovic,Arizona St.,134564,6-11,"6'11""",83.0,76.82,"6'5""",-6.18,plays_shorter,76.82,"6'5""",-6.18,plays_shorter
2026,Massamba Diop,Arizona St.,134565,7-1,"7'1""",85.0,83.02,"6'11""",-1.98,plays_shorter,83.02,"6'11""",-1.98,plays_shorter
2026,Tre Singleton,Northwestern,134567,6-8,"6'8""",80.0,78.97,"6'7""",-1.03,plays_shorter,78.97,"6'7""",-1.03,plays_shorter
2026,Jake West,Northwestern,134568,6-3,"6'3""",75.0,75.24,"6'3""",0.24,plays_at_height,75.24,"6'3""",0.24,plays_at_height
2026,Adam Olsen,South Alabama,134570,6-8,"6'8""",80.0,75.49,"6'3""",-4.51,plays_shorter,75.49,"6'3""",-4.51,plays_shorter
2026,Peyton Law,South Alabama,134571,6-7,"6'7""",79.0,80.17,"6'8""",1.17,plays_taller,80.17,"6'8""",1.17,plays_taller
2026,Thijs De Ridder,Virginia,134573,6-9,"6'9""",81.0,79.56,"6'8""",-1.44,plays_shorter,79.56,"6'8""",-1.44,plays_shorter
2026,Dillan Shaw,Saint Mary's,134574,6-7,"6'7""",79.0,78.16,"6'6""",-0.84,plays_shorter,78.16,"6'6""",-0.84,plays_shorter
2026,Eli Beard,Drexel,134575,5-11,"5'11""",71.0,74.69,"6'3""",3.69,plays_taller,74.69,"6'3""",3.69,plays_taller
2026,Martin de Laporterie,Drexel,134577,7-1,"7'1""",85.0,79.9,"6'8""",-5.1,plays_shorter,79.9,"6'8""",-5.1,plays_shorter
2026,Arterio Morris,Bethune Cookman,134580,6-3,"6'3""",75.0,77.67,"6'6""",2.67,plays_taller,77.67,"6'6""",2.67,plays_taller
2026,Chace Watley,Wofford,134582,6-2,"6'2""",74.0,75.22,"6'3""",1.22,plays_taller,75.22,"6'3""",1.22,plays_taller
2026,Omer Mayer,Purdue,134583,6-4,"6'4""",76.0,75.57,"6'4""",-0.43,plays_at_height,75.57,"6'4""",-0.43,plays_at_height
2026,Jayden Tyler,Wofford,134584,5-10,"5'10""",70.0,75.75,"6'4""",5.75,plays_taller,75.75,"6'4""",5.75,plays_taller
2026,Momo Nkugwa,Vermont,134587,6-3,"6'3""",75.0,78.48,"6'6""",3.48,plays_taller,78.48,"6'6""",3.48,plays_taller
2026,Lucas Mari,Vermont,134588,6-6,"6'6""",78.0,77.65,"6'6""",-0.35,plays_at_height,77.65,"6'6""",-0.35,plays_at_height
2026,Clayton Parker,Morehead St.,134591,6-8,"6'8""",80.0,74.59,"6'3""",-5.41,plays_shorter,74.59,"6'3""",-5.41,plays_shorter
2026,Isaiah Kerr,Hawaii,134592,6-3,"6'3""",75.0,76.97,"6'5""",1.97,plays_taller,76.97,"6'5""",1.97,plays_taller
2026,David Bolden,NJIT,134594,6-0,"6'0""",72.0,74.43,"6'2""",2.43,plays_taller,74.43,"6'2""",2.43,plays_taller
2026,Anthony Holden,Stonehill,134596,6-5,"6'5""",77.0,74.31,"6'2""",-2.69,plays_shorter,74.31,"6'2""",-2.69,plays_shorter
2026,Or Ashkenazi,Lipscomb,134597,6-5,"6'5""",77.0,75.6,"6'4""",-1.4,plays_shorter,75.6,"6'4""",-1.4,plays_shorter
2026,Christian Gurdak,Virginia Tech,134600,6-10,"6'10""",82.0,80.34,"6'8""",-1.66,plays_shorter,80.34,"6'8""",-1.66,plays_shorter
2026,Mason Klabo,Illinois St.,134601,6-2,"6'2""",74.0,76.56,"6'5""",2.56,plays_taller,76.56,"6'5""",2.56,plays_taller
2026,Davi Remagen,Georgia Tech,134602,6-3,"6'3""",75.0,74.85,"6'3""",-0.15,plays_at_height,74.85,"6'3""",-0.15,plays_at_height
2026,Mouhamed Sylla,Georgia Tech,134604,6-10,"6'10""",82.0,82.36,"6'10""",0.36,plays_at_height,82.36,"6'10""",0.36,plays_at_height
2026,Mikhail Pocknett,Buffalo,134605,6-6,"6'6""",78.0,79.85,"6'8""",1.85,plays_taller,79.85,"6'8""",1.85,plays_taller
2026,Trent Coleman,Charleston Southern,134606,6-7,"6'7""",79.0,76.73,"6'5""",-2.27,plays_shorter,76.73,"6'5""",-2.27,plays_shorter
2026,Anthony Isaac,Manhattan,134607,6-6,"6'6""",78.0,79.57,"6'8""",1.57,plays_taller,79.57,"6'8""",1.57,plays_taller
2026,Isaac Hawkins,Utah Valley,134608,6-10,"6'10""",82.0,83.9,"7'0""",1.9,plays_taller,83.9,"7'0""",1.9,plays_taller
2026,Wylee Delorme,North Dakota,134610,6-5,"6'5""",77.0,76.06,"6'4""",-0.94,plays_shorter,76.06,"6'4""",-0.94,plays_shorter
2026,EJ Mosley,Purdue Fort Wayne,134614,6-0,"6'0""",72.0,74.19,"6'2""",2.19,plays_taller,74.19,"6'2""",2.19,plays_taller
2026,Dwayne Aristode,Arizona,134616,6-8,"6'8""",80.0,76.68,"6'5""",-3.32,plays_shorter,76.68,"6'5""",-3.32,plays_shorter
2026,Riek Riek,Gardner Webb,134617,6-9,"6'9""",81.0,76.7,"6'5""",-4.3,plays_shorter,76.7,"6'5""",-4.3,plays_shorter
2026,Jacob Wassler,Bellarmine,134621,6-11,"6'11""",83.0,78.45,"6'6""",-4.55,plays_shorter,78.45,"6'6""",-4.55,plays_shorter
2026,Sam Donald,Bellarmine,134624,6-8,"6'8""",80.0,76.86,"6'5""",-3.14,plays_shorter,76.86,"6'5""",-3.14,plays_shorter
2026,Tomas Valentiny,Stony Brook,134626,6-6,"6'6""",78.0,77.5,"6'6""",-0.5,plays_at_height,77.5,"6'6""",-0.5,plays_at_height
2026,Andrej Shoshkikj,Stony Brook,134627,6-2,"6'2""",74.0,75.32,"6'3""",1.32,plays_taller,75.32,"6'3""",1.32,plays_taller
2026,Jacob Meachem,Bucknell,134632,5-8,"5'8""",68.0,72.99,"6'1""",4.99,plays_taller,72.99,"6'1""",4.99,plays_taller
2026,Pat Curtin,Bucknell,134635,6-3,"6'3""",75.0,76.4,"6'4""",1.4,plays_taller,76.4,"6'4""",1.4,plays_taller
2026,Amon Dörries,Bucknell,134636,6-11,"6'11""",83.0,78.33,"6'6""",-4.67,plays_shorter,78.33,"6'6""",-4.67,plays_shorter
2026,Trevin Jirak,Iowa,134637,6-11,"6'11""",83.0,77.82,"6'6""",-5.18,plays_shorter,77.82,"6'6""",-5.18,plays_shorter
2026,Will Harper III,Richmond,134638,6-4,"6'4""",76.0,75.93,"6'4""",-0.07,plays_at_height,75.93,"6'4""",-0.07,plays_at_height
2026,Tate Sage,Iowa,134641,6-7,"6'7""",79.0,77.91,"6'6""",-1.09,plays_shorter,77.91,"6'6""",-1.09,plays_shorter
2026,Michael Collins,Louisiana,134643,6-1,"6'1""",73.0,74.55,"6'3""",1.55,plays_taller,74.55,"6'3""",1.55,plays_taller
2026,Raevon Thomas,Jackson St.,134644,6-9,"6'9""",81.0,78.47,"6'6""",-2.53,plays_shorter,78.47,"6'6""",-2.53,plays_shorter
2026,Mujahiid Burton,North Carolina A&T,134646,6-5,"6'5""",77.0,73.82,"6'2""",-3.18,plays_shorter,73.82,"6'2""",-3.18,plays_shorter
2026,Dwayne Pierce,North Carolina A&T,134648,6-5,"6'5""",77.0,74.03,"6'2""",-2.97,plays_shorter,74.03,"6'2""",-2.97,plays_shorter
2026,Brooklyn Vick,North Carolina A&T,134649,6-2,"6'2""",74.0,76.09,"6'4""",2.09,plays_taller,76.09,"6'4""",2.09,plays_taller
2026,Nigel James Jr.,Marquette,134650,6-0,"6'0""",72.0,77.78,"6'6""",5.78,plays_taller,77.78,"6'6""",5.78,plays_taller
2026,Chol Machot,Charleston,134654,7-0,"7'0""",84.0,85.55,"7'2""",1.55,plays_taller,85.55,"7'2""",1.55,plays_taller
2026,Jaden Haire,Texas A&M Corpus Chris,134657,6-7,"6'7""",79.0,77.8,"6'6""",-1.2,plays_shorter,77.8,"6'6""",-1.2,plays_shorter
2026,Corentin Efono,SIU Edwardsville,134658,6-4,"6'4""",76.0,76.32,"6'4""",0.32,plays_at_height,76.32,"6'4""",0.32,plays_at_height
2026,Victory Onuetu,Hofstra,134662,6-10,"6'10""",82.0,83.51,"7'0""",1.51,plays_taller,83.51,"7'0""",1.51,plays_taller
2026,Xavier Spencer,UMass Lowell,134666,6-1,"6'1""",73.0,76.32,"6'4""",3.32,plays_taller,76.32,"6'4""",3.32,plays_taller
2026,C.J. McPherson,Tennessee Tech,134667,6-3,"6'3""",75.0,74.35,"6'2""",-0.65,plays_at_height,74.35,"6'2""",-0.65,plays_at_height
2026,Preston Fowler,James Madison,134670,6-8,"6'8""",80.0,77.68,"6'6""",-2.32,plays_shorter,77.68,"6'6""",-2.32,plays_shorter
2026,David Bumpass,Morgan St.,134673,6-3,"6'3""",75.0,74.98,"6'3""",-0.02,plays_at_height,74.98,"6'3""",-0.02,plays_at_height
2026,Zayden High,North Carolina,134674,6-10,"6'10""",82.0,80.08,"6'8""",-1.92,plays_shorter,80.08,"6'8""",-1.92,plays_shorter
2026,Najimi George,New Haven,134675,6-4,"6'4""",76.0,76.83,"6'5""",0.83,plays_taller,76.83,"6'5""",0.83,plays_taller
2026,Ian Scott,Indiana St.,134676,6-7,"6'7""",79.0,80.37,"6'8""",1.37,plays_taller,80.37,"6'8""",1.37,plays_taller
2026,Jo Van Buggenhout,Indiana St.,134677,6-2,"6'2""",74.0,75.03,"6'3""",1.03,plays_taller,75.03,"6'3""",1.03,plays_taller
2026,Enel St. Bernard,Indiana St.,134678,6-6,"6'6""",78.0,82.99,"6'11""",4.99,plays_taller,82.99,"6'11""",4.99,plays_taller
2026,Bodey Howell,Rice,134680,6-4,"6'4""",76.0,73.82,"6'2""",-2.18,plays_shorter,73.82,"6'2""",-2.18,plays_shorter
2026,Jermaine O'Neal Jr.,SMU,134682,6-5,"6'5""",77.0,77.03,"6'5""",0.03,plays_at_height,77.03,"6'5""",0.03,plays_at_height
2026,Jaden Toombs,SMU,134683,6-10,"6'10""",82.0,79.09,"6'7""",-2.91,plays_shorter,79.09,"6'7""",-2.91,plays_shorter
2026,KJ Younger,UNC Greensboro,134686,6-4,"6'4""",76.0,77.91,"6'6""",1.91,plays_taller,77.91,"6'6""",1.91,plays_taller
2026,Wei Lin,Oregon,134687,6-4,"6'4""",76.0,73.65,"6'2""",-2.35,plays_shorter,73.65,"6'2""",-2.35,plays_shorter
2026,Hussain Williams,Coppin St.,134688,6-5,"6'5""",77.0,76.52,"6'5""",-0.48,plays_at_height,76.52,"6'5""",-0.48,plays_at_height
2026,Keyshuan Tillery,Cincinnati,134689,6-0,"6'0""",72.0,75.42,"6'3""",3.42,plays_taller,75.42,"6'3""",3.42,plays_taller
2026,Shon Abaev,Cincinnati,134691,6-8,"6'8""",80.0,77.99,"6'6""",-2.01,plays_shorter,77.99,"6'6""",-2.01,plays_shorter
2026,Ja'Juan Carr,Elon,134692,6-2,"6'2""",74.0,76.2,"6'4""",2.2,plays_taller,76.2,"6'4""",2.2,plays_taller
2026,Quron Elliott,Manhattan,134694,6-2,"6'2""",74.0,74.69,"6'3""",0.69,plays_at_height,74.69,"6'3""",0.69,plays_at_height
2026,Torrin Andrews,Coppin St.,134697,6-4,"6'4""",76.0,74.34,"6'2""",-1.66,plays_shorter,74.34,"6'2""",-1.66,plays_shorter
2026,Kylan Howze,Louisiana Tech,134702,6-10,"6'10""",82.0,79.7,"6'8""",-2.3,plays_shorter,79.7,"6'8""",-2.3,plays_shorter
2026,Ethan Simmon,Stony Brook,134704,6-5,"6'5""",77.0,75.08,"6'3""",-1.92,plays_shorter,75.08,"6'3""",-1.92,plays_shorter
2026,Brett White,Oakland,134706,6-6,"6'6""",78.0,75.91,"6'4""",-2.09,plays_shorter,75.91,"6'4""",-2.09,plays_shorter
2026,DeWayne Brown II,Tennessee,134711,6-8,"6'8""",80.0,80.38,"6'8""",0.38,plays_at_height,80.38,"6'8""",0.38,plays_at_height
2026,Nate Ament,Tennessee,134712,6-10,"6'10""",82.0,79.47,"6'7""",-2.53,plays_shorter,79.47,"6'7""",-2.53,plays_shorter
2026,Ethan Burg,Tennessee,134713,6-3,"6'3""",75.0,75.09,"6'3""",0.09,plays_at_height,75.09,"6'3""",0.09,plays_at_height
2026,Mikel Brown Jr.,Louisville,134715,6-5,"6'5""",77.0,76.94,"6'5""",-0.06,plays_at_height,76.94,"6'5""",-0.06,plays_at_height
2026,Neoklis Avdalas,Virginia Tech,134716,6-9,"6'9""",81.0,76.88,"6'5""",-4.12,plays_shorter,76.88,"6'5""",-4.12,plays_shorter
2026,Antonio Dorn,Virginia Tech,134717,7-0,"7'0""",84.0,79.58,"6'8""",-4.42,plays_shorter,79.58,"6'8""",-4.42,plays_shorter
2026,Irish Coquia,New Orleans,134719,6-2,"6'2""",74.0,73.37,"6'1""",-0.63,plays_at_height,73.37,"6'1""",-0.63,plays_at_height
2026,Xavier Abreu,Northeastern,134721,6-3,"6'3""",75.0,76.71,"6'5""",1.71,plays_taller,76.71,"6'5""",1.71,plays_taller
2026,Caleb Blackwell,UTEP,134724,6-1,"6'1""",73.0,75.77,"6'4""",2.77,plays_taller,75.77,"6'4""",2.77,plays_taller
2026,Prince Johnson,Eastern Illinois,134725,6-8,"6'8""",80.0,79.38,"6'7""",-0.62,plays_at_height,79.38,"6'7""",-0.62,plays_at_height
2026,Markus Blackwell,Eastern Illinois,134726,6-2,"6'2""",74.0,73.47,"6'1""",-0.53,plays_at_height,73.47,"6'1""",-0.53,plays_at_height
2026,Chris Komin,Northern Arizona,134729,6-3,"6'3""",75.0,76.37,"6'4""",1.37,plays_taller,76.37,"6'4""",1.37,plays_taller
2026,Brennan Peterson,Northern Arizona,134730,6-0,"6'0""",72.0,72.5,"6'1""",0.5,plays_at_height,72.5,"6'1""",0.5,plays_at_height
2026,Quinn Woidke,Kent St.,134735,6-0,"6'0""",72.0,75.24,"6'3""",3.24,plays_taller,75.24,"6'3""",3.24,plays_taller
2026,Riley Jacobs,UMBC,134736,6-8,"6'8""",80.0,80.37,"6'8""",0.37,plays_at_height,80.37,"6'8""",0.37,plays_at_height
2026,Jordi Rodriguez,Cincinnati,134738,6-6,"6'6""",78.0,75.08,"6'3""",-2.92,plays_shorter,75.08,"6'3""",-2.92,plays_shorter
2026,Lionel Larvadain,Chicago St.,134743,6-0,"6'0""",72.0,74.74,"6'3""",2.74,plays_taller,74.74,"6'3""",2.74,plays_taller
2026,Corey Sands,Chicago St.,134744,6-4,"6'4""",76.0,74.85,"6'3""",-1.15,plays_shorter,74.85,"6'3""",-1.15,plays_shorter
2026,Doyel Cockrill III,Chicago St.,134745,6-2,"6'2""",74.0,74.47,"6'2""",0.47,plays_at_height,74.47,"6'2""",0.47,plays_at_height
2026,Malek Robinson,Chicago St.,134746,5-11,"5'11""",71.0,75.59,"6'4""",4.59,plays_taller,75.59,"6'4""",4.59,plays_taller
2026,Frankie Mannino,Harvard,134750,6-5,"6'5""",77.0,77.45,"6'5""",0.45,plays_at_height,77.45,"6'5""",0.45,plays_at_height
2026,Kareem Stagg,Georgia,134753,6-8,"6'8""",80.0,79.34,"6'7""",-0.66,plays_at_height,79.34,"6'7""",-0.66,plays_at_height
2026,Kaia Isaac,Tarleton St.,134755,6-4,"6'4""",76.0,74.38,"6'2""",-1.62,plays_shorter,74.38,"6'2""",-1.62,plays_shorter
2026,Leroy Kelly IV,Tarleton St.,134756,6-2,"6'2""",74.0,75.97,"6'4""",1.97,plays_taller,75.97,"6'4""",1.97,plays_taller
2026,DJ Dormu,Tarleton St.,134757,5-9,"5'9""",69.0,74.15,"6'2""",5.15,plays_taller,74.15,"6'2""",5.15,plays_taller
2026,Justin Kirby,Miami OH,134760,6-4,"6'4""",76.0,78.1,"6'6""",2.1,plays_taller,78.1,"6'6""",2.1,plays_taller
2026,Trey Perry,Miami OH,134761,6-2,"6'2""",74.0,75.53,"6'4""",1.53,plays_taller,75.53,"6'4""",1.53,plays_taller
2026,"Rob Lee, Jr.",Lamar,134764,6-2,"6'2""",74.0,75.62,"6'4""",1.62,plays_taller,75.62,"6'4""",1.62,plays_taller
2026,Jusaun Holt,Utah Tech,134765,6-7,"6'7""",79.0,76.87,"6'5""",-2.13,plays_shorter,76.87,"6'5""",-2.13,plays_shorter
2026,Jalen Vazquez,Lehigh,134766,6-3,"6'3""",75.0,76.33,"6'4""",1.33,plays_taller,76.33,"6'4""",1.33,plays_taller
2026,Andrew Urosevic,Lehigh,134767,6-3,"6'3""",75.0,74.73,"6'3""",-0.27,plays_at_height,74.73,"6'3""",-0.27,plays_at_height
2026,Caleb Thomas,Lehigh,134768,5-10,"5'10""",70.0,73.78,"6'2""",3.78,plays_taller,73.78,"6'2""",3.78,plays_taller
2026,Eric Chatfield Jr,Georgia Tech,134770,5-11,"5'11""",71.0,75.13,"6'3""",4.13,plays_taller,75.13,"6'3""",4.13,plays_taller
2026,Corey Caulker,East Carolina,134775,6-0,"6'0""",72.0,73.67,"6'2""",1.67,plays_taller,73.67,"6'2""",1.67,plays_taller
2026,Creighton Morisch,Austin Peay,134777,6-10,"6'10""",82.0,77.16,"6'5""",-4.84,plays_shorter,77.16,"6'5""",-4.84,plays_shorter
2026,Kai Shinholster,Minnesota,134778,6-5,"6'5""",77.0,76.3,"6'4""",-0.7,plays_at_height,76.3,"6'4""",-0.7,plays_at_height
2026,Aiden Miller,IU Indy,134779,6-8,"6'8""",80.0,77.21,"6'5""",-2.79,plays_shorter,77.21,"6'5""",-2.79,plays_shorter
2026,Jaden Vance,UC San Diego,134781,6-6,"6'6""",78.0,77.76,"6'6""",-0.24,plays_at_height,77.76,"6'6""",-0.24,plays_at_height
2026,Filip Petkovski,Tennessee Martin,134783,6-5,"6'5""",77.0,75.33,"6'3""",-1.67,plays_shorter,75.33,"6'3""",-1.67,plays_shorter
2026,Hudson Mayes,UC San Diego,134784,6-5,"6'5""",77.0,79.09,"6'7""",2.09,plays_taller,79.09,"6'7""",2.09,plays_taller
2026,Sananda Fru,Louisville,134791,6-11,"6'11""",83.0,84.91,"7'1""",1.91,plays_taller,84.91,"7'1""",1.91,plays_taller
2026,Buddy Hammer Jr.,North Texas,134792,6-7,"6'7""",79.0,80.31,"6'8""",1.31,plays_taller,80.31,"6'8""",1.31,plays_taller
2026,Nyk Lewis,VCU,134793,6-1,"6'1""",73.0,76.84,"6'5""",3.84,plays_taller,76.84,"6'5""",3.84,plays_taller
2026,Dorian Hayes,UTSA,134794,6-5,"6'5""",77.0,73.23,"6'1""",-3.77,plays_shorter,73.23,"6'1""",-3.77,plays_shorter
2026,Brent Moss,UTSA,134795,6-6,"6'6""",78.0,76.6,"6'5""",-1.4,plays_shorter,76.6,"6'5""",-1.4,plays_shorter
2026,Kaidon Rayfield,UTSA,134796,6-8,"6'8""",80.0,78.62,"6'7""",-1.38,plays_shorter,78.62,"6'7""",-1.38,plays_shorter
2026,Matheo Coffi,UTSA,134797,6-8,"6'8""",80.0,79.01,"6'7""",-0.99,plays_shorter,79.01,"6'7""",-0.99,plays_shorter
2026,Ayuba Bryant Jr.,Temple,134798,6-9,"6'9""",81.0,78.37,"6'6""",-2.63,plays_shorter,78.37,"6'6""",-2.63,plays_shorter
2026,Jalen Stokes,UC Davis,134800,6-5,"6'5""",77.0,77.96,"6'6""",0.96,plays_taller,77.96,"6'6""",0.96,plays_taller
2026,Abdou Yadd,Sacred Heart,134811,6-9,"6'9""",81.0,75.55,"6'4""",-5.45,plays_shorter,75.55,"6'4""",-5.45,plays_shorter
2026,Nehikhare Igiehon,Houston Christian,134818,6-7,"6'7""",79.0,78.94,"6'7""",-0.06,plays_at_height,78.94,"6'7""",-0.06,plays_at_height
2026,Preist Ryan,Cleveland St.,134820,6-6,"6'6""",78.0,77.23,"6'5""",-0.77,plays_shorter,77.23,"6'5""",-0.77,plays_shorter
2026,William Henderson,Alcorn St.,134823,6-10,"6'10""",82.0,76.39,"6'4""",-5.61,plays_shorter,76.39,"6'4""",-5.61,plays_shorter
2026,Tayeshaun Smith,Western Carolina,134824,6-7,"6'7""",79.0,78.28,"6'6""",-0.72,plays_at_height,78.28,"6'6""",-0.72,plays_at_height
2026,Samuel Dada,Western Carolina,134825,6-9,"6'9""",81.0,81.76,"6'10""",0.76,plays_taller,81.76,"6'10""",0.76,plays_taller
2026,Andrew Henderson,UC Riverside,134828,6-5,"6'5""",77.0,76.85,"6'5""",-0.15,plays_at_height,76.85,"6'5""",-0.15,plays_at_height
2026,Zyier Beverly,Binghamton,134832,6-9,"6'9""",81.0,81.21,"6'9""",0.21,plays_at_height,81.21,"6'9""",0.21,plays_at_height
2026,Kohl Rosario,Kansas,134833,6-5,"6'5""",77.0,77.82,"6'6""",0.82,plays_taller,77.82,"6'6""",0.82,plays_taller
2026,Kaden Brown,Southern Indiana,134835,6-0,"6'0""",72.0,74.56,"6'3""",2.56,plays_taller,74.56,"6'3""",2.56,plays_taller
2026,Adrien Stevens,Marquette,134837,6-4,"6'4""",76.0,76.31,"6'4""",0.31,plays_at_height,76.31,"6'4""",0.31,plays_at_height
2026,Danny Carbuccia,Massachusetts,134840,5-11,"5'11""",71.0,74.49,"6'2""",3.49,plays_taller,74.49,"6'2""",3.49,plays_taller
2026,Dimitri Clerc,Massachusetts,134841,6-10,"6'10""",82.0,80.72,"6'9""",-1.28,plays_shorter,80.72,"6'9""",-1.28,plays_shorter
2026,Mark Lavrenov,Sacramento St.,134844,6-8,"6'8""",80.0,78.66,"6'7""",-1.34,plays_shorter,78.66,"6'7""",-1.34,plays_shorter
2026,Derek Dixon,North Carolina,134845,6-5,"6'5""",77.0,74.18,"6'2""",-2.82,plays_shorter,74.18,"6'2""",-2.82,plays_shorter
2026,Douglas Langford,San Jose St.,134853,6-7,"6'7""",79.0,79.21,"6'7""",0.21,plays_at_height,79.21,"6'7""",0.21,plays_at_height
2026,Japhet Moupadele,San Jose St.,134854,6-8,"6'8""",80.0,77.28,"6'5""",-2.72,plays_shorter,77.28,"6'5""",-2.72,plays_shorter
2026,Tyler Koenig,Coppin St.,134855,6-9,"6'9""",81.0,79.08,"6'7""",-1.92,plays_shorter,79.08,"6'7""",-1.92,plays_shorter
2026,Gabriel Ferreira,Radford,134856,6-10,"6'10""",82.0,79.11,"6'7""",-2.89,plays_shorter,79.11,"6'7""",-2.89,plays_shorter
2026,Frederik Erichsen,Radford,134857,6-9,"6'9""",81.0,78.0,"6'6""",-3.0,plays_shorter,78.0,"6'6""",-3.0,plays_shorter
2026,Tijan Saine Jr.,Weber St.,134860,5-10,"5'10""",70.0,74.78,"6'3""",4.78,plays_taller,74.78,"6'3""",4.78,plays_taller
2026,Devon Kobi Pearson,Texas A&M Corpus Chris,134862,6-8,"6'8""",80.0,79.01,"6'7""",-0.99,plays_shorter,79.01,"6'7""",-0.99,plays_shorter
2026,Bryson Wheatfall,Texas A&M Corpus Chris,134863,6-4,"6'4""",76.0,77.39,"6'5""",1.39,plays_taller,77.39,"6'5""",1.39,plays_taller
2026,Melian Martinez,Louisiana Tech,134864,7-0,"7'0""",84.0,84.23,"7'0""",0.23,plays_at_height,84.23,"7'0""",0.23,plays_at_height
2026,Lewis Rowe,Incarnate Word,134865,6-10,"6'10""",82.0,76.05,"6'4""",-5.95,plays_shorter,76.05,"6'4""",-5.95,plays_shorter
2026,Tyler Bike,New Hampshire,134866,5-10,"5'10""",70.0,73.59,"6'2""",3.59,plays_taller,73.59,"6'2""",3.59,plays_taller
2026,Jordan Gorecki,Texas Southern,134868,6-10,"6'10""",82.0,81.19,"6'9""",-0.81,plays_shorter,81.19,"6'9""",-0.81,plays_shorter
2026,Anthony Andrews,Texas Southern,134869,6-7,"6'7""",79.0,75.84,"6'4""",-3.16,plays_shorter,75.84,"6'4""",-3.16,plays_shorter
2026,Ahmed Nedal Abdelrahman,Texas Southern,134870,6-6,"6'6""",78.0,73.01,"6'1""",-4.99,plays_shorter,73.01,"6'1""",-4.99,plays_shorter
2026,Jamias Ferere,Gardner Webb,134874,6-6,"6'6""",78.0,76.83,"6'5""",-1.17,plays_shorter,76.83,"6'5""",-1.17,plays_shorter
2026,Spence Sims,Gardner Webb,134875,6-1,"6'1""",73.0,73.59,"6'2""",0.59,plays_at_height,73.59,"6'2""",0.59,plays_at_height
2026,London Maiden,Detroit Mercy,134876,6-8,"6'8""",80.0,78.13,"6'6""",-1.87,plays_shorter,78.13,"6'6""",-1.87,plays_shorter
2026,Najai Hines,Seton Hall,134877,6-10,"6'10""",82.0,85.88,"7'2""",3.88,plays_taller,85.88,"7'2""",3.88,plays_taller
2026,Jayden Taylor,Delaware,134879,6-8,"6'8""",80.0,78.74,"6'7""",-1.26,plays_shorter,78.74,"6'7""",-1.26,plays_shorter
2026,Antonio Chandler,Siena,134880,6-6,"6'6""",78.0,80.86,"6'9""",2.86,plays_taller,80.86,"6'9""",2.86,plays_taller
2026,Uriah Tenette,New Mexico,134882,5-10,"5'10""",70.0,76.83,"6'5""",6.83,plays_taller,76.83,"6'5""",6.83,plays_taller
2026,Leroy Blyden Jr.,Toledo,134883,6-1,"6'1""",73.0,76.52,"6'5""",3.52,plays_taller,76.52,"6'5""",3.52,plays_taller
2026,Ramel Bethea,Green Bay,134885,6-9,"6'9""",81.0,82.82,"6'11""",1.82,plays_taller,82.82,"6'11""",1.82,plays_taller
2026,Kam Sanders,Air Force,134886,6-3,"6'3""",75.0,75.67,"6'4""",0.67,plays_at_height,75.67,"6'4""",0.67,plays_at_height
2026,Maruan Cicic,Green Bay,134887,7-0,"7'0""",84.0,77.36,"6'5""",-6.64,plays_shorter,77.36,"6'5""",-6.64,plays_shorter
2026,Lucas Hobin,Air Force,134889,6-8,"6'8""",80.0,74.84,"6'3""",-5.16,plays_shorter,74.84,"6'3""",-5.16,plays_shorter
2026,Duce Paschal,Weber St.,134894,6-5,"6'5""",77.0,76.5,"6'4""",-0.5,plays_at_height,76.5,"6'4""",-0.5,plays_at_height
2026,ArDarius Grayson,Weber St.,134895,6-1,"6'1""",73.0,74.56,"6'3""",1.56,plays_taller,74.56,"6'3""",1.56,plays_taller
2026,Hayden Assemian,South Carolina,134897,6-6,"6'6""",78.0,80.76,"6'9""",2.76,plays_taller,80.76,"6'9""",2.76,plays_taller
2026,Cameron Williams,Portland,134898,6-8,"6'8""",80.0,78.02,"6'6""",-1.98,plays_shorter,78.02,"6'6""",-1.98,plays_shorter
2026,Isaac Finlinson,Hawaii,134899,6-8,"6'8""",80.0,77.7,"6'6""",-2.3,plays_shorter,77.7,"6'6""",-2.3,plays_shorter
2026,Jhei-R Jones,William & Mary,134900,6-0,"6'0""",72.0,75.44,"6'3""",3.44,plays_taller,75.44,"6'3""",3.44,plays_taller
2026,Enzo Boudouma,New Orleans,134901,6-9,"6'9""",81.0,76.18,"6'4""",-4.82,plays_shorter,76.18,"6'4""",-4.82,plays_shorter
2026,Dante Censori-Hercules,Portland,134902,6-7,"6'7""",79.0,78.5,"6'7""",-0.5,plays_at_height,78.5,"6'7""",-0.5,plays_at_height
2026,Jikari Johnson,Chattanooga,134903,6-4,"6'4""",76.0,77.08,"6'5""",1.08,plays_taller,77.08,"6'5""",1.08,plays_taller
2026,Grant Kepley,Montana,134905,6-4,"6'4""",76.0,75.32,"6'3""",-0.68,plays_at_height,75.32,"6'3""",-0.68,plays_at_height
2026,Richard Amaefule,Grambling St.,134906,6-9,"6'9""",81.0,74.93,"6'3""",-6.07,plays_shorter,74.93,"6'3""",-6.07,plays_shorter
2026,Jaquias Franklin,Charleston Southern,134907,6-1,"6'1""",73.0,74.01,"6'2""",1.01,plays_taller,74.01,"6'2""",1.01,plays_taller
2026,Christian Jones,Long Beach St.,134909,6-4,"6'4""",76.0,77.43,"6'5""",1.43,plays_taller,77.43,"6'5""",1.43,plays_taller
2026,Leopold Levillain,Long Beach St.,134910,6-9,"6'9""",81.0,80.27,"6'8""",-0.73,plays_at_height,80.27,"6'8""",-0.73,plays_at_height
2026,Stephen Williams,South Alabama,134913,6-9,"6'9""",81.0,82.45,"6'10""",1.45,plays_taller,82.45,"6'10""",1.45,plays_taller
2026,Shon Tupuola,Valparaiso,134916,6-10,"6'10""",82.0,81.85,"6'10""",-0.15,plays_at_height,81.85,"6'10""",-0.15,plays_at_height
2026,Curtis Williams,Gardner Webb,134917,6-6,"6'6""",78.0,75.92,"6'4""",-2.08,plays_shorter,75.92,"6'4""",-2.08,plays_shorter
2026,Levi Beckwith,Maryland Eastern Shore,134918,6-7,"6'7""",79.0,76.65,"6'5""",-2.35,plays_shorter,76.65,"6'5""",-2.35,plays_shorter
2026,Trey Brown,Maryland Eastern Shore,134919,6-7,"6'7""",79.0,76.1,"6'4""",-2.9,plays_shorter,76.1,"6'4""",-2.9,plays_shorter
2026,Dylan Purnell,Cal St. Bakersfield,134922,6-5,"6'5""",77.0,77.24,"6'5""",0.24,plays_at_height,77.24,"6'5""",0.24,plays_at_height
2026,Caleb Smith,Rider,134925,6-5,"6'5""",77.0,77.24,"6'5""",0.24,plays_at_height,77.24,"6'5""",0.24,plays_at_height
2026,Jalik Dunkley,Nicholls St.,134927,6-7,"6'7""",79.0,81.17,"6'9""",2.17,plays_taller,81.17,"6'9""",2.17,plays_taller
2026,Jamir McNeil,Rider,134928,6-0,"6'0""",72.0,74.05,"6'2""",2.05,plays_taller,74.05,"6'2""",2.05,plays_taller
2026,AB Coulibaly,Rider,134929,6-5,"6'5""",77.0,76.38,"6'4""",-0.62,plays_at_height,76.38,"6'4""",-0.62,plays_at_height
2026,Kristupas Kepezinskas,Rider,134930,6-0,"6'0""",72.0,73.91,"6'2""",1.91,plays_taller,73.91,"6'2""",1.91,plays_taller
2026,Peitok Machar,McNeese St.,134933,6-10,"6'10""",82.0,81.85,"6'10""",-0.15,plays_at_height,81.85,"6'10""",-0.15,plays_at_height
2026,JP Dragas,IU Indy,134934,6-0,"6'0""",72.0,74.46,"6'2""",2.46,plays_taller,74.46,"6'2""",2.46,plays_taller
2026,Justin Allen,Green Bay,134935,6-4,"6'4""",76.0,76.85,"6'5""",0.85,plays_taller,76.85,"6'5""",0.85,plays_taller
2026,Gregory Lawson,Eastern Michigan,134936,6-3,"6'3""",75.0,73.3,"6'1""",-1.7,plays_shorter,73.3,"6'1""",-1.7,plays_shorter
2026,Antwan Wilson,Rider,134937,6-5,"6'5""",77.0,76.4,"6'4""",-0.6,plays_at_height,76.4,"6'4""",-0.6,plays_at_height
2026,David Jevtic,Fairleigh Dickinson,134946,6-8,"6'8""",80.0,76.78,"6'5""",-3.22,plays_shorter,76.78,"6'5""",-3.22,plays_shorter
2026,Ras Elijah Godbolt,Fairleigh Dickinson,134947,6-0,"6'0""",72.0,73.31,"6'1""",1.31,plays_taller,73.31,"6'1""",1.31,plays_taller
2026,Jaquan Womack,Towson,134948,6-6,"6'6""",78.0,78.26,"6'6""",0.26,plays_at_height,78.26,"6'6""",0.26,plays_at_height
2026,Trey McKenney,Michigan,134950,6-4,"6'4""",76.0,76.37,"6'4""",0.37,plays_at_height,76.37,"6'4""",0.37,plays_at_height
2026,Anthony Smith lll,North Dakota,134952,6-1,"6'1""",73.0,75.28,"6'3""",2.28,plays_taller,75.28,"6'3""",2.28,plays_taller
2026,Marley Curtis,North Dakota,134953,6-8,"6'8""",80.0,76.51,"6'5""",-3.49,plays_shorter,76.51,"6'5""",-3.49,plays_shorter
2026,Dante Allen,Miami FL,134955,6-4,"6'4""",76.0,76.84,"6'5""",0.84,plays_taller,76.84,"6'5""",0.84,plays_taller
2026,Joseph Scott,Abilene Christian,134960,6-9,"6'9""",81.0,79.43,"6'7""",-1.57,plays_shorter,79.43,"6'7""",-1.57,plays_shorter
2026,Matt Able,N.C. State,134964,6-6,"6'6""",78.0,77.54,"6'6""",-0.46,plays_at_height,77.54,"6'6""",-0.46,plays_at_height
2026,Wes Enis,South Florida,134966,6-2,"6'2""",74.0,74.88,"6'3""",0.88,plays_taller,74.88,"6'3""",0.88,plays_taller
2026,Chris Kumu,Canisius,134967,6-4,"6'4""",76.0,75.37,"6'3""",-0.63,plays_at_height,75.37,"6'3""",-0.63,plays_at_height
2026,Logan Applegate,The Citadel,134968,6-2,"6'2""",74.0,75.4,"6'3""",1.4,plays_taller,75.4,"6'3""",1.4,plays_taller
2026,Cayden Boozer,Duke,134969,6-4,"6'4""",76.0,76.78,"6'5""",0.78,plays_taller,76.78,"6'5""",0.78,plays_taller
2026,Nikolas Khamenia,Duke,134970,6-8,"6'8""",80.0,77.68,"6'6""",-2.32,plays_shorter,77.68,"6'6""",-2.32,plays_shorter
2026,Cameron Boozer,Duke,134971,6-9,"6'9""",81.0,83.17,"6'11""",2.17,plays_taller,83.17,"6'11""",2.17,plays_taller
2026,Jabri Fitzpatrick,New Haven,134975,6-2,"6'2""",74.0,77.0,"6'5""",3.0,plays_taller,77.0,"6'5""",3.0,plays_taller
2026,Trey Cady,North Florida,134976,6-8,"6'8""",80.0,76.48,"6'4""",-3.52,plays_shorter,76.48,"6'4""",-3.52,plays_shorter
2026,Przemek Hartman,Louisiana Monroe,134978,6-9,"6'9""",81.0,76.03,"6'4""",-4.97,plays_shorter,76.03,"6'4""",-4.97,plays_shorter
2026,Tounde Yessoufou,Baylor,134985,6-5,"6'5""",77.0,79.04,"6'7""",2.04,plays_taller,79.04,"6'7""",2.04,plays_taller
2026,Preston Edmead,Hofstra,134986,6-1,"6'1""",73.0,74.91,"6'3""",1.91,plays_taller,74.91,"6'3""",1.91,plays_taller
2026,Troy Glover II,Bowling Green,134987,6-10,"6'10""",82.0,82.48,"6'10""",0.48,plays_at_height,82.48,"6'10""",0.48,plays_at_height
2026,Denis Badalau,Rutgers,134988,6-9,"6'9""",81.0,75.87,"6'4""",-5.13,plays_shorter,75.87,"6'4""",-5.13,plays_shorter
2026,Armari Carraway,Charleston Southern,134989,6-0,"6'0""",72.0,73.39,"6'1""",1.39,plays_taller,73.39,"6'1""",1.39,plays_taller
2026,Christopher Nwuli,Rutgers,134990,6-8,"6'8""",80.0,77.54,"6'6""",-2.46,plays_shorter,77.54,"6'6""",-2.46,plays_shorter
2026,Davian Brown,Montana St.,134993,6-3,"6'3""",75.0,75.45,"6'3""",0.45,plays_at_height,75.45,"6'3""",0.45,plays_at_height
2026,Ahamed Mohammed,Stephen F. Austin,134997,6-1,"6'1""",73.0,75.03,"6'3""",2.03,plays_taller,75.03,"6'3""",2.03,plays_taller
2026,Cayden Charles,St. Bonaventure,134998,6-3,"6'3""",75.0,78.2,"6'6""",3.2,plays_taller,78.2,"6'6""",3.2,plays_taller
2026,Damian Garcia,East Texas A&M,135001,6-5,"6'5""",77.0,76.65,"6'5""",-0.35,plays_at_height,76.65,"6'5""",-0.35,plays_at_height
2026,Tahlan Pettway,Western Carolina,135004,6-2,"6'2""",74.0,74.15,"6'2""",0.15,plays_at_height,74.15,"6'2""",0.15,plays_at_height
2026,Semetri (TT) Carr,California,135006,6-0,"6'0""",72.0,76.89,"6'5""",4.89,plays_taller,76.89,"6'5""",4.89,plays_taller
2026,Chris Dockery,UMKC,135008,6-6,"6'6""",78.0,78.68,"6'7""",0.68,plays_at_height,78.68,"6'7""",0.68,plays_at_height
2026,Isiah Harwell,Houston,135010,6-6,"6'6""",78.0,77.68,"6'6""",-0.32,plays_at_height,77.68,"6'6""",-0.32,plays_at_height
2026,Brandon Russell,Saint Francis,135015,6-5,"6'5""",77.0,74.13,"6'2""",-2.87,plays_shorter,74.13,"6'2""",-2.87,plays_shorter
2026,Eric Dibami,FIU,135018,6-10,"6'10""",82.0,81.21,"6'9""",-0.79,plays_shorter,81.21,"6'9""",-0.79,plays_shorter
2026,Will Ashford,Central Michigan,135020,6-5,"6'5""",77.0,74.91,"6'3""",-2.09,plays_shorter,74.91,"6'3""",-2.09,plays_shorter
2026,Jerry Easter II,USC,135022,6-5,"6'5""",77.0,77.55,"6'6""",0.55,plays_at_height,77.55,"6'6""",0.55,plays_at_height
2026,Chance Trujillo,Utah Tech,135023,6-4,"6'4""",76.0,75.54,"6'4""",-0.46,plays_at_height,75.54,"6'4""",-0.46,plays_at_height
2026,Jamal Chretien II,New Orleans,135024,6-6,"6'6""",78.0,74.95,"6'3""",-3.05,plays_shorter,74.95,"6'3""",-3.05,plays_shorter
2026,Davion Cunningham,Morehead St.,135027,6-3,"6'3""",75.0,76.73,"6'5""",1.73,plays_taller,76.73,"6'5""",1.73,plays_taller
2026,Luke Moore,Central Arkansas,135028,6-2,"6'2""",74.0,75.25,"6'3""",1.25,plays_taller,75.25,"6'3""",1.25,plays_taller
2026,Melvin Bell Jr.,San Jose St.,135030,6-4,"6'4""",76.0,76.75,"6'5""",0.75,plays_taller,76.75,"6'5""",0.75,plays_taller
2026,Davis White,Cal St. Fullerton,135032,6-5,"6'5""",77.0,74.8,"6'3""",-2.2,plays_shorter,74.8,"6'3""",-2.2,plays_shorter
2026,Isaiah Sherrard,Georgia St.,135033,6-7,"6'7""",79.0,76.16,"6'4""",-2.84,plays_shorter,76.16,"6'4""",-2.84,plays_shorter
2026,Lateef Patrick Jr,Stephen F. Austin,135035,6-2,"6'2""",74.0,76.1,"6'4""",2.1,plays_taller,76.1,"6'4""",2.1,plays_taller
2026,Gediminas Alisas,Stephen F. Austin,135038,6-6,"6'6""",78.0,76.67,"6'5""",-1.33,plays_shorter,76.67,"6'5""",-1.33,plays_shorter
2026,Max Jusianiec,Canisius,135040,6-7,"6'7""",79.0,75.84,"6'4""",-3.16,plays_shorter,75.84,"6'4""",-3.16,plays_shorter
2026,Straton Rogers,Eastern Washington,135042,6-5,"6'5""",77.0,78.17,"6'6""",1.17,plays_taller,78.17,"6'6""",1.17,plays_taller
2026,Christian Oliver,Morgan St.,135043,6-10,"6'10""",82.0,78.13,"6'6""",-3.87,plays_shorter,78.13,"6'6""",-3.87,plays_shorter
2026,Rickey Mitchell Jr.,Bethune Cookman,135044,6-4,"6'4""",76.0,74.66,"6'3""",-1.34,plays_shorter,74.66,"6'3""",-1.34,plays_shorter
2026,Jaden Henderson,Cal St. Fullerton,135045,6-3,"6'3""",75.0,76.29,"6'4""",1.29,plays_taller,76.29,"6'4""",1.29,plays_taller
2026,Jafeth Martinez,USC Upstate,135046,6-9,"6'9""",81.0,83.2,"6'11""",2.2,plays_taller,83.2,"6'11""",2.2,plays_taller
2026,Kruz McClure,DePaul,135047,6-6,"6'6""",78.0,75.11,"6'3""",-2.89,plays_shorter,75.11,"6'3""",-2.89,plays_shorter
2026,Harrison Beauchamp,Central Arkansas,135049,6-5,"6'5""",77.0,74.59,"6'3""",-2.41,plays_shorter,74.59,"6'3""",-2.41,plays_shorter
2026,Isaiah Campbell-Finch,Samford,135056,6-0,"6'0""",72.0,74.3,"6'2""",2.3,plays_taller,74.3,"6'2""",2.3,plays_taller
2026,Taj Thweatt,Coppin St.,135058,6-7,"6'7""",79.0,78.09,"6'6""",-0.91,plays_shorter,78.09,"6'6""",-0.91,plays_shorter
2026,Tony Williams,Fairfield,135060,6-1,"6'1""",73.0,73.99,"6'2""",0.99,plays_taller,73.99,"6'2""",0.99,plays_taller
2026,Cole Bowser,Furman,135067,6-6,"6'6""",78.0,78.1,"6'6""",0.1,plays_at_height,78.1,"6'6""",0.1,plays_at_height
2026,Alex Wilkins,Furman,135068,6-5,"6'5""",77.0,75.43,"6'3""",-1.57,plays_shorter,75.43,"6'3""",-1.57,plays_shorter
2026,Collin O'Neal,Furman,135069,6-4,"6'4""",76.0,75.49,"6'3""",-0.51,plays_at_height,75.49,"6'3""",-0.51,plays_at_height
2026,Cedric Taylor III,Howard,135072,6-7,"6'7""",79.0,79.8,"6'8""",0.8,plays_taller,79.8,"6'8""",0.8,plays_taller
2026,Omari Witherspoon,Pittsburgh,135074,6-4,"6'4""",76.0,76.91,"6'5""",0.91,plays_taller,76.91,"6'5""",0.91,plays_taller
2026,Legend Smiley,San Francisco,135075,6-5,"6'5""",77.0,75.82,"6'4""",-1.18,plays_shorter,75.82,"6'4""",-1.18,plays_shorter
2026,Trent Sisley,Indiana,135079,6-8,"6'8""",80.0,78.45,"6'6""",-1.55,plays_shorter,78.45,"6'6""",-1.55,plays_shorter
2026,Demariontay Hall,Coppin St.,135083,6-7,"6'7""",79.0,79.92,"6'8""",0.92,plays_taller,79.92,"6'8""",0.92,plays_taller
2026,Donte Tisinger Jr.,Boston University,135085,6-3,"6'3""",75.0,74.63,"6'3""",-0.37,plays_at_height,74.63,"6'3""",-0.37,plays_at_height
2026,Caleb Van De Griend,Idaho St.,135086,6-8,"6'8""",80.0,82.13,"6'10""",2.13,plays_taller,82.13,"6'10""",2.13,plays_taller
2026,Cyril Obasogie,Delaware St.,135087,6-5,"6'5""",77.0,79.53,"6'8""",2.53,plays_taller,79.53,"6'8""",2.53,plays_taller
2026,KJ Martin Jr.,Tulsa,135093,6-8,"6'8""",80.0,76.33,"6'4""",-3.67,plays_shorter,76.33,"6'4""",-3.67,plays_shorter
2026,Raúl Villar,Charlotte,135095,6-3,"6'3""",75.0,76.32,"6'4""",1.32,plays_taller,76.32,"6'4""",1.32,plays_taller
2026,Tama Isaac,UC Irvine,135099,6-2,"6'2""",74.0,75.22,"6'3""",1.22,plays_taller,75.22,"6'3""",1.22,plays_taller
2026,Nes Emeneke,UC Irvine,135102,6-10,"6'10""",82.0,81.15,"6'9""",-0.85,plays_shorter,81.15,"6'9""",-0.85,plays_shorter
2026,Alijah Arenas,USC,135103,6-6,"6'6""",78.0,75.8,"6'4""",-2.2,plays_shorter,75.8,"6'4""",-2.2,plays_shorter
2026,Arthur Cox,Fairleigh Dickinson,135104,6-8,"6'8""",80.0,76.86,"6'5""",-3.14,plays_shorter,76.86,"6'5""",-3.14,plays_shorter
2026,Alejandro Aviles,San Diego,135108,6-10,"6'10""",82.0,77.93,"6'6""",-4.07,plays_shorter,77.93,"6'6""",-4.07,plays_shorter
2026,Jasir Rencher,Washington,135110,6-5,"6'5""",77.0,79.69,"6'8""",2.69,plays_taller,79.69,"6'8""",2.69,plays_taller
2026,Vuk Boskovic,San Diego,135111,6-7,"6'7""",79.0,77.26,"6'5""",-1.74,plays_shorter,77.26,"6'5""",-1.74,plays_shorter
2026,Darrae Goodwin,San Diego,135112,6-6,"6'6""",78.0,76.61,"6'5""",-1.39,plays_shorter,76.61,"6'5""",-1.39,plays_shorter
2026,Hannes Steinbach,Washington,135114,6-11,"6'11""",83.0,83.07,"6'11""",0.07,plays_at_height,83.07,"6'11""",0.07,plays_at_height
2026,Eli Ellis,South Carolina,135115,6-0,"6'0""",72.0,75.3,"6'3""",3.3,plays_taller,75.3,"6'3""",3.3,plays_taller
2026,Keshawn Fisher,Detroit Mercy,135117,6-7,"6'7""",79.0,77.9,"6'6""",-1.1,plays_shorter,77.9,"6'6""",-1.1,plays_shorter
2026,Xavier Istomin-Monroe,Detroit Mercy,135118,7-1,"7'1""",85.0,78.77,"6'7""",-6.23,plays_shorter,78.77,"6'7""",-6.23,plays_shorter
2026,Ayden Carter,Detroit Mercy,135119,6-5,"6'5""",77.0,77.56,"6'6""",0.56,plays_at_height,77.56,"6'6""",0.56,plays_at_height
2026,Ty Francis,Northeastern,135122,6-7,"6'7""",79.0,78.69,"6'7""",-0.31,plays_at_height,78.69,"6'7""",-0.31,plays_at_height
2026,Joshua Dalton,Loyola Marymount,135123,6-10,"6'10""",82.0,77.43,"6'5""",-4.57,plays_shorter,77.43,"6'5""",-4.57,plays_shorter
2026,Petar Pinter,Northeastern,135124,6-11,"6'11""",83.0,77.53,"6'6""",-5.47,plays_shorter,77.53,"6'6""",-5.47,plays_shorter
2026,Miles Newton,Northeastern,135125,6-3,"6'3""",75.0,75.97,"6'4""",0.97,plays_taller,75.97,"6'4""",0.97,plays_taller
2026,Coen Collier,USC Upstate,135126,7-1,"7'1""",85.0,80.81,"6'9""",-4.19,plays_shorter,80.81,"6'9""",-4.19,plays_shorter
2026,Luke Haupt,New Mexico,135127,6-6,"6'6""",78.0,77.49,"6'5""",-0.51,plays_at_height,77.49,"6'5""",-0.51,plays_at_height
2026,Davius Loury,Cal St. Northridge,135128,6-7,"6'7""",79.0,75.24,"6'3""",-3.76,plays_shorter,75.24,"6'3""",-3.76,plays_shorter
2026,Mihael Tomic,Incarnate Word,135129,6-9,"6'9""",81.0,78.13,"6'6""",-2.87,plays_shorter,78.13,"6'6""",-2.87,plays_shorter
2026,Preston Turner,Eastern Illinois,135130,6-5,"6'5""",77.0,75.44,"6'3""",-1.56,plays_shorter,75.44,"6'3""",-1.56,plays_shorter
2026,Faheim Meran,LIU,135132,6-6,"6'6""",78.0,76.32,"6'4""",-1.68,plays_shorter,76.32,"6'4""",-1.68,plays_shorter
2026,Xavier Hall,Indiana St.,135133,6-0,"6'0""",72.0,74.69,"6'3""",2.69,plays_taller,74.69,"6'3""",2.69,plays_taller
2026,Chiante Tramble,Southern Miss,135136,6-2,"6'2""",74.0,74.59,"6'3""",0.59,plays_at_height,74.59,"6'3""",0.59,plays_at_height
2026,Tylik Weeks,Southern Miss,135137,6-7,"6'7""",79.0,77.92,"6'6""",-1.08,plays_shorter,77.92,"6'6""",-1.08,plays_shorter
2026,Peter Hemschemeier,Southeastern Louisiana,135140,6-5,"6'5""",77.0,73.86,"6'2""",-3.14,plays_shorter,73.86,"6'2""",-3.14,plays_shorter
2026,AJ Thomas,Loyola Marymount,135141,6-4,"6'4""",76.0,76.41,"6'4""",0.41,plays_at_height,76.41,"6'4""",0.41,plays_at_height
2026,Cameron Hiatt,Dartmouth,135144,6-4,"6'4""",76.0,74.64,"6'3""",-1.36,plays_shorter,74.64,"6'3""",-1.36,plays_shorter
2026,Tyler Kropp,Northwestern,135147,6-9,"6'9""",81.0,78.2,"6'6""",-2.8,plays_shorter,78.2,"6'6""",-2.8,plays_shorter
2026,Connor Igoe,Columbia,135148,6-7,"6'7""",79.0,78.41,"6'6""",-0.59,plays_at_height,78.41,"6'6""",-0.59,plays_at_height
2026,CJ Shaw,UC Santa Barbara,135149,6-5,"6'5""",77.0,76.15,"6'4""",-0.85,plays_shorter,76.15,"6'4""",-0.85,plays_shorter
2026,Sebastian Whitfield,Princeton,135151,6-6,"6'6""",78.0,75.34,"6'3""",-2.66,plays_shorter,75.34,"6'3""",-2.66,plays_shorter
2026,Jimel Lane,Grambling St.,135152,6-7,"6'7""",79.0,78.67,"6'7""",-0.33,plays_at_height,78.67,"6'7""",-0.33,plays_at_height
2026,Zyree Collins,Austin Peay,135153,6-0,"6'0""",72.0,75.78,"6'4""",3.78,plays_taller,75.78,"6'4""",3.78,plays_taller
2026,Francis Folefac,Siena,135155,6-7,"6'7""",79.0,80.1,"6'8""",1.1,plays_taller,80.1,"6'8""",1.1,plays_taller
2026,Uzziah Buntyn,South Dakota,135157,6-1,"6'1""",73.0,75.17,"6'3""",2.17,plays_taller,75.17,"6'3""",2.17,plays_taller
2026,Cam Miles,Florida St.,135159,6-2,"6'2""",74.0,75.5,"6'4""",1.5,plays_taller,75.5,"6'4""",1.5,plays_taller
2026,Eddie Cooke III,Robert Morris,135163,6-5,"6'5""",77.0,79.03,"6'7""",2.03,plays_taller,79.03,"6'7""",2.03,plays_taller
2026,Marcus Whitlock,Middle Tennessee,135164,6-2,"6'2""",74.0,76.57,"6'5""",2.57,plays_taller,76.57,"6'5""",2.57,plays_taller
2026,Josiah Shackelford,Bowling Green,135165,6-4,"6'4""",76.0,76.91,"6'5""",0.91,plays_taller,76.91,"6'5""",0.91,plays_taller
2026,Christopher Parker,South Carolina St.,135166,6-5,"6'5""",77.0,78.08,"6'6""",1.08,plays_taller,78.08,"6'6""",1.08,plays_taller
2026,Tim Okojie,South Carolina St.,135167,7-1,"7'1""",85.0,81.16,"6'9""",-3.84,plays_shorter,81.16,"6'9""",-3.84,plays_shorter
2026,Emondrek Erkins-Ford,Jacksonville St.,135172,6-9,"6'9""",81.0,79.37,"6'7""",-1.63,plays_shorter,79.37,"6'7""",-1.63,plays_shorter
2026,Tavaj Cope,New Orleans,135174,6-7,"6'7""",79.0,78.52,"6'7""",-0.48,plays_at_height,78.52,"6'7""",-0.48,plays_at_height
2026,Jacoby Hill,Jacksonville St.,135176,6-4,"6'4""",76.0,77.32,"6'5""",1.32,plays_taller,77.32,"6'5""",1.32,plays_taller
2026,Aleks Alston,Maryland,135180,6-10,"6'10""",82.0,77.78,"6'6""",-4.22,plays_shorter,77.78,"6'6""",-4.22,plays_shorter
2026,Isaiah Malone,Florida Gulf Coast,135181,6-8,"6'8""",80.0,83.67,"7'0""",3.67,plays_taller,83.67,"7'0""",3.67,plays_taller
2026,Guillermo Del Pino,Maryland,135183,6-5,"6'5""",77.0,74.6,"6'3""",-2.4,plays_shorter,74.6,"6'3""",-2.4,plays_shorter
2026,Keeshawn Mason,Prairie View A&M,135186,6-8,"6'8""",80.0,76.84,"6'5""",-3.16,plays_shorter,76.84,"6'5""",-3.16,plays_shorter
2026,MJ Williams,Eastern Kentucky,135189,5-10,"5'10""",70.0,75.44,"6'3""",5.44,plays_taller,75.44,"6'3""",5.44,plays_taller
2026,Aiden Argabright,Richmond,135191,5-11,"5'11""",71.0,75.36,"6'3""",4.36,plays_taller,75.36,"6'3""",4.36,plays_taller
2026,Kiyan Anthony,Syracuse,135192,6-5,"6'5""",77.0,76.12,"6'4""",-0.88,plays_shorter,76.12,"6'4""",-0.88,plays_shorter
2026,Sadiq White Jr.,Syracuse,135194,6-9,"6'9""",81.0,80.98,"6'9""",-0.02,plays_at_height,80.98,"6'9""",-0.02,plays_at_height
2026,Elzie Harrington,San Diego St.,135197,6-5,"6'5""",77.0,75.74,"6'4""",-1.26,plays_shorter,75.74,"6'4""",-1.26,plays_shorter
2026,J'Quan Ewing,Saint Peter's,135198,6-9,"6'9""",81.0,78.77,"6'7""",-2.23,plays_shorter,78.77,"6'7""",-2.23,plays_shorter
2026,Melakih Cunningham,Missouri St.,135200,6-7,"6'7""",79.0,77.4,"6'5""",-1.6,plays_shorter,77.4,"6'5""",-1.6,plays_shorter
2026,Trey Williams Jr,Missouri St.,135201,6-3,"6'3""",75.0,74.39,"6'2""",-0.61,plays_at_height,74.39,"6'2""",-0.61,plays_at_height
2026,Chuck Love III,Loyola Chicago,135202,6-7,"6'7""",79.0,75.91,"6'4""",-3.09,plays_shorter,75.91,"6'4""",-3.09,plays_shorter
2026,Alexander Richardson,Loyola Chicago,135203,6-9,"6'9""",81.0,80.99,"6'9""",-0.01,plays_at_height,80.99,"6'9""",-0.01,plays_at_height
2026,Hassan Washington,Northern Illinois,135206,6-8,"6'8""",80.0,78.53,"6'7""",-1.47,plays_shorter,78.53,"6'7""",-1.47,plays_shorter
2026,Taj Walters,Northern Illinois,135207,6-5,"6'5""",77.0,77.69,"6'6""",0.69,plays_at_height,77.69,"6'6""",0.69,plays_at_height
2026,Trenton Ruth,Stonehill,135211,6-3,"6'3""",75.0,73.95,"6'2""",-1.05,plays_shorter,73.95,"6'2""",-1.05,plays_shorter
2026,Dwayne Williams Jr.,Georgia Southern,135212,6-6,"6'6""",78.0,75.25,"6'3""",-2.75,plays_shorter,75.25,"6'3""",-2.75,plays_shorter
2026,Jayden Williams,Georgia Southern,135217,6-6,"6'6""",78.0,75.41,"6'3""",-2.59,plays_shorter,75.41,"6'3""",-2.59,plays_shorter
2026,Khayri Dunn,Georgia Southern,135218,6-1,"6'1""",73.0,73.94,"6'2""",0.94,plays_taller,73.94,"6'2""",0.94,plays_taller
2026,Isaiah Henderson,Siena,135221,6-6,"6'6""",78.0,74.27,"6'2""",-3.73,plays_shorter,74.27,"6'2""",-3.73,plays_shorter
2026,Preston Copeland,Ball St.,135223,6-9,"6'9""",81.0,80.74,"6'9""",-0.26,plays_at_height,80.74,"6'9""",-0.26,plays_at_height
2026,Seth Amunrud,Montana St.,135226,6-3,"6'3""",75.0,76.79,"6'5""",1.79,plays_taller,76.79,"6'5""",1.79,plays_taller
2026,Acaden Lewis,Villanova,135227,6-2,"6'2""",74.0,76.57,"6'5""",2.57,plays_taller,76.57,"6'5""",2.57,plays_taller
2026,Brody Whitaker,Valparaiso,135229,6-3,"6'3""",75.0,74.8,"6'3""",-0.2,plays_at_height,74.8,"6'3""",-0.2,plays_at_height
2026,Tucker Tornatta,Valparaiso,135230,6-8,"6'8""",80.0,79.26,"6'7""",-0.74,plays_at_height,79.26,"6'7""",-0.74,plays_at_height
2026,Declan Peterson,Western Michigan,135231,6-11,"6'11""",83.0,79.53,"6'8""",-3.47,plays_shorter,79.53,"6'8""",-3.47,plays_shorter
2026,KaiMani Murdock,Lafayette,135232,6-6,"6'6""",78.0,75.71,"6'4""",-2.29,plays_shorter,75.71,"6'4""",-2.29,plays_shorter
2026,Shareef Jackson,Lafayette,135233,6-8,"6'8""",80.0,78.64,"6'7""",-1.36,plays_shorter,78.64,"6'7""",-1.36,plays_shorter
2026,Luke Bevilacqua,Lafayette,135234,6-11,"6'11""",83.0,78.5,"6'7""",-4.5,plays_shorter,78.5,"6'7""",-4.5,plays_shorter
2026,Christian Humphrey-Rembert,Lafayette,135236,6-9,"6'9""",81.0,78.34,"6'6""",-2.66,plays_shorter,78.34,"6'6""",-2.66,plays_shorter
2026,LA Hayes,UTEP,135238,6-5,"6'5""",77.0,77.53,"6'6""",0.53,plays_at_height,77.53,"6'6""",0.53,plays_at_height
2026,Joseph Grahovac,St. Bonaventure,135239,6-10,"6'10""",82.0,80.63,"6'9""",-1.37,plays_shorter,80.63,"6'9""",-1.37,plays_shorter
2026,Ilia Ermakov,St. Bonaventure,135241,6-5,"6'5""",77.0,75.73,"6'4""",-1.27,plays_shorter,75.73,"6'4""",-1.27,plays_shorter
2026,Aiden Goins,Bowling Green,135249,6-9,"6'9""",81.0,75.41,"6'3""",-5.59,plays_shorter,75.41,"6'3""",-5.59,plays_shorter
2026,Mekhi Fitts,Grambling St.,135250,6-7,"6'7""",79.0,79.26,"6'7""",0.26,plays_at_height,79.26,"6'7""",0.26,plays_at_height
2026,Tre Beard,Cleveland St.,135252,5-10,"5'10""",70.0,74.55,"6'3""",4.55,plays_taller,74.55,"6'3""",4.55,plays_taller
2026,Krystian Lewis,Louisiana Monroe,135253,6-3,"6'3""",75.0,75.92,"6'4""",0.92,plays_taller,75.92,"6'4""",0.92,plays_taller
2026,Alex Molofeev,Louisiana Monroe,135255,6-5,"6'5""",77.0,76.1,"6'4""",-0.9,plays_shorter,76.1,"6'4""",-0.9,plays_shorter
2026,Aleksas Bieliauskas,Wisconsin,135260,6-10,"6'10""",82.0,79.0,"6'7""",-3.0,plays_shorter,79.0,"6'7""",-3.0,plays_shorter
2026,Landon Seaman,Cal St. Fullerton,135262,6-8,"6'8""",80.0,77.54,"6'6""",-2.46,plays_shorter,77.54,"6'6""",-2.46,plays_shorter
2026,Sergej Macura,Mississippi St.,135264,6-9,"6'9""",81.0,79.19,"6'7""",-1.81,plays_shorter,79.19,"6'7""",-1.81,plays_shorter
2026,Simeon German,The Citadel,135265,6-10,"6'10""",82.0,79.75,"6'8""",-2.25,plays_shorter,79.75,"6'8""",-2.25,plays_shorter
2026,Dylan Veillette,Merrimack,135266,6-7,"6'7""",79.0,80.07,"6'8""",1.07,plays_taller,80.07,"6'8""",1.07,plays_taller
2026,DaMaryon Fishburn,Cornell,135267,6-5,"6'5""",77.0,77.15,"6'5""",0.15,plays_at_height,77.15,"6'5""",0.15,plays_at_height
2026,Ayomi Odetoyinbo,Colgate,135270,6-10,"6'10""",82.0,82.31,"6'10""",0.31,plays_at_height,82.31,"6'10""",0.31,plays_at_height
2026,Jai’chaunn Hayes,Arkansas Pine Bluff,135271,6-7,"6'7""",79.0,73.85,"6'2""",-5.15,plays_shorter,73.85,"6'2""",-5.15,plays_shorter
2026,Kashie Natt,Sam Houston St.,135272,6-3,"6'3""",75.0,80.37,"6'8""",5.37,plays_taller,80.37,"6'8""",5.37,plays_taller
2026,Chase Dawson,Morehead St.,135273,6-0,"6'0""",72.0,73.66,"6'2""",1.66,plays_taller,73.66,"6'2""",1.66,plays_taller
2026,King Ijeoma,Canisius,135274,6-8,"6'8""",80.0,79.19,"6'7""",-0.81,plays_shorter,79.19,"6'7""",-0.81,plays_shorter
2026,Elijah Parker,Central Connecticut,135275,6-3,"6'3""",75.0,75.55,"6'4""",0.55,plays_at_height,75.55,"6'4""",0.55,plays_at_height
2026,Daniel Etiosa James,Central Connecticut,135276,6-8,"6'8""",80.0,78.46,"6'6""",-1.54,plays_shorter,78.46,"6'6""",-1.54,plays_shorter
2026,Ashton Reynolds,Central Connecticut,135278,6-4,"6'4""",76.0,78.38,"6'6""",2.38,plays_taller,78.38,"6'6""",2.38,plays_taller
2026,Quinton Perkins II,Mercer,135282,6-1,"6'1""",73.0,74.51,"6'3""",1.51,plays_taller,74.51,"6'3""",1.51,plays_taller
2026,Adrean Newton,Norfolk St.,135284,6-0,"6'0""",72.0,74.79,"6'3""",2.79,plays_taller,74.79,"6'3""",2.79,plays_taller
2026,Musa Sagnia,N.C. State,135292,6-10,"6'10""",82.0,80.18,"6'8""",-1.82,plays_shorter,80.18,"6'8""",-1.82,plays_shorter
2026,Jaden Rogers,South Dakota St.,135293,6-5,"6'5""",77.0,78.73,"6'7""",1.73,plays_taller,78.73,"6'7""",1.73,plays_taller
2026,Robert Fields,Texas St.,135295,6-9,"6'9""",81.0,80.69,"6'9""",-0.31,plays_at_height,80.69,"6'9""",-0.31,plays_at_height
2026,DJ Hall,Texas St.,135296,6-7,"6'7""",79.0,79.53,"6'8""",0.53,plays_at_height,79.53,"6'8""",0.53,plays_at_height
2026,Dimp Pernell,Texas St.,135297,6-3,"6'3""",75.0,76.32,"6'4""",1.32,plays_taller,76.32,"6'4""",1.32,plays_taller
2026,Dalton Gayman,North Florida,135299,6-7,"6'7""",79.0,78.23,"6'6""",-0.77,plays_shorter,78.23,"6'6""",-0.77,plays_shorter
2026,Jalen Kampen,Central Michigan,135300,6-3,"6'3""",75.0,74.43,"6'2""",-0.57,plays_at_height,74.43,"6'2""",-0.57,plays_at_height
2026,Nick Mullen,Central Michigan,135301,6-10,"6'10""",82.0,80.04,"6'8""",-1.96,plays_shorter,80.04,"6'8""",-1.96,plays_shorter
2026,Alem Fejzic,Southern Indiana,135304,6-3,"6'3""",75.0,74.67,"6'3""",-0.33,plays_at_height,74.67,"6'3""",-0.33,plays_at_height
2026,Timotej Malovec,Miami FL,135305,6-8,"6'8""",80.0,75.4,"6'3""",-4.6,plays_shorter,75.4,"6'3""",-4.6,plays_shorter
2026,Shane Lancaster,Alcorn St.,135306,6-4,"6'4""",76.0,75.72,"6'4""",-0.28,plays_at_height,75.72,"6'4""",-0.28,plays_at_height
2026,Trae Taylor,Montana,135307,6-9,"6'9""",81.0,78.72,"6'7""",-2.28,plays_shorter,78.72,"6'7""",-2.28,plays_shorter
2026,Jojo Murphy,Seattle,135308,6-2,"6'2""",74.0,76.02,"6'4""",2.02,plays_taller,76.02,"6'4""",2.02,plays_taller
2026,Ethan Duncan,Lipscomb,135309,6-0,"6'0""",72.0,74.66,"6'3""",2.66,plays_taller,74.66,"6'3""",2.66,plays_taller
2026,Ernest Shelton,Merrimack,135312,6-5,"6'5""",77.0,76.01,"6'4""",-0.99,plays_shorter,76.01,"6'4""",-0.99,plays_shorter
2026,AJ Rohosy,Stanford,135313,6-9,"6'9""",81.0,80.07,"6'8""",-0.93,plays_shorter,80.07,"6'8""",-0.93,plays_shorter
2026,Evan Chatman,UAB,135314,6-8,"6'8""",80.0,80.49,"6'8""",0.49,plays_at_height,80.49,"6'8""",0.49,plays_at_height
2026,Ari Gooch,UAB,135315,6-2,"6'2""",74.0,77.01,"6'5""",3.01,plays_taller,77.01,"6'5""",3.01,plays_taller
2026,EJ Horton,North Texas,135316,6-3,"6'3""",75.0,77.76,"6'6""",2.76,plays_taller,77.76,"6'6""",2.76,plays_taller
2026,Makhi Leach,Bowling Green,135318,6-2,"6'2""",74.0,76.1,"6'4""",2.1,plays_taller,76.1,"6'4""",2.1,plays_taller
2026,Gage Lattimore,North Carolina Central,135319,6-2,"6'2""",74.0,75.85,"6'4""",1.85,plays_taller,75.85,"6'4""",1.85,plays_taller
2026,Chandler Bing,Vanderbilt,135320,6-5,"6'5""",77.0,77.58,"6'6""",0.58,plays_at_height,77.58,"6'6""",0.58,plays_at_height
2026,Zane Nelson,Denver,135321,6-4,"6'4""",76.0,75.26,"6'3""",-0.74,plays_at_height,75.26,"6'3""",-0.74,plays_at_height
2026,Vangelis Zougris,Louisville,135324,6-8,"6'8""",80.0,80.18,"6'8""",0.18,plays_at_height,80.18,"6'8""",0.18,plays_at_height
2026,Jamarion Davis-Fleming,Mississippi St.,135325,6-10,"6'10""",82.0,82.32,"6'10""",0.32,plays_at_height,82.32,"6'10""",0.32,plays_at_height
2026,Braxton Williams,The Citadel,135328,6-6,"6'6""",78.0,76.01,"6'4""",-1.99,plays_shorter,76.01,"6'4""",-1.99,plays_shorter
2026,Zacch Wiggins,Old Dominion,135329,6-4,"6'4""",76.0,77.16,"6'5""",1.16,plays_taller,77.16,"6'5""",1.16,plays_taller
2026,Elijah Duval,Southern Utah,135334,6-3,"6'3""",75.0,77.18,"6'5""",2.18,plays_taller,77.18,"6'5""",2.18,plays_taller
2026,Cale Barclay,Southern Utah,135335,6-8,"6'8""",80.0,76.98,"6'5""",-3.02,plays_shorter,76.98,"6'5""",-3.02,plays_shorter
2026,Reggie Prudhomme,Niagara,135337,6-0,"6'0""",72.0,74.19,"6'2""",2.19,plays_taller,74.19,"6'2""",2.19,plays_taller
2026,Adam Harakow,Wyoming,135338,6-7,"6'7""",79.0,76.32,"6'4""",-2.68,plays_shorter,76.32,"6'4""",-2.68,plays_shorter
2026,Jeremy Dent-Smith,Stanford,135339,6-1,"6'1""",73.0,74.45,"6'2""",1.45,plays_taller,74.45,"6'2""",1.45,plays_taller
2026,Nathan Claerbaut,Central Michigan,135340,7-0,"7'0""",84.0,80.57,"6'9""",-3.43,plays_shorter,80.57,"6'9""",-3.43,plays_shorter
2026,Jailen Daniel-Dalton,UC Riverside,135344,6-6,"6'6""",78.0,78.11,"6'6""",0.11,plays_at_height,78.11,"6'6""",0.11,plays_at_height
2026,Kenyon Aguino,Montana,135346,6-7,"6'7""",79.0,78.16,"6'6""",-0.84,plays_shorter,78.16,"6'6""",-0.84,plays_shorter
2026,Amir Taylor,Kennesaw St.,135347,6-9,"6'9""",81.0,78.68,"6'7""",-2.32,plays_shorter,78.68,"6'7""",-2.32,plays_shorter
2026,Myles Parker,Marist,135353,6-8,"6'8""",80.0,77.81,"6'6""",-2.19,plays_shorter,77.81,"6'6""",-2.19,plays_shorter
2026,Filip Jovic,Auburn,135354,6-8,"6'8""",80.0,80.74,"6'9""",0.74,plays_at_height,80.74,"6'9""",0.74,plays_at_height
2026,Kaden Magwood,Auburn,135356,6-2,"6'2""",74.0,75.12,"6'3""",1.12,plays_taller,75.12,"6'3""",1.12,plays_taller
2026,Keziah Ekissi,Oregon St.,135358,6-3,"6'3""",75.0,75.13,"6'3""",0.13,plays_at_height,75.13,"6'3""",0.13,plays_at_height
2026,Emmanuel Kanga,George Mason,135362,6-9,"6'9""",81.0,83.3,"6'11""",2.3,plays_taller,83.3,"6'11""",2.3,plays_taller
2026,Devin Booker,George Mason,135363,6-4,"6'4""",76.0,75.89,"6'4""",-0.11,plays_at_height,75.89,"6'4""",-0.11,plays_at_height
2026,Jalen Haynes,Southern Illinois,135366,6-4,"6'4""",76.0,77.46,"6'5""",1.46,plays_taller,77.46,"6'5""",1.46,plays_taller
2026,Bashir N'Galang,Maine,135370,6-3,"6'3""",75.0,76.59,"6'5""",1.59,plays_taller,76.59,"6'5""",1.59,plays_taller
2026,Christian Brown,James Madison,135372,6-8,"6'8""",80.0,83.15,"6'11""",3.15,plays_taller,83.15,"6'11""",3.15,plays_taller
2026,Jalen Reece,LSU,135378,6-0,"6'0""",72.0,74.46,"6'2""",2.46,plays_taller,74.46,"6'2""",2.46,plays_taller
2026,Jack Smiley,Belmont,135381,6-2,"6'2""",74.0,75.75,"6'4""",1.75,plays_taller,75.75,"6'4""",1.75,plays_taller
2026,Cameron Johnson,Mercyhurst,135382,6-5,"6'5""",77.0,76.47,"6'4""",-0.53,plays_at_height,76.47,"6'4""",-0.53,plays_at_height
2026,Zy Wright,Abilene Christian,135383,6-5,"6'5""",77.0,76.84,"6'5""",-0.16,plays_at_height,76.84,"6'5""",-0.16,plays_at_height
2026,DJ Armstrong,UMBC,135384,6-4,"6'4""",76.0,76.47,"6'4""",0.47,plays_at_height,76.47,"6'4""",0.47,plays_at_height
2026,Malachi Moreno,Kentucky,135386,7-0,"7'0""",84.0,83.84,"7'0""",-0.16,plays_at_height,83.84,"7'0""",-0.16,plays_at_height
2026,Andrija Jelavic,Kentucky,135388,6-11,"6'11""",83.0,79.7,"6'8""",-3.3,plays_shorter,79.7,"6'8""",-3.3,plays_shorter
2026,Jasper Johnson,Kentucky,135389,6-5,"6'5""",77.0,75.54,"6'4""",-1.46,plays_shorter,75.54,"6'4""",-1.46,plays_shorter
2026,Gavin Hightower,South Florida,135390,6-1,"6'1""",73.0,76.48,"6'4""",3.48,plays_taller,76.48,"6'4""",3.48,plays_taller
2026,Adriel Nyorha,South Florida,135392,6-5,"6'5""",77.0,76.0,"6'4""",-1.0,plays_shorter,76.0,"6'4""",-1.0,plays_shorter
2026,Jalen StClair,Delaware St.,135393,5-11,"5'11""",71.0,74.48,"6'2""",3.48,plays_taller,74.48,"6'2""",3.48,plays_taller
2026,Judson Bjornstad,Samford,135395,6-8,"6'8""",80.0,77.06,"6'5""",-2.94,plays_shorter,77.06,"6'5""",-2.94,plays_shorter
2026,Jalin Holland,Colorado,135397,6-5,"6'5""",77.0,77.64,"6'6""",0.64,plays_at_height,77.64,"6'6""",0.64,plays_at_height
2026,Josiah Sanders,Colorado,135399,6-5,"6'5""",77.0,77.18,"6'5""",0.18,plays_at_height,77.18,"6'5""",0.18,plays_at_height
2026,Dane Christensen,UT Rio Grande Valley,135400,6-7,"6'7""",79.0,76.67,"6'5""",-2.33,plays_shorter,76.67,"6'5""",-2.33,plays_shorter
2026,Julien Gomez,UT Rio Grande Valley,135402,6-2,"6'2""",74.0,76.11,"6'4""",2.11,plays_taller,76.11,"6'4""",2.11,plays_taller
2026,Braylon Mullins,Connecticut,135403,6-6,"6'6""",78.0,76.96,"6'5""",-1.04,plays_shorter,76.96,"6'5""",-1.04,plays_shorter
2026,Ty'Reek Coleman,Illinois St.,135406,6-2,"6'2""",74.0,77.0,"6'5""",3.0,plays_taller,77.0,"6'5""",3.0,plays_taller
2026,Jared Turner,Old Dominion,135407,6-8,"6'8""",80.0,76.29,"6'4""",-3.71,plays_shorter,76.29,"6'4""",-3.71,plays_shorter
2026,Obomate Abbey,Utah,135408,6-0,"6'0""",72.0,74.32,"6'2""",2.32,plays_taller,74.32,"6'2""",2.32,plays_taller
2026,Mathis Courbon,Murray St.,135410,6-6,"6'6""",78.0,76.81,"6'5""",-1.19,plays_shorter,76.81,"6'5""",-1.19,plays_shorter
2026,Elijah Perryman,Utah St.,135413,6-2,"6'2""",74.0,77.02,"6'5""",3.02,plays_taller,77.02,"6'5""",3.02,plays_taller
2026,Adlan Elamin,Utah St.,135415,6-9,"6'9""",81.0,78.96,"6'7""",-2.04,plays_shorter,78.96,"6'7""",-2.04,plays_shorter
2026,Ian Platteeuw,Davidson,135417,7-0,"7'0""",84.0,79.53,"6'8""",-4.47,plays_shorter,79.53,"6'8""",-4.47,plays_shorter
2026,Devin Brown,Davidson,135419,6-6,"6'6""",78.0,77.35,"6'5""",-0.65,plays_at_height,77.35,"6'5""",-0.65,plays_at_height
2026,Dorion Staples,Maryland Eastern Shore,135420,6-8,"6'8""",80.0,76.08,"6'4""",-3.92,plays_shorter,76.08,"6'4""",-3.92,plays_shorter
2026,Luka Vudragovic,Pepperdine,135424,6-6,"6'6""",78.0,75.14,"6'3""",-2.86,plays_shorter,75.14,"6'3""",-2.86,plays_shorter
2026,J.R. Leonard,Stetson,135425,6-4,"6'4""",76.0,74.5,"6'2""",-1.5,plays_shorter,74.5,"6'2""",-1.5,plays_shorter
2026,Jake Johnson,Stetson,135426,6-5,"6'5""",77.0,75.31,"6'3""",-1.69,plays_shorter,75.31,"6'3""",-1.69,plays_shorter
2026,Sean Morgan,Stetson,135427,6-2,"6'2""",74.0,74.29,"6'2""",0.29,plays_at_height,74.29,"6'2""",0.29,plays_at_height
2026,Calvin Sirmans III,Stetson,135429,5-8,"5'8""",68.0,74.43,"6'2""",6.43,plays_taller,74.43,"6'2""",6.43,plays_taller
2026,Justin Hawkins,Niagara,135430,6-7,"6'7""",79.0,76.79,"6'5""",-2.21,plays_shorter,76.79,"6'5""",-2.21,plays_shorter
2026,David Mirkovic,Illinois,135431,6-9,"6'9""",81.0,78.72,"6'7""",-2.28,plays_shorter,78.72,"6'7""",-2.28,plays_shorter
2026,Leo Beath,UC San Diego,135435,6-8,"6'8""",80.0,77.81,"6'6""",-2.19,plays_shorter,77.81,"6'6""",-2.19,plays_shorter
2026,Shawn Nelson,Northern Kentucky,135436,6-4,"6'4""",76.0,76.38,"6'4""",0.38,plays_at_height,76.38,"6'4""",0.38,plays_at_height
2026,Cougar Downing,UMBC,135437,6-2,"6'2""",74.0,74.29,"6'2""",0.29,plays_at_height,74.29,"6'2""",0.29,plays_at_height
2026,JJ Harper,Liberty,135438,6-5,"6'5""",77.0,79.26,"6'7""",2.26,plays_taller,79.26,"6'7""",2.26,plays_taller
2026,Andres Burney,Georgia Southern,135439,6-9,"6'9""",81.0,79.82,"6'8""",-1.18,plays_shorter,79.82,"6'8""",-1.18,plays_shorter
2026,Tavarus Webb,Georgia Southern,135445,6-4,"6'4""",76.0,77.54,"6'6""",1.54,plays_taller,77.54,"6'6""",1.54,plays_taller
2026,Collin Parker,Austin Peay,135446,6-8,"6'8""",80.0,78.05,"6'6""",-1.95,plays_shorter,78.05,"6'6""",-1.95,plays_shorter
2026,Rex Stirling,Wofford,135447,6-8,"6'8""",80.0,77.22,"6'5""",-2.78,plays_shorter,77.22,"6'5""",-2.78,plays_shorter
2026,Kyler D'Augustino,IU Indy,135449,6-1,"6'1""",73.0,75.33,"6'3""",2.33,plays_taller,75.33,"6'3""",2.33,plays_taller
2026,Nasir Meyer,Wyoming,135451,6-7,"6'7""",79.0,76.65,"6'5""",-2.35,plays_shorter,76.65,"6'5""",-2.35,plays_shorter
2026,Simm Saadi,Wyoming,135452,6-9,"6'9""",81.0,75.56,"6'4""",-5.44,plays_shorter,75.56,"6'4""",-5.44,plays_shorter
2026,Filip Brankovic,UT Rio Grande Valley,135455,6-6,"6'6""",78.0,77.44,"6'5""",-0.56,plays_at_height,77.44,"6'5""",-0.56,plays_at_height
2026,Kevair Kennedy,Merrimack,135456,6-2,"6'2""",74.0,77.56,"6'6""",3.56,plays_taller,77.56,"6'6""",3.56,plays_taller
2026,Trey Simpson,Kennesaw St.,135460,6-8,"6'8""",80.0,78.93,"6'7""",-1.07,plays_shorter,78.93,"6'7""",-1.07,plays_shorter
2026,Jordan Lowery,UT Arlington,135461,6-1,"6'1""",73.0,74.84,"6'3""",1.84,plays_taller,74.84,"6'3""",1.84,plays_taller
2026,Samuel Obenjo,Robert Morris,135462,6-10,"6'10""",82.0,78.06,"6'6""",-3.94,plays_shorter,78.06,"6'6""",-3.94,plays_shorter
2026,Darius Washington III,Kennesaw St.,135463,6-5,"6'5""",77.0,75.58,"6'4""",-1.42,plays_shorter,75.58,"6'4""",-1.42,plays_shorter
2026,Bahsil Laster,UT Arlington,135464,6-4,"6'4""",76.0,77.32,"6'5""",1.32,plays_taller,77.32,"6'5""",1.32,plays_taller
2026,Xavier Edmonds,TCU,135465,6-8,"6'8""",80.0,82.04,"6'10""",2.04,plays_taller,82.04,"6'10""",2.04,plays_taller
2026,TJ Robinson,Saint Peter's,135466,6-4,"6'4""",76.0,75.98,"6'4""",-0.02,plays_at_height,75.98,"6'4""",-0.02,plays_at_height
2026,Jahki Gupton,Saint Peter's,135467,6-7,"6'7""",79.0,79.47,"6'7""",0.47,plays_at_height,79.47,"6'7""",0.47,plays_at_height
2026,Bol Agu,Saint Peter's,135468,6-8,"6'8""",80.0,77.76,"6'6""",-2.24,plays_shorter,77.76,"6'6""",-2.24,plays_shorter
2026,Brayden Shorter,Murray St.,135472,6-5,"6'5""",77.0,76.23,"6'4""",-0.77,plays_shorter,76.23,"6'4""",-0.77,plays_shorter
2026,Martins Kilups,Oral Roberts,135473,6-4,"6'4""",76.0,76.2,"6'4""",0.2,plays_at_height,76.2,"6'4""",0.2,plays_at_height
2026,Cal Furnish,Oral Roberts,135474,5-10,"5'10""",70.0,75.36,"6'3""",5.36,plays_taller,75.36,"6'3""",5.36,plays_taller
2026,Jacob Walker,Sam Houston St.,135477,6-1,"6'1""",73.0,75.12,"6'3""",2.12,plays_taller,75.12,"6'3""",2.12,plays_taller
2026,Matt Dann,Sam Houston St.,135478,7-0,"7'0""",84.0,81.27,"6'9""",-2.73,plays_shorter,81.27,"6'9""",-2.73,plays_shorter
2026,Alex McCray,East Texas A&M,135479,6-1,"6'1""",73.0,76.25,"6'4""",3.25,plays_taller,76.25,"6'4""",3.25,plays_taller
2026,Bryson Calamese,Alcorn St.,135481,6-0,"6'0""",72.0,74.44,"6'2""",2.44,plays_taller,74.44,"6'2""",2.44,plays_taller
2026,Mike Jones,Alcorn St.,135482,6-6,"6'6""",78.0,79.42,"6'7""",1.42,plays_taller,79.42,"6'7""",1.42,plays_taller
2026,Kevin Anthony,Lindenwood,135487,6-10,"6'10""",82.0,78.29,"6'6""",-3.71,plays_shorter,78.29,"6'6""",-3.71,plays_shorter
2026,Nelson Lamizana,Coppin St.,135488,6-9,"6'9""",81.0,77.26,"6'5""",-3.74,plays_shorter,77.26,"6'5""",-3.74,plays_shorter
2026,Jamari Piercy,Coppin St.,135489,6-5,"6'5""",77.0,77.31,"6'5""",0.31,plays_at_height,77.31,"6'5""",0.31,plays_at_height
2026,Roor Akhuar,Fordham,135490,6-7,"6'7""",79.0,78.34,"6'6""",-0.66,plays_at_height,78.34,"6'6""",-0.66,plays_at_height
2026,Riley Massey,North Dakota St.,135492,6-3,"6'3""",75.0,75.48,"6'3""",0.48,plays_at_height,75.48,"6'3""",0.48,plays_at_height
2026,Trevian Carson,North Dakota St.,135494,6-3,"6'3""",75.0,78.6,"6'7""",3.6,plays_taller,78.6,"6'7""",3.6,plays_taller
2026,Patrick Punch,Mississippi Valley St.,135497,6-4,"6'4""",76.0,75.03,"6'3""",-0.97,plays_shorter,75.03,"6'3""",-0.97,plays_shorter
2026,Noah Meeusen,Arizona St.,135503,6-5,"6'5""",77.0,76.17,"6'4""",-0.83,plays_shorter,76.17,"6'4""",-0.83,plays_shorter
2026,Bryce Quinet,Evansville,135504,6-3,"6'3""",75.0,74.44,"6'2""",-0.56,plays_at_height,74.44,"6'2""",-0.56,plays_at_height
2026,Leif Moeller,Evansville,135505,6-7,"6'7""",79.0,76.1,"6'4""",-2.9,plays_shorter,76.1,"6'4""",-2.9,plays_shorter
2026,Joseph Locandro,Maryland Eastern Shore,135507,6-9,"6'9""",81.0,76.75,"6'5""",-4.25,plays_shorter,76.75,"6'5""",-4.25,plays_shorter
2026,Tristan Smith,Northern Iowa,135508,6-6,"6'6""",78.0,80.83,"6'9""",2.83,plays_taller,80.83,"6'9""",2.83,plays_taller
2026,Jaylen Petty,Texas Tech,135511,6-1,"6'1""",73.0,76.14,"6'4""",3.14,plays_taller,76.14,"6'4""",3.14,plays_taller
2026,Chaze Harris,South Alabama,135515,6-6,"6'6""",78.0,78.54,"6'7""",0.54,plays_at_height,78.54,"6'7""",0.54,plays_at_height
2026,Tomislav Buljan,New Mexico,135516,6-9,"6'9""",81.0,83.92,"7'0""",2.92,plays_taller,83.92,"7'0""",2.92,plays_taller
2026,Cahmai Crosby,North Texas,135519,6-3,"6'3""",75.0,74.64,"6'3""",-0.36,plays_at_height,74.64,"6'3""",-0.36,plays_at_height
2026,Tasman Goodrick,Siena,135520,6-10,"6'10""",82.0,81.48,"6'9""",-0.52,plays_at_height,81.48,"6'9""",-0.52,plays_at_height
2026,Maximo Ortega,Wofford,135522,6-2,"6'2""",74.0,75.44,"6'3""",1.44,plays_taller,75.44,"6'3""",1.44,plays_taller
2026,Kade Sebastian,American,135524,6-4,"6'4""",76.0,75.99,"6'4""",-0.01,plays_at_height,75.99,"6'4""",-0.01,plays_at_height
2026,Brian Sumpter,Wofford,135526,6-8,"6'8""",80.0,80.74,"6'9""",0.74,plays_at_height,80.74,"6'9""",0.74,plays_at_height
2026,Griffen Goodbary,Drake,135527,6-10,"6'10""",82.0,78.32,"6'6""",-3.68,plays_shorter,78.32,"6'6""",-3.68,plays_shorter
2026,Alton Hamilton IV,Eastern Washington,135531,6-8,"6'8""",80.0,79.55,"6'8""",-0.45,plays_at_height,79.55,"6'8""",-0.45,plays_at_height
2026,Johnny Radford,Eastern Washington,135532,6-1,"6'1""",73.0,74.75,"6'3""",1.75,plays_taller,74.75,"6'3""",1.75,plays_taller
2026,CJ Larry,Northwestern St.,135535,6-3,"6'3""",75.0,74.28,"6'2""",-0.72,plays_at_height,74.28,"6'2""",-0.72,plays_at_height
2026,Moustapha Loum,Northwestern St.,135536,6-10,"6'10""",82.0,79.14,"6'7""",-2.86,plays_shorter,79.14,"6'7""",-2.86,plays_shorter
2026,Kordrick Turner,Northwestern St.,135537,6-6,"6'6""",78.0,77.11,"6'5""",-0.89,plays_shorter,77.11,"6'5""",-0.89,plays_shorter
2026,Brock Scholl,Nebraska Omaha,135539,6-8,"6'8""",80.0,79.53,"6'8""",-0.47,plays_at_height,79.53,"6'8""",-0.47,plays_at_height
2026,JD Bowden,Presbyterian,135541,6-1,"6'1""",73.0,73.43,"6'1""",0.43,plays_at_height,73.43,"6'1""",0.43,plays_at_height
2026,Amare Bynum,Ohio St.,135542,6-8,"6'8""",80.0,80.38,"6'8""",0.38,plays_at_height,80.38,"6'8""",0.38,plays_at_height
2026,Kaden Rickard,Kennesaw St.,135546,6-6,"6'6""",78.0,76.37,"6'4""",-1.63,plays_shorter,76.37,"6'4""",-1.63,plays_shorter
2026,Daniel Mayfield,Mississippi Valley St.,135547,6-8,"6'8""",80.0,78.2,"6'6""",-1.8,plays_shorter,78.2,"6'6""",-1.8,plays_shorter
2026,Landon King,UNC Greensboro,135549,6-1,"6'1""",73.0,75.24,"6'3""",2.24,plays_taller,75.24,"6'3""",2.24,plays_taller
2026,Kellen Pickett,Wright St.,135550,6-9,"6'9""",81.0,80.97,"6'9""",-0.03,plays_at_height,80.97,"6'9""",-0.03,plays_at_height
2026,Michael Cooper,Wright St.,135552,6-3,"6'3""",75.0,75.14,"6'3""",0.14,plays_at_height,75.14,"6'3""",0.14,plays_at_height
2026,Daniel Akoue,Bryant,135553,6-11,"6'11""",83.0,80.88,"6'9""",-2.12,plays_shorter,80.88,"6'9""",-2.12,plays_shorter
2026,Mynor Strong,Toledo,135554,6-3,"6'3""",75.0,75.46,"6'3""",0.46,plays_at_height,75.46,"6'3""",0.46,plays_at_height
2026,Josh Bowman,Chattanooga,135557,6-9,"6'9""",81.0,80.45,"6'8""",-0.55,plays_at_height,80.45,"6'8""",-0.55,plays_at_height
2026,Tate Darner,Chattanooga,135558,6-4,"6'4""",76.0,76.73,"6'5""",0.73,plays_at_height,76.73,"6'5""",0.73,plays_at_height
2026,Yuval Levin,Purdue Fort Wayne,135559,6-8,"6'8""",80.0,77.1,"6'5""",-2.9,plays_shorter,77.1,"6'5""",-2.9,plays_shorter
2026,Courtland Muldrew,Washington,135560,6-3,"6'3""",75.0,76.58,"6'5""",1.58,plays_taller,76.58,"6'5""",1.58,plays_taller
2026,Elijah Kelly,Longwood,135561,6-7,"6'7""",79.0,76.43,"6'4""",-2.57,plays_shorter,76.43,"6'4""",-2.57,plays_shorter
2026,Derrick Talton Jr,Buffalo,135565,5-10,"5'10""",70.0,75.08,"6'3""",5.08,plays_taller,75.08,"6'3""",5.08,plays_taller
2026,Andy Johnson,Illinois Chicago,135571,6-6,"6'6""",78.0,76.01,"6'4""",-1.99,plays_shorter,76.01,"6'4""",-1.99,plays_shorter
2026,Rashund Washington Jr,Illinois Chicago,135572,6-5,"6'5""",77.0,79.77,"6'8""",2.77,plays_taller,79.77,"6'8""",2.77,plays_taller
2026,Zander Carter,Liberty,135576,6-6,"6'6""",78.0,76.48,"6'4""",-1.52,plays_shorter,76.48,"6'4""",-1.52,plays_shorter
2026,X’Zaevion Barnett,Mississippi Valley St.,135577,6-2,"6'2""",74.0,76.18,"6'4""",2.18,plays_taller,76.18,"6'4""",2.18,plays_taller
2026,Michael James,Mississippi Valley St.,135579,6-1,"6'1""",73.0,75.59,"6'4""",2.59,plays_taller,75.59,"6'4""",2.59,plays_taller
2026,Tyrone Iroghama,Mississippi Valley St.,135580,6-8,"6'8""",80.0,78.25,"6'6""",-1.75,plays_shorter,78.25,"6'6""",-1.75,plays_shorter
2026,Jaeden Roberts,Hofstra,135581,6-3,"6'3""",75.0,75.69,"6'4""",0.69,plays_at_height,75.69,"6'4""",0.69,plays_at_height
2026,Ashton Walker,La Salle,135582,6-5,"6'5""",77.0,75.67,"6'4""",-1.33,plays_shorter,75.67,"6'4""",-1.33,plays_shorter
2026,Johann Grünloh,Virginia,135586,7-0,"7'0""",84.0,83.81,"7'0""",-0.19,plays_at_height,83.81,"7'0""",-0.19,plays_at_height
2026,Jamaria Clark,UMKC,135590,6-2,"6'2""",74.0,73.45,"6'1""",-0.55,plays_at_height,73.45,"6'1""",-0.55,plays_at_height
2026,CJ Evans,UMKC,135591,5-11,"5'11""",71.0,74.51,"6'3""",3.51,plays_taller,74.51,"6'3""",3.51,plays_taller
2026,Mike Williams,Jackson St.,135593,6-2,"6'2""",74.0,74.21,"6'2""",0.21,plays_at_height,74.21,"6'2""",0.21,plays_at_height
2026,Kedrick Simmons,Jackson St.,135595,6-6,"6'6""",78.0,76.87,"6'5""",-1.13,plays_shorter,76.87,"6'5""",-1.13,plays_shorter
2026,Karmello Branch,UMKC,135596,6-4,"6'4""",76.0,75.11,"6'3""",-0.89,plays_shorter,75.11,"6'3""",-0.89,plays_shorter
2026,Trey Booker-Lowery,UMKC,135597,6-7,"6'7""",79.0,76.57,"6'5""",-2.43,plays_shorter,76.57,"6'5""",-2.43,plays_shorter
2026,Kobe Butler,Jackson St.,135598,6-7,"6'7""",79.0,77.06,"6'5""",-1.94,plays_shorter,77.06,"6'5""",-1.94,plays_shorter
2026,Micah Tucker,Georgia St.,135599,6-3,"6'3""",75.0,75.34,"6'3""",0.34,plays_at_height,75.34,"6'3""",0.34,plays_at_height
2026,Austin Williford,Saint Joseph's,135600,6-4,"6'4""",76.0,77.33,"6'5""",1.33,plays_taller,77.33,"6'5""",1.33,plays_taller
2026,Jalen Haralson,Notre Dame,135601,6-7,"6'7""",79.0,78.53,"6'7""",-0.47,plays_at_height,78.53,"6'7""",-0.47,plays_at_height
2026,Brady Koehler,Notre Dame,135602,6-10,"6'10""",82.0,79.85,"6'8""",-2.15,plays_shorter,79.85,"6'8""",-2.15,plays_shorter
2026,Luke Williams,Charleston Southern,135611,6-0,"6'0""",72.0,74.56,"6'3""",2.56,plays_taller,74.56,"6'3""",2.56,plays_taller
2026,Elijah Davis,Morgan St.,135612,6-1,"6'1""",73.0,74.96,"6'3""",1.96,plays_taller,74.96,"6'3""",1.96,plays_taller
2026,Cam Carroll,Rice,135613,6-2,"6'2""",74.0,75.73,"6'4""",1.73,plays_taller,75.73,"6'4""",1.73,plays_taller
2026,Jake Hall,New Mexico,135616,6-4,"6'4""",76.0,75.18,"6'3""",-0.82,plays_shorter,75.18,"6'3""",-0.82,plays_shorter
2026,Kennedy Okpara,Lipscomb,135617,6-8,"6'8""",80.0,78.45,"6'6""",-1.55,plays_shorter,78.45,"6'6""",-1.55,plays_shorter
2026,Ruben Dominguez,Texas A&M,135622,6-6,"6'6""",78.0,75.0,"6'3""",-3.0,plays_shorter,75.0,"6'3""",-3.0,plays_shorter
2026,Jabrion Spikes,Tennessee St.,135626,6-2,"6'2""",74.0,75.4,"6'3""",1.4,plays_taller,75.4,"6'3""",1.4,plays_taller
2026,Michael Simcoe,UC Santa Barbara,135627,6-8,"6'8""",80.0,78.27,"6'6""",-1.73,plays_shorter,78.27,"6'6""",-1.73,plays_shorter
2026,Yaak Yaak,Oregon St.,135628,6-11,"6'11""",83.0,78.81,"6'7""",-4.19,plays_shorter,78.81,"6'7""",-4.19,plays_shorter
2026,Isaac Taveras,Southern Miss,135629,6-5,"6'5""",77.0,79.6,"6'8""",2.6,plays_taller,79.6,"6'8""",2.6,plays_taller
2026,Ty Tabales,Bryant,135630,6-2,"6'2""",74.0,73.93,"6'2""",-0.07,plays_at_height,73.93,"6'2""",-0.07,plays_at_height
2026,Gio Sanford,Bryant,135631,6-4,"6'4""",76.0,75.82,"6'4""",-0.18,plays_at_height,75.82,"6'4""",-0.18,plays_at_height
2026,"Ashley Sims, II",Bryant,135632,6-8,"6'8""",80.0,77.42,"6'5""",-2.58,plays_shorter,77.42,"6'5""",-2.58,plays_shorter
2026,Lennart Weber,Bryant,135633,6-8,"6'8""",80.0,75.78,"6'4""",-4.22,plays_shorter,75.78,"6'4""",-4.22,plays_shorter
2026,Timofei Rudovskii,Bryant,135635,6-9,"6'9""",81.0,77.27,"6'5""",-3.73,plays_shorter,77.27,"6'5""",-3.73,plays_shorter
2026,Ryan Bartley,Houston Christian,135637,6-6,"6'6""",78.0,76.44,"6'4""",-1.56,plays_shorter,76.44,"6'4""",-1.56,plays_shorter
2026,Zee Hamoda,Nicholls St.,135639,6-7,"6'7""",79.0,77.32,"6'5""",-1.68,plays_shorter,77.32,"6'5""",-1.68,plays_shorter
2026,Rayniel Wright,South Carolina St.,137636,6-1,"6'1""",73.0,75.08,"6'3""",2.08,plays_taller,75.08,"6'3""",2.08,plays_taller
2026,"Owen Bronston, Jr.",South Carolina St.,137646,6-6,"6'6""",78.0,75.17,"6'3""",-2.83,plays_shorter,75.17,"6'3""",-2.83,plays_shorter
2026,Antonio Baker,Florida A&M,137659,6-3,"6'3""",75.0,77.02,"6'5""",2.02,plays_taller,77.02,"6'5""",2.02,plays_taller
2026,Darius Acuff Jr.,Arkansas,137661,6-3,"6'3""",75.0,76.4,"6'4""",1.4,plays_taller,76.4,"6'4""",1.4,plays_taller
2026,Brycen Blaine,Charleston Southern,143654,6-5,"6'5""",77.0,76.6,"6'5""",-0.4,plays_at_height,76.6,"6'5""",-0.4,plays_at_height
2026,Bo Barber,Gardner Webb,143655,5-10,"5'10""",70.0,74.64,"6'3""",4.64,plays_taller,74.64,"6'3""",4.64,plays_taller
2026,Nikola Dzepina,Washington,143658,6-10,"6'10""",82.0,78.66,"6'7""",-3.34,plays_shorter,78.66,"6'7""",-3.34,plays_shorter
2026,Abdullah Ahmed,BYU,143662,6-3,"6'3""",75.0,81.53,"6'10""",6.53,plays_taller,81.53,"6'10""",6.53,plays_taller
2026,Kirill Elatontsev,Oklahoma,143667,6-11,"6'11""",83.0,78.98,"6'7""",-4.02,plays_shorter,78.98,"6'7""",-4.02,plays_shorter
2026,James Nnaji,Baylor,143669,7-0,"7'0""",84.0,81.44,"6'9""",-2.56,plays_shorter,81.44,"6'9""",-2.56,plays_shorter
2026,Demitri Gardner,East Carolina,143670,6-4,"6'4""",76.0,74.7,"6'3""",-1.3,plays_shorter,74.7,"6'3""",-1.3,plays_shorter
2026,Silas Bennion,South Dakota,143673,6-1,"6'1""",73.0,74.45,"6'2""",1.45,plays_taller,74.45,"6'2""",1.45,plays_taller
2026,Trent Hudgens Jr.,South Dakota,143676,6-1,"6'1""",73.0,74.26,"6'2""",1.26,plays_taller,74.26,"6'2""",1.26,plays_taller
2026,Xzayvion Childress,Mississippi Valley St.,143681,6-0,"6'0""",72.0,74.41,"6'2""",2.41,plays_taller,74.41,"6'2""",2.41,plays_taller
