season,player_name,team,pid,listed_height_raw,listed_height,listed_height_inches,predicted_profile_height_inches,predicted_profile_height,height_delta_inches,height_profile_label,predicted_big_profile_height_inches,predicted_big_profile_height,big_height_delta_inches,big_height_profile_label
2025,Robby Carmody,Le Moyne,65443,6-4,"6'4""",76.0,75.97,"6'4""",-0.03,plays_at_height,75.97,"6'4""",-0.03,plays_at_height
2025,Drue Drinnon,Texas St.,65572,6-0,"6'0""",72.0,73.82,"6'2""",1.82,plays_taller,73.82,"6'2""",1.82,plays_taller
2025,K.J. Hymes,Nevada,65575,6-10,"6'10""",82.0,80.96,"6'9""",-1.04,plays_shorter,80.96,"6'9""",-1.04,plays_shorter
2025,Jack Clark,VCU,65627,6-10,"6'10""",82.0,79.66,"6'8""",-2.34,plays_shorter,79.66,"6'8""",-2.34,plays_shorter
2025,Robert Braswell,Charlotte,65717,6-7,"6'7""",79.0,77.89,"6'6""",-1.11,plays_shorter,77.89,"6'6""",-1.11,plays_shorter
2025,Wynston Tabbs,Morgan St.,65852,6-3,"6'3""",75.0,76.06,"6'4""",1.06,plays_taller,76.06,"6'4""",1.06,plays_taller
2025,Tyrel Bladen,Norfolk St.,65878,6-10,"6'10""",82.0,78.52,"6'7""",-3.48,plays_shorter,78.52,"6'7""",-3.48,plays_shorter
2025,Jerome Hunter,Xavier,65892,6-8,"6'8""",80.0,78.85,"6'7""",-1.15,plays_shorter,78.85,"6'7""",-1.15,plays_shorter
2025,Keenan Fitzmorris,Northwestern,65938,7-0,"7'0""",84.0,80.23,"6'8""",-3.77,plays_shorter,80.23,"6'8""",-3.77,plays_shorter
2025,Kobe Julien,Arkansas St.,66085,6-6,"6'6""",78.0,78.47,"6'6""",0.47,plays_at_height,78.47,"6'6""",0.47,plays_at_height
2025,Messiah Jones,Towson,66286,6-6,"6'6""",78.0,77.99,"6'6""",-0.01,plays_at_height,77.99,"6'6""",-0.01,plays_at_height
2025,Chris Austin,Portland,66400,6-4,"6'4""",76.0,76.66,"6'5""",0.66,plays_at_height,76.66,"6'5""",0.66,plays_at_height
2025,Ebrima Dibba,Cleveland St.,66458,6-6,"6'6""",78.0,75.27,"6'3""",-2.73,plays_shorter,75.27,"6'3""",-2.73,plays_shorter
2025,Neftali Alvarez,Southern Miss,66465,6-2,"6'2""",74.0,75.4,"6'3""",1.4,plays_taller,75.4,"6'3""",1.4,plays_taller
2025,Savion Lewis,Quinnipiac,66493,6-1,"6'1""",73.0,75.12,"6'3""",2.12,plays_taller,75.12,"6'3""",2.12,plays_taller
2025,CJ Fredrick,Cincinnati,66496,6-3,"6'3""",75.0,73.28,"6'1""",-1.72,plays_shorter,73.28,"6'1""",-1.72,plays_shorter
2025,Grayson Carter,Texas Southern,66526,6-10,"6'10""",82.0,78.21,"6'6""",-3.79,plays_shorter,78.21,"6'6""",-3.79,plays_shorter
2025,Colby Rogers,Memphis,70246,6-4,"6'4""",76.0,74.17,"6'2""",-1.83,plays_shorter,74.17,"6'2""",-1.83,plays_shorter
2025,Jeremiah Hernandez,Ball St.,70249,6-5,"6'5""",77.0,76.28,"6'4""",-0.72,plays_at_height,76.28,"6'4""",-0.72,plays_at_height
2025,Miguel Tomley,Weber St.,70262,6-3,"6'3""",75.0,73.88,"6'2""",-1.12,plays_shorter,73.88,"6'2""",-1.12,plays_shorter
2025,Anderson Kopp,UMKC,70278,6-5,"6'5""",77.0,75.69,"6'4""",-1.31,plays_shorter,75.69,"6'4""",-1.31,plays_shorter
2025,Marcus Foster,Xavier,70297,6-5,"6'5""",77.0,77.48,"6'5""",0.48,plays_at_height,77.48,"6'5""",0.48,plays_at_height
2025,Cole Henry,Wyoming,70309,6-9,"6'9""",81.0,78.81,"6'7""",-2.19,plays_shorter,78.81,"6'7""",-2.19,plays_shorter
2025,Doctor Bradley,Arkansas Pine Bluff,70326,6-8,"6'8""",80.0,80.68,"6'9""",0.68,plays_at_height,80.68,"6'9""",0.68,plays_at_height
2025,Alvin Stredic,Mississippi Valley St.,70333,6-8,"6'8""",80.0,76.98,"6'5""",-3.02,plays_shorter,76.98,"6'5""",-3.02,plays_shorter
2025,Jalen Jackson,Western Kentucky,70336,5-11,"5'11""",71.0,75.58,"6'4""",4.58,plays_taller,75.58,"6'4""",4.58,plays_taller
2025,Max Agbonkpolo,Montana St.,70342,6-9,"6'9""",81.0,78.27,"6'6""",-2.73,plays_shorter,78.27,"6'6""",-2.73,plays_shorter
2025,Jalen Hill,UNLV,70364,6-6,"6'6""",78.0,78.54,"6'7""",0.54,plays_at_height,78.54,"6'7""",0.54,plays_at_height
2025,Emmanuel Tshimanga,New Mexico St.,70385,7-0,"7'0""",84.0,80.18,"6'8""",-3.82,plays_shorter,80.18,"6'8""",-3.82,plays_shorter
2025,Ofure Ujadughele,UC Irvine,70388,6-3,"6'3""",75.0,76.23,"6'4""",1.23,plays_taller,76.23,"6'4""",1.23,plays_taller
2025,Robert Carpenter,New Mexico St.,70391,6-7,"6'7""",79.0,79.98,"6'8""",0.98,plays_taller,79.98,"6'8""",0.98,plays_taller
2025,Trevin Knell,BYU,70397,6-5,"6'5""",77.0,75.83,"6'4""",-1.17,plays_shorter,75.83,"6'4""",-1.17,plays_shorter
2025,David Skogman,DePaul,70415,6-10,"6'10""",82.0,79.24,"6'7""",-2.76,plays_shorter,79.24,"6'7""",-2.76,plays_shorter
2025,Mickey Pearson Jr.,Ball St.,70432,6-8,"6'8""",80.0,76.8,"6'5""",-3.2,plays_shorter,76.8,"6'5""",-3.2,plays_shorter
2025,Gibson Jimerson,Saint Louis,70438,6-5,"6'5""",77.0,76.3,"6'4""",-0.7,plays_at_height,76.3,"6'4""",-0.7,plays_at_height
2025,Quinton Morton-Robertson,Purdue Fort Wayne,70478,5-8,"5'8""",68.0,74.44,"6'2""",6.44,plays_taller,74.44,"6'2""",6.44,plays_taller
2025,Chol Marial,San Jose St.,70531,7-2,"7'2""",86.0,81.48,"6'9""",-4.52,plays_shorter,81.48,"6'9""",-4.52,plays_shorter
2025,Keaston Willis,Tulsa,70544,6-3,"6'3""",75.0,75.0,"6'3""",0.0,plays_at_height,75.0,"6'3""",0.0,plays_at_height
2025,Jarred Hyder,Cal Poly,70594,6-3,"6'3""",75.0,74.66,"6'3""",-0.34,plays_at_height,74.66,"6'3""",-0.34,plays_at_height
2025,Brandton Chatfield,Iowa St.,70611,6-10,"6'10""",82.0,80.67,"6'9""",-1.33,plays_shorter,80.67,"6'9""",-1.33,plays_shorter
2025,Ryan Rapp,Hawaii,70617,6-5,"6'5""",77.0,76.51,"6'5""",-0.49,plays_at_height,76.51,"6'5""",-0.49,plays_at_height
2025,Noah Williams,James Madison,70618,6-5,"6'5""",77.0,76.56,"6'5""",-0.44,plays_at_height,76.56,"6'5""",-0.44,plays_at_height
2025,Tylan Pope,Texas St.,70619,6-6,"6'6""",78.0,81.32,"6'9""",3.32,plays_taller,81.32,"6'9""",3.32,plays_taller
2025,Chase Hunter,Clemson,70626,6-3,"6'3""",75.0,77.34,"6'5""",2.34,plays_taller,77.34,"6'5""",2.34,plays_taller
2025,Ken Evans Jr.,Florida Atlantic,70635,6-5,"6'5""",77.0,74.47,"6'2""",-2.53,plays_shorter,74.47,"6'2""",-2.53,plays_shorter
2025,John Buggs III,East Tennessee St.,70648,6-2,"6'2""",74.0,74.1,"6'2""",0.1,plays_at_height,74.1,"6'2""",0.1,plays_at_height
2025,Khalif Battle,Gonzaga,70649,6-5,"6'5""",77.0,77.53,"6'6""",0.53,plays_at_height,77.53,"6'6""",0.53,plays_at_height
2025,Josh Corbin,UNC Wilmington,70660,6-3,"6'3""",75.0,75.12,"6'3""",0.12,plays_at_height,75.12,"6'3""",0.12,plays_at_height
2025,Dante Wilcox,FIU,70661,6-6,"6'6""",78.0,76.79,"6'5""",-1.21,plays_shorter,76.79,"6'5""",-1.21,plays_shorter
2025,Christian Ings,Norfolk St.,70679,6-2,"6'2""",74.0,75.74,"6'4""",1.74,plays_taller,75.74,"6'4""",1.74,plays_taller
2025,Oumar Ballo,Indiana,70681,7-0,"7'0""",84.0,83.85,"7'0""",-0.15,plays_at_height,83.85,"7'0""",-0.15,plays_at_height
2025,Keeshawn Barthelemy,Oregon,70700,6-1,"6'1""",73.0,74.9,"6'3""",1.9,plays_taller,74.9,"6'3""",1.9,plays_taller
2025,Ben Wight,Stony Brook,70701,6-9,"6'9""",81.0,78.06,"6'6""",-2.94,plays_shorter,78.06,"6'6""",-2.94,plays_shorter
2025,Julian Rishwain,UNLV,70713,6-6,"6'6""",78.0,75.44,"6'3""",-2.56,plays_shorter,75.44,"6'3""",-2.56,plays_shorter
2025,Jacob Johnson,Middle Tennessee,70720,6-5,"6'5""",77.0,76.56,"6'5""",-0.44,plays_at_height,76.56,"6'5""",-0.44,plays_at_height
2025,Anthony Selden,Gardner Webb,70731,6-6,"6'6""",78.0,77.68,"6'6""",-0.32,plays_at_height,77.68,"6'6""",-0.32,plays_at_height
2025,Gerald Drumgoole Jr.,George Washington,70737,6-5,"6'5""",77.0,75.83,"6'4""",-1.17,plays_shorter,75.83,"6'4""",-1.17,plays_shorter
2025,Tyem Freeman,Illinois Chicago,70740,6-5,"6'5""",77.0,77.39,"6'5""",0.39,plays_at_height,77.39,"6'5""",0.39,plays_at_height
2025,Ryan Wade,Green Bay,70744,6-2,"6'2""",74.0,73.95,"6'2""",-0.05,plays_at_height,73.95,"6'2""",-0.05,plays_at_height
2025,Nate Lliteras,North Florida,70753,6-6,"6'6""",78.0,78.46,"6'6""",0.46,plays_at_height,78.46,"6'6""",0.46,plays_at_height
2025,Addison Patterson,Northwestern St.,70754,6-7,"6'7""",79.0,78.61,"6'7""",-0.39,plays_at_height,78.61,"6'7""",-0.39,plays_at_height
2025,KyKy Tandy,Florida Atlantic,70756,6-2,"6'2""",74.0,75.0,"6'3""",1.0,plays_taller,75.0,"6'3""",1.0,plays_taller
2025,Jason Murphy,North Carolina A&T,70761,6-8,"6'8""",80.0,79.69,"6'8""",-0.31,plays_at_height,79.69,"6'8""",-0.31,plays_at_height
2025,Josh Cohen,USC,70767,6-10,"6'10""",82.0,78.47,"6'6""",-3.53,plays_shorter,78.47,"6'6""",-3.53,plays_shorter
2025,Dieonte Miles,Morehead St.,70769,7-0,"7'0""",84.0,79.66,"6'8""",-4.34,plays_shorter,79.66,"6'8""",-4.34,plays_shorter
2025,Sabry Philip,Stony Brook,70786,6-4,"6'4""",76.0,76.02,"6'4""",0.02,plays_at_height,76.02,"6'4""",0.02,plays_at_height
2025,Rick Issanza,Loyola Marymount,70789,7-1,"7'1""",85.0,81.56,"6'10""",-3.44,plays_shorter,81.56,"6'10""",-3.44,plays_shorter
2025,Miles Jones,UNC Greensboro,70816,6-6,"6'6""",78.0,78.22,"6'6""",0.22,plays_at_height,78.22,"6'6""",0.22,plays_at_height
2025,Emmanuel Kuac,Detroit Mercy,70832,6-7,"6'7""",79.0,78.15,"6'6""",-0.85,plays_shorter,78.15,"6'6""",-0.85,plays_shorter
2025,Omar Croskey,South Carolina St.,70841,6-6,"6'6""",78.0,77.58,"6'6""",-0.42,plays_at_height,77.58,"6'6""",-0.42,plays_at_height
2025,Zach Freemantle,Xavier,70861,6-9,"6'9""",81.0,80.55,"6'9""",-0.45,plays_at_height,80.55,"6'9""",-0.45,plays_at_height
2025,Romelle Mansel,Jackson St.,70896,6-9,"6'9""",81.0,80.62,"6'9""",-0.38,plays_at_height,80.62,"6'9""",-0.38,plays_at_height
2025,DK Thorn,UT Rio Grande Valley,70922,6-4,"6'4""",76.0,76.22,"6'4""",0.22,plays_at_height,76.22,"6'4""",0.22,plays_at_height
2025,Juwan Gary,Nebraska,70929,6-6,"6'6""",78.0,79.03,"6'7""",1.03,plays_taller,79.03,"6'7""",1.03,plays_taller
2025,PJ Fuller II,Cal St. Northridge,70934,6-4,"6'4""",76.0,76.38,"6'4""",0.38,plays_at_height,76.38,"6'4""",0.38,plays_at_height
2025,Diante Smith,UT Arlington,70942,6-7,"6'7""",79.0,76.28,"6'4""",-2.72,plays_shorter,76.28,"6'4""",-2.72,plays_shorter
2025,Taryn Todd,Arkansas St.,70943,6-5,"6'5""",77.0,77.86,"6'6""",0.86,plays_taller,77.86,"6'6""",0.86,plays_taller
2025,Dontaie Allen,Wyoming,70945,6-6,"6'6""",78.0,76.52,"6'5""",-1.48,plays_shorter,76.52,"6'5""",-1.48,plays_shorter
2025,Mylik Wilson,Houston,70955,6-3,"6'3""",75.0,80.14,"6'8""",5.14,plays_taller,80.14,"6'8""",5.14,plays_taller
2025,Micah Thomas,Northwestern St.,70961,6-0,"6'0""",72.0,73.78,"6'2""",1.78,plays_taller,73.78,"6'2""",1.78,plays_taller
2025,Michael Christmas,Longwood,70978,6-6,"6'6""",78.0,76.62,"6'5""",-1.38,plays_shorter,76.62,"6'5""",-1.38,plays_shorter
2025,Rashaun Agee,USC,71003,6-8,"6'8""",80.0,81.02,"6'9""",1.02,plays_taller,81.02,"6'9""",1.02,plays_taller
2025,Brice Williams,Nebraska,71018,6-7,"6'7""",79.0,77.56,"6'6""",-1.44,plays_shorter,77.56,"6'6""",-1.44,plays_shorter
2025,Kadin Shedrick,Texas,71056,6-11,"6'11""",83.0,83.34,"6'11""",0.34,plays_at_height,83.34,"6'11""",0.34,plays_at_height
2025,K'mani Doughty,Indiana St.,71088,6-5,"6'5""",77.0,76.99,"6'5""",-0.01,plays_at_height,76.99,"6'5""",-0.01,plays_at_height
2025,Dajuan Harris Jr.,Kansas,71093,6-2,"6'2""",74.0,76.36,"6'4""",2.36,plays_taller,76.36,"6'4""",2.36,plays_taller
2025,Ethan Brittain-Watts,Ball St.,71112,6-1,"6'1""",73.0,74.25,"6'2""",1.25,plays_taller,74.25,"6'2""",1.25,plays_taller
2025,Brandon Newman,Oklahoma St.,71117,6-5,"6'5""",77.0,76.85,"6'5""",-0.15,plays_at_height,76.85,"6'5""",-0.15,plays_at_height
2025,Jared Coleman-Jones,San Diego St.,71160,6-10,"6'10""",82.0,78.88,"6'7""",-3.12,plays_shorter,78.88,"6'7""",-3.12,plays_shorter
2025,Austin Johnson,Long Beach St.,71208,6-9,"6'9""",81.0,79.2,"6'7""",-1.8,plays_shorter,79.2,"6'7""",-1.8,plays_shorter
2025,Noah Waterman,Louisville,71212,6-11,"6'11""",83.0,77.86,"6'6""",-5.14,plays_shorter,77.86,"6'6""",-5.14,plays_shorter
2025,Justin Hohn,UC Irvine,71213,6-1,"6'1""",73.0,75.98,"6'4""",2.98,plays_taller,75.98,"6'4""",2.98,plays_taller
2025,Alejandro Vasquez,UAB,71238,6-4,"6'4""",76.0,76.4,"6'4""",0.4,plays_at_height,76.4,"6'4""",0.4,plays_at_height
2025,Shon Robinson,Incarnate Word,71264,6-9,"6'9""",81.0,78.55,"6'7""",-2.45,plays_shorter,78.55,"6'7""",-2.45,plays_shorter
2025,Mark Freeman,James Madison,71272,5-10,"5'10""",70.0,74.62,"6'3""",4.62,plays_taller,74.62,"6'3""",4.62,plays_taller
2025,T.J. Weeks Jr.,Rider,71283,6-4,"6'4""",76.0,77.35,"6'5""",1.35,plays_taller,77.35,"6'5""",1.35,plays_taller
2025,Damian Dunn,Pittsburgh,71297,6-5,"6'5""",77.0,76.07,"6'4""",-0.93,plays_shorter,76.07,"6'4""",-0.93,plays_shorter
2025,Greg Gantt Jr.,UNC Asheville,71306,6-8,"6'8""",80.0,79.09,"6'7""",-0.91,plays_shorter,79.09,"6'7""",-0.91,plays_shorter
2025,Dexter Akanno,Utah St.,71313,6-5,"6'5""",77.0,75.77,"6'4""",-1.23,plays_shorter,75.77,"6'4""",-1.23,plays_shorter
2025,Raymond Somerville,Delaware St.,71326,6-11,"6'11""",83.0,78.48,"6'6""",-4.52,plays_shorter,78.48,"6'6""",-4.52,plays_shorter
2025,Justin Bieker,Utah Tech,71331,6-5,"6'5""",77.0,74.9,"6'3""",-2.1,plays_shorter,74.9,"6'3""",-2.1,plays_shorter
2025,Isaiah Hawthorne,Northern Colorado,71333,6-8,"6'8""",80.0,78.44,"6'6""",-1.56,plays_shorter,78.44,"6'6""",-1.56,plays_shorter
2025,Rylan Jones,Samford,71336,6-1,"6'1""",73.0,75.31,"6'3""",2.31,plays_taller,75.31,"6'3""",2.31,plays_taller
2025,Keeshawn Kellman,Florida Gulf Coast,71344,6-9,"6'9""",81.0,82.63,"6'11""",1.63,plays_taller,82.63,"6'11""",1.63,plays_taller
2025,Jesus Carralero Martin,Bethune Cookman,71355,6-7,"6'7""",79.0,79.09,"6'7""",0.09,plays_at_height,79.09,"6'7""",0.09,plays_at_height
2025,Nick Fiorillo,Vermont,71356,6-7,"6'7""",79.0,77.72,"6'6""",-1.28,plays_shorter,77.72,"6'6""",-1.28,plays_shorter
2025,Jae'Lyn Withers,North Carolina,71359,6-9,"6'9""",81.0,79.07,"6'7""",-1.93,plays_shorter,79.07,"6'7""",-1.93,plays_shorter
2025,Yusuf Jihad,Eastern Michigan,71389,6-7,"6'7""",79.0,76.28,"6'4""",-2.72,plays_shorter,76.28,"6'4""",-2.72,plays_shorter
2025,Nate Ferguson,Drake,71422,6-8,"6'8""",80.0,78.31,"6'6""",-1.69,plays_shorter,78.31,"6'6""",-1.69,plays_shorter
2025,Joseph Yesufu,West Virginia,71423,6-0,"6'0""",72.0,75.14,"6'3""",3.14,plays_taller,75.14,"6'3""",3.14,plays_taller
2025,Chase Johnston,High Point,71441,6-3,"6'3""",75.0,74.72,"6'3""",-0.28,plays_at_height,74.72,"6'3""",-0.28,plays_at_height
2025,Gianni Hunt,Bethune Cookman,71463,6-4,"6'4""",76.0,75.12,"6'3""",-0.88,plays_shorter,75.12,"6'3""",-0.88,plays_shorter
2025,Connor Withers,Bryant,71473,6-7,"6'7""",79.0,78.26,"6'6""",-0.74,plays_at_height,78.26,"6'6""",-0.74,plays_at_height
2025,Jovan Blacksher Jr.,California,71489,5-11,"5'11""",71.0,74.15,"6'2""",3.15,plays_taller,74.15,"6'2""",3.15,plays_taller
2025,John Tonje,Wisconsin,71519,6-5,"6'5""",77.0,78.44,"6'6""",1.44,plays_taller,78.44,"6'6""",1.44,plays_taller
2025,Fletcher Abee,UNC Asheville,71524,6-4,"6'4""",76.0,73.06,"6'1""",-2.94,plays_shorter,73.06,"6'1""",-2.94,plays_shorter
2025,Caleb Grill,Missouri,71528,6-3,"6'3""",75.0,77.73,"6'6""",2.73,plays_taller,77.73,"6'6""",2.73,plays_taller
2025,Isaiah Ihnen,Liberty,71553,6-9,"6'9""",81.0,78.91,"6'7""",-2.09,plays_shorter,78.91,"6'7""",-2.09,plays_shorter
2025,Moulaye Sissoko,North Texas,71575,6-9,"6'9""",81.0,81.22,"6'9""",0.22,plays_at_height,81.22,"6'9""",0.22,plays_at_height
2025,Matthew Van Komen,Elon,71578,7-4,"7'4""",88.0,84.89,"7'1""",-3.11,plays_shorter,84.89,"7'1""",-3.11,plays_shorter
2025,Damari Monsanto,UTSA,71616,6-6,"6'6""",78.0,75.29,"6'3""",-2.71,plays_shorter,75.29,"6'3""",-2.71,plays_shorter
2025,Ben Hendriks,Ball St.,71626,6-10,"6'10""",82.0,78.51,"6'7""",-3.49,plays_shorter,78.51,"6'7""",-3.49,plays_shorter
2025,Nick Johnson,Winthrop,71627,6-4,"6'4""",76.0,76.49,"6'4""",0.49,plays_at_height,76.49,"6'4""",0.49,plays_at_height
2025,B. Artis White,Richmond,71633,5-10,"5'10""",70.0,75.06,"6'3""",5.06,plays_taller,75.06,"6'3""",5.06,plays_taller
2025,J'Wan Roberts,Houston,71637,6-8,"6'8""",80.0,80.35,"6'8""",0.35,plays_at_height,80.35,"6'8""",0.35,plays_at_height
2025,Akrum Ahemed,UNC Greensboro,71640,6-3,"6'3""",75.0,76.11,"6'4""",1.11,plays_taller,76.11,"6'4""",1.11,plays_taller
2025,Jordan Brinson,Cal St. Northridge,71663,6-2,"6'2""",74.0,75.83,"6'4""",1.83,plays_taller,75.83,"6'4""",1.83,plays_taller
2025,Lok Wur,Grand Canyon,71680,6-8,"6'8""",80.0,79.67,"6'8""",-0.33,plays_at_height,79.67,"6'8""",-0.33,plays_at_height
2025,C.J. Walker,East Carolina,71681,6-8,"6'8""",80.0,80.22,"6'8""",0.22,plays_at_height,80.22,"6'8""",0.22,plays_at_height
2025,Avery Felts,Arkansas St.,71711,6-2,"6'2""",74.0,73.72,"6'2""",-0.28,plays_at_height,73.72,"6'2""",-0.28,plays_at_height
2025,Joe Pridgen,Montana,71718,6-5,"6'5""",77.0,81.08,"6'9""",4.08,plays_taller,81.08,"6'9""",4.08,plays_taller
2025,Brycen Goodine,Oklahoma,71735,6-4,"6'4""",76.0,76.54,"6'5""",0.54,plays_at_height,76.54,"6'5""",0.54,plays_at_height
2025,DeAntoni Gordon,Southern Miss,71769,6-8,"6'8""",80.0,78.93,"6'7""",-1.07,plays_shorter,78.93,"6'7""",-1.07,plays_shorter
2025,Patrick McCaffery,Butler,71786,6-9,"6'9""",81.0,76.74,"6'5""",-4.26,plays_shorter,76.74,"6'5""",-4.26,plays_shorter
2025,Essam Mostafa,Middle Tennessee,71790,6-9,"6'9""",81.0,81.31,"6'9""",0.31,plays_at_height,81.31,"6'9""",0.31,plays_at_height
2025,Brendan Wenzel,TCU,71806,6-8,"6'8""",80.0,75.16,"6'3""",-4.84,plays_shorter,75.16,"6'3""",-4.84,plays_shorter
2025,Eric Dixon,Villanova,71817,6-8,"6'8""",80.0,77.36,"6'5""",-2.64,plays_shorter,77.36,"6'5""",-2.64,plays_shorter
2025,Denijay Harris,Southern Miss,71827,6-7,"6'7""",79.0,80.48,"6'8""",1.48,plays_taller,80.48,"6'8""",1.48,plays_taller
2025,Ques Glover,Ohio St.,71831,6-0,"6'0""",72.0,74.79,"6'3""",2.79,plays_taller,74.79,"6'3""",2.79,plays_taller
2025,Harlond Beverly,Wichita St.,71885,6-5,"6'5""",77.0,77.78,"6'6""",0.78,plays_taller,77.78,"6'6""",0.78,plays_taller
2025,Shereef Mitchell,Ohio,71912,6-1,"6'1""",73.0,75.46,"6'3""",2.46,plays_taller,75.46,"6'3""",2.46,plays_taller
2025,Cameron Shockley-Okeke,Howard,71914,6-6,"6'6""",78.0,76.12,"6'4""",-1.88,plays_shorter,76.12,"6'4""",-1.88,plays_shorter
2025,Kvonn Cramer,Bryant,71934,6-6,"6'6""",78.0,81.33,"6'9""",3.33,plays_taller,81.33,"6'9""",3.33,plays_taller
2025,Tariq Ingraham,Rider,71940,6-9,"6'9""",81.0,79.91,"6'8""",-1.09,plays_shorter,79.91,"6'8""",-1.09,plays_shorter
2025,Steve Settle,Temple,71952,6-10,"6'10""",82.0,78.83,"6'7""",-3.17,plays_shorter,78.83,"6'7""",-3.17,plays_shorter
2025,"Wayne Bristol, Jr.",Hampton,71954,6-6,"6'6""",78.0,77.06,"6'5""",-0.94,plays_shorter,77.06,"6'5""",-0.94,plays_shorter
2025,Caleb Stone-Carrawell,Loyola Marymount,71964,6-7,"6'7""",79.0,75.74,"6'4""",-3.26,plays_shorter,75.74,"6'4""",-3.26,plays_shorter
2025,Ahmir Langlais,Tennessee St.,71978,6-9,"6'9""",81.0,80.18,"6'8""",-0.82,plays_shorter,80.18,"6'8""",-0.82,plays_shorter
2025,Lance Terry,Georgia Tech,72028,6-2,"6'2""",74.0,76.99,"6'5""",2.99,plays_taller,76.99,"6'5""",2.99,plays_taller
2025,Carlos Paez,Southeastern Louisiana,72043,5-11,"5'11""",71.0,74.64,"6'3""",3.64,plays_taller,74.64,"6'3""",3.64,plays_taller
2025,Mason Gillis,Duke,72052,6-6,"6'6""",78.0,77.67,"6'6""",-0.33,plays_at_height,77.67,"6'6""",-0.33,plays_at_height
2025,Issac McBride,Oral Roberts,72080,6-0,"6'0""",72.0,74.79,"6'3""",2.79,plays_taller,74.79,"6'3""",2.79,plays_taller
2025,Malcolm Wilson,Queens,72115,7-0,"7'0""",84.0,85.44,"7'1""",1.44,plays_taller,85.44,"7'1""",1.44,plays_taller
2025,Mikal Dawson,Marshall,72203,6-5,"6'5""",77.0,75.57,"6'4""",-1.43,plays_shorter,75.57,"6'4""",-1.43,plays_shorter
2025,Chris Moore,Auburn,72228,6-6,"6'6""",78.0,76.66,"6'5""",-1.34,plays_shorter,76.66,"6'5""",-1.34,plays_shorter
2025,Marcus Dockery,Howard,72231,6-2,"6'2""",74.0,75.37,"6'3""",1.37,plays_taller,75.37,"6'3""",1.37,plays_taller
2025,Nico Galette,Youngstown St.,72232,6-6,"6'6""",78.0,79.32,"6'7""",1.32,plays_taller,79.32,"6'7""",1.32,plays_taller
2025,Fidelis Okereke,Cal St. Bakersfield,72234,6-6,"6'6""",78.0,80.15,"6'8""",2.15,plays_taller,80.15,"6'8""",2.15,plays_taller
2025,Mwani Wilkinson,Little Rock,72235,6-5,"6'5""",77.0,79.26,"6'7""",2.26,plays_taller,79.26,"6'7""",2.26,plays_taller
2025,DJ Davis,Washington,72240,6-1,"6'1""",73.0,73.84,"6'2""",0.84,plays_taller,73.84,"6'2""",0.84,plays_taller
2025,Josh Ogundele,Tennessee St.,72241,7-0,"7'0""",84.0,80.75,"6'9""",-3.25,plays_shorter,80.75,"6'9""",-3.25,plays_shorter
2025,Laurynas Vaistaras,Mercer,72244,6-6,"6'6""",78.0,76.41,"6'4""",-1.59,plays_shorter,76.41,"6'4""",-1.59,plays_shorter
2025,Dylan Addae-Wusu,Seton Hall,72258,6-4,"6'4""",76.0,76.64,"6'5""",0.64,plays_at_height,76.64,"6'5""",0.64,plays_at_height
2025,Jordan Wood,Stetson,72259,6-9,"6'9""",81.0,77.14,"6'5""",-3.86,plays_shorter,77.14,"6'5""",-3.86,plays_shorter
2025,Martaz Robinson,Delaware St.,72260,6-2,"6'2""",74.0,76.01,"6'4""",2.01,plays_taller,76.01,"6'4""",2.01,plays_taller
2025,Noel Brown,St. Bonaventure,72268,6-11,"6'11""",83.0,78.93,"6'7""",-4.07,plays_shorter,78.93,"6'7""",-4.07,plays_shorter
2025,Ishmael Leggett,Pittsburgh,72271,6-3,"6'3""",75.0,77.74,"6'6""",2.74,plays_taller,77.74,"6'6""",2.74,plays_taller
2025,Carlos Rosario,Oral Roberts,72278,6-7,"6'7""",79.0,76.2,"6'4""",-2.8,plays_shorter,76.2,"6'4""",-2.8,plays_shorter
2025,Matthew Nicholson,Northwestern,72285,7-0,"7'0""",84.0,83.24,"6'11""",-0.76,plays_shorter,83.24,"6'11""",-0.76,plays_shorter
2025,Ricardo Wright,Kennesaw St.,72287,6-4,"6'4""",76.0,75.62,"6'4""",-0.38,plays_at_height,75.62,"6'4""",-0.38,plays_at_height
2025,Viktor Lakhin,Clemson,72292,6-11,"6'11""",83.0,82.07,"6'10""",-0.93,plays_shorter,82.07,"6'10""",-0.93,plays_shorter
2025,Toneari Lane,Georgia St.,72294,6-5,"6'5""",77.0,74.25,"6'2""",-2.75,plays_shorter,74.25,"6'2""",-2.75,plays_shorter
2025,Kelton Talford,Winthrop,72296,6-7,"6'7""",79.0,81.49,"6'9""",2.49,plays_taller,81.49,"6'9""",2.49,plays_taller
2025,Ray Harrison,Grand Canyon,72297,6-4,"6'4""",76.0,75.89,"6'4""",-0.11,plays_at_height,75.89,"6'4""",-0.11,plays_at_height
2025,Trae Broadnax,Rice,72299,6-4,"6'4""",76.0,77.19,"6'5""",1.19,plays_taller,77.19,"6'5""",1.19,plays_taller
2025,Jeremiah Williams,Rutgers,72301,6-4,"6'4""",76.0,77.13,"6'5""",1.13,plays_taller,77.13,"6'5""",1.13,plays_taller
2025,Quincy Ademokoya,South Florida,72305,6-6,"6'6""",78.0,76.4,"6'4""",-1.6,plays_shorter,76.4,"6'4""",-1.6,plays_shorter
2025,Jordan Davis,Illinois St.,72306,6-4,"6'4""",76.0,76.23,"6'4""",0.23,plays_at_height,76.23,"6'4""",0.23,plays_at_height
2025,Nick McMullen,Georgia St.,72309,6-8,"6'8""",80.0,79.66,"6'8""",-0.34,plays_at_height,79.66,"6'8""",-0.34,plays_at_height
2025,Connor Kochera,Davidson,72316,6-5,"6'5""",77.0,75.85,"6'4""",-1.15,plays_shorter,75.85,"6'4""",-1.15,plays_shorter
2025,Yuri Covington,UMass Lowell,72317,6-1,"6'1""",73.0,75.81,"6'4""",2.81,plays_taller,75.81,"6'4""",2.81,plays_taller
2025,Andre Mulibea,Coastal Carolina,72318,6-6,"6'6""",78.0,75.58,"6'4""",-2.42,plays_shorter,75.58,"6'4""",-2.42,plays_shorter
2025,Keishon Porter,North Carolina Central,72323,6-5,"6'5""",77.0,77.64,"6'6""",0.64,plays_at_height,77.64,"6'6""",0.64,plays_at_height
2025,Joe Anderson,Lipscomb,72330,6-0,"6'0""",72.0,75.5,"6'4""",3.5,plays_taller,75.5,"6'4""",3.5,plays_taller
2025,Alexander Nwagha,Northeastern,72331,6-7,"6'7""",79.0,80.03,"6'8""",1.03,plays_taller,80.03,"6'8""",1.03,plays_taller
2025,Nique Clifford,Colorado St.,72334,6-6,"6'6""",78.0,80.82,"6'9""",2.82,plays_taller,80.82,"6'9""",2.82,plays_taller
2025,Mason Madsen,Utah,72345,6-4,"6'4""",76.0,76.7,"6'5""",0.7,plays_at_height,76.7,"6'5""",0.7,plays_at_height
2025,Gabe Madsen,Utah,72346,6-6,"6'6""",78.0,75.55,"6'4""",-2.45,plays_shorter,75.55,"6'4""",-2.45,plays_shorter
2025,Jahmyl Telfort,Butler,72348,6-7,"6'7""",79.0,76.0,"6'4""",-3.0,plays_shorter,76.0,"6'4""",-3.0,plays_shorter
2025,Drake Dobbs,St. Thomas,72355,6-2,"6'2""",74.0,75.39,"6'3""",1.39,plays_taller,75.39,"6'3""",1.39,plays_taller
2025,Isaiah Johnson,Portland St.,72356,6-6,"6'6""",78.0,78.84,"6'7""",0.84,plays_taller,78.84,"6'7""",0.84,plays_taller
2025,Latrell Wrightsell Jr.,Alabama,72358,6-3,"6'3""",75.0,75.74,"6'4""",0.74,plays_at_height,75.74,"6'4""",0.74,plays_at_height
2025,Donovan Newby,UNC Wilmington,72361,6-1,"6'1""",73.0,74.71,"6'3""",1.71,plays_taller,74.71,"6'3""",1.71,plays_taller
2025,Keon Ambrose-Hylton,SMU,72369,6-8,"6'8""",80.0,79.33,"6'7""",-0.67,plays_at_height,79.33,"6'7""",-0.67,plays_at_height
2025,Vasja Pandža,Seattle,72370,6-8,"6'8""",80.0,75.96,"6'4""",-4.04,plays_shorter,75.96,"6'4""",-4.04,plays_shorter
2025,DeMarr Langford Jr.,Albany,72373,6-4,"6'4""",76.0,78.67,"6'7""",2.67,plays_taller,78.67,"6'7""",2.67,plays_taller
2025,Kasen Harrison,Winthrop,72397,6-2,"6'2""",74.0,75.14,"6'3""",1.14,plays_taller,75.14,"6'3""",1.14,plays_taller
2025,Isaiah Cottrell,UNLV,72399,6-11,"6'11""",83.0,76.66,"6'5""",-6.34,plays_shorter,76.66,"6'5""",-6.34,plays_shorter
2025,Jamari Sibley,Southern Utah,72409,6-8,"6'8""",80.0,77.21,"6'5""",-2.79,plays_shorter,77.21,"6'5""",-2.79,plays_shorter
2025,Jahlil White,La Salle,72412,6-7,"6'7""",79.0,79.06,"6'7""",0.06,plays_at_height,79.06,"6'7""",0.06,plays_at_height
2025,Caleb Love,Arizona,72413,6-4,"6'4""",76.0,77.11,"6'5""",1.11,plays_taller,77.11,"6'5""",1.11,plays_taller
2025,Hayden Curtiss,Portland St.,72416,6-11,"6'11""",83.0,78.57,"6'7""",-4.43,plays_shorter,78.57,"6'7""",-4.43,plays_shorter
2025,Collin Holloway,Samford,72417,6-6,"6'6""",78.0,78.24,"6'6""",0.24,plays_at_height,78.24,"6'6""",0.24,plays_at_height
2025,Coleman Hawkins,Kansas St.,72419,6-10,"6'10""",82.0,79.72,"6'8""",-2.28,plays_shorter,79.72,"6'8""",-2.28,plays_shorter
2025,Jackson Sivills,Wofford,72420,6-6,"6'6""",78.0,76.95,"6'5""",-1.05,plays_shorter,76.95,"6'5""",-1.05,plays_shorter
2025,Nijel Pack,Miami FL,72421,6-0,"6'0""",72.0,74.17,"6'2""",2.17,plays_taller,74.17,"6'2""",2.17,plays_taller
2025,Andre Henry,UC Irvine,72423,6-4,"6'4""",76.0,75.29,"6'3""",-0.71,plays_at_height,75.29,"6'3""",-0.71,plays_at_height
2025,Ze'rik Onyema,Texas,72427,6-9,"6'9""",81.0,81.15,"6'9""",0.15,plays_at_height,81.15,"6'9""",0.15,plays_at_height
2025,Josh Taylor,East Texas A&M,72433,6-8,"6'8""",80.0,80.08,"6'8""",0.08,plays_at_height,80.08,"6'8""",0.08,plays_at_height
2025,Klemen Vuga,Arkansas Pine Bluff,72434,6-9,"6'9""",81.0,77.09,"6'5""",-3.91,plays_shorter,77.09,"6'5""",-3.91,plays_shorter
2025,Giancarlo Rosado,Charlotte,72438,6-8,"6'8""",80.0,78.54,"6'7""",-1.46,plays_shorter,78.54,"6'7""",-1.46,plays_shorter
2025,Will Soucie,North Alabama,72445,6-5,"6'5""",77.0,75.7,"6'4""",-1.3,plays_shorter,75.7,"6'4""",-1.3,plays_shorter
2025,Chad Baker-Mazara,Auburn,72450,6-7,"6'7""",79.0,77.7,"6'6""",-1.3,plays_shorter,77.7,"6'6""",-1.3,plays_shorter
2025,Deivon Smith,St. John's,72451,6-1,"6'1""",73.0,77.76,"6'6""",4.76,plays_taller,77.76,"6'6""",4.76,plays_taller
2025,Andersson Garcia,Texas A&M,72454,6-7,"6'7""",79.0,80.42,"6'8""",1.42,plays_taller,80.42,"6'8""",1.42,plays_taller
2025,Luis Kortright,Washington,72455,6-3,"6'3""",75.0,76.18,"6'4""",1.18,plays_taller,76.18,"6'4""",1.18,plays_taller
2025,Tymu Chenery,Binghamton,72459,6-6,"6'6""",78.0,78.11,"6'6""",0.11,plays_at_height,78.11,"6'6""",0.11,plays_at_height
2025,Jayson Woodrich,Oakland,72460,6-7,"6'7""",79.0,75.04,"6'3""",-3.96,plays_shorter,75.04,"6'3""",-3.96,plays_shorter
2025,Deven Dahlke,San Diego,72466,6-2,"6'2""",74.0,74.94,"6'3""",0.94,plays_taller,74.94,"6'3""",0.94,plays_taller
2025,Noah Farrakhan,Hampton,72469,6-1,"6'1""",73.0,76.17,"6'4""",3.17,plays_taller,76.17,"6'4""",3.17,plays_taller
2025,Anwar Gill,Howard,72470,6-4,"6'4""",76.0,77.07,"6'5""",1.07,plays_taller,77.07,"6'5""",1.07,plays_taller
2025,Robby Beasley,San Francisco,72471,6-3,"6'3""",75.0,75.75,"6'4""",0.75,plays_at_height,75.75,"6'4""",0.75,plays_at_height
2025,Dean Reiber,Charlotte,72473,6-10,"6'10""",82.0,77.92,"6'6""",-4.08,plays_shorter,77.92,"6'6""",-4.08,plays_shorter
2025,Jhamir Brickus,Villanova,72475,5-11,"5'11""",71.0,74.53,"6'3""",3.53,plays_taller,74.53,"6'3""",3.53,plays_taller
2025,Dante Harris,Memphis,72478,6-0,"6'0""",72.0,76.14,"6'4""",4.14,plays_taller,76.14,"6'4""",4.14,plays_taller
2025,Terell Strickland,LIU,72484,6-0,"6'0""",72.0,76.37,"6'4""",4.37,plays_taller,76.37,"6'4""",4.37,plays_taller
2025,Terrence Edwards Jr.,Louisville,72485,6-6,"6'6""",78.0,75.88,"6'4""",-2.12,plays_shorter,75.88,"6'4""",-2.12,plays_shorter
2025,Rondel Walker,North Texas,72486,6-6,"6'6""",78.0,78.06,"6'6""",0.06,plays_at_height,78.06,"6'6""",0.06,plays_at_height
2025,Michael Thomas,Louisiana,72488,6-1,"6'1""",73.0,75.88,"6'4""",2.88,plays_taller,75.88,"6'4""",2.88,plays_taller
2025,Matthew-Alexander Moncrieffe,Seattle,72489,6-8,"6'8""",80.0,82.6,"6'11""",2.6,plays_taller,82.6,"6'11""",2.6,plays_taller
2025,Luke O'Brien,Georgia Tech,72491,6-8,"6'8""",80.0,78.25,"6'6""",-1.75,plays_shorter,78.25,"6'6""",-1.75,plays_shorter
2025,Tyree Ihenacho,Washington,72493,6-4,"6'4""",76.0,76.48,"6'4""",0.48,plays_at_height,76.48,"6'4""",0.48,plays_at_height
2025,Mike Bekelja,Kent St.,72494,6-0,"6'0""",72.0,75.29,"6'3""",3.29,plays_taller,75.29,"6'3""",3.29,plays_taller
2025,Jalen Speer,Marshall,72504,6-1,"6'1""",73.0,74.07,"6'2""",1.07,plays_taller,74.07,"6'2""",1.07,plays_taller
2025,Robert Jeter IV,Southern Utah,72505,6-0,"6'0""",72.0,72.73,"6'1""",0.73,plays_at_height,72.73,"6'1""",0.73,plays_at_height
2025,Nate Martin,Marshall,72508,6-8,"6'8""",80.0,81.27,"6'9""",1.27,plays_taller,81.27,"6'9""",1.27,plays_taller
2025,Dylan Dawson,Texas St.,72509,6-3,"6'3""",75.0,73.87,"6'2""",-1.13,plays_shorter,73.87,"6'2""",-1.13,plays_shorter
2025,Jordan Meka,Monmouth,72514,6-8,"6'8""",80.0,79.64,"6'8""",-0.36,plays_at_height,79.64,"6'8""",-0.36,plays_at_height
2025,Javonte Brown,Rhode Island,72515,7-0,"7'0""",84.0,82.76,"6'11""",-1.24,plays_shorter,82.76,"6'11""",-1.24,plays_shorter
2025,Shannon Grant,Jackson St.,72522,6-10,"6'10""",82.0,79.84,"6'8""",-2.16,plays_shorter,79.84,"6'8""",-2.16,plays_shorter
2025,Terren Frank,Campbell,72526,6-8,"6'8""",80.0,76.8,"6'5""",-3.2,plays_shorter,76.8,"6'5""",-3.2,plays_shorter
2025,Malachi Poindexter,Illinois St.,72529,6-3,"6'3""",75.0,74.7,"6'3""",-0.3,plays_at_height,74.7,"6'3""",-0.3,plays_at_height
2025,Bryce Thompson,Oklahoma St.,72536,6-6,"6'6""",78.0,76.68,"6'5""",-1.32,plays_shorter,76.68,"6'5""",-1.32,plays_shorter
2025,Tyon Grant-Foster,Grand Canyon,72539,6-7,"6'7""",79.0,80.84,"6'9""",1.84,plays_taller,80.84,"6'9""",1.84,plays_taller
2025,Latrell Jossell,North Texas,72541,5-11,"5'11""",71.0,74.09,"6'2""",3.09,plays_taller,74.09,"6'2""",3.09,plays_taller
2025,Andrew Carr,Kentucky,72542,6-11,"6'11""",83.0,79.97,"6'8""",-3.03,plays_shorter,79.97,"6'8""",-3.03,plays_shorter
2025,Ebenezer Dowuona,James Madison,72546,6-11,"6'11""",83.0,80.78,"6'9""",-2.22,plays_shorter,80.78,"6'9""",-2.22,plays_shorter
2025,Trey Galloway,Indiana,72552,6-5,"6'5""",77.0,75.99,"6'4""",-1.01,plays_shorter,75.99,"6'4""",-1.01,plays_shorter
2025,Aziz Bandaogo,Cincinnati,72554,7-0,"7'0""",84.0,84.14,"7'0""",0.14,plays_at_height,84.14,"7'0""",0.14,plays_at_height
2025,Bowen Born,Colorado St.,72563,5-11,"5'11""",71.0,74.89,"6'3""",3.89,plays_taller,74.89,"6'3""",3.89,plays_taller
2025,Kian Scroggins,Sam Houston St.,72568,6-7,"6'7""",79.0,79.08,"6'7""",0.08,plays_at_height,79.08,"6'7""",0.08,plays_at_height
2025,Kobe Stewart,Presbyterian,72570,6-7,"6'7""",79.0,77.85,"6'6""",-1.15,plays_shorter,77.85,"6'6""",-1.15,plays_shorter
2025,Nendah Tarke,Towson,72571,6-4,"6'4""",76.0,77.85,"6'6""",1.85,plays_taller,77.85,"6'6""",1.85,plays_taller
2025,Kendall Munson,Jacksonville,72577,6-8,"6'8""",80.0,79.52,"6'8""",-0.48,plays_at_height,79.52,"6'8""",-0.48,plays_at_height
2025,London Riley,Alabama A&M,72583,6-3,"6'3""",75.0,73.27,"6'1""",-1.73,plays_shorter,73.27,"6'1""",-1.73,plays_shorter
2025,Andrew Welage,Wright St.,72588,6-6,"6'6""",78.0,74.57,"6'3""",-3.43,plays_shorter,74.57,"6'3""",-3.43,plays_shorter
2025,Jalen Leach,Northwestern,72589,6-4,"6'4""",76.0,75.75,"6'4""",-0.25,plays_at_height,75.75,"6'4""",-0.25,plays_at_height
2025,Ra'Heim Moss,Oregon,72601,6-4,"6'4""",76.0,76.13,"6'4""",0.13,plays_at_height,76.13,"6'4""",0.13,plays_at_height
2025,Jonathan Aybar,FIU,72604,6-9,"6'9""",81.0,78.38,"6'6""",-2.62,plays_shorter,78.38,"6'6""",-2.62,plays_shorter
2025,Lynn Kidd,Miami FL,72605,6-10,"6'10""",82.0,80.45,"6'8""",-1.55,plays_shorter,80.45,"6'8""",-1.55,plays_shorter
2025,Dawson Garcia,Minnesota,72606,6-11,"6'11""",83.0,79.16,"6'7""",-3.84,plays_shorter,79.16,"6'7""",-3.84,plays_shorter
2025,Terrell Ard Jr.,Mount St. Mary's,72610,6-7,"6'7""",79.0,80.08,"6'8""",1.08,plays_taller,80.08,"6'8""",1.08,plays_taller
2025,Monty Bowser,Northern Arizona,72614,6-7,"6'7""",79.0,76.32,"6'4""",-2.68,plays_shorter,76.32,"6'4""",-2.68,plays_shorter
2025,Grant Huffman,Vanderbilt,72616,6-3,"6'3""",75.0,75.85,"6'4""",0.85,plays_taller,75.85,"6'4""",0.85,plays_taller
2025,Abou Ousmane,Oklahoma St.,72617,6-10,"6'10""",82.0,81.04,"6'9""",-0.96,plays_shorter,81.04,"6'9""",-0.96,plays_shorter
2025,Dayvion McKnight,Xavier,72620,6-0,"6'0""",72.0,75.33,"6'3""",3.33,plays_taller,75.33,"6'3""",3.33,plays_taller
2025,Vukasin Masic,Portland,72621,6-5,"6'5""",77.0,74.71,"6'3""",-2.29,plays_shorter,74.71,"6'3""",-2.29,plays_shorter
2025,Brent Davis,LIU,72625,6-3,"6'3""",75.0,77.77,"6'6""",2.77,plays_taller,77.77,"6'6""",2.77,plays_taller
2025,Yame Butler,Drexel,72635,6-5,"6'5""",77.0,77.48,"6'5""",0.48,plays_at_height,77.48,"6'5""",0.48,plays_at_height
2025,Anthony Roy,Green Bay,72638,6-5,"6'5""",77.0,76.94,"6'5""",-0.06,plays_at_height,76.94,"6'5""",-0.06,plays_at_height
2025,Graham Ike,Gonzaga,72639,6-9,"6'9""",81.0,81.7,"6'10""",0.7,plays_at_height,81.7,"6'10""",0.7,plays_at_height
2025,Chance McMillian,Texas Tech,72645,6-2,"6'2""",74.0,77.21,"6'5""",3.21,plays_taller,77.21,"6'5""",3.21,plays_taller
2025,Jaxson Robinson,Kentucky,72650,6-6,"6'6""",78.0,76.5,"6'4""",-1.5,plays_shorter,76.5,"6'4""",-1.5,plays_shorter
2025,Hayden Hefner,Texas A&M,72651,6-6,"6'6""",78.0,76.98,"6'5""",-1.02,plays_shorter,76.98,"6'5""",-1.02,plays_shorter
2025,Quincy Ballard,Wichita St.,72656,6-11,"6'11""",83.0,84.79,"7'1""",1.79,plays_taller,84.79,"7'1""",1.79,plays_taller
2025,Pat Suemnick,Oklahoma St.,72665,6-8,"6'8""",80.0,78.39,"6'6""",-1.61,plays_shorter,78.39,"6'6""",-1.61,plays_shorter
2025,Kam Farris,Bryant,72666,6-3,"6'3""",75.0,74.51,"6'3""",-0.49,plays_at_height,74.51,"6'3""",-0.49,plays_at_height
2025,Enoch Cheeks,Dayton,72673,6-3,"6'3""",75.0,79.33,"6'7""",4.33,plays_taller,79.33,"6'7""",4.33,plays_taller
2025,John Shanu II,Eastern Michigan,72677,6-11,"6'11""",83.0,78.51,"6'7""",-4.49,plays_shorter,78.51,"6'7""",-4.49,plays_shorter
2025,Devin Askew,Long Beach St.,72678,6-5,"6'5""",77.0,75.04,"6'3""",-1.96,plays_shorter,75.04,"6'3""",-1.96,plays_shorter
2025,Xavier DuSell,Nevada,72680,6-5,"6'5""",77.0,73.87,"6'2""",-3.13,plays_shorter,73.87,"6'2""",-3.13,plays_shorter
2025,Moussa Cisse,Memphis,72682,7-0,"7'0""",84.0,85.89,"7'2""",1.89,plays_taller,85.89,"7'2""",1.89,plays_taller
2025,Tytan Anderson,Northern Iowa,72685,6-6,"6'6""",78.0,80.28,"6'8""",2.28,plays_taller,80.28,"6'8""",2.28,plays_taller
2025,Markhi Strickland,Western Michigan,72692,6-8,"6'8""",80.0,77.92,"6'6""",-2.08,plays_shorter,77.92,"6'6""",-2.08,plays_shorter
2025,Modestas Kancleris,Illinois Chicago,72697,6-9,"6'9""",81.0,82.9,"6'11""",1.9,plays_taller,82.9,"6'11""",1.9,plays_taller
2025,Beon Riley,Utah Tech,72700,6-6,"6'6""",78.0,78.72,"6'7""",0.72,plays_at_height,78.72,"6'7""",0.72,plays_at_height
2025,Ryan Kalkbrenner,Creighton,72701,7-1,"7'1""",85.0,86.16,"7'2""",1.16,plays_taller,86.16,"7'2""",1.16,plays_taller
2025,Rollie Worster,Nebraska,72704,6-4,"6'4""",76.0,76.48,"6'4""",0.48,plays_at_height,76.48,"6'4""",0.48,plays_at_height
2025,Darlinstone Dubar,Tennessee,72705,6-6,"6'6""",78.0,78.4,"6'6""",0.4,plays_at_height,78.4,"6'6""",0.4,plays_at_height
2025,Julian Larry,Texas,72706,6-3,"6'3""",75.0,74.69,"6'3""",-0.31,plays_at_height,74.69,"6'3""",-0.31,plays_at_height
2025,Yacine Toumi,Seton Hall,72710,6-10,"6'10""",82.0,78.91,"6'7""",-3.09,plays_shorter,78.91,"6'7""",-3.09,plays_shorter
2025,Jaden Walker,Texas A&M Corpus Chris,72713,6-5,"6'5""",77.0,78.26,"6'6""",1.26,plays_taller,78.26,"6'6""",1.26,plays_taller
2025,Collin Moore,Grand Canyon,72714,6-4,"6'4""",76.0,78.38,"6'6""",2.38,plays_taller,78.38,"6'6""",2.38,plays_taller
2025,Cam Bryant,Mercer,72718,6-7,"6'7""",79.0,76.6,"6'5""",-2.4,plays_shorter,76.6,"6'5""",-2.4,plays_shorter
2025,Eugene Brown III,Georgia Southern,72725,6-8,"6'8""",80.0,76.74,"6'5""",-3.26,plays_shorter,76.74,"6'5""",-3.26,plays_shorter
2025,Melvyn Ebonkoli,UMKC,72726,6-8,"6'8""",80.0,77.91,"6'6""",-2.09,plays_shorter,77.91,"6'6""",-2.09,plays_shorter
2025,Skylar Wicks,UTSA,72727,6-6,"6'6""",78.0,75.58,"6'4""",-2.42,plays_shorter,75.58,"6'4""",-2.42,plays_shorter
2025,Kenny Hunter,Texas Southern,72728,6-10,"6'10""",82.0,79.54,"6'8""",-2.46,plays_shorter,79.54,"6'8""",-2.46,plays_shorter
2025,Toby Okani,West Virginia,72731,6-8,"6'8""",80.0,78.84,"6'7""",-1.16,plays_shorter,78.84,"6'7""",-1.16,plays_shorter
2025,Tyson Acuff,Rutgers,72732,6-4,"6'4""",76.0,74.26,"6'2""",-1.74,plays_shorter,74.26,"6'2""",-1.74,plays_shorter
2025,Dezmond McKinney,Bellarmine,72733,6-0,"6'0""",72.0,76.07,"6'4""",4.07,plays_taller,76.07,"6'4""",4.07,plays_taller
2025,Kaden Metheny,Liberty,72734,5-11,"5'11""",71.0,74.67,"6'3""",3.67,plays_taller,74.67,"6'3""",3.67,plays_taller
2025,Zion Bethea,Pepperdine,72737,6-3,"6'3""",75.0,74.87,"6'3""",-0.13,plays_at_height,74.87,"6'3""",-0.13,plays_at_height
2025,David Green,Rhode Island,72740,6-7,"6'7""",79.0,78.33,"6'6""",-0.67,plays_at_height,78.33,"6'6""",-0.67,plays_at_height
2025,Brandyn Talbot,UT Arlington,72746,6-4,"6'4""",76.0,74.33,"6'2""",-1.67,plays_shorter,74.33,"6'2""",-1.67,plays_shorter
2025,Abdou Tsimbila,Fordham,72747,6-9,"6'9""",81.0,81.59,"6'10""",0.59,plays_at_height,81.59,"6'10""",0.59,plays_at_height
2025,Leo Colimerio,Queens,72751,6-7,"6'7""",79.0,78.09,"6'6""",-0.91,plays_shorter,78.09,"6'6""",-0.91,plays_shorter
2025,Braxton Meah,Nebraska,72754,7-1,"7'1""",85.0,81.94,"6'10""",-3.06,plays_shorter,81.94,"6'10""",-3.06,plays_shorter
2025,CJ Huntley,Appalachian St.,72759,6-11,"6'11""",83.0,80.54,"6'9""",-2.46,plays_shorter,80.54,"6'9""",-2.46,plays_shorter
2025,Tramon Mark,Texas,72760,6-5,"6'5""",77.0,77.07,"6'5""",0.07,plays_at_height,77.07,"6'5""",0.07,plays_at_height
2025,Max Murrell,UC Santa Barbara,72763,6-9,"6'9""",81.0,77.68,"6'6""",-3.32,plays_shorter,77.68,"6'6""",-3.32,plays_shorter
2025,Michael O'Connell,N.C. State,72766,6-2,"6'2""",74.0,75.05,"6'3""",1.05,plays_taller,75.05,"6'3""",1.05,plays_taller
2025,Daniel Foster,Nevada,72767,6-6,"6'6""",78.0,77.14,"6'5""",-0.86,plays_shorter,77.14,"6'5""",-0.86,plays_shorter
2025,Eddie Lampkin,Syracuse,72769,6-11,"6'11""",83.0,81.15,"6'9""",-1.85,plays_shorter,81.15,"6'9""",-1.85,plays_shorter
2025,Jordan Ivy-Curry,UCF,72772,6-3,"6'3""",75.0,75.26,"6'3""",0.26,plays_at_height,75.26,"6'3""",0.26,plays_at_height
2025,Davion Bradford,East Tennessee St.,72773,7-0,"7'0""",84.0,78.7,"6'7""",-5.3,plays_shorter,78.7,"6'7""",-5.3,plays_shorter
2025,Caleb Dorsey,William & Mary,72774,6-8,"6'8""",80.0,76.9,"6'5""",-3.1,plays_shorter,76.9,"6'5""",-3.1,plays_shorter
2025,Jalen Terry,Eastern Michigan,72779,6-0,"6'0""",72.0,76.63,"6'5""",4.63,plays_taller,76.63,"6'5""",4.63,plays_taller
2025,Joshua O'Garro,Texas St.,72786,6-6,"6'6""",78.0,78.85,"6'7""",0.85,plays_taller,78.85,"6'7""",0.85,plays_taller
2025,Lance Ware,UT Arlington,72794,6-10,"6'10""",82.0,82.78,"6'11""",0.78,plays_taller,82.78,"6'11""",0.78,plays_taller
2025,Jakari Spence,Jacksonville,72795,6-0,"6'0""",72.0,75.69,"6'4""",3.69,plays_taller,75.69,"6'4""",3.69,plays_taller
2025,Ty Berry,Northwestern,72798,6-3,"6'3""",75.0,76.69,"6'5""",1.69,plays_taller,76.69,"6'5""",1.69,plays_taller
2025,Kentrell Garnett,Louisiana,72803,6-1,"6'1""",73.0,74.44,"6'2""",1.44,plays_taller,74.44,"6'2""",1.44,plays_taller
2025,Judah Brown,South Alabama,72804,6-6,"6'6""",78.0,76.87,"6'5""",-1.13,plays_shorter,76.87,"6'5""",-1.13,plays_shorter
2025,Nate Heise,Iowa St.,72805,6-5,"6'5""",77.0,77.8,"6'6""",0.8,plays_taller,77.8,"6'6""",0.8,plays_taller
2025,Justin Hill,Wichita St.,72809,6-0,"6'0""",72.0,75.0,"6'3""",3.0,plays_taller,75.0,"6'3""",3.0,plays_taller
2025,Chaunce Jenkins,Seton Hall,72810,6-4,"6'4""",76.0,77.53,"6'6""",1.53,plays_taller,77.53,"6'6""",1.53,plays_taller
2025,Brandon Stroud,South Florida,72814,6-6,"6'6""",78.0,78.9,"6'7""",0.9,plays_taller,78.9,"6'7""",0.9,plays_taller
2025,Niko Rocak,UC Davis,72819,6-9,"6'9""",81.0,82.3,"6'10""",1.3,plays_taller,82.3,"6'10""",1.3,plays_taller
2025,John Hugley IV,Xavier,72821,6-11,"6'11""",83.0,77.75,"6'6""",-5.25,plays_shorter,77.75,"6'6""",-5.25,plays_shorter
2025,Noah Collier,William & Mary,72823,6-8,"6'8""",80.0,80.02,"6'8""",0.02,plays_at_height,80.02,"6'8""",0.02,plays_at_height
2025,Femi Odukale,Minnesota,72824,6-6,"6'6""",78.0,79.03,"6'7""",1.03,plays_taller,79.03,"6'7""",1.03,plays_taller
2025,Colin Granger,Coastal Carolina,72827,6-9,"6'9""",81.0,78.42,"6'6""",-2.58,plays_shorter,78.42,"6'6""",-2.58,plays_shorter
2025,Jalin Anderson,Incarnate Word,72830,6-3,"6'3""",75.0,74.85,"6'3""",-0.15,plays_at_height,74.85,"6'3""",-0.15,plays_at_height
2025,Christian Shumate,McNeese St.,72832,6-6,"6'6""",78.0,83.19,"6'11""",5.19,plays_taller,83.19,"6'11""",5.19,plays_taller
2025,Woody Newton,George Mason,72836,6-9,"6'9""",81.0,78.03,"6'6""",-2.97,plays_shorter,78.03,"6'6""",-2.97,plays_shorter
2025,Max Burchill,South Dakota,72843,6-4,"6'4""",76.0,75.57,"6'4""",-0.43,plays_at_height,75.57,"6'4""",-0.43,plays_at_height
2025,Mawot Mag,BYU,72860,6-7,"6'7""",79.0,76.34,"6'4""",-2.66,plays_shorter,76.34,"6'4""",-2.66,plays_shorter
2025,Kobe Elvis,Oklahoma,72862,6-1,"6'1""",73.0,74.47,"6'2""",1.47,plays_taller,74.47,"6'2""",1.47,plays_taller
2025,Myles Wilmoth,Siena,72868,6-9,"6'9""",81.0,80.85,"6'9""",-0.15,plays_at_height,80.85,"6'9""",-0.15,plays_at_height
2025,Chuck Harris,SMU,72869,6-2,"6'2""",74.0,75.17,"6'3""",1.17,plays_taller,75.17,"6'3""",1.17,plays_taller
2025,Boubacar Coulibaly,Pepperdine,72873,6-10,"6'10""",82.0,84.11,"7'0""",2.11,plays_taller,84.11,"7'0""",2.11,plays_taller
2025,Kyndall Davis,Louisiana,72875,6-5,"6'5""",77.0,77.37,"6'5""",0.37,plays_at_height,77.37,"6'5""",0.37,plays_at_height
2025,Brandon Noel,Wright St.,72891,6-8,"6'8""",80.0,80.05,"6'8""",0.05,plays_at_height,80.05,"6'8""",0.05,plays_at_height
2025,Alex Huibregtse,Wright St.,72893,6-3,"6'3""",75.0,74.49,"6'2""",-0.51,plays_at_height,74.49,"6'2""",-0.51,plays_at_height
2025,Eduardo Andre,West Virginia,72894,6-11,"6'11""",83.0,82.97,"6'11""",-0.03,plays_at_height,82.97,"6'11""",-0.03,plays_at_height
2025,Dain Dainja,Memphis,72895,6-9,"6'9""",81.0,82.73,"6'11""",1.73,plays_taller,82.73,"6'11""",1.73,plays_taller
2025,Noble Crawford,Chicago St.,72896,6-5,"6'5""",77.0,77.12,"6'5""",0.12,plays_at_height,77.12,"6'5""",0.12,plays_at_height
2025,Lu'cye Patterson,Minnesota,72897,6-2,"6'2""",74.0,75.24,"6'3""",1.24,plays_taller,75.24,"6'3""",1.24,plays_taller
2025,Nelly Joseph,New Mexico,72898,6-9,"6'9""",81.0,83.15,"6'11""",2.15,plays_taller,83.15,"6'11""",2.15,plays_taller
2025,LJ Cryer,Houston,72899,6-1,"6'1""",73.0,74.8,"6'3""",1.8,plays_taller,74.8,"6'3""",1.8,plays_taller
2025,Xavier Lipscomb,Mount St. Mary's,72907,6-2,"6'2""",74.0,75.35,"6'3""",1.35,plays_taller,75.35,"6'3""",1.35,plays_taller
2025,Dawson Baker,BYU,72910,6-3,"6'3""",75.0,75.12,"6'3""",0.12,plays_at_height,75.12,"6'3""",0.12,plays_at_height
2025,Isaiah Wilson,Winthrop,72911,6-1,"6'1""",73.0,74.76,"6'3""",1.76,plays_taller,74.76,"6'3""",1.76,plays_taller
2025,Zaakir Sawyer,Prairie View A&M,72915,6-5,"6'5""",77.0,77.0,"6'5""",-0.0,plays_at_height,77.0,"6'5""",-0.0,plays_at_height
2025,Zed Key,Dayton,72919,6-8,"6'8""",80.0,82.83,"6'11""",2.83,plays_taller,82.83,"6'11""",2.83,plays_taller
2025,Cameron Matthews,Mississippi St.,72921,6-7,"6'7""",79.0,80.95,"6'9""",1.95,plays_taller,80.95,"6'9""",1.95,plays_taller
2025,Tony Toney,UAB,72924,6-2,"6'2""",74.0,76.6,"6'5""",2.6,plays_taller,76.6,"6'5""",2.6,plays_taller
2025,Chaz Lanier,Tennessee,72930,6-5,"6'5""",77.0,76.61,"6'5""",-0.39,plays_at_height,76.61,"6'5""",-0.39,plays_at_height
2025,Jacob Crews,Missouri,72931,6-8,"6'8""",80.0,76.67,"6'5""",-3.33,plays_shorter,76.67,"6'5""",-3.33,plays_shorter
2025,Corey McKeithan,La Salle,72933,6-2,"6'2""",74.0,75.58,"6'4""",1.58,plays_taller,75.58,"6'4""",1.58,plays_taller
2025,Desmond Polk,SIU Edwardsville,72941,6-4,"6'4""",76.0,76.37,"6'4""",0.37,plays_at_height,76.37,"6'4""",0.37,plays_at_height
2025,Paris Dawson,Seattle,72945,6-2,"6'2""",74.0,75.61,"6'4""",1.61,plays_taller,75.61,"6'4""",1.61,plays_taller
2025,Keith Lamar,Stephen F. Austin,72946,6-7,"6'7""",79.0,75.64,"6'4""",-3.36,plays_shorter,75.64,"6'4""",-3.36,plays_shorter
2025,Te'Jon Sawyer,Montana,72959,6-8,"6'8""",80.0,78.68,"6'7""",-1.32,plays_shorter,78.68,"6'7""",-1.32,plays_shorter
2025,Shamir Bogues,Vermont,72960,6-4,"6'4""",76.0,77.98,"6'6""",1.98,plays_taller,77.98,"6'6""",1.98,plays_taller
2025,"Carlton Linguard, Jr.",San Francisco,72965,7-0,"7'0""",84.0,79.86,"6'8""",-4.14,plays_shorter,79.86,"6'8""",-4.14,plays_shorter
2025,Jabe Mullins,Montana St.,72969,6-6,"6'6""",78.0,77.43,"6'5""",-0.57,plays_at_height,77.43,"6'5""",-0.57,plays_at_height
2025,Steven Crowl,Wisconsin,72970,7-0,"7'0""",84.0,78.78,"6'7""",-5.22,plays_shorter,78.78,"6'7""",-5.22,plays_shorter
2025,Mitchell Saxen,Saint Mary's,72971,6-10,"6'10""",82.0,81.97,"6'10""",-0.03,plays_at_height,81.97,"6'10""",-0.03,plays_at_height
2025,KJ McClurg,Longwood,72972,6-3,"6'3""",75.0,74.66,"6'3""",-0.34,plays_at_height,74.66,"6'3""",-0.34,plays_at_height
2025,Jace Roquemore,Vermont,72977,6-5,"6'5""",77.0,76.46,"6'4""",-0.54,plays_at_height,76.46,"6'4""",-0.54,plays_at_height
2025,Donavan Yap Jr.,San Jose St.,72986,6-5,"6'5""",77.0,74.61,"6'3""",-2.39,plays_shorter,74.61,"6'3""",-2.39,plays_shorter
2025,D'Maurian Williams,High Point,72998,6-3,"6'3""",75.0,76.6,"6'5""",1.6,plays_taller,76.6,"6'5""",1.6,plays_taller
2025,Jamaine Mann,Gardner Webb,73002,6-6,"6'6""",78.0,77.91,"6'6""",-0.09,plays_at_height,77.91,"6'6""",-0.09,plays_at_height
2025,Phillip Russell,VCU,73003,6-0,"6'0""",72.0,74.23,"6'2""",2.23,plays_taller,74.23,"6'2""",2.23,plays_taller
2025,Trey Hall,Maryland Eastern Shore,73004,6-9,"6'9""",81.0,74.81,"6'3""",-6.19,plays_shorter,74.81,"6'3""",-6.19,plays_shorter
2025,Marques Warrick,Missouri,73005,6-3,"6'3""",75.0,74.75,"6'3""",-0.25,plays_at_height,74.75,"6'3""",-0.25,plays_at_height
2025,Darrick Jones Jr.,Le Moyne,73008,6-5,"6'5""",77.0,74.31,"6'2""",-2.69,plays_shorter,74.31,"6'2""",-2.69,plays_shorter
2025,Matt Zona,Fordham,73009,6-9,"6'9""",81.0,78.78,"6'7""",-2.22,plays_shorter,78.78,"6'7""",-2.22,plays_shorter
2025,Trey Robinson,Northern Kentucky,73012,6-6,"6'6""",78.0,78.6,"6'7""",0.6,plays_at_height,78.6,"6'7""",0.6,plays_at_height
2025,Jordan Sears,LSU,73017,5-11,"5'11""",71.0,76.26,"6'4""",5.26,plays_taller,76.26,"6'4""",5.26,plays_taller
2025,Garrett Hien,Furman,73018,6-9,"6'9""",81.0,78.43,"6'6""",-2.57,plays_shorter,78.43,"6'6""",-2.57,plays_shorter
2025,Drew Thelwell,Iowa,73024,6-3,"6'3""",75.0,76.18,"6'4""",1.18,plays_taller,76.18,"6'4""",1.18,plays_taller
2025,Johni Broome,Auburn,73027,6-10,"6'10""",82.0,84.38,"7'0""",2.38,plays_taller,84.38,"7'0""",2.38,plays_taller
2025,Kasen Jennings,South Florida,73029,6-3,"6'3""",75.0,74.28,"6'2""",-0.72,plays_at_height,74.28,"6'2""",-0.72,plays_at_height
2025,R.J. Blakney,Old Dominion,73049,6-6,"6'6""",78.0,78.64,"6'7""",0.64,plays_at_height,78.64,"6'7""",0.64,plays_at_height
2025,Juhlawnei Stone,Stephen F. Austin,73051,6-7,"6'7""",79.0,79.45,"6'7""",0.45,plays_at_height,79.45,"6'7""",0.45,plays_at_height
2025,Trey Thomas,Bowling Green,73054,6-0,"6'0""",72.0,74.19,"6'2""",2.19,plays_taller,74.19,"6'2""",2.19,plays_taller
2025,Churchilll Bounds,Wagner,73055,6-10,"6'10""",82.0,76.94,"6'5""",-5.06,plays_shorter,76.94,"6'5""",-5.06,plays_shorter
2025,Carter Gilmore,Wisconsin,73057,6-7,"6'7""",79.0,77.79,"6'6""",-1.21,plays_shorter,77.79,"6'6""",-1.21,plays_shorter
2025,Donovan Williams,Western Michigan,73061,6-5,"6'5""",77.0,77.32,"6'5""",0.32,plays_at_height,77.32,"6'5""",0.32,plays_at_height
2025,Jaron Pierre Jr.,Jacksonville St.,73069,6-6,"6'6""",78.0,77.05,"6'5""",-0.95,plays_shorter,77.05,"6'5""",-0.95,plays_shorter
2025,Isaiah Addo-Ankrah,Denver,73075,6-7,"6'7""",79.0,74.99,"6'3""",-4.01,plays_shorter,74.99,"6'3""",-4.01,plays_shorter
2025,Malik Henry,UNC Greensboro,73083,6-8,"6'8""",80.0,82.57,"6'11""",2.57,plays_taller,82.57,"6'11""",2.57,plays_taller
2025,Mady Sissoko,California,73086,6-9,"6'9""",81.0,83.23,"6'11""",2.23,plays_taller,83.23,"6'11""",2.23,plays_taller
2025,Jamie Bergens,Fairfield,73088,6-2,"6'2""",74.0,73.92,"6'2""",-0.08,plays_at_height,73.92,"6'2""",-0.08,plays_at_height
2025,Tanner Christensen,Hawaii,73090,6-10,"6'10""",82.0,82.21,"6'10""",0.21,plays_at_height,82.21,"6'10""",0.21,plays_at_height
2025,Burke Smith,Pacific,73093,6-11,"6'11""",83.0,76.74,"6'5""",-6.26,plays_shorter,76.74,"6'5""",-6.26,plays_shorter
2025,Mark Sears,Alabama,73096,6-1,"6'1""",73.0,75.15,"6'3""",2.15,plays_taller,75.15,"6'3""",2.15,plays_taller
2025,Posh Alexander,Dayton,73099,6-0,"6'0""",72.0,75.34,"6'3""",3.34,plays_taller,75.34,"6'3""",3.34,plays_taller
2025,Aidan Carpenter,Sacred Heart,73101,6-5,"6'5""",77.0,74.4,"6'2""",-2.6,plays_shorter,74.4,"6'2""",-2.6,plays_shorter
2025,Jaemyn Brakefield,Mississippi,73102,6-8,"6'8""",80.0,78.92,"6'7""",-1.08,plays_shorter,78.92,"6'7""",-1.08,plays_shorter
2025,J'Vonne Hadley,Louisville,73103,6-6,"6'6""",78.0,78.7,"6'7""",0.7,plays_at_height,78.7,"6'7""",0.7,plays_at_height
2025,Matt Cross,SMU,73105,6-7,"6'7""",79.0,79.12,"6'7""",0.12,plays_at_height,79.12,"6'7""",0.12,plays_at_height
2025,Darius Burford,UT Arlington,73107,6-3,"6'3""",75.0,75.49,"6'3""",0.49,plays_at_height,75.49,"6'3""",0.49,plays_at_height
2025,Earl Timberlake,Bryant,73111,6-6,"6'6""",78.0,79.97,"6'8""",1.97,plays_taller,79.97,"6'8""",1.97,plays_taller
2025,Michael Graham,Hofstra,73113,6-8,"6'8""",80.0,82.74,"6'11""",2.74,plays_taller,82.74,"6'11""",2.74,plays_taller
2025,Kylen Milton,Murray St.,73116,6-4,"6'4""",76.0,78.0,"6'6""",2.0,plays_taller,78.0,"6'6""",2.0,plays_taller
2025,Keshawn Williams,Colorado St.,73117,6-3,"6'3""",75.0,76.08,"6'4""",1.08,plays_taller,76.08,"6'4""",1.08,plays_taller
2025,Rubin Jones,Michigan,73121,6-5,"6'5""",77.0,77.07,"6'5""",0.07,plays_at_height,77.07,"6'5""",0.07,plays_at_height
2025,Shemar Rathan-Mayes,Mercyhurst,73123,5-11,"5'11""",71.0,74.99,"6'3""",3.99,plays_taller,74.99,"6'3""",3.99,plays_taller
2025,Brantly Stevenson,Cal Baptist,73130,6-4,"6'4""",76.0,75.61,"6'4""",-0.39,plays_at_height,75.61,"6'4""",-0.39,plays_at_height
2025,Steven Ashworth,Creighton,73133,6-0,"6'0""",72.0,74.85,"6'3""",2.85,plays_taller,74.85,"6'3""",2.85,plays_taller
2025,Alijah Martin,Florida,73134,6-2,"6'2""",74.0,78.39,"6'6""",4.39,plays_taller,78.39,"6'6""",4.39,plays_taller
2025,VonCameron Davis,Kent St.,73135,6-5,"6'5""",77.0,76.06,"6'4""",-0.94,plays_shorter,76.06,"6'4""",-0.94,plays_shorter
2025,TJ Bamba,Oregon,73140,6-5,"6'5""",77.0,77.32,"6'5""",0.32,plays_at_height,77.32,"6'5""",0.32,plays_at_height
2025,Josh Morgan,Stonehill,73143,6-3,"6'3""",75.0,74.53,"6'3""",-0.47,plays_at_height,74.53,"6'3""",-0.47,plays_at_height
2025,Martel Williams,Cal Baptist,73147,6-3,"6'3""",75.0,76.3,"6'4""",1.3,plays_taller,76.3,"6'4""",1.3,plays_taller
2025,Justin Vander Baan,Lafayette,73150,7-0,"7'0""",84.0,82.66,"6'11""",-1.34,plays_shorter,82.66,"6'11""",-1.34,plays_shorter
2025,Lado Laku,Northwestern St.,73159,7-0,"7'0""",84.0,81.43,"6'9""",-2.57,plays_shorter,81.43,"6'9""",-2.57,plays_shorter
2025,A.J. Staton-McCray,Miami FL,73163,6-4,"6'4""",76.0,76.99,"6'5""",0.99,plays_taller,76.99,"6'5""",0.99,plays_taller
2025,Matthew Murrell,Mississippi,73165,6-4,"6'4""",76.0,77.09,"6'5""",1.09,plays_taller,77.09,"6'5""",1.09,plays_taller
2025,Byron Joshua,Albany,73172,5-10,"5'10""",70.0,75.05,"6'3""",5.05,plays_taller,75.05,"6'3""",5.05,plays_taller
2025,Chase Martin,Missouri St.,73178,6-2,"6'2""",74.0,75.55,"6'4""",1.55,plays_taller,75.55,"6'4""",1.55,plays_taller
2025,Petar Krivokapic,Pacific,73181,6-4,"6'4""",76.0,74.58,"6'3""",-1.42,plays_shorter,74.58,"6'3""",-1.42,plays_shorter
2025,K.D. Johnson,George Mason,73183,6-0,"6'0""",72.0,77.17,"6'5""",5.17,plays_taller,77.17,"6'5""",5.17,plays_taller
2025,Hunter Jack Madden,Abilene Christian,73187,6-2,"6'2""",74.0,74.78,"6'3""",0.78,plays_taller,74.78,"6'3""",0.78,plays_taller
2025,Jacob Hutson,Northern Iowa,73198,6-11,"6'11""",83.0,79.1,"6'7""",-3.9,plays_shorter,79.1,"6'7""",-3.9,plays_shorter
2025,Kam Woods,Robert Morris,73200,6-1,"6'1""",73.0,75.8,"6'4""",2.8,plays_taller,75.8,"6'4""",2.8,plays_taller
2025,Jackson Threadgill,Appalachian St.,73202,6-6,"6'6""",78.0,75.83,"6'4""",-2.17,plays_shorter,75.83,"6'4""",-2.17,plays_shorter
2025,Zach Anderson,George Mason,73204,6-7,"6'7""",79.0,76.82,"6'5""",-2.18,plays_shorter,76.82,"6'5""",-2.18,plays_shorter
2025,Trey Fort,Samford,73210,6-4,"6'4""",76.0,77.44,"6'5""",1.44,plays_taller,77.44,"6'5""",1.44,plays_taller
2025,Will Amica,Le Moyne,73212,6-0,"6'0""",72.0,75.55,"6'4""",3.55,plays_taller,75.55,"6'4""",3.55,plays_taller
2025,Anthony Leal,Indiana,73214,6-5,"6'5""",77.0,78.01,"6'6""",1.01,plays_taller,78.01,"6'6""",1.01,plays_taller
2025,Dji Bailey,LSU,73216,6-5,"6'5""",77.0,77.65,"6'6""",0.65,plays_at_height,77.65,"6'6""",0.65,plays_at_height
2025,Adam Miller,Arizona St.,73217,6-3,"6'3""",75.0,75.47,"6'3""",0.47,plays_at_height,75.47,"6'3""",0.47,plays_at_height
2025,Dallion Johnson,Florida Gulf Coast,73219,6-3,"6'3""",75.0,73.95,"6'2""",-1.05,plays_shorter,73.95,"6'2""",-1.05,plays_shorter
2025,Derrius Ward,Coppin St.,73222,6-6,"6'6""",78.0,76.75,"6'5""",-1.25,plays_shorter,76.75,"6'5""",-1.25,plays_shorter
2025,Clifford Omoruyi,Alabama,73223,6-11,"6'11""",83.0,84.97,"7'1""",1.97,plays_taller,84.97,"7'1""",1.97,plays_taller
2025,Josh Gray,Missouri,73224,7-0,"7'0""",84.0,81.97,"6'10""",-2.03,plays_shorter,81.97,"6'10""",-2.03,plays_shorter
2025,Brandon Whitney,Montana,73227,6-1,"6'1""",73.0,75.1,"6'3""",2.1,plays_taller,75.1,"6'3""",2.1,plays_taller
2025,Henry Coleman III,Texas A&M,73233,6-8,"6'8""",80.0,79.91,"6'8""",-0.09,plays_at_height,79.91,"6'8""",-0.09,plays_at_height
2025,Jabri Abdur-Rahim,Providence,73234,6-8,"6'8""",80.0,76.4,"6'4""",-3.6,plays_shorter,76.4,"6'4""",-3.6,plays_shorter
2025,Jeremy Roach,Baylor,73237,6-2,"6'2""",74.0,74.59,"6'3""",0.59,plays_at_height,74.59,"6'3""",0.59,plays_at_height
2025,Tyrin Lawrence,Georgia,73239,6-4,"6'4""",76.0,77.19,"6'5""",1.19,plays_taller,77.19,"6'5""",1.19,plays_taller
2025,Ryan Myers,Western Illinois,73241,6-0,"6'0""",72.0,73.63,"6'2""",1.63,plays_taller,73.63,"6'2""",1.63,plays_taller
2025,Truth Harris,Radford,73244,6-2,"6'2""",74.0,75.2,"6'3""",1.2,plays_taller,75.2,"6'3""",1.2,plays_taller
2025,Andre Lorentsson,Toledo,73245,6-8,"6'8""",80.0,74.84,"6'3""",-5.16,plays_shorter,74.84,"6'3""",-5.16,plays_shorter
2025,Koby Brea,Kentucky,73256,6-7,"6'7""",79.0,76.95,"6'5""",-2.05,plays_shorter,76.95,"6'5""",-2.05,plays_shorter
2025,Hassan Diarra,Connecticut,73259,6-2,"6'2""",74.0,77.49,"6'5""",3.49,plays_taller,77.49,"6'5""",3.49,plays_taller
2025,Zarique Nutter,Georgia St.,73262,6-7,"6'7""",79.0,77.02,"6'5""",-1.98,plays_shorter,77.02,"6'5""",-1.98,plays_shorter
2025,Luke Barrett,Saint Mary's,73264,6-6,"6'6""",78.0,78.53,"6'7""",0.53,plays_at_height,78.53,"6'7""",0.53,plays_at_height
2025,Jaron Rillie,Northern Colorado,73267,6-3,"6'3""",75.0,76.3,"6'4""",1.3,plays_taller,76.3,"6'4""",1.3,plays_taller
2025,Norchad Omier,Baylor,73268,6-7,"6'7""",79.0,82.63,"6'11""",3.63,plays_taller,82.63,"6'11""",3.63,plays_taller
2025,Jalen Myers,Norfolk St.,73270,6-8,"6'8""",80.0,78.71,"6'7""",-1.29,plays_shorter,78.71,"6'7""",-1.29,plays_shorter
2025,Lamont Butler,Kentucky,73274,6-2,"6'2""",74.0,77.23,"6'5""",3.23,plays_taller,77.23,"6'5""",3.23,plays_taller
2025,Hunter Erickson,Utah,73285,6-3,"6'3""",75.0,76.52,"6'5""",1.52,plays_taller,76.52,"6'5""",1.52,plays_taller
2025,Tai'Reon Joseph,UTSA,73288,6-2,"6'2""",74.0,76.15,"6'4""",2.15,plays_taller,76.15,"6'4""",2.15,plays_taller
2025,Ethan Morton,Colorado St.,73290,6-6,"6'6""",78.0,77.87,"6'6""",-0.13,plays_at_height,77.87,"6'6""",-0.13,plays_at_height
2025,Anthony Blunt,UMass Lowell,73291,6-2,"6'2""",74.0,75.26,"6'3""",1.26,plays_taller,75.26,"6'3""",1.26,plays_taller
2025,Micah Peavy,Georgetown,73292,6-8,"6'8""",80.0,79.15,"6'7""",-0.85,plays_shorter,79.15,"6'7""",-0.85,plays_shorter
2025,Siem Uijtendaal,Youngstown St.,73301,6-6,"6'6""",78.0,75.2,"6'3""",-2.8,plays_shorter,75.2,"6'3""",-2.8,plays_shorter
2025,Jefferson Koulibaly,Pacific,73307,6-3,"6'3""",75.0,75.45,"6'3""",0.45,plays_at_height,75.45,"6'3""",0.45,plays_at_height
2025,Nehemiah Benson,Binghamton,73308,6-7,"6'7""",79.0,76.95,"6'5""",-2.05,plays_shorter,76.95,"6'5""",-2.05,plays_shorter
2025,Xavier Bell,Wichita St.,73310,6-2,"6'2""",74.0,75.29,"6'3""",1.29,plays_taller,75.29,"6'3""",1.29,plays_taller
2025,Baylor Hebb,UTEP,73316,6-2,"6'2""",74.0,73.87,"6'2""",-0.13,plays_at_height,73.87,"6'2""",-0.13,plays_at_height
2025,Antwan Burnett,Grambling St.,73317,6-5,"6'5""",77.0,76.74,"6'5""",-0.26,plays_at_height,76.74,"6'5""",-0.26,plays_at_height
2025,Kellen Amos,Rice,73323,6-6,"6'6""",78.0,77.85,"6'6""",-0.15,plays_at_height,77.85,"6'6""",-0.15,plays_at_height
2025,Devin Tillis,UC Irvine,73324,6-6,"6'6""",78.0,78.07,"6'6""",0.07,plays_at_height,78.07,"6'6""",0.07,plays_at_height
2025,PJ Carter,Memphis,73329,6-5,"6'5""",77.0,74.63,"6'3""",-2.37,plays_shorter,74.63,"6'3""",-2.37,plays_shorter
2025,Nicholas Jourdain,Memphis,73335,6-8,"6'8""",80.0,81.01,"6'9""",1.01,plays_taller,81.01,"6'9""",1.01,plays_taller
2025,Zachary Visentin,Cal St. Fullerton,73337,6-9,"6'9""",81.0,78.2,"6'6""",-2.8,plays_shorter,78.2,"6'6""",-2.8,plays_shorter
2025,David N'Guessan,Kansas St.,73338,6-9,"6'9""",81.0,81.82,"6'10""",0.82,plays_taller,81.82,"6'10""",0.82,plays_taller
2025,Dante Maddox Jr.,Xavier,73341,6-2,"6'2""",74.0,76.41,"6'4""",2.41,plays_taller,76.41,"6'4""",2.41,plays_taller
2025,Henry Abraham,Coastal Carolina,73349,6-0,"6'0""",72.0,73.75,"6'2""",1.75,plays_taller,73.75,"6'2""",1.75,plays_taller
2025,Carson Towt,Northern Arizona,73350,6-7,"6'7""",79.0,81.84,"6'10""",2.84,plays_taller,81.84,"6'10""",2.84,plays_taller
2025,Koby Jeffries,Illinois Chicago,73351,6-3,"6'3""",75.0,75.38,"6'3""",0.38,plays_at_height,75.38,"6'3""",0.38,plays_at_height
2025,Zimi Nwokeji,Jacksonville,73352,6-7,"6'7""",79.0,78.05,"6'6""",-0.95,plays_shorter,78.05,"6'6""",-0.95,plays_shorter
2025,Dishon Jackson,Iowa St.,73354,6-11,"6'11""",83.0,82.87,"6'11""",-0.13,plays_at_height,82.87,"6'11""",-0.13,plays_at_height
2025,Jyare Davis,Syracuse,73356,6-7,"6'7""",79.0,79.02,"6'7""",0.02,plays_at_height,79.02,"6'7""",0.02,plays_at_height
2025,Obinna Anochili-Killen,Marshall,73364,6-8,"6'8""",80.0,83.39,"6'11""",3.39,plays_taller,83.39,"6'11""",3.39,plays_taller
2025,David Early,Radford,73365,6-4,"6'4""",76.0,74.69,"6'3""",-1.31,plays_shorter,74.69,"6'3""",-1.31,plays_shorter
2025,Ian Martinez,Utah St.,73368,6-3,"6'3""",75.0,77.45,"6'5""",2.45,plays_taller,77.45,"6'5""",2.45,plays_taller
2025,Marcus Watson Jr.,Jackson St.,73378,5-10,"5'10""",70.0,75.03,"6'3""",5.03,plays_taller,75.03,"6'3""",5.03,plays_taller
2025,Jaden House,Rhode Island,73379,6-4,"6'4""",76.0,75.67,"6'4""",-0.33,plays_at_height,75.67,"6'4""",-0.33,plays_at_height
2025,Zack Austin,Pittsburgh,73380,6-7,"6'7""",79.0,79.17,"6'7""",0.17,plays_at_height,79.17,"6'7""",0.17,plays_at_height
2025,Alex Holt,Mercer,73385,6-8,"6'8""",80.0,80.31,"6'8""",0.31,plays_at_height,80.31,"6'8""",0.31,plays_at_height
2025,Andrej Jakimovski,Colorado,73393,6-8,"6'8""",80.0,76.18,"6'4""",-3.82,plays_shorter,76.18,"6'4""",-3.82,plays_shorter
2025,Jaylon Gibson,Charleston Southern,73394,6-10,"6'10""",82.0,79.32,"6'7""",-2.68,plays_shorter,79.32,"6'7""",-2.68,plays_shorter
2025,Ismael Plet,Robert Morris,73395,6-7,"6'7""",79.0,79.34,"6'7""",0.34,plays_at_height,79.34,"6'7""",0.34,plays_at_height
2025,Cam Hayes,East Carolina,73399,6-3,"6'3""",75.0,75.12,"6'3""",0.12,plays_at_height,75.12,"6'3""",0.12,plays_at_height
2025,Shakeel Moore,Kansas,73400,6-1,"6'1""",73.0,77.15,"6'5""",4.15,plays_taller,77.15,"6'5""",4.15,plays_taller
2025,A.J. Hoggard,Vanderbilt,73402,6-4,"6'4""",76.0,76.23,"6'4""",0.23,plays_at_height,76.23,"6'4""",0.23,plays_at_height
2025,Chibuzo Agbo,USC,73404,6-7,"6'7""",79.0,76.95,"6'5""",-2.05,plays_shorter,76.95,"6'5""",-2.05,plays_shorter
2025,Milton Matthews,Florida A&M,73412,6-3,"6'3""",75.0,75.65,"6'4""",0.65,plays_at_height,75.65,"6'4""",0.65,plays_at_height
2025,Jarrett Hensley,Southern Illinois,73413,6-8,"6'8""",80.0,79.34,"6'7""",-0.66,plays_at_height,79.34,"6'7""",-0.66,plays_at_height
2025,Joe Munden Jr.,Northern Illinois,73418,6-3,"6'3""",75.0,76.44,"6'4""",1.44,plays_taller,76.44,"6'4""",1.44,plays_taller
2025,Lincoln Ball,American,73421,6-6,"6'6""",78.0,78.1,"6'6""",0.1,plays_at_height,78.1,"6'6""",0.1,plays_at_height
2025,Jared Garcia,Tulsa,73424,6-9,"6'9""",81.0,78.81,"6'7""",-2.19,plays_shorter,78.81,"6'7""",-2.19,plays_shorter
2025,Trey Townsend,Arizona,73429,6-6,"6'6""",78.0,78.35,"6'6""",0.35,plays_at_height,78.35,"6'6""",0.35,plays_at_height
2025,Micah Parrish,Ohio St.,73431,6-6,"6'6""",78.0,77.82,"6'6""",-0.18,plays_at_height,77.82,"6'6""",-0.18,plays_at_height
2025,Tyler McGhie,UC San Diego,73438,6-5,"6'5""",77.0,75.3,"6'3""",-1.7,plays_shorter,75.3,"6'3""",-1.7,plays_shorter
2025,Khristian Lander,Western Kentucky,73439,6-3,"6'3""",75.0,75.71,"6'4""",0.71,plays_at_height,75.71,"6'4""",0.71,plays_at_height
2025,Sin'Cere McMahon,Norfolk St.,73440,6-1,"6'1""",73.0,73.88,"6'2""",0.88,plays_taller,73.88,"6'2""",0.88,plays_taller
2025,Javonté Johnson,Cal Baptist,73442,6-6,"6'6""",78.0,76.2,"6'4""",-1.8,plays_shorter,76.2,"6'4""",-1.8,plays_shorter
2025,Nolan Dorsey,Campbell,73443,6-5,"6'5""",77.0,77.08,"6'5""",0.08,plays_at_height,77.08,"6'5""",0.08,plays_at_height
2025,Evan Johnson,Maryland Eastern Shore,73450,6-0,"6'0""",72.0,74.2,"6'2""",2.2,plays_taller,74.2,"6'2""",2.2,plays_taller
2025,"Jamal Mashburn, Jr.",Temple,73453,6-2,"6'2""",74.0,74.4,"6'2""",0.4,plays_at_height,74.4,"6'2""",0.4,plays_at_height
2025,Hunter Dickinson,Kansas,73454,7-2,"7'2""",86.0,82.21,"6'10""",-3.79,plays_shorter,82.21,"6'10""",-3.79,plays_shorter
2025,Amari Williams,Kentucky,73458,7-0,"7'0""",84.0,84.47,"7'0""",0.47,plays_at_height,84.47,"7'0""",0.47,plays_at_height
2025,Johnell Davis,Arkansas,73459,6-3,"6'3""",75.0,76.62,"6'5""",1.62,plays_taller,76.62,"6'5""",1.62,plays_taller
2025,Niels Lane,Delaware,73461,6-5,"6'5""",77.0,78.19,"6'6""",1.19,plays_taller,78.19,"6'6""",1.19,plays_taller
2025,Ahron Ulis,Nebraska,73463,6-3,"6'3""",75.0,75.2,"6'3""",0.2,plays_at_height,75.2,"6'3""",0.2,plays_at_height
2025,Kellen Tynes,Maine,73468,6-3,"6'3""",75.0,78.05,"6'6""",3.05,plays_taller,78.05,"6'6""",3.05,plays_taller
2025,Jalen Celestine,Baylor,73474,6-7,"6'7""",79.0,75.77,"6'4""",-3.23,plays_shorter,75.77,"6'4""",-3.23,plays_shorter
2025,Alem Huseinovic,Rice,73475,6-4,"6'4""",76.0,74.21,"6'2""",-1.79,plays_shorter,74.21,"6'2""",-1.79,plays_shorter
2025,JaKobe Coles,Grand Canyon,73480,6-8,"6'8""",80.0,79.11,"6'7""",-0.89,plays_shorter,79.11,"6'7""",-0.89,plays_shorter
2025,Emory Lanier,Rice,73483,6-3,"6'3""",75.0,75.78,"6'4""",0.78,plays_taller,75.78,"6'4""",0.78,plays_taller
2025,Darius Hannah,Bradley,73489,6-9,"6'9""",81.0,80.93,"6'9""",-0.07,plays_at_height,80.93,"6'9""",-0.07,plays_at_height
2025,Mykell Robinson,Fresno St.,73490,6-7,"6'7""",79.0,75.94,"6'4""",-3.06,plays_shorter,75.94,"6'4""",-3.06,plays_shorter
2025,Viktor Rajković,Seattle,73491,6-6,"6'6""",78.0,74.57,"6'3""",-3.43,plays_shorter,74.57,"6'3""",-3.43,plays_shorter
2025,Kobe Sanders,Nevada,73493,6-9,"6'9""",81.0,77.22,"6'5""",-3.78,plays_shorter,77.22,"6'5""",-3.78,plays_shorter
2025,Dionte Bostick,New Mexico St.,73494,6-2,"6'2""",74.0,77.27,"6'5""",3.27,plays_taller,77.27,"6'5""",3.27,plays_taller
2025,Howie Fleming Jr.,UT Rio Grande Valley,73495,6-5,"6'5""",77.0,78.4,"6'6""",1.4,plays_taller,78.4,"6'6""",1.4,plays_taller
2025,Dyson Koehler,Weber St.,73498,6-7,"6'7""",79.0,75.94,"6'4""",-3.06,plays_shorter,75.94,"6'4""",-3.06,plays_shorter
2025,Alston Andrews,Delaware St.,73500,6-10,"6'10""",82.0,77.41,"6'5""",-4.59,plays_shorter,77.41,"6'5""",-4.59,plays_shorter
2025,"Sam Hines, Jr.",Southeastern Louisiana,73501,6-6,"6'6""",78.0,79.16,"6'7""",1.16,plays_taller,79.16,"6'7""",1.16,plays_taller
2025,Derek Fountain,LSU,73504,6-10,"6'10""",82.0,76.52,"6'5""",-5.48,plays_shorter,76.52,"6'5""",-5.48,plays_shorter
2025,Myles Stute,South Carolina,73509,6-6,"6'6""",78.0,74.79,"6'3""",-3.21,plays_shorter,74.79,"6'3""",-3.21,plays_shorter
2025,Delaney Heard,Kennesaw St.,73514,6-3,"6'3""",75.0,74.14,"6'2""",-0.86,plays_shorter,74.14,"6'2""",-0.86,plays_shorter
2025,Puff Johnson,Penn St.,73516,6-8,"6'8""",80.0,78.57,"6'7""",-1.43,plays_shorter,78.57,"6'7""",-1.43,plays_shorter
2025,Joe Bamisile,VCU,73517,6-4,"6'4""",76.0,79.97,"6'8""",3.97,plays_taller,79.97,"6'8""",3.97,plays_taller
2025,Darius Maddox,George Mason,73520,6-5,"6'5""",77.0,76.29,"6'4""",-0.71,plays_at_height,76.29,"6'4""",-0.71,plays_at_height
2025,Davonte Davis,Oklahoma St.,73528,6-4,"6'4""",76.0,74.86,"6'3""",-1.14,plays_shorter,74.86,"6'3""",-1.14,plays_shorter
2025,Isaiah Rivera,DePaul,73530,6-5,"6'5""",77.0,77.35,"6'5""",0.35,plays_at_height,77.35,"6'5""",0.35,plays_at_height
2025,Dre Davis,Mississippi,73531,6-6,"6'6""",78.0,79.55,"6'8""",1.55,plays_taller,79.55,"6'8""",1.55,plays_taller
2025,JJ Traynor,DePaul,73534,6-9,"6'9""",81.0,80.39,"6'8""",-0.61,plays_at_height,80.39,"6'8""",-0.61,plays_at_height
2025,Matteo Picarelli,Temple,73540,6-2,"6'2""",74.0,72.97,"6'1""",-1.03,plays_shorter,72.97,"6'1""",-1.03,plays_shorter
2025,Devontae Blanton,Eastern Kentucky,73548,6-6,"6'6""",78.0,75.89,"6'4""",-2.11,plays_shorter,75.89,"6'4""",-2.11,plays_shorter
2025,Selton Miguel,Maryland,73550,6-4,"6'4""",76.0,75.98,"6'4""",-0.02,plays_at_height,75.98,"6'4""",-0.02,plays_at_height
2025,Tyler Brelsford,Morehead St.,73555,6-4,"6'4""",76.0,76.54,"6'5""",0.54,plays_at_height,76.54,"6'5""",0.54,plays_at_height
2025,Supreme Cook,Oregon,73556,6-9,"6'9""",81.0,79.56,"6'8""",-1.44,plays_shorter,79.56,"6'8""",-1.44,plays_shorter
2025,Tony Perkins,Missouri,73558,6-4,"6'4""",76.0,77.79,"6'6""",1.79,plays_taller,77.79,"6'6""",1.79,plays_taller
2025,Jamahri Harvey,Presbyterian,73564,6-5,"6'5""",77.0,74.75,"6'3""",-2.25,plays_shorter,74.75,"6'3""",-2.25,plays_shorter
2025,Duke Miles,Oklahoma,73566,6-2,"6'2""",74.0,76.92,"6'5""",2.92,plays_taller,76.92,"6'5""",2.92,plays_taller
2025,Jaden Seymour,East Tennessee St.,73568,6-8,"6'8""",80.0,80.49,"6'8""",0.49,plays_at_height,80.49,"6'8""",0.49,plays_at_height
2025,Jordan Geronimo,Maryland,73569,6-6,"6'6""",78.0,81.64,"6'10""",3.64,plays_taller,81.64,"6'10""",3.64,plays_taller
2025,Max Brooks,UMass Lowell,73573,6-7,"6'7""",79.0,82.92,"6'11""",3.92,plays_taller,82.92,"6'11""",3.92,plays_taller
2025,Chris Youngblood,Alabama,73574,6-4,"6'4""",76.0,75.33,"6'3""",-0.67,plays_at_height,75.33,"6'3""",-0.67,plays_at_height
2025,Lamar Oden Jr.,Charleston Southern,73578,6-6,"6'6""",78.0,75.0,"6'3""",-3.0,plays_shorter,75.0,"6'3""",-3.0,plays_shorter
2025,Zeb Jackson,VCU,73581,6-5,"6'5""",77.0,77.64,"6'6""",0.64,plays_at_height,77.64,"6'6""",0.64,plays_at_height
2025,John Mikey Square,Cal St. Fullerton,73586,6-6,"6'6""",78.0,78.51,"6'7""",0.51,plays_at_height,78.51,"6'7""",0.51,plays_at_height
2025,Christian Turner,Texas St.,73588,6-7,"6'7""",79.0,77.68,"6'6""",-1.32,plays_shorter,77.68,"6'6""",-1.32,plays_shorter
2025,Nick Boyd,San Diego St.,73590,6-3,"6'3""",75.0,76.61,"6'5""",1.61,plays_taller,76.61,"6'5""",1.61,plays_taller
2025,Tyler Patterson,Montana St.,73592,6-8,"6'8""",80.0,76.01,"6'4""",-3.99,plays_shorter,76.01,"6'4""",-3.99,plays_shorter
2025,Ray'Sean Taylor,SIU Edwardsville,73594,6-1,"6'1""",73.0,76.08,"6'4""",3.08,plays_taller,76.08,"6'4""",3.08,plays_taller
2025,Trey Bonham,Chattanooga,73596,6-0,"6'0""",72.0,77.31,"6'5""",5.31,plays_taller,77.31,"6'5""",5.31,plays_taller
2025,Dwayne Koroma,Le Moyne,73599,6-8,"6'8""",80.0,80.82,"6'9""",0.82,plays_taller,80.82,"6'9""",0.82,plays_taller
2025,Dylan Branson,Bellarmine,73600,6-5,"6'5""",77.0,76.8,"6'5""",-0.2,plays_at_height,76.8,"6'5""",-0.2,plays_at_height
2025,Bryce Johnson,Sacred Heart,73606,6-6,"6'6""",78.0,79.8,"6'8""",1.8,plays_taller,79.8,"6'8""",1.8,plays_taller
2025,Max Shulga,VCU,73607,6-5,"6'5""",77.0,78.0,"6'6""",1.0,plays_taller,78.0,"6'6""",1.0,plays_taller
2025,Grant Nelson,Alabama,73609,6-11,"6'11""",83.0,82.1,"6'10""",-0.9,plays_shorter,82.1,"6'10""",-0.9,plays_shorter
2025,Jaylin Jackson-Posey,Texas Southern,73614,6-3,"6'3""",75.0,75.77,"6'4""",0.77,plays_taller,75.77,"6'4""",0.77,plays_taller
2025,Jayson Kent,Texas,73616,6-8,"6'8""",80.0,78.91,"6'7""",-1.09,plays_shorter,78.91,"6'7""",-1.09,plays_shorter
2025,Jamal West Jr.,Nicholls St.,73618,6-6,"6'6""",78.0,81.45,"6'9""",3.45,plays_taller,81.45,"6'9""",3.45,plays_taller
2025,AJ McGinnis,Wichita St.,73621,6-3,"6'3""",75.0,74.61,"6'3""",-0.39,plays_at_height,74.61,"6'3""",-0.39,plays_at_height
2025,JaCobi Wood,Murray St.,73622,6-2,"6'2""",74.0,75.54,"6'4""",1.54,plays_taller,75.54,"6'4""",1.54,plays_taller
2025,Andre Weir,Kennesaw St.,73624,6-9,"6'9""",81.0,82.7,"6'11""",1.7,plays_taller,82.7,"6'11""",1.7,plays_taller
2025,Kadary Richmond,St. John's,73625,6-6,"6'6""",78.0,79.13,"6'7""",1.13,plays_taller,79.13,"6'7""",1.13,plays_taller
2025,Even Brauns,Iowa,73626,6-9,"6'9""",81.0,79.68,"6'8""",-1.32,plays_shorter,79.68,"6'8""",-1.32,plays_shorter
2025,Kendal Coleman,Cal Baptist,73633,6-8,"6'8""",80.0,81.03,"6'9""",1.03,plays_taller,81.03,"6'9""",1.03,plays_taller
2025,Kerwin Walton,Texas Tech,73638,6-5,"6'5""",77.0,74.08,"6'2""",-2.92,plays_shorter,74.08,"6'2""",-2.92,plays_shorter
2025,Dwon Odom,Tulsa,73640,6-2,"6'2""",74.0,77.96,"6'6""",3.96,plays_taller,77.96,"6'6""",3.96,plays_taller
2025,Jhaylon Martinez,Niagara,73642,6-11,"6'11""",83.0,78.66,"6'7""",-4.34,plays_shorter,78.66,"6'7""",-4.34,plays_shorter
2025,Tre Coleman,Nevada,73643,6-7,"6'7""",79.0,75.72,"6'4""",-3.28,plays_shorter,75.72,"6'4""",-3.28,plays_shorter
2025,Marcus Williams,San Francisco,73646,6-2,"6'2""",74.0,77.09,"6'5""",3.09,plays_taller,77.09,"6'5""",3.09,plays_taller
2025,Ronald Polite III,UNC Greensboro,73647,6-2,"6'2""",74.0,75.79,"6'4""",1.79,plays_taller,75.79,"6'4""",1.79,plays_taller
2025,Dalton Banks,Illinois St.,73659,6-2,"6'2""",74.0,77.45,"6'5""",3.45,plays_taller,77.45,"6'5""",3.45,plays_taller
2025,Andre Curbelo,Southern Miss,73661,6-1,"6'1""",73.0,75.7,"6'4""",2.7,plays_taller,75.7,"6'4""",2.7,plays_taller
2025,Will Pruitt,Lipscomb,73663,6-3,"6'3""",75.0,76.82,"6'5""",1.82,plays_taller,76.82,"6'5""",1.82,plays_taller
2025,Jadrian Tracey,Oregon,73683,6-5,"6'5""",77.0,77.09,"6'5""",0.09,plays_at_height,77.09,"6'5""",0.09,plays_at_height
2025,Vladislav Goldin,Michigan,73691,7-1,"7'1""",85.0,83.23,"6'11""",-1.77,plays_shorter,83.23,"6'11""",-1.77,plays_shorter
2025,Rongie Gordon,Kennesaw St.,73696,6-8,"6'8""",80.0,79.95,"6'8""",-0.05,plays_at_height,79.95,"6'8""",-0.05,plays_at_height
2025,Caleb Lohner,Utah,73697,6-8,"6'8""",80.0,77.98,"6'6""",-2.02,plays_shorter,77.98,"6'6""",-2.02,plays_shorter
2025,Otis Frazier III,UTEP,73698,6-6,"6'6""",78.0,79.07,"6'7""",1.07,plays_taller,79.07,"6'7""",1.07,plays_taller
2025,Kaleb Scott,Presbyterian,73699,6-8,"6'8""",80.0,79.41,"6'7""",-0.59,plays_at_height,79.41,"6'7""",-0.59,plays_at_height
2025,Nana Antwi-Boasiako,Stephen F. Austin,73700,6-9,"6'9""",81.0,81.29,"6'9""",0.29,plays_at_height,81.29,"6'9""",0.29,plays_at_height
2025,Isaac Lindsey,South Dakota St.,73701,6-4,"6'4""",76.0,74.0,"6'2""",-2.0,plays_shorter,74.0,"6'2""",-2.0,plays_shorter
2025,Noah Taitz,Utah Valley,73704,6-4,"6'4""",76.0,74.64,"6'3""",-1.36,plays_shorter,74.64,"6'3""",-1.36,plays_shorter
2025,Marcellus Brigham Jr,Jacksonville St.,73713,6-7,"6'7""",79.0,77.16,"6'5""",-1.84,plays_shorter,77.16,"6'5""",-1.84,plays_shorter
2025,Jacob Ognacevic,Lipscomb,73714,6-7,"6'7""",79.0,79.46,"6'7""",0.46,plays_at_height,79.46,"6'7""",0.46,plays_at_height
2025,Brandon Angel,Oregon,73716,6-8,"6'8""",80.0,78.24,"6'6""",-1.76,plays_shorter,78.24,"6'6""",-1.76,plays_shorter
2025,Sheldon Edwards Jr.,Loyola Chicago,73717,6-4,"6'4""",76.0,76.18,"6'4""",0.18,plays_at_height,76.18,"6'4""",0.18,plays_at_height
2025,Kobe Williamson,Seattle,73720,6-8,"6'8""",80.0,79.86,"6'8""",-0.14,plays_at_height,79.86,"6'8""",-0.14,plays_at_height
2025,Justin Amadi,Tulsa,73722,6-7,"6'7""",79.0,78.56,"6'7""",-0.44,plays_at_height,78.56,"6'7""",-0.44,plays_at_height
2025,Isaiah Richards,Gardner Webb,73730,6-10,"6'10""",82.0,81.2,"6'9""",-0.8,plays_shorter,81.2,"6'9""",-0.8,plays_shorter
2025,Mylyjael Poteat,Virginia Tech,73735,6-9,"6'9""",81.0,79.69,"6'8""",-1.31,plays_shorter,79.69,"6'8""",-1.31,plays_shorter
2025,Ileri Ayo-Faleye,Vermont,73741,6-8,"6'8""",80.0,80.09,"6'8""",0.09,plays_at_height,80.09,"6'8""",0.09,plays_at_height
2025,Szymon Zapala,Michigan St.,73746,7-0,"7'0""",84.0,82.11,"6'10""",-1.89,plays_shorter,82.11,"6'10""",-1.89,plays_shorter
2025,Kenny White Jr.,Morehead St.,73753,6-7,"6'7""",79.0,77.22,"6'5""",-1.78,plays_shorter,77.22,"6'5""",-1.78,plays_shorter
2025,Daniel Batcho,Louisiana Tech,73762,6-11,"6'11""",83.0,83.87,"7'0""",0.87,plays_taller,83.87,"7'0""",0.87,plays_taller
2025,Max Klesmit,Wisconsin,73766,6-4,"6'4""",76.0,74.97,"6'3""",-1.03,plays_shorter,74.97,"6'3""",-1.03,plays_shorter
2025,Sam Godwin,Oklahoma,73767,6-10,"6'10""",82.0,81.96,"6'10""",-0.04,plays_at_height,81.96,"6'10""",-0.04,plays_at_height
2025,Nick Pringle,South Carolina,73768,6-10,"6'10""",82.0,81.61,"6'10""",-0.39,plays_at_height,81.61,"6'10""",-0.39,plays_at_height
2025,Kerr Kriisa,Kentucky,73770,6-3,"6'3""",75.0,74.2,"6'2""",-0.8,plays_shorter,74.2,"6'2""",-0.8,plays_shorter
2025,Kyler Filewich,Wofford,73776,6-9,"6'9""",81.0,81.71,"6'10""",0.71,plays_at_height,81.71,"6'10""",0.71,plays_at_height
2025,Luke Kasubke,North Dakota St.,73778,6-5,"6'5""",77.0,76.63,"6'5""",-0.37,plays_at_height,76.63,"6'5""",-0.37,plays_at_height
2025,Myles Tate,Appalachian St.,73780,6-0,"6'0""",72.0,75.93,"6'4""",3.93,plays_taller,75.93,"6'4""",3.93,plays_taller
2025,Nimari Burnett,Michigan,73788,6-5,"6'5""",77.0,77.6,"6'6""",0.6,plays_at_height,77.6,"6'6""",0.6,plays_at_height
2025,RJ Davis,North Carolina,73790,6-0,"6'0""",72.0,75.27,"6'3""",3.27,plays_taller,75.27,"6'3""",3.27,plays_taller
2025,C.J. Wilcher,Texas A&M,73795,6-5,"6'5""",77.0,74.32,"6'2""",-2.68,plays_shorter,74.32,"6'2""",-2.68,plays_shorter
2025,Dylan Cardwell,Auburn,73796,6-11,"6'11""",83.0,84.86,"7'1""",1.86,plays_taller,84.86,"7'1""",1.86,plays_taller
2025,Alex Merkviladze,Loyola Marymount,73797,6-8,"6'8""",80.0,77.32,"6'5""",-2.68,plays_shorter,77.32,"6'5""",-2.68,plays_shorter
2025,Atin Wright,North Texas,73800,6-1,"6'1""",73.0,74.45,"6'2""",1.45,plays_taller,74.45,"6'2""",1.45,plays_taller
2025,Jeff Woodward,Colgate,73805,6-11,"6'11""",83.0,81.46,"6'9""",-1.54,plays_shorter,81.46,"6'9""",-1.54,plays_shorter
2025,Kyle Jenkins,Fairfield,73806,6-7,"6'7""",79.0,77.44,"6'5""",-1.56,plays_shorter,77.44,"6'5""",-1.56,plays_shorter
2025,Mikeal Brown-Jones,Mississippi,73808,6-8,"6'8""",80.0,79.38,"6'7""",-0.62,plays_at_height,79.38,"6'7""",-0.62,plays_at_height
2025,Ronnie DeGray III,Wichita St.,73811,6-6,"6'6""",78.0,78.63,"6'7""",0.63,plays_at_height,78.63,"6'7""",0.63,plays_at_height
2025,Ace Baldwin Jr.,Penn St.,73814,6-0,"6'0""",72.0,75.28,"6'3""",3.28,plays_taller,75.28,"6'3""",3.28,plays_taller
2025,Deuce Turner,UC Santa Barbara,73818,6-2,"6'2""",74.0,74.59,"6'3""",0.59,plays_at_height,74.59,"6'3""",0.59,plays_at_height
2025,Joshua Reaves,Illinois Chicago,73819,6-4,"6'4""",76.0,75.52,"6'4""",-0.48,plays_at_height,75.52,"6'4""",-0.48,plays_at_height
2025,Quinton Mincey,UMass Lowell,73820,6-7,"6'7""",79.0,77.36,"6'5""",-1.64,plays_shorter,77.36,"6'5""",-1.64,plays_shorter
2025,Dyondre Dominguez,Arkansas St.,73821,6-9,"6'9""",81.0,78.66,"6'7""",-2.34,plays_shorter,78.66,"6'7""",-2.34,plays_shorter
2025,Amir Nesbitt,Stonehill,73825,6-1,"6'1""",73.0,74.11,"6'2""",1.11,plays_taller,74.11,"6'2""",1.11,plays_taller
2025,Andre Screen,Butler,73829,7-1,"7'1""",85.0,82.22,"6'10""",-2.78,plays_shorter,82.22,"6'10""",-2.78,plays_shorter
2025,Dakota Leffew,Georgia,73830,6-4,"6'4""",76.0,76.45,"6'4""",0.45,plays_at_height,76.45,"6'4""",0.45,plays_at_height
2025,Javohn Garcia,McNeese St.,73832,6-3,"6'3""",75.0,76.49,"6'4""",1.49,plays_taller,76.49,"6'4""",1.49,plays_taller
2025,DaJion Humphrey,Bowling Green,73835,6-4,"6'4""",76.0,74.46,"6'2""",-1.54,plays_shorter,74.46,"6'2""",-1.54,plays_shorter
2025,Judson Martindale,Cal St. Northridge,73839,6-7,"6'7""",79.0,77.4,"6'5""",-1.6,plays_shorter,77.4,"6'5""",-1.6,plays_shorter
2025,Miles Brewster,Boston University,73841,6-3,"6'3""",75.0,76.68,"6'5""",1.68,plays_taller,76.68,"6'5""",1.68,plays_taller
2025,Anthony Morales,Kent St.,73842,6-8,"6'8""",80.0,78.14,"6'6""",-1.86,plays_shorter,78.14,"6'6""",-1.86,plays_shorter
2025,RJ Johnson,Charleston Southern,73844,6-1,"6'1""",73.0,74.44,"6'2""",1.44,plays_taller,74.44,"6'2""",1.44,plays_taller
2025,Bo Montgomery,UNC Wilmington,73845,6-5,"6'5""",77.0,77.74,"6'6""",0.74,plays_at_height,77.74,"6'6""",0.74,plays_at_height
2025,Colin Smalls,American,73847,6-2,"6'2""",74.0,75.53,"6'4""",1.53,plays_taller,75.53,"6'4""",1.53,plays_taller
2025,Johnny O'Neil,Santa Clara,73849,6-10,"6'10""",82.0,79.96,"6'8""",-2.04,plays_shorter,79.96,"6'8""",-2.04,plays_shorter
2025,Matt Rogers,American,73850,6-9,"6'9""",81.0,79.12,"6'7""",-1.88,plays_shorter,79.12,"6'7""",-1.88,plays_shorter
2025,Jalen Rucker,Army,73854,5-10,"5'10""",70.0,75.17,"6'3""",5.17,plays_taller,75.17,"6'3""",5.17,plays_taller
2025,Jamir Watkins,Florida St.,73872,6-7,"6'7""",79.0,79.31,"6'7""",0.31,plays_at_height,79.31,"6'7""",0.31,plays_at_height
2025,Emmanuel Okpomo,New Hampshire,73889,6-10,"6'10""",82.0,79.31,"6'7""",-2.69,plays_shorter,79.31,"6'7""",-2.69,plays_shorter
2025,Josh Banks,UNC Asheville,73891,6-5,"6'5""",77.0,76.26,"6'4""",-0.74,plays_at_height,76.26,"6'4""",-0.74,plays_at_height
2025,Floyd Rideau Jr.,North Carolina Central,74024,6-5,"6'5""",77.0,75.69,"6'4""",-1.31,plays_shorter,75.69,"6'4""",-1.31,plays_shorter
2025,Jamille Reynolds,South Florida,74068,6-11,"6'11""",83.0,82.85,"6'11""",-0.15,plays_at_height,82.85,"6'11""",-0.15,plays_at_height
2025,Isaiah Adams,Toledo,74069,6-6,"6'6""",78.0,76.56,"6'5""",-1.44,plays_shorter,76.56,"6'5""",-1.44,plays_shorter
2025,Malik Edmead,Merrimack,74071,5-10,"5'10""",70.0,76.51,"6'5""",6.51,plays_taller,76.51,"6'5""",6.51,plays_taller
2025,Bash Wieland,Chattanooga,74077,6-6,"6'6""",78.0,76.4,"6'4""",-1.6,plays_shorter,76.4,"6'4""",-1.6,plays_shorter
2025,Jemal Davis,UNC Asheville,74079,6-9,"6'9""",81.0,77.75,"6'6""",-3.25,plays_shorter,77.75,"6'6""",-3.25,plays_shorter
2025,Themus Fulks,Milwaukee,74080,6-1,"6'1""",73.0,75.05,"6'3""",2.05,plays_taller,75.05,"6'3""",2.05,plays_taller
2025,Delonnie Hunt,Richmond,74096,6-0,"6'0""",72.0,76.05,"6'4""",4.05,plays_taller,76.05,"6'4""",4.05,plays_taller
2025,Zahree Harrison,Coppin St.,74099,6-0,"6'0""",72.0,74.1,"6'2""",2.1,plays_taller,74.1,"6'2""",2.1,plays_taller
2025,Joe Octave,Stony Brook,74114,6-4,"6'4""",76.0,77.31,"6'5""",1.31,plays_taller,77.31,"6'5""",1.31,plays_taller
2025,Sion James,Duke,74127,6-6,"6'6""",78.0,78.6,"6'7""",0.6,plays_at_height,78.6,"6'7""",0.6,plays_at_height
2025,Braelon Bush,Prairie View A&M,74147,5-9,"5'9""",69.0,74.26,"6'2""",5.26,plays_taller,74.26,"6'2""",5.26,plays_taller
2025,Austin Patterson,Montana,74165,6-3,"6'3""",75.0,77.14,"6'5""",2.14,plays_taller,77.14,"6'5""",2.14,plays_taller
2025,Ty Harper,Youngstown St.,74169,6-3,"6'3""",75.0,76.33,"6'4""",1.33,plays_taller,76.33,"6'4""",1.33,plays_taller
2025,Chad Venning,Boston College,74184,6-9,"6'9""",81.0,79.52,"6'8""",-1.48,plays_shorter,79.52,"6'8""",-1.48,plays_shorter
2025,Ben Gregg,Gonzaga,74186,6-10,"6'10""",82.0,80.25,"6'8""",-1.75,plays_shorter,80.25,"6'8""",-1.75,plays_shorter
2025,Mustapha Amzil,New Mexico,74187,6-9,"6'9""",81.0,78.41,"6'6""",-2.59,plays_shorter,78.41,"6'6""",-2.59,plays_shorter
2025,Babacar Diallo,UMKC,74188,6-6,"6'6""",78.0,77.29,"6'5""",-0.71,plays_at_height,77.29,"6'5""",-0.71,plays_at_height
2025,Carter Whitt,Belmont,74190,6-3,"6'3""",75.0,75.65,"6'4""",0.65,plays_at_height,75.65,"6'4""",0.65,plays_at_height
2025,Meechie Johnson,Ohio St.,74192,6-2,"6'2""",74.0,74.82,"6'3""",0.82,plays_taller,74.82,"6'3""",0.82,plays_taller
2025,Isaiah Folkes,Charlotte,74196,6-4,"6'4""",76.0,76.7,"6'5""",0.7,plays_at_height,76.7,"6'5""",0.7,plays_at_height
2025,Franck Kepnang,Washington,74203,6-11,"6'11""",83.0,81.91,"6'10""",-1.09,plays_shorter,81.91,"6'10""",-1.09,plays_shorter
2025,Tre-Vaughn Minott,Portland St.,74206,6-9,"6'9""",81.0,84.41,"7'0""",3.41,plays_taller,84.41,"7'0""",3.41,plays_taller
2025,Sadaidriene Hall,San Jose St.,74212,6-5,"6'5""",77.0,78.13,"6'6""",1.13,plays_taller,78.13,"6'6""",1.13,plays_taller
2025,Jordan Nesbitt,Wyoming,74215,6-6,"6'6""",78.0,78.48,"6'6""",0.48,plays_at_height,78.48,"6'6""",0.48,plays_at_height
2025,Mac Etienne,La Salle,74218,6-10,"6'10""",82.0,80.81,"6'9""",-1.19,plays_shorter,80.81,"6'9""",-1.19,plays_shorter
2025,Lysander Rehnstrom,Navy,74221,6-3,"6'3""",75.0,74.04,"6'2""",-0.96,plays_shorter,74.04,"6'2""",-0.96,plays_shorter
2025,Trey Patterson,Rice,74229,6-8,"6'8""",80.0,76.91,"6'5""",-3.09,plays_shorter,76.91,"6'5""",-3.09,plays_shorter
2025,Stephan Swenson,UC Santa Barbara,74234,6-2,"6'2""",74.0,75.52,"6'4""",1.52,plays_taller,75.52,"6'4""",1.52,plays_taller
2025,Paul Bruns,South Dakota,74258,6-4,"6'4""",76.0,75.73,"6'4""",-0.27,plays_at_height,75.73,"6'4""",-0.27,plays_at_height
2025,Amar Augillard,Fresno St.,74264,6-4,"6'4""",76.0,75.81,"6'4""",-0.19,plays_at_height,75.81,"6'4""",-0.19,plays_at_height
2025,Ethan Price,Washington St.,74270,6-10,"6'10""",82.0,78.52,"6'7""",-3.48,plays_shorter,78.52,"6'7""",-3.48,plays_shorter
2025,Anouar Mellouk,Morehead St.,74271,6-8,"6'8""",80.0,78.24,"6'6""",-1.76,plays_shorter,78.24,"6'6""",-1.76,plays_shorter
2025,Joryam Saizonou,UNC Greensboro,74272,6-3,"6'3""",75.0,75.96,"6'4""",0.96,plays_taller,75.96,"6'4""",0.96,plays_taller
2025,Luka Savicevic,Lafayette,74277,6-3,"6'3""",75.0,74.12,"6'2""",-0.88,plays_shorter,74.12,"6'2""",-0.88,plays_shorter
2025,Mo Njie,UTSA,74279,6-11,"6'11""",83.0,80.94,"6'9""",-2.06,plays_shorter,80.94,"6'9""",-2.06,plays_shorter
2025,Jalin Billingsley,Eastern Michigan,74280,6-7,"6'7""",79.0,79.56,"6'8""",0.56,plays_at_height,79.56,"6'8""",0.56,plays_at_height
2025,Tyler Beard,Cal St. Northridge,74281,6-2,"6'2""",74.0,75.05,"6'3""",1.05,plays_taller,75.05,"6'3""",1.05,plays_taller
2025,Malachi Ndur,William & Mary,74293,6-8,"6'8""",80.0,78.14,"6'6""",-1.86,plays_shorter,78.14,"6'6""",-1.86,plays_shorter
2025,Dola Adebayo,Mount St. Mary's,74297,6-9,"6'9""",81.0,81.06,"6'9""",0.06,plays_at_height,81.06,"6'9""",0.06,plays_at_height
2025,Frankie Collins,TCU,74298,6-2,"6'2""",74.0,77.5,"6'5""",3.5,plays_taller,77.5,"6'5""",3.5,plays_taller
2025,Jalen Weaver,Fresno St.,74299,6-4,"6'4""",76.0,76.23,"6'4""",0.23,plays_at_height,76.23,"6'4""",0.23,plays_at_height
2025,Isaiah Barnes,Tulsa,74300,6-7,"6'7""",79.0,77.38,"6'5""",-1.62,plays_shorter,77.38,"6'5""",-1.62,plays_shorter
2025,Jedy Cordilia,Mount St. Mary's,74303,6-9,"6'9""",81.0,80.1,"6'8""",-0.9,plays_shorter,80.1,"6'8""",-0.9,plays_shorter
2025,Justice Ajogbor,Saint Joseph's,74315,6-10,"6'10""",82.0,83.48,"6'11""",1.48,plays_taller,83.48,"6'11""",1.48,plays_taller
2025,Gyasi Powell,Lipscomb,74321,6-2,"6'2""",74.0,75.3,"6'3""",1.3,plays_taller,75.3,"6'3""",1.3,plays_taller
2025,Ryan Mutombo,Georgia Tech,74331,7-2,"7'2""",86.0,79.87,"6'8""",-6.13,plays_shorter,79.87,"6'8""",-6.13,plays_shorter
2025,Jordan Riley,East Carolina,74334,6-4,"6'4""",76.0,79.57,"6'8""",3.57,plays_taller,79.57,"6'8""",3.57,plays_taller
2025,James White,New Orleans,74335,6-5,"6'5""",77.0,77.49,"6'5""",0.49,plays_at_height,77.49,"6'5""",0.49,plays_at_height
2025,Daeshun Ruffin,Jackson St.,74336,5-10,"5'10""",70.0,75.06,"6'3""",5.06,plays_taller,75.06,"6'3""",5.06,plays_taller
2025,Eric Van Der Heijden,Campbell,74337,6-9,"6'9""",81.0,78.72,"6'7""",-2.28,plays_shorter,78.72,"6'7""",-2.28,plays_shorter
2025,Jalen Haynes,George Mason,74339,6-8,"6'8""",80.0,81.48,"6'9""",1.48,plays_taller,81.48,"6'9""",1.48,plays_taller
2025,Sean Pedulla,Mississippi,74341,6-1,"6'1""",73.0,75.74,"6'4""",2.74,plays_taller,75.74,"6'4""",2.74,plays_taller
2025,Gianni Thompson,Canisius,74342,6-8,"6'8""",80.0,77.56,"6'6""",-2.44,plays_shorter,77.56,"6'6""",-2.44,plays_shorter
2025,Grant Slatten,Tennessee Tech,74344,6-5,"6'5""",77.0,76.41,"6'4""",-0.59,plays_at_height,76.41,"6'4""",-0.59,plays_at_height
2025,Ubong Abasi Etim,Central Arkansas,74346,6-9,"6'9""",81.0,79.05,"6'7""",-1.95,plays_shorter,79.05,"6'7""",-1.95,plays_shorter
2025,Terence Harcum,Murray St.,74347,6-3,"6'3""",75.0,74.44,"6'2""",-0.56,plays_at_height,74.44,"6'2""",-0.56,plays_at_height
2025,Chance Moore,St. Bonaventure,74350,6-6,"6'6""",78.0,79.94,"6'8""",1.94,plays_taller,79.94,"6'8""",1.94,plays_taller
2025,Elijah Hutchins-Everett,James Madison,74351,6-11,"6'11""",83.0,79.29,"6'7""",-3.71,plays_shorter,79.29,"6'7""",-3.71,plays_shorter
2025,Sione Lose,UC Davis,74354,6-4,"6'4""",76.0,76.16,"6'4""",0.16,plays_at_height,76.16,"6'4""",0.16,plays_at_height
2025,Honor Huff,Chattanooga,74356,5-10,"5'10""",70.0,74.08,"6'2""",4.08,plays_taller,74.08,"6'2""",4.08,plays_taller
2025,Brennan Watkins,North Dakota St.,74357,5-11,"5'11""",71.0,74.65,"6'3""",3.65,plays_taller,74.65,"6'3""",3.65,plays_taller
2025,Will Thomas,Morgan St.,74366,6-6,"6'6""",78.0,76.14,"6'4""",-1.86,plays_shorter,76.14,"6'4""",-1.86,plays_shorter
2025,Tasos Cook,Campbell,74369,6-2,"6'2""",74.0,76.56,"6'5""",2.56,plays_taller,76.56,"6'5""",2.56,plays_taller
2025,Aubin Gateretse,Utah St.,74372,6-11,"6'11""",83.0,82.44,"6'10""",-0.56,plays_at_height,82.44,"6'10""",-0.56,plays_at_height
2025,Walter Clayton Jr.,Florida,74375,6-3,"6'3""",75.0,77.19,"6'5""",2.19,plays_taller,77.19,"6'5""",2.19,plays_taller
2025,Miles Stewart,Howard,74380,6-7,"6'7""",79.0,78.49,"6'6""",-0.51,plays_at_height,78.49,"6'6""",-0.51,plays_at_height
2025,Daeshon Shepherd,La Salle,74381,6-5,"6'5""",77.0,78.68,"6'7""",1.68,plays_taller,78.68,"6'7""",1.68,plays_taller
2025,Luke Goode,Indiana,74383,6-7,"6'7""",79.0,75.59,"6'4""",-3.41,plays_shorter,75.59,"6'4""",-3.41,plays_shorter
2025,Elijah Hawkins,Texas Tech,74386,5-11,"5'11""",71.0,75.15,"6'3""",4.15,plays_taller,75.15,"6'3""",4.15,plays_taller
2025,Andres Marrero,La Salle,74387,6-5,"6'5""",77.0,75.05,"6'3""",-1.95,plays_shorter,75.05,"6'3""",-1.95,plays_shorter
2025,Ty Johnson,UC Davis,74389,6-3,"6'3""",75.0,76.4,"6'4""",1.4,plays_taller,76.4,"6'4""",1.4,plays_taller
2025,Jaylen Murray,Mississippi,74393,5-11,"5'11""",71.0,74.9,"6'3""",3.9,plays_taller,74.9,"6'3""",3.9,plays_taller
2025,Marcus Greene,Hawaii,74395,6-2,"6'2""",74.0,75.01,"6'3""",1.01,plays_taller,75.01,"6'3""",1.01,plays_taller
2025,Olumide Adelodun,Niagara,74396,6-5,"6'5""",77.0,77.69,"6'6""",0.69,plays_at_height,77.69,"6'6""",0.69,plays_at_height
2025,Tyler Powell,Eastern Washington,74398,6-5,"6'5""",77.0,75.12,"6'3""",-1.88,plays_shorter,75.12,"6'3""",-1.88,plays_shorter
2025,Javian McCollum,Georgia Tech,74399,6-2,"6'2""",74.0,75.2,"6'3""",1.2,plays_taller,75.2,"6'3""",1.2,plays_taller
2025,Jared Billups,George Mason,74400,6-4,"6'4""",76.0,79.72,"6'8""",3.72,plays_taller,79.72,"6'8""",3.72,plays_taller
2025,Alex Anderson,Texas Southern,74401,6-6,"6'6""",78.0,75.34,"6'3""",-2.66,plays_shorter,75.34,"6'3""",-2.66,plays_shorter
2025,Tahj Staveskie,Cleveland St.,74405,6-0,"6'0""",72.0,74.15,"6'2""",2.15,plays_taller,74.15,"6'2""",2.15,plays_taller
2025,Primo Spears,UTSA,74408,6-3,"6'3""",75.0,73.82,"6'2""",-1.18,plays_shorter,73.82,"6'2""",-1.18,plays_shorter
2025,Robert Vaihola,San Jose St.,74410,6-8,"6'8""",80.0,80.67,"6'9""",0.67,plays_at_height,80.67,"6'9""",0.67,plays_at_height
2025,Yusef Salih,East Texas A&M,74412,6-2,"6'2""",74.0,73.79,"6'2""",-0.21,plays_at_height,73.79,"6'2""",-0.21,plays_at_height
2025,Jalen Blackmon,Miami FL,74421,6-2,"6'2""",74.0,74.78,"6'3""",0.78,plays_taller,74.78,"6'3""",0.78,plays_taller
2025,Kobe Knox,South Florida,74422,6-5,"6'5""",77.0,77.85,"6'6""",0.85,plays_taller,77.85,"6'6""",0.85,plays_taller
2025,Kamari McGee,Wisconsin,74423,6-0,"6'0""",72.0,75.66,"6'4""",3.66,plays_taller,75.66,"6'4""",3.66,plays_taller
2025,Isaiah Shaw,Valparaiso,74424,6-7,"6'7""",79.0,75.14,"6'3""",-3.86,plays_shorter,75.14,"6'3""",-3.86,plays_shorter
2025,Louis Lesmond,Harvard,74427,6-6,"6'6""",78.0,76.36,"6'4""",-1.64,plays_shorter,76.36,"6'4""",-1.64,plays_shorter
2025,Ryan Cornish,Dartmouth,74439,6-3,"6'3""",75.0,77.22,"6'5""",2.22,plays_taller,77.22,"6'5""",2.22,plays_taller
2025,Romeo Myrthil,Dartmouth,74440,6-2,"6'2""",74.0,77.3,"6'5""",3.3,plays_taller,77.3,"6'5""",3.3,plays_taller
2025,Cade Haskins,Dartmouth,74441,6-6,"6'6""",78.0,76.03,"6'4""",-1.97,plays_shorter,76.03,"6'4""",-1.97,plays_shorter
2025,Di'Andre Howell-South,Wagner,74442,6-4,"6'4""",76.0,75.77,"6'4""",-0.23,plays_at_height,75.77,"6'4""",-0.23,plays_at_height
2025,Maxime Raynaud,Stanford,74448,7-1,"7'1""",85.0,82.17,"6'10""",-2.83,plays_shorter,82.17,"6'10""",-2.83,plays_shorter
2025,Sam Sherry,Elon,74450,6-11,"6'11""",83.0,78.47,"6'6""",-4.53,plays_shorter,78.47,"6'6""",-4.53,plays_shorter
2025,Makai Richards,Chattanooga,74453,6-10,"6'10""",82.0,78.66,"6'7""",-3.34,plays_shorter,78.66,"6'7""",-3.34,plays_shorter
2025,Rahsool Diggins,Massachusetts,74456,6-2,"6'2""",74.0,75.31,"6'3""",1.31,plays_taller,75.31,"6'3""",1.31,plays_taller
2025,Brandon Weston,Tennessee St.,74462,6-5,"6'5""",77.0,77.65,"6'6""",0.65,plays_at_height,77.65,"6'6""",0.65,plays_at_height
2025,Parsa Fallah,Oregon St.,74465,6-9,"6'9""",81.0,78.31,"6'6""",-2.69,plays_shorter,78.31,"6'6""",-2.69,plays_shorter
2025,Zakai Zeigler,Tennessee,74469,5-9,"5'9""",69.0,75.78,"6'4""",6.78,plays_taller,75.78,"6'4""",6.78,plays_taller
2025,Mouhamed Sow,Saint Peter's,74471,6-9,"6'9""",81.0,79.83,"6'8""",-1.17,plays_shorter,79.83,"6'8""",-1.17,plays_shorter
2025,Clarence Rupert,Iona,74472,6-8,"6'8""",80.0,79.6,"6'8""",-0.4,plays_at_height,79.6,"6'8""",-0.4,plays_at_height
2025,Marchelus Avery,Oklahoma St.,74480,6-8,"6'8""",80.0,79.29,"6'7""",-0.71,plays_at_height,79.29,"6'7""",-0.71,plays_at_height
2025,Cole Anderson,UC Santa Barbara,74483,6-5,"6'5""",77.0,74.17,"6'2""",-2.83,plays_shorter,74.17,"6'2""",-2.83,plays_shorter
2025,Kiran Oliver,Morgan St.,74484,6-5,"6'5""",77.0,78.05,"6'6""",1.05,plays_taller,78.05,"6'6""",1.05,plays_taller
2025,Atiki Ally Atiki,New Mexico,74485,6-10,"6'10""",82.0,83.4,"6'11""",1.4,plays_taller,83.4,"6'11""",1.4,plays_taller
2025,Javon Small,West Virginia,74489,6-2,"6'2""",74.0,77.7,"6'6""",3.7,plays_taller,77.7,"6'6""",3.7,plays_taller
2025,RJ Felton,East Carolina,74490,6-3,"6'3""",75.0,77.31,"6'5""",2.31,plays_taller,77.31,"6'5""",2.31,plays_taller
2025,Tay Mosher,East Texas A&M,74492,6-7,"6'7""",79.0,77.11,"6'5""",-1.89,plays_shorter,77.11,"6'5""",-1.89,plays_shorter
2025,Christian Wright,Louisiana,74494,6-3,"6'3""",75.0,74.58,"6'3""",-0.42,plays_at_height,74.58,"6'3""",-0.42,plays_at_height
2025,Alexis Reyes,Quinnipiac,74496,6-7,"6'7""",79.0,76.71,"6'5""",-2.29,plays_shorter,76.71,"6'5""",-2.29,plays_shorter
2025,Nate Barnhart,South Dakota St.,74509,7-0,"7'0""",84.0,77.15,"6'5""",-6.85,plays_shorter,77.15,"6'5""",-6.85,plays_shorter
2025,Ben Bowen,Denver,74510,6-5,"6'5""",77.0,76.96,"6'5""",-0.04,plays_at_height,76.96,"6'5""",-0.04,plays_at_height
2025,Trazarien White,TCU,74511,6-6,"6'6""",78.0,76.72,"6'5""",-1.28,plays_shorter,76.72,"6'5""",-1.28,plays_shorter
2025,Jamarii Thomas,South Carolina,74512,5-11,"5'11""",71.0,76.58,"6'5""",5.58,plays_taller,76.58,"6'5""",5.58,plays_taller
2025,Jalen Breath,UNC Greensboro,74513,6-8,"6'8""",80.0,80.15,"6'8""",0.15,plays_at_height,80.15,"6'8""",0.15,plays_at_height
2025,Nika Metskhvarishvili,Charlotte,74517,6-8,"6'8""",80.0,76.54,"6'5""",-3.46,plays_shorter,76.54,"6'5""",-3.46,plays_shorter
2025,Khamari McGriff,UNC Wilmington,74520,6-8,"6'8""",80.0,80.78,"6'9""",0.78,plays_taller,80.78,"6'9""",0.78,plays_taller
2025,Rob Brown III,Nicholls St.,74526,6-4,"6'4""",76.0,75.74,"6'4""",-0.26,plays_at_height,75.74,"6'4""",-0.26,plays_at_height
2025,Will Tschetter,Michigan,74527,6-8,"6'8""",80.0,77.24,"6'5""",-2.76,plays_shorter,77.24,"6'5""",-2.76,plays_shorter
2025,A.J. Lopez,Maine,74528,6-5,"6'5""",77.0,75.96,"6'4""",-1.04,plays_shorter,75.96,"6'4""",-1.04,plays_shorter
2025,Jamond Vincent,New Orleans,74529,6-4,"6'4""",76.0,77.0,"6'5""",1.0,plays_taller,77.0,"6'5""",1.0,plays_taller
2025,Dontrez Styles,N.C. State,74530,6-6,"6'6""",78.0,78.77,"6'7""",0.77,plays_taller,78.77,"6'7""",0.77,plays_taller
2025,Adama Bal,Santa Clara,74533,6-7,"6'7""",79.0,75.64,"6'4""",-3.36,plays_shorter,75.64,"6'4""",-3.36,plays_shorter
2025,Shane Nowell,Portland St.,74534,6-6,"6'6""",78.0,77.4,"6'5""",-0.6,plays_at_height,77.4,"6'5""",-0.6,plays_at_height
2025,Scotty Washington,Cal St. Northridge,74540,6-4,"6'4""",76.0,74.98,"6'3""",-1.02,plays_shorter,74.98,"6'3""",-1.02,plays_shorter
2025,Jason Nelson,Youngstown St.,74541,5-10,"5'10""",70.0,74.94,"6'3""",4.94,plays_taller,74.94,"6'3""",4.94,plays_taller
2025,Tyler Rice,Hampton,74544,6-1,"6'1""",73.0,74.89,"6'3""",1.89,plays_taller,74.89,"6'3""",1.89,plays_taller
2025,Carlos Stewart,Santa Clara,74545,6-1,"6'1""",73.0,76.12,"6'4""",3.12,plays_taller,76.12,"6'4""",3.12,plays_taller
2025,Julian Lewis,Eastern Michigan,74547,6-6,"6'6""",78.0,76.38,"6'4""",-1.62,plays_shorter,76.38,"6'4""",-1.62,plays_shorter
2025,Owen Lobsinger,Western Michigan,74548,6-9,"6'9""",81.0,78.49,"6'6""",-2.51,plays_shorter,78.49,"6'6""",-2.51,plays_shorter
2025,Brendan Mykalcio,Gardner Webb,74564,6-6,"6'6""",78.0,77.89,"6'6""",-0.11,plays_at_height,77.89,"6'6""",-0.11,plays_at_height
2025,Ademide Badmus,Gardner Webb,74565,6-7,"6'7""",79.0,77.43,"6'5""",-1.57,plays_shorter,77.43,"6'5""",-1.57,plays_shorter
2025,Erik Reynolds II,Saint Joseph's,74566,6-3,"6'3""",75.0,75.99,"6'4""",0.99,plays_taller,75.99,"6'4""",0.99,plays_taller
2025,Kacper Klaczek,Albany,74567,6-8,"6'8""",80.0,78.7,"6'7""",-1.3,plays_shorter,78.7,"6'7""",-1.3,plays_shorter
2025,Francis Nwaokorie,Loyola Chicago,74573,6-7,"6'7""",79.0,78.62,"6'7""",-0.38,plays_at_height,78.62,"6'7""",-0.38,plays_at_height
2025,PJ Edwards,Grambling St.,74574,6-4,"6'4""",76.0,75.28,"6'3""",-0.72,plays_at_height,75.28,"6'3""",-0.72,plays_at_height
2025,Darius Johnson,UCF,74575,6-1,"6'1""",73.0,75.53,"6'4""",2.53,plays_taller,75.53,"6'4""",2.53,plays_taller
2025,Jasin Sinani,Campbell,74577,6-3,"6'3""",75.0,76.96,"6'5""",1.96,plays_taller,76.96,"6'5""",1.96,plays_taller
2025,Johnathan Massie,North Texas,74580,6-6,"6'6""",78.0,78.66,"6'7""",0.66,plays_at_height,78.66,"6'7""",0.66,plays_at_height
2025,Parker Fox,Minnesota,74584,6-8,"6'8""",80.0,80.71,"6'9""",0.71,plays_at_height,80.71,"6'9""",0.71,plays_at_height
2025,Jacob Holt,Sacramento St.,74585,6-10,"6'10""",82.0,80.27,"6'8""",-1.73,plays_shorter,80.27,"6'8""",-1.73,plays_shorter
2025,Brenton Knapper,Santa Clara,74586,6-0,"6'0""",72.0,76.04,"6'4""",4.04,plays_taller,76.04,"6'4""",4.04,plays_taller
2025,Marquis Barnett,Kent St.,74592,6-4,"6'4""",76.0,78.26,"6'6""",2.26,plays_taller,78.26,"6'6""",2.26,plays_taller
2025,Camaron Tongue,Santa Clara,74594,6-7,"6'7""",79.0,79.79,"6'8""",0.79,plays_taller,79.79,"6'8""",0.79,plays_taller
2025,Shaqir O'Neal,Florida A&M,74602,6-8,"6'8""",80.0,77.92,"6'6""",-2.08,plays_shorter,77.92,"6'6""",-2.08,plays_shorter
2025,Nikita Konstantynovskyi,Notre Dame,74604,6-10,"6'10""",82.0,80.45,"6'8""",-1.55,plays_shorter,80.45,"6'8""",-1.55,plays_shorter
2025,AD Diedhiou,Louisiana Monroe,74605,6-11,"6'11""",83.0,78.93,"6'7""",-4.07,plays_shorter,78.93,"6'7""",-4.07,plays_shorter
2025,AJ Allenspach,Army,74607,6-8,"6'8""",80.0,80.07,"6'8""",0.07,plays_at_height,80.07,"6'8""",0.07,plays_at_height
2025,Isaiah Gray,Akron,74614,6-3,"6'3""",75.0,77.58,"6'6""",2.58,plays_taller,77.58,"6'6""",2.58,plays_taller
2025,Chris Manon,Vanderbilt,74615,6-5,"6'5""",77.0,81.49,"6'9""",4.49,plays_taller,81.49,"6'9""",4.49,plays_taller
2025,Sean Hansen,George Washington,74616,6-9,"6'9""",81.0,77.77,"6'6""",-3.23,plays_shorter,77.77,"6'6""",-3.23,plays_shorter
2025,Augustas Marciulionis,Saint Mary's,74617,6-4,"6'4""",76.0,76.5,"6'4""",0.5,plays_at_height,76.5,"6'4""",0.5,plays_at_height
2025,Chris Howell,UC San Diego,74618,6-6,"6'6""",78.0,77.47,"6'5""",-0.53,plays_at_height,77.47,"6'5""",-0.53,plays_at_height
2025,Stefan Todorovic,Pepperdine,74619,6-8,"6'8""",80.0,76.75,"6'5""",-3.25,plays_shorter,76.75,"6'5""",-3.25,plays_shorter
2025,Tyler Lundblade,Belmont,74620,6-5,"6'5""",77.0,74.27,"6'2""",-2.73,plays_shorter,74.27,"6'2""",-2.73,plays_shorter
2025,Zhuric Phelps,Texas A&M,74622,6-4,"6'4""",76.0,78.06,"6'6""",2.06,plays_taller,78.06,"6'6""",2.06,plays_taller
2025,Tanner Thomas,Sacred Heart,74623,6-6,"6'6""",78.0,77.58,"6'6""",-0.42,plays_at_height,77.58,"6'6""",-0.42,plays_at_height
2025,Raymond Espinal-Guzman,Sacred Heart,74624,6-8,"6'8""",80.0,78.51,"6'7""",-1.49,plays_shorter,78.51,"6'7""",-1.49,plays_shorter
2025,Markeith Browning II,Lindenwood,74627,6-4,"6'4""",76.0,77.11,"6'5""",1.11,plays_taller,77.11,"6'5""",1.11,plays_taller
2025,Ike Cornish,Nicholls St.,74631,6-6,"6'6""",78.0,73.74,"6'2""",-4.26,plays_shorter,73.74,"6'2""",-4.26,plays_shorter
2025,Julian Reese,Maryland,74632,6-9,"6'9""",81.0,82.69,"6'11""",1.69,plays_taller,82.69,"6'11""",1.69,plays_taller
2025,Isaac Haney,Austin Peay,74634,6-2,"6'2""",74.0,75.96,"6'4""",1.96,plays_taller,75.96,"6'4""",1.96,plays_taller
2025,Chace Davis,Radford,74635,6-3,"6'3""",75.0,75.03,"6'3""",0.03,plays_at_height,75.03,"6'3""",0.03,plays_at_height
2025,Montavious Myrick,Eastern Kentucky,74637,6-8,"6'8""",80.0,83.13,"6'11""",3.13,plays_taller,83.13,"6'11""",3.13,plays_taller
2025,Justin Neely,Albany,74640,6-6,"6'6""",78.0,78.19,"6'6""",0.19,plays_at_height,78.19,"6'6""",0.19,plays_at_height
2025,Zion Russell,Niagara,74645,6-2,"6'2""",74.0,76.36,"6'4""",2.36,plays_taller,76.36,"6'4""",2.36,plays_taller
2025,Basheer Jihad,Arizona St.,74646,6-9,"6'9""",81.0,78.93,"6'7""",-2.07,plays_shorter,78.93,"6'7""",-2.07,plays_shorter
2025,Seth Wilson,Akron,74651,6-2,"6'2""",74.0,74.74,"6'3""",0.74,plays_at_height,74.74,"6'3""",0.74,plays_at_height
2025,George Smith,Penn,74653,6-4,"6'4""",76.0,74.96,"6'3""",-1.04,plays_shorter,74.96,"6'3""",-1.04,plays_shorter
2025,Nick Spinoso,Penn,74655,6-9,"6'9""",81.0,79.26,"6'7""",-1.74,plays_shorter,79.26,"6'7""",-1.74,plays_shorter
2025,Trenton McLaughlin,Northern Arizona,74662,6-6,"6'6""",78.0,75.87,"6'4""",-2.13,plays_shorter,75.87,"6'4""",-2.13,plays_shorter
2025,Abdul Momoh,Central Connecticut,74663,6-7,"6'7""",79.0,81.4,"6'9""",2.4,plays_taller,81.4,"6'9""",2.4,plays_taller
2025,Jordan Longino,Villanova,74665,6-5,"6'5""",77.0,75.0,"6'3""",-2.0,plays_shorter,75.0,"6'3""",-2.0,plays_shorter
2025,Nnanna Njoku,Villanova,74666,6-9,"6'9""",81.0,78.46,"6'6""",-2.54,plays_shorter,78.46,"6'6""",-2.54,plays_shorter
2025,Zaire Williams,Wagner,74668,6-4,"6'4""",76.0,76.52,"6'5""",0.52,plays_at_height,76.52,"6'5""",0.52,plays_at_height
2025,Kenny Pohto,UC Santa Barbara,74671,6-10,"6'10""",82.0,79.63,"6'8""",-2.37,plays_shorter,79.63,"6'8""",-2.37,plays_shorter
2025,Isaac Abidde,Cleveland St.,74673,6-8,"6'8""",80.0,78.54,"6'7""",-1.46,plays_shorter,78.54,"6'7""",-1.46,plays_shorter
2025,Liam Murphy,North Florida,74678,6-7,"6'7""",79.0,76.4,"6'4""",-2.6,plays_shorter,76.4,"6'4""",-2.6,plays_shorter
2025,Ashton Smith,South Dakota,74680,6-9,"6'9""",81.0,79.8,"6'8""",-1.2,plays_shorter,79.8,"6'8""",-1.2,plays_shorter
2025,Manny Obaseki,Texas A&M,74681,6-4,"6'4""",76.0,76.94,"6'5""",0.94,plays_taller,76.94,"6'5""",0.94,plays_taller
2025,Ryan Nembhard,Gonzaga,74682,6-0,"6'0""",72.0,75.14,"6'3""",3.14,plays_taller,75.14,"6'3""",3.14,plays_taller
2025,Theo Seng,Troy,74683,6-9,"6'9""",81.0,78.54,"6'7""",-2.46,plays_shorter,78.54,"6'7""",-2.46,plays_shorter
2025,Matteus Case,William & Mary,74684,6-5,"6'5""",77.0,76.56,"6'5""",-0.44,plays_at_height,76.56,"6'5""",-0.44,plays_at_height
2025,Taje' Kelly,Charleston Southern,74685,6-7,"6'7""",79.0,79.03,"6'7""",0.03,plays_at_height,79.03,"6'7""",0.03,plays_at_height
2025,Julian Roper II,Notre Dame,74690,6-4,"6'4""",76.0,77.51,"6'6""",1.51,plays_taller,77.51,"6'6""",1.51,plays_taller
2025,Brooks Barnhizer,Northwestern,74691,6-6,"6'6""",78.0,79.85,"6'8""",1.85,plays_taller,79.85,"6'8""",1.85,plays_taller
2025,Emareyon McDonald,Grambling St.,74692,6-3,"6'3""",75.0,74.82,"6'3""",-0.18,plays_at_height,74.82,"6'3""",-0.18,plays_at_height
2025,Casey Simmons,Yale,74696,6-6,"6'6""",78.0,78.57,"6'7""",0.57,plays_at_height,78.57,"6'7""",0.57,plays_at_height
2025,Wayne McKinney III,San Diego St.,74697,6-0,"6'0""",72.0,74.81,"6'3""",2.81,plays_taller,74.81,"6'3""",2.81,plays_taller
2025,Matt Knowling,USC,74701,6-6,"6'6""",78.0,78.25,"6'6""",0.25,plays_at_height,78.25,"6'6""",0.25,plays_at_height
2025,Bez Mbeng,Yale,74702,6-4,"6'4""",76.0,76.79,"6'5""",0.79,plays_taller,76.79,"6'5""",0.79,plays_taller
2025,Igor Milicic Jr.,Tennessee,74703,6-10,"6'10""",82.0,81.08,"6'9""",-0.92,plays_shorter,81.08,"6'9""",-0.92,plays_shorter
2025,John Poulakidas,Yale,74705,6-5,"6'5""",77.0,74.79,"6'3""",-2.21,plays_shorter,74.79,"6'3""",-2.21,plays_shorter
2025,Ndewedo Newbury,San Francisco,74707,6-7,"6'7""",79.0,78.43,"6'6""",-0.57,plays_at_height,78.43,"6'6""",-0.57,plays_at_height
2025,Quincy Clark,UMass Lowell,74717,6-2,"6'2""",74.0,76.08,"6'4""",2.08,plays_taller,76.08,"6'4""",2.08,plays_taller
2025,Trae Benham,High Point,74719,6-4,"6'4""",76.0,75.94,"6'4""",-0.06,plays_at_height,75.94,"6'4""",-0.06,plays_at_height
2025,Jalen Sullinger,Kent St.,74720,5-10,"5'10""",70.0,74.7,"6'3""",4.7,plays_taller,74.7,"6'3""",4.7,plays_taller
2025,Grant Asman,Lipscomb,74722,6-10,"6'10""",82.0,78.5,"6'7""",-3.5,plays_shorter,78.5,"6'7""",-3.5,plays_shorter
2025,Joe Charles,McNeese St.,74723,6-7,"6'7""",79.0,79.37,"6'7""",0.37,plays_at_height,79.37,"6'7""",0.37,plays_at_height
2025,Chase McKey,Western Carolina,74725,6-10,"6'10""",82.0,77.29,"6'5""",-4.71,plays_shorter,77.29,"6'5""",-4.71,plays_shorter
2025,CJ Noland,New Mexico,74730,6-4,"6'4""",76.0,76.34,"6'4""",0.34,plays_at_height,76.34,"6'4""",0.34,plays_at_height
2025,Alston Mason,Arizona St.,74732,6-2,"6'2""",74.0,74.89,"6'3""",0.89,plays_taller,74.89,"6'3""",0.89,plays_taller
2025,Bijan Cortes,Wichita St.,74733,6-2,"6'2""",74.0,74.48,"6'2""",0.48,plays_at_height,74.48,"6'2""",0.48,plays_at_height
2025,Coltie Young,Louisiana Monroe,74734,6-3,"6'3""",75.0,75.63,"6'4""",0.63,plays_at_height,75.63,"6'4""",0.63,plays_at_height
2025,Elijah Tucker,Longwood,74736,6-8,"6'8""",80.0,80.03,"6'8""",0.03,plays_at_height,80.03,"6'8""",0.03,plays_at_height
2025,Josh Uduje,San Jose St.,74739,6-5,"6'5""",77.0,78.12,"6'6""",1.12,plays_taller,78.12,"6'6""",1.12,plays_taller
2025,Josh Farmer,Texas Southern,74740,6-10,"6'10""",82.0,78.95,"6'7""",-3.05,plays_shorter,78.95,"6'7""",-3.05,plays_shorter
2025,Lamin Sabally,Incarnate Word,74743,6-7,"6'7""",79.0,79.22,"6'7""",0.22,plays_at_height,79.22,"6'7""",0.22,plays_at_height
2025,Christian Tucker,California,74744,6-3,"6'3""",75.0,74.1,"6'2""",-0.9,plays_shorter,74.1,"6'2""",-0.9,plays_shorter
2025,KeShawn Murphy,Mississippi St.,74747,6-10,"6'10""",82.0,82.77,"6'11""",0.77,plays_taller,82.77,"6'11""",0.77,plays_taller
2025,Cam Carter,LSU,74748,6-3,"6'3""",75.0,76.97,"6'5""",1.97,plays_taller,76.97,"6'5""",1.97,plays_taller
2025,Alden Applewhite,Murray St.,74749,6-7,"6'7""",79.0,77.55,"6'6""",-1.45,plays_shorter,77.55,"6'6""",-1.45,plays_shorter
2025,Josh Odunowo,UMBC,74752,6-6,"6'6""",78.0,80.02,"6'8""",2.02,plays_taller,80.02,"6'8""",2.02,plays_taller
2025,Zach Martini,Rutgers,74754,6-7,"6'7""",79.0,75.79,"6'4""",-3.21,plays_shorter,75.79,"6'4""",-3.21,plays_shorter
2025,Pedro Lopez Sanvicente,Denver,74760,6-8,"6'8""",80.0,78.79,"6'7""",-1.21,plays_shorter,78.79,"6'7""",-1.21,plays_shorter
2025,Touko Tainamo,Wyoming,74763,6-9,"6'9""",81.0,77.05,"6'5""",-3.95,plays_shorter,77.05,"6'5""",-3.95,plays_shorter
2025,Frankie Fidler,Michigan St.,74764,6-7,"6'7""",79.0,78.69,"6'7""",-0.31,plays_at_height,78.69,"6'7""",-0.31,plays_at_height
2025,Caleb Furst,Purdue,74768,6-10,"6'10""",82.0,79.69,"6'8""",-2.31,plays_shorter,79.69,"6'8""",-2.31,plays_shorter
2025,Trey Kaufman-Renn,Purdue,74771,6-9,"6'9""",81.0,79.83,"6'8""",-1.17,plays_shorter,79.83,"6'8""",-1.17,plays_shorter
2025,Aboubacar Traore,Louisville,74781,6-5,"6'5""",77.0,81.24,"6'9""",4.24,plays_taller,81.24,"6'9""",4.24,plays_taller
2025,Treyton Thompson,Stetson,74784,6-11,"6'11""",83.0,79.32,"6'7""",-3.68,plays_shorter,79.32,"6'7""",-3.68,plays_shorter
2025,Fousseyni Traore,BYU,74787,6-6,"6'6""",78.0,81.32,"6'9""",3.32,plays_taller,81.32,"6'9""",3.32,plays_taller
2025,Brandon Love,Nevada,74788,6-10,"6'10""",82.0,81.1,"6'9""",-0.9,plays_shorter,81.1,"6'9""",-0.9,plays_shorter
2025,Tanahj Pettway,Prairie View A&M,74789,6-2,"6'2""",74.0,75.07,"6'3""",1.07,plays_taller,75.07,"6'3""",1.07,plays_taller
2025,Benny Williams,UCF,74791,6-9,"6'9""",81.0,78.73,"6'7""",-2.27,plays_shorter,78.73,"6'7""",-2.27,plays_shorter
2025,Taine Murray,Virginia,74793,6-5,"6'5""",77.0,75.45,"6'3""",-1.55,plays_shorter,75.45,"6'3""",-1.55,plays_shorter
2025,Corey Tripp,Wofford,74794,6-2,"6'2""",74.0,77.14,"6'5""",3.14,plays_taller,77.14,"6'5""",3.14,plays_taller
2025,Mekhi Collins,Nicholls St.,74798,6-8,"6'8""",80.0,80.76,"6'9""",0.76,plays_taller,80.76,"6'9""",0.76,plays_taller
2025,Ben Nau,St. Thomas,74801,6-2,"6'2""",74.0,75.03,"6'3""",1.03,plays_taller,75.03,"6'3""",1.03,plays_taller
2025,Langston Love,Baylor,74802,6-5,"6'5""",77.0,75.6,"6'4""",-1.4,plays_shorter,75.6,"6'4""",-1.4,plays_shorter
2025,Ryan Dufault,St. Thomas,74806,6-0,"6'0""",72.0,76.1,"6'4""",4.1,plays_taller,76.1,"6'4""",4.1,plays_taller
2025,Noa Gonsalves,Utah Tech,74807,6-1,"6'1""",73.0,75.85,"6'4""",2.85,plays_taller,75.85,"6'4""",2.85,plays_taller
2025,Elijah Stephens,American,74811,5-9,"5'9""",69.0,75.16,"6'3""",6.16,plays_taller,75.16,"6'3""",6.16,plays_taller
2025,Daylen Berry,Charleston Southern,74812,6-4,"6'4""",76.0,76.25,"6'4""",0.25,plays_at_height,76.25,"6'4""",0.25,plays_at_height
2025,Des Watson,Loyola Chicago,74814,6-5,"6'5""",77.0,76.21,"6'4""",-0.79,plays_shorter,76.21,"6'4""",-0.79,plays_shorter
2025,Kino Lilly Jr.,Brown,74816,6-0,"6'0""",72.0,74.03,"6'2""",2.03,plays_taller,74.03,"6'2""",2.03,plays_taller
2025,Raekwon Horton,UTSA,74818,6-6,"6'6""",78.0,78.34,"6'6""",0.34,plays_at_height,78.34,"6'6""",0.34,plays_at_height
2025,Reyne Smith,Louisville,74819,6-2,"6'2""",74.0,74.78,"6'3""",0.78,plays_taller,74.78,"6'3""",0.78,plays_taller
2025,Ben Burnham,Virginia Tech,74820,6-7,"6'7""",79.0,78.42,"6'6""",-0.58,plays_at_height,78.42,"6'6""",-0.58,plays_at_height
2025,Lyndel Erold,Brown,74821,6-3,"6'3""",75.0,76.59,"6'5""",1.59,plays_taller,76.59,"6'5""",1.59,plays_taller
2025,D.J. Smith,Robert Morris,74822,6-0,"6'0""",72.0,74.37,"6'2""",2.37,plays_taller,74.37,"6'2""",2.37,plays_taller
2025,Quion Burns,Maine,74823,6-5,"6'5""",77.0,77.74,"6'6""",0.74,plays_at_height,77.74,"6'6""",0.74,plays_at_height
2025,Bensley Joseph,Providence,74827,6-2,"6'2""",74.0,76.46,"6'4""",2.46,plays_taller,76.46,"6'4""",2.46,plays_taller
2025,Darius DeAveiro,Valparaiso,74833,6-0,"6'0""",72.0,74.96,"6'3""",2.96,plays_taller,74.96,"6'3""",2.96,plays_taller
2025,Cesare Edwards,Georgia St.,74840,6-10,"6'10""",82.0,79.54,"6'8""",-2.46,plays_shorter,79.54,"6'8""",-2.46,plays_shorter
2025,Milos Ilic,Loyola MD,74841,6-10,"6'10""",82.0,79.65,"6'8""",-2.35,plays_shorter,79.65,"6'8""",-2.35,plays_shorter
2025,David Brown III,Loyola MD,74843,6-5,"6'5""",77.0,74.94,"6'3""",-2.06,plays_shorter,74.94,"6'3""",-2.06,plays_shorter
2025,Kam Jones,Marquette,74844,6-4,"6'4""",76.0,76.43,"6'4""",0.43,plays_at_height,76.43,"6'4""",0.43,plays_at_height
2025,"Kyle Cuffe, Jr.",Syracuse,74845,6-2,"6'2""",74.0,75.02,"6'3""",1.02,plays_taller,75.02,"6'3""",1.02,plays_taller
2025,Jao Ituka,Jacksonville St.,74848,6-1,"6'1""",73.0,74.27,"6'2""",1.27,plays_taller,74.27,"6'2""",1.27,plays_taller
2025,Emarion Ellis,Nicholls St.,74850,6-5,"6'5""",77.0,77.74,"6'6""",0.74,plays_at_height,77.74,"6'6""",0.74,plays_at_height
2025,Julian Hammond III,Colorado,74851,6-3,"6'3""",75.0,74.75,"6'3""",-0.25,plays_at_height,74.75,"6'3""",-0.25,plays_at_height
2025,Blake Peters,Princeton,74852,6-1,"6'1""",73.0,75.06,"6'3""",2.06,plays_taller,75.06,"6'3""",2.06,plays_taller
2025,Nate Tshimanga,New Mexico St.,74853,6-10,"6'10""",82.0,79.6,"6'8""",-2.4,plays_shorter,79.6,"6'8""",-2.4,plays_shorter
2025,AJ Braun,Cal Baptist,74858,6-9,"6'9""",81.0,78.38,"6'6""",-2.62,plays_shorter,78.38,"6'6""",-2.62,plays_shorter
2025,Joshua Beadle,Boston College,74864,6-3,"6'3""",75.0,75.81,"6'4""",0.81,plays_taller,75.81,"6'4""",0.81,plays_taller
2025,Geronimo Rubio De La Rosa,Columbia,74865,6-2,"6'2""",74.0,74.88,"6'3""",0.88,plays_taller,74.88,"6'3""",0.88,plays_taller
2025,Ryan Kiachian,Cornell,74867,6-10,"6'10""",82.0,79.34,"6'7""",-2.66,plays_shorter,79.34,"6'7""",-2.66,plays_shorter
2025,Nazir Williams,Cornell,74869,6-3,"6'3""",75.0,75.91,"6'4""",0.91,plays_taller,75.91,"6'4""",0.91,plays_taller
2025,Elvin Edmonds IV,Bucknell,74870,6-2,"6'2""",74.0,75.47,"6'3""",1.47,plays_taller,75.47,"6'3""",1.47,plays_taller
2025,Josh Bascoe,Bucknell,74872,6-0,"6'0""",72.0,75.24,"6'3""",3.24,plays_taller,75.24,"6'3""",3.24,plays_taller
2025,Tuongthach Gatkek,Little Rock,74875,6-9,"6'9""",81.0,82.59,"6'11""",1.59,plays_taller,82.59,"6'11""",1.59,plays_taller
2025,Simas Lukosius,Cincinnati,74881,6-6,"6'6""",78.0,75.36,"6'3""",-2.64,plays_shorter,75.36,"6'3""",-2.64,plays_shorter
2025,Zeke Mayo,Kansas,74884,6-4,"6'4""",76.0,76.93,"6'5""",0.93,plays_taller,76.93,"6'5""",0.93,plays_taller
2025,Kezza Giffa,High Point,74886,6-2,"6'2""",74.0,75.06,"6'3""",1.06,plays_taller,75.06,"6'3""",1.06,plays_taller
2025,Jordan Battle,Coastal Carolina,74890,6-2,"6'2""",74.0,75.76,"6'4""",1.76,plays_taller,75.76,"6'4""",1.76,plays_taller
2025,Will McClendon,San Jose St.,74891,6-2,"6'2""",74.0,74.31,"6'2""",0.31,plays_at_height,74.31,"6'2""",0.31,plays_at_height
2025,Quentin Diboundje,Rhode Island,74894,6-5,"6'5""",77.0,77.4,"6'5""",0.4,plays_at_height,77.4,"6'5""",0.4,plays_at_height
2025,Jordan Roberts,Texas A&M Corpus Chris,74897,6-4,"6'4""",76.0,74.58,"6'3""",-1.42,plays_shorter,74.58,"6'3""",-1.42,plays_shorter
2025,Owen Dease,Texas A&M Corpus Chris,74898,6-8,"6'8""",80.0,77.73,"6'6""",-2.27,plays_shorter,77.73,"6'6""",-2.27,plays_shorter
2025,Jahmai Mashack,Tennessee,74899,6-4,"6'4""",76.0,77.84,"6'6""",1.84,plays_taller,77.84,"6'6""",1.84,plays_taller
2025,Rahdir Hicks,Towson,74900,6-0,"6'0""",72.0,73.81,"6'2""",1.81,plays_taller,73.81,"6'2""",1.81,plays_taller
2025,Robert McCray,Jacksonville,74901,6-4,"6'4""",76.0,78.11,"6'6""",2.11,plays_taller,78.11,"6'6""",2.11,plays_taller
2025,Quimari Peterson,East Tennessee St.,74904,6-1,"6'1""",73.0,75.91,"6'4""",2.91,plays_taller,75.91,"6'4""",2.91,plays_taller
2025,Kaleb Stewart,South Dakota,74906,6-3,"6'3""",75.0,74.73,"6'3""",-0.27,plays_at_height,74.73,"6'3""",-0.27,plays_at_height
2025,Will Allen,Louisiana Tech,74908,6-7,"6'7""",79.0,80.17,"6'8""",1.17,plays_taller,80.17,"6'8""",1.17,plays_taller
2025,Andrew McConnell,USC Upstate,74909,6-2,"6'2""",74.0,74.02,"6'2""",0.02,plays_at_height,74.02,"6'2""",0.02,plays_at_height
2025,Devon Savage,Merrimack,74911,6-4,"6'4""",76.0,76.72,"6'5""",0.72,plays_at_height,76.72,"6'5""",0.72,plays_at_height
2025,Julian Mackey,Houston Christian,74916,6-2,"6'2""",74.0,76.11,"6'4""",2.11,plays_taller,76.11,"6'4""",2.11,plays_taller
2025,Noah Robledo,Columbia,74918,6-5,"6'5""",77.0,75.82,"6'4""",-1.18,plays_shorter,75.82,"6'4""",-1.18,plays_shorter
2025,Denver Jones,Auburn,74919,6-4,"6'4""",76.0,75.75,"6'4""",-0.25,plays_at_height,75.75,"6'4""",-0.25,plays_at_height
2025,Jake Tavroff,Columbia,74921,6-9,"6'9""",81.0,79.47,"6'7""",-1.53,plays_shorter,79.47,"6'7""",-1.53,plays_shorter
2025,Michael Gray Jr.,Nicholls St.,74923,6-2,"6'2""",74.0,75.04,"6'3""",1.04,plays_taller,75.04,"6'3""",1.04,plays_taller
2025,Aquan Smart,North Carolina Central,74925,6-3,"6'3""",75.0,75.88,"6'4""",0.88,plays_taller,75.88,"6'4""",0.88,plays_taller
2025,Artese Stapleton,Eastern Illinois,74928,6-3,"6'3""",75.0,75.51,"6'4""",0.51,plays_at_height,75.51,"6'4""",0.51,plays_at_height
2025,Juan Reyna III,Jackson St.,74940,6-3,"6'3""",75.0,74.08,"6'2""",-0.92,plays_shorter,74.08,"6'2""",-0.92,plays_shorter
2025,Jayme Mitchell Jr.,Jackson St.,74941,6-5,"6'5""",77.0,75.91,"6'4""",-1.09,plays_shorter,75.91,"6'4""",-1.09,plays_shorter
2025,Derrick Tezeno,Southern,74947,6-5,"6'5""",77.0,78.43,"6'6""",1.43,plays_taller,78.43,"6'6""",1.43,plays_taller
2025,Great Osobor,Washington,74950,6-8,"6'8""",80.0,80.52,"6'9""",0.52,plays_at_height,80.52,"6'9""",0.52,plays_at_height
2025,Sam Hoiberg,Nebraska,74951,6-0,"6'0""",72.0,75.64,"6'4""",3.64,plays_taller,75.64,"6'4""",3.64,plays_taller
2025,Daniel Ortiz,North Alabama,74952,6-0,"6'0""",72.0,73.95,"6'2""",1.95,plays_taller,73.95,"6'2""",1.95,plays_taller
2025,Quaran McPherson,Northern Illinois,74955,6-4,"6'4""",76.0,76.16,"6'4""",0.16,plays_at_height,76.16,"6'4""",0.16,plays_at_height
2025,Alex Tew,Weber St.,74960,6-11,"6'11""",83.0,80.02,"6'8""",-2.98,plays_shorter,80.02,"6'8""",-2.98,plays_shorter
2025,Tahron Allen,Delaware,74963,6-4,"6'4""",76.0,73.94,"6'2""",-2.06,plays_shorter,73.94,"6'2""",-2.06,plays_shorter
2025,James Okonkwo,Akron,74968,6-8,"6'8""",80.0,83.36,"6'11""",3.36,plays_taller,83.36,"6'11""",3.36,plays_taller
2025,Mike Mitchell Jr.,Minnesota,74969,6-2,"6'2""",74.0,74.11,"6'2""",0.11,plays_at_height,74.11,"6'2""",0.11,plays_at_height
2025,Davon Barnes,Mississippi,74980,6-4,"6'4""",76.0,77.9,"6'6""",1.9,plays_taller,77.9,"6'6""",1.9,plays_taller
2025,Kolby Granger,Texas Southern,74982,6-5,"6'5""",77.0,77.84,"6'6""",0.84,plays_taller,77.84,"6'6""",0.84,plays_taller
2025,Kevin Kalu,UTEP,74983,6-9,"6'9""",81.0,81.34,"6'9""",0.34,plays_at_height,81.34,"6'9""",0.34,plays_at_height
2025,Christopher Mantis,Maine,74987,6-7,"6'7""",79.0,76.67,"6'5""",-2.33,plays_shorter,76.67,"6'5""",-2.33,plays_shorter
2025,Allen Strothers,East Tennessee St.,74988,6-1,"6'1""",73.0,75.06,"6'3""",2.06,plays_taller,75.06,"6'3""",2.06,plays_taller
2025,Brayon Freeman,Bethune Cookman,74989,6-2,"6'2""",74.0,74.68,"6'3""",0.68,plays_at_height,74.68,"6'3""",0.68,plays_at_height
2025,Wes Peterson,Binghamton,74991,6-6,"6'6""",78.0,75.88,"6'4""",-2.12,plays_shorter,75.88,"6'4""",-2.12,plays_shorter
2025,Oscar Berry,North Florida,74994,6-5,"6'5""",77.0,74.9,"6'3""",-2.1,plays_shorter,74.9,"6'3""",-2.1,plays_shorter
2025,Anquan Hill,Sacred Heart,74995,6-9,"6'9""",81.0,79.36,"6'7""",-1.64,plays_shorter,79.36,"6'7""",-1.64,plays_shorter
2025,Tre Carroll,Florida Atlantic,74996,6-7,"6'7""",79.0,79.8,"6'8""",0.8,plays_taller,79.8,"6'8""",0.8,plays_taller
2025,Niyi Olabode,UC Riverside,75000,6-5,"6'5""",77.0,77.81,"6'6""",0.81,plays_taller,77.81,"6'6""",0.81,plays_taller
2025,Saiyd Burnside,Florida A&M,75002,6-9,"6'9""",81.0,80.16,"6'8""",-0.84,plays_shorter,80.16,"6'8""",-0.84,plays_shorter
2025,Ethan Butler,Northern Illinois,75005,6-7,"6'7""",79.0,78.62,"6'7""",-0.38,plays_at_height,78.62,"6'7""",-0.38,plays_at_height
2025,Arthur Kaluma,Texas,75009,6-7,"6'7""",79.0,80.53,"6'9""",1.53,plays_taller,80.53,"6'9""",1.53,plays_taller
2025,Quincy Allen,Chicago St.,75013,6-8,"6'8""",80.0,78.98,"6'7""",-1.02,plays_shorter,78.98,"6'7""",-1.02,plays_shorter
2025,Mason Miller,Creighton,75014,6-9,"6'9""",81.0,76.79,"6'5""",-4.21,plays_shorter,76.79,"6'5""",-4.21,plays_shorter
2025,John Christofilis,Seattle,75015,6-3,"6'3""",75.0,75.29,"6'3""",0.29,plays_at_height,75.29,"6'3""",0.29,plays_at_height
2025,Zek Montgomery,Bradley,75016,6-6,"6'6""",78.0,76.24,"6'4""",-1.76,plays_shorter,76.24,"6'4""",-1.76,plays_shorter
2025,Byron Ireland,Nicholls St.,75020,6-1,"6'1""",73.0,75.58,"6'4""",2.58,plays_taller,75.58,"6'4""",2.58,plays_taller
2025,John Camden,Delaware,75022,6-8,"6'8""",80.0,76.83,"6'5""",-3.17,plays_shorter,76.83,"6'5""",-3.17,plays_shorter
2025,Johnathan Lawson,Little Rock,75023,6-7,"6'7""",79.0,77.38,"6'5""",-1.62,plays_shorter,77.38,"6'5""",-1.62,plays_shorter
2025,Chris Morgan,Monmouth,75032,6-9,"6'9""",81.0,78.21,"6'6""",-2.79,plays_shorter,78.21,"6'6""",-2.79,plays_shorter
2025,Aaron Scott,St. John's,75033,6-7,"6'7""",79.0,78.49,"6'6""",-0.51,plays_at_height,78.49,"6'6""",-0.51,plays_at_height
2025,Peter Filipovity,New Mexico St.,75035,6-7,"6'7""",79.0,78.63,"6'7""",-0.37,plays_at_height,78.63,"6'7""",-0.37,plays_at_height
2025,Clark Slajchert,USC,75037,6-1,"6'1""",73.0,74.92,"6'3""",1.92,plays_taller,74.92,"6'3""",1.92,plays_taller
2025,Alex Crawford,Fresno St.,75039,6-7,"6'7""",79.0,78.26,"6'6""",-0.74,plays_at_height,78.26,"6'6""",-0.74,plays_at_height
2025,Davion Everett,South Carolina St.,75041,6-6,"6'6""",78.0,79.8,"6'8""",1.8,plays_taller,79.8,"6'8""",1.8,plays_taller
2025,Bryce Zephir,Montana St.,75048,6-4,"6'4""",76.0,76.21,"6'4""",0.21,plays_at_height,76.21,"6'4""",0.21,plays_at_height
2025,Scottie Ebube,Wyoming,75050,6-10,"6'10""",82.0,81.01,"6'9""",-0.99,plays_shorter,81.01,"6'9""",-0.99,plays_shorter
2025,Troy D'Amico,DePaul,75051,6-7,"6'7""",79.0,76.65,"6'5""",-2.35,plays_shorter,76.65,"6'5""",-2.35,plays_shorter
2025,Foster Wonders,Green Bay,75053,6-5,"6'5""",77.0,73.8,"6'2""",-3.2,plays_shorter,73.8,"6'2""",-3.2,plays_shorter
2025,Trey Moss,George Washington,75055,6-3,"6'3""",75.0,76.35,"6'4""",1.35,plays_taller,76.35,"6'4""",1.35,plays_taller
2025,Legend Geeter,Detroit Mercy,75058,6-8,"6'8""",80.0,77.3,"6'5""",-2.7,plays_shorter,77.3,"6'5""",-2.7,plays_shorter
2025,Rafael Castro,George Washington,75059,6-11,"6'11""",83.0,84.84,"7'1""",1.84,plays_taller,84.84,"7'1""",1.84,plays_taller
2025,Corey Perkins,Delaware St.,75060,6-2,"6'2""",74.0,74.11,"6'2""",0.11,plays_at_height,74.11,"6'2""",0.11,plays_at_height
2025,Jerry Ngopot,Louisiana Monroe,75070,6-11,"6'11""",83.0,77.38,"6'5""",-5.62,plays_shorter,77.38,"6'5""",-5.62,plays_shorter
2025,Adetokunbo Bakare,Saint Peter's,75075,6-2,"6'2""",74.0,75.72,"6'4""",1.72,plays_taller,75.72,"6'4""",1.72,plays_taller
2025,Muon Reath,UNC Greensboro,75078,6-7,"6'7""",79.0,76.68,"6'5""",-2.32,plays_shorter,76.68,"6'5""",-2.32,plays_shorter
2025,Sam Silverstein,Cal Baptist,75080,6-6,"6'6""",78.0,79.32,"6'7""",1.32,plays_taller,79.32,"6'7""",1.32,plays_taller
2025,Jordan Jefferson,Little Rock,75082,6-4,"6'4""",76.0,76.23,"6'4""",0.23,plays_at_height,76.23,"6'4""",0.23,plays_at_height
2025,RJ Melendez,Mississippi St.,75084,6-7,"6'7""",79.0,79.34,"6'7""",0.34,plays_at_height,79.34,"6'7""",0.34,plays_at_height
2025,Chris Walker,Binghamton,75086,6-6,"6'6""",78.0,76.63,"6'5""",-1.37,plays_shorter,76.63,"6'5""",-1.37,plays_shorter
2025,Ben Schwieger,Northern Iowa,75087,6-8,"6'8""",80.0,78.49,"6'6""",-1.51,plays_shorter,78.49,"6'6""",-1.51,plays_shorter
2025,Ayodele Taiwo,Howard,75088,6-9,"6'9""",81.0,83.04,"6'11""",2.04,plays_taller,83.04,"6'11""",2.04,plays_taller
2025,Julius Rollins,Western Illinois,75090,6-7,"6'7""",79.0,77.37,"6'5""",-1.63,plays_shorter,77.37,"6'5""",-1.63,plays_shorter
2025,Devin McGlockton,Vanderbilt,75100,6-7,"6'7""",79.0,82.03,"6'10""",3.03,plays_taller,82.03,"6'10""",3.03,plays_taller
2025,Tyson Degenhart,Boise St.,75105,6-8,"6'8""",80.0,78.95,"6'7""",-1.05,plays_shorter,78.95,"6'7""",-1.05,plays_shorter
2025,Kobe Young,Cal St. Fullerton,75106,6-7,"6'7""",79.0,78.13,"6'6""",-0.87,plays_shorter,78.13,"6'6""",-0.87,plays_shorter
2025,RJ Keene,Boise St.,75107,6-7,"6'7""",79.0,79.81,"6'8""",0.81,plays_taller,79.81,"6'8""",0.81,plays_taller
2025,Jaeden Zackery,Clemson,75108,6-2,"6'2""",74.0,75.85,"6'4""",1.85,plays_taller,75.85,"6'4""",1.85,plays_taller
2025,Leonardo Bettiol,Abilene Christian,75114,6-8,"6'8""",80.0,77.84,"6'6""",-2.16,plays_shorter,77.84,"6'6""",-2.16,plays_shorter
2025,Jayden Nunn,Baylor,75115,6-4,"6'4""",76.0,75.09,"6'3""",-0.91,plays_shorter,75.09,"6'3""",-0.91,plays_shorter
2025,Nick Kern,Penn St.,75116,6-6,"6'6""",78.0,79.46,"6'7""",1.46,plays_taller,79.46,"6'7""",1.46,plays_taller
2025,Jalen Breazeale,Morehead St.,75117,5-11,"5'11""",71.0,73.74,"6'2""",2.74,plays_taller,73.74,"6'2""",2.74,plays_taller
2025,Jordan Gainey,Tennessee,75118,6-4,"6'4""",76.0,77.58,"6'6""",1.58,plays_taller,77.58,"6'6""",1.58,plays_taller
2025,Keshon Gilbert,Iowa St.,75119,6-4,"6'4""",76.0,77.29,"6'5""",1.29,plays_taller,77.29,"6'5""",1.29,plays_taller
2025,Jalen DeLoach,Loyola Chicago,75122,6-9,"6'9""",81.0,83.16,"6'11""",2.16,plays_taller,83.16,"6'11""",2.16,plays_taller
2025,Nick Davidson,Nevada,75126,6-9,"6'9""",81.0,80.86,"6'9""",-0.14,plays_at_height,80.86,"6'9""",-0.14,plays_at_height
2025,Duncan Powell,Georgia Tech,75129,6-8,"6'8""",80.0,78.15,"6'6""",-1.85,plays_shorter,78.15,"6'6""",-1.85,plays_shorter
2025,Brandon Johnson,Miami FL,75142,6-8,"6'8""",80.0,79.92,"6'8""",-0.08,plays_at_height,79.92,"6'8""",-0.08,plays_at_height
2025,Blake Barker,Army,75152,6-2,"6'2""",74.0,74.91,"6'3""",0.91,plays_taller,74.91,"6'3""",0.91,plays_taller
2025,"Corey Floyd, Jr.",Providence,75154,6-4,"6'4""",76.0,77.82,"6'6""",1.82,plays_taller,77.82,"6'6""",1.82,plays_taller
2025,Sam Alajiki,Oral Roberts,75157,6-7,"6'7""",79.0,77.71,"6'6""",-1.29,plays_shorter,77.71,"6'6""",-1.29,plays_shorter
2025,Kyrell Luc,Longwood,75162,5-11,"5'11""",71.0,77.54,"6'6""",6.54,plays_taller,77.54,"6'6""",6.54,plays_taller
2025,Caleb Kenney,Holy Cross,75165,6-6,"6'6""",78.0,78.81,"6'7""",0.81,plays_taller,78.81,"6'7""",0.81,plays_taller
2025,Saint Thomas,USC,75167,6-7,"6'7""",79.0,78.32,"6'6""",-0.68,plays_at_height,78.32,"6'6""",-0.68,plays_at_height
2025,Ramon Walker Jr.,Houston,75168,6-5,"6'5""",77.0,78.68,"6'7""",1.68,plays_taller,78.68,"6'7""",1.68,plays_taller
2025,Tyrese Hunter,Memphis,75169,6-0,"6'0""",72.0,76.27,"6'4""",4.27,plays_taller,76.27,"6'4""",4.27,plays_taller
2025,Ja'Vier Francis,Houston,75170,6-8,"6'8""",80.0,83.82,"7'0""",3.82,plays_taller,83.82,"7'0""",3.82,plays_taller
2025,Maximus Edwards,Duquesne,75171,6-5,"6'5""",77.0,77.99,"6'6""",0.99,plays_taller,77.99,"6'6""",0.99,plays_taller
2025,Malik Lamin,Southern Utah,75180,6-11,"6'11""",83.0,79.9,"6'8""",-3.1,plays_shorter,79.9,"6'8""",-3.1,plays_shorter
2025,Demari Williams,Houston Christian,75184,6-5,"6'5""",77.0,76.59,"6'5""",-0.41,plays_at_height,76.59,"6'5""",-0.41,plays_at_height
2025,Jamiya Neal,Creighton,75189,6-5,"6'5""",77.0,78.81,"6'7""",1.81,plays_taller,78.81,"6'7""",1.81,plays_taller
2025,Isaiah Walker,Belmont,75195,6-5,"6'5""",77.0,77.9,"6'6""",0.9,plays_taller,77.9,"6'6""",0.9,plays_taller
2025,Will Richard,Florida,75196,6-4,"6'4""",76.0,78.64,"6'7""",2.64,plays_taller,78.64,"6'7""",2.64,plays_taller
2025,Kaleb Washington,Florida A&M,75199,6-8,"6'8""",80.0,76.84,"6'5""",-3.16,plays_shorter,76.84,"6'5""",-3.16,plays_shorter
2025,Malachi Smith,Dayton,75200,6-0,"6'0""",72.0,75.24,"6'3""",3.24,plays_taller,75.24,"6'3""",3.24,plays_taller
2025,Ben Middlebrooks,N.C. State,75203,6-10,"6'10""",82.0,80.25,"6'8""",-1.75,plays_shorter,80.25,"6'8""",-1.75,plays_shorter
2025,Jackie Johnson III,Fordham,75216,5-11,"5'11""",71.0,74.54,"6'3""",3.54,plays_taller,74.54,"6'3""",3.54,plays_taller
2025,Miles Kelly,Auburn,75218,6-6,"6'6""",78.0,76.54,"6'5""",-1.46,plays_shorter,76.54,"6'5""",-1.46,plays_shorter
2025,Jalon Moore,Oklahoma,75219,6-7,"6'7""",79.0,79.67,"6'8""",0.67,plays_at_height,79.67,"6'8""",0.67,plays_at_height
2025,"Dallan ""Deebo"" Coleman",UCF,75221,6-6,"6'6""",78.0,76.46,"6'4""",-1.54,plays_shorter,76.46,"6'4""",-1.54,plays_shorter
2025,Michael Folarin,St. Bonaventure,75231,6-11,"6'11""",83.0,82.18,"6'10""",-0.82,plays_shorter,82.18,"6'10""",-0.82,plays_shorter
2025,Jarvis Moss,Radford,75232,6-4,"6'4""",76.0,75.8,"6'4""",-0.2,plays_at_height,75.8,"6'4""",-0.2,plays_at_height
2025,Drissa Traore,Rhode Island,75234,6-8,"6'8""",80.0,77.76,"6'6""",-2.24,plays_shorter,77.76,"6'6""",-2.24,plays_shorter
2025,Enoch Boakye,Villanova,75235,6-11,"6'11""",83.0,82.69,"6'11""",-0.31,plays_at_height,82.69,"6'11""",-0.31,plays_at_height
2025,Justin Rochelin,UC San Diego,75236,6-4,"6'4""",76.0,78.52,"6'7""",2.52,plays_taller,78.52,"6'7""",2.52,plays_taller
2025,Rafael Pinzon,Bryant,75237,6-6,"6'6""",78.0,74.26,"6'2""",-3.74,plays_shorter,74.26,"6'2""",-3.74,plays_shorter
2025,Giovanni Emejuru,George Mason,75245,6-11,"6'11""",83.0,82.35,"6'10""",-0.65,plays_at_height,82.35,"6'10""",-0.65,plays_at_height
2025,Wesley Cardet,Providence,75246,6-6,"6'6""",78.0,76.83,"6'5""",-1.17,plays_shorter,76.83,"6'5""",-1.17,plays_shorter
2025,Kehlin Farooq,Texas Southern,75251,6-6,"6'6""",78.0,78.52,"6'7""",0.52,plays_at_height,78.52,"6'7""",0.52,plays_at_height
2025,Tucker DeVries,West Virginia,75260,6-7,"6'7""",79.0,78.42,"6'6""",-0.58,plays_at_height,78.42,"6'6""",-0.58,plays_at_height
2025,Conor Enright,DePaul,75261,6-2,"6'2""",74.0,75.03,"6'3""",1.03,plays_taller,75.03,"6'3""",1.03,plays_taller
2025,Jaylen Blakes,Stanford,75267,6-2,"6'2""",74.0,77.1,"6'5""",3.1,plays_taller,77.1,"6'5""",3.1,plays_taller
2025,Birima Seck,Fairfield,75277,6-11,"6'11""",83.0,78.76,"6'7""",-4.24,plays_shorter,78.76,"6'7""",-4.24,plays_shorter
2025,Joe Ostrowsky,Central Connecticut,75279,6-0,"6'0""",72.0,75.33,"6'3""",3.33,plays_taller,75.33,"6'3""",3.33,plays_taller
2025,Davonte Sweatman,Central Connecticut,75280,5-8,"5'8""",68.0,74.67,"6'3""",6.67,plays_taller,74.67,"6'3""",6.67,plays_taller
2025,Babacar Faye,Western Kentucky,75281,6-8,"6'8""",80.0,79.8,"6'8""",-0.2,plays_at_height,79.8,"6'8""",-0.2,plays_at_height
2025,Sean Durugordon,Old Dominion,75282,6-6,"6'6""",78.0,79.5,"6'8""",1.5,plays_taller,79.5,"6'8""",1.5,plays_taller
2025,Dylan Hayman,Incarnate Word,75283,6-5,"6'5""",77.0,76.89,"6'5""",-0.11,plays_at_height,76.89,"6'5""",-0.11,plays_at_height
2025,Samson Johnson,Connecticut,75284,6-10,"6'10""",82.0,83.16,"6'11""",1.16,plays_taller,83.16,"6'11""",1.16,plays_taller
2025,Jace Carter,Texas A&M,75285,6-5,"6'5""",77.0,78.31,"6'6""",1.31,plays_taller,78.31,"6'6""",1.31,plays_taller
2025,Jaden Brownell,Samford,75286,6-9,"6'9""",81.0,79.39,"6'7""",-1.61,plays_shorter,79.39,"6'7""",-1.61,plays_shorter
2025,Filip Skobalj,Illinois Chicago,75287,6-7,"6'7""",79.0,75.25,"6'3""",-3.75,plays_shorter,75.25,"6'3""",-3.75,plays_shorter
2025,Jordan Wildy,Lindenwood,75297,6-9,"6'9""",81.0,77.87,"6'6""",-3.13,plays_shorter,77.87,"6'6""",-3.13,plays_shorter
2025,Sekou Kalle,Eastern Illinois,75300,6-10,"6'10""",82.0,77.18,"6'5""",-4.82,plays_shorter,77.18,"6'5""",-4.82,plays_shorter
2025,Nate Johnson,Akron,75301,6-3,"6'3""",75.0,78.16,"6'6""",3.16,plays_taller,78.16,"6'6""",3.16,plays_taller
2025,Kobe Johnson,Saint Louis,75309,6-4,"6'4""",76.0,76.76,"6'5""",0.76,plays_taller,76.76,"6'5""",0.76,plays_taller
2025,Roger McFarlane,Boston College,75311,6-4,"6'4""",76.0,77.54,"6'6""",1.54,plays_taller,77.54,"6'6""",1.54,plays_taller
2025,Brody Peebles,Belmont,75322,6-2,"6'2""",74.0,73.68,"6'2""",-0.32,plays_at_height,73.68,"6'2""",-0.32,plays_at_height
2025,Terrance Jones,Norfolk St.,75329,6-3,"6'3""",75.0,76.87,"6'5""",1.87,plays_taller,76.87,"6'5""",1.87,plays_taller
2025,Nate Bittle,Oregon,75330,7-0,"7'0""",84.0,82.83,"6'11""",-1.17,plays_shorter,82.83,"6'11""",-1.17,plays_shorter
2025,Isaac Johnson,Utah St.,75331,7-0,"7'0""",84.0,78.43,"6'6""",-5.57,plays_shorter,78.43,"6'6""",-5.57,plays_shorter
2025,Joshua Streit,Nebraska Omaha,75332,6-9,"6'9""",81.0,78.64,"6'7""",-2.36,plays_shorter,78.64,"6'7""",-2.36,plays_shorter
2025,Camryn Weston,Middle Tennessee,75334,6-3,"6'3""",75.0,76.62,"6'5""",1.62,plays_taller,76.62,"6'5""",1.62,plays_taller
2025,D'Marco Dunn,Penn St.,75336,6-5,"6'5""",77.0,75.44,"6'3""",-1.56,plays_shorter,75.44,"6'3""",-1.56,plays_shorter
2025,Jayden Jackson,Northern Arizona,75337,6-4,"6'4""",76.0,76.61,"6'5""",0.61,plays_at_height,76.61,"6'5""",0.61,plays_at_height
2025,Andrew Morgan,Nebraska,75339,6-10,"6'10""",82.0,79.89,"6'8""",-2.11,plays_shorter,79.89,"6'8""",-2.11,plays_shorter
2025,Justin Bufford,Middle Tennessee,75340,6-6,"6'6""",78.0,77.01,"6'5""",-0.99,plays_shorter,77.01,"6'5""",-0.99,plays_shorter
2025,Alvaro Cardenas,Boise St.,75345,6-1,"6'1""",73.0,75.46,"6'3""",2.46,plays_taller,75.46,"6'3""",2.46,plays_taller
2025,Myron Amey Jr.,Loyola Marymount,75346,6-2,"6'2""",74.0,76.42,"6'4""",2.42,plays_taller,76.42,"6'4""",2.42,plays_taller
2025,Zavian McLean,Florida Gulf Coast,75350,6-4,"6'4""",76.0,77.4,"6'5""",1.4,plays_taller,77.4,"6'5""",1.4,plays_taller
2025,O'Mar Stanley,Boise St.,75352,6-8,"6'8""",80.0,80.96,"6'9""",0.96,plays_taller,80.96,"6'9""",0.96,plays_taller
2025,JP Pegues,Auburn,75364,6-2,"6'2""",74.0,74.73,"6'3""",0.73,plays_at_height,74.73,"6'3""",0.73,plays_at_height
2025,Tevin Smith,Cleveland St.,75369,6-4,"6'4""",76.0,78.91,"6'7""",2.91,plays_taller,78.91,"6'7""",2.91,plays_taller
2025,Jalen Miller,Oral Roberts,75373,6-2,"6'2""",74.0,75.43,"6'3""",1.43,plays_taller,75.43,"6'3""",1.43,plays_taller
2025,Chucky Hepburn,Louisville,75376,6-2,"6'2""",74.0,76.6,"6'5""",2.6,plays_taller,76.6,"6'5""",2.6,plays_taller
2025,Matthew Mors,South Dakota St.,75377,6-7,"6'7""",79.0,77.3,"6'5""",-1.7,plays_shorter,77.3,"6'5""",-1.7,plays_shorter
2025,Diego Campisano,Northern Arizona,75383,6-5,"6'5""",77.0,75.94,"6'4""",-1.06,plays_shorter,75.94,"6'4""",-1.06,plays_shorter
2025,Ernest Ross,Grambling St.,75384,6-9,"6'9""",81.0,78.58,"6'7""",-2.42,plays_shorter,78.58,"6'7""",-2.42,plays_shorter
2025,Abdoulaye Thiam,High Point,75385,6-4,"6'4""",76.0,75.74,"6'4""",-0.26,plays_at_height,75.74,"6'4""",-0.26,plays_at_height
2025,Breon Pass,N.C. State,75386,6-0,"6'0""",72.0,76.13,"6'4""",4.13,plays_taller,76.13,"6'4""",4.13,plays_taller
2025,Pierre Brooks,Butler,75391,6-6,"6'6""",78.0,76.83,"6'5""",-1.17,plays_shorter,76.83,"6'5""",-1.17,plays_shorter
2025,Jaden Akins,Michigan St.,75392,6-4,"6'4""",76.0,77.56,"6'6""",1.56,plays_taller,77.56,"6'6""",1.56,plays_taller
2025,Samuel Ariyibi,Utah Tech,75396,6-8,"6'8""",80.0,80.52,"6'9""",0.52,plays_at_height,80.52,"6'9""",0.52,plays_at_height
2025,Nate Santos,Dayton,75401,6-7,"6'7""",79.0,77.12,"6'5""",-1.88,plays_shorter,77.12,"6'5""",-1.88,plays_shorter
2025,Vasilije Vucinic,Weber St.,75403,6-11,"6'11""",83.0,79.25,"6'7""",-3.75,plays_shorter,79.25,"6'7""",-3.75,plays_shorter
2025,Chika Nduka,Montana St.,75405,6-5,"6'5""",77.0,76.72,"6'5""",-0.28,plays_at_height,76.72,"6'5""",-0.28,plays_at_height
2025,Malik Thomas,San Francisco,75409,6-5,"6'5""",77.0,76.91,"6'5""",-0.09,plays_at_height,76.91,"6'5""",-0.09,plays_at_height
2025,Kobe Johnson,UCLA,75410,6-6,"6'6""",78.0,79.05,"6'7""",1.05,plays_taller,79.05,"6'7""",1.05,plays_taller
2025,Isaiah Caldwell,Army,75424,6-4,"6'4""",76.0,75.96,"6'4""",-0.04,plays_at_height,75.96,"6'4""",-0.04,plays_at_height
2025,Bent Leuchten,UC Irvine,75426,7-0,"7'0""",84.0,82.27,"6'10""",-1.73,plays_shorter,82.27,"6'10""",-1.73,plays_shorter
2025,Trey Edmonds,Minnesota,75428,6-10,"6'10""",82.0,79.46,"6'7""",-2.54,plays_shorter,79.46,"6'7""",-2.54,plays_shorter
2025,Keller Boothby,William & Mary,75435,6-7,"6'7""",79.0,75.56,"6'4""",-3.44,plays_shorter,75.56,"6'4""",-3.44,plays_shorter
2025,Evan Williams,Prairie View A&M,75436,6-7,"6'7""",79.0,74.4,"6'2""",-4.6,plays_shorter,74.4,"6'2""",-4.6,plays_shorter
2025,Hubertas Pivorius,Northern Kentucky,75439,6-2,"6'2""",74.0,73.64,"6'2""",-0.36,plays_at_height,73.64,"6'2""",-0.36,plays_at_height
2025,Zach Bloch,Northern Colorado,75444,6-2,"6'2""",74.0,74.15,"6'2""",0.15,plays_at_height,74.15,"6'2""",0.15,plays_at_height
2025,Sam Vinson,Northern Kentucky,75445,6-5,"6'5""",77.0,76.32,"6'4""",-0.68,plays_at_height,76.32,"6'4""",-0.68,plays_at_height
2025,Zach Hicks,Penn St.,75457,6-8,"6'8""",80.0,77.82,"6'6""",-2.18,plays_shorter,77.82,"6'6""",-2.18,plays_shorter
2025,Abdou Samb,Towson,75461,6-8,"6'8""",80.0,78.41,"6'6""",-1.59,plays_shorter,78.41,"6'6""",-1.59,plays_shorter
2025,Ben Knostman,Lehigh,75464,6-5,"6'5""",77.0,75.35,"6'3""",-1.65,plays_shorter,75.35,"6'3""",-1.65,plays_shorter
2025,AJ Burgin,Idaho St.,75465,6-4,"6'4""",76.0,74.32,"6'2""",-1.68,plays_shorter,74.32,"6'2""",-1.68,plays_shorter
2025,Pablo Tamba,UC Davis,75466,6-7,"6'7""",79.0,79.48,"6'7""",0.48,plays_at_height,79.48,"6'7""",0.48,plays_at_height
2025,Cli'ron Hornbeak,Kent St.,75468,6-9,"6'9""",81.0,82.97,"6'11""",1.97,plays_taller,82.97,"6'11""",1.97,plays_taller
2025,Keith Higgins Jr.,Lehigh,75469,6-4,"6'4""",76.0,76.83,"6'5""",0.83,plays_taller,76.83,"6'5""",0.83,plays_taller
2025,Jaylani Darden,Norfolk St.,75470,6-5,"6'5""",77.0,77.84,"6'6""",0.84,plays_taller,77.84,"6'6""",0.84,plays_taller
2025,Tyler Whitney-Sidney,Lehigh,75471,6-2,"6'2""",74.0,76.03,"6'4""",2.03,plays_taller,76.03,"6'4""",2.03,plays_taller
2025,Tamar Bates,Missouri,75473,6-5,"6'5""",77.0,77.67,"6'6""",0.67,plays_at_height,77.67,"6'6""",0.67,plays_at_height
2025,Logan Duncomb,Winthrop,75474,6-10,"6'10""",82.0,81.26,"6'9""",-0.74,plays_at_height,81.26,"6'9""",-0.74,plays_at_height
2025,Malcolm Chimezie,Boston University,75476,6-8,"6'8""",80.0,80.38,"6'8""",0.38,plays_at_height,80.38,"6'8""",0.38,plays_at_height
2025,Curt Hopf,Bellarmine,75477,6-8,"6'8""",80.0,78.46,"6'6""",-1.54,plays_shorter,78.46,"6'6""",-1.54,plays_shorter
2025,Ben Johnson,Bellarmine,75478,6-3,"6'3""",75.0,74.05,"6'2""",-0.95,plays_shorter,74.05,"6'2""",-0.95,plays_shorter
2025,Landin Hacker,Bellarmine,75479,6-0,"6'0""",72.0,74.64,"6'3""",2.64,plays_taller,74.64,"6'3""",2.64,plays_taller
2025,Jayden Brown,Central Connecticut,75480,6-8,"6'8""",80.0,78.59,"6'7""",-1.41,plays_shorter,78.59,"6'7""",-1.41,plays_shorter
2025,Guy Ragland Jr.,Cornell,75481,6-8,"6'8""",80.0,78.23,"6'6""",-1.77,plays_shorter,78.23,"6'6""",-1.77,plays_shorter
2025,Angelo Brizzi,Longwood,75482,6-3,"6'3""",75.0,77.0,"6'5""",2.0,plays_taller,77.0,"6'5""",2.0,plays_taller
2025,Sam Alamutu,Vermont,75484,6-5,"6'5""",77.0,79.55,"6'8""",2.55,plays_taller,79.55,"6'8""",2.55,plays_taller
2025,Michael Duax,Florida Gulf Coast,75487,6-6,"6'6""",78.0,78.67,"6'7""",0.67,plays_at_height,78.67,"6'7""",0.67,plays_at_height
2025,Landon Wolf,Illinois St.,75488,6-5,"6'5""",77.0,76.69,"6'5""",-0.31,plays_at_height,76.69,"6'5""",-0.31,plays_at_height
2025,Ja'Sean Jackson,Lamar,75492,6-0,"6'0""",72.0,74.85,"6'3""",2.85,plays_taller,74.85,"6'3""",2.85,plays_taller
2025,Cameron Jernigan,Chicago St.,75494,6-7,"6'7""",79.0,79.49,"6'7""",0.49,plays_at_height,79.49,"6'7""",0.49,plays_at_height
2025,Wade Taylor IV,Texas A&M,75501,6-0,"6'0""",72.0,75.23,"6'3""",3.23,plays_taller,75.23,"6'3""",3.23,plays_taller
2025,EJ Farmer,Youngstown St.,75504,6-5,"6'5""",77.0,76.72,"6'5""",-0.28,plays_at_height,76.72,"6'5""",-0.28,plays_at_height
2025,Kooper Jacobi,Eastern Illinois,75509,6-6,"6'6""",78.0,78.91,"6'7""",0.91,plays_taller,78.91,"6'7""",0.91,plays_taller
2025,Myles Rice,Indiana,75512,6-3,"6'3""",75.0,76.41,"6'4""",1.41,plays_taller,76.41,"6'4""",1.41,plays_taller
2025,Wyatt Fricks,Marshall,75522,6-9,"6'9""",81.0,79.4,"6'7""",-1.6,plays_shorter,79.4,"6'7""",-1.6,plays_shorter
2025,Glenn Taylor Jr.,Oklahoma,75523,6-6,"6'6""",78.0,76.95,"6'5""",-1.05,plays_shorter,76.95,"6'5""",-1.05,plays_shorter
2025,Marcus Banks,UMBC,75525,6-2,"6'2""",74.0,74.72,"6'3""",0.72,plays_at_height,74.72,"6'3""",0.72,plays_at_height
2025,Stephen Giwa,Texas A&M Corpus Chris,75532,6-9,"6'9""",81.0,80.12,"6'8""",-0.88,plays_shorter,80.12,"6'8""",-0.88,plays_shorter
2025,Boopie Miller,SMU,75534,6-0,"6'0""",72.0,76.3,"6'4""",4.3,plays_taller,76.3,"6'4""",4.3,plays_taller
2025,Dan Luers,Miami OH,75537,6-5,"6'5""",77.0,74.22,"6'2""",-2.78,plays_shorter,74.22,"6'2""",-2.78,plays_shorter
2025,Jasman Sangha,Canisius,75539,6-8,"6'8""",80.0,76.24,"6'4""",-3.76,plays_shorter,76.24,"6'4""",-3.76,plays_shorter
2025,Amar’e Marshall,Albany,75542,6-4,"6'4""",76.0,75.95,"6'4""",-0.05,plays_at_height,75.95,"6'4""",-0.05,plays_at_height
2025,Jason Roche,Richmond,75543,6-5,"6'5""",77.0,75.73,"6'4""",-1.27,plays_shorter,75.73,"6'4""",-1.27,plays_shorter
2025,Griffin Barrouk,Sacred Heart,75545,6-5,"6'5""",77.0,75.33,"6'3""",-1.67,plays_shorter,75.33,"6'3""",-1.67,plays_shorter
2025,Jaquan Carlos,Syracuse,75546,6-0,"6'0""",72.0,75.09,"6'3""",3.09,plays_taller,75.09,"6'3""",3.09,plays_taller
2025,Tyrel Morgan,Texas St.,75547,6-5,"6'5""",77.0,79.25,"6'7""",2.25,plays_taller,79.25,"6'7""",2.25,plays_taller
2025,Jackson Price,Marist,75549,6-8,"6'8""",80.0,78.0,"6'6""",-2.0,plays_shorter,78.0,"6'6""",-2.0,plays_shorter
2025,Bryce Johnson,UMBC,75552,6-3,"6'3""",75.0,76.98,"6'5""",1.98,plays_taller,76.98,"6'5""",1.98,plays_taller
2025,Payton Sparks,Ball St.,75554,6-10,"6'10""",82.0,81.42,"6'9""",-0.58,plays_at_height,81.42,"6'9""",-0.58,plays_at_height
2025,Jacobi Wright,South Carolina,75557,6-2,"6'2""",74.0,74.87,"6'3""",0.87,plays_taller,74.87,"6'3""",0.87,plays_taller
2025,Ali Dibba,Southern Illinois,75558,6-5,"6'5""",77.0,77.58,"6'6""",0.58,plays_at_height,77.58,"6'6""",0.58,plays_at_height
2025,Jahsean Corbett,Duquesne,75559,6-6,"6'6""",78.0,77.99,"6'6""",-0.01,plays_at_height,77.99,"6'6""",-0.01,plays_at_height
2025,Matthew Marsh,Oregon St.,75562,7-1,"7'1""",85.0,78.0,"6'6""",-7.0,plays_shorter,78.0,"6'6""",-7.0,plays_shorter
2025,Lazar Stefanovic,UCLA,75565,6-7,"6'7""",79.0,76.62,"6'5""",-2.38,plays_shorter,76.62,"6'5""",-2.38,plays_shorter
2025,J.R. Konieczny,Notre Dame,75567,6-7,"6'7""",79.0,77.91,"6'6""",-1.09,plays_shorter,77.91,"6'6""",-1.09,plays_shorter
2025,Sai Witt,Austin Peay,75569,6-8,"6'8""",80.0,79.36,"6'7""",-0.64,plays_at_height,79.36,"6'7""",-0.64,plays_at_height
2025,Bostyn Holt,Florida St.,75571,6-7,"6'7""",79.0,75.52,"6'4""",-3.48,plays_shorter,75.52,"6'4""",-3.48,plays_shorter
2025,Trae English,Nicholls St.,75573,6-0,"6'0""",72.0,74.47,"6'2""",2.47,plays_taller,74.47,"6'2""",2.47,plays_taller
2025,Sebastian Thomas,Rhode Island,75575,6-1,"6'1""",73.0,75.82,"6'4""",2.82,plays_taller,75.82,"6'4""",2.82,plays_taller
2025,Khalil Brantley,Oklahoma St.,75576,6-1,"6'1""",73.0,76.42,"6'4""",3.42,plays_taller,76.42,"6'4""",3.42,plays_taller
2025,Marcus Randolph,Saint Peter's,75577,6-5,"6'5""",77.0,75.21,"6'3""",-1.79,plays_shorter,75.21,"6'3""",-1.79,plays_shorter
2025,Aidan Noyes,Belmont,75578,6-7,"6'7""",79.0,77.37,"6'5""",-1.63,plays_shorter,77.37,"6'5""",-1.63,plays_shorter
2025,Shane Dezonie,Temple,75584,6-5,"6'5""",77.0,78.13,"6'6""",1.13,plays_taller,78.13,"6'6""",1.13,plays_taller
2025,Noah Reynolds,TCU,75585,6-3,"6'3""",75.0,74.79,"6'3""",-0.21,plays_at_height,74.79,"6'3""",-0.21,plays_at_height
2025,Darius Ford,Alabama A&M,75588,5-11,"5'11""",71.0,74.29,"6'2""",3.29,plays_taller,74.29,"6'2""",3.29,plays_taller
2025,Keaton Norris,Wright St.,75589,6-0,"6'0""",72.0,74.5,"6'2""",2.5,plays_taller,74.5,"6'2""",2.5,plays_taller
2025,Gabe Dorsey,William & Mary,75590,6-6,"6'6""",78.0,75.16,"6'3""",-2.84,plays_shorter,75.16,"6'3""",-2.84,plays_shorter
2025,David Joplin,Marquette,75591,6-7,"6'7""",79.0,78.18,"6'6""",-0.82,plays_shorter,78.18,"6'6""",-0.82,plays_shorter
2025,Keeyan Itejere,Northern Kentucky,75592,6-9,"6'9""",81.0,82.19,"6'10""",1.19,plays_taller,82.19,"6'10""",1.19,plays_taller
2025,KJ Adams,Kansas,75596,6-7,"6'7""",79.0,80.15,"6'8""",1.15,plays_taller,80.15,"6'8""",1.15,plays_taller
2025,Stevie Mitchell,Marquette,75597,6-2,"6'2""",74.0,76.97,"6'5""",2.97,plays_taller,76.97,"6'5""",2.97,plays_taller
2025,Payton Sandfort,Iowa,75598,6-8,"6'8""",80.0,77.41,"6'5""",-2.59,plays_shorter,77.41,"6'5""",-2.59,plays_shorter
2025,Matthew Cleveland,Miami FL,75602,6-7,"6'7""",79.0,79.08,"6'7""",0.08,plays_at_height,79.08,"6'7""",0.08,plays_at_height
2025,Daimion Collins,LSU,75606,6-9,"6'9""",81.0,82.18,"6'10""",1.18,plays_taller,82.18,"6'10""",1.18,plays_taller
2025,Philip Byriel,Princeton,75612,6-9,"6'9""",81.0,76.08,"6'4""",-4.92,plays_shorter,76.08,"6'4""",-4.92,plays_shorter
2025,Andre Snoddy,Stony Brook,75614,6-6,"6'6""",78.0,79.11,"6'7""",1.11,plays_taller,79.11,"6'7""",1.11,plays_taller
2025,Lawson Lovering,Utah,75618,7-1,"7'1""",85.0,81.6,"6'10""",-3.4,plays_shorter,81.6,"6'10""",-3.4,plays_shorter
2025,Elias Cato,Central Arkansas,75620,6-9,"6'9""",81.0,77.84,"6'6""",-3.16,plays_shorter,77.84,"6'6""",-3.16,plays_shorter
2025,Connor Hickman,Cincinnati,75621,6-3,"6'3""",75.0,75.8,"6'4""",0.8,plays_taller,75.8,"6'4""",0.8,plays_taller
2025,Javon Ruffin,Colorado,75623,6-5,"6'5""",77.0,76.1,"6'4""",-0.9,plays_shorter,76.1,"6'4""",-0.9,plays_shorter
2025,AJ Clayton,Ohio,75628,6-7,"6'7""",79.0,79.47,"6'7""",0.47,plays_at_height,79.47,"6'7""",0.47,plays_at_height
2025,Brandon Huntley-Hatfield,N.C. State,75639,6-9,"6'9""",81.0,79.92,"6'8""",-1.08,plays_shorter,79.92,"6'8""",-1.08,plays_shorter
2025,Jonas Aidoo,Arkansas,75641,6-11,"6'11""",83.0,82.35,"6'10""",-0.65,plays_at_height,82.35,"6'10""",-0.65,plays_at_height
2025,Cam Palesse,Canisius,75642,6-5,"6'5""",77.0,76.39,"6'4""",-0.61,plays_at_height,76.39,"6'4""",-0.61,plays_at_height
2025,Hercy Miller,Southern Utah,75643,6-3,"6'3""",75.0,76.63,"6'5""",1.63,plays_taller,76.63,"6'5""",1.63,plays_taller
2025,Preston Ruedinger,Green Bay,75644,6-2,"6'2""",74.0,75.83,"6'4""",1.83,plays_taller,75.83,"6'4""",1.83,plays_taller
2025,Cameron Crawford,Duquesne,75648,6-5,"6'5""",77.0,75.89,"6'4""",-1.11,plays_shorter,75.89,"6'4""",-1.11,plays_shorter
2025,Roosevelt Wheeler,East Tennessee St.,75649,6-11,"6'11""",83.0,80.59,"6'9""",-2.41,plays_shorter,80.59,"6'9""",-2.41,plays_shorter
2025,Veljko Ilic,Loyola MD,75655,6-10,"6'10""",82.0,78.27,"6'6""",-3.73,plays_shorter,78.27,"6'6""",-3.73,plays_shorter
2025,Bobby Pettiford,High Point,75656,6-0,"6'0""",72.0,76.79,"6'5""",4.79,plays_taller,76.79,"6'5""",4.79,plays_taller
2025,Matt Allocco,Notre Dame,75659,6-4,"6'4""",76.0,76.7,"6'5""",0.7,plays_at_height,76.7,"6'5""",0.7,plays_at_height
2025,Jalen Lake,Colorado St.,75663,6-4,"6'4""",76.0,75.47,"6'3""",-0.53,plays_at_height,75.47,"6'3""",-0.53,plays_at_height
2025,Aaron Cooley,Brown,75665,6-5,"6'5""",77.0,78.0,"6'6""",1.0,plays_taller,78.0,"6'6""",1.0,plays_taller
2025,Jalen Ware,Maryland Eastern Shore,75674,6-8,"6'8""",80.0,77.65,"6'6""",-2.35,plays_shorter,77.65,"6'6""",-2.35,plays_shorter
2025,Bradley Ezewiro,UAB,75683,6-9,"6'9""",81.0,80.98,"6'9""",-0.02,plays_at_height,80.98,"6'9""",-0.02,plays_at_height
2025,Jerrell Colbert,SMU,75684,6-10,"6'10""",82.0,82.5,"6'10""",0.5,plays_at_height,82.5,"6'10""",0.5,plays_at_height
2025,Efton Reid,Wake Forest,75685,7-0,"7'0""",84.0,80.84,"6'9""",-3.16,plays_shorter,80.84,"6'9""",-3.16,plays_shorter
2025,Brandon Murray,McNeese St.,75687,6-5,"6'5""",77.0,77.52,"6'6""",0.52,plays_at_height,77.52,"6'6""",0.52,plays_at_height
2025,Kario Oquendo,SMU,75689,6-4,"6'4""",76.0,78.04,"6'6""",2.04,plays_taller,78.04,"6'6""",2.04,plays_taller
2025,Randy Brady,South Alabama,75690,6-5,"6'5""",77.0,77.79,"6'6""",0.79,plays_taller,77.79,"6'6""",0.79,plays_taller
2025,Lucas Taylor,Syracuse,75693,6-5,"6'5""",77.0,76.43,"6'4""",-0.57,plays_at_height,76.43,"6'4""",-0.57,plays_at_height
2025,Anthony Pritchard,Central Michigan,75696,6-3,"6'3""",75.0,76.69,"6'5""",1.69,plays_taller,76.69,"6'5""",1.69,plays_taller
2025,Leo DeBruhl,UC Davis,75698,6-2,"6'2""",74.0,76.43,"6'4""",2.43,plays_taller,76.43,"6'4""",2.43,plays_taller
2025,Cameron Hildreth,Wake Forest,75699,6-4,"6'4""",76.0,77.16,"6'5""",1.16,plays_taller,77.16,"6'5""",1.16,plays_taller
2025,Duke Deen,Bradley,75700,5-8,"5'8""",68.0,74.5,"6'2""",6.5,plays_taller,74.5,"6'2""",6.5,plays_taller
2025,Wooga Poplar,Villanova,75705,6-5,"6'5""",77.0,78.86,"6'7""",1.86,plays_taller,78.86,"6'7""",1.86,plays_taller
2025,Patrick McMahon,Montana St.,75706,6-7,"6'7""",79.0,77.84,"6'6""",-1.16,plays_shorter,77.84,"6'6""",-1.16,plays_shorter
2025,Jakai Robinson,Bryant,75707,6-5,"6'5""",77.0,77.26,"6'5""",0.26,plays_at_height,77.26,"6'5""",0.26,plays_at_height
2025,Sam Lecholat,Montana St.,75710,6-7,"6'7""",79.0,78.68,"6'7""",-0.32,plays_at_height,78.68,"6'7""",-0.32,plays_at_height
2025,Wilhelm Breidenbach,Washington,75711,6-10,"6'10""",82.0,77.39,"6'5""",-4.61,plays_shorter,77.39,"6'5""",-4.61,plays_shorter
2025,Oleg Kojenets,Wyoming,75712,7-0,"7'0""",84.0,79.57,"6'8""",-4.43,plays_shorter,79.57,"6'8""",-4.43,plays_shorter
2025,Jaren Johnson,Howard,75714,6-5,"6'5""",77.0,76.12,"6'4""",-0.88,plays_shorter,76.12,"6'4""",-0.88,plays_shorter
2025,Dusan Neskovic,Richmond,75715,6-8,"6'8""",80.0,76.95,"6'5""",-3.05,plays_shorter,76.95,"6'5""",-3.05,plays_shorter
2025,Kuluel Mading,Norfolk St.,75719,6-9,"6'9""",81.0,81.0,"6'9""",-0.0,plays_at_height,81.0,"6'9""",-0.0,plays_at_height
2025,Ian Schieffelin,Clemson,75720,6-8,"6'8""",80.0,81.28,"6'9""",1.28,plays_taller,81.28,"6'9""",1.28,plays_taller
2025,Curtis Jones,Iowa St.,75721,6-4,"6'4""",76.0,76.92,"6'5""",0.92,plays_taller,76.92,"6'5""",0.92,plays_taller
2025,D.J. Hughes,East Tennessee St.,75723,6-7,"6'7""",79.0,79.96,"6'8""",0.96,plays_taller,79.96,"6'8""",0.96,plays_taller
2025,Zaakir Williamson,Saint Peter's,75724,6-7,"6'7""",79.0,78.48,"6'6""",-0.52,plays_at_height,78.48,"6'6""",-0.52,plays_at_height
2025,Jayden Taylor,N.C. State,75725,6-4,"6'4""",76.0,76.5,"6'5""",0.5,plays_at_height,76.5,"6'5""",0.5,plays_at_height
2025,Nicolas Louis-Jacques,Colgate,75726,6-4,"6'4""",76.0,74.45,"6'2""",-1.55,plays_shorter,74.45,"6'2""",-1.55,plays_shorter
2025,"Antonio ""TJ"" Madlock",Alabama St.,75732,6-3,"6'3""",75.0,78.46,"6'6""",3.46,plays_taller,78.46,"6'6""",3.46,plays_taller
2025,Steven Vasquez Jr.,San Jose St.,75736,6-2,"6'2""",74.0,73.6,"6'2""",-0.4,plays_at_height,73.6,"6'2""",-0.4,plays_at_height
2025,Claudell Harris Jr.,Mississippi St.,75739,6-4,"6'4""",76.0,76.21,"6'4""",0.21,plays_at_height,76.21,"6'4""",0.21,plays_at_height
2025,Zander Yates,Liberty,75740,6-8,"6'8""",80.0,75.33,"6'3""",-4.67,plays_shorter,75.33,"6'3""",-4.67,plays_shorter
2025,Nolan Hickman,Gonzaga,75745,6-2,"6'2""",74.0,76.16,"6'4""",2.16,plays_taller,76.16,"6'4""",2.16,plays_taller
2025,Hunter Sallis,Wake Forest,75746,6-5,"6'5""",77.0,78.32,"6'6""",1.32,plays_taller,78.32,"6'6""",1.32,plays_taller
2025,CJ Fulton,Charleston,75752,6-2,"6'2""",74.0,75.5,"6'3""",1.5,plays_taller,75.5,"6'3""",1.5,plays_taller
2025,Kaleb Brown,Cal St. Fullerton,75755,6-7,"6'7""",79.0,75.82,"6'4""",-3.18,plays_shorter,75.82,"6'4""",-3.18,plays_shorter
2025,Trevon Brazile,Arkansas,75756,6-10,"6'10""",82.0,82.57,"6'11""",0.57,plays_at_height,82.57,"6'11""",0.57,plays_at_height
2025,Anton Brookshire,Austin Peay,75759,6-2,"6'2""",74.0,74.1,"6'2""",0.1,plays_at_height,74.1,"6'2""",0.1,plays_at_height
2025,Ivan Reynolds,Houston Christian,75770,6-4,"6'4""",76.0,76.05,"6'4""",0.05,plays_at_height,76.05,"6'4""",0.05,plays_at_height
2025,Makai Willis,Louisiana Monroe,75779,6-9,"6'9""",81.0,79.15,"6'7""",-1.85,plays_shorter,79.15,"6'7""",-1.85,plays_shorter
2025,TJ Gadsden,Hofstra,75780,6-7,"6'7""",79.0,76.58,"6'5""",-2.42,plays_shorter,76.58,"6'5""",-2.42,plays_shorter
2025,Ahamad Bynum,UTEP,75781,6-3,"6'3""",75.0,74.49,"6'2""",-0.51,plays_at_height,74.49,"6'2""",-0.51,plays_at_height
2025,Ansley Almonor,Kentucky,75782,6-7,"6'7""",79.0,75.97,"6'4""",-3.03,plays_shorter,75.97,"6'4""",-3.03,plays_shorter
2025,TJ Long,Vermont,75785,6-4,"6'4""",76.0,74.48,"6'2""",-1.52,plays_shorter,74.48,"6'2""",-1.52,plays_shorter
2025,Xzavier Long,Hampton,75792,6-7,"6'7""",79.0,79.18,"6'7""",0.18,plays_at_height,79.18,"6'7""",0.18,plays_at_height
2025,JC Harris,UMBC,75794,6-1,"6'1""",73.0,74.55,"6'3""",1.55,plays_taller,74.55,"6'3""",1.55,plays_taller
2025,Daniel Umoh,Mississippi Valley St.,75801,6-9,"6'9""",81.0,78.27,"6'6""",-2.73,plays_shorter,78.27,"6'6""",-2.73,plays_shorter
2025,Kadar Waller,Cal St. Bakersfield,75805,6-0,"6'0""",72.0,75.41,"6'3""",3.41,plays_taller,75.41,"6'3""",3.41,plays_taller
2025,George Ivory III,Mississippi Valley St.,75809,6-2,"6'2""",74.0,73.79,"6'2""",-0.21,plays_at_height,73.79,"6'2""",-0.21,plays_at_height
2025,Byron Brown,Air Force,75811,6-4,"6'4""",76.0,76.98,"6'5""",0.98,plays_taller,76.98,"6'5""",0.98,plays_taller
2025,Ethan Taylor,Air Force,75812,6-5,"6'5""",77.0,76.67,"6'5""",-0.33,plays_at_height,76.67,"6'5""",-0.33,plays_at_height
2025,Jake Heidbreder,Clemson,75813,6-5,"6'5""",77.0,74.77,"6'3""",-2.23,plays_shorter,74.77,"6'3""",-2.23,plays_shorter
2025,Jeffrey Mills,Air Force,75818,6-4,"6'4""",76.0,75.26,"6'3""",-0.74,plays_at_height,75.26,"6'3""",-0.74,plays_at_height
2025,Timmy Adedire,North Carolina Central,75830,6-4,"6'4""",76.0,75.11,"6'3""",-0.89,plays_shorter,75.11,"6'3""",-0.89,plays_shorter
2025,Justus Jackson,Tennessee St.,75842,6-1,"6'1""",73.0,73.87,"6'2""",0.87,plays_taller,73.87,"6'2""",0.87,plays_taller
2025,Evan Nelson,Harvard,75846,6-2,"6'2""",74.0,75.16,"6'3""",1.16,plays_taller,75.16,"6'3""",1.16,plays_taller
2025,Zach Riley,Fordham,75852,6-5,"6'5""",77.0,76.41,"6'4""",-0.59,plays_at_height,76.41,"6'4""",-0.59,plays_at_height
2025,Justice Smith,Niagara,75862,6-6,"6'6""",78.0,77.45,"6'5""",-0.55,plays_at_height,77.45,"6'5""",-0.55,plays_at_height
2025,Ryan Abelman,Northern Arizona,75864,6-4,"6'4""",76.0,74.94,"6'3""",-1.06,plays_shorter,74.94,"6'3""",-1.06,plays_shorter
2025,Jack Wistrcill,Northern Arizona,75865,6-8,"6'8""",80.0,75.31,"6'3""",-4.69,plays_shorter,75.31,"6'3""",-4.69,plays_shorter
2025,Noah Feddersen,North Dakota St.,75867,6-10,"6'10""",82.0,79.65,"6'8""",-2.35,plays_shorter,79.65,"6'8""",-2.35,plays_shorter
2025,Lance Waddles,Nebraska Omaha,75869,6-4,"6'4""",76.0,76.14,"6'4""",0.14,plays_at_height,76.14,"6'4""",0.14,plays_at_height
2025,Oakland Fort,Northern Arizona,75871,5-10,"5'10""",70.0,74.22,"6'2""",4.22,plays_taller,74.22,"6'2""",4.22,plays_taller
2025,Jah Nze,Mercer,75873,6-4,"6'4""",76.0,76.57,"6'5""",0.57,plays_at_height,76.57,"6'5""",0.57,plays_at_height
2025,Kendall Blue,St. Thomas,75877,6-6,"6'6""",78.0,77.61,"6'6""",-0.39,plays_at_height,77.61,"6'6""",-0.39,plays_at_height
2025,Ryan Conwell,Xavier,75878,6-3,"6'3""",75.0,76.18,"6'4""",1.18,plays_taller,76.18,"6'4""",1.18,plays_taller
2025,Dok Muordar,Monmouth,75879,6-11,"6'11""",83.0,81.5,"6'9""",-1.5,plays_shorter,81.5,"6'9""",-1.5,plays_shorter
2025,William Kyle III,UCLA,75881,6-9,"6'9""",81.0,82.85,"6'11""",1.85,plays_taller,82.85,"6'11""",1.85,plays_taller
2025,Rasheer Fleming,Saint Joseph's,75882,6-9,"6'9""",81.0,82.36,"6'10""",1.36,plays_taller,82.36,"6'10""",1.36,plays_taller
2025,Kolby King,Butler,75883,6-2,"6'2""",74.0,76.75,"6'5""",2.75,plays_taller,76.75,"6'5""",2.75,plays_taller
2025,Christian Winborne,Iona,75884,6-2,"6'2""",74.0,75.69,"6'4""",1.69,plays_taller,75.69,"6'4""",1.69,plays_taller
2025,Austin Benigni,Navy,75888,5-10,"5'10""",70.0,75.28,"6'3""",5.28,plays_taller,75.28,"6'3""",5.28,plays_taller
2025,Cooper Craggs,Oakland,75890,6-5,"6'5""",77.0,76.34,"6'4""",-0.66,plays_at_height,76.34,"6'4""",-0.66,plays_at_height
2025,Jayden Pierre,Providence,75892,6-2,"6'2""",74.0,76.03,"6'4""",2.03,plays_taller,76.03,"6'4""",2.03,plays_taller
2025,Quante Berry,Temple,75893,6-4,"6'4""",76.0,77.31,"6'5""",1.31,plays_taller,77.31,"6'5""",1.31,plays_taller
2025,Ezra Ausar,Utah,75895,6-9,"6'9""",81.0,80.55,"6'9""",-0.45,plays_at_height,80.55,"6'9""",-0.45,plays_at_height
2025,Valentino Pinedo,Saint Francis,75896,6-8,"6'8""",80.0,79.45,"6'7""",-0.55,plays_at_height,79.45,"6'7""",-0.55,plays_at_height
2025,Saxby Sunderland,Chicago St.,75897,6-4,"6'4""",76.0,75.97,"6'4""",-0.03,plays_at_height,75.97,"6'4""",-0.03,plays_at_height
2025,Kareem Rozier,Duquesne,75901,5-9,"5'9""",69.0,74.15,"6'2""",5.15,plays_taller,74.15,"6'2""",5.15,plays_taller
2025,Erik Pratt,Milwaukee,75911,6-5,"6'5""",77.0,76.38,"6'4""",-0.62,plays_at_height,76.38,"6'4""",-0.62,plays_at_height
2025,Tavari Johnson,Akron,75912,5-11,"5'11""",71.0,75.58,"6'4""",4.58,plays_taller,75.58,"6'4""",4.58,plays_taller
2025,Ryan Prather Jr.,Robert Morris,75913,6-5,"6'5""",77.0,76.47,"6'4""",-0.53,plays_at_height,76.47,"6'4""",-0.53,plays_at_height
2025,Cavan Reilly,Delaware,75914,6-4,"6'4""",76.0,74.93,"6'3""",-1.07,plays_shorter,74.93,"6'3""",-1.07,plays_shorter
2025,Max Mackinnon,Portland,75920,6-6,"6'6""",78.0,77.02,"6'5""",-0.98,plays_shorter,77.02,"6'5""",-0.98,plays_shorter
2025,Colby McAllister,The Citadel,75923,6-5,"6'5""",77.0,74.87,"6'3""",-2.13,plays_shorter,74.87,"6'3""",-2.13,plays_shorter
2025,Madison Durr,Monmouth,75924,6-4,"6'4""",76.0,75.29,"6'3""",-0.71,plays_at_height,75.29,"6'3""",-0.71,plays_at_height
2025,AJ Smith,Charleston,75925,6-4,"6'4""",76.0,76.58,"6'5""",0.58,plays_at_height,76.58,"6'5""",0.58,plays_at_height
2025,Aidan Kehoe,Navy,75927,6-10,"6'10""",82.0,81.04,"6'9""",-0.96,plays_shorter,81.04,"6'9""",-0.96,plays_shorter
2025,Jalen Forrest,Chicago St.,75930,6-5,"6'5""",77.0,75.77,"6'4""",-1.23,plays_shorter,75.77,"6'4""",-1.23,plays_shorter
2025,D'Ante Bass,Alabama St.,75931,6-6,"6'6""",78.0,78.95,"6'7""",0.95,plays_taller,78.95,"6'7""",0.95,plays_taller
2025,Derek Simpson,Saint Joseph's,75933,6-3,"6'3""",75.0,76.53,"6'5""",1.53,plays_taller,76.53,"6'5""",1.53,plays_taller
2025,Dashon Gittens,FIU,75937,6-3,"6'3""",75.0,76.95,"6'5""",1.95,plays_taller,76.95,"6'5""",1.95,plays_taller
2025,Antwone Woolfolk,Miami OH,75938,6-9,"6'9""",81.0,80.17,"6'8""",-0.83,plays_shorter,80.17,"6'8""",-0.83,plays_shorter
2025,Quadir Pettaway,Presbyterian,75941,6-2,"6'2""",74.0,73.71,"6'2""",-0.29,plays_at_height,73.71,"6'2""",-0.29,plays_at_height
2025,Kenny Noland,Columbia,75944,6-4,"6'4""",76.0,74.94,"6'3""",-1.06,plays_shorter,74.94,"6'3""",-1.06,plays_shorter
2025,Zine Eddine Bedri,Columbia,75946,6-9,"6'9""",81.0,78.86,"6'7""",-2.14,plays_shorter,78.86,"6'7""",-2.14,plays_shorter
2025,Ethan Meuser,Stonehill,75947,6-8,"6'8""",80.0,78.04,"6'6""",-1.96,plays_shorter,78.04,"6'6""",-1.96,plays_shorter
2025,Izaiyah Nelson,Arkansas St.,75949,6-10,"6'10""",82.0,84.32,"7'0""",2.32,plays_taller,84.32,"7'0""",2.32,plays_taller
2025,Darrion Williams,Texas Tech,75953,6-6,"6'6""",78.0,78.3,"6'6""",0.3,plays_at_height,78.3,"6'6""",0.3,plays_at_height
2025,Denzel Aberdeen,Florida,75954,6-5,"6'5""",77.0,75.79,"6'4""",-1.21,plays_shorter,75.79,"6'4""",-1.21,plays_shorter
2025,Michael Rogan,Fairfield,75956,6-7,"6'7""",79.0,74.78,"6'3""",-4.22,plays_shorter,74.78,"6'3""",-4.22,plays_shorter
2025,Jo'el Emanuel,Fairleigh Dickinson,75957,6-6,"6'6""",78.0,77.78,"6'6""",-0.22,plays_at_height,77.78,"6'6""",-0.22,plays_at_height
2025,Brayden Reynolds,Fairleigh Dickinson,75960,6-1,"6'1""",73.0,76.1,"6'4""",3.1,plays_taller,76.1,"6'4""",3.1,plays_taller
2025,Tauris Watson,West Georgia,75968,6-3,"6'3""",75.0,75.63,"6'4""",0.63,plays_at_height,75.63,"6'4""",0.63,plays_at_height
2025,Brian Mathews,North Dakota,75970,6-10,"6'10""",82.0,77.45,"6'5""",-4.55,plays_shorter,77.45,"6'5""",-4.55,plays_shorter
2025,Jayland Randall,Southern Indiana,75981,6-5,"6'5""",77.0,75.73,"6'4""",-1.27,plays_shorter,75.73,"6'4""",-1.27,plays_shorter
2025,Vladimer Salaridze,Tennessee Martin,75989,6-7,"6'7""",79.0,79.73,"6'8""",0.73,plays_at_height,79.73,"6'8""",0.73,plays_at_height
2025,Nathan McGill,Stonehill,75995,6-4,"6'4""",76.0,76.54,"6'5""",0.54,plays_at_height,76.54,"6'5""",0.54,plays_at_height
2025,Christopher Melis,Stonehill,75996,6-5,"6'5""",77.0,77.31,"6'5""",0.31,plays_at_height,77.31,"6'5""",0.31,plays_at_height
2025,Quincy McGriff,Alabama A&M,75998,6-6,"6'6""",78.0,74.46,"6'2""",-3.54,plays_shorter,74.46,"6'2""",-3.54,plays_shorter
2025,Kenyon Giles,UNC Greensboro,75999,5-11,"5'11""",71.0,74.43,"6'2""",3.43,plays_taller,74.43,"6'2""",3.43,plays_taller
2025,Luke Northweather,Oklahoma,76000,6-11,"6'11""",83.0,77.44,"6'5""",-5.56,plays_shorter,77.44,"6'5""",-5.56,plays_shorter
2025,Quion Williams,Abilene Christian,76001,6-5,"6'5""",77.0,79.17,"6'7""",2.17,plays_taller,79.17,"6'7""",2.17,plays_taller
2025,Rory Stewart,Florida Gulf Coast,76002,6-8,"6'8""",80.0,76.83,"6'5""",-3.17,plays_shorter,76.83,"6'5""",-3.17,plays_shorter
2025,Keiveon Hunt,Jackson St.,76003,5-11,"5'11""",71.0,74.75,"6'3""",3.75,plays_taller,74.75,"6'3""",3.75,plays_taller
2025,Jason Hart Jr.,Long Beach St.,76006,6-2,"6'2""",74.0,73.24,"6'1""",-0.76,plays_shorter,73.24,"6'1""",-0.76,plays_shorter
2025,Grant Strong,Tennessee Tech,76009,6-6,"6'6""",78.0,74.48,"6'2""",-3.52,plays_shorter,74.48,"6'2""",-3.52,plays_shorter
2025,Ice Emery,Western Carolina,76010,6-0,"6'0""",72.0,74.9,"6'3""",2.9,plays_taller,74.9,"6'3""",2.9,plays_taller
2025,Javon Bennett,Dayton,76011,5-11,"5'11""",71.0,75.13,"6'3""",4.13,plays_taller,75.13,"6'3""",4.13,plays_taller
2025,Jordan Derkack,Rutgers,76012,6-6,"6'6""",78.0,77.36,"6'5""",-0.64,plays_at_height,77.36,"6'5""",-0.64,plays_at_height
2025,Jasen Green,Creighton,76013,6-8,"6'8""",80.0,78.79,"6'7""",-1.21,plays_shorter,78.79,"6'7""",-1.21,plays_shorter
2025,Ola Ajiboye,Tennessee Tech,76014,6-7,"6'7""",79.0,79.63,"6'8""",0.63,plays_at_height,79.63,"6'8""",0.63,plays_at_height
2025,Mike Sharavjamts,Utah,76015,6-8,"6'8""",80.0,78.2,"6'6""",-1.8,plays_shorter,78.2,"6'6""",-1.8,plays_shorter
2025,Achile Spadone,Bucknell,76016,6-4,"6'4""",76.0,76.35,"6'4""",0.35,plays_at_height,76.35,"6'4""",0.35,plays_at_height
2025,Jack Collins,Monmouth,76022,6-5,"6'5""",77.0,76.15,"6'4""",-0.85,plays_shorter,76.15,"6'4""",-0.85,plays_shorter
2025,Grant Newell,North Texas,76025,6-9,"6'9""",81.0,77.89,"6'6""",-3.11,plays_shorter,77.89,"6'6""",-3.11,plays_shorter
2025,Tavi Jackson,Southern Utah,76026,6-2,"6'2""",74.0,76.64,"6'5""",2.64,plays_taller,76.64,"6'5""",2.64,plays_taller
2025,Jack Payne,Idaho,76027,6-6,"6'6""",78.0,77.63,"6'6""",-0.37,plays_at_height,77.63,"6'6""",-0.37,plays_at_height
2025,KyeRon Lindsay,Murray St.,76029,6-7,"6'7""",79.0,80.83,"6'9""",1.83,plays_taller,80.83,"6'9""",1.83,plays_taller
2025,Emil Skytta,Sacramento St.,76032,6-4,"6'4""",76.0,76.66,"6'5""",0.66,plays_at_height,76.66,"6'5""",0.66,plays_at_height
2025,Nate Brafford,Georgia Southern,76035,6-9,"6'9""",81.0,77.51,"6'6""",-3.49,plays_shorter,77.51,"6'6""",-3.49,plays_shorter
2025,Bendji Pierre,San Diego,76037,6-8,"6'8""",80.0,75.39,"6'3""",-4.61,plays_shorter,75.39,"6'3""",-4.61,plays_shorter
2025,Daniel Rivera,Massachusetts,76039,6-6,"6'6""",78.0,81.27,"6'9""",3.27,plays_taller,81.27,"6'9""",3.27,plays_taller
2025,Jack Doumbia,Wright St.,76041,6-6,"6'6""",78.0,80.13,"6'8""",2.13,plays_taller,80.13,"6'8""",2.13,plays_taller
2025,Isaiah Swope,Saint Louis,76048,5-10,"5'10""",70.0,74.74,"6'3""",4.74,plays_taller,74.74,"6'3""",4.74,plays_taller
2025,Jack Mielke,Southern Indiana,76049,6-7,"6'7""",79.0,76.09,"6'4""",-2.91,plays_shorter,76.09,"6'4""",-2.91,plays_shorter
2025,Ryan Hall,Southern Indiana,76050,6-5,"6'5""",77.0,73.71,"6'2""",-3.29,plays_shorter,73.71,"6'2""",-3.29,plays_shorter
2025,Josh Mitchell,Alcorn St.,76051,6-8,"6'8""",80.0,78.41,"6'6""",-1.59,plays_shorter,78.41,"6'6""",-1.59,plays_shorter
2025,Cameron Huefner,Sam Houston St.,76052,6-7,"6'7""",79.0,76.07,"6'4""",-2.93,plays_shorter,76.07,"6'4""",-2.93,plays_shorter
2025,AJ Ferguson,Murray St.,76053,6-6,"6'6""",78.0,77.72,"6'6""",-0.28,plays_at_height,77.72,"6'6""",-0.28,plays_at_height
2025,Cobie Montgomery,Southern Miss,76055,6-3,"6'3""",75.0,76.2,"6'4""",1.2,plays_taller,76.2,"6'4""",1.2,plays_taller
2025,Jah Quinones,Mercer,76058,6-4,"6'4""",76.0,75.06,"6'3""",-0.94,plays_shorter,75.06,"6'3""",-0.94,plays_shorter
2025,Keyshawn Hall,UCF,76060,6-7,"6'7""",79.0,78.47,"6'6""",-0.53,plays_at_height,78.47,"6'6""",-0.53,plays_at_height
2025,Jonathan Beagle,Richmond,76063,6-10,"6'10""",82.0,79.78,"6'8""",-2.22,plays_shorter,79.78,"6'8""",-2.22,plays_shorter
2025,Romad Dean,Fordham,76064,6-7,"6'7""",79.0,78.03,"6'6""",-0.97,plays_shorter,78.03,"6'6""",-0.97,plays_shorter
2025,Josiah Davis,Niagara,76069,6-3,"6'3""",75.0,76.87,"6'5""",1.87,plays_taller,76.87,"6'5""",1.87,plays_taller
2025,Joshua Ola-Joseph,California,76072,6-7,"6'7""",79.0,78.09,"6'6""",-0.91,plays_shorter,78.09,"6'6""",-0.91,plays_shorter
2025,Nick Krass,Tarleton St.,76076,6-4,"6'4""",76.0,74.78,"6'3""",-1.22,plays_shorter,74.78,"6'3""",-1.22,plays_shorter
2025,Brian Taylor,SIU Edwardsville,76077,6-4,"6'4""",76.0,76.96,"6'5""",0.96,plays_taller,76.96,"6'5""",0.96,plays_taller
2025,Tre Dinkins,Duquesne,76078,6-2,"6'2""",74.0,75.67,"6'4""",1.67,plays_taller,75.67,"6'4""",1.67,plays_taller
2025,Japhet Medor,Fordham,76082,5-11,"5'11""",71.0,75.79,"6'4""",4.79,plays_taller,75.79,"6'4""",4.79,plays_taller
2025,Adam Hamilton,Lamar,76083,6-9,"6'9""",81.0,81.81,"6'10""",0.81,plays_taller,81.81,"6'10""",0.81,plays_taller
2025,Sincere Parker,McNeese St.,76086,6-3,"6'3""",75.0,76.66,"6'5""",1.66,plays_taller,76.66,"6'5""",1.66,plays_taller
2025,Jerome Palm,Hawaii,76088,6-10,"6'10""",82.0,77.98,"6'6""",-4.02,plays_shorter,77.98,"6'6""",-4.02,plays_shorter
2025,Kalu Anya,Saint Louis,76090,6-8,"6'8""",80.0,80.95,"6'9""",0.95,plays_taller,80.95,"6'9""",0.95,plays_taller
2025,Harry Wessels,Saint Mary's,76091,7-1,"7'1""",85.0,82.34,"6'10""",-2.66,plays_shorter,82.34,"6'10""",-2.66,plays_shorter
2025,Silas Sunday,Hofstra,76092,7-0,"7'0""",84.0,82.31,"6'10""",-1.69,plays_shorter,82.31,"6'10""",-1.69,plays_shorter
2025,Sadiku Ibine Ayo,St. John's,76094,6-7,"6'7""",79.0,76.95,"6'5""",-2.05,plays_shorter,76.95,"6'5""",-2.05,plays_shorter
2025,Eric Mulder,Purdue Fort Wayne,76095,6-8,"6'8""",80.0,81.5,"6'10""",1.5,plays_taller,81.5,"6'10""",1.5,plays_taller
2025,Maleek Arington,Seattle,76098,6-3,"6'3""",75.0,76.54,"6'5""",1.54,plays_taller,76.54,"6'5""",1.54,plays_taller
2025,Barrington Hargress,UC Riverside,76101,6-0,"6'0""",72.0,75.69,"6'4""",3.69,plays_taller,75.69,"6'4""",3.69,plays_taller
2025,Lorenzo Downey,Alabama A&M,76107,6-5,"6'5""",77.0,76.99,"6'5""",-0.01,plays_at_height,76.99,"6'5""",-0.01,plays_at_height
2025,Aaron Gray,Indiana St.,76111,6-7,"6'7""",79.0,79.52,"6'8""",0.52,plays_at_height,79.52,"6'8""",0.52,plays_at_height
2025,Jacari White,North Dakota St.,76114,6-3,"6'3""",75.0,77.01,"6'5""",2.01,plays_taller,77.01,"6'5""",2.01,plays_taller
2025,Braxton Bayless,Western Kentucky,76117,6-2,"6'2""",74.0,76.37,"6'4""",2.37,plays_taller,76.37,"6'4""",2.37,plays_taller
2025,David Coit,Kansas,76119,5-11,"5'11""",71.0,74.62,"6'3""",3.62,plays_taller,74.62,"6'3""",3.62,plays_taller
2025,DJ Campbell,California,76121,6-2,"6'2""",74.0,75.59,"6'4""",1.59,plays_taller,75.59,"6'4""",1.59,plays_taller
2025,Will Johnston,Loyola Marymount,76124,6-3,"6'3""",75.0,74.38,"6'2""",-0.62,plays_at_height,74.38,"6'2""",-0.62,plays_at_height
2025,Mohamed Wague,Oklahoma,76128,6-10,"6'10""",82.0,82.29,"6'10""",0.29,plays_at_height,82.29,"6'10""",0.29,plays_at_height
2025,Jestin Porter,Middle Tennessee,76129,6-1,"6'1""",73.0,74.8,"6'3""",1.8,plays_taller,74.8,"6'3""",1.8,plays_taller
2025,Luca Colceag,Northern Colorado,76132,6-9,"6'9""",81.0,74.71,"6'3""",-6.29,plays_shorter,74.71,"6'3""",-6.29,plays_shorter
2025,Camden Heide,Purdue,76133,6-7,"6'7""",79.0,78.85,"6'7""",-0.15,plays_at_height,78.85,"6'7""",-0.15,plays_at_height
2025,Barry Dunning Jr.,South Alabama,76139,6-6,"6'6""",78.0,79.5,"6'7""",1.5,plays_taller,79.5,"6'7""",1.5,plays_taller
2025,Kymany Houinsou,Loyola Chicago,76140,6-7,"6'7""",79.0,79.08,"6'7""",0.08,plays_at_height,79.08,"6'7""",0.08,plays_at_height
2025,Iaroslav Niagu,Jacksonville St.,76144,7-0,"7'0""",84.0,79.73,"6'8""",-4.27,plays_shorter,79.73,"6'8""",-4.27,plays_shorter
2025,Tre Donaldson,Michigan,76149,6-3,"6'3""",75.0,75.6,"6'4""",0.6,plays_at_height,75.6,"6'4""",0.6,plays_at_height
2025,Bol Dengdit,Portland,76150,6-11,"6'11""",83.0,77.44,"6'5""",-5.56,plays_shorter,77.44,"6'5""",-5.56,plays_shorter
2025,Cord Stansberry,Western Carolina,76151,6-4,"6'4""",76.0,75.74,"6'4""",-0.26,plays_at_height,75.74,"6'4""",-0.26,plays_at_height
2025,Jevon Porter,Loyola Marymount,76153,6-11,"6'11""",83.0,79.02,"6'7""",-3.98,plays_shorter,79.02,"6'7""",-3.98,plays_shorter
2025,Denver Anglin,Rice,76156,6-1,"6'1""",73.0,74.04,"6'2""",1.04,plays_taller,74.04,"6'2""",1.04,plays_taller
2025,Arturo Dean,Oklahoma St.,76157,5-11,"5'11""",71.0,76.1,"6'4""",5.1,plays_taller,76.1,"6'4""",5.1,plays_taller
2025,JJ Starling,Syracuse,76159,6-4,"6'4""",76.0,76.17,"6'4""",0.17,plays_at_height,76.17,"6'4""",0.17,plays_at_height
2025,Ven-Allen Lubin,North Carolina,76160,6-8,"6'8""",80.0,82.93,"6'11""",2.93,plays_taller,82.93,"6'11""",2.93,plays_taller
2025,Aidan Hadaway,Ohio,76161,6-8,"6'8""",80.0,79.2,"6'7""",-0.8,plays_shorter,79.2,"6'7""",-0.8,plays_shorter
2025,Chris Ashby,Queens,76166,6-2,"6'2""",74.0,73.5,"6'1""",-0.5,plays_at_height,73.5,"6'1""",-0.5,plays_at_height
2025,Josh Dix,Iowa,76168,6-6,"6'6""",78.0,76.61,"6'5""",-1.39,plays_shorter,76.61,"6'5""",-1.39,plays_shorter
2025,Dasonte Bowen,St. Bonaventure,76169,6-2,"6'2""",74.0,76.26,"6'4""",2.26,plays_taller,76.26,"6'4""",2.26,plays_taller
2025,Robbie Avila,Saint Louis,76175,6-10,"6'10""",82.0,77.72,"6'6""",-4.28,plays_shorter,77.72,"6'6""",-4.28,plays_shorter
2025,Vincent Brady II,Missouri St.,76176,6-3,"6'3""",75.0,77.12,"6'5""",2.12,plays_taller,77.12,"6'5""",2.12,plays_taller
2025,Geoff Sprouse,American,76179,6-0,"6'0""",72.0,73.62,"6'2""",1.62,plays_taller,73.62,"6'2""",1.62,plays_taller
2025,Jefferson De La Cruz Monegro,Valparaiso,76180,6-3,"6'3""",75.0,75.34,"6'3""",0.34,plays_at_height,75.34,"6'3""",0.34,plays_at_height
2025,JaVaughn Hannah,Western Michigan,76181,6-4,"6'4""",76.0,77.32,"6'5""",1.32,plays_taller,77.32,"6'5""",1.32,plays_taller
2025,Seth Hubbard,Toledo,76182,6-4,"6'4""",76.0,76.0,"6'4""",0.0,plays_at_height,76.0,"6'4""",0.0,plays_at_height
2025,Max Burton,Western Michigan,76183,6-10,"6'10""",82.0,78.87,"6'7""",-3.13,plays_shorter,78.87,"6'7""",-3.13,plays_shorter
2025,Jacob Wilson,Louisiana Monroe,76184,6-6,"6'6""",78.0,76.06,"6'4""",-1.94,plays_shorter,76.06,"6'4""",-1.94,plays_shorter
2025,Jasteven Walker,Alabama St.,76185,6-10,"6'10""",82.0,79.05,"6'7""",-2.95,plays_shorter,79.05,"6'7""",-2.95,plays_shorter
2025,Jermaine Ballisager Webb,Portland,76187,7-1,"7'1""",85.0,78.09,"6'6""",-6.91,plays_shorter,78.09,"6'6""",-6.91,plays_shorter
2025,Ante Brzovic,Charleston,76188,6-10,"6'10""",82.0,80.07,"6'8""",-1.93,plays_shorter,80.07,"6'8""",-1.93,plays_shorter
2025,Amani Lyles,Akron,76193,6-7,"6'7""",79.0,81.88,"6'10""",2.88,plays_taller,81.88,"6'10""",2.88,plays_taller
2025,Braden Smith,Purdue,76196,6-0,"6'0""",72.0,76.12,"6'4""",4.12,plays_taller,76.12,"6'4""",4.12,plays_taller
2025,Kaleb Banks,Tulane,76200,6-8,"6'8""",80.0,79.93,"6'8""",-0.07,plays_at_height,79.93,"6'8""",-0.07,plays_at_height
2025,Thomas Tut,Southeastern Louisiana,76201,6-10,"6'10""",82.0,76.53,"6'5""",-5.47,plays_shorter,76.53,"6'5""",-5.47,plays_shorter
2025,Orlando Lovejoy,Detroit Mercy,76209,6-3,"6'3""",75.0,75.54,"6'4""",0.54,plays_at_height,75.54,"6'4""",0.54,plays_at_height
2025,Justin Mullins,Northwestern,76214,6-6,"6'6""",78.0,78.05,"6'6""",0.05,plays_at_height,78.05,"6'6""",0.05,plays_at_height
2025,Chase Robinson,Cleveland St.,76215,6-1,"6'1""",73.0,76.27,"6'4""",3.27,plays_taller,76.27,"6'4""",3.27,plays_taller
2025,Ja'Kobi Gillespie,Maryland,76218,6-1,"6'1""",73.0,76.67,"6'5""",3.67,plays_taller,76.67,"6'5""",3.67,plays_taller
2025,Derrian Ford,Arkansas St.,76219,6-3,"6'3""",75.0,75.37,"6'3""",0.37,plays_at_height,75.37,"6'3""",0.37,plays_at_height
2025,Barry Evans,Bryant,76225,6-8,"6'8""",80.0,79.39,"6'7""",-0.61,plays_at_height,79.39,"6'7""",-0.61,plays_at_height
2025,Jackson Fields,Troy,76226,6-8,"6'8""",80.0,79.62,"6'8""",-0.38,plays_at_height,79.62,"6'8""",-0.38,plays_at_height
2025,Percy Daniels,Tulane,76229,6-9,"6'9""",81.0,80.97,"6'9""",-0.03,plays_at_height,80.97,"6'9""",-0.03,plays_at_height
2025,Jack Campion,Southern Indiana,76230,5-10,"5'10""",70.0,74.38,"6'2""",4.38,plays_taller,74.38,"6'2""",4.38,plays_taller
2025,Andre Young,Rider,76232,5-11,"5'11""",71.0,73.93,"6'2""",2.93,plays_taller,73.93,"6'2""",2.93,plays_taller
2025,Jaden Henley,UNLV,76235,6-7,"6'7""",79.0,77.29,"6'5""",-1.71,plays_shorter,77.29,"6'5""",-1.71,plays_shorter
2025,Pharrel Payne,Texas A&M,76236,6-9,"6'9""",81.0,83.11,"6'11""",2.11,plays_taller,83.11,"6'11""",2.11,plays_taller
2025,Jonathan Dunn,Coppin St.,76239,6-7,"6'7""",79.0,78.44,"6'6""",-0.56,plays_at_height,78.44,"6'6""",-0.56,plays_at_height
2025,Keyontae Lewis,Wagner,76241,6-9,"6'9""",81.0,79.02,"6'7""",-1.98,plays_shorter,79.02,"6'7""",-1.98,plays_shorter
2025,Darren Buchanan Jr.,George Washington,76243,6-7,"6'7""",79.0,79.03,"6'7""",0.03,plays_at_height,79.03,"6'7""",0.03,plays_at_height
2025,Daniel Rouzan,Bethune Cookman,76244,6-8,"6'8""",80.0,78.61,"6'7""",-1.39,plays_shorter,78.61,"6'7""",-1.39,plays_shorter
2025,Delrecco Gillespie,Kent St.,76250,6-8,"6'8""",80.0,81.79,"6'10""",1.79,plays_taller,81.79,"6'10""",1.79,plays_taller
2025,Rokas Jocius,UCF,76251,6-10,"6'10""",82.0,77.57,"6'6""",-4.43,plays_shorter,77.57,"6'6""",-4.43,plays_shorter
2025,Roddy Gayle Jr.,Michigan,76252,6-5,"6'5""",77.0,77.97,"6'6""",0.97,plays_taller,77.97,"6'6""",0.97,plays_taller
2025,Christian Davis,Bradley,76254,6-7,"6'7""",79.0,78.74,"6'7""",-0.26,plays_at_height,78.74,"6'7""",-0.26,plays_at_height
2025,Jonnivius Smith,UTSA,76255,6-9,"6'9""",81.0,82.07,"6'10""",1.07,plays_taller,82.07,"6'10""",1.07,plays_taller
2025,Charlie Williams,Lipscomb,76256,6-10,"6'10""",82.0,77.19,"6'5""",-4.81,plays_shorter,77.19,"6'5""",-4.81,plays_shorter
2025,Jack Karasinski,Bellarmine,76259,6-7,"6'7""",79.0,76.68,"6'5""",-2.32,plays_shorter,76.68,"6'5""",-2.32,plays_shorter
2025,Jorn Everson,Army,76262,6-8,"6'8""",80.0,75.8,"6'4""",-4.2,plays_shorter,75.8,"6'4""",-4.2,plays_shorter
2025,Ethan Roberts,Penn,76263,6-5,"6'5""",77.0,76.77,"6'5""",-0.23,plays_at_height,76.77,"6'5""",-0.23,plays_at_height
2025,Connor Turnbull,Evansville,76267,6-10,"6'10""",82.0,82.83,"6'11""",0.83,plays_taller,82.83,"6'11""",0.83,plays_taller
2025,"Brian Moore, Jr.",Norfolk St.,76269,6-1,"6'1""",73.0,77.47,"6'5""",4.47,plays_taller,77.47,"6'5""",4.47,plays_taller
2025,Blaise Keita,Western Kentucky,76270,6-11,"6'11""",83.0,78.47,"6'6""",-4.53,plays_shorter,78.47,"6'6""",-4.53,plays_shorter
2025,Jacob Conner,Dayton,76272,6-10,"6'10""",82.0,76.12,"6'4""",-5.88,plays_shorter,76.12,"6'4""",-5.88,plays_shorter
2025,Toby Nnadozie,Coppin St.,76275,6-3,"6'3""",75.0,76.29,"6'4""",1.29,plays_taller,76.29,"6'4""",1.29,plays_taller
2025,Ante Beljan,Little Rock,76276,6-8,"6'8""",80.0,79.25,"6'7""",-0.75,plays_at_height,79.25,"6'7""",-0.75,plays_at_height
2025,CJ Delancy,Chicago St.,76279,6-9,"6'9""",81.0,77.52,"6'6""",-3.48,plays_shorter,77.52,"6'6""",-3.48,plays_shorter
2025,Tyson Commander,Loyola MD,76281,6-4,"6'4""",76.0,76.21,"6'4""",0.21,plays_at_height,76.21,"6'4""",0.21,plays_at_height
2025,Keelan Steele,Maine,76282,6-10,"6'10""",82.0,79.6,"6'8""",-2.4,plays_shorter,79.6,"6'8""",-2.4,plays_shorter
2025,Landon Moore,Butler,76284,6-3,"6'3""",75.0,75.88,"6'4""",0.88,plays_taller,75.88,"6'4""",0.88,plays_taller
2025,Miles Webb,Saint Francis,76287,6-8,"6'8""",80.0,78.58,"6'7""",-1.42,plays_shorter,78.58,"6'7""",-1.42,plays_shorter
2025,Trey Miller,UT Rio Grande Valley,76289,6-2,"6'2""",74.0,75.92,"6'4""",1.92,plays_taller,75.92,"6'4""",1.92,plays_taller
2025,Ryan Pettit,Lafayette,76293,6-1,"6'1""",73.0,75.97,"6'4""",2.97,plays_taller,75.97,"6'4""",2.97,plays_taller
2025,Seth Trimble,North Carolina,76298,6-3,"6'3""",75.0,78.3,"6'6""",3.3,plays_taller,78.3,"6'6""",3.3,plays_taller
2025,LJ Thomas,Austin Peay,76299,6-2,"6'2""",74.0,75.63,"6'4""",1.63,plays_taller,75.63,"6'4""",1.63,plays_taller
2025,Markus Harding,Indiana St.,76301,6-10,"6'10""",82.0,78.51,"6'7""",-3.49,plays_shorter,78.51,"6'7""",-3.49,plays_shorter
2025,Tajavis Miller,North Dakota St.,76305,6-4,"6'4""",76.0,78.29,"6'6""",2.29,plays_taller,78.29,"6'6""",2.29,plays_taller
2025,Quadir Copeland,McNeese St.,76308,6-6,"6'6""",78.0,77.91,"6'6""",-0.09,plays_at_height,77.91,"6'6""",-0.09,plays_at_height
2025,Justin Taylor,James Madison,76310,6-6,"6'6""",78.0,76.54,"6'5""",-1.46,plays_shorter,76.54,"6'5""",-1.46,plays_shorter
2025,Peter Carey,Siena,76311,6-11,"6'11""",83.0,81.13,"6'9""",-1.87,plays_shorter,81.13,"6'9""",-1.87,plays_shorter
2025,Ugnius Jarusevicius,Central Michigan,76314,6-10,"6'10""",82.0,79.86,"6'8""",-2.14,plays_shorter,79.86,"6'8""",-2.14,plays_shorter
2025,Jacari Lane,North Alabama,76315,6-0,"6'0""",72.0,75.02,"6'3""",3.02,plays_taller,75.02,"6'3""",3.02,plays_taller
2025,Dionte Johnson,North Carolina Central,76320,6-0,"6'0""",72.0,75.53,"6'4""",3.53,plays_taller,75.53,"6'4""",3.53,plays_taller
2025,Braxton Jones,Southern Indiana,76326,6-0,"6'0""",72.0,73.92,"6'2""",1.92,plays_taller,73.92,"6'2""",1.92,plays_taller
2025,Sage Tolentino,UNC Asheville,76339,7-1,"7'1""",85.0,78.51,"6'7""",-6.49,plays_shorter,78.51,"6'7""",-6.49,plays_shorter
2025,Josh Reed,Cincinnati,76340,6-7,"6'7""",79.0,77.46,"6'5""",-1.54,plays_shorter,77.46,"6'5""",-1.54,plays_shorter
2025,Chas Kelley III,Boston College,76342,6-3,"6'3""",75.0,74.6,"6'3""",-0.4,plays_at_height,74.6,"6'3""",-0.4,plays_at_height
2025,Prince Aligbe,Seton Hall,76343,6-7,"6'7""",79.0,78.11,"6'6""",-0.89,plays_shorter,78.11,"6'6""",-0.89,plays_shorter
2025,Demetrius Davis,UNC Greensboro,76344,6-9,"6'9""",81.0,78.03,"6'6""",-2.97,plays_shorter,78.03,"6'6""",-2.97,plays_shorter
2025,Donald Hand Jr.,Boston College,76346,6-5,"6'5""",77.0,77.25,"6'5""",0.25,plays_at_height,77.25,"6'5""",0.25,plays_at_height
2025,Dan Skillings Jr.,Cincinnati,76347,6-6,"6'6""",78.0,79.15,"6'7""",1.15,plays_taller,79.15,"6'7""",1.15,plays_taller
2025,Davion Sykes,Southern Illinois,76349,6-6,"6'6""",78.0,78.57,"6'7""",0.57,plays_at_height,78.57,"6'7""",0.57,plays_at_height
2025,Jordan Mason,Illinois Chicago,76350,6-4,"6'4""",76.0,76.21,"6'4""",0.21,plays_at_height,76.21,"6'4""",0.21,plays_at_height
2025,Koat Keat Tong,UC Santa Barbara,76351,6-10,"6'10""",82.0,80.2,"6'8""",-1.8,plays_shorter,80.2,"6'8""",-1.8,plays_shorter
2025,Faizon Fields,Milwaukee,76354,6-10,"6'10""",82.0,80.78,"6'9""",-1.22,plays_shorter,80.78,"6'9""",-1.22,plays_shorter
2025,Matija Belic,Wyoming,76355,6-7,"6'7""",79.0,77.33,"6'5""",-1.67,plays_shorter,77.33,"6'5""",-1.67,plays_shorter
2025,Efrem Johnson,UAB,76363,6-4,"6'4""",76.0,75.25,"6'3""",-0.75,plays_shorter,75.25,"6'3""",-0.75,plays_shorter
2025,Elijah Brooks,Houston Christian,76365,6-3,"6'3""",75.0,77.07,"6'5""",2.07,plays_taller,77.07,"6'5""",2.07,plays_taller
2025,Amarri Monroe,Quinnipiac,76367,6-7,"6'7""",79.0,80.72,"6'9""",1.72,plays_taller,80.72,"6'9""",1.72,plays_taller
2025,Anthony Arrington,Wofford,76368,6-2,"6'2""",74.0,75.15,"6'3""",1.15,plays_taller,75.15,"6'3""",1.15,plays_taller
2025,Coleton Benson,Texas St.,76370,6-1,"6'1""",73.0,73.83,"6'2""",0.83,plays_taller,73.83,"6'2""",0.83,plays_taller
2025,Rex Sunderland,New Hampshire,76372,6-4,"6'4""",76.0,75.04,"6'3""",-0.96,plays_shorter,75.04,"6'3""",-0.96,plays_shorter
2025,Ridvan Tutic,Maine,76374,6-10,"6'10""",82.0,79.63,"6'8""",-2.37,plays_shorter,79.63,"6'8""",-2.37,plays_shorter
2025,Braden Appelhans,New Mexico,76375,6-7,"6'7""",79.0,75.93,"6'4""",-3.07,plays_shorter,75.93,"6'4""",-3.07,plays_shorter
2025,Donovan Dent,New Mexico,76376,6-2,"6'2""",74.0,77.41,"6'5""",3.41,plays_taller,77.41,"6'5""",3.41,plays_taller
2025,Zae Blake,Wagner,76379,6-1,"6'1""",73.0,74.85,"6'3""",1.85,plays_taller,74.85,"6'3""",1.85,plays_taller
2025,Mark Mitchell,Missouri,76380,6-9,"6'9""",81.0,80.88,"6'9""",-0.12,plays_at_height,80.88,"6'9""",-0.12,plays_at_height
2025,Trey Campbell,Northern Iowa,76385,6-4,"6'4""",76.0,77.38,"6'5""",1.38,plays_taller,77.38,"6'5""",1.38,plays_taller
2025,Jalen Jackson,Purdue Fort Wayne,76386,6-2,"6'2""",74.0,77.81,"6'6""",3.81,plays_taller,77.81,"6'6""",3.81,plays_taller
2025,Steven Clay,Morehead St.,76389,6-4,"6'4""",76.0,76.15,"6'4""",0.15,plays_at_height,76.15,"6'4""",0.15,plays_at_height
2025,Noah Ross,UNC Wilmington,76392,6-7,"6'7""",79.0,78.12,"6'6""",-0.88,plays_shorter,78.12,"6'6""",-0.88,plays_shorter
2025,Nolan Hodge,UNC Wilmington,76393,6-7,"6'7""",79.0,76.76,"6'5""",-2.24,plays_shorter,76.76,"6'5""",-2.24,plays_shorter
2025,Richie Saunders,BYU,76396,6-5,"6'5""",77.0,77.92,"6'6""",0.92,plays_taller,77.92,"6'6""",0.92,plays_taller
2025,Zachary Davis,South Carolina,76397,6-7,"6'7""",79.0,78.05,"6'6""",-0.95,plays_shorter,78.05,"6'6""",-0.95,plays_shorter
2025,Daniel Hankins-Sanford,Massachusetts,76399,6-8,"6'8""",80.0,79.7,"6'8""",-0.3,plays_at_height,79.7,"6'8""",-0.3,plays_at_height
2025,Stephaun Walker,Old Dominion,76408,6-7,"6'7""",79.0,78.21,"6'6""",-0.79,plays_shorter,78.21,"6'6""",-0.79,plays_shorter
2025,TJ Wainwright,Long Beach St.,76409,6-3,"6'3""",75.0,74.67,"6'3""",-0.33,plays_at_height,74.67,"6'3""",-0.33,plays_at_height
2025,Jayden Brewer,FIU,76410,6-6,"6'6""",78.0,79.64,"6'8""",1.64,plays_taller,79.64,"6'8""",1.64,plays_taller
2025,Bryce Baker,Winthrop,76411,6-5,"6'5""",77.0,75.63,"6'4""",-1.37,plays_shorter,75.63,"6'4""",-1.37,plays_shorter
2025,Mason Nicholson,Jacksonville St.,76415,6-10,"6'10""",82.0,83.7,"7'0""",1.7,plays_taller,83.7,"7'0""",1.7,plays_taller
2025,Isaiah Gaines,Radford,76417,6-8,"6'8""",80.0,79.36,"6'7""",-0.64,plays_at_height,79.36,"6'7""",-0.64,plays_at_height
2025,Allen David Mukeba,Oakland,76420,6-7,"6'7""",79.0,81.43,"6'9""",2.43,plays_taller,81.43,"6'9""",2.43,plays_taller
2025,Quandre Bullock,South Dakota,76422,6-6,"6'6""",78.0,78.06,"6'6""",0.06,plays_at_height,78.06,"6'6""",0.06,plays_at_height
2025,Kelechi Okworogwo,North Carolina Central,76425,6-6,"6'6""",78.0,77.35,"6'5""",-0.65,plays_at_height,77.35,"6'5""",-0.65,plays_at_height
2025,Kobe MaGee,Drexel,76426,6-6,"6'6""",78.0,76.87,"6'5""",-1.13,plays_shorter,76.87,"6'5""",-1.13,plays_shorter
2025,Dillon Mitchell,Cincinnati,76429,6-8,"6'8""",80.0,82.88,"6'11""",2.88,plays_taller,82.88,"6'11""",2.88,plays_taller
2025,LeJuan Watts,Washington St.,76432,6-6,"6'6""",78.0,79.16,"6'7""",1.16,plays_taller,79.16,"6'7""",1.16,plays_taller
2025,Lamar Washington,Pacific,76436,6-4,"6'4""",76.0,76.95,"6'5""",0.95,plays_taller,76.95,"6'5""",0.95,plays_taller
2025,AJ McKee,Milwaukee,76439,6-2,"6'2""",74.0,76.19,"6'4""",2.19,plays_taller,76.19,"6'4""",2.19,plays_taller
2025,K.T. Raimey,UT Rio Grande Valley,76444,6-3,"6'3""",75.0,74.61,"6'3""",-0.39,plays_at_height,74.61,"6'3""",-0.39,plays_at_height
2025,Frank Mitchell,Minnesota,76448,6-8,"6'8""",80.0,81.27,"6'9""",1.27,plays_taller,81.27,"6'9""",1.27,plays_taller
2025,Reis Jones,Charleston Southern,76451,6-10,"6'10""",82.0,81.68,"6'10""",-0.32,plays_at_height,81.68,"6'10""",-0.32,plays_at_height
2025,Adante’ Holiman,Georgia Southern,76454,6-0,"6'0""",72.0,74.22,"6'2""",2.22,plays_taller,74.22,"6'2""",2.22,plays_taller
2025,Brandon Walker,Montana St.,76457,6-7,"6'7""",79.0,78.86,"6'7""",-0.14,plays_at_height,78.86,"6'7""",-0.14,plays_at_height
2025,Wilguens Jr. Exacte,Bowling Green,76458,6-6,"6'6""",78.0,78.14,"6'6""",0.14,plays_at_height,78.14,"6'6""",0.14,plays_at_height
2025,Ryan Zan,La Salle,76460,6-7,"6'7""",79.0,75.4,"6'3""",-3.6,plays_shorter,75.4,"6'3""",-3.6,plays_shorter
2025,Rodolfo Rufino Bolis,Eastern Illinois,76463,6-8,"6'8""",80.0,78.8,"6'7""",-1.2,plays_shorter,78.8,"6'7""",-1.2,plays_shorter
2025,Nick Ellington,Murray St.,76465,6-7,"6'7""",79.0,81.28,"6'9""",2.28,plays_taller,81.28,"6'9""",2.28,plays_taller
2025,Marvin McGhee III,Cal St. Bakersfield,76466,6-4,"6'4""",76.0,74.71,"6'3""",-1.29,plays_shorter,74.71,"6'3""",-1.29,plays_shorter
2025,Apostolos Roumoglou,Richmond,76468,6-8,"6'8""",80.0,78.43,"6'6""",-1.57,plays_shorter,78.43,"6'6""",-1.57,plays_shorter
2025,Louie Jordan,UMBC,76470,6-9,"6'9""",81.0,75.71,"6'4""",-5.29,plays_shorter,75.71,"6'4""",-5.29,plays_shorter
2025,Joseph Pinion,Arkansas St.,76471,6-5,"6'5""",77.0,78.04,"6'6""",1.04,plays_taller,78.04,"6'6""",1.04,plays_taller
2025,Alex Karaban,Connecticut,76473,6-8,"6'8""",80.0,78.65,"6'7""",-1.35,plays_shorter,78.65,"6'7""",-1.35,plays_shorter
2025,Zach Reinhart,Arkansas Pine Bluff,76474,6-6,"6'6""",78.0,73.51,"6'2""",-4.49,plays_shorter,73.51,"6'2""",-4.49,plays_shorter
2025,Gregg Glenn III,Tulane,76479,6-7,"6'7""",79.0,78.58,"6'7""",-0.42,plays_at_height,78.58,"6'7""",-0.42,plays_at_height
2025,Rashad King,Northeastern,76482,6-6,"6'6""",78.0,78.3,"6'6""",0.3,plays_at_height,78.3,"6'6""",0.3,plays_at_height
2025,Brendan Hausen,Kansas St.,76484,6-4,"6'4""",76.0,74.58,"6'3""",-1.42,plays_shorter,74.58,"6'3""",-1.42,plays_shorter
2025,Dug McDaniel,Kansas St.,76485,5-11,"5'11""",71.0,74.92,"6'3""",3.92,plays_taller,74.92,"6'3""",3.92,plays_taller
2025,Harold Woods,Northeastern,76488,6-5,"6'5""",77.0,78.09,"6'6""",1.09,plays_taller,78.09,"6'6""",1.09,plays_taller
2025,Kalib Mathews,Queens,76489,6-4,"6'4""",76.0,77.55,"6'6""",1.55,plays_taller,77.55,"6'6""",1.55,plays_taller
2025,Justin Thomas,Florida St.,76491,6-7,"6'7""",79.0,76.73,"6'5""",-2.27,plays_shorter,76.73,"6'5""",-2.27,plays_shorter
2025,Troy Hupstead,UT Arlington,76493,6-7,"6'7""",79.0,77.68,"6'6""",-1.32,plays_shorter,77.68,"6'6""",-1.32,plays_shorter
2025,Aidan Shaw,Missouri,76495,6-9,"6'9""",81.0,80.32,"6'8""",-0.68,plays_at_height,80.32,"6'8""",-0.68,plays_at_height
2025,Andrew Ball,Monmouth,76496,6-8,"6'8""",80.0,79.32,"6'7""",-0.68,plays_at_height,79.32,"6'7""",-0.68,plays_at_height
2025,TJ Johnson,VMI,76498,6-6,"6'6""",78.0,76.19,"6'4""",-1.81,plays_shorter,76.19,"6'4""",-1.81,plays_shorter
2025,Daniel Egbuniwe,Tennessee Tech,76499,6-7,"6'7""",79.0,77.93,"6'6""",-1.07,plays_shorter,77.93,"6'6""",-1.07,plays_shorter
2025,Paxton Davidson,The Citadel,76501,6-3,"6'3""",75.0,74.93,"6'3""",-0.07,plays_at_height,74.93,"6'3""",-0.07,plays_at_height
2025,Dionjahe Thomas,Southern,76504,6-8,"6'8""",80.0,81.0,"6'9""",1.0,plays_taller,81.0,"6'9""",1.0,plays_taller
2025,Malik Dia,Mississippi,76509,6-9,"6'9""",81.0,81.73,"6'10""",0.73,plays_at_height,81.73,"6'10""",0.73,plays_at_height
2025,Zach Keller,Utah,76510,6-10,"6'10""",82.0,77.35,"6'5""",-4.65,plays_shorter,77.35,"6'5""",-4.65,plays_shorter
2025,Lee Dort,California,76513,6-10,"6'10""",82.0,82.07,"6'10""",0.07,plays_at_height,82.07,"6'10""",0.07,plays_at_height
2025,Tyler Linhardt,Idaho,76514,6-7,"6'7""",79.0,76.63,"6'5""",-2.37,plays_shorter,76.63,"6'5""",-2.37,plays_shorter
2025,Xaivian Lee,Princeton,76519,6-3,"6'3""",75.0,78.0,"6'6""",3.0,plays_taller,78.0,"6'6""",3.0,plays_taller
2025,Jack Scott,Princeton,76520,6-6,"6'6""",78.0,76.19,"6'4""",-1.81,plays_shorter,76.19,"6'4""",-1.81,plays_shorter
2025,Caden Pierce,Princeton,76523,6-6,"6'6""",78.0,79.19,"6'7""",1.19,plays_taller,79.19,"6'7""",1.19,plays_taller
2025,Micah Handlogten,Florida,76525,7-1,"7'1""",85.0,82.46,"6'10""",-2.54,plays_shorter,82.46,"6'10""",-2.54,plays_shorter
2025,RJ Greene,Wagner,76528,6-6,"6'6""",78.0,78.34,"6'6""",0.34,plays_at_height,78.34,"6'6""",0.34,plays_at_height
2025,Marcus Jackson,Siena,76530,6-2,"6'2""",74.0,77.01,"6'5""",3.01,plays_taller,77.01,"6'5""",3.01,plays_taller
2025,Mak Manciel,Detroit Mercy,76531,6-3,"6'3""",75.0,73.84,"6'2""",-1.16,plays_shorter,73.84,"6'2""",-1.16,plays_shorter
2025,Oumar Koureissi,Texas Southern,76532,6-11,"6'11""",83.0,78.02,"6'6""",-4.98,plays_shorter,78.02,"6'6""",-4.98,plays_shorter
2025,Angel Montas Jr.,Mercer,76539,6-6,"6'6""",78.0,76.28,"6'4""",-1.72,plays_shorter,76.28,"6'4""",-1.72,plays_shorter
2025,Brenen Lorient,North Texas,76540,6-9,"6'9""",81.0,81.49,"6'9""",0.49,plays_at_height,81.49,"6'9""",0.49,plays_at_height
2025,Elijah Gray,Temple,76542,6-8,"6'8""",80.0,77.71,"6'6""",-2.29,plays_shorter,77.71,"6'6""",-2.29,plays_shorter
2025,Brady Cummins,Colgate,76546,6-6,"6'6""",78.0,75.81,"6'4""",-2.19,plays_shorter,75.81,"6'4""",-2.19,plays_shorter
2025,Dylan Arnett,Cleveland St.,76549,6-9,"6'9""",81.0,82.15,"6'10""",1.15,plays_taller,82.15,"6'10""",1.15,plays_taller
2025,Isaac Jack,Dayton,76551,6-11,"6'11""",83.0,79.62,"6'8""",-3.38,plays_shorter,79.62,"6'8""",-3.38,plays_shorter
2025,"Aaron Price, Jr.",Cal Poly,76552,6-8,"6'8""",80.0,77.08,"6'5""",-2.92,plays_shorter,77.08,"6'5""",-2.92,plays_shorter
2025,RJ Smith,Colorado,76553,6-3,"6'3""",75.0,76.57,"6'5""",1.57,plays_taller,76.57,"6'5""",1.57,plays_taller
2025,Logan Woods,Wright St.,76555,6-5,"6'5""",77.0,74.49,"6'2""",-2.51,plays_shorter,74.49,"6'2""",-2.51,plays_shorter
2025,Stephon Payne III,Jacksonville,76558,6-9,"6'9""",81.0,81.43,"6'9""",0.43,plays_at_height,81.43,"6'9""",0.43,plays_at_height
2025,Treysen Eaglestaff,North Dakota,76559,6-6,"6'6""",78.0,75.72,"6'4""",-2.28,plays_shorter,75.72,"6'4""",-2.28,plays_shorter
2025,Drey Carter,Wright St.,76561,6-8,"6'8""",80.0,77.23,"6'5""",-2.77,plays_shorter,77.23,"6'5""",-2.77,plays_shorter
2025,Caden Powell,Rice,76562,6-10,"6'10""",82.0,81.47,"6'9""",-0.53,plays_at_height,81.47,"6'9""",-0.53,plays_at_height
2025,Wisler Sanon,Saint Francis,76565,6-4,"6'4""",76.0,77.04,"6'5""",1.04,plays_taller,77.04,"6'5""",1.04,plays_taller
2025,Justyn Fernandez,Providence,76571,6-5,"6'5""",77.0,75.58,"6'4""",-1.42,plays_shorter,75.58,"6'4""",-1.42,plays_shorter
2025,Devin Dinkins,Manhattan,76572,5-10,"5'10""",70.0,74.51,"6'3""",4.51,plays_taller,74.51,"6'3""",4.51,plays_taller
2025,Peter Oduro,Coppin St.,76573,6-8,"6'8""",80.0,77.32,"6'5""",-2.68,plays_shorter,77.32,"6'5""",-2.68,plays_shorter
2025,Noah Batchelor,Buffalo,76577,6-6,"6'6""",78.0,76.98,"6'5""",-1.02,plays_shorter,76.98,"6'5""",-1.02,plays_shorter
2025,Patrick Wessler,Virginia Tech,76579,7-0,"7'0""",84.0,80.35,"6'8""",-3.65,plays_shorter,80.35,"6'8""",-3.65,plays_shorter
2025,Victor Panov,Drexel,76580,6-7,"6'7""",79.0,77.97,"6'6""",-1.03,plays_shorter,77.97,"6'6""",-1.03,plays_shorter
2025,Tre Green,Middle Tennessee,76581,6-3,"6'3""",75.0,75.67,"6'4""",0.67,plays_at_height,75.67,"6'4""",0.67,plays_at_height
2025,MJ Collins,Vanderbilt,76582,6-4,"6'4""",76.0,76.61,"6'5""",0.61,plays_at_height,76.61,"6'5""",0.61,plays_at_height
2025,Rodney Rice,Maryland,76583,6-4,"6'4""",76.0,75.75,"6'4""",-0.25,plays_at_height,75.75,"6'4""",-0.25,plays_at_height
2025,Walter Hamilton,Mississippi Valley St.,76589,6-8,"6'8""",80.0,76.28,"6'4""",-3.72,plays_shorter,76.28,"6'4""",-3.72,plays_shorter
2025,Khaliq Abdul-Mateen,East Texas A&M,76595,6-1,"6'1""",73.0,75.67,"6'4""",2.67,plays_taller,75.67,"6'4""",2.67,plays_taller
2025,Ajay Sheldon,Ohio,76597,6-1,"6'1""",73.0,74.93,"6'3""",1.93,plays_taller,74.93,"6'3""",1.93,plays_taller
2025,Elmore James,Ohio,76598,6-3,"6'3""",75.0,74.75,"6'3""",-0.25,plays_at_height,74.75,"6'3""",-0.25,plays_at_height
2025,Otega Oweh,Kentucky,76600,6-4,"6'4""",76.0,80.23,"6'8""",4.23,plays_taller,80.23,"6'8""",4.23,plays_taller
2025,AJ Storr,Kansas,76604,6-7,"6'7""",79.0,76.46,"6'4""",-2.54,plays_shorter,76.46,"6'4""",-2.54,plays_shorter
2025,Kalen Garry,South Dakota St.,76606,6-3,"6'3""",75.0,76.27,"6'4""",1.27,plays_taller,76.27,"6'4""",1.27,plays_taller
2025,Henri Veesaar,Arizona,76607,7-0,"7'0""",84.0,83.35,"6'11""",-0.65,plays_at_height,83.35,"6'11""",-0.65,plays_at_height
2025,Paul McMillan IV,Canisius,76610,6-2,"6'2""",74.0,74.74,"6'3""",0.74,plays_at_height,74.74,"6'3""",0.74,plays_at_height
2025,Felix Okpara,Tennessee,76612,6-11,"6'11""",83.0,84.44,"7'0""",1.44,plays_taller,84.44,"7'0""",1.44,plays_taller
2025,LJ Wells,Northern Kentucky,76615,6-8,"6'8""",80.0,79.16,"6'7""",-0.84,plays_shorter,79.16,"6'7""",-0.84,plays_shorter
2025,Cody Pennebaker,Lamar,76616,6-5,"6'5""",77.0,77.23,"6'5""",0.23,plays_at_height,77.23,"6'5""",0.23,plays_at_height
2025,Nate Calmese,Washington St.,76617,6-2,"6'2""",74.0,76.43,"6'4""",2.43,plays_taller,76.43,"6'4""",2.43,plays_taller
2025,Turner Buttry,Eastern Kentucky,76620,5-11,"5'11""",71.0,73.82,"6'2""",2.82,plays_taller,73.82,"6'2""",2.82,plays_taller
2025,Jaden Daughtry,Marist,76621,6-6,"6'6""",78.0,80.25,"6'8""",2.25,plays_taller,80.25,"6'8""",2.25,plays_taller
2025,Kyle Carlesimo,Colgate,76622,6-2,"6'2""",74.0,74.37,"6'2""",0.37,plays_at_height,74.37,"6'2""",0.37,plays_at_height
2025,Cameron Haffner,Evansville,76624,6-2,"6'2""",74.0,75.74,"6'4""",1.74,plays_taller,75.74,"6'4""",1.74,plays_taller
2025,Sincere Malone,Nicholls St.,76625,6-8,"6'8""",80.0,78.31,"6'6""",-1.69,plays_shorter,78.31,"6'6""",-1.69,plays_shorter
2025,Isaiah Brickner,Idaho,76626,6-4,"6'4""",76.0,77.41,"6'5""",1.41,plays_taller,77.41,"6'5""",1.41,plays_taller
2025,Trace Salton,Marist,76627,6-6,"6'6""",78.0,77.86,"6'6""",-0.14,plays_at_height,77.86,"6'6""",-0.14,plays_at_height
2025,Kyle Thomas,SIU Edwardsville,76629,6-10,"6'10""",82.0,81.44,"6'9""",-0.56,plays_at_height,81.44,"6'9""",-0.56,plays_at_height
2025,Danny Wolf,Michigan,76635,7-0,"7'0""",84.0,81.61,"6'10""",-2.39,plays_shorter,81.61,"6'10""",-2.39,plays_shorter
2025,Nick Townsend,Yale,76636,6-7,"6'7""",79.0,77.68,"6'6""",-1.32,plays_shorter,77.68,"6'6""",-1.32,plays_shorter
2025,Kaleb Smith,UC Riverside,76637,6-9,"6'9""",81.0,76.13,"6'4""",-4.87,plays_shorter,76.13,"6'4""",-4.87,plays_shorter
2025,Chas Stinson,Stonehill,76639,6-4,"6'4""",76.0,78.59,"6'7""",2.59,plays_taller,78.59,"6'7""",2.59,plays_taller
2025,Nate Pickens,UC Riverside,76640,6-3,"6'3""",75.0,76.56,"6'5""",1.56,plays_taller,76.56,"6'5""",1.56,plays_taller
2025,Christian Fermin,VCU,76641,6-10,"6'10""",82.0,79.95,"6'8""",-2.05,plays_shorter,79.95,"6'8""",-2.05,plays_shorter
2025,Bowen Hardman,Akron,76642,6-3,"6'3""",75.0,75.48,"6'3""",0.48,plays_at_height,75.48,"6'3""",0.48,plays_at_height
2025,John Wade III,Southern Miss,76644,6-5,"6'5""",77.0,76.63,"6'5""",-0.37,plays_at_height,76.63,"6'5""",-0.37,plays_at_height
2025,Colin Porter,Liberty,76652,5-10,"5'10""",70.0,74.92,"6'3""",4.92,plays_taller,74.92,"6'3""",4.92,plays_taller
2025,Corneilous Williams,North Alabama,76654,6-9,"6'9""",81.0,82.3,"6'10""",1.3,plays_taller,82.3,"6'10""",1.3,plays_taller
2025,Zach Cleveland,Liberty,76655,6-7,"6'7""",79.0,79.83,"6'8""",0.83,plays_taller,79.83,"6'8""",0.83,plays_taller
2025,Javan Simmons,Toledo,76658,6-7,"6'7""",79.0,79.37,"6'7""",0.37,plays_at_height,79.37,"6'7""",0.37,plays_at_height
2025,AJ Smith,James Madison,76659,6-6,"6'6""",78.0,79.83,"6'8""",1.83,plays_taller,79.83,"6'8""",1.83,plays_taller
2025,Cade Hornecker,Abilene Christian,76661,7-0,"7'0""",84.0,78.44,"6'6""",-5.56,plays_shorter,78.44,"6'6""",-5.56,plays_shorter
2025,Christian May,Towson,76664,6-5,"6'5""",77.0,77.31,"6'5""",0.31,plays_at_height,77.31,"6'5""",0.31,plays_at_height
2025,Dylan Williamson,Towson,76665,6-1,"6'1""",73.0,74.2,"6'2""",1.2,plays_taller,74.2,"6'2""",1.2,plays_taller
2025,Kylan Blackmon,Charlotte,76667,6-3,"6'3""",75.0,75.11,"6'3""",0.11,plays_at_height,75.11,"6'3""",0.11,plays_at_height
2025,Harlan Obioha,UNC Wilmington,76668,7-0,"7'0""",84.0,82.95,"6'11""",-1.05,plays_shorter,82.95,"6'11""",-1.05,plays_shorter
2025,Christian Moore,Arkansas Pine Bluff,76669,5-11,"5'11""",71.0,74.54,"6'3""",3.54,plays_taller,74.54,"6'3""",3.54,plays_taller
2025,Tyler Andrews,Eastern Kentucky,76670,6-6,"6'6""",78.0,76.04,"6'4""",-1.96,plays_shorter,76.04,"6'4""",-1.96,plays_shorter
2025,Ernest Udeh Jr.,TCU,76673,6-11,"6'11""",83.0,84.56,"7'1""",1.56,plays_taller,84.56,"7'1""",1.56,plays_taller
2025,Tafara Gapare,Maryland,76674,6-9,"6'9""",81.0,80.22,"6'8""",-0.78,plays_shorter,80.22,"6'8""",-0.78,plays_shorter
2025,Jevin Muniz,Florida Gulf Coast,76676,6-6,"6'6""",78.0,76.08,"6'4""",-1.92,plays_shorter,76.08,"6'4""",-1.92,plays_shorter
2025,Chris Moncrief,Saint Francis,76683,6-6,"6'6""",78.0,77.5,"6'6""",-0.5,plays_at_height,77.5,"6'6""",-0.5,plays_at_height
2025,Gabe Spinelli,Chicago St.,76684,6-3,"6'3""",75.0,75.85,"6'4""",0.85,plays_taller,75.85,"6'4""",0.85,plays_taller
2025,Michael Rataj,Oregon St.,76688,6-9,"6'9""",81.0,79.62,"6'8""",-1.38,plays_shorter,79.62,"6'8""",-1.38,plays_shorter
2025,Massal Diouf,Western Illinois,76689,6-9,"6'9""",81.0,78.85,"6'7""",-2.15,plays_shorter,78.85,"6'7""",-2.15,plays_shorter
2025,George Beale Jr.,Hampton,76690,6-4,"6'4""",76.0,75.79,"6'4""",-0.21,plays_at_height,75.79,"6'4""",-0.21,plays_at_height
2025,Perry Smith Jr.,North Carolina Central,76691,6-9,"6'9""",81.0,80.07,"6'8""",-0.93,plays_shorter,80.07,"6'8""",-0.93,plays_shorter
2025,Jackson Skipper,Oral Roberts,76692,6-7,"6'7""",79.0,76.47,"6'4""",-2.53,plays_shorter,76.47,"6'4""",-2.53,plays_shorter
2025,Kellen Thames,Saint Louis,76694,6-6,"6'6""",78.0,77.64,"6'6""",-0.36,plays_at_height,77.64,"6'6""",-0.36,plays_at_height
2025,Jordan Pope,Texas,76697,6-2,"6'2""",74.0,74.73,"6'3""",0.73,plays_at_height,74.73,"6'3""",0.73,plays_at_height
2025,Cam Amboree,Southern,76699,6-3,"6'3""",75.0,74.37,"6'2""",-0.63,plays_at_height,74.37,"6'2""",-0.63,plays_at_height
2025,Yanic Konan Niederhauser,Penn St.,76700,7-0,"7'0""",84.0,84.89,"7'1""",0.89,plays_taller,84.89,"7'1""",0.89,plays_taller
2025,Armandas Plintauskas,Merrimack,76701,6-4,"6'4""",76.0,74.52,"6'3""",-1.48,plays_shorter,74.52,"6'3""",-1.48,plays_shorter
2025,Caleb Shaw,Grand Canyon,76703,6-6,"6'6""",78.0,76.87,"6'5""",-1.13,plays_shorter,76.87,"6'5""",-1.13,plays_shorter
2025,Xavier Amos,Wisconsin,76705,6-7,"6'7""",79.0,78.16,"6'6""",-0.84,plays_shorter,78.16,"6'6""",-0.84,plays_shorter
2025,Langston Reynolds,Northern Colorado,76708,6-4,"6'4""",76.0,78.89,"6'7""",2.89,plays_taller,78.89,"6'7""",2.89,plays_taller
2025,Brock Wisne,Northern Colorado,76709,6-9,"6'9""",81.0,78.51,"6'7""",-2.49,plays_shorter,78.51,"6'7""",-2.49,plays_shorter
2025,B.J. Edwards,SMU,76713,6-3,"6'3""",75.0,77.95,"6'6""",2.95,plays_taller,77.95,"6'6""",2.95,plays_taller
2025,Knute Wood,Tennessee St.,76714,6-4,"6'4""",76.0,74.0,"6'2""",-2.0,plays_shorter,74.0,"6'2""",-2.0,plays_shorter
2025,Sami Pissis,New Hampshire,76717,6-3,"6'3""",75.0,74.89,"6'3""",-0.11,plays_at_height,74.89,"6'3""",-0.11,plays_at_height
2025,PJ Haggerty,Memphis,76719,6-3,"6'3""",75.0,76.76,"6'5""",1.76,plays_taller,76.76,"6'5""",1.76,plays_taller
2025,Leo Torbor,Texas A&M Corpus Chris,76721,6-3,"6'3""",75.0,77.23,"6'5""",2.23,plays_taller,77.23,"6'5""",2.23,plays_taller
2025,Ibu Yamazaki,Radford,76723,6-7,"6'7""",79.0,77.15,"6'5""",-1.85,plays_shorter,77.15,"6'5""",-1.85,plays_shorter
2025,TJ Hurley,Vermont,76726,6-5,"6'5""",77.0,75.33,"6'3""",-1.67,plays_shorter,75.33,"6'3""",-1.67,plays_shorter
2025,Keionte Cornelius,Alcorn St.,76729,6-0,"6'0""",72.0,72.95,"6'1""",0.95,plays_taller,72.95,"6'1""",0.95,plays_taller
2025,Zeke Cook,Louisiana,76730,6-6,"6'6""",78.0,79.44,"6'7""",1.44,plays_taller,79.44,"6'7""",1.44,plays_taller
2025,Josiah Harris,Radford,76733,6-9,"6'9""",81.0,81.53,"6'10""",0.53,plays_at_height,81.53,"6'10""",0.53,plays_at_height
2025,Ben Shtolzberg,UC Santa Barbara,76737,6-4,"6'4""",76.0,75.86,"6'4""",-0.14,plays_at_height,75.86,"6'4""",-0.14,plays_at_height
2025,Sean Logan,Davidson,76738,6-10,"6'10""",82.0,81.19,"6'9""",-0.81,plays_shorter,81.19,"6'9""",-0.81,plays_shorter
2025,Reed Bailey,Davidson,76739,6-11,"6'11""",83.0,78.95,"6'7""",-4.05,plays_shorter,78.95,"6'7""",-4.05,plays_shorter
2025,Cooper Noard,Cornell,76741,6-2,"6'2""",74.0,75.26,"6'3""",1.26,plays_taller,75.26,"6'3""",1.26,plays_taller
2025,Andrew Rohde,Virginia,76753,6-6,"6'6""",78.0,74.84,"6'3""",-3.16,plays_shorter,74.84,"6'3""",-3.16,plays_shorter
2025,Carter Bjerke,St. Thomas,76755,6-9,"6'9""",81.0,75.89,"6'4""",-5.11,plays_shorter,75.89,"6'4""",-5.11,plays_shorter
2025,David Idada,Southeast Missouri St.,76757,7-0,"7'0""",84.0,81.16,"6'9""",-2.84,plays_shorter,81.16,"6'9""",-2.84,plays_shorter
2025,Benny Gealer,Stanford,76758,6-1,"6'1""",73.0,74.27,"6'2""",1.27,plays_taller,74.27,"6'2""",1.27,plays_taller
2025,Ryan Agarwal,Stanford,76759,6-6,"6'6""",78.0,76.52,"6'5""",-1.48,plays_shorter,76.52,"6'5""",-1.48,plays_shorter
2025,Jalen Washington,North Carolina,76760,6-10,"6'10""",82.0,81.88,"6'10""",-0.12,plays_at_height,81.88,"6'10""",-0.12,plays_at_height
2025,Tyler Nickel,Vanderbilt,76761,6-7,"6'7""",79.0,76.38,"6'4""",-2.62,plays_shorter,76.38,"6'4""",-2.62,plays_shorter
2025,Matus Hronsky,Duquesne,76768,6-8,"6'8""",80.0,76.36,"6'4""",-3.64,plays_shorter,76.36,"6'4""",-3.64,plays_shorter
2025,Dominique Ford,Southern Utah,76770,6-5,"6'5""",77.0,74.75,"6'3""",-2.25,plays_shorter,74.75,"6'3""",-2.25,plays_shorter
2025,David Dixon,Duquesne,76772,6-9,"6'9""",81.0,83.39,"6'11""",2.39,plays_taller,83.39,"6'11""",2.39,plays_taller
2025,German Plotnikov,Hofstra,76773,6-5,"6'5""",77.0,77.11,"6'5""",0.11,plays_at_height,77.11,"6'5""",0.11,plays_at_height
2025,Halil Barre,Duquesne,76774,6-9,"6'9""",81.0,84.72,"7'1""",3.72,plays_taller,84.72,"7'1""",3.72,plays_taller
2025,Emanuel Sharp,Houston,76775,6-3,"6'3""",75.0,75.78,"6'4""",0.78,plays_taller,75.78,"6'4""",0.78,plays_taller
2025,Terrance Ford Jr.,Arkansas St.,76778,6-1,"6'1""",73.0,74.87,"6'3""",1.87,plays_taller,74.87,"6'3""",1.87,plays_taller
2025,Marcus Tankersley,Alcorn St.,76779,6-4,"6'4""",76.0,75.76,"6'4""",-0.24,plays_at_height,75.76,"6'4""",-0.24,plays_at_height
2025,Dallin Hall,BYU,76780,6-3,"6'3""",75.0,76.12,"6'4""",1.12,plays_taller,76.12,"6'4""",1.12,plays_taller
2025,Tanner Toolson,Utah Valley,76784,6-5,"6'5""",77.0,77.01,"6'5""",0.01,plays_at_height,77.01,"6'5""",0.01,plays_at_height
2025,Cole Hargrove,Drexel,76790,6-8,"6'8""",80.0,82.37,"6'10""",2.37,plays_taller,82.37,"6'10""",2.37,plays_taller
2025,LA Pratt,Northeastern,76792,6-5,"6'5""",77.0,76.38,"6'4""",-0.62,plays_at_height,76.38,"6'4""",-0.62,plays_at_height
2025,Justin Moore,Loyola Chicago,76793,6-3,"6'3""",75.0,74.63,"6'3""",-0.37,plays_at_height,74.63,"6'3""",-0.37,plays_at_height
2025,Shane Blakeney,Drexel,76794,6-5,"6'5""",77.0,76.64,"6'5""",-0.36,plays_at_height,76.64,"6'5""",-0.36,plays_at_height
2025,Love Bettis,Northwestern St.,76795,5-11,"5'11""",71.0,73.93,"6'2""",2.93,plays_taller,73.93,"6'2""",2.93,plays_taller
2025,Dane Erikstrup,Washington St.,76796,6-11,"6'11""",83.0,78.35,"6'6""",-4.65,plays_shorter,78.35,"6'6""",-4.65,plays_shorter
2025,Da'Sean Nelson,Eastern Michigan,76803,6-8,"6'8""",80.0,80.0,"6'8""",0.0,plays_at_height,80.0,"6'8""",0.0,plays_at_height
2025,Daniel Braster,Alcorn St.,76805,6-8,"6'8""",80.0,77.42,"6'5""",-2.58,plays_shorter,77.42,"6'5""",-2.58,plays_shorter
2025,AJ Brown,Ohio,76807,6-4,"6'4""",76.0,76.29,"6'4""",0.29,plays_at_height,76.29,"6'4""",0.29,plays_at_height
2025,Milos Uzan,Houston,76810,6-4,"6'4""",76.0,75.29,"6'3""",-0.71,plays_at_height,75.29,"6'3""",-0.71,plays_at_height
2025,Dylan Anderson,Boise St.,76812,7-0,"7'0""",84.0,77.53,"6'6""",-6.47,plays_shorter,77.53,"6'6""",-6.47,plays_shorter
2025,Filip Borovicanin,New Mexico,76815,6-9,"6'9""",81.0,78.0,"6'6""",-3.0,plays_shorter,78.0,"6'6""",-3.0,plays_shorter
2025,Kylan Boswell,Illinois,76818,6-2,"6'2""",74.0,77.79,"6'6""",3.79,plays_taller,77.79,"6'6""",3.79,plays_taller
2025,Shahar Lazar,Gardner Webb,76825,6-2,"6'2""",74.0,75.32,"6'3""",1.32,plays_taller,75.32,"6'3""",1.32,plays_taller
2025,Jaden Alexander,Cal St. Bakersfield,76826,6-4,"6'4""",76.0,76.82,"6'5""",0.82,plays_taller,76.82,"6'5""",0.82,plays_taller
2025,Ben VanderWal,Furman,76833,6-7,"6'7""",79.0,80.41,"6'8""",1.41,plays_taller,80.41,"6'8""",1.41,plays_taller
2025,Davis Molnar,Furman,76834,6-6,"6'6""",78.0,77.78,"6'6""",-0.22,plays_at_height,77.78,"6'6""",-0.22,plays_at_height
2025,Chandler Jackson,Florida St.,76835,6-5,"6'5""",77.0,76.85,"6'5""",-0.15,plays_at_height,76.85,"6'5""",-0.15,plays_at_height
2025,Riley Kugel,Mississippi St.,76836,6-5,"6'5""",77.0,77.7,"6'6""",0.7,plays_at_height,77.7,"6'6""",0.7,plays_at_height
2025,De'Ante Green,South Florida,76837,6-10,"6'10""",82.0,79.9,"6'8""",-2.1,plays_shorter,79.9,"6'8""",-2.1,plays_shorter
2025,Cameron Corhen,Pittsburgh,76838,6-10,"6'10""",82.0,81.14,"6'9""",-0.86,plays_shorter,81.14,"6'9""",-0.86,plays_shorter
2025,Baba Miller,Florida Atlantic,76839,6-11,"6'11""",83.0,81.44,"6'9""",-1.56,plays_shorter,81.44,"6'9""",-1.56,plays_shorter
2025,Tom House,Furman,76842,6-7,"6'7""",79.0,74.96,"6'3""",-4.04,plays_shorter,74.96,"6'3""",-4.04,plays_shorter
2025,Louis Bleechmore,Fairfield,76853,6-6,"6'6""",78.0,76.28,"6'4""",-1.72,plays_shorter,76.28,"6'4""",-1.72,plays_shorter
2025,Brennan Rigsby,Minnesota,76856,6-3,"6'3""",75.0,76.55,"6'5""",1.55,plays_taller,76.55,"6'5""",1.55,plays_taller
2025,Damarco Minor,Oregon St.,76857,6-0,"6'0""",72.0,77.13,"6'5""",5.13,plays_taller,77.13,"6'5""",5.13,plays_taller
2025,Marquel Sutton,Nebraska Omaha,76859,6-7,"6'7""",79.0,80.35,"6'8""",1.35,plays_taller,80.35,"6'8""",1.35,plays_taller
2025,Lamar Wilkerson,Sam Houston St.,76860,6-4,"6'4""",76.0,76.18,"6'4""",0.18,plays_at_height,76.18,"6'4""",0.18,plays_at_height
2025,Trey Thomas,Bethune Cookman,76865,6-2,"6'2""",74.0,75.75,"6'4""",1.75,plays_taller,75.75,"6'4""",1.75,plays_taller
2025,Louis Hutchinson,Grambling St.,76872,6-7,"6'7""",79.0,75.59,"6'4""",-3.41,plays_shorter,75.59,"6'4""",-3.41,plays_shorter
2025,Malique Ewin,Florida St.,76875,6-10,"6'10""",82.0,82.84,"6'11""",0.84,plays_taller,82.84,"6'11""",0.84,plays_taller
2025,Luke Jungers,Iona,76877,6-9,"6'9""",81.0,76.22,"6'4""",-4.78,plays_shorter,76.22,"6'4""",-4.78,plays_shorter
2025,Ja'Sean Glover,Nebraska Omaha,76878,6-4,"6'4""",76.0,77.41,"6'5""",1.41,plays_taller,77.41,"6'5""",1.41,plays_taller
2025,Trey Lewis,Purdue Fort Wayne,76879,6-6,"6'6""",78.0,75.72,"6'4""",-2.28,plays_shorter,75.72,"6'4""",-2.28,plays_shorter
2025,Jordan Crawford,Louisiana Tech,76883,6-3,"6'3""",75.0,76.25,"6'4""",1.25,plays_taller,76.25,"6'4""",1.25,plays_taller
2025,Pierre Geneste Jr.,Fresno St.,76884,6-11,"6'11""",83.0,79.17,"6'7""",-3.83,plays_shorter,79.17,"6'7""",-3.83,plays_shorter
2025,Jayden Dawson,Loyola Chicago,76885,6-4,"6'4""",76.0,76.69,"6'5""",0.69,plays_at_height,76.69,"6'5""",0.69,plays_at_height
2025,Jalen Quinn,Loyola Chicago,76886,6-3,"6'3""",75.0,75.43,"6'3""",0.43,plays_at_height,75.43,"6'3""",0.43,plays_at_height
2025,Christoph Tilly,Santa Clara,76887,7-0,"7'0""",84.0,80.4,"6'8""",-3.6,plays_shorter,80.4,"6'8""",-3.6,plays_shorter
2025,Jake Ensminger,Santa Clara,76888,6-9,"6'9""",81.0,78.9,"6'7""",-2.1,plays_shorter,78.9,"6'7""",-2.1,plays_shorter
2025,Braden Huff,Gonzaga,76893,6-10,"6'10""",82.0,79.42,"6'7""",-2.58,plays_shorter,79.42,"6'7""",-2.58,plays_shorter
2025,Jaylen Peterson,Presbyterian,76894,6-8,"6'8""",80.0,82.48,"6'10""",2.48,plays_taller,82.48,"6'10""",2.48,plays_taller
2025,Amaree Abram,Louisiana Tech,76897,6-4,"6'4""",76.0,75.42,"6'3""",-0.58,plays_at_height,75.42,"6'3""",-0.58,plays_at_height
2025,Deon Perry,Fairfield,76898,5-8,"5'8""",68.0,73.94,"6'2""",5.94,plays_taller,73.94,"6'2""",5.94,plays_taller
2025,Jordan Crawford,Eastern Kentucky,76901,6-3,"6'3""",75.0,75.59,"6'4""",0.59,plays_at_height,75.59,"6'4""",0.59,plays_at_height
2025,Isaiah Carr,Denver,76903,7-0,"7'0""",84.0,81.07,"6'9""",-2.93,plays_shorter,81.07,"6'9""",-2.93,plays_shorter
2025,Derrick Michael Xzavierro,Long Beach St.,76904,6-9,"6'9""",81.0,81.37,"6'9""",0.37,plays_at_height,81.37,"6'9""",0.37,plays_at_height
2025,Freds Pauls Bagatskis,Le Moyne,76905,6-8,"6'8""",80.0,74.41,"6'2""",-5.59,plays_shorter,74.41,"6'2""",-5.59,plays_shorter
2025,Amari Jedkins,Montana,76907,6-7,"6'7""",79.0,78.73,"6'7""",-0.27,plays_at_height,78.73,"6'7""",-0.27,plays_at_height
2025,Lajae Jones,St. Bonaventure,76910,6-7,"6'7""",79.0,79.48,"6'7""",0.48,plays_at_height,79.48,"6'7""",0.48,plays_at_height
2025,Shy Odom,Vermont,76912,6-6,"6'6""",78.0,75.87,"6'4""",-2.13,plays_shorter,75.87,"6'4""",-2.13,plays_shorter
2025,Deangelo Elisee,Purdue Fort Wayne,76921,6-9,"6'9""",81.0,80.87,"6'9""",-0.13,plays_at_height,80.87,"6'9""",-0.13,plays_at_height
2025,Paul Otieno,Quinnipiac,76922,6-8,"6'8""",80.0,81.91,"6'10""",1.91,plays_taller,81.91,"6'10""",1.91,plays_taller
2025,Federiko Federiko,Texas Tech,76924,6-11,"6'11""",83.0,82.61,"6'11""",-0.39,plays_at_height,82.61,"6'11""",-0.39,plays_at_height
2025,JJ White,Nebraska Omaha,76927,6-2,"6'2""",74.0,76.01,"6'4""",2.01,plays_taller,76.01,"6'4""",2.01,plays_taller
2025,Jaeden Marshall,Niagara,76928,6-4,"6'4""",76.0,75.71,"6'4""",-0.29,plays_at_height,75.71,"6'4""",-0.29,plays_at_height
2025,Drake Allen,Utah St.,76931,6-4,"6'4""",76.0,77.35,"6'5""",1.35,plays_taller,77.35,"6'5""",1.35,plays_taller
2025,Bryant Selebangue,McNeese St.,76932,6-9,"6'9""",81.0,80.13,"6'8""",-0.87,plays_shorter,80.13,"6'8""",-0.87,plays_shorter
2025,Jayhlon Young,Maryland,76934,6-2,"6'2""",74.0,76.49,"6'4""",2.49,plays_taller,76.49,"6'4""",2.49,plays_taller
2025,Cam Morris III,UMass Lowell,76935,6-8,"6'8""",80.0,78.84,"6'7""",-1.16,plays_shorter,78.84,"6'7""",-1.16,plays_shorter
2025,Devan Sapp,UMBC,76937,6-4,"6'4""",76.0,73.83,"6'2""",-2.17,plays_shorter,73.83,"6'2""",-2.17,plays_shorter
2025,Bernard Pelote,Western Carolina,76939,6-8,"6'8""",80.0,78.8,"6'7""",-1.2,plays_shorter,78.8,"6'7""",-1.2,plays_shorter
2025,Caleb Robinson,Nicholls St.,76940,6-4,"6'4""",76.0,78.57,"6'7""",2.57,plays_taller,78.57,"6'7""",2.57,plays_taller
2025,Tony Felder,Radford,76943,5-10,"5'10""",70.0,73.1,"6'1""",3.1,plays_taller,73.1,"6'1""",3.1,plays_taller
2025,Rickey Bradley,VMI,76946,6-2,"6'2""",74.0,76.12,"6'4""",2.12,plays_taller,76.12,"6'4""",2.12,plays_taller
2025,Asher Woods,Tulane,76947,6-3,"6'3""",75.0,75.51,"6'4""",0.51,plays_at_height,75.51,"6'4""",0.51,plays_at_height
2025,Matt Hayman,Stephen F. Austin,76948,6-5,"6'5""",77.0,76.99,"6'5""",-0.01,plays_at_height,76.99,"6'5""",-0.01,plays_at_height
2025,Jalil Beaubrun,Appalachian St.,76950,6-9,"6'9""",81.0,79.98,"6'8""",-1.02,plays_shorter,79.98,"6'8""",-1.02,plays_shorter
2025,Maximus Nelson,Purdue Fort Wayne,76951,6-8,"6'8""",80.0,74.37,"6'2""",-5.63,plays_shorter,74.37,"6'2""",-5.63,plays_shorter
2025,Nick Martinelli,Northwestern,76952,6-7,"6'7""",79.0,77.49,"6'5""",-1.51,plays_shorter,77.49,"6'5""",-1.51,plays_shorter
2025,Terry Anderson,High Point,76953,6-6,"6'6""",78.0,78.46,"6'6""",0.46,plays_at_height,78.46,"6'6""",0.46,plays_at_height
2025,Cam Denson,Long Beach St.,76956,6-7,"6'7""",79.0,77.3,"6'5""",-1.7,plays_shorter,77.3,"6'5""",-1.7,plays_shorter
2025,Duane Posey,Texas Southern,76960,6-7,"6'7""",79.0,80.29,"6'8""",1.29,plays_taller,80.29,"6'8""",1.29,plays_taller
2025,Jakevion Buckley,Southeastern Louisiana,76961,6-1,"6'1""",73.0,76.4,"6'4""",3.4,plays_taller,76.4,"6'4""",3.4,plays_taller
2025,Dantwan Grimes,Tarleton St.,76962,6-2,"6'2""",74.0,74.65,"6'3""",0.65,plays_at_height,74.65,"6'3""",0.65,plays_at_height
2025,Ben Gold,Marquette,76964,6-11,"6'11""",83.0,78.88,"6'7""",-4.12,plays_shorter,78.88,"6'7""",-4.12,plays_shorter
2025,Harrison Carrington,Colorado,76967,6-7,"6'7""",79.0,79.04,"6'7""",0.04,plays_at_height,79.04,"6'7""",0.04,plays_at_height
2025,Shammah Scott,Akron,76968,6-2,"6'2""",74.0,77.11,"6'5""",3.11,plays_taller,77.11,"6'5""",3.11,plays_taller
2025,Bruce Thornton,Ohio St.,76969,6-2,"6'2""",74.0,76.55,"6'5""",2.55,plays_taller,76.55,"6'5""",2.55,plays_taller
2025,"Shawn Jones, Jr.",Mississippi St.,76973,6-5,"6'5""",77.0,78.39,"6'6""",1.39,plays_taller,78.39,"6'6""",1.39,plays_taller
2025,Skyy Clark,UCLA,76976,6-3,"6'3""",75.0,77.03,"6'5""",2.03,plays_taller,77.03,"6'5""",2.03,plays_taller
2025,Jayden Epps,Georgetown,76977,6-2,"6'2""",74.0,74.55,"6'3""",0.55,plays_at_height,74.55,"6'3""",0.55,plays_at_height
2025,Sencire Harris,West Virginia,76978,6-4,"6'4""",76.0,78.55,"6'7""",2.55,plays_taller,78.55,"6'7""",2.55,plays_taller
2025,Titus Yearout,Idaho,76982,6-2,"6'2""",74.0,74.8,"6'3""",0.8,plays_taller,74.8,"6'3""",0.8,plays_taller
2025,Nigel Burris,Weber St.,76983,6-7,"6'7""",79.0,76.79,"6'5""",-2.21,plays_shorter,76.79,"6'5""",-2.21,plays_shorter
2025,Amarr Knox,Alabama St.,76985,6-3,"6'3""",75.0,75.18,"6'3""",0.18,plays_at_height,75.18,"6'3""",0.18,plays_at_height
2025,Kendal Parker,Mississippi Valley St.,76986,6-4,"6'4""",76.0,75.74,"6'4""",-0.26,plays_at_height,75.74,"6'4""",-0.26,plays_at_height
2025,RaSheed Jones,Coastal Carolina,76988,6-6,"6'6""",78.0,76.04,"6'4""",-1.96,plays_shorter,76.04,"6'4""",-1.96,plays_shorter
2025,Marcus Kell,Western Carolina,76991,6-8,"6'8""",80.0,78.44,"6'6""",-1.56,plays_shorter,78.44,"6'6""",-1.56,plays_shorter
2025,Masen Miller,North Dakota St.,76997,6-2,"6'2""",74.0,74.55,"6'3""",0.55,plays_at_height,74.55,"6'3""",0.55,plays_at_height
2025,Cole Farrell,Portland St.,77000,6-5,"6'5""",77.0,75.53,"6'4""",-1.47,plays_shorter,75.53,"6'4""",-1.47,plays_shorter
2025,Fletcher Loyer,Purdue,77002,6-4,"6'4""",76.0,74.59,"6'3""",-1.41,plays_shorter,74.59,"6'3""",-1.41,plays_shorter
2025,Hayden Welling,Utah Valley,77005,6-9,"6'9""",81.0,77.9,"6'6""",-3.1,plays_shorter,77.9,"6'6""",-3.1,plays_shorter
2025,Regimantas Ciunys,UMBC,77009,6-6,"6'6""",78.0,78.03,"6'6""",0.03,plays_at_height,78.03,"6'6""",0.03,plays_at_height
2025,Christ Essandoko,Providence,77011,7-0,"7'0""",84.0,80.63,"6'9""",-3.37,plays_shorter,80.63,"6'9""",-3.37,plays_shorter
2025,Yohan Traore,SMU,77014,6-11,"6'11""",83.0,78.87,"6'7""",-4.13,plays_shorter,78.87,"6'7""",-4.13,plays_shorter
2025,Kheni Briggs,Albany,77017,6-3,"6'3""",75.0,75.42,"6'3""",0.42,plays_at_height,75.42,"6'3""",0.42,plays_at_height
2025,Tyeree Bryan,Santa Clara,77018,6-5,"6'5""",77.0,77.78,"6'6""",0.78,plays_taller,77.78,"6'6""",0.78,plays_taller
2025,Kyler VanderJagt,Central Michigan,77020,6-4,"6'4""",76.0,74.73,"6'3""",-1.27,plays_shorter,74.73,"6'3""",-1.27,plays_shorter
2025,Bryson Ogletree,North Carolina A&T,77023,6-4,"6'4""",76.0,76.26,"6'4""",0.26,plays_at_height,76.26,"6'4""",0.26,plays_at_height
2025,Tobi Lawal,Virginia Tech,77026,6-8,"6'8""",80.0,82.56,"6'11""",2.56,plays_taller,82.56,"6'11""",2.56,plays_taller
2025,Ugonna Onyenso,Kansas St.,77028,6-11,"6'11""",83.0,81.82,"6'10""",-1.18,plays_shorter,81.82,"6'10""",-1.18,plays_shorter
2025,Hansel Enmanuel,Austin Peay,77031,6-6,"6'6""",78.0,79.15,"6'7""",1.15,plays_taller,79.15,"6'7""",1.15,plays_taller
2025,Naz Brown,Coastal Carolina,77035,6-0,"6'0""",72.0,74.24,"6'2""",2.24,plays_taller,74.24,"6'2""",2.24,plays_taller
2025,Peter Suder,Miami OH,77037,6-5,"6'5""",77.0,76.93,"6'5""",-0.07,plays_at_height,76.93,"6'5""",-0.07,plays_at_height
2025,Nik Graves,Charlotte,77038,6-3,"6'3""",75.0,76.16,"6'4""",1.16,plays_taller,76.16,"6'4""",1.16,plays_taller
2025,Bryan Etumnu,Merrimack,77040,6-7,"6'7""",79.0,82.39,"6'10""",3.39,plays_taller,82.39,"6'10""",3.39,plays_taller
2025,Rob Martin,Southeast Missouri St.,77042,5-10,"5'10""",70.0,74.68,"6'3""",4.68,plays_taller,74.68,"6'3""",4.68,plays_taller
2025,Cruz Davis,Hofstra,77044,6-3,"6'3""",75.0,76.49,"6'4""",1.49,plays_taller,76.49,"6'4""",1.49,plays_taller
2025,Malik Reneau,Indiana,77045,6-9,"6'9""",81.0,80.25,"6'8""",-0.75,plays_shorter,80.25,"6'8""",-0.75,plays_shorter
2025,CJ Gunn,DePaul,77046,6-7,"6'7""",79.0,78.04,"6'6""",-0.96,plays_shorter,78.04,"6'6""",-0.96,plays_shorter
2025,Tyren Moore,UAB,77050,5-11,"5'11""",71.0,73.04,"6'1""",2.04,plays_taller,73.04,"6'1""",2.04,plays_taller
2025,Cam Gregory,Campbell,77052,6-5,"6'5""",77.0,75.28,"6'3""",-1.72,plays_shorter,75.28,"6'3""",-1.72,plays_shorter
2025,Jamar Franklin,Jacksonville St.,77053,6-3,"6'3""",75.0,74.62,"6'3""",-0.38,plays_at_height,74.62,"6'3""",-0.38,plays_at_height
2025,Duke Brennan,Grand Canyon,77057,6-10,"6'10""",82.0,81.26,"6'9""",-0.74,plays_at_height,81.26,"6'9""",-0.74,plays_at_height
2025,Elijah Ormiston,South Alabama,77059,6-8,"6'8""",80.0,78.2,"6'6""",-1.8,plays_shorter,78.2,"6'6""",-1.8,plays_shorter
2025,Chase Lowe,William & Mary,77060,6-5,"6'5""",77.0,78.15,"6'6""",1.15,plays_taller,78.15,"6'6""",1.15,plays_taller
2025,Isaiah Jones,Oakland,77062,6-7,"6'7""",79.0,77.35,"6'5""",-1.65,plays_shorter,77.35,"6'5""",-1.65,plays_shorter
2025,Julian Lual,Alcorn St.,77063,6-6,"6'6""",78.0,77.79,"6'6""",-0.21,plays_at_height,77.79,"6'6""",-0.21,plays_at_height
2025,Donovan Atwell,UNC Greensboro,77071,6-5,"6'5""",77.0,74.67,"6'3""",-2.33,plays_shorter,74.67,"6'3""",-2.33,plays_shorter
2025,Jordan Chatman,Florida A&M,77073,6-5,"6'5""",77.0,75.69,"6'4""",-1.31,plays_shorter,75.69,"6'4""",-1.31,plays_shorter
2025,Jaxon Ellingsworth,UT Arlington,77075,6-9,"6'9""",81.0,78.32,"6'6""",-2.68,plays_shorter,78.32,"6'6""",-2.68,plays_shorter
2025,Jaden Bradley,Arizona,77082,6-3,"6'3""",75.0,76.87,"6'5""",1.87,plays_taller,76.87,"6'5""",1.87,plays_taller
2025,Rylan Griffen,Kansas,77083,6-6,"6'6""",78.0,76.28,"6'4""",-1.72,plays_shorter,76.28,"6'4""",-1.72,plays_shorter
2025,Tyler Hendricks,UCF,77085,6-6,"6'6""",78.0,78.06,"6'6""",0.06,plays_at_height,78.06,"6'6""",0.06,plays_at_height
2025,Jesaiah McWright,Tulsa,77088,6-4,"6'4""",76.0,75.36,"6'3""",-0.64,plays_at_height,75.36,"6'3""",-0.64,plays_at_height
2025,Yann Farell,East Carolina,77089,6-6,"6'6""",78.0,75.91,"6'4""",-2.09,plays_shorter,75.91,"6'4""",-2.09,plays_shorter
2025,Trey Pettigrew,Eastern Michigan,77094,6-3,"6'3""",75.0,75.99,"6'4""",0.99,plays_taller,75.99,"6'4""",0.99,plays_taller
2025,Zek Tekin,Le Moyne,77096,6-2,"6'2""",74.0,74.86,"6'3""",0.86,plays_taller,74.86,"6'3""",0.86,plays_taller
2025,Jaquel Morris,Saint Peter's,77098,6-8,"6'8""",80.0,82.9,"6'11""",2.9,plays_taller,82.9,"6'11""",2.9,plays_taller
2025,Ryan Mabrey,Quinnipiac,77099,6-5,"6'5""",77.0,73.99,"6'2""",-3.01,plays_shorter,73.99,"6'2""",-3.01,plays_shorter
2025,Tyler Bilodeau,UCLA,77100,6-9,"6'9""",81.0,78.99,"6'7""",-2.01,plays_shorter,78.99,"6'7""",-2.01,plays_shorter
2025,Billy Smith,Bellarmine,77103,6-7,"6'7""",79.0,75.75,"6'4""",-3.25,plays_shorter,75.75,"6'4""",-3.25,plays_shorter
2025,Chandler Pigge,Harvard,77104,6-5,"6'5""",77.0,78.32,"6'6""",1.32,plays_taller,78.32,"6'6""",1.32,plays_taller
2025,Chisom Okpara,Stanford,77105,6-8,"6'8""",80.0,77.48,"6'5""",-2.52,plays_shorter,77.48,"6'5""",-2.52,plays_shorter
2025,Sadraque NgaNga,San Jose St.,77106,6-10,"6'10""",82.0,76.73,"6'5""",-5.27,plays_shorter,76.73,"6'5""",-5.27,plays_shorter
2025,Khalil Farmer,Hofstra,77107,6-3,"6'3""",75.0,74.69,"6'3""",-0.31,plays_at_height,74.69,"6'3""",-0.31,plays_at_height
2025,Rich Rolf,Charlotte,77110,6-7,"6'7""",79.0,76.73,"6'5""",-2.27,plays_shorter,76.73,"6'5""",-2.27,plays_shorter
2025,Elijah Jones,UTEP,77113,6-8,"6'8""",80.0,81.01,"6'9""",1.01,plays_taller,81.01,"6'9""",1.01,plays_taller
2025,Dorian Finister,Sam Houston St.,77116,6-5,"6'5""",77.0,77.6,"6'6""",0.6,plays_at_height,77.6,"6'6""",0.6,plays_at_height
2025,Xavier Brown,James Madison,77119,6-2,"6'2""",74.0,75.53,"6'4""",1.53,plays_taller,75.53,"6'4""",1.53,plays_taller
2025,Travis Roberts,Marist,77120,6-6,"6'6""",78.0,75.25,"6'3""",-2.75,plays_shorter,75.25,"6'3""",-2.75,plays_shorter
2025,Demarion Watson,Iowa St.,77121,6-7,"6'7""",79.0,81.82,"6'10""",2.82,plays_taller,81.82,"6'10""",2.82,plays_taller
2025,Tamin Lipsey,Iowa St.,77122,6-1,"6'1""",73.0,77.29,"6'5""",4.29,plays_taller,77.29,"6'5""",4.29,plays_taller
2025,Eli King,North Dakota,77123,6-4,"6'4""",76.0,77.42,"6'5""",1.42,plays_taller,77.42,"6'5""",1.42,plays_taller
2025,Simeon Cottle,Kennesaw St.,77125,6-1,"6'1""",73.0,75.35,"6'3""",2.35,plays_taller,75.35,"6'3""",2.35,plays_taller
2025,Maliq Brown,Duke,77128,6-9,"6'9""",81.0,80.9,"6'9""",-0.1,plays_at_height,80.9,"6'9""",-0.1,plays_at_height
2025,Bryson Dawkins,Houston Christian,77129,6-2,"6'2""",74.0,77.92,"6'6""",3.92,plays_taller,77.92,"6'6""",3.92,plays_taller
2025,Chris Bell,Syracuse,77130,6-7,"6'7""",79.0,76.48,"6'4""",-2.52,plays_shorter,76.48,"6'4""",-2.52,plays_shorter
2025,Lamine Niang,Tennessee Martin,77132,6-9,"6'9""",81.0,82.47,"6'10""",1.47,plays_taller,82.47,"6'10""",1.47,plays_taller
2025,Kaseem Watson,Delaware St.,77133,6-8,"6'8""",80.0,76.99,"6'5""",-3.01,plays_shorter,76.99,"6'5""",-3.01,plays_shorter
2025,Johnnie Walter,Penn,77134,6-10,"6'10""",82.0,76.12,"6'4""",-5.88,plays_shorter,76.12,"6'4""",-5.88,plays_shorter
2025,Dae Dae Hunter,New Orleans,77136,6-0,"6'0""",72.0,74.18,"6'2""",2.18,plays_taller,74.18,"6'2""",2.18,plays_taller
2025,Jalen Reed,LSU,77140,6-10,"6'10""",82.0,80.47,"6'8""",-1.53,plays_shorter,80.47,"6'8""",-1.53,plays_shorter
2025,Zuby Ejiofor,St. John's,77145,6-9,"6'9""",81.0,83.29,"6'11""",2.29,plays_taller,83.29,"6'11""",2.29,plays_taller
2025,Jaret Valencia,Monmouth,77147,6-9,"6'9""",81.0,79.82,"6'8""",-1.18,plays_shorter,79.82,"6'8""",-1.18,plays_shorter
2025,Youri Fritz,Northeastern,77149,6-8,"6'8""",80.0,79.93,"6'8""",-0.07,plays_at_height,79.93,"6'8""",-0.07,plays_at_height
2025,Braden Sparks,Fairfield,77150,6-0,"6'0""",72.0,74.49,"6'2""",2.49,plays_taller,74.49,"6'2""",2.49,plays_taller
2025,Colin McKenzie,South Carolina St.,77156,6-6,"6'6""",78.0,75.4,"6'3""",-2.6,plays_shorter,75.4,"6'3""",-2.6,plays_shorter
2025,RJ Godfrey,Georgia,77157,6-8,"6'8""",80.0,79.7,"6'8""",-0.3,plays_at_height,79.7,"6'8""",-0.3,plays_at_height
2025,Devin Ceaser,Old Dominion,77158,6-1,"6'1""",73.0,74.52,"6'3""",1.52,plays_taller,74.52,"6'3""",1.52,plays_taller
2025,Noah Williamson,Bucknell,77159,7-0,"7'0""",84.0,81.6,"6'10""",-2.4,plays_shorter,81.6,"6'10""",-2.4,plays_shorter
2025,Dillon Hunter,Clemson,77161,6-4,"6'4""",76.0,75.76,"6'4""",-0.24,plays_at_height,75.76,"6'4""",-0.24,plays_at_height
2025,Chauncey Wiggins,Clemson,77164,6-10,"6'10""",82.0,76.7,"6'5""",-5.3,plays_shorter,76.7,"6'5""",-5.3,plays_shorter
2025,Ruot Bijiek,Bucknell,77165,6-9,"6'9""",81.0,78.12,"6'6""",-2.88,plays_shorter,78.12,"6'6""",-2.88,plays_shorter
2025,Harry Rouhliadeff,Hawaii,77167,6-9,"6'9""",81.0,78.04,"6'6""",-2.96,plays_shorter,78.04,"6'6""",-2.96,plays_shorter
2025,Jason Drake,Drexel,77177,6-2,"6'2""",74.0,74.78,"6'3""",0.78,plays_taller,74.78,"6'3""",0.78,plays_taller
2025,Chendall Weaver,Texas,77180,6-3,"6'3""",75.0,79.59,"6'8""",4.59,plays_taller,79.59,"6'8""",4.59,plays_taller
2025,Tre White,Illinois,77181,6-7,"6'7""",79.0,79.38,"6'7""",0.38,plays_at_height,79.38,"6'7""",0.38,plays_at_height
2025,Brayden O'Connor,George Mason,77182,6-4,"6'4""",76.0,76.7,"6'5""",0.7,plays_at_height,76.7,"6'5""",0.7,plays_at_height
2025,Oziyah Sellers,Stanford,77184,6-5,"6'5""",77.0,76.84,"6'5""",-0.16,plays_at_height,76.84,"6'5""",-0.16,plays_at_height
2025,Cameron Fens,South Dakota,77186,6-10,"6'10""",82.0,80.92,"6'9""",-1.08,plays_shorter,80.92,"6'9""",-1.08,plays_shorter
2025,CJ Jones,Kansas St.,77187,6-5,"6'5""",77.0,76.24,"6'4""",-0.76,plays_shorter,76.24,"6'4""",-0.76,plays_shorter
2025,JR Jacobs,New Orleans,77191,5-9,"5'9""",69.0,73.85,"6'2""",4.85,plays_taller,73.85,"6'2""",4.85,plays_taller
2025,Mike Walz,Richmond,77194,6-11,"6'11""",83.0,80.34,"6'8""",-2.66,plays_shorter,80.34,"6'8""",-2.66,plays_shorter
2025,Mekhi Mason,Washington,77196,6-5,"6'5""",77.0,76.49,"6'4""",-0.51,plays_at_height,76.49,"6'4""",-0.51,plays_at_height
2025,Killian Gribben,Maine,77198,6-10,"6'10""",82.0,80.94,"6'9""",-1.06,plays_shorter,80.94,"6'9""",-1.06,plays_shorter
2025,Brendan Coyle,Siena,77199,6-7,"6'7""",79.0,76.26,"6'4""",-2.74,plays_shorter,76.26,"6'4""",-2.74,plays_shorter
2025,Andrew Akuchie,Rice,77201,6-9,"6'9""",81.0,79.99,"6'8""",-1.01,plays_shorter,79.99,"6'8""",-1.01,plays_shorter
2025,Javier Ezquerra,Wagner,77203,6-1,"6'1""",73.0,74.38,"6'2""",1.38,plays_taller,74.38,"6'2""",1.38,plays_taller
2025,Tyrone Marshall,Western Kentucky,77206,6-7,"6'7""",79.0,78.82,"6'7""",-0.18,plays_at_height,78.82,"6'7""",-0.18,plays_at_height
2025,Derick Hamilton,UTEP,77210,6-10,"6'10""",82.0,78.96,"6'7""",-3.04,plays_shorter,78.96,"6'7""",-3.04,plays_shorter
2025,Ramel Lloyd Jr.,Long Beach St.,77214,6-6,"6'6""",78.0,74.46,"6'2""",-3.54,plays_shorter,74.46,"6'2""",-3.54,plays_shorter
2025,Sam Alexis,Florida,77216,6-8,"6'8""",80.0,80.95,"6'9""",0.95,plays_taller,80.95,"6'9""",0.95,plays_taller
2025,Cameron Tweedy,Fairleigh Dickinson,77217,6-4,"6'4""",76.0,77.72,"6'6""",1.72,plays_taller,77.72,"6'6""",1.72,plays_taller
2025,Sean Moore,UNC Wilmington,77218,6-5,"6'5""",77.0,79.52,"6'8""",2.52,plays_taller,79.52,"6'8""",2.52,plays_taller
2025,Tre Holloman,Michigan St.,77223,6-2,"6'2""",74.0,75.99,"6'4""",1.99,plays_taller,75.99,"6'4""",1.99,plays_taller
2025,Jaxon Kohler,Michigan St.,77224,6-9,"6'9""",81.0,81.86,"6'10""",0.86,plays_taller,81.86,"6'10""",0.86,plays_taller
2025,Carson Cooper,Michigan St.,77226,6-11,"6'11""",83.0,82.61,"6'11""",-0.39,plays_at_height,82.61,"6'11""",-0.39,plays_at_height
2025,Solomon Washington,Texas A&M,77227,6-7,"6'7""",79.0,81.1,"6'9""",2.1,plays_taller,81.1,"6'9""",2.1,plays_taller
2025,Tyrese Proctor,Duke,77231,6-6,"6'6""",78.0,76.5,"6'4""",-1.5,plays_shorter,76.5,"6'4""",-1.5,plays_shorter
2025,Justin Abson,Georgia,77232,6-9,"6'9""",81.0,81.46,"6'9""",0.46,plays_at_height,81.46,"6'9""",0.46,plays_at_height
2025,Elijah Fisher,Pacific,77239,6-6,"6'6""",78.0,77.43,"6'5""",-0.57,plays_at_height,77.43,"6'5""",-0.57,plays_at_height
2025,Nico Nobili,Boston University,77240,6-10,"6'10""",82.0,79.15,"6'7""",-2.85,plays_shorter,79.15,"6'7""",-2.85,plays_shorter
2025,Jackson Paveletzke,Ohio,77241,6-2,"6'2""",74.0,75.8,"6'4""",1.8,plays_taller,75.8,"6'4""",1.8,plays_taller
2025,Ben Roy,Boston University,77242,6-0,"6'0""",72.0,74.9,"6'3""",2.9,plays_taller,74.9,"6'3""",2.9,plays_taller
2025,Robert Jennings,Oklahoma St.,77243,6-7,"6'7""",79.0,79.51,"6'8""",0.51,plays_at_height,79.51,"6'8""",0.51,plays_at_height
2025,Pop Isaacs,Creighton,77244,6-2,"6'2""",74.0,75.24,"6'3""",1.24,plays_taller,75.24,"6'3""",1.24,plays_taller
2025,Otto Landrum,Boston University,77248,6-9,"6'9""",81.0,78.39,"6'6""",-2.61,plays_shorter,78.39,"6'6""",-2.61,plays_shorter
2025,Chandler Baker,Colgate,77249,6-5,"6'5""",77.0,74.5,"6'3""",-2.5,plays_shorter,74.5,"6'3""",-2.5,plays_shorter
2025,Justin Morgan,Murray St.,77252,6-6,"6'6""",78.0,75.52,"6'4""",-2.48,plays_shorter,75.52,"6'4""",-2.48,plays_shorter
2025,Jaden Schutt,Virginia Tech,77254,6-5,"6'5""",77.0,76.13,"6'4""",-0.87,plays_shorter,76.13,"6'4""",-0.87,plays_shorter
2025,Keba Keita,BYU,77257,6-8,"6'8""",80.0,85.2,"7'1""",5.2,plays_taller,85.2,"7'1""",5.2,plays_taller
2025,Luka Tarlac,Cal Poly,77258,6-7,"6'7""",79.0,78.3,"6'6""",-0.7,plays_at_height,78.3,"6'6""",-0.7,plays_at_height
2025,Mason Falslev,Utah St.,77259,6-3,"6'3""",75.0,78.62,"6'7""",3.62,plays_taller,78.62,"6'7""",3.62,plays_taller
2025,Ethan Potter,Utah Valley,77260,6-8,"6'8""",80.0,79.14,"6'7""",-0.86,plays_shorter,79.14,"6'7""",-0.86,plays_shorter
2025,Jamal Sumlin,Kent St.,77263,6-3,"6'3""",75.0,76.68,"6'5""",1.68,plays_taller,76.68,"6'5""",1.68,plays_taller
2025,Colin Smith,UC Santa Barbara,77264,6-8,"6'8""",80.0,76.8,"6'5""",-3.2,plays_shorter,76.8,"6'5""",-3.2,plays_shorter
2025,Julian Brown,Samford,77267,6-1,"6'1""",73.0,74.87,"6'3""",1.87,plays_taller,74.87,"6'3""",1.87,plays_taller
2025,Kentrell Pullian,Milwaukee,77270,6-0,"6'0""",72.0,77.89,"6'6""",5.89,plays_taller,77.89,"6'6""",5.89,plays_taller
2025,Marko Maletic,Western Illinois,77271,6-6,"6'6""",78.0,74.84,"6'3""",-3.16,plays_shorter,74.84,"6'3""",-3.16,plays_shorter
2025,Max Jones,Kansas St.,77272,6-4,"6'4""",76.0,77.44,"6'5""",1.44,plays_taller,77.44,"6'5""",1.44,plays_taller
2025,Malik Moore,Montana,77276,6-5,"6'5""",77.0,76.07,"6'4""",-0.93,plays_shorter,76.07,"6'4""",-0.93,plays_shorter
2025,Connor Essegian,Nebraska,77279,6-4,"6'4""",76.0,75.14,"6'3""",-0.86,plays_shorter,75.14,"6'3""",-0.86,plays_shorter
2025,Josh Ojianwuna,Baylor,77280,6-10,"6'10""",82.0,82.46,"6'10""",0.46,plays_at_height,82.46,"6'10""",0.46,plays_at_height
2025,Zion Cruz,Rider,77281,6-5,"6'5""",77.0,76.2,"6'4""",-0.8,plays_shorter,76.2,"6'4""",-0.8,plays_shorter
2025,Rowan Brumbaugh,Tulane,77283,6-4,"6'4""",76.0,75.41,"6'3""",-0.59,plays_at_height,75.41,"6'3""",-0.59,plays_at_height
2025,Jalen Hampton,Missouri St.,77287,6-7,"6'7""",79.0,80.05,"6'8""",1.05,plays_taller,80.05,"6'8""",1.05,plays_taller
2025,Evan Mahaffey,Ohio St.,77289,6-6,"6'6""",78.0,80.86,"6'9""",2.86,plays_taller,80.86,"6'9""",2.86,plays_taller
2025,Terrance Arceneaux,Houston,77292,6-6,"6'6""",78.0,77.94,"6'6""",-0.06,plays_at_height,77.94,"6'6""",-0.06,plays_at_height
2025,BJ Freeman,Arizona St.,77295,6-6,"6'6""",78.0,76.25,"6'4""",-1.75,plays_shorter,76.25,"6'4""",-1.75,plays_shorter
2025,Isaac Traudt,Creighton,77299,6-10,"6'10""",82.0,76.28,"6'4""",-5.72,plays_shorter,76.28,"6'4""",-5.72,plays_shorter
2025,Isaac McKneely,Virginia,77300,6-4,"6'4""",76.0,74.35,"6'2""",-1.65,plays_shorter,74.35,"6'2""",-1.65,plays_shorter
2025,Leon Bond III,Northern Iowa,77302,6-5,"6'5""",77.0,78.8,"6'7""",1.8,plays_taller,78.8,"6'7""",1.8,plays_taller
2025,Dylan Darling,Idaho St.,77306,6-2,"6'2""",74.0,75.91,"6'4""",1.91,plays_taller,75.91,"6'4""",1.91,plays_taller
2025,Jlynn Counter,Middle Tennessee,77316,6-3,"6'3""",75.0,77.36,"6'5""",2.36,plays_taller,77.36,"6'5""",2.36,plays_taller
2025,ND Okafor,Washington St.,77321,6-9,"6'9""",81.0,81.03,"6'9""",0.03,plays_at_height,81.03,"6'9""",0.03,plays_at_height
2025,Elijah Walsh,Campbell,77322,6-5,"6'5""",77.0,77.53,"6'6""",0.53,plays_at_height,77.53,"6'6""",0.53,plays_at_height
2025,Masai Troutman,Northeastern,77323,6-4,"6'4""",76.0,74.93,"6'3""",-1.07,plays_shorter,74.93,"6'3""",-1.07,plays_shorter
2025,Landon Lewis,Brown,77324,6-7,"6'7""",79.0,81.15,"6'9""",2.15,plays_taller,81.15,"6'9""",2.15,plays_taller
2025,Jamai Felt,Bowling Green,77325,6-10,"6'10""",82.0,82.99,"6'11""",0.99,plays_taller,82.99,"6'11""",0.99,plays_taller
2025,Anthony McComb III,New Hampshire,77326,6-3,"6'3""",75.0,74.78,"6'3""",-0.22,plays_at_height,74.78,"6'3""",-0.22,plays_at_height
2025,Kam Craft,Miami OH,77327,6-6,"6'6""",78.0,74.6,"6'3""",-3.4,plays_shorter,74.6,"6'3""",-3.4,plays_shorter
2025,Desmond Claude,USC,77328,6-5,"6'5""",77.0,77.08,"6'5""",0.08,plays_at_height,77.08,"6'5""",0.08,plays_at_height
2025,"John Lovelace, Jr.",Milwaukee,77329,6-7,"6'7""",79.0,78.06,"6'6""",-0.94,plays_shorter,78.06,"6'6""",-0.94,plays_shorter
2025,AJ Lesburt Jr.,Brown,77331,6-5,"6'5""",77.0,76.55,"6'5""",-0.45,plays_at_height,76.55,"6'5""",-0.45,plays_at_height
2025,Braeden Carrington,Tulsa,77335,6-5,"6'5""",77.0,76.84,"6'5""",-0.16,plays_at_height,76.84,"6'5""",-0.16,plays_at_height
2025,Damien Mayo Jr.,Southern Illinois,77337,6-3,"6'3""",75.0,76.79,"6'5""",1.79,plays_taller,76.79,"6'5""",1.79,plays_taller
2025,N.J. Benson,DePaul,77339,6-8,"6'8""",80.0,82.83,"6'11""",2.83,plays_taller,82.83,"6'11""",2.83,plays_taller
2025,Kyran Ratliff,Louisiana,77342,6-8,"6'8""",80.0,78.69,"6'7""",-1.31,plays_shorter,78.69,"6'7""",-1.31,plays_shorter
2025,Christian Watson,Southern Miss,77343,6-7,"6'7""",79.0,76.28,"6'4""",-2.72,plays_shorter,76.28,"6'4""",-2.72,plays_shorter
2025,TJ Grant,Mercer,77345,6-5,"6'5""",77.0,75.24,"6'3""",-1.76,plays_shorter,75.24,"6'3""",-1.76,plays_shorter
2025,Michael Zanoni,Penn,77346,6-5,"6'5""",77.0,74.54,"6'3""",-2.46,plays_shorter,74.54,"6'3""",-2.46,plays_shorter
2025,Chancellor White,Louisiana,77347,6-6,"6'6""",78.0,75.32,"6'3""",-2.68,plays_shorter,75.32,"6'3""",-2.68,plays_shorter
2025,Danilo Jovanovich,Milwaukee,77349,6-8,"6'8""",80.0,78.23,"6'6""",-1.77,plays_shorter,78.23,"6'6""",-1.77,plays_shorter
2025,Vernon Collins,Western Carolina,77356,6-10,"6'10""",82.0,80.57,"6'9""",-1.43,plays_shorter,80.57,"6'9""",-1.43,plays_shorter
2025,Arnas Sakenis,SIU Edwardsville,77361,6-11,"6'11""",83.0,82.93,"6'11""",-0.07,plays_at_height,82.93,"6'11""",-0.07,plays_at_height
2025,DJ Richards,McNeese St.,77367,6-4,"6'4""",76.0,74.79,"6'3""",-1.21,plays_shorter,74.79,"6'3""",-1.21,plays_shorter
2025,Mike Woods,Navy,77369,6-3,"6'3""",75.0,78.07,"6'6""",3.07,plays_taller,78.07,"6'6""",3.07,plays_taller
2025,Sam Krist,Navy,77371,6-4,"6'4""",76.0,74.92,"6'3""",-1.08,plays_shorter,74.92,"6'3""",-1.08,plays_shorter
2025,Derrin Boyd,Charleston,77372,6-3,"6'3""",75.0,75.19,"6'3""",0.19,plays_at_height,75.19,"6'3""",0.19,plays_at_height
2025,Trent Scott,Morehead St.,77376,6-4,"6'4""",76.0,75.92,"6'4""",-0.08,plays_at_height,75.92,"6'4""",-0.08,plays_at_height
2025,Jed Miller,Montana St.,77378,6-2,"6'2""",74.0,77.09,"6'5""",3.09,plays_taller,77.09,"6'5""",3.09,plays_taller
2025,Rob Lawson,Morgan St.,77379,6-0,"6'0""",72.0,74.04,"6'2""",2.04,plays_taller,74.04,"6'2""",2.04,plays_taller
2025,Joshua Jefferson,Iowa St.,77391,6-8,"6'8""",80.0,81.23,"6'9""",1.23,plays_taller,81.23,"6'9""",1.23,plays_taller
2025,Aidan Mahaney,Connecticut,77393,6-3,"6'3""",75.0,73.82,"6'2""",-1.18,plays_shorter,73.82,"6'2""",-1.18,plays_shorter
2025,Adou Thiero,Arkansas,77394,6-6,"6'6""",78.0,81.6,"6'10""",3.6,plays_taller,81.6,"6'10""",3.6,plays_taller
2025,Donovan Oday,Cal St. Fullerton,77404,6-2,"6'2""",74.0,77.58,"6'6""",3.58,plays_taller,77.58,"6'6""",3.58,plays_taller
2025,Keon Thompson,Stephen F. Austin,77411,6-1,"6'1""",73.0,77.62,"6'6""",4.62,plays_taller,77.62,"6'6""",4.62,plays_taller
2025,RJ Luis Jr.,St. John's,77412,6-6,"6'6""",78.0,80.54,"6'9""",2.54,plays_taller,80.54,"6'9""",2.54,plays_taller
2025,Caelum Swanton-Rodger,Old Dominion,77413,7-0,"7'0""",84.0,82.48,"6'10""",-1.52,plays_shorter,82.48,"6'10""",-1.52,plays_shorter
2025,Dion Brown,Boston College,77414,6-3,"6'3""",75.0,76.12,"6'4""",1.12,plays_taller,76.12,"6'4""",1.12,plays_taller
2025,Trevan Leonhardt,Utah Valley,77420,6-4,"6'4""",76.0,76.34,"6'4""",0.34,plays_at_height,76.34,"6'4""",0.34,plays_at_height
2025,Juanse Gorosito,Ball St.,77421,6-1,"6'1""",73.0,74.15,"6'2""",1.15,plays_taller,74.15,"6'2""",1.15,plays_taller
2025,Kamari Lands,Middle Tennessee,77422,6-8,"6'8""",80.0,75.07,"6'3""",-4.93,plays_shorter,75.07,"6'3""",-4.93,plays_shorter
2025,Tae Davis,Notre Dame,77424,6-9,"6'9""",81.0,78.35,"6'6""",-2.65,plays_shorter,78.35,"6'6""",-2.65,plays_shorter
2025,Jaquan Sanders,Hofstra,77427,6-4,"6'4""",76.0,73.81,"6'2""",-2.19,plays_shorter,73.81,"6'2""",-2.19,plays_shorter
2025,Devin Ree,Louisiana Tech,77428,6-8,"6'8""",80.0,76.34,"6'4""",-3.66,plays_shorter,76.34,"6'4""",-3.66,plays_shorter
2025,Moe Odum,Pepperdine,77430,6-1,"6'1""",73.0,74.57,"6'3""",1.57,plays_taller,74.57,"6'3""",1.57,plays_taller
2025,Luke Hunger,Northwestern,77432,6-10,"6'10""",82.0,77.18,"6'5""",-4.82,plays_shorter,77.18,"6'5""",-4.82,plays_shorter
2025,Dior Johnson,UCF,77433,6-3,"6'3""",75.0,74.73,"6'3""",-0.27,plays_at_height,74.73,"6'3""",-0.27,plays_at_height
2025,Guillermo Diaz Graham,Pittsburgh,77434,7-0,"7'0""",84.0,79.83,"6'8""",-4.17,plays_shorter,79.83,"6'8""",-4.17,plays_shorter
2025,Leland Walker,Florida Atlantic,77436,6-1,"6'1""",73.0,74.92,"6'3""",1.92,plays_taller,74.92,"6'3""",1.92,plays_taller
2025,Tayshawn Comer,Evansville,77437,6-1,"6'1""",73.0,76.09,"6'4""",3.09,plays_taller,76.09,"6'4""",3.09,plays_taller
2025,Jackson Holt,Eastern Kentucky,77438,6-4,"6'4""",76.0,74.06,"6'2""",-1.94,plays_shorter,74.06,"6'2""",-1.94,plays_shorter
2025,David Onanina,Bethune Cookman,77440,6-8,"6'8""",80.0,78.5,"6'6""",-1.5,plays_shorter,78.5,"6'6""",-1.5,plays_shorter
2025,Chase Ross,Marquette,77442,6-4,"6'4""",76.0,78.76,"6'7""",2.76,plays_taller,78.76,"6'7""",2.76,plays_taller
2025,Alonzo Dodd,Appalachian St.,77445,6-1,"6'1""",73.0,75.71,"6'4""",2.71,plays_taller,75.71,"6'4""",2.71,plays_taller
2025,Tobe Awaka,Arizona,77448,6-8,"6'8""",80.0,82.61,"6'11""",2.61,plays_taller,82.61,"6'11""",2.61,plays_taller
2025,Jaden Grant,FIU,77457,5-11,"5'11""",71.0,74.97,"6'3""",3.97,plays_taller,74.97,"6'3""",3.97,plays_taller
2025,Kyle Evans,UC Irvine,77459,6-10,"6'10""",82.0,83.01,"6'11""",1.01,plays_taller,83.01,"6'11""",1.01,plays_taller
2025,Jayden Williams,Dartmouth,77460,6-6,"6'6""",78.0,76.92,"6'5""",-1.08,plays_shorter,76.92,"6'5""",-1.08,plays_shorter
2025,Brandon Mitchell-Day,Dartmouth,77461,6-8,"6'8""",80.0,80.36,"6'8""",0.36,plays_at_height,80.36,"6'8""",0.36,plays_at_height
2025,Jackson Munro,Dartmouth,77463,6-8,"6'8""",80.0,79.05,"6'7""",-0.95,plays_shorter,79.05,"6'7""",-0.95,plays_shorter
2025,Brody Robinson,UT Arlington,77465,5-11,"5'11""",71.0,74.39,"6'2""",3.39,plays_taller,74.39,"6'2""",3.39,plays_taller
2025,Kebba Njie,Notre Dame,77469,6-10,"6'10""",82.0,80.99,"6'9""",-1.01,plays_shorter,80.99,"6'9""",-1.01,plays_shorter
2025,Mor Seck,Fresno St.,77470,7-1,"7'1""",85.0,78.65,"6'7""",-6.35,plays_shorter,78.65,"6'7""",-6.35,plays_shorter
2025,Avery Brown,Columbia,77471,6-4,"6'4""",76.0,74.69,"6'3""",-1.31,plays_shorter,74.69,"6'3""",-1.31,plays_shorter
2025,Blair Thompson,Columbia,77472,6-7,"6'7""",79.0,79.06,"6'7""",0.06,plays_at_height,79.06,"6'7""",0.06,plays_at_height
2025,Kyrese Mullen,Hampton,77474,6-7,"6'7""",79.0,78.48,"6'6""",-0.52,plays_at_height,78.48,"6'6""",-0.52,plays_at_height
2025,Kody Williams,Hawaii,77475,6-0,"6'0""",72.0,74.55,"6'3""",2.55,plays_taller,74.55,"6'3""",2.55,plays_taller
2025,Greedy Williams,UNC Wilmington,77477,6-5,"6'5""",77.0,75.4,"6'3""",-1.6,plays_shorter,75.4,"6'3""",-1.6,plays_shorter
2025,Demetrius Lilley,La Salle,77478,6-10,"6'10""",82.0,78.66,"6'7""",-3.34,plays_shorter,78.66,"6'7""",-3.34,plays_shorter
2025,Kimani Hamilton,High Point,77479,6-8,"6'8""",80.0,79.63,"6'8""",-0.37,plays_at_height,79.63,"6'8""",-0.37,plays_at_height
2025,Tarris Reed Jr.,Connecticut,77482,6-10,"6'10""",82.0,85.73,"7'2""",3.73,plays_taller,85.73,"7'2""",3.73,plays_taller
2025,Collin Metcalf,Northeastern,77483,6-9,"6'9""",81.0,82.82,"6'11""",1.82,plays_taller,82.82,"6'11""",1.82,plays_taller
2025,Dylan Andrews,UCLA,77484,6-2,"6'2""",74.0,74.92,"6'3""",0.92,plays_taller,74.92,"6'3""",0.92,plays_taller
2025,Abramo Canka,Stetson,77485,6-7,"6'7""",79.0,77.14,"6'5""",-1.86,plays_shorter,77.14,"6'5""",-1.86,plays_shorter
2025,Jameel Brown,Temple,77489,6-4,"6'4""",76.0,75.55,"6'4""",-0.45,plays_at_height,75.55,"6'4""",-0.45,plays_at_height
2025,Shawn Phillips Jr.,Arizona St.,77491,7-0,"7'0""",84.0,83.0,"6'11""",-1.0,plays_shorter,83.0,"6'11""",-1.0,plays_shorter
2025,Jaden Clayton,Maine,77495,6-1,"6'1""",73.0,75.34,"6'3""",2.34,plays_taller,75.34,"6'3""",2.34,plays_taller
2025,Miles Byrd,San Diego St.,77500,6-7,"6'7""",79.0,79.18,"6'7""",0.18,plays_at_height,79.18,"6'7""",0.18,plays_at_height
2025,Elijah Saunders,Virginia,77501,6-8,"6'8""",80.0,78.14,"6'6""",-1.86,plays_shorter,78.14,"6'6""",-1.86,plays_shorter
2025,Jared Frey,Stony Brook,77506,6-4,"6'4""",76.0,74.0,"6'2""",-2.0,plays_shorter,74.0,"6'2""",-2.0,plays_shorter
2025,Brody Rowbury,Southeastern Louisiana,77510,6-11,"6'11""",83.0,78.08,"6'6""",-4.92,plays_shorter,78.08,"6'6""",-4.92,plays_shorter
2025,Jamarques Lawrence,Rhode Island,77511,6-3,"6'3""",75.0,74.24,"6'2""",-0.76,plays_shorter,74.24,"6'2""",-0.76,plays_shorter
2025,Jordan Tillmon,Prairie View A&M,77512,6-2,"6'2""",74.0,74.99,"6'3""",0.99,plays_taller,74.99,"6'3""",0.99,plays_taller
2025,Justin Bailey,Wofford,77515,6-3,"6'3""",75.0,75.65,"6'4""",0.65,plays_at_height,75.65,"6'4""",0.65,plays_at_height
2025,Braxton Stacker,Southeast Missouri St.,77521,6-5,"6'5""",77.0,77.57,"6'6""",0.57,plays_at_height,77.57,"6'6""",0.57,plays_at_height
2025,Jalen Bouknight,Lindenwood,77535,6-0,"6'0""",72.0,73.83,"6'2""",1.83,plays_taller,73.83,"6'2""",1.83,plays_taller
2025,Noah Best,Fairfield,77538,6-5,"6'5""",77.0,77.41,"6'5""",0.41,plays_at_height,77.41,"6'5""",0.41,plays_at_height
2025,Adam Hinton,Cornell,77539,6-5,"6'5""",77.0,75.64,"6'4""",-1.36,plays_shorter,75.64,"6'4""",-1.36,plays_shorter
2025,DJ Nix,Cornell,77540,6-6,"6'6""",78.0,75.78,"6'4""",-2.22,plays_shorter,75.78,"6'4""",-2.22,plays_shorter
2025,Carl Daughtery Jr.,UC Davis,77543,6-3,"6'3""",75.0,74.28,"6'2""",-0.72,plays_at_height,74.28,"6'2""",-0.72,plays_at_height
2025,Anthony Dell'Orso,Arizona,77545,6-6,"6'6""",78.0,75.73,"6'4""",-2.27,plays_shorter,75.73,"6'4""",-2.27,plays_shorter
2025,Tony Osburn,Nebraska Omaha,77547,6-2,"6'2""",74.0,76.02,"6'4""",2.02,plays_taller,76.02,"6'4""",2.02,plays_taller
2025,Reggie Bass,Lindenwood,77549,6-3,"6'3""",75.0,74.77,"6'3""",-0.23,plays_at_height,74.77,"6'3""",-0.23,plays_at_height
2025,Jalen Bolden,Louisiana Monroe,77555,6-4,"6'4""",76.0,77.57,"6'6""",1.57,plays_taller,77.57,"6'6""",1.57,plays_taller
2025,Pierce Bazil,Houston Christian,77560,6-2,"6'2""",74.0,74.4,"6'2""",0.4,plays_at_height,74.4,"6'2""",0.4,plays_at_height
2025,Garry Clark,Texas A&M Corpus Chris,77562,6-7,"6'7""",79.0,79.43,"6'7""",0.43,plays_at_height,79.43,"6'7""",0.43,plays_at_height
2025,Steven Jamerson II,San Diego,77571,6-10,"6'10""",82.0,82.24,"6'10""",0.24,plays_at_height,82.24,"6'10""",0.24,plays_at_height
2025,Andrew King,Elon,77578,6-3,"6'3""",75.0,75.53,"6'4""",0.53,plays_at_height,75.53,"6'4""",0.53,plays_at_height
2025,Corey Washington,Wichita St.,77594,6-6,"6'6""",78.0,80.17,"6'8""",2.17,plays_taller,80.17,"6'8""",2.17,plays_taller
2025,Asjon Anderson,Queens,77600,6-2,"6'2""",74.0,74.42,"6'2""",0.42,plays_at_height,74.42,"6'2""",0.42,plays_at_height
2025,Marcell McCreary,Northern Colorado,77606,6-4,"6'4""",76.0,77.51,"6'6""",1.51,plays_taller,77.51,"6'6""",1.51,plays_taller
2025,Marshal Destremau,UT Rio Grande Valley,77610,6-9,"6'9""",81.0,80.12,"6'8""",-0.88,plays_shorter,80.12,"6'8""",-0.88,plays_shorter
2025,Thierno Sylla,Stephen F. Austin,77617,7-0,"7'0""",84.0,78.79,"6'7""",-5.21,plays_shorter,78.79,"6'7""",-5.21,plays_shorter
2025,Rytis Petraitis,California,77622,6-7,"6'7""",79.0,78.96,"6'7""",-0.04,plays_at_height,78.96,"6'7""",-0.04,plays_at_height
2025,Kellan Boylan,Lipscomb,77624,6-7,"6'7""",79.0,77.2,"6'5""",-1.8,plays_shorter,77.2,"6'5""",-1.8,plays_shorter
2025,Zytarious Mortle,Texas Southern,77629,6-2,"6'2""",74.0,76.73,"6'5""",2.73,plays_taller,76.73,"6'5""",2.73,plays_taller
2025,Shahid Muhammad,Massachusetts,77637,6-11,"6'11""",83.0,82.57,"6'11""",-0.43,plays_at_height,82.57,"6'11""",-0.43,plays_at_height
2025,AK Okereke,Cornell,77640,6-7,"6'7""",79.0,79.49,"6'7""",0.49,plays_at_height,79.49,"6'7""",0.49,plays_at_height
2025,Sola Adebisi,The Citadel,77656,6-7,"6'7""",79.0,79.32,"6'7""",0.32,plays_at_height,79.32,"6'7""",0.32,plays_at_height
2025,Ahmet Jonovic,Bradley,77661,7-1,"7'1""",85.0,82.16,"6'10""",-2.84,plays_shorter,82.16,"6'10""",-2.84,plays_shorter
2025,Janko Buljic,Lamar,77665,6-10,"6'10""",82.0,78.72,"6'7""",-3.28,plays_shorter,78.72,"6'7""",-3.28,plays_shorter
2025,Ahmed Essahaty,Southeastern Louisiana,77667,6-3,"6'3""",75.0,75.93,"6'4""",0.93,plays_taller,75.93,"6'4""",0.93,plays_taller
2025,Emmanuel Okorafor,Seton Hall,77669,6-9,"6'9""",81.0,79.73,"6'8""",-1.27,plays_shorter,79.73,"6'8""",-1.27,plays_shorter
2025,Steven Tipton,Northern Illinois,77672,6-2,"6'2""",74.0,75.32,"6'3""",1.32,plays_taller,75.32,"6'3""",1.32,plays_taller
2025,Samage Teel,Indiana St.,77676,6-2,"6'2""",74.0,75.64,"6'4""",1.64,plays_taller,75.64,"6'4""",1.64,plays_taller
2025,Simeon Wilcher,St. John's,77677,6-4,"6'4""",76.0,76.55,"6'5""",0.55,plays_at_height,76.55,"6'5""",0.55,plays_at_height
2025,Kanaan Carlyle,Indiana,77679,6-3,"6'3""",75.0,76.29,"6'4""",1.29,plays_taller,76.29,"6'4""",1.29,plays_taller
2025,Dylan Canoville,Jackson St.,77680,6-5,"6'5""",77.0,81.44,"6'9""",4.44,plays_taller,81.44,"6'9""",4.44,plays_taller
2025,Wesley Robinson,Manhattan,77691,6-7,"6'7""",79.0,78.06,"6'6""",-0.94,plays_shorter,78.06,"6'6""",-0.94,plays_shorter
2025,Shaquil Bender,Manhattan,77692,6-2,"6'2""",74.0,75.91,"6'4""",1.91,plays_taller,75.91,"6'4""",1.91,plays_taller
2025,Sean Newman Jr.,Louisiana Tech,77695,6-1,"6'1""",73.0,74.27,"6'2""",1.27,plays_taller,74.27,"6'2""",1.27,plays_taller
2025,Terri Miller Jr.,Portland St.,77697,6-8,"6'8""",80.0,79.58,"6'8""",-0.42,plays_at_height,79.58,"6'8""",-0.42,plays_at_height
2025,Jaylin Henderson,Portland St.,77698,6-3,"6'3""",75.0,77.79,"6'6""",2.79,plays_taller,77.79,"6'6""",2.79,plays_taller
2025,Jeremy Lorenz,Wofford,77700,6-8,"6'8""",80.0,78.78,"6'7""",-1.22,plays_shorter,78.78,"6'7""",-1.22,plays_shorter
2025,John Blackwell,Wisconsin,77702,6-4,"6'4""",76.0,77.63,"6'6""",1.63,plays_taller,77.63,"6'6""",1.63,plays_taller
2025,Jack Janicki,Wisconsin,77703,6-5,"6'5""",77.0,77.44,"6'5""",0.44,plays_at_height,77.44,"6'5""",0.44,plays_at_height
2025,Nolan Winter,Wisconsin,77704,7-0,"7'0""",84.0,80.98,"6'9""",-3.02,plays_shorter,80.98,"6'9""",-3.02,plays_shorter
2025,Gus Yalden,Seton Hall,77705,6-9,"6'9""",81.0,77.52,"6'6""",-3.48,plays_shorter,77.52,"6'6""",-3.48,plays_shorter
2025,Tre'shawn Sheppard,LIU,77706,6-6,"6'6""",78.0,79.72,"6'8""",1.72,plays_taller,79.72,"6'8""",1.72,plays_taller
2025,Deng Garang,Le Moyne,77707,6-6,"6'6""",78.0,75.4,"6'3""",-2.6,plays_shorter,75.4,"6'3""",-2.6,plays_shorter
2025,Eric Acker,La Salle,77708,6-2,"6'2""",74.0,74.84,"6'3""",0.84,plays_taller,74.84,"6'3""",0.84,plays_taller
2025,Jaylen Carey,Vanderbilt,77709,6-8,"6'8""",80.0,80.68,"6'9""",0.68,plays_at_height,80.68,"6'9""",0.68,plays_at_height
2025,AJ Dancler,Le Moyne,77710,6-2,"6'2""",74.0,75.85,"6'4""",1.85,plays_taller,75.85,"6'4""",1.85,plays_taller
2025,Omaha Biliew,Wake Forest,77711,6-8,"6'8""",80.0,78.72,"6'7""",-1.28,plays_shorter,78.72,"6'7""",-1.28,plays_shorter
2025,Milan Momcilovic,Iowa St.,77713,6-8,"6'8""",80.0,75.67,"6'4""",-4.33,plays_shorter,75.67,"6'4""",-4.33,plays_shorter
2025,Dani Pounds,Old Dominion,77719,6-7,"6'7""",79.0,76.94,"6'5""",-2.06,plays_shorter,76.94,"6'5""",-2.06,plays_shorter
2025,Josh Jones,Oral Roberts,77722,6-10,"6'10""",82.0,77.67,"6'6""",-4.33,plays_shorter,77.67,"6'6""",-4.33,plays_shorter
2025,Jamir Simpson,Southern Utah,77725,6-5,"6'5""",77.0,75.31,"6'3""",-1.69,plays_shorter,75.31,"6'3""",-1.69,plays_shorter
2025,Zach Bell,Jacksonville,77727,6-2,"6'2""",74.0,77.32,"6'5""",3.32,plays_taller,77.32,"6'5""",3.32,plays_taller
2025,Jace Posey,TCU,77730,6-5,"6'5""",77.0,78.44,"6'6""",1.44,plays_taller,78.44,"6'6""",1.44,plays_taller
2025,Bangot Dak,Colorado,77731,6-11,"6'11""",83.0,81.62,"6'10""",-1.38,plays_shorter,81.62,"6'10""",-1.38,plays_shorter
2025,Rodney Brown Jr.,Virginia Tech,77733,6-6,"6'6""",78.0,74.7,"6'3""",-3.3,plays_shorter,74.7,"6'3""",-3.3,plays_shorter
2025,Augusto Cassia,Butler,77735,6-8,"6'8""",80.0,80.3,"6'8""",0.3,plays_at_height,80.3,"6'8""",0.3,plays_at_height
2025,Boden Kapke,Butler,77736,6-11,"6'11""",83.0,77.7,"6'6""",-5.3,plays_shorter,77.7,"6'6""",-5.3,plays_shorter
2025,Finley Bizjack,Butler,77737,6-4,"6'4""",76.0,75.16,"6'3""",-0.84,plays_shorter,75.16,"6'3""",-0.84,plays_shorter
2025,Noah Melson,Chattanooga,77738,6-6,"6'6""",78.0,74.0,"6'2""",-4.0,plays_shorter,74.0,"6'2""",-4.0,plays_shorter
2025,Sean Cusano,Chattanooga,77739,6-9,"6'9""",81.0,79.4,"6'7""",-1.6,plays_shorter,79.4,"6'7""",-1.6,plays_shorter
2025,Bryan Ndjonga,Central Michigan,77740,6-9,"6'9""",81.0,78.55,"6'7""",-2.45,plays_shorter,78.55,"6'7""",-2.45,plays_shorter
2025,Collin Mulholland,Chattanooga,77741,6-10,"6'10""",82.0,77.09,"6'5""",-4.91,plays_shorter,77.09,"6'5""",-4.91,plays_shorter
2025,Christian Cook,New Mexico St.,77743,6-2,"6'2""",74.0,76.13,"6'4""",2.13,plays_taller,76.13,"6'4""",2.13,plays_taller
2025,Xzavier Lino,UMass Lowell,77747,6-6,"6'6""",78.0,75.31,"6'3""",-2.69,plays_shorter,75.31,"6'3""",-2.69,plays_shorter
2025,Malachi Davis,LIU,77749,6-4,"6'4""",76.0,76.49,"6'4""",0.49,plays_at_height,76.49,"6'4""",0.49,plays_at_height
2025,Nic McClain,Eastern Washington,77750,6-3,"6'3""",75.0,77.55,"6'6""",2.55,plays_taller,77.55,"6'6""",2.55,plays_taller
2025,Isaiah Moses,UC Riverside,77752,6-1,"6'1""",73.0,74.25,"6'2""",1.25,plays_taller,74.25,"6'2""",1.25,plays_taller
2025,Jeremiah Quigley,George Mason,77754,5-11,"5'11""",71.0,73.46,"6'1""",2.46,plays_taller,73.46,"6'1""",2.46,plays_taller
2025,Jean Aranguren,Hofstra,77755,6-3,"6'3""",75.0,76.6,"6'5""",1.6,plays_taller,76.6,"6'5""",1.6,plays_taller
2025,Mackenzie Mgbako,Indiana,77758,6-8,"6'8""",80.0,78.33,"6'6""",-1.67,plays_shorter,78.33,"6'6""",-1.67,plays_shorter
2025,Jaden Daughtry,Indiana St.,77762,6-7,"6'7""",79.0,79.1,"6'7""",0.1,plays_at_height,79.1,"6'7""",0.1,plays_at_height
2025,Derek Vorst,Indiana St.,77763,6-10,"6'10""",82.0,79.64,"6'8""",-2.36,plays_shorter,79.64,"6'8""",-2.36,plays_shorter
2025,Jaland Lowe,Pittsburgh,77765,6-2,"6'2""",74.0,75.85,"6'4""",1.85,plays_taller,75.85,"6'4""",1.85,plays_taller
2025,Vincent Delano,Portland,77770,6-2,"6'2""",74.0,76.0,"6'4""",2.0,plays_taller,76.0,"6'4""",2.0,plays_taller
2025,Kelson Gebbers,Portland,77771,6-7,"6'7""",79.0,75.27,"6'3""",-3.73,plays_shorter,75.27,"6'3""",-3.73,plays_shorter
2025,Collin Kuhl,Georgia Southern,77772,6-7,"6'7""",79.0,80.34,"6'8""",1.34,plays_taller,80.34,"6'8""",1.34,plays_taller
2025,Eren Banks,Georgia Southern,77775,6-4,"6'4""",76.0,75.7,"6'4""",-0.3,plays_at_height,75.7,"6'4""",-0.3,plays_at_height
2025,Ibrahim Souare,Georgia Tech,77777,6-9,"6'9""",81.0,79.93,"6'8""",-1.07,plays_shorter,79.93,"6'8""",-1.07,plays_shorter
2025,Naithan George,Georgia Tech,77779,6-3,"6'3""",75.0,75.95,"6'4""",0.95,plays_taller,75.95,"6'4""",0.95,plays_taller
2025,Avantae Parker,Georgia Southern,77780,6-9,"6'9""",81.0,81.07,"6'9""",0.07,plays_at_height,81.07,"6'9""",0.07,plays_at_height
2025,Marquese Josephs,Western Michigan,77781,6-1,"6'1""",73.0,75.81,"6'4""",2.81,plays_taller,75.81,"6'4""",2.81,plays_taller
2025,Keyshawn Mitchell,Bryant,77783,6-11,"6'11""",83.0,80.94,"6'9""",-2.06,plays_shorter,80.94,"6'9""",-2.06,plays_shorter
2025,Almar Atlason,Bradley,77785,6-8,"6'8""",80.0,76.75,"6'5""",-3.25,plays_shorter,76.75,"6'5""",-3.25,plays_shorter
2025,Aaron Davis,Bryant,77786,6-7,"6'7""",79.0,75.82,"6'4""",-3.18,plays_shorter,75.82,"6'4""",-3.18,plays_shorter
2025,Demarion Burch,Bradley,77788,6-4,"6'4""",76.0,76.29,"6'4""",0.29,plays_at_height,76.29,"6'4""",0.29,plays_at_height
2025,Bryce Eaton,Saint Peter's,77792,6-0,"6'0""",72.0,74.42,"6'2""",2.42,plays_taller,74.42,"6'2""",2.42,plays_taller
2025,"Darin Smith, Jr.",Central Connecticut,77794,6-7,"6'7""",79.0,77.31,"6'5""",-1.69,plays_shorter,77.31,"6'5""",-1.69,plays_shorter
2025,Trey Horton,UTEP,77802,6-5,"6'5""",77.0,74.43,"6'2""",-2.57,plays_shorter,74.43,"6'2""",-2.57,plays_shorter
2025,David Terrell Jr.,UTEP,77803,6-4,"6'4""",76.0,77.36,"6'5""",1.36,plays_taller,77.36,"6'5""",1.36,plays_taller
2025,Jake Wahlin,Utah,77806,6-10,"6'10""",82.0,78.98,"6'7""",-3.02,plays_shorter,78.98,"6'7""",-3.02,plays_shorter
2025,Marqueas Bell,Southeast Missouri St.,77809,6-3,"6'3""",75.0,76.03,"6'4""",1.03,plays_taller,76.03,"6'4""",1.03,plays_taller
2025,Dontae Horne,Georgia Southern,77810,6-4,"6'4""",76.0,74.82,"6'3""",-1.18,plays_shorter,74.82,"6'3""",-1.18,plays_shorter
2025,Kwo Agwa,UT Rio Grande Valley,77815,6-6,"6'6""",78.0,80.46,"6'8""",2.46,plays_taller,80.46,"6'8""",2.46,plays_taller
2025,Hayden Gray,UC San Diego,77816,6-4,"6'4""",76.0,77.27,"6'5""",1.27,plays_taller,77.27,"6'5""",1.27,plays_taller
2025,Terrence Brown,Fairleigh Dickinson,77821,6-3,"6'3""",75.0,78.16,"6'6""",3.16,plays_taller,78.16,"6'6""",3.16,plays_taller
2025,Chuck Bailey III,Nevada,77823,6-4,"6'4""",76.0,76.2,"6'4""",0.2,plays_at_height,76.2,"6'4""",0.2,plays_at_height
2025,Joshua Hughes,Evansville,77826,6-10,"6'10""",82.0,78.93,"6'7""",-3.07,plays_shorter,78.93,"6'7""",-3.07,plays_shorter
2025,Bryce Cash,Queens,77828,6-5,"6'5""",77.0,76.81,"6'5""",-0.19,plays_at_height,76.81,"6'5""",-0.19,plays_at_height
2025,Corey Hadnot II,Purdue Fort Wayne,77833,6-3,"6'3""",75.0,76.03,"6'4""",1.03,plays_taller,76.03,"6'4""",1.03,plays_taller
2025,Myles Colvin,Purdue,77834,6-5,"6'5""",77.0,77.5,"6'6""",0.5,plays_at_height,77.5,"6'6""",0.5,plays_at_height
2025,Marcus Hill,N.C. State,77837,6-4,"6'4""",76.0,76.16,"6'4""",0.16,plays_at_height,76.16,"6'4""",0.16,plays_at_height
2025,Quentin Bolton Jr.,Arkansas Pine Bluff,77838,6-6,"6'6""",78.0,77.86,"6'6""",-0.14,plays_at_height,77.86,"6'6""",-0.14,plays_at_height
2025,Pip Ajayi,Bucknell,77839,6-7,"6'7""",79.0,82.07,"6'10""",3.07,plays_taller,82.07,"6'10""",3.07,plays_taller
2025,Keonte Jones,Cal St. Northridge,77842,6-6,"6'6""",78.0,82.29,"6'10""",4.29,plays_taller,82.29,"6'10""",4.29,plays_taller
2025,Mahmoud Fofana,Cal St. Northridge,77843,6-6,"6'6""",78.0,78.91,"6'7""",0.91,plays_taller,78.91,"6'7""",0.91,plays_taller
2025,Joel Armotrading,UC Riverside,77845,6-10,"6'10""",82.0,81.44,"6'9""",-0.56,plays_at_height,81.44,"6'9""",-0.56,plays_at_height
2025,Jacob Meyer,DePaul,77847,6-2,"6'2""",74.0,76.45,"6'4""",2.45,plays_taller,76.45,"6'4""",2.45,plays_taller
2025,Adam Clark,Merrimack,77849,5-10,"5'10""",70.0,76.16,"6'4""",6.16,plays_taller,76.16,"6'4""",6.16,plays_taller
2025,Jalal McKie,North Carolina A&T,77851,6-5,"6'5""",77.0,74.91,"6'3""",-2.09,plays_shorter,74.91,"6'3""",-2.09,plays_shorter
2025,Mason Jones,Ball St.,77853,6-7,"6'7""",79.0,77.48,"6'5""",-1.52,plays_shorter,77.48,"6'5""",-1.52,plays_shorter
2025,AJ Lux,Bellarmine,77859,6-5,"6'5""",77.0,77.76,"6'6""",0.76,plays_taller,77.76,"6'6""",0.76,plays_taller
2025,Chrishawn Christmas,Stephen F. Austin,77863,6-5,"6'5""",77.0,77.6,"6'6""",0.6,plays_at_height,77.6,"6'6""",0.6,plays_at_height
2025,Toyaz Solomon,UNC Asheville,77865,6-9,"6'9""",81.0,81.45,"6'9""",0.45,plays_at_height,81.45,"6'9""",0.45,plays_at_height
2025,Josiah Hammons,Sam Houston St.,77868,6-2,"6'2""",74.0,73.73,"6'2""",-0.27,plays_at_height,73.73,"6'2""",-0.27,plays_at_height
2025,Jaylen Jones,Oakland,77871,6-0,"6'0""",72.0,76.38,"6'4""",4.38,plays_taller,76.38,"6'4""",4.38,plays_taller
2025,Drew Scharnowski,Belmont,77872,6-9,"6'9""",81.0,80.75,"6'9""",-0.25,plays_at_height,80.75,"6'9""",-0.25,plays_at_height
2025,Julian Vaughns,Sacramento St.,77875,6-3,"6'3""",75.0,75.19,"6'3""",0.19,plays_at_height,75.19,"6'3""",0.19,plays_at_height
2025,Mac Wrecke,Green Bay,77879,6-5,"6'5""",77.0,77.22,"6'5""",0.22,plays_at_height,77.22,"6'5""",0.22,plays_at_height
2025,Blake Buchanan,Virginia,77881,6-11,"6'11""",83.0,82.11,"6'10""",-0.89,plays_shorter,82.11,"6'10""",-0.89,plays_shorter
2025,Seth Joba,Vermont,77883,6-9,"6'9""",81.0,74.55,"6'3""",-6.45,plays_shorter,74.55,"6'3""",-6.45,plays_shorter
2025,Noah Barnett,Vermont,77884,6-9,"6'9""",81.0,78.79,"6'7""",-2.21,plays_shorter,78.79,"6'7""",-2.21,plays_shorter
2025,Owen Freeman,Iowa,77886,6-10,"6'10""",82.0,82.01,"6'10""",0.01,plays_at_height,82.01,"6'10""",0.01,plays_at_height
2025,Jeremy Fears Jr.,Michigan St.,77892,6-2,"6'2""",74.0,76.8,"6'5""",2.8,plays_taller,76.8,"6'5""",2.8,plays_taller
2025,Carson Prost,Eastern Illinois,77895,6-3,"6'3""",75.0,75.85,"6'4""",0.85,plays_taller,75.85,"6'4""",0.85,plays_taller
2025,Corey Sawyer Jr,Eastern Illinois,77896,6-4,"6'4""",76.0,74.54,"6'3""",-1.46,plays_shorter,74.54,"6'3""",-1.46,plays_shorter
2025,Josh Lee,Denver,77897,6-3,"6'3""",75.0,76.74,"6'5""",1.74,plays_taller,76.74,"6'5""",1.74,plays_taller
2025,Jasper Floyd,North Texas,77900,6-3,"6'3""",75.0,75.51,"6'4""",0.51,plays_at_height,75.51,"6'4""",0.51,plays_at_height
2025,Nakyel Shelton,Eastern Illinois,77901,6-3,"6'3""",75.0,77.47,"6'5""",2.47,plays_taller,77.47,"6'5""",2.47,plays_taller
2025,TK Simpkins,Elon,77902,6-4,"6'4""",76.0,75.92,"6'4""",-0.08,plays_at_height,75.92,"6'4""",-0.08,plays_at_height
2025,Jayden Ross,Connecticut,77905,6-7,"6'7""",79.0,78.28,"6'6""",-0.72,plays_at_height,78.28,"6'6""",-0.72,plays_at_height
2025,Fred Payne,Boston College,77909,6-1,"6'1""",73.0,76.56,"6'5""",3.56,plays_taller,76.56,"6'5""",3.56,plays_taller
2025,Errol White,Lamar,77911,6-7,"6'7""",79.0,78.62,"6'7""",-0.38,plays_at_height,78.62,"6'7""",-0.38,plays_at_height
2025,Emmanuel Ugbo,Boise St.,77912,6-8,"6'8""",80.0,79.62,"6'8""",-0.38,plays_at_height,79.62,"6'8""",-0.38,plays_at_height
2025,Kevin Patton Jr.,USC,77913,6-8,"6'8""",80.0,79.5,"6'7""",-0.5,plays_at_height,79.5,"6'7""",-0.5,plays_at_height
2025,Matai Baptiste,Boston University,77914,6-7,"6'7""",79.0,76.37,"6'4""",-2.63,plays_shorter,76.37,"6'4""",-2.63,plays_shorter
2025,Aaron Smith,Alabama A&M,77915,6-6,"6'6""",78.0,77.36,"6'5""",-0.64,plays_at_height,77.36,"6'5""",-0.64,plays_at_height
2025,Bilal Abdur-Rahman,Alabama A&M,77916,5-11,"5'11""",71.0,75.53,"6'4""",4.53,plays_taller,75.53,"6'4""",4.53,plays_taller
2025,Kailon Nicholls,Northern Illinois,77917,6-0,"6'0""",72.0,73.77,"6'2""",1.77,plays_taller,73.77,"6'2""",1.77,plays_taller
2025,TJ Biel,Southeast Missouri St.,77919,6-7,"6'7""",79.0,78.61,"6'7""",-0.39,plays_at_height,78.61,"6'7""",-0.39,plays_at_height
2025,Doug Young,Quinnipiac,77921,6-0,"6'0""",72.0,74.56,"6'3""",2.56,plays_taller,74.56,"6'3""",2.56,plays_taller
2025,Jeffrey Langston Jr.,Southern Utah,77922,6-8,"6'8""",80.0,78.7,"6'7""",-1.3,plays_shorter,78.7,"6'7""",-1.3,plays_shorter
2025,Marcus Boykin,Sam Houston St.,77924,6-1,"6'1""",73.0,76.29,"6'4""",3.29,plays_taller,76.29,"6'4""",3.29,plays_taller
2025,Malek Gomma,Seattle,77929,6-8,"6'8""",80.0,79.35,"6'7""",-0.65,plays_at_height,79.35,"6'7""",-0.65,plays_at_height
2025,Will Heimbrodt,Seattle,77930,6-7,"6'7""",79.0,80.26,"6'8""",1.26,plays_taller,80.26,"6'8""",1.26,plays_taller
2025,David Tubek,Seton Hall,77931,6-7,"6'7""",79.0,76.47,"6'4""",-2.53,plays_shorter,76.47,"6'4""",-2.53,plays_shorter
2025,Isaiah Coleman,Seton Hall,77932,6-5,"6'5""",77.0,77.84,"6'6""",0.84,plays_taller,77.84,"6'6""",0.84,plays_taller
2025,Isaac Bruns,South Dakota,77936,6-4,"6'4""",76.0,75.68,"6'4""",-0.32,plays_at_height,75.68,"6'4""",-0.32,plays_at_height
2025,Shey Eberwein,South Dakota,77937,6-5,"6'5""",77.0,76.43,"6'4""",-0.57,plays_at_height,76.43,"6'4""",-0.57,plays_at_height
2025,Josh Scovens,Army,77938,6-4,"6'4""",76.0,78.45,"6'6""",2.45,plays_taller,78.45,"6'6""",2.45,plays_taller
2025,Marvin Musiime-Kamali,Akron,77940,6-6,"6'6""",78.0,79.3,"6'7""",1.3,plays_taller,79.3,"6'7""",1.3,plays_taller
2025,Luke Wilson,Appalachian St.,77941,6-9,"6'9""",81.0,82.36,"6'10""",1.36,plays_taller,82.36,"6'10""",1.36,plays_taller
2025,Jordan Marsh,UNC Asheville,77942,5-10,"5'10""",70.0,77.57,"6'6""",7.57,plays_taller,77.57,"6'6""",7.57,plays_taller
2025,Darrion Baker,SIU Edwardsville,77945,6-8,"6'8""",80.0,79.73,"6'8""",-0.27,plays_at_height,79.73,"6'8""",-0.27,plays_at_height
2025,Robert Peters,VMI,77947,6-8,"6'8""",80.0,75.91,"6'4""",-4.09,plays_shorter,75.91,"6'4""",-4.09,plays_shorter
2025,Koree Cotton,Jacksonville St.,77950,6-6,"6'6""",78.0,76.8,"6'5""",-1.2,plays_shorter,76.8,"6'5""",-1.2,plays_shorter
2025,Michael Belle,VCU,77951,6-8,"6'8""",80.0,79.33,"6'7""",-0.67,plays_at_height,79.33,"6'7""",-0.67,plays_at_height
2025,AJ Clark,VMI,77952,6-4,"6'4""",76.0,80.72,"6'9""",4.72,plays_taller,80.72,"6'9""",4.72,plays_taller
2025,Stephen Olowoniyi,Southern Indiana,77953,6-8,"6'8""",80.0,81.48,"6'9""",1.48,plays_taller,81.48,"6'9""",1.48,plays_taller
2025,Walker Andrews,VMI,77955,6-1,"6'1""",73.0,73.36,"6'1""",0.36,plays_at_height,73.36,"6'1""",0.36,plays_at_height
2025,Augustinas Kiudulas,VMI,77960,6-8,"6'8""",80.0,77.42,"6'5""",-2.58,plays_shorter,77.42,"6'5""",-2.58,plays_shorter
2025,Julius Mims,Idaho,77961,6-9,"6'9""",81.0,83.38,"6'11""",2.38,plays_taller,83.38,"6'11""",2.38,plays_taller
2025,Tyler Mrus,Idaho,77962,6-7,"6'7""",79.0,74.84,"6'3""",-4.16,plays_shorter,74.84,"6'3""",-4.16,plays_shorter
2025,Quinn Denker,Northern Colorado,77963,6-3,"6'3""",75.0,75.04,"6'3""",0.04,plays_at_height,75.04,"6'3""",0.04,plays_at_height
2025,EJ Neal,Sacramento St.,77964,6-5,"6'5""",77.0,75.59,"6'4""",-1.41,plays_shorter,75.59,"6'4""",-1.41,plays_shorter
2025,Marcel Bryant,Prairie View A&M,77968,6-7,"6'7""",79.0,78.97,"6'7""",-0.03,plays_at_height,78.97,"6'7""",-0.03,plays_at_height
2025,JT Warren,Northwestern St.,77975,6-7,"6'7""",79.0,77.5,"6'5""",-1.5,plays_shorter,77.5,"6'5""",-1.5,plays_shorter
2025,Leeroy Odiahi,Western Kentucky,77978,6-11,"6'11""",83.0,80.35,"6'8""",-2.65,plays_shorter,80.35,"6'8""",-2.65,plays_shorter
2025,Jailen Bedford,UNLV,77980,6-4,"6'4""",76.0,76.75,"6'5""",0.75,plays_taller,76.75,"6'5""",0.75,plays_taller
2025,Tariq Francis,NJIT,77981,6-0,"6'0""",72.0,74.72,"6'3""",2.72,plays_taller,74.72,"6'3""",2.72,plays_taller
2025,Cornelius Robinson Jr.,Monmouth,77984,6-6,"6'6""",78.0,79.11,"6'7""",1.11,plays_taller,79.11,"6'7""",1.11,plays_taller
2025,Cameron Piggee,NJIT,77986,6-0,"6'0""",72.0,72.96,"6'1""",0.96,plays_taller,72.96,"6'1""",0.96,plays_taller
2025,Jake Goldberg,NJIT,77988,6-4,"6'4""",76.0,74.91,"6'3""",-1.09,plays_shorter,74.91,"6'3""",-1.09,plays_shorter
2025,Sebastian Robinson,NJIT,77990,6-1,"6'1""",73.0,74.77,"6'3""",1.77,plays_taller,74.77,"6'3""",1.77,plays_taller
2025,Brady Dunlap,St. John's,77991,6-7,"6'7""",79.0,76.32,"6'4""",-2.68,plays_shorter,76.32,"6'4""",-2.68,plays_shorter
2025,Duane Thompson,St. Bonaventure,77992,6-8,"6'8""",80.0,77.44,"6'5""",-2.56,plays_shorter,77.44,"6'5""",-2.56,plays_shorter
2025,Kennard Davis Jr.,Southern Illinois,77996,6-6,"6'6""",78.0,77.28,"6'5""",-0.72,plays_at_height,77.28,"6'5""",-0.72,plays_at_height
2025,Sheridan Sharp,Southern Illinois,77997,6-3,"6'3""",75.0,75.49,"6'3""",0.49,plays_at_height,75.49,"6'3""",0.49,plays_at_height
2025,BJ Ward,Southeast Missouri St.,77999,6-0,"6'0""",72.0,74.26,"6'2""",2.26,plays_taller,74.26,"6'2""",2.26,plays_taller
2025,Kachi Nzeh,Penn St.,78000,6-8,"6'8""",80.0,78.37,"6'6""",-1.63,plays_shorter,78.37,"6'6""",-1.63,plays_shorter
2025,Dailyn Swain,Xavier,78002,6-7,"6'7""",79.0,80.22,"6'8""",1.22,plays_taller,80.22,"6'8""",1.22,plays_taller
2025,Reid Ducharme,Siena,78003,6-7,"6'7""",79.0,76.62,"6'5""",-2.38,plays_shorter,76.62,"6'5""",-2.38,plays_shorter
2025,Christian Kirkland,Youngstown St.,78006,6-9,"6'9""",81.0,79.58,"6'8""",-1.42,plays_shorter,79.58,"6'8""",-1.42,plays_shorter
2025,Gabe Dynes,Youngstown St.,78008,7-3,"7'3""",87.0,85.38,"7'1""",-1.62,plays_shorter,85.38,"7'1""",-1.62,plays_shorter
2025,Jack Edelen,Western Kentucky,78009,5-10,"5'10""",70.0,74.24,"6'2""",4.24,plays_taller,74.24,"6'2""",4.24,plays_taller
2025,Osiris Grady,Utah Valley,78010,6-9,"6'9""",81.0,77.5,"6'6""",-3.5,plays_shorter,77.5,"6'6""",-3.5,plays_shorter
2025,Kahlil Singleton,Holy Cross,78011,6-3,"6'3""",75.0,73.93,"6'2""",-1.07,plays_shorter,73.93,"6'2""",-1.07,plays_shorter
2025,DeAndre Williams,Holy Cross,78014,6-3,"6'3""",75.0,74.85,"6'3""",-0.15,plays_at_height,74.85,"6'3""",-0.15,plays_at_height
2025,KiJan Robinson,Hofstra,78016,6-3,"6'3""",75.0,73.71,"6'2""",-1.29,plays_shorter,73.71,"6'2""",-1.29,plays_shorter
2025,Silas Demary Jr.,Georgia,78017,6-5,"6'5""",77.0,76.55,"6'5""",-0.45,plays_at_height,76.55,"6'5""",-0.45,plays_at_height
2025,Dylan James,Georgia,78018,6-9,"6'9""",81.0,78.85,"6'7""",-2.15,plays_shorter,78.85,"6'7""",-2.15,plays_shorter
2025,Joe Nugent,Holy Cross,78019,6-6,"6'6""",78.0,75.82,"6'4""",-2.18,plays_shorter,75.82,"6'4""",-2.18,plays_shorter
2025,Parker Strauss,UC Riverside,78021,6-4,"6'4""",76.0,76.11,"6'4""",0.11,plays_at_height,76.11,"6'4""",0.11,plays_at_height
2025,Jordan Clayton,Northwestern,78022,6-2,"6'2""",74.0,75.37,"6'3""",1.37,plays_taller,75.37,"6'3""",1.37,plays_taller
2025,Dez White,Missouri St.,78023,6-2,"6'2""",74.0,74.45,"6'2""",0.45,plays_at_height,74.45,"6'2""",0.45,plays_at_height
2025,Kaleb Glenn,Florida Atlantic,78025,6-6,"6'6""",78.0,79.28,"6'7""",1.28,plays_taller,79.28,"6'7""",1.28,plays_taller
2025,Curtis Williams Jr.,Georgetown,78027,6-6,"6'6""",78.0,75.59,"6'4""",-2.41,plays_shorter,75.59,"6'4""",-2.41,plays_shorter
2025,Ty-Laur Johnson,Wake Forest,78028,6-0,"6'0""",72.0,75.84,"6'4""",3.84,plays_taller,75.84,"6'4""",3.84,plays_taller
2025,Greg Spate,Chicago St.,78030,6-7,"6'7""",79.0,73.57,"6'2""",-5.43,plays_shorter,73.57,"6'2""",-5.43,plays_shorter
2025,Joshua Ingram,Lehigh,78031,6-4,"6'4""",76.0,77.38,"6'5""",1.38,plays_taller,77.38,"6'5""",1.38,plays_taller
2025,Sultan Adewale,Albany,78035,6-8,"6'8""",80.0,77.23,"6'5""",-2.77,plays_shorter,77.23,"6'5""",-2.77,plays_shorter
2025,Cam Gillus,Lehigh,78036,5-11,"5'11""",71.0,75.76,"6'4""",4.76,plays_taller,75.76,"6'4""",4.76,plays_taller
2025,Dylan Saunders,New Hampshire,78037,6-8,"6'8""",80.0,73.98,"6'2""",-6.02,plays_shorter,73.98,"6'2""",-6.02,plays_shorter
2025,Ametri Moss,North Florida,78038,6-0,"6'0""",72.0,74.91,"6'3""",2.91,plays_taller,74.91,"6'3""",2.91,plays_taller
2025,George Marshall,Morehead St.,78039,6-4,"6'4""",76.0,76.06,"6'4""",0.06,plays_at_height,76.06,"6'4""",0.06,plays_at_height
2025,Amar Kuljuhovic,North Dakota,78041,6-8,"6'8""",80.0,78.38,"6'6""",-1.62,plays_shorter,78.38,"6'6""",-1.62,plays_shorter
2025,Deng Mayar,North Dakota,78042,6-8,"6'8""",80.0,77.67,"6'6""",-2.33,plays_shorter,77.67,"6'6""",-2.33,plays_shorter
2025,Jeremiah Burke,North Dakota St.,78043,6-7,"6'7""",79.0,76.74,"6'5""",-2.26,plays_shorter,76.74,"6'5""",-2.26,plays_shorter
2025,De'Shayne Montgomery,Georgia,78048,6-5,"6'5""",77.0,77.25,"6'5""",0.25,plays_at_height,77.25,"6'5""",0.25,plays_at_height
2025,Reece Potter,Miami OH,78053,7-1,"7'1""",85.0,79.62,"6'8""",-5.38,plays_shorter,79.62,"6'8""",-5.38,plays_shorter
2025,Chris Loofe,Middle Tennessee,78055,6-11,"6'11""",83.0,81.46,"6'9""",-1.54,plays_shorter,81.46,"6'9""",-1.54,plays_shorter
2025,Bailey Nunn,Sacramento St.,78058,6-0,"6'0""",72.0,74.03,"6'2""",2.03,plays_taller,74.03,"6'2""",2.03,plays_taller
2025,Ruben Rodriguez,Rider,78059,6-2,"6'2""",74.0,74.33,"6'2""",0.33,plays_at_height,74.33,"6'2""",0.33,plays_at_height
2025,Ife West-Ingram,Rider,78062,6-6,"6'6""",78.0,78.58,"6'7""",0.58,plays_at_height,78.58,"6'7""",0.58,plays_at_height
2025,Alvaro Folgueiras,Robert Morris,78063,6-9,"6'9""",81.0,81.67,"6'10""",0.67,plays_at_height,81.67,"6'10""",0.67,plays_at_height
2025,Armoni Zeigler,Saint Peter's,78066,6-4,"6'4""",76.0,77.82,"6'6""",1.82,plays_taller,77.82,"6'6""",1.82,plays_taller
2025,Solomon Callaghan,Wright St.,78069,6-2,"6'2""",74.0,74.02,"6'2""",0.02,plays_at_height,74.02,"6'2""",0.02,plays_at_height
2025,Parker Gerrits,Washington St.,78070,6-1,"6'1""",73.0,74.97,"6'3""",1.97,plays_taller,74.97,"6'3""",1.97,plays_taller
2025,Isaiah Watts,Washington St.,78071,6-3,"6'3""",75.0,76.86,"6'5""",1.86,plays_taller,76.86,"6'5""",1.86,plays_taller
2025,Myles Rigsby,Troy,78076,6-6,"6'6""",78.0,78.65,"6'7""",0.65,plays_at_height,78.65,"6'7""",0.65,plays_at_height
2025,Victor Valdes,Troy,78077,6-7,"6'7""",79.0,76.08,"6'4""",-2.92,plays_shorter,76.08,"6'4""",-2.92,plays_shorter
2025,Thomas Dowd,Troy,78078,6-8,"6'8""",80.0,79.71,"6'8""",-0.29,plays_at_height,79.71,"6'8""",-0.29,plays_at_height
2025,Marcus Rigsby Jr.,Troy,78079,6-3,"6'3""",75.0,77.01,"6'5""",2.01,plays_taller,77.01,"6'5""",2.01,plays_taller
2025,Maki Johnson,East Tennessee St.,78083,6-4,"6'4""",76.0,76.36,"6'4""",0.36,plays_at_height,76.36,"6'4""",0.36,plays_at_height
2025,Jaden Harris,New Mexico St.,78084,6-4,"6'4""",76.0,75.53,"6'4""",-0.47,plays_at_height,75.53,"6'4""",-0.47,plays_at_height
2025,TJ NeSmith,Radford,78085,6-10,"6'10""",82.0,78.98,"6'7""",-3.02,plays_shorter,78.98,"6'7""",-3.02,plays_shorter
2025,Clayton Southwick,Stephen F. Austin,78087,6-8,"6'8""",80.0,77.71,"6'6""",-2.29,plays_shorter,77.71,"6'6""",-2.29,plays_shorter
2025,Jake Davis,Illinois,78089,6-6,"6'6""",78.0,75.97,"6'4""",-2.03,plays_shorter,75.97,"6'4""",-2.03,plays_shorter
2025,Michael Nwoko,Mississippi St.,78090,6-10,"6'10""",82.0,82.44,"6'10""",0.44,plays_at_height,82.44,"6'10""",0.44,plays_at_height
2025,David Thomas,DePaul,78091,6-1,"6'1""",73.0,75.54,"6'4""",2.54,plays_taller,75.54,"6'4""",2.54,plays_taller
2025,Jerone Morton,Morehead St.,78092,6-4,"6'4""",76.0,75.73,"6'4""",-0.27,plays_at_height,75.73,"6'4""",-0.27,plays_at_height
2025,Mikey Williams,UCF,78093,6-3,"6'3""",75.0,76.4,"6'4""",1.4,plays_taller,76.4,"6'4""",1.4,plays_taller
2025,JJ Taylor,UCF,78094,6-8,"6'8""",80.0,77.75,"6'6""",-2.25,plays_shorter,77.75,"6'6""",-2.25,plays_shorter
2025,Anthony Benard,Canisius,78095,6-0,"6'0""",72.0,74.53,"6'3""",2.53,plays_taller,74.53,"6'3""",2.53,plays_taller
2025,Ashton Hardaway,Saint Mary's,78096,6-8,"6'8""",80.0,76.65,"6'5""",-3.35,plays_shorter,76.65,"6'5""",-3.35,plays_shorter
2025,Eddie Ricks III,James Madison,78098,6-7,"6'7""",79.0,78.25,"6'6""",-0.75,plays_at_height,78.25,"6'6""",-0.75,plays_at_height
2025,Tyler Ringgold,Tulane,78099,6-8,"6'8""",80.0,77.94,"6'6""",-2.06,plays_shorter,77.94,"6'6""",-2.06,plays_shorter
2025,Bryce Lindsay,James Madison,78100,6-3,"6'3""",75.0,75.6,"6'4""",0.6,plays_at_height,75.6,"6'4""",0.6,plays_at_height
2025,Chris Fields Jr.,Norfolk St.,78101,6-7,"6'7""",79.0,79.88,"6'8""",0.88,plays_taller,79.88,"6'8""",0.88,plays_taller
2025,Rashaud Marshall,Arkansas St.,78105,6-8,"6'8""",80.0,80.75,"6'9""",0.75,plays_taller,80.75,"6'9""",0.75,plays_taller
2025,Jordan Pickett,SIU Edwardsville,78108,6-3,"6'3""",75.0,74.31,"6'2""",-0.69,plays_at_height,74.31,"6'2""",-0.69,plays_at_height
2025,Eli Wilborn,Duquesne,78112,6-8,"6'8""",80.0,82.29,"6'10""",2.29,plays_taller,82.29,"6'10""",2.29,plays_taller
2025,Aidan Harris,Saint Francis,78113,6-7,"6'7""",79.0,78.97,"6'7""",-0.03,plays_at_height,78.97,"6'7""",-0.03,plays_at_height
2025,Miles Heide,San Diego St.,78114,6-10,"6'10""",82.0,79.65,"6'8""",-2.35,plays_shorter,79.65,"6'8""",-2.35,plays_shorter
2025,BJ Davis,San Diego St.,78115,6-2,"6'2""",74.0,76.65,"6'5""",2.65,plays_taller,76.65,"6'5""",2.65,plays_taller
2025,Kam Burton,Southeastern Louisiana,78118,6-3,"6'3""",75.0,76.04,"6'4""",1.04,plays_taller,76.04,"6'4""",1.04,plays_taller
2025,Malachi Brown,Georgia St.,78119,6-1,"6'1""",73.0,75.26,"6'3""",2.26,plays_taller,75.26,"6'3""",2.26,plays_taller
2025,Tan Yildizoglu,VMI,78121,6-4,"6'4""",76.0,74.81,"6'3""",-1.19,plays_shorter,74.81,"6'3""",-1.19,plays_shorter
2025,Latrell Davis,San Jose St.,78122,6-3,"6'3""",75.0,76.39,"6'4""",1.39,plays_taller,76.39,"6'4""",1.39,plays_taller
2025,Landon Glasper,North Carolina A&T,78127,6-2,"6'2""",74.0,73.94,"6'2""",-0.06,plays_at_height,73.94,"6'2""",-0.06,plays_at_height
2025,Donovan Sanders,Mississippi Valley St.,78130,5-11,"5'11""",71.0,74.29,"6'2""",3.29,plays_taller,74.29,"6'2""",3.29,plays_taller
2025,Jerry Deng,Florida St.,78131,6-9,"6'9""",81.0,76.76,"6'5""",-4.24,plays_shorter,76.76,"6'5""",-4.24,plays_shorter
2025,Devon Pryor,Texas,78136,6-7,"6'7""",79.0,78.08,"6'6""",-0.92,plays_shorter,78.08,"6'6""",-0.92,plays_shorter
2025,Alex Doyle,Stetson,78137,6-9,"6'9""",81.0,74.97,"6'3""",-6.03,plays_shorter,74.97,"6'3""",-6.03,plays_shorter
2025,Jordan Ross,Saint Mary's,78140,6-3,"6'3""",75.0,76.01,"6'4""",1.01,plays_taller,76.01,"6'4""",1.01,plays_taller
2025,Tucker Anderson,Utah St.,78142,6-9,"6'9""",81.0,77.27,"6'5""",-3.73,plays_shorter,77.27,"6'5""",-3.73,plays_shorter
2025,AC Bryant,Alabama A&M,78147,6-3,"6'3""",75.0,77.47,"6'5""",2.47,plays_taller,77.47,"6'5""",2.47,plays_taller
2025,Logan Carey,Maine,78152,6-3,"6'3""",75.0,75.33,"6'3""",0.33,plays_at_height,75.33,"6'3""",0.33,plays_at_height
2025,Aaron McBride,Loyola Marymount,78153,6-6,"6'6""",78.0,80.07,"6'8""",2.07,plays_taller,80.07,"6'8""",2.07,plays_taller
2025,Tre Norman,Marquette,78154,6-4,"6'4""",76.0,77.7,"6'6""",1.7,plays_taller,77.7,"6'6""",1.7,plays_taller
2025,Zaide Lowery,Marquette,78157,6-5,"6'5""",77.0,77.38,"6'5""",0.38,plays_at_height,77.38,"6'5""",0.38,plays_at_height
2025,Jahnathan Lamothe,North Carolina A&T,78158,6-4,"6'4""",76.0,76.43,"6'4""",0.43,plays_at_height,76.43,"6'4""",0.43,plays_at_height
2025,DeShawn Harris-Smith,Maryland,78159,6-5,"6'5""",77.0,77.12,"6'5""",0.12,plays_at_height,77.12,"6'5""",0.12,plays_at_height
2025,Michael Teal,South Carolina St.,78161,6-1,"6'1""",73.0,75.23,"6'3""",2.23,plays_taller,75.23,"6'3""",2.23,plays_taller
2025,James Marrow,South Carolina St.,78162,6-8,"6'8""",80.0,78.57,"6'7""",-1.43,plays_shorter,78.57,"6'7""",-1.43,plays_shorter
2025,Wilson Dubinsky,South Carolina St.,78163,6-3,"6'3""",75.0,75.31,"6'3""",0.31,plays_at_height,75.31,"6'3""",0.31,plays_at_height
2025,Trent Pierce,Missouri,78169,6-10,"6'10""",82.0,79.01,"6'7""",-2.99,plays_shorter,79.01,"6'7""",-2.99,plays_shorter
2025,Freddie Dilione V,Penn St.,78175,6-5,"6'5""",77.0,76.78,"6'5""",-0.22,plays_at_height,76.78,"6'5""",-0.22,plays_at_height
2025,Jordan Pennick,Navy,78178,5-11,"5'11""",71.0,74.59,"6'3""",3.59,plays_taller,74.59,"6'3""",3.59,plays_taller
2025,Jack Medalie,Navy,78179,6-5,"6'5""",77.0,76.86,"6'5""",-0.14,plays_at_height,76.86,"6'5""",-0.14,plays_at_height
2025,Carnegie Johnson,Navy,78180,5-9,"5'9""",69.0,74.5,"6'3""",5.5,plays_taller,74.5,"6'3""",5.5,plays_taller
2025,Jinwoo Kim,Navy,78181,6-1,"6'1""",73.0,74.41,"6'2""",1.41,plays_taller,74.41,"6'2""",1.41,plays_taller
2025,Cam Cole,Navy,78182,6-1,"6'1""",73.0,75.79,"6'4""",2.79,plays_taller,75.79,"6'4""",2.79,plays_taller
2025,Kyle Pock,Northern Iowa,78186,6-6,"6'6""",78.0,73.93,"6'2""",-4.07,plays_shorter,73.93,"6'2""",-4.07,plays_shorter
2025,Kade Douglas,UT Arlington,78187,6-2,"6'2""",74.0,74.53,"6'3""",0.53,plays_at_height,74.53,"6'3""",0.53,plays_at_height
2025,Layden Blocker,DePaul,78192,6-2,"6'2""",74.0,77.3,"6'5""",3.3,plays_taller,77.3,"6'5""",3.3,plays_taller
2025,Makaih Williams,Grand Canyon,78194,6-1,"6'1""",73.0,75.55,"6'4""",2.55,plays_taller,75.55,"6'4""",2.55,plays_taller
2025,Tank Byard,Rider,78203,6-8,"6'8""",80.0,78.83,"6'7""",-1.17,plays_shorter,78.83,"6'7""",-1.17,plays_shorter
2025,Michael Pajeaud,Alcorn St.,78204,6-1,"6'1""",73.0,78.6,"6'7""",5.6,plays_taller,78.6,"6'7""",5.6,plays_taller
2025,Djahi Binet,Alcorn St.,78207,6-7,"6'7""",79.0,81.32,"6'9""",2.32,plays_taller,81.32,"6'9""",2.32,plays_taller
2025,Jalyke Gaines-Wyatt,Alcorn St.,78211,6-0,"6'0""",72.0,74.29,"6'2""",2.29,plays_taller,74.29,"6'2""",2.29,plays_taller
2025,Seydou Traore,Iowa,78212,6-7,"6'7""",79.0,79.1,"6'7""",0.1,plays_at_height,79.1,"6'7""",0.1,plays_at_height
2025,Braeden Shrewsberry,Notre Dame,78215,6-3,"6'3""",75.0,74.71,"6'3""",-0.29,plays_at_height,74.71,"6'3""",-0.29,plays_at_height
2025,Christian Jones,George Washington,78217,6-2,"6'2""",74.0,76.47,"6'4""",2.47,plays_taller,76.47,"6'4""",2.47,plays_taller
2025,Markus Burton,Notre Dame,78218,5-11,"5'11""",71.0,75.38,"6'3""",4.38,plays_taller,75.38,"6'3""",4.38,plays_taller
2025,Logan Imes,Notre Dame,78219,6-4,"6'4""",76.0,75.7,"6'4""",-0.3,plays_at_height,75.7,"6'4""",-0.3,plays_at_height
2025,Morris Ugusuk,South Carolina,78220,6-4,"6'4""",76.0,74.2,"6'2""",-1.8,plays_shorter,74.2,"6'2""",-1.8,plays_shorter
2025,Arden Conyers,South Carolina,78222,6-7,"6'7""",79.0,74.65,"6'3""",-4.35,plays_shorter,74.65,"6'3""",-4.35,plays_shorter
2025,Jerrell Bellamy,Troy,78224,6-9,"6'9""",81.0,80.71,"6'9""",-0.29,plays_at_height,80.71,"6'9""",-0.29,plays_at_height
2025,Lazar Djokovic,Charleston,78226,6-10,"6'10""",82.0,81.77,"6'10""",-0.23,plays_at_height,81.77,"6'10""",-0.23,plays_at_height
2025,Aday Mara,UCLA,78229,7-3,"7'3""",87.0,87.55,"7'4""",0.55,plays_at_height,87.55,"7'4""",0.55,plays_at_height
2025,Kris Parker,Villanova,78230,6-8,"6'8""",80.0,78.17,"6'6""",-1.83,plays_shorter,78.17,"6'6""",-1.83,plays_shorter
2025,Jarin Stevenson,Alabama,78232,6-11,"6'11""",83.0,78.59,"6'7""",-4.41,plays_shorter,78.59,"6'7""",-4.41,plays_shorter
2025,Mouhamed Dioubate,Alabama,78233,6-7,"6'7""",79.0,82.29,"6'10""",3.29,plays_taller,82.29,"6'10""",3.29,plays_taller
2025,Sam Walters,Michigan,78235,6-10,"6'10""",82.0,76.84,"6'5""",-5.16,plays_shorter,76.84,"6'5""",-5.16,plays_shorter
2025,Christian Coleman,UAB,78238,6-8,"6'8""",80.0,81.78,"6'10""",1.78,plays_taller,81.78,"6'10""",1.78,plays_taller
2025,Money Williams,Montana,78241,6-4,"6'4""",76.0,76.44,"6'4""",0.44,plays_at_height,76.44,"6'4""",0.44,plays_at_height
2025,Levi Lawal,NJIT,78242,6-7,"6'7""",79.0,76.8,"6'5""",-2.2,plays_shorter,76.8,"6'5""",-2.2,plays_shorter
2025,Jan Vide,Loyola Marymount,78246,6-6,"6'6""",78.0,77.59,"6'6""",-0.41,plays_at_height,77.59,"6'6""",-0.41,plays_at_height
2025,Sam Wright,Colgate,78253,6-8,"6'8""",80.0,76.22,"6'4""",-3.78,plays_shorter,76.22,"6'4""",-3.78,plays_shorter
2025,Parker Jones,Colgate,78256,6-6,"6'6""",78.0,77.77,"6'6""",-0.23,plays_at_height,77.77,"6'6""",-0.23,plays_at_height
2025,Jalen Cox,Colgate,78257,6-3,"6'3""",75.0,76.3,"6'4""",1.3,plays_taller,76.3,"6'4""",1.3,plays_taller
2025,Braelon Green,Bowling Green,78262,6-3,"6'3""",75.0,76.29,"6'4""",1.29,plays_taller,76.29,"6'4""",1.29,plays_taller
2025,Sebastian Hartmann,Eastern Washington,78264,6-5,"6'5""",77.0,77.38,"6'5""",0.38,plays_at_height,77.38,"6'5""",0.38,plays_at_height
2025,Mason Williams,Eastern Washington,78265,6-5,"6'5""",77.0,75.56,"6'4""",-1.44,plays_shorter,75.56,"6'4""",-1.44,plays_shorter
2025,Vice Zanki,Eastern Washington,78271,6-8,"6'8""",80.0,76.79,"6'5""",-3.21,plays_shorter,76.79,"6'5""",-3.21,plays_shorter
2025,Emmett Marquardt,Eastern Washington,78272,6-9,"6'9""",81.0,78.45,"6'6""",-2.55,plays_shorter,78.45,"6'6""",-2.55,plays_shorter
2025,Zion Stanford,Temple,78273,6-5,"6'5""",77.0,77.73,"6'6""",0.73,plays_at_height,77.73,"6'6""",0.73,plays_at_height
2025,Kyle Layton,Tennessee Tech,78275,6-3,"6'3""",75.0,73.95,"6'2""",-1.05,plays_shorter,73.95,"6'2""",-1.05,plays_shorter
2025,Cade Phillips,Tennessee,78277,6-9,"6'9""",81.0,83.17,"6'11""",2.17,plays_taller,83.17,"6'11""",2.17,plays_taller
2025,Rueben Chinyelu,Florida,78281,6-11,"6'11""",83.0,82.43,"6'10""",-0.57,plays_at_height,82.43,"6'10""",-0.57,plays_at_height
2025,Christian King,Washington,78282,6-7,"6'7""",79.0,78.13,"6'6""",-0.87,plays_shorter,78.13,"6'6""",-0.87,plays_shorter
2025,Max Frazier,Central Connecticut,78283,6-9,"6'9""",81.0,82.31,"6'10""",1.31,plays_taller,82.31,"6'10""",1.31,plays_taller
2025,Michael Evbagharu,Central Arkansas,78285,6-4,"6'4""",76.0,76.41,"6'4""",0.41,plays_at_height,76.41,"6'4""",0.41,plays_at_height
2025,Tunde Vahlberg Fasasi,La Salle,78291,6-8,"6'8""",80.0,77.14,"6'5""",-2.86,plays_shorter,77.14,"6'5""",-2.86,plays_shorter
2025,Jamar Brown,UMKC,78292,6-5,"6'5""",77.0,78.37,"6'6""",1.37,plays_taller,78.37,"6'6""",1.37,plays_taller
2025,Louie Semona,Stonehill,78293,6-8,"6'8""",80.0,76.8,"6'5""",-3.2,plays_shorter,76.8,"6'5""",-3.2,plays_shorter
2025,Drew Fielder,Georgetown,78294,6-11,"6'11""",83.0,79.38,"6'7""",-3.62,plays_shorter,79.38,"6'7""",-3.62,plays_shorter
2025,Todd Brogna,Stonehill,78300,6-7,"6'7""",79.0,78.72,"6'7""",-0.28,plays_at_height,78.72,"6'7""",-0.28,plays_at_height
2025,Zvonimir Ivisic,Arkansas,78304,7-2,"7'2""",86.0,82.3,"6'10""",-3.7,plays_shorter,82.3,"6'10""",-3.7,plays_shorter
2025,"Orlando Horton, Jr.",Prairie View A&M,78314,5-8,"5'8""",68.0,74.93,"6'3""",6.93,plays_taller,74.93,"6'3""",6.93,plays_taller
2025,Dominique Daniels Jr.,Cal Baptist,78315,5-10,"5'10""",70.0,75.55,"6'4""",5.55,plays_taller,75.55,"6'4""",5.55,plays_taller
2025,Cayden Vasko,Central Michigan,78316,6-6,"6'6""",78.0,76.74,"6'5""",-1.26,plays_shorter,76.74,"6'5""",-1.26,plays_shorter
2025,Brooklyn Hicks,UNLV,78319,6-3,"6'3""",75.0,77.43,"6'5""",2.43,plays_taller,77.43,"6'5""",2.43,plays_taller
2025,Marqui Worthy,Massachusetts,78320,6-3,"6'3""",75.0,74.85,"6'3""",-0.15,plays_at_height,74.85,"6'3""",-0.15,plays_at_height
2025,Jayden Ndjigue,Massachusetts,78322,6-4,"6'4""",76.0,78.45,"6'6""",2.45,plays_taller,78.45,"6'6""",2.45,plays_taller
2025,Jacob Beccles,Cornell,78330,6-3,"6'3""",75.0,75.94,"6'4""",0.94,plays_taller,75.94,"6'4""",0.94,plays_taller
2025,Matthew Reed,Tulsa,78331,6-10,"6'10""",82.0,76.35,"6'4""",-5.65,plays_shorter,76.35,"6'4""",-5.65,plays_shorter
2025,Tayton Conerway,Troy,78339,6-3,"6'3""",75.0,78.26,"6'6""",3.26,plays_taller,78.26,"6'6""",3.26,plays_taller
2025,Tyshawn Archie,Tulsa,78340,6-0,"6'0""",72.0,75.5,"6'4""",3.5,plays_taller,75.5,"6'4""",3.5,plays_taller
2025,Chilaydrien Newton,Grambling St.,78342,6-3,"6'3""",75.0,76.79,"6'5""",1.79,plays_taller,76.79,"6'5""",1.79,plays_taller
2025,Mikale Stevenson,Grambling St.,78343,6-2,"6'2""",74.0,75.78,"6'4""",1.78,plays_taller,75.78,"6'4""",1.78,plays_taller
2025,Tom Beattie,Hawaii,78345,6-4,"6'4""",76.0,76.48,"6'4""",0.48,plays_at_height,76.48,"6'4""",0.48,plays_at_height
2025,Drew Steffe,Southern Illinois,78346,6-5,"6'5""",77.0,74.94,"6'3""",-2.06,plays_shorter,74.94,"6'3""",-2.06,plays_shorter
2025,Akira Jacobs,Hawaii,78347,6-9,"6'9""",81.0,76.84,"6'5""",-4.16,plays_shorter,76.84,"6'5""",-4.16,plays_shorter
2025,Mier Panoam,North Dakota,78348,6-2,"6'2""",74.0,78.56,"6'7""",4.56,plays_taller,78.56,"6'7""",4.56,plays_taller
2025,Eemeli Yalaho,Texas Tech,78349,6-8,"6'8""",80.0,78.56,"6'7""",-1.44,plays_shorter,78.56,"6'7""",-1.44,plays_shorter
2025,Myles Jenkins,Stephen F. Austin,78351,6-4,"6'4""",76.0,76.1,"6'4""",0.1,plays_at_height,76.1,"6'4""",0.1,plays_at_height
2025,KJ Debrick,Cleveland St.,78352,6-9,"6'9""",81.0,81.39,"6'9""",0.39,plays_at_height,81.39,"6'9""",0.39,plays_at_height
2025,Elijah Jones,Charleston,78353,6-7,"6'7""",79.0,79.0,"6'7""",-0.0,plays_at_height,79.0,"6'7""",-0.0,plays_at_height
2025,Rich Byhre,St. Thomas,78355,6-8,"6'8""",80.0,77.0,"6'5""",-3.0,plays_shorter,77.0,"6'5""",-3.0,plays_shorter
2025,Nasir DeGruy,Abilene Christian,78356,6-4,"6'4""",76.0,75.5,"6'3""",-0.5,plays_at_height,75.5,"6'3""",-0.5,plays_at_height
2025,Kavion McClain,Texas Southern,78357,5-10,"5'10""",70.0,75.27,"6'3""",5.27,plays_taller,75.27,"6'3""",5.27,plays_taller
2025,Tre'Von Spillers,Wake Forest,78359,6-7,"6'7""",79.0,81.68,"6'10""",2.68,plays_taller,81.68,"6'10""",2.68,plays_taller
2025,Randarius Jones,Troy,78363,6-7,"6'7""",79.0,80.16,"6'8""",1.16,plays_taller,80.16,"6'8""",1.16,plays_taller
2025,Evan Otten,Idaho St.,78365,6-11,"6'11""",83.0,82.6,"6'11""",-0.4,plays_at_height,82.6,"6'11""",-0.4,plays_at_height
2025,Chase Walker,Illinois St.,78368,6-9,"6'9""",81.0,80.46,"6'8""",-0.54,plays_at_height,80.46,"6'8""",-0.54,plays_at_height
2025,Sasa Ciani,Illinois Chicago,78373,6-9,"6'9""",81.0,81.64,"6'10""",0.64,plays_at_height,81.64,"6'10""",0.64,plays_at_height
2025,Ryan Bolton Jr.,Prairie View A&M,78376,6-11,"6'11""",83.0,80.82,"6'9""",-2.18,plays_shorter,80.82,"6'9""",-2.18,plays_shorter
2025,Junjie Wang,San Francisco,78377,6-9,"6'9""",81.0,77.62,"6'6""",-3.38,plays_shorter,77.62,"6'6""",-3.38,plays_shorter
2025,Isaac Harrell,Elon,78381,6-8,"6'8""",80.0,77.13,"6'5""",-2.87,plays_shorter,77.13,"6'5""",-2.87,plays_shorter
2025,Bryce Ford,Toledo,78385,6-2,"6'2""",74.0,75.08,"6'3""",1.08,plays_taller,75.08,"6'3""",1.08,plays_taller
2025,Kyson Rose,Idaho,78387,6-9,"6'9""",81.0,75.25,"6'3""",-5.75,plays_shorter,75.25,"6'3""",-5.75,plays_shorter
2025,Joey Hart,Ball St.,78390,6-5,"6'5""",77.0,76.07,"6'4""",-0.93,plays_shorter,76.07,"6'4""",-0.93,plays_shorter
2025,Jason Fontenet II,UC Santa Barbara,78393,6-6,"6'6""",78.0,78.05,"6'6""",0.05,plays_at_height,78.05,"6'6""",0.05,plays_at_height
2025,Augustus Gerhart,Penn,78394,6-9,"6'9""",81.0,79.32,"6'7""",-1.68,plays_shorter,79.32,"6'7""",-1.68,plays_shorter
2025,Sam Brown,Penn,78396,6-3,"6'3""",75.0,75.68,"6'4""",0.68,plays_at_height,75.68,"6'4""",0.68,plays_at_height
2025,Gavin Griffiths,Nebraska,78397,6-8,"6'8""",80.0,78.69,"6'7""",-1.31,plays_shorter,78.69,"6'7""",-1.31,plays_shorter
2025,Jamichael Davis,Rutgers,78398,6-1,"6'1""",73.0,76.42,"6'4""",3.42,plays_taller,76.42,"6'4""",3.42,plays_taller
2025,Niklas Polonowski,Penn,78399,6-6,"6'6""",78.0,74.14,"6'2""",-3.86,plays_shorter,74.14,"6'2""",-3.86,plays_shorter
2025,Mezziah Oakman,Portland,78401,7-0,"7'0""",84.0,76.86,"6'5""",-7.14,plays_shorter,76.86,"6'5""",-7.14,plays_shorter
2025,Emmanuel Ogbole,Rutgers,78403,6-10,"6'10""",82.0,80.36,"6'8""",-1.64,plays_shorter,80.36,"6'8""",-1.64,plays_shorter
2025,Amahrie Simpkins,Morgan St.,78404,6-4,"6'4""",76.0,77.59,"6'6""",1.59,plays_taller,77.59,"6'6""",1.59,plays_taller
2025,Demajion Topps,Morgan St.,78405,6-0,"6'0""",72.0,74.66,"6'3""",2.66,plays_taller,74.66,"6'3""",2.66,plays_taller
2025,Blaise Threatt,Weber St.,78406,6-3,"6'3""",75.0,77.64,"6'6""",2.64,plays_taller,77.64,"6'6""",2.64,plays_taller
2025,Daniel Akitoby,Morgan St.,78409,6-9,"6'9""",81.0,81.89,"6'10""",0.89,plays_taller,81.89,"6'10""",0.89,plays_taller
2025,Dylan Faulkner,Lipscomb,78410,6-9,"6'9""",81.0,83.21,"6'11""",2.21,plays_taller,83.21,"6'11""",2.21,plays_taller
2025,Colin Ruffin,Lindenwood,78412,6-4,"6'4""",76.0,76.29,"6'4""",0.29,plays_at_height,76.29,"6'4""",0.29,plays_at_height
2025,Michael Day,Evansville,78417,6-11,"6'11""",83.0,77.46,"6'5""",-5.54,plays_shorter,77.46,"6'5""",-5.54,plays_shorter
2025,Gui Tesch,Evansville,78419,6-9,"6'9""",81.0,75.89,"6'4""",-5.11,plays_shorter,75.89,"6'4""",-5.11,plays_shorter
2025,Julius Ellerbe III,Coppin St.,78422,6-7,"6'7""",79.0,77.13,"6'5""",-1.87,plays_shorter,77.13,"6'5""",-1.87,plays_shorter
2025,Ben Humrichous,Illinois,78423,6-9,"6'9""",81.0,77.24,"6'5""",-3.76,plays_shorter,77.24,"6'5""",-3.76,plays_shorter
2025,Sterling Young,Florida A&M,78425,6-1,"6'1""",73.0,74.41,"6'2""",1.41,plays_taller,74.41,"6'2""",1.41,plays_taller
2025,Jon Sanders,Northwestern St.,78431,6-2,"6'2""",74.0,74.25,"6'2""",0.25,plays_at_height,74.25,"6'2""",0.25,plays_at_height
2025,Lase Olalere,Charleston Southern,78433,6-10,"6'10""",82.0,78.06,"6'6""",-3.94,plays_shorter,78.06,"6'6""",-3.94,plays_shorter
2025,Trent Middleton Jr.,Delaware,78438,6-3,"6'3""",75.0,76.49,"6'4""",1.49,plays_taller,76.49,"6'4""",1.49,plays_taller
2025,Aa'reyon Munir-Jones,Coppin St.,78439,6-3,"6'3""",75.0,75.42,"6'3""",0.42,plays_at_height,75.42,"6'3""",0.42,plays_at_height
2025,Keynan Davis,The Citadel,78443,6-5,"6'5""",77.0,76.38,"6'4""",-0.62,plays_at_height,76.38,"6'4""",-0.62,plays_at_height
2025,Jizzle James,Cincinnati,78444,6-3,"6'3""",75.0,76.85,"6'5""",1.85,plays_taller,76.85,"6'5""",1.85,plays_taller
2025,Mayar Wol,Eastern Kentucky,78446,6-8,"6'8""",80.0,77.2,"6'5""",-2.8,plays_shorter,77.2,"6'5""",-2.8,plays_shorter
2025,James Scott,Louisville,78447,6-11,"6'11""",83.0,84.29,"7'0""",1.29,plays_taller,84.29,"7'0""",1.29,plays_taller
2025,Christian Moore,The Citadel,78449,6-6,"6'6""",78.0,74.97,"6'3""",-3.03,plays_shorter,74.97,"6'3""",-3.03,plays_shorter
2025,Rahmir Barno,Florida Gulf Coast,78453,6-0,"6'0""",72.0,75.86,"6'4""",3.86,plays_taller,75.86,"6'4""",3.86,plays_taller
2025,Donovan Draper,Navy,78455,6-4,"6'4""",76.0,78.93,"6'7""",2.93,plays_taller,78.93,"6'7""",2.93,plays_taller
2025,Deywilk Tavarez,Charleston,78456,6-2,"6'2""",74.0,74.88,"6'3""",0.88,plays_taller,74.88,"6'3""",0.88,plays_taller
2025,Trevor Smith,Hampton,78457,6-0,"6'0""",72.0,74.27,"6'2""",2.27,plays_taller,74.27,"6'2""",2.27,plays_taller
2025,Jaylen Crocker-Johnson,Colorado St.,78458,6-8,"6'8""",80.0,79.66,"6'8""",-0.34,plays_at_height,79.66,"6'8""",-0.34,plays_at_height
2025,Noah Amenhauser,Coastal Carolina,78459,7-2,"7'2""",86.0,81.12,"6'9""",-4.88,plays_shorter,81.12,"6'9""",-4.88,plays_shorter
2025,Cooper Bowser,Furman,78463,6-11,"6'11""",83.0,82.66,"6'11""",-0.34,plays_at_height,82.66,"6'11""",-0.34,plays_at_height
2025,Nick Dorn,Elon,78464,6-7,"6'7""",79.0,75.5,"6'4""",-3.5,plays_shorter,75.5,"6'4""",-3.5,plays_shorter
2025,Kaden Gumbs,Texas St.,78465,6-2,"6'2""",74.0,76.19,"6'4""",2.19,plays_taller,76.19,"6'4""",2.19,plays_taller
2025,Ryan Beasley,San Francisco,78467,5-11,"5'11""",71.0,75.37,"6'3""",4.37,plays_taller,75.37,"6'3""",4.37,plays_taller
2025,Grant Gondrezick II,Detroit Mercy,78468,6-0,"6'0""",72.0,73.93,"6'2""",1.93,plays_taller,73.93,"6'2""",1.93,plays_taller
2025,Aidan Burke,UC San Diego,78469,6-3,"6'3""",75.0,75.09,"6'3""",0.09,plays_at_height,75.09,"6'3""",0.09,plays_at_height
2025,Sebastian Mack,UCLA,78470,6-3,"6'3""",75.0,76.93,"6'5""",1.93,plays_taller,76.93,"6'5""",1.93,plays_taller
2025,Kintavious Dozier,Grambling St.,78478,6-1,"6'1""",73.0,76.24,"6'4""",3.24,plays_taller,76.24,"6'4""",3.24,plays_taller
2025,DQ Cole,Oakland,78482,6-3,"6'3""",75.0,75.72,"6'4""",0.72,plays_at_height,75.72,"6'4""",0.72,plays_at_height
2025,Tuburu Naivalurua,Oakland,78483,6-6,"6'6""",78.0,80.51,"6'9""",2.51,plays_taller,80.51,"6'9""",2.51,plays_taller
2025,Kobe Newton,Wyoming,78484,6-2,"6'2""",74.0,74.66,"6'3""",0.66,plays_at_height,74.66,"6'3""",0.66,plays_at_height
2025,Nathan Johnson Jr.,Lindenwood,78489,6-3,"6'3""",75.0,76.3,"6'4""",1.3,plays_taller,76.3,"6'4""",1.3,plays_taller
2025,Isaac Ondekane,Nebraska Omaha,78490,6-8,"6'8""",80.0,79.22,"6'7""",-0.78,plays_shorter,79.22,"6'7""",-0.78,plays_shorter
2025,Bradley Douglas,Georgia Southern,78492,6-1,"6'1""",73.0,76.73,"6'5""",3.73,plays_taller,76.73,"6'5""",3.73,plays_taller
2025,Jaylon McDaniel,Lindenwood,78495,6-7,"6'7""",79.0,77.98,"6'6""",-1.02,plays_shorter,77.98,"6'6""",-1.02,plays_shorter
2025,Johan Nziemi,Longwood,78497,6-6,"6'6""",78.0,80.99,"6'9""",2.99,plays_taller,80.99,"6'9""",2.99,plays_taller
2025,Michael Imariagbe,Wright St.,78498,6-7,"6'7""",79.0,80.4,"6'8""",1.4,plays_taller,80.4,"6'8""",1.4,plays_taller
2025,Jazz Gardner,Pacific,78502,7-0,"7'0""",84.0,79.19,"6'7""",-4.81,plays_shorter,79.19,"6'7""",-4.81,plays_shorter
2025,Tru Washington,New Mexico,78503,6-4,"6'4""",76.0,77.89,"6'6""",1.89,plays_taller,77.89,"6'6""",1.89,plays_taller
2025,Tyler Rolison,Nevada,78505,6-0,"6'0""",72.0,75.77,"6'4""",3.77,plays_taller,75.77,"6'4""",3.77,plays_taller
2025,JT Toppin,Texas Tech,78506,6-9,"6'9""",81.0,83.02,"6'11""",2.02,plays_taller,83.02,"6'11""",2.02,plays_taller
2025,Kendall Hailey,Army,78513,6-3,"6'3""",75.0,74.74,"6'3""",-0.26,plays_at_height,74.74,"6'3""",-0.26,plays_at_height
2025,Ryan Curry,Army,78515,6-0,"6'0""",72.0,75.22,"6'3""",3.22,plays_taller,75.22,"6'3""",3.22,plays_taller
2025,Markell Petro,Mississippi Valley St.,78517,6-3,"6'3""",75.0,73.48,"6'1""",-1.52,plays_shorter,73.48,"6'1""",-1.52,plays_shorter
2025,Tate Laczkowski,Army,78518,6-8,"6'8""",80.0,79.0,"6'7""",-1.0,plays_shorter,79.0,"6'7""",-1.0,plays_shorter
2025,Amani Hansberry,West Virginia,78520,6-8,"6'8""",80.0,79.54,"6'8""",-0.46,plays_at_height,79.54,"6'8""",-0.46,plays_at_height
2025,Bobby Rosenberger,Saint Francis,78521,6-5,"6'5""",77.0,75.97,"6'4""",-1.03,plays_shorter,75.97,"6'4""",-1.03,plays_shorter
2025,Magoon Gwath,San Diego St.,78523,7-0,"7'0""",84.0,83.19,"6'11""",-0.81,plays_shorter,83.19,"6'11""",-0.81,plays_shorter
2025,Dian Wright-Forde,Texas A&M Corpus Chris,78528,6-3,"6'3""",75.0,75.81,"6'4""",0.81,plays_taller,75.81,"6'4""",0.81,plays_taller
2025,"Teddy Washington, Jr.",Southeast Missouri St.,78532,6-2,"6'2""",74.0,77.32,"6'5""",3.32,plays_taller,77.32,"6'5""",3.32,plays_taller
2025,Christian Villegas,Texas A&M Corpus Chris,78533,6-2,"6'2""",74.0,75.59,"6'4""",1.59,plays_taller,75.59,"6'4""",1.59,plays_taller
2025,Kam Parker,Texas A&M Corpus Chris,78534,6-2,"6'2""",74.0,75.8,"6'4""",1.8,plays_taller,75.8,"6'4""",1.8,plays_taller
2025,Shilo Jackson,Texas A&M Corpus Chris,78535,6-9,"6'9""",81.0,80.2,"6'8""",-0.8,plays_shorter,80.2,"6'8""",-0.8,plays_shorter
2025,Brian Goracke,Montana St.,78538,6-5,"6'5""",77.0,76.31,"6'4""",-0.69,plays_at_height,76.31,"6'4""",-0.69,plays_at_height
2025,Aaron Franklin,Milwaukee,78539,6-5,"6'5""",77.0,77.03,"6'5""",0.03,plays_at_height,77.03,"6'5""",0.03,plays_at_height
2025,Darius Duffy,Milwaukee,78540,6-8,"6'8""",80.0,80.46,"6'8""",0.46,plays_at_height,80.46,"6'8""",0.46,plays_at_height
2025,Jonathan Pierre,Belmont,78544,6-9,"6'9""",81.0,78.1,"6'6""",-2.9,plays_shorter,78.1,"6'6""",-2.9,plays_shorter
2025,Devon Ellis,Valparaiso,78545,6-7,"6'7""",79.0,77.86,"6'6""",-1.14,plays_shorter,77.86,"6'6""",-1.14,plays_shorter
2025,Tyler Mack,Alabama St.,78546,6-5,"6'5""",77.0,75.44,"6'3""",-1.56,plays_shorter,75.44,"6'3""",-1.56,plays_shorter
2025,Egan Shields,Northern Colorado,78547,6-10,"6'10""",82.0,77.87,"6'6""",-4.13,plays_shorter,77.87,"6'6""",-4.13,plays_shorter
2025,Jaylen Smith,North Florida,78548,5-11,"5'11""",71.0,74.22,"6'2""",3.22,plays_taller,74.22,"6'2""",3.22,plays_taller
2025,Mason Lee,North Florida,78550,6-7,"6'7""",79.0,74.98,"6'3""",-4.02,plays_shorter,74.98,"6'3""",-4.02,plays_shorter
2025,Jasai Miles,North Florida,78552,6-6,"6'6""",78.0,77.89,"6'6""",-0.11,plays_at_height,77.89,"6'6""",-0.11,plays_at_height
2025,Darik Dissette,North Dakota St.,78555,6-4,"6'4""",76.0,78.07,"6'6""",2.07,plays_taller,78.07,"6'6""",2.07,plays_taller
2025,Brandon McCreesh,Bucknell,78559,6-4,"6'4""",76.0,76.3,"6'4""",0.3,plays_at_height,76.3,"6'4""",0.3,plays_at_height
2025,Myles Che,UC Irvine,78560,6-2,"6'2""",74.0,74.97,"6'3""",0.97,plays_taller,74.97,"6'3""",0.97,plays_taller
2025,Tylen Riley,Cal Baptist,78563,6-3,"6'3""",75.0,76.29,"6'4""",1.29,plays_taller,76.29,"6'4""",1.29,plays_taller
2025,Andre Nunley,Southern,78565,5-10,"5'10""",70.0,75.84,"6'4""",5.84,plays_taller,75.84,"6'4""",5.84,plays_taller
2025,Tyler Perkins,Villanova,78571,6-4,"6'4""",76.0,76.53,"6'5""",0.53,plays_at_height,76.53,"6'5""",0.53,plays_at_height
2025,Jay Alvarez,Rider,78575,6-5,"6'5""",77.0,76.49,"6'4""",-0.51,plays_at_height,76.49,"6'4""",-0.51,plays_at_height
2025,Elliot Cadeau,North Carolina,78589,6-1,"6'1""",73.0,76.4,"6'4""",3.4,plays_taller,76.4,"6'4""",3.4,plays_taller
2025,Nasir Whitlock,Lehigh,78590,6-2,"6'2""",74.0,74.69,"6'3""",0.69,plays_at_height,74.69,"6'3""",0.69,plays_at_height
2025,Jelani Hamilton,Georgia St.,78591,6-6,"6'6""",78.0,76.09,"6'4""",-1.91,plays_shorter,76.09,"6'4""",-1.91,plays_shorter
2025,Alex Bates IV,Stonehill,78593,6-5,"6'5""",77.0,75.77,"6'4""",-1.23,plays_shorter,75.77,"6'4""",-1.23,plays_shorter
2025,Vasean Allette,TCU,78598,6-2,"6'2""",74.0,77.39,"6'5""",3.39,plays_taller,77.39,"6'5""",3.39,plays_taller
2025,Austin Parks,Ohio St.,78600,6-10,"6'10""",82.0,76.96,"6'5""",-5.04,plays_shorter,76.96,"6'5""",-5.04,plays_shorter
2025,Eric Dailey Jr.,UCLA,78601,6-8,"6'8""",80.0,78.54,"6'7""",-1.46,plays_shorter,78.54,"6'7""",-1.46,plays_shorter
2025,Kaden Cooper,Louisiana Tech,78602,6-5,"6'5""",77.0,80.36,"6'8""",3.36,plays_taller,80.36,"6'8""",3.36,plays_taller
2025,Jamyron Keller,Oklahoma St.,78603,6-3,"6'3""",75.0,76.35,"6'4""",1.35,plays_taller,76.35,"6'4""",1.35,plays_taller
2025,Connor Dow,Oklahoma St.,78604,6-6,"6'6""",78.0,76.44,"6'4""",-1.56,plays_shorter,76.44,"6'4""",-1.56,plays_shorter
2025,Brandon Garrison,Kentucky,78605,6-10,"6'10""",82.0,80.46,"6'8""",-1.54,plays_shorter,80.46,"6'8""",-1.54,plays_shorter
2025,Justin McBride,Nevada,78606,6-7,"6'7""",79.0,79.45,"6'7""",0.45,plays_at_height,79.45,"6'7""",0.45,plays_at_height
2025,Mayuom Buom,South Dakota,78607,6-10,"6'10""",82.0,77.77,"6'6""",-4.23,plays_shorter,77.77,"6'6""",-4.23,plays_shorter
2025,PJ Hayes,Rutgers,78608,6-6,"6'6""",78.0,74.89,"6'3""",-3.11,plays_shorter,74.89,"6'3""",-3.11,plays_shorter
2025,Ben Fox,Central Arkansas,78609,6-5,"6'5""",77.0,75.26,"6'3""",-1.74,plays_shorter,75.26,"6'3""",-1.74,plays_shorter
2025,Quentin Jones,Northern Illinois,78610,6-5,"6'5""",77.0,77.17,"6'5""",0.17,plays_at_height,77.17,"6'5""",0.17,plays_at_height
2025,Justin Page,Niagara,78611,6-5,"6'5""",77.0,75.16,"6'3""",-1.84,plays_shorter,75.16,"6'3""",-1.84,plays_shorter
2025,Colby Duggan,Campbell,78613,6-7,"6'7""",79.0,77.15,"6'5""",-1.85,plays_shorter,77.15,"6'5""",-1.85,plays_shorter
2025,Dylan Mclean,Alabama A&M,78615,6-4,"6'4""",76.0,74.07,"6'2""",-1.93,plays_shorter,74.07,"6'2""",-1.93,plays_shorter
2025,Clance Crosby,Alabama A&M,78616,6-9,"6'9""",81.0,79.06,"6'7""",-1.94,plays_shorter,79.06,"6'7""",-1.94,plays_shorter
2025,Travis Gray,FIU,78620,6-5,"6'5""",77.0,77.37,"6'5""",0.37,plays_at_height,77.37,"6'5""",0.37,plays_at_height
2025,Camian Shell,North Carolina A&T,78625,5-10,"5'10""",70.0,74.26,"6'2""",4.26,plays_taller,74.26,"6'2""",4.26,plays_taller
2025,Jackson Holcombe,Utah Valley,78626,6-7,"6'7""",79.0,80.13,"6'8""",1.13,plays_taller,80.13,"6'8""",1.13,plays_taller
2025,Karson Templin,Utah St.,78627,6-8,"6'8""",80.0,81.5,"6'10""",1.5,plays_taller,81.5,"6'10""",1.5,plays_taller
2025,Aric Demings,Monmouth,78628,6-0,"6'0""",72.0,74.42,"6'2""",2.42,plays_taller,74.42,"6'2""",2.42,plays_taller
2025,Tennessee Rainwater,Utah Tech,78630,6-6,"6'6""",78.0,78.06,"6'6""",0.06,plays_at_height,78.06,"6'6""",0.06,plays_at_height
2025,Peyton Smith,Fairfield,78634,6-10,"6'10""",82.0,78.98,"6'7""",-3.02,plays_shorter,78.98,"6'7""",-3.02,plays_shorter
2025,Nate Kingz,Oregon St.,78635,6-5,"6'5""",77.0,76.68,"6'5""",-0.32,plays_at_height,76.68,"6'5""",-0.32,plays_at_height
2025,Evan Phelps,East Texas A&M,78636,6-0,"6'0""",72.0,74.53,"6'3""",2.53,plays_taller,74.53,"6'3""",2.53,plays_taller
2025,KC Ugwuakazi,East Texas A&M,78637,6-8,"6'8""",80.0,80.32,"6'8""",0.32,plays_at_height,80.32,"6'8""",0.32,plays_at_height
2025,Jahmere Tripp,Fordham,78638,6-6,"6'6""",78.0,77.71,"6'6""",-0.29,plays_at_height,77.71,"6'6""",-0.29,plays_at_height
2025,Jason Edwards,Vanderbilt,78641,6-0,"6'0""",72.0,74.73,"6'3""",2.73,plays_taller,74.73,"6'3""",2.73,plays_taller
2025,Johnny Kinziger,Illinois St.,78642,5-11,"5'11""",71.0,75.56,"6'4""",4.56,plays_taller,75.56,"6'4""",4.56,plays_taller
2025,Ty Pence,Illinois St.,78643,6-6,"6'6""",78.0,78.02,"6'6""",0.02,plays_at_height,78.02,"6'6""",0.02,plays_at_height
2025,Dra Gibbs-Lawhorn,Illinois,78644,6-1,"6'1""",73.0,76.81,"6'5""",3.81,plays_taller,76.81,"6'5""",3.81,plays_taller
2025,Miles Klapper,Idaho,78645,6-3,"6'3""",75.0,76.39,"6'4""",1.39,plays_taller,76.39,"6'4""",1.39,plays_taller
2025,Takai Hardy,Idaho,78646,6-7,"6'7""",79.0,76.37,"6'4""",-2.63,plays_shorter,76.37,"6'4""",-2.63,plays_shorter
2025,Kristian Gonzalez,Idaho,78647,6-3,"6'3""",75.0,76.04,"6'4""",1.04,plays_taller,76.04,"6'4""",1.04,plays_taller
2025,Cam Estevez,Rhode Island,78648,6-3,"6'3""",75.0,73.85,"6'2""",-1.15,plays_shorter,73.85,"6'2""",-1.15,plays_shorter
2025,Josiah Lake II,Oregon St.,78651,6-2,"6'2""",74.0,77.55,"6'6""",3.55,plays_taller,77.55,"6'6""",3.55,plays_taller
2025,David Fuchs,Rhode Island,78654,6-9,"6'9""",81.0,82.02,"6'10""",1.02,plays_taller,82.02,"6'10""",1.02,plays_taller
2025,Connor Dubsky,UNC Asheville,78655,6-4,"6'4""",76.0,72.59,"6'1""",-3.41,plays_shorter,72.59,"6'1""",-3.41,plays_shorter
2025,Nils Cooper,UC Davis,78656,6-6,"6'6""",78.0,79.13,"6'7""",1.13,plays_taller,79.13,"6'7""",1.13,plays_taller
2025,Bragi Gudmundsson,Campbell,78657,6-5,"6'5""",77.0,76.98,"6'5""",-0.02,plays_at_height,76.98,"6'5""",-0.02,plays_at_height
2025,Obadiah Curtis,Eastern Illinois,78658,6-5,"6'5""",77.0,77.46,"6'5""",0.46,plays_at_height,77.46,"6'5""",0.46,plays_at_height
2025,Misha Bednostin,Lafayette,78659,6-11,"6'11""",83.0,80.03,"6'8""",-2.97,plays_shorter,80.03,"6'8""",-2.97,plays_shorter
2025,Davion Bailey,Incarnate Word,78660,6-4,"6'4""",76.0,75.24,"6'3""",-0.76,plays_shorter,75.24,"6'3""",-0.76,plays_shorter
2025,Chaney Johnson,Auburn,78661,6-7,"6'7""",79.0,80.36,"6'8""",1.36,plays_taller,80.36,"6'8""",1.36,plays_taller
2025,Juslin Bodo Bodo,High Point,78663,7-0,"7'0""",84.0,84.73,"7'1""",0.73,plays_at_height,84.73,"7'1""",0.73,plays_at_height
2025,Porter Bazil,Houston Christian,78664,6-7,"6'7""",79.0,77.83,"6'6""",-1.17,plays_shorter,77.83,"6'6""",-1.17,plays_shorter
2025,A.J. Wills,Wyoming,78665,6-2,"6'2""",74.0,74.05,"6'2""",0.05,plays_at_height,74.05,"6'2""",0.05,plays_at_height
2025,Matt Mayock,American,78668,6-7,"6'7""",79.0,76.51,"6'5""",-2.49,plays_shorter,76.51,"6'5""",-2.49,plays_shorter
2025,Joey Chammaa,San Diego,78669,5-11,"5'11""",71.0,74.11,"6'2""",3.11,plays_taller,74.11,"6'2""",3.11,plays_taller
2025,Greg Jones,American,78671,6-6,"6'6""",78.0,77.4,"6'5""",-0.6,plays_at_height,77.4,"6'5""",-0.6,plays_at_height
2025,Jimmy Oladokun Jr.,Rice,78674,6-9,"6'9""",81.0,79.25,"6'7""",-1.75,plays_shorter,79.25,"6'7""",-1.75,plays_shorter
2025,Aden Holloway,Alabama,78677,6-1,"6'1""",73.0,74.62,"6'3""",1.62,plays_taller,74.62,"6'3""",1.62,plays_taller
2025,Nikolaos Chitikoudis,North Carolina A&T,78678,6-6,"6'6""",78.0,81.88,"6'10""",3.88,plays_taller,81.88,"6'10""",3.88,plays_taller
2025,Jaylen Wysinger,Texas Southern,78681,6-0,"6'0""",72.0,75.9,"6'4""",3.9,plays_taller,75.9,"6'4""",3.9,plays_taller
2025,Miro Little,Utah,78686,6-4,"6'4""",76.0,77.29,"6'5""",1.29,plays_taller,77.29,"6'5""",1.29,plays_taller
2025,Daniel Loos,Austin Peay,78687,6-6,"6'6""",78.0,78.15,"6'6""",0.15,plays_at_height,78.15,"6'6""",0.15,plays_at_height
2025,Jensen Bradtke,Montana,78692,6-10,"6'10""",82.0,75.61,"6'4""",-6.39,plays_shorter,75.61,"6'4""",-6.39,plays_shorter
2025,Kenyon Goodin,Bellarmine,78693,6-3,"6'3""",75.0,75.88,"6'4""",0.88,plays_taller,75.88,"6'4""",0.88,plays_taller
2025,Finley Sheridan,Stetson,78696,6-10,"6'10""",82.0,77.91,"6'6""",-4.09,plays_shorter,77.91,"6'6""",-4.09,plays_shorter
2025,Yaxel Lendeborg,UAB,78699,6-9,"6'9""",81.0,82.86,"6'11""",1.86,plays_taller,82.86,"6'11""",1.86,plays_taller
2025,Carlous Williams,Tennessee St.,78700,6-5,"6'5""",77.0,79.02,"6'7""",2.02,plays_taller,79.02,"6'7""",2.02,plays_taller
2025,Jaylen Searles,Nicholls St.,78701,6-8,"6'8""",80.0,77.6,"6'6""",-2.4,plays_shorter,77.6,"6'6""",-2.4,plays_shorter
2025,Ethan Pickett,Illinois Chicago,78702,6-4,"6'4""",76.0,77.26,"6'5""",1.26,plays_taller,77.26,"6'5""",1.26,plays_taller
2025,Kalifa Sakho,Sam Houston St.,78703,6-11,"6'11""",83.0,83.27,"6'11""",0.27,plays_at_height,83.27,"6'11""",0.27,plays_at_height
2025,Hamed Olayinka,Samford,78704,6-9,"6'9""",81.0,83.9,"7'0""",2.9,plays_taller,83.9,"7'0""",2.9,plays_taller
2025,Michael McNair,Boston University,78705,6-5,"6'5""",77.0,75.78,"6'4""",-1.22,plays_shorter,75.78,"6'4""",-1.22,plays_shorter
2025,David Simon,San Diego,78708,6-11,"6'11""",83.0,78.74,"6'7""",-4.26,plays_shorter,78.74,"6'7""",-4.26,plays_shorter
2025,Marcus Hall,Green Bay,78710,6-6,"6'6""",78.0,76.66,"6'5""",-1.34,plays_shorter,76.66,"6'5""",-1.34,plays_shorter
2025,Andrew Phillips,Lafayette,78713,6-4,"6'4""",76.0,76.1,"6'4""",0.1,plays_at_height,76.1,"6'4""",0.1,plays_at_height
2025,Mark Butler,Lafayette,78714,5-10,"5'10""",70.0,75.34,"6'3""",5.34,plays_taller,75.34,"6'3""",5.34,plays_taller
2025,Joshua Wyche,Lafayette,78715,6-7,"6'7""",79.0,75.57,"6'4""",-3.43,plays_shorter,75.57,"6'4""",-3.43,plays_shorter
2025,Jameel Morris,Fairleigh Dickinson,78717,6-1,"6'1""",73.0,76.0,"6'4""",3.0,plays_taller,76.0,"6'4""",3.0,plays_taller
2025,Taylor Bol Bowen,Florida St.,78718,6-10,"6'10""",82.0,80.54,"6'9""",-1.46,plays_shorter,80.54,"6'9""",-1.46,plays_shorter
2025,Rich Barron,Providence,78719,6-5,"6'5""",77.0,75.43,"6'3""",-1.57,plays_shorter,75.43,"6'3""",-1.57,plays_shorter
2025,Garwey Dual,Seton Hall,78720,6-5,"6'5""",77.0,77.18,"6'5""",0.18,plays_at_height,77.18,"6'5""",0.18,plays_at_height
2025,Carl Parrish,Presbyterian,78721,6-3,"6'3""",75.0,76.25,"6'4""",1.25,plays_taller,76.25,"6'4""",1.25,plays_taller
2025,Kory Mincy,Presbyterian,78722,6-2,"6'2""",74.0,74.57,"6'3""",0.57,plays_at_height,74.57,"6'3""",0.57,plays_at_height
2025,Tyler Harris,Washington,78725,6-8,"6'8""",80.0,78.58,"6'7""",-1.42,plays_shorter,78.58,"6'7""",-1.42,plays_shorter
2025,Kelcy Phipps,Portland St.,78727,6-2,"6'2""",74.0,75.78,"6'4""",1.78,plays_taller,75.78,"6'4""",1.78,plays_taller
2025,Day Day Thomas,Cincinnati,78733,6-1,"6'1""",73.0,75.89,"6'4""",2.89,plays_taller,75.89,"6'4""",2.89,plays_taller
2025,Karon Boyd,East Tennessee St.,78734,6-5,"6'5""",77.0,79.33,"6'7""",2.33,plays_taller,79.33,"6'7""",2.33,plays_taller
2025,Jayden Barrs,Lamar,78741,6-1,"6'1""",73.0,75.76,"6'4""",2.76,plays_taller,75.76,"6'4""",2.76,plays_taller
2025,Chris Lockett,Boise St.,78742,6-4,"6'4""",76.0,75.0,"6'3""",-1.0,plays_shorter,75.0,"6'3""",-1.0,plays_shorter
2025,Grant Whitaker,Bellarmine,78747,6-4,"6'4""",76.0,75.05,"6'3""",-0.95,plays_shorter,75.05,"6'3""",-0.95,plays_shorter
2025,Chandler Cuthrell,Purdue Fort Wayne,78752,6-8,"6'8""",80.0,80.42,"6'8""",0.42,plays_at_height,80.42,"6'8""",0.42,plays_at_height
2025,Corey Camper Jr.,UTEP,78753,6-5,"6'5""",77.0,76.8,"6'5""",-0.2,plays_at_height,76.8,"6'5""",-0.2,plays_at_height
2025,Saliou Seye,Alabama A&M,78754,7-0,"7'0""",84.0,80.19,"6'8""",-3.81,plays_shorter,80.19,"6'8""",-3.81,plays_shorter
2025,Rodney Johnson Jr.,Tennessee Tech,78755,6-5,"6'5""",77.0,77.76,"6'6""",0.76,plays_taller,77.76,"6'6""",0.76,plays_taller
2025,Hasan Abdul Hakim,UT Rio Grande Valley,78759,6-8,"6'8""",80.0,78.48,"6'6""",-1.52,plays_shorter,78.48,"6'6""",-1.52,plays_shorter
2025,Djordje Curcic,Charleston,78763,6-2,"6'2""",74.0,74.29,"6'2""",0.29,plays_at_height,74.29,"6'2""",0.29,plays_at_height
2025,Abou Magassa,Wyoming,78764,6-7,"6'7""",79.0,80.93,"6'9""",1.93,plays_taller,80.93,"6'9""",1.93,plays_taller
2025,Dasear Haskins,Saint Joseph's,78765,6-8,"6'8""",80.0,78.13,"6'6""",-1.87,plays_shorter,78.13,"6'6""",-1.87,plays_shorter
2025,Cian Medley,Kent St.,78766,5-11,"5'11""",71.0,74.83,"6'3""",3.83,plays_taller,74.83,"6'3""",3.83,plays_taller
2025,Xzayvier Brown,Saint Joseph's,78767,6-2,"6'2""",74.0,76.06,"6'4""",2.06,plays_taller,76.06,"6'4""",2.06,plays_taller
2025,Anthony Finkley,Saint Joseph's,78768,6-6,"6'6""",78.0,76.36,"6'4""",-1.64,plays_shorter,76.36,"6'4""",-1.64,plays_shorter
2025,Tsvet Sotirov,Northern Illinois,78769,6-9,"6'9""",81.0,75.06,"6'3""",-5.94,plays_shorter,75.06,"6'3""",-5.94,plays_shorter
2025,Mike Williams III,LSU,78775,6-3,"6'3""",75.0,75.9,"6'4""",0.9,plays_taller,75.9,"6'4""",0.9,plays_taller
2025,Parker Friedrichsen,Wake Forest,78778,6-3,"6'3""",75.0,75.01,"6'3""",0.01,plays_at_height,75.01,"6'3""",0.01,plays_at_height
2025,Brandon Rechsteiner,Virginia Tech,78779,6-1,"6'1""",73.0,73.42,"6'1""",0.42,plays_at_height,73.42,"6'1""",0.42,plays_at_height
2025,Corey Chest,LSU,78780,6-8,"6'8""",80.0,83.23,"6'11""",3.23,plays_taller,83.23,"6'11""",3.23,plays_taller
2025,Jaydon Young,Virginia Tech,78781,6-4,"6'4""",76.0,74.93,"6'3""",-1.07,plays_shorter,74.93,"6'3""",-1.07,plays_shorter
2025,Malik Olafioye,Eastern Illinois,78782,6-2,"6'2""",74.0,75.75,"6'4""",1.75,plays_taller,75.75,"6'4""",1.75,plays_taller
2025,Trent Johnson,Houston Christian,78785,6-6,"6'6""",78.0,78.23,"6'6""",0.23,plays_at_height,78.23,"6'6""",0.23,plays_at_height
2025,Ja'Derryus Eatmon,Florida A&M,78787,6-10,"6'10""",82.0,79.7,"6'8""",-2.3,plays_shorter,79.7,"6'8""",-2.3,plays_shorter
2025,PJay Smith,Furman,78789,6-0,"6'0""",72.0,75.55,"6'4""",3.55,plays_taller,75.55,"6'4""",3.55,plays_taller
2025,Eric Parnell,Hofstra,78790,6-3,"6'3""",75.0,75.5,"6'4""",0.5,plays_at_height,75.5,"6'4""",0.5,plays_at_height
2025,Isaiah Griffin,Idaho St.,78792,6-6,"6'6""",78.0,76.05,"6'4""",-1.95,plays_shorter,76.05,"6'4""",-1.95,plays_shorter
2025,Kiree Huie,Miami FL,78793,6-9,"6'9""",81.0,77.4,"6'5""",-3.6,plays_shorter,77.4,"6'5""",-3.6,plays_shorter
2025,Izzy Miles,Tarleton St.,78797,6-2,"6'2""",74.0,77.11,"6'5""",3.11,plays_taller,77.11,"6'5""",3.11,plays_taller
2025,Emmanuel Innocenti,Gonzaga,78798,6-5,"6'5""",77.0,77.15,"6'5""",0.15,plays_at_height,77.15,"6'5""",0.15,plays_at_height
2025,Bubu Benjamin,Tarleton St.,78799,6-7,"6'7""",79.0,77.68,"6'6""",-1.32,plays_shorter,77.68,"6'6""",-1.32,plays_shorter
2025,Chase Forte,South Dakota,78800,6-4,"6'4""",76.0,77.96,"6'6""",1.96,plays_taller,77.96,"6'6""",1.96,plays_taller
2025,Tyreese Watson,Louisiana Monroe,78801,6-4,"6'4""",76.0,75.66,"6'4""",-0.34,plays_at_height,75.66,"6'4""",-0.34,plays_at_height
2025,Sean Smith,Western Illinois,78804,6-3,"6'3""",75.0,76.3,"6'4""",1.3,plays_taller,76.3,"6'4""",1.3,plays_taller
2025,Ubong Okon,Alabama St.,78805,7-1,"7'1""",85.0,80.14,"6'8""",-4.86,plays_shorter,80.14,"6'8""",-4.86,plays_shorter
2025,Micah Octave,Alabama St.,78807,6-5,"6'5""",77.0,77.88,"6'6""",0.88,plays_taller,77.88,"6'6""",0.88,plays_taller
2025,CJ Hines,Alabama St.,78808,6-2,"6'2""",74.0,74.99,"6'3""",0.99,plays_taller,74.99,"6'3""",0.99,plays_taller
2025,Brentay Noel,Southern,78810,6-10,"6'10""",82.0,83.48,"6'11""",1.48,plays_taller,83.48,"6'11""",1.48,plays_taller
2025,Chris Mubiru,Northwestern St.,78812,6-5,"6'5""",77.0,76.4,"6'4""",-0.6,plays_at_height,76.4,"6'4""",-0.6,plays_at_height
2025,Michael Wilson,Sacramento St.,78814,6-2,"6'2""",74.0,75.81,"6'4""",1.81,plays_taller,75.81,"6'4""",1.81,plays_taller
2025,Baye Ndongo,Georgia Tech,78815,6-9,"6'9""",81.0,82.33,"6'10""",1.33,plays_taller,82.33,"6'10""",1.33,plays_taller
2025,Darryl Simmons II,Gardner Webb,78816,5-10,"5'10""",70.0,74.75,"6'3""",4.75,plays_taller,74.75,"6'3""",4.75,plays_taller
2025,Eddrin Bronson,Furman,78818,6-4,"6'4""",76.0,74.29,"6'2""",-1.71,plays_shorter,74.29,"6'2""",-1.71,plays_shorter
2025,Ronald Jessamy,Tennessee St.,78820,6-8,"6'8""",80.0,82.96,"6'11""",2.96,plays_taller,82.96,"6'11""",2.96,plays_taller
2025,Dallas Hobbs,Mount St. Mary's,78826,6-1,"6'1""",73.0,75.12,"6'3""",2.12,plays_taller,75.12,"6'3""",2.12,plays_taller
2025,Jake Brack,South Dakota,78831,6-9,"6'9""",81.0,77.44,"6'5""",-3.56,plays_shorter,77.44,"6'5""",-3.56,plays_shorter
2025,William Whorton,South Dakota St.,78833,6-8,"6'8""",80.0,79.74,"6'8""",-0.26,plays_at_height,79.74,"6'8""",-0.26,plays_at_height
2025,Joe Sayler,South Dakota St.,78834,6-3,"6'3""",75.0,74.35,"6'2""",-0.65,plays_at_height,74.35,"6'2""",-0.65,plays_at_height
2025,Damon Wilkinson,South Dakota St.,78837,6-10,"6'10""",82.0,79.2,"6'7""",-2.8,plays_shorter,79.2,"6'7""",-2.8,plays_shorter
2025,Jayden Reid,South Florida,78838,5-10,"5'10""",70.0,75.33,"6'3""",5.33,plays_taller,75.33,"6'3""",5.33,plays_taller
2025,Dillon Bailey,Wofford,78841,6-2,"6'2""",74.0,74.89,"6'3""",0.89,plays_taller,74.89,"6'3""",0.89,plays_taller
2025,Davin Cosby Jr.,Wake Forest,78843,6-5,"6'5""",77.0,75.25,"6'3""",-1.75,plays_shorter,75.25,"6'3""",-1.75,plays_shorter
2025,Kaspar Sepp,Valparaiso,78844,6-7,"6'7""",79.0,78.35,"6'6""",-0.65,plays_at_height,78.35,"6'6""",-0.65,plays_at_height
2025,Cooper Schwieger,Valparaiso,78845,6-10,"6'10""",82.0,80.64,"6'9""",-1.36,plays_shorter,80.64,"6'9""",-1.36,plays_shorter
2025,Isaiah West,Samford,78846,6-2,"6'2""",74.0,76.92,"6'5""",2.92,plays_taller,76.92,"6'5""",2.92,plays_taller
2025,Jahari Williamson,Niagara,78848,6-1,"6'1""",73.0,73.55,"6'2""",0.55,plays_at_height,73.55,"6'2""",0.55,plays_at_height
2025,Jordan Jones,Central Connecticut,78854,6-0,"6'0""",72.0,76.25,"6'4""",4.25,plays_taller,76.25,"6'4""",4.25,plays_taller
2025,Delyle Williams,Jackson St.,78857,6-2,"6'2""",74.0,75.94,"6'4""",1.94,plays_taller,75.94,"6'4""",1.94,plays_taller
2025,Ahmad Henderson II,Illinois Chicago,78865,5-9,"5'9""",69.0,75.24,"6'3""",6.24,plays_taller,75.24,"6'3""",6.24,plays_taller
2025,Sam Orme,Belmont,78869,6-9,"6'9""",81.0,79.69,"6'8""",-1.31,plays_shorter,79.69,"6'8""",-1.31,plays_shorter
2025,Brigham Rogers,Belmont,78870,6-9,"6'9""",81.0,80.17,"6'8""",-0.83,plays_shorter,80.17,"6'8""",-0.83,plays_shorter
2025,Evan Ashe,Binghamton,78871,6-3,"6'3""",75.0,76.81,"6'5""",1.81,plays_taller,76.81,"6'5""",1.81,plays_taller
2025,Gavin Walsh,Binghamton,78872,6-7,"6'7""",79.0,79.83,"6'8""",0.83,plays_taller,79.83,"6'8""",0.83,plays_taller
2025,Tyson Brown,Georgia Southern,78876,6-9,"6'9""",81.0,81.66,"6'10""",0.66,plays_at_height,81.66,"6'10""",0.66,plays_at_height
2025,Michael Ajayi,Gonzaga,78878,6-7,"6'7""",79.0,80.7,"6'9""",1.7,plays_taller,80.7,"6'9""",1.7,plays_taller
2025,Jaxon Pollard,Queens,78883,6-7,"6'7""",79.0,78.63,"6'7""",-0.37,plays_at_height,78.63,"6'7""",-0.37,plays_at_height
2025,Deyton Albury,Utah St.,78884,6-2,"6'2""",74.0,77.62,"6'6""",3.62,plays_taller,77.62,"6'6""",3.62,plays_taller
2025,Donovan Rivers,Jacksonville,78886,6-9,"6'9""",81.0,80.24,"6'8""",-0.76,plays_shorter,80.24,"6'8""",-0.76,plays_shorter
2025,Torey Alston,Middle Tennessee,78890,6-8,"6'8""",80.0,81.15,"6'9""",1.15,plays_taller,81.15,"6'9""",1.15,plays_taller
2025,Mekhi Cooper,Miami OH,78891,6-1,"6'1""",73.0,75.81,"6'4""",2.81,plays_taller,75.81,"6'4""",2.81,plays_taller
2025,Evan Ipsaro,Miami OH,78893,6-0,"6'0""",72.0,76.85,"6'5""",4.85,plays_taller,76.85,"6'5""",4.85,plays_taller
2025,Paul Djobet,Miami FL,78897,6-7,"6'7""",79.0,77.49,"6'5""",-1.51,plays_shorter,77.49,"6'5""",-1.51,plays_shorter
2025,Eian Elmer,Miami OH,78898,6-6,"6'6""",78.0,78.33,"6'6""",0.33,plays_at_height,78.33,"6'6""",0.33,plays_at_height
2025,Keanu Dawes,Utah,78899,6-9,"6'9""",81.0,82.65,"6'11""",1.65,plays_taller,82.65,"6'11""",1.65,plays_taller
2025,Daemar Kelly,Saint Francis,78901,6-5,"6'5""",77.0,76.6,"6'5""",-0.4,plays_at_height,76.6,"6'5""",-0.4,plays_at_height
2025,Khaden Bennett,Quinnipiac,78903,6-4,"6'4""",76.0,77.49,"6'5""",1.49,plays_taller,77.49,"6'5""",1.49,plays_taller
2025,Rihards Vavers,Washington St.,78904,6-7,"6'7""",79.0,75.95,"6'4""",-3.05,plays_shorter,75.95,"6'4""",-3.05,plays_shorter
2025,Camp Wagner,Indiana St.,78905,6-6,"6'6""",78.0,74.34,"6'2""",-3.66,plays_shorter,74.34,"6'2""",-3.66,plays_shorter
2025,Gabe Warren,Holy Cross,78906,6-6,"6'6""",78.0,75.29,"6'3""",-2.71,plays_shorter,75.29,"6'3""",-2.71,plays_shorter
2025,Marlon Short,UMBC,78909,6-5,"6'5""",77.0,76.7,"6'5""",-0.3,plays_at_height,76.7,"6'5""",-0.3,plays_at_height
2025,Jayden Lemond,Binghamton,78914,6-4,"6'4""",76.0,73.51,"6'2""",-2.49,plays_shorter,73.51,"6'2""",-2.49,plays_shorter
2025,Jordan Johnson,Southern,78921,6-4,"6'4""",76.0,75.56,"6'4""",-0.44,plays_at_height,75.56,"6'4""",-0.44,plays_at_height
2025,Kolton Mitchell,Idaho,78924,6-1,"6'1""",73.0,74.49,"6'2""",1.49,plays_taller,74.49,"6'2""",1.49,plays_taller
2025,Joseph Tugler,Houston,78925,6-8,"6'8""",80.0,85.03,"7'1""",5.03,plays_taller,85.03,"7'1""",5.03,plays_taller
2025,Ryan Nutter,Marshall,78934,6-4,"6'4""",76.0,75.25,"6'3""",-0.75,plays_at_height,75.25,"6'3""",-0.75,plays_at_height
2025,Abdi Bashir Jr.,Monmouth,78942,6-7,"6'7""",79.0,73.59,"6'2""",-5.41,plays_shorter,73.59,"6'2""",-5.41,plays_shorter
2025,Anthony Robinson II,Missouri,78943,6-3,"6'3""",75.0,78.21,"6'6""",3.21,plays_taller,78.21,"6'6""",3.21,plays_taller
2025,Kevin Overton,Texas Tech,78947,6-5,"6'5""",77.0,77.7,"6'6""",0.7,plays_at_height,77.7,"6'6""",0.7,plays_at_height
2025,Kameron Hobbs,Morgan St.,78948,5-10,"5'10""",70.0,74.54,"6'3""",4.54,plays_taller,74.54,"6'3""",4.54,plays_taller
2025,Ladji Dembele,Iowa,78949,6-8,"6'8""",80.0,78.13,"6'6""",-1.87,plays_shorter,78.13,"6'6""",-1.87,plays_shorter
2025,Pryce Sandfort,Iowa,78950,6-7,"6'7""",79.0,77.11,"6'5""",-1.89,plays_shorter,77.11,"6'5""",-1.89,plays_shorter
2025,Mike Loughnane,Davidson,78952,6-4,"6'4""",76.0,75.96,"6'4""",-0.04,plays_at_height,75.96,"6'4""",-0.04,plays_at_height
2025,Rikus Schulte,UC Riverside,78953,6-9,"6'9""",81.0,78.37,"6'6""",-2.63,plays_shorter,78.37,"6'6""",-2.63,plays_shorter
2025,Brock Harding,Iowa,78954,6-0,"6'0""",72.0,75.01,"6'3""",3.01,plays_taller,75.01,"6'3""",3.01,plays_taller
2025,Cliff Davis,UT Rio Grande Valley,78955,6-2,"6'2""",74.0,75.07,"6'3""",1.07,plays_taller,75.07,"6'3""",1.07,plays_taller
2025,DeJour Reaves,Iona,78956,6-0,"6'0""",72.0,76.6,"6'5""",4.6,plays_taller,76.6,"6'5""",4.6,plays_taller
2025,Ahmad Robinson,Mercer,78957,5-10,"5'10""",70.0,76.07,"6'4""",6.07,plays_taller,76.07,"6'4""",6.07,plays_taller
2025,Malek Abdelgowad,Massachusetts,78959,6-10,"6'10""",82.0,79.6,"6'8""",-2.4,plays_shorter,79.6,"6'8""",-2.4,plays_shorter
2025,Carl Cherenfant,New Mexico St.,78965,6-5,"6'5""",77.0,77.52,"6'6""",0.52,plays_at_height,77.52,"6'6""",0.52,plays_at_height
2025,Baraka Okojie,Memphis,78967,6-3,"6'3""",75.0,75.27,"6'3""",0.27,plays_at_height,75.27,"6'3""",0.27,plays_at_height
2025,Jaylen Curry,Massachusetts,78969,6-0,"6'0""",72.0,75.1,"6'3""",3.1,plays_taller,75.1,"6'3""",3.1,plays_taller
2025,Robert Davis Jr.,Old Dominion,78970,6-6,"6'6""",78.0,74.68,"6'3""",-3.32,plays_shorter,74.68,"6'3""",-3.32,plays_shorter
2025,Dedan Thomas Jr.,UNLV,78971,6-1,"6'1""",73.0,75.36,"6'3""",2.36,plays_taller,75.36,"6'3""",2.36,plays_taller
2025,Tarique Foster,Massachusetts,78973,6-8,"6'8""",80.0,76.34,"6'4""",-3.66,plays_shorter,76.34,"6'4""",-3.66,plays_shorter
2025,Chudi Dioramma,Sacramento St.,78976,6-10,"6'10""",82.0,81.42,"6'9""",-0.58,plays_at_height,81.42,"6'9""",-0.58,plays_at_height
2025,Bowyn Beatty,Sacramento St.,78981,7-0,"7'0""",84.0,77.2,"6'5""",-6.8,plays_shorter,77.2,"6'5""",-6.8,plays_shorter
2025,Lukas Walls,Samford,78982,6-5,"6'5""",77.0,76.56,"6'5""",-0.44,plays_at_height,76.56,"6'5""",-0.44,plays_at_height
2025,Josh Holloway,Samford,78983,6-2,"6'2""",74.0,76.13,"6'4""",2.13,plays_taller,76.13,"6'4""",2.13,plays_taller
2025,Riley Allenspach,Samford,78985,6-11,"6'11""",83.0,78.58,"6'7""",-4.42,plays_shorter,78.58,"6'7""",-4.42,plays_shorter
2025,Antwan Robinson,Cal St. Fullerton,78986,6-4,"6'4""",76.0,76.08,"6'4""",0.08,plays_at_height,76.08,"6'4""",0.08,plays_at_height
2025,Keith Richard,Cal St. Fullerton,78989,6-0,"6'0""",72.0,74.59,"6'3""",2.59,plays_taller,74.59,"6'3""",2.59,plays_taller
2025,Jackson Shelstad,Oregon,78990,6-0,"6'0""",72.0,75.14,"6'3""",3.14,plays_taller,75.14,"6'3""",3.14,plays_taller
2025,Kwame Evans Jr.,Oregon,78991,6-9,"6'9""",81.0,80.96,"6'9""",-0.04,plays_at_height,80.96,"6'9""",-0.04,plays_at_height
2025,Kendrick De Luna,Cal St. Fullerton,78993,6-10,"6'10""",82.0,76.91,"6'5""",-5.09,plays_shorter,76.91,"6'5""",-5.09,plays_shorter
2025,Trey Green,Xavier,78996,6-0,"6'0""",72.0,74.2,"6'2""",2.2,plays_taller,74.2,"6'2""",2.2,plays_taller
2025,Carson Schwieger,Valparaiso,79000,6-8,"6'8""",80.0,76.3,"6'4""",-3.7,plays_shorter,76.3,"6'4""",-3.7,plays_shorter
2025,Jacob Theodosiou,Loyola MD,79001,6-4,"6'4""",76.0,75.88,"6'4""",-0.12,plays_at_height,75.88,"6'4""",-0.12,plays_at_height
2025,Kael Combs,Drake,79002,6-4,"6'4""",76.0,76.53,"6'5""",0.53,plays_at_height,76.53,"6'5""",0.53,plays_at_height
2025,Cam Manyawu,Drake,79003,6-9,"6'9""",81.0,82.86,"6'11""",1.86,plays_taller,82.86,"6'11""",1.86,plays_taller
2025,Tristan Gross,Stetson,79004,6-5,"6'5""",77.0,74.18,"6'2""",-2.82,plays_shorter,74.18,"6'2""",-2.82,plays_shorter
2025,Reggie Ward Jr.,Bethune Cookman,79006,6-6,"6'6""",78.0,78.69,"6'7""",0.69,plays_at_height,78.69,"6'7""",0.69,plays_at_height
2025,Seneca Willoughby,Bethune Cookman,79010,6-3,"6'3""",75.0,75.73,"6'4""",0.73,plays_at_height,75.73,"6'4""",0.73,plays_at_height
2025,Jakobi Heady,Central Michigan,79013,6-6,"6'6""",78.0,78.65,"6'7""",0.65,plays_at_height,78.65,"6'7""",0.65,plays_at_height
2025,Canin Jefferson,North Alabama,79018,6-2,"6'2""",74.0,74.39,"6'2""",0.39,plays_at_height,74.39,"6'2""",0.39,plays_at_height
2025,Antallah Sandlin'El,Robert Morris,79020,6-8,"6'8""",80.0,76.96,"6'5""",-3.04,plays_shorter,76.96,"6'5""",-3.04,plays_shorter
2025,Miles Rubin,Loyola Chicago,79023,6-10,"6'10""",82.0,85.88,"7'2""",3.88,plays_taller,85.88,"7'2""",3.88,plays_taller
2025,Jadin Collins-Roberts,Marist,79024,6-1,"6'1""",73.0,77.51,"6'6""",4.51,plays_taller,77.51,"6'6""",4.51,plays_taller
2025,Jaden Winston,Manhattan,79025,6-0,"6'0""",72.0,74.92,"6'3""",2.92,plays_taller,74.92,"6'3""",2.92,plays_taller
2025,Jordan Stiemke,Loyola MD,79028,6-5,"6'5""",77.0,77.73,"6'6""",0.73,plays_at_height,77.73,"6'6""",0.73,plays_at_height
2025,Jason Schofield,Marist,79029,6-8,"6'8""",80.0,79.77,"6'8""",-0.23,plays_at_height,79.77,"6'8""",-0.23,plays_at_height
2025,Josh Pascarelli,Marist,79030,6-3,"6'3""",75.0,75.96,"6'4""",0.96,plays_taller,75.96,"6'4""",0.96,plays_taller
2025,Caleb McCarty,South Carolina St.,79033,6-8,"6'8""",80.0,80.43,"6'8""",0.43,plays_at_height,80.43,"6'8""",0.43,plays_at_height
2025,Drayton Jones,South Carolina St.,79035,6-10,"6'10""",82.0,83.7,"7'0""",1.7,plays_taller,83.7,"7'0""",1.7,plays_taller
2025,Mitchell Taylor,South Carolina St.,79036,6-3,"6'3""",75.0,75.27,"6'3""",0.27,plays_at_height,75.27,"6'3""",0.27,plays_at_height
2025,Matar Diop,Loyola Marymount,79037,6-10,"6'10""",82.0,80.65,"6'9""",-1.35,plays_shorter,80.65,"6'9""",-1.35,plays_shorter
2025,Mambourou Mara,North Dakota,79038,6-6,"6'6""",78.0,78.11,"6'6""",0.11,plays_at_height,78.11,"6'6""",0.11,plays_at_height
2025,Ryan Forrest,North Carolina A&T,79042,6-4,"6'4""",76.0,76.53,"6'5""",0.53,plays_at_height,76.53,"6'5""",0.53,plays_at_height
2025,Villiam Garcia Adsten,Drexel,79044,6-8,"6'8""",80.0,77.52,"6'6""",-2.48,plays_shorter,77.52,"6'6""",-2.48,plays_shorter
2025,Hunter Adam,Davidson,79045,6-7,"6'7""",79.0,78.52,"6'7""",-0.48,plays_at_height,78.52,"6'7""",-0.48,plays_at_height
2025,Niccolo Moretti,Florida Atlantic,79046,6-1,"6'1""",73.0,76.37,"6'4""",3.37,plays_taller,76.37,"6'4""",3.37,plays_taller
2025,Kris Keinys,Pacific,79049,6-8,"6'8""",80.0,78.51,"6'7""",-1.49,plays_shorter,78.51,"6'7""",-1.49,plays_shorter
2025,T'Johnn Brown,McNeese St.,79050,5-11,"5'11""",71.0,76.11,"6'4""",5.11,plays_taller,76.11,"6'4""",5.11,plays_taller
2025,Dalen Davis,Princeton,79052,6-0,"6'0""",72.0,73.95,"6'2""",1.95,plays_taller,73.95,"6'2""",1.95,plays_taller
2025,Jackson Hicke,Princeton,79054,6-5,"6'5""",77.0,77.58,"6'6""",0.58,plays_at_height,77.58,"6'6""",0.58,plays_at_height
2025,Arne Osojnik,Eastern Michigan,79062,6-6,"6'6""",78.0,77.08,"6'5""",-0.92,plays_shorter,77.08,"6'5""",-0.92,plays_shorter
2025,Emanuel Richards,Longwood,79063,6-4,"6'4""",76.0,76.55,"6'5""",0.55,plays_at_height,76.55,"6'5""",0.55,plays_at_height
2025,Chico Johnson,USC Upstate,79064,6-3,"6'3""",75.0,75.56,"6'4""",0.56,plays_at_height,75.56,"6'4""",0.56,plays_at_height
2025,Camaren Sparrow,Coppin St.,79066,6-4,"6'4""",76.0,77.42,"6'5""",1.42,plays_taller,77.42,"6'5""",1.42,plays_taller
2025,Santiago Trouet,San Diego,79068,6-10,"6'10""",82.0,79.07,"6'7""",-2.93,plays_shorter,79.07,"6'7""",-2.93,plays_shorter
2025,Andrew Meadow,Boise St.,79071,6-7,"6'7""",79.0,77.91,"6'6""",-1.09,plays_shorter,77.91,"6'6""",-1.09,plays_shorter
2025,Kyrone Alexander,Boston University,79073,6-4,"6'4""",76.0,77.76,"6'6""",1.76,plays_taller,77.76,"6'6""",1.76,plays_taller
2025,Chad Moodie,Alabama A&M,79074,6-8,"6'8""",80.0,80.81,"6'9""",0.81,plays_taller,80.81,"6'9""",0.81,plays_taller
2025,Elijah Strong,Boston College,79075,6-8,"6'8""",80.0,76.54,"6'5""",-3.46,plays_shorter,76.54,"6'5""",-3.46,plays_shorter
2025,Jayden Hastings,Boston College,79076,6-9,"6'9""",81.0,82.06,"6'10""",1.06,plays_taller,82.06,"6'10""",1.06,plays_taller
2025,Trey Autry,George Washington,79077,6-4,"6'4""",76.0,76.84,"6'5""",0.84,plays_taller,76.84,"6'5""",0.84,plays_taller
2025,Josh Hubbard,Mississippi St.,79080,5-11,"5'11""",71.0,75.56,"6'4""",4.56,plays_taller,75.56,"6'4""",4.56,plays_taller
2025,Akil Watson,Massachusetts,79082,6-9,"6'9""",81.0,76.07,"6'4""",-4.93,plays_shorter,76.07,"6'4""",-4.93,plays_shorter
2025,Elijah Price,Fresno St.,79084,6-9,"6'9""",81.0,80.98,"6'9""",-0.02,plays_at_height,80.98,"6'9""",-0.02,plays_at_height
2025,Khali Horton,Coppin St.,79085,6-8,"6'8""",80.0,76.64,"6'5""",-3.36,plays_shorter,76.64,"6'5""",-3.36,plays_shorter
2025,Creed Williamson,Little Rock,79086,6-8,"6'8""",80.0,75.51,"6'4""",-4.49,plays_shorter,75.51,"6'4""",-4.49,plays_shorter
2025,KJ Lewis,Arizona,79090,6-4,"6'4""",76.0,79.49,"6'7""",3.49,plays_taller,79.49,"6'7""",3.49,plays_taller
2025,Paulius Murauskas,Saint Mary's,79093,6-8,"6'8""",80.0,80.0,"6'8""",-0.0,plays_at_height,80.0,"6'8""",-0.0,plays_at_height
2025,Motiejus Krivas,Arizona,79096,7-2,"7'2""",86.0,81.64,"6'10""",-4.36,plays_shorter,81.64,"6'10""",-4.36,plays_shorter
2025,Josh Rivera,Fordham,79099,6-7,"6'7""",79.0,78.18,"6'6""",-0.82,plays_shorter,78.18,"6'6""",-0.82,plays_shorter
2025,Aniwaniwa Tait-Jones,UC San Diego,79100,6-6,"6'6""",78.0,79.63,"6'8""",1.63,plays_taller,79.63,"6'8""",1.63,plays_taller
2025,Prophet Johnson,Fairfield,79105,6-3,"6'3""",75.0,79.21,"6'7""",4.21,plays_taller,79.21,"6'7""",4.21,plays_taller
2025,Duncan Reid,Southern Utah,79106,6-4,"6'4""",76.0,73.59,"6'2""",-2.41,plays_shorter,73.59,"6'2""",-2.41,plays_shorter
2025,Brock Felder,Southern Utah,79109,6-8,"6'8""",80.0,81.71,"6'10""",1.71,plays_taller,81.71,"6'10""",1.71,plays_taller
2025,Omar Cooper,McNeese St.,79111,6-0,"6'0""",72.0,75.34,"6'3""",3.34,plays_taller,75.34,"6'3""",3.34,plays_taller
2025,Ace Valentine,UMBC,79114,6-3,"6'3""",75.0,75.75,"6'4""",0.75,plays_at_height,75.75,"6'4""",0.75,plays_at_height
2025,Ashton Reese,UMBC,79115,6-5,"6'5""",77.0,76.2,"6'4""",-0.8,plays_shorter,76.2,"6'4""",-0.8,plays_shorter
2025,TJ Ford Jr.,Incarnate Word,79117,5-11,"5'11""",71.0,73.96,"6'2""",2.96,plays_taller,73.96,"6'2""",2.96,plays_taller
2025,K.J. Doucet,Winthrop,79123,6-7,"6'7""",79.0,78.22,"6'6""",-0.78,plays_shorter,78.22,"6'6""",-0.78,plays_shorter
2025,Wesley Yates III,USC,79127,6-4,"6'4""",76.0,76.79,"6'5""",0.79,plays_taller,76.79,"6'5""",0.79,plays_taller
2025,Jason Steele,LIU,79128,6-6,"6'6""",78.0,76.48,"6'4""",-1.52,plays_shorter,76.48,"6'4""",-1.52,plays_shorter
2025,Jayson Petty,UMKC,79131,6-4,"6'4""",76.0,77.1,"6'5""",1.1,plays_taller,77.1,"6'5""",1.1,plays_taller
2025,Anthony Robinson,Virginia,79132,6-10,"6'10""",82.0,82.78,"6'11""",0.78,plays_taller,82.78,"6'11""",0.78,plays_taller
2025,Muneer Newton,Delaware St.,79134,6-5,"6'5""",77.0,79.48,"6'7""",2.48,plays_taller,79.48,"6'7""",2.48,plays_taller
2025,Gytis Nemeiksa,Hawaii,79138,6-8,"6'8""",80.0,79.28,"6'7""",-0.72,plays_at_height,79.28,"6'7""",-0.72,plays_at_height
2025,Marcus Glover,Incarnate Word,79140,6-8,"6'8""",80.0,80.16,"6'8""",0.16,plays_at_height,80.16,"6'8""",0.16,plays_at_height
2025,Varick Lewis,Long Beach St.,79143,6-3,"6'3""",75.0,74.19,"6'2""",-0.81,plays_shorter,74.19,"6'2""",-0.81,plays_shorter
2025,Ryan Sabol,Buffalo,79144,6-2,"6'2""",74.0,74.47,"6'2""",0.47,plays_at_height,74.47,"6'2""",0.47,plays_at_height
2025,Anquan Boldin Jr.,Buffalo,79145,6-4,"6'4""",76.0,77.55,"6'6""",1.55,plays_taller,77.55,"6'6""",1.55,plays_taller
2025,Shawn Fulcher,Alabama St.,79146,6-0,"6'0""",72.0,74.69,"6'3""",2.69,plays_taller,74.69,"6'3""",2.69,plays_taller
2025,Bryson Wilson,Buffalo,79147,6-5,"6'5""",77.0,78.46,"6'6""",1.46,plays_taller,78.46,"6'6""",1.46,plays_taller
2025,Lloyd McVeigh,Buffalo,79148,6-6,"6'6""",78.0,76.64,"6'5""",-1.36,plays_shorter,76.64,"6'5""",-1.36,plays_shorter
2025,Dramane Camara,Norfolk St.,79151,6-5,"6'5""",77.0,75.88,"6'4""",-1.12,plays_shorter,75.88,"6'4""",-1.12,plays_shorter
2025,Stephon Roberts,Saint Peter's,79152,6-10,"6'10""",82.0,81.53,"6'10""",-0.47,plays_at_height,81.53,"6'10""",-0.47,plays_at_height
2025,Ben Oosterbaan,St. Thomas,79154,6-6,"6'6""",78.0,78.18,"6'6""",0.18,plays_at_height,78.18,"6'6""",0.18,plays_at_height
2025,Aidan Cammann,Stanford,79155,6-10,"6'10""",82.0,78.74,"6'7""",-3.26,plays_shorter,78.74,"6'7""",-3.26,plays_shorter
2025,Andrej Stojakovic,California,79156,6-7,"6'7""",79.0,77.96,"6'6""",-1.04,plays_shorter,77.96,"6'6""",-1.04,plays_shorter
2025,Carter Welling,Utah Valley,79159,6-10,"6'10""",82.0,81.92,"6'10""",-0.08,plays_at_height,81.92,"6'10""",-0.08,plays_at_height
2025,Marcus Adams Jr.,Cal St. Northridge,79160,6-8,"6'8""",80.0,77.84,"6'6""",-2.16,plays_shorter,77.84,"6'6""",-2.16,plays_shorter
2025,Mintautas Mockus,Incarnate Word,79167,6-7,"6'7""",79.0,77.97,"6'6""",-1.03,plays_shorter,77.97,"6'6""",-1.03,plays_shorter
2025,Berke Buyuktuncel,Nebraska,79168,6-9,"6'9""",81.0,79.57,"6'8""",-1.43,plays_shorter,79.57,"6'8""",-1.43,plays_shorter
2025,Dusty Stromer,Gonzaga,79169,6-6,"6'6""",78.0,76.88,"6'5""",-1.12,plays_shorter,76.88,"6'5""",-1.12,plays_shorter
2025,Xavier Booker,Michigan St.,79173,6-11,"6'11""",83.0,79.91,"6'8""",-3.09,plays_shorter,79.91,"6'8""",-3.09,plays_shorter
2025,Coen Carr,Michigan St.,79174,6-6,"6'6""",78.0,82.22,"6'10""",4.22,plays_taller,82.22,"6'10""",4.22,plays_taller
2025,Nicolo Romanelli,Columbia,79175,6-2,"6'2""",74.0,74.69,"6'3""",0.69,plays_at_height,74.69,"6'3""",0.69,plays_at_height
2025,Rashaan Mbemba,Colorado St.,79179,6-7,"6'7""",79.0,79.24,"6'7""",0.24,plays_at_height,79.24,"6'7""",0.24,plays_at_height
2025,Kyan Evans,Colorado St.,79180,6-2,"6'2""",74.0,76.52,"6'5""",2.52,plays_taller,76.52,"6'5""",2.52,plays_taller
2025,Jaylin Stewart,Connecticut,79182,6-7,"6'7""",79.0,77.89,"6'6""",-1.11,plays_shorter,77.89,"6'6""",-1.11,plays_shorter
2025,Solo Ball,Connecticut,79183,6-3,"6'3""",75.0,76.59,"6'5""",1.59,plays_taller,76.59,"6'5""",1.59,plays_taller
2025,Comeh Emuobor,Iona,79185,6-5,"6'5""",77.0,77.29,"6'5""",0.29,plays_at_height,77.29,"6'5""",0.29,plays_at_height
2025,Arrinten Page,Cincinnati,79189,6-11,"6'11""",83.0,81.05,"6'9""",-1.95,plays_shorter,81.05,"6'9""",-1.95,plays_shorter
2025,Trevor Mullin,Yale,79193,6-0,"6'0""",72.0,74.77,"6'3""",2.77,plays_taller,74.77,"6'3""",2.77,plays_taller
2025,Nemanja Sarenac,Weber St.,79195,6-6,"6'6""",78.0,72.36,"6'0""",-5.64,plays_shorter,72.36,"6'0""",-5.64,plays_shorter
2025,Viljami Vartiainen,Weber St.,79196,6-6,"6'6""",78.0,74.14,"6'2""",-3.86,plays_shorter,74.14,"6'2""",-3.86,plays_shorter
2025,Samson Aletan,Yale,79197,6-10,"6'10""",82.0,81.85,"6'10""",-0.15,plays_at_height,81.85,"6'10""",-0.15,plays_at_height
2025,Trent Edwards,Morgan St.,79198,6-8,"6'8""",80.0,79.0,"6'7""",-1.0,plays_shorter,79.0,"6'7""",-1.0,plays_shorter
2025,Malcolm Wrisby-Jefferson,Brown,79199,6-4,"6'4""",76.0,76.85,"6'5""",0.85,plays_taller,76.85,"6'5""",0.85,plays_taller
2025,Adrian Uchidiuno,Brown,79201,6-2,"6'2""",74.0,76.44,"6'4""",2.44,plays_taller,76.44,"6'4""",2.44,plays_taller
2025,Zach Matulu,Albany,79205,6-2,"6'2""",74.0,76.16,"6'4""",2.16,plays_taller,76.16,"6'4""",2.16,plays_taller
2025,N'famara Dabo,Brown,79207,6-8,"6'8""",80.0,82.94,"6'11""",2.94,plays_taller,82.94,"6'11""",2.94,plays_taller
2025,Devon Barnes,UTEP,79211,6-1,"6'1""",73.0,75.0,"6'3""",2.0,plays_taller,75.0,"6'3""",2.0,plays_taller
2025,C.J. Booker,Southeastern Louisiana,79215,5-9,"5'9""",69.0,74.55,"6'3""",5.55,plays_taller,74.55,"6'3""",5.55,plays_taller
2025,Adam Moussa,Cal Baptist,79216,6-3,"6'3""",75.0,76.22,"6'4""",1.22,plays_taller,76.22,"6'4""",1.22,plays_taller
2025,Joseph Martinez,Tarleton St.,79217,6-3,"6'3""",75.0,75.32,"6'3""",0.32,plays_at_height,75.32,"6'3""",0.32,plays_at_height
2025,Michael Houge,Jacksonville St.,79220,6-7,"6'7""",79.0,79.77,"6'8""",0.77,plays_taller,79.77,"6'8""",0.77,plays_taller
2025,DeAndre Craig,Denver,79221,6-0,"6'0""",72.0,75.68,"6'4""",3.68,plays_taller,75.68,"6'4""",3.68,plays_taller
2025,Jake Fiegen,Cornell,79225,6-4,"6'4""",76.0,77.48,"6'5""",1.48,plays_taller,77.48,"6'5""",1.48,plays_taller
2025,Kerrington Kiel,Troy,79227,6-6,"6'6""",78.0,76.57,"6'5""",-1.43,plays_shorter,76.57,"6'5""",-1.43,plays_shorter
2025,Sonny Wilson,Toledo,79230,6-1,"6'1""",73.0,75.89,"6'4""",2.89,plays_taller,75.89,"6'4""",2.89,plays_taller
2025,Pasha Goodarzi,San Jose St.,79231,6-3,"6'3""",75.0,72.33,"6'0""",-2.67,plays_shorter,72.33,"6'0""",-2.67,plays_shorter
2025,Sam Lewis,Toledo,79232,6-6,"6'6""",78.0,76.62,"6'5""",-1.38,plays_shorter,76.62,"6'5""",-1.38,plays_shorter
2025,Diogo Seixas,Central Arkansas,79233,6-8,"6'8""",80.0,76.41,"6'4""",-3.59,plays_shorter,76.41,"6'4""",-3.59,plays_shorter
2025,Grgur Brcic,Toledo,79234,6-10,"6'10""",82.0,78.91,"6'7""",-3.09,plays_shorter,78.91,"6'7""",-3.09,plays_shorter
2025,John Broom,South Alabama,79235,6-5,"6'5""",77.0,78.92,"6'7""",1.92,plays_taller,78.92,"6'7""",1.92,plays_taller
2025,Marcus Millender,UTSA,79236,5-11,"5'11""",71.0,74.62,"6'3""",3.62,plays_taller,74.62,"6'3""",3.62,plays_taller
2025,Javon Jackson,Illinois Chicago,79237,6-3,"6'3""",75.0,74.61,"6'3""",-0.39,plays_at_height,74.61,"6'3""",-0.39,plays_at_height
2025,Collin Murray-Boyles,South Carolina,79239,6-8,"6'8""",80.0,82.64,"6'11""",2.64,plays_taller,82.64,"6'11""",2.64,plays_taller
2025,Jacoi Hutchinson,George Washington,79240,6-3,"6'3""",75.0,75.1,"6'3""",0.1,plays_at_height,75.1,"6'3""",0.1,plays_at_height
2025,Jaylen Benard,Longwood,79241,6-2,"6'2""",74.0,77.22,"6'5""",3.22,plays_taller,77.22,"6'5""",3.22,plays_taller
2025,Brandon Hardy,Louisiana,79243,6-3,"6'3""",75.0,75.0,"6'3""",-0.0,plays_at_height,75.0,"6'3""",-0.0,plays_at_height
2025,London Fields,Louisiana,79245,6-4,"6'4""",76.0,74.66,"6'3""",-1.34,plays_shorter,74.66,"6'3""",-1.34,plays_shorter
2025,Joshua Strong,Howard,79246,6-0,"6'0""",72.0,73.75,"6'2""",1.75,plays_taller,73.75,"6'2""",1.75,plays_taller
2025,Tana Kopa,Canisius,79247,6-6,"6'6""",78.0,75.69,"6'4""",-2.31,plays_shorter,75.69,"6'4""",-2.31,plays_shorter
2025,Jordan Burks,Georgetown,79248,6-9,"6'9""",81.0,79.84,"6'8""",-1.16,plays_shorter,79.84,"6'8""",-1.16,plays_shorter
2025,D.J. Wagner,Arkansas,79249,6-3,"6'3""",75.0,75.74,"6'4""",0.74,plays_at_height,75.74,"6'4""",0.74,plays_at_height
2025,Aaron Bradshaw,Ohio St.,79253,7-1,"7'1""",85.0,79.52,"6'8""",-5.48,plays_shorter,79.52,"6'8""",-5.48,plays_shorter
2025,Dai Dai Ames,Virginia,79256,6-1,"6'1""",73.0,75.93,"6'4""",2.93,plays_taller,75.93,"6'4""",2.93,plays_taller
2025,Macaleab Rich,Kansas St.,79258,6-7,"6'7""",79.0,77.7,"6'6""",-1.3,plays_shorter,77.7,"6'6""",-1.3,plays_shorter
2025,Frankquon Sherman,Kennesaw St.,79260,6-7,"6'7""",79.0,80.0,"6'8""",1.0,plays_taller,80.0,"6'8""",1.0,plays_taller
2025,Colby Garland,Longwood,79263,6-1,"6'1""",73.0,75.19,"6'3""",2.19,plays_taller,75.19,"6'3""",2.19,plays_taller
2025,Corey Stephenson,Cal St. Bakersfield,79266,6-6,"6'6""",78.0,78.21,"6'6""",0.21,plays_at_height,78.21,"6'6""",0.21,plays_at_height
2025,Tom Mark,Cal St. Bakersfield,79268,6-7,"6'7""",79.0,78.73,"6'7""",-0.27,plays_at_height,78.73,"6'7""",-0.27,plays_at_height
2025,Nate Fouts,Le Moyne,79270,6-7,"6'7""",79.0,76.3,"6'4""",-2.7,plays_shorter,76.3,"6'4""",-2.7,plays_shorter
2025,Ocypher Owens,Le Moyne,79271,6-8,"6'8""",80.0,78.91,"6'7""",-1.09,plays_shorter,78.91,"6'7""",-1.09,plays_shorter
2025,Trent Mosquera,Le Moyne,79273,6-4,"6'4""",76.0,74.68,"6'3""",-1.32,plays_shorter,74.68,"6'3""",-1.32,plays_shorter
2025,Cameron Faas,UMKC,79274,6-6,"6'6""",78.0,76.32,"6'4""",-1.68,plays_shorter,76.32,"6'4""",-1.68,plays_shorter
2025,Yaniel Rivera,Abilene Christian,79284,6-4,"6'4""",76.0,74.14,"6'2""",-1.86,plays_shorter,74.14,"6'2""",-1.86,plays_shorter
2025,Etienne Strothers,Hampton,79285,6-2,"6'2""",74.0,76.81,"6'5""",2.81,plays_taller,76.81,"6'5""",2.81,plays_taller
2025,Assane Diop,Colorado,79288,6-8,"6'8""",80.0,78.28,"6'6""",-1.72,plays_shorter,78.28,"6'6""",-1.72,plays_shorter
2025,Ben Palacios,Boston University,79290,6-5,"6'5""",77.0,74.55,"6'3""",-2.45,plays_shorter,74.55,"6'3""",-2.45,plays_shorter
2025,Jurian Dixon,UC Irvine,79296,6-5,"6'5""",77.0,76.71,"6'5""",-0.29,plays_at_height,76.71,"6'5""",-0.29,plays_at_height
2025,Connor Sevilla,UC Davis,79301,6-0,"6'0""",72.0,73.48,"6'1""",1.48,plays_taller,73.48,"6'1""",1.48,plays_taller
2025,Randall Pettus II,Northern Kentucky,79302,6-3,"6'3""",75.0,75.62,"6'4""",0.62,plays_at_height,75.62,"6'4""",0.62,plays_at_height
2025,Tyler Tejada,Towson,79303,6-8,"6'8""",80.0,76.21,"6'4""",-3.79,plays_shorter,76.21,"6'4""",-3.79,plays_shorter
2025,Mekhi Lowery,Towson,79304,6-7,"6'7""",79.0,80.81,"6'9""",1.81,plays_taller,80.81,"6'9""",1.81,plays_taller
2025,Thomas Haugh,Florida,79305,6-9,"6'9""",81.0,80.99,"6'9""",-0.01,plays_at_height,80.99,"6'9""",-0.01,plays_at_height
2025,Bobby Durkin,Davidson,79309,6-7,"6'7""",79.0,77.31,"6'5""",-1.69,plays_shorter,77.31,"6'5""",-1.69,plays_shorter
2025,Nasir Mann,Queens,79310,6-5,"6'5""",77.0,77.62,"6'6""",0.62,plays_at_height,77.62,"6'6""",0.62,plays_at_height
2025,Alex Condon,Florida,79312,6-11,"6'11""",83.0,82.88,"6'11""",-0.12,plays_at_height,82.88,"6'11""",-0.12,plays_at_height
2025,Malik Ferguson,Georgia St.,79314,6-4,"6'4""",76.0,74.75,"6'3""",-1.25,plays_shorter,74.75,"6'3""",-1.25,plays_shorter
2025,Nils Machowski,UCF,79315,6-3,"6'3""",75.0,77.66,"6'6""",2.66,plays_taller,77.66,"6'6""",2.66,plays_taller
2025,Brandon Muntu,Western Michigan,79317,6-4,"6'4""",76.0,74.58,"6'3""",-1.42,plays_shorter,74.58,"6'3""",-1.42,plays_shorter
2025,Don McHenry,Western Kentucky,79318,6-1,"6'1""",73.0,76.28,"6'4""",3.28,plays_taller,76.28,"6'4""",3.28,plays_taller
2025,Tay Knox,Western Illinois,79319,6-9,"6'9""",81.0,81.59,"6'10""",0.59,plays_at_height,81.59,"6'10""",0.59,plays_at_height
2025,Enoch Kalambay,Western Kentucky,79321,6-6,"6'6""",78.0,76.41,"6'4""",-1.59,plays_shorter,76.41,"6'4""",-1.59,plays_shorter
2025,James Dent Jr.,Northern Illinois,79322,6-5,"6'5""",77.0,76.65,"6'5""",-0.35,plays_at_height,76.65,"6'5""",-0.35,plays_at_height
2025,Rodrick Payne,Western Illinois,79325,6-8,"6'8""",80.0,79.3,"6'7""",-0.7,plays_at_height,79.3,"6'7""",-0.7,plays_at_height
2025,Christian Hughes,Little Rock,79333,6-2,"6'2""",74.0,75.08,"6'3""",1.08,plays_taller,75.08,"6'3""",1.08,plays_taller
2025,Derrick Butler,Bowling Green,79334,6-2,"6'2""",74.0,76.28,"6'4""",2.28,plays_taller,76.28,"6'4""",2.28,plays_taller
2025,"Dennis Parker, Jr.",N.C. State,79339,6-6,"6'6""",78.0,78.45,"6'6""",0.45,plays_at_height,78.45,"6'6""",0.45,plays_at_height
2025,Zach Kraft,North Dakota,79340,6-2,"6'2""",74.0,74.59,"6'3""",0.59,plays_at_height,74.59,"6'3""",0.59,plays_at_height
2025,Jah Short,New Orleans,79343,6-3,"6'3""",75.0,76.73,"6'5""",1.73,plays_taller,76.73,"6'5""",1.73,plays_taller
2025,Davide Poser,New Hampshire,79344,6-4,"6'4""",76.0,73.95,"6'2""",-2.05,plays_shorter,73.95,"6'2""",-2.05,plays_shorter
2025,Tomiwa Sulaiman,Towson,79347,6-6,"6'6""",78.0,78.55,"6'7""",0.55,plays_at_height,78.55,"6'7""",0.55,plays_at_height
2025,Julian Scott,Colgate,79350,6-2,"6'2""",74.0,76.86,"6'5""",2.86,plays_taller,76.86,"6'5""",2.86,plays_taller
2025,Caleb Foster,Duke,79353,6-5,"6'5""",77.0,75.47,"6'3""",-1.53,plays_shorter,75.47,"6'3""",-1.53,plays_shorter
2025,Sean Stewart,Ohio St.,79355,6-9,"6'9""",81.0,82.62,"6'11""",1.62,plays_taller,82.62,"6'11""",1.62,plays_taller
2025,TJ Power,Virginia,79356,6-9,"6'9""",81.0,75.37,"6'3""",-5.63,plays_shorter,75.37,"6'3""",-5.63,plays_shorter
2025,Jakub Necas,Duquesne,79357,6-8,"6'8""",80.0,78.77,"6'7""",-1.23,plays_shorter,78.77,"6'7""",-1.23,plays_shorter
2025,Mikkel Tyne,Richmond,79360,5-10,"5'10""",70.0,74.17,"6'2""",4.17,plays_taller,74.17,"6'2""",4.17,plays_taller
2025,Collin Tanner,Richmond,79363,6-6,"6'6""",78.0,77.41,"6'5""",-0.59,plays_at_height,77.41,"6'5""",-0.59,plays_at_height
2025,Wesley Oba,Missouri St.,79364,6-8,"6'8""",80.0,79.61,"6'8""",-0.39,plays_at_height,79.61,"6'8""",-0.39,plays_at_height
2025,Caleb Surgers,Delaware St.,79366,6-8,"6'8""",80.0,78.63,"6'7""",-1.37,plays_shorter,78.63,"6'7""",-1.37,plays_shorter
2025,Mari Jordan,Tulane,79369,6-8,"6'8""",80.0,77.24,"6'5""",-2.76,plays_shorter,77.24,"6'5""",-2.76,plays_shorter
2025,Blue Cain,Georgia,79370,6-5,"6'5""",77.0,76.77,"6'5""",-0.23,plays_at_height,76.77,"6'5""",-0.23,plays_at_height
2025,Thomas Batties II,Harvard,79371,6-7,"6'7""",79.0,78.6,"6'7""",-0.4,plays_at_height,78.6,"6'7""",-0.4,plays_at_height
2025,Malik Mack,Georgetown,79373,6-2,"6'2""",74.0,76.2,"6'4""",2.2,plays_taller,76.2,"6'4""",2.2,plays_taller
2025,Denzel Hines,Coastal Carolina,79375,6-7,"6'7""",79.0,78.5,"6'6""",-0.5,plays_at_height,78.5,"6'6""",-0.5,plays_at_height
2025,Gabe Sisk,East Tennessee St.,79378,6-6,"6'6""",78.0,77.32,"6'5""",-0.68,plays_at_height,77.32,"6'5""",-0.68,plays_at_height
2025,Oscar Cluff,South Dakota St.,79380,6-11,"6'11""",83.0,83.33,"6'11""",0.33,plays_at_height,83.33,"6'11""",0.33,plays_at_height
2025,Melvin Council Jr.,St. Bonaventure,79381,6-4,"6'4""",76.0,78.09,"6'6""",2.09,plays_taller,78.09,"6'6""",2.09,plays_taller
2025,Tyje Kelton,Wagner,79382,6-7,"6'7""",79.0,75.07,"6'3""",-3.93,plays_shorter,75.07,"6'3""",-3.93,plays_shorter
2025,Unisa Turay,Utah Tech,79386,5-10,"5'10""",70.0,73.67,"6'2""",3.67,plays_taller,73.67,"6'2""",3.67,plays_taller
2025,Roderick Coffee III,Florida A&M,79391,6-4,"6'4""",76.0,76.09,"6'4""",0.09,plays_at_height,76.09,"6'4""",0.09,plays_at_height
2025,Tanner Cuff,Evansville,79393,6-7,"6'7""",79.0,77.53,"6'6""",-1.47,plays_shorter,77.53,"6'6""",-1.47,plays_shorter
2025,Cowandric Samuel,Jackson St.,79398,6-3,"6'3""",75.0,77.29,"6'5""",2.29,plays_taller,77.29,"6'5""",2.29,plays_taller
2025,Nasir Muhammad,Northern Illinois,79401,6-2,"6'2""",74.0,74.19,"6'2""",0.19,plays_at_height,74.19,"6'2""",0.19,plays_at_height
2025,William Kermoury,Northeastern,79402,6-5,"6'5""",77.0,74.5,"6'2""",-2.5,plays_shorter,74.5,"6'2""",-2.5,plays_shorter
2025,JB Frankel,Northeastern,79403,6-3,"6'3""",75.0,74.56,"6'3""",-0.44,plays_at_height,74.56,"6'3""",-0.44,plays_at_height
2025,Scotty Middleton,Seton Hall,79407,6-6,"6'6""",78.0,77.45,"6'5""",-0.55,plays_at_height,77.45,"6'5""",-0.55,plays_at_height
2025,Devin Royal,Ohio St.,79409,6-6,"6'6""",78.0,80.42,"6'8""",2.42,plays_taller,80.42,"6'8""",2.42,plays_taller
2025,Rasheed Bello,Purdue Fort Wayne,79410,6-0,"6'0""",72.0,75.63,"6'4""",3.63,plays_taller,75.63,"6'4""",3.63,plays_taller
2025,Po'Boigh King,North Carolina Central,79416,6-4,"6'4""",76.0,76.15,"6'4""",0.15,plays_at_height,76.15,"6'4""",0.15,plays_at_height
2025,Luke Kearney,Air Force,79424,6-7,"6'7""",79.0,76.05,"6'4""",-2.95,plays_shorter,76.05,"6'4""",-2.95,plays_shorter
2025,Caleb Walker,Air Force,79430,6-9,"6'9""",81.0,79.06,"6'7""",-1.94,plays_shorter,79.06,"6'7""",-1.94,plays_shorter
2025,Wesley Celichowski,Air Force,79431,7-0,"7'0""",84.0,77.7,"6'6""",-6.3,plays_shorter,77.7,"6'6""",-6.3,plays_shorter
2025,Zaire Hayes,Texas Southern,79446,6-2,"6'2""",74.0,74.72,"6'3""",0.72,plays_at_height,74.72,"6'3""",0.72,plays_at_height
2025,Jacob Cofie,Virginia,126518,6-10,"6'10""",82.0,81.01,"6'9""",-0.99,plays_shorter,81.01,"6'9""",-0.99,plays_shorter
2025,Billy Richmond III,Arkansas,126521,6-5,"6'5""",77.0,79.07,"6'7""",2.07,plays_taller,79.07,"6'7""",2.07,plays_taller
2025,Karter Knox,Arkansas,126525,6-6,"6'6""",78.0,78.45,"6'6""",0.45,plays_at_height,78.45,"6'6""",0.45,plays_at_height
2025,Cole Franklin,Cleveland St.,126529,6-4,"6'4""",76.0,76.7,"6'5""",0.7,plays_at_height,76.7,"6'5""",0.7,plays_at_height
2025,Jamal Fuller,LIU,126532,6-5,"6'5""",77.0,78.95,"6'7""",1.95,plays_taller,78.95,"6'7""",1.95,plays_taller
2025,Dilen Miller,Robert Morris,126534,6-4,"6'4""",76.0,74.37,"6'2""",-1.63,plays_shorter,74.37,"6'2""",-1.63,plays_shorter
2025,Michael Marcus Jr.,Appalachian St.,126536,6-9,"6'9""",81.0,77.91,"6'6""",-3.09,plays_shorter,77.91,"6'6""",-3.09,plays_shorter
2025,Del Jones,Clemson,126539,6-2,"6'2""",74.0,75.29,"6'3""",1.29,plays_taller,75.29,"6'3""",1.29,plays_taller
2025,Ryan Williams,Northeastern,126541,6-4,"6'4""",76.0,74.53,"6'3""",-1.47,plays_shorter,74.53,"6'3""",-1.47,plays_shorter
2025,Joson Sanon,Arizona St.,126544,6-5,"6'5""",77.0,75.53,"6'4""",-1.47,plays_shorter,75.53,"6'4""",-1.47,plays_shorter
2025,Amier Ali,Arizona St.,126545,6-8,"6'8""",80.0,76.84,"6'5""",-3.16,plays_shorter,76.84,"6'5""",-3.16,plays_shorter
2025,Jase Richardson,Michigan St.,126552,6-3,"6'3""",75.0,77.78,"6'6""",2.78,plays_taller,77.78,"6'6""",2.78,plays_taller
2025,Thompson Camara,Charleston Southern,126560,6-7,"6'7""",79.0,75.36,"6'3""",-3.64,plays_shorter,75.36,"6'3""",-3.64,plays_shorter
2025,Sam Duskin,Air Force,126566,6-4,"6'4""",76.0,76.68,"6'5""",0.68,plays_at_height,76.68,"6'5""",0.68,plays_at_height
2025,Kyle Marshall,Air Force,126568,6-4,"6'4""",76.0,78.18,"6'6""",2.18,plays_taller,78.18,"6'6""",2.18,plays_taller
2025,Grady Lewis,Cal St. Northridge,126570,6-9,"6'9""",81.0,78.97,"6'7""",-2.03,plays_shorter,78.97,"6'7""",-2.03,plays_shorter
2025,Tavion Banks,Drake,126572,6-7,"6'7""",79.0,81.07,"6'9""",2.07,plays_taller,81.07,"6'9""",2.07,plays_taller
2025,Isaia Howard,Drake,126574,6-5,"6'5""",77.0,79.33,"6'7""",2.33,plays_taller,79.33,"6'7""",2.33,plays_taller
2025,Kamrin Oriol,North Florida,126575,6-3,"6'3""",75.0,74.2,"6'2""",-0.8,plays_shorter,74.2,"6'2""",-0.8,plays_shorter
2025,Tye Dorset,Merrimack,126576,6-3,"6'3""",75.0,74.62,"6'3""",-0.38,plays_at_height,74.62,"6'3""",-0.38,plays_at_height
2025,Jaylan Ouwinga,Toledo,126578,6-8,"6'8""",80.0,78.12,"6'6""",-1.88,plays_shorter,78.12,"6'6""",-1.88,plays_shorter
2025,Marcus Overstreet,Mercer,126579,6-9,"6'9""",81.0,81.87,"6'10""",0.87,plays_taller,81.87,"6'10""",0.87,plays_taller
2025,Dillan Baker,Northern Arizona,126580,6-6,"6'6""",78.0,75.67,"6'4""",-2.33,plays_shorter,75.67,"6'4""",-2.33,plays_shorter
2025,Trent Perry,UCLA,126582,6-4,"6'4""",76.0,78.15,"6'6""",2.15,plays_taller,78.15,"6'6""",2.15,plays_taller
2025,David Hermes,UTSA,126584,6-10,"6'10""",82.0,76.9,"6'5""",-5.1,plays_shorter,76.9,"6'5""",-5.1,plays_shorter
2025,Baboucarr Njie,UTSA,126586,6-5,"6'5""",77.0,78.75,"6'7""",1.75,plays_taller,78.75,"6'7""",1.75,plays_taller
2025,Leigh Rickwood-Pitt,Northern Arizona,126588,6-10,"6'10""",82.0,77.4,"6'5""",-4.6,plays_shorter,77.4,"6'5""",-4.6,plays_shorter
2025,Cooper Campbell,Troy,126590,6-2,"6'2""",74.0,74.67,"6'3""",0.67,plays_at_height,74.67,"6'3""",0.67,plays_at_height
2025,Alier Maluk,Florida St.,126597,7-0,"7'0""",84.0,78.98,"6'7""",-5.02,plays_shorter,78.98,"6'7""",-5.02,plays_shorter
2025,Tre Johnson,Texas,126599,6-6,"6'6""",78.0,76.05,"6'4""",-1.95,plays_shorter,76.05,"6'4""",-1.95,plays_shorter
2025,Tyler Boston,Holy Cross,126601,5-10,"5'10""",70.0,74.57,"6'3""",4.57,plays_taller,74.57,"6'3""",4.57,plays_taller
2025,Josh Massey,Stetson,126602,6-6,"6'6""",78.0,78.1,"6'6""",0.1,plays_at_height,78.1,"6'6""",0.1,plays_at_height
2025,Isaiah Chappell,UC Davis,126605,6-9,"6'9""",81.0,76.68,"6'5""",-4.32,plays_shorter,76.68,"6'5""",-4.32,plays_shorter
2025,Arlandus Keyes,Mount St. Mary's,126608,6-2,"6'2""",74.0,76.11,"6'4""",2.11,plays_taller,76.11,"6'4""",2.11,plays_taller
2025,Nicholas Shogbonyo,Denver,126609,6-1,"6'1""",73.0,75.73,"6'4""",2.73,plays_taller,75.73,"6'4""",2.73,plays_taller
2025,Jon Mani,Denver,126611,6-7,"6'7""",79.0,76.16,"6'4""",-2.84,plays_shorter,76.16,"6'4""",-2.84,plays_shorter
2025,Sam Stockton,Eastern Washington,126612,6-2,"6'2""",74.0,75.5,"6'4""",1.5,plays_taller,75.5,"6'4""",1.5,plays_taller
2025,DaSean Stevens,Seattle,126614,6-3,"6'3""",75.0,74.81,"6'3""",-0.19,plays_at_height,74.81,"6'3""",-0.19,plays_at_height
2025,Houran Dan,Seattle,126615,6-10,"6'10""",82.0,79.35,"6'7""",-2.65,plays_shorter,79.35,"6'7""",-2.65,plays_shorter
2025,Quel'Ron House,Jacksonville St.,126619,5-11,"5'11""",71.0,75.21,"6'3""",4.21,plays_taller,75.21,"6'3""",4.21,plays_taller
2025,Collin Chandler,Kentucky,126620,6-5,"6'5""",77.0,74.86,"6'3""",-2.14,plays_shorter,74.86,"6'3""",-2.14,plays_shorter
2025,Jack Daugherty,Illinois St.,126621,6-8,"6'8""",80.0,75.34,"6'3""",-4.66,plays_shorter,75.34,"6'3""",-4.66,plays_shorter
2025,Brady Shoulders,Mercer,126622,6-6,"6'6""",78.0,77.05,"6'5""",-0.95,plays_shorter,77.05,"6'5""",-0.95,plays_shorter
2025,Jake O'Neil,Idaho St.,126624,6-4,"6'4""",76.0,79.46,"6'7""",3.46,plays_taller,79.46,"6'7""",3.46,plays_taller
2025,Collin O'Connor,Stony Brook,126626,6-3,"6'3""",75.0,74.45,"6'2""",-0.55,plays_at_height,74.45,"6'2""",-0.55,plays_at_height
2025,Tyrone Riley IV,San Francisco,126632,6-6,"6'6""",78.0,80.19,"6'8""",2.19,plays_taller,80.19,"6'8""",2.19,plays_taller
2025,James O'Donnell,San Francisco,126633,6-9,"6'9""",81.0,79.81,"6'8""",-1.19,plays_shorter,79.81,"6'8""",-1.19,plays_shorter
2025,Zaxton King,Missouri St.,126635,6-3,"6'3""",75.0,75.16,"6'3""",0.16,plays_at_height,75.16,"6'3""",0.16,plays_at_height
2025,Mozae Downing-Rivers,Missouri St.,126638,6-6,"6'6""",78.0,74.41,"6'2""",-3.59,plays_shorter,74.41,"6'2""",-3.59,plays_shorter
2025,Amir Lindsey,Albany,126642,5-10,"5'10""",70.0,74.87,"6'3""",4.87,plays_taller,74.87,"6'3""",4.87,plays_taller
2025,Cooper Koch,Iowa,126644,6-8,"6'8""",80.0,77.59,"6'6""",-2.41,plays_shorter,77.59,"6'6""",-2.41,plays_shorter
2025,Martin Somerville,UMass Lowell,126649,6-3,"6'3""",75.0,74.62,"6'3""",-0.38,plays_at_height,74.62,"6'3""",-0.38,plays_at_height
2025,Britton Berrett,Utah Tech,126651,6-5,"6'5""",77.0,76.52,"6'5""",-0.48,plays_at_height,76.52,"6'5""",-0.48,plays_at_height
2025,Tahaad Pettiford,Auburn,126654,6-1,"6'1""",73.0,76.27,"6'4""",3.27,plays_taller,76.27,"6'4""",3.27,plays_taller
2025,Hunter Schenck,Utah Tech,126656,6-2,"6'2""",74.0,75.13,"6'3""",1.13,plays_taller,75.13,"6'3""",1.13,plays_taller
2025,Aidan Richard,Holy Cross,126662,6-6,"6'6""",78.0,74.78,"6'3""",-3.22,plays_shorter,74.78,"6'3""",-3.22,plays_shorter
2025,Drake Powell,North Carolina,126665,6-6,"6'6""",78.0,78.12,"6'6""",0.12,plays_at_height,78.12,"6'6""",0.12,plays_at_height
2025,Camerin James,East Texas A&M,126671,6-5,"6'5""",77.0,77.32,"6'5""",0.32,plays_at_height,77.32,"6'5""",0.32,plays_at_height
2025,Riley Fox,Yale,126673,6-6,"6'6""",78.0,74.31,"6'2""",-3.69,plays_shorter,74.31,"6'2""",-3.69,plays_shorter
2025,Jaden Jackson,South Dakota St.,126674,6-0,"6'0""",72.0,75.38,"6'3""",3.38,plays_taller,75.38,"6'3""",3.38,plays_taller
2025,Owen Larson,South Dakota St.,126675,6-2,"6'2""",74.0,75.35,"6'3""",1.35,plays_taller,75.35,"6'3""",1.35,plays_taller
2025,Stoney Hadnot,South Dakota St.,126678,6-6,"6'6""",78.0,79.71,"6'8""",1.71,plays_taller,79.71,"6'8""",1.71,plays_taller
2025,Myles Corey,South Alabama,126681,6-0,"6'0""",72.0,76.5,"6'5""",4.5,plays_taller,76.5,"6'5""",4.5,plays_taller
2025,Aiden Tobiason,Temple,126683,6-5,"6'5""",77.0,76.77,"6'5""",-0.23,plays_at_height,76.77,"6'5""",-0.23,plays_at_height
2025,Luke Davis,New Orleans,126687,6-8,"6'8""",80.0,77.75,"6'6""",-2.25,plays_shorter,77.75,"6'6""",-2.25,plays_shorter
2025,Jakai Sanders,Saint Peter's,126688,6-3,"6'3""",75.0,72.5,"6'0""",-2.5,plays_shorter,72.5,"6'0""",-2.5,plays_shorter
2025,Mykolaus Ivanauskas,Mercyhurst,126689,6-8,"6'8""",80.0,78.93,"6'7""",-1.07,plays_shorter,78.93,"6'7""",-1.07,plays_shorter
2025,Sir Mohammed,Notre Dame,126692,6-6,"6'6""",78.0,76.55,"6'5""",-1.45,plays_shorter,76.55,"6'5""",-1.45,plays_shorter
2025,Cole Certa,Notre Dame,126693,6-5,"6'5""",77.0,73.98,"6'2""",-3.02,plays_shorter,73.98,"6'2""",-3.02,plays_shorter
2025,Raysean Seamster,UT Arlington,126695,6-8,"6'8""",80.0,79.26,"6'7""",-0.74,plays_at_height,79.26,"6'7""",-0.74,plays_at_height
2025,Torian Lee,UC Irvine,126697,5-10,"5'10""",70.0,74.97,"6'3""",4.97,plays_taller,74.97,"6'3""",4.97,plays_taller
2025,Karmani Gregory,USC Upstate,126699,6-1,"6'1""",73.0,74.28,"6'2""",1.28,plays_taller,74.28,"6'2""",1.28,plays_taller
2025,Breylin Garcia,USC Upstate,126701,6-6,"6'6""",78.0,77.72,"6'6""",-0.28,plays_at_height,77.72,"6'6""",-0.28,plays_at_height
2025,Daniel Helterhoff,USC Upstate,126703,6-10,"6'10""",82.0,77.23,"6'5""",-4.77,plays_shorter,77.23,"6'5""",-4.77,plays_shorter
2025,Malachi Palmer,Maryland,126705,6-6,"6'6""",78.0,77.04,"6'5""",-0.96,plays_shorter,77.04,"6'5""",-0.96,plays_shorter
2025,Derik Queen,Maryland,126706,6-10,"6'10""",82.0,82.86,"6'11""",0.86,plays_taller,82.86,"6'11""",0.86,plays_taller
2025,Andy Stefonowicz,North Dakota St.,126707,6-1,"6'1""",73.0,75.19,"6'3""",2.19,plays_taller,75.19,"6'3""",2.19,plays_taller
2025,Cantia Rahming,South Alabama,126709,6-6,"6'6""",78.0,80.33,"6'8""",2.33,plays_taller,80.33,"6'8""",2.33,plays_taller
2025,Jayden Mott,Northern Illinois,126710,6-8,"6'8""",80.0,78.22,"6'6""",-1.78,plays_shorter,78.22,"6'6""",-1.78,plays_shorter
2025,DaMariee Jones,Southern,126711,6-5,"6'5""",77.0,80.83,"6'9""",3.83,plays_taller,80.83,"6'9""",3.83,plays_taller
2025,Florian Tenebay,South Carolina St.,126712,6-5,"6'5""",77.0,76.93,"6'5""",-0.07,plays_at_height,76.93,"6'5""",-0.07,plays_at_height
2025,Danquez Dawsey,Lamar,126715,6-2,"6'2""",74.0,74.33,"6'2""",0.33,plays_at_height,74.33,"6'2""",0.33,plays_at_height
2025,Kalil Camara,Bethune Cookman,126716,6-7,"6'7""",79.0,77.8,"6'6""",-1.2,plays_shorter,77.8,"6'6""",-1.2,plays_shorter
2025,Jon O'Neill,New Hampshire,126717,6-9,"6'9""",81.0,79.54,"6'8""",-1.46,plays_shorter,79.54,"6'8""",-1.46,plays_shorter
2025,Elijah Malone,Colorado,126722,6-10,"6'10""",82.0,79.48,"6'7""",-2.52,plays_shorter,79.48,"6'7""",-2.52,plays_shorter
2025,Dorian McMillian,Jackson St.,126727,6-3,"6'3""",75.0,77.04,"6'5""",2.04,plays_taller,77.04,"6'5""",2.04,plays_taller
2025,Ebo Wilson,Jackson St.,126729,6-10,"6'10""",82.0,78.47,"6'6""",-3.53,plays_shorter,78.47,"6'6""",-3.53,plays_shorter
2025,Sean Craig,IU Indy,126732,6-7,"6'7""",79.0,78.22,"6'6""",-0.78,plays_shorter,78.22,"6'6""",-0.78,plays_shorter
2025,John Mobley Jr.,Ohio St.,126733,6-1,"6'1""",73.0,74.13,"6'2""",1.13,plays_taller,74.13,"6'2""",1.13,plays_taller
2025,Jordan Rogers,NJIT,126737,6-6,"6'6""",78.0,77.82,"6'6""",-0.18,plays_at_height,77.82,"6'6""",-0.18,plays_at_height
2025,Walt Andrews Jr.,NJIT,126739,6-4,"6'4""",76.0,75.3,"6'3""",-0.7,plays_at_height,75.3,"6'3""",-0.7,plays_at_height
2025,Mykol Sanchez-Vega,East Texas A&M,126743,6-6,"6'6""",78.0,75.39,"6'3""",-2.61,plays_shorter,75.39,"6'3""",-2.61,plays_shorter
2025,Scooter Williams Jr.,East Texas A&M,126744,6-5,"6'5""",77.0,78.2,"6'6""",1.2,plays_taller,78.2,"6'6""",1.2,plays_taller
2025,TJ Thomas,East Texas A&M,126745,6-2,"6'2""",74.0,75.63,"6'4""",1.63,plays_taller,75.63,"6'4""",1.63,plays_taller
2025,Liutauras Lelevicius,Oregon St.,126747,6-7,"6'7""",79.0,77.29,"6'5""",-1.71,plays_shorter,77.29,"6'5""",-1.71,plays_shorter
2025,Charles Johnston,Furman,126749,6-11,"6'11""",83.0,78.28,"6'6""",-4.72,plays_shorter,78.28,"6'6""",-4.72,plays_shorter
2025,Tomas Thrastarson,Washington St.,126750,6-6,"6'6""",78.0,78.41,"6'6""",0.41,plays_at_height,78.41,"6'6""",0.41,plays_at_height
2025,Kieran Elliott,Cal Poly,126754,6-6,"6'6""",78.0,76.8,"6'5""",-1.2,plays_shorter,76.8,"6'5""",-1.2,plays_shorter
2025,Jackson McAndrew,Creighton,126755,6-10,"6'10""",82.0,77.36,"6'5""",-4.64,plays_shorter,77.36,"6'5""",-4.64,plays_shorter
2025,Zoom Diallo,Washington,126760,6-4,"6'4""",76.0,75.85,"6'4""",-0.15,plays_at_height,75.85,"6'4""",-0.15,plays_at_height
2025,Jase Butler,Washington,126761,6-4,"6'4""",76.0,74.36,"6'2""",-1.64,plays_shorter,74.36,"6'2""",-1.64,plays_shorter
2025,Kyle Pulliam,William & Mary,126763,6-4,"6'4""",76.0,76.89,"6'5""",0.89,plays_taller,76.89,"6'5""",0.89,plays_taller
2025,Jordan Pyke,Incarnate Word,126765,6-7,"6'7""",79.0,79.14,"6'7""",0.14,plays_at_height,79.14,"6'7""",0.14,plays_at_height
2025,Robert Smith,Delaware St.,126766,6-1,"6'1""",73.0,74.58,"6'3""",1.58,plays_taller,74.58,"6'3""",1.58,plays_taller
2025,Hank Alvey,Lehigh,126769,6-9,"6'9""",81.0,78.47,"6'6""",-2.53,plays_shorter,78.47,"6'6""",-2.53,plays_shorter
2025,Edouard Benoit,Lehigh,126770,6-8,"6'8""",80.0,76.06,"6'4""",-3.94,plays_shorter,76.06,"6'4""",-3.94,plays_shorter
2025,Alfredo Addesa,Lehigh,126771,6-10,"6'10""",82.0,77.82,"6'6""",-4.18,plays_shorter,77.82,"6'6""",-4.18,plays_shorter
2025,David Castillo,Kansas St.,126779,6-1,"6'1""",73.0,73.41,"6'1""",0.41,plays_at_height,73.41,"6'1""",0.41,plays_at_height
2025,Jayden Williams,Bucknell,126780,5-10,"5'10""",70.0,73.62,"6'2""",3.62,plays_taller,73.62,"6'2""",3.62,plays_taller
2025,Greg Moore,Mississippi Valley St.,126782,6-3,"6'3""",75.0,74.8,"6'3""",-0.2,plays_at_height,74.8,"6'3""",-0.2,plays_at_height
2025,Jermahri Hill,Ball St.,126786,6-5,"6'5""",77.0,77.65,"6'6""",0.65,plays_at_height,77.65,"6'6""",0.65,plays_at_height
2025,Frederiks Meinarts,Buffalo,126795,7-0,"7'0""",84.0,76.69,"6'5""",-7.31,plays_shorter,76.69,"6'5""",-7.31,plays_shorter
2025,Ben Michaels,Buffalo,126797,6-8,"6'8""",80.0,78.24,"6'6""",-1.76,plays_shorter,78.24,"6'6""",-1.76,plays_shorter
2025,Brayden Jackson,Buffalo,126798,6-8,"6'8""",80.0,77.18,"6'5""",-2.82,plays_shorter,77.18,"6'5""",-2.82,plays_shorter
2025,Tyson Dunn,Buffalo,126799,6-3,"6'3""",75.0,75.33,"6'3""",0.33,plays_at_height,75.33,"6'3""",0.33,plays_at_height
2025,Kavon Bradford,Buffalo,126801,6-2,"6'2""",74.0,77.83,"6'6""",3.83,plays_taller,77.83,"6'6""",3.83,plays_taller
2025,Brandon Jennings,VCU,126803,6-4,"6'4""",76.0,78.17,"6'6""",2.17,plays_taller,78.17,"6'6""",2.17,plays_taller
2025,Declan Dillon,SIU Edwardsville,126809,6-0,"6'0""",72.0,76.2,"6'4""",4.2,plays_taller,76.2,"6'4""",4.2,plays_taller
2025,Connor Dillon,Bradley,126810,6-2,"6'2""",74.0,76.06,"6'4""",2.06,plays_taller,76.06,"6'4""",2.06,plays_taller
2025,Jaxon Olvera,Pepperdine,126811,6-5,"6'5""",77.0,75.53,"6'4""",-1.47,plays_shorter,75.53,"6'4""",-1.47,plays_shorter
2025,Taj Au-Duke,Pepperdine,126812,6-3,"6'3""",75.0,73.83,"6'2""",-1.17,plays_shorter,73.83,"6'2""",-1.17,plays_shorter
2025,Pape N'Diaye,UNLV,126814,7-0,"7'0""",84.0,82.87,"6'11""",-1.13,plays_shorter,82.87,"6'11""",-1.13,plays_shorter
2025,AJ Bates,Louisiana Tech,126821,6-3,"6'3""",75.0,76.73,"6'5""",1.73,plays_taller,76.73,"6'5""",1.73,plays_taller
2025,Al Green,Louisiana Tech,126822,6-3,"6'3""",75.0,75.61,"6'4""",0.61,plays_at_height,75.61,"6'4""",0.61,plays_at_height
2025,Isaac Parson,North Carolina Central,126827,6-2,"6'2""",74.0,75.0,"6'3""",1.0,plays_taller,75.0,"6'3""",1.0,plays_taller
2025,Eric Morgan Jr.,Saint Peter's,126828,6-4,"6'4""",76.0,74.82,"6'3""",-1.18,plays_shorter,74.82,"6'3""",-1.18,plays_shorter
2025,Micah Smith,Georgia Southern,126829,6-7,"6'7""",79.0,77.75,"6'6""",-1.25,plays_shorter,77.75,"6'6""",-1.25,plays_shorter
2025,Braylhan Thomas,Georgia Southern,126830,6-6,"6'6""",78.0,77.12,"6'5""",-0.88,plays_shorter,77.12,"6'5""",-0.88,plays_shorter
2025,Nakavieon White,Georgia Southern,126831,6-7,"6'7""",79.0,77.2,"6'5""",-1.8,plays_shorter,77.2,"6'5""",-1.8,plays_shorter
2025,Josh Omojafo,Robert Morris,126835,6-5,"6'5""",77.0,77.11,"6'5""",0.11,plays_at_height,77.11,"6'5""",0.11,plays_at_height
2025,Caleb Williams,Lafayette,126841,6-0,"6'0""",72.0,75.11,"6'3""",3.11,plays_taller,75.11,"6'3""",3.11,plays_taller
2025,Jayvon Maughmer,Liberty,126842,6-6,"6'6""",78.0,77.93,"6'6""",-0.07,plays_at_height,77.93,"6'6""",-0.07,plays_at_height
2025,Josiah Moseley,Villanova,126845,6-6,"6'6""",78.0,78.69,"6'7""",0.69,plays_at_height,78.69,"6'7""",0.69,plays_at_height
2025,Arthur Tate,Mississippi Valley St.,126849,6-6,"6'6""",78.0,75.75,"6'4""",-2.25,plays_shorter,75.75,"6'4""",-2.25,plays_shorter
2025,Martin Kawa,Marist,126851,6-4,"6'4""",76.0,73.38,"6'1""",-2.62,plays_shorter,73.38,"6'1""",-2.62,plays_shorter
2025,All Wright,Valparaiso,126859,6-3,"6'3""",75.0,74.53,"6'3""",-0.47,plays_at_height,74.53,"6'3""",-0.47,plays_at_height
2025,Justus McNair,Valparaiso,126860,6-3,"6'3""",75.0,75.59,"6'4""",0.59,plays_at_height,75.59,"6'4""",0.59,plays_at_height
2025,Je'Shawn Stevenson,Cleveland St.,126862,6-2,"6'2""",74.0,77.09,"6'5""",3.09,plays_taller,77.09,"6'5""",3.09,plays_taller
2025,Reece Robinson,Cleveland St.,126863,6-8,"6'8""",80.0,79.88,"6'8""",-0.12,plays_at_height,79.88,"6'8""",-0.12,plays_at_height
2025,Owen Koonce,Cal Poly,126865,6-5,"6'5""",77.0,78.02,"6'6""",1.02,plays_taller,78.02,"6'6""",1.02,plays_taller
2025,Eze Wali,The Citadel,126868,6-1,"6'1""",73.0,73.56,"6'2""",0.56,plays_at_height,73.56,"6'2""",0.56,plays_at_height
2025,Oswin Erhunmwunse,Providence,126870,6-10,"6'10""",82.0,84.52,"7'1""",2.52,plays_taller,84.52,"7'1""",2.52,plays_taller
2025,Davian Williams,Alcorn St.,126871,6-0,"6'0""",72.0,75.14,"6'3""",3.14,plays_taller,75.14,"6'3""",3.14,plays_taller
2025,Dylan Grant,Rutgers,126873,6-7,"6'7""",79.0,78.8,"6'7""",-0.2,plays_at_height,78.8,"6'7""",-0.2,plays_at_height
2025,George Kimble III,Eastern Kentucky,126876,6-2,"6'2""",74.0,76.67,"6'5""",2.67,plays_taller,76.67,"6'5""",2.67,plays_taller
2025,Brayden Fagbemi,Central Arkansas,126879,6-0,"6'0""",72.0,74.94,"6'3""",2.94,plays_taller,74.94,"6'3""",2.94,plays_taller
2025,Kamryn Thomas,Nebraska Omaha,126885,6-8,"6'8""",80.0,77.89,"6'6""",-2.11,plays_shorter,77.89,"6'6""",-2.11,plays_shorter
2025,Cael Schmitt,Northern Iowa,126889,6-2,"6'2""",74.0,73.45,"6'1""",-0.55,plays_at_height,73.45,"6'1""",-0.55,plays_at_height
2025,Caleb Jones,Arkansas Pine Bluff,126892,6-1,"6'1""",73.0,73.8,"6'2""",0.8,plays_taller,73.8,"6'2""",0.8,plays_taller
2025,Yoav Berman,Queens,126893,6-6,"6'6""",78.0,75.68,"6'4""",-2.32,plays_shorter,75.68,"6'4""",-2.32,plays_shorter
2025,Justin Ray,Monmouth,126895,6-3,"6'3""",75.0,74.13,"6'2""",-0.87,plays_shorter,74.13,"6'2""",-0.87,plays_shorter
2025,Maban Jabriel,Queens,126899,6-9,"6'9""",81.0,78.92,"6'7""",-2.08,plays_shorter,78.92,"6'7""",-2.08,plays_shorter
2025,Jordy Barnes,Utah St.,126901,6-3,"6'3""",75.0,73.97,"6'2""",-1.03,plays_shorter,73.97,"6'2""",-1.03,plays_shorter
2025,Evan van der Plas,Canisius,126904,6-5,"6'5""",77.0,74.77,"6'3""",-2.23,plays_shorter,74.77,"6'3""",-2.23,plays_shorter
2025,Declan Cutler,Weber St.,126906,6-9,"6'9""",81.0,77.65,"6'6""",-3.35,plays_shorter,77.65,"6'6""",-3.35,plays_shorter
2025,Saadiq Moore,Weber St.,126907,6-5,"6'5""",77.0,74.48,"6'2""",-2.52,plays_shorter,74.48,"6'2""",-2.52,plays_shorter
2025,Mekhi Conner,Sacred Heart,126908,6-1,"6'1""",73.0,74.75,"6'3""",1.75,plays_taller,74.75,"6'3""",1.75,plays_taller
2025,Kayden Carter,Western Illinois,126909,6-7,"6'7""",79.0,77.77,"6'6""",-1.23,plays_shorter,77.77,"6'6""",-1.23,plays_shorter
2025,Fallou Gueye,Sacred Heart,126914,6-6,"6'6""",78.0,76.53,"6'5""",-1.47,plays_shorter,76.53,"6'5""",-1.47,plays_shorter
2025,Lenard Taylor Jr.,Florida A&M,126917,6-2,"6'2""",74.0,75.18,"6'3""",1.18,plays_taller,75.18,"6'3""",1.18,plays_taller
2025,Jocobi Hendricks,Florida A&M,126919,6-0,"6'0""",72.0,74.73,"6'3""",2.73,plays_taller,74.73,"6'3""",2.73,plays_taller
2025,Jamine Charles,Florida A&M,126920,6-11,"6'11""",83.0,79.25,"6'7""",-3.75,plays_shorter,79.25,"6'7""",-3.75,plays_shorter
2025,Patrick Ngongba,Duke,126923,6-11,"6'11""",83.0,81.75,"6'10""",-1.25,plays_shorter,81.75,"6'10""",-1.25,plays_shorter
2025,Isaiah Evans,Duke,126924,6-6,"6'6""",78.0,75.7,"6'4""",-2.3,plays_shorter,75.7,"6'4""",-2.3,plays_shorter
2025,Kon Knueppel,Duke,126925,6-7,"6'7""",79.0,76.85,"6'5""",-2.15,plays_shorter,76.85,"6'5""",-2.15,plays_shorter
2025,Khaman Maluach,Duke,126927,7-2,"7'2""",86.0,85.77,"7'2""",-0.23,plays_at_height,85.77,"7'2""",-0.23,plays_at_height
2025,Ty Bevins,George Washington,126929,6-5,"6'5""",77.0,75.34,"6'3""",-1.66,plays_shorter,75.34,"6'3""",-1.66,plays_shorter
2025,Chris Arias,Jacksonville,126930,6-6,"6'6""",78.0,75.88,"6'4""",-2.12,plays_shorter,75.88,"6'4""",-2.12,plays_shorter
2025,Blake Lander,LIU,126932,6-4,"6'4""",76.0,74.93,"6'3""",-1.07,plays_shorter,74.93,"6'3""",-1.07,plays_shorter
2025,Dennis Asoro,Arkansas Pine Bluff,126933,6-8,"6'8""",80.0,76.96,"6'5""",-3.04,plays_shorter,76.96,"6'5""",-3.04,plays_shorter
2025,Nathan Dudukovich,IU Indy,126935,6-3,"6'3""",75.0,73.55,"6'2""",-1.45,plays_shorter,73.55,"6'2""",-1.45,plays_shorter
2025,Devin Brafford,Siena,126937,7-1,"7'1""",85.0,80.85,"6'9""",-4.15,plays_shorter,80.85,"6'9""",-4.15,plays_shorter
2025,Luke Anderson,James Madison,126939,6-8,"6'8""",80.0,77.04,"6'5""",-2.96,plays_shorter,77.04,"6'5""",-2.96,plays_shorter
2025,Dailliss Cox,Chicago St.,126940,6-6,"6'6""",78.0,75.83,"6'4""",-2.17,plays_shorter,75.83,"6'4""",-2.17,plays_shorter
2025,Kole Williams,FIU,126941,6-4,"6'4""",76.0,76.3,"6'4""",0.3,plays_at_height,76.3,"6'4""",0.3,plays_at_height
2025,Caden Diggs,Old Dominion,126942,6-7,"6'7""",79.0,75.98,"6'4""",-3.02,plays_shorter,75.98,"6'4""",-3.02,plays_shorter
2025,Ashton Williamson,FIU,126944,6-2,"6'2""",74.0,76.2,"6'4""",2.2,plays_taller,76.2,"6'4""",2.2,plays_taller
2025,Asim Jones,FIU,126945,6-2,"6'2""",74.0,76.72,"6'5""",2.72,plays_taller,76.72,"6'5""",2.72,plays_taller
2025,Scottie Hubbard,Old Dominion,126946,6-6,"6'6""",78.0,74.48,"6'2""",-3.52,plays_shorter,74.48,"6'2""",-3.52,plays_shorter
2025,Obi Agbim,Wyoming,126954,6-3,"6'3""",75.0,76.19,"6'4""",1.19,plays_taller,76.19,"6'4""",1.19,plays_taller
2025,Samet Yigitoglu,SMU,126956,7-2,"7'2""",86.0,81.91,"6'10""",-4.09,plays_shorter,81.91,"6'10""",-4.09,plays_shorter
2025,Isaiah Sy,Oregon St.,126961,6-7,"6'7""",79.0,75.52,"6'4""",-3.48,plays_shorter,75.52,"6'4""",-3.48,plays_shorter
2025,Ben Hammond,Virginia Tech,126968,5-11,"5'11""",71.0,74.74,"6'3""",3.74,plays_taller,74.74,"6'3""",3.74,plays_taller
2025,Antwaun Massey,Southern Illinois,126971,6-8,"6'8""",80.0,79.08,"6'7""",-0.92,plays_shorter,79.08,"6'7""",-0.92,plays_shorter
2025,Dylan Godfrey,Canisius,126975,6-8,"6'8""",80.0,75.23,"6'3""",-4.77,plays_shorter,75.23,"6'3""",-4.77,plays_shorter
2025,Jaxson Ford,Sam Houston St.,126977,6-7,"6'7""",79.0,78.47,"6'6""",-0.53,plays_at_height,78.47,"6'6""",-0.53,plays_at_height
2025,Rich Smith,Abilene Christian,126981,6-4,"6'4""",76.0,77.72,"6'6""",1.72,plays_taller,77.72,"6'6""",1.72,plays_taller
2025,Jacob Dar,Rice,126984,6-7,"6'7""",79.0,78.37,"6'6""",-0.63,plays_at_height,78.37,"6'6""",-0.63,plays_at_height
2025,Jojo Anderson,Idaho,126986,6-0,"6'0""",72.0,74.86,"6'3""",2.86,plays_taller,74.86,"6'3""",2.86,plays_taller
2025,Elijah Mahi,Santa Clara,126990,6-7,"6'7""",79.0,78.17,"6'6""",-0.83,plays_shorter,78.17,"6'6""",-0.83,plays_shorter
2025,Amael L'Etang,Dayton,126992,7-1,"7'1""",85.0,81.74,"6'10""",-3.26,plays_shorter,81.74,"6'10""",-3.26,plays_shorter
2025,Luke Skaljac,Miami OH,126994,6-2,"6'2""",74.0,74.95,"6'3""",0.95,plays_taller,74.95,"6'3""",0.95,plays_taller
2025,Andrea Holden,Wright St.,126996,6-6,"6'6""",78.0,80.95,"6'9""",2.95,plays_taller,80.95,"6'9""",2.95,plays_taller
2025,Isaac Munkadi,Fairfield,126997,6-10,"6'10""",82.0,82.12,"6'10""",0.12,plays_at_height,82.12,"6'10""",0.12,plays_at_height
2025,Brant Byers,Miami OH,127000,6-8,"6'8""",80.0,77.99,"6'6""",-2.01,plays_shorter,77.99,"6'6""",-2.01,plays_shorter
2025,Angelo Winkel,Eastern Washington,127001,6-9,"6'9""",81.0,79.85,"6'8""",-1.15,plays_shorter,79.85,"6'8""",-1.15,plays_shorter
2025,CJ Brown,South Florida,127004,6-2,"6'2""",74.0,77.57,"6'6""",3.57,plays_taller,77.57,"6'6""",3.57,plays_taller
2025,Jimmie Williams,South Florida,127006,6-5,"6'5""",77.0,76.53,"6'5""",-0.47,plays_at_height,76.53,"6'5""",-0.47,plays_at_height
2025,Isaac Jessup,Cal Poly,127007,6-2,"6'2""",74.0,75.17,"6'3""",1.17,plays_taller,75.17,"6'3""",1.17,plays_taller
2025,Finn Lally,William & Mary,127013,6-8,"6'8""",80.0,77.82,"6'6""",-2.18,plays_shorter,77.82,"6'6""",-2.18,plays_shorter
2025,Somto Cyril,Georgia,127014,6-11,"6'11""",83.0,84.89,"7'1""",1.89,plays_taller,84.89,"7'1""",1.89,plays_taller
2025,Brennen Burns,Sam Houston St.,127015,5-10,"5'10""",70.0,74.54,"6'3""",4.54,plays_taller,74.54,"6'3""",4.54,plays_taller
2025,Dariyus Woodson,North Dakota,127017,6-7,"6'7""",79.0,75.85,"6'4""",-3.15,plays_shorter,75.85,"6'4""",-3.15,plays_shorter
2025,Reggie Thomas,North Dakota,127018,6-1,"6'1""",73.0,74.96,"6'3""",1.96,plays_taller,74.96,"6'3""",1.96,plays_taller
2025,Michael Jacobs,Southern,127021,6-2,"6'2""",74.0,76.58,"6'5""",2.58,plays_taller,76.58,"6'5""",2.58,plays_taller
2025,Gianni Cobb,Columbia,127022,6-0,"6'0""",72.0,74.54,"6'3""",2.54,plays_taller,74.54,"6'3""",2.54,plays_taller
2025,Alexis Marmolejos,Lamar,127023,6-1,"6'1""",73.0,75.12,"6'3""",2.12,plays_taller,75.12,"6'3""",2.12,plays_taller
2025,AJ Barnes,Southern,127026,6-6,"6'6""",78.0,78.3,"6'6""",0.3,plays_at_height,78.3,"6'6""",0.3,plays_at_height
2025,Joe Manning,Southern,127027,6-2,"6'2""",74.0,75.18,"6'3""",1.18,plays_taller,75.18,"6'3""",1.18,plays_taller
2025,Josh Ibukunoluwa,High Point,127029,6-10,"6'10""",82.0,80.01,"6'8""",-1.99,plays_shorter,80.01,"6'8""",-1.99,plays_shorter
2025,Jaqai Murray,North Carolina Central,127031,6-7,"6'7""",79.0,78.92,"6'7""",-0.08,plays_at_height,78.92,"6'7""",-0.08,plays_at_height
2025,Aaron Hunkin-Claytor,Hawaii,127034,6-2,"6'2""",74.0,75.76,"6'4""",1.76,plays_taller,75.76,"6'4""",1.76,plays_taller
2025,Andrew Nagy,Long Beach St.,127038,6-9,"6'9""",81.0,76.76,"6'5""",-4.24,plays_shorter,76.76,"6'5""",-4.24,plays_shorter
2025,Nordin Kapic,UC San Diego,127042,6-8,"6'8""",80.0,78.41,"6'6""",-1.59,plays_shorter,78.41,"6'6""",-1.59,plays_shorter
2025,Christian Reid,Southern Miss,127049,6-4,"6'4""",76.0,78.61,"6'7""",2.61,plays_taller,78.61,"6'7""",2.61,plays_taller
2025,Boogie Fland,Arkansas,127052,6-2,"6'2""",74.0,74.7,"6'3""",0.7,plays_at_height,74.7,"6'3""",0.7,plays_at_height
2025,Jaehshon Thomas,Charlotte,127058,6-3,"6'3""",75.0,76.3,"6'4""",1.3,plays_taller,76.3,"6'4""",1.3,plays_taller
2025,Ben Bradford,Charlotte,127059,6-5,"6'5""",77.0,76.94,"6'5""",-0.06,plays_at_height,76.94,"6'5""",-0.06,plays_at_height
2025,Aaron Potter,Texas A&M Corpus Chris,127061,6-3,"6'3""",75.0,75.48,"6'3""",0.48,plays_at_height,75.48,"6'3""",0.48,plays_at_height
2025,Cam Scott,South Carolina,127068,6-6,"6'6""",78.0,76.47,"6'4""",-1.53,plays_shorter,76.47,"6'4""",-1.53,plays_shorter
2025,Darius Robinson Jr.,Oral Roberts,127070,6-1,"6'1""",73.0,73.59,"6'2""",0.59,plays_at_height,73.59,"6'2""",0.59,plays_at_height
2025,Petar Majstorovic,Syracuse,127071,6-8,"6'8""",80.0,79.14,"6'7""",-0.86,plays_shorter,79.14,"6'7""",-0.86,plays_shorter
2025,Zion Walker,Radford,127073,6-2,"6'2""",74.0,74.58,"6'3""",0.58,plays_at_height,74.58,"6'3""",0.58,plays_at_height
2025,Brandon Maclin,Radford,127074,6-5,"6'5""",77.0,77.73,"6'6""",0.73,plays_at_height,77.73,"6'6""",0.73,plays_at_height
2025,Marvin McGhee IV,Cal St. Bakersfield,127075,6-6,"6'6""",78.0,76.41,"6'4""",-1.59,plays_shorter,76.41,"6'4""",-1.59,plays_shorter
2025,CJ Hardy,Cal St. Bakersfield,127077,6-3,"6'3""",75.0,76.76,"6'5""",1.76,plays_taller,76.76,"6'5""",1.76,plays_taller
2025,Isaiah Mbeng,William & Mary,127080,6-1,"6'1""",73.0,74.82,"6'3""",1.82,plays_taller,74.82,"6'3""",1.82,plays_taller
2025,Corey Thomas,Bradley,127087,6-9,"6'9""",81.0,80.64,"6'9""",-0.36,plays_at_height,80.64,"6'9""",-0.36,plays_at_height
2025,Jaquan Johnson,Bradley,127089,5-9,"5'9""",69.0,76.29,"6'4""",7.29,plays_taller,76.29,"6'4""",7.29,plays_taller
2025,Carmelo Pacheco,Mount St. Mary's,127090,6-5,"6'5""",77.0,74.29,"6'2""",-2.71,plays_shorter,74.29,"6'2""",-2.71,plays_shorter
2025,John-Paul Ricks,Prairie View A&M,127092,6-1,"6'1""",73.0,76.1,"6'4""",3.1,plays_taller,76.1,"6'4""",3.1,plays_taller
2025,Noah Bolanga,St. Bonaventure,127093,6-8,"6'8""",80.0,75.34,"6'3""",-4.66,plays_shorter,75.34,"6'3""",-4.66,plays_shorter
2025,Andrew Holifield,Lamar,127095,6-10,"6'10""",82.0,80.46,"6'8""",-1.54,plays_shorter,80.46,"6'8""",-1.54,plays_shorter
2025,Elijah Terry,Prairie View A&M,127096,6-10,"6'10""",82.0,78.05,"6'6""",-3.95,plays_shorter,78.05,"6'6""",-3.95,plays_shorter
2025,Josh Ijeh,UMKC,127099,6-9,"6'9""",81.0,80.93,"6'9""",-0.07,plays_at_height,80.93,"6'9""",-0.07,plays_at_height
2025,Tyler Johnson,Mercer,127100,6-2,"6'2""",74.0,75.37,"6'3""",1.37,plays_taller,75.37,"6'3""",1.37,plays_taller
2025,Nehemiah Turner,Central Arkansas,127102,6-10,"6'10""",82.0,81.89,"6'10""",-0.11,plays_at_height,81.89,"6'10""",-0.11,plays_at_height
2025,James Jones,Central Connecticut,127105,6-6,"6'6""",78.0,78.14,"6'6""",0.14,plays_at_height,78.14,"6'6""",0.14,plays_at_height
2025,Aiden Sherrell,Alabama,127111,6-10,"6'10""",82.0,80.39,"6'8""",-1.61,plays_shorter,80.39,"6'8""",-1.61,plays_shorter
2025,Derrion Reid,Alabama,127113,6-8,"6'8""",80.0,78.26,"6'6""",-1.74,plays_shorter,78.26,"6'6""",-1.74,plays_shorter
2025,Frank Champion,Chattanooga,127115,6-7,"6'7""",79.0,80.36,"6'8""",1.36,plays_taller,80.36,"6'8""",1.36,plays_taller
2025,Jonah Hinton,St. Bonaventure,127117,6-3,"6'3""",75.0,74.53,"6'3""",-0.47,plays_at_height,74.53,"6'3""",-0.47,plays_at_height
2025,Kam Williams,Tulane,127121,6-8,"6'8""",80.0,78.35,"6'6""",-1.65,plays_shorter,78.35,"6'6""",-1.65,plays_shorter
2025,Daniel Macgregor,Stetson,127122,6-0,"6'0""",72.0,74.6,"6'3""",2.6,plays_taller,74.6,"6'3""",2.6,plays_taller
2025,Zaon Collins,Fresno St.,127123,6-1,"6'1""",73.0,75.45,"6'3""",2.45,plays_taller,75.45,"6'3""",2.45,plays_taller
2025,Brandin Cummings,Pittsburgh,127125,6-3,"6'3""",75.0,76.33,"6'4""",1.33,plays_taller,76.33,"6'4""",1.33,plays_taller
2025,Connor Hollenbeck,Idaho St.,127131,6-7,"6'7""",79.0,76.99,"6'5""",-2.01,plays_shorter,76.99,"6'5""",-2.01,plays_shorter
2025,Deonte Williams,Sacramento St.,127132,6-6,"6'6""",78.0,77.31,"6'5""",-0.69,plays_at_height,77.31,"6'5""",-0.69,plays_at_height
2025,Leo Ricketts,Sacramento St.,127133,6-0,"6'0""",72.0,74.74,"6'3""",2.74,plays_taller,74.74,"6'3""",2.74,plays_taller
2025,Khouri Carvey,Morehead St.,127136,6-9,"6'9""",81.0,79.64,"6'8""",-1.36,plays_shorter,79.64,"6'8""",-1.36,plays_shorter
2025,Kade Ruegsegger,Morehead St.,127137,6-4,"6'4""",76.0,75.13,"6'3""",-0.87,plays_shorter,75.13,"6'3""",-0.87,plays_shorter
2025,Max Jusianiec,Mercyhurst,127138,6-7,"6'7""",79.0,76.29,"6'4""",-2.71,plays_shorter,76.29,"6'4""",-2.71,plays_shorter
2025,Leland Coleman,New Orleans,127140,6-8,"6'8""",80.0,78.07,"6'6""",-1.93,plays_shorter,78.07,"6'6""",-1.93,plays_shorter
2025,Theo Grant,New Orleans,127141,6-3,"6'3""",75.0,76.48,"6'4""",1.48,plays_taller,76.48,"6'4""",1.48,plays_taller
2025,Clash Peters,Georgia St.,127148,6-9,"6'9""",81.0,80.33,"6'8""",-0.67,plays_at_height,80.33,"6'8""",-0.67,plays_at_height
2025,Dezayne Mingo,Marshall,127152,6-4,"6'4""",76.0,76.36,"6'4""",0.36,plays_at_height,76.36,"6'4""",0.36,plays_at_height
2025,Jakob Gibbs,Marshall,127153,6-5,"6'5""",77.0,76.59,"6'5""",-0.41,plays_at_height,76.59,"6'5""",-0.41,plays_at_height
2025,Cade Gibbs,Marshall,127154,6-6,"6'6""",78.0,77.03,"6'5""",-0.97,plays_shorter,77.03,"6'5""",-0.97,plays_shorter
2025,Dominick Stewart,Penn St.,127159,6-5,"6'5""",77.0,76.78,"6'5""",-0.22,plays_at_height,76.78,"6'5""",-0.22,plays_at_height
2025,Dylan Williams,Penn,127162,5-11,"5'11""",71.0,74.59,"6'3""",3.59,plays_taller,74.59,"6'3""",3.59,plays_taller
2025,Jake Lemelman,Mercyhurst,127164,6-2,"6'2""",74.0,75.26,"6'3""",1.26,plays_taller,75.26,"6'3""",1.26,plays_taller
2025,Deshaun Jackson Jr.,Mercyhurst,127166,6-2,"6'2""",74.0,75.59,"6'4""",1.59,plays_taller,75.59,"6'4""",1.59,plays_taller
2025,Brayden Crump,Elon,127167,6-8,"6'8""",80.0,77.48,"6'5""",-2.52,plays_shorter,77.48,"6'5""",-2.52,plays_shorter
2025,Renars Sondors,Louisiana Monroe,127168,6-9,"6'9""",81.0,75.5,"6'4""",-5.5,plays_shorter,75.5,"6'4""",-5.5,plays_shorter
2025,Tate McCubbin,Austin Peay,127171,6-8,"6'8""",80.0,77.37,"6'5""",-2.63,plays_shorter,77.37,"6'5""",-2.63,plays_shorter
2025,Brian Amuneke,Fresno St.,127172,6-4,"6'4""",76.0,75.97,"6'4""",-0.03,plays_at_height,75.97,"6'4""",-0.03,plays_at_height
2025,Kai Johnson,Montana,127173,6-4,"6'4""",76.0,77.6,"6'6""",1.6,plays_taller,77.6,"6'6""",1.6,plays_taller
2025,Eric Michaels,American,127176,6-9,"6'9""",81.0,78.59,"6'7""",-2.41,plays_shorter,78.59,"6'7""",-2.41,plays_shorter
2025,Wyatt Nausadis,American,127178,6-4,"6'4""",76.0,74.9,"6'3""",-1.1,plays_shorter,74.9,"6'3""",-1.1,plays_shorter
2025,Damarion Walkup,Southeast Missouri St.,127179,6-3,"6'3""",75.0,75.16,"6'3""",0.16,plays_at_height,75.16,"6'3""",0.16,plays_at_height
2025,Madiba Owona,Utah Tech,127180,6-4,"6'4""",76.0,76.45,"6'4""",0.45,plays_at_height,76.45,"6'4""",0.45,plays_at_height
2025,Simon Hildebrandt,High Point,127181,6-9,"6'9""",81.0,78.48,"6'6""",-2.52,plays_shorter,78.48,"6'6""",-2.52,plays_shorter
2025,Veniamin Abosi,San Francisco,127184,6-6,"6'6""",78.0,77.47,"6'5""",-0.53,plays_at_height,77.47,"6'5""",-0.53,plays_at_height
2025,Jermaine Washington,San Jose St.,127186,6-0,"6'0""",72.0,75.64,"6'4""",3.64,plays_taller,75.64,"6'4""",3.64,plays_taller
2025,Cardell Bailey,Maryland Eastern Shore,127189,6-6,"6'6""",78.0,76.77,"6'5""",-1.23,plays_shorter,76.77,"6'5""",-1.23,plays_shorter
2025,Jose Cuello,Maryland Eastern Shore,127190,6-1,"6'1""",73.0,73.73,"6'2""",0.73,plays_at_height,73.73,"6'2""",0.73,plays_at_height
2025,Kyrell Shaw,Maryland Eastern Shore,127191,6-4,"6'4""",76.0,75.78,"6'4""",-0.22,plays_at_height,75.78,"6'4""",-0.22,plays_at_height
2025,Maurice Vassel,Maryland Eastern Shore,127192,6-9,"6'9""",81.0,78.03,"6'6""",-2.97,plays_shorter,78.03,"6'6""",-2.97,plays_shorter
2025,Ralph Martino Jr.,Maryland Eastern Shore,127193,6-6,"6'6""",78.0,75.87,"6'4""",-2.13,plays_shorter,75.87,"6'4""",-2.13,plays_shorter
2025,Mitch Mascari,Drake,127195,6-5,"6'5""",77.0,74.46,"6'2""",-2.54,plays_shorter,74.46,"6'2""",-2.54,plays_shorter
2025,Jakob Blakley,Le Moyne,127196,6-0,"6'0""",72.0,73.58,"6'2""",1.58,plays_taller,73.58,"6'2""",1.58,plays_taller
2025,Darrion Sutton,Georgia Tech,127199,6-8,"6'8""",80.0,76.3,"6'4""",-3.7,plays_shorter,76.3,"6'4""",-3.7,plays_shorter
2025,Jaeden Mustaf,Georgia Tech,127201,6-5,"6'5""",77.0,76.8,"6'5""",-0.2,plays_at_height,76.8,"6'5""",-0.2,plays_at_height
2025,Doryan Onwuchekwa,Georgia Tech,127202,6-11,"6'11""",83.0,78.67,"6'7""",-4.33,plays_shorter,78.67,"6'7""",-4.33,plays_shorter
2025,Triston Wilson,Presbyterian,127204,6-6,"6'6""",78.0,76.93,"6'5""",-1.07,plays_shorter,76.93,"6'5""",-1.07,plays_shorter
2025,Sharron Young,Akron,127216,6-0,"6'0""",72.0,74.94,"6'3""",2.94,plays_taller,74.94,"6'3""",2.94,plays_taller
2025,Trevor Baskin,Colorado,127218,6-9,"6'9""",81.0,81.25,"6'9""",0.25,plays_at_height,81.25,"6'9""",0.25,plays_at_height
2025,Ben Tweedy,Green Bay,127222,6-2,"6'2""",74.0,75.43,"6'3""",1.43,plays_taller,75.43,"6'3""",1.43,plays_taller
2025,Bernie Blunt,Mercyhurst,127223,6-0,"6'0""",72.0,74.53,"6'3""",2.53,plays_taller,74.53,"6'3""",2.53,plays_taller
2025,Elijah Lewis,Marist,127226,6-5,"6'5""",77.0,77.49,"6'5""",0.49,plays_at_height,77.49,"6'5""",0.49,plays_at_height
2025,Afan Trnka,Tennessee Martin,127228,6-2,"6'2""",74.0,75.43,"6'3""",1.43,plays_taller,75.43,"6'3""",1.43,plays_taller
2025,Tarence Guinyard,Tennessee Martin,127229,6-2,"6'2""",74.0,77.03,"6'5""",3.03,plays_taller,77.03,"6'5""",3.03,plays_taller
2025,Sheldon Williams,Texas A&M Corpus Chris,127231,6-8,"6'8""",80.0,79.02,"6'7""",-0.98,plays_shorter,79.02,"6'7""",-0.98,plays_shorter
2025,Jeremiah Johnson,Green Bay,127232,6-3,"6'3""",75.0,78.13,"6'6""",3.13,plays_taller,78.13,"6'6""",3.13,plays_taller
2025,Layne Taylor,Central Arkansas,127233,5-11,"5'11""",71.0,74.48,"6'2""",3.48,plays_taller,74.48,"6'2""",3.48,plays_taller
2025,Labaron Philon,Alabama,127235,6-4,"6'4""",76.0,77.41,"6'5""",1.41,plays_taller,77.41,"6'5""",1.41,plays_taller
2025,C.J. O'Hara,Green Bay,127243,6-4,"6'4""",76.0,78.08,"6'6""",2.08,plays_taller,78.08,"6'6""",2.08,plays_taller
2025,Dayton Forsythe,Oklahoma,127246,6-2,"6'2""",74.0,74.79,"6'3""",0.79,plays_taller,74.79,"6'3""",0.79,plays_taller
2025,Kolten Griffin,West Georgia,127249,6-6,"6'6""",78.0,75.9,"6'4""",-2.1,plays_shorter,75.9,"6'4""",-2.1,plays_shorter
2025,Ramone Seals,Kennesaw St.,127252,6-6,"6'6""",78.0,75.57,"6'4""",-2.43,plays_shorter,75.57,"6'4""",-2.43,plays_shorter
2025,Adrian Wooley,Kennesaw St.,127254,6-5,"6'5""",77.0,77.53,"6'6""",0.53,plays_at_height,77.53,"6'6""",0.53,plays_at_height
2025,Braedan Lue,Kennesaw St.,127255,6-8,"6'8""",80.0,79.98,"6'8""",-0.02,plays_at_height,79.98,"6'8""",-0.02,plays_at_height
2025,Jamil Miller,Kennesaw St.,127256,6-6,"6'6""",78.0,78.51,"6'7""",0.51,plays_at_height,78.51,"6'7""",0.51,plays_at_height
2025,Felix Kossaras,Colorado,127263,6-5,"6'5""",77.0,76.87,"6'5""",-0.13,plays_at_height,76.87,"6'5""",-0.13,plays_at_height
2025,Sebastian Rancik,Colorado,127264,6-9,"6'9""",81.0,77.78,"6'6""",-3.22,plays_shorter,77.78,"6'6""",-3.22,plays_shorter
2025,Chris Mpaka,Tarleton St.,127267,6-6,"6'6""",78.0,83.02,"6'11""",5.02,plays_taller,83.02,"6'11""",5.02,plays_taller
2025,Ja'Borri McGhee,UAB,127268,6-0,"6'0""",72.0,76.71,"6'5""",4.71,plays_taller,76.71,"6'5""",4.71,plays_taller
2025,Brendan Terry,Southeast Missouri St.,127270,6-7,"6'7""",79.0,80.19,"6'8""",1.19,plays_taller,80.19,"6'8""",1.19,plays_taller
2025,Trey Parker,N.C. State,127272,6-1,"6'1""",73.0,76.55,"6'5""",3.55,plays_taller,76.55,"6'5""",3.55,plays_taller
2025,Cam Glover,The Citadel,127273,6-1,"6'1""",73.0,73.94,"6'2""",0.94,plays_taller,73.94,"6'2""",0.94,plays_taller
2025,"Paul McNeil, Jr.",N.C. State,127274,6-5,"6'5""",77.0,77.57,"6'6""",0.57,plays_at_height,77.57,"6'6""",0.57,plays_at_height
2025,Dillon Tingler,Eastern Michigan,127277,6-7,"6'7""",79.0,76.62,"6'5""",-2.38,plays_shorter,76.62,"6'5""",-2.38,plays_shorter
2025,Egor Demin,BYU,127283,6-9,"6'9""",81.0,77.9,"6'6""",-3.1,plays_shorter,77.9,"6'6""",-3.1,plays_shorter
2025,Angok Anyang,Alabama A&M,127286,6-9,"6'9""",81.0,77.39,"6'5""",-3.61,plays_shorter,77.39,"6'5""",-3.61,plays_shorter
2025,Jaylon Johnson,Tennessee Tech,127287,6-0,"6'0""",72.0,74.93,"6'3""",2.93,plays_taller,74.93,"6'3""",2.93,plays_taller
2025,Maddux Bodenhamer,Tennessee St.,127289,6-2,"6'2""",74.0,74.56,"6'3""",0.56,plays_at_height,74.56,"6'3""",0.56,plays_at_height
2025,Brady Hardewig,West Georgia,127292,6-2,"6'2""",74.0,72.69,"6'1""",-1.31,plays_shorter,72.69,"6'1""",-1.31,plays_shorter
2025,Evan Stinson,Stanford,127293,6-7,"6'7""",79.0,76.53,"6'5""",-2.47,plays_shorter,76.53,"6'5""",-2.47,plays_shorter
2025,Triston Wennersten,NJIT,127294,6-5,"6'5""",77.0,74.91,"6'3""",-2.09,plays_shorter,74.91,"6'3""",-2.09,plays_shorter
2025,Donavin Young,Stanford,127295,6-8,"6'8""",80.0,77.25,"6'5""",-2.75,plays_shorter,77.25,"6'5""",-2.75,plays_shorter
2025,Peyton Seals,Princeton,127297,6-4,"6'4""",76.0,76.15,"6'4""",0.15,plays_at_height,76.15,"6'4""",0.15,plays_at_height
2025,CJ Happy,Princeton,127298,6-9,"6'9""",81.0,77.54,"6'6""",-3.46,plays_shorter,77.54,"6'6""",-3.46,plays_shorter
2025,Malik Abdullahi,Princeton,127300,6-7,"6'7""",79.0,78.74,"6'7""",-0.26,plays_at_height,78.74,"6'7""",-0.26,plays_at_height
2025,Logan Epes,Missouri St.,127302,6-3,"6'3""",75.0,74.4,"6'2""",-0.6,plays_at_height,74.4,"6'2""",-0.6,plays_at_height
2025,Xavier Sykes,Southern Utah,127305,5-10,"5'10""",70.0,74.08,"6'2""",4.08,plays_taller,74.08,"6'2""",4.08,plays_taller
2025,Dominick Nelson,Utah Valley,127308,6-5,"6'5""",77.0,78.52,"6'7""",1.52,plays_taller,78.52,"6'7""",1.52,plays_taller
2025,Kylin Green,Utah Valley,127309,6-0,"6'0""",72.0,75.48,"6'3""",3.48,plays_taller,75.48,"6'3""",3.48,plays_taller
2025,Antoine Lorick III,Tennessee St.,127310,6-9,"6'9""",81.0,79.77,"6'8""",-1.23,plays_shorter,79.77,"6'8""",-1.23,plays_shorter
2025,Damoni Harrison,Southern Indiana,127312,6-5,"6'5""",77.0,76.14,"6'4""",-0.86,plays_shorter,76.14,"6'4""",-0.86,plays_shorter
2025,Isaac Asuma,Minnesota,127313,6-3,"6'3""",75.0,75.86,"6'4""",0.86,plays_taller,75.86,"6'4""",0.86,plays_taller
2025,Justin Redmond,Northwestern St.,127321,6-2,"6'2""",74.0,73.85,"6'2""",-0.15,plays_at_height,73.85,"6'2""",-0.15,plays_at_height
2025,Liam McNeeley,Connecticut,127322,6-7,"6'7""",79.0,77.54,"6'6""",-1.46,plays_shorter,77.54,"6'6""",-1.46,plays_shorter
2025,Juke Harris,Wake Forest,127324,6-7,"6'7""",79.0,77.81,"6'6""",-1.19,plays_shorter,77.81,"6'6""",-1.19,plays_shorter
2025,Adam Njie Jr.,Iona,127327,6-3,"6'3""",75.0,74.88,"6'3""",-0.12,plays_at_height,74.88,"6'3""",-0.12,plays_at_height
2025,Yaphet Moundi,Iona,127331,6-8,"6'8""",80.0,83.04,"6'11""",3.04,plays_taller,83.04,"6'11""",3.04,plays_taller
2025,Kernan Bundy,Iona,127332,6-3,"6'3""",75.0,77.07,"6'5""",2.07,plays_taller,77.07,"6'5""",2.07,plays_taller
2025,Jeremiah Wilkinson,California,127334,6-1,"6'1""",73.0,76.12,"6'4""",3.12,plays_taller,76.12,"6'4""",3.12,plays_taller
2025,Nick Anderson,Prairie View A&M,127339,6-5,"6'5""",77.0,77.07,"6'5""",0.07,plays_at_height,77.07,"6'5""",0.07,plays_at_height
2025,Tyler Betsey,Cincinnati,127343,6-8,"6'8""",80.0,76.61,"6'5""",-3.39,plays_shorter,76.61,"6'5""",-3.39,plays_shorter
2025,V.J. Edgecombe,Baylor,127346,6-5,"6'5""",77.0,80.0,"6'8""",3.0,plays_taller,80.0,"6'8""",3.0,plays_taller
2025,Maximo Milovich,UC San Diego,127348,6-8,"6'8""",80.0,77.68,"6'6""",-2.32,plays_shorter,77.68,"6'6""",-2.32,plays_shorter
2025,Matej Bosnjak,Wichita St.,127350,6-9,"6'9""",81.0,78.42,"6'6""",-2.58,plays_shorter,78.42,"6'6""",-2.58,plays_shorter
2025,C.J. Cox,Purdue,127353,6-3,"6'3""",75.0,76.75,"6'5""",1.75,plays_taller,76.75,"6'5""",1.75,plays_taller
2025,Julius Thedford,Western Kentucky,127354,6-4,"6'4""",76.0,77.03,"6'5""",1.03,plays_taller,77.03,"6'5""",1.03,plays_taller
2025,Cal Liston,VMI,127356,6-5,"6'5""",77.0,76.79,"6'5""",-0.21,plays_at_height,76.79,"6'5""",-0.21,plays_at_height
2025,Linus Holmstrom,VMI,127357,6-3,"6'3""",75.0,74.43,"6'2""",-0.57,plays_at_height,74.43,"6'2""",-0.57,plays_at_height
2025,Caleb Embeya,Towson,127359,6-9,"6'9""",81.0,79.18,"6'7""",-1.82,plays_shorter,79.18,"6'7""",-1.82,plays_shorter
2025,Jaylen Pazon,VMI,127364,6-5,"6'5""",77.0,75.97,"6'4""",-1.03,plays_shorter,75.97,"6'4""",-1.03,plays_shorter
2025,Bryson Tucker,Indiana,127366,6-6,"6'6""",78.0,77.24,"6'5""",-0.76,plays_shorter,77.24,"6'5""",-0.76,plays_shorter
2025,John Adams,The Citadel,127367,6-8,"6'8""",80.0,78.21,"6'6""",-1.79,plays_shorter,78.21,"6'6""",-1.79,plays_shorter
2025,Blake Daberkow,Idaho St.,127368,6-10,"6'10""",82.0,76.89,"6'5""",-5.11,plays_shorter,76.89,"6'5""",-5.11,plays_shorter
2025,Manie Joses,Davidson,127371,6-7,"6'7""",79.0,78.79,"6'7""",-0.21,plays_at_height,78.79,"6'7""",-0.21,plays_at_height
2025,Chris Mitchell,UC Santa Barbara,127374,6-4,"6'4""",76.0,76.88,"6'5""",0.88,plays_taller,76.88,"6'5""",0.88,plays_taller
2025,Kase Wynott,Washington St.,127375,6-6,"6'6""",78.0,74.74,"6'3""",-3.26,plays_shorter,74.74,"6'3""",-3.26,plays_shorter
2025,Tommy Gankhuyag,UT Rio Grande Valley,127378,6-8,"6'8""",80.0,76.16,"6'4""",-3.84,plays_shorter,76.16,"6'4""",-3.84,plays_shorter
2025,AJ Levine,Penn,127379,6-0,"6'0""",72.0,74.86,"6'3""",2.86,plays_taller,74.86,"6'3""",2.86,plays_taller
2025,Jerald Colonel,Northwestern St.,127387,6-9,"6'9""",81.0,83.89,"7'0""",2.89,plays_taller,83.89,"7'0""",2.89,plays_taller
2025,Landyn Jumawan,Northwestern St.,127388,6-4,"6'4""",76.0,74.38,"6'2""",-1.62,plays_shorter,74.38,"6'2""",-1.62,plays_shorter
2025,James Thomas,Mercyhurst,127392,6-6,"6'6""",78.0,76.93,"6'5""",-1.07,plays_shorter,76.93,"6'5""",-1.07,plays_shorter
2025,Jayden Cooper,South Alabama,127395,6-2,"6'2""",74.0,74.84,"6'3""",0.84,plays_taller,74.84,"6'3""",0.84,plays_taller
2025,Ian Jackson,North Carolina,127408,6-4,"6'4""",76.0,76.56,"6'5""",0.56,plays_at_height,76.56,"6'5""",0.56,plays_at_height
2025,Matt Becht,Merrimack,127409,6-3,"6'3""",75.0,74.2,"6'2""",-0.8,plays_shorter,74.2,"6'2""",-0.8,plays_shorter
2025,Jaylen Colon,Alabama A&M,127410,6-2,"6'2""",74.0,73.36,"6'1""",-0.64,plays_at_height,73.36,"6'1""",-0.64,plays_at_height
2025,Blake Forrest,Colgate,127412,5-11,"5'11""",71.0,74.82,"6'3""",3.82,plays_taller,74.82,"6'3""",3.82,plays_taller
2025,Cory Wells,Utah Valley,127415,6-7,"6'7""",79.0,78.59,"6'7""",-0.41,plays_at_height,78.59,"6'7""",-0.41,plays_at_height
2025,Michael Griffin,West Georgia,127416,6-4,"6'4""",76.0,79.0,"6'7""",3.0,plays_taller,79.0,"6'7""",3.0,plays_taller
2025,Blake Harper,Howard,127417,6-8,"6'8""",80.0,77.31,"6'5""",-2.69,plays_shorter,77.31,"6'5""",-2.69,plays_shorter
2025,Amiri Stewart,Sacred Heart,127420,6-3,"6'3""",75.0,79.17,"6'7""",4.17,plays_taller,79.17,"6'7""",4.17,plays_taller
2025,Jamar Livingston,Western Carolina,127421,6-3,"6'3""",75.0,73.89,"6'2""",-1.11,plays_shorter,73.89,"6'2""",-1.11,plays_shorter
2025,Fischer Brown,Western Carolina,127422,6-4,"6'4""",76.0,77.33,"6'5""",1.33,plays_taller,77.33,"6'5""",1.33,plays_taller
2025,Kevon Vanderhorst,Drexel,127424,6-2,"6'2""",74.0,76.24,"6'4""",2.24,plays_taller,76.24,"6'4""",2.24,plays_taller
2025,Carter Bryant,Arizona,127425,6-8,"6'8""",80.0,80.81,"6'9""",0.81,plays_taller,80.81,"6'9""",0.81,plays_taller
2025,Jack d'Entremont,Richmond,127429,6-7,"6'7""",79.0,74.94,"6'3""",-4.06,plays_shorter,74.94,"6'3""",-4.06,plays_shorter
2025,Javan Buchanan,Boise St.,127438,6-7,"6'7""",79.0,79.22,"6'7""",0.22,plays_at_height,79.22,"6'7""",0.22,plays_at_height
2025,Pearson Carmichael,Boise St.,127440,6-7,"6'7""",79.0,77.58,"6'6""",-1.42,plays_shorter,77.58,"6'6""",-1.42,plays_shorter
2025,Tyler Doyle,Bellarmine,127444,6-5,"6'5""",77.0,75.94,"6'4""",-1.06,plays_shorter,75.94,"6'4""",-1.06,plays_shorter
2025,Demarco Bethea,East Texas A&M,127445,6-8,"6'8""",80.0,78.07,"6'6""",-1.93,plays_shorter,78.07,"6'6""",-1.93,plays_shorter
2025,Marland Harris,Morgan St.,127460,6-10,"6'10""",82.0,80.27,"6'8""",-1.73,plays_shorter,80.27,"6'8""",-1.73,plays_shorter
2025,Jaden Martin,Morgan St.,127461,6-10,"6'10""",82.0,77.84,"6'6""",-4.16,plays_shorter,77.84,"6'6""",-4.16,plays_shorter
2025,Jayden Quaintance,Arizona St.,127470,6-9,"6'9""",81.0,83.85,"7'0""",2.85,plays_taller,83.85,"7'0""",2.85,plays_taller
2025,Zion Richardson,Cal St. Fullerton,127471,6-4,"6'4""",76.0,76.52,"6'5""",0.52,plays_at_height,76.52,"6'5""",0.52,plays_at_height
2025,"Juan Cranford, Jr.",Saint Francis,127475,6-3,"6'3""",75.0,75.61,"6'4""",0.61,plays_at_height,75.61,"6'4""",0.61,plays_at_height
2025,Efstratios Kalliontzis,North Carolina A&T,127478,6-11,"6'11""",83.0,77.37,"6'5""",-5.63,plays_shorter,77.37,"6'5""",-5.63,plays_shorter
2025,Anthony Gause,Charleston Southern,127483,6-3,"6'3""",75.0,73.52,"6'2""",-1.48,plays_shorter,73.52,"6'2""",-1.48,plays_shorter
2025,Keenan Wilkins,Charleston Southern,127486,5-10,"5'10""",70.0,74.09,"6'2""",4.09,plays_taller,74.09,"6'2""",4.09,plays_taller
2025,Sebastian Akins,Denver,127490,6-2,"6'2""",74.0,76.03,"6'4""",2.03,plays_taller,76.03,"6'4""",2.03,plays_taller
2025,Jacob Hudson,Gardner Webb,127493,6-2,"6'2""",74.0,76.13,"6'4""",2.13,plays_taller,76.13,"6'4""",2.13,plays_taller
2025,Pharell Boyogueno,Gardner Webb,127494,6-6,"6'6""",78.0,78.37,"6'6""",0.37,plays_at_height,78.37,"6'6""",0.37,plays_at_height
2025,Ray Glasgow,Tennessee Tech,127495,6-3,"6'3""",75.0,76.36,"6'4""",1.36,plays_taller,76.36,"6'4""",1.36,plays_taller
2025,Colin Hawkins,Gardner Webb,127496,6-3,"6'3""",75.0,73.16,"6'1""",-1.84,plays_shorter,73.16,"6'1""",-1.84,plays_shorter
2025,Justin Menard,Iona,127499,6-3,"6'3""",75.0,73.55,"6'2""",-1.45,plays_shorter,73.55,"6'2""",-1.45,plays_shorter
2025,Julian Bowie,Boise St.,127506,6-3,"6'3""",75.0,74.67,"6'3""",-0.33,plays_at_height,74.67,"6'3""",-0.33,plays_at_height
2025,Brayden Maldonado,Seattle,127507,6-0,"6'0""",72.0,75.1,"6'3""",3.1,plays_taller,75.1,"6'3""",3.1,plays_taller
2025,Max Green,Holy Cross,127508,6-6,"6'6""",78.0,76.58,"6'5""",-1.42,plays_shorter,76.58,"6'5""",-1.42,plays_shorter
2025,Dylan Fasoyiro,South Alabama,127509,6-3,"6'3""",75.0,76.35,"6'4""",1.35,plays_taller,76.35,"6'4""",1.35,plays_taller
2025,Vic Searls,Ohio,127510,6-9,"6'9""",81.0,78.76,"6'7""",-2.24,plays_shorter,78.76,"6'7""",-2.24,plays_shorter
2025,Ishan Sharma,Virginia,127511,6-5,"6'5""",77.0,75.1,"6'3""",-1.9,plays_shorter,75.1,"6'3""",-1.9,plays_shorter
2025,Braeden Speed,Loyola MD,127514,6-3,"6'3""",75.0,75.41,"6'3""",0.41,plays_at_height,75.41,"6'3""",0.41,plays_at_height
2025,Ryan Jolly,Winthrop,127515,6-3,"6'3""",75.0,74.55,"6'3""",-0.45,plays_at_height,74.55,"6'3""",-0.45,plays_at_height
2025,Erik Taylor,Sam Houston St.,127516,6-1,"6'1""",73.0,74.63,"6'3""",1.63,plays_taller,74.63,"6'3""",1.63,plays_taller
2025,Jaylen Washington,UT Rio Grande Valley,127520,5-10,"5'10""",70.0,74.72,"6'3""",4.72,plays_taller,74.72,"6'3""",4.72,plays_taller
2025,Sean Blake,Vermont,127522,6-2,"6'2""",74.0,76.17,"6'4""",2.17,plays_taller,76.17,"6'4""",2.17,plays_taller
2025,Josh Pickett,Denver,127529,6-5,"6'5""",77.0,75.68,"6'4""",-1.32,plays_shorter,75.68,"6'4""",-1.32,plays_shorter
2025,Amarion Dickerson,Robert Morris,127531,6-7,"6'7""",79.0,83.38,"6'11""",4.38,plays_taller,83.38,"6'11""",4.38,plays_taller
2025,Jahseem Felton,Seton Hall,127533,6-5,"6'5""",77.0,73.96,"6'2""",-3.04,plays_shorter,73.96,"6'2""",-3.04,plays_shorter
2025,Godswill Erheriene,Seton Hall,127534,6-9,"6'9""",81.0,80.25,"6'8""",-0.75,plays_at_height,80.25,"6'8""",-0.75,plays_at_height
2025,Malcolm Christie,Oakland,127540,6-5,"6'5""",77.0,74.68,"6'3""",-2.32,plays_shorter,74.68,"6'3""",-2.32,plays_shorter
2025,Blaize Sagna,Stetson,127543,6-3,"6'3""",75.0,74.28,"6'2""",-0.72,plays_at_height,74.28,"6'2""",-0.72,plays_at_height
2025,Asa Newell,Georgia,127550,6-11,"6'11""",83.0,82.6,"6'11""",-0.4,plays_at_height,82.6,"6'11""",-0.4,plays_at_height
2025,Michael Osei-Bonsu,Missouri St.,127551,6-4,"6'4""",76.0,81.07,"6'9""",5.07,plays_taller,81.07,"6'9""",5.07,plays_taller
2025,Nate Guerengomba,Massachusetts,127554,6-5,"6'5""",77.0,75.71,"6'4""",-1.29,plays_shorter,75.71,"6'4""",-1.29,plays_shorter
2025,Isaiah Lewis,Little Rock,127556,6-3,"6'3""",75.0,74.95,"6'3""",-0.05,plays_at_height,74.95,"6'3""",-0.05,plays_at_height
2025,Caleb Pennyfeather,Little Rock,127558,6-9,"6'9""",81.0,79.2,"6'7""",-1.8,plays_shorter,79.2,"6'7""",-1.8,plays_shorter
2025,Jaden Wells,UT Arlington,127566,6-2,"6'2""",74.0,74.38,"6'2""",0.38,plays_at_height,74.38,"6'2""",0.38,plays_at_height
2025,Jonathan Powell,West Virginia,127570,6-6,"6'6""",78.0,76.01,"6'4""",-1.99,plays_shorter,76.01,"6'4""",-1.99,plays_shorter
2025,KJ Tenner,West Virginia,127571,6-0,"6'0""",72.0,74.71,"6'3""",2.71,plays_taller,74.71,"6'3""",2.71,plays_taller
2025,Will Riley,Illinois,127572,6-8,"6'8""",80.0,77.71,"6'6""",-2.29,plays_shorter,77.71,"6'6""",-2.29,plays_shorter
2025,Jahki Howard,Auburn,127574,6-6,"6'6""",78.0,78.1,"6'6""",0.1,plays_at_height,78.1,"6'6""",0.1,plays_at_height
2025,Kasparas Jakucionis,Illinois,127575,6-6,"6'6""",78.0,78.1,"6'6""",0.1,plays_at_height,78.1,"6'6""",0.1,plays_at_height
2025,Morez Johnson Jr.,Illinois,127577,6-9,"6'9""",81.0,83.53,"7'0""",2.53,plays_taller,83.53,"7'0""",2.53,plays_taller
2025,Deuce Jones,La Salle,127579,6-2,"6'2""",74.0,77.42,"6'5""",3.42,plays_taller,77.42,"6'5""",3.42,plays_taller
2025,Peter Bandelj,Cal Poly,127580,6-4,"6'4""",76.0,76.43,"6'4""",0.43,plays_at_height,76.43,"6'4""",0.43,plays_at_height
2025,Cayden Ward,Cal Poly,127581,6-5,"6'5""",77.0,77.37,"6'5""",0.37,plays_at_height,77.37,"6'5""",0.37,plays_at_height
2025,Jaiden Feroah,Holy Cross,127584,6-8,"6'8""",80.0,79.78,"6'8""",-0.22,plays_at_height,79.78,"6'8""",-0.22,plays_at_height
2025,Cam'Ron Brown,Coppin St.,127585,5-11,"5'11""",71.0,74.67,"6'3""",3.67,plays_taller,74.67,"6'3""",3.67,plays_taller
2025,Miles White,Lipscomb,127586,6-3,"6'3""",75.0,76.81,"6'5""",1.81,plays_taller,76.81,"6'5""",1.81,plays_taller
2025,Josiah Cunningham,Columbia,127588,6-2,"6'2""",74.0,75.0,"6'3""",1.0,plays_taller,75.0,"6'3""",1.0,plays_taller
2025,Mason Ritter,Columbia,127590,6-8,"6'8""",80.0,79.93,"6'8""",-0.07,plays_at_height,79.93,"6'8""",-0.07,plays_at_height
2025,Davis Bynum,Cal St. Fullerton,127592,6-9,"6'9""",81.0,77.6,"6'6""",-3.4,plays_shorter,77.6,"6'6""",-3.4,plays_shorter
2025,LoLo Rudolph,Cal St. Fullerton,127594,6-2,"6'2""",74.0,74.9,"6'3""",0.9,plays_taller,74.9,"6'3""",0.9,plays_taller
2025,Caden Boser,Illinois St.,127595,6-8,"6'8""",80.0,77.4,"6'5""",-2.6,plays_shorter,77.4,"6'5""",-2.6,plays_shorter
2025,Darnell Evans,Georgia St.,127596,6-0,"6'0""",72.0,75.01,"6'3""",3.01,plays_taller,75.01,"6'3""",3.01,plays_taller
2025,Ben Callahan-Gold,Binghamton,127597,6-8,"6'8""",80.0,75.14,"6'3""",-4.86,plays_shorter,75.14,"6'3""",-4.86,plays_shorter
2025,Zavier Fitch,Wagner,127599,6-7,"6'7""",79.0,78.8,"6'7""",-0.2,plays_at_height,78.8,"6'7""",-0.2,plays_at_height
2025,Trent Noah,Kentucky,127602,6-5,"6'5""",77.0,76.72,"6'5""",-0.28,plays_at_height,76.72,"6'5""",-0.28,plays_at_height
2025,Travis Perry,Kentucky,127603,6-1,"6'1""",73.0,74.24,"6'2""",1.24,plays_taller,74.24,"6'2""",1.24,plays_taller
2025,Ja'Kair Sanchez,Wagner,127604,6-4,"6'4""",76.0,75.28,"6'3""",-0.72,plays_at_height,75.28,"6'3""",-0.72,plays_at_height
2025,Jackson Greene,Idaho St.,127605,6-7,"6'7""",79.0,77.83,"6'6""",-1.17,plays_shorter,77.83,"6'6""",-1.17,plays_shorter
2025,Peyton Rogers,Houston Christian,127609,6-6,"6'6""",78.0,79.11,"6'7""",1.11,plays_taller,79.11,"6'7""",1.11,plays_taller
2025,Damon Strand,Albany,127610,6-3,"6'3""",75.0,74.81,"6'3""",-0.19,plays_at_height,74.81,"6'3""",-0.19,plays_at_height
2025,Zion Fruster,Eastern Illinois,127619,6-2,"6'2""",74.0,75.65,"6'4""",1.65,plays_taller,75.65,"6'4""",1.65,plays_taller
2025,Bismark Nsiah,Fairleigh Dickinson,127620,6-6,"6'6""",78.0,80.19,"6'8""",2.19,plays_taller,80.19,"6'8""",2.19,plays_taller
2025,Caleb Zurliene,Campbell,127621,6-8,"6'8""",80.0,79.65,"6'8""",-0.35,plays_at_height,79.65,"6'8""",-0.35,plays_at_height
2025,Josh Meo,Coastal Carolina,127622,6-4,"6'4""",76.0,75.25,"6'3""",-0.75,plays_shorter,75.25,"6'3""",-0.75,plays_shorter
2025,Tamarion Hoover,Jackson St.,127623,6-5,"6'5""",77.0,77.22,"6'5""",0.22,plays_at_height,77.22,"6'5""",0.22,plays_at_height
2025,Dominic Pangonis,Stephen F. Austin,127624,6-7,"6'7""",79.0,76.08,"6'4""",-2.92,plays_shorter,76.08,"6'4""",-2.92,plays_shorter
2025,Keenan Emmanuel,Stephen F. Austin,127625,6-0,"6'0""",72.0,73.92,"6'2""",1.92,plays_taller,73.92,"6'2""",1.92,plays_taller
2025,TJ Nadeau,Detroit Mercy,127627,6-5,"6'5""",77.0,75.05,"6'3""",-1.95,plays_shorter,75.05,"6'3""",-1.95,plays_shorter
2025,Ryan Kalambay,Detroit Mercy,127628,6-9,"6'9""",81.0,78.75,"6'7""",-2.25,plays_shorter,78.75,"6'7""",-2.25,plays_shorter
2025,Stephen Okoro,Detroit Mercy,127629,6-9,"6'9""",81.0,78.93,"6'7""",-2.07,plays_shorter,78.93,"6'7""",-2.07,plays_shorter
2025,Divine Ugochukwu,Miami FL,127630,6-3,"6'3""",75.0,76.24,"6'4""",1.24,plays_taller,76.24,"6'4""",1.24,plays_taller
2025,Austin Swartz,Miami FL,127632,6-4,"6'4""",76.0,75.08,"6'3""",-0.92,plays_shorter,75.08,"6'3""",-0.92,plays_shorter
2025,Sean Trumper,Merrimack,127633,6-7,"6'7""",79.0,77.17,"6'5""",-1.83,plays_shorter,77.17,"6'5""",-1.83,plays_shorter
2025,Chris Adlam,East Texas A&M,127641,6-4,"6'4""",76.0,74.79,"6'3""",-1.21,plays_shorter,74.79,"6'3""",-1.21,plays_shorter
2025,Jordan Brathwaite,Yale,127642,6-4,"6'4""",76.0,76.67,"6'5""",0.67,plays_at_height,76.67,"6'5""",0.67,plays_at_height
2025,Isaac Celiscar,Yale,127643,6-6,"6'6""",78.0,79.1,"6'7""",1.1,plays_taller,79.1,"6'7""",1.1,plays_taller
2025,BJ Kolly,Montana St.,127644,6-10,"6'10""",82.0,79.29,"6'7""",-2.71,plays_shorter,79.29,"6'7""",-2.71,plays_shorter
2025,Elijah Thomas,Eastern Washington,127645,6-6,"6'6""",78.0,75.58,"6'4""",-2.42,plays_shorter,75.58,"6'4""",-2.42,plays_shorter
2025,Andrew Cook,Eastern Washington,127647,6-4,"6'4""",76.0,77.27,"6'5""",1.27,plays_taller,77.27,"6'5""",1.27,plays_taller
2025,Marcus Johnson,Bowling Green,127648,6-7,"6'7""",79.0,75.7,"6'4""",-3.3,plays_shorter,75.7,"6'4""",-3.3,plays_shorter
2025,L.J. Cason,Michigan,127649,6-2,"6'2""",74.0,75.52,"6'4""",1.52,plays_taller,75.52,"6'4""",1.52,plays_taller
2025,Ethan Menzies,Cal Poly,127651,6-7,"6'7""",79.0,75.77,"6'4""",-3.23,plays_shorter,75.77,"6'4""",-3.23,plays_shorter
2025,Moses Horne,Mississippi Valley St.,127652,6-2,"6'2""",74.0,75.24,"6'3""",1.24,plays_taller,75.24,"6'3""",1.24,plays_taller
2025,"Troy McKoy, Jr.",Chicago St.,127653,6-5,"6'5""",77.0,76.94,"6'5""",-0.06,plays_at_height,76.94,"6'5""",-0.06,plays_at_height
2025,Matthew Robinson,Chicago St.,127654,6-4,"6'4""",76.0,75.54,"6'4""",-0.46,plays_at_height,75.54,"6'4""",-0.46,plays_at_height
2025,Jeremiah Jenkins,Brown,127656,6-0,"6'0""",72.0,75.09,"6'3""",3.09,plays_taller,75.09,"6'3""",3.09,plays_taller
2025,David Rochester,Brown,127657,6-8,"6'8""",80.0,75.95,"6'4""",-4.05,plays_shorter,75.95,"6'4""",-4.05,plays_shorter
2025,Garrett Sundra,Notre Dame,127659,6-11,"6'11""",83.0,77.31,"6'5""",-5.69,plays_shorter,77.31,"6'5""",-5.69,plays_shorter
2025,James Patterson,Iona,127661,6-7,"6'7""",79.0,79.07,"6'7""",0.07,plays_at_height,79.07,"6'7""",0.07,plays_at_height
2025,Tyonne Farrell,Rhode Island,127664,6-6,"6'6""",78.0,76.75,"6'5""",-1.25,plays_shorter,76.75,"6'5""",-1.25,plays_shorter
2025,Nic Book,USC Upstate,127667,6-8,"6'8""",80.0,78.45,"6'6""",-1.55,plays_shorter,78.45,"6'6""",-1.55,plays_shorter
2025,Mister Dean,USC Upstate,127668,6-6,"6'6""",78.0,81.19,"6'9""",3.19,plays_taller,81.19,"6'9""",3.19,plays_taller
2025,Carmelo Adkins,USC Upstate,127669,6-4,"6'4""",76.0,76.76,"6'5""",0.76,plays_taller,76.76,"6'5""",0.76,plays_taller
2025,Isaiah Skinner,USC Upstate,127670,6-6,"6'6""",78.0,76.09,"6'4""",-1.91,plays_shorter,76.09,"6'4""",-1.91,plays_shorter
2025,Jeremiah Fears,Oklahoma,127671,6-4,"6'4""",76.0,77.7,"6'6""",1.7,plays_taller,77.7,"6'6""",1.7,plays_taller
2025,D'Aundre Samuels,Houston Christian,127672,6-2,"6'2""",74.0,77.41,"6'5""",3.41,plays_taller,77.41,"6'5""",3.41,plays_taller
2025,Kyle Edison,Southeastern Louisiana,127678,6-4,"6'4""",76.0,75.31,"6'3""",-0.69,plays_at_height,75.31,"6'3""",-0.69,plays_at_height
2025,Jeremy Elyzee,Southeastern Louisiana,127680,6-6,"6'6""",78.0,79.49,"6'7""",1.49,plays_taller,79.49,"6'7""",1.49,plays_taller
2025,Dior Conners,Appalachian St.,127681,6-3,"6'3""",75.0,73.9,"6'2""",-1.1,plays_shorter,73.9,"6'2""",-1.1,plays_shorter
2025,Jaiden Lawrence,Southeastern Louisiana,127684,6-4,"6'4""",76.0,75.57,"6'4""",-0.43,plays_at_height,75.57,"6'4""",-0.43,plays_at_height
2025,Jamil Muttilib,Appalachian St.,127685,6-6,"6'6""",78.0,75.78,"6'4""",-2.22,plays_shorter,75.78,"6'4""",-2.22,plays_shorter
2025,Mario Andrews,Alabama St.,127686,6-7,"6'7""",79.0,78.37,"6'6""",-0.63,plays_at_height,78.37,"6'6""",-0.63,plays_at_height
2025,Jalen Keago,Alabama St.,127687,6-2,"6'2""",74.0,75.24,"6'3""",1.24,plays_taller,75.24,"6'3""",1.24,plays_taller
2025,Micah Simpson,Alabama St.,127688,6-2,"6'2""",74.0,75.05,"6'3""",1.05,plays_taller,75.05,"6'3""",1.05,plays_taller
2025,Taye Fields,North Alabama,127689,6-4,"6'4""",76.0,81.55,"6'10""",5.55,plays_taller,81.55,"6'10""",5.55,plays_taller
2025,Javarzia Belton,Delaware St.,127691,6-1,"6'1""",73.0,77.41,"6'5""",4.41,plays_taller,77.41,"6'5""",4.41,plays_taller
2025,Cameron McNamee,Dartmouth,127692,6-6,"6'6""",78.0,75.87,"6'4""",-2.13,plays_shorter,75.87,"6'4""",-2.13,plays_shorter
2025,JaJuan Nicholls,Tennessee Tech,127698,6-8,"6'8""",80.0,79.95,"6'8""",-0.05,plays_at_height,79.95,"6'8""",-0.05,plays_at_height
2025,Jarvis Walker,IU Indy,127699,6-3,"6'3""",75.0,74.0,"6'2""",-1.0,plays_shorter,74.0,"6'2""",-1.0,plays_shorter
2025,Christian Anderson,Texas Tech,127700,6-2,"6'2""",74.0,76.49,"6'4""",2.49,plays_taller,76.49,"6'4""",2.49,plays_taller
2025,Kaden Stuckey,VMI,127704,6-8,"6'8""",80.0,77.77,"6'6""",-2.23,plays_shorter,77.77,"6'6""",-2.23,plays_shorter
2025,Dan Gherezgher,Northern Kentucky,127705,6-4,"6'4""",76.0,75.44,"6'3""",-0.56,plays_at_height,75.44,"6'3""",-0.56,plays_at_height
2025,Ian Smikle,Tulsa,127706,6-10,"6'10""",82.0,79.25,"6'7""",-2.75,plays_shorter,79.25,"6'7""",-2.75,plays_shorter
2025,Owen Aquino,Liberty,127709,6-8,"6'8""",80.0,81.22,"6'9""",1.22,plays_taller,81.22,"6'9""",1.22,plays_taller
2025,Macon Emory,Delaware,127710,6-8,"6'8""",80.0,77.92,"6'6""",-2.08,plays_shorter,77.92,"6'6""",-2.08,plays_shorter
2025,Izaiah Pasha,Delaware,127711,6-4,"6'4""",76.0,77.2,"6'5""",1.2,plays_taller,77.2,"6'5""",1.2,plays_taller
2025,Ron Rutland III,IU Indy,127714,6-2,"6'2""",74.0,74.2,"6'2""",0.2,plays_at_height,74.2,"6'2""",0.2,plays_at_height
2025,DeSean Goode,IU Indy,127715,6-8,"6'8""",80.0,78.81,"6'7""",-1.19,plays_shorter,78.81,"6'7""",-1.19,plays_shorter
2025,Keenan Garner,IU Indy,127717,6-6,"6'6""",78.0,78.76,"6'7""",0.76,plays_taller,78.76,"6'7""",0.76,plays_taller
2025,Ryan Mela,Providence,127719,6-6,"6'6""",78.0,78.88,"6'7""",0.88,plays_taller,78.88,"6'7""",0.88,plays_taller
2025,Zawdie Jackson,New Mexico St.,127723,5-11,"5'11""",71.0,74.9,"6'3""",3.9,plays_taller,74.9,"6'3""",3.9,plays_taller
2025,Tyler Tanner,Vanderbilt,127726,6-0,"6'0""",72.0,77.43,"6'5""",5.43,plays_taller,77.43,"6'5""",5.43,plays_taller
2025,Eduardo Klafke,Mississippi,127728,6-5,"6'5""",77.0,76.35,"6'4""",-0.65,plays_at_height,76.35,"6'4""",-0.65,plays_at_height
2025,Tyreck Morris,Saint Peter's,127730,6-5,"6'5""",77.0,75.85,"6'4""",-1.15,plays_shorter,75.85,"6'4""",-1.15,plays_shorter
2025,Royce Parham,Marquette,127731,6-8,"6'8""",80.0,78.23,"6'6""",-1.77,plays_shorter,78.23,"6'6""",-1.77,plays_shorter
2025,Josh Harris,North Florida,127733,6-8,"6'8""",80.0,79.38,"6'7""",-0.62,plays_at_height,79.38,"6'7""",-0.62,plays_at_height
2025,Daniel Johnson,Hampton,127746,6-5,"6'5""",77.0,77.74,"6'6""",0.74,plays_at_height,77.74,"6'6""",0.74,plays_at_height
2025,Alex Chaikin,Lafayette,127749,6-4,"6'4""",76.0,76.35,"6'4""",0.35,plays_at_height,76.35,"6'4""",0.35,plays_at_height
2025,Malik Rasul,Lafayette,127750,6-7,"6'7""",79.0,76.61,"6'5""",-2.39,plays_shorter,76.61,"6'5""",-2.39,plays_shorter
2025,Jaden Johnson,Old Dominion,127754,6-2,"6'2""",74.0,74.63,"6'3""",0.63,plays_at_height,74.63,"6'3""",0.63,plays_at_height
2025,Nyle Ralph-Beyer,Sacred Heart,127758,6-4,"6'4""",76.0,75.46,"6'3""",-0.54,plays_at_height,75.46,"6'3""",-0.54,plays_at_height
2025,Juwan Maxey,Youngstown St.,127759,6-1,"6'1""",73.0,74.45,"6'2""",1.45,plays_taller,74.45,"6'2""",1.45,plays_taller
2025,Cris Carroll,Youngstown St.,127760,6-6,"6'6""",78.0,77.61,"6'6""",-0.39,plays_at_height,77.61,"6'6""",-0.39,plays_at_height
2025,Jair Horton,Mississippi Valley St.,127761,6-6,"6'6""",78.0,75.03,"6'3""",-2.97,plays_shorter,75.03,"6'3""",-2.97,plays_shorter
2025,Darrion Salery,Mississippi Valley St.,127762,6-10,"6'10""",82.0,76.4,"6'4""",-5.6,plays_shorter,76.4,"6'4""",-5.6,plays_shorter
2025,TJ Burch,Ball St.,127764,6-1,"6'1""",73.0,74.32,"6'2""",1.32,plays_taller,74.32,"6'2""",1.32,plays_taller
2025,Lathan Sommerville,Rutgers,127765,6-10,"6'10""",82.0,79.05,"6'7""",-2.95,plays_shorter,79.05,"6'7""",-2.95,plays_shorter
2025,Trey Lewis,Florida A&M,127766,5-11,"5'11""",71.0,74.55,"6'3""",3.55,plays_taller,74.55,"6'3""",3.55,plays_taller
2025,Isaiah Jackson,Drake,127768,6-3,"6'3""",75.0,77.34,"6'5""",2.34,plays_taller,77.34,"6'5""",2.34,plays_taller
2025,Jovan Milicevic,New Mexico,127770,6-10,"6'10""",82.0,76.25,"6'4""",-5.75,plays_shorter,76.25,"6'4""",-5.75,plays_shorter
2025,Damondre McKnight,Niagara,127771,6-2,"6'2""",74.0,75.76,"6'4""",1.76,plays_taller,75.76,"6'4""",1.76,plays_taller
2025,Tim Oboh,Buffalo,127775,6-11,"6'11""",83.0,77.79,"6'6""",-5.21,plays_shorter,77.79,"6'6""",-5.21,plays_shorter
2025,Brit Harris,USC Upstate,127779,6-4,"6'4""",76.0,76.16,"6'4""",0.16,plays_at_height,76.16,"6'4""",0.16,plays_at_height
2025,Jemel Jones,Cal St. Bakersfield,127782,6-4,"6'4""",76.0,76.67,"6'5""",0.67,plays_at_height,76.67,"6'5""",0.67,plays_at_height
2025,Omari Hamilton,Alcorn St.,127785,6-6,"6'6""",78.0,75.44,"6'3""",-2.56,plays_shorter,75.44,"6'3""",-2.56,plays_shorter
2025,Kameron Foman,Alcorn St.,127787,6-4,"6'4""",76.0,78.72,"6'7""",2.72,plays_taller,78.72,"6'7""",2.72,plays_taller
2025,Danilo Dozic,Pepperdine,127790,6-10,"6'10""",82.0,75.91,"6'4""",-6.09,plays_shorter,75.91,"6'4""",-6.09,plays_shorter
2025,Dovydas Butka,Pepperdine,127791,6-9,"6'9""",81.0,78.44,"6'6""",-2.56,plays_shorter,78.44,"6'6""",-2.56,plays_shorter
2025,Hassan Perkins,Maryland Eastern Shore,127792,6-0,"6'0""",72.0,73.97,"6'2""",1.97,plays_taller,73.97,"6'2""",1.97,plays_taller
2025,Shadrak Lasu,LIU,127794,6-9,"6'9""",81.0,81.13,"6'9""",0.13,plays_at_height,81.13,"6'9""",0.13,plays_at_height
2025,Jalen Lee,LIU,127795,6-7,"6'7""",79.0,75.52,"6'4""",-3.48,plays_shorter,75.52,"6'4""",-3.48,plays_shorter
2025,Garrison Keeslar,Chattanooga,127798,6-7,"6'7""",79.0,76.77,"6'5""",-2.23,plays_shorter,76.77,"6'5""",-2.23,plays_shorter
2025,Jaelen McGlone,Central Connecticut,127807,6-4,"6'4""",76.0,76.66,"6'5""",0.66,plays_at_height,76.66,"6'5""",0.66,plays_at_height
2025,Taj DeGourville,San Diego St.,127809,6-5,"6'5""",77.0,76.37,"6'4""",-0.63,plays_at_height,76.37,"6'4""",-0.63,plays_at_height
2025,Pharaoh Compton,San Diego St.,127810,6-8,"6'8""",80.0,81.06,"6'9""",1.06,plays_taller,81.06,"6'9""",1.06,plays_taller
2025,Mark Drone,Texas St.,127811,6-0,"6'0""",72.0,74.37,"6'2""",2.37,plays_taller,74.37,"6'2""",2.37,plays_taller
2025,Austin Green,Texas St.,127812,6-8,"6'8""",80.0,78.91,"6'7""",-1.09,plays_shorter,78.91,"6'7""",-1.09,plays_shorter
2025,KJ Thomas,UTEP,127814,6-1,"6'1""",73.0,75.73,"6'4""",2.73,plays_taller,75.73,"6'4""",2.73,plays_taller
2025,Rolyns Aligbe,Southern Illinois,127824,6-9,"6'9""",81.0,79.95,"6'8""",-1.05,plays_shorter,79.95,"6'8""",-1.05,plays_shorter
2025,Jayden Johnson,South Carolina St.,127826,6-1,"6'1""",73.0,75.62,"6'4""",2.62,plays_taller,75.62,"6'4""",2.62,plays_taller
2025,Antonio Sisk,Mississippi Valley St.,127830,6-1,"6'1""",73.0,74.81,"6'3""",1.81,plays_taller,74.81,"6'3""",1.81,plays_taller
2025,Mikey Lewis,Saint Mary's,127832,6-3,"6'3""",75.0,76.07,"6'4""",1.07,plays_taller,76.07,"6'4""",1.07,plays_taller
2025,Max Weisbrod,Northern Iowa,127833,6-4,"6'4""",76.0,74.04,"6'2""",-1.96,plays_shorter,74.04,"6'2""",-1.96,plays_shorter
2025,Luka Toews,Boston College,127839,6-1,"6'1""",73.0,72.86,"6'1""",-0.14,plays_at_height,72.86,"6'1""",-0.14,plays_at_height
2025,Tyler Schmidt,Valparaiso,127841,6-4,"6'4""",76.0,76.01,"6'4""",0.01,plays_at_height,76.01,"6'4""",0.01,plays_at_height
2025,Anthony Alston,Appalachian St.,127843,6-3,"6'3""",75.0,73.68,"6'2""",-1.32,plays_shorter,73.68,"6'2""",-1.32,plays_shorter
2025,Will Cooper,Air Force,127844,6-6,"6'6""",78.0,76.01,"6'4""",-1.99,plays_shorter,76.01,"6'4""",-1.99,plays_shorter
2025,Anias Futrell,Lindenwood,127847,6-5,"6'5""",77.0,78.77,"6'7""",1.77,plays_taller,78.77,"6'7""",1.77,plays_taller
2025,Guzman Vasilic,Cal Poly,127850,6-4,"6'4""",76.0,75.26,"6'3""",-0.74,plays_at_height,75.26,"6'3""",-0.74,plays_at_height
2025,Ketron Shaw,Maryland Eastern Shore,127855,6-5,"6'5""",77.0,77.81,"6'6""",0.81,plays_taller,77.81,"6'6""",0.81,plays_taller
2025,Sam Kodi,Southern Indiana,127856,6-3,"6'3""",75.0,76.07,"6'4""",1.07,plays_taller,76.07,"6'4""",1.07,plays_taller
2025,Hakim Byrd,Utah Tech,127859,5-10,"5'10""",70.0,73.9,"6'2""",3.9,plays_taller,73.9,"6'2""",3.9,plays_taller
2025,Elias Ralph,Pacific,127861,6-7,"6'7""",79.0,80.48,"6'8""",1.48,plays_taller,80.48,"6'8""",1.48,plays_taller
2025,Travis Harper II,Tennessee St.,127862,6-6,"6'6""",78.0,76.92,"6'5""",-1.08,plays_shorter,76.92,"6'5""",-1.08,plays_shorter
2025,Jacen Holloway,Army,127863,6-4,"6'4""",76.0,75.25,"6'3""",-0.75,plays_at_height,75.25,"6'3""",-0.75,plays_at_height
2025,Jack Kostel,Chattanooga,127868,6-2,"6'2""",74.0,75.99,"6'4""",1.99,plays_taller,75.99,"6'4""",1.99,plays_taller
2025,Kai Burdick,Southern Utah,127869,7-0,"7'0""",84.0,79.95,"6'8""",-4.05,plays_shorter,79.95,"6'8""",-4.05,plays_shorter
2025,Babatunde Durodola,Temple,127870,6-8,"6'8""",80.0,78.97,"6'7""",-1.03,plays_shorter,78.97,"6'7""",-1.03,plays_shorter
2025,Damarion Dennis,Texas A&M Corpus Chris,127873,6-1,"6'1""",73.0,77.21,"6'5""",4.21,plays_taller,77.21,"6'5""",4.21,plays_taller
2025,Isaac Williams,Texas A&M Corpus Chris,127874,6-2,"6'2""",74.0,77.23,"6'5""",3.23,plays_taller,77.23,"6'5""",3.23,plays_taller
2025,Austin Rapp,Portland,127877,6-10,"6'10""",82.0,78.73,"6'7""",-3.27,plays_shorter,78.73,"6'7""",-3.27,plays_shorter
2025,Todd Jones,Portland,127878,6-9,"6'9""",81.0,79.39,"6'7""",-1.61,plays_shorter,79.39,"6'7""",-1.61,plays_shorter
2025,Mikah Ballew,Portland,127879,6-5,"6'5""",77.0,74.09,"6'2""",-2.91,plays_shorter,74.09,"6'2""",-2.91,plays_shorter
2025,Jamie Phillips Jr.,Stetson,127880,6-5,"6'5""",77.0,75.19,"6'3""",-1.81,plays_shorter,75.19,"6'3""",-1.81,plays_shorter
2025,Mehki Ellison,Stetson,127881,6-0,"6'0""",72.0,74.4,"6'2""",2.4,plays_taller,74.4,"6'2""",2.4,plays_taller
2025,Kent Jackson,Jacksonville,127884,6-2,"6'2""",74.0,72.48,"6'0""",-1.52,plays_shorter,72.48,"6'0""",-1.52,plays_shorter
2025,Enrico Borio,Jacksonville,127886,6-5,"6'5""",77.0,75.77,"6'4""",-1.23,plays_shorter,75.77,"6'4""",-1.23,plays_shorter
2025,Jeremiah Evans,Louisiana,127887,6-10,"6'10""",82.0,80.45,"6'8""",-1.55,plays_shorter,80.45,"6'8""",-1.55,plays_shorter
2025,Mostapha El Moutaouakkil,Louisiana,127888,6-6,"6'6""",78.0,78.4,"6'6""",0.4,plays_at_height,78.4,"6'6""",0.4,plays_at_height
2025,Tajae Jones,Siena,127892,6-8,"6'8""",80.0,79.05,"6'7""",-0.95,plays_shorter,79.05,"6'7""",-0.95,plays_shorter
2025,Gavin Doty,Siena,127893,6-5,"6'5""",77.0,77.96,"6'6""",0.96,plays_taller,77.96,"6'6""",0.96,plays_taller
2025,Major Freeman,Siena,127894,6-3,"6'3""",75.0,75.11,"6'3""",0.11,plays_at_height,75.11,"6'3""",0.11,plays_at_height
2025,Robert Hinton,Harvard,127900,6-5,"6'5""",77.0,76.65,"6'5""",-0.35,plays_at_height,76.65,"6'5""",-0.35,plays_at_height
2025,Ben Eisendrath,Harvard,127901,6-2,"6'2""",74.0,75.4,"6'3""",1.4,plays_taller,75.4,"6'3""",1.4,plays_taller
2025,Gerard O'Keefe,Columbia,127902,6-3,"6'3""",75.0,74.72,"6'3""",-0.28,plays_at_height,74.72,"6'3""",-0.28,plays_at_height
2025,Tim Moore,NJIT,127904,6-6,"6'6""",78.0,81.11,"6'9""",3.11,plays_taller,81.11,"6'9""",3.11,plays_taller
2025,Kam Martin,Long Beach St.,127906,6-4,"6'4""",76.0,74.19,"6'2""",-1.81,plays_shorter,74.19,"6'2""",-1.81,plays_shorter
2025,Riley Parker,Saint Francis,127910,6-2,"6'2""",74.0,74.9,"6'3""",0.9,plays_taller,74.9,"6'3""",0.9,plays_taller
2025,Hermann Koffi,Stonehill,127913,6-4,"6'4""",76.0,74.39,"6'2""",-1.61,plays_shorter,74.39,"6'2""",-1.61,plays_shorter
2025,Chop Paljor,Arkansas Pine Bluff,127916,6-8,"6'8""",80.0,73.56,"6'2""",-6.44,plays_shorter,73.56,"6'2""",-6.44,plays_shorter
2025,Dante Sawyer,Arkansas Pine Bluff,127917,6-4,"6'4""",76.0,75.0,"6'3""",-1.0,plays_shorter,75.0,"6'3""",-1.0,plays_shorter
2025,Raphael Dumon,Arkansas Pine Bluff,127921,6-4,"6'4""",76.0,75.12,"6'3""",-0.88,plays_shorter,75.12,"6'3""",-0.88,plays_shorter
2025,Tyler Johnson,Virginia Tech,127923,6-5,"6'5""",77.0,78.41,"6'6""",1.41,plays_taller,78.41,"6'6""",1.41,plays_taller
2025,Urban Klavzar,Florida,127926,6-1,"6'1""",73.0,73.94,"6'2""",0.94,plays_taller,73.94,"6'2""",0.94,plays_taller
2025,Javon Ervin,Mount St. Mary's,127930,6-3,"6'3""",75.0,75.38,"6'3""",0.38,plays_at_height,75.38,"6'3""",0.38,plays_at_height
2025,AJ Swinton,Florida St.,127931,6-6,"6'6""",78.0,76.84,"6'5""",-1.16,plays_shorter,76.84,"6'5""",-1.16,plays_shorter
2025,Daquan Davis,Florida St.,127934,6-1,"6'1""",73.0,76.93,"6'5""",3.93,plays_taller,76.93,"6'5""",3.93,plays_taller
2025,Alec Millender,IU Indy,127935,6-1,"6'1""",73.0,73.77,"6'2""",0.77,plays_taller,73.77,"6'2""",0.77,plays_taller
2025,Jadis Jones,Lindenwood,127940,6-5,"6'5""",77.0,78.33,"6'6""",1.33,plays_taller,78.33,"6'6""",1.33,plays_taller
2025,Aly Tounkara,Lindenwood,127943,7-0,"7'0""",84.0,81.54,"6'10""",-2.46,plays_shorter,81.54,"6'10""",-2.46,plays_shorter
2025,Ring Nyeri,UMKC,127947,6-8,"6'8""",80.0,79.63,"6'8""",-0.37,plays_at_height,79.63,"6'8""",-0.37,plays_at_height
2025,Davontae Hall,UMKC,127949,6-0,"6'0""",72.0,74.94,"6'3""",2.94,plays_taller,74.94,"6'3""",2.94,plays_taller
2025,Kasheem Grady II,UMKC,127950,6-5,"6'5""",77.0,77.11,"6'5""",0.11,plays_at_height,77.11,"6'5""",0.11,plays_at_height
2025,Richard Goods,Hampton,127953,6-9,"6'9""",81.0,81.31,"6'9""",0.31,plays_at_height,81.31,"6'9""",0.31,plays_at_height
2025,Robert Miller III,LSU,127958,6-10,"6'10""",82.0,80.53,"6'9""",-1.47,plays_shorter,80.53,"6'9""",-1.47,plays_shorter
2025,Curtis Givens III,LSU,127959,6-3,"6'3""",75.0,74.19,"6'2""",-0.81,plays_shorter,74.19,"6'2""",-0.81,plays_shorter
2025,Vyctorius Miller,LSU,127960,6-5,"6'5""",77.0,76.88,"6'5""",-0.12,plays_at_height,76.88,"6'5""",-0.12,plays_at_height
2025,Azmar Abdullah,Boston University,127962,6-3,"6'3""",75.0,73.76,"6'2""",-1.24,plays_shorter,73.76,"6'2""",-1.24,plays_shorter
2025,Ben Defty,Boston University,127963,7-0,"7'0""",84.0,80.41,"6'8""",-3.59,plays_shorter,80.41,"6'8""",-3.59,plays_shorter
2025,Jeff Planutis,Mercyhurst,127972,6-6,"6'6""",78.0,76.34,"6'4""",-1.66,plays_shorter,76.34,"6'4""",-1.66,plays_shorter
2025,Sean Elkinton,Louisiana Tech,127974,6-8,"6'8""",80.0,76.51,"6'5""",-3.49,plays_shorter,76.51,"6'5""",-3.49,plays_shorter
2025,Jeremy Clayville,Saint Francis,127975,6-0,"6'0""",72.0,74.06,"6'2""",2.06,plays_taller,74.06,"6'2""",2.06,plays_taller
2025,Victor Payne,Saint Francis,127976,6-4,"6'4""",76.0,75.94,"6'4""",-0.06,plays_at_height,75.94,"6'4""",-0.06,plays_at_height
2025,K.J. Windham,Northwestern,127977,6-3,"6'3""",75.0,75.77,"6'4""",0.77,plays_taller,75.77,"6'4""",0.77,plays_taller
2025,Angelo Ciaravino,Northwestern,127978,6-6,"6'6""",78.0,78.0,"6'6""",0.0,plays_at_height,78.0,"6'6""",0.0,plays_at_height
2025,Tomislav Ivisic,Illinois,127979,7-1,"7'1""",85.0,81.06,"6'9""",-3.94,plays_shorter,81.06,"6'9""",-3.94,plays_shorter
2025,Connor Amundsen,Dartmouth,127980,5-11,"5'11""",71.0,74.4,"6'2""",3.4,plays_taller,74.4,"6'2""",3.4,plays_taller
2025,Zach Laput,Davidson,127983,6-4,"6'4""",76.0,76.04,"6'4""",0.04,plays_at_height,76.04,"6'4""",0.04,plays_at_height
2025,Joshua DeCady,Hofstra,127986,6-8,"6'8""",80.0,77.81,"6'6""",-2.19,plays_shorter,77.81,"6'6""",-2.19,plays_shorter
2025,Micah Robinson,TCU,127988,6-6,"6'6""",78.0,76.69,"6'5""",-1.31,plays_shorter,76.69,"6'5""",-1.31,plays_shorter
2025,Christian Gamble,Mercyhurst,127989,6-1,"6'1""",73.0,73.21,"6'1""",0.21,plays_at_height,73.21,"6'1""",0.21,plays_at_height
2025,Jack Whitbourn,UC Riverside,127992,6-10,"6'10""",82.0,78.62,"6'7""",-3.38,plays_shorter,78.62,"6'7""",-3.38,plays_shorter
2025,Cooper Flagg,Duke,127998,6-9,"6'9""",81.0,82.04,"6'10""",1.04,plays_taller,82.04,"6'10""",1.04,plays_taller
2025,Will Shortt,Niagara,128002,6-8,"6'8""",80.0,79.44,"6'7""",-0.56,plays_at_height,79.44,"6'7""",-0.56,plays_at_height
2025,Donnie Freeman,Syracuse,128004,6-9,"6'9""",81.0,80.05,"6'8""",-0.95,plays_shorter,80.05,"6'8""",-0.95,plays_shorter
2025,Jayshayne Woodard,East Carolina,128006,6-7,"6'7""",79.0,79.29,"6'7""",0.29,plays_at_height,79.29,"6'7""",0.29,plays_at_height
2025,Trevion LaBeaux,East Carolina,128007,6-3,"6'3""",75.0,79.19,"6'7""",4.19,plays_taller,79.19,"6'7""",4.19,plays_taller
2025,Kyle Frazier,William & Mary,128010,6-2,"6'2""",74.0,74.5,"6'3""",0.5,plays_at_height,74.5,"6'3""",0.5,plays_at_height
2025,PJ Dobuol,Southern,128013,6-8,"6'8""",80.0,80.42,"6'8""",0.42,plays_at_height,80.42,"6'8""",0.42,plays_at_height
2025,Grant Kemp,New Orleans,128018,5-10,"5'10""",70.0,75.57,"6'4""",5.57,plays_taller,75.57,"6'4""",5.57,plays_taller
2025,Luke Flynn,Wofford,128019,6-1,"6'1""",73.0,75.4,"6'3""",2.4,plays_taller,75.4,"6'3""",2.4,plays_taller
2025,Kahmare Holmes,Wofford,128020,6-3,"6'3""",75.0,76.77,"6'5""",1.77,plays_taller,76.77,"6'5""",1.77,plays_taller
2025,Mac Riniker,Cal Poly,128023,6-5,"6'5""",77.0,78.52,"6'7""",1.52,plays_taller,78.52,"6'7""",1.52,plays_taller
2025,Sean Lang,Mercyhurst,128024,6-3,"6'3""",75.0,75.71,"6'4""",0.71,plays_at_height,75.71,"6'4""",0.71,plays_at_height
2025,Berk Can Akin,UC Irvine,128025,6-4,"6'4""",76.0,74.9,"6'3""",-1.1,plays_shorter,74.9,"6'3""",-1.1,plays_shorter
2025,Iverson King,Presbyterian,128026,6-6,"6'6""",78.0,77.93,"6'6""",-0.07,plays_at_height,77.93,"6'6""",-0.07,plays_at_height
2025,Owen Derhmann,Central Arkansas,128028,6-4,"6'4""",76.0,73.68,"6'2""",-2.32,plays_shorter,73.68,"6'2""",-2.32,plays_shorter
2025,Thomas Sorber,Georgetown,128030,6-10,"6'10""",82.0,82.72,"6'11""",0.72,plays_at_height,82.72,"6'11""",0.72,plays_at_height
2025,Michelangelo Oberti,Penn,128034,6-10,"6'10""",82.0,77.26,"6'5""",-4.74,plays_shorter,77.26,"6'5""",-4.74,plays_shorter
2025,Carlos Cortijo,Tennessee Martin,128037,6-0,"6'0""",72.0,74.07,"6'2""",2.07,plays_taller,74.07,"6'2""",2.07,plays_taller
2025,AJ Hopkins,Tennessee Martin,128038,6-6,"6'6""",78.0,75.94,"6'4""",-2.06,plays_shorter,75.94,"6'4""",-2.06,plays_shorter
2025,Stefano Faloppa,Tennessee Martin,128040,6-9,"6'9""",81.0,76.64,"6'5""",-4.36,plays_shorter,76.64,"6'5""",-4.36,plays_shorter
2025,Micah Caster,Louisiana Monroe,128046,6-2,"6'2""",74.0,74.05,"6'2""",0.05,plays_at_height,74.05,"6'2""",0.05,plays_at_height
2025,Bennett Stirtz,Drake,128048,6-4,"6'4""",76.0,78.26,"6'6""",2.26,plays_taller,78.26,"6'6""",2.26,plays_taller
2025,JoJo Moore,Oral Roberts,128050,6-5,"6'5""",77.0,78.06,"6'6""",1.06,plays_taller,78.06,"6'6""",1.06,plays_taller
2025,Luke Gray,Oral Roberts,128051,6-7,"6'7""",79.0,79.12,"6'7""",0.12,plays_at_height,79.12,"6'7""",0.12,plays_at_height
2025,Elijah Moore,Syracuse,128057,6-4,"6'4""",76.0,75.79,"6'4""",-0.21,plays_at_height,75.79,"6'4""",-0.21,plays_at_height
2025,Chase Kuiper,Detroit Mercy,128058,6-6,"6'6""",78.0,76.19,"6'4""",-1.81,plays_shorter,76.19,"6'4""",-1.81,plays_shorter
2025,Miles Mitchell,Detroit Mercy,128060,6-10,"6'10""",82.0,78.81,"6'7""",-3.19,plays_shorter,78.81,"6'7""",-3.19,plays_shorter
2025,Jalil Bethea,Miami FL,128061,6-5,"6'5""",77.0,75.32,"6'3""",-1.68,plays_shorter,75.32,"6'3""",-1.68,plays_shorter
2025,Nate Johnson,Detroit Mercy,128064,6-5,"6'5""",77.0,76.25,"6'4""",-0.75,plays_shorter,76.25,"6'4""",-0.75,plays_shorter
2025,"Troy Cole, Jr.",Southeast Missouri St.,128066,6-5,"6'5""",77.0,78.0,"6'6""",1.0,plays_taller,78.0,"6'6""",1.0,plays_taller
2025,Nick Woodard,Stony Brook,128068,6-6,"6'6""",78.0,76.1,"6'4""",-1.9,plays_shorter,76.1,"6'4""",-1.9,plays_shorter
2025,CJ Luster,Stony Brook,128069,6-3,"6'3""",75.0,74.26,"6'2""",-0.74,plays_at_height,74.26,"6'2""",-0.74,plays_at_height
2025,Malcolm Noel,West Georgia,128070,5-11,"5'11""",71.0,73.3,"6'1""",2.3,plays_taller,73.3,"6'1""",2.3,plays_taller
2025,Dylan Warlick,Saint Louis,128073,6-5,"6'5""",77.0,76.66,"6'5""",-0.34,plays_at_height,76.66,"6'5""",-0.34,plays_at_height
2025,Amari McCottry,Saint Louis,128074,6-6,"6'6""",78.0,77.5,"6'5""",-0.5,plays_at_height,77.5,"6'5""",-0.5,plays_at_height
2025,Gabe Pickens,New Mexico St.,128076,6-0,"6'0""",72.0,74.19,"6'2""",2.19,plays_taller,74.19,"6'2""",2.19,plays_taller
2025,Jae'Coby Osborne,New Mexico St.,128077,6-6,"6'6""",78.0,80.35,"6'8""",2.35,plays_taller,80.35,"6'8""",2.35,plays_taller
2025,MJ Thomas,New Orleans,128081,6-8,"6'8""",80.0,80.14,"6'8""",0.14,plays_at_height,80.14,"6'8""",0.14,plays_at_height
2025,Kohen Rowbatham,New Orleans,128082,6-0,"6'0""",72.0,73.8,"6'2""",1.8,plays_taller,73.8,"6'2""",1.8,plays_taller
2025,Jawarie Hamelin,New Hampshire,128084,6-2,"6'2""",74.0,75.2,"6'3""",1.2,plays_taller,75.2,"6'3""",1.2,plays_taller
2025,Antoni Siewruk,New Hampshire,128085,6-9,"6'9""",81.0,74.66,"6'3""",-6.34,plays_shorter,74.66,"6'3""",-6.34,plays_shorter
2025,Caleb Middleton,New Hampshire,128086,6-11,"6'11""",83.0,79.14,"6'7""",-3.86,plays_shorter,79.14,"6'7""",-3.86,plays_shorter
2025,Khalil Badru,New Hampshire,128087,6-5,"6'5""",77.0,77.84,"6'6""",0.84,plays_taller,77.84,"6'6""",0.84,plays_taller
2025,Christopher Flippin,Maryland Eastern Shore,128088,6-8,"6'8""",80.0,78.38,"6'6""",-1.62,plays_shorter,78.38,"6'6""",-1.62,plays_shorter
2025,Flash Burton,Rider,128090,6-3,"6'3""",75.0,76.28,"6'4""",1.28,plays_taller,76.28,"6'4""",1.28,plays_taller
2025,Alfred Worrell Jr.,Southern Miss,128092,6-4,"6'4""",76.0,74.89,"6'3""",-1.11,plays_shorter,74.89,"6'3""",-1.11,plays_shorter
2025,Qiant Myers,Portland St.,128093,6-5,"6'5""",77.0,75.36,"6'3""",-1.64,plays_shorter,75.36,"6'3""",-1.64,plays_shorter
2025,Timaris Brown,IU Indy,128094,6-5,"6'5""",77.0,77.95,"6'6""",0.95,plays_taller,77.95,"6'6""",0.95,plays_taller
2025,Malachi Arrington,NJIT,128099,6-11,"6'11""",83.0,79.74,"6'8""",-3.26,plays_shorter,79.74,"6'8""",-3.26,plays_shorter
2025,John Kelly,NJIT,128100,6-8,"6'8""",80.0,75.35,"6'3""",-4.65,plays_shorter,75.35,"6'3""",-4.65,plays_shorter
2025,Ari Fulton,NJIT,128101,6-7,"6'7""",79.0,77.78,"6'6""",-1.22,plays_shorter,77.78,"6'6""",-1.22,plays_shorter
2025,Quentin Duncan,NJIT,128102,6-4,"6'4""",76.0,74.18,"6'2""",-1.82,plays_shorter,74.18,"6'2""",-1.82,plays_shorter
2025,Will Hornseth,Northern Iowa,128105,6-8,"6'8""",80.0,78.52,"6'7""",-1.48,plays_shorter,78.52,"6'7""",-1.48,plays_shorter
2025,Javontae Campbell,Bowling Green,128109,6-2,"6'2""",74.0,76.96,"6'5""",2.96,plays_taller,76.96,"6'5""",2.96,plays_taller
2025,Jahvin Carter,Penn St.,128111,6-3,"6'3""",75.0,73.79,"6'2""",-1.21,plays_shorter,73.79,"6'2""",-1.21,plays_shorter
2025,Tommy Kamarad,Winthrop,128113,6-8,"6'8""",80.0,78.31,"6'6""",-1.69,plays_shorter,78.31,"6'6""",-1.69,plays_shorter
2025,Nolan Minessale,St. Thomas,128121,6-5,"6'5""",77.0,79.3,"6'7""",2.3,plays_taller,79.3,"6'7""",2.3,plays_taller
2025,Kyle Brown,Arkansas Pine Bluff,128123,6-9,"6'9""",81.0,75.8,"6'4""",-5.2,plays_shorter,75.8,"6'4""",-5.2,plays_shorter
2025,Aaron Nkrumah,Tennessee St.,128124,6-6,"6'6""",78.0,77.56,"6'6""",-0.44,plays_at_height,77.56,"6'6""",-0.44,plays_at_height
2025,Jacksen Moni,North Dakota St.,128125,6-10,"6'10""",82.0,77.71,"6'6""",-4.29,plays_shorter,77.71,"6'6""",-4.29,plays_shorter
2025,Chansey Willis Jr.,Western Michigan,128126,6-2,"6'2""",74.0,75.94,"6'4""",1.94,plays_taller,75.94,"6'4""",1.94,plays_taller
2025,Quan Lax,Austin Peay,128130,6-2,"6'2""",74.0,75.31,"6'3""",1.31,plays_taller,75.31,"6'3""",1.31,plays_taller
2025,Akili Evans,Austin Peay,128132,6-5,"6'5""",77.0,76.18,"6'4""",-0.82,plays_shorter,76.18,"6'4""",-0.82,plays_shorter
2025,Tekao Carpenter,Austin Peay,128133,6-3,"6'3""",75.0,73.3,"6'1""",-1.7,plays_shorter,73.3,"6'1""",-1.7,plays_shorter
2025,Justin Begg,George Mason,128139,6-0,"6'0""",72.0,75.81,"6'4""",3.81,plays_taller,75.81,"6'4""",3.81,plays_taller
2025,Elliot Lowndes,Southeast Missouri St.,128145,7-0,"7'0""",84.0,81.66,"6'10""",-2.34,plays_shorter,81.66,"6'10""",-2.34,plays_shorter
2025,Mercy Miller,Houston,128146,6-4,"6'4""",76.0,77.81,"6'6""",1.81,plays_taller,77.81,"6'6""",1.81,plays_taller
2025,Devin Haid,Central Connecticut,128148,6-5,"6'5""",77.0,78.76,"6'7""",1.76,plays_taller,78.76,"6'7""",1.76,plays_taller
2025,Khani Rooths,Louisville,128149,6-8,"6'8""",80.0,79.58,"6'8""",-0.42,plays_at_height,79.58,"6'8""",-0.42,plays_at_height
2025,Christian Henry,Eastern Michigan,128151,6-3,"6'3""",75.0,74.88,"6'3""",-0.12,plays_at_height,74.88,"6'3""",-0.12,plays_at_height
2025,Ace Bailey,Rutgers,128153,6-10,"6'10""",82.0,79.89,"6'8""",-2.11,plays_shorter,79.89,"6'8""",-2.11,plays_shorter
2025,Dylan Harper,Rutgers,128154,6-6,"6'6""",78.0,78.37,"6'6""",0.37,plays_at_height,78.37,"6'6""",0.37,plays_at_height
2025,Miles Barnstable,St. Thomas,128156,6-2,"6'2""",74.0,76.95,"6'5""",2.95,plays_taller,76.95,"6'5""",2.95,plays_taller
2025,Justice Shoats,Siena,128157,5-11,"5'11""",71.0,76.54,"6'5""",5.54,plays_taller,76.54,"6'5""",5.54,plays_taller
2025,Nick Anderson,Furman,128161,6-3,"6'3""",75.0,74.34,"6'2""",-0.66,plays_at_height,74.34,"6'2""",-0.66,plays_at_height
2025,Jalen Barr,Iona,128162,6-4,"6'4""",76.0,79.57,"6'8""",3.57,plays_taller,79.57,"6'8""",3.57,plays_taller
2025,Brody Fox,The Citadel,128163,6-6,"6'6""",78.0,77.88,"6'6""",-0.12,plays_at_height,77.88,"6'6""",-0.12,plays_at_height
2025,Cole McCormick,Central Arkansas,128164,6-6,"6'6""",78.0,76.83,"6'5""",-1.17,plays_shorter,76.83,"6'5""",-1.17,plays_shorter
2025,Josiah Dunham,Southern Indiana,128165,6-0,"6'0""",72.0,75.26,"6'3""",3.26,plays_taller,75.26,"6'3""",3.26,plays_taller
2025,Latif Diouf,Chattanooga,128170,6-9,"6'9""",81.0,78.13,"6'6""",-2.87,plays_shorter,78.13,"6'6""",-2.87,plays_shorter
2025,Christian Alston,Abilene Christian,128171,6-5,"6'5""",77.0,76.82,"6'5""",-0.18,plays_at_height,76.82,"6'5""",-0.18,plays_at_height
2025,Dontrez Williams,Abilene Christian,128174,6-5,"6'5""",77.0,78.19,"6'6""",1.19,plays_taller,78.19,"6'6""",1.19,plays_taller
2025,Willie Williams,Northwestern St.,128178,6-6,"6'6""",78.0,79.99,"6'8""",1.99,plays_taller,79.99,"6'8""",1.99,plays_taller
2025,Quentin Heady,Central Michigan,128182,6-6,"6'6""",78.0,78.15,"6'6""",0.15,plays_at_height,78.15,"6'6""",0.15,plays_at_height
2025,Damarion Bonds,Central Michigan,128183,6-6,"6'6""",78.0,75.76,"6'4""",-2.24,plays_shorter,75.76,"6'4""",-2.24,plays_shorter
2025,Kevin McCarthy,Army,128184,6-4,"6'4""",76.0,75.61,"6'4""",-0.39,plays_at_height,75.61,"6'4""",-0.39,plays_at_height
2025,Kameron Taylor,UNC Asheville,128190,6-7,"6'7""",79.0,78.93,"6'7""",-0.07,plays_at_height,78.93,"6'7""",-0.07,plays_at_height
2025,TJ Simpkins,Elon,128193,6-4,"6'4""",76.0,77.66,"6'6""",1.66,plays_taller,77.66,"6'6""",1.66,plays_taller
2025,Ring Malith,SIU Edwardsville,128194,6-9,"6'9""",81.0,78.43,"6'6""",-2.57,plays_shorter,78.43,"6'6""",-2.57,plays_shorter
2025,Nassim Mashhour,Oakland,128196,6-4,"6'4""",76.0,75.17,"6'3""",-0.83,plays_shorter,75.17,"6'3""",-0.83,plays_shorter
2025,Myles Thompson,SIU Edwardsville,128199,6-7,"6'7""",79.0,78.21,"6'6""",-0.79,plays_shorter,78.21,"6'6""",-0.79,plays_shorter
2025,Jasir Tremble,Fresno St.,128201,5-10,"5'10""",70.0,74.63,"6'3""",4.63,plays_taller,74.63,"6'3""",4.63,plays_taller
2025,Kyle Jorgensen,Colorado St.,128202,6-9,"6'9""",81.0,77.1,"6'5""",-3.9,plays_shorter,77.1,"6'5""",-3.9,plays_shorter
2025,Keitenn Bristow,Tarleton St.,128203,6-8,"6'8""",80.0,78.78,"6'7""",-1.22,plays_shorter,78.78,"6'7""",-1.22,plays_shorter
2025,Jordan Mizell,Tarleton St.,128205,6-2,"6'2""",74.0,76.42,"6'4""",2.42,plays_taller,76.42,"6'4""",2.42,plays_taller
2025,Karim Elgizawy,Tarleton St.,128207,6-3,"6'3""",75.0,75.23,"6'3""",0.23,plays_at_height,75.23,"6'3""",0.23,plays_at_height
2025,Matt Krass,Tarleton St.,128209,6-2,"6'2""",74.0,72.79,"6'1""",-1.21,plays_shorter,72.79,"6'1""",-1.21,plays_shorter
2025,Jamichael Stillwell,Milwaukee,128212,6-8,"6'8""",80.0,81.27,"6'9""",1.27,plays_taller,81.27,"6'9""",1.27,plays_taller
2025,Bradey Henige,Cal Baptist,128214,7-0,"7'0""",84.0,79.57,"6'8""",-4.43,plays_shorter,79.57,"6'8""",-4.43,plays_shorter
2025,Paul Zilinskas,IU Indy,128216,6-6,"6'6""",78.0,74.57,"6'3""",-3.43,plays_shorter,74.57,"6'3""",-3.43,plays_shorter
2025,David Punch,TCU,128217,6-7,"6'7""",79.0,80.92,"6'9""",1.92,plays_taller,80.92,"6'9""",1.92,plays_taller
2025,Malick Diallo,TCU,128218,6-9,"6'9""",81.0,81.12,"6'9""",0.12,plays_at_height,81.12,"6'9""",0.12,plays_at_height
2025,Robert Wright,Baylor,128221,6-1,"6'1""",73.0,74.85,"6'3""",1.85,plays_taller,74.85,"6'3""",1.85,plays_taller
2025,Dylan Jones,Fairleigh Dickinson,128225,6-5,"6'5""",77.0,74.33,"6'2""",-2.67,plays_shorter,74.33,"6'2""",-2.67,plays_shorter
2025,Marcus Allen,Missouri,128232,6-7,"6'7""",79.0,77.95,"6'6""",-1.05,plays_shorter,77.95,"6'6""",-1.05,plays_shorter
2025,Shakir Odunewu,Cal St. Bakersfield,128233,6-11,"6'11""",83.0,78.66,"6'7""",-4.34,plays_shorter,78.66,"6'7""",-4.34,plays_shorter
2025,Clayton Jackson,Lindenwood,128234,6-2,"6'2""",74.0,74.45,"6'2""",0.45,plays_at_height,74.45,"6'2""",0.45,plays_at_height
2025,Kanon Catchings,BYU,128236,6-9,"6'9""",81.0,77.6,"6'6""",-3.4,plays_shorter,77.6,"6'6""",-3.4,plays_shorter
2025,Josiah LeGree,Indiana St.,128237,6-0,"6'0""",72.0,76.07,"6'4""",4.07,plays_taller,76.07,"6'4""",4.07,plays_taller
2025,Myles Watkins,Bellarmine,128238,6-3,"6'3""",75.0,76.07,"6'4""",1.07,plays_taller,76.07,"6'4""",1.07,plays_taller
2025,Brandon Morgan,Western Carolina,128239,6-4,"6'4""",76.0,74.34,"6'2""",-1.66,plays_shorter,74.34,"6'2""",-1.66,plays_shorter
2025,CJ Hyland,Western Carolina,128240,6-1,"6'1""",73.0,74.24,"6'2""",1.24,plays_taller,74.24,"6'2""",1.24,plays_taller
2025,Yvens Paul,Eastern Kentucky,128247,6-7,"6'7""",79.0,83.17,"6'11""",4.17,plays_taller,83.17,"6'11""",4.17,plays_taller
2025,Tamaury Releford,West Georgia,128249,6-8,"6'8""",80.0,79.0,"6'7""",-1.0,plays_shorter,79.0,"6'7""",-1.0,plays_shorter
2025,Roberts Blums,Davidson,128254,6-4,"6'4""",76.0,74.87,"6'3""",-1.13,plays_shorter,74.87,"6'3""",-1.13,plays_shorter
2025,Jared Washington,Southern Indiana,128256,6-3,"6'3""",75.0,76.18,"6'4""",1.18,plays_taller,76.18,"6'4""",1.18,plays_taller
2025,Caleb Williams,Georgetown,128260,6-7,"6'7""",79.0,77.78,"6'6""",-1.22,plays_shorter,77.78,"6'6""",-1.22,plays_shorter
2025,Lorenzo Abellar,Southern Utah,128262,6-0,"6'0""",72.0,74.19,"6'2""",2.19,plays_taller,74.19,"6'2""",2.19,plays_taller
2025,Bradyn Hubbard,Abilene Christian,128263,6-7,"6'7""",79.0,77.73,"6'6""",-1.27,plays_shorter,77.73,"6'6""",-1.27,plays_shorter
2025,Cheikh Ndiaye,Sam Houston St.,128265,6-10,"6'10""",82.0,77.29,"6'5""",-4.71,plays_shorter,77.29,"6'5""",-4.71,plays_shorter
2025,Caleb Mackrey,Marist,128269,6-3,"6'3""",75.0,73.67,"6'2""",-1.33,plays_shorter,73.67,"6'2""",-1.33,plays_shorter
2025,Tarik Watson,Marist,128270,6-8,"6'8""",80.0,78.98,"6'7""",-1.02,plays_shorter,78.98,"6'7""",-1.02,plays_shorter
2025,Ponce James,Delaware St.,128272,5-11,"5'11""",71.0,74.77,"6'3""",3.77,plays_taller,74.77,"6'3""",3.77,plays_taller
2025,Luke Bamgboye,VCU,128274,6-10,"6'10""",82.0,83.88,"7'0""",1.88,plays_taller,83.88,"7'0""",1.88,plays_taller
2025,Josh Dilling,Northern Kentucky,128281,6-4,"6'4""",76.0,74.22,"6'2""",-1.78,plays_shorter,74.22,"6'2""",-1.78,plays_shorter
2025,Daniel Abreu,Drake,128291,6-6,"6'6""",78.0,77.6,"6'6""",-0.4,plays_at_height,77.6,"6'6""",-0.4,plays_at_height
2025,Trevor Hennig,Weber St.,128293,6-4,"6'4""",76.0,76.12,"6'4""",0.12,plays_at_height,76.12,"6'4""",0.12,plays_at_height
2025,Gabriel Pozzato,Evansville,128296,6-7,"6'7""",79.0,77.94,"6'6""",-1.06,plays_shorter,77.94,"6'6""",-1.06,plays_shorter
2025,Kaia Berridge,Evansville,128297,6-4,"6'4""",76.0,73.97,"6'2""",-2.03,plays_shorter,73.97,"6'2""",-2.03,plays_shorter
2025,Elijah Elliott,Ohio,128300,6-3,"6'3""",75.0,76.88,"6'5""",1.88,plays_taller,76.88,"6'5""",1.88,plays_taller
2025,Lachlan Brewer,Sacramento St.,128308,6-6,"6'6""",78.0,75.9,"6'4""",-2.1,plays_shorter,75.9,"6'4""",-2.1,plays_shorter
2025,EJ Ryans,Western Michigan,128309,6-3,"6'3""",75.0,73.27,"6'1""",-1.73,plays_shorter,73.27,"6'1""",-1.73,plays_shorter
2025,Trey Deveaux,Western Illinois,128311,6-5,"6'5""",77.0,77.63,"6'6""",0.63,plays_at_height,77.63,"6'6""",0.63,plays_at_height
2025,Moustapha Thiam,UCF,128312,7-2,"7'2""",86.0,82.14,"6'10""",-3.86,plays_shorter,82.14,"6'10""",-3.86,plays_shorter
2025,Seth Jones,Pacific,128314,6-2,"6'2""",74.0,75.42,"6'3""",1.42,plays_taller,75.42,"6'3""",1.42,plays_taller
2025,Carter Benton,Pacific,128317,6-4,"6'4""",76.0,72.5,"6'0""",-3.5,plays_shorter,72.5,"6'0""",-3.5,plays_shorter
2025,Tey Barbour,Harvard,128321,6-4,"6'4""",76.0,75.5,"6'3""",-0.5,plays_at_height,75.5,"6'3""",-0.5,plays_at_height
2025,Austin Hunt,Harvard,128322,6-4,"6'4""",76.0,77.27,"6'5""",1.27,plays_taller,77.27,"6'5""",1.27,plays_taller
2025,Donte Bacchus,North Alabama,128326,6-7,"6'7""",79.0,78.55,"6'7""",-0.45,plays_at_height,78.55,"6'7""",-0.45,plays_at_height
2025,JJ Wheat,South Alabama,128328,6-0,"6'0""",72.0,76.43,"6'4""",4.43,plays_taller,76.43,"6'4""",4.43,plays_taller
2025,Tytan Newton,Morgan St.,128330,6-1,"6'1""",73.0,75.28,"6'3""",2.28,plays_taller,75.28,"6'3""",2.28,plays_taller
2025,Taj Bryant,Sacred Heart,128332,6-2,"6'2""",74.0,76.24,"6'4""",2.24,plays_taller,76.24,"6'4""",2.24,plays_taller
2025,Flory Bidunga,Kansas,128335,6-9,"6'9""",81.0,85.61,"7'2""",4.61,plays_taller,85.61,"7'2""",4.61,plays_taller
2025,Bruno Alocen,Indiana St.,128336,6-6,"6'6""",78.0,74.76,"6'3""",-3.24,plays_shorter,74.76,"6'3""",-3.24,plays_shorter
2025,Jayan Walker,Indiana St.,128339,6-6,"6'6""",78.0,75.82,"6'4""",-2.18,plays_shorter,75.82,"6'4""",-2.18,plays_shorter
2025,Jahni Summers,Indiana St.,128340,6-6,"6'6""",78.0,76.04,"6'4""",-1.96,plays_shorter,76.04,"6'4""",-1.96,plays_shorter
2025,Matthew Sells,Tennessee Tech,128341,6-3,"6'3""",75.0,73.68,"6'2""",-1.32,plays_shorter,73.68,"6'2""",-1.32,plays_shorter
2025,Jared Lary,Detroit Mercy,128342,6-6,"6'6""",78.0,76.24,"6'4""",-1.76,plays_shorter,76.24,"6'4""",-1.76,plays_shorter
2025,Marty Silvera,Tarleton St.,128343,6-0,"6'0""",72.0,75.64,"6'4""",3.64,plays_taller,75.64,"6'4""",3.64,plays_taller
2025,Gicarri Harris,Purdue,128344,6-3,"6'3""",75.0,76.87,"6'5""",1.87,plays_taller,76.87,"6'5""",1.87,plays_taller
2025,Aidan Reichert,Mercyhurst,128346,6-4,"6'4""",76.0,77.01,"6'5""",1.01,plays_taller,77.01,"6'5""",1.01,plays_taller
2025,Erik Timko,Delaware,128348,6-4,"6'4""",76.0,76.05,"6'4""",0.05,plays_at_height,76.05,"6'4""",0.05,plays_at_height
2025,Ahmed Barba-Bey,Fairleigh Dickinson,128349,6-3,"6'3""",75.0,75.79,"6'4""",0.79,plays_taller,75.79,"6'4""",0.79,plays_taller
2025,Paul Jones III,Winthrop,128356,6-4,"6'4""",76.0,76.18,"6'4""",0.18,plays_at_height,76.18,"6'4""",0.18,plays_at_height
2025,P.J. Eason,Grambling St.,128359,6-9,"6'9""",81.0,81.43,"6'9""",0.43,plays_at_height,81.43,"6'9""",0.43,plays_at_height
2025,James Flippin,Grambling St.,128360,6-10,"6'10""",82.0,76.61,"6'5""",-5.39,plays_shorter,76.61,"6'5""",-5.39,plays_shorter
2025,Fraser Roxburgh,Manhattan,128363,6-7,"6'7""",79.0,77.68,"6'6""",-1.32,plays_shorter,77.68,"6'6""",-1.32,plays_shorter
2025,Masiah Gilyard,Manhattan,128364,6-3,"6'3""",75.0,79.29,"6'7""",4.29,plays_taller,79.29,"6'7""",4.29,plays_taller
2025,Will Sydnor,Manhattan,128365,6-8,"6'8""",80.0,79.44,"6'7""",-0.56,plays_at_height,79.44,"6'7""",-0.56,plays_at_height
2025,Omar Migues-Hibeljić,Buffalo,128367,6-5,"6'5""",77.0,74.88,"6'3""",-2.12,plays_shorter,74.88,"6'3""",-2.12,plays_shorter
2025,Kyric Davis,West Georgia,128369,6-5,"6'5""",77.0,77.78,"6'6""",0.78,plays_taller,77.78,"6'6""",0.78,plays_taller
2025,Grant Randall,Quinnipiac,128370,6-9,"6'9""",81.0,77.48,"6'5""",-3.52,plays_shorter,77.48,"6'5""",-3.52,plays_shorter
2025,Kody Clouet,San Diego,128372,6-5,"6'5""",77.0,75.01,"6'3""",-1.99,plays_shorter,75.01,"6'3""",-1.99,plays_shorter
2025,Demetrus Johnson II,West Georgia,128373,6-0,"6'0""",72.0,74.23,"6'2""",2.23,plays_taller,74.23,"6'2""",2.23,plays_taller
2025,Dante Kearse,The Citadel,128375,6-4,"6'4""",76.0,75.01,"6'3""",-0.99,plays_shorter,75.01,"6'3""",-0.99,plays_shorter
2025,Jaden Zimmerman,Quinnipiac,128378,6-5,"6'5""",77.0,76.68,"6'5""",-0.32,plays_at_height,76.68,"6'5""",-0.32,plays_at_height
2025,Vianney Salatchoum,FIU,128380,6-11,"6'11""",83.0,80.52,"6'9""",-2.48,plays_shorter,80.52,"6'9""",-2.48,plays_shorter
2025,Matas Vokietaitis,Florida Atlantic,128385,7-0,"7'0""",84.0,82.85,"6'11""",-1.15,plays_shorter,82.85,"6'11""",-1.15,plays_shorter
2025,Amsal Delalić,Pittsburgh,128389,6-8,"6'8""",80.0,75.78,"6'4""",-4.22,plays_shorter,75.78,"6'4""",-4.22,plays_shorter
2025,Andrija Bukumirović,Tennessee Martin,128391,6-7,"6'7""",79.0,79.1,"6'7""",0.1,plays_at_height,79.1,"6'7""",0.1,plays_at_height
2025,Shelton Williams-Dryden,West Georgia,128405,6-6,"6'6""",78.0,79.03,"6'7""",1.03,plays_taller,79.03,"6'7""",1.03,plays_taller
2025,Jayden Williams,Incarnate Word,128409,6-9,"6'9""",81.0,82.47,"6'10""",1.47,plays_taller,82.47,"6'10""",1.47,plays_taller
2025,Rickey Ballard,West Georgia,128418,6-7,"6'7""",79.0,76.41,"6'4""",-2.59,plays_shorter,76.41,"6'4""",-2.59,plays_shorter
2025,Kjay Bradley Jr.,San Diego,128423,6-1,"6'1""",73.0,74.95,"6'3""",1.95,plays_taller,74.95,"6'3""",1.95,plays_taller
2025,Justas Stonkus,Charleston,128428,6-6,"6'6""",78.0,75.68,"6'4""",-2.32,plays_shorter,75.68,"6'4""",-2.32,plays_shorter
2025,Abdou Khadre Kébé,Mount St. Mary's,128429,6-7,"6'7""",79.0,75.68,"6'4""",-3.32,plays_shorter,75.68,"6'4""",-3.32,plays_shorter
2025,Josué Grullon,Tennessee Martin,128431,6-5,"6'5""",77.0,75.33,"6'3""",-1.67,plays_shorter,75.33,"6'3""",-1.67,plays_shorter
2025,Matija Žužić,Tennessee Martin,128432,6-7,"6'7""",79.0,75.51,"6'4""",-3.49,plays_shorter,75.51,"6'4""",-3.49,plays_shorter
2025,Filip Radaković,Tennessee Martin,128433,6-7,"6'7""",79.0,76.49,"6'4""",-2.51,plays_shorter,76.49,"6'4""",-2.51,plays_shorter
2025,Tony Duckett,San Diego,128434,6-5,"6'5""",77.0,75.57,"6'4""",-1.43,plays_shorter,75.57,"6'4""",-1.43,plays_shorter
2025,Kean Webb,San Diego,128437,6-11,"6'11""",83.0,78.74,"6'7""",-4.26,plays_shorter,78.74,"6'7""",-4.26,plays_shorter
2025,Caleb Thompson,Western Illinois,128443,6-5,"6'5""",77.0,77.38,"6'5""",0.38,plays_at_height,77.38,"6'5""",0.38,plays_at_height
2025,Mihailo Boskovic,BYU,128445,6-10,"6'10""",82.0,77.56,"6'6""",-4.44,plays_shorter,77.56,"6'6""",-4.44,plays_shorter
2025,"Jeremiah ""Bear"" Cherry",UNLV,128446,6-11,"6'11""",83.0,82.36,"6'10""",-0.64,plays_at_height,82.36,"6'10""",-0.64,plays_at_height
2025,Damarius Owens,Marquette,133631,6-7,"6'7""",79.0,76.87,"6'5""",-2.13,plays_shorter,76.87,"6'5""",-2.13,plays_shorter
2025,Yonatan Levy,Green Bay,133640,6-9,"6'9""",81.0,77.52,"6'6""",-3.48,plays_shorter,77.52,"6'6""",-3.48,plays_shorter
2025,Abdulai Fanta Kabba,Denver,133641,7-0,"7'0""",84.0,82.3,"6'10""",-1.7,plays_shorter,82.3,"6'10""",-1.7,plays_shorter
2025,Raeshun McGregory,Mississippi Valley St.,133643,6-4,"6'4""",76.0,76.23,"6'4""",0.23,plays_at_height,76.23,"6'4""",0.23,plays_at_height
2025,Trevor Best,Arizona St.,133646,6-2,"6'2""",74.0,74.15,"6'2""",0.15,plays_at_height,74.15,"6'2""",0.15,plays_at_height
2025,Fedor Zugic,Creighton,133661,6-6,"6'6""",78.0,77.31,"6'5""",-0.69,plays_at_height,77.31,"6'5""",-0.69,plays_at_height
