season,player_name,team,pid,listed_height_raw,listed_height,listed_height_inches,predicted_profile_height_inches,predicted_profile_height,height_delta_inches,height_profile_label,predicted_big_profile_height_inches,predicted_big_profile_height,big_height_delta_inches,big_height_profile_label
2024,Seth Towns,Howard,47197,6-9,"6'9""",81.0,77.44,"6'5""",-3.56,plays_shorter,77.44,"6'5""",-3.56,plays_shorter
2024,Terrence Lewis,Grambling St.,50284,6-6,"6'6""",78.0,76.33,"6'4""",-1.67,plays_shorter,76.33,"6'4""",-1.67,plays_shorter
2024,Austin Williams,Rutgers,50387,6-4,"6'4""",76.0,76.89,"6'5""",0.89,plays_taller,76.89,"6'5""",0.89,plays_taller
2024,Avery Wilson,Southeastern Louisiana,50574,6-4,"6'4""",76.0,75.7,"6'4""",-0.3,plays_at_height,75.7,"6'4""",-0.3,plays_at_height
2024,Jalen Jordan,Middle Tennessee,50785,6-2,"6'2""",74.0,74.36,"6'2""",0.36,plays_at_height,74.36,"6'2""",0.36,plays_at_height
2024,Cam Martin,Boise St.,50881,6-9,"6'9""",81.0,79.48,"6'7""",-1.52,plays_shorter,79.48,"6'7""",-1.52,plays_shorter
2024,Chuck O'Bannon Jr.,TCU,51497,6-7,"6'7""",79.0,78.58,"6'7""",-0.42,plays_at_height,78.58,"6'7""",-0.42,plays_at_height
2024,Robby Carmody,Mercer,65443,6-4,"6'4""",76.0,75.65,"6'4""",-0.35,plays_at_height,75.65,"6'4""",-0.35,plays_at_height
2024,Will McNair Jr.,Kansas St.,65448,6-11,"6'11""",83.0,81.17,"6'9""",-1.83,plays_shorter,81.17,"6'9""",-1.83,plays_shorter
2024,Robert Allen,North Texas,65469,6-8,"6'8""",80.0,81.77,"6'10""",1.77,plays_taller,81.77,"6'10""",1.77,plays_taller
2024,Jermaine Couisnard,Oregon,65489,6-4,"6'4""",76.0,77.06,"6'5""",1.06,plays_taller,77.06,"6'5""",1.06,plays_taller
2024,Markeese Hastings,Robert Morris,65503,6-7,"6'7""",79.0,79.99,"6'8""",0.99,plays_taller,79.99,"6'8""",0.99,plays_taller
2024,Josiah Strong,Colorado St.,65550,6-4,"6'4""",76.0,76.63,"6'5""",0.63,plays_at_height,76.63,"6'5""",0.63,plays_at_height
2024,Donovann Toatley,Detroit Mercy,65554,5-10,"5'10""",70.0,73.55,"6'2""",3.55,plays_taller,73.55,"6'2""",3.55,plays_taller
2024,Jose Perez,Arizona St.,65566,6-5,"6'5""",77.0,76.23,"6'4""",-0.77,plays_shorter,76.23,"6'4""",-0.77,plays_shorter
2024,Vincent Lee,Cal St. Fullerton,65574,6-9,"6'9""",81.0,78.22,"6'6""",-2.78,plays_shorter,78.22,"6'6""",-2.78,plays_shorter
2024,K.J. Hymes,Nevada,65575,6-10,"6'10""",82.0,81.41,"6'9""",-0.59,plays_at_height,81.41,"6'9""",-0.59,plays_at_height
2024,Kaosi Ezeagu,New Mexico St.,65619,6-10,"6'10""",82.0,80.38,"6'8""",-1.62,plays_shorter,80.38,"6'8""",-1.62,plays_shorter
2024,Jack Clark,Clemson,65627,6-10,"6'10""",82.0,78.56,"6'7""",-3.44,plays_shorter,78.56,"6'7""",-3.44,plays_shorter
2024,Jahvon Quinerly,Memphis,65630,6-1,"6'1""",73.0,74.89,"6'3""",1.89,plays_taller,74.89,"6'3""",1.89,plays_taller
2024,Dre Fuller Jr.,UTSA,65639,6-6,"6'6""",78.0,77.25,"6'5""",-0.75,plays_at_height,77.25,"6'5""",-0.75,plays_at_height
2024,Bryce Workman,Jacksonville,65644,6-7,"6'7""",79.0,79.74,"6'8""",0.74,plays_at_height,79.74,"6'8""",0.74,plays_at_height
2024,Jahmar Young Jr.,Texas Southern,65660,6-11,"6'11""",83.0,79.88,"6'8""",-3.12,plays_shorter,79.88,"6'8""",-3.12,plays_shorter
2024,Moses Wood,Washington,65666,6-8,"6'8""",80.0,76.56,"6'5""",-3.44,plays_shorter,76.56,"6'5""",-3.44,plays_shorter
2024,Quentin Millora-Brown,The Citadel,65676,6-10,"6'10""",82.0,81.55,"6'10""",-0.45,plays_at_height,81.55,"6'10""",-0.45,plays_at_height
2024,Mason Forbes,Saint Mary's,65686,6-9,"6'9""",81.0,80.53,"6'9""",-0.47,plays_at_height,80.53,"6'9""",-0.47,plays_at_height
2024,Xavier Johnson,Indiana,65690,6-3,"6'3""",75.0,76.6,"6'5""",1.6,plays_taller,76.6,"6'5""",1.6,plays_taller
2024,Allen Betrand,Norfolk St.,65709,6-5,"6'5""",77.0,76.44,"6'4""",-0.56,plays_at_height,76.44,"6'4""",-0.56,plays_at_height
2024,Robert Braswell IV,Charlotte,65717,6-7,"6'7""",79.0,76.6,"6'5""",-2.4,plays_shorter,76.6,"6'5""",-2.4,plays_shorter
2024,Jordan Lathon,Morehead St.,65766,6-5,"6'5""",77.0,77.09,"6'5""",0.09,plays_at_height,77.09,"6'5""",0.09,plays_at_height
2024,Ithiel Horton,Texas,65770,6-5,"6'5""",77.0,76.31,"6'4""",-0.69,plays_at_height,76.31,"6'4""",-0.69,plays_at_height
2024,Kjell de Graaf,NJIT,65781,6-10,"6'10""",82.0,79.74,"6'8""",-2.26,plays_shorter,79.74,"6'8""",-2.26,plays_shorter
2024,Aaron Clarke,Stony Brook,65789,6-1,"6'1""",73.0,74.46,"6'2""",1.46,plays_taller,74.46,"6'2""",1.46,plays_taller
2024,Cameron Wilbon,Cal St. Bakersfield,65790,6-5,"6'5""",77.0,75.62,"6'4""",-1.38,plays_shorter,75.62,"6'4""",-1.38,plays_shorter
2024,Jeremiah Gambrell,Alcorn St.,65801,6-3,"6'3""",75.0,74.79,"6'3""",-0.21,plays_at_height,74.79,"6'3""",-0.21,plays_at_height
2024,Jaelin Llewellyn,Michigan,65824,6-2,"6'2""",74.0,74.11,"6'2""",0.11,plays_at_height,74.11,"6'2""",0.11,plays_at_height
2024,Spencer Johnson,BYU,65835,6-5,"6'5""",77.0,77.52,"6'6""",0.52,plays_at_height,77.52,"6'6""",0.52,plays_at_height
2024,Chris Doherty,Northeastern,65839,6-7,"6'7""",79.0,79.95,"6'8""",0.95,plays_taller,79.95,"6'8""",0.95,plays_taller
2024,John Newman III,Cincinnati,65849,6-5,"6'5""",77.0,78.83,"6'7""",1.83,plays_taller,78.83,"6'7""",1.83,plays_taller
2024,Wynston Tabbs,Morgan St.,65852,6-3,"6'3""",75.0,74.55,"6'3""",-0.45,plays_at_height,74.55,"6'3""",-0.45,plays_at_height
2024,Raheem Solomon,Sacred Heart,65873,6-3,"6'3""",75.0,75.86,"6'4""",0.86,plays_taller,75.86,"6'4""",0.86,plays_taller
2024,Tyrel Bladen,Norfolk St.,65878,6-10,"6'10""",82.0,79.01,"6'7""",-2.99,plays_shorter,79.01,"6'7""",-2.99,plays_shorter
2024,Tuukka Jaakkola,Cal Poly,65896,6-10,"6'10""",82.0,79.26,"6'7""",-2.74,plays_shorter,79.26,"6'7""",-2.74,plays_shorter
2024,Luis Rodriguez,UNLV,65914,6-6,"6'6""",78.0,78.35,"6'6""",0.35,plays_at_height,78.35,"6'6""",0.35,plays_at_height
2024,Amari Kelly,George Mason,65918,6-9,"6'9""",81.0,80.74,"6'9""",-0.26,plays_at_height,80.74,"6'9""",-0.26,plays_at_height
2024,Carlos Curry,Georgia Southern,65921,6-11,"6'11""",83.0,79.5,"6'7""",-3.5,plays_shorter,79.5,"6'7""",-3.5,plays_shorter
2024,Antwann Jones,UCF,65925,6-6,"6'6""",78.0,76.72,"6'5""",-1.28,plays_shorter,76.72,"6'5""",-1.28,plays_shorter
2024,Jayden Hardaway,Memphis,65926,6-5,"6'5""",77.0,74.37,"6'2""",-2.63,plays_shorter,74.37,"6'2""",-2.63,plays_shorter
2024,Warren Washington,Texas Tech,65936,7-0,"7'0""",84.0,83.92,"7'0""",-0.08,plays_at_height,83.92,"7'0""",-0.08,plays_at_height
2024,Keenan Fitzmorris,Stony Brook,65938,7-0,"7'0""",84.0,79.85,"6'8""",-4.15,plays_shorter,79.85,"6'8""",-4.15,plays_shorter
2024,Cormac Ryan,North Carolina,65941,6-5,"6'5""",77.0,76.32,"6'4""",-0.68,plays_at_height,76.32,"6'4""",-0.68,plays_at_height
2024,DaQuan Smith,Radford,65943,6-1,"6'1""",73.0,74.42,"6'2""",1.42,plays_taller,74.42,"6'2""",1.42,plays_taller
2024,Jarron Coleman,Nebraska,65944,6-5,"6'5""",77.0,75.06,"6'3""",-1.94,plays_shorter,75.06,"6'3""",-1.94,plays_shorter
2024,Caleb Fields,Fairfield,65947,6-2,"6'2""",74.0,75.01,"6'3""",1.01,plays_taller,75.01,"6'3""",1.01,plays_taller
2024,Daniel Schreier,NJIT,65960,6-9,"6'9""",81.0,75.8,"6'4""",-5.2,plays_shorter,75.8,"6'4""",-5.2,plays_shorter
2024,Elijah Buchanan,NJIT,65962,6-5,"6'5""",77.0,76.25,"6'4""",-0.75,plays_at_height,76.25,"6'4""",-0.75,plays_at_height
2024,Juan Munoz,Hawaii,65970,6-0,"6'0""",72.0,74.45,"6'2""",2.45,plays_taller,74.45,"6'2""",2.45,plays_taller
2024,DJ Burns Jr.,N.C. State,65981,6-9,"6'9""",81.0,78.25,"6'6""",-2.75,plays_shorter,78.25,"6'6""",-2.75,plays_shorter
2024,Deon Stroud,Texas Southern,65995,6-5,"6'5""",77.0,76.96,"6'5""",-0.04,plays_at_height,76.96,"6'5""",-0.04,plays_at_height
2024,Aanen Moody,Montana,66001,6-3,"6'3""",75.0,75.13,"6'3""",0.13,plays_at_height,75.13,"6'3""",0.13,plays_at_height
2024,Blake Hinson,Pittsburgh,66010,6-8,"6'8""",80.0,76.75,"6'5""",-3.25,plays_shorter,76.75,"6'5""",-3.25,plays_shorter
2024,Franco Miller Jr.,Florida Gulf Coast,66012,6-3,"6'3""",75.0,76.46,"6'4""",1.46,plays_taller,76.46,"6'4""",1.46,plays_taller
2024,Jimmy Nichols,Coastal Carolina,66038,6-8,"6'8""",80.0,79.98,"6'8""",-0.02,plays_at_height,79.98,"6'8""",-0.02,plays_at_height
2024,Tolu Smith,Mississippi St.,66056,6-11,"6'11""",83.0,81.16,"6'9""",-1.84,plays_shorter,81.16,"6'9""",-1.84,plays_shorter
2024,Diante Wood,Tennessee Tech,66073,6-4,"6'4""",76.0,76.63,"6'5""",0.63,plays_at_height,76.63,"6'5""",0.63,plays_at_height
2024,Kobe Julien,Louisiana,66085,6-6,"6'6""",78.0,77.72,"6'6""",-0.28,plays_at_height,77.72,"6'6""",-0.28,plays_at_height
2024,Amanze Ngumezi,Mercer,66093,6-9,"6'9""",81.0,78.82,"6'7""",-2.18,plays_shorter,78.82,"6'7""",-2.18,plays_shorter
2024,Darius Beane,Lindenwood,66117,6-3,"6'3""",75.0,74.93,"6'3""",-0.07,plays_at_height,74.93,"6'3""",-0.07,plays_at_height
2024,Cameron Jones,McNeese St.,66119,6-6,"6'6""",78.0,76.67,"6'5""",-1.33,plays_shorter,76.67,"6'5""",-1.33,plays_shorter
2024,Tre King,Iowa St.,66121,6-7,"6'7""",79.0,80.21,"6'8""",1.21,plays_taller,80.21,"6'8""",1.21,plays_taller
2024,Cameron Tyson,Seattle,66125,6-3,"6'3""",75.0,75.31,"6'3""",0.31,plays_at_height,75.31,"6'3""",0.31,plays_at_height
2024,RayQuawndis Mitchell,Penn St.,66128,6-5,"6'5""",77.0,77.61,"6'6""",0.61,plays_at_height,77.61,"6'6""",0.61,plays_at_height
2024,Braden Norris,Loyola Chicago,66146,6-0,"6'0""",72.0,75.0,"6'3""",3.0,plays_taller,75.0,"6'3""",3.0,plays_taller
2024,Nick Honor,Missouri,66148,5-10,"5'10""",70.0,73.38,"6'1""",3.38,plays_taller,73.38,"6'1""",3.38,plays_taller
2024,Dravon Mangum,Louisiana Tech,66175,6-8,"6'8""",80.0,77.34,"6'5""",-2.66,plays_shorter,77.34,"6'5""",-2.66,plays_shorter
2024,Jared Bynum,Stanford,66190,5-10,"5'10""",70.0,74.22,"6'2""",4.22,plays_taller,74.22,"6'2""",4.22,plays_taller
2024,Sy Chatman,Buffalo,66195,6-8,"6'8""",80.0,80.46,"6'8""",0.46,plays_at_height,80.46,"6'8""",0.46,plays_at_height
2024,Samba Diallo,Merrimack,66198,6-7,"6'7""",79.0,77.46,"6'5""",-1.54,plays_shorter,77.46,"6'5""",-1.54,plays_shorter
2024,Blake Preston,Northwestern,66205,6-9,"6'9""",81.0,79.63,"6'8""",-1.37,plays_shorter,79.63,"6'8""",-1.37,plays_shorter
2024,Ryan Young,Duke,66209,6-10,"6'10""",82.0,81.34,"6'9""",-0.66,plays_at_height,81.34,"6'9""",-0.66,plays_at_height
2024,Jaedon LeDee,San Diego St.,66216,6-9,"6'9""",81.0,81.2,"6'9""",0.2,plays_at_height,81.2,"6'9""",0.2,plays_at_height
2024,Francisco Caffaro,Santa Clara,66230,7-1,"7'1""",85.0,80.34,"6'8""",-4.66,plays_shorter,80.34,"6'8""",-4.66,plays_shorter
2024,Dorian James,North Florida,66235,6-7,"6'7""",79.0,79.38,"6'7""",0.38,plays_at_height,79.38,"6'7""",0.38,plays_at_height
2024,Bryce Washington,Hofstra,66251,6-4,"6'4""",76.0,76.87,"6'5""",0.87,plays_taller,76.87,"6'5""",0.87,plays_taller
2024,Anthony Crump,Western Michigan,66252,6-8,"6'8""",80.0,80.38,"6'8""",0.38,plays_at_height,80.38,"6'8""",0.38,plays_at_height
2024,Darius Brown II,Utah St.,66256,6-2,"6'2""",74.0,75.43,"6'3""",1.43,plays_taller,75.43,"6'3""",1.43,plays_taller
2024,Isaiah Bigelow,Richmond,66285,6-7,"6'7""",79.0,78.56,"6'7""",-0.44,plays_at_height,78.56,"6'7""",-0.44,plays_at_height
2024,Messiah Jones,Towson,66286,6-6,"6'6""",78.0,78.37,"6'6""",0.37,plays_at_height,78.37,"6'6""",0.37,plays_at_height
2024,Anthony Roberts,Purdue Fort Wayne,66302,6-4,"6'4""",76.0,79.43,"6'7""",3.43,plays_taller,79.43,"6'7""",3.43,plays_taller
2024,Matt Veretto,Vermont,66307,6-8,"6'8""",80.0,77.6,"6'6""",-2.4,plays_shorter,77.6,"6'6""",-2.4,plays_shorter
2024,Brock Cunningham,Texas,66308,6-6,"6'6""",78.0,76.93,"6'5""",-1.07,plays_shorter,76.93,"6'5""",-1.07,plays_shorter
2024,Jake Wolfe,Indiana St.,66327,6-5,"6'5""",77.0,76.73,"6'5""",-0.27,plays_at_height,76.73,"6'5""",-0.27,plays_at_height
2024,Micheal Anumba,Winthrop,66337,6-4,"6'4""",76.0,76.09,"6'4""",0.09,plays_at_height,76.09,"6'4""",0.09,plays_at_height
2024,Rashad Williams,Arkansas Pine Bluff,66339,6-2,"6'2""",74.0,73.06,"6'1""",-0.94,plays_shorter,73.06,"6'1""",-0.94,plays_shorter
2024,LaQuill Hardnett,Arkansas St.,66357,6-8,"6'8""",80.0,78.24,"6'6""",-1.76,plays_shorter,78.24,"6'6""",-1.76,plays_shorter
2024,Jason Wade,Old Dominion,66365,6-4,"6'4""",76.0,77.26,"6'5""",1.26,plays_taller,77.26,"6'5""",1.26,plays_taller
2024,Nicolas Timberlake,Kansas,66368,6-4,"6'4""",76.0,76.67,"6'5""",0.67,plays_at_height,76.67,"6'5""",0.67,plays_at_height
2024,Chris Austin,Portland,66400,6-4,"6'4""",76.0,75.48,"6'3""",-0.52,plays_at_height,75.48,"6'3""",-0.52,plays_at_height
2024,Jalen Cobb,Mercer,66401,6-1,"6'1""",73.0,75.94,"6'4""",2.94,plays_taller,75.94,"6'4""",2.94,plays_taller
2024,Zion Young,Southern Utah,66422,6-4,"6'4""",76.0,76.28,"6'4""",0.28,plays_at_height,76.28,"6'4""",0.28,plays_at_height
2024,Jordan Brown,Memphis,66423,6-11,"6'11""",83.0,78.11,"6'6""",-4.89,plays_shorter,78.11,"6'6""",-4.89,plays_shorter
2024,Jaylan Gainey,Florida St.,66428,6-10,"6'10""",82.0,80.68,"6'9""",-1.32,plays_shorter,80.68,"6'9""",-1.32,plays_shorter
2024,Matt Mims,South Dakota St.,66439,6-0,"6'0""",72.0,74.49,"6'2""",2.49,plays_taller,74.49,"6'2""",2.49,plays_taller
2024,Jaxson Baker,New Hampshire,66463,6-8,"6'8""",80.0,77.3,"6'5""",-2.7,plays_shorter,77.3,"6'5""",-2.7,plays_shorter
2024,Lahat Thioune,South Dakota,66484,6-10,"6'10""",82.0,79.71,"6'8""",-2.29,plays_shorter,79.71,"6'8""",-2.29,plays_shorter
2024,Gabe McGlothan,Grand Canyon,66489,6-7,"6'7""",79.0,79.41,"6'7""",0.41,plays_at_height,79.41,"6'7""",0.41,plays_at_height
2024,Savion Lewis,Quinnipiac,66493,6-1,"6'1""",73.0,75.77,"6'4""",2.77,plays_taller,75.77,"6'4""",2.77,plays_taller
2024,Matt Balanc,Quinnipiac,66494,6-4,"6'4""",76.0,76.59,"6'5""",0.59,plays_at_height,76.59,"6'5""",0.59,plays_at_height
2024,CJ Fredrick,Cincinnati,66496,6-3,"6'3""",75.0,73.94,"6'2""",-1.06,plays_shorter,73.94,"6'2""",-1.06,plays_shorter
2024,Miles Latimer,Bryant,66503,6-6,"6'6""",78.0,77.28,"6'5""",-0.72,plays_at_height,77.28,"6'5""",-0.72,plays_at_height
2024,Jose Placer,South Florida,66505,6-1,"6'1""",73.0,73.72,"6'2""",0.72,plays_at_height,73.72,"6'2""",0.72,plays_at_height
2024,Frankie Policelli,Charleston,66510,6-9,"6'9""",81.0,77.04,"6'5""",-3.96,plays_shorter,77.04,"6'5""",-3.96,plays_shorter
2024,Keonte Kennedy,California,66522,6-5,"6'5""",77.0,77.57,"6'6""",0.57,plays_at_height,77.57,"6'6""",0.57,plays_at_height
2024,Grayson Carter,Texas Southern,66526,6-10,"6'10""",82.0,77.53,"6'6""",-4.47,plays_shorter,77.53,"6'6""",-4.47,plays_shorter
2024,Dean Noll,Stony Brook,66543,6-2,"6'2""",74.0,74.78,"6'3""",0.78,plays_taller,74.78,"6'3""",0.78,plays_taller
2024,Tae Hardy,UTEP,66552,6-3,"6'3""",75.0,76.41,"6'4""",1.41,plays_taller,76.41,"6'4""",1.41,plays_taller
2024,Antoine Smith Jr.,George Washington,66570,6-7,"6'7""",79.0,77.37,"6'5""",-1.63,plays_shorter,77.37,"6'5""",-1.63,plays_shorter
2024,Jarius Cook,Jacksonville,66596,6-3,"6'3""",75.0,74.28,"6'2""",-0.72,plays_at_height,74.28,"6'2""",-0.72,plays_at_height
2024,Jemarl Baker Jr.,New Mexico,66618,6-5,"6'5""",77.0,75.24,"6'3""",-1.76,plays_shorter,75.24,"6'3""",-1.76,plays_shorter
2024,Riley Abercrombie,Northern Colorado,66621,6-9,"6'9""",81.0,74.83,"6'3""",-6.17,plays_shorter,74.83,"6'3""",-6.17,plays_shorter
2024,Keith Haymon II,Lindenwood,66627,6-7,"6'7""",79.0,74.6,"6'3""",-4.4,plays_shorter,74.6,"6'3""",-4.4,plays_shorter
2024,Atiba Taylor,South Carolina St.,66649,6-4,"6'4""",76.0,74.58,"6'3""",-1.42,plays_shorter,74.58,"6'3""",-1.42,plays_shorter
2024,Matthue Cotton,Hawaii,66657,6-5,"6'5""",77.0,76.18,"6'4""",-0.82,plays_shorter,76.18,"6'4""",-0.82,plays_shorter
2024,Philmon Gebrewhit,Northern Illinois,66664,6-8,"6'8""",80.0,74.42,"6'2""",-5.58,plays_shorter,74.42,"6'2""",-5.58,plays_shorter
2024,Naseem Gaskin,Cal St. Bakersfield,66666,6-4,"6'4""",76.0,78.96,"6'7""",2.96,plays_taller,78.96,"6'7""",2.96,plays_taller
2024,Kenny Strawbridge Jr.,Evansville,66678,6-6,"6'6""",78.0,76.94,"6'5""",-1.06,plays_shorter,76.94,"6'5""",-1.06,plays_shorter
2024,Fardaws Aimaq,California,66686,6-11,"6'11""",83.0,82.1,"6'10""",-0.9,plays_shorter,82.1,"6'10""",-0.9,plays_shorter
2024,Keshaun Saunders,Portland St.,66689,6-5,"6'5""",77.0,74.51,"6'3""",-2.49,plays_shorter,74.51,"6'3""",-2.49,plays_shorter
2024,Jelani Williams,Howard,66690,6-5,"6'5""",77.0,75.55,"6'4""",-1.45,plays_shorter,75.55,"6'4""",-1.45,plays_shorter
2024,Javian Davis,UAB,66700,6-9,"6'9""",81.0,79.59,"6'8""",-1.41,plays_shorter,79.59,"6'8""",-1.41,plays_shorter
2024,Tai Strickland,LIU,66702,6-2,"6'2""",74.0,76.43,"6'4""",2.43,plays_taller,76.43,"6'4""",2.43,plays_taller
2024,Alexis Yetna,Fairfield,66704,6-8,"6'8""",80.0,78.57,"6'7""",-1.43,plays_shorter,78.57,"6'7""",-1.43,plays_shorter
2024,J'Raan Brooks,UC San Diego,66710,6-9,"6'9""",81.0,77.8,"6'6""",-3.2,plays_shorter,77.8,"6'6""",-3.2,plays_shorter
2024,Elijah Elliott,UT Rio Grande Valley,67572,6-1,"6'1""",73.0,74.76,"6'3""",1.76,plays_taller,74.76,"6'3""",1.76,plays_taller
2024,Patrick Mwamba,Loyola Chicago,67612,6-7,"6'7""",79.0,78.16,"6'6""",-0.84,plays_shorter,78.16,"6'6""",-0.84,plays_shorter
2024,Nate McClure,Le Moyne,67629,6-4,"6'4""",76.0,76.67,"6'5""",0.67,plays_at_height,76.67,"6'5""",0.67,plays_at_height
2024,Tyrece Radford,Texas A&M,67673,6-3,"6'3""",75.0,77.63,"6'6""",2.63,plays_taller,77.63,"6'6""",2.63,plays_taller
2024,Adam Hess,NJIT,67760,6-4,"6'4""",76.0,74.52,"6'3""",-1.48,plays_shorter,74.52,"6'3""",-1.48,plays_shorter
2024,Max Rice,Boise St.,67842,6-5,"6'5""",77.0,75.46,"6'3""",-1.54,plays_shorter,75.46,"6'3""",-1.54,plays_shorter
2024,Aundre Hyatt,Rutgers,67927,6-6,"6'6""",78.0,78.2,"6'6""",0.2,plays_at_height,78.2,"6'6""",0.2,plays_at_height
2024,DeShang Weaver,Oral Roberts,68089,6-7,"6'7""",79.0,77.48,"6'5""",-1.52,plays_shorter,77.48,"6'5""",-1.52,plays_shorter
2024,Tyler Bertram,Albany,68103,6-3,"6'3""",75.0,75.41,"6'3""",0.41,plays_at_height,75.41,"6'3""",0.41,plays_at_height
2024,Kevin McCullar Jr.,Kansas,68379,6-7,"6'7""",79.0,78.19,"6'6""",-0.81,plays_shorter,78.19,"6'6""",-0.81,plays_shorter
2024,Mekhi Long,Virginia Tech,70243,6-7,"6'7""",79.0,79.86,"6'8""",0.86,plays_taller,79.86,"6'8""",0.86,plays_taller
2024,Moses Flowers,St. Bonaventure,70244,6-3,"6'3""",75.0,76.15,"6'4""",1.15,plays_taller,76.15,"6'4""",1.15,plays_taller
2024,Colby Rogers,Wichita St.,70246,6-4,"6'4""",76.0,75.48,"6'3""",-0.52,plays_at_height,75.48,"6'3""",-0.52,plays_at_height
2024,Jeremiah Hernandez,Southern Indiana,70249,6-4,"6'4""",76.0,76.77,"6'5""",0.77,plays_taller,76.77,"6'5""",0.77,plays_taller
2024,Alimamy Koroma,Portland,70254,6-8,"6'8""",80.0,78.92,"6'7""",-1.08,plays_shorter,78.92,"6'7""",-1.08,plays_shorter
2024,Giovanni Santiago,Kent St.,70255,6-1,"6'1""",73.0,74.91,"6'3""",1.91,plays_taller,74.91,"6'3""",1.91,plays_taller
2024,Tim Ceaser,UNC Greensboro,70257,6-9,"6'9""",81.0,78.98,"6'7""",-2.02,plays_shorter,78.98,"6'7""",-2.02,plays_shorter
2024,Miroslav Stafl,Coastal Carolina,70258,6-11,"6'11""",83.0,77.35,"6'5""",-5.65,plays_shorter,77.35,"6'5""",-5.65,plays_shorter
2024,Giordan Williams,Montana,70260,6-5,"6'5""",77.0,76.17,"6'4""",-0.83,plays_shorter,76.17,"6'4""",-0.83,plays_shorter
2024,Miguel Tomley,Idaho St.,70262,6-3,"6'3""",75.0,74.86,"6'3""",-0.14,plays_at_height,74.86,"6'3""",-0.14,plays_at_height
2024,Joshua Lusane,Hampton,70273,6-7,"6'7""",79.0,77.99,"6'6""",-1.01,plays_shorter,77.99,"6'6""",-1.01,plays_shorter
2024,Anderson Kopp,UMKC,70278,6-6,"6'6""",78.0,75.94,"6'4""",-2.06,plays_shorter,75.94,"6'4""",-2.06,plays_shorter
2024,Jameer Nelson Jr.,TCU,70283,6-2,"6'2""",74.0,77.39,"6'5""",3.39,plays_taller,77.39,"6'5""",3.39,plays_taller
2024,Jamison Battle,Ohio St.,70284,6-7,"6'7""",79.0,77.14,"6'5""",-1.86,plays_shorter,77.14,"6'5""",-1.86,plays_shorter
2024,Chase Paar,Towson,70285,6-10,"6'10""",82.0,79.38,"6'7""",-2.62,plays_shorter,79.38,"6'7""",-2.62,plays_shorter
2024,Shawn Walker Jr.,Murray St.,70286,6-6,"6'6""",78.0,75.83,"6'4""",-2.17,plays_shorter,75.83,"6'4""",-2.17,plays_shorter
2024,DaJuan Gordon,UT Arlington,70289,6-5,"6'5""",77.0,79.49,"6'7""",2.49,plays_taller,79.49,"6'7""",2.49,plays_taller
2024,Marcus Foster,Furman,70297,6-4,"6'4""",76.0,77.97,"6'6""",1.97,plays_taller,77.97,"6'6""",1.97,plays_taller
2024,Josh Earley,Southeast Missouri St.,70307,6-7,"6'7""",79.0,78.75,"6'7""",-0.25,plays_at_height,78.75,"6'7""",-0.25,plays_at_height
2024,Cole Henry,Northern Iowa,70309,6-9,"6'9""",81.0,78.4,"6'6""",-2.6,plays_shorter,78.4,"6'6""",-2.6,plays_shorter
2024,Elias King,Middle Tennessee,70314,6-8,"6'8""",80.0,77.34,"6'5""",-2.66,plays_shorter,77.34,"6'5""",-2.66,plays_shorter
2024,Akok Akok,West Virginia,70315,6-10,"6'10""",82.0,79.97,"6'8""",-2.03,plays_shorter,79.97,"6'8""",-2.03,plays_shorter
2024,Richie Springs,Quinnipiac,70316,6-9,"6'9""",81.0,79.34,"6'7""",-1.66,plays_shorter,79.34,"6'7""",-1.66,plays_shorter
2024,Jaden Bediako,Seton Hall,70327,6-10,"6'10""",82.0,82.73,"6'11""",0.73,plays_at_height,82.73,"6'11""",0.73,plays_at_height
2024,Daniss Jenkins,St. John's,70329,6-4,"6'4""",76.0,76.45,"6'4""",0.45,plays_at_height,76.45,"6'4""",0.45,plays_at_height
2024,Keion Brooks Jr.,Washington,70335,6-7,"6'7""",79.0,79.58,"6'8""",0.58,plays_at_height,79.58,"6'8""",0.58,plays_at_height
2024,Jalen Jackson,Western Kentucky,70336,5-11,"5'11""",71.0,75.45,"6'3""",4.45,plays_taller,75.45,"6'3""",4.45,plays_taller
2024,Armando Bacot,North Carolina,70339,6-11,"6'11""",83.0,83.36,"6'11""",0.36,plays_at_height,83.36,"6'11""",0.36,plays_at_height
2024,Max Agbonkpolo,Utah St.,70342,6-9,"6'9""",81.0,77.15,"6'5""",-3.85,plays_shorter,77.15,"6'5""",-3.85,plays_shorter
2024,Emanuel Miller,TCU,70343,6-7,"6'7""",79.0,78.82,"6'7""",-0.18,plays_at_height,78.82,"6'7""",-0.18,plays_at_height
2024,Jonathan Aku,Grambling St.,70345,6-11,"6'11""",83.0,80.86,"6'9""",-2.14,plays_shorter,80.86,"6'9""",-2.14,plays_shorter
2024,Messiah Thompson,Long Beach St.,70352,5-8,"5'8""",68.0,73.37,"6'1""",5.37,plays_taller,73.37,"6'1""",5.37,plays_taller
2024,Brandon Stone,Delaware St.,70355,6-11,"6'11""",83.0,76.48,"6'4""",-6.52,plays_shorter,76.48,"6'4""",-6.52,plays_shorter
2024,Lance Jones,Purdue,70356,6-1,"6'1""",73.0,76.62,"6'5""",3.62,plays_taller,76.62,"6'5""",3.62,plays_taller
2024,Mahamadou Diawara,Oregon,70360,6-10,"6'10""",82.0,80.97,"6'9""",-1.03,plays_shorter,80.97,"6'9""",-1.03,plays_shorter
2024,Victor Iwuakor,Southern Miss,70363,6-8,"6'8""",80.0,81.84,"6'10""",1.84,plays_taller,81.84,"6'10""",1.84,plays_taller
2024,Sahvir Wheeler,Washington,70372,5-9,"5'9""",69.0,75.71,"6'4""",6.71,plays_taller,75.71,"6'4""",6.71,plays_taller
2024,Logan Padgett,Manhattan,70374,6-6,"6'6""",78.0,78.25,"6'6""",0.25,plays_at_height,78.25,"6'6""",0.25,plays_at_height
2024,Tyrese Jenkins,Norfolk St.,70375,6-6,"6'6""",78.0,77.42,"6'5""",-0.58,plays_at_height,77.42,"6'5""",-0.58,plays_at_height
2024,Donovan Gregory,Appalachian St.,70376,6-3,"6'3""",75.0,78.24,"6'6""",3.24,plays_taller,78.24,"6'6""",3.24,plays_taller
2024,Naim Miller,New Hampshire,70377,6-4,"6'4""",76.0,75.07,"6'3""",-0.93,plays_shorter,75.07,"6'3""",-0.93,plays_shorter
2024,Doug Edert,Bryant,70379,6-2,"6'2""",74.0,74.73,"6'3""",0.73,plays_at_height,74.73,"6'3""",0.73,plays_at_height
2024,Hassan Drame,Duquesne,70380,6-7,"6'7""",79.0,77.9,"6'6""",-1.1,plays_shorter,77.9,"6'6""",-1.1,plays_shorter
2024,Ja'Darius Harris,North Carolina Central,70383,6-2,"6'2""",74.0,75.91,"6'4""",1.91,plays_taller,75.91,"6'4""",1.91,plays_taller
2024,Emmanuel Tshimanga,UC San Diego,70385,7-0,"7'0""",84.0,82.04,"6'10""",-1.96,plays_shorter,82.04,"6'10""",-1.96,plays_shorter
2024,Ofure Ujadughele,UC Irvine,70388,6-4,"6'4""",76.0,77.7,"6'6""",1.7,plays_taller,77.7,"6'6""",1.7,plays_taller
2024,Ja'Shonte Wright-McLeish,Maine,70390,6-4,"6'4""",76.0,74.48,"6'2""",-1.52,plays_shorter,74.48,"6'2""",-1.52,plays_shorter
2024,Robert Carpenter,New Mexico St.,70391,6-7,"6'7""",79.0,78.17,"6'6""",-0.83,plays_shorter,78.17,"6'6""",-0.83,plays_shorter
2024,Cole Bajema,Utah,70392,6-7,"6'7""",79.0,76.42,"6'4""",-2.58,plays_shorter,76.42,"6'4""",-2.58,plays_shorter
2024,Trevin Knell,BYU,70397,6-5,"6'5""",77.0,76.12,"6'4""",-0.88,plays_shorter,76.12,"6'4""",-0.88,plays_shorter
2024,Gage Bobe,Evansville,70398,6-0,"6'0""",72.0,73.95,"6'2""",1.95,plays_taller,73.95,"6'2""",1.95,plays_taller
2024,Jaylin Hunter,Ohio,70401,6-0,"6'0""",72.0,77.18,"6'5""",5.18,plays_taller,77.18,"6'5""",5.18,plays_taller
2024,Rob Banks,East Texas A&M,70409,6-5,"6'5""",77.0,76.41,"6'4""",-0.59,plays_at_height,76.41,"6'4""",-0.59,plays_at_height
2024,Mika Adams-Woods,St. Bonaventure,70410,6-3,"6'3""",75.0,74.89,"6'3""",-0.11,plays_at_height,74.89,"6'3""",-0.11,plays_at_height
2024,Kane Milling,UC Davis,70413,6-4,"6'4""",76.0,75.91,"6'4""",-0.09,plays_at_height,75.91,"6'4""",-0.09,plays_at_height
2024,David Skogman,Davidson,70415,6-10,"6'10""",82.0,77.4,"6'5""",-4.6,plays_shorter,77.4,"6'5""",-4.6,plays_shorter
2024,Jaxon Brenchley,Denver,70421,6-5,"6'5""",77.0,77.08,"6'5""",0.08,plays_at_height,77.08,"6'5""",0.08,plays_at_height
2024,Kobe Langley,UNC Greensboro,70425,6-1,"6'1""",73.0,76.47,"6'4""",3.47,plays_taller,76.47,"6'4""",3.47,plays_taller
2024,Josh Kunen,San Francisco,70429,6-8,"6'8""",80.0,77.5,"6'5""",-2.5,plays_shorter,77.5,"6'5""",-2.5,plays_shorter
2024,Shamar Wright,SIU Edwardsville,70430,6-7,"6'7""",79.0,77.36,"6'5""",-1.64,plays_shorter,77.36,"6'5""",-1.64,plays_shorter
2024,Jimmy Bell Jr.,Mississippi St.,70431,6-10,"6'10""",82.0,81.12,"6'9""",-0.88,plays_shorter,81.12,"6'9""",-0.88,plays_shorter
2024,Mickey Pearson Jr.,Ball St.,70432,6-7,"6'7""",79.0,77.25,"6'5""",-1.75,plays_shorter,77.25,"6'5""",-1.75,plays_shorter
2024,Samuell Williamson,SMU,70434,6-8,"6'8""",80.0,80.04,"6'8""",0.04,plays_at_height,80.04,"6'8""",0.04,plays_at_height
2024,Gibson Jimerson,Saint Louis,70438,6-5,"6'5""",77.0,75.64,"6'4""",-1.36,plays_shorter,75.64,"6'4""",-1.36,plays_shorter
2024,Terrence Hargrove Jr.,Saint Louis,70439,6-5,"6'5""",77.0,78.36,"6'6""",1.36,plays_taller,78.36,"6'6""",1.36,plays_taller
2024,Quinn Slazinski,West Virginia,70440,6-9,"6'9""",81.0,76.15,"6'4""",-4.85,plays_shorter,76.15,"6'4""",-4.85,plays_shorter
2024,Seth Pinkney,FIU,70444,7-1,"7'1""",85.0,82.06,"6'10""",-2.94,plays_shorter,82.06,"6'10""",-2.94,plays_shorter
2024,Kendall Lewis,Illinois St.,70446,6-8,"6'8""",80.0,80.05,"6'8""",0.05,plays_at_height,80.05,"6'8""",0.05,plays_at_height
2024,Justin Webster,UNLV,70448,6-3,"6'3""",75.0,74.21,"6'2""",-0.79,plays_shorter,74.21,"6'2""",-0.79,plays_shorter
2024,Immanuel Allen,Abilene Christian,70454,6-4,"6'4""",76.0,76.29,"6'4""",0.29,plays_at_height,76.29,"6'4""",0.29,plays_at_height
2024,Jalyn McCreary,Mercer,70457,6-8,"6'8""",80.0,79.73,"6'8""",-0.27,plays_at_height,79.73,"6'8""",-0.27,plays_at_height
2024,Wildens Leveque,Texas A&M,70459,6-11,"6'11""",83.0,79.96,"6'8""",-3.04,plays_shorter,79.96,"6'8""",-3.04,plays_shorter
2024,De'Sean Allen-Eikens,Cal St. Northridge,70463,6-6,"6'6""",78.0,77.38,"6'5""",-0.62,plays_at_height,77.38,"6'5""",-0.62,plays_at_height
2024,Goran Miladinovic,Marshall,70464,7-0,"7'0""",84.0,81.81,"6'10""",-2.19,plays_shorter,81.81,"6'10""",-2.19,plays_shorter
2024,Zach Iyeyemi,Morehead St.,70467,6-9,"6'9""",81.0,80.0,"6'8""",-1.0,plays_shorter,80.0,"6'8""",-1.0,plays_shorter
2024,Brady Danielson,North Dakota,70470,6-4,"6'4""",76.0,75.48,"6'3""",-0.52,plays_at_height,75.48,"6'3""",-0.52,plays_at_height
2024,Quinton Morton-Robertson,Purdue Fort Wayne,70478,5-8,"5'8""",68.0,74.77,"6'3""",6.77,plays_taller,74.77,"6'3""",6.77,plays_taller
2024,Xander Rice,Monmouth,70480,6-3,"6'3""",75.0,74.62,"6'3""",-0.38,plays_at_height,74.62,"6'3""",-0.38,plays_at_height
2024,James Bishop IV,George Washington,70481,6-2,"6'2""",74.0,75.43,"6'3""",1.43,plays_taller,75.43,"6'3""",1.43,plays_taller
2024,Dan Banister Jr.,Hampton,70486,6-6,"6'6""",78.0,76.61,"6'5""",-1.39,plays_shorter,76.61,"6'5""",-1.39,plays_shorter
2024,Isaiah Cozart,Eastern Kentucky,70493,6-7,"6'7""",79.0,85.0,"7'1""",6.0,plays_taller,85.0,"7'1""",6.0,plays_taller
2024,Chandler Turner,Radford,70494,6-7,"6'7""",79.0,76.54,"6'5""",-2.46,plays_shorter,76.54,"6'5""",-2.46,plays_shorter
2024,Ryan Langborg,Northwestern,70502,6-4,"6'4""",76.0,75.15,"6'3""",-0.85,plays_shorter,75.15,"6'3""",-0.85,plays_shorter
2024,Trae Hannibal,LSU,70509,6-2,"6'2""",74.0,78.27,"6'6""",4.27,plays_taller,78.27,"6'6""",4.27,plays_taller
2024,Robert Jones,Iowa St.,70511,6-10,"6'10""",82.0,81.46,"6'9""",-0.54,plays_at_height,81.46,"6'9""",-0.54,plays_at_height
2024,Dre'Shawn Allen,Southern,70513,6-1,"6'1""",73.0,75.11,"6'3""",2.11,plays_taller,75.11,"6'3""",2.11,plays_taller
2024,Jordan King,Richmond,70514,6-0,"6'0""",72.0,75.9,"6'4""",3.9,plays_taller,75.9,"6'4""",3.9,plays_taller
2024,Rob Higgins,Elon,70516,6-1,"6'1""",73.0,75.1,"6'3""",2.1,plays_taller,75.1,"6'3""",2.1,plays_taller
2024,Ali Ali,Akron,70524,6-8,"6'8""",80.0,77.27,"6'5""",-2.73,plays_shorter,77.27,"6'5""",-2.73,plays_shorter
2024,Jermaine Hamlin,Eastern Illinois,70527,6-10,"6'10""",82.0,80.55,"6'9""",-1.45,plays_shorter,80.55,"6'9""",-1.45,plays_shorter
2024,Greg Tribble,Akron,70528,6-3,"6'3""",75.0,76.45,"6'4""",1.45,plays_taller,76.45,"6'4""",1.45,plays_taller
2024,Chol Marial,Oregon St.,70531,7-2,"7'2""",86.0,80.33,"6'8""",-5.67,plays_shorter,80.33,"6'8""",-5.67,plays_shorter
2024,Hakim Hart,Villanova,70532,6-8,"6'8""",80.0,77.5,"6'5""",-2.5,plays_shorter,77.5,"6'5""",-2.5,plays_shorter
2024,Alex Ducas,Saint Mary's,70538,6-7,"6'7""",79.0,77.76,"6'6""",-1.24,plays_shorter,77.76,"6'6""",-1.24,plays_shorter
2024,Nahiem Alleyne,St. John's,70540,6-4,"6'4""",76.0,74.46,"6'2""",-1.54,plays_shorter,74.46,"6'2""",-1.54,plays_shorter
2024,Jalen Cone,California,70542,5-11,"5'11""",71.0,74.01,"6'2""",3.01,plays_taller,74.01,"6'2""",3.01,plays_taller
2024,Hunter Cattoor,Virginia Tech,70543,6-3,"6'3""",75.0,76.44,"6'4""",1.44,plays_taller,76.44,"6'4""",1.44,plays_taller
2024,Demond Robinson,Kennesaw St.,70546,6-9,"6'9""",81.0,79.43,"6'7""",-1.57,plays_shorter,79.43,"6'7""",-1.57,plays_shorter
2024,Ismael Massoud,Georgetown,70548,6-9,"6'9""",81.0,76.28,"6'4""",-4.72,plays_shorter,76.28,"6'4""",-4.72,plays_shorter
2024,Donovan Ivory,Southern Miss,70549,6-6,"6'6""",78.0,76.5,"6'5""",-1.5,plays_shorter,76.5,"6'5""",-1.5,plays_shorter
2024,Ody Oguama,Cincinnati,70550,6-9,"6'9""",81.0,80.54,"6'9""",-0.46,plays_at_height,80.54,"6'9""",-0.46,plays_at_height
2024,Tre' Williams,Tulane,70552,6-6,"6'6""",78.0,76.13,"6'4""",-1.87,plays_shorter,76.13,"6'4""",-1.87,plays_shorter
2024,Tasos Kamateros,Vanderbilt,70553,6-8,"6'8""",80.0,75.58,"6'4""",-4.42,plays_shorter,75.58,"6'4""",-4.42,plays_shorter
2024,Charles Pride,St. Bonaventure,70555,6-4,"6'4""",76.0,76.98,"6'5""",0.98,plays_taller,76.98,"6'5""",0.98,plays_taller
2024,Michael Green III,James Madison,70557,6-0,"6'0""",72.0,73.97,"6'2""",1.97,plays_taller,73.97,"6'2""",1.97,plays_taller
2024,Marion Humphrey,Texas A&M Corpus Chris,70570,6-3,"6'3""",75.0,76.33,"6'4""",1.33,plays_taller,76.33,"6'4""",1.33,plays_taller
2024,Jamon Battle,UNC Asheville,70573,6-5,"6'5""",77.0,77.25,"6'5""",0.25,plays_at_height,77.25,"6'5""",0.25,plays_at_height
2024,Ryan Moffatt,Colgate,70574,6-7,"6'7""",79.0,75.75,"6'4""",-3.25,plays_shorter,75.75,"6'4""",-3.25,plays_shorter
2024,Trent Stephney,UNC Asheville,70575,6-2,"6'2""",74.0,76.13,"6'4""",2.13,plays_taller,76.13,"6'4""",2.13,plays_taller
2024,Elijah Morgan,The Citadel,70587,6-1,"6'1""",73.0,75.4,"6'3""",2.4,plays_taller,75.4,"6'3""",2.4,plays_taller
2024,Jarred Hyder,Cal Poly,70594,6-3,"6'3""",75.0,73.88,"6'2""",-1.12,plays_shorter,73.88,"6'2""",-1.12,plays_shorter
2024,Evan Taylor,Vanderbilt,70595,6-6,"6'6""",78.0,76.67,"6'5""",-1.33,plays_shorter,76.67,"6'5""",-1.33,plays_shorter
2024,Ezra Manjon,Vanderbilt,70597,6-0,"6'0""",72.0,76.47,"6'4""",4.47,plays_taller,76.47,"6'4""",4.47,plays_taller
2024,Max Fiedler,Rice,70599,6-11,"6'11""",83.0,81.16,"6'9""",-1.84,plays_shorter,81.16,"6'9""",-1.84,plays_shorter
2024,Ade Adebayo,UC Davis,70602,6-5,"6'5""",77.0,77.35,"6'5""",0.35,plays_at_height,77.35,"6'5""",0.35,plays_at_height
2024,Anthony Holland,Washington,70610,6-5,"6'5""",77.0,74.53,"6'3""",-2.47,plays_shorter,74.53,"6'3""",-2.47,plays_shorter
2024,Brandton Chatfield,Seattle,70611,6-10,"6'10""",82.0,81.85,"6'10""",-0.15,plays_at_height,81.85,"6'10""",-0.15,plays_at_height
2024,Ryan Rapp,Hawaii,70617,6-5,"6'5""",77.0,75.44,"6'3""",-1.56,plays_shorter,75.44,"6'3""",-1.56,plays_shorter
2024,Tylan Pope,Nevada,70619,6-6,"6'6""",78.0,79.64,"6'8""",1.64,plays_taller,79.64,"6'8""",1.64,plays_taller
2024,Nobal Days,Charleston Southern,70620,6-9,"6'9""",81.0,78.27,"6'6""",-2.73,plays_shorter,78.27,"6'6""",-2.73,plays_shorter
2024,Jamir Chaplin,Little Rock,70622,6-5,"6'5""",77.0,79.59,"6'8""",2.59,plays_taller,79.59,"6'8""",2.59,plays_taller
2024,B.J. Mack,South Carolina,70625,6-8,"6'8""",80.0,77.2,"6'5""",-2.8,plays_shorter,77.2,"6'5""",-2.8,plays_shorter
2024,Chase Hunter,Clemson,70626,6-4,"6'4""",76.0,76.64,"6'5""",0.64,plays_at_height,76.64,"6'5""",0.64,plays_at_height
2024,Al-Amir Dawes,Seton Hall,70627,6-2,"6'2""",74.0,74.87,"6'3""",0.87,plays_taller,74.87,"6'3""",0.87,plays_taller
2024,Ken Evans Jr.,Jackson St.,70635,6-5,"6'5""",77.0,76.91,"6'5""",-0.09,plays_at_height,76.91,"6'5""",-0.09,plays_at_height
2024,Rocket Watts,Oakland,70639,6-2,"6'2""",74.0,75.79,"6'4""",1.79,plays_taller,75.79,"6'4""",1.79,plays_taller
2024,Malik Hall,Michigan St.,70640,6-8,"6'8""",80.0,79.41,"6'7""",-0.59,plays_at_height,79.41,"6'7""",-0.59,plays_at_height
2024,Tyrell Jones,South Alabama,70641,6-2,"6'2""",74.0,75.56,"6'4""",1.56,plays_taller,75.56,"6'4""",1.56,plays_taller
2024,Allen Flanigan,Mississippi,70643,6-6,"6'6""",78.0,78.88,"6'7""",0.88,plays_taller,78.88,"6'7""",0.88,plays_taller
2024,Jaylin Williams,Auburn,70644,6-8,"6'8""",80.0,80.33,"6'8""",0.33,plays_at_height,80.33,"6'8""",0.33,plays_at_height
2024,John Buggs III,North Texas,70648,6-2,"6'2""",74.0,74.7,"6'3""",0.7,plays_at_height,74.7,"6'3""",0.7,plays_at_height
2024,Khalif Battle,Arkansas,70649,6-5,"6'5""",77.0,76.9,"6'5""",-0.1,plays_at_height,76.9,"6'5""",-0.1,plays_at_height
2024,Ellis Magnuson,Eastern Washington,70651,6-1,"6'1""",73.0,75.23,"6'3""",2.23,plays_taller,75.23,"6'3""",2.23,plays_taller
2024,Boogie Ellis,USC,70654,6-3,"6'3""",75.0,76.21,"6'4""",1.21,plays_taller,76.21,"6'4""",1.21,plays_taller
2024,Titus Wright,Western Michigan,70655,6-8,"6'8""",80.0,79.08,"6'7""",-0.92,plays_shorter,79.08,"6'7""",-0.92,plays_shorter
2024,Josh Corbin,Robert Morris,70660,6-3,"6'3""",75.0,74.02,"6'2""",-0.98,plays_shorter,74.02,"6'2""",-0.98,plays_shorter
2024,Dante Wilcox,FIU,70661,6-6,"6'6""",78.0,76.94,"6'5""",-1.06,plays_shorter,76.94,"6'5""",-1.06,plays_shorter
2024,Fred Cleveland Jr.,North Carolina Central,70662,5-9,"5'9""",69.0,74.88,"6'3""",5.88,plays_taller,74.88,"6'3""",5.88,plays_taller
2024,August Mahoney,Yale,70663,6-4,"6'4""",76.0,75.12,"6'3""",-0.88,plays_shorter,75.12,"6'3""",-0.88,plays_shorter
2024,Spencer Jones,Stanford,70664,6-7,"6'7""",79.0,77.89,"6'6""",-1.11,plays_shorter,77.89,"6'6""",-1.11,plays_shorter
2024,Chase Claxton,Winthrop,70665,6-7,"6'7""",79.0,79.46,"6'7""",0.46,plays_at_height,79.46,"6'7""",0.46,plays_at_height
2024,James Keefe,Stanford,70668,6-9,"6'9""",81.0,79.43,"6'7""",-1.57,plays_shorter,79.43,"6'7""",-1.57,plays_shorter
2024,Christian Ings,Norfolk St.,70679,6-2,"6'2""",74.0,76.33,"6'4""",2.33,plays_taller,76.33,"6'4""",2.33,plays_taller
2024,Oumar Ballo,Arizona,70681,7-0,"7'0""",84.0,85.62,"7'2""",1.62,plays_taller,85.62,"7'2""",1.62,plays_taller
2024,Tyreke Locure,Louisiana Monroe,70682,6-0,"6'0""",72.0,75.4,"6'3""",3.4,plays_taller,75.4,"6'3""",3.4,plays_taller
2024,Jimmy Clark III,Duquesne,70683,6-3,"6'3""",75.0,77.02,"6'5""",2.02,plays_taller,77.02,"6'5""",2.02,plays_taller
2024,Josiah Allick,Nebraska,70687,6-8,"6'8""",80.0,79.76,"6'8""",-0.24,plays_at_height,79.76,"6'8""",-0.24,plays_at_height
2024,Shykeim Phillips,UNC Wilmington,70689,6-2,"6'2""",74.0,77.4,"6'5""",3.4,plays_taller,77.4,"6'5""",3.4,plays_taller
2024,Keli Leaupepe,Loyola Marymount,70690,6-6,"6'6""",78.0,76.41,"6'4""",-1.59,plays_shorter,76.41,"6'4""",-1.59,plays_shorter
2024,Anton Watson,Gonzaga,70692,6-8,"6'8""",80.0,80.87,"6'9""",0.87,plays_taller,80.87,"6'9""",0.87,plays_taller
2024,Charles Thompson,Towson,70696,6-7,"6'7""",79.0,82.27,"6'10""",3.27,plays_taller,82.27,"6'10""",3.27,plays_taller
2024,Keeshawn Barthelemy,Oregon,70700,6-1,"6'1""",73.0,74.97,"6'3""",1.97,plays_taller,74.97,"6'3""",1.97,plays_taller
2024,Ben Wight,Toledo,70701,6-9,"6'9""",81.0,77.96,"6'6""",-3.04,plays_shorter,77.96,"6'6""",-3.04,plays_shorter
2024,N'Faly Dante,Oregon,70702,6-11,"6'11""",83.0,84.33,"7'0""",1.33,plays_taller,84.33,"7'0""",1.33,plays_taller
2024,Trey Calvin,Wright St.,70703,6-0,"6'0""",72.0,74.24,"6'2""",2.24,plays_taller,74.24,"6'2""",2.24,plays_taller
2024,Bryan Antoine,Radford,70707,6-5,"6'5""",77.0,75.47,"6'3""",-1.53,plays_shorter,75.47,"6'3""",-1.53,plays_shorter
2024,Luke Bumbalough,Niagara,70710,6-1,"6'1""",73.0,73.83,"6'2""",0.83,plays_taller,73.83,"6'2""",0.83,plays_taller
2024,Jay Heath,Georgetown,70712,6-3,"6'3""",75.0,74.57,"6'3""",-0.43,plays_at_height,74.57,"6'3""",-0.43,plays_at_height
2024,CJ Felder,McNeese St.,70714,6-8,"6'8""",80.0,81.83,"6'10""",1.83,plays_taller,81.83,"6'10""",1.83,plays_taller
2024,Tre Jackson,Western Carolina,70715,6-1,"6'1""",73.0,74.1,"6'2""",1.1,plays_taller,74.1,"6'2""",1.1,plays_taller
2024,KK Curry,Tennessee Martin,70716,6-6,"6'6""",78.0,78.04,"6'6""",0.04,plays_at_height,78.04,"6'6""",0.04,plays_at_height
2024,Jacob Johnson,Middle Tennessee,70720,6-5,"6'5""",77.0,77.6,"6'6""",0.6,plays_at_height,77.6,"6'6""",0.6,plays_at_height
2024,Anthony Walker,Indiana,70725,6-8,"6'8""",80.0,78.19,"6'6""",-1.81,plays_shorter,78.19,"6'6""",-1.81,plays_shorter
2024,Keishawn Davidson,Belmont,70729,6-2,"6'2""",74.0,74.9,"6'3""",0.9,plays_taller,74.9,"6'3""",0.9,plays_taller
2024,Anthony Selden,Rice,70731,6-6,"6'6""",78.0,78.16,"6'6""",0.16,plays_at_height,78.16,"6'6""",0.16,plays_at_height
2024,Ja'Monta Black,Austin Peay,70733,6-4,"6'4""",76.0,75.0,"6'3""",-1.0,plays_shorter,75.0,"6'3""",-1.0,plays_shorter
2024,Marquise Kennedy,Illinois Chicago,70734,6-1,"6'1""",73.0,77.8,"6'6""",4.8,plays_taller,77.8,"6'6""",4.8,plays_taller
2024,Abdoul Karim Coulibaly,UMass Lowell,70736,6-9,"6'9""",81.0,78.4,"6'6""",-2.6,plays_shorter,78.4,"6'6""",-2.6,plays_shorter
2024,Gerald Drumgoole Jr.,Delaware,70737,6-5,"6'5""",77.0,76.12,"6'4""",-0.88,plays_shorter,76.12,"6'4""",-0.88,plays_shorter
2024,Tyem Freeman,Kent St.,70740,6-5,"6'5""",77.0,76.98,"6'5""",-0.02,plays_at_height,76.98,"6'5""",-0.02,plays_at_height
2024,Jacco Fritz,Hofstra,70741,6-10,"6'10""",82.0,80.38,"6'8""",-1.62,plays_shorter,80.38,"6'8""",-1.62,plays_shorter
2024,Jovan Stulic,Southern Illinois,70742,6-6,"6'6""",78.0,77.09,"6'5""",-0.91,plays_shorter,77.09,"6'5""",-0.91,plays_shorter
2024,Ryan Wade,Green Bay,70744,6-2,"6'2""",74.0,73.41,"6'1""",-0.59,plays_at_height,73.41,"6'1""",-0.59,plays_at_height
2024,Armon Harried,Binghamton,70746,6-5,"6'5""",77.0,78.59,"6'7""",1.59,plays_taller,78.59,"6'7""",1.59,plays_taller
2024,Tyler Wahl,Wisconsin,70749,6-9,"6'9""",81.0,79.26,"6'7""",-1.74,plays_shorter,79.26,"6'7""",-1.74,plays_shorter
2024,Nate Lliteras,North Florida,70753,6-6,"6'6""",78.0,77.68,"6'6""",-0.32,plays_at_height,77.68,"6'6""",-0.32,plays_at_height
2024,KyKy Tandy,Jacksonville St.,70756,6-2,"6'2""",74.0,75.44,"6'3""",1.44,plays_taller,75.44,"6'3""",1.44,plays_taller
2024,Osborn Shema,Iona,70757,7-0,"7'0""",84.0,78.2,"6'6""",-5.8,plays_shorter,78.2,"6'6""",-5.8,plays_shorter
2024,Jason Murphy,North Carolina A&T,70761,6-9,"6'9""",81.0,79.19,"6'7""",-1.81,plays_shorter,79.19,"6'7""",-1.81,plays_shorter
2024,Josh Cohen,Massachusetts,70767,6-10,"6'10""",82.0,78.71,"6'7""",-3.29,plays_shorter,78.71,"6'7""",-3.29,plays_shorter
2024,Dieonte Miles,Morehead St.,70769,7-0,"7'0""",84.0,80.36,"6'8""",-3.64,plays_shorter,80.36,"6'8""",-3.64,plays_shorter
2024,Rienk Mast,Nebraska,70772,6-10,"6'10""",82.0,78.77,"6'7""",-3.23,plays_shorter,78.77,"6'7""",-3.23,plays_shorter
2024,Antonio Thomas,Evansville,70779,6-2,"6'2""",74.0,74.97,"6'3""",0.97,plays_taller,74.97,"6'3""",0.97,plays_taller
2024,Benjamin Bosmans-Verdonk,South Carolina,70781,6-9,"6'9""",81.0,80.72,"6'9""",-0.28,plays_at_height,80.72,"6'9""",-0.28,plays_at_height
2024,Daylen Williams,UT Rio Grande Valley,70782,6-8,"6'8""",80.0,78.23,"6'6""",-1.77,plays_shorter,78.23,"6'6""",-1.77,plays_shorter
2024,Noel Coleman,Hawaii,70785,6-2,"6'2""",74.0,76.08,"6'4""",2.08,plays_taller,76.08,"6'4""",2.08,plays_taller
2024,Sabry Philip,Stony Brook,70786,6-4,"6'4""",76.0,78.38,"6'6""",2.38,plays_taller,78.38,"6'6""",2.38,plays_taller
2024,Rick Issanza,Loyola Marymount,70789,7-1,"7'1""",85.0,83.03,"6'11""",-1.97,plays_shorter,83.03,"6'11""",-1.97,plays_shorter
2024,Hunter Woods,Portland St.,70795,6-6,"6'6""",78.0,76.43,"6'4""",-1.57,plays_shorter,76.43,"6'4""",-1.57,plays_shorter
2024,Zac Ervin,Elon,70799,6-5,"6'5""",77.0,73.95,"6'2""",-3.05,plays_shorter,73.95,"6'2""",-3.05,plays_shorter
2024,Brandon Rush,Youngstown St.,70801,6-3,"6'3""",75.0,76.67,"6'5""",1.67,plays_taller,76.67,"6'5""",1.67,plays_taller
2024,Caleb Fields,Arkansas St.,70806,6-0,"6'0""",72.0,75.18,"6'3""",3.18,plays_taller,75.18,"6'3""",3.18,plays_taller
2024,Stephen Clark,South Carolina,70808,6-8,"6'8""",80.0,79.49,"6'7""",-0.51,plays_at_height,79.49,"6'7""",-0.51,plays_at_height
2024,Trey Anderson,San Jose St.,70809,6-7,"6'7""",79.0,77.33,"6'5""",-1.67,plays_shorter,77.33,"6'5""",-1.67,plays_shorter
2024,Cobe Williams,Tulsa,70810,6-0,"6'0""",72.0,76.56,"6'5""",4.56,plays_taller,76.56,"6'5""",4.56,plays_taller
2024,Isaiah Crawford,Louisiana Tech,70811,6-6,"6'6""",78.0,80.12,"6'8""",2.12,plays_taller,80.12,"6'8""",2.12,plays_taller
2024,Miles Jones,UNC Greensboro,70816,6-6,"6'6""",78.0,77.12,"6'5""",-0.88,plays_shorter,77.12,"6'5""",-0.88,plays_shorter
2024,Terrell Williams Jr.,Iona,70818,6-6,"6'6""",78.0,76.61,"6'5""",-1.39,plays_shorter,76.61,"6'5""",-1.39,plays_shorter
2024,Jalen Gaffney,Florida Atlantic,70819,6-3,"6'3""",75.0,76.5,"6'4""",1.5,plays_taller,76.5,"6'4""",1.5,plays_taller
2024,Emmanuel Kuac,Detroit Mercy,70832,6-7,"6'7""",79.0,76.59,"6'5""",-2.41,plays_shorter,76.59,"6'5""",-2.41,plays_shorter
2024,Omar Croskey,South Carolina St.,70841,6-7,"6'7""",79.0,76.99,"6'5""",-2.01,plays_shorter,76.99,"6'5""",-2.01,plays_shorter
2024,Tyler Stephenson-Moore,Stony Brook,70845,6-3,"6'3""",75.0,77.07,"6'5""",2.07,plays_taller,77.07,"6'5""",2.07,plays_taller
2024,Heru Bligen,Fairleigh Dickinson,70852,6-2,"6'2""",74.0,76.5,"6'4""",2.5,plays_taller,76.5,"6'4""",2.5,plays_taller
2024,Joe French,Arkansas Pine Bluff,70856,6-5,"6'5""",77.0,73.42,"6'1""",-3.58,plays_shorter,73.42,"6'1""",-3.58,plays_shorter
2024,Jaelen House,New Mexico,70857,6-0,"6'0""",72.0,75.76,"6'4""",3.76,plays_taller,75.76,"6'4""",3.76,plays_taller
2024,Desmond Williams,Tennessee Martin,70858,6-1,"6'1""",73.0,74.21,"6'2""",1.21,plays_taller,74.21,"6'2""",1.21,plays_taller
2024,Lars Thiemann,Loyola Marymount,70859,7-1,"7'1""",85.0,79.42,"6'7""",-5.58,plays_shorter,79.42,"6'7""",-5.58,plays_shorter
2024,Marcus Domask,Illinois,70865,6-6,"6'6""",78.0,76.81,"6'5""",-1.19,plays_shorter,76.81,"6'5""",-1.19,plays_shorter
2024,Trent Brown,Southern Illinois,70866,6-2,"6'2""",74.0,74.56,"6'3""",0.56,plays_at_height,74.56,"6'3""",0.56,plays_at_height
2024,Justin McKoy,Hawaii,70875,6-8,"6'8""",80.0,77.14,"6'5""",-2.86,plays_shorter,77.14,"6'5""",-2.86,plays_shorter
2024,Joshua Morgan,USC,70895,6-11,"6'11""",83.0,82.84,"6'11""",-0.16,plays_at_height,82.84,"6'11""",-0.16,plays_at_height
2024,Emmanuel Izunabor,North Carolina Central,70899,6-8,"6'8""",80.0,80.96,"6'9""",0.96,plays_taller,80.96,"6'9""",0.96,plays_taller
2024,Bryant Randleman,James Madison,70901,6-4,"6'4""",76.0,76.43,"6'4""",0.43,plays_at_height,76.43,"6'4""",0.43,plays_at_height
2024,Kuany Kuany,VCU,70904,6-9,"6'9""",81.0,78.26,"6'6""",-2.74,plays_shorter,78.26,"6'6""",-2.74,plays_shorter
2024,KJ Cunningham,Weber St.,70911,6-2,"6'2""",74.0,74.26,"6'2""",0.26,plays_at_height,74.26,"6'2""",0.26,plays_at_height
2024,Robbie Beran,Virginia Tech,70913,6-9,"6'9""",81.0,79.1,"6'7""",-1.9,plays_shorter,79.1,"6'7""",-1.9,plays_shorter
2024,Dekedran Thorn,Alcorn St.,70922,6-4,"6'4""",76.0,76.0,"6'4""",0.0,plays_at_height,76.0,"6'4""",0.0,plays_at_height
2024,Jaylen Forbes,Tulane,70927,6-5,"6'5""",77.0,75.84,"6'4""",-1.16,plays_shorter,75.84,"6'4""",-1.16,plays_shorter
2024,Juwan Gary,Nebraska,70929,6-6,"6'6""",78.0,79.87,"6'8""",1.87,plays_taller,79.87,"6'8""",1.87,plays_taller
2024,Noah Fernandes,Rutgers,70931,5-11,"5'11""",71.0,74.92,"6'3""",3.92,plays_taller,74.92,"6'3""",3.92,plays_taller
2024,Juwan Perdue,Jacksonville St.,70932,6-6,"6'6""",78.0,78.69,"6'7""",0.69,plays_at_height,78.69,"6'7""",0.69,plays_at_height
2024,Caleb Mills,Memphis,70935,6-5,"6'5""",77.0,76.7,"6'5""",-0.3,plays_at_height,76.7,"6'5""",-0.3,plays_at_height
2024,Francisco Farabello,Creighton,70936,6-3,"6'3""",75.0,75.35,"6'3""",0.35,plays_at_height,75.35,"6'3""",0.35,plays_at_height
2024,Aidan Igiehon,Abilene Christian,70937,6-10,"6'10""",82.0,77.29,"6'5""",-4.71,plays_shorter,77.29,"6'5""",-4.71,plays_shorter
2024,Josh Nickelberry,Florida St.,70938,6-5,"6'5""",77.0,76.01,"6'4""",-0.99,plays_shorter,76.01,"6'4""",-0.99,plays_shorter
2024,Diante Smith,Nicholls St.,70942,6-7,"6'7""",79.0,77.33,"6'5""",-1.67,plays_shorter,77.33,"6'5""",-1.67,plays_shorter
2024,Taryn Todd,Arkansas St.,70943,6-4,"6'4""",76.0,76.61,"6'5""",0.61,plays_at_height,76.61,"6'5""",0.61,plays_at_height
2024,Dontaie Allen,Western Kentucky,70945,6-6,"6'6""",78.0,76.57,"6'5""",-1.43,plays_shorter,76.57,"6'5""",-1.43,plays_shorter
2024,Ethan Anderson,Pepperdine,70951,6-0,"6'0""",72.0,75.14,"6'3""",3.14,plays_taller,75.14,"6'3""",3.14,plays_taller
2024,Mylik Wilson,Houston,70955,6-2,"6'2""",74.0,79.59,"6'8""",5.59,plays_taller,79.59,"6'8""",5.59,plays_taller
2024,Jalen Bridges,Baylor,70966,6-9,"6'9""",81.0,79.13,"6'7""",-1.87,plays_shorter,79.13,"6'7""",-1.87,plays_shorter
2024,Aaron Estrada,Alabama,70970,6-3,"6'3""",75.0,76.53,"6'5""",1.53,plays_taller,76.53,"6'5""",1.53,plays_taller
2024,Matthew Lee,Missouri St.,70971,6-0,"6'0""",72.0,74.47,"6'2""",2.47,plays_taller,74.47,"6'2""",2.47,plays_taller
2024,Ayinde Hikim,UMass Lowell,70972,5-11,"5'11""",71.0,75.21,"6'3""",4.21,plays_taller,75.21,"6'3""",4.21,plays_taller
2024,Mike DePersia,Le Moyne,70973,5-11,"5'11""",71.0,75.74,"6'4""",4.74,plays_taller,75.74,"6'4""",4.74,plays_taller
2024,Jordan Wright,LSU,70975,6-6,"6'6""",78.0,77.94,"6'6""",-0.06,plays_at_height,77.94,"6'6""",-0.06,plays_at_height
2024,Sherif Gross-Bullock,Bryant,70976,6-5,"6'5""",77.0,76.61,"6'5""",-0.39,plays_at_height,76.61,"6'5""",-0.39,plays_at_height
2024,Julien Wooden,James Madison,70977,6-8,"6'8""",80.0,78.27,"6'6""",-1.73,plays_shorter,78.27,"6'6""",-1.73,plays_shorter
2024,Michael Christmas,Longwood,70978,6-6,"6'6""",78.0,78.23,"6'6""",0.23,plays_at_height,78.23,"6'6""",0.23,plays_at_height
2024,Jason Jitoboh,Tennessee St.,70990,6-11,"6'11""",83.0,82.05,"6'10""",-0.95,plays_shorter,82.05,"6'10""",-0.95,plays_shorter
2024,Christian Brown,Tennessee St.,70995,6-6,"6'6""",78.0,77.79,"6'6""",-0.21,plays_at_height,77.79,"6'6""",-0.21,plays_at_height
2024,Omar Payne,UCF,70996,6-10,"6'10""",82.0,82.8,"6'11""",0.8,plays_taller,82.8,"6'11""",0.8,plays_taller
2024,Austin Crowley,Southern Miss,70998,6-4,"6'4""",76.0,76.78,"6'5""",0.78,plays_taller,76.78,"6'5""",0.78,plays_taller
2024,Jalen Graham,Arkansas,71000,6-10,"6'10""",82.0,80.21,"6'8""",-1.79,plays_shorter,80.21,"6'8""",-1.79,plays_shorter
2024,Rashaun Agee,Bowling Green,71003,6-8,"6'8""",80.0,82.47,"6'10""",2.47,plays_taller,82.47,"6'10""",2.47,plays_taller
2024,Ahren Freeman,UT Rio Grande Valley,71007,6-7,"6'7""",79.0,78.83,"6'7""",-0.17,plays_at_height,78.83,"6'7""",-0.17,plays_at_height
2024,Charles Smith IV,Prairie View A&M,71013,6-5,"6'5""",77.0,76.8,"6'5""",-0.2,plays_at_height,76.8,"6'5""",-0.2,plays_at_height
2024,Brice Williams,Nebraska,71018,6-7,"6'7""",79.0,78.14,"6'6""",-0.86,plays_shorter,78.14,"6'6""",-0.86,plays_shorter
2024,Jack Forrest,Bucknell,71021,6-5,"6'5""",77.0,76.74,"6'5""",-0.26,plays_at_height,76.74,"6'5""",-0.26,plays_at_height
2024,Keenon Cole,Lindenwood,71022,6-7,"6'7""",79.0,77.53,"6'6""",-1.47,plays_shorter,77.53,"6'6""",-1.47,plays_shorter
2024,Nick Caldwell,Southeastern Louisiana,71023,6-7,"6'7""",79.0,79.11,"6'7""",0.11,plays_at_height,79.11,"6'7""",0.11,plays_at_height
2024,Tyler Cochran,Toledo,71025,6-2,"6'2""",74.0,77.29,"6'5""",3.29,plays_taller,77.29,"6'5""",3.29,plays_taller
2024,Terrell Burden,Kennesaw St.,71032,5-10,"5'10""",70.0,76.0,"6'4""",6.0,plays_taller,76.0,"6'4""",6.0,plays_taller
2024,Nyzaiah Chambers,Norfolk St.,71041,6-7,"6'7""",79.0,79.59,"6'8""",0.59,plays_at_height,79.59,"6'8""",0.59,plays_at_height
2024,Leslie Nkereuwem,Georgia St.,71042,6-8,"6'8""",80.0,79.09,"6'7""",-0.91,plays_shorter,79.09,"6'7""",-0.91,plays_shorter
2024,Dame Adelekun,Loyola Chicago,71043,6-8,"6'8""",80.0,81.92,"6'10""",1.92,plays_taller,81.92,"6'10""",1.92,plays_taller
2024,Allen Powell,Rider,71044,6-2,"6'2""",74.0,73.52,"6'2""",-0.48,plays_at_height,73.52,"6'2""",-0.48,plays_at_height
2024,Hunter Goodrick,Cal Baptist,71046,6-7,"6'7""",79.0,79.03,"6'7""",0.03,plays_at_height,79.03,"6'7""",0.03,plays_at_height
2024,Daryl Anderson,Norfolk St.,71050,6-6,"6'6""",78.0,73.87,"6'2""",-4.13,plays_shorter,73.87,"6'2""",-4.13,plays_shorter
2024,Masai Olowokere,Central Arkansas,71051,6-5,"6'5""",77.0,76.85,"6'5""",-0.15,plays_at_height,76.85,"6'5""",-0.15,plays_at_height
2024,Caleb Burgess,UNC Asheville,71053,6-3,"6'3""",75.0,74.53,"6'3""",-0.47,plays_at_height,74.53,"6'3""",-0.47,plays_at_height
2024,Josh Vazquez,Montana,71054,6-3,"6'3""",75.0,74.79,"6'3""",-0.21,plays_at_height,74.79,"6'3""",-0.21,plays_at_height
2024,Kyle Owens,UC Riverside,71055,6-8,"6'8""",80.0,78.28,"6'6""",-1.72,plays_shorter,78.28,"6'6""",-1.72,plays_shorter
2024,Kadin Shedrick,Texas,71056,6-11,"6'11""",83.0,81.62,"6'10""",-1.38,plays_shorter,81.62,"6'10""",-1.38,plays_shorter
2024,Kalil Thomas,Morehead St.,71060,6-5,"6'5""",77.0,76.42,"6'4""",-0.58,plays_at_height,76.42,"6'4""",-0.58,plays_at_height
2024,Marcus Filien,Albany,71069,6-7,"6'7""",79.0,76.99,"6'5""",-2.01,plays_shorter,76.99,"6'5""",-2.01,plays_shorter
2024,EJ Williams,Alabama A&M,71075,6-10,"6'10""",82.0,76.17,"6'4""",-5.83,plays_shorter,76.17,"6'4""",-5.83,plays_shorter
2024,Garrett Hicks,Samford,71080,6-0,"6'0""",72.0,76.17,"6'4""",4.17,plays_taller,76.17,"6'4""",4.17,plays_taller
2024,K'Mani Doughty,Utah Valley,71088,6-5,"6'5""",77.0,75.32,"6'3""",-1.68,plays_shorter,75.32,"6'3""",-1.68,plays_shorter
2024,Raquan Brown,South Carolina St.,71089,6-3,"6'3""",75.0,76.06,"6'4""",1.06,plays_taller,76.06,"6'4""",1.06,plays_taller
2024,Dajuan Harris Jr.,Kansas,71093,6-2,"6'2""",74.0,74.66,"6'3""",0.66,plays_at_height,74.66,"6'3""",0.66,plays_at_height
2024,Tyler Thomas,Hofstra,71094,6-3,"6'3""",75.0,76.46,"6'4""",1.46,plays_taller,76.46,"6'4""",1.46,plays_taller
2024,Neal Quinn,Richmond,71107,7-0,"7'0""",84.0,79.73,"6'8""",-4.27,plays_shorter,79.73,"6'8""",-4.27,plays_shorter
2024,Leo O'Boyle,Penn St.,71110,6-7,"6'7""",79.0,75.55,"6'4""",-3.45,plays_shorter,75.55,"6'4""",-3.45,plays_shorter
2024,Mervin James,Rider,71115,6-7,"6'7""",79.0,78.52,"6'7""",-0.48,plays_at_height,78.52,"6'7""",-0.48,plays_at_height
2024,Brandon Newman,Western Kentucky,71117,6-5,"6'5""",77.0,76.96,"6'5""",-0.04,plays_at_height,76.96,"6'5""",-0.04,plays_at_height
2024,Jalen Thomas,Butler,71118,6-10,"6'10""",82.0,80.65,"6'9""",-1.35,plays_shorter,80.65,"6'9""",-1.35,plays_shorter
2024,Keshad Johnson,Arizona,71121,6-7,"6'7""",79.0,81.29,"6'9""",2.29,plays_taller,81.29,"6'9""",2.29,plays_taller
2024,Isaiah Stevens,Colorado St.,71128,6-0,"6'0""",72.0,75.19,"6'3""",3.19,plays_taller,75.19,"6'3""",3.19,plays_taller
2024,Kyle Rose,Fordham,71130,6-4,"6'4""",76.0,77.71,"6'6""",1.71,plays_taller,77.71,"6'6""",1.71,plays_taller
2024,Wheza Panzo,Iona,71131,6-7,"6'7""",79.0,74.75,"6'3""",-4.25,plays_shorter,74.75,"6'3""",-4.25,plays_shorter
2024,Fousseyni Drame,Duquesne,71132,6-7,"6'7""",79.0,79.87,"6'8""",0.87,plays_taller,79.87,"6'8""",0.87,plays_taller
2024,Daryl Banks III,St. Bonaventure,71133,6-3,"6'3""",75.0,75.04,"6'3""",0.04,plays_at_height,75.04,"6'3""",0.04,plays_at_height
2024,Ford Cooper,Hampton,71139,6-3,"6'3""",75.0,73.67,"6'2""",-1.33,plays_shorter,73.67,"6'2""",-1.33,plays_shorter
2024,Dylan Disu,Texas,71140,6-9,"6'9""",81.0,79.32,"6'7""",-1.68,plays_shorter,79.32,"6'7""",-1.68,plays_shorter
2024,Jared Coleman-Jones,Middle Tennessee,71160,6-10,"6'10""",82.0,79.87,"6'8""",-2.13,plays_shorter,79.87,"6'8""",-2.13,plays_shorter
2024,Damani McEntire,Bethune Cookman,71166,6-4,"6'4""",76.0,76.58,"6'5""",0.58,plays_at_height,76.58,"6'5""",0.58,plays_at_height
2024,Miguel Ayesa,USC Upstate,71168,6-5,"6'5""",77.0,73.82,"6'2""",-3.18,plays_shorter,73.82,"6'2""",-3.18,plays_shorter
2024,Blondeau Tchoukuiegno,Cal Baptist,71169,6-2,"6'2""",74.0,75.49,"6'3""",1.49,plays_taller,75.49,"6'3""",1.49,plays_taller
2024,Kyle Rode,Liberty,71171,6-7,"6'7""",79.0,75.69,"6'4""",-3.31,plays_shorter,75.69,"6'4""",-3.31,plays_shorter
2024,Shiloh Robinson,Liberty,71173,6-7,"6'7""",79.0,78.18,"6'6""",-0.82,plays_shorter,78.18,"6'6""",-0.82,plays_shorter
2024,Andrei Savrasov,Duquesne,71179,6-7,"6'7""",79.0,79.18,"6'7""",0.18,plays_at_height,79.18,"6'7""",0.18,plays_at_height
2024,Russel Tchewa,Georgia,71180,7-0,"7'0""",84.0,79.88,"6'8""",-4.12,plays_shorter,79.88,"6'8""",-4.12,plays_shorter
2024,Terrence Shannon Jr.,Illinois,71181,6-6,"6'6""",78.0,78.26,"6'6""",0.26,plays_at_height,78.26,"6'6""",0.26,plays_at_height
2024,Tyreek Smith,SMU,71185,6-8,"6'8""",80.0,83.21,"6'11""",3.21,plays_taller,83.21,"6'11""",3.21,plays_taller
2024,Donovan Clay,Missouri St.,71191,6-8,"6'8""",80.0,78.53,"6'7""",-1.47,plays_shorter,78.53,"6'7""",-1.47,plays_shorter
2024,Bryce Okpoh,Canisius,71194,6-7,"6'7""",79.0,78.24,"6'6""",-0.76,plays_shorter,78.24,"6'6""",-0.76,plays_shorter
2024,Maleeck Harden-Hayes,UNC Wilmington,71205,6-7,"6'7""",79.0,77.07,"6'5""",-1.93,plays_shorter,77.07,"6'5""",-1.93,plays_shorter
2024,Travis Evee,Rice,71206,6-1,"6'1""",73.0,75.17,"6'3""",2.17,plays_taller,75.17,"6'3""",2.17,plays_taller
2024,Dean Keeler,UC Irvine,71207,6-11,"6'11""",83.0,82.04,"6'10""",-0.96,plays_shorter,82.04,"6'10""",-0.96,plays_shorter
2024,Noah Waterman,BYU,71212,6-11,"6'11""",83.0,79.34,"6'7""",-3.66,plays_shorter,79.34,"6'7""",-3.66,plays_shorter
2024,Justin Hohn,UC Irvine,71213,6-2,"6'2""",74.0,75.1,"6'3""",1.1,plays_taller,75.1,"6'3""",1.1,plays_taller
2024,John McGriff,Eastern Michigan,71217,6-0,"6'0""",72.0,73.84,"6'2""",1.84,plays_taller,73.84,"6'2""",1.84,plays_taller
2024,Brenton Mills,Vermont,71218,6-3,"6'3""",75.0,75.46,"6'3""",0.46,plays_at_height,75.46,"6'3""",0.46,plays_at_height
2024,Yvan Ouedraogo,Cal Baptist,71226,6-9,"6'9""",81.0,80.59,"6'9""",-0.41,plays_at_height,80.59,"6'9""",-0.41,plays_at_height
2024,Josh Oduro,Providence,71233,6-9,"6'9""",81.0,80.93,"6'9""",-0.07,plays_at_height,80.93,"6'9""",-0.07,plays_at_height
2024,Justin Winston,Coppin St.,71237,6-8,"6'8""",80.0,77.46,"6'5""",-2.54,plays_shorter,77.46,"6'5""",-2.54,plays_shorter
2024,Alejandro Vasquez,UAB,71238,6-4,"6'4""",76.0,75.85,"6'4""",-0.15,plays_at_height,75.85,"6'4""",-0.15,plays_at_height
2024,Miles Brown,Ohio,71244,6-1,"6'1""",73.0,75.58,"6'4""",2.58,plays_taller,75.58,"6'4""",2.58,plays_taller
2024,Greg Outlaw,Pacific,71248,6-4,"6'4""",76.0,75.15,"6'3""",-0.85,plays_shorter,75.15,"6'3""",-0.85,plays_shorter
2024,Trevian Tennyson,TCU,71251,6-3,"6'3""",75.0,75.65,"6'4""",0.65,plays_at_height,75.65,"6'4""",0.65,plays_at_height
2024,Shon Robinson,Incarnate Word,71264,6-9,"6'9""",81.0,80.14,"6'8""",-0.86,plays_shorter,80.14,"6'8""",-0.86,plays_shorter
2024,Joey Reilly,Sacred Heart,71265,6-0,"6'0""",72.0,75.08,"6'3""",3.08,plays_taller,75.08,"6'3""",3.08,plays_taller
2024,Kevin Cross,Tulane,71281,6-8,"6'8""",80.0,79.0,"6'7""",-1.0,plays_shorter,79.0,"6'7""",-1.0,plays_shorter
2024,T.J. Weeks Jr.,Rider,71283,6-4,"6'4""",76.0,77.44,"6'5""",1.44,plays_taller,77.44,"6'5""",1.44,plays_taller
2024,Sean East II,Missouri,71284,6-3,"6'3""",75.0,75.54,"6'4""",0.54,plays_at_height,75.54,"6'4""",0.54,plays_at_height
2024,Tre Mitchell,Kentucky,71288,6-9,"6'9""",81.0,79.44,"6'7""",-1.56,plays_shorter,79.44,"6'7""",-1.56,plays_shorter
2024,Naheem McLeod,Syracuse,71289,7-4,"7'4""",88.0,84.25,"7'0""",-3.75,plays_shorter,84.25,"7'0""",-3.75,plays_shorter
2024,Tyler Burton,Villanova,71290,6-7,"6'7""",79.0,79.48,"6'7""",0.48,plays_at_height,79.48,"6'7""",0.48,plays_at_height
2024,Michael Moreno,Eastern Kentucky,71294,6-7,"6'7""",79.0,78.01,"6'6""",-0.99,plays_shorter,78.01,"6'6""",-0.99,plays_shorter
2024,Damian Dunn,Houston,71297,6-5,"6'5""",77.0,76.59,"6'5""",-0.41,plays_at_height,76.59,"6'5""",-0.41,plays_at_height
2024,Josh Pierre-Louis,UC Santa Barbara,71298,6-4,"6'4""",76.0,78.24,"6'6""",2.24,plays_taller,78.24,"6'6""",2.24,plays_taller
2024,Curt Lewis,Missouri,71299,6-5,"6'5""",77.0,75.44,"6'3""",-1.56,plays_shorter,75.44,"6'3""",-1.56,plays_shorter
2024,Tariq Balogun,Binghamton,71300,6-10,"6'10""",82.0,78.8,"6'7""",-3.2,plays_shorter,78.8,"6'7""",-3.2,plays_shorter
2024,Brayden Parker,Idaho St.,71305,6-8,"6'8""",80.0,79.9,"6'8""",-0.1,plays_at_height,79.9,"6'8""",-0.1,plays_at_height
2024,Greg Gantt Jr.,UNC Asheville,71306,6-8,"6'8""",80.0,79.1,"6'7""",-0.9,plays_shorter,79.1,"6'7""",-0.9,plays_shorter
2024,Isaiah Hill,Fresno St.,71311,6-0,"6'0""",72.0,74.86,"6'3""",2.86,plays_taller,74.86,"6'3""",2.86,plays_taller
2024,Dexter Akanno,Oregon St.,71313,6-5,"6'5""",77.0,76.29,"6'4""",-0.71,plays_at_height,76.29,"6'4""",-0.71,plays_at_height
2024,Symir Torrence,Binghamton,71314,6-3,"6'3""",75.0,77.07,"6'5""",2.07,plays_taller,77.07,"6'5""",2.07,plays_taller
2024,Brian Taylor,Central Michigan,71321,6-6,"6'6""",78.0,79.65,"6'8""",1.65,plays_taller,79.65,"6'8""",1.65,plays_taller
2024,Raymond Somerville,Delaware St.,71326,6-11,"6'11""",83.0,78.63,"6'7""",-4.37,plays_shorter,78.63,"6'7""",-4.37,plays_shorter
2024,Antonio Reeves,Kentucky,71330,6-6,"6'6""",78.0,76.64,"6'5""",-1.36,plays_shorter,76.64,"6'5""",-1.36,plays_shorter
2024,Isaiah Hawthorne,San Francisco,71333,6-8,"6'8""",80.0,76.68,"6'5""",-3.32,plays_shorter,76.68,"6'5""",-3.32,plays_shorter
2024,Rylan Jones,Samford,71336,6-0,"6'0""",72.0,75.23,"6'3""",3.23,plays_taller,75.23,"6'3""",3.23,plays_taller
2024,Jeremiah Davenport,Arkansas,71337,6-6,"6'6""",78.0,75.21,"6'3""",-2.79,plays_shorter,75.21,"6'3""",-2.79,plays_shorter
2024,Deuce Dean,Georgia Southern,71341,6-4,"6'4""",76.0,73.96,"6'2""",-2.04,plays_shorter,73.96,"6'2""",-2.04,plays_shorter
2024,Jacob O'Connell,Merrimack,71343,7-0,"7'0""",84.0,79.15,"6'7""",-4.85,plays_shorter,79.15,"6'7""",-4.85,plays_shorter
2024,Keeshawn Kellman,Florida Gulf Coast,71344,6-8,"6'8""",80.0,82.34,"6'10""",2.34,plays_taller,82.34,"6'10""",2.34,plays_taller
2024,Tyler Millin,Chattanooga,71348,6-7,"6'7""",79.0,78.26,"6'6""",-0.74,plays_at_height,78.26,"6'6""",-0.74,plays_at_height
2024,DJ Rodman,USC,71349,6-6,"6'6""",78.0,77.42,"6'5""",-0.58,plays_at_height,77.42,"6'5""",-0.58,plays_at_height
2024,Lamar Wright,SIU Edwardsville,71352,6-7,"6'7""",79.0,77.75,"6'6""",-1.25,plays_shorter,77.75,"6'6""",-1.25,plays_shorter
2024,Jesus Carralero Martin,Missouri,71355,6-7,"6'7""",79.0,77.63,"6'6""",-1.37,plays_shorter,77.63,"6'6""",-1.37,plays_shorter
2024,Nick Fiorillo,Vermont,71356,6-8,"6'8""",80.0,77.79,"6'6""",-2.21,plays_shorter,77.79,"6'6""",-2.21,plays_shorter
2024,Jae'Lyn Withers,North Carolina,71359,6-9,"6'9""",81.0,80.72,"6'9""",-0.28,plays_at_height,80.72,"6'9""",-0.28,plays_at_height
2024,Kalib Boone,UNLV,71360,6-9,"6'9""",81.0,83.14,"6'11""",2.14,plays_taller,83.14,"6'11""",2.14,plays_taller
2024,Rob Perry,Murray St.,71363,6-4,"6'4""",76.0,77.46,"6'5""",1.46,plays_taller,77.46,"6'5""",1.46,plays_taller
2024,Keylan Boone,UNLV,71364,6-8,"6'8""",80.0,78.59,"6'7""",-1.41,plays_shorter,78.59,"6'7""",-1.41,plays_shorter
2024,Avery Anderson III,TCU,71367,6-2,"6'2""",74.0,76.76,"6'5""",2.76,plays_taller,76.76,"6'5""",2.76,plays_taller
2024,Chris Ledlum,St. John's,71368,6-6,"6'6""",78.0,80.27,"6'8""",2.27,plays_taller,80.27,"6'8""",2.27,plays_taller
2024,Blake Lampman,Oakland,71381,6-3,"6'3""",75.0,76.22,"6'4""",1.22,plays_taller,76.22,"6'4""",1.22,plays_taller
2024,Noah Thomasson,Georgia,71384,6-4,"6'4""",76.0,74.92,"6'3""",-1.08,plays_shorter,74.92,"6'3""",-1.08,plays_shorter
2024,Yusuf Jihad,Eastern Michigan,71389,6-8,"6'8""",80.0,77.16,"6'5""",-2.84,plays_shorter,77.16,"6'5""",-2.84,plays_shorter
2024,Idan Tretout,Iona,71394,6-4,"6'4""",76.0,76.16,"6'4""",0.16,plays_at_height,76.16,"6'4""",0.16,plays_at_height
2024,Isaiah Thompson,Florida Gulf Coast,71395,6-1,"6'1""",73.0,74.29,"6'2""",1.29,plays_taller,74.29,"6'2""",1.29,plays_taller
2024,Luka Sakota,Northeastern,71396,6-6,"6'6""",78.0,74.49,"6'2""",-3.51,plays_shorter,74.49,"6'2""",-3.51,plays_shorter
2024,Zyon Pullin,Florida,71407,6-4,"6'4""",76.0,75.37,"6'3""",-0.63,plays_at_height,75.37,"6'3""",-0.63,plays_at_height
2024,Ibrahima Diallo,UCF,71410,7-0,"7'0""",84.0,83.44,"6'11""",-0.56,plays_at_height,83.44,"6'11""",-0.56,plays_at_height
2024,Savion Gallion,Louisiana Monroe,71417,6-4,"6'4""",76.0,76.51,"6'5""",0.51,plays_at_height,76.51,"6'5""",0.51,plays_at_height
2024,Calvin Solomon,UTEP,71420,6-7,"6'7""",79.0,80.37,"6'8""",1.37,plays_taller,80.37,"6'8""",1.37,plays_taller
2024,Nate Ferguson,Drake,71422,6-8,"6'8""",80.0,79.93,"6'8""",-0.07,plays_at_height,79.93,"6'8""",-0.07,plays_at_height
2024,Jordan Minor,Virginia,71427,6-8,"6'8""",80.0,79.28,"6'7""",-0.72,plays_at_height,79.28,"6'7""",-0.72,plays_at_height
2024,Ziggy Reid,Youngstown St.,71428,6-6,"6'6""",78.0,77.75,"6'6""",-0.25,plays_at_height,77.75,"6'6""",-0.25,plays_at_height
2024,Jordan McKoy,Merrimack,71429,6-5,"6'5""",77.0,75.46,"6'3""",-1.54,plays_shorter,75.46,"6'3""",-1.54,plays_shorter
2024,Keyshaun Langley,UNC Greensboro,71434,6-1,"6'1""",73.0,74.51,"6'3""",1.51,plays_taller,74.51,"6'3""",1.51,plays_taller
2024,James Glisson III,New Orleans,71438,6-7,"6'7""",79.0,75.95,"6'4""",-3.05,plays_shorter,75.95,"6'4""",-3.05,plays_shorter
2024,Kamar Robertson,Western Carolina,71442,6-0,"6'0""",72.0,74.57,"6'3""",2.57,plays_taller,74.57,"6'3""",2.57,plays_taller
2024,Donta Scott,Maryland,71444,6-8,"6'8""",80.0,77.7,"6'6""",-2.3,plays_shorter,77.7,"6'6""",-2.3,plays_shorter
2024,Babatunde Akingbola,George Washington,71445,6-10,"6'10""",82.0,81.98,"6'10""",-0.02,plays_at_height,81.98,"6'10""",-0.02,plays_at_height
2024,Makhi Mitchell,Arkansas,71446,6-10,"6'10""",82.0,81.67,"6'10""",-0.33,plays_at_height,81.67,"6'10""",-0.33,plays_at_height
2024,Makhel Mitchell,Little Rock,71447,6-10,"6'10""",82.0,82.54,"6'11""",0.54,plays_at_height,82.54,"6'11""",0.54,plays_at_height
2024,Devan Cambridge,Texas Tech,71448,6-6,"6'6""",78.0,79.19,"6'7""",1.19,plays_taller,79.19,"6'7""",1.19,plays_taller
2024,Kyle Sturdivant,Georgia Tech,71455,6-3,"6'3""",75.0,74.73,"6'3""",-0.27,plays_at_height,74.73,"6'3""",-0.27,plays_at_height
2024,Dearon Tucker,Cal St. Northridge,71457,6-10,"6'10""",82.0,78.0,"6'6""",-4.0,plays_shorter,78.0,"6'6""",-4.0,plays_shorter
2024,Jarod Lucas,Nevada,71461,6-4,"6'4""",76.0,74.71,"6'3""",-1.29,plays_shorter,74.71,"6'3""",-1.29,plays_shorter
2024,Gianni Hunt,Cal St. Northridge,71463,6-4,"6'4""",76.0,75.61,"6'4""",-0.39,plays_at_height,75.61,"6'4""",-0.39,plays_at_height
2024,Jamail Pink,Detroit Mercy,71465,6-1,"6'1""",73.0,73.75,"6'2""",0.75,plays_taller,73.75,"6'2""",0.75,plays_taller
2024,Jayvis Harvey,Tennessee Tech,71467,6-5,"6'5""",77.0,75.46,"6'3""",-1.54,plays_shorter,75.46,"6'3""",-1.54,plays_shorter
2024,Chico Carter Jr.,DePaul,71469,6-2,"6'2""",74.0,74.55,"6'3""",0.55,plays_at_height,74.55,"6'3""",0.55,plays_at_height
2024,Bryan Greenlee,Florida Atlantic,71470,6-0,"6'0""",72.0,74.59,"6'3""",2.59,plays_taller,74.59,"6'3""",2.59,plays_taller
2024,Tyrese Samuel,Florida,71471,6-10,"6'10""",82.0,83.04,"6'11""",1.04,plays_taller,83.04,"6'11""",1.04,plays_taller
2024,Connor Withers,Bryant,71473,6-8,"6'8""",80.0,78.16,"6'6""",-1.84,plays_shorter,78.16,"6'6""",-1.84,plays_shorter
2024,Aaron Deloney,Vermont,71475,6-0,"6'0""",72.0,75.0,"6'3""",3.0,plays_taller,75.0,"6'3""",3.0,plays_taller
2024,Jake van der Heijden,North Florida,71481,6-8,"6'8""",80.0,76.1,"6'4""",-3.9,plays_shorter,76.1,"6'4""",-3.9,plays_shorter
2024,Alex Timmerman,Winthrop,71483,6-10,"6'10""",82.0,77.45,"6'5""",-4.55,plays_shorter,77.45,"6'5""",-4.55,plays_shorter
2024,Da'Shawn Phillip,Bowling Green,71484,6-5,"6'5""",77.0,76.87,"6'5""",-0.13,plays_at_height,76.87,"6'5""",-0.13,plays_at_height
2024,Kevon Voyles,Marshall,71485,6-3,"6'3""",75.0,75.6,"6'4""",0.6,plays_at_height,75.6,"6'4""",0.6,plays_at_height
2024,Paul Mulcahy,Washington,71486,6-6,"6'6""",78.0,75.79,"6'4""",-2.21,plays_shorter,75.79,"6'4""",-2.21,plays_shorter
2024,Jovan Blacksher Jr.,Grand Canyon,71489,5-11,"5'11""",71.0,73.97,"6'2""",2.97,plays_taller,73.97,"6'2""",2.97,plays_taller
2024,Caleb Hunter,Mercer,71500,5-10,"5'10""",70.0,74.97,"6'3""",4.97,plays_taller,74.97,"6'3""",4.97,plays_taller
2024,Zahad Munford,Grambling St.,71503,6-3,"6'3""",75.0,75.71,"6'4""",0.71,plays_at_height,75.71,"6'4""",0.71,plays_at_height
2024,Tra'Michael Moton,Grambling St.,71504,6-1,"6'1""",73.0,75.09,"6'3""",2.09,plays_taller,75.09,"6'3""",2.09,plays_taller
2024,Cameron Brown,Saint Joseph's,71508,6-6,"6'6""",78.0,76.46,"6'4""",-1.54,plays_shorter,76.46,"6'4""",-1.54,plays_shorter
2024,Elijah Pepper,UC Davis,71514,6-4,"6'4""",76.0,75.89,"6'4""",-0.11,plays_at_height,75.89,"6'4""",-0.11,plays_at_height
2024,Jordan Rawls,New Mexico St.,71517,6-2,"6'2""",74.0,74.16,"6'2""",0.16,plays_at_height,74.16,"6'2""",0.16,plays_at_height
2024,John Tonje,Missouri,71519,6-6,"6'6""",78.0,75.51,"6'4""",-2.49,plays_shorter,75.51,"6'4""",-2.49,plays_shorter
2024,Rudy Fitzgibbons III,Chattanooga,71521,6-0,"6'0""",72.0,75.84,"6'4""",3.84,plays_taller,75.84,"6'4""",3.84,plays_taller
2024,Fletcher Abee,UNC Asheville,71524,6-4,"6'4""",76.0,73.23,"6'1""",-2.77,plays_shorter,73.23,"6'1""",-2.77,plays_shorter
2024,Roscoe Eastmond,Southeastern Louisiana,71526,5-9,"5'9""",69.0,73.44,"6'1""",4.44,plays_taller,73.44,"6'1""",4.44,plays_taller
2024,Mo Arnold,Southern Miss,71527,6-1,"6'1""",73.0,74.68,"6'3""",1.68,plays_taller,74.68,"6'3""",1.68,plays_taller
2024,Caleb Grill,Missouri,71528,6-3,"6'3""",75.0,78.75,"6'7""",3.75,plays_taller,78.75,"6'7""",3.75,plays_taller
2024,Brendan McGuire,Sacred Heart,71539,6-7,"6'7""",79.0,76.0,"6'4""",-3.0,plays_shorter,76.0,"6'4""",-3.0,plays_shorter
2024,RaeQuan Battle,West Virginia,71543,6-5,"6'5""",77.0,77.97,"6'6""",0.97,plays_taller,77.97,"6'6""",0.97,plays_taller
2024,Thatcher Stone,Stonehill,71546,6-6,"6'6""",78.0,77.15,"6'5""",-0.85,plays_shorter,77.15,"6'5""",-0.85,plays_shorter
2024,Xavier Cork,TCU,71547,6-9,"6'9""",81.0,79.72,"6'8""",-1.28,plays_shorter,79.72,"6'8""",-1.28,plays_shorter
2024,Bernardo da Silva,Hawaii,71551,6-9,"6'9""",81.0,80.83,"6'9""",-0.17,plays_at_height,80.83,"6'9""",-0.17,plays_at_height
2024,Isaiah Ihnen,Minnesota,71553,6-9,"6'9""",81.0,78.36,"6'6""",-2.64,plays_shorter,78.36,"6'6""",-2.64,plays_shorter
2024,Malcolm Dandridge,Memphis,71557,6-9,"6'9""",81.0,82.72,"6'11""",1.72,plays_taller,82.72,"6'11""",1.72,plays_taller
2024,Lucas Stieber,Gardner Webb,71564,6-3,"6'3""",75.0,76.44,"6'4""",1.44,plays_taller,76.44,"6'4""",1.44,plays_taller
2024,Jordan Dingle,St. John's,71568,6-3,"6'3""",75.0,75.98,"6'4""",0.98,plays_taller,75.98,"6'4""",0.98,plays_taller
2024,Keegan Records,Colgate,71569,6-10,"6'10""",82.0,80.57,"6'9""",-1.43,plays_shorter,80.57,"6'9""",-1.43,plays_shorter
2024,Max Lorca-Lloyd,UMBC,71573,6-9,"6'9""",81.0,81.4,"6'9""",0.4,plays_at_height,81.4,"6'9""",0.4,plays_at_height
2024,Lucas Monroe,Drexel,71574,6-6,"6'6""",78.0,79.48,"6'7""",1.48,plays_taller,79.48,"6'7""",1.48,plays_taller
2024,Moulaye Sissoko,North Texas,71575,6-9,"6'9""",81.0,79.51,"6'8""",-1.49,plays_shorter,79.51,"6'8""",-1.49,plays_shorter
2024,Quinten Post,Boston College,71576,7-0,"7'0""",84.0,81.38,"6'9""",-2.62,plays_shorter,81.38,"6'9""",-2.62,plays_shorter
2024,Tyson Jackson,New Orleans,71577,6-9,"6'9""",81.0,78.4,"6'6""",-2.6,plays_shorter,78.4,"6'6""",-2.6,plays_shorter
2024,Golden Dike,Loyola MD,71581,6-10,"6'10""",82.0,80.48,"6'8""",-1.52,plays_shorter,80.48,"6'8""",-1.52,plays_shorter
2024,Quincy Olivari,Xavier,71597,6-3,"6'3""",75.0,77.09,"6'5""",2.09,plays_taller,77.09,"6'5""",2.09,plays_taller
2024,Jan Zidek,Chattanooga,71599,6-9,"6'9""",81.0,75.89,"6'4""",-5.11,plays_shorter,75.89,"6'4""",-5.11,plays_shorter
2024,Owen McCormack,Lipscomb,71606,6-9,"6'9""",81.0,78.35,"6'6""",-2.65,plays_shorter,78.35,"6'6""",-2.65,plays_shorter
2024,Tommy Bruner,Denver,71610,6-1,"6'1""",73.0,74.37,"6'2""",1.37,plays_taller,74.37,"6'2""",1.37,plays_taller
2024,Khydarius Smith,UMBC,71613,6-8,"6'8""",80.0,78.97,"6'7""",-1.03,plays_shorter,78.97,"6'7""",-1.03,plays_shorter
2024,Damari Monsanto,Wake Forest,71616,6-6,"6'6""",78.0,74.78,"6'3""",-3.22,plays_shorter,74.78,"6'3""",-3.22,plays_shorter
2024,Tristen Newton,Connecticut,71620,6-5,"6'5""",77.0,78.34,"6'6""",1.34,plays_taller,78.34,"6'6""",1.34,plays_taller
2024,Brandon Suggs,New Mexico St.,71623,6-6,"6'6""",78.0,76.67,"6'5""",-1.33,plays_shorter,76.67,"6'5""",-1.33,plays_shorter
2024,Ben Hendriks,Ball St.,71626,6-10,"6'10""",82.0,79.1,"6'7""",-2.9,plays_shorter,79.1,"6'7""",-2.9,plays_shorter
2024,Nick Johnson,Winthrop,71627,6-4,"6'4""",76.0,76.61,"6'5""",0.61,plays_at_height,76.61,"6'5""",0.61,plays_at_height
2024,Trevin Dorius,Utah Valley,71630,7-0,"7'0""",84.0,83.49,"6'11""",-0.51,plays_at_height,83.49,"6'11""",-0.51,plays_at_height
2024,Jake Groves,Virginia,71631,6-9,"6'9""",81.0,76.05,"6'4""",-4.95,plays_shorter,76.05,"6'4""",-4.95,plays_shorter
2024,B. Artis White,Western Michigan,71633,5-10,"5'10""",70.0,74.12,"6'2""",4.12,plays_taller,74.12,"6'2""",4.12,plays_taller
2024,J'Wan Roberts,Houston,71637,6-7,"6'7""",79.0,81.97,"6'10""",2.97,plays_taller,81.97,"6'10""",2.97,plays_taller
2024,D.J. Jeffries,Mississippi St.,71638,6-7,"6'7""",79.0,79.35,"6'7""",0.35,plays_at_height,79.35,"6'7""",0.35,plays_at_height
2024,Akrum Ahemed,UNC Greensboro,71640,6-3,"6'3""",75.0,74.69,"6'3""",-0.31,plays_at_height,74.69,"6'3""",-0.31,plays_at_height
2024,Jake Kyman,Eastern Washington,71642,6-7,"6'7""",79.0,75.38,"6'3""",-3.62,plays_shorter,75.38,"6'3""",-3.62,plays_shorter
2024,Drew Lowder,Cleveland St.,71643,5-11,"5'11""",71.0,73.81,"6'2""",2.81,plays_taller,73.81,"6'2""",2.81,plays_taller
2024,Russell Jones Jr,Western Carolina,71645,5-8,"5'8""",68.0,74.26,"6'2""",6.26,plays_taller,74.26,"6'2""",6.26,plays_taller
2024,Luke Sutherland,Le Moyne,71652,6-7,"6'7""",79.0,78.03,"6'6""",-0.97,plays_shorter,78.03,"6'6""",-0.97,plays_shorter
2024,Isaiah Gross,Coppin St.,71656,6-4,"6'4""",76.0,74.26,"6'2""",-1.74,plays_shorter,74.26,"6'2""",-1.74,plays_shorter
2024,Jon Dos Anjos,UTEP,71658,6-8,"6'8""",80.0,76.24,"6'4""",-3.76,plays_shorter,76.24,"6'4""",-3.76,plays_shorter
2024,Jordan Brinson,Cal St. Northridge,71663,6-2,"6'2""",74.0,77.12,"6'5""",3.12,plays_taller,77.12,"6'5""",3.12,plays_taller
2024,Hason Ward,Iowa St.,71667,6-9,"6'9""",81.0,84.55,"7'1""",3.55,plays_taller,84.55,"7'1""",3.55,plays_taller
2024,John-Michael Wright,Oklahoma St.,71672,6-1,"6'1""",73.0,74.84,"6'3""",1.84,plays_taller,74.84,"6'3""",1.84,plays_taller
2024,Brenden Tucker,Georgia St.,71673,6-3,"6'3""",75.0,75.43,"6'3""",0.43,plays_at_height,75.43,"6'3""",0.43,plays_at_height
2024,Trevon Reddish-Rhone,Presbyterian,71674,6-4,"6'4""",76.0,77.44,"6'5""",1.44,plays_taller,77.44,"6'5""",1.44,plays_taller
2024,Dan Petcash,Binghamton,71675,6-4,"6'4""",76.0,76.57,"6'5""",0.57,plays_at_height,76.57,"6'5""",0.57,plays_at_height
2024,Justin Moore,Villanova,71676,6-5,"6'5""",77.0,76.76,"6'5""",-0.24,plays_at_height,76.76,"6'5""",-0.24,plays_at_height
2024,Lok Wur,Grand Canyon,71680,6-9,"6'9""",81.0,79.9,"6'8""",-1.1,plays_shorter,79.9,"6'8""",-1.1,plays_shorter
2024,C.J. Walker,UCF,71681,6-8,"6'8""",80.0,78.76,"6'7""",-1.24,plays_shorter,78.76,"6'7""",-1.24,plays_shorter
2024,Chandler Lawson,Arkansas,71682,5-10,"5'10""",70.0,79.53,"6'8""",9.53,plays_taller,79.53,"6'8""",9.53,plays_taller
2024,Boo Buie,Northwestern,71683,6-2,"6'2""",74.0,75.17,"6'3""",1.17,plays_taller,75.17,"6'3""",1.17,plays_taller
2024,Christian Ray,Delaware,71684,6-6,"6'6""",78.0,80.08,"6'8""",2.08,plays_taller,80.08,"6'8""",2.08,plays_taller
2024,Noah Carter,Missouri,71690,6-6,"6'6""",78.0,78.19,"6'6""",0.19,plays_at_height,78.19,"6'6""",0.19,plays_at_height
2024,Adam Cisse,Maine,71692,6-10,"6'10""",82.0,81.5,"6'9""",-0.5,plays_at_height,81.5,"6'9""",-0.5,plays_at_height
2024,Cyrus Largie,Florida Gulf Coast,71700,6-3,"6'3""",75.0,77.69,"6'6""",2.69,plays_taller,77.69,"6'6""",2.69,plays_taller
2024,Tre Williams,Duquesne,71704,6-7,"6'7""",79.0,78.53,"6'7""",-0.47,plays_at_height,78.53,"6'7""",-0.47,plays_at_height
2024,Paxson Wojcik,North Carolina,71707,6-5,"6'5""",77.0,75.53,"6'4""",-1.47,plays_shorter,75.53,"6'4""",-1.47,plays_shorter
2024,E.J. Bellinger,Tennessee St.,71710,6-4,"6'4""",76.0,77.76,"6'6""",1.76,plays_taller,77.76,"6'6""",1.76,plays_taller
2024,Avery Felts,Arkansas St.,71711,6-2,"6'2""",74.0,74.72,"6'3""",0.72,plays_at_height,74.72,"6'3""",0.72,plays_at_height
2024,Tray Jackson,Michigan,71715,6-10,"6'10""",82.0,77.9,"6'6""",-4.1,plays_shorter,77.9,"6'6""",-4.1,plays_shorter
2024,Joe Pridgen,Northeastern,71718,6-5,"6'5""",77.0,78.16,"6'6""",1.16,plays_taller,78.16,"6'6""",1.16,plays_taller
2024,Tyson Walker,Michigan St.,71731,6-1,"6'1""",73.0,76.62,"6'5""",3.62,plays_taller,76.62,"6'5""",3.62,plays_taller
2024,Dakota Rivers,Florida Gulf Coast,71732,6-8,"6'8""",80.0,81.98,"6'10""",1.98,plays_taller,81.98,"6'10""",1.98,plays_taller
2024,Qwanzi Samuels,IU Indy,71733,6-9,"6'9""",81.0,78.76,"6'7""",-2.24,plays_shorter,78.76,"6'7""",-2.24,plays_shorter
2024,Brycen Goodine,Fairfield,71735,6-4,"6'4""",76.0,76.49,"6'4""",0.49,plays_at_height,76.49,"6'4""",0.49,plays_at_height
2024,Quincy Guerrier,Illinois,71736,6-8,"6'8""",80.0,79.97,"6'8""",-0.03,plays_at_height,79.97,"6'8""",-0.03,plays_at_height
2024,Joseph Girard III,Clemson,71737,6-2,"6'2""",74.0,75.0,"6'3""",1.0,plays_taller,75.0,"6'3""",1.0,plays_taller
2024,Chase Adams,Jackson St.,71741,5-8,"5'8""",68.0,74.29,"6'2""",6.29,plays_taller,74.29,"6'2""",6.29,plays_taller
2024,Jesse Edwards,West Virginia,71748,6-11,"6'11""",83.0,84.02,"7'0""",1.02,plays_taller,84.02,"7'0""",1.02,plays_taller
2024,Max Abmas,Texas,71751,6-0,"6'0""",72.0,75.19,"6'3""",3.19,plays_taller,75.19,"6'3""",3.19,plays_taller
2024,Sean Houpt,William & Mary,71756,6-4,"6'4""",76.0,74.26,"6'2""",-1.74,plays_shorter,74.26,"6'2""",-1.74,plays_shorter
2024,DJ Brewton,Cal St. Fullerton,71761,6-3,"6'3""",75.0,77.09,"6'5""",2.09,plays_taller,77.09,"6'5""",2.09,plays_taller
2024,Michael Shanks,Tennessee St.,71766,6-6,"6'6""",78.0,76.13,"6'4""",-1.87,plays_shorter,76.13,"6'4""",-1.87,plays_shorter
2024,Sam Hofman,Temple,71767,6-5,"6'5""",77.0,75.69,"6'4""",-1.31,plays_shorter,75.69,"6'4""",-1.31,plays_shorter
2024,DeAntoni Gordon,Little Rock,71769,6-8,"6'8""",80.0,78.47,"6'6""",-1.53,plays_shorter,78.47,"6'6""",-1.53,plays_shorter
2024,Darin Green Jr.,Florida St.,71771,6-5,"6'5""",77.0,76.49,"6'4""",-0.51,plays_at_height,76.49,"6'4""",-0.51,plays_at_height
2024,T.J. Bickerstaff,James Madison,71777,6-9,"6'9""",81.0,82.22,"6'10""",1.22,plays_taller,82.22,"6'10""",1.22,plays_taller
2024,Mate Okros,Drexel,71778,6-6,"6'6""",78.0,75.4,"6'3""",-2.6,plays_shorter,75.4,"6'3""",-2.6,plays_shorter
2024,Hunter McIntosh,Nevada,71782,6-3,"6'3""",75.0,74.0,"6'2""",-1.0,plays_shorter,74.0,"6'2""",-1.0,plays_shorter
2024,Patrick McCaffery,Iowa,71786,6-9,"6'9""",81.0,76.85,"6'5""",-4.15,plays_shorter,76.85,"6'5""",-4.15,plays_shorter
2024,Owen McGlashan,Sam Houston St.,71787,6-7,"6'7""",79.0,76.69,"6'5""",-2.31,plays_shorter,76.69,"6'5""",-2.31,plays_shorter
2024,Essam Mostafa,TCU,71790,6-9,"6'9""",81.0,80.71,"6'9""",-0.29,plays_at_height,80.71,"6'9""",-0.29,plays_at_height
2024,Hosana Kitenge,Louisiana,71791,6-8,"6'8""",80.0,80.24,"6'8""",0.24,plays_at_height,80.24,"6'8""",0.24,plays_at_height
2024,Jalen Hawkins,Alcorn St.,71798,6-4,"6'4""",76.0,74.86,"6'3""",-1.14,plays_shorter,74.86,"6'3""",-1.14,plays_shorter
2024,Cam Spencer,Connecticut,71803,6-4,"6'4""",76.0,76.43,"6'4""",0.43,plays_at_height,76.43,"6'4""",0.43,plays_at_height
2024,Brendan Wenzel,Wyoming,71806,6-7,"6'7""",79.0,76.69,"6'5""",-2.31,plays_shorter,76.69,"6'5""",-2.31,plays_shorter
2024,Branden Carlson,Utah,71808,7-0,"7'0""",84.0,81.5,"6'10""",-2.5,plays_shorter,81.5,"6'10""",-2.5,plays_shorter
2024,Perry Cowan,Manhattan,71809,6-4,"6'4""",76.0,75.68,"6'4""",-0.32,plays_at_height,75.68,"6'4""",-0.32,plays_at_height
2024,Eric Coleman,Alabama St.,71814,6-8,"6'8""",80.0,75.85,"6'4""",-4.15,plays_shorter,75.85,"6'4""",-4.15,plays_shorter
2024,Alonzo Gaffney,Arizona St.,71816,6-9,"6'9""",81.0,78.77,"6'7""",-2.23,plays_shorter,78.77,"6'7""",-2.23,plays_shorter
2024,Eric Dixon,Villanova,71817,6-8,"6'8""",80.0,79.15,"6'7""",-0.85,plays_shorter,79.15,"6'7""",-0.85,plays_shorter
2024,Enrique Freeman,Akron,71820,6-7,"6'7""",79.0,84.94,"7'1""",5.94,plays_taller,84.94,"7'1""",5.94,plays_taller
2024,Khristion Courseault,UMKC,71821,6-2,"6'2""",74.0,75.97,"6'4""",1.97,plays_taller,75.97,"6'4""",1.97,plays_taller
2024,Ta'Lon Cooper,South Carolina,71823,6-4,"6'4""",76.0,76.88,"6'5""",0.88,plays_taller,76.88,"6'5""",0.88,plays_taller
2024,Tyzhaun Claude,Georgia Tech,71830,6-7,"6'7""",79.0,80.9,"6'9""",1.9,plays_taller,80.9,"6'9""",1.9,plays_taller
2024,Kwane Marble II,Niagara,71833,6-5,"6'5""",77.0,77.55,"6'6""",0.55,plays_at_height,77.55,"6'6""",0.55,plays_at_height
2024,Alec Woodard,Southeastern Louisiana,71838,6-2,"6'2""",74.0,75.49,"6'3""",1.49,plays_taller,75.49,"6'3""",1.49,plays_taller
2024,Olivier Nkamhoua,Michigan,71843,6-9,"6'9""",81.0,79.49,"6'7""",-1.51,plays_shorter,79.49,"6'7""",-1.51,plays_shorter
2024,Allan Jeanne-Rose,Central Connecticut,71852,6-7,"6'7""",79.0,78.74,"6'7""",-0.26,plays_at_height,78.74,"6'7""",-0.26,plays_at_height
2024,George Tinsley,Mount St. Mary's,71855,6-6,"6'6""",78.0,77.21,"6'5""",-0.79,plays_shorter,77.21,"6'5""",-0.79,plays_shorter
2024,Jordan Hairston,Howard,71856,6-0,"6'0""",72.0,74.68,"6'3""",2.68,plays_taller,74.68,"6'3""",2.68,plays_taller
2024,Joel Brown,Iona,71859,6-2,"6'2""",74.0,77.11,"6'5""",3.11,plays_taller,77.11,"6'5""",3.11,plays_taller
2024,Kenan Blackshear,Nevada,71863,6-6,"6'6""",78.0,78.36,"6'6""",0.36,plays_at_height,78.36,"6'6""",0.36,plays_at_height
2024,Ticket Gaines,Providence,71865,6-7,"6'7""",79.0,77.93,"6'6""",-1.07,plays_shorter,77.93,"6'6""",-1.07,plays_shorter
2024,Hunter Dean,LSU,71870,6-10,"6'10""",82.0,80.3,"6'8""",-1.7,plays_shorter,80.3,"6'8""",-1.7,plays_shorter
2024,Jaykwon Walton,Memphis,71878,6-7,"6'7""",79.0,76.65,"6'5""",-2.35,plays_shorter,76.65,"6'5""",-2.35,plays_shorter
2024,Rodney Howard,Western Kentucky,71880,6-11,"6'11""",83.0,79.48,"6'7""",-3.52,plays_shorter,79.48,"6'7""",-3.52,plays_shorter
2024,Casey Morsell,N.C. State,71882,6-3,"6'3""",75.0,77.15,"6'5""",2.15,plays_taller,77.15,"6'5""",2.15,plays_taller
2024,Ebby Asamoah,East Tennessee St.,71884,6-5,"6'5""",77.0,76.85,"6'5""",-0.15,plays_at_height,76.85,"6'5""",-0.15,plays_at_height
2024,Harlond Beverly,Wichita St.,71885,6-5,"6'5""",77.0,78.09,"6'6""",1.09,plays_taller,78.09,"6'6""",1.09,plays_taller
2024,Tyler Robertson,Portland,71886,6-6,"6'6""",78.0,75.47,"6'3""",-2.53,plays_shorter,75.47,"6'3""",-2.53,plays_shorter
2024,Kevin Easley,Coastal Carolina,71887,6-7,"6'7""",79.0,77.68,"6'6""",-1.32,plays_shorter,77.68,"6'6""",-1.32,plays_shorter
2024,Sammy Hunter,Akron,71891,6-9,"6'9""",81.0,76.62,"6'5""",-4.38,plays_shorter,76.62,"6'5""",-4.38,plays_shorter
2024,Will Baker,LSU,71904,7-0,"7'0""",84.0,79.36,"6'7""",-4.64,plays_shorter,79.36,"6'7""",-4.64,plays_shorter
2024,Shereef Mitchell,Ohio,71912,6-1,"6'1""",73.0,76.12,"6'4""",3.12,plays_taller,76.12,"6'4""",3.12,plays_taller
2024,Eddie Turner III,Montana St.,71916,6-2,"6'2""",74.0,74.59,"6'3""",0.59,plays_at_height,74.59,"6'3""",0.59,plays_at_height
2024,Joel Soriano,St. John's,71918,6-11,"6'11""",83.0,83.96,"7'0""",0.96,plays_taller,83.96,"7'0""",0.96,plays_taller
2024,DJ Horne,N.C. State,71919,6-2,"6'2""",74.0,76.09,"6'4""",2.09,plays_taller,76.09,"6'4""",2.09,plays_taller
2024,Tristan Enaruna,Cleveland St.,71923,6-8,"6'8""",80.0,79.89,"6'8""",-0.11,plays_at_height,79.89,"6'8""",-0.11,plays_at_height
2024,Dae Dae Grant,Duquesne,71926,6-2,"6'2""",74.0,74.87,"6'3""",0.87,plays_taller,74.87,"6'3""",0.87,plays_taller
2024,PJ Henry,Texas Southern,71928,5-10,"5'10""",70.0,74.82,"6'3""",4.82,plays_taller,74.82,"6'3""",4.82,plays_taller
2024,Joe Toussaint,Texas Tech,71933,6-0,"6'0""",72.0,75.21,"6'3""",3.21,plays_taller,75.21,"6'3""",3.21,plays_taller
2024,Collin Cooper,Eastern Kentucky,71937,6-2,"6'2""",74.0,74.27,"6'2""",0.27,plays_at_height,74.27,"6'2""",0.27,plays_at_height
2024,Derrick Carter-Hollinger Jr.,Bethune Cookman,71939,6-6,"6'6""",78.0,79.39,"6'7""",1.39,plays_taller,79.39,"6'7""",1.39,plays_taller
2024,Tariq Ingraham,Rider,71940,6-9,"6'9""",81.0,79.71,"6'8""",-1.29,plays_shorter,79.71,"6'8""",-1.29,plays_shorter
2024,Dischon Thomas,Montana,71941,6-9,"6'9""",81.0,78.54,"6'7""",-2.46,plays_shorter,78.54,"6'7""",-2.46,plays_shorter
2024,DQ Nicholas,Gardner Webb,71943,6-1,"6'1""",73.0,76.58,"6'5""",3.58,plays_taller,76.58,"6'5""",3.58,plays_taller
2024,Steve Settle III,Temple,71952,6-10,"6'10""",82.0,78.64,"6'7""",-3.36,plays_shorter,78.64,"6'7""",-3.36,plays_shorter
2024,Wayne Bristol Jr.,Georgetown,71954,6-6,"6'6""",78.0,77.81,"6'6""",-0.19,plays_at_height,77.81,"6'6""",-0.19,plays_at_height
2024,Jahmir Young,Maryland,71963,6-1,"6'1""",73.0,77.13,"6'5""",4.13,plays_taller,77.13,"6'5""",4.13,plays_taller
2024,Caleb Stone-Carrawell,Utah Valley,71964,6-7,"6'7""",79.0,76.3,"6'4""",-2.7,plays_shorter,76.3,"6'4""",-2.7,plays_shorter
2024,Isiah Kirby,Portland St.,71967,6-4,"6'4""",76.0,74.87,"6'3""",-1.13,plays_shorter,74.87,"6'3""",-1.13,plays_shorter
2024,Ahmard Harvey,UNC Wilmington,71968,6-7,"6'7""",79.0,79.33,"6'7""",0.33,plays_at_height,79.33,"6'7""",0.33,plays_at_height
2024,Jalen Benjamin,Santa Clara,71973,5-11,"5'11""",71.0,74.51,"6'3""",3.51,plays_taller,74.51,"6'3""",3.51,plays_taller
2024,Tyler Harris,Richmond,71975,6-7,"6'7""",79.0,77.47,"6'5""",-1.53,plays_shorter,77.47,"6'5""",-1.53,plays_shorter
2024,Ahmir Langlais,USC Upstate,71978,6-9,"6'9""",81.0,80.04,"6'8""",-0.96,plays_shorter,80.04,"6'8""",-0.96,plays_shorter
2024,Greg Dolan,Loyola Chicago,71979,6-4,"6'4""",76.0,75.05,"6'3""",-0.95,plays_shorter,75.05,"6'3""",-0.95,plays_shorter
2024,Marcus Tsohonis,Long Beach St.,71982,6-3,"6'3""",75.0,75.0,"6'3""",-0.0,plays_at_height,75.0,"6'3""",-0.0,plays_at_height
2024,Pierre Crockrell II,UC Irvine,71987,6-0,"6'0""",72.0,74.19,"6'2""",2.19,plays_taller,74.19,"6'2""",2.19,plays_taller
2024,Cameron Tucker,Alabama A&M,71988,6-1,"6'1""",73.0,76.04,"6'4""",3.04,plays_taller,76.04,"6'4""",3.04,plays_taller
2024,Kamdyn Curfman,Marshall,71989,6-1,"6'1""",73.0,73.88,"6'2""",0.88,plays_taller,73.88,"6'2""",0.88,plays_taller
2024,Jalen Johnson,Grambling St.,71990,6-8,"6'8""",80.0,77.85,"6'6""",-2.15,plays_shorter,77.85,"6'6""",-2.15,plays_shorter
2024,Tory San Antonio,Cal St. Fullerton,71995,6-3,"6'3""",75.0,75.91,"6'4""",0.91,plays_taller,75.91,"6'4""",0.91,plays_taller
2024,Baylor Scheierman,Creighton,71996,6-7,"6'7""",79.0,78.32,"6'6""",-0.68,plays_at_height,78.32,"6'6""",-0.68,plays_at_height
2024,RayJ Dennis,Baylor,71997,6-2,"6'2""",74.0,76.67,"6'5""",2.67,plays_taller,76.67,"6'5""",2.67,plays_taller
2024,Noah Freidel,James Madison,71998,6-4,"6'4""",76.0,77.49,"6'5""",1.49,plays_taller,77.49,"6'5""",1.49,plays_taller
2024,Josiah-Jordan James,Tennessee,71999,6-7,"6'7""",79.0,78.81,"6'7""",-0.19,plays_at_height,78.81,"6'7""",-0.19,plays_at_height
2024,Drew Pember,UNC Asheville,72001,6-11,"6'11""",83.0,81.49,"6'9""",-1.51,plays_shorter,81.49,"6'9""",-1.51,plays_shorter
2024,Chris Maidoh,Stony Brook,72004,6-10,"6'10""",82.0,81.69,"6'10""",-0.31,plays_at_height,81.69,"6'10""",-0.31,plays_at_height
2024,Airion Simmons,Abilene Christian,72006,6-5,"6'5""",77.0,78.82,"6'7""",1.82,plays_taller,78.82,"6'7""",1.82,plays_taller
2024,Nathan Johnson,Samford,72008,6-7,"6'7""",79.0,75.78,"6'4""",-3.22,plays_shorter,75.78,"6'4""",-3.22,plays_shorter
2024,Ben Krikke,Iowa,72009,6-9,"6'9""",81.0,77.96,"6'6""",-3.04,plays_shorter,77.96,"6'6""",-3.04,plays_shorter
2024,Jared Barnett,Cal St. Northridge,72018,6-1,"6'1""",73.0,75.11,"6'3""",2.11,plays_taller,75.11,"6'3""",2.11,plays_taller
2024,Tanner Holden,Wright St.,72021,6-6,"6'6""",78.0,79.26,"6'7""",1.26,plays_taller,79.26,"6'7""",1.26,plays_taller
2024,Bryson Langdon,Youngstown St.,72026,5-9,"5'9""",69.0,74.46,"6'2""",5.46,plays_taller,74.46,"6'2""",5.46,plays_taller
2024,Sam Griffin,Wyoming,72035,6-3,"6'3""",75.0,75.82,"6'4""",0.82,plays_taller,75.82,"6'4""",0.82,plays_taller
2024,Sean Bairstow,VCU,72045,6-8,"6'8""",80.0,76.77,"6'5""",-3.23,plays_shorter,76.77,"6'5""",-3.23,plays_shorter
2024,John Olmsted,Montana St.,72047,6-10,"6'10""",82.0,78.27,"6'6""",-3.73,plays_shorter,78.27,"6'6""",-3.73,plays_shorter
2024,Antavion Collum,McNeese St.,72049,6-9,"6'9""",81.0,77.5,"6'5""",-3.5,plays_shorter,77.5,"6'5""",-3.5,plays_shorter
2024,Mason Gillis,Purdue,72052,6-6,"6'6""",78.0,76.82,"6'5""",-1.18,plays_shorter,76.82,"6'5""",-1.18,plays_shorter
2024,Malik Battle,Coppin St.,72062,6-3,"6'3""",75.0,73.91,"6'2""",-1.09,plays_shorter,73.91,"6'2""",-1.09,plays_shorter
2024,Charlie Easley,South Dakota St.,72070,6-2,"6'2""",74.0,76.1,"6'4""",2.1,plays_taller,76.1,"6'4""",2.1,plays_taller
2024,Carlos Marshall Jr.,Santa Clara,72075,6-6,"6'6""",78.0,76.28,"6'4""",-1.72,plays_shorter,76.28,"6'4""",-1.72,plays_shorter
2024,Issac McBride,Oral Roberts,72080,6-1,"6'1""",73.0,75.43,"6'3""",2.43,plays_taller,75.43,"6'3""",2.43,plays_taller
2024,KJ Johnson,North Alabama,72083,6-3,"6'3""",75.0,75.95,"6'4""",0.95,plays_taller,75.95,"6'4""",0.95,plays_taller
2024,Xavier Johnson,Southern Illinois,72085,6-1,"6'1""",73.0,75.92,"6'4""",2.92,plays_taller,75.92,"6'4""",2.92,plays_taller
2024,Tre Breland,Central Connecticut,72108,6-4,"6'4""",76.0,77.31,"6'5""",1.31,plays_taller,77.31,"6'5""",1.31,plays_taller
2024,Qudus Wahab,Penn St.,72111,6-11,"6'11""",83.0,82.56,"6'11""",-0.44,plays_at_height,82.56,"6'11""",-0.44,plays_at_height
2024,Malcolm Wilson,Queens,72115,7-0,"7'0""",84.0,81.73,"6'10""",-2.27,plays_shorter,81.73,"6'10""",-2.27,plays_shorter
2024,Jordan Johnson,New Orleans,72134,6-1,"6'1""",73.0,74.53,"6'3""",1.53,plays_taller,74.53,"6'3""",1.53,plays_taller
2024,Omari Peek,Alabama A&M,72148,6-6,"6'6""",78.0,75.65,"6'4""",-2.35,plays_shorter,75.65,"6'4""",-2.35,plays_shorter
2024,Mikal Dawson,Akron,72203,6-5,"6'5""",77.0,75.38,"6'3""",-1.62,plays_shorter,75.38,"6'3""",-1.62,plays_shorter
2024,Santiago Vescovi,Tennessee,72205,6-3,"6'3""",75.0,76.0,"6'4""",1.0,plays_taller,76.0,"6'4""",1.0,plays_taller
2024,Chris Moore,Auburn,72228,6-6,"6'6""",78.0,77.16,"6'5""",-0.84,plays_shorter,77.16,"6'5""",-0.84,plays_shorter
2024,Marcus Dockery,Howard,72231,6-2,"6'2""",74.0,74.2,"6'2""",0.2,plays_at_height,74.2,"6'2""",0.2,plays_at_height
2024,Nico Galette,Sacred Heart,72232,6-6,"6'6""",78.0,79.07,"6'7""",1.07,plays_taller,79.07,"6'7""",1.07,plays_taller
2024,Fidelis Okereke,Cal St. Bakersfield,72234,6-6,"6'6""",78.0,79.39,"6'7""",1.39,plays_taller,79.39,"6'7""",1.39,plays_taller
2024,Mwani Wilkinson,LSU,72235,6-5,"6'5""",77.0,76.5,"6'4""",-0.5,plays_at_height,76.5,"6'4""",-0.5,plays_at_height
2024,DJ Davis,Butler,72240,6-1,"6'1""",73.0,75.39,"6'3""",2.39,plays_taller,75.39,"6'3""",2.39,plays_taller
2024,Josh Ogundele,Middle Tennessee,72241,6-11,"6'11""",83.0,78.96,"6'7""",-4.04,plays_shorter,78.96,"6'7""",-4.04,plays_shorter
2024,Laurynas Vaistaras,Campbell,72244,6-6,"6'6""",78.0,77.47,"6'5""",-0.53,plays_at_height,77.47,"6'5""",-0.53,plays_at_height
2024,Jalen Brown,Pacific,72245,6-3,"6'3""",75.0,74.47,"6'2""",-0.53,plays_at_height,74.47,"6'2""",-0.53,plays_at_height
2024,Jesper Granlund,Longwood,72251,6-6,"6'6""",78.0,74.99,"6'3""",-3.01,plays_shorter,74.99,"6'3""",-3.01,plays_shorter
2024,Jahari Long,Maryland,72254,6-5,"6'5""",77.0,74.95,"6'3""",-2.05,plays_shorter,74.95,"6'3""",-2.05,plays_shorter
2024,Dylan Addae-Wusu,Seton Hall,72258,6-4,"6'4""",76.0,77.29,"6'5""",1.29,plays_taller,77.29,"6'5""",1.29,plays_taller
2024,Martaz Robinson,Delaware St.,72260,6-2,"6'2""",74.0,76.56,"6'5""",2.56,plays_taller,76.56,"6'5""",2.56,plays_taller
2024,Noel Brown,St. Bonaventure,72268,6-11,"6'11""",83.0,79.75,"6'8""",-3.25,plays_shorter,79.75,"6'8""",-3.25,plays_shorter
2024,Dillon Jones,Weber St.,72269,6-6,"6'6""",78.0,79.7,"6'8""",1.7,plays_taller,79.7,"6'8""",1.7,plays_taller
2024,Ishmael Leggett,Pittsburgh,72271,6-3,"6'3""",75.0,77.84,"6'6""",2.84,plays_taller,77.84,"6'6""",2.84,plays_taller
2024,Frank Anselem-Ibe,Georgia,72274,6-10,"6'10""",82.0,81.71,"6'10""",-0.29,plays_at_height,81.71,"6'10""",-0.29,plays_at_height
2024,Carlos Rosario,Drake,72278,6-7,"6'7""",79.0,76.41,"6'4""",-2.59,plays_shorter,76.41,"6'4""",-2.59,plays_shorter
2024,Quinlan Bennett,Western Illinois,72283,6-4,"6'4""",76.0,76.83,"6'5""",0.83,plays_taller,76.83,"6'5""",0.83,plays_taller
2024,Matthew Nicholson,Northwestern,72285,7-0,"7'0""",84.0,82.64,"6'11""",-1.36,plays_shorter,82.64,"6'11""",-1.36,plays_shorter
2024,Ricardo Wright,SMU,72287,6-4,"6'4""",76.0,75.95,"6'4""",-0.05,plays_at_height,75.95,"6'4""",-0.05,plays_at_height
2024,Javon Cooley,Marist,72291,6-5,"6'5""",77.0,78.63,"6'7""",1.63,plays_taller,78.63,"6'7""",1.63,plays_taller
2024,Viktor Lakhin,Cincinnati,72292,6-11,"6'11""",83.0,80.72,"6'9""",-2.28,plays_shorter,80.72,"6'9""",-2.28,plays_shorter
2024,Toneari Lane,Georgia St.,72294,6-5,"6'5""",77.0,74.12,"6'2""",-2.88,plays_shorter,74.12,"6'2""",-2.88,plays_shorter
2024,Kelton Talford,Winthrop,72296,6-7,"6'7""",79.0,80.35,"6'8""",1.35,plays_taller,80.35,"6'8""",1.35,plays_taller
2024,Ray Harrison,Grand Canyon,72297,6-4,"6'4""",76.0,76.01,"6'4""",0.01,plays_at_height,76.01,"6'4""",0.01,plays_at_height
2024,Trae Broadnax,USC Upstate,72299,6-4,"6'4""",76.0,76.6,"6'5""",0.6,plays_at_height,76.6,"6'5""",0.6,plays_at_height
2024,Jeremiah Williams,Rutgers,72301,6-4,"6'4""",76.0,77.56,"6'6""",1.56,plays_taller,77.56,"6'6""",1.56,plays_taller
2024,Austin Inge,Navy,72303,6-0,"6'0""",72.0,74.88,"6'3""",2.88,plays_taller,74.88,"6'3""",2.88,plays_taller
2024,Quincy Ademokoya,Kennesaw St.,72305,6-6,"6'6""",78.0,77.56,"6'6""",-0.44,plays_at_height,77.56,"6'6""",-0.44,plays_at_height
2024,Jordan Davis,Illinois St.,72306,6-4,"6'4""",76.0,77.15,"6'5""",1.15,plays_taller,77.15,"6'5""",1.15,plays_taller
2024,Nick McMullen,UNC Asheville,72309,6-8,"6'8""",80.0,79.42,"6'7""",-0.58,plays_at_height,79.42,"6'7""",-0.58,plays_at_height
2024,Connor Kochera,Davidson,72316,6-5,"6'5""",77.0,76.1,"6'4""",-0.9,plays_shorter,76.1,"6'4""",-0.9,plays_shorter
2024,Yuri Covington,UMass Lowell,72317,6-1,"6'1""",73.0,76.56,"6'5""",3.56,plays_taller,76.56,"6'5""",3.56,plays_taller
2024,Frank Staine,Stephen F. Austin,72319,6-6,"6'6""",78.0,75.28,"6'3""",-2.72,plays_shorter,75.28,"6'3""",-2.72,plays_shorter
2024,Keishon Porter,North Carolina Central,72323,6-5,"6'5""",77.0,78.13,"6'6""",1.13,plays_taller,78.13,"6'6""",1.13,plays_taller
2024,Joe Anderson,Lipscomb,72330,6-0,"6'0""",72.0,75.18,"6'3""",3.18,plays_taller,75.18,"6'3""",3.18,plays_taller
2024,Alexander Nwagha,Northeastern,72331,6-8,"6'8""",80.0,80.45,"6'8""",0.45,plays_at_height,80.45,"6'8""",0.45,plays_at_height
2024,Tristan da Silva,Colorado,72333,6-9,"6'9""",81.0,78.29,"6'6""",-2.71,plays_shorter,78.29,"6'6""",-2.71,plays_shorter
2024,Nique Clifford,Colorado St.,72334,6-6,"6'6""",78.0,81.3,"6'9""",3.3,plays_taller,81.3,"6'9""",3.3,plays_taller
2024,Alec Oglesby,Stetson,72343,6-5,"6'5""",77.0,75.61,"6'4""",-1.39,plays_shorter,75.61,"6'4""",-1.39,plays_shorter
2024,Mason Madsen,Boston College,72345,6-4,"6'4""",76.0,76.9,"6'5""",0.9,plays_taller,76.9,"6'5""",0.9,plays_taller
2024,Gabe Madsen,Utah,72346,6-6,"6'6""",78.0,76.61,"6'5""",-1.39,plays_shorter,76.61,"6'5""",-1.39,plays_shorter
2024,Jahmyl Telfort,Butler,72348,6-7,"6'7""",79.0,77.12,"6'5""",-1.88,plays_shorter,77.12,"6'5""",-1.88,plays_shorter
2024,Mike Saunders Jr.,McNeese St.,72350,6-0,"6'0""",72.0,74.95,"6'3""",2.95,plays_taller,74.95,"6'3""",2.95,plays_taller
2024,Drake Dobbs,St. Thomas,72355,6-2,"6'2""",74.0,75.3,"6'3""",1.3,plays_taller,75.3,"6'3""",1.3,plays_taller
2024,Isaiah Johnson,Portland St.,72356,6-6,"6'6""",78.0,79.64,"6'8""",1.64,plays_taller,79.64,"6'8""",1.64,plays_taller
2024,Tegra Izay,Southern Miss,72357,7-0,"7'0""",84.0,80.78,"6'9""",-3.22,plays_shorter,80.78,"6'9""",-3.22,plays_shorter
2024,Latrell Wrightsell Jr.,Alabama,72358,6-3,"6'3""",75.0,75.0,"6'3""",0.0,plays_at_height,75.0,"6'3""",0.0,plays_at_height
2024,Donovan Newby,UNC Wilmington,72361,6-1,"6'1""",73.0,75.07,"6'3""",2.07,plays_taller,75.07,"6'3""",2.07,plays_taller
2024,Cameron Steele,Abilene Christian,72364,6-8,"6'8""",80.0,77.46,"6'5""",-2.54,plays_shorter,77.46,"6'5""",-2.54,plays_shorter
2024,Keon Ambrose-Hylton,SMU,72369,6-9,"6'9""",81.0,80.96,"6'9""",-0.04,plays_at_height,80.96,"6'9""",-0.04,plays_at_height
2024,Vasja Pandza,Seattle,72370,6-8,"6'8""",80.0,75.91,"6'4""",-4.09,plays_shorter,75.91,"6'4""",-4.09,plays_shorter
2024,DeMarr Langford Jr.,UCF,72373,6-5,"6'5""",77.0,76.01,"6'4""",-0.99,plays_shorter,76.01,"6'4""",-0.99,plays_shorter
2024,Johnathan DeJurnett,Purdue Fort Wayne,72391,6-8,"6'8""",80.0,79.46,"6'7""",-0.54,plays_at_height,79.46,"6'7""",-0.54,plays_at_height
2024,Kasen Harrison,Winthrop,72397,6-2,"6'2""",74.0,76.36,"6'4""",2.36,plays_taller,76.36,"6'4""",2.36,plays_taller
2024,Isaiah Cottrell,UNLV,72399,6-11,"6'11""",83.0,78.04,"6'6""",-4.96,plays_shorter,78.04,"6'6""",-4.96,plays_shorter
2024,Jamari Sibley,Southern Utah,72409,6-8,"6'8""",80.0,77.71,"6'6""",-2.29,plays_shorter,77.71,"6'6""",-2.29,plays_shorter
2024,Jahlil White,Temple,72412,6-7,"6'7""",79.0,79.03,"6'7""",0.03,plays_at_height,79.03,"6'7""",0.03,plays_at_height
2024,Caleb Love,Arizona,72413,6-4,"6'4""",76.0,77.75,"6'6""",1.75,plays_taller,77.75,"6'6""",1.75,plays_taller
2024,Hayden Curtiss,Portland St.,72416,6-11,"6'11""",83.0,83.38,"6'11""",0.38,plays_at_height,83.38,"6'11""",0.38,plays_at_height
2024,Collin Holloway,Tulane,72417,6-6,"6'6""",78.0,77.84,"6'6""",-0.16,plays_at_height,77.84,"6'6""",-0.16,plays_at_height
2024,Coleman Hawkins,Illinois,72419,6-10,"6'10""",82.0,79.21,"6'7""",-2.79,plays_shorter,79.21,"6'7""",-2.79,plays_shorter
2024,Jackson Sivills,Wofford,72420,6-6,"6'6""",78.0,76.59,"6'5""",-1.41,plays_shorter,76.59,"6'5""",-1.41,plays_shorter
2024,Nijel Pack,Miami FL,72421,6-0,"6'0""",72.0,75.68,"6'4""",3.68,plays_taller,75.68,"6'4""",3.68,plays_taller
2024,Andre Henry,UC Irvine,72423,6-4,"6'4""",76.0,76.76,"6'5""",0.76,plays_taller,76.76,"6'5""",0.76,plays_taller
2024,Justice Hill,Loyola Marymount,72424,6-0,"6'0""",72.0,73.8,"6'2""",1.8,plays_taller,73.8,"6'2""",1.8,plays_taller
2024,Caleb Murphy,DePaul,72425,6-4,"6'4""",76.0,76.63,"6'5""",0.63,plays_at_height,76.63,"6'5""",0.63,plays_at_height
2024,Ze'Rik Onyema,Texas,72427,6-8,"6'8""",80.0,81.07,"6'9""",1.07,plays_taller,81.07,"6'9""",1.07,plays_taller
2024,Klemen Vuga,Monmouth,72434,6-9,"6'9""",81.0,77.16,"6'5""",-3.84,plays_shorter,77.16,"6'5""",-3.84,plays_shorter
2024,Giancarlo Rosado,Florida Atlantic,72438,6-8,"6'8""",80.0,78.51,"6'7""",-1.49,plays_shorter,78.51,"6'7""",-1.49,plays_shorter
2024,Winston Hill,The Citadel,72440,6-7,"6'7""",79.0,78.8,"6'7""",-0.2,plays_at_height,78.8,"6'7""",-0.2,plays_at_height
2024,Jeremy Robinson,North Carolina A&T,72441,6-6,"6'6""",78.0,76.09,"6'4""",-1.91,plays_shorter,76.09,"6'4""",-1.91,plays_shorter
2024,Detalian Brown,North Alabama,72444,6-2,"6'2""",74.0,73.78,"6'2""",-0.22,plays_at_height,73.78,"6'2""",-0.22,plays_at_height
2024,Will Soucie,North Alabama,72445,6-6,"6'6""",78.0,75.28,"6'3""",-2.72,plays_shorter,75.28,"6'3""",-2.72,plays_shorter
2024,Tahlik Chavez,Louisiana Tech,72446,6-2,"6'2""",74.0,75.7,"6'4""",1.7,plays_taller,75.7,"6'4""",1.7,plays_taller
2024,Chad Baker-Mazara,Auburn,72450,6-7,"6'7""",79.0,78.63,"6'7""",-0.37,plays_at_height,78.63,"6'7""",-0.37,plays_at_height
2024,Deivon Smith,Utah,72451,6-0,"6'0""",72.0,78.4,"6'6""",6.4,plays_taller,78.4,"6'6""",6.4,plays_taller
2024,Andersson Garcia,Texas A&M,72454,6-7,"6'7""",79.0,81.82,"6'10""",2.82,plays_taller,81.82,"6'10""",2.82,plays_taller
2024,Luis Kortright,Rhode Island,72455,6-3,"6'3""",75.0,76.25,"6'4""",1.25,plays_taller,76.25,"6'4""",1.25,plays_taller
2024,Tymu Chenery,Binghamton,72459,6-6,"6'6""",78.0,79.29,"6'7""",1.29,plays_taller,79.29,"6'7""",1.29,plays_taller
2024,Jayson Woodrich,Cleveland St.,72460,6-7,"6'7""",79.0,76.22,"6'4""",-2.78,plays_shorter,76.22,"6'4""",-2.78,plays_shorter
2024,Deven Dahlke,San Diego,72466,6-2,"6'2""",74.0,74.44,"6'2""",0.44,plays_at_height,74.44,"6'2""",0.44,plays_at_height
2024,Noah Farrakhan,West Virginia,72469,6-1,"6'1""",73.0,76.17,"6'4""",3.17,plays_taller,76.17,"6'4""",3.17,plays_taller
2024,Anwar Gill,La Salle,72470,6-4,"6'4""",76.0,76.91,"6'5""",0.91,plays_taller,76.91,"6'5""",0.91,plays_taller
2024,Robby Beasley,San Francisco,72471,6-2,"6'2""",74.0,75.73,"6'4""",1.73,plays_taller,75.73,"6'4""",1.73,plays_taller
2024,Dean Reiber,Charlotte,72473,6-10,"6'10""",82.0,77.62,"6'6""",-4.38,plays_shorter,77.62,"6'6""",-4.38,plays_shorter
2024,Jhamir Brickus,La Salle,72475,5-11,"5'11""",71.0,74.78,"6'3""",3.78,plays_taller,74.78,"6'3""",3.78,plays_taller
2024,Dante Harris,Virginia,72478,6-0,"6'0""",72.0,76.47,"6'4""",4.47,plays_taller,76.47,"6'4""",4.47,plays_taller
2024,Terell Strickland,LIU,72484,6-0,"6'0""",72.0,74.94,"6'3""",2.94,plays_taller,74.94,"6'3""",2.94,plays_taller
2024,Terrence Edwards Jr.,James Madison,72485,6-6,"6'6""",78.0,76.78,"6'5""",-1.22,plays_shorter,76.78,"6'5""",-1.22,plays_shorter
2024,Rondel Walker,North Texas,72486,6-5,"6'5""",77.0,77.2,"6'5""",0.2,plays_at_height,77.2,"6'5""",0.2,plays_at_height
2024,Michael Thomas,Louisiana,72488,6-1,"6'1""",73.0,74.52,"6'3""",1.52,plays_taller,74.52,"6'3""",1.52,plays_taller
2024,Matthew-Alexander Moncrieffe,Georgia,72489,6-8,"6'8""",80.0,80.52,"6'9""",0.52,plays_at_height,80.52,"6'9""",0.52,plays_at_height
2024,Luke O'Brien,Colorado,72491,6-8,"6'8""",80.0,77.8,"6'6""",-2.2,plays_shorter,77.8,"6'6""",-2.2,plays_shorter
2024,Tyree Ihenacho,North Dakota,72493,6-4,"6'4""",76.0,75.89,"6'4""",-0.11,plays_at_height,75.89,"6'4""",-0.11,plays_at_height
2024,Mike Bekelja,Kent St.,72494,6-0,"6'0""",72.0,74.99,"6'3""",2.99,plays_taller,74.99,"6'3""",2.99,plays_taller
2024,Terrance Thompson,SIU Edwardsville,72496,6-8,"6'8""",80.0,79.71,"6'8""",-0.29,plays_at_height,79.71,"6'8""",-0.29,plays_at_height
2024,D'Ante Bell,New Orleans,72500,6-9,"6'9""",81.0,77.76,"6'6""",-3.24,plays_shorter,77.76,"6'6""",-3.24,plays_shorter
2024,Jay Rodgers,Central Connecticut,72501,6-3,"6'3""",75.0,74.91,"6'3""",-0.09,plays_at_height,74.91,"6'3""",-0.09,plays_at_height
2024,Jalen Speer,Florida A&M,72504,6-1,"6'1""",73.0,74.36,"6'2""",1.36,plays_taller,74.36,"6'2""",1.36,plays_taller
2024,Robert Jeter,Southern Utah,72505,6-0,"6'0""",72.0,73.79,"6'2""",1.79,plays_taller,73.79,"6'2""",1.79,plays_taller
2024,Nate Martin,Marshall,72508,6-8,"6'8""",80.0,81.32,"6'9""",1.32,plays_taller,81.32,"6'9""",1.32,plays_taller
2024,Dylan Dawson,Texas St.,72509,6-3,"6'3""",75.0,73.9,"6'2""",-1.1,plays_shorter,73.9,"6'2""",-1.1,plays_shorter
2024,Javonte Brown,Western Michigan,72515,7-0,"7'0""",84.0,81.14,"6'9""",-2.86,plays_shorter,81.14,"6'9""",-2.86,plays_shorter
2024,Tristen Maxwell,Hampton,72518,6-3,"6'3""",75.0,74.2,"6'2""",-0.8,plays_shorter,74.2,"6'2""",-0.8,plays_shorter
2024,DA Houston,Longwood,72521,6-1,"6'1""",73.0,75.12,"6'3""",2.12,plays_taller,75.12,"6'3""",2.12,plays_taller
2024,Shannon Grant,Florida A&M,72522,6-10,"6'10""",82.0,78.63,"6'7""",-3.37,plays_shorter,78.63,"6'7""",-3.37,plays_shorter
2024,Jalen White,Nicholls St.,72524,6-4,"6'4""",76.0,73.78,"6'2""",-2.22,plays_shorter,73.78,"6'2""",-2.22,plays_shorter
2024,Terren Frank,Idaho,72526,6-8,"6'8""",80.0,77.18,"6'5""",-2.82,plays_shorter,77.18,"6'5""",-2.82,plays_shorter
2024,Malachi Poindexter,Illinois St.,72529,6-3,"6'3""",75.0,75.56,"6'4""",0.56,plays_at_height,75.56,"6'4""",0.56,plays_at_height
2024,Bryce Thompson,Oklahoma St.,72536,6-6,"6'6""",78.0,75.21,"6'3""",-2.79,plays_shorter,75.21,"6'3""",-2.79,plays_shorter
2024,Tyon Grant-Foster,Grand Canyon,72539,6-7,"6'7""",79.0,80.41,"6'8""",1.41,plays_taller,80.41,"6'8""",1.41,plays_taller
2024,Latrell Jossell,Stephen F. Austin,72541,6-1,"6'1""",73.0,74.78,"6'3""",1.78,plays_taller,74.78,"6'3""",1.78,plays_taller
2024,Andrew Carr,Wake Forest,72542,6-10,"6'10""",82.0,81.17,"6'9""",-0.83,plays_shorter,81.17,"6'9""",-0.83,plays_shorter
2024,Ebenezer Dowuona,Georgia Tech,72546,6-11,"6'11""",83.0,77.17,"6'5""",-5.83,plays_shorter,77.17,"6'5""",-5.83,plays_shorter
2024,Trey Galloway,Indiana,72552,6-5,"6'5""",77.0,76.41,"6'4""",-0.59,plays_at_height,76.41,"6'4""",-0.59,plays_at_height
2024,Aziz Bandaogo,Cincinnati,72554,7-0,"7'0""",84.0,85.03,"7'1""",1.03,plays_taller,85.03,"7'1""",1.03,plays_taller
2024,Bowen Born,Northern Iowa,72563,5-11,"5'11""",71.0,74.52,"6'3""",3.52,plays_taller,74.52,"6'3""",3.52,plays_taller
2024,Kian Scroggins,Sam Houston St.,72568,6-7,"6'7""",79.0,79.99,"6'8""",0.99,plays_taller,79.99,"6'8""",0.99,plays_taller
2024,Kobe Stewart,Presbyterian,72570,6-6,"6'6""",78.0,77.93,"6'6""",-0.07,plays_at_height,77.93,"6'6""",-0.07,plays_at_height
2024,Nendah Tarke,Towson,72571,6-4,"6'4""",76.0,77.58,"6'6""",1.58,plays_taller,77.58,"6'6""",1.58,plays_taller
2024,Ahmad Hamilton,North Carolina A&T,72575,6-2,"6'2""",74.0,75.52,"6'4""",1.52,plays_taller,75.52,"6'4""",1.52,plays_taller
2024,Kendall Munson,Portland St.,72577,6-8,"6'8""",80.0,79.11,"6'7""",-0.89,plays_shorter,79.11,"6'7""",-0.89,plays_shorter
2024,Dailin Smith,Alabama A&M,72582,6-6,"6'6""",78.0,77.66,"6'6""",-0.34,plays_at_height,77.66,"6'6""",-0.34,plays_at_height
2024,London Riley,Alabama A&M,72583,6-3,"6'3""",75.0,75.45,"6'3""",0.45,plays_at_height,75.45,"6'3""",0.45,plays_at_height
2024,JoVon McClanahan,Hawaii,72586,5-10,"5'10""",70.0,75.18,"6'3""",5.18,plays_taller,75.18,"6'3""",5.18,plays_taller
2024,Andrew Welage,Wright St.,72588,6-6,"6'6""",78.0,75.52,"6'4""",-2.48,plays_shorter,75.52,"6'4""",-2.48,plays_shorter
2024,Jalen Leach,Fairfield,72589,6-4,"6'4""",76.0,76.96,"6'5""",0.96,plays_taller,76.96,"6'5""",0.96,plays_taller
2024,Jordan O'Neal,Jackson St.,72592,6-7,"6'7""",79.0,80.91,"6'9""",1.91,plays_taller,80.91,"6'9""",1.91,plays_taller
2024,Ra'Heim Moss,Toledo,72601,6-4,"6'4""",76.0,78.29,"6'6""",2.29,plays_taller,78.29,"6'6""",2.29,plays_taller
2024,Jonathan Aybar,FIU,72604,6-9,"6'9""",81.0,78.03,"6'6""",-2.97,plays_shorter,78.03,"6'6""",-2.97,plays_shorter
2024,Lynn Kidd,Virginia Tech,72605,6-10,"6'10""",82.0,82.47,"6'10""",0.47,plays_at_height,82.47,"6'10""",0.47,plays_at_height
2024,Dawson Garcia,Minnesota,72606,6-11,"6'11""",83.0,79.37,"6'7""",-3.63,plays_shorter,79.37,"6'7""",-3.63,plays_shorter
2024,Jadyn Parker,East Tennessee St.,72608,6-10,"6'10""",82.0,82.26,"6'10""",0.26,plays_at_height,82.26,"6'10""",0.26,plays_at_height
2024,PJ Hall,Clemson,72609,6-10,"6'10""",82.0,81.22,"6'9""",-0.78,plays_shorter,81.22,"6'9""",-0.78,plays_shorter
2024,Terrell Ard Jr.,Mount St. Mary's,72610,6-7,"6'7""",79.0,78.5,"6'7""",-0.5,plays_at_height,78.5,"6'7""",-0.5,plays_at_height
2024,Monty Bowser,California,72614,6-7,"6'7""",79.0,73.83,"6'2""",-5.17,plays_shorter,73.83,"6'2""",-5.17,plays_shorter
2024,Grant Huffman,Davidson,72616,6-4,"6'4""",76.0,77.71,"6'6""",1.71,plays_taller,77.71,"6'6""",1.71,plays_taller
2024,Abou Ousmane,Xavier,72617,6-10,"6'10""",82.0,81.36,"6'9""",-0.64,plays_at_height,81.36,"6'9""",-0.64,plays_at_height
2024,Michael Jones,Stanford,72619,6-5,"6'5""",77.0,76.33,"6'4""",-0.67,plays_at_height,76.33,"6'4""",-0.67,plays_at_height
2024,Dayvion McKnight,Xavier,72620,6-0,"6'0""",72.0,75.57,"6'4""",3.57,plays_taller,75.57,"6'4""",3.57,plays_taller
2024,Vukasin Masic,Portland,72621,6-5,"6'5""",77.0,75.2,"6'3""",-1.8,plays_shorter,75.2,"6'3""",-1.8,plays_shorter
2024,Brent Davis,Chicago St.,72625,6-3,"6'3""",75.0,76.65,"6'5""",1.65,plays_taller,76.65,"6'5""",1.65,plays_taller
2024,Yame Butler,Drexel,72635,6-5,"6'5""",77.0,75.16,"6'3""",-1.84,plays_shorter,75.16,"6'3""",-1.84,plays_shorter
2024,Graham Ike,Gonzaga,72639,6-9,"6'9""",81.0,81.13,"6'9""",0.13,plays_at_height,81.13,"6'9""",0.13,plays_at_height
2024,Liam Lloyd,Northern Arizona,72644,6-5,"6'5""",77.0,75.62,"6'4""",-1.38,plays_shorter,75.62,"6'4""",-1.38,plays_shorter
2024,Chance McMillian,Texas Tech,72645,6-3,"6'3""",75.0,77.49,"6'5""",2.49,plays_taller,77.49,"6'5""",2.49,plays_taller
2024,Reginald Duhart Jr.,Charleston Southern,72646,6-9,"6'9""",81.0,78.79,"6'7""",-2.21,plays_shorter,78.79,"6'7""",-2.21,plays_shorter
2024,Xavion Brown,Appalachian St.,72647,6-3,"6'3""",75.0,78.06,"6'6""",3.06,plays_taller,78.06,"6'6""",3.06,plays_taller
2024,Jaxson Robinson,BYU,72650,6-7,"6'7""",79.0,76.58,"6'5""",-2.42,plays_shorter,76.58,"6'5""",-2.42,plays_shorter
2024,Hayden Hefner,Texas A&M,72651,6-6,"6'6""",78.0,75.87,"6'4""",-2.13,plays_shorter,75.87,"6'4""",-2.13,plays_shorter
2024,Quincy Ballard,Wichita St.,72656,6-11,"6'11""",83.0,84.45,"7'0""",1.45,plays_taller,84.45,"7'0""",1.45,plays_taller
2024,Nick Blake,Pacific,72660,6-6,"6'6""",78.0,74.6,"6'3""",-3.4,plays_shorter,74.6,"6'3""",-3.4,plays_shorter
2024,Patrick Suemnick,West Virginia,72665,6-8,"6'8""",80.0,78.57,"6'7""",-1.43,plays_shorter,78.57,"6'7""",-1.43,plays_shorter
2024,Kam Farris,Marist,72666,6-3,"6'3""",75.0,74.53,"6'3""",-0.47,plays_at_height,74.53,"6'3""",-0.47,plays_at_height
2024,Enoch Cheeks,Dayton,72673,6-3,"6'3""",75.0,78.79,"6'7""",3.79,plays_taller,78.79,"6'7""",3.79,plays_taller
2024,Freddy Hicks,Arkansas St.,72675,6-6,"6'6""",78.0,78.79,"6'7""",0.79,plays_taller,78.79,"6'7""",0.79,plays_taller
2024,Briggs McClain,Manhattan,72676,6-4,"6'4""",76.0,75.11,"6'3""",-0.89,plays_shorter,75.11,"6'3""",-0.89,plays_shorter
2024,Xavier DuSell,Fresno St.,72680,6-4,"6'4""",76.0,75.05,"6'3""",-0.95,plays_shorter,75.05,"6'3""",-0.95,plays_shorter
2024,Trey Phipps,Oral Roberts,72681,6-2,"6'2""",74.0,75.13,"6'3""",1.13,plays_taller,75.13,"6'3""",1.13,plays_taller
2024,Moussa Cisse,Mississippi,72682,7-0,"7'0""",84.0,82.9,"6'11""",-1.1,plays_shorter,82.9,"6'11""",-1.1,plays_shorter
2024,Tytan Anderson,Northern Iowa,72685,6-6,"6'6""",78.0,80.79,"6'9""",2.79,plays_taller,80.79,"6'9""",2.79,plays_taller
2024,Kalen Williams,East Texas A&M,72686,6-2,"6'2""",74.0,76.3,"6'4""",2.3,plays_taller,76.3,"6'4""",2.3,plays_taller
2024,Le'Tre Darthard,Oklahoma,72689,6-4,"6'4""",76.0,74.51,"6'3""",-1.49,plays_shorter,74.51,"6'3""",-1.49,plays_shorter
2024,Modestas Kancleris,Cal St. Bakersfield,72697,6-9,"6'9""",81.0,80.85,"6'9""",-0.15,plays_at_height,80.85,"6'9""",-0.15,plays_at_height
2024,Beon Riley,Utah Tech,72700,6-6,"6'6""",78.0,76.53,"6'5""",-1.47,plays_shorter,76.53,"6'5""",-1.47,plays_shorter
2024,Ryan Kalkbrenner,Creighton,72701,7-1,"7'1""",85.0,84.82,"7'1""",-0.18,plays_at_height,84.82,"7'1""",-0.18,plays_at_height
2024,Rollie Worster,Utah,72704,6-4,"6'4""",76.0,76.33,"6'4""",0.33,plays_at_height,76.33,"6'4""",0.33,plays_at_height
2024,Darlinstone Dubar,Hofstra,72705,6-8,"6'8""",80.0,80.14,"6'8""",0.14,plays_at_height,80.14,"6'8""",0.14,plays_at_height
2024,Julian Larry,Indiana St.,72706,6-3,"6'3""",75.0,76.52,"6'5""",1.52,plays_taller,76.52,"6'5""",1.52,plays_taller
2024,Morrell Schramm,Florida A&M,72709,6-3,"6'3""",75.0,76.08,"6'4""",1.08,plays_taller,76.08,"6'4""",1.08,plays_taller
2024,Yacine Toumi,Evansville,72710,6-10,"6'10""",82.0,79.89,"6'8""",-2.11,plays_shorter,79.89,"6'8""",-2.11,plays_shorter
2024,Jaden Walker,East Carolina,72713,6-5,"6'5""",77.0,77.77,"6'6""",0.77,plays_taller,77.77,"6'6""",0.77,plays_taller
2024,Collin Moore,Grand Canyon,72714,6-4,"6'4""",76.0,77.95,"6'6""",1.95,plays_taller,77.95,"6'6""",1.95,plays_taller
2024,Cam Bryant,Georgia Southern,72718,6-7,"6'7""",79.0,77.64,"6'6""",-1.36,plays_shorter,77.64,"6'6""",-1.36,plays_shorter
2024,Eugene Brown III,Georgia Southern,72725,6-8,"6'8""",80.0,77.8,"6'6""",-2.2,plays_shorter,77.8,"6'6""",-2.2,plays_shorter
2024,Melvyn Ebonkoli,UMKC,72726,6-8,"6'8""",80.0,78.87,"6'7""",-1.13,plays_shorter,78.87,"6'7""",-1.13,plays_shorter
2024,Sky Wicks,Incarnate Word,72727,6-6,"6'6""",78.0,78.12,"6'6""",0.12,plays_at_height,78.12,"6'6""",0.12,plays_at_height
2024,Kenny Hunter,Texas Southern,72728,6-8,"6'8""",80.0,79.98,"6'8""",-0.02,plays_at_height,79.98,"6'8""",-0.02,plays_at_height
2024,Toby Okani,Illinois Chicago,72731,6-8,"6'8""",80.0,80.44,"6'8""",0.44,plays_at_height,80.44,"6'8""",0.44,plays_at_height
2024,Tyson Acuff,Eastern Michigan,72732,6-4,"6'4""",76.0,74.95,"6'3""",-1.05,plays_shorter,74.95,"6'3""",-1.05,plays_shorter
2024,Dezmond McKinney,Bellarmine,72733,6-0,"6'0""",72.0,76.08,"6'4""",4.08,plays_taller,76.08,"6'4""",4.08,plays_taller
2024,Kaden Metheny,Liberty,72734,5-10,"5'10""",70.0,74.96,"6'3""",4.96,plays_taller,74.96,"6'3""",4.96,plays_taller
2024,David Green,Rhode Island,72740,6-7,"6'7""",79.0,76.83,"6'5""",-2.17,plays_shorter,76.83,"6'5""",-2.17,plays_shorter
2024,Brandyn Talbot,UT Arlington,72746,6-5,"6'5""",77.0,74.8,"6'3""",-2.2,plays_shorter,74.8,"6'3""",-2.2,plays_shorter
2024,Abdou Tsimbila,Fordham,72747,6-9,"6'9""",81.0,83.64,"7'0""",2.64,plays_taller,83.64,"7'0""",2.64,plays_taller
2024,Leo Colimerio,Fresno St.,72751,6-7,"6'7""",79.0,77.72,"6'6""",-1.28,plays_shorter,77.72,"6'6""",-1.28,plays_shorter
2024,Braxton Meah,Washington,72754,7-1,"7'1""",85.0,83.85,"7'0""",-1.15,plays_shorter,83.85,"7'0""",-1.15,plays_shorter
2024,Jamal Shead,Houston,72757,6-1,"6'1""",73.0,77.53,"6'6""",4.53,plays_taller,77.53,"6'6""",4.53,plays_taller
2024,CJ Huntley,Appalachian St.,72759,6-11,"6'11""",83.0,80.24,"6'8""",-2.76,plays_shorter,80.24,"6'8""",-2.76,plays_shorter
2024,Tramon Mark,Arkansas,72760,6-6,"6'6""",78.0,78.05,"6'6""",0.05,plays_at_height,78.05,"6'6""",0.05,plays_at_height
2024,Max Murrell,Stanford,72763,6-9,"6'9""",81.0,78.59,"6'7""",-2.41,plays_shorter,78.59,"6'7""",-2.41,plays_shorter
2024,Michael O'Connell,N.C. State,72766,6-2,"6'2""",74.0,75.98,"6'4""",1.98,plays_taller,75.98,"6'4""",1.98,plays_taller
2024,Daniel Foster,Nevada,72767,6-6,"6'6""",78.0,79.26,"6'7""",1.26,plays_taller,79.26,"6'7""",1.26,plays_taller
2024,Eddie Lampkin Jr.,Colorado,72769,6-11,"6'11""",83.0,80.1,"6'8""",-2.9,plays_shorter,80.1,"6'8""",-2.9,plays_shorter
2024,Robert Ford III,Montana St.,72771,6-0,"6'0""",72.0,77.72,"6'6""",5.72,plays_taller,77.72,"6'6""",5.72,plays_taller
2024,Jordan Ivy-Curry,UTSA,72772,6-3,"6'3""",75.0,75.86,"6'4""",0.86,plays_taller,75.86,"6'4""",0.86,plays_taller
2024,Caleb Dorsey,William & Mary,72774,6-8,"6'8""",80.0,77.5,"6'6""",-2.5,plays_shorter,77.5,"6'6""",-2.5,plays_shorter
2024,Jalen Terry,DePaul,72779,6-0,"6'0""",72.0,74.84,"6'3""",2.84,plays_taller,74.84,"6'3""",2.84,plays_taller
2024,Jadon Jones,Long Beach St.,72785,6-5,"6'5""",77.0,77.39,"6'5""",0.39,plays_at_height,77.39,"6'5""",0.39,plays_at_height
2024,Joshua O'Garro,Texas St.,72786,6-6,"6'6""",78.0,79.13,"6'7""",1.13,plays_taller,79.13,"6'7""",1.13,plays_taller
2024,Jermaine Marshall,Samford,72787,6-6,"6'6""",78.0,78.42,"6'6""",0.42,plays_at_height,78.42,"6'6""",0.42,plays_at_height
2024,Myles Foster,Illinois St.,72790,6-7,"6'7""",79.0,80.9,"6'9""",1.9,plays_taller,80.9,"6'9""",1.9,plays_taller
2024,Lance Ware,Villanova,72794,6-9,"6'9""",81.0,80.61,"6'9""",-0.39,plays_at_height,80.61,"6'9""",-0.39,plays_at_height
2024,Jakari Spence,Monmouth,72795,6-2,"6'2""",74.0,76.23,"6'4""",2.23,plays_taller,76.23,"6'4""",2.23,plays_taller
2024,Ty Berry,Northwestern,72798,6-3,"6'3""",75.0,76.58,"6'5""",1.58,plays_taller,76.58,"6'5""",1.58,plays_taller
2024,Kentrell Garnett,Louisiana,72803,6-1,"6'1""",73.0,74.42,"6'2""",1.42,plays_taller,74.42,"6'2""",1.42,plays_taller
2024,Judah Brown,South Alabama,72804,6-6,"6'6""",78.0,75.85,"6'4""",-2.15,plays_shorter,75.85,"6'4""",-2.15,plays_shorter
2024,Nate Heise,Northern Iowa,72805,6-5,"6'5""",77.0,79.17,"6'7""",2.17,plays_taller,79.17,"6'7""",2.17,plays_taller
2024,Justin Hill,Georgia,72809,6-0,"6'0""",72.0,74.76,"6'3""",2.76,plays_taller,74.76,"6'3""",2.76,plays_taller
2024,Chaunce Jenkins,Old Dominion,72810,6-4,"6'4""",76.0,77.14,"6'5""",1.14,plays_taller,77.14,"6'5""",1.14,plays_taller
2024,Brandon Stroud,South Florida,72814,6-6,"6'6""",78.0,79.7,"6'8""",1.7,plays_taller,79.7,"6'8""",1.7,plays_taller
2024,Niko Rocak,UC Davis,72819,6-9,"6'9""",81.0,82.12,"6'10""",1.12,plays_taller,82.12,"6'10""",1.12,plays_taller
2024,John Hugley IV,Oklahoma,72821,6-10,"6'10""",82.0,78.93,"6'7""",-3.07,plays_shorter,78.93,"6'7""",-3.07,plays_shorter
2024,Femi Odukale,New Mexico St.,72824,6-6,"6'6""",78.0,80.34,"6'8""",2.34,plays_taller,80.34,"6'8""",2.34,plays_taller
2024,Colin Granger,Western Carolina,72827,6-9,"6'9""",81.0,77.88,"6'6""",-3.12,plays_shorter,77.88,"6'6""",-3.12,plays_shorter
2024,Jalin Anderson,Ball St.,72830,6-3,"6'3""",75.0,76.29,"6'4""",1.29,plays_taller,76.29,"6'4""",1.29,plays_taller
2024,Christian Shumate,McNeese St.,72832,6-6,"6'6""",78.0,84.26,"7'0""",6.26,plays_taller,84.26,"7'0""",6.26,plays_taller
2024,Woody Newton,George Mason,72836,6-9,"6'9""",81.0,79.0,"6'7""",-2.0,plays_shorter,79.0,"6'7""",-2.0,plays_shorter
2024,Sam Mervis,Southern Indiana,72838,5-11,"5'11""",71.0,74.38,"6'2""",3.38,plays_taller,74.38,"6'2""",3.38,plays_taller
2024,Jace Howard,Michigan,72842,6-8,"6'8""",80.0,75.04,"6'3""",-4.96,plays_shorter,75.04,"6'3""",-4.96,plays_shorter
2024,Max Burchill,South Dakota,72843,6-4,"6'4""",76.0,75.08,"6'3""",-0.92,plays_shorter,75.08,"6'3""",-0.92,plays_shorter
2024,Josiah Fulcher,North Alabama,72847,6-4,"6'4""",76.0,75.99,"6'4""",-0.01,plays_at_height,75.99,"6'4""",-0.01,plays_at_height
2024,William Jeffress,Pittsburgh,72859,6-7,"6'7""",79.0,78.19,"6'6""",-0.81,plays_shorter,78.19,"6'6""",-0.81,plays_shorter
2024,Mawot Mag,Rutgers,72860,6-7,"6'7""",79.0,77.28,"6'5""",-1.72,plays_shorter,77.28,"6'5""",-1.72,plays_shorter
2024,Kobe Elvis,Dayton,72862,6-2,"6'2""",74.0,74.38,"6'2""",0.38,plays_at_height,74.38,"6'2""",0.38,plays_at_height
2024,Jason Spurgin,Bowling Green,72867,7-0,"7'0""",84.0,78.99,"6'7""",-5.01,plays_shorter,78.99,"6'7""",-5.01,plays_shorter
2024,Chuck Harris,SMU,72869,6-4,"6'4""",76.0,75.08,"6'3""",-0.92,plays_shorter,75.08,"6'3""",-0.92,plays_shorter
2024,Boubacar Coulibaly,Pepperdine,72873,6-10,"6'10""",82.0,80.87,"6'9""",-1.13,plays_shorter,80.87,"6'9""",-1.13,plays_shorter
2024,Kyndall Davis,Eastern Illinois,72875,6-5,"6'5""",77.0,78.28,"6'6""",1.28,plays_taller,78.28,"6'6""",1.28,plays_taller
2024,Bryce Pope,UC San Diego,72888,6-3,"6'3""",75.0,75.94,"6'4""",0.94,plays_taller,75.94,"6'4""",0.94,plays_taller
2024,Brandon Noel,Wright St.,72891,6-8,"6'8""",80.0,79.87,"6'8""",-0.13,plays_at_height,79.87,"6'8""",-0.13,plays_at_height
2024,Alex Huibregtse,Wright St.,72893,6-3,"6'3""",75.0,75.03,"6'3""",0.03,plays_at_height,75.03,"6'3""",0.03,plays_at_height
2024,Eduardo Andre,Fresno St.,72894,6-11,"6'11""",83.0,79.97,"6'8""",-3.03,plays_shorter,79.97,"6'8""",-3.03,plays_shorter
2024,Dain Dainja,Illinois,72895,6-9,"6'9""",81.0,81.96,"6'10""",0.96,plays_taller,81.96,"6'10""",0.96,plays_taller
2024,Noble Crawford,Chicago St.,72896,6-5,"6'5""",77.0,79.37,"6'7""",2.37,plays_taller,79.37,"6'7""",2.37,plays_taller
2024,Lu'Cye Patterson,Charlotte,72897,6-2,"6'2""",74.0,75.49,"6'3""",1.49,plays_taller,75.49,"6'3""",1.49,plays_taller
2024,Nelly Junior Joseph,New Mexico,72898,6-10,"6'10""",82.0,81.76,"6'10""",-0.24,plays_at_height,81.76,"6'10""",-0.24,plays_at_height
2024,L.J. Cryer,Houston,72899,6-1,"6'1""",73.0,74.81,"6'3""",1.81,plays_taller,74.81,"6'3""",1.81,plays_taller
2024,Bobby Harvey,Portland St.,72909,6-4,"6'4""",76.0,74.74,"6'3""",-1.26,plays_shorter,74.74,"6'3""",-1.26,plays_shorter
2024,Sam Towns,Bowling Green,72912,6-9,"6'9""",81.0,79.56,"6'8""",-1.44,plays_shorter,79.56,"6'8""",-1.44,plays_shorter
2024,DeMarcus Sharp,Austin Peay,72913,6-3,"6'3""",75.0,76.75,"6'5""",1.75,plays_taller,76.75,"6'5""",1.75,plays_taller
2024,Raphe Ayres,Missouri St.,72916,6-5,"6'5""",77.0,75.94,"6'4""",-1.06,plays_shorter,75.94,"6'4""",-1.06,plays_shorter
2024,Zed Key,Ohio St.,72919,6-8,"6'8""",80.0,81.73,"6'10""",1.73,plays_taller,81.73,"6'10""",1.73,plays_taller
2024,Cameron Matthews,Mississippi St.,72921,6-7,"6'7""",79.0,82.62,"6'11""",3.62,plays_taller,82.62,"6'11""",3.62,plays_taller
2024,Tony Toney,UAB,72924,6-2,"6'2""",74.0,75.97,"6'4""",1.97,plays_taller,75.97,"6'4""",1.97,plays_taller
2024,Oso Ighodaro,Marquette,72926,6-11,"6'11""",83.0,82.72,"6'11""",-0.28,plays_at_height,82.72,"6'11""",-0.28,plays_at_height
2024,Chaz Lanier,North Florida,72930,6-4,"6'4""",76.0,77.71,"6'6""",1.71,plays_taller,77.71,"6'6""",1.71,plays_taller
2024,Jacob Crews,Tennessee Martin,72931,6-8,"6'8""",80.0,78.43,"6'6""",-1.57,plays_shorter,78.43,"6'6""",-1.57,plays_shorter
2024,Corey McKeithan,Rider,72933,6-0,"6'0""",72.0,74.86,"6'3""",2.86,plays_taller,74.86,"6'3""",2.86,plays_taller
2024,Theo Hughes,Northern Colorado,72936,7-0,"7'0""",84.0,79.16,"6'7""",-4.84,plays_shorter,79.16,"6'7""",-4.84,plays_shorter
2024,Wil Tattersall,UC Riverside,72940,6-7,"6'7""",79.0,75.29,"6'3""",-3.71,plays_shorter,75.29,"6'3""",-3.71,plays_shorter
2024,Desmond Polk,SIU Edwardsville,72941,6-4,"6'4""",76.0,75.99,"6'4""",-0.01,plays_at_height,75.99,"6'4""",-0.01,plays_at_height
2024,KK Robinson,Little Rock,72943,6-0,"6'0""",72.0,76.62,"6'5""",4.62,plays_taller,76.62,"6'5""",4.62,plays_taller
2024,Paris Dawson,Seattle,72945,6-2,"6'2""",74.0,75.95,"6'4""",1.95,plays_taller,75.95,"6'4""",1.95,plays_taller
2024,Keith Lamar,Florida A&M,72946,6-6,"6'6""",78.0,77.69,"6'6""",-0.31,plays_at_height,77.69,"6'6""",-0.31,plays_at_height
2024,Kyle LeGreair,Detroit Mercy,72955,6-0,"6'0""",72.0,74.93,"6'3""",2.93,plays_taller,74.93,"6'3""",2.93,plays_taller
2024,Te'Jon Sawyer,Montana,72959,6-8,"6'8""",80.0,78.57,"6'7""",-1.43,plays_shorter,78.57,"6'7""",-1.43,plays_shorter
2024,Shamir Bogues,Vermont,72960,6-4,"6'4""",76.0,78.62,"6'7""",2.62,plays_taller,78.62,"6'7""",2.62,plays_taller
2024,Steven Verplancken,Weber St.,72964,6-4,"6'4""",76.0,74.62,"6'3""",-1.38,plays_shorter,74.62,"6'3""",-1.38,plays_shorter
2024,Carlton Linguard Jr.,UTSA,72965,7-0,"7'0""",84.0,79.98,"6'8""",-4.02,plays_shorter,79.98,"6'8""",-4.02,plays_shorter
2024,Ben Carlson,Utah,72966,6-9,"6'9""",81.0,77.79,"6'6""",-3.21,plays_shorter,77.79,"6'6""",-3.21,plays_shorter
2024,Jabe Mullins,Washington St.,72969,6-6,"6'6""",78.0,74.02,"6'2""",-3.98,plays_shorter,74.02,"6'2""",-3.98,plays_shorter
2024,Steven Crowl,Wisconsin,72970,7-0,"7'0""",84.0,80.48,"6'8""",-3.52,plays_shorter,80.48,"6'8""",-3.52,plays_shorter
2024,Mitchell Saxen,Saint Mary's,72971,6-10,"6'10""",82.0,81.92,"6'10""",-0.08,plays_at_height,81.92,"6'10""",-0.08,plays_at_height
2024,Thomas Howell,South Alabama,72975,6-8,"6'8""",80.0,79.44,"6'7""",-0.56,plays_at_height,79.44,"6'7""",-0.56,plays_at_height
2024,Jace Roquemore,Vermont,72977,6-5,"6'5""",77.0,77.89,"6'6""",0.89,plays_taller,77.89,"6'6""",0.89,plays_taller
2024,Donavan Yap Jr.,Fresno St.,72986,6-5,"6'5""",77.0,74.62,"6'3""",-2.38,plays_shorter,74.62,"6'3""",-2.38,plays_shorter
2024,Eoin Nelson,North Alabama,72992,6-11,"6'11""",83.0,77.92,"6'6""",-5.08,plays_shorter,77.92,"6'6""",-5.08,plays_shorter
2024,Jeremiah Oden,DePaul,72993,6-9,"6'9""",81.0,75.92,"6'4""",-5.08,plays_shorter,75.92,"6'4""",-5.08,plays_shorter
2024,Jamaine Mann,Georgia St.,73002,6-6,"6'6""",78.0,76.12,"6'4""",-1.88,plays_shorter,76.12,"6'4""",-1.88,plays_shorter
2024,Phillip Russell,UT Arlington,73003,5-10,"5'10""",70.0,74.44,"6'2""",4.44,plays_taller,74.44,"6'2""",4.44,plays_taller
2024,Marques Warrick,Northern Kentucky,73005,6-2,"6'2""",74.0,75.33,"6'3""",1.33,plays_taller,75.33,"6'3""",1.33,plays_taller
2024,Luke House,Drexel,73006,6-4,"6'4""",76.0,76.71,"6'5""",0.71,plays_at_height,76.71,"6'5""",0.71,plays_at_height
2024,Darrick Jones Jr.,Le Moyne,73008,6-5,"6'5""",77.0,75.85,"6'4""",-1.15,plays_shorter,75.85,"6'4""",-1.15,plays_shorter
2024,Matt Zona,Notre Dame,73009,6-9,"6'9""",81.0,78.09,"6'6""",-2.91,plays_shorter,78.09,"6'6""",-2.91,plays_shorter
2024,Trey Robinson,Northern Kentucky,73012,6-6,"6'6""",78.0,78.75,"6'7""",0.75,plays_taller,78.75,"6'7""",0.75,plays_taller
2024,Jordan Sears,Tennessee Martin,73017,5-11,"5'11""",71.0,76.29,"6'4""",5.29,plays_taller,76.29,"6'4""",5.29,plays_taller
2024,Garrett Hien,Furman,73018,6-9,"6'9""",81.0,78.27,"6'6""",-2.73,plays_shorter,78.27,"6'6""",-2.73,plays_shorter
2024,Drew Thelwell,Morehead St.,73024,6-3,"6'3""",75.0,75.83,"6'4""",0.83,plays_taller,75.83,"6'4""",0.83,plays_taller
2024,Alex Kotov,Campbell,73026,6-10,"6'10""",82.0,79.23,"6'7""",-2.77,plays_shorter,79.23,"6'7""",-2.77,plays_shorter
2024,Johni Broome,Auburn,73027,6-10,"6'10""",82.0,84.79,"7'1""",2.79,plays_taller,84.79,"7'1""",2.79,plays_taller
2024,Sebastian Mendoza,Tennessee Martin,73034,6-3,"6'3""",75.0,75.15,"6'3""",0.15,plays_at_height,75.15,"6'3""",0.15,plays_at_height
2024,Javontae Hopkins,Prairie View A&M,73042,6-0,"6'0""",72.0,77.54,"6'6""",5.54,plays_taller,77.54,"6'6""",5.54,plays_taller
2024,RJ Blakney,Old Dominion,73049,6-6,"6'6""",78.0,79.01,"6'7""",1.01,plays_taller,79.01,"6'7""",1.01,plays_taller
2024,Juhlawnei Stone,Stephen F. Austin,73051,6-6,"6'6""",78.0,77.62,"6'6""",-0.38,plays_at_height,77.62,"6'6""",-0.38,plays_at_height
2024,Malik Wade,Cal Baptist,73052,6-8,"6'8""",80.0,76.7,"6'5""",-3.3,plays_shorter,76.7,"6'5""",-3.3,plays_shorter
2024,Trey Thomas,Bowling Green,73054,6-0,"6'0""",72.0,74.3,"6'2""",2.3,plays_taller,74.3,"6'2""",2.3,plays_taller
2024,Carter Gilmore,Wisconsin,73057,6-7,"6'7""",79.0,77.54,"6'6""",-1.46,plays_shorter,77.54,"6'6""",-1.46,plays_shorter
2024,Donovan Williams,Pacific,73061,6-5,"6'5""",77.0,76.02,"6'4""",-0.98,plays_shorter,76.02,"6'4""",-0.98,plays_shorter
2024,Justin Wright,Loyola Marymount,73074,6-2,"6'2""",74.0,75.43,"6'3""",1.43,plays_taller,75.43,"6'3""",1.43,plays_taller
2024,Isaiah Addo-Ankrah,Denver,73075,6-7,"6'7""",79.0,74.86,"6'3""",-4.14,plays_shorter,74.86,"6'3""",-4.14,plays_shorter
2024,Malik Henry,George Mason,73083,6-8,"6'8""",80.0,80.12,"6'8""",0.12,plays_at_height,80.12,"6'8""",0.12,plays_at_height
2024,Kasean Pryor,South Florida,73085,6-10,"6'10""",82.0,80.88,"6'9""",-1.12,plays_shorter,80.88,"6'9""",-1.12,plays_shorter
2024,Mady Sissoko,Michigan St.,73086,6-9,"6'9""",81.0,81.82,"6'10""",0.82,plays_taller,81.82,"6'10""",0.82,plays_taller
2024,Eric Lee,Alabama A&M,73087,6-4,"6'4""",76.0,78.41,"6'6""",2.41,plays_taller,78.41,"6'6""",2.41,plays_taller
2024,Jamie Bergens,Drexel,73088,6-2,"6'2""",74.0,74.79,"6'3""",0.79,plays_taller,74.79,"6'3""",0.79,plays_taller
2024,Tanner Christensen,Utah Tech,73090,6-10,"6'10""",82.0,81.66,"6'10""",-0.34,plays_at_height,81.66,"6'10""",-0.34,plays_at_height
2024,Burke Smith,Pacific,73093,6-11,"6'11""",83.0,77.81,"6'6""",-5.19,plays_shorter,77.81,"6'6""",-5.19,plays_shorter
2024,Mark Sears,Alabama,73096,6-1,"6'1""",73.0,76.11,"6'4""",3.11,plays_taller,76.11,"6'4""",3.11,plays_taller
2024,Posh Alexander,Butler,73099,6-0,"6'0""",72.0,76.47,"6'4""",4.47,plays_taller,76.47,"6'4""",4.47,plays_taller
2024,Aidan Carpenter,Sacred Heart,73101,6-5,"6'5""",77.0,75.28,"6'3""",-1.72,plays_shorter,75.28,"6'3""",-1.72,plays_shorter
2024,Jaemyn Brakefield,Mississippi,73102,6-8,"6'8""",80.0,78.2,"6'6""",-1.8,plays_shorter,78.2,"6'6""",-1.8,plays_shorter
2024,J'Vonne Hadley,Colorado,73103,6-6,"6'6""",78.0,78.89,"6'7""",0.89,plays_taller,78.89,"6'7""",0.89,plays_taller
2024,Matt Cross,Massachusetts,73105,6-7,"6'7""",79.0,80.19,"6'8""",1.19,plays_taller,80.19,"6'8""",1.19,plays_taller
2024,Darius Burford,Illinois St.,73107,6-0,"6'0""",72.0,75.93,"6'4""",3.93,plays_taller,75.93,"6'4""",3.93,plays_taller
2024,Earl Timberlake,Bryant,73111,6-6,"6'6""",78.0,79.99,"6'8""",1.99,plays_taller,79.99,"6'8""",1.99,plays_taller
2024,Michael Graham,Loyola Marymount,73113,6-8,"6'8""",80.0,81.53,"6'10""",1.53,plays_taller,81.53,"6'10""",1.53,plays_taller
2024,Kylen Milton,Arkansas Pine Bluff,73116,6-4,"6'4""",76.0,78.59,"6'7""",2.59,plays_taller,78.59,"6'7""",2.59,plays_taller
2024,Rubin Jones,North Texas,73121,6-5,"6'5""",77.0,77.14,"6'5""",0.14,plays_at_height,77.14,"6'5""",0.14,plays_at_height
2024,Shemar Rathan-Mayes,UNC Wilmington,73123,5-11,"5'11""",71.0,74.07,"6'2""",3.07,plays_taller,74.07,"6'2""",3.07,plays_taller
2024,Brantly Stevenson,Cal Baptist,73130,6-4,"6'4""",76.0,75.78,"6'4""",-0.22,plays_at_height,75.78,"6'4""",-0.22,plays_at_height
2024,Steven Ashworth,Creighton,73133,6-1,"6'1""",73.0,74.89,"6'3""",1.89,plays_taller,74.89,"6'3""",1.89,plays_taller
2024,Alijah Martin,Florida Atlantic,73134,6-2,"6'2""",74.0,78.23,"6'6""",4.23,plays_taller,78.23,"6'6""",4.23,plays_taller
2024,VonCameron Davis,Kent St.,73135,6-5,"6'5""",77.0,77.63,"6'6""",0.63,plays_at_height,77.63,"6'6""",0.63,plays_at_height
2024,TJ Bamba,Villanova,73140,6-5,"6'5""",77.0,77.34,"6'5""",0.34,plays_at_height,77.34,"6'5""",0.34,plays_at_height
2024,Josh Morgan,Incarnate Word,73143,6-3,"6'3""",75.0,73.97,"6'2""",-1.03,plays_shorter,73.97,"6'2""",-1.03,plays_shorter
2024,Justin Vander Baan,Lafayette,73150,7-0,"7'0""",84.0,81.25,"6'9""",-2.75,plays_shorter,81.25,"6'9""",-2.75,plays_shorter
2024,Mike Sixsmith,Sacred Heart,73156,6-0,"6'0""",72.0,73.95,"6'2""",1.95,plays_taller,73.95,"6'2""",1.95,plays_taller
2024,A.J. Staton-McCray,Samford,73163,6-5,"6'5""",77.0,77.83,"6'6""",0.83,plays_taller,77.83,"6'6""",0.83,plays_taller
2024,Matthew Murrell,Mississippi,73165,6-4,"6'4""",76.0,77.04,"6'5""",1.04,plays_taller,77.04,"6'5""",1.04,plays_taller
2024,Byron Joshua,Alcorn St.,73172,5-10,"5'10""",70.0,75.24,"6'3""",5.24,plays_taller,75.24,"6'3""",5.24,plays_taller
2024,Zach Edey,Purdue,73174,7-4,"7'4""",88.0,88.97,"7'5""",0.97,plays_taller,88.97,"7'5""",0.97,plays_taller
2024,Marcus Fitzgerald Jr.,Tennessee St.,73179,6-2,"6'2""",74.0,74.8,"6'3""",0.8,plays_taller,74.8,"6'3""",0.8,plays_taller
2024,Petar Krivokapic,FIU,73181,6-4,"6'4""",76.0,73.93,"6'2""",-2.07,plays_shorter,73.93,"6'2""",-2.07,plays_shorter
2024,Javaunte Hawkins,FIU,73182,5-11,"5'11""",71.0,73.88,"6'2""",2.88,plays_taller,73.88,"6'2""",2.88,plays_taller
2024,K.D. Johnson,Auburn,73183,6-0,"6'0""",72.0,76.55,"6'5""",4.55,plays_taller,76.55,"6'5""",4.55,plays_taller
2024,Hunter Jack Madden,Abilene Christian,73187,6-2,"6'2""",74.0,74.95,"6'3""",0.95,plays_taller,74.95,"6'3""",0.95,plays_taller
2024,Darweshi Hunter,Miami OH,73192,6-5,"6'5""",77.0,76.36,"6'4""",-0.64,plays_at_height,76.36,"6'4""",-0.64,plays_at_height
2024,Jacob Hutson,Northern Iowa,73198,6-11,"6'11""",83.0,78.84,"6'7""",-4.16,plays_shorter,78.84,"6'7""",-4.16,plays_shorter
2024,Jackson Threadgill,Charlotte,73202,6-6,"6'6""",78.0,76.08,"6'4""",-1.92,plays_shorter,76.08,"6'4""",-1.92,plays_shorter
2024,Zach Anderson,Florida Gulf Coast,73204,6-7,"6'7""",79.0,77.12,"6'5""",-1.88,plays_shorter,77.12,"6'5""",-1.88,plays_shorter
2024,Trey Fort,Mississippi St.,73210,6-4,"6'4""",76.0,76.91,"6'5""",0.91,plays_taller,76.91,"6'5""",0.91,plays_taller
2024,Anthony Leal,Indiana,73214,6-5,"6'5""",77.0,76.55,"6'5""",-0.45,plays_at_height,76.55,"6'5""",-0.45,plays_at_height
2024,Brandon Lieb,Illinois St.,73215,7-1,"7'1""",85.0,79.9,"6'8""",-5.1,plays_shorter,79.9,"6'8""",-5.1,plays_shorter
2024,Dji Bailey,Richmond,73216,6-5,"6'5""",77.0,78.47,"6'6""",1.47,plays_taller,78.47,"6'6""",1.47,plays_taller
2024,Adam Miller,Arizona St.,73217,6-3,"6'3""",75.0,75.63,"6'4""",0.63,plays_at_height,75.63,"6'4""",0.63,plays_at_height
2024,Dallion Johnson,Florida Gulf Coast,73219,6-3,"6'3""",75.0,74.52,"6'3""",-0.48,plays_at_height,74.52,"6'3""",-0.48,plays_at_height
2024,Clifford Omoruyi,Rutgers,73223,6-11,"6'11""",83.0,85.59,"7'2""",2.59,plays_taller,85.59,"7'2""",2.59,plays_taller
2024,Josh Gray,South Carolina,73224,7-0,"7'0""",84.0,82.03,"6'10""",-1.97,plays_shorter,82.03,"6'10""",-1.97,plays_shorter
2024,Brandon Whitney,Montana,73227,6-1,"6'1""",73.0,75.18,"6'3""",2.18,plays_taller,75.18,"6'3""",2.18,plays_taller
2024,Connor Barrett,Valparaiso,73230,6-6,"6'6""",78.0,73.52,"6'2""",-4.48,plays_shorter,73.52,"6'2""",-4.48,plays_shorter
2024,Henry Coleman III,Texas A&M,73233,6-8,"6'8""",80.0,79.34,"6'7""",-0.66,plays_at_height,79.34,"6'7""",-0.66,plays_at_height
2024,Jabri Abdur-Rahim,Georgia,73234,6-8,"6'8""",80.0,76.26,"6'4""",-3.74,plays_shorter,76.26,"6'4""",-3.74,plays_shorter
2024,Jeremy Roach,Duke,73237,6-2,"6'2""",74.0,75.32,"6'3""",1.32,plays_taller,75.32,"6'3""",1.32,plays_taller
2024,Tyrin Lawrence,Vanderbilt,73239,6-4,"6'4""",76.0,78.08,"6'6""",2.08,plays_taller,78.08,"6'6""",2.08,plays_taller
2024,Reece Beekman,Virginia,73240,6-3,"6'3""",75.0,77.95,"6'6""",2.95,plays_taller,77.95,"6'6""",2.95,plays_taller
2024,Ryan Myers,Western Illinois,73241,6-1,"6'1""",73.0,74.77,"6'3""",1.77,plays_taller,74.77,"6'3""",1.77,plays_taller
2024,Truth Harris,Radford,73244,6-2,"6'2""",74.0,76.55,"6'5""",2.55,plays_taller,76.55,"6'5""",2.55,plays_taller
2024,Andre Lorentsson,Toledo,73245,6-8,"6'8""",80.0,76.66,"6'5""",-3.34,plays_shorter,76.66,"6'5""",-3.34,plays_shorter
2024,Koby Brea,Dayton,73256,6-6,"6'6""",78.0,77.04,"6'5""",-0.96,plays_shorter,77.04,"6'5""",-0.96,plays_shorter
2024,Hassan Diarra,Connecticut,73259,6-2,"6'2""",74.0,77.03,"6'5""",3.03,plays_taller,77.03,"6'5""",3.03,plays_taller
2024,Zarique Nutter,Northern Illinois,73262,6-7,"6'7""",79.0,77.27,"6'5""",-1.73,plays_shorter,77.27,"6'5""",-1.73,plays_shorter
2024,Luke Barrett,Saint Mary's,73264,6-6,"6'6""",78.0,78.37,"6'6""",0.37,plays_at_height,78.37,"6'6""",0.37,plays_at_height
2024,Jaron Rillie,Northern Colorado,73267,6-3,"6'3""",75.0,75.61,"6'4""",0.61,plays_at_height,75.61,"6'4""",0.61,plays_at_height
2024,Norchad Omier,Miami FL,73268,6-7,"6'7""",79.0,82.35,"6'10""",3.35,plays_taller,82.35,"6'10""",3.35,plays_taller
2024,Jalen Myers,Tennessee Martin,73270,6-8,"6'8""",80.0,76.13,"6'4""",-3.87,plays_shorter,76.13,"6'4""",-3.87,plays_shorter
2024,Lamont Butler,San Diego St.,73274,6-2,"6'2""",74.0,76.84,"6'5""",2.84,plays_taller,76.84,"6'5""",2.84,plays_taller
2024,Christian Fussell,Tennessee Martin,73276,6-10,"6'10""",82.0,78.09,"6'6""",-3.91,plays_shorter,78.09,"6'6""",-3.91,plays_shorter
2024,Hunter Erickson,Utah,73285,6-3,"6'3""",75.0,76.15,"6'4""",1.15,plays_taller,76.15,"6'4""",1.15,plays_taller
2024,Tai'Reon Joseph,Southern,73288,6-3,"6'3""",75.0,76.33,"6'4""",1.33,plays_taller,76.33,"6'4""",1.33,plays_taller
2024,Ethan Morton,Purdue,73290,6-7,"6'7""",79.0,75.05,"6'3""",-3.95,plays_shorter,75.05,"6'3""",-3.95,plays_shorter
2024,Micah Peavy,TCU,73292,6-8,"6'8""",80.0,78.94,"6'7""",-1.06,plays_shorter,78.94,"6'7""",-1.06,plays_shorter
2024,Kareem Thompson,Oral Roberts,73297,6-5,"6'5""",77.0,76.03,"6'4""",-0.97,plays_shorter,76.03,"6'4""",-0.97,plays_shorter
2024,Nick Farrar,UNC Wilmington,73299,6-7,"6'7""",79.0,75.12,"6'3""",-3.88,plays_shorter,75.12,"6'3""",-3.88,plays_shorter
2024,Siem Uijtendaal,Canisius,73301,6-6,"6'6""",78.0,74.83,"6'3""",-3.17,plays_shorter,74.83,"6'3""",-3.17,plays_shorter
2024,Patrick Iriel,USC Upstate,73302,6-10,"6'10""",82.0,79.57,"6'8""",-2.43,plays_shorter,79.57,"6'8""",-2.43,plays_shorter
2024,Ja'Von Benson,Hampton,73303,6-8,"6'8""",80.0,83.62,"7'0""",3.62,plays_taller,83.62,"7'0""",3.62,plays_taller
2024,Nehemiah Benson,Binghamton,73308,6-7,"6'7""",79.0,76.67,"6'5""",-2.33,plays_shorter,76.67,"6'5""",-2.33,plays_shorter
2024,Bryce Monroe,IU Indy,73309,5-11,"5'11""",71.0,73.82,"6'2""",2.82,plays_taller,73.82,"6'2""",2.82,plays_taller
2024,Xavier Bell,Wichita St.,73310,6-2,"6'2""",74.0,75.05,"6'3""",1.05,plays_taller,75.05,"6'3""",1.05,plays_taller
2024,Baylor Hebb,UTEP,73316,6-2,"6'2""",74.0,74.93,"6'3""",0.93,plays_taller,74.93,"6'3""",0.93,plays_taller
2024,Antwan Burnett,Grambling St.,73317,6-5,"6'5""",77.0,76.45,"6'4""",-0.55,plays_at_height,76.45,"6'4""",-0.55,plays_at_height
2024,Kellen Amos,Central Connecticut,73323,6-7,"6'7""",79.0,78.33,"6'6""",-0.67,plays_at_height,78.33,"6'6""",-0.67,plays_at_height
2024,Devin Tillis,UC Irvine,73324,6-6,"6'6""",78.0,78.01,"6'6""",0.01,plays_at_height,78.01,"6'6""",0.01,plays_at_height
2024,PJ Carter,UTSA,73329,6-5,"6'5""",77.0,74.53,"6'3""",-2.47,plays_shorter,74.53,"6'3""",-2.47,plays_shorter
2024,Nick Jourdain,Memphis,73335,6-9,"6'9""",81.0,80.21,"6'8""",-0.79,plays_shorter,80.21,"6'8""",-0.79,plays_shorter
2024,David N'Guessan,Kansas St.,73338,6-9,"6'9""",81.0,80.77,"6'9""",-0.23,plays_at_height,80.77,"6'9""",-0.23,plays_at_height
2024,Eric Gaines,UAB,73340,6-2,"6'2""",74.0,77.48,"6'5""",3.48,plays_taller,77.48,"6'5""",3.48,plays_taller
2024,Dante Maddox Jr.,Toledo,73341,6-2,"6'2""",74.0,76.67,"6'5""",2.67,plays_taller,76.67,"6'5""",2.67,plays_taller
2024,Oskar Palmquist,Rutgers,73344,6-8,"6'8""",80.0,77.26,"6'5""",-2.74,plays_shorter,77.26,"6'5""",-2.74,plays_shorter
2024,Henry Abraham,Coastal Carolina,73349,6-0,"6'0""",72.0,73.99,"6'2""",1.99,plays_taller,73.99,"6'2""",1.99,plays_taller
2024,Koby Jeffries,Tennessee Martin,73351,6-3,"6'3""",75.0,76.51,"6'5""",1.51,plays_taller,76.51,"6'5""",1.51,plays_taller
2024,Dishon Jackson,Charlotte,73354,6-11,"6'11""",83.0,81.01,"6'9""",-1.99,plays_shorter,81.01,"6'9""",-1.99,plays_shorter
2024,Josh Smith,Stetson,73355,6-9,"6'9""",81.0,78.83,"6'7""",-2.17,plays_shorter,78.83,"6'7""",-2.17,plays_shorter
2024,Jyare Davis,Delaware,73356,6-7,"6'7""",79.0,79.19,"6'7""",0.19,plays_at_height,79.19,"6'7""",0.19,plays_at_height
2024,Obinna Anochili-Killen,Marshall,73364,6-8,"6'8""",80.0,79.64,"6'8""",-0.36,plays_at_height,79.64,"6'8""",-0.36,plays_at_height
2024,David Early,Tennessee Tech,73365,6-4,"6'4""",76.0,74.44,"6'2""",-1.56,plays_shorter,74.44,"6'2""",-1.56,plays_shorter
2024,Pelle Larsson,Arizona,73366,6-6,"6'6""",78.0,77.87,"6'6""",-0.13,plays_at_height,77.87,"6'6""",-0.13,plays_at_height
2024,Ian Martinez,Utah St.,73368,6-3,"6'3""",75.0,77.88,"6'6""",2.88,plays_taller,77.88,"6'6""",2.88,plays_taller
2024,Aidan Prukop,Cal Poly,73369,6-4,"6'4""",76.0,73.61,"6'2""",-2.39,plays_shorter,73.61,"6'2""",-2.39,plays_shorter
2024,Luke Appel,South Dakota St.,73370,6-8,"6'8""",80.0,76.16,"6'4""",-3.84,plays_shorter,76.16,"6'4""",-3.84,plays_shorter
2024,Dusan Mahorcic,Duquesne,73375,6-10,"6'10""",82.0,77.5,"6'6""",-4.5,plays_shorter,77.5,"6'6""",-4.5,plays_shorter
2024,Jaden House,Rhode Island,73379,6-4,"6'4""",76.0,76.51,"6'5""",0.51,plays_at_height,76.51,"6'5""",0.51,plays_at_height
2024,Zack Austin,Pittsburgh,73380,6-7,"6'7""",79.0,80.48,"6'8""",1.48,plays_taller,80.48,"6'8""",1.48,plays_taller
2024,Alex Holt,Mercer,73385,6-8,"6'8""",80.0,80.0,"6'8""",0.0,plays_at_height,80.0,"6'8""",0.0,plays_at_height
2024,Andrej Jakimovski,Washington St.,73393,6-8,"6'8""",80.0,76.17,"6'4""",-3.83,plays_shorter,76.17,"6'4""",-3.83,plays_shorter
2024,Ismael Plet,Arkansas Pine Bluff,73395,6-8,"6'8""",80.0,80.07,"6'8""",0.07,plays_at_height,80.07,"6'8""",0.07,plays_at_height
2024,Cam Hayes,East Carolina,73399,6-2,"6'2""",74.0,74.35,"6'2""",0.35,plays_at_height,74.35,"6'2""",0.35,plays_at_height
2024,Shakeel Moore,Mississippi St.,73400,6-1,"6'1""",73.0,76.65,"6'5""",3.65,plays_taller,76.65,"6'5""",3.65,plays_taller
2024,Pavle Kuzmaanovic,Little Rock,73401,6-5,"6'5""",77.0,74.2,"6'2""",-2.8,plays_shorter,74.2,"6'2""",-2.8,plays_shorter
2024,A.J. Hoggard,Michigan St.,73402,6-4,"6'4""",76.0,76.59,"6'5""",0.59,plays_at_height,76.59,"6'5""",0.59,plays_at_height
2024,Chibuzo Agbo,Boise St.,73404,6-7,"6'7""",79.0,77.29,"6'5""",-1.71,plays_shorter,77.29,"6'5""",-1.71,plays_shorter
2024,Evan Joyner,North Carolina A&T,73405,6-8,"6'8""",80.0,78.33,"6'6""",-1.67,plays_shorter,78.33,"6'6""",-1.67,plays_shorter
2024,Pavlo Dziuba,High Point,73411,6-8,"6'8""",80.0,78.11,"6'6""",-1.89,plays_shorter,78.11,"6'6""",-1.89,plays_shorter
2024,Jarrett Hensley,Southern Illinois,73413,6-8,"6'8""",80.0,78.72,"6'7""",-1.28,plays_shorter,78.72,"6'7""",-1.28,plays_shorter
2024,Tyler Kolek,Marquette,73416,6-3,"6'3""",75.0,76.53,"6'5""",1.53,plays_taller,76.53,"6'5""",1.53,plays_taller
2024,Joe Munden Jr.,Fairleigh Dickinson,73418,6-3,"6'3""",75.0,76.8,"6'5""",1.8,plays_taller,76.8,"6'5""",1.8,plays_taller
2024,Lincoln Ball,American,73421,6-6,"6'6""",78.0,78.07,"6'6""",0.07,plays_at_height,78.07,"6'6""",0.07,plays_at_height
2024,Jared Garcia,Tulsa,73424,6-8,"6'8""",80.0,80.21,"6'8""",0.21,plays_at_height,80.21,"6'8""",0.21,plays_at_height
2024,Trey Townsend,Oakland,73429,6-6,"6'6""",78.0,79.56,"6'8""",1.56,plays_taller,79.56,"6'8""",1.56,plays_taller
2024,Chris Conway,Oakland,73430,6-9,"6'9""",81.0,78.77,"6'7""",-2.23,plays_shorter,78.77,"6'7""",-2.23,plays_shorter
2024,Micah Parrish,San Diego St.,73431,6-6,"6'6""",78.0,77.47,"6'5""",-0.53,plays_at_height,77.47,"6'5""",-0.53,plays_at_height
2024,Connor Serven,Eastern Michigan,73434,6-8,"6'8""",80.0,78.37,"6'6""",-1.63,plays_shorter,78.37,"6'6""",-1.63,plays_shorter
2024,Tyler McGhie,UC San Diego,73438,6-5,"6'5""",77.0,74.61,"6'3""",-2.39,plays_shorter,74.61,"6'3""",-2.39,plays_shorter
2024,Khristian Lander,Western Kentucky,73439,6-3,"6'3""",75.0,74.79,"6'3""",-0.21,plays_at_height,74.79,"6'3""",-0.21,plays_at_height
2024,Sin'Cere McMahon,Winthrop,73440,6-1,"6'1""",73.0,73.74,"6'2""",0.74,plays_at_height,73.74,"6'2""",0.74,plays_at_height
2024,Evan Johnson,UNC Asheville,73450,5-11,"5'11""",71.0,71.94,"6'0""",0.94,plays_taller,71.94,"6'0""",0.94,plays_taller
2024,Nick Hittle,Southern Indiana,73452,6-10,"6'10""",82.0,76.57,"6'5""",-5.43,plays_shorter,76.57,"6'5""",-5.43,plays_shorter
2024,Jamal Mashburn Jr.,New Mexico,73453,6-2,"6'2""",74.0,74.35,"6'2""",0.35,plays_at_height,74.35,"6'2""",0.35,plays_at_height
2024,Hunter Dickinson,Kansas,73454,7-2,"7'2""",86.0,82.23,"6'10""",-3.77,plays_shorter,82.23,"6'10""",-3.77,plays_shorter
2024,Jaden McClanahan,Utah Valley,73457,5-10,"5'10""",70.0,74.97,"6'3""",4.97,plays_taller,74.97,"6'3""",4.97,plays_taller
2024,Amari Williams,Drexel,73458,6-10,"6'10""",82.0,84.5,"7'1""",2.5,plays_taller,84.5,"7'1""",2.5,plays_taller
2024,Johnell Davis,Florida Atlantic,73459,6-4,"6'4""",76.0,78.1,"6'6""",2.1,plays_taller,78.1,"6'6""",2.1,plays_taller
2024,Niels Lane,Delaware,73461,6-5,"6'5""",77.0,77.47,"6'5""",0.47,plays_at_height,77.47,"6'5""",0.47,plays_at_height
2024,Kellen Tynes,Maine,73468,6-3,"6'3""",75.0,76.85,"6'5""",1.85,plays_taller,76.85,"6'5""",1.85,plays_taller
2024,Angelo Stuart,Milwaukee,73469,6-1,"6'1""",73.0,73.72,"6'2""",0.72,plays_at_height,73.72,"6'2""",0.72,plays_at_height
2024,Jalen Celestine,California,73474,6-7,"6'7""",79.0,76.52,"6'5""",-2.48,plays_shorter,76.52,"6'5""",-2.48,plays_shorter
2024,Alem Huseinovic,Rice,73475,6-4,"6'4""",76.0,74.59,"6'3""",-1.41,plays_shorter,74.59,"6'3""",-1.41,plays_shorter
2024,JaKobe Coles,TCU,73480,6-8,"6'8""",80.0,77.96,"6'6""",-2.04,plays_shorter,77.96,"6'6""",-2.04,plays_shorter
2024,Emory Lanier,SMU,73483,6-4,"6'4""",76.0,74.92,"6'3""",-1.08,plays_shorter,74.92,"6'3""",-1.08,plays_shorter
2024,Zondrick Garrett,East Texas A&M,73484,6-8,"6'8""",80.0,79.06,"6'7""",-0.94,plays_shorter,79.06,"6'7""",-0.94,plays_shorter
2024,Connor Linke,Bradley,73487,6-9,"6'9""",81.0,78.15,"6'6""",-2.85,plays_shorter,78.15,"6'6""",-2.85,plays_shorter
2024,Darius Hannah,Bradley,73489,6-9,"6'9""",81.0,82.59,"6'11""",1.59,plays_taller,82.59,"6'11""",1.59,plays_taller
2024,Viktor Rajkovic,Seattle,73491,6-6,"6'6""",78.0,76.84,"6'5""",-1.16,plays_shorter,76.84,"6'5""",-1.16,plays_shorter
2024,Kobe Sanders,Cal Poly,73493,6-8,"6'8""",80.0,76.65,"6'5""",-3.35,plays_shorter,76.65,"6'5""",-3.35,plays_shorter
2024,Dionte Bostick,Cal St. Northridge,73494,6-2,"6'2""",74.0,76.67,"6'5""",2.67,plays_taller,76.67,"6'5""",2.67,plays_taller
2024,Dyson Koehler,Weber St.,73498,6-7,"6'7""",79.0,77.78,"6'6""",-1.22,plays_shorter,77.78,"6'6""",-1.22,plays_shorter
2024,Boden Skunberg,North Dakota St.,73499,6-5,"6'5""",77.0,75.66,"6'4""",-1.34,plays_shorter,75.66,"6'4""",-1.34,plays_shorter
2024,Alston Andrews,Delaware St.,73500,6-10,"6'10""",82.0,78.36,"6'6""",-3.64,plays_shorter,78.36,"6'6""",-3.64,plays_shorter
2024,Sam Hines Jr.,South Florida,73501,6-6,"6'6""",78.0,78.76,"6'7""",0.76,plays_taller,78.76,"6'7""",0.76,plays_taller
2024,Derek Fountain,LSU,73504,6-10,"6'10""",82.0,79.06,"6'7""",-2.94,plays_shorter,79.06,"6'7""",-2.94,plays_shorter
2024,Darrion Trammell,San Diego St.,73505,5-10,"5'10""",70.0,75.04,"6'3""",5.04,plays_taller,75.04,"6'3""",5.04,plays_taller
2024,Isaiah Range,Alabama St.,73508,6-4,"6'4""",76.0,74.11,"6'2""",-1.89,plays_shorter,74.11,"6'2""",-1.89,plays_shorter
2024,Myles Stute,South Carolina,73509,6-6,"6'6""",78.0,76.96,"6'5""",-1.04,plays_shorter,76.96,"6'5""",-1.04,plays_shorter
2024,Puff Johnson,Penn St.,73516,6-8,"6'8""",80.0,77.43,"6'5""",-2.57,plays_shorter,77.43,"6'5""",-2.57,plays_shorter
2024,Joe Bamisile,VCU,73517,6-4,"6'4""",76.0,77.85,"6'6""",1.85,plays_taller,77.85,"6'6""",1.85,plays_taller
2024,Darius Maddox,George Mason,73520,6-5,"6'5""",77.0,75.97,"6'4""",-1.03,plays_shorter,75.97,"6'4""",-1.03,plays_shorter
2024,BJ McLaurin,Queens,73523,6-8,"6'8""",80.0,77.44,"6'5""",-2.56,plays_shorter,77.44,"6'5""",-2.56,plays_shorter
2024,Gabe Wiznitzer,Ohio,73527,6-11,"6'11""",83.0,79.56,"6'8""",-3.44,plays_shorter,79.56,"6'8""",-3.44,plays_shorter
2024,Davonte Davis,Arkansas,73528,6-4,"6'4""",76.0,75.92,"6'4""",-0.08,plays_at_height,75.92,"6'4""",-0.08,plays_at_height
2024,Isaiah Rivera,Illinois Chicago,73530,6-5,"6'5""",77.0,76.98,"6'5""",-0.02,plays_at_height,76.98,"6'5""",-0.02,plays_at_height
2024,Dre Davis,Seton Hall,73531,6-6,"6'6""",78.0,79.73,"6'8""",1.73,plays_taller,79.73,"6'8""",1.73,plays_taller
2024,JJ Traynor,Louisville,73534,6-8,"6'8""",80.0,78.34,"6'6""",-1.66,plays_shorter,78.34,"6'6""",-1.66,plays_shorter
2024,Matteo Picarelli,Temple,73540,6-2,"6'2""",74.0,73.9,"6'2""",-0.1,plays_at_height,73.9,"6'2""",-0.1,plays_at_height
2024,Devontae Blanton,Eastern Kentucky,73548,6-6,"6'6""",78.0,77.01,"6'5""",-0.99,plays_shorter,77.01,"6'5""",-0.99,plays_shorter
2024,Selton Miguel,South Florida,73550,6-4,"6'4""",76.0,76.05,"6'4""",0.05,plays_at_height,76.05,"6'4""",0.05,plays_at_height
2024,Aly Khalifa,BYU,73551,6-11,"6'11""",83.0,78.28,"6'6""",-4.72,plays_shorter,78.28,"6'6""",-4.72,plays_shorter
2024,Tyler Brelsford,Bryant,73555,6-4,"6'4""",76.0,74.77,"6'3""",-1.23,plays_shorter,74.77,"6'3""",-1.23,plays_shorter
2024,Supreme Cook,Georgetown,73556,6-9,"6'9""",81.0,81.82,"6'10""",0.82,plays_taller,81.82,"6'10""",0.82,plays_taller
2024,Connor Creech,Northern Colorado,73557,6-6,"6'6""",78.0,76.36,"6'4""",-1.64,plays_shorter,76.36,"6'4""",-1.64,plays_shorter
2024,Tony Perkins,Iowa,73558,6-4,"6'4""",76.0,77.78,"6'6""",1.78,plays_taller,77.78,"6'6""",1.78,plays_taller
2024,Jamahri Harvey,Presbyterian,73564,6-4,"6'4""",76.0,74.85,"6'3""",-1.15,plays_shorter,74.85,"6'3""",-1.15,plays_shorter
2024,Duke Miles,High Point,73566,6-3,"6'3""",75.0,76.11,"6'4""",1.11,plays_taller,76.11,"6'4""",1.11,plays_taller
2024,Clarence Jackson,New Mexico St.,73567,6-7,"6'7""",79.0,76.31,"6'4""",-2.69,plays_shorter,76.31,"6'4""",-2.69,plays_shorter
2024,Jaden Seymour,East Tennessee St.,73568,6-8,"6'8""",80.0,79.27,"6'7""",-0.73,plays_at_height,79.27,"6'7""",-0.73,plays_at_height
2024,Jordan Geronimo,Maryland,73569,6-6,"6'6""",78.0,79.79,"6'8""",1.79,plays_taller,79.79,"6'8""",1.79,plays_taller
2024,Max Brooks,UMass Lowell,73573,6-7,"6'7""",79.0,82.66,"6'11""",3.66,plays_taller,82.66,"6'11""",3.66,plays_taller
2024,Chris Youngblood,South Florida,73574,6-4,"6'4""",76.0,76.43,"6'4""",0.43,plays_at_height,76.43,"6'4""",0.43,plays_at_height
2024,Terrance Williams II,Michigan,73576,6-7,"6'7""",79.0,77.01,"6'5""",-1.99,plays_shorter,77.01,"6'5""",-1.99,plays_shorter
2024,Lamar Oden Jr.,Drexel,73578,6-6,"6'6""",78.0,76.51,"6'5""",-1.49,plays_shorter,76.51,"6'5""",-1.49,plays_shorter
2024,Jalen Cook,LSU,73580,6-0,"6'0""",72.0,75.28,"6'3""",3.28,plays_taller,75.28,"6'3""",3.28,plays_taller
2024,Zeb Jackson,VCU,73581,6-5,"6'5""",77.0,77.45,"6'5""",0.45,plays_at_height,77.45,"6'5""",0.45,plays_at_height
2024,John Mikey Square,Cal St. Fullerton,73586,6-6,"6'6""",78.0,79.58,"6'8""",1.58,plays_taller,79.58,"6'8""",1.58,plays_taller
2024,Christian Turner,Texas St.,73588,6-7,"6'7""",79.0,78.01,"6'6""",-0.99,plays_shorter,78.01,"6'6""",-0.99,plays_shorter
2024,Nick Boyd,Florida Atlantic,73590,6-3,"6'3""",75.0,75.13,"6'3""",0.13,plays_at_height,75.13,"6'3""",0.13,plays_at_height
2024,Tyler Patterson,Montana St.,73592,6-8,"6'8""",80.0,74.35,"6'2""",-5.65,plays_shorter,74.35,"6'2""",-5.65,plays_shorter
2024,Ray'Sean Taylor,SIU Edwardsville,73594,6-1,"6'1""",73.0,74.77,"6'3""",1.77,plays_taller,74.77,"6'3""",1.77,plays_taller
2024,Trey Bonham,Chattanooga,73596,6-0,"6'0""",72.0,77.22,"6'5""",5.22,plays_taller,77.22,"6'5""",5.22,plays_taller
2024,Francesco Borra,UC Davis,73597,7-0,"7'0""",84.0,78.24,"6'6""",-5.76,plays_shorter,78.24,"6'6""",-5.76,plays_shorter
2024,Dwayne Koroma,UT Arlington,73599,6-8,"6'8""",80.0,78.88,"6'7""",-1.12,plays_shorter,78.88,"6'7""",-1.12,plays_shorter
2024,DJ Nussbaum,VMI,73605,6-9,"6'9""",81.0,77.12,"6'5""",-3.88,plays_shorter,77.12,"6'5""",-3.88,plays_shorter
2024,Bryce Johnson,Northeastern,73606,6-6,"6'6""",78.0,77.2,"6'5""",-0.8,plays_shorter,77.2,"6'5""",-0.8,plays_shorter
2024,Max Shulga,VCU,73607,6-5,"6'5""",77.0,77.35,"6'5""",0.35,plays_at_height,77.35,"6'5""",0.35,plays_at_height
2024,Grant Nelson,Alabama,73609,6-11,"6'11""",83.0,81.45,"6'9""",-1.55,plays_shorter,81.45,"6'9""",-1.55,plays_shorter
2024,Isaiah Pope,Fresno St.,73610,6-5,"6'5""",77.0,75.41,"6'3""",-1.59,plays_shorter,75.41,"6'3""",-1.59,plays_shorter
2024,Jaylin Jackson-Posey,New Mexico St.,73614,6-2,"6'2""",74.0,75.86,"6'4""",1.86,plays_taller,75.86,"6'4""",1.86,plays_taller
2024,Jayson Kent,Indiana St.,73616,6-8,"6'8""",80.0,81.33,"6'9""",1.33,plays_taller,81.33,"6'9""",1.33,plays_taller
2024,Jamal West Jr.,Nicholls St.,73618,6-6,"6'6""",78.0,80.59,"6'9""",2.59,plays_taller,80.59,"6'9""",2.59,plays_taller
2024,AJ McGinnis,Lipscomb,73621,6-4,"6'4""",76.0,75.36,"6'3""",-0.64,plays_at_height,75.36,"6'3""",-0.64,plays_at_height
2024,JaCobi Wood,Murray St.,73622,6-2,"6'2""",74.0,75.41,"6'3""",1.41,plays_taller,75.41,"6'3""",1.41,plays_taller
2024,Kadary Richmond,Seton Hall,73625,6-6,"6'6""",78.0,79.37,"6'7""",1.37,plays_taller,79.37,"6'7""",1.37,plays_taller
2024,Kendal Coleman,Cal Baptist,73633,6-8,"6'8""",80.0,81.42,"6'9""",1.42,plays_taller,81.42,"6'9""",1.42,plays_taller
2024,Kerwin Walton,Texas Tech,73638,6-5,"6'5""",77.0,76.05,"6'4""",-0.95,plays_shorter,76.05,"6'4""",-0.95,plays_shorter
2024,Dwon Odom,Georgia St.,73640,6-2,"6'2""",74.0,77.54,"6'6""",3.54,plays_taller,77.54,"6'6""",3.54,plays_taller
2024,Edoardo Del Cadia,Detroit Mercy,73641,6-8,"6'8""",80.0,78.7,"6'7""",-1.3,plays_shorter,78.7,"6'7""",-1.3,plays_shorter
2024,Jhaylon Martinez,UC Riverside,73642,6-11,"6'11""",83.0,77.15,"6'5""",-5.85,plays_shorter,77.15,"6'5""",-5.85,plays_shorter
2024,Tre Coleman,Nevada,73643,6-7,"6'7""",79.0,77.53,"6'6""",-1.47,plays_shorter,77.53,"6'6""",-1.47,plays_shorter
2024,Marcus Williams,San Francisco,73646,6-1,"6'1""",73.0,76.92,"6'5""",3.92,plays_taller,76.92,"6'5""",3.92,plays_taller
2024,Ronald Polite III,George Mason,73647,6-2,"6'2""",74.0,75.99,"6'4""",1.99,plays_taller,75.99,"6'4""",1.99,plays_taller
2024,Mekhi Gray,NJIT,73656,6-4,"6'4""",76.0,77.19,"6'5""",1.19,plays_taller,77.19,"6'5""",1.19,plays_taller
2024,Dalton Banks,Illinois St.,73659,6-2,"6'2""",74.0,75.5,"6'3""",1.5,plays_taller,75.5,"6'3""",1.5,plays_taller
2024,Andre Curbelo,Southern Miss,73661,6-0,"6'0""",72.0,75.75,"6'4""",3.75,plays_taller,75.75,"6'4""",3.75,plays_taller
2024,Kaleb Thornton,Akron,73662,6-0,"6'0""",72.0,75.07,"6'3""",3.07,plays_taller,75.07,"6'3""",3.07,plays_taller
2024,Will Pruitt,Lipscomb,73663,6-3,"6'3""",75.0,76.47,"6'4""",1.47,plays_taller,76.47,"6'4""",1.47,plays_taller
2024,Marcus Niblack,Jacksonville,73671,6-2,"6'2""",74.0,76.66,"6'5""",2.66,plays_taller,76.66,"6'5""",2.66,plays_taller
2024,Corey Walker Jr.,South Florida,73679,6-8,"6'8""",80.0,80.67,"6'9""",0.67,plays_at_height,80.67,"6'9""",0.67,plays_at_height
2024,Darnell Brodie,Drake,73680,6-10,"6'10""",82.0,81.5,"6'10""",-0.5,plays_at_height,81.5,"6'10""",-0.5,plays_at_height
2024,Jadrian Tracey,Oregon,73683,6-5,"6'5""",77.0,76.38,"6'4""",-0.62,plays_at_height,76.38,"6'4""",-0.62,plays_at_height
2024,Shahada Wells,McNeese St.,73690,6-0,"6'0""",72.0,77.76,"6'6""",5.76,plays_taller,77.76,"6'6""",5.76,plays_taller
2024,Vladislav Goldin,Florida Atlantic,73691,7-1,"7'1""",85.0,83.77,"7'0""",-1.23,plays_shorter,83.77,"7'0""",-1.23,plays_shorter
2024,Rongie Gordon,Kennesaw St.,73696,6-8,"6'8""",80.0,79.51,"6'8""",-0.49,plays_at_height,79.51,"6'8""",-0.49,plays_at_height
2024,Caleb Lohner,Baylor,73697,6-8,"6'8""",80.0,79.32,"6'7""",-0.68,plays_at_height,79.32,"6'7""",-0.68,plays_at_height
2024,Otis Frazier III,UTEP,73698,6-6,"6'6""",78.0,79.38,"6'7""",1.38,plays_taller,79.38,"6'7""",1.38,plays_taller
2024,Kaleb Scott,Presbyterian,73699,6-6,"6'6""",78.0,79.35,"6'7""",1.35,plays_taller,79.35,"6'7""",1.35,plays_taller
2024,Nana Antwi-Boasiako,Stephen F. Austin,73700,6-9,"6'9""",81.0,79.78,"6'8""",-1.22,plays_shorter,79.78,"6'8""",-1.22,plays_shorter
2024,Nicholas Gazelas,Prairie View A&M,73702,6-4,"6'4""",76.0,72.67,"6'1""",-3.33,plays_shorter,72.67,"6'1""",-3.33,plays_shorter
2024,Jay Pal,San Diego St.,73706,6-9,"6'9""",81.0,81.77,"6'10""",0.77,plays_taller,81.77,"6'10""",0.77,plays_taller
2024,Jordan Wilmore,Austin Peay,73709,7-3,"7'3""",87.0,79.21,"6'7""",-7.79,plays_shorter,79.21,"6'7""",-7.79,plays_shorter
2024,Marcellus Brigham Jr.,Jacksonville St.,73713,6-7,"6'7""",79.0,77.66,"6'6""",-1.34,plays_shorter,77.66,"6'6""",-1.34,plays_shorter
2024,Brandon Angel,Stanford,73716,6-8,"6'8""",80.0,77.79,"6'6""",-2.21,plays_shorter,77.79,"6'6""",-2.21,plays_shorter
2024,Sheldon Edwards,Loyola Chicago,73717,6-4,"6'4""",76.0,76.25,"6'4""",0.25,plays_at_height,76.25,"6'4""",0.25,plays_at_height
2024,Gediminas Mokseckas,Campbell,73718,6-4,"6'4""",76.0,75.18,"6'3""",-0.82,plays_shorter,75.18,"6'3""",-0.82,plays_shorter
2024,Kobe Williamson,Seattle,73720,6-8,"6'8""",80.0,80.5,"6'9""",0.5,plays_at_height,80.5,"6'9""",0.5,plays_at_height
2024,Isaiah Richards,Gardner Webb,73730,6-10,"6'10""",82.0,80.55,"6'9""",-1.45,plays_shorter,80.55,"6'9""",-1.45,plays_shorter
2024,Quinn Strander,Nicholls St.,73731,5-10,"5'10""",70.0,75.55,"6'4""",5.55,plays_taller,75.55,"6'4""",5.55,plays_taller
2024,Mylyjael Poteat,Virginia Tech,73735,6-9,"6'9""",81.0,80.94,"6'9""",-0.06,plays_at_height,80.94,"6'9""",-0.06,plays_at_height
2024,Ileri Ayo-Faleye,Vermont,73741,6-8,"6'8""",80.0,80.96,"6'9""",0.96,plays_taller,80.96,"6'9""",0.96,plays_taller
2024,Szymon Zapala,Longwood,73746,7-0,"7'0""",84.0,82.67,"6'11""",-1.33,plays_shorter,82.67,"6'11""",-1.33,plays_shorter
2024,Austin Harvell,Alabama A&M,73758,6-6,"6'6""",78.0,77.98,"6'6""",-0.02,plays_at_height,77.98,"6'6""",-0.02,plays_at_height
2024,Kiyron Powell,Southern Indiana,73760,6-8,"6'8""",80.0,80.98,"6'9""",0.98,plays_taller,80.98,"6'9""",0.98,plays_taller
2024,Jayden Stone,Detroit Mercy,73761,6-4,"6'4""",76.0,76.92,"6'5""",0.92,plays_taller,76.92,"6'5""",0.92,plays_taller
2024,Daniel Batcho,Louisiana Tech,73762,6-11,"6'11""",83.0,84.52,"7'1""",1.52,plays_taller,84.52,"7'1""",1.52,plays_taller
2024,Tibet Gorener,San Jose St.,73764,6-9,"6'9""",81.0,76.17,"6'4""",-4.83,plays_shorter,76.17,"6'4""",-4.83,plays_shorter
2024,Max Klesmit,Wisconsin,73766,6-4,"6'4""",76.0,74.77,"6'3""",-1.23,plays_shorter,74.77,"6'3""",-1.23,plays_shorter
2024,Sam Godwin,Oklahoma,73767,6-10,"6'10""",82.0,82.05,"6'10""",0.05,plays_at_height,82.05,"6'10""",0.05,plays_at_height
2024,Nick Pringle,Alabama,73768,6-10,"6'10""",82.0,81.77,"6'10""",-0.23,plays_at_height,81.77,"6'10""",-0.23,plays_at_height
2024,Kerr Kriisa,West Virginia,73770,6-3,"6'3""",75.0,73.89,"6'2""",-1.11,plays_shorter,73.89,"6'2""",-1.11,plays_shorter
2024,Kyler Filewich,Wofford,73776,6-9,"6'9""",81.0,81.03,"6'9""",0.03,plays_at_height,81.03,"6'9""",0.03,plays_at_height
2024,Luke Kasubke,Illinois St.,73778,6-5,"6'5""",77.0,74.55,"6'3""",-2.45,plays_shorter,74.55,"6'3""",-2.45,plays_shorter
2024,Myles Tate,Appalachian St.,73780,6-0,"6'0""",72.0,75.49,"6'3""",3.49,plays_taller,75.49,"6'3""",3.49,plays_taller
2024,Dominick Harris,Loyola Marymount,73787,6-3,"6'3""",75.0,75.62,"6'4""",0.62,plays_at_height,75.62,"6'4""",0.62,plays_at_height
2024,Nimari Burnett,Michigan,73788,6-4,"6'4""",76.0,76.83,"6'5""",0.83,plays_taller,76.83,"6'5""",0.83,plays_taller
2024,Devin Butler,VMI,73789,6-2,"6'2""",74.0,74.11,"6'2""",0.11,plays_at_height,74.11,"6'2""",0.11,plays_at_height
2024,RJ Davis,North Carolina,73790,6-0,"6'0""",72.0,75.37,"6'3""",3.37,plays_taller,75.37,"6'3""",3.37,plays_taller
2024,C.J. Wilcher,Nebraska,73795,6-5,"6'5""",77.0,75.01,"6'3""",-1.99,plays_shorter,75.01,"6'3""",-1.99,plays_shorter
2024,Dylan Cardwell,Auburn,73796,6-11,"6'11""",83.0,85.24,"7'1""",2.24,plays_taller,85.24,"7'1""",2.24,plays_taller
2024,Alex Merkviladze,Loyola Marymount,73797,6-8,"6'8""",80.0,77.57,"6'6""",-2.43,plays_shorter,77.57,"6'6""",-2.43,plays_shorter
2024,Atin Wright,Drake,73800,6-1,"6'1""",73.0,75.02,"6'3""",2.02,plays_taller,75.02,"6'3""",2.02,plays_taller
2024,Isiah Warfield,Howard,73801,6-5,"6'5""",77.0,76.16,"6'4""",-0.84,plays_shorter,76.16,"6'4""",-0.84,plays_shorter
2024,Jeff Woodward,Colgate,73805,6-11,"6'11""",83.0,80.56,"6'9""",-2.44,plays_shorter,80.56,"6'9""",-2.44,plays_shorter
2024,Kyle Jenkins,Lafayette,73806,6-7,"6'7""",79.0,77.38,"6'5""",-1.62,plays_shorter,77.38,"6'5""",-1.62,plays_shorter
2024,Mikeal Brown-Jones,UNC Greensboro,73808,6-8,"6'8""",80.0,80.95,"6'9""",0.95,plays_taller,80.95,"6'9""",0.95,plays_taller
2024,Sam Thomson,Colgate,73810,6-9,"6'9""",81.0,78.0,"6'6""",-3.0,plays_shorter,78.0,"6'6""",-3.0,plays_shorter
2024,Ronnie DeGray III,Wichita St.,73811,6-6,"6'6""",78.0,76.93,"6'5""",-1.07,plays_shorter,76.93,"6'5""",-1.07,plays_shorter
2024,Frantisek Barton,Mount St. Mary's,73812,6-7,"6'7""",79.0,78.38,"6'6""",-0.62,plays_at_height,78.38,"6'6""",-0.62,plays_at_height
2024,Ace Baldwin Jr.,Penn St.,73814,6-1,"6'1""",73.0,75.59,"6'4""",2.59,plays_taller,75.59,"6'4""",2.59,plays_taller
2024,Deuce Turner,San Diego,73818,6-2,"6'2""",74.0,74.55,"6'3""",0.55,plays_at_height,74.55,"6'3""",0.55,plays_at_height
2024,Joshua Reaves,Mount St. Mary's,73819,6-4,"6'4""",76.0,73.8,"6'2""",-2.2,plays_shorter,73.8,"6'2""",-2.2,plays_shorter
2024,Quinton Mincey,UMass Lowell,73820,6-7,"6'7""",79.0,78.84,"6'7""",-0.16,plays_at_height,78.84,"6'7""",-0.16,plays_at_height
2024,Dyondre Dominguez,Arkansas St.,73821,6-9,"6'9""",81.0,78.65,"6'7""",-2.35,plays_shorter,78.65,"6'7""",-2.35,plays_shorter
2024,Amir Nesbitt,Hampton,73825,6-1,"6'1""",73.0,74.62,"6'3""",1.62,plays_taller,74.62,"6'3""",1.62,plays_taller
2024,Josh Adoh,Bucknell,73828,6-4,"6'4""",76.0,76.85,"6'5""",0.85,plays_taller,76.85,"6'5""",0.85,plays_taller
2024,Andre Screen,Butler,73829,7-1,"7'1""",85.0,82.1,"6'10""",-2.9,plays_shorter,82.1,"6'10""",-2.9,plays_shorter
2024,Dakota Leffew,Mount St. Mary's,73830,6-5,"6'5""",77.0,76.65,"6'5""",-0.35,plays_at_height,76.65,"6'5""",-0.35,plays_at_height
2024,Javohn Garcia,McNeese St.,73832,6-3,"6'3""",75.0,77.07,"6'5""",2.07,plays_taller,77.07,"6'5""",2.07,plays_taller
2024,DaJion Humphrey,Bowling Green,73835,6-4,"6'4""",76.0,74.24,"6'2""",-1.76,plays_shorter,74.24,"6'2""",-1.76,plays_shorter
2024,Louth-M Coulibaly,Holy Cross,73838,6-9,"6'9""",81.0,79.4,"6'7""",-1.6,plays_shorter,79.4,"6'7""",-1.6,plays_shorter
2024,Judson Martindale,Pacific,73839,6-7,"6'7""",79.0,75.47,"6'3""",-3.53,plays_shorter,75.47,"6'3""",-3.53,plays_shorter
2024,Miles Brewster,Boston University,73841,6-3,"6'3""",75.0,76.78,"6'5""",1.78,plays_taller,76.78,"6'5""",1.78,plays_taller
2024,Anthony Morales,Boston University,73842,6-8,"6'8""",80.0,79.18,"6'7""",-0.82,plays_shorter,79.18,"6'7""",-0.82,plays_shorter
2024,Jalin Sinclair,Lehigh,73843,5-10,"5'10""",70.0,73.97,"6'2""",3.97,plays_taller,73.97,"6'2""",3.97,plays_taller
2024,RJ Johnson,Charleston Southern,73844,6-1,"6'1""",73.0,74.26,"6'2""",1.26,plays_taller,74.26,"6'2""",1.26,plays_taller
2024,Bo Montgomery,Holy Cross,73845,6-5,"6'5""",77.0,75.64,"6'4""",-1.36,plays_shorter,75.64,"6'4""",-1.36,plays_shorter
2024,Colin Smalls,American,73847,6-2,"6'2""",74.0,74.88,"6'3""",0.88,plays_taller,74.88,"6'3""",0.88,plays_taller
2024,Johnny O'Neil,Santa Clara,73849,6-10,"6'10""",82.0,79.02,"6'7""",-2.98,plays_shorter,79.02,"6'7""",-2.98,plays_shorter
2024,Matt Rogers,American,73850,6-9,"6'9""",81.0,79.51,"6'8""",-1.49,plays_shorter,79.51,"6'8""",-1.49,plays_shorter
2024,Chris Gleaton,American,73852,6-3,"6'3""",75.0,75.36,"6'3""",0.36,plays_at_height,75.36,"6'3""",0.36,plays_at_height
2024,Eric Sondberg,Lafayette,73855,6-7,"6'7""",79.0,75.46,"6'3""",-3.54,plays_shorter,75.46,"6'3""",-3.54,plays_shorter
2024,Abe Johnson,Army,73856,6-8,"6'8""",80.0,81.86,"6'10""",1.86,plays_taller,81.86,"6'10""",1.86,plays_taller
2024,Charlie Peterson,Army,73866,6-9,"6'9""",81.0,78.91,"6'7""",-2.09,plays_shorter,78.91,"6'7""",-2.09,plays_shorter
2024,Jared Cross,Army,73867,6-3,"6'3""",75.0,74.43,"6'2""",-0.57,plays_at_height,74.43,"6'2""",-0.57,plays_at_height
2024,Kwabena Davis,Army,73869,6-3,"6'3""",75.0,75.62,"6'4""",0.62,plays_at_height,75.62,"6'4""",0.62,plays_at_height
2024,Jamir Watkins,Florida St.,73872,6-7,"6'7""",79.0,80.38,"6'8""",1.38,plays_taller,80.38,"6'8""",1.38,plays_taller
2024,Alonso Faure,Loyola MD,73877,6-10,"6'10""",82.0,79.86,"6'8""",-2.14,plays_shorter,79.86,"6'8""",-2.14,plays_shorter
2024,Dominic Parolin,Lehigh,73885,6-9,"6'9""",81.0,78.74,"6'7""",-2.26,plays_shorter,78.74,"6'7""",-2.26,plays_shorter
2024,Lorenzo Donadio,American,73890,6-4,"6'4""",76.0,75.98,"6'4""",-0.02,plays_at_height,75.98,"6'4""",-0.02,plays_at_height
2024,Josh Banks,UNC Asheville,73891,6-5,"6'5""",77.0,76.33,"6'4""",-0.67,plays_at_height,76.33,"6'4""",-0.67,plays_at_height
2024,Floyd Rideau Jr.,USC Upstate,74024,6-5,"6'5""",77.0,77.26,"6'5""",0.26,plays_at_height,77.26,"6'5""",0.26,plays_at_height
2024,Garrett Tipton,Bellarmine,74064,6-4,"6'4""",76.0,75.45,"6'3""",-0.55,plays_at_height,75.45,"6'3""",-0.55,plays_at_height
2024,Alec Pfriem,Bellarmine,74066,6-5,"6'5""",77.0,76.84,"6'5""",-0.16,plays_at_height,76.84,"6'5""",-0.16,plays_at_height
2024,Jamille Reynolds,Cincinnati,74068,6-11,"6'11""",83.0,81.33,"6'9""",-1.67,plays_shorter,81.33,"6'9""",-1.67,plays_shorter
2024,Isaiah Adams,Buffalo,74069,6-6,"6'6""",78.0,76.3,"6'4""",-1.7,plays_shorter,76.3,"6'4""",-1.7,plays_shorter
2024,Bash Wieland,Bellarmine,74077,6-6,"6'6""",78.0,76.42,"6'4""",-1.58,plays_shorter,76.42,"6'4""",-1.58,plays_shorter
2024,Jemal Davis,Central Michigan,74079,6-8,"6'8""",80.0,77.23,"6'5""",-2.77,plays_shorter,77.23,"6'5""",-2.77,plays_shorter
2024,Themus Fulks,Louisiana,74080,6-1,"6'1""",73.0,74.96,"6'3""",1.96,plays_taller,74.96,"6'3""",1.96,plays_taller
2024,DeLonnie Hunt,Richmond,74096,6-0,"6'0""",72.0,75.39,"6'3""",3.39,plays_taller,75.39,"6'3""",3.39,plays_taller
2024,Zahree Harrison,Coppin St.,74099,6-0,"6'0""",72.0,74.95,"6'3""",2.95,plays_taller,74.95,"6'3""",2.95,plays_taller
2024,Jalani Bell,Jackson St.,74112,6-0,"6'0""",72.0,73.87,"6'2""",1.87,plays_taller,73.87,"6'2""",1.87,plays_taller
2024,Joe Octave,Holy Cross,74114,6-4,"6'4""",76.0,77.32,"6'5""",1.32,plays_taller,77.32,"6'5""",1.32,plays_taller
2024,Sion James,Tulane,74127,6-6,"6'6""",78.0,78.47,"6'6""",0.47,plays_at_height,78.47,"6'6""",0.47,plays_at_height
2024,Devin Gordon,North Carolina Central,74135,6-5,"6'5""",77.0,74.93,"6'3""",-2.07,plays_shorter,74.93,"6'3""",-2.07,plays_shorter
2024,Braelon Bush,Northwestern St.,74147,5-8,"5'8""",68.0,74.1,"6'2""",6.1,plays_taller,74.1,"6'2""",6.1,plays_taller
2024,Dallas Howell,North Alabama,74150,6-7,"6'7""",79.0,78.48,"6'6""",-0.52,plays_at_height,78.48,"6'6""",-0.52,plays_at_height
2024,Austin Patterson,Sacramento St.,74165,6-3,"6'3""",75.0,76.64,"6'5""",1.64,plays_taller,76.64,"6'5""",1.64,plays_taller
2024,Chad Venning,St. Bonaventure,74184,6-10,"6'10""",82.0,80.73,"6'9""",-1.27,plays_shorter,80.73,"6'9""",-1.27,plays_shorter
2024,Reese Waters,San Diego St.,74185,6-6,"6'6""",78.0,76.88,"6'5""",-1.12,plays_shorter,76.88,"6'5""",-1.12,plays_shorter
2024,Ben Gregg,Gonzaga,74186,6-10,"6'10""",82.0,80.12,"6'8""",-1.88,plays_shorter,80.12,"6'8""",-1.88,plays_shorter
2024,Mustapha Amzil,New Mexico,74187,6-9,"6'9""",81.0,77.53,"6'6""",-3.47,plays_shorter,77.53,"6'6""",-3.47,plays_shorter
2024,Babacar Diallo,UMKC,74188,6-6,"6'6""",78.0,77.36,"6'5""",-0.64,plays_at_height,77.36,"6'5""",-0.64,plays_at_height
2024,James Graham,Buffalo,74189,6-7,"6'7""",79.0,75.51,"6'4""",-3.49,plays_shorter,75.51,"6'4""",-3.49,plays_shorter
2024,Carter Whitt,Furman,74190,6-3,"6'3""",75.0,75.61,"6'4""",0.61,plays_at_height,75.61,"6'4""",0.61,plays_at_height
2024,Meechie Johnson,South Carolina,74192,6-2,"6'2""",74.0,76.31,"6'4""",2.31,plays_taller,76.31,"6'4""",2.31,plays_taller
2024,Isaiah Folkes,Charlotte,74196,6-4,"6'4""",76.0,76.9,"6'5""",0.9,plays_taller,76.9,"6'5""",0.9,plays_taller
2024,Franck Kepnang,Washington,74203,6-11,"6'11""",83.0,82.73,"6'11""",-0.27,plays_at_height,82.73,"6'11""",-0.27,plays_at_height
2024,Sadaidriene Hall,Stephen F. Austin,74212,6-5,"6'5""",77.0,78.34,"6'6""",1.34,plays_taller,78.34,"6'6""",1.34,plays_taller
2024,Jordan Nesbitt,Hampton,74215,6-6,"6'6""",78.0,76.97,"6'5""",-1.03,plays_shorter,76.97,"6'5""",-1.03,plays_shorter
2024,David Jones,Memphis,74217,6-6,"6'6""",78.0,79.42,"6'7""",1.42,plays_taller,79.42,"6'7""",1.42,plays_taller
2024,Mac Etienne,DePaul,74218,6-10,"6'10""",82.0,79.65,"6'8""",-2.35,plays_shorter,79.65,"6'8""",-2.35,plays_shorter
2024,Lysander Rehnstrom,Navy,74221,6-3,"6'3""",75.0,73.78,"6'2""",-1.22,plays_shorter,73.78,"6'2""",-1.22,plays_shorter
2024,Stephan Swenson,Stetson,74234,6-2,"6'2""",74.0,76.43,"6'4""",2.43,plays_taller,76.43,"6'4""",2.43,plays_taller
2024,Paul Bruns,South Dakota,74258,6-4,"6'4""",76.0,75.26,"6'3""",-0.74,plays_at_height,75.26,"6'3""",-0.74,plays_at_height
2024,KJ Jenkins,UNC Wilmington,74268,6-2,"6'2""",74.0,74.24,"6'2""",0.24,plays_at_height,74.24,"6'2""",0.24,plays_at_height
2024,Ethan Price,Eastern Washington,74270,6-10,"6'10""",82.0,78.48,"6'6""",-3.52,plays_shorter,78.48,"6'6""",-3.52,plays_shorter
2024,Joryam Saizonou,UNC Greensboro,74272,6-3,"6'3""",75.0,74.42,"6'2""",-0.58,plays_at_height,74.42,"6'2""",-0.58,plays_at_height
2024,Luka Savicevic,Lafayette,74277,6-3,"6'3""",75.0,74.2,"6'2""",-0.8,plays_shorter,74.2,"6'2""",-0.8,plays_shorter
2024,Jalin Billingsley,Eastern Michigan,74280,6-8,"6'8""",80.0,78.63,"6'7""",-1.37,plays_shorter,78.63,"6'7""",-1.37,plays_shorter
2024,Tyler Beard,Pacific,74281,6-2,"6'2""",74.0,74.09,"6'2""",0.09,plays_at_height,74.09,"6'2""",0.09,plays_at_height
2024,Felix Kloman,Brown,74291,6-5,"6'5""",77.0,75.17,"6'3""",-1.83,plays_shorter,75.17,"6'3""",-1.83,plays_shorter
2024,Kimo Ferrari,Brown,74292,6-0,"6'0""",72.0,75.27,"6'3""",3.27,plays_taller,75.27,"6'3""",3.27,plays_taller
2024,Malachi Ndur,Brown,74293,6-8,"6'8""",80.0,79.68,"6'8""",-0.32,plays_at_height,79.68,"6'8""",-0.32,plays_at_height
2024,Dola Adebayo,Mount St. Mary's,74297,6-8,"6'8""",80.0,79.94,"6'8""",-0.06,plays_at_height,79.94,"6'8""",-0.06,plays_at_height
2024,Frankie Collins,Arizona St.,74298,6-1,"6'1""",73.0,77.68,"6'6""",4.68,plays_taller,77.68,"6'6""",4.68,plays_taller
2024,Jalen Weaver,Fresno St.,74299,6-4,"6'4""",76.0,76.43,"6'4""",0.43,plays_at_height,76.43,"6'4""",0.43,plays_at_height
2024,Isaiah Barnes,Tulsa,74300,6-7,"6'7""",79.0,77.63,"6'6""",-1.37,plays_shorter,77.63,"6'6""",-1.37,plays_shorter
2024,Jedy Cordilia,Mount St. Mary's,74303,6-9,"6'9""",81.0,78.63,"6'7""",-2.37,plays_shorter,78.63,"6'7""",-2.37,plays_shorter
2024,Sydney Curry,Grand Canyon,74309,6-8,"6'8""",80.0,80.62,"6'9""",0.62,plays_at_height,80.62,"6'9""",0.62,plays_at_height
2024,El Ellis,Arkansas,74310,6-3,"6'3""",75.0,75.94,"6'4""",0.94,plays_taller,75.94,"6'4""",0.94,plays_taller
2024,Justice Ajogbor,Harvard,74315,6-10,"6'10""",82.0,83.93,"7'0""",1.93,plays_taller,83.93,"7'0""",1.93,plays_taller
2024,Gyasi Powell,Jacksonville,74321,6-3,"6'3""",75.0,74.25,"6'2""",-0.75,plays_at_height,74.25,"6'2""",-0.75,plays_at_height
2024,George Pridgett Jr.,FIU,74324,5-11,"5'11""",71.0,73.73,"6'2""",2.73,plays_taller,73.73,"6'2""",2.73,plays_taller
2024,Jordan Riley,Temple,74334,6-4,"6'4""",76.0,79.22,"6'7""",3.22,plays_taller,79.22,"6'7""",3.22,plays_taller
2024,Eric Van Der Heijden,UNC Wilmington,74337,6-9,"6'9""",81.0,78.98,"6'7""",-2.02,plays_shorter,78.98,"6'7""",-2.02,plays_shorter
2024,Sean Pedulla,Virginia Tech,74341,6-1,"6'1""",73.0,76.13,"6'4""",3.13,plays_taller,76.13,"6'4""",3.13,plays_taller
2024,Ubongabasi Etim,Central Arkansas,74346,6-9,"6'9""",81.0,80.91,"6'9""",-0.09,plays_at_height,80.91,"6'9""",-0.09,plays_at_height
2024,Terence Harcum,Appalachian St.,74347,6-3,"6'3""",75.0,74.27,"6'2""",-0.73,plays_at_height,74.27,"6'2""",-0.73,plays_at_height
2024,Chance Moore,Missouri St.,74350,6-6,"6'6""",78.0,79.12,"6'7""",1.12,plays_taller,79.12,"6'7""",1.12,plays_taller
2024,Elijah Hutchins-Everett,Seton Hall,74351,6-11,"6'11""",83.0,79.27,"6'7""",-3.73,plays_shorter,79.27,"6'7""",-3.73,plays_shorter
2024,Sione Lose,UC Davis,74354,6-4,"6'4""",76.0,76.78,"6'5""",0.78,plays_taller,76.78,"6'5""",0.78,plays_taller
2024,Honor Huff,Chattanooga,74356,5-10,"5'10""",70.0,74.41,"6'2""",4.41,plays_taller,74.41,"6'2""",4.41,plays_taller
2024,Brennan Watkins,VMI,74357,5-11,"5'11""",71.0,73.91,"6'2""",2.91,plays_taller,73.91,"6'2""",2.91,plays_taller
2024,Tylor Perry,Kansas St.,74365,5-11,"5'11""",71.0,75.02,"6'3""",4.02,plays_taller,75.02,"6'3""",4.02,plays_taller
2024,Will Thomas,Morgan St.,74366,6-6,"6'6""",78.0,76.77,"6'5""",-1.23,plays_shorter,76.77,"6'5""",-1.23,plays_shorter
2024,Tasos Cook,Campbell,74369,6-2,"6'2""",74.0,75.76,"6'4""",1.76,plays_taller,75.76,"6'4""",1.76,plays_taller
2024,Aubin Gateretse,Stetson,74372,6-11,"6'11""",83.0,83.7,"7'0""",0.7,plays_at_height,83.7,"7'0""",0.7,plays_at_height
2024,Walter Clayton Jr.,Florida,74375,6-2,"6'2""",74.0,76.65,"6'5""",2.65,plays_taller,76.65,"6'5""",2.65,plays_taller
2024,Daeshon Shepherd,La Salle,74381,6-5,"6'5""",77.0,78.73,"6'7""",1.73,plays_taller,78.73,"6'7""",1.73,plays_taller
2024,Bryce Harris,Howard,74382,6-4,"6'4""",76.0,81.29,"6'9""",5.29,plays_taller,81.29,"6'9""",5.29,plays_taller
2024,Luke Goode,Illinois,74383,6-7,"6'7""",79.0,76.18,"6'4""",-2.82,plays_shorter,76.18,"6'4""",-2.82,plays_shorter
2024,Elijah Hawkins,Minnesota,74386,5-11,"5'11""",71.0,75.23,"6'3""",4.23,plays_taller,75.23,"6'3""",4.23,plays_taller
2024,Andres Marrero,La Salle,74387,6-5,"6'5""",77.0,74.69,"6'3""",-2.31,plays_shorter,74.69,"6'3""",-2.31,plays_shorter
2024,Ty Johnson,UC Davis,74389,6-3,"6'3""",75.0,76.87,"6'5""",1.87,plays_taller,76.87,"6'5""",1.87,plays_taller
2024,Jaylen Murray,Mississippi,74393,5-11,"5'11""",71.0,74.5,"6'2""",3.5,plays_taller,74.5,"6'2""",3.5,plays_taller
2024,Marcus Greene,Houston Christian,74395,6-2,"6'2""",74.0,75.54,"6'4""",1.54,plays_taller,75.54,"6'4""",1.54,plays_taller
2024,Javian McCollum,Oklahoma,74399,6-2,"6'2""",74.0,75.74,"6'4""",1.74,plays_taller,75.74,"6'4""",1.74,plays_taller
2024,Jared Billups,George Mason,74400,6-4,"6'4""",76.0,78.36,"6'6""",2.36,plays_taller,78.36,"6'6""",2.36,plays_taller
2024,Alex Anderson,Incarnate Word,74401,6-6,"6'6""",78.0,75.78,"6'4""",-2.22,plays_shorter,75.78,"6'4""",-2.22,plays_shorter
2024,Primo Spears,Florida St.,74408,6-3,"6'3""",75.0,74.41,"6'2""",-0.59,plays_at_height,74.41,"6'2""",-0.59,plays_at_height
2024,Yusef Salih,Illinois Chicago,74412,6-2,"6'2""",74.0,73.13,"6'1""",-0.87,plays_shorter,73.13,"6'1""",-0.87,plays_shorter
2024,Antrell Charlton,Fordham,74415,6-5,"6'5""",77.0,76.87,"6'5""",-0.13,plays_at_height,76.87,"6'5""",-0.13,plays_at_height
2024,Denham Wojcik,Harvard,74419,6-2,"6'2""",74.0,74.41,"6'2""",0.41,plays_at_height,74.41,"6'2""",0.41,plays_at_height
2024,Jalen Blackmon,Stetson,74421,6-3,"6'3""",75.0,74.89,"6'3""",-0.11,plays_at_height,74.89,"6'3""",-0.11,plays_at_height
2024,Kobe Knox,South Florida,74422,6-5,"6'5""",77.0,77.36,"6'5""",0.36,plays_at_height,77.36,"6'5""",0.36,plays_at_height
2024,Kamari McGee,Wisconsin,74423,6-0,"6'0""",72.0,76.31,"6'4""",4.31,plays_taller,76.31,"6'4""",4.31,plays_taller
2024,Cade Meyer,Northern Kentucky,74426,6-8,"6'8""",80.0,77.92,"6'6""",-2.08,plays_shorter,77.92,"6'6""",-2.08,plays_shorter
2024,Louis Lesmond,Harvard,74427,6-6,"6'6""",78.0,74.87,"6'3""",-3.13,plays_shorter,74.87,"6'3""",-3.13,plays_shorter
2024,Tyler Simon,Harvard,74428,6-5,"6'5""",77.0,77.01,"6'5""",0.01,plays_at_height,77.01,"6'5""",0.01,plays_at_height
2024,DeeJuan Pruitt,Jacksonville,74429,6-8,"6'8""",80.0,78.8,"6'7""",-1.2,plays_shorter,78.8,"6'7""",-1.2,plays_shorter
2024,Daren Patrick,Charleston Southern,74435,6-6,"6'6""",78.0,74.85,"6'3""",-3.15,plays_shorter,74.85,"6'3""",-3.15,plays_shorter
2024,Souleymane Doumbia,Sam Houston St.,74436,6-11,"6'11""",83.0,81.63,"6'10""",-1.37,plays_shorter,81.63,"6'10""",-1.37,plays_shorter
2024,Connor Christensen,Dartmouth,74437,6-6,"6'6""",78.0,75.73,"6'4""",-2.27,plays_shorter,75.73,"6'4""",-2.27,plays_shorter
2024,Ryan Cornish,Dartmouth,74439,6-4,"6'4""",76.0,74.72,"6'3""",-1.28,plays_shorter,74.72,"6'3""",-1.28,plays_shorter
2024,Romeo Myrthil,Dartmouth,74440,6-2,"6'2""",74.0,75.78,"6'4""",1.78,plays_taller,75.78,"6'4""",1.78,plays_taller
2024,Di'Andre Howell-South,Wagner,74442,6-4,"6'4""",76.0,75.26,"6'3""",-0.74,plays_at_height,75.26,"6'3""",-0.74,plays_at_height
2024,Casey Jones,Eastern Washington,74446,6-4,"6'4""",76.0,79.47,"6'7""",3.47,plays_taller,79.47,"6'7""",3.47,plays_taller
2024,Harrison Ingram,North Carolina,74447,6-7,"6'7""",79.0,79.22,"6'7""",0.22,plays_at_height,79.22,"6'7""",0.22,plays_at_height
2024,Maxime Raynaud,Stanford,74448,7-1,"7'1""",85.0,82.09,"6'10""",-2.91,plays_shorter,82.09,"6'10""",-2.91,plays_shorter
2024,Sam Sherry,Elon,74450,6-10,"6'10""",82.0,79.64,"6'8""",-2.36,plays_shorter,79.64,"6'8""",-2.36,plays_shorter
2024,Adam Larson,Southeast Missouri St.,74452,6-9,"6'9""",81.0,75.67,"6'4""",-5.33,plays_shorter,75.67,"6'4""",-5.33,plays_shorter
2024,Makai Richards,Pacific,74453,6-10,"6'10""",82.0,78.16,"6'6""",-3.84,plays_shorter,78.16,"6'6""",-3.84,plays_shorter
2024,Dale Bonner,Ohio St.,74454,6-2,"6'2""",74.0,76.03,"6'4""",2.03,plays_taller,76.03,"6'4""",2.03,plays_taller
2024,Rahsool Diggins,Massachusetts,74456,6-2,"6'2""",74.0,75.89,"6'4""",1.89,plays_taller,75.89,"6'4""",1.89,plays_taller
2024,Jorell Saterfield,Portland St.,74457,6-4,"6'4""",76.0,76.08,"6'4""",0.08,plays_at_height,76.08,"6'4""",0.08,plays_at_height
2024,Bonke Maring,Houston Christian,74458,6-10,"6'10""",82.0,78.38,"6'6""",-3.62,plays_shorter,78.38,"6'6""",-3.62,plays_shorter
2024,Justin Harmon,Illinois,74459,6-4,"6'4""",76.0,77.05,"6'5""",1.05,plays_taller,77.05,"6'5""",1.05,plays_taller
2024,Marshall Kearing,South Alabama,74461,6-9,"6'9""",81.0,80.37,"6'8""",-0.63,plays_at_height,80.37,"6'8""",-0.63,plays_at_height
2024,Brandon Weston,Rhode Island,74462,6-5,"6'5""",77.0,76.72,"6'5""",-0.28,plays_at_height,76.72,"6'5""",-0.28,plays_at_height
2024,Parsa Fallah,Southern Utah,74465,6-9,"6'9""",81.0,78.28,"6'6""",-2.72,plays_shorter,78.28,"6'6""",-2.72,plays_shorter
2024,Zakai Zeigler,Tennessee,74469,5-9,"5'9""",69.0,75.2,"6'3""",6.2,plays_taller,75.2,"6'3""",6.2,plays_taller
2024,Mouhamed Sow,Saint Peter's,74471,6-9,"6'9""",81.0,80.09,"6'8""",-0.91,plays_shorter,80.09,"6'8""",-0.91,plays_shorter
2024,Clarence Rupert,Southern Illinois,74472,6-8,"6'8""",80.0,80.55,"6'9""",0.55,plays_at_height,80.55,"6'9""",0.55,plays_at_height
2024,Ariel Bland,UC Santa Barbara,74475,6-7,"6'7""",79.0,81.37,"6'9""",2.37,plays_taller,81.37,"6'9""",2.37,plays_taller
2024,Ajay Mitchell,UC Santa Barbara,74476,6-5,"6'5""",77.0,76.93,"6'5""",-0.07,plays_at_height,76.93,"6'5""",-0.07,plays_at_height
2024,Mitch Fischer,Navy,74478,6-9,"6'9""",81.0,76.47,"6'4""",-4.53,plays_shorter,76.47,"6'4""",-4.53,plays_shorter
2024,Marchelus Avery,UCF,74480,6-7,"6'7""",79.0,78.83,"6'7""",-0.17,plays_at_height,78.83,"6'7""",-0.17,plays_at_height
2024,Cole Anderson,UC Santa Barbara,74483,6-4,"6'4""",76.0,73.33,"6'1""",-2.67,plays_shorter,73.33,"6'1""",-2.67,plays_shorter
2024,Kiran Oliver,Morgan St.,74484,6-5,"6'5""",77.0,78.98,"6'7""",1.98,plays_taller,78.98,"6'7""",1.98,plays_taller
2024,Atiki Ally Atiki,BYU,74485,6-10,"6'10""",82.0,80.88,"6'9""",-1.12,plays_shorter,80.88,"6'9""",-1.12,plays_shorter
2024,Trey Stewart,BYU,74487,6-2,"6'2""",74.0,78.48,"6'6""",4.48,plays_taller,78.48,"6'6""",4.48,plays_taller
2024,Javon Small,Oklahoma St.,74489,6-3,"6'3""",75.0,76.79,"6'5""",1.79,plays_taller,76.79,"6'5""",1.79,plays_taller
2024,RJ Felton,East Carolina,74490,6-3,"6'3""",75.0,77.93,"6'6""",2.93,plays_taller,77.93,"6'6""",2.93,plays_taller
2024,Christian Wright,Oregon St.,74494,6-3,"6'3""",75.0,74.68,"6'3""",-0.32,plays_at_height,74.68,"6'3""",-0.32,plays_at_height
2024,Alexis Reyes,Quinnipiac,74496,6-7,"6'7""",79.0,76.97,"6'5""",-2.03,plays_shorter,76.97,"6'5""",-2.03,plays_shorter
2024,David Kamwanga,Tennessee Martin,74500,6-7,"6'7""",79.0,78.07,"6'6""",-0.93,plays_shorter,78.07,"6'6""",-0.93,plays_shorter
2024,Parker Bjorklund,St. Thomas,74507,6-7,"6'7""",79.0,78.02,"6'6""",-0.98,plays_shorter,78.02,"6'6""",-0.98,plays_shorter
2024,Nate Barnhart,South Dakota St.,74509,7-0,"7'0""",84.0,79.6,"6'8""",-4.4,plays_shorter,79.6,"6'8""",-4.4,plays_shorter
2024,Ben Bowen,Denver,74510,6-5,"6'5""",77.0,76.41,"6'4""",-0.59,plays_at_height,76.41,"6'4""",-0.59,plays_at_height
2024,Trazarien White,UNC Wilmington,74511,6-7,"6'7""",79.0,79.02,"6'7""",0.02,plays_at_height,79.02,"6'7""",0.02,plays_at_height
2024,Jamarii Thomas,Norfolk St.,74512,6-0,"6'0""",72.0,76.57,"6'5""",4.57,plays_taller,76.57,"6'5""",4.57,plays_taller
2024,Jalen Breath,UNC Greensboro,74513,6-8,"6'8""",80.0,80.31,"6'8""",0.31,plays_at_height,80.31,"6'8""",0.31,plays_at_height
2024,Yaw Obeng-Mensah,Niagara,74516,6-7,"6'7""",79.0,79.47,"6'7""",0.47,plays_at_height,79.47,"6'7""",0.47,plays_at_height
2024,Nika Metskhvarishvili,Louisiana Monroe,74517,6-8,"6'8""",80.0,78.4,"6'6""",-1.6,plays_shorter,78.4,"6'6""",-1.6,plays_shorter
2024,Josh Baker,Grand Canyon,74519,6-4,"6'4""",76.0,74.51,"6'3""",-1.49,plays_shorter,74.51,"6'3""",-1.49,plays_shorter
2024,Khamari McGriff,UNC Wilmington,74520,6-9,"6'9""",81.0,80.43,"6'8""",-0.57,plays_at_height,80.43,"6'8""",-0.57,plays_at_height
2024,Jarius Hicklen,Oklahoma St.,74521,6-4,"6'4""",76.0,73.83,"6'2""",-2.17,plays_shorter,73.83,"6'2""",-2.17,plays_shorter
2024,Max Hrdlicka,North Florida,74522,6-6,"6'6""",78.0,77.92,"6'6""",-0.08,plays_at_height,77.92,"6'6""",-0.08,plays_at_height
2024,Robert Brown III,Nicholls St.,74526,6-4,"6'4""",76.0,74.87,"6'3""",-1.13,plays_shorter,74.87,"6'3""",-1.13,plays_shorter
2024,Will Tschetter,Michigan,74527,6-8,"6'8""",80.0,76.56,"6'5""",-3.44,plays_shorter,76.56,"6'5""",-3.44,plays_shorter
2024,AJ Lopez,Maine,74528,6-5,"6'5""",77.0,75.52,"6'4""",-1.48,plays_shorter,75.52,"6'4""",-1.48,plays_shorter
2024,Jamond Vincent,New Orleans,74529,6-4,"6'4""",76.0,78.44,"6'6""",2.44,plays_taller,78.44,"6'6""",2.44,plays_taller
2024,Dontrez Styles,Georgetown,74530,6-6,"6'6""",78.0,77.66,"6'6""",-0.34,plays_at_height,77.66,"6'6""",-0.34,plays_at_height
2024,Adama Bal,Santa Clara,74533,6-7,"6'7""",79.0,76.42,"6'4""",-2.58,plays_shorter,76.42,"6'4""",-2.58,plays_shorter
2024,Shane Nowell,UNLV,74534,6-6,"6'6""",78.0,77.21,"6'5""",-0.79,plays_shorter,77.21,"6'5""",-0.79,plays_shorter
2024,Scotty Washington,Cal Baptist,74540,6-4,"6'4""",76.0,74.17,"6'2""",-1.83,plays_shorter,74.17,"6'2""",-1.83,plays_shorter
2024,Jason Nelson,VCU,74541,5-10,"5'10""",70.0,74.68,"6'3""",4.68,plays_taller,74.68,"6'3""",4.68,plays_taller
2024,Tyler Rice,East Tennessee St.,74544,6-1,"6'1""",73.0,74.16,"6'2""",1.16,plays_taller,74.16,"6'2""",1.16,plays_taller
2024,Carlos Stewart,LSU,74545,6-1,"6'1""",73.0,75.61,"6'4""",2.61,plays_taller,75.61,"6'4""",2.61,plays_taller
2024,Owen Lobsinger,Western Michigan,74548,6-9,"6'9""",81.0,77.91,"6'6""",-3.09,plays_shorter,77.91,"6'6""",-3.09,plays_shorter
2024,Justice Williams,Robert Morris,74551,6-4,"6'4""",76.0,75.64,"6'4""",-0.36,plays_at_height,75.64,"6'4""",-0.36,plays_at_height
2024,Michael Meadows Jr.,Saint Louis,74552,6-2,"6'2""",74.0,74.2,"6'2""",0.2,plays_at_height,74.2,"6'2""",0.2,plays_at_height
2024,Julien Soumaoro,Gardner Webb,74561,5-11,"5'11""",71.0,74.6,"6'3""",3.6,plays_taller,74.6,"6'3""",3.6,plays_taller
2024,Brendan Mykalcio,Gardner Webb,74564,6-7,"6'7""",79.0,77.89,"6'6""",-1.11,plays_shorter,77.89,"6'6""",-1.11,plays_shorter
2024,Ademide Badmus,Gardner Webb,74565,6-7,"6'7""",79.0,78.97,"6'7""",-0.03,plays_at_height,78.97,"6'7""",-0.03,plays_at_height
2024,Erik Reynolds II,Saint Joseph's,74566,6-2,"6'2""",74.0,75.83,"6'4""",1.83,plays_taller,75.83,"6'4""",1.83,plays_taller
2024,Kacper Klaczek,Saint Joseph's,74567,6-8,"6'8""",80.0,79.03,"6'7""",-0.97,plays_shorter,79.03,"6'7""",-0.97,plays_shorter
2024,Kobe Jerome,Delaware,74569,6-4,"6'4""",76.0,72.73,"6'1""",-3.27,plays_shorter,72.73,"6'1""",-3.27,plays_shorter
2024,Justin DeGraaf,UC San Diego,74570,6-7,"6'7""",79.0,73.98,"6'2""",-5.02,plays_shorter,73.98,"6'2""",-5.02,plays_shorter
2024,Francis Nwaokorie,UC San Diego,74573,6-7,"6'7""",79.0,78.3,"6'6""",-0.7,plays_at_height,78.3,"6'6""",-0.7,plays_at_height
2024,PJ Edwards,Bowling Green,74574,6-4,"6'4""",76.0,75.96,"6'4""",-0.04,plays_at_height,75.96,"6'4""",-0.04,plays_at_height
2024,Darius Johnson,UCF,74575,6-1,"6'1""",73.0,75.98,"6'4""",2.98,plays_taller,75.98,"6'4""",2.98,plays_taller
2024,Jasin Sinani,Campbell,74577,6-3,"6'3""",75.0,76.74,"6'5""",1.74,plays_taller,76.74,"6'5""",1.74,plays_taller
2024,Johnathan Massie,Longwood,74580,6-6,"6'6""",78.0,77.92,"6'6""",-0.08,plays_at_height,77.92,"6'6""",-0.08,plays_at_height
2024,Parker Fox,Minnesota,74584,6-8,"6'8""",80.0,81.5,"6'9""",1.5,plays_taller,81.5,"6'9""",1.5,plays_taller
2024,Jacob Holt,Sacramento St.,74585,6-9,"6'9""",81.0,81.67,"6'10""",0.67,plays_at_height,81.67,"6'10""",0.67,plays_at_height
2024,Brenton Knapper,Santa Clara,74586,6-0,"6'0""",72.0,75.99,"6'4""",3.99,plays_taller,75.99,"6'4""",3.99,plays_taller
2024,Matt Mayers,Jacksonville St.,74591,6-8,"6'8""",80.0,80.13,"6'8""",0.13,plays_at_height,80.13,"6'8""",0.13,plays_at_height
2024,Marquis Barnett,Presbyterian,74592,6-4,"6'4""",76.0,78.34,"6'6""",2.34,plays_taller,78.34,"6'6""",2.34,plays_taller
2024,Camaron Tongue,Santa Clara,74594,6-7,"6'7""",79.0,78.32,"6'6""",-0.68,plays_at_height,78.32,"6'6""",-0.68,plays_at_height
2024,Shemarri Allen,UCF,74595,6-4,"6'4""",76.0,78.52,"6'7""",2.52,plays_taller,78.52,"6'7""",2.52,plays_taller
2024,Shaqir O'Neal,Texas Southern,74602,6-8,"6'8""",80.0,78.76,"6'7""",-1.24,plays_shorter,78.76,"6'7""",-1.24,plays_shorter
2024,Tim Dalger,Saint Louis,74603,6-7,"6'7""",79.0,77.3,"6'5""",-1.7,plays_shorter,77.3,"6'5""",-1.7,plays_shorter
2024,Nikita Konstantynovskyi,Monmouth,74604,6-10,"6'10""",82.0,80.78,"6'9""",-1.22,plays_shorter,80.78,"6'9""",-1.22,plays_shorter
2024,AD Diedhiou,Louisiana Monroe,74605,6-11,"6'11""",83.0,78.01,"6'6""",-4.99,plays_shorter,78.01,"6'6""",-4.99,plays_shorter
2024,AJ Allenspach,Army,74607,6-8,"6'8""",80.0,78.21,"6'6""",-1.79,plays_shorter,78.21,"6'6""",-1.79,plays_shorter
2024,Isaiah Gray,Cornell,74614,6-3,"6'3""",75.0,78.09,"6'6""",3.09,plays_taller,78.09,"6'6""",3.09,plays_taller
2024,Chris Manon,Cornell,74615,6-5,"6'5""",77.0,79.62,"6'8""",2.62,plays_taller,79.62,"6'8""",2.62,plays_taller
2024,Sean Hansen,Cornell,74616,6-9,"6'9""",81.0,77.94,"6'6""",-3.06,plays_shorter,77.94,"6'6""",-3.06,plays_shorter
2024,Augustas Marciulionis,Saint Mary's,74617,6-4,"6'4""",76.0,75.89,"6'4""",-0.11,plays_at_height,75.89,"6'4""",-0.11,plays_at_height
2024,Chris Howell,Saint Mary's,74618,6-6,"6'6""",78.0,76.44,"6'4""",-1.56,plays_shorter,76.44,"6'4""",-1.56,plays_shorter
2024,Stefan Todorovic,San Francisco,74619,6-8,"6'8""",80.0,75.79,"6'4""",-4.21,plays_shorter,75.79,"6'4""",-4.21,plays_shorter
2024,Jalen Smith,SMU,74621,6-2,"6'2""",74.0,76.04,"6'4""",2.04,plays_taller,76.04,"6'4""",2.04,plays_taller
2024,Zhuric Phelps,SMU,74622,6-5,"6'5""",77.0,77.79,"6'6""",0.79,plays_taller,77.79,"6'6""",0.79,plays_taller
2024,Tanner Thomas,Sacred Heart,74623,6-6,"6'6""",78.0,76.2,"6'4""",-1.8,plays_shorter,76.2,"6'4""",-1.8,plays_shorter
2024,Raymond Espinal-Guzman,Sacred Heart,74624,6-8,"6'8""",80.0,78.57,"6'7""",-1.43,plays_shorter,78.57,"6'7""",-1.43,plays_shorter
2024,Markeith Browning II,Milwaukee,74627,6-4,"6'4""",76.0,75.74,"6'4""",-0.26,plays_at_height,75.74,"6'4""",-0.26,plays_at_height
2024,Ike Cornish,Ohio,74631,6-6,"6'6""",78.0,74.89,"6'3""",-3.11,plays_shorter,74.89,"6'3""",-3.11,plays_shorter
2024,Julian Reese,Maryland,74632,6-9,"6'9""",81.0,83.44,"6'11""",2.44,plays_taller,83.44,"6'11""",2.44,plays_taller
2024,DJ Burns,Youngstown St.,74633,6-7,"6'7""",79.0,81.34,"6'9""",2.34,plays_taller,81.34,"6'9""",2.34,plays_taller
2024,Isaac Haney,Austin Peay,74634,6-2,"6'2""",74.0,76.29,"6'4""",2.29,plays_taller,76.29,"6'4""",2.29,plays_taller
2024,Chace Davis,Maryland Eastern Shore,74635,6-3,"6'3""",75.0,74.02,"6'2""",-0.98,plays_shorter,74.02,"6'2""",-0.98,plays_shorter
2024,Aaron Reddish,Albany,74642,6-7,"6'7""",79.0,77.31,"6'5""",-1.69,plays_shorter,77.31,"6'5""",-1.69,plays_shorter
2024,Ny'Mire Little,Albany,74643,6-4,"6'4""",76.0,75.21,"6'3""",-0.79,plays_shorter,75.21,"6'3""",-0.79,plays_shorter
2024,Zion Russell,Northern Illinois,74645,6-2,"6'2""",74.0,74.71,"6'3""",0.71,plays_at_height,74.71,"6'3""",0.71,plays_at_height
2024,Basheer Jihad,Ball St.,74646,6-9,"6'9""",81.0,79.44,"6'7""",-1.56,plays_shorter,79.44,"6'7""",-1.56,plays_shorter
2024,Dezi Jones,Austin Peay,74648,5-10,"5'10""",70.0,75.06,"6'3""",5.06,plays_taller,75.06,"6'3""",5.06,plays_taller
2024,Seth Wilson,West Virginia,74651,6-2,"6'2""",74.0,74.18,"6'2""",0.18,plays_at_height,74.18,"6'2""",0.18,plays_at_height
2024,Reese McMullen,Penn,74652,6-3,"6'3""",75.0,75.06,"6'3""",0.06,plays_at_height,75.06,"6'3""",0.06,plays_at_height
2024,George Smith,Penn,74653,6-4,"6'4""",76.0,75.15,"6'3""",-0.85,plays_shorter,75.15,"6'3""",-0.85,plays_shorter
2024,Nick Spinoso,Penn,74655,6-9,"6'9""",81.0,80.28,"6'8""",-0.72,plays_at_height,80.28,"6'8""",-0.72,plays_at_height
2024,Eddie Holland III,Penn,74656,6-6,"6'6""",78.0,76.97,"6'5""",-1.03,plays_shorter,76.97,"6'5""",-1.03,plays_shorter
2024,Trent McLaughlin,Northern Arizona,74662,6-6,"6'6""",78.0,76.29,"6'4""",-1.71,plays_shorter,76.29,"6'4""",-1.71,plays_shorter
2024,Abdul Momoh,Central Connecticut,74663,6-7,"6'7""",79.0,81.9,"6'10""",2.9,plays_taller,81.9,"6'10""",2.9,plays_taller
2024,Lynn Greer III,Saint Joseph's,74664,6-2,"6'2""",74.0,77.11,"6'5""",3.11,plays_taller,77.11,"6'5""",3.11,plays_taller
2024,Jordan Longino,Villanova,74665,6-5,"6'5""",77.0,75.96,"6'4""",-1.04,plays_shorter,75.96,"6'4""",-1.04,plays_shorter
2024,Zaire Williams,Wagner,74668,6-4,"6'4""",76.0,76.06,"6'4""",0.06,plays_at_height,76.06,"6'4""",0.06,plays_at_height
2024,Kenny Pohto,Wichita St.,74671,6-10,"6'10""",82.0,79.04,"6'7""",-2.96,plays_shorter,79.04,"6'7""",-2.96,plays_shorter
2024,Isaac Abidde,Wichita St.,74673,6-8,"6'8""",80.0,77.45,"6'5""",-2.55,plays_shorter,77.45,"6'5""",-2.55,plays_shorter
2024,Greg Spurlock,Coppin St.,74674,6-5,"6'5""",77.0,76.64,"6'5""",-0.36,plays_at_height,76.64,"6'5""",-0.36,plays_at_height
2024,Aaron Cash,UT Arlington,74679,6-6,"6'6""",78.0,78.74,"6'7""",0.74,plays_at_height,78.74,"6'7""",0.74,plays_at_height
2024,Manny Obaseki,Texas A&M,74681,6-4,"6'4""",76.0,76.28,"6'4""",0.28,plays_at_height,76.28,"6'4""",0.28,plays_at_height
2024,Ryan Nembhard,Gonzaga,74682,6-0,"6'0""",72.0,75.84,"6'4""",3.84,plays_taller,75.84,"6'4""",3.84,plays_taller
2024,Theo Seng,Troy,74683,6-9,"6'9""",81.0,77.65,"6'6""",-3.35,plays_shorter,77.65,"6'6""",-3.35,plays_shorter
2024,Matteus Case,William & Mary,74684,6-5,"6'5""",77.0,75.57,"6'4""",-1.43,plays_shorter,75.57,"6'4""",-1.43,plays_shorter
2024,Taje' Kelly,Charleston Southern,74685,6-7,"6'7""",79.0,78.79,"6'7""",-0.21,plays_at_height,78.79,"6'7""",-0.21,plays_at_height
2024,Julian Roper II,Notre Dame,74690,6-4,"6'4""",76.0,77.19,"6'5""",1.19,plays_taller,77.19,"6'5""",1.19,plays_taller
2024,Brooks Barnhizer,Northwestern,74691,6-6,"6'6""",78.0,79.2,"6'7""",1.2,plays_taller,79.2,"6'7""",1.2,plays_taller
2024,Casey Simmons,Yale,74696,6-6,"6'6""",78.0,78.05,"6'6""",0.05,plays_at_height,78.05,"6'6""",0.05,plays_at_height
2024,Wayne McKinney III,San Diego,74697,6-0,"6'0""",72.0,76.06,"6'4""",4.06,plays_taller,76.06,"6'4""",4.06,plays_taller
2024,Matt Knowling,Yale,74701,6-6,"6'6""",78.0,78.4,"6'6""",0.4,plays_at_height,78.4,"6'6""",0.4,plays_at_height
2024,Bez Mbeng,Yale,74702,6-4,"6'4""",76.0,77.19,"6'5""",1.19,plays_taller,77.19,"6'5""",1.19,plays_taller
2024,Igor Milicic Jr.,Charlotte,74703,6-10,"6'10""",82.0,80.42,"6'8""",-1.58,plays_shorter,80.42,"6'8""",-1.58,plays_shorter
2024,John Poulakidas,Yale,74705,6-6,"6'6""",78.0,75.54,"6'4""",-2.46,plays_shorter,75.54,"6'4""",-2.46,plays_shorter
2024,Ndewedo Newbury,San Francisco,74707,6-8,"6'8""",80.0,79.58,"6'8""",-0.42,plays_at_height,79.58,"6'8""",-0.42,plays_at_height
2024,Imo Essien,Old Dominion,74708,5-11,"5'11""",71.0,73.78,"6'2""",2.78,plays_taller,73.78,"6'2""",2.78,plays_taller
2024,Yassine Gharram,Yale,74711,6-3,"6'3""",75.0,75.86,"6'4""",0.86,plays_taller,75.86,"6'4""",0.86,plays_taller
2024,Quincy Clark,Jacksonville St.,74717,6-4,"6'4""",76.0,76.51,"6'5""",0.51,plays_at_height,76.51,"6'5""",0.51,plays_at_height
2024,Trae Benham,High Point,74719,6-4,"6'4""",76.0,75.6,"6'4""",-0.4,plays_at_height,75.6,"6'4""",-0.4,plays_at_height
2024,Jalen Sullinger,Kent St.,74720,5-10,"5'10""",70.0,74.74,"6'3""",4.74,plays_taller,74.74,"6'3""",4.74,plays_taller
2024,Grant Asman,Lipscomb,74722,6-11,"6'11""",83.0,77.84,"6'6""",-5.16,plays_shorter,77.84,"6'6""",-5.16,plays_shorter
2024,Joe Charles,Louisiana,74723,6-7,"6'7""",79.0,79.83,"6'8""",0.83,plays_taller,79.83,"6'8""",0.83,plays_taller
2024,Luka Tekavcic,Coppin St.,74727,6-11,"6'11""",83.0,77.71,"6'6""",-5.29,plays_shorter,77.71,"6'6""",-5.29,plays_shorter
2024,Sir Issac Herron,Oral Roberts,74728,6-9,"6'9""",81.0,79.72,"6'8""",-1.28,plays_shorter,79.72,"6'8""",-1.28,plays_shorter
2024,CJ Noland,North Texas,74730,6-3,"6'3""",75.0,76.4,"6'4""",1.4,plays_taller,76.4,"6'4""",1.4,plays_taller
2024,Alston Mason,Missouri St.,74732,6-2,"6'2""",74.0,75.86,"6'4""",1.86,plays_taller,75.86,"6'4""",1.86,plays_taller
2024,Bijan Cortes,Wichita St.,74733,6-2,"6'2""",74.0,75.17,"6'3""",1.17,plays_taller,75.17,"6'3""",1.17,plays_taller
2024,Coltie Young,Jackson St.,74734,6-3,"6'3""",75.0,76.4,"6'4""",1.4,plays_taller,76.4,"6'4""",1.4,plays_taller
2024,Elijah Tucker,Longwood,74736,6-8,"6'8""",80.0,79.66,"6'8""",-0.34,plays_at_height,79.66,"6'8""",-0.34,plays_at_height
2024,Josh Uduje,Utah St.,74739,6-5,"6'5""",77.0,76.87,"6'5""",-0.13,plays_at_height,76.87,"6'5""",-0.13,plays_at_height
2024,Christian Tucker,UTSA,74744,6-3,"6'3""",75.0,75.98,"6'4""",0.98,plays_taller,75.98,"6'4""",0.98,plays_taller
2024,Jalen Warley,Florida St.,74746,6-7,"6'7""",79.0,76.99,"6'5""",-2.01,plays_shorter,76.99,"6'5""",-2.01,plays_shorter
2024,KeShawn Murphy,Mississippi St.,74747,6-10,"6'10""",82.0,79.13,"6'7""",-2.87,plays_shorter,79.13,"6'7""",-2.87,plays_shorter
2024,Cam Carter,Kansas St.,74748,6-3,"6'3""",75.0,78.04,"6'6""",3.04,plays_taller,78.04,"6'6""",3.04,plays_taller
2024,Alden Applewhite,Murray St.,74749,6-7,"6'7""",79.0,75.98,"6'4""",-3.02,plays_shorter,75.98,"6'4""",-3.02,plays_shorter
2024,Josh Odunowo,Columbia,74752,6-6,"6'6""",78.0,78.94,"6'7""",0.94,plays_taller,78.94,"6'7""",0.94,plays_taller
2024,Zach Martini,Princeton,74754,6-7,"6'7""",79.0,75.73,"6'4""",-3.27,plays_shorter,75.73,"6'4""",-3.27,plays_shorter
2024,Paul Bizimana,Cal Poly,74759,6-9,"6'9""",81.0,77.24,"6'5""",-3.76,plays_shorter,77.24,"6'5""",-3.76,plays_shorter
2024,Pedro Lopez-Sanvicente,Denver,74760,6-8,"6'8""",80.0,77.47,"6'5""",-2.53,plays_shorter,77.47,"6'5""",-2.53,plays_shorter
2024,Touko Tainamo,Denver,74763,6-9,"6'9""",81.0,78.57,"6'7""",-2.43,plays_shorter,78.57,"6'7""",-2.43,plays_shorter
2024,Frankie Fidler,Nebraska Omaha,74764,6-7,"6'7""",79.0,77.89,"6'6""",-1.11,plays_shorter,77.89,"6'6""",-1.11,plays_shorter
2024,Ismail Habib,Portland St.,74767,6-0,"6'0""",72.0,74.4,"6'2""",2.4,plays_taller,74.4,"6'2""",2.4,plays_taller
2024,Caleb Furst,Purdue,74768,6-10,"6'10""",82.0,79.99,"6'8""",-2.01,plays_shorter,79.99,"6'8""",-2.01,plays_shorter
2024,Trey Kaufman-Renn,Purdue,74771,6-9,"6'9""",81.0,79.58,"6'8""",-1.42,plays_shorter,79.58,"6'8""",-1.42,plays_shorter
2024,A.J. Neal,Chicago St.,74780,6-2,"6'2""",74.0,74.22,"6'2""",0.22,plays_at_height,74.22,"6'2""",0.22,plays_at_height
2024,Aboubacar Traore,Long Beach St.,74781,6-5,"6'5""",77.0,82.06,"6'10""",5.06,plays_taller,82.06,"6'10""",5.06,plays_taller
2024,AJ George,Long Beach St.,74782,6-6,"6'6""",78.0,77.9,"6'6""",-0.1,plays_at_height,77.9,"6'6""",-0.1,plays_at_height
2024,Treyton Thompson,Stetson,74784,7-0,"7'0""",84.0,78.68,"6'7""",-5.32,plays_shorter,78.68,"6'7""",-5.32,plays_shorter
2024,Fousseyni Traore,BYU,74787,6-6,"6'6""",78.0,81.13,"6'9""",3.13,plays_taller,81.13,"6'9""",3.13,plays_taller
2024,Brandon Love,Texas St.,74788,6-9,"6'9""",81.0,81.58,"6'10""",0.58,plays_at_height,81.58,"6'10""",0.58,plays_at_height
2024,Tanahj Pettway,New Mexico St.,74789,6-2,"6'2""",74.0,74.9,"6'3""",0.9,plays_taller,74.9,"6'3""",0.9,plays_taller
2024,Benny Williams,Syracuse,74791,6-9,"6'9""",81.0,80.28,"6'8""",-0.72,plays_at_height,80.28,"6'8""",-0.72,plays_at_height
2024,Taine Murray,Virginia,74793,6-5,"6'5""",77.0,75.22,"6'3""",-1.78,plays_shorter,75.22,"6'3""",-1.78,plays_shorter
2024,Corey Tripp,Wofford,74794,6-3,"6'3""",75.0,76.07,"6'4""",1.07,plays_taller,76.07,"6'4""",1.07,plays_taller
2024,Luke Turner,UC Riverside,74796,6-7,"6'7""",79.0,74.7,"6'3""",-4.3,plays_shorter,74.7,"6'3""",-4.3,plays_shorter
2024,Mekhi Collins,Nicholls St.,74798,6-8,"6'8""",80.0,81.86,"6'10""",1.86,plays_taller,81.86,"6'10""",1.86,plays_taller
2024,Ben Nau,St. Thomas,74801,6-2,"6'2""",74.0,74.05,"6'2""",0.05,plays_at_height,74.05,"6'2""",0.05,plays_at_height
2024,Langston Love,Baylor,74802,6-5,"6'5""",77.0,76.47,"6'4""",-0.53,plays_at_height,76.47,"6'4""",-0.53,plays_at_height
2024,Ryan Dufault,St. Thomas,74806,6-0,"6'0""",72.0,76.4,"6'4""",4.4,plays_taller,76.4,"6'4""",4.4,plays_taller
2024,Noa Gonsalves,Utah Tech,74807,6-1,"6'1""",73.0,75.57,"6'4""",2.57,plays_taller,75.57,"6'4""",2.57,plays_taller
2024,Elijah Stephens,American,74811,5-9,"5'9""",69.0,74.72,"6'3""",5.72,plays_taller,74.72,"6'3""",5.72,plays_taller
2024,Daylen Berry,Charlotte,74812,6-4,"6'4""",76.0,74.99,"6'3""",-1.01,plays_shorter,74.99,"6'3""",-1.01,plays_shorter
2024,Chris Ford,Robert Morris,74813,6-5,"6'5""",77.0,77.74,"6'6""",0.74,plays_at_height,77.74,"6'6""",0.74,plays_at_height
2024,Des Watson,Loyola Chicago,74814,6-5,"6'5""",77.0,77.45,"6'5""",0.45,plays_at_height,77.45,"6'5""",0.45,plays_at_height
2024,Charles Lampten,Western Carolina,74815,6-11,"6'11""",83.0,81.34,"6'9""",-1.66,plays_shorter,81.34,"6'9""",-1.66,plays_shorter
2024,Kino Lilly Jr.,Brown,74816,6-0,"6'0""",72.0,73.95,"6'2""",1.95,plays_taller,73.95,"6'2""",1.95,plays_taller
2024,Raekwon Horton,James Madison,74818,6-6,"6'6""",78.0,78.73,"6'7""",0.73,plays_at_height,78.73,"6'7""",0.73,plays_at_height
2024,Reyne Smith,Charleston,74819,6-2,"6'2""",74.0,74.68,"6'3""",0.68,plays_at_height,74.68,"6'3""",0.68,plays_at_height
2024,Ben Burnham,Charleston,74820,6-7,"6'7""",79.0,78.86,"6'7""",-0.14,plays_at_height,78.86,"6'7""",-0.14,plays_at_height
2024,DJ Smith,Bowling Green,74822,6-0,"6'0""",72.0,74.53,"6'3""",2.53,plays_taller,74.53,"6'3""",2.53,plays_taller
2024,Quion Burns,Maine,74823,6-6,"6'6""",78.0,76.7,"6'5""",-1.3,plays_shorter,76.7,"6'5""",-1.3,plays_shorter
2024,Bensley Joseph,Miami FL,74827,6-2,"6'2""",74.0,76.88,"6'5""",2.88,plays_taller,76.88,"6'5""",2.88,plays_taller
2024,Keyondre Young,DePaul,74832,6-9,"6'9""",81.0,76.36,"6'4""",-4.64,plays_shorter,76.36,"6'4""",-4.64,plays_shorter
2024,Darius DeAveiro,Valparaiso,74833,6-0,"6'0""",72.0,74.49,"6'2""",2.49,plays_taller,74.49,"6'2""",2.49,plays_taller
2024,Trey Woodyard,New Hampshire,74839,6-6,"6'6""",78.0,76.46,"6'4""",-1.54,plays_shorter,76.46,"6'4""",-1.54,plays_shorter
2024,Cesare Edwards,Missouri St.,74840,6-9,"6'9""",81.0,79.14,"6'7""",-1.86,plays_shorter,79.14,"6'7""",-1.86,plays_shorter
2024,Milos Ilic,Loyola MD,74841,6-10,"6'10""",82.0,78.7,"6'7""",-3.3,plays_shorter,78.7,"6'7""",-3.3,plays_shorter
2024,David Brown III,Loyola MD,74843,6-5,"6'5""",77.0,75.24,"6'3""",-1.76,plays_shorter,75.24,"6'3""",-1.76,plays_shorter
2024,Kam Jones,Marquette,74844,6-5,"6'5""",77.0,76.54,"6'5""",-0.46,plays_at_height,76.54,"6'5""",-0.46,plays_at_height
2024,Kyle Cuffe Jr.,Syracuse,74845,6-2,"6'2""",74.0,76.0,"6'4""",2.0,plays_taller,76.0,"6'4""",2.0,plays_taller
2024,Noah Harris,Marist,74846,6-1,"6'1""",73.0,73.59,"6'2""",0.59,plays_at_height,73.59,"6'2""",0.59,plays_at_height
2024,Chris Kuzemka,Loyola MD,74847,6-0,"6'0""",72.0,73.85,"6'2""",1.85,plays_taller,73.85,"6'2""",1.85,plays_taller
2024,Emarion Ellis,Bradley,74850,6-5,"6'5""",77.0,75.65,"6'4""",-1.35,plays_shorter,75.65,"6'4""",-1.35,plays_shorter
2024,Julian Hammond III,Colorado,74851,6-2,"6'2""",74.0,75.34,"6'3""",1.34,plays_taller,75.34,"6'3""",1.34,plays_taller
2024,Blake Peters,Princeton,74852,6-1,"6'1""",73.0,75.08,"6'3""",2.08,plays_taller,75.08,"6'3""",2.08,plays_taller
2024,Nate Tshimanga,Utah Valley,74853,6-10,"6'10""",82.0,79.11,"6'7""",-2.89,plays_shorter,79.11,"6'7""",-2.89,plays_shorter
2024,Keisei Tominaga,Nebraska,74854,6-2,"6'2""",74.0,74.83,"6'3""",0.83,plays_taller,74.83,"6'3""",0.83,plays_taller
2024,AJ Braun,Wright St.,74858,6-9,"6'9""",81.0,80.0,"6'8""",-1.0,plays_shorter,80.0,"6'8""",-1.0,plays_shorter
2024,Akol Mawein,Sacramento St.,74860,6-9,"6'9""",81.0,79.24,"6'7""",-1.76,plays_shorter,79.24,"6'7""",-1.76,plays_shorter
2024,Jason Montgomery,Lipscomb,74861,6-5,"6'5""",77.0,75.22,"6'3""",-1.78,plays_shorter,75.22,"6'3""",-1.78,plays_shorter
2024,Josh Beadle,Clemson,74864,6-3,"6'3""",75.0,75.15,"6'3""",0.15,plays_at_height,75.15,"6'3""",0.15,plays_at_height
2024,Geronimo Rubio De La Rosa,Columbia,74865,6-2,"6'2""",74.0,75.53,"6'4""",1.53,plays_taller,75.53,"6'4""",1.53,plays_taller
2024,Ian Motta,Bucknell,74868,6-6,"6'6""",78.0,77.78,"6'6""",-0.22,plays_at_height,77.78,"6'6""",-0.22,plays_at_height
2024,Nazir Williams,Cornell,74869,6-3,"6'3""",75.0,75.65,"6'4""",0.65,plays_at_height,75.65,"6'4""",0.65,plays_at_height
2024,Elvin Edmonds IV,Bucknell,74870,6-2,"6'2""",74.0,74.95,"6'3""",0.95,plays_taller,74.95,"6'3""",0.95,plays_taller
2024,Josh Bascoe,Bucknell,74872,6-0,"6'0""",72.0,74.31,"6'2""",2.31,plays_taller,74.31,"6'2""",2.31,plays_taller
2024,Brandon Betson,Sacramento St.,74874,6-1,"6'1""",73.0,73.68,"6'2""",0.68,plays_at_height,73.68,"6'2""",0.68,plays_at_height
2024,Brandon Weatherspoon,Florida Atlantic,74877,6-4,"6'4""",76.0,77.35,"6'5""",1.35,plays_taller,77.35,"6'5""",1.35,plays_taller
2024,Simas Lukosius,Cincinnati,74881,6-8,"6'8""",80.0,74.93,"6'3""",-5.07,plays_shorter,74.93,"6'3""",-5.07,plays_shorter
2024,Zeke Mayo,South Dakota St.,74884,6-4,"6'4""",76.0,77.07,"6'5""",1.07,plays_taller,77.07,"6'5""",1.07,plays_taller
2024,Kezza Giffa,High Point,74886,6-2,"6'2""",74.0,75.31,"6'3""",1.31,plays_taller,75.31,"6'3""",1.31,plays_taller
2024,Cade Potter,High Point,74888,6-8,"6'8""",80.0,78.11,"6'6""",-1.89,plays_shorter,78.11,"6'6""",-1.89,plays_shorter
2024,Will McClendon,UCLA,74891,6-3,"6'3""",75.0,75.46,"6'3""",0.46,plays_at_height,75.46,"6'3""",0.46,plays_at_height
2024,Quentin Diboundje,East Carolina,74894,6-5,"6'5""",77.0,76.45,"6'4""",-0.55,plays_at_height,76.45,"6'4""",-0.55,plays_at_height
2024,Jordan Roberts,Texas A&M Corpus Chris,74897,6-4,"6'4""",76.0,74.67,"6'3""",-1.33,plays_shorter,74.67,"6'3""",-1.33,plays_shorter
2024,Owen Dease,Texas A&M Corpus Chris,74898,6-8,"6'8""",80.0,77.51,"6'6""",-2.49,plays_shorter,77.51,"6'6""",-2.49,plays_shorter
2024,Jahmai Mashack,Tennessee,74899,6-4,"6'4""",76.0,77.33,"6'5""",1.33,plays_taller,77.33,"6'5""",1.33,plays_taller
2024,Robert McCray V,Jacksonville,74901,6-4,"6'4""",76.0,77.82,"6'6""",1.82,plays_taller,77.82,"6'6""",1.82,plays_taller
2024,Mike James,Louisville,74903,6-5,"6'5""",77.0,77.21,"6'5""",0.21,plays_at_height,77.21,"6'5""",0.21,plays_at_height
2024,Quimari Peterson,East Tennessee St.,74904,6-1,"6'1""",73.0,76.13,"6'4""",3.13,plays_taller,76.13,"6'4""",3.13,plays_taller
2024,Kaleb Stewart,South Dakota,74906,6-3,"6'3""",75.0,74.69,"6'3""",-0.31,plays_at_height,74.69,"6'3""",-0.31,plays_at_height
2024,Will Allen,Louisiana Tech,74908,6-7,"6'7""",79.0,79.9,"6'8""",0.9,plays_taller,79.9,"6'8""",0.9,plays_taller
2024,Jaylen Stinson,Merrimack,74910,6-2,"6'2""",74.0,75.29,"6'3""",1.29,plays_taller,75.29,"6'3""",1.29,plays_taller
2024,Devon Savage,Merrimack,74911,6-4,"6'4""",76.0,75.77,"6'4""",-0.23,plays_at_height,75.77,"6'4""",-0.23,plays_at_height
2024,Izaiah Robinson,Dartmouth,74913,6-3,"6'3""",75.0,74.4,"6'2""",-0.6,plays_at_height,74.4,"6'2""",-0.6,plays_at_height
2024,Julian Mackey,Georgia St.,74916,6-2,"6'2""",74.0,75.24,"6'3""",1.24,plays_taller,75.24,"6'3""",1.24,plays_taller
2024,Noah Robledo,Columbia,74918,6-5,"6'5""",77.0,75.02,"6'3""",-1.98,plays_shorter,75.02,"6'3""",-1.98,plays_shorter
2024,Denver Jones,Auburn,74919,6-4,"6'4""",76.0,75.87,"6'4""",-0.13,plays_at_height,75.87,"6'4""",-0.13,plays_at_height
2024,Jake Tavroff,Columbia,74921,6-9,"6'9""",81.0,78.97,"6'7""",-2.03,plays_shorter,78.97,"6'7""",-2.03,plays_shorter
2024,Mohamed Sanogo,FIU,74922,6-9,"6'9""",81.0,78.84,"6'7""",-2.16,plays_shorter,78.84,"6'7""",-2.16,plays_shorter
2024,Michael Gray Jr.,Nicholls St.,74923,6-2,"6'2""",74.0,75.3,"6'3""",1.3,plays_taller,75.3,"6'3""",1.3,plays_taller
2024,Aquan Smart,Southeast Missouri St.,74925,6-3,"6'3""",75.0,76.42,"6'4""",1.42,plays_taller,76.42,"6'4""",1.42,plays_taller
2024,Artese Stapleton,UMKC,74928,6-3,"6'3""",75.0,73.83,"6'2""",-1.17,plays_shorter,73.83,"6'2""",-1.17,plays_shorter
2024,Randy Tucker,Niagara,74931,6-4,"6'4""",76.0,74.81,"6'3""",-1.19,plays_shorter,74.81,"6'3""",-1.19,plays_shorter
2024,Jourdan Smith,Grambling St.,74932,6-7,"6'7""",79.0,79.05,"6'7""",0.05,plays_at_height,79.05,"6'7""",0.05,plays_at_height
2024,Anderson Mirambeaux,Miami OH,74937,6-8,"6'8""",80.0,76.75,"6'5""",-3.25,plays_shorter,76.75,"6'5""",-3.25,plays_shorter
2024,Jayme Mitchell,Jackson St.,74941,6-5,"6'5""",77.0,76.75,"6'5""",-0.25,plays_at_height,76.75,"6'5""",-0.25,plays_at_height
2024,Jimel Cofer,Grambling St.,74944,6-4,"6'4""",76.0,78.21,"6'6""",2.21,plays_taller,78.21,"6'6""",2.21,plays_taller
2024,Darrell Reed,Alabama St.,74946,6-8,"6'8""",80.0,79.45,"6'7""",-0.55,plays_at_height,79.45,"6'7""",-0.55,plays_at_height
2024,Derrick Tezeno,Southern,74947,6-5,"6'5""",77.0,78.34,"6'6""",1.34,plays_taller,78.34,"6'6""",1.34,plays_taller
2024,Great Osobor,Utah St.,74950,6-8,"6'8""",80.0,83.33,"6'11""",3.33,plays_taller,83.33,"6'11""",3.33,plays_taller
2024,Sam Hoiberg,Nebraska,74951,6-0,"6'0""",72.0,76.08,"6'4""",4.08,plays_taller,76.08,"6'4""",4.08,plays_taller
2024,Daniel Ortiz,UAB,74952,6-0,"6'0""",72.0,74.33,"6'2""",2.33,plays_taller,74.33,"6'2""",2.33,plays_taller
2024,Quaran Mcpherson,Northern Illinois,74955,6-4,"6'4""",76.0,74.88,"6'3""",-1.12,plays_shorter,74.88,"6'3""",-1.12,plays_shorter
2024,Alex Tew,Weber St.,74960,6-11,"6'11""",83.0,80.64,"6'9""",-2.36,plays_shorter,80.64,"6'9""",-2.36,plays_shorter
2024,Tahron Allen,Wagner,74963,6-5,"6'5""",77.0,77.24,"6'5""",0.24,plays_at_height,77.24,"6'5""",0.24,plays_at_height
2024,Houston Mallette,Pepperdine,74965,6-5,"6'5""",77.0,74.99,"6'3""",-2.01,plays_shorter,74.99,"6'3""",-2.01,plays_shorter
2024,Mike Mitchell Jr.,Minnesota,74969,6-2,"6'2""",74.0,74.84,"6'3""",0.84,plays_taller,74.84,"6'3""",0.84,plays_taller
2024,Tsotne Tsartsidze,North Dakota,74977,6-9,"6'9""",81.0,77.43,"6'5""",-3.57,plays_shorter,77.43,"6'5""",-3.57,plays_shorter
2024,Davon Barnes,Sam Houston St.,74980,6-5,"6'5""",77.0,76.26,"6'4""",-0.74,plays_at_height,76.26,"6'4""",-0.74,plays_at_height
2024,Kolby Granger,Texas Southern,74982,6-5,"6'5""",77.0,77.94,"6'6""",0.94,plays_taller,77.94,"6'6""",0.94,plays_taller
2024,Kevin Kalu,UTEP,74983,6-9,"6'9""",81.0,81.11,"6'9""",0.11,plays_at_height,81.11,"6'9""",0.11,plays_at_height
2024,Christyon Eugene,Troy,74984,6-3,"6'3""",75.0,76.92,"6'5""",1.92,plays_taller,76.92,"6'5""",1.92,plays_taller
2024,Christopher Mantis,Appalachian St.,74987,6-7,"6'7""",79.0,75.05,"6'3""",-3.95,plays_shorter,75.05,"6'3""",-3.95,plays_shorter
2024,Allen Strothers,East Tennessee St.,74988,6-1,"6'1""",73.0,74.93,"6'3""",1.93,plays_taller,74.93,"6'3""",1.93,plays_taller
2024,Kowacie Reeves Jr.,Georgia Tech,74990,6-7,"6'7""",79.0,77.16,"6'5""",-1.84,plays_shorter,77.16,"6'5""",-1.84,plays_shorter
2024,Oscar Berry,North Florida,74994,6-5,"6'5""",77.0,75.38,"6'3""",-1.62,plays_shorter,75.38,"6'3""",-1.62,plays_shorter
2024,Niyi Olabode,UC Riverside,75000,6-5,"6'5""",77.0,77.2,"6'5""",0.2,plays_at_height,77.2,"6'5""",0.2,plays_at_height
2024,Chase Barrs,Florida A&M,75001,6-8,"6'8""",80.0,80.29,"6'8""",0.29,plays_at_height,80.29,"6'8""",0.29,plays_at_height
2024,Ethan Butler,Northern Illinois,75005,6-7,"6'7""",79.0,78.45,"6'6""",-0.55,plays_at_height,78.45,"6'6""",-0.55,plays_at_height
2024,Arthur Kaluma,Kansas St.,75009,6-7,"6'7""",79.0,78.83,"6'7""",-0.17,plays_at_height,78.83,"6'7""",-0.17,plays_at_height
2024,Kalib Clinton,Charleston Southern,75011,6-4,"6'4""",76.0,77.5,"6'6""",1.5,plays_taller,77.5,"6'6""",1.5,plays_taller
2024,Mason Miller,Creighton,75014,6-9,"6'9""",81.0,77.1,"6'5""",-3.9,plays_shorter,77.1,"6'5""",-3.9,plays_shorter
2024,John Christofilis,Seattle,75015,6-3,"6'3""",75.0,74.27,"6'2""",-0.73,plays_at_height,74.27,"6'2""",-0.73,plays_at_height
2024,Zek Montgomery,Rhode Island,75016,6-6,"6'6""",78.0,76.97,"6'5""",-1.03,plays_shorter,76.97,"6'5""",-1.03,plays_shorter
2024,Trey Alexander,Creighton,75017,6-4,"6'4""",76.0,77.2,"6'5""",1.2,plays_taller,77.2,"6'5""",1.2,plays_taller
2024,Ibbe Klintman,Central Arkansas,75018,6-9,"6'9""",81.0,76.41,"6'4""",-4.59,plays_shorter,76.41,"6'4""",-4.59,plays_shorter
2024,Kristians Feierbergs,Maine,75019,6-8,"6'8""",80.0,77.98,"6'6""",-2.02,plays_shorter,77.98,"6'6""",-2.02,plays_shorter
2024,Byron Ireland,Nicholls St.,75020,6-2,"6'2""",74.0,76.56,"6'5""",2.56,plays_taller,76.56,"6'5""",2.56,plays_taller
2024,Aaron Scott,North Texas,75033,6-7,"6'7""",79.0,79.61,"6'8""",0.61,plays_at_height,79.61,"6'8""",0.61,plays_at_height
2024,Matthew Stone,North Texas,75034,6-4,"6'4""",76.0,74.96,"6'3""",-1.04,plays_shorter,74.96,"6'3""",-1.04,plays_shorter
2024,Peter Filipovity,Maine,75035,6-7,"6'7""",79.0,79.7,"6'8""",0.7,plays_at_height,79.7,"6'8""",0.7,plays_at_height
2024,Clark Slajchert,Penn,75037,6-1,"6'1""",73.0,74.56,"6'3""",1.56,plays_taller,74.56,"6'3""",1.56,plays_taller
2024,Davion Everett,South Carolina St.,75041,6-6,"6'6""",78.0,79.41,"6'7""",1.41,plays_taller,79.41,"6'7""",1.41,plays_taller
2024,Scottie Ebube,Southern Illinois,75050,6-10,"6'10""",82.0,83.04,"6'11""",1.04,plays_taller,83.04,"6'11""",1.04,plays_taller
2024,Troy D'Amico,Southern Illinois,75051,6-7,"6'7""",79.0,76.45,"6'4""",-2.55,plays_shorter,76.45,"6'4""",-2.55,plays_shorter
2024,Foster Wonders,Green Bay,75053,6-5,"6'5""",77.0,73.44,"6'1""",-3.56,plays_shorter,73.44,"6'1""",-3.56,plays_shorter
2024,Trey Moss,William & Mary,75055,6-3,"6'3""",75.0,75.79,"6'4""",0.79,plays_taller,75.79,"6'4""",0.79,plays_taller
2024,Legend Geeter,Eastern Michigan,75058,6-8,"6'8""",80.0,76.39,"6'4""",-3.61,plays_shorter,76.39,"6'4""",-3.61,plays_shorter
2024,Rafael Castro,Providence,75059,6-11,"6'11""",83.0,81.59,"6'10""",-1.41,plays_shorter,81.59,"6'10""",-1.41,plays_shorter
2024,Khyrie Staten,Delaware St.,75061,6-1,"6'1""",73.0,74.32,"6'2""",1.32,plays_taller,74.32,"6'2""",1.32,plays_taller
2024,Jerry Ngopot,Louisiana Monroe,75070,6-11,"6'11""",83.0,78.28,"6'6""",-4.72,plays_shorter,78.28,"6'6""",-4.72,plays_shorter
2024,Latrell Reid,Saint Peter's,75071,6-3,"6'3""",75.0,76.6,"6'5""",1.6,plays_taller,76.6,"6'5""",1.6,plays_taller
2024,Brent Bland,Saint Peter's,75076,6-3,"6'3""",75.0,76.12,"6'4""",1.12,plays_taller,76.12,"6'4""",1.12,plays_taller
2024,Jordan Jefferson,Little Rock,75082,6-4,"6'4""",76.0,76.26,"6'4""",0.26,plays_at_height,76.26,"6'4""",0.26,plays_at_height
2024,RJ Melendez,Georgia,75084,6-7,"6'7""",79.0,79.12,"6'7""",0.12,plays_at_height,79.12,"6'7""",0.12,plays_at_height
2024,Brian Gordon,Lamar,75085,6-2,"6'2""",74.0,73.41,"6'1""",-0.59,plays_at_height,73.41,"6'1""",-0.59,plays_at_height
2024,Chris Walker,Binghamton,75086,6-6,"6'6""",78.0,75.47,"6'3""",-2.53,plays_shorter,75.47,"6'3""",-2.53,plays_shorter
2024,Julius Rollins,Kent St.,75090,6-7,"6'7""",79.0,77.91,"6'6""",-1.09,plays_shorter,77.91,"6'6""",-1.09,plays_shorter
2024,Andrew Laczkowski,Penn,75095,6-6,"6'6""",78.0,77.85,"6'6""",-0.15,plays_at_height,77.85,"6'6""",-0.15,plays_at_height
2024,Tedrick Wilcox Jr.,Hampton,75097,6-6,"6'6""",78.0,76.18,"6'4""",-1.82,plays_shorter,76.18,"6'4""",-1.82,plays_shorter
2024,Kanye Jones,Buffalo,75099,6-5,"6'5""",77.0,75.98,"6'4""",-1.02,plays_shorter,75.98,"6'4""",-1.02,plays_shorter
2024,Devin McGlockton,Boston College,75100,6-7,"6'7""",79.0,79.65,"6'8""",0.65,plays_at_height,79.65,"6'8""",0.65,plays_at_height
2024,Tyson Degenhart,Boise St.,75105,6-8,"6'8""",80.0,78.98,"6'7""",-1.02,plays_shorter,78.98,"6'7""",-1.02,plays_shorter
2024,RJ Keene,Boise St.,75107,6-7,"6'7""",79.0,77.37,"6'5""",-1.63,plays_shorter,77.37,"6'5""",-1.63,plays_shorter
2024,Jaeden Zackery,Boston College,75108,6-2,"6'2""",74.0,75.42,"6'3""",1.42,plays_taller,75.42,"6'3""",1.42,plays_taller
2024,Jusaun Holt,Kennesaw St.,75111,6-7,"6'7""",79.0,77.17,"6'5""",-1.83,plays_shorter,77.17,"6'5""",-1.83,plays_shorter
2024,Leonardo Bettiol,Abilene Christian,75114,6-8,"6'8""",80.0,77.84,"6'6""",-2.16,plays_shorter,77.84,"6'6""",-2.16,plays_shorter
2024,Jayden Nunn,Baylor,75115,6-4,"6'4""",76.0,76.93,"6'5""",0.93,plays_taller,76.93,"6'5""",0.93,plays_taller
2024,Nick Kern Jr.,Penn St.,75116,6-6,"6'6""",78.0,79.01,"6'7""",1.01,plays_taller,79.01,"6'7""",1.01,plays_taller
2024,Jalen Breazeale,USC Upstate,75117,5-11,"5'11""",71.0,74.39,"6'2""",3.39,plays_taller,74.39,"6'2""",3.39,plays_taller
2024,Jordan Gainey,Tennessee,75118,6-3,"6'3""",75.0,76.47,"6'4""",1.47,plays_taller,76.47,"6'4""",1.47,plays_taller
2024,Keshon Gilbert,Iowa St.,75119,6-4,"6'4""",76.0,77.76,"6'6""",1.76,plays_taller,77.76,"6'6""",1.76,plays_taller
2024,Nick Alves,USC Upstate,75120,6-6,"6'6""",78.0,78.11,"6'6""",0.11,plays_at_height,78.11,"6'6""",0.11,plays_at_height
2024,Jalen DeLoach,Georgia,75122,6-9,"6'9""",81.0,80.1,"6'8""",-0.9,plays_shorter,80.1,"6'8""",-0.9,plays_shorter
2024,Shemar Wilson,UT Arlington,75124,6-9,"6'9""",81.0,81.58,"6'10""",0.58,plays_at_height,81.58,"6'10""",0.58,plays_at_height
2024,Nick Davidson,Nevada,75126,6-9,"6'9""",81.0,81.27,"6'9""",0.27,plays_at_height,81.27,"6'9""",0.27,plays_at_height
2024,Duncan Powell,Sacramento St.,75129,6-8,"6'8""",80.0,79.58,"6'8""",-0.42,plays_at_height,79.58,"6'8""",-0.42,plays_at_height
2024,Jaylin Gibson,Eastern Illinois,75134,6-4,"6'4""",76.0,75.84,"6'4""",-0.16,plays_at_height,75.84,"6'4""",-0.16,plays_at_height
2024,Burke Chebuhar,Lehigh,75141,6-8,"6'8""",80.0,78.5,"6'7""",-1.5,plays_shorter,78.5,"6'7""",-1.5,plays_shorter
2024,Brandon Johnson,East Carolina,75142,6-8,"6'8""",80.0,79.48,"6'7""",-0.52,plays_at_height,79.48,"6'7""",-0.52,plays_at_height
2024,Marco Foster,North Alabama,75144,6-2,"6'2""",74.0,74.22,"6'2""",0.22,plays_at_height,74.22,"6'2""",0.22,plays_at_height
2024,Handje Tamba,Weber St.,75146,6-11,"6'11""",83.0,78.19,"6'6""",-4.81,plays_shorter,78.19,"6'6""",-4.81,plays_shorter
2024,Blake Barker,Army,75152,6-2,"6'2""",74.0,74.61,"6'3""",0.61,plays_at_height,74.61,"6'3""",0.61,plays_at_height
2024,Jaylon Tyson,California,75153,6-7,"6'7""",79.0,79.22,"6'7""",0.22,plays_at_height,79.22,"6'7""",0.22,plays_at_height
2024,Corey Floyd Jr.,Providence,75154,6-4,"6'4""",76.0,76.12,"6'4""",0.12,plays_at_height,76.12,"6'4""",0.12,plays_at_height
2024,Langston Wilson,Milwaukee,75156,6-9,"6'9""",81.0,81.82,"6'10""",0.82,plays_taller,81.82,"6'10""",0.82,plays_taller
2024,Sam Alajiki,Rice,75157,6-7,"6'7""",79.0,77.24,"6'5""",-1.76,plays_shorter,77.24,"6'5""",-1.76,plays_shorter
2024,Kyrell Luc,St. Bonaventure,75162,5-11,"5'11""",71.0,76.32,"6'4""",5.32,plays_taller,76.32,"6'4""",5.32,plays_taller
2024,Caleb Kenney,Holy Cross,75165,6-6,"6'6""",78.0,81.57,"6'10""",3.57,plays_taller,81.57,"6'10""",3.57,plays_taller
2024,Saint Thomas,Northern Colorado,75167,6-7,"6'7""",79.0,80.11,"6'8""",1.11,plays_taller,80.11,"6'8""",1.11,plays_taller
2024,Ramon Walker Jr.,Houston,75168,6-4,"6'4""",76.0,79.46,"6'7""",3.46,plays_taller,79.46,"6'7""",3.46,plays_taller
2024,Tyrese Hunter,Texas,75169,6-0,"6'0""",72.0,76.91,"6'5""",4.91,plays_taller,76.91,"6'5""",4.91,plays_taller
2024,Ja'Vier Francis,Houston,75170,6-8,"6'8""",80.0,85.11,"7'1""",5.11,plays_taller,85.11,"7'1""",5.11,plays_taller
2024,Maximus Edwards,George Washington,75171,6-5,"6'5""",77.0,77.68,"6'6""",0.68,plays_at_height,77.68,"6'6""",0.68,plays_at_height
2024,Dominic Muncey,San Diego,75174,6-0,"6'0""",72.0,74.04,"6'2""",2.04,plays_taller,74.04,"6'2""",2.04,plays_taller
2024,Grayson Carper,Cal St. Fullerton,75177,6-6,"6'6""",78.0,76.64,"6'5""",-1.36,plays_shorter,76.64,"6'5""",-1.36,plays_shorter
2024,Quintin Murrell,Grambling St.,75181,6-4,"6'4""",76.0,76.55,"6'5""",0.55,plays_at_height,76.55,"6'5""",0.55,plays_at_height
2024,Jamiya Neal,Arizona St.,75189,6-6,"6'6""",78.0,78.18,"6'6""",0.18,plays_at_height,78.18,"6'6""",0.18,plays_at_height
2024,Isaiah Walker,Belmont,75195,6-5,"6'5""",77.0,76.05,"6'4""",-0.95,plays_shorter,76.05,"6'4""",-0.95,plays_shorter
2024,Will Richard,Florida,75196,6-4,"6'4""",76.0,77.52,"6'6""",1.52,plays_taller,77.52,"6'6""",1.52,plays_taller
2024,Broc Bidwell,Campbell,75198,6-0,"6'0""",72.0,72.64,"6'1""",0.64,plays_at_height,72.64,"6'1""",0.64,plays_at_height
2024,DaRon Holmes II,Dayton,75202,6-10,"6'10""",82.0,84.92,"7'1""",2.92,plays_taller,84.92,"7'1""",2.92,plays_taller
2024,Ben Middlebrooks,N.C. State,75203,6-10,"6'10""",82.0,81.05,"6'9""",-0.95,plays_shorter,81.05,"6'9""",-0.95,plays_shorter
2024,Tristan Moore,Houston Christian,75205,6-7,"6'7""",79.0,74.13,"6'2""",-4.87,plays_shorter,74.13,"6'2""",-4.87,plays_shorter
2024,Ja'Heim Hudson,SMU,75214,6-7,"6'7""",79.0,78.79,"6'7""",-0.21,plays_at_height,78.79,"6'7""",-0.21,plays_at_height
2024,Jackie Johnson III,UNLV,75216,5-11,"5'11""",71.0,74.24,"6'2""",3.24,plays_taller,74.24,"6'2""",3.24,plays_taller
2024,Miles Kelly,Georgia Tech,75218,6-6,"6'6""",78.0,77.22,"6'5""",-0.78,plays_shorter,77.22,"6'5""",-0.78,plays_shorter
2024,Jalon Moore,Oklahoma,75219,6-7,"6'7""",79.0,81.88,"6'10""",2.88,plays_taller,81.88,"6'10""",2.88,plays_taller
2024,Dallan 'Deebo' Coleman,Georgia Tech,75221,6-6,"6'6""",78.0,76.7,"6'5""",-1.3,plays_shorter,76.7,"6'5""",-1.3,plays_shorter
2024,Enoch Boakye,Fresno St.,75235,6-11,"6'11""",83.0,84.32,"7'0""",1.32,plays_taller,84.32,"7'0""",1.32,plays_taller
2024,Justin Rochelin,Oregon St.,75236,6-5,"6'5""",77.0,75.58,"6'4""",-1.42,plays_shorter,75.58,"6'4""",-1.42,plays_shorter
2024,Rafael Pinzon,Bryant,75237,6-6,"6'6""",78.0,74.75,"6'3""",-3.25,plays_shorter,74.75,"6'3""",-3.25,plays_shorter
2024,Jaden Campbell,Samford,75243,6-5,"6'5""",77.0,77.56,"6'6""",0.56,plays_at_height,77.56,"6'6""",0.56,plays_at_height
2024,Giovanni Emejuru,Siena,75245,6-11,"6'11""",83.0,81.38,"6'9""",-1.62,plays_shorter,81.38,"6'9""",-1.62,plays_shorter
2024,Wesley Cardet Jr.,Chicago St.,75246,6-6,"6'6""",78.0,77.4,"6'5""",-0.6,plays_at_height,77.4,"6'5""",-0.6,plays_at_height
2024,Jaden Ray,Sam Houston St.,75247,5-10,"5'10""",70.0,75.17,"6'3""",5.17,plays_taller,75.17,"6'3""",5.17,plays_taller
2024,Damon Nicholas Jr.,Sam Houston St.,75250,6-4,"6'4""",76.0,78.53,"6'7""",2.53,plays_taller,78.53,"6'7""",2.53,plays_taller
2024,Kehlin Farooq,Texas Southern,75251,6-6,"6'6""",78.0,77.49,"6'5""",-0.51,plays_at_height,77.49,"6'5""",-0.51,plays_at_height
2024,Isaac Mushila,New Mexico,75257,6-5,"6'5""",77.0,78.28,"6'6""",1.28,plays_taller,78.28,"6'6""",1.28,plays_taller
2024,Tucker DeVries,Drake,75260,6-7,"6'7""",79.0,78.3,"6'6""",-0.7,plays_at_height,78.3,"6'6""",-0.7,plays_at_height
2024,Conor Enright,Drake,75261,6-0,"6'0""",72.0,75.61,"6'4""",3.61,plays_taller,75.61,"6'4""",3.61,plays_taller
2024,Damian Forrest,North Alabama,75265,6-9,"6'9""",81.0,80.21,"6'8""",-0.79,plays_shorter,80.21,"6'8""",-0.79,plays_shorter
2024,Jaylen Blakes,Duke,75267,6-2,"6'2""",74.0,77.11,"6'5""",3.11,plays_taller,77.11,"6'5""",3.11,plays_taller
2024,Birima Seck,Fairfield,75277,6-11,"6'11""",83.0,79.3,"6'7""",-3.7,plays_shorter,79.3,"6'7""",-3.7,plays_shorter
2024,Joe Ostrowsky,Central Connecticut,75279,6-0,"6'0""",72.0,75.62,"6'4""",3.62,plays_taller,75.62,"6'4""",3.62,plays_taller
2024,Davonte Sweatman,Central Connecticut,75280,5-8,"5'8""",68.0,74.67,"6'3""",6.67,plays_taller,74.67,"6'3""",6.67,plays_taller
2024,Babacar Faye,Western Kentucky,75281,6-8,"6'8""",80.0,80.86,"6'9""",0.86,plays_taller,80.86,"6'9""",0.86,plays_taller
2024,Sean Durugordon,Siena,75282,6-5,"6'5""",77.0,77.04,"6'5""",0.04,plays_at_height,77.04,"6'5""",0.04,plays_at_height
2024,Dylan Hayman,Incarnate Word,75283,6-5,"6'5""",77.0,77.59,"6'6""",0.59,plays_at_height,77.59,"6'6""",0.59,plays_at_height
2024,Samson Johnson,Connecticut,75284,6-10,"6'10""",82.0,83.15,"6'11""",1.15,plays_taller,83.15,"6'11""",1.15,plays_taller
2024,Jace Carter,Texas A&M,75285,6-6,"6'6""",78.0,77.41,"6'5""",-0.59,plays_at_height,77.41,"6'5""",-0.59,plays_at_height
2024,Jaden Brownell,Illinois Chicago,75286,6-9,"6'9""",81.0,77.72,"6'6""",-3.28,plays_shorter,77.72,"6'6""",-3.28,plays_shorter
2024,Filip Skobalj,Illinois Chicago,75287,6-7,"6'7""",79.0,76.26,"6'4""",-2.74,plays_shorter,76.26,"6'4""",-2.74,plays_shorter
2024,Ben Griscti,UC Riverside,75291,6-11,"6'11""",83.0,77.85,"6'6""",-5.15,plays_shorter,77.85,"6'6""",-5.15,plays_shorter
2024,Nate Johnson,Akron,75301,6-3,"6'3""",75.0,76.92,"6'5""",1.92,plays_taller,76.92,"6'5""",1.92,plays_taller
2024,Kobe Johnson,West Virginia,75309,6-3,"6'3""",75.0,75.94,"6'4""",0.94,plays_taller,75.94,"6'4""",0.94,plays_taller
2024,Mac MacDonald,Navy,75310,6-1,"6'1""",73.0,74.66,"6'3""",1.66,plays_taller,74.66,"6'3""",1.66,plays_taller
2024,Roger McFarlane,Southeastern Louisiana,75311,6-5,"6'5""",77.0,78.3,"6'6""",1.3,plays_taller,78.3,"6'6""",1.3,plays_taller
2024,Oluwasegun Durosinmi,Northern Illinois,75313,6-9,"6'9""",81.0,79.9,"6'8""",-1.1,plays_shorter,79.9,"6'8""",-1.1,plays_shorter
2024,Walyn Napper,Longwood,75316,6-1,"6'1""",73.0,75.97,"6'4""",2.97,plays_taller,75.97,"6'4""",2.97,plays_taller
2024,Brooks Allen,St. Thomas,75317,6-7,"6'7""",79.0,76.01,"6'4""",-2.99,plays_shorter,76.01,"6'4""",-2.99,plays_shorter
2024,Brody Peebles,Liberty,75322,6-2,"6'2""",74.0,75.3,"6'3""",1.3,plays_taller,75.3,"6'3""",1.3,plays_taller
2024,Rivaldo Soares,Oklahoma,75327,6-6,"6'6""",78.0,79.72,"6'8""",1.72,plays_taller,79.72,"6'8""",1.72,plays_taller
2024,Joseph Venzant,Liberty,75328,6-3,"6'3""",75.0,80.05,"6'8""",5.05,plays_taller,80.05,"6'8""",5.05,plays_taller
2024,Isaac Johnson,Utah St.,75331,7-0,"7'0""",84.0,79.11,"6'7""",-4.89,plays_shorter,79.11,"6'7""",-4.89,plays_shorter
2024,D'Marco Dunn,Penn St.,75336,6-5,"6'5""",77.0,75.38,"6'3""",-1.62,plays_shorter,75.38,"6'3""",-1.62,plays_shorter
2024,Jayden Jackson,Northern Arizona,75337,6-4,"6'4""",76.0,77.41,"6'5""",1.41,plays_taller,77.41,"6'5""",1.41,plays_taller
2024,Andrew Morgan,North Dakota St.,75339,6-10,"6'10""",82.0,78.92,"6'7""",-3.08,plays_shorter,78.92,"6'7""",-3.08,plays_shorter
2024,Justin Bufford,Middle Tennessee,75340,6-6,"6'6""",78.0,77.31,"6'5""",-0.69,plays_at_height,77.31,"6'5""",-0.69,plays_at_height
2024,Alvaro Cardenas,San Jose St.,75345,6-1,"6'1""",73.0,74.9,"6'3""",1.9,plays_taller,74.9,"6'3""",1.9,plays_taller
2024,Myron Amey Jr.,San Jose St.,75346,6-2,"6'2""",74.0,77.01,"6'5""",3.01,plays_taller,77.01,"6'5""",3.01,plays_taller
2024,Jaden Geron,Montana St.,75347,6-8,"6'8""",80.0,76.03,"6'4""",-3.97,plays_shorter,76.03,"6'4""",-3.97,plays_shorter
2024,Zavian McLean,Columbia,75350,6-4,"6'4""",76.0,76.04,"6'4""",0.04,plays_at_height,76.04,"6'4""",0.04,plays_at_height
2024,Isa Silva,Long Beach St.,75351,6-4,"6'4""",76.0,74.39,"6'2""",-1.61,plays_shorter,74.39,"6'2""",-1.61,plays_shorter
2024,O'Mar Stanley,Boise St.,75352,6-8,"6'8""",80.0,81.47,"6'9""",1.47,plays_taller,81.47,"6'9""",1.47,plays_taller
2024,Jeremiah Kendall,Alcorn St.,75356,6-7,"6'7""",79.0,79.96,"6'8""",0.96,plays_taller,79.96,"6'8""",0.96,plays_taller
2024,Xavier Bledson,Indiana St.,75358,6-6,"6'6""",78.0,76.29,"6'4""",-1.71,plays_shorter,76.29,"6'4""",-1.71,plays_shorter
2024,Davante Dennis,Incarnate Word,75359,6-7,"6'7""",79.0,79.18,"6'7""",0.18,plays_at_height,79.18,"6'7""",0.18,plays_at_height
2024,Mike Marsh,Oklahoma St.,75360,6-10,"6'10""",82.0,78.65,"6'7""",-3.35,plays_shorter,78.65,"6'7""",-3.35,plays_shorter
2024,David Acosta,Tennessee St.,75361,6-11,"6'11""",83.0,78.06,"6'6""",-4.94,plays_shorter,78.06,"6'6""",-4.94,plays_shorter
2024,JP Pegues,Furman,75364,6-1,"6'1""",73.0,75.46,"6'3""",2.46,plays_taller,75.46,"6'3""",2.46,plays_taller
2024,Tevin Smith,Cleveland St.,75369,6-4,"6'4""",76.0,78.17,"6'6""",2.17,plays_taller,78.17,"6'6""",2.17,plays_taller
2024,Alex Williams,Furman,75371,6-5,"6'5""",77.0,76.33,"6'4""",-0.67,plays_at_height,76.33,"6'4""",-0.67,plays_at_height
2024,Tyrese Hughey,Furman,75372,6-6,"6'6""",78.0,79.09,"6'7""",1.09,plays_taller,79.09,"6'7""",1.09,plays_taller
2024,Jalen Miller,Oral Roberts,75373,6-2,"6'2""",74.0,74.68,"6'3""",0.68,plays_at_height,74.68,"6'3""",0.68,plays_at_height
2024,Chucky Hepburn,Wisconsin,75376,6-2,"6'2""",74.0,77.01,"6'5""",3.01,plays_taller,77.01,"6'5""",3.01,plays_taller
2024,Matthew Mors,South Dakota St.,75377,6-7,"6'7""",79.0,77.03,"6'5""",-1.97,plays_shorter,77.03,"6'5""",-1.97,plays_shorter
2024,Diego Campisano,Northern Arizona,75383,6-5,"6'5""",77.0,76.42,"6'4""",-0.58,plays_at_height,76.42,"6'4""",-0.58,plays_at_height
2024,Abdoulaye Thiam,High Point,75385,6-4,"6'4""",76.0,76.12,"6'4""",0.12,plays_at_height,76.12,"6'4""",0.12,plays_at_height
2024,Pierre Brooks II,Butler,75391,6-6,"6'6""",78.0,76.46,"6'4""",-1.54,plays_shorter,76.46,"6'4""",-1.54,plays_shorter
2024,Jaden Akins,Michigan St.,75392,6-4,"6'4""",76.0,77.73,"6'6""",1.73,plays_taller,77.73,"6'6""",1.73,plays_taller
2024,Lassina Traore,Long Beach St.,75397,6-10,"6'10""",82.0,80.66,"6'9""",-1.34,plays_shorter,80.66,"6'9""",-1.34,plays_shorter
2024,Nate Santos,Dayton,75401,6-7,"6'7""",79.0,77.88,"6'6""",-1.12,plays_shorter,77.88,"6'6""",-1.12,plays_shorter
2024,Chris Payton Jr.,Kent St.,75402,6-7,"6'7""",79.0,82.38,"6'10""",3.38,plays_taller,82.38,"6'10""",3.38,plays_taller
2024,Vasilije Vucinic,Portland,75403,6-11,"6'11""",83.0,79.67,"6'8""",-3.33,plays_shorter,79.67,"6'8""",-3.33,plays_shorter
2024,Chika Nduka,Montana St.,75405,6-5,"6'5""",77.0,75.6,"6'4""",-1.4,plays_shorter,75.6,"6'4""",-1.4,plays_shorter
2024,Malik Thomas,San Francisco,75409,6-4,"6'4""",76.0,76.2,"6'4""",0.2,plays_at_height,76.2,"6'4""",0.2,plays_at_height
2024,Kobe Johnson,USC,75410,6-6,"6'6""",78.0,77.94,"6'6""",-0.06,plays_at_height,77.94,"6'6""",-0.06,plays_at_height
2024,Harrison Hornery,USC,75411,6-10,"6'10""",82.0,77.69,"6'6""",-4.31,plays_shorter,77.69,"6'6""",-4.31,plays_shorter
2024,Thomas Oosterbroek,Portland,75418,6-8,"6'8""",80.0,76.95,"6'5""",-3.05,plays_shorter,76.95,"6'5""",-3.05,plays_shorter
2024,Isaiah Caldwell,Army,75424,6-4,"6'4""",76.0,75.86,"6'4""",-0.14,plays_at_height,75.86,"6'4""",-0.14,plays_at_height
2024,Bent Leuchten,UC Irvine,75426,7-1,"7'1""",85.0,81.33,"6'9""",-3.67,plays_shorter,81.33,"6'9""",-3.67,plays_shorter
2024,Trey Edmonds,UTSA,75428,6-10,"6'10""",82.0,79.88,"6'8""",-2.12,plays_shorter,79.88,"6'8""",-2.12,plays_shorter
2024,Sherman Brashear,UT Rio Grande Valley,75431,6-5,"6'5""",77.0,75.78,"6'4""",-1.22,plays_shorter,75.78,"6'4""",-1.22,plays_shorter
2024,Vonterius Woolbright,Western Carolina,75432,6-6,"6'6""",78.0,80.23,"6'8""",2.23,plays_taller,80.23,"6'8""",2.23,plays_taller
2024,TJ Small,Army,75433,6-2,"6'2""",74.0,76.02,"6'4""",2.02,plays_taller,76.02,"6'4""",2.02,plays_taller
2024,Keller Boothby,Cornell,75435,6-7,"6'7""",79.0,75.28,"6'3""",-3.72,plays_shorter,75.28,"6'3""",-3.72,plays_shorter
2024,Imanuel Zorgvol,Youngstown St.,75438,7-0,"7'0""",84.0,83.64,"7'0""",-0.36,plays_at_height,83.64,"7'0""",-0.36,plays_at_height
2024,Dalton Knecht,Tennessee,75441,6-6,"6'6""",78.0,79.0,"6'7""",1.0,plays_taller,79.0,"6'7""",1.0,plays_taller
2024,Zach Bloch,Northern Colorado,75444,6-2,"6'2""",74.0,74.85,"6'3""",0.85,plays_taller,74.85,"6'3""",0.85,plays_taller
2024,Sam Vinson,Northern Kentucky,75445,6-5,"6'5""",77.0,77.2,"6'5""",0.2,plays_at_height,77.2,"6'5""",0.2,plays_at_height
2024,Aladji Gassama,Pepperdine,75450,6-9,"6'9""",81.0,76.26,"6'4""",-4.74,plays_shorter,76.26,"6'4""",-4.74,plays_shorter
2024,Carson Basham,Northern Arizona,75451,6-10,"6'10""",82.0,82.21,"6'10""",0.21,plays_at_height,82.21,"6'10""",0.21,plays_at_height
2024,Jamel King,Kennesaw St.,75455,6-7,"6'7""",79.0,75.8,"6'4""",-3.2,plays_shorter,75.8,"6'4""",-3.2,plays_shorter
2024,Zach Hicks,Penn St.,75457,6-8,"6'8""",80.0,75.38,"6'3""",-4.62,plays_shorter,75.38,"6'3""",-4.62,plays_shorter
2024,Hysier Miller,Temple,75458,6-1,"6'1""",73.0,76.12,"6'4""",3.12,plays_taller,76.12,"6'4""",3.12,plays_taller
2024,D'Angelo Stines,Loyola MD,75459,6-2,"6'2""",74.0,75.75,"6'4""",1.75,plays_taller,75.75,"6'4""",1.75,plays_taller
2024,Abdou Samb,IU Indy,75461,6-8,"6'8""",80.0,78.91,"6'7""",-1.09,plays_shorter,78.91,"6'7""",-1.09,plays_shorter
2024,Ben Knostman,Lehigh,75464,6-5,"6'5""",77.0,75.3,"6'3""",-1.7,plays_shorter,75.3,"6'3""",-1.7,plays_shorter
2024,AJ Burgin,Idaho St.,75465,6-3,"6'3""",75.0,75.62,"6'4""",0.62,plays_at_height,75.62,"6'4""",0.62,plays_at_height
2024,Pablo Tamba,UC Davis,75466,6-7,"6'7""",79.0,79.1,"6'7""",0.1,plays_at_height,79.1,"6'7""",0.1,plays_at_height
2024,Cli'Ron Hornbeak,Kent St.,75468,6-9,"6'9""",81.0,81.14,"6'9""",0.14,plays_at_height,81.14,"6'9""",0.14,plays_at_height
2024,Keith Higgins Jr.,Lehigh,75469,6-4,"6'4""",76.0,76.87,"6'5""",0.87,plays_taller,76.87,"6'5""",0.87,plays_taller
2024,Jaylani Darden,Norfolk St.,75470,6-5,"6'5""",77.0,78.05,"6'6""",1.05,plays_taller,78.05,"6'6""",1.05,plays_taller
2024,Tyler Whitney-Sidney,Lehigh,75471,6-2,"6'2""",74.0,76.28,"6'4""",2.28,plays_taller,76.28,"6'4""",2.28,plays_taller
2024,Tamar Bates,Missouri,75473,6-5,"6'5""",77.0,76.57,"6'5""",-0.43,plays_at_height,76.57,"6'5""",-0.43,plays_at_height
2024,Ben Johnson,Bellarmine,75478,6-3,"6'3""",75.0,74.08,"6'2""",-0.92,plays_shorter,74.08,"6'2""",-0.92,plays_shorter
2024,Landin Hacker,Bellarmine,75479,6-0,"6'0""",72.0,73.58,"6'2""",1.58,plays_taller,73.58,"6'2""",1.58,plays_taller
2024,Jayden Brown,Central Connecticut,75480,6-8,"6'8""",80.0,79.85,"6'8""",-0.15,plays_at_height,79.85,"6'8""",-0.15,plays_at_height
2024,Guy Ragland Jr.,Cornell,75481,6-8,"6'8""",80.0,78.51,"6'7""",-1.49,plays_shorter,78.51,"6'7""",-1.49,plays_shorter
2024,Angelo Brizzi,Davidson,75482,6-3,"6'3""",75.0,76.82,"6'5""",1.82,plays_taller,76.82,"6'5""",1.82,plays_taller
2024,Sam Alamutu,Vermont,75484,6-5,"6'5""",77.0,80.17,"6'8""",3.17,plays_taller,80.17,"6'8""",3.17,plays_taller
2024,Michael Duax,Northern Iowa,75487,6-6,"6'6""",78.0,77.6,"6'6""",-0.4,plays_at_height,77.6,"6'6""",-0.4,plays_at_height
2024,Landon Wolf,Northern Iowa,75488,6-4,"6'4""",76.0,75.81,"6'4""",-0.19,plays_at_height,75.81,"6'4""",-0.19,plays_at_height
2024,Ja'Sean Jackson,Lamar,75492,6-0,"6'0""",72.0,73.98,"6'2""",1.98,plays_taller,73.98,"6'2""",1.98,plays_taller
2024,Cameron Jernigan,Chicago St.,75494,6-7,"6'7""",79.0,80.65,"6'9""",1.65,plays_taller,80.65,"6'9""",1.65,plays_taller
2024,Wade Taylor IV,Texas A&M,75501,6-0,"6'0""",72.0,75.3,"6'3""",3.3,plays_taller,75.3,"6'3""",3.3,plays_taller
2024,EJ Farmer,Youngstown St.,75504,6-5,"6'5""",77.0,75.94,"6'4""",-1.06,plays_shorter,75.94,"6'4""",-1.06,plays_shorter
2024,KJ Allen,Portland St.,75505,6-6,"6'6""",78.0,78.91,"6'7""",0.91,plays_taller,78.91,"6'7""",0.91,plays_taller
2024,Kooper Jacobi,Eastern Illinois,75509,6-7,"6'7""",79.0,77.87,"6'6""",-1.13,plays_shorter,77.87,"6'6""",-1.13,plays_shorter
2024,Elijah Wilson,Maryland Eastern Shore,75511,6-5,"6'5""",77.0,76.29,"6'4""",-0.71,plays_at_height,76.29,"6'4""",-0.71,plays_at_height
2024,Myles Rice,Washington St.,75512,6-3,"6'3""",75.0,76.93,"6'5""",1.93,plays_taller,76.93,"6'5""",1.93,plays_taller
2024,Chris Nix,Texas St.,75513,6-9,"6'9""",81.0,79.39,"6'7""",-1.61,plays_shorter,79.39,"6'7""",-1.61,plays_shorter
2024,Brian Myles,Prairie View A&M,75517,6-7,"6'7""",79.0,81.15,"6'9""",2.15,plays_taller,81.15,"6'9""",2.15,plays_taller
2024,Zee Hamoda,Sacramento St.,75519,6-7,"6'7""",79.0,76.35,"6'4""",-2.65,plays_shorter,76.35,"6'4""",-2.65,plays_shorter
2024,Wyatt Fricks,Marshall,75522,6-9,"6'9""",81.0,79.42,"6'7""",-1.58,plays_shorter,79.42,"6'7""",-1.58,plays_shorter
2024,Glenn Taylor Jr.,St. John's,75523,6-6,"6'6""",78.0,76.02,"6'4""",-1.98,plays_shorter,76.02,"6'4""",-1.98,plays_shorter
2024,Marcus Banks Jr.,UMBC,75525,6-3,"6'3""",75.0,74.69,"6'3""",-0.31,plays_at_height,74.69,"6'3""",-0.31,plays_at_height
2024,Khaleb Wilson-Rouse,New Orleans,75530,6-2,"6'2""",74.0,74.56,"6'3""",0.56,plays_at_height,74.56,"6'3""",0.56,plays_at_height
2024,Stephen Giwa,Texas A&M Corpus Chris,75532,6-9,"6'9""",81.0,80.17,"6'8""",-0.83,plays_shorter,80.17,"6'8""",-0.83,plays_shorter
2024,Kevin Miller,Wake Forest,75534,6-0,"6'0""",72.0,75.21,"6'3""",3.21,plays_taller,75.21,"6'3""",3.21,plays_taller
2024,Kam Summers,Navy,75536,6-4,"6'4""",76.0,74.63,"6'3""",-1.37,plays_shorter,74.63,"6'3""",-1.37,plays_shorter
2024,Dan Luers,Eastern Illinois,75537,6-5,"6'5""",77.0,75.67,"6'4""",-1.33,plays_shorter,75.67,"6'4""",-1.33,plays_shorter
2024,Jasman Sangha,Cal St. Northridge,75539,6-8,"6'8""",80.0,75.97,"6'4""",-4.03,plays_shorter,75.97,"6'4""",-4.03,plays_shorter
2024,Amar'e Marshall,Albany,75542,6-4,"6'4""",76.0,77.77,"6'6""",1.77,plays_taller,77.77,"6'6""",1.77,plays_taller
2024,Jason Roche,Richmond,75543,6-5,"6'5""",77.0,74.54,"6'3""",-2.46,plays_shorter,74.54,"6'3""",-2.46,plays_shorter
2024,Jaquan Carlos,Hofstra,75546,6-0,"6'0""",72.0,75.39,"6'3""",3.39,plays_taller,75.39,"6'3""",3.39,plays_taller
2024,Jackson Price,Marist,75549,6-8,"6'8""",80.0,78.13,"6'6""",-1.87,plays_shorter,78.13,"6'6""",-1.87,plays_shorter
2024,Langdon Hatton,Bellarmine,75550,6-10,"6'10""",82.0,79.11,"6'7""",-2.89,plays_shorter,79.11,"6'7""",-2.89,plays_shorter
2024,Langston Redfield,UC Irvine,75551,6-4,"6'4""",76.0,74.55,"6'3""",-1.45,plays_shorter,74.55,"6'3""",-1.45,plays_shorter
2024,Bryce Johnson,UMBC,75552,6-4,"6'4""",76.0,75.64,"6'4""",-0.36,plays_at_height,75.64,"6'4""",-0.36,plays_at_height
2024,Devin Carter,Providence,75553,6-3,"6'3""",75.0,80.77,"6'9""",5.77,plays_taller,80.77,"6'9""",5.77,plays_taller
2024,Jaylin Sellers,UCF,75555,6-4,"6'4""",76.0,77.25,"6'5""",1.25,plays_taller,77.25,"6'5""",1.25,plays_taller
2024,Jacobi Wright,South Carolina,75557,6-2,"6'2""",74.0,74.71,"6'3""",0.71,plays_at_height,74.71,"6'3""",0.71,plays_at_height
2024,Ali Abdou Dibba,Abilene Christian,75558,6-4,"6'4""",76.0,77.63,"6'6""",1.63,plays_taller,77.63,"6'6""",1.63,plays_taller
2024,Jahsean Corbett,Chicago St.,75559,6-7,"6'7""",79.0,77.93,"6'6""",-1.07,plays_shorter,77.93,"6'6""",-1.07,plays_shorter
2024,Kedrick Green,Chicago St.,75561,6-0,"6'0""",72.0,73.75,"6'2""",1.75,plays_taller,73.75,"6'2""",1.75,plays_taller
2024,Matthew Marsh,Wake Forest,75562,7-1,"7'1""",85.0,79.83,"6'8""",-5.17,plays_shorter,79.83,"6'8""",-5.17,plays_shorter
2024,Lazar Stefanovic,UCLA,75565,6-7,"6'7""",79.0,77.39,"6'5""",-1.61,plays_shorter,77.39,"6'5""",-1.61,plays_shorter
2024,J.R. Konieczny,Notre Dame,75567,6-7,"6'7""",79.0,78.04,"6'6""",-0.96,plays_shorter,78.04,"6'6""",-0.96,plays_shorter
2024,Sai Witt,Austin Peay,75569,6-8,"6'8""",80.0,79.55,"6'8""",-0.45,plays_at_height,79.55,"6'8""",-0.45,plays_at_height
2024,Bostyn Holt,South Dakota,75571,6-7,"6'7""",79.0,76.25,"6'4""",-2.75,plays_shorter,76.25,"6'4""",-2.75,plays_shorter
2024,Dashawn Davis,Mississippi St.,75572,6-2,"6'2""",74.0,74.84,"6'3""",0.84,plays_taller,74.84,"6'3""",0.84,plays_taller
2024,Sebastian Thomas,Albany,75575,6-1,"6'1""",73.0,75.53,"6'4""",2.53,plays_taller,75.53,"6'4""",2.53,plays_taller
2024,Khalil Brantley,La Salle,75576,6-1,"6'1""",73.0,76.18,"6'4""",3.18,plays_taller,76.18,"6'4""",3.18,plays_taller
2024,Marcus Randolph,Saint Peter's,75577,6-5,"6'5""",77.0,74.19,"6'2""",-2.81,plays_shorter,74.19,"6'2""",-2.81,plays_shorter
2024,Aidan Noyes,Richmond,75578,6-7,"6'7""",79.0,78.34,"6'6""",-0.66,plays_at_height,78.34,"6'6""",-0.66,plays_at_height
2024,Andre Washington,LIU,75580,5-11,"5'11""",71.0,74.68,"6'3""",3.68,plays_taller,74.68,"6'3""",3.68,plays_taller
2024,Shane Dezonie,Temple,75584,6-4,"6'4""",76.0,77.31,"6'5""",1.31,plays_taller,77.31,"6'5""",1.31,plays_taller
2024,Noah Reynolds,Green Bay,75585,6-3,"6'3""",75.0,77.14,"6'5""",2.14,plays_taller,77.14,"6'5""",2.14,plays_taller
2024,Gabe Dorsey,William & Mary,75590,6-6,"6'6""",78.0,75.09,"6'3""",-2.91,plays_shorter,75.09,"6'3""",-2.91,plays_shorter
2024,David Joplin,Marquette,75591,6-8,"6'8""",80.0,77.9,"6'6""",-2.1,plays_shorter,77.9,"6'6""",-2.1,plays_shorter
2024,Keeyan Itejere,Northern Kentucky,75592,6-9,"6'9""",81.0,82.29,"6'10""",1.29,plays_taller,82.29,"6'10""",1.29,plays_taller
2024,KJ Adams Jr.,Kansas,75596,6-7,"6'7""",79.0,80.75,"6'9""",1.75,plays_taller,80.75,"6'9""",1.75,plays_taller
2024,Stevie Mitchell,Marquette,75597,6-3,"6'3""",75.0,78.38,"6'6""",3.38,plays_taller,78.38,"6'6""",3.38,plays_taller
2024,Payton Sandfort,Iowa,75598,6-7,"6'7""",79.0,77.9,"6'6""",-1.1,plays_shorter,77.9,"6'6""",-1.1,plays_shorter
2024,David Elliott,Utah Tech,75599,6-3,"6'3""",75.0,76.0,"6'4""",1.0,plays_taller,76.0,"6'4""",1.0,plays_taller
2024,Lamaj Lewis,Loyola Marymount,75600,6-6,"6'6""",78.0,75.83,"6'4""",-2.17,plays_shorter,75.83,"6'4""",-2.17,plays_shorter
2024,Matthew Cleveland,Miami FL,75602,6-7,"6'7""",79.0,79.01,"6'7""",0.01,plays_at_height,79.01,"6'7""",0.01,plays_at_height
2024,Bryce Hopkins,Providence,75605,6-7,"6'7""",79.0,79.53,"6'8""",0.53,plays_at_height,79.53,"6'8""",0.53,plays_at_height
2024,Andre Snoddy,Stony Brook,75614,6-6,"6'6""",78.0,78.78,"6'7""",0.78,plays_taller,78.78,"6'7""",0.78,plays_taller
2024,Lawson Lovering,Utah,75618,7-1,"7'1""",85.0,80.53,"6'9""",-4.47,plays_shorter,80.53,"6'9""",-4.47,plays_shorter
2024,Elias Cato,Central Arkansas,75620,6-9,"6'9""",81.0,78.59,"6'7""",-2.41,plays_shorter,78.59,"6'7""",-2.41,plays_shorter
2024,Connor Hickman,Bradley,75621,6-3,"6'3""",75.0,76.25,"6'4""",1.25,plays_taller,76.25,"6'4""",1.25,plays_taller
2024,KJ Simpson,Colorado,75622,6-2,"6'2""",74.0,77.85,"6'6""",3.85,plays_taller,77.85,"6'6""",3.85,plays_taller
2024,Javon Ruffin,Colorado,75623,6-5,"6'5""",77.0,76.68,"6'5""",-0.32,plays_at_height,76.68,"6'5""",-0.32,plays_at_height
2024,VJ Reeves Jr.,East Texas A&M,75624,6-5,"6'5""",77.0,74.31,"6'2""",-2.69,plays_shorter,74.31,"6'2""",-2.69,plays_shorter
2024,AJ Clayton,Ohio,75628,6-8,"6'8""",80.0,80.12,"6'8""",0.12,plays_at_height,80.12,"6'8""",0.12,plays_at_height
2024,Malevy Leons,Bradley,75634,6-9,"6'9""",81.0,80.89,"6'9""",-0.11,plays_at_height,80.89,"6'9""",-0.11,plays_at_height
2024,Brandon Huntley-Hatfield,Louisville,75639,6-10,"6'10""",82.0,80.91,"6'9""",-1.09,plays_shorter,80.91,"6'9""",-1.09,plays_shorter
2024,Jonas Aidoo,Tennessee,75641,6-11,"6'11""",83.0,84.07,"7'0""",1.07,plays_taller,84.07,"7'0""",1.07,plays_taller
2024,Cam Palesse,Canisius,75642,6-5,"6'5""",77.0,75.14,"6'3""",-1.86,plays_shorter,75.14,"6'3""",-1.86,plays_shorter
2024,Preston Ruedinger,Green Bay,75644,6-2,"6'2""",74.0,75.23,"6'3""",1.23,plays_taller,75.23,"6'3""",1.23,plays_taller
2024,Cam Crawford,Marshall,75648,6-5,"6'5""",77.0,76.18,"6'4""",-0.82,plays_shorter,76.18,"6'4""",-0.82,plays_shorter
2024,Bobby Pettiford Jr.,East Carolina,75656,6-0,"6'0""",72.0,76.01,"6'4""",4.01,plays_taller,76.01,"6'4""",4.01,plays_taller
2024,Garrett Johnson,George Washington,75658,6-8,"6'8""",80.0,77.04,"6'5""",-2.96,plays_shorter,77.04,"6'5""",-2.96,plays_shorter
2024,Matt Allocco,Princeton,75659,6-4,"6'4""",76.0,75.1,"6'3""",-0.9,plays_shorter,75.1,"6'3""",-0.9,plays_shorter
2024,Jaden Cooper,Columbia,75660,6-3,"6'3""",75.0,75.96,"6'4""",0.96,plays_taller,75.96,"6'4""",0.96,plays_taller
2024,Nana Owusu-Anane,Brown,75662,6-8,"6'8""",80.0,81.15,"6'9""",1.15,plays_taller,81.15,"6'9""",1.15,plays_taller
2024,Jalen Lake,Colorado St.,75663,6-4,"6'4""",76.0,74.72,"6'3""",-1.28,plays_shorter,74.72,"6'3""",-1.28,plays_shorter
2024,Aaron Cooley,Brown,75665,6-5,"6'5""",77.0,77.44,"6'5""",0.44,plays_at_height,77.44,"6'5""",0.44,plays_at_height
2024,Victor Hart,Southern Miss,75670,6-6,"6'6""",78.0,79.01,"6'7""",1.01,plays_taller,79.01,"6'7""",1.01,plays_taller
2024,Bradley Ezewiro,Saint Louis,75683,6-9,"6'9""",81.0,81.07,"6'9""",0.07,plays_at_height,81.07,"6'9""",0.07,plays_at_height
2024,Jerrell Colbert,Kansas St.,75684,6-10,"6'10""",82.0,81.77,"6'10""",-0.23,plays_at_height,81.77,"6'10""",-0.23,plays_at_height
2024,Efton Reid III,Wake Forest,75685,7-0,"7'0""",84.0,82.09,"6'10""",-1.91,plays_shorter,82.09,"6'10""",-1.91,plays_shorter
2024,Brandon Murray,Mississippi,75687,6-5,"6'5""",77.0,76.33,"6'4""",-0.67,plays_at_height,76.33,"6'4""",-0.67,plays_at_height
2024,Dalen Ridgnal,Wichita St.,75688,6-6,"6'6""",78.0,79.71,"6'8""",1.71,plays_taller,79.71,"6'8""",1.71,plays_taller
2024,Kario Oquendo,Oregon,75689,6-4,"6'4""",76.0,78.01,"6'6""",2.01,plays_taller,78.01,"6'6""",2.01,plays_taller
2024,Randy Brady,Chattanooga,75690,6-5,"6'5""",77.0,76.82,"6'5""",-0.18,plays_at_height,76.82,"6'5""",-0.18,plays_at_height
2024,Lucas Taylor,Georgia St.,75693,6-5,"6'5""",77.0,75.49,"6'3""",-1.51,plays_shorter,75.49,"6'3""",-1.51,plays_shorter
2024,Gavyn Elkamil,Southeast Missouri St.,75695,6-5,"6'5""",77.0,75.34,"6'3""",-1.66,plays_shorter,75.34,"6'3""",-1.66,plays_shorter
2024,Anthony Pritchard,Central Michigan,75696,6-2,"6'2""",74.0,77.35,"6'5""",3.35,plays_taller,77.35,"6'5""",3.35,plays_taller
2024,Elijah Tate,Texas St.,75697,6-4,"6'4""",76.0,76.18,"6'4""",0.18,plays_at_height,76.18,"6'4""",0.18,plays_at_height
2024,Leo DeBruhl,UC Davis,75698,6-2,"6'2""",74.0,76.94,"6'5""",2.94,plays_taller,76.94,"6'5""",2.94,plays_taller
2024,Cameron Hildreth,Wake Forest,75699,6-4,"6'4""",76.0,77.19,"6'5""",1.19,plays_taller,77.19,"6'5""",1.19,plays_taller
2024,Duke Deen,Bradley,75700,5-8,"5'8""",68.0,74.86,"6'3""",6.86,plays_taller,74.86,"6'3""",6.86,plays_taller
2024,Sterling Gaston-Chapman,UT Arlington,75702,6-4,"6'4""",76.0,76.97,"6'5""",0.97,plays_taller,76.97,"6'5""",0.97,plays_taller
2024,Kyle Duke,North Carolina A&T,75704,6-4,"6'4""",76.0,74.83,"6'3""",-1.17,plays_shorter,74.83,"6'3""",-1.17,plays_shorter
2024,Wooga Poplar,Miami FL,75705,6-5,"6'5""",77.0,77.31,"6'5""",0.31,plays_at_height,77.31,"6'5""",0.31,plays_at_height
2024,Isaac Spears,Cal Poly,75709,6-4,"6'4""",76.0,73.51,"6'2""",-2.49,plays_shorter,73.51,"6'2""",-2.49,plays_shorter
2024,Sam Lecholat,Montana St.,75710,6-7,"6'7""",79.0,78.71,"6'7""",-0.29,plays_at_height,78.71,"6'7""",-0.29,plays_at_height
2024,Wilhelm Breidenbach,Washington,75711,6-10,"6'10""",82.0,77.67,"6'6""",-4.33,plays_shorter,77.67,"6'6""",-4.33,plays_shorter
2024,Oleg Kojenets,Wyoming,75712,7-0,"7'0""",84.0,80.11,"6'8""",-3.89,plays_shorter,80.11,"6'8""",-3.89,plays_shorter
2024,Robert McRae III,Dartmouth,75713,6-3,"6'3""",75.0,76.13,"6'4""",1.13,plays_taller,76.13,"6'4""",1.13,plays_taller
2024,Jaren Johnson,Dartmouth,75714,6-5,"6'5""",77.0,76.85,"6'5""",-0.15,plays_at_height,76.85,"6'5""",-0.15,plays_at_height
2024,Dusan Neskovic,Dartmouth,75715,6-8,"6'8""",80.0,76.27,"6'4""",-3.73,plays_shorter,76.27,"6'4""",-3.73,plays_shorter
2024,Gabriel McKay,Liberty,75716,6-2,"6'2""",74.0,74.17,"6'2""",0.17,plays_at_height,74.17,"6'2""",0.17,plays_at_height
2024,Kuluel Mading,Norfolk St.,75719,6-9,"6'9""",81.0,80.21,"6'8""",-0.79,plays_shorter,80.21,"6'8""",-0.79,plays_shorter
2024,Ian Schieffelin,Clemson,75720,6-8,"6'8""",80.0,81.82,"6'10""",1.82,plays_taller,81.82,"6'10""",1.82,plays_taller
2024,Curtis Jones,Iowa St.,75721,6-4,"6'4""",76.0,75.64,"6'4""",-0.36,plays_at_height,75.64,"6'4""",-0.36,plays_at_height
2024,Kidtrell Blocker,IU Indy,75722,6-5,"6'5""",77.0,76.32,"6'4""",-0.68,plays_at_height,76.32,"6'4""",-0.68,plays_at_height
2024,DJ Hughes,East Tennessee St.,75723,6-7,"6'7""",79.0,79.3,"6'7""",0.3,plays_at_height,79.3,"6'7""",0.3,plays_at_height
2024,Zaakir Williamson,Buffalo,75724,6-7,"6'7""",79.0,78.83,"6'7""",-0.17,plays_at_height,78.83,"6'7""",-0.17,plays_at_height
2024,Jayden Taylor,N.C. State,75725,6-4,"6'4""",76.0,77.51,"6'6""",1.51,plays_taller,77.51,"6'6""",1.51,plays_taller
2024,Nicolas Louis-Jacques,Colgate,75726,6-4,"6'4""",76.0,74.91,"6'3""",-1.09,plays_shorter,74.91,"6'3""",-1.09,plays_shorter
2024,TJ Madlock,Alabama St.,75732,6-3,"6'3""",75.0,77.4,"6'5""",2.4,plays_taller,77.4,"6'5""",2.4,plays_taller
2024,Claudell Harris Jr.,Boston College,75739,6-3,"6'3""",75.0,75.78,"6'4""",0.78,plays_taller,75.78,"6'4""",0.78,plays_taller
2024,Mason Grant,Campbell,75743,6-5,"6'5""",77.0,77.87,"6'6""",0.87,plays_taller,77.87,"6'6""",0.87,plays_taller
2024,Nolan Hickman,Gonzaga,75745,6-2,"6'2""",74.0,74.9,"6'3""",0.9,plays_taller,74.9,"6'3""",0.9,plays_taller
2024,Hunter Sallis,Wake Forest,75746,6-5,"6'5""",77.0,77.5,"6'6""",0.5,plays_at_height,77.5,"6'6""",0.5,plays_at_height
2024,Devin Hines,Lafayette,75751,6-4,"6'4""",76.0,76.25,"6'4""",0.25,plays_at_height,76.25,"6'4""",0.25,plays_at_height
2024,CJ Fulton,Charleston,75752,6-2,"6'2""",74.0,75.45,"6'3""",1.45,plays_taller,75.45,"6'3""",1.45,plays_taller
2024,Chris Rubayo,Lafayette,75754,6-10,"6'10""",82.0,81.15,"6'9""",-0.85,plays_shorter,81.15,"6'9""",-0.85,plays_shorter
2024,Trevon Brazile,Arkansas,75756,6-10,"6'10""",82.0,80.8,"6'9""",-1.2,plays_shorter,80.8,"6'9""",-1.2,plays_shorter
2024,Ivan Reynolds,Jacksonville St.,75770,6-5,"6'5""",77.0,77.15,"6'5""",0.15,plays_at_height,77.15,"6'5""",0.15,plays_at_height
2024,Dalph Panopio,Cal St. Bakersfield,75771,6-1,"6'1""",73.0,74.73,"6'3""",1.73,plays_taller,74.73,"6'3""",1.73,plays_taller
2024,Kaleb Higgins,Cal St. Bakersfield,75772,5-10,"5'10""",70.0,74.51,"6'3""",4.51,plays_taller,74.51,"6'3""",4.51,plays_taller
2024,Lonnell Martin Jr.,Arkansas Pine Bluff,75774,6-4,"6'4""",76.0,74.83,"6'3""",-1.17,plays_shorter,74.83,"6'3""",-1.17,plays_shorter
2024,Makai Willis,Louisiana Monroe,75779,6-9,"6'9""",81.0,77.92,"6'6""",-3.08,plays_shorter,77.92,"6'6""",-3.08,plays_shorter
2024,TJ Gadsden,Canisius,75780,6-7,"6'7""",79.0,77.78,"6'6""",-1.22,plays_shorter,77.78,"6'6""",-1.22,plays_shorter
2024,Ansley Almonor,Fairleigh Dickinson,75782,6-7,"6'7""",79.0,76.89,"6'5""",-2.11,plays_shorter,76.89,"6'5""",-2.11,plays_shorter
2024,Antoine Jacks,Southern,75784,5-9,"5'9""",69.0,74.45,"6'2""",5.45,plays_taller,74.45,"6'2""",5.45,plays_taller
2024,TJ Long,Vermont,75785,6-4,"6'4""",76.0,76.92,"6'5""",0.92,plays_taller,76.92,"6'5""",0.92,plays_taller
2024,Jordan Johnson,Mississippi Valley St.,75808,6-4,"6'4""",76.0,74.71,"6'3""",-1.29,plays_shorter,74.71,"6'3""",-1.29,plays_shorter
2024,George Ivory III,Mississippi Valley St.,75809,6-2,"6'2""",74.0,72.48,"6'0""",-1.52,plays_shorter,72.48,"6'0""",-1.52,plays_shorter
2024,Byron Brown,Air Force,75811,6-4,"6'4""",76.0,77.14,"6'5""",1.14,plays_taller,77.14,"6'5""",1.14,plays_taller
2024,Ethan Taylor,Air Force,75812,6-5,"6'5""",77.0,75.84,"6'4""",-1.16,plays_shorter,75.84,"6'4""",-1.16,plays_shorter
2024,Jeffrey Mills,Air Force,75818,6-4,"6'4""",76.0,75.88,"6'4""",-0.12,plays_at_height,75.88,"6'4""",-0.12,plays_at_height
2024,Chase Beasley,Air Force,75820,6-7,"6'7""",79.0,76.14,"6'4""",-2.86,plays_shorter,76.14,"6'4""",-2.86,plays_shorter
2024,Beau Becker,Air Force,75821,6-7,"6'7""",79.0,78.39,"6'6""",-0.61,plays_at_height,78.39,"6'6""",-0.61,plays_at_height
2024,Timmy Adedire,North Carolina Central,75830,6-4,"6'4""",76.0,76.36,"6'4""",0.36,plays_at_height,76.36,"6'4""",0.36,plays_at_height
2024,Justus Jackson,Tennessee Martin,75842,6-1,"6'1""",73.0,73.89,"6'2""",0.89,plays_taller,73.89,"6'2""",0.89,plays_taller
2024,Zach Riley,Fordham,75852,6-5,"6'5""",77.0,75.94,"6'4""",-1.06,plays_shorter,75.94,"6'4""",-1.06,plays_shorter
2024,Justice Smith,East Tennessee St.,75862,6-6,"6'6""",78.0,76.91,"6'5""",-1.09,plays_shorter,76.91,"6'5""",-1.09,plays_shorter
2024,Noah Feddersen,North Dakota St.,75867,6-10,"6'10""",82.0,78.8,"6'7""",-3.2,plays_shorter,78.8,"6'7""",-3.2,plays_shorter
2024,Lance Waddles,North Dakota St.,75869,6-3,"6'3""",75.0,74.7,"6'3""",-0.3,plays_at_height,74.7,"6'3""",-0.3,plays_at_height
2024,Oakland Fort,Northern Arizona,75871,5-10,"5'10""",70.0,76.0,"6'4""",6.0,plays_taller,76.0,"6'4""",6.0,plays_taller
2024,C.J. Ford,Northern Arizona,75872,6-0,"6'0""",72.0,73.65,"6'2""",1.65,plays_taller,73.65,"6'2""",1.65,plays_taller
2024,Jah Nze,North Florida,75873,6-4,"6'4""",76.0,75.31,"6'3""",-0.69,plays_at_height,75.31,"6'3""",-0.69,plays_at_height
2024,Cedric Coward,Eastern Washington,75874,6-4,"6'4""",76.0,79.58,"6'8""",3.58,plays_taller,79.58,"6'8""",3.58,plays_taller
2024,Ryan Dunn,Virginia,75875,6-8,"6'8""",80.0,84.24,"7'0""",4.24,plays_taller,84.24,"7'0""",4.24,plays_taller
2024,Kendall Blue,St. Thomas,75877,6-6,"6'6""",78.0,77.92,"6'6""",-0.08,plays_at_height,77.92,"6'6""",-0.08,plays_at_height
2024,Ryan Conwell,Indiana St.,75878,6-4,"6'4""",76.0,76.57,"6'5""",0.57,plays_at_height,76.57,"6'5""",0.57,plays_at_height
2024,William Kyle III,South Dakota St.,75881,6-9,"6'9""",81.0,84.1,"7'0""",3.1,plays_taller,84.1,"7'0""",3.1,plays_taller
2024,Rasheer Fleming,Saint Joseph's,75882,6-9,"6'9""",81.0,82.73,"6'11""",1.73,plays_taller,82.73,"6'11""",1.73,plays_taller
2024,Kolby King,Tulane,75883,6-2,"6'2""",74.0,77.34,"6'5""",3.34,plays_taller,77.34,"6'5""",3.34,plays_taller
2024,Quin Berger,Bucknell,75885,6-2,"6'2""",74.0,74.82,"6'3""",0.82,plays_taller,74.82,"6'3""",0.82,plays_taller
2024,Austin Benigni,Navy,75888,5-10,"5'10""",70.0,74.81,"6'3""",4.81,plays_taller,74.81,"6'3""",4.81,plays_taller
2024,Matthew Webster,Florida A&M,75891,6-8,"6'8""",80.0,80.03,"6'8""",0.03,plays_at_height,80.03,"6'8""",0.03,plays_at_height
2024,Jayden Pierre,Providence,75892,6-2,"6'2""",74.0,75.6,"6'4""",1.6,plays_taller,75.6,"6'4""",1.6,plays_taller
2024,Quante Berry,Temple,75893,6-4,"6'4""",76.0,76.69,"6'5""",0.69,plays_at_height,76.69,"6'5""",0.69,plays_at_height
2024,Dominic Capriotti,Houston Christian,75894,6-3,"6'3""",75.0,73.82,"6'2""",-1.18,plays_shorter,73.82,"6'2""",-1.18,plays_shorter
2024,Ezra Ausar,East Carolina,75895,6-8,"6'8""",80.0,79.55,"6'8""",-0.45,plays_at_height,79.55,"6'8""",-0.45,plays_at_height
2024,Kalib LaCount,East Carolina,75898,5-8,"5'8""",68.0,73.99,"6'2""",5.99,plays_taller,73.99,"6'2""",5.99,plays_taller
2024,Nae'Qwan Tomlin,Memphis,75899,6-10,"6'10""",82.0,80.4,"6'8""",-1.6,plays_shorter,80.4,"6'8""",-1.6,plays_shorter
2024,Kareem Rozier,Duquesne,75901,5-9,"5'9""",69.0,74.01,"6'2""",5.01,plays_taller,74.01,"6'2""",5.01,plays_taller
2024,Bube Momah,Lehigh,75904,6-8,"6'8""",80.0,78.36,"6'6""",-1.64,plays_shorter,78.36,"6'6""",-1.64,plays_shorter
2024,Brett Thompson,Youngstown St.,75908,6-1,"6'1""",73.0,74.87,"6'3""",1.87,plays_taller,74.87,"6'3""",1.87,plays_taller
2024,Nolan Causwell,Southern Indiana,75909,6-11,"6'11""",83.0,79.65,"6'8""",-3.35,plays_shorter,79.65,"6'8""",-3.35,plays_shorter
2024,Evans Kipruto,UC Santa Barbara,75910,6-8,"6'8""",80.0,78.2,"6'6""",-1.8,plays_shorter,78.2,"6'6""",-1.8,plays_shorter
2024,Erik Pratt,Milwaukee,75911,6-5,"6'5""",77.0,75.75,"6'4""",-1.25,plays_shorter,75.75,"6'4""",-1.25,plays_shorter
2024,Tavari Johnson,Akron,75912,5-11,"5'11""",71.0,74.63,"6'3""",3.63,plays_taller,74.63,"6'3""",3.63,plays_taller
2024,Cavan Reilly,Delaware,75914,6-4,"6'4""",76.0,74.39,"6'2""",-1.61,plays_shorter,74.39,"6'2""",-1.61,plays_shorter
2024,Max Mackinnon,Elon,75920,6-5,"6'5""",77.0,75.86,"6'4""",-1.14,plays_shorter,75.86,"6'4""",-1.14,plays_shorter
2024,Madison Durr,The Citadel,75924,6-4,"6'4""",76.0,75.71,"6'4""",-0.29,plays_at_height,75.71,"6'4""",-0.29,plays_at_height
2024,AJ Smith,The Citadel,75925,6-4,"6'4""",76.0,76.25,"6'4""",0.25,plays_at_height,76.25,"6'4""",0.25,plays_at_height
2024,Aidan Kehoe,Navy,75927,6-10,"6'10""",82.0,79.97,"6'8""",-2.03,plays_shorter,79.97,"6'8""",-2.03,plays_shorter
2024,Darryon Prescott,Coppin St.,75932,7-0,"7'0""",84.0,78.72,"6'7""",-5.28,plays_shorter,78.72,"6'7""",-5.28,plays_shorter
2024,Derek Simpson,Rutgers,75933,6-3,"6'3""",75.0,76.24,"6'4""",1.24,plays_taller,76.24,"6'4""",1.24,plays_taller
2024,Dashon Gittens,FIU,75937,6-3,"6'3""",75.0,75.5,"6'4""",0.5,plays_at_height,75.5,"6'4""",0.5,plays_at_height
2024,Antwone Woolfolk,Rutgers,75938,6-9,"6'9""",81.0,78.91,"6'7""",-2.09,plays_shorter,78.91,"6'7""",-2.09,plays_shorter
2024,Kenny Noland,Columbia,75944,6-4,"6'4""",76.0,74.45,"6'2""",-1.55,plays_shorter,74.45,"6'2""",-1.55,plays_shorter
2024,Zine Eddine Bedri,Columbia,75946,6-10,"6'10""",82.0,78.57,"6'7""",-3.43,plays_shorter,78.57,"6'7""",-3.43,plays_shorter
2024,Izaiyah Nelson,Arkansas St.,75949,6-10,"6'10""",82.0,85.36,"7'1""",3.36,plays_taller,85.36,"7'1""",3.36,plays_taller
2024,Darrion Williams,Texas Tech,75953,6-6,"6'6""",78.0,78.87,"6'7""",0.87,plays_taller,78.87,"6'7""",0.87,plays_taller
2024,Denzel Aberdeen,Florida,75954,6-5,"6'5""",77.0,75.78,"6'4""",-1.22,plays_shorter,75.78,"6'4""",-1.22,plays_shorter
2024,Jo'el Emanuel,Fairleigh Dickinson,75957,6-6,"6'6""",78.0,78.42,"6'6""",0.42,plays_at_height,78.42,"6'6""",0.42,plays_at_height
2024,James Johns Jr.,Fairfield,75959,6-6,"6'6""",78.0,76.6,"6'5""",-1.4,plays_shorter,76.6,"6'5""",-1.4,plays_shorter
2024,Brayden Reynolds,Fairleigh Dickinson,75960,6-1,"6'1""",73.0,77.14,"6'5""",4.14,plays_taller,77.14,"6'5""",4.14,plays_taller
2024,Blaise Vespe,Florida Gulf Coast,75961,6-7,"6'7""",79.0,77.14,"6'5""",-1.86,plays_shorter,77.14,"6'5""",-1.86,plays_shorter
2024,Trevon Blassingame,Idaho,75962,6-4,"6'4""",76.0,75.29,"6'3""",-0.71,plays_at_height,75.29,"6'3""",-0.71,plays_at_height
2024,Jalun Trent,Delaware,75969,6-4,"6'4""",76.0,78.15,"6'6""",2.15,plays_taller,78.15,"6'6""",2.15,plays_taller
2024,Brian Mathews,North Dakota,75970,6-10,"6'10""",82.0,77.46,"6'5""",-4.54,plays_shorter,77.46,"6'5""",-4.54,plays_shorter
2024,James Henderson Jr.,Bethune Cookman,75977,6-9,"6'9""",81.0,81.68,"6'10""",0.68,plays_at_height,81.68,"6'10""",0.68,plays_at_height
2024,Caleb Blackwell,Alabama A&M,75980,6-0,"6'0""",72.0,74.74,"6'3""",2.74,plays_taller,74.74,"6'3""",2.74,plays_taller
2024,Jayland Randall,Alabama A&M,75981,6-5,"6'5""",77.0,77.34,"6'5""",0.34,plays_at_height,77.34,"6'5""",0.34,plays_at_height
2024,Treyon Johnson,Jackson St.,75984,6-11,"6'11""",83.0,80.07,"6'8""",-2.93,plays_shorter,80.07,"6'8""",-2.93,plays_shorter
2024,Crosby James,Presbyterian,75985,6-0,"6'0""",72.0,73.78,"6'2""",1.78,plays_taller,73.78,"6'2""",1.78,plays_taller
2024,Tone Hunter,Oakland,75987,5-11,"5'11""",71.0,76.06,"6'4""",5.06,plays_taller,76.06,"6'4""",5.06,plays_taller
2024,Vladimer Salaridze,UC Riverside,75989,6-7,"6'7""",79.0,77.13,"6'5""",-1.87,plays_shorter,77.13,"6'5""",-1.87,plays_shorter
2024,Nathan McGill,Stonehill,75995,6-4,"6'4""",76.0,75.74,"6'4""",-0.26,plays_at_height,75.74,"6'4""",-0.26,plays_at_height
2024,Kenyon Giles,Radford,75999,5-11,"5'11""",71.0,73.63,"6'2""",2.63,plays_taller,73.63,"6'2""",2.63,plays_taller
2024,Luke Northweather,Oklahoma,76000,6-11,"6'11""",83.0,79.29,"6'7""",-3.71,plays_shorter,79.29,"6'7""",-3.71,plays_shorter
2024,Quion Williams,Oklahoma St.,76001,6-5,"6'5""",77.0,79.33,"6'7""",2.33,plays_taller,79.33,"6'7""",2.33,plays_taller
2024,Keiveon Hunt,Jackson St.,76003,5-11,"5'11""",71.0,75.29,"6'3""",4.29,plays_taller,75.29,"6'3""",4.29,plays_taller
2024,Javon Bennett,Dayton,76011,5-10,"5'10""",70.0,74.78,"6'3""",4.78,plays_taller,74.78,"6'3""",4.78,plays_taller
2024,Jordan Derkack,Merrimack,76012,6-5,"6'5""",77.0,78.93,"6'7""",1.93,plays_taller,78.93,"6'7""",1.93,plays_taller
2024,Ola Ajiboye,Valparaiso,76014,6-7,"6'7""",79.0,80.27,"6'8""",1.27,plays_taller,80.27,"6'8""",1.27,plays_taller
2024,Mike Sharavjamts,San Francisco,76015,6-8,"6'8""",80.0,77.33,"6'5""",-2.67,plays_shorter,77.33,"6'5""",-2.67,plays_shorter
2024,Achile Spadone,Davidson,76016,6-4,"6'4""",76.0,74.56,"6'3""",-1.44,plays_shorter,74.56,"6'3""",-1.44,plays_shorter
2024,Jack Collins,Monmouth,76022,6-5,"6'5""",77.0,77.03,"6'5""",0.03,plays_at_height,77.03,"6'5""",0.03,plays_at_height
2024,Grant Newell,California,76025,6-9,"6'9""",81.0,77.17,"6'5""",-3.83,plays_shorter,77.17,"6'5""",-3.83,plays_shorter
2024,Taviontae Jackson,Colorado St.,76026,6-2,"6'2""",74.0,77.2,"6'5""",3.2,plays_taller,77.2,"6'5""",3.2,plays_taller
2024,Emil Skytta,Sacramento St.,76032,6-4,"6'4""",76.0,74.99,"6'3""",-1.01,plays_shorter,74.99,"6'3""",-1.01,plays_shorter
2024,Nate Brafford,Georgia Southern,76035,6-9,"6'9""",81.0,77.66,"6'6""",-3.34,plays_shorter,77.66,"6'6""",-3.34,plays_shorter
2024,Edward Nnamoko,Georgia St.,76036,6-10,"6'10""",82.0,79.37,"6'7""",-2.63,plays_shorter,79.37,"6'7""",-2.63,plays_shorter
2024,Daniel Rivera,Bryant,76039,6-6,"6'6""",78.0,81.47,"6'9""",3.47,plays_taller,81.47,"6'9""",3.47,plays_taller
2024,Tyrone Williams,Old Dominion,76040,6-5,"6'5""",77.0,77.67,"6'6""",0.67,plays_at_height,77.67,"6'6""",0.67,plays_at_height
2024,Jack Doumbia,Norfolk St.,76041,6-6,"6'6""",78.0,77.73,"6'6""",-0.27,plays_at_height,77.73,"6'6""",-0.27,plays_at_height
2024,Isaiah Swope,Indiana St.,76048,5-10,"5'10""",70.0,74.9,"6'3""",4.9,plays_taller,74.9,"6'3""",4.9,plays_taller
2024,Jack Mielke,Southern Indiana,76049,6-7,"6'7""",79.0,75.31,"6'3""",-3.69,plays_shorter,75.31,"6'3""",-3.69,plays_shorter
2024,Ryan Hall,Southern Indiana,76050,6-5,"6'5""",77.0,74.79,"6'3""",-2.21,plays_shorter,74.79,"6'3""",-2.21,plays_shorter
2024,Cameron Huefner,Sam Houston St.,76052,6-7,"6'7""",79.0,75.71,"6'4""",-3.29,plays_shorter,75.71,"6'4""",-3.29,plays_shorter
2024,AJ Ferguson,Southern Illinois,76053,6-6,"6'6""",78.0,78.19,"6'6""",0.19,plays_at_height,78.19,"6'6""",0.19,plays_at_height
2024,Cobie Montgomery,Southern Miss,76055,6-4,"6'4""",76.0,75.94,"6'4""",-0.06,plays_at_height,75.94,"6'4""",-0.06,plays_at_height
2024,Jah Quinones,Mercer,76058,6-4,"6'4""",76.0,76.95,"6'5""",0.95,plays_taller,76.95,"6'5""",0.95,plays_taller
2024,Nick Kramer,Missouri St.,76059,6-3,"6'3""",75.0,73.39,"6'1""",-1.61,plays_shorter,73.39,"6'1""",-1.61,plays_shorter
2024,Keyshawn Hall,George Mason,76060,6-7,"6'7""",79.0,78.85,"6'7""",-0.15,plays_at_height,78.85,"6'7""",-0.15,plays_at_height
2024,Joe Palmer,Colorado St.,76061,6-4,"6'4""",76.0,78.34,"6'6""",2.34,plays_taller,78.34,"6'6""",2.34,plays_taller
2024,Jonathan Beagle,Albany,76063,6-10,"6'10""",82.0,80.03,"6'8""",-1.97,plays_shorter,80.03,"6'8""",-1.97,plays_shorter
2024,Romad Dean,Fordham,76064,6-7,"6'7""",79.0,78.03,"6'6""",-0.97,plays_shorter,78.03,"6'6""",-0.97,plays_shorter
2024,Josiah Sabino,Jacksonville,76066,6-4,"6'4""",76.0,76.53,"6'5""",0.53,plays_at_height,76.53,"6'5""",0.53,plays_at_height
2024,Josiah Davis,Tennessee Tech,76069,6-3,"6'3""",75.0,77.31,"6'5""",2.31,plays_taller,77.31,"6'5""",2.31,plays_taller
2024,Trejon Ware,Arkansas Pine Bluff,76071,5-9,"5'9""",69.0,74.44,"6'2""",5.44,plays_taller,74.44,"6'2""",5.44,plays_taller
2024,Joshua Ola-Joseph,Minnesota,76072,6-7,"6'7""",79.0,78.22,"6'6""",-0.78,plays_shorter,78.22,"6'6""",-0.78,plays_shorter
2024,Cam Thrower,Penn,76074,6-3,"6'3""",75.0,74.83,"6'3""",-0.17,plays_at_height,74.83,"6'3""",-0.17,plays_at_height
2024,Brian Taylor II,SIU Edwardsville,76077,6-4,"6'4""",76.0,75.12,"6'3""",-0.88,plays_shorter,75.12,"6'3""",-0.88,plays_shorter
2024,Tre Dinkins,Canisius,76078,6-2,"6'2""",74.0,75.56,"6'4""",1.56,plays_taller,75.56,"6'4""",1.56,plays_taller
2024,Koren Johnson,Washington,76080,6-2,"6'2""",74.0,76.31,"6'4""",2.31,plays_taller,76.31,"6'4""",2.31,plays_taller
2024,Japhet Medor,Fordham,76082,6-0,"6'0""",72.0,74.36,"6'2""",2.36,plays_taller,74.36,"6'2""",2.36,plays_taller
2024,Adam Hamilton,Lamar,76083,6-9,"6'9""",81.0,81.73,"6'10""",0.73,plays_at_height,81.73,"6'10""",0.73,plays_at_height
2024,Achor Achor,Samford,76084,6-9,"6'9""",81.0,83.15,"6'11""",2.15,plays_taller,83.15,"6'11""",2.15,plays_taller
2024,Sincere Parker,Saint Louis,76086,6-3,"6'3""",75.0,78.38,"6'6""",3.38,plays_taller,78.38,"6'6""",3.38,plays_taller
2024,Jerome Palm,Valparaiso,76088,6-10,"6'10""",82.0,78.19,"6'6""",-3.81,plays_shorter,78.19,"6'6""",-3.81,plays_shorter
2024,Keyon Menifield Jr.,Arkansas,76089,6-1,"6'1""",73.0,75.15,"6'3""",2.15,plays_taller,75.15,"6'3""",2.15,plays_taller
2024,Kalu Anya,Brown,76090,6-8,"6'8""",80.0,80.47,"6'8""",0.47,plays_at_height,80.47,"6'8""",0.47,plays_at_height
2024,Harry Wessels,Saint Mary's,76091,7-1,"7'1""",85.0,83.52,"7'0""",-1.48,plays_shorter,83.52,"7'0""",-1.48,plays_shorter
2024,Silas Sunday,Hofstra,76092,7-0,"7'0""",84.0,79.95,"6'8""",-4.05,plays_shorter,79.95,"6'8""",-4.05,plays_shorter
2024,Eric Mulder,Purdue Fort Wayne,76095,6-8,"6'8""",80.0,82.43,"6'10""",2.43,plays_taller,82.43,"6'10""",2.43,plays_taller
2024,Logan Threatt,Queens,76096,6-3,"6'3""",75.0,73.92,"6'2""",-1.08,plays_shorter,73.92,"6'2""",-1.08,plays_shorter
2024,Briggs Ranstrom,Idaho St.,76097,6-6,"6'6""",78.0,77.43,"6'5""",-0.57,plays_at_height,77.43,"6'5""",-0.57,plays_at_height
2024,Maleek Arington,Idaho St.,76098,6-3,"6'3""",75.0,76.67,"6'5""",1.67,plays_taller,76.67,"6'5""",1.67,plays_taller
2024,Will Batchelder,Holy Cross,76100,6-1,"6'1""",73.0,73.16,"6'1""",0.16,plays_at_height,73.16,"6'1""",0.16,plays_at_height
2024,Barrington Hargress,UC Riverside,76101,6-0,"6'0""",72.0,76.06,"6'4""",4.06,plays_taller,76.06,"6'4""",4.06,plays_taller
2024,William Tavares,Alabama A&M,76103,6-10,"6'10""",82.0,79.9,"6'8""",-2.1,plays_shorter,79.9,"6'8""",-2.1,plays_shorter
2024,Darius Osborne,Alabama A&M,76104,6-8,"6'8""",80.0,77.31,"6'5""",-2.69,plays_shorter,77.31,"6'5""",-2.69,plays_shorter
2024,Lorenzo Downey,Alabama A&M,76107,6-5,"6'5""",77.0,77.61,"6'6""",0.61,plays_at_height,77.61,"6'6""",0.61,plays_at_height
2024,Yves Nkomba,IU Indy,76109,6-11,"6'11""",83.0,77.19,"6'5""",-5.81,plays_shorter,77.19,"6'5""",-5.81,plays_shorter
2024,Trent Coleman,North Florida,76113,6-6,"6'6""",78.0,76.74,"6'5""",-1.26,plays_shorter,76.74,"6'5""",-1.26,plays_shorter
2024,Jacari White,North Dakota St.,76114,6-3,"6'3""",75.0,76.06,"6'4""",1.06,plays_taller,76.06,"6'4""",1.06,plays_taller
2024,Braxton Bayless,Niagara,76117,6-2,"6'2""",74.0,75.28,"6'3""",1.28,plays_taller,75.28,"6'3""",1.28,plays_taller
2024,David Coit,Northern Illinois,76119,5-11,"5'11""",71.0,74.34,"6'2""",3.34,plays_taller,74.34,"6'2""",3.34,plays_taller
2024,DJ Campbell,Western Carolina,76121,6-2,"6'2""",74.0,76.14,"6'4""",2.14,plays_taller,76.14,"6'4""",2.14,plays_taller
2024,Will Johnston,Loyola Marymount,76124,6-3,"6'3""",75.0,73.86,"6'2""",-1.14,plays_shorter,73.86,"6'2""",-1.14,plays_shorter
2024,Kyron Gibson,Drake,76125,6-1,"6'1""",73.0,75.03,"6'3""",2.03,plays_taller,75.03,"6'3""",2.03,plays_taller
2024,Mohamed Wague,Alabama,76128,6-10,"6'10""",82.0,82.12,"6'10""",0.12,plays_at_height,82.12,"6'10""",0.12,plays_at_height
2024,Jestin Porter,Middle Tennessee,76129,6-1,"6'1""",73.0,75.97,"6'4""",2.97,plays_taller,75.97,"6'4""",2.97,plays_taller
2024,Camden Heide,Purdue,76133,6-7,"6'7""",79.0,78.44,"6'6""",-0.56,plays_at_height,78.44,"6'6""",-0.56,plays_at_height
2024,Kymany Houinsou,Washington St.,76140,6-7,"6'7""",79.0,78.8,"6'7""",-0.2,plays_at_height,78.8,"6'7""",-0.2,plays_at_height
2024,Tre Donaldson,Auburn,76149,6-3,"6'3""",75.0,76.37,"6'4""",1.37,plays_taller,76.37,"6'4""",1.37,plays_taller
2024,Bol Dengdit,Portland,76150,6-11,"6'11""",83.0,78.31,"6'6""",-4.69,plays_shorter,78.31,"6'6""",-4.69,plays_shorter
2024,Cord Stansberry,Pepperdine,76151,6-3,"6'3""",75.0,75.52,"6'4""",0.52,plays_at_height,75.52,"6'4""",0.52,plays_at_height
2024,Blake Smith,Northwestern,76152,6-6,"6'6""",78.0,79.47,"6'7""",1.47,plays_taller,79.47,"6'7""",1.47,plays_taller
2024,Jevon Porter,Pepperdine,76153,6-11,"6'11""",83.0,78.63,"6'7""",-4.37,plays_shorter,78.63,"6'7""",-4.37,plays_shorter
2024,Jorge Diaz Graham,Pittsburgh,76155,6-11,"6'11""",83.0,79.03,"6'7""",-3.97,plays_shorter,79.03,"6'7""",-3.97,plays_shorter
2024,Arturo Dean,FIU,76157,5-11,"5'11""",71.0,76.67,"6'5""",5.67,plays_taller,76.67,"6'5""",5.67,plays_taller
2024,Jay'Den Turner,Georgia St.,76158,6-5,"6'5""",77.0,78.59,"6'7""",1.59,plays_taller,78.59,"6'7""",1.59,plays_taller
2024,J.J. Starling,Syracuse,76159,6-4,"6'4""",76.0,75.88,"6'4""",-0.12,plays_at_height,75.88,"6'4""",-0.12,plays_at_height
2024,Ven-Allen Lubin,Vanderbilt,76160,6-8,"6'8""",80.0,79.79,"6'8""",-0.21,plays_at_height,79.79,"6'8""",-0.21,plays_at_height
2024,Aidan Hadaway,Ohio,76161,6-8,"6'8""",80.0,78.92,"6'7""",-1.08,plays_shorter,78.92,"6'7""",-1.08,plays_shorter
2024,Dom Campbell,Howard,76165,6-9,"6'9""",81.0,78.97,"6'7""",-2.03,plays_shorter,78.97,"6'7""",-2.03,plays_shorter
2024,Chris Ashby,Queens,76166,6-2,"6'2""",74.0,72.36,"6'0""",-1.64,plays_shorter,72.36,"6'0""",-1.64,plays_shorter
2024,Josh Dix,Iowa,76168,6-5,"6'5""",77.0,76.32,"6'4""",-0.68,plays_at_height,76.32,"6'4""",-0.68,plays_at_height
2024,Dasonte Bowen,Iowa,76169,6-2,"6'2""",74.0,75.01,"6'3""",1.01,plays_taller,75.01,"6'3""",1.01,plays_taller
2024,DJ Jackson,IU Indy,76171,6-4,"6'4""",76.0,75.39,"6'3""",-0.61,plays_at_height,75.39,"6'3""",-0.61,plays_at_height
2024,Robbie Avila,Indiana St.,76175,6-10,"6'10""",82.0,79.06,"6'7""",-2.94,plays_shorter,79.06,"6'7""",-2.94,plays_shorter
2024,Vincent Brady II,IU Indy,76176,6-4,"6'4""",76.0,77.04,"6'5""",1.04,plays_taller,77.04,"6'5""",1.04,plays_taller
2024,Geoff Sprouse,American,76179,6-0,"6'0""",72.0,74.59,"6'3""",2.59,plays_taller,74.59,"6'3""",2.59,plays_taller
2024,Jefferson De La Cruz Monegro,Western Michigan,76180,6-4,"6'4""",76.0,76.39,"6'4""",0.39,plays_at_height,76.39,"6'4""",0.39,plays_at_height
2024,JaVaughn Hannah,Western Michigan,76181,6-4,"6'4""",76.0,76.0,"6'4""",0.0,plays_at_height,76.0,"6'4""",0.0,plays_at_height
2024,Seth Hubbard,Western Michigan,76182,6-4,"6'4""",76.0,74.89,"6'3""",-1.11,plays_shorter,74.89,"6'3""",-1.11,plays_shorter
2024,Max Burton,Western Michigan,76183,6-9,"6'9""",81.0,77.55,"6'6""",-3.45,plays_shorter,77.55,"6'6""",-3.45,plays_shorter
2024,Jacob Wilson,Louisiana Monroe,76184,6-6,"6'6""",78.0,75.72,"6'4""",-2.28,plays_shorter,75.72,"6'4""",-2.28,plays_shorter
2024,Jasteven Walker,Alabama St.,76185,6-10,"6'10""",82.0,78.28,"6'6""",-3.72,plays_shorter,78.28,"6'6""",-3.72,plays_shorter
2024,Jermaine Ballisager Webb,American,76187,7-0,"7'0""",84.0,80.1,"6'8""",-3.9,plays_shorter,80.1,"6'8""",-3.9,plays_shorter
2024,Ante Brzovic,Charleston,76188,6-10,"6'10""",82.0,79.56,"6'8""",-2.44,plays_shorter,79.56,"6'8""",-2.44,plays_shorter
2024,Brandon Davis,Southern,76190,6-1,"6'1""",73.0,75.27,"6'3""",2.27,plays_taller,75.27,"6'3""",2.27,plays_taller
2024,Braden Smith,Purdue,76196,6-0,"6'0""",72.0,76.39,"6'4""",4.39,plays_taller,76.39,"6'4""",4.39,plays_taller
2024,Kaleb Banks,Indiana,76200,6-8,"6'8""",80.0,77.97,"6'6""",-2.03,plays_shorter,77.97,"6'6""",-2.03,plays_shorter
2024,Emmanuel Callas,San Diego,76204,6-5,"6'5""",77.0,75.85,"6'4""",-1.15,plays_shorter,75.85,"6'4""",-1.15,plays_shorter
2024,KC Ibekwe,Oregon St.,76207,6-10,"6'10""",82.0,80.87,"6'9""",-1.13,plays_shorter,80.87,"6'9""",-1.13,plays_shorter
2024,Orlando Lovejoy,Eastern Michigan,76209,6-2,"6'2""",74.0,74.84,"6'3""",0.84,plays_taller,74.84,"6'3""",0.84,plays_taller
2024,Chase Robinson,Cleveland St.,76215,6-1,"6'1""",73.0,75.84,"6'4""",2.84,plays_taller,75.84,"6'4""",2.84,plays_taller
2024,Ja'Kobi Gillespie,Belmont,76218,6-1,"6'1""",73.0,77.18,"6'5""",4.18,plays_taller,77.18,"6'5""",4.18,plays_taller
2024,Derrian Ford,Arkansas St.,76219,6-3,"6'3""",75.0,76.34,"6'4""",1.34,plays_taller,76.34,"6'4""",1.34,plays_taller
2024,Gaddis Heath III,Charleston Southern,76223,6-4,"6'4""",76.0,76.32,"6'4""",0.32,plays_at_height,76.32,"6'4""",0.32,plays_at_height
2024,Braden Housley,Southern Utah,76224,6-4,"6'4""",76.0,75.17,"6'3""",-0.83,plays_shorter,75.17,"6'3""",-0.83,plays_shorter
2024,Barry Evans,St. Bonaventure,76225,6-8,"6'8""",80.0,81.51,"6'10""",1.51,plays_taller,81.51,"6'10""",1.51,plays_taller
2024,Jackson Fields,Troy,76226,6-8,"6'8""",80.0,80.4,"6'8""",0.4,plays_at_height,80.4,"6'8""",0.4,plays_at_height
2024,Jack Campion,Southern Indiana,76230,5-11,"5'11""",71.0,74.64,"6'3""",3.64,plays_taller,74.64,"6'3""",3.64,plays_taller
2024,Jaden Henley,DePaul,76235,6-7,"6'7""",79.0,76.96,"6'5""",-2.04,plays_shorter,76.96,"6'5""",-2.04,plays_shorter
2024,Pharrel Payne,Minnesota,76236,6-9,"6'9""",81.0,82.93,"6'11""",1.93,plays_taller,82.93,"6'11""",1.93,plays_taller
2024,Keyontae Lewis,Wagner,76241,6-9,"6'9""",81.0,79.56,"6'8""",-1.44,plays_shorter,79.56,"6'8""",-1.44,plays_shorter
2024,Darren Buchanan Jr.,George Washington,76243,6-7,"6'7""",79.0,79.35,"6'7""",0.35,plays_at_height,79.35,"6'7""",0.35,plays_at_height
2024,Daniel Rouzan,Manhattan,76244,6-8,"6'8""",80.0,77.69,"6'6""",-2.31,plays_shorter,77.69,"6'6""",-2.31,plays_shorter
2024,Brenden Moss,Kent St.,76249,6-5,"6'5""",77.0,74.44,"6'2""",-2.56,plays_shorter,74.44,"6'2""",-2.56,plays_shorter
2024,Delrecco Gillespie,Kent St.,76250,6-8,"6'8""",80.0,78.05,"6'6""",-1.95,plays_shorter,78.05,"6'6""",-1.95,plays_shorter
2024,Rokas Jocius,La Salle,76251,6-10,"6'10""",82.0,79.49,"6'7""",-2.51,plays_shorter,79.49,"6'7""",-2.51,plays_shorter
2024,Roddy Gayle Jr.,Ohio St.,76252,6-4,"6'4""",76.0,78.24,"6'6""",2.24,plays_taller,78.24,"6'6""",2.24,plays_taller
2024,Christian Davis,Bradley,76254,6-7,"6'7""",79.0,77.31,"6'5""",-1.69,plays_shorter,77.31,"6'5""",-1.69,plays_shorter
2024,Jonnivius Smith,Buffalo,76255,6-9,"6'9""",81.0,81.63,"6'10""",0.63,plays_at_height,81.63,"6'10""",0.63,plays_at_height
2024,Charlie Williams,William & Mary,76256,6-10,"6'10""",82.0,76.64,"6'5""",-5.36,plays_shorter,76.64,"6'5""",-5.36,plays_shorter
2024,Miles Hicks,William & Mary,76257,6-1,"6'1""",73.0,73.6,"6'2""",0.6,plays_at_height,73.6,"6'2""",0.6,plays_at_height
2024,Jack Karasinski,William & Mary,76259,6-7,"6'7""",79.0,76.45,"6'4""",-2.55,plays_shorter,76.45,"6'4""",-2.55,plays_shorter
2024,Julian Margrave,South Alabama,76260,6-10,"6'10""",82.0,76.07,"6'4""",-5.93,plays_shorter,76.07,"6'4""",-5.93,plays_shorter
2024,Connor Turnbull,Butler,76267,6-10,"6'10""",82.0,82.09,"6'10""",0.09,plays_at_height,82.09,"6'10""",0.09,plays_at_height
2024,Quincy Anderson,Murray St.,76268,6-4,"6'4""",76.0,76.13,"6'4""",0.13,plays_at_height,76.13,"6'4""",0.13,plays_at_height
2024,Brian Moore Jr.,Murray St.,76269,6-1,"6'1""",73.0,75.33,"6'3""",2.33,plays_taller,75.33,"6'3""",2.33,plays_taller
2024,Josiah Harris,West Virginia,76271,6-7,"6'7""",79.0,78.22,"6'6""",-0.78,plays_shorter,78.22,"6'6""",-0.78,plays_shorter
2024,Jacob Conner,Marshall,76272,6-8,"6'8""",80.0,77.3,"6'5""",-2.7,plays_shorter,77.3,"6'5""",-2.7,plays_shorter
2024,Laolu Oke,Montana,76273,6-8,"6'8""",80.0,82.22,"6'10""",2.22,plays_taller,82.22,"6'10""",2.22,plays_taller
2024,Toby Nnadozie,Maryland Eastern Shore,76275,6-3,"6'3""",75.0,75.67,"6'4""",0.67,plays_at_height,75.67,"6'4""",0.67,plays_at_height
2024,C.J. Delancy,LIU,76279,6-8,"6'8""",80.0,79.33,"6'7""",-0.67,plays_at_height,79.33,"6'7""",-0.67,plays_at_height
2024,Tyson Commander,Loyola MD,76281,6-4,"6'4""",76.0,75.77,"6'4""",-0.23,plays_at_height,75.77,"6'4""",-0.23,plays_at_height
2024,Landon Moore,Butler,76284,6-3,"6'3""",75.0,74.45,"6'2""",-0.55,plays_at_height,74.45,"6'2""",-0.55,plays_at_height
2024,Miles Webb,Saint Francis,76287,6-8,"6'8""",80.0,78.05,"6'6""",-1.95,plays_shorter,78.05,"6'6""",-1.95,plays_shorter
2024,Ryan Pettit,Lafayette,76293,6-1,"6'1""",73.0,75.03,"6'3""",2.03,plays_taller,75.03,"6'3""",2.03,plays_taller
2024,Seth Trimble,North Carolina,76298,6-3,"6'3""",75.0,77.29,"6'5""",2.29,plays_taller,77.29,"6'5""",2.29,plays_taller
2024,Markus Harding,Central Michigan,76301,6-10,"6'10""",82.0,78.91,"6'7""",-3.09,plays_shorter,78.91,"6'7""",-3.09,plays_shorter
2024,Tajavis Miller,North Dakota St.,76305,6-4,"6'4""",76.0,75.88,"6'4""",-0.12,plays_at_height,75.88,"6'4""",-0.12,plays_at_height
2024,Damari Wheeler-Thomas,North Dakota St.,76306,6-0,"6'0""",72.0,74.38,"6'2""",2.38,plays_taller,74.38,"6'2""",2.38,plays_taller
2024,Quadir Copeland,Syracuse,76308,6-6,"6'6""",78.0,78.76,"6'7""",0.76,plays_taller,78.76,"6'7""",0.76,plays_taller
2024,Justin Taylor,Syracuse,76310,6-6,"6'6""",78.0,77.26,"6'5""",-0.74,plays_at_height,77.26,"6'5""",-0.74,plays_at_height
2024,Xavier McKelvy,Winthrop,76313,6-2,"6'2""",74.0,78.44,"6'6""",4.44,plays_taller,78.44,"6'6""",4.44,plays_taller
2024,Ugnius Jarusevicius,Cal St. Bakersfield,76314,6-10,"6'10""",82.0,76.27,"6'4""",-5.73,plays_shorter,76.27,"6'4""",-5.73,plays_shorter
2024,Jacari Lane,North Alabama,76315,6-0,"6'0""",72.0,75.19,"6'3""",3.19,plays_taller,75.19,"6'3""",3.19,plays_taller
2024,Judah Mintz,Syracuse,76316,6-4,"6'4""",76.0,77.4,"6'5""",1.4,plays_taller,77.4,"6'5""",1.4,plays_taller
2024,Ian Granja,Coastal Carolina,76319,6-7,"6'7""",79.0,74.97,"6'3""",-4.03,plays_shorter,74.97,"6'3""",-4.03,plays_shorter
2024,Dionte Johnson,Maryland Eastern Shore,76320,6-0,"6'0""",72.0,75.79,"6'4""",3.79,plays_taller,75.79,"6'4""",3.79,plays_taller
2024,Aamer Muhammad,Troy,76334,6-1,"6'1""",73.0,75.02,"6'3""",2.02,plays_taller,75.02,"6'3""",2.02,plays_taller
2024,Chazz Hutchison,Southern Utah,76336,6-8,"6'8""",80.0,79.75,"6'8""",-0.25,plays_at_height,79.75,"6'8""",-0.25,plays_at_height
2024,Ant Abraham,East Texas A&M,76337,6-1,"6'1""",73.0,74.43,"6'2""",1.43,plays_taller,74.43,"6'2""",1.43,plays_taller
2024,Josh Reed,Cincinnati,76340,6-7,"6'7""",79.0,76.9,"6'5""",-2.1,plays_shorter,76.9,"6'5""",-2.1,plays_shorter
2024,Chas Kelley III,Boston College,76342,6-3,"6'3""",75.0,75.06,"6'3""",0.06,plays_at_height,75.06,"6'3""",0.06,plays_at_height
2024,Prince Aligbe,Boston College,76343,6-7,"6'7""",79.0,77.72,"6'6""",-1.28,plays_shorter,77.72,"6'6""",-1.28,plays_shorter
2024,Demetrius Davis,Chattanooga,76344,6-9,"6'9""",81.0,77.13,"6'5""",-3.87,plays_shorter,77.13,"6'5""",-3.87,plays_shorter
2024,Donald Hand Jr.,Boston College,76346,6-5,"6'5""",77.0,76.21,"6'4""",-0.79,plays_shorter,76.21,"6'4""",-0.79,plays_shorter
2024,Dan Skillings Jr.,Cincinnati,76347,6-6,"6'6""",78.0,80.06,"6'8""",2.06,plays_taller,80.06,"6'8""",2.06,plays_taller
2024,Davion Sykes,Texas St.,76349,6-6,"6'6""",78.0,79.4,"6'7""",1.4,plays_taller,79.4,"6'7""",1.4,plays_taller
2024,Jordan Mason,Texas St.,76350,6-2,"6'2""",74.0,76.34,"6'4""",2.34,plays_taller,76.34,"6'4""",2.34,plays_taller
2024,Faizon Fields,Milwaukee,76354,6-10,"6'10""",82.0,82.52,"6'11""",0.52,plays_at_height,82.52,"6'11""",0.52,plays_at_height
2024,Matija Belic,UC Santa Barbara,76355,6-7,"6'7""",79.0,76.31,"6'4""",-2.69,plays_shorter,76.31,"6'4""",-2.69,plays_shorter
2024,BB Knight,Lamar,76356,6-6,"6'6""",78.0,75.29,"6'3""",-2.71,plays_shorter,75.29,"6'3""",-2.71,plays_shorter
2024,Efrem Johnson,UAB,76363,6-4,"6'4""",76.0,75.56,"6'4""",-0.44,plays_at_height,75.56,"6'4""",-0.44,plays_at_height
2024,Elijah Brooks,North Dakota,76365,6-4,"6'4""",76.0,77.45,"6'5""",1.45,plays_taller,77.45,"6'5""",1.45,plays_taller
2024,Chase Martin,Wofford,76366,6-5,"6'5""",77.0,77.2,"6'5""",0.2,plays_at_height,77.2,"6'5""",0.2,plays_at_height
2024,Amarri Tice,Quinnipiac,76367,6-7,"6'7""",79.0,80.17,"6'8""",1.17,plays_taller,80.17,"6'8""",1.17,plays_taller
2024,Anthony Arrington Jr.,Wofford,76368,6-2,"6'2""",74.0,76.02,"6'4""",2.02,plays_taller,76.02,"6'4""",2.02,plays_taller
2024,Coleton Benson,Texas St.,76370,6-1,"6'1""",73.0,74.79,"6'3""",1.79,plays_taller,74.79,"6'3""",1.79,plays_taller
2024,Alex Schumacher,Seattle,76371,6-3,"6'3""",75.0,76.89,"6'5""",1.89,plays_taller,76.89,"6'5""",1.89,plays_taller
2024,Rex Sunderland,New Hampshire,76372,6-4,"6'4""",76.0,75.07,"6'3""",-0.93,plays_shorter,75.07,"6'3""",-0.93,plays_shorter
2024,Christian Moore,New Hampshire,76373,6-1,"6'1""",73.0,74.79,"6'3""",1.79,plays_taller,74.79,"6'3""",1.79,plays_taller
2024,Donovan Dent,New Mexico,76376,6-2,"6'2""",74.0,77.59,"6'6""",3.59,plays_taller,77.59,"6'6""",3.59,plays_taller
2024,Kyle Filipowski,Duke,76378,7-0,"7'0""",84.0,82.15,"6'10""",-1.85,plays_shorter,82.15,"6'10""",-1.85,plays_shorter
2024,Mark Mitchell,Duke,76380,6-9,"6'9""",81.0,81.58,"6'10""",0.58,plays_at_height,81.58,"6'10""",0.58,plays_at_height
2024,Derrick Harris Jr.,Georgia Southern,76381,6-3,"6'3""",75.0,73.92,"6'2""",-1.08,plays_shorter,73.92,"6'2""",-1.08,plays_shorter
2024,Trey Campbell,Northern Iowa,76385,6-4,"6'4""",76.0,75.54,"6'4""",-0.46,plays_at_height,75.54,"6'4""",-0.46,plays_at_height
2024,Jalen Jackson,Purdue Fort Wayne,76386,6-2,"6'2""",74.0,77.48,"6'5""",3.48,plays_taller,77.48,"6'5""",3.48,plays_taller
2024,Steven Clay,Illinois Chicago,76389,6-4,"6'4""",76.0,75.85,"6'4""",-0.15,plays_at_height,75.85,"6'4""",-0.15,plays_at_height
2024,Donovan Clingan,Connecticut,76390,7-2,"7'2""",86.0,86.18,"7'2""",0.18,plays_at_height,86.18,"7'2""",0.18,plays_at_height
2024,Noah Ross,UNC Wilmington,76392,6-7,"6'7""",79.0,76.67,"6'5""",-2.33,plays_shorter,76.67,"6'5""",-2.33,plays_shorter
2024,Nolan Hodge,UNC Wilmington,76393,6-7,"6'7""",79.0,77.53,"6'6""",-1.47,plays_shorter,77.53,"6'6""",-1.47,plays_shorter
2024,Richie Saunders,BYU,76396,6-5,"6'5""",77.0,78.4,"6'6""",1.4,plays_taller,78.4,"6'6""",1.4,plays_taller
2024,Zachary Davis,South Carolina,76397,6-7,"6'7""",79.0,77.81,"6'6""",-1.19,plays_shorter,77.81,"6'6""",-1.19,plays_shorter
2024,Daniel Hankins-Sanford,Massachusetts,76399,6-8,"6'8""",80.0,80.06,"6'8""",0.06,plays_at_height,80.06,"6'8""",0.06,plays_at_height
2024,Anthony McCall,Rider,76405,6-4,"6'4""",76.0,78.25,"6'6""",2.25,plays_taller,78.25,"6'6""",2.25,plays_taller
2024,Stephaun Walker,Robert Morris,76408,6-7,"6'7""",79.0,78.44,"6'6""",-0.56,plays_at_height,78.44,"6'6""",-0.56,plays_at_height
2024,TJ Wainwright,Robert Morris,76409,6-3,"6'3""",75.0,74.71,"6'3""",-0.29,plays_at_height,74.71,"6'3""",-0.29,plays_at_height
2024,Jayden Brewer,FIU,76410,6-6,"6'6""",78.0,78.53,"6'7""",0.53,plays_at_height,78.53,"6'7""",0.53,plays_at_height
2024,Bryce Baker,Old Dominion,76411,6-5,"6'5""",77.0,74.22,"6'2""",-2.78,plays_shorter,74.22,"6'2""",-2.78,plays_shorter
2024,Mason Nicholson,Jacksonville St.,76415,6-10,"6'10""",82.0,84.9,"7'1""",2.9,plays_taller,84.9,"7'1""",2.9,plays_taller
2024,Allen David Mukeba Jr.,UMKC,76420,6-7,"6'7""",79.0,81.15,"6'9""",2.15,plays_taller,81.15,"6'9""",2.15,plays_taller
2024,Dre Bullock,Niagara,76422,6-6,"6'6""",78.0,76.99,"6'5""",-1.01,plays_shorter,76.99,"6'5""",-1.01,plays_shorter
2024,Guy Fauntleroy,North Carolina Central,76423,6-0,"6'0""",72.0,72.93,"6'1""",0.93,plays_taller,72.93,"6'1""",0.93,plays_taller
2024,Kelechi Okworogwo,Maryland Eastern Shore,76425,6-6,"6'6""",78.0,79.91,"6'8""",1.91,plays_taller,79.91,"6'8""",1.91,plays_taller
2024,Kobe MaGee,Drexel,76426,6-6,"6'6""",78.0,76.24,"6'4""",-1.76,plays_shorter,76.24,"6'4""",-1.76,plays_shorter
2024,Dillon Mitchell,Texas,76429,6-8,"6'8""",80.0,82.66,"6'11""",2.66,plays_taller,82.66,"6'11""",2.66,plays_taller
2024,LeJuan Watts,Eastern Washington,76432,6-6,"6'6""",78.0,78.92,"6'7""",0.92,plays_taller,78.92,"6'7""",0.92,plays_taller
2024,Lamar Washington,Texas Tech,76436,6-4,"6'4""",76.0,77.24,"6'5""",1.24,plays_taller,77.24,"6'5""",1.24,plays_taller
2024,Pano Pavlidis,Stonehill,76438,6-8,"6'8""",80.0,78.31,"6'6""",-1.69,plays_shorter,78.31,"6'6""",-1.69,plays_shorter
2024,AJ McKee,Queens,76439,6-2,"6'2""",74.0,75.63,"6'4""",1.63,plays_taller,75.63,"6'4""",1.63,plays_taller
2024,K.T. Raimey,DePaul,76444,6-3,"6'3""",75.0,75.01,"6'3""",0.01,plays_at_height,75.01,"6'3""",0.01,plays_at_height
2024,Frank Mitchell,Canisius,76448,6-8,"6'8""",80.0,83.52,"7'0""",3.52,plays_taller,83.52,"7'0""",3.52,plays_taller
2024,Adante' Holiman,UTSA,76454,6-0,"6'0""",72.0,73.59,"6'2""",1.59,plays_taller,73.59,"6'2""",1.59,plays_taller
2024,Isaiah Barganier,UT Rio Grande Valley,76455,6-7,"6'7""",79.0,74.78,"6'3""",-4.22,plays_shorter,74.78,"6'3""",-4.22,plays_shorter
2024,Brandon Walker,Montana St.,76457,6-7,"6'7""",79.0,78.69,"6'7""",-0.31,plays_at_height,78.69,"6'7""",-0.31,plays_at_height
2024,Ryan Zan,La Salle,76460,6-7,"6'7""",79.0,77.07,"6'5""",-1.93,plays_shorter,77.07,"6'5""",-1.93,plays_shorter
2024,Rodolfo Bolis,Eastern Illinois,76463,6-8,"6'8""",80.0,80.42,"6'8""",0.42,plays_at_height,80.42,"6'8""",0.42,plays_at_height
2024,Kinyon Hodges,Tennessee St.,76464,6-2,"6'2""",74.0,79.49,"6'7""",5.49,plays_taller,79.49,"6'7""",5.49,plays_taller
2024,Nick Ellington,Murray St.,76465,6-7,"6'7""",79.0,82.55,"6'11""",3.55,plays_taller,82.55,"6'11""",3.55,plays_taller
2024,Marvin McGhee III,Cal St. Bakersfield,76466,6-4,"6'4""",76.0,74.28,"6'2""",-1.72,plays_shorter,74.28,"6'2""",-1.72,plays_shorter
2024,Alex Karaban,Connecticut,76473,6-8,"6'8""",80.0,79.03,"6'7""",-0.97,plays_shorter,79.03,"6'7""",-0.97,plays_shorter
2024,B.J. Omot,North Dakota,76478,6-8,"6'8""",80.0,77.78,"6'6""",-2.22,plays_shorter,77.78,"6'6""",-2.22,plays_shorter
2024,Gregg Glenn III,Tulane,76479,6-7,"6'7""",79.0,80.46,"6'8""",1.46,plays_taller,80.46,"6'8""",1.46,plays_taller
2024,Jared Turner,Northeastern,76480,6-8,"6'8""",80.0,75.98,"6'4""",-4.02,plays_shorter,75.98,"6'4""",-4.02,plays_shorter
2024,Mark Armstrong,Villanova,76481,6-2,"6'2""",74.0,76.5,"6'4""",2.5,plays_taller,76.5,"6'4""",2.5,plays_taller
2024,Rashad King,Northeastern,76482,6-6,"6'6""",78.0,76.69,"6'5""",-1.31,plays_shorter,76.69,"6'5""",-1.31,plays_shorter
2024,Chase Cormier,Wofford,76483,6-2,"6'2""",74.0,75.31,"6'3""",1.31,plays_taller,75.31,"6'3""",1.31,plays_taller
2024,Brendan Hausen,Villanova,76484,6-4,"6'4""",76.0,76.69,"6'5""",0.69,plays_at_height,76.69,"6'5""",0.69,plays_at_height
2024,Dug McDaniel,Michigan,76485,5-11,"5'11""",71.0,74.75,"6'3""",3.75,plays_taller,74.75,"6'3""",3.75,plays_taller
2024,Harold Woods,Northeastern,76488,6-5,"6'5""",77.0,77.84,"6'6""",0.84,plays_taller,77.84,"6'6""",0.84,plays_taller
2024,Kalib Mathews,Queens,76489,6-4,"6'4""",76.0,77.98,"6'6""",1.98,plays_taller,77.98,"6'6""",1.98,plays_taller
2024,Troy Hupstead,Maryland Eastern Shore,76493,6-7,"6'7""",79.0,79.05,"6'7""",0.05,plays_at_height,79.05,"6'7""",0.05,plays_at_height
2024,Aidan Shaw,Missouri,76495,6-8,"6'8""",80.0,82.82,"6'11""",2.82,plays_taller,82.82,"6'11""",2.82,plays_taller
2024,TJ Johnson,Lipscomb,76498,6-6,"6'6""",78.0,74.81,"6'3""",-3.19,plays_shorter,74.81,"6'3""",-3.19,plays_shorter
2024,Daniel Egbuniwe,Tennessee Tech,76499,6-7,"6'7""",79.0,78.19,"6'6""",-0.81,plays_shorter,78.19,"6'6""",-0.81,plays_shorter
2024,Rylan Houck,Lipscomb,76500,6-5,"6'5""",77.0,77.35,"6'5""",0.35,plays_at_height,77.35,"6'5""",0.35,plays_at_height
2024,Adrian Samuels,American,76507,6-5,"6'5""",77.0,74.16,"6'2""",-2.84,plays_shorter,74.16,"6'2""",-2.84,plays_shorter
2024,Davion Cunningham,UNC Asheville,76508,6-3,"6'3""",75.0,77.13,"6'5""",2.13,plays_taller,77.13,"6'5""",2.13,plays_taller
2024,Malik Dia,Belmont,76509,6-9,"6'9""",81.0,80.72,"6'9""",-0.28,plays_at_height,80.72,"6'9""",-0.28,plays_at_height
2024,Zach Keller,Wake Forest,76510,6-10,"6'10""",82.0,78.08,"6'6""",-3.92,plays_shorter,78.08,"6'6""",-3.92,plays_shorter
2024,Tyler Linhardt,Idaho,76514,6-7,"6'7""",79.0,77.29,"6'5""",-1.71,plays_shorter,77.29,"6'5""",-1.71,plays_shorter
2024,Xaivian Lee,Princeton,76519,6-3,"6'3""",75.0,78.21,"6'6""",3.21,plays_taller,78.21,"6'6""",3.21,plays_taller
2024,Jack Scott,Princeton,76520,6-6,"6'6""",78.0,76.17,"6'4""",-1.83,plays_shorter,76.17,"6'4""",-1.83,plays_shorter
2024,Caden Pierce,Princeton,76523,6-7,"6'7""",79.0,80.99,"6'9""",1.99,plays_taller,80.99,"6'9""",1.99,plays_taller
2024,Micah Handlogten,Florida,76525,7-1,"7'1""",85.0,82.42,"6'10""",-2.58,plays_shorter,82.42,"6'10""",-2.58,plays_shorter
2024,R.J. Greene,LIU,76528,6-5,"6'5""",77.0,78.99,"6'7""",1.99,plays_taller,78.99,"6'7""",1.99,plays_taller
2024,Marcus Jackson,Albany,76530,6-2,"6'2""",74.0,78.92,"6'7""",4.92,plays_taller,78.92,"6'7""",4.92,plays_taller
2024,Mak Manciel,Detroit Mercy,76531,6-3,"6'3""",75.0,74.45,"6'2""",-0.55,plays_at_height,74.45,"6'2""",-0.55,plays_at_height
2024,Oumar Koureissi,Nicholls St.,76532,6-11,"6'11""",83.0,79.76,"6'8""",-3.24,plays_shorter,79.76,"6'8""",-3.24,plays_shorter
2024,Brenen Lorient,Florida Atlantic,76540,6-9,"6'9""",81.0,79.08,"6'7""",-1.92,plays_shorter,79.08,"6'7""",-1.92,plays_shorter
2024,Elijah Gray,Fordham,76542,6-8,"6'8""",80.0,78.01,"6'6""",-1.99,plays_shorter,78.01,"6'6""",-1.99,plays_shorter
2024,Braeden Smith,Colgate,76545,6-0,"6'0""",72.0,76.24,"6'4""",4.24,plays_taller,76.24,"6'4""",4.24,plays_taller
2024,Brady Cummins,Colgate,76546,6-6,"6'6""",78.0,76.36,"6'4""",-1.64,plays_shorter,76.36,"6'4""",-1.64,plays_shorter
2024,Ramar Pryor,Cleveland St.,76548,6-3,"6'3""",75.0,74.79,"6'3""",-0.21,plays_at_height,74.79,"6'3""",-0.21,plays_at_height
2024,Dylan Arnett,Cleveland St.,76549,6-9,"6'9""",81.0,81.19,"6'9""",0.19,plays_at_height,81.19,"6'9""",0.19,plays_at_height
2024,Isaac Jack,Dayton,76551,6-11,"6'11""",83.0,80.28,"6'8""",-2.72,plays_shorter,80.28,"6'8""",-2.72,plays_shorter
2024,Aaron Price Jr.,Cal Poly,76552,6-8,"6'8""",80.0,76.8,"6'5""",-3.2,plays_shorter,76.8,"6'5""",-3.2,plays_shorter
2024,Logan Woods,Wright St.,76555,6-5,"6'5""",77.0,75.04,"6'3""",-1.96,plays_shorter,75.04,"6'3""",-1.96,plays_shorter
2024,Stephon Payne III,Jacksonville,76558,6-9,"6'9""",81.0,80.74,"6'9""",-0.26,plays_at_height,80.74,"6'9""",-0.26,plays_at_height
2024,Treysen Eaglestaff,North Dakota,76559,6-6,"6'6""",78.0,75.94,"6'4""",-2.06,plays_shorter,75.94,"6'4""",-2.06,plays_shorter
2024,Robert Lewis,Arkansas Pine Bluff,76560,6-9,"6'9""",81.0,78.36,"6'6""",-2.64,plays_shorter,78.36,"6'6""",-2.64,plays_shorter
2024,Drey Carter,Wright St.,76561,6-8,"6'8""",80.0,77.19,"6'5""",-2.81,plays_shorter,77.19,"6'5""",-2.81,plays_shorter
2024,Caden Powell,Wyoming,76562,6-10,"6'10""",82.0,79.85,"6'8""",-2.15,plays_shorter,79.85,"6'8""",-2.15,plays_shorter
2024,Gestin Liberis,Saint Francis,76564,6-9,"6'9""",81.0,78.06,"6'6""",-2.94,plays_shorter,78.06,"6'6""",-2.94,plays_shorter
2024,Wisler Sanon II,Saint Francis,76565,6-4,"6'4""",76.0,75.6,"6'4""",-0.4,plays_at_height,75.6,"6'4""",-0.4,plays_at_height
2024,Tre Green,Middle Tennessee,76581,6-3,"6'3""",75.0,74.96,"6'3""",-0.04,plays_at_height,74.96,"6'3""",-0.04,plays_at_height
2024,MJ Collins,Virginia Tech,76582,6-4,"6'4""",76.0,76.4,"6'4""",0.4,plays_at_height,76.4,"6'4""",0.4,plays_at_height
2024,Danny Washington,Mississippi Valley St.,76584,6-0,"6'0""",72.0,74.89,"6'3""",2.89,plays_taller,74.89,"6'3""",2.89,plays_taller
2024,Rayquan Brown,Mississippi Valley St.,76586,6-6,"6'6""",78.0,77.56,"6'6""",-0.44,plays_at_height,77.56,"6'6""",-0.44,plays_at_height
2024,Ty Mosley,Middle Tennessee,76587,6-5,"6'5""",77.0,74.83,"6'3""",-2.17,plays_shorter,74.83,"6'3""",-2.17,plays_shorter
2024,Arecko Gipson,Mississippi Valley St.,76588,6-7,"6'7""",79.0,77.31,"6'5""",-1.69,plays_shorter,77.31,"6'5""",-1.69,plays_shorter
2024,Walter Hamilton,Mississippi Valley St.,76589,6-8,"6'8""",80.0,77.96,"6'6""",-2.04,plays_shorter,77.96,"6'6""",-2.04,plays_shorter
2024,McKinley Harris,Prairie View A&M,76592,6-5,"6'5""",77.0,76.36,"6'4""",-0.64,plays_at_height,76.36,"6'4""",-0.64,plays_at_height
2024,Kevin McGaskey,Prairie View A&M,76593,6-0,"6'0""",72.0,74.55,"6'3""",2.55,plays_taller,74.55,"6'3""",2.55,plays_taller
2024,Khaliq Abdul-Mateen,East Texas A&M,76595,6-1,"6'1""",73.0,76.19,"6'4""",3.19,plays_taller,76.19,"6'4""",3.19,plays_taller
2024,Ajay Sheldon,Ohio,76597,6-1,"6'1""",73.0,76.38,"6'4""",3.38,plays_taller,76.38,"6'4""",3.38,plays_taller
2024,Elmore James,Ohio,76598,6-3,"6'3""",75.0,75.82,"6'4""",0.82,plays_taller,75.82,"6'4""",0.82,plays_taller
2024,Otega Oweh,Oklahoma,76600,6-5,"6'5""",77.0,78.96,"6'7""",1.96,plays_taller,78.96,"6'7""",1.96,plays_taller
2024,Felix Brostrom,South Dakota,76601,6-8,"6'8""",80.0,74.93,"6'3""",-5.07,plays_shorter,74.93,"6'3""",-5.07,plays_shorter
2024,Steven Kramer,South Dakota,76602,6-6,"6'6""",78.0,75.49,"6'3""",-2.51,plays_shorter,75.49,"6'3""",-2.51,plays_shorter
2024,Jevon Hill,South Dakota,76603,6-9,"6'9""",81.0,76.01,"6'4""",-4.99,plays_shorter,76.01,"6'4""",-4.99,plays_shorter
2024,AJ Storr,Wisconsin,76604,6-7,"6'7""",79.0,78.03,"6'6""",-0.97,plays_shorter,78.03,"6'6""",-0.97,plays_shorter
2024,Kalen Garry,South Dakota St.,76606,6-3,"6'3""",75.0,76.51,"6'5""",1.51,plays_taller,76.51,"6'5""",1.51,plays_taller
2024,Paul McMillan IV,Central Michigan,76610,6-2,"6'2""",74.0,74.32,"6'2""",0.32,plays_at_height,74.32,"6'2""",0.32,plays_at_height
2024,A'lahn Sumler,Charleston Southern,76611,6-4,"6'4""",76.0,76.06,"6'4""",0.06,plays_at_height,76.06,"6'4""",0.06,plays_at_height
2024,Felix Okpara,Ohio St.,76612,6-11,"6'11""",83.0,84.04,"7'0""",1.04,plays_taller,84.04,"7'0""",1.04,plays_taller
2024,LJ Wells,Northern Kentucky,76615,6-8,"6'8""",80.0,78.16,"6'6""",-1.84,plays_shorter,78.16,"6'6""",-1.84,plays_shorter
2024,Cody Pennebaker,Lamar,76616,6-5,"6'5""",77.0,77.18,"6'5""",0.18,plays_at_height,77.18,"6'5""",0.18,plays_at_height
2024,Nate Calmese,Washington,76617,6-2,"6'2""",74.0,75.3,"6'3""",1.3,plays_taller,75.3,"6'3""",1.3,plays_taller
2024,Turner Buttry,Eastern Kentucky,76620,5-11,"5'11""",71.0,74.68,"6'3""",3.68,plays_taller,74.68,"6'3""",3.68,plays_taller
2024,Jaden Daughtry,Marist,76621,6-6,"6'6""",78.0,80.31,"6'8""",2.31,plays_taller,80.31,"6'8""",2.31,plays_taller
2024,Cam Haffner,Evansville,76624,6-2,"6'2""",74.0,75.68,"6'4""",1.68,plays_taller,75.68,"6'4""",1.68,plays_taller
2024,Sincere Malone,Eastern Illinois,76625,6-8,"6'8""",80.0,77.36,"6'5""",-2.64,plays_shorter,77.36,"6'5""",-2.64,plays_shorter
2024,Isaiah Brickner,Marist,76626,6-4,"6'4""",76.0,78.27,"6'6""",2.27,plays_taller,78.27,"6'6""",2.27,plays_taller
2024,Trace Salton,Marist,76627,6-5,"6'5""",77.0,76.37,"6'4""",-0.63,plays_at_height,76.37,"6'4""",-0.63,plays_at_height
2024,Danny Wolf,Yale,76635,7-0,"7'0""",84.0,81.3,"6'9""",-2.7,plays_shorter,81.3,"6'9""",-2.7,plays_shorter
2024,Nick Townsend,Yale,76636,6-7,"6'7""",79.0,77.16,"6'5""",-1.84,plays_shorter,77.16,"6'5""",-1.84,plays_shorter
2024,Kaleb Smith,UC Riverside,76637,6-9,"6'9""",81.0,77.54,"6'6""",-3.46,plays_shorter,77.54,"6'6""",-3.46,plays_shorter
2024,Chas Stinson,Stonehill,76639,6-4,"6'4""",76.0,76.21,"6'4""",0.21,plays_at_height,76.21,"6'4""",0.21,plays_at_height
2024,Nate Pickens,UC Riverside,76640,6-3,"6'3""",75.0,76.93,"6'5""",1.93,plays_taller,76.93,"6'5""",1.93,plays_taller
2024,Christian Fermin,VCU,76641,6-10,"6'10""",82.0,81.11,"6'9""",-0.89,plays_shorter,81.11,"6'9""",-0.89,plays_shorter
2024,Tehshaundre Cole,Chicago St.,76643,6-5,"6'5""",77.0,77.13,"6'5""",0.13,plays_at_height,77.13,"6'5""",0.13,plays_at_height
2024,Jesiah West,Western Illinois,76645,6-5,"6'5""",77.0,79.75,"6'8""",2.75,plays_taller,79.75,"6'8""",2.75,plays_taller
2024,Tristan Arneaud,Chicago St.,76648,5-10,"5'10""",70.0,73.15,"6'1""",3.15,plays_taller,73.15,"6'1""",3.15,plays_taller
2024,Devean Williams,Canisius,76649,6-3,"6'3""",75.0,75.55,"6'4""",0.55,plays_at_height,75.55,"6'4""",0.55,plays_at_height
2024,Deshawn Jean-Charles,Chicago St.,76650,6-7,"6'7""",79.0,76.7,"6'5""",-2.3,plays_shorter,76.7,"6'5""",-2.3,plays_shorter
2024,Dhashon Dyson,Bethune Cookman,76651,6-1,"6'1""",73.0,75.27,"6'3""",2.27,plays_taller,75.27,"6'3""",2.27,plays_taller
2024,Colin Porter,Liberty,76652,5-9,"5'9""",69.0,74.63,"6'3""",5.63,plays_taller,74.63,"6'3""",5.63,plays_taller
2024,Corneilous Williams,Western Carolina,76654,6-9,"6'9""",81.0,81.25,"6'9""",0.25,plays_at_height,81.25,"6'9""",0.25,plays_at_height
2024,Zach Cleveland,Liberty,76655,6-7,"6'7""",79.0,80.71,"6'9""",1.71,plays_taller,80.71,"6'9""",1.71,plays_taller
2024,Tyrell Ward,LSU,76656,6-6,"6'6""",78.0,77.0,"6'5""",-1.0,plays_shorter,77.0,"6'5""",-1.0,plays_shorter
2024,Javan Simmons,Toledo,76658,6-7,"6'7""",79.0,79.12,"6'7""",0.12,plays_at_height,79.12,"6'7""",0.12,plays_at_height
2024,AJ Smith,Southern Indiana,76659,6-6,"6'6""",78.0,80.2,"6'8""",2.2,plays_taller,80.2,"6'8""",2.2,plays_taller
2024,Christian May,Towson,76664,6-5,"6'5""",77.0,76.86,"6'5""",-0.14,plays_at_height,76.86,"6'5""",-0.14,plays_at_height
2024,Dylan Williamson,Towson,76665,6-1,"6'1""",73.0,74.38,"6'2""",1.38,plays_taller,74.38,"6'2""",1.38,plays_taller
2024,Kylan Blackmon,Coastal Carolina,76667,6-3,"6'3""",75.0,75.97,"6'4""",0.97,plays_taller,75.97,"6'4""",0.97,plays_taller
2024,Harlan Obioha,Niagara,76668,7-0,"7'0""",84.0,81.67,"6'10""",-2.33,plays_shorter,81.67,"6'10""",-2.33,plays_shorter
2024,Tyler Andrews,UMKC,76670,6-6,"6'6""",78.0,76.49,"6'4""",-1.51,plays_shorter,76.49,"6'4""",-1.51,plays_shorter
2024,Abdullah Olajuwon,Detroit Mercy,76671,6-5,"6'5""",77.0,77.49,"6'5""",0.49,plays_at_height,77.49,"6'5""",0.49,plays_at_height
2024,Ernest Udeh Jr.,TCU,76673,6-11,"6'11""",83.0,83.28,"6'11""",0.28,plays_at_height,83.28,"6'11""",0.28,plays_at_height
2024,Tafara Gapare,Georgia Tech,76674,6-9,"6'9""",81.0,79.53,"6'8""",-1.47,plays_shorter,79.53,"6'8""",-1.47,plays_shorter
2024,MJ Rice,N.C. State,76675,6-5,"6'5""",77.0,77.36,"6'5""",0.36,plays_at_height,77.36,"6'5""",0.36,plays_at_height
2024,Jevin Muniz,Delaware St.,76676,6-6,"6'6""",78.0,75.79,"6'4""",-2.21,plays_shorter,75.79,"6'4""",-2.21,plays_shorter
2024,Chris Moncrief,Saint Francis,76683,6-6,"6'6""",78.0,76.55,"6'5""",-1.45,plays_shorter,76.55,"6'5""",-1.45,plays_shorter
2024,Michael Rataj,Oregon St.,76688,6-9,"6'9""",81.0,78.61,"6'7""",-2.39,plays_shorter,78.61,"6'7""",-2.39,plays_shorter
2024,Massal Diouf,UTSA,76689,6-9,"6'9""",81.0,79.5,"6'7""",-1.5,plays_shorter,79.5,"6'7""",-1.5,plays_shorter
2024,George Beale Jr.,Norfolk St.,76690,6-4,"6'4""",76.0,74.04,"6'2""",-1.96,plays_shorter,74.04,"6'2""",-1.96,plays_shorter
2024,Perry Smith Jr.,North Carolina Central,76691,6-9,"6'9""",81.0,78.67,"6'7""",-2.33,plays_shorter,78.67,"6'7""",-2.33,plays_shorter
2024,Kellen Thames,Saint Louis,76694,6-5,"6'5""",77.0,78.13,"6'6""",1.13,plays_taller,78.13,"6'6""",1.13,plays_taller
2024,Jordan Pope,Oregon St.,76697,6-2,"6'2""",74.0,74.53,"6'3""",0.53,plays_at_height,74.53,"6'3""",0.53,plays_at_height
2024,Kel'el Ware,Indiana,76698,7-0,"7'0""",84.0,84.27,"7'0""",0.27,plays_at_height,84.27,"7'0""",0.27,plays_at_height
2024,Yanic Konan Niederhauser,Northern Illinois,76700,6-11,"6'11""",83.0,81.89,"6'10""",-1.11,plays_shorter,81.89,"6'10""",-1.11,plays_shorter
2024,Xavier Amos,Northern Illinois,76705,6-8,"6'8""",80.0,79.01,"6'7""",-0.99,plays_shorter,79.01,"6'7""",-0.99,plays_shorter
2024,Langston Reynolds,Northern Colorado,76708,6-4,"6'4""",76.0,76.98,"6'5""",0.98,plays_taller,76.98,"6'5""",0.98,plays_taller
2024,Brock Wisne,Northern Colorado,76709,6-9,"6'9""",81.0,77.5,"6'5""",-3.5,plays_shorter,77.5,"6'5""",-3.5,plays_shorter
2024,B.J. Edwards,SMU,76713,6-3,"6'3""",75.0,77.31,"6'5""",2.31,plays_taller,77.31,"6'5""",2.31,plays_taller
2024,Learic Davis,Milwaukee,76715,6-7,"6'7""",79.0,77.25,"6'5""",-1.75,plays_shorter,77.25,"6'5""",-1.75,plays_shorter
2024,PJ Haggerty,Tulsa,76719,6-3,"6'3""",75.0,76.95,"6'5""",1.95,plays_taller,76.95,"6'5""",1.95,plays_taller
2024,TJ Hurley,Vermont,76726,6-5,"6'5""",77.0,75.55,"6'4""",-1.45,plays_shorter,75.55,"6'4""",-1.45,plays_shorter
2024,Keionte Cornelius,Jackson St.,76729,5-10,"5'10""",70.0,73.18,"6'1""",3.18,plays_taller,73.18,"6'1""",3.18,plays_taller
2024,Zeke Cook,Jackson St.,76730,6-6,"6'6""",78.0,79.09,"6'7""",1.09,plays_taller,79.09,"6'7""",1.09,plays_taller
2024,Amari Stroud,Long Beach St.,76731,6-10,"6'10""",82.0,78.16,"6'6""",-3.84,plays_shorter,78.16,"6'6""",-3.84,plays_shorter
2024,Josiah Harris,Radford,76733,6-8,"6'8""",80.0,80.2,"6'8""",0.2,plays_at_height,80.2,"6'8""",0.2,plays_at_height
2024,KiAndre Gaddy,Tarleton St.,76734,6-6,"6'6""",78.0,81.74,"6'10""",3.74,plays_taller,81.74,"6'10""",3.74,plays_taller
2024,Ben Shtolzberg,UC Santa Barbara,76737,6-4,"6'4""",76.0,75.07,"6'3""",-0.93,plays_shorter,75.07,"6'3""",-0.93,plays_shorter
2024,Sean Logan,Davidson,76738,6-10,"6'10""",82.0,82.16,"6'10""",0.16,plays_at_height,82.16,"6'10""",0.16,plays_at_height
2024,Reed Bailey,Davidson,76739,6-11,"6'11""",83.0,78.54,"6'7""",-4.46,plays_shorter,78.54,"6'7""",-4.46,plays_shorter
2024,Cooper Noard,Cornell,76741,6-2,"6'2""",74.0,75.45,"6'3""",1.45,plays_taller,75.45,"6'3""",1.45,plays_taller
2024,Zion Harmon,Bethune Cookman,76743,6-0,"6'0""",72.0,74.12,"6'2""",2.12,plays_taller,74.12,"6'2""",2.12,plays_taller
2024,Elijah Hulsewe,Bethune Cookman,76746,7-0,"7'0""",84.0,79.83,"6'8""",-4.17,plays_shorter,79.83,"6'8""",-4.17,plays_shorter
2024,Jeremy Foumena,Rhode Island,76747,6-11,"6'11""",83.0,80.29,"6'8""",-2.71,plays_shorter,80.29,"6'8""",-2.71,plays_shorter
2024,Jackson Last,Robert Morris,76749,6-5,"6'5""",77.0,76.73,"6'5""",-0.27,plays_at_height,76.73,"6'5""",-0.27,plays_at_height
2024,Ahjany Lee,St. Thomas,76752,6-9,"6'9""",81.0,80.2,"6'8""",-0.8,plays_shorter,80.2,"6'8""",-0.8,plays_shorter
2024,Andrew Rohde,Virginia,76753,6-6,"6'6""",78.0,74.17,"6'2""",-3.83,plays_shorter,74.17,"6'2""",-3.83,plays_shorter
2024,Anthony Wrzeszcz,Sam Houston St.,76754,6-4,"6'4""",76.0,75.25,"6'3""",-0.75,plays_shorter,75.25,"6'3""",-0.75,plays_shorter
2024,Carter Bjerke,St. Thomas,76755,6-9,"6'9""",81.0,76.5,"6'4""",-4.5,plays_shorter,76.5,"6'4""",-4.5,plays_shorter
2024,Evan Eursher,Southeast Missouri St.,76756,6-2,"6'2""",74.0,74.55,"6'3""",0.55,plays_at_height,74.55,"6'3""",0.55,plays_at_height
2024,David Idada,Southeast Missouri St.,76757,7-0,"7'0""",84.0,81.41,"6'9""",-2.59,plays_shorter,81.41,"6'9""",-2.59,plays_shorter
2024,Benny Gealer,Stanford,76758,6-1,"6'1""",73.0,74.55,"6'3""",1.55,plays_taller,74.55,"6'3""",1.55,plays_taller
2024,Jalen Washington,North Carolina,76760,6-10,"6'10""",82.0,82.24,"6'10""",0.24,plays_at_height,82.24,"6'10""",0.24,plays_at_height
2024,Tyler Nickel,Virginia Tech,76761,6-7,"6'7""",79.0,76.26,"6'4""",-2.74,plays_shorter,76.26,"6'4""",-2.74,plays_shorter
2024,Dominique Ford,Southern Utah,76770,6-5,"6'5""",77.0,75.49,"6'3""",-1.51,plays_shorter,75.49,"6'3""",-1.51,plays_shorter
2024,David Dixon,Duquesne,76772,6-9,"6'9""",81.0,83.24,"6'11""",2.24,plays_taller,83.24,"6'11""",2.24,plays_taller
2024,German Plotnikov,Hofstra,76773,6-6,"6'6""",78.0,76.84,"6'5""",-1.16,plays_shorter,76.84,"6'5""",-1.16,plays_shorter
2024,Halil Barre,Duquesne,76774,6-9,"6'9""",81.0,80.53,"6'9""",-0.47,plays_at_height,80.53,"6'9""",-0.47,plays_at_height
2024,Emanuel Sharp,Houston,76775,6-3,"6'3""",75.0,75.84,"6'4""",0.84,plays_taller,75.84,"6'4""",0.84,plays_taller
2024,Isaac Jones,Washington St.,76776,6-9,"6'9""",81.0,82.14,"6'10""",1.14,plays_taller,82.14,"6'10""",1.14,plays_taller
2024,Marcus Tankersley,Detroit Mercy,76779,6-4,"6'4""",76.0,74.81,"6'3""",-1.19,plays_shorter,74.81,"6'3""",-1.19,plays_shorter
2024,Dallin Hall,BYU,76780,6-4,"6'4""",76.0,76.66,"6'5""",0.66,plays_at_height,76.66,"6'5""",0.66,plays_at_height
2024,Tanner Toolson,Utah Valley,76784,6-5,"6'5""",77.0,76.82,"6'5""",-0.18,plays_at_height,76.82,"6'5""",-0.18,plays_at_height
2024,Deandre Smart,Elon,76789,6-6,"6'6""",78.0,77.43,"6'5""",-0.57,plays_at_height,77.43,"6'5""",-0.57,plays_at_height
2024,Garfield Turner,Drexel,76791,6-8,"6'8""",80.0,80.95,"6'9""",0.95,plays_taller,80.95,"6'9""",0.95,plays_taller
2024,LA Pratt,Elon,76792,6-5,"6'5""",77.0,75.19,"6'3""",-1.81,plays_shorter,75.19,"6'3""",-1.81,plays_shorter
2024,Justin Moore,Drexel,76793,6-3,"6'3""",75.0,76.35,"6'4""",1.35,plays_taller,76.35,"6'4""",1.35,plays_taller
2024,Dane Erikstrup,Eastern Washington,76796,6-11,"6'11""",83.0,77.51,"6'6""",-5.49,plays_shorter,77.51,"6'6""",-5.49,plays_shorter
2024,Da'Sean Nelson,DePaul,76803,6-8,"6'8""",80.0,77.77,"6'6""",-2.23,plays_shorter,77.77,"6'6""",-2.23,plays_shorter
2024,AJ Brown,Ohio,76807,6-4,"6'4""",76.0,76.63,"6'5""",0.63,plays_at_height,76.63,"6'5""",0.63,plays_at_height
2024,Benny Schroder,George Washington,76808,6-7,"6'7""",79.0,77.93,"6'6""",-1.07,plays_shorter,77.93,"6'6""",-1.07,plays_shorter
2024,Milos Uzan,Oklahoma,76810,6-4,"6'4""",76.0,75.89,"6'4""",-0.11,plays_at_height,75.89,"6'4""",-0.11,plays_at_height
2024,Kylan Boswell,Arizona,76818,6-2,"6'2""",74.0,75.82,"6'4""",1.82,plays_taller,75.82,"6'4""",1.82,plays_taller
2024,Omarion Henry,New Orleans,76823,6-7,"6'7""",79.0,77.26,"6'5""",-1.74,plays_shorter,77.26,"6'5""",-1.74,plays_shorter
2024,James Weathers,East Texas A&M,76824,6-0,"6'0""",72.0,74.23,"6'2""",2.23,plays_taller,74.23,"6'2""",2.23,plays_taller
2024,Shahar Lazar,Gardner Webb,76825,6-2,"6'2""",74.0,75.38,"6'3""",1.38,plays_taller,75.38,"6'3""",1.38,plays_taller
2024,Jaden Alexander,Cal St. Bakersfield,76826,6-4,"6'4""",76.0,76.45,"6'4""",0.45,plays_at_height,76.45,"6'4""",0.45,plays_at_height
2024,Ben VanderWal,Furman,76833,6-7,"6'7""",79.0,78.76,"6'7""",-0.24,plays_at_height,78.76,"6'7""",-0.24,plays_at_height
2024,Davis Molnar,Furman,76834,6-6,"6'6""",78.0,78.16,"6'6""",0.16,plays_at_height,78.16,"6'6""",0.16,plays_at_height
2024,Chandler Jackson,Florida St.,76835,6-5,"6'5""",77.0,74.81,"6'3""",-2.19,plays_shorter,74.81,"6'3""",-2.19,plays_shorter
2024,Riley Kugel,Florida,76836,6-5,"6'5""",77.0,77.57,"6'6""",0.57,plays_at_height,77.57,"6'6""",0.57,plays_at_height
2024,De'Ante Green,Florida St.,76837,6-9,"6'9""",81.0,78.23,"6'6""",-2.77,plays_shorter,78.23,"6'6""",-2.77,plays_shorter
2024,Cam Corhen,Florida St.,76838,6-10,"6'10""",82.0,79.8,"6'8""",-2.2,plays_shorter,79.8,"6'8""",-2.2,plays_shorter
2024,Baba Miller,Florida St.,76839,6-11,"6'11""",83.0,79.84,"6'8""",-3.16,plays_shorter,79.84,"6'8""",-3.16,plays_shorter
2024,JaRonn Wilkens,Southern,76847,6-8,"6'8""",80.0,78.28,"6'6""",-1.72,plays_shorter,78.28,"6'6""",-1.72,plays_shorter
2024,Jariyon Wilkens,Southern,76848,6-7,"6'7""",79.0,76.49,"6'4""",-2.51,plays_shorter,76.49,"6'4""",-2.51,plays_shorter
2024,Jalen Reynolds,Southern,76849,6-7,"6'7""",79.0,78.24,"6'6""",-0.76,plays_shorter,78.24,"6'6""",-0.76,plays_shorter
2024,Louis Bleechmore,Fairfield,76853,6-6,"6'6""",78.0,77.82,"6'6""",-0.18,plays_at_height,77.82,"6'6""",-0.18,plays_at_height
2024,Brennan Rigsby,Oregon,76856,6-3,"6'3""",75.0,76.61,"6'5""",1.61,plays_taller,76.61,"6'5""",1.61,plays_taller
2024,Damarco Minor,SIU Edwardsville,76857,6-0,"6'0""",72.0,77.12,"6'5""",5.12,plays_taller,77.12,"6'5""",5.12,plays_taller
2024,Marquel Sutton,Nebraska Omaha,76859,6-8,"6'8""",80.0,78.43,"6'6""",-1.57,plays_shorter,78.43,"6'6""",-1.57,plays_shorter
2024,Lamar Wilkerson,Sam Houston St.,76860,6-4,"6'4""",76.0,76.65,"6'5""",0.65,plays_at_height,76.65,"6'5""",0.65,plays_at_height
2024,Ginika Ojiako,Coastal Carolina,76864,6-10,"6'10""",82.0,83.22,"6'11""",1.22,plays_taller,83.22,"6'11""",1.22,plays_taller
2024,Tre Thomas,Hampton,76865,6-2,"6'2""",74.0,73.95,"6'2""",-0.05,plays_at_height,73.95,"6'2""",-0.05,plays_at_height
2024,Jackson Benigni,Stonehill,76867,6-1,"6'1""",73.0,74.44,"6'2""",1.44,plays_taller,74.44,"6'2""",1.44,plays_taller
2024,Max Zegarowski,Stonehill,76868,6-8,"6'8""",80.0,76.15,"6'4""",-3.85,plays_shorter,76.15,"6'4""",-3.85,plays_shorter
2024,TJ Caldwell,Mississippi,76873,6-4,"6'4""",76.0,76.22,"6'4""",0.22,plays_at_height,76.22,"6'4""",0.22,plays_at_height
2024,Robert Cowherd,Mississippi,76876,6-4,"6'4""",76.0,75.09,"6'3""",-0.91,plays_shorter,75.09,"6'3""",-0.91,plays_shorter
2024,Ja'Sean Glover,Nebraska Omaha,76878,6-4,"6'4""",76.0,76.33,"6'4""",0.33,plays_at_height,76.33,"6'4""",0.33,plays_at_height
2024,Jordan Crawford,Louisiana Tech,76883,6-3,"6'3""",75.0,76.65,"6'5""",1.65,plays_taller,76.65,"6'5""",1.65,plays_taller
2024,Jayden Dawson,Loyola Chicago,76885,6-4,"6'4""",76.0,76.64,"6'5""",0.64,plays_at_height,76.64,"6'5""",0.64,plays_at_height
2024,Jalen Quinn,Loyola Chicago,76886,6-3,"6'3""",75.0,75.54,"6'4""",0.54,plays_at_height,75.54,"6'4""",0.54,plays_at_height
2024,Christoph Tilly,Santa Clara,76887,7-0,"7'0""",84.0,79.87,"6'8""",-4.13,plays_shorter,79.87,"6'8""",-4.13,plays_shorter
2024,Jake Ensminger,Santa Clara,76888,6-9,"6'9""",81.0,78.51,"6'7""",-2.49,plays_shorter,78.51,"6'7""",-2.49,plays_shorter
2024,Braden Huff,Gonzaga,76893,6-10,"6'10""",82.0,80.56,"6'9""",-1.44,plays_shorter,80.56,"6'9""",-1.44,plays_shorter
2024,Amaree Abram,Georgia Tech,76897,6-4,"6'4""",76.0,75.63,"6'4""",-0.37,plays_at_height,75.63,"6'4""",-0.37,plays_at_height
2024,Deon Perry,Loyola MD,76898,5-8,"5'8""",68.0,73.82,"6'2""",5.82,plays_taller,73.82,"6'2""",5.82,plays_taller
2024,Garrett Brennan,Loyola MD,76899,6-4,"6'4""",76.0,75.98,"6'4""",-0.02,plays_at_height,75.98,"6'4""",-0.02,plays_at_height
2024,Jordan Crawford,Charleston,76901,6-2,"6'2""",74.0,75.47,"6'3""",1.47,plays_taller,75.47,"6'3""",1.47,plays_taller
2024,Isaiah Carr,Denver,76903,7-0,"7'0""",84.0,81.83,"6'10""",-2.17,plays_shorter,81.83,"6'10""",-2.17,plays_shorter
2024,Amari Jedkins,Green Bay,76907,6-7,"6'7""",79.0,77.65,"6'6""",-1.35,plays_shorter,77.65,"6'6""",-1.35,plays_shorter
2024,Shy Odom,Howard,76912,6-6,"6'6""",78.0,77.56,"6'6""",-0.44,plays_at_height,77.56,"6'6""",-0.44,plays_at_height
2024,Ose Okojie,Howard,76915,6-5,"6'5""",77.0,77.51,"6'6""",0.51,plays_at_height,77.51,"6'6""",0.51,plays_at_height
2024,Justin Archer,Radford,76919,6-7,"6'7""",79.0,79.92,"6'8""",0.92,plays_taller,79.92,"6'8""",0.92,plays_taller
2024,D'Auntray Pierce,Radford,76920,6-10,"6'10""",82.0,82.15,"6'10""",0.15,plays_at_height,82.15,"6'10""",0.15,plays_at_height
2024,Paul Otieno,Quinnipiac,76922,6-8,"6'8""",80.0,80.99,"6'9""",0.99,plays_taller,80.99,"6'9""",0.99,plays_taller
2024,Federiko Federiko,Pittsburgh,76924,6-11,"6'11""",83.0,82.6,"6'11""",-0.4,plays_at_height,82.6,"6'11""",-0.4,plays_at_height
2024,Dayne Prim,Texas A&M Corpus Chris,76926,6-6,"6'6""",78.0,79.58,"6'8""",1.58,plays_taller,79.58,"6'8""",1.58,plays_taller
2024,JJ White,Nebraska Omaha,76927,6-2,"6'2""",74.0,75.34,"6'3""",1.34,plays_taller,75.34,"6'3""",1.34,plays_taller
2024,Jaeden Marshall,Nebraska Omaha,76928,6-4,"6'4""",76.0,74.53,"6'3""",-1.47,plays_shorter,74.53,"6'3""",-1.47,plays_shorter
2024,Seyi Reiley,Seattle,76929,6-6,"6'6""",78.0,81.51,"6'10""",3.51,plays_taller,81.51,"6'10""",3.51,plays_taller
2024,Drake Allen,Utah Valley,76931,6-4,"6'4""",76.0,77.37,"6'5""",1.37,plays_taller,77.37,"6'5""",1.37,plays_taller
2024,Bryant Selebangue,Arizona St.,76932,6-8,"6'8""",80.0,80.28,"6'8""",0.28,plays_at_height,80.28,"6'8""",0.28,plays_at_height
2024,Jayhlon Young,Memphis,76934,6-2,"6'2""",74.0,76.68,"6'5""",2.68,plays_taller,76.68,"6'5""",2.68,plays_taller
2024,Cam Morris III,UMass Lowell,76935,6-8,"6'8""",80.0,79.86,"6'8""",-0.14,plays_at_height,79.86,"6'8""",-0.14,plays_at_height
2024,Devan Sapp,UMBC,76937,6-4,"6'4""",76.0,74.76,"6'3""",-1.24,plays_shorter,74.76,"6'3""",-1.24,plays_shorter
2024,Bernard Pelote,Western Carolina,76939,6-8,"6'8""",80.0,77.92,"6'6""",-2.08,plays_shorter,77.92,"6'6""",-2.08,plays_shorter
2024,Caleb Robinson,Gardner Webb,76940,6-4,"6'4""",76.0,80.03,"6'8""",4.03,plays_taller,80.03,"6'8""",4.03,plays_taller
2024,Tyler Houser,Delaware,76942,6-9,"6'9""",81.0,75.66,"6'4""",-5.34,plays_shorter,75.66,"6'4""",-5.34,plays_shorter
2024,Tony Felder Jr.,Stonehill,76943,5-10,"5'10""",70.0,74.36,"6'2""",4.36,plays_taller,74.36,"6'2""",4.36,plays_taller
2024,Taeshaud Jackson II,VMI,76944,6-6,"6'6""",78.0,79.49,"6'7""",1.49,plays_taller,79.49,"6'7""",1.49,plays_taller
2024,Rickey Bradley Jr.,Georgia St.,76946,6-2,"6'2""",74.0,75.21,"6'3""",1.21,plays_taller,75.21,"6'3""",1.21,plays_taller
2024,Matt Hayman,Stephen F. Austin,76948,6-5,"6'5""",77.0,77.91,"6'6""",0.91,plays_taller,77.91,"6'6""",0.91,plays_taller
2024,AJ Cajuste,Stephen F. Austin,76949,6-1,"6'1""",73.0,74.71,"6'3""",1.71,plays_taller,74.71,"6'3""",1.71,plays_taller
2024,Jalil Beaubrun,Stephen F. Austin,76950,6-9,"6'9""",81.0,81.24,"6'9""",0.24,plays_at_height,81.24,"6'9""",0.24,plays_at_height
2024,Maximus Nelson,Purdue Fort Wayne,76951,6-8,"6'8""",80.0,74.5,"6'2""",-5.5,plays_shorter,74.5,"6'2""",-5.5,plays_shorter
2024,Nick Martinelli,Northwestern,76952,6-7,"6'7""",79.0,77.68,"6'6""",-1.32,plays_shorter,77.68,"6'6""",-1.32,plays_shorter
2024,Terry Anderson,Lamar,76953,6-6,"6'6""",78.0,79.47,"6'7""",1.47,plays_taller,79.47,"6'7""",1.47,plays_taller
2024,Chris Pryor,Lamar,76954,5-11,"5'11""",71.0,74.54,"6'3""",3.54,plays_taller,74.54,"6'3""",3.54,plays_taller
2024,Jonathan Cisse,Texas Southern,76955,6-1,"6'1""",73.0,75.21,"6'3""",2.21,plays_taller,75.21,"6'3""",2.21,plays_taller
2024,Cam Denson,Pacific,76956,6-7,"6'7""",79.0,78.95,"6'7""",-0.05,plays_at_height,78.95,"6'7""",-0.05,plays_at_height
2024,Duane Posey,Northwestern St.,76960,6-7,"6'7""",79.0,79.13,"6'7""",0.13,plays_at_height,79.13,"6'7""",0.13,plays_at_height
2024,Jakevion Buckley,Lamar,76961,6-0,"6'0""",72.0,75.37,"6'3""",3.37,plays_taller,75.37,"6'3""",3.37,plays_taller
2024,Dantwan Grimes,Baylor,76962,6-2,"6'2""",74.0,77.64,"6'6""",3.64,plays_taller,77.64,"6'6""",3.64,plays_taller
2024,Jorge Ochoa,USC Upstate,76963,6-7,"6'7""",79.0,76.61,"6'5""",-2.39,plays_shorter,76.61,"6'5""",-2.39,plays_shorter
2024,Ben Gold,Marquette,76964,6-11,"6'11""",83.0,78.82,"6'7""",-4.18,plays_shorter,78.82,"6'7""",-4.18,plays_shorter
2024,Tyler Henry,Louisiana Tech,76965,6-4,"6'4""",76.0,75.53,"6'4""",-0.47,plays_at_height,75.53,"6'4""",-0.47,plays_at_height
2024,Shammah Scott,Akron,76968,6-2,"6'2""",74.0,76.61,"6'5""",2.61,plays_taller,76.61,"6'5""",2.61,plays_taller
2024,Bruce Thornton,Ohio St.,76969,6-2,"6'2""",74.0,76.54,"6'5""",2.54,plays_taller,76.54,"6'5""",2.54,plays_taller
2024,Alphonzo Billups III,VCU,76971,6-7,"6'7""",79.0,76.67,"6'5""",-2.33,plays_shorter,76.67,"6'5""",-2.33,plays_shorter
2024,Shawn Jones Jr.,Mississippi St.,76973,6-5,"6'5""",77.0,77.7,"6'6""",0.7,plays_at_height,77.7,"6'6""",0.7,plays_at_height
2024,Skyy Clark,Louisville,76976,6-3,"6'3""",75.0,76.02,"6'4""",1.02,plays_taller,76.02,"6'4""",1.02,plays_taller
2024,Jayden Epps,Georgetown,76977,6-2,"6'2""",74.0,74.82,"6'3""",0.82,plays_taller,74.82,"6'3""",0.82,plays_taller
2024,Ty Rodgers,Illinois,76980,6-6,"6'6""",78.0,79.31,"6'7""",1.31,plays_taller,79.31,"6'7""",1.31,plays_taller
2024,Titus Yearout,Idaho,76982,6-2,"6'2""",74.0,75.1,"6'3""",1.1,plays_taller,75.1,"6'3""",1.1,plays_taller
2024,Amarr Knox,Alabama St.,76985,6-3,"6'3""",75.0,76.44,"6'4""",1.44,plays_taller,76.44,"6'4""",1.44,plays_taller
2024,Kendal Parker,Alabama St.,76986,6-4,"6'4""",76.0,76.01,"6'4""",0.01,plays_at_height,76.01,"6'4""",0.01,plays_at_height
2024,Cole Farrell,Portland St.,77000,6-5,"6'5""",77.0,76.7,"6'5""",-0.3,plays_at_height,76.7,"6'5""",-0.3,plays_at_height
2024,Fletcher Loyer,Purdue,77002,6-4,"6'4""",76.0,74.62,"6'3""",-1.38,plays_shorter,74.62,"6'3""",-1.38,plays_shorter
2024,Mason Hanback,Southeast Missouri St.,77008,7-0,"7'0""",84.0,76.63,"6'5""",-7.37,plays_shorter,76.63,"6'5""",-7.37,plays_shorter
2024,Regimantas Ciunys,UMBC,77009,6-6,"6'6""",78.0,78.64,"6'7""",0.64,plays_at_height,78.64,"6'7""",0.64,plays_at_height
2024,Christ Essandoko,Saint Joseph's,77011,7-0,"7'0""",84.0,80.56,"6'9""",-3.44,plays_shorter,80.56,"6'9""",-3.44,plays_shorter
2024,Yohan Traore,UC Santa Barbara,77014,6-11,"6'11""",83.0,79.86,"6'8""",-3.14,plays_shorter,79.86,"6'8""",-3.14,plays_shorter
2024,Quinton Webb,New Mexico,77015,6-6,"6'6""",78.0,77.62,"6'6""",-0.38,plays_at_height,77.62,"6'6""",-0.38,plays_at_height
2024,Cade Tyson,Belmont,77016,6-7,"6'7""",79.0,78.04,"6'6""",-0.96,plays_shorter,78.04,"6'6""",-0.96,plays_shorter
2024,Tyeree Bryan,Santa Clara,77018,6-5,"6'5""",77.0,76.87,"6'5""",-0.13,plays_at_height,76.87,"6'5""",-0.13,plays_at_height
2024,Kyler Vanderjagt,Belmont,77020,6-4,"6'4""",76.0,74.85,"6'3""",-1.15,plays_shorter,74.85,"6'3""",-1.15,plays_shorter
2024,Toibu Lawal,VCU,77026,6-8,"6'8""",80.0,84.7,"7'1""",4.7,plays_taller,84.7,"7'1""",4.7,plays_taller
2024,Ugonna Onyenso,Kentucky,77028,7-0,"7'0""",84.0,84.01,"7'0""",0.01,plays_at_height,84.01,"7'0""",0.01,plays_at_height
2024,Hansel Enmanuel,Austin Peay,77031,6-6,"6'6""",78.0,79.15,"6'7""",1.15,plays_taller,79.15,"6'7""",1.15,plays_taller
2024,Peter Suder,Bellarmine,77037,6-5,"6'5""",77.0,76.53,"6'5""",-0.47,plays_at_height,76.53,"6'5""",-0.47,plays_at_height
2024,Nik Graves,Charlotte,77038,6-3,"6'3""",75.0,76.75,"6'5""",1.75,plays_taller,76.75,"6'5""",1.75,plays_taller
2024,Bryan Etumnu,Merrimack,77040,6-7,"6'7""",79.0,81.39,"6'9""",2.39,plays_taller,81.39,"6'9""",2.39,plays_taller
2024,Rob Martin,Southeast Missouri St.,77042,5-10,"5'10""",70.0,73.92,"6'2""",3.92,plays_taller,73.92,"6'2""",3.92,plays_taller
2024,Malik Reneau,Indiana,77045,6-9,"6'9""",81.0,79.46,"6'7""",-1.54,plays_shorter,79.46,"6'7""",-1.54,plays_shorter
2024,CJ Gunn,Indiana,77046,6-6,"6'6""",78.0,75.27,"6'3""",-2.73,plays_shorter,75.27,"6'3""",-2.73,plays_shorter
2024,Clarence Cummings III,Green Bay,77048,6-5,"6'5""",77.0,77.02,"6'5""",0.02,plays_at_height,77.02,"6'5""",0.02,plays_at_height
2024,Tyren Moore,Georgia Southern,77050,5-11,"5'11""",71.0,74.63,"6'3""",3.63,plays_taller,74.63,"6'3""",3.63,plays_taller
2024,Cam Gregory,Saint Francis,77052,6-5,"6'5""",77.0,75.71,"6'4""",-1.29,plays_shorter,75.71,"6'4""",-1.29,plays_shorter
2024,Jamar Franklin,Georgia Southern,77053,6-3,"6'3""",75.0,74.5,"6'2""",-0.5,plays_at_height,74.5,"6'2""",-0.5,plays_at_height
2024,Duke Brennan,Grand Canyon,77057,6-10,"6'10""",82.0,80.65,"6'9""",-1.35,plays_shorter,80.65,"6'9""",-1.35,plays_shorter
2024,Elijah Ormiston,South Alabama,77059,6-8,"6'8""",80.0,78.02,"6'6""",-1.98,plays_shorter,78.02,"6'6""",-1.98,plays_shorter
2024,Chase Lowe,William & Mary,77060,6-5,"6'5""",77.0,79.74,"6'8""",2.74,plays_taller,79.74,"6'8""",2.74,plays_taller
2024,Isaiah Jones,Oakland,77062,6-5,"6'5""",77.0,79.41,"6'7""",2.41,plays_taller,79.41,"6'7""",2.41,plays_taller
2024,Julian Lual,Arkansas St.,77063,6-6,"6'6""",78.0,76.77,"6'5""",-1.23,plays_shorter,76.77,"6'5""",-1.23,plays_shorter
2024,Khalil London,Charleston,77070,6-3,"6'3""",75.0,74.57,"6'3""",-0.43,plays_at_height,74.57,"6'3""",-0.43,plays_at_height
2024,Donovan Atwell,UNC Greensboro,77071,6-5,"6'5""",77.0,74.71,"6'3""",-2.29,plays_shorter,74.71,"6'3""",-2.29,plays_shorter
2024,Jordan Chatman,Florida A&M,77073,6-5,"6'5""",77.0,76.45,"6'4""",-0.55,plays_at_height,76.45,"6'4""",-0.55,plays_at_height
2024,JV Seat,Abilene Christian,77079,6-3,"6'3""",75.0,75.73,"6'4""",0.73,plays_at_height,75.73,"6'4""",0.73,plays_at_height
2024,Jaden Bradley,Arizona,77082,6-3,"6'3""",75.0,77.0,"6'5""",2.0,plays_taller,77.0,"6'5""",2.0,plays_taller
2024,Rylan Griffen,Alabama,77083,6-6,"6'6""",78.0,76.83,"6'5""",-1.17,plays_shorter,76.83,"6'5""",-1.17,plays_shorter
2024,Jesaiah McWright,Tulsa,77088,6-4,"6'4""",76.0,74.1,"6'2""",-1.9,plays_shorter,74.1,"6'2""",-1.9,plays_shorter
2024,Assa Essamvous,St. Bonaventure,77089,6-6,"6'6""",78.0,78.34,"6'6""",0.34,plays_at_height,78.34,"6'6""",0.34,plays_at_height
2024,Camden McCormick,UC San Diego,77090,6-3,"6'3""",75.0,75.37,"6'3""",0.37,plays_at_height,75.37,"6'3""",0.37,plays_at_height
2024,Roddie Anderson III,Boise St.,77092,6-3,"6'3""",75.0,76.86,"6'5""",1.86,plays_taller,76.86,"6'5""",1.86,plays_taller
2024,Jaden Ellis,Army,77095,6-0,"6'0""",72.0,74.0,"6'2""",2.0,plays_taller,74.0,"6'2""",2.0,plays_taller
2024,Zek Tekin,Siena,77096,6-2,"6'2""",74.0,74.88,"6'3""",0.88,plays_taller,74.88,"6'3""",0.88,plays_taller
2024,Jaquel Morris,Miami OH,77098,6-8,"6'8""",80.0,81.73,"6'10""",1.73,plays_taller,81.73,"6'10""",1.73,plays_taller
2024,Ryan Mabrey,Miami OH,77099,6-5,"6'5""",77.0,73.73,"6'2""",-3.27,plays_shorter,73.73,"6'2""",-3.27,plays_shorter
2024,Tyler Bilodeau,Oregon St.,77100,6-9,"6'9""",81.0,78.12,"6'6""",-2.88,plays_shorter,78.12,"6'6""",-2.88,plays_shorter
2024,Zach Howell,Milwaukee,77101,6-5,"6'5""",77.0,74.12,"6'2""",-2.88,plays_shorter,74.12,"6'2""",-2.88,plays_shorter
2024,Elijah Jamison,Milwaukee,77102,6-3,"6'3""",75.0,74.52,"6'3""",-0.48,plays_at_height,74.52,"6'3""",-0.48,plays_at_height
2024,Billy Smith,Bellarmine,77103,6-7,"6'7""",79.0,74.22,"6'2""",-4.78,plays_shorter,74.22,"6'2""",-4.78,plays_shorter
2024,Chandler Pigge,Harvard,77104,6-5,"6'5""",77.0,77.69,"6'6""",0.69,plays_at_height,77.69,"6'6""",0.69,plays_at_height
2024,Chisom Okpara,Harvard,77105,6-8,"6'8""",80.0,78.32,"6'6""",-1.68,plays_shorter,78.32,"6'6""",-1.68,plays_shorter
2024,Khalil Farmer,Hofstra,77107,6-4,"6'4""",76.0,72.8,"6'1""",-3.2,plays_shorter,72.8,"6'1""",-3.2,plays_shorter
2024,Jace Whiting,Boise St.,77108,6-3,"6'3""",75.0,75.19,"6'3""",0.19,plays_at_height,75.19,"6'3""",0.19,plays_at_height
2024,Issa Muhammad,Tennessee Martin,77112,6-9,"6'9""",81.0,80.97,"6'9""",-0.03,plays_at_height,80.97,"6'9""",-0.03,plays_at_height
2024,Elijah Jones,UTEP,77113,6-8,"6'8""",80.0,79.52,"6'8""",-0.48,plays_at_height,79.52,"6'8""",-0.48,plays_at_height
2024,Patrick Cartier,Colorado St.,77114,6-8,"6'8""",80.0,76.68,"6'5""",-3.32,plays_shorter,76.68,"6'5""",-3.32,plays_shorter
2024,Quest Aldridge,Gardner Webb,77115,6-4,"6'4""",76.0,75.26,"6'3""",-0.74,plays_at_height,75.26,"6'3""",-0.74,plays_at_height
2024,Dorian Finister,Kansas St.,77116,6-4,"6'4""",76.0,77.7,"6'6""",1.7,plays_taller,77.7,"6'6""",1.7,plays_taller
2024,Xavier Brown,James Madison,77119,6-2,"6'2""",74.0,75.98,"6'4""",1.98,plays_taller,75.98,"6'4""",1.98,plays_taller
2024,Travis Roberts,Jacksonville St.,77120,6-6,"6'6""",78.0,75.25,"6'3""",-2.75,plays_shorter,75.25,"6'3""",-2.75,plays_shorter
2024,Demarion Watson,Iowa St.,77121,6-7,"6'7""",79.0,80.72,"6'9""",1.72,plays_taller,80.72,"6'9""",1.72,plays_taller
2024,Tamin Lipsey,Iowa St.,77122,6-1,"6'1""",73.0,77.93,"6'6""",4.93,plays_taller,77.93,"6'6""",4.93,plays_taller
2024,Eli King,North Dakota,77123,6-4,"6'4""",76.0,77.72,"6'6""",1.72,plays_taller,77.72,"6'6""",1.72,plays_taller
2024,Simeon Cottle,Kennesaw St.,77125,6-2,"6'2""",74.0,75.88,"6'4""",1.88,plays_taller,75.88,"6'4""",1.88,plays_taller
2024,Nikola Dimitrijevic,Dartmouth,77127,6-10,"6'10""",82.0,79.31,"6'7""",-2.69,plays_shorter,79.31,"6'7""",-2.69,plays_shorter
2024,Maliq Brown,Syracuse,77128,6-8,"6'8""",80.0,82.24,"6'10""",2.24,plays_taller,82.24,"6'10""",2.24,plays_taller
2024,Chris Bell,Syracuse,77130,6-7,"6'7""",79.0,76.55,"6'5""",-2.45,plays_shorter,76.55,"6'5""",-2.45,plays_shorter
2024,Johnnie Walter,Penn,77134,6-10,"6'10""",82.0,75.68,"6'4""",-6.32,plays_shorter,75.68,"6'4""",-6.32,plays_shorter
2024,Jalen Reed,LSU,77140,6-10,"6'10""",82.0,78.92,"6'7""",-3.08,plays_shorter,78.92,"6'7""",-3.08,plays_shorter
2024,Yuto Yamanouchi-Williams,Portland,77144,6-10,"6'10""",82.0,79.03,"6'7""",-2.97,plays_shorter,79.03,"6'7""",-2.97,plays_shorter
2024,Zuby Ejiofor,St. John's,77145,6-9,"6'9""",81.0,83.33,"6'11""",2.33,plays_taller,83.33,"6'11""",2.33,plays_taller
2024,Jaret Valencia,Monmouth,77147,6-9,"6'9""",81.0,81.5,"6'9""",0.5,plays_at_height,81.5,"6'9""",0.5,plays_at_height
2024,Youri Fritz,Canisius,77149,6-9,"6'9""",81.0,79.28,"6'7""",-1.72,plays_shorter,79.28,"6'7""",-1.72,plays_shorter
2024,RJ Godfrey,Clemson,77157,6-8,"6'8""",80.0,80.28,"6'8""",0.28,plays_at_height,80.28,"6'8""",0.28,plays_at_height
2024,Devin Ceaser,Old Dominion,77158,6-0,"6'0""",72.0,75.74,"6'4""",3.74,plays_taller,75.74,"6'4""",3.74,plays_taller
2024,Noah Williamson,Bucknell,77159,7-0,"7'0""",84.0,80.15,"6'8""",-3.85,plays_shorter,80.15,"6'8""",-3.85,plays_shorter
2024,Dillon Hunter,Clemson,77161,6-3,"6'3""",75.0,75.2,"6'3""",0.2,plays_at_height,75.2,"6'3""",0.2,plays_at_height
2024,Chauncey Wiggins,Clemson,77164,6-10,"6'10""",82.0,77.01,"6'5""",-4.99,plays_shorter,77.01,"6'5""",-4.99,plays_shorter
2024,Ruot Bijiek,Bucknell,77165,6-9,"6'9""",81.0,76.74,"6'5""",-4.26,plays_shorter,76.74,"6'5""",-4.26,plays_shorter
2024,Harry Rouhliadeff,Hawaii,77167,6-9,"6'9""",81.0,78.27,"6'6""",-2.73,plays_shorter,78.27,"6'6""",-2.73,plays_shorter
2024,Zid Powell,UTEP,77175,6-4,"6'4""",76.0,79.29,"6'7""",3.29,plays_taller,79.29,"6'7""",3.29,plays_taller
2024,Tae Williams,Cleveland St.,77176,6-7,"6'7""",79.0,79.38,"6'7""",0.38,plays_at_height,79.38,"6'7""",0.38,plays_at_height
2024,Kijani Wright,USC,77179,6-9,"6'9""",81.0,78.61,"6'7""",-2.39,plays_shorter,78.61,"6'7""",-2.39,plays_shorter
2024,Chendall Weaver,Texas,77180,6-3,"6'3""",75.0,78.81,"6'7""",3.81,plays_taller,78.81,"6'7""",3.81,plays_taller
2024,Tre White,Louisville,77181,6-7,"6'7""",79.0,78.34,"6'6""",-0.66,plays_at_height,78.34,"6'6""",-0.66,plays_at_height
2024,Brayden O'Connor,UMass Lowell,77182,6-4,"6'4""",76.0,76.3,"6'4""",0.3,plays_at_height,76.3,"6'4""",0.3,plays_at_height
2024,Vincent Iwuchukwu,USC,77183,7-1,"7'1""",85.0,80.65,"6'9""",-4.35,plays_shorter,80.65,"6'9""",-4.35,plays_shorter
2024,Oziyah Sellers,USC,77184,6-5,"6'5""",77.0,74.17,"6'2""",-2.83,plays_shorter,74.17,"6'2""",-2.83,plays_shorter
2024,CJ Jones,Illinois Chicago,77187,6-5,"6'5""",77.0,76.1,"6'4""",-0.9,plays_shorter,76.1,"6'4""",-0.9,plays_shorter
2024,Sveinn Birgisson,Siena,77192,6-8,"6'8""",80.0,74.53,"6'3""",-5.47,plays_shorter,74.53,"6'3""",-5.47,plays_shorter
2024,Mason Courtney,Siena,77193,6-4,"6'4""",76.0,74.06,"6'2""",-1.94,plays_shorter,74.06,"6'2""",-1.94,plays_shorter
2024,Mike Walz,Richmond,77194,6-11,"6'11""",83.0,79.36,"6'7""",-3.64,plays_shorter,79.36,"6'7""",-3.64,plays_shorter
2024,Michael Eley,Siena,77195,6-4,"6'4""",76.0,77.57,"6'6""",1.57,plays_taller,77.57,"6'6""",1.57,plays_taller
2024,Mekhi Mason,Rice,77196,6-5,"6'5""",77.0,76.37,"6'4""",-0.63,plays_at_height,76.37,"6'4""",-0.63,plays_at_height
2024,Mason Jones,New Orleans,77197,6-4,"6'4""",76.0,76.17,"6'4""",0.17,plays_at_height,76.17,"6'4""",0.17,plays_at_height
2024,Killian Gribben,Siena,77198,6-10,"6'10""",82.0,79.18,"6'7""",-2.82,plays_shorter,79.18,"6'7""",-2.82,plays_shorter
2024,Brendan Coyle,Siena,77199,6-7,"6'7""",79.0,75.41,"6'3""",-3.59,plays_shorter,75.41,"6'3""",-3.59,plays_shorter
2024,Andrew Akuchie,Rice,77201,6-11,"6'11""",83.0,80.96,"6'9""",-2.04,plays_shorter,80.96,"6'9""",-2.04,plays_shorter
2024,Javier Ezquerra,Wagner,77203,6-1,"6'1""",73.0,74.73,"6'3""",1.73,plays_taller,74.73,"6'3""",1.73,plays_taller
2024,Tyrone Marshall Jr.,Western Kentucky,77206,6-7,"6'7""",79.0,79.49,"6'7""",0.49,plays_at_height,79.49,"6'7""",0.49,plays_at_height
2024,Cyncier Harrison,Stetson,77209,6-0,"6'0""",72.0,74.24,"6'2""",2.24,plays_taller,74.24,"6'2""",2.24,plays_taller
2024,Sam Alexis,Chattanooga,77216,6-9,"6'9""",81.0,83.45,"6'11""",2.45,plays_taller,83.45,"6'11""",2.45,plays_taller
2024,Sean Moore,Fairleigh Dickinson,77218,6-5,"6'5""",77.0,78.54,"6'7""",1.54,plays_taller,78.54,"6'7""",1.54,plays_taller
2024,Tre Holloman,Michigan St.,77223,6-2,"6'2""",74.0,76.61,"6'5""",2.61,plays_taller,76.61,"6'5""",2.61,plays_taller
2024,Jaxon Kohler,Michigan St.,77224,6-9,"6'9""",81.0,78.91,"6'7""",-2.09,plays_shorter,78.91,"6'7""",-2.09,plays_shorter
2024,Carson Cooper,Michigan St.,77226,6-11,"6'11""",83.0,81.95,"6'10""",-1.05,plays_shorter,81.95,"6'10""",-1.05,plays_shorter
2024,Solomon Washington,Texas A&M,77227,6-7,"6'7""",79.0,81.16,"6'9""",2.16,plays_taller,81.16,"6'9""",2.16,plays_taller
2024,Jordan Williams,Vanderbilt,77228,6-2,"6'2""",74.0,75.44,"6'3""",1.44,plays_taller,75.44,"6'3""",1.44,plays_taller
2024,Tyrese Proctor,Duke,77231,6-5,"6'5""",77.0,76.15,"6'4""",-0.85,plays_shorter,76.15,"6'4""",-0.85,plays_shorter
2024,Justin Abson,Appalachian St.,77232,6-9,"6'9""",81.0,83.75,"7'0""",2.75,plays_taller,83.75,"7'0""",2.75,plays_taller
2024,Elijah Perkins,Saint Peter's,77234,6-4,"6'4""",76.0,74.96,"6'3""",-1.04,plays_shorter,74.96,"6'3""",-1.04,plays_shorter
2024,Elijah Fisher,DePaul,77239,6-6,"6'6""",78.0,77.36,"6'5""",-0.64,plays_at_height,77.36,"6'5""",-0.64,plays_at_height
2024,Nic Nobili,Boston University,77240,6-10,"6'10""",82.0,78.32,"6'6""",-3.68,plays_shorter,78.32,"6'6""",-3.68,plays_shorter
2024,Jackson Paveletzke,Iowa St.,77241,6-2,"6'2""",74.0,75.01,"6'3""",1.01,plays_taller,75.01,"6'3""",1.01,plays_taller
2024,Ben Roy,Boston University,77242,6-0,"6'0""",72.0,74.64,"6'3""",2.64,plays_taller,74.64,"6'3""",2.64,plays_taller
2024,Robert Jennings,Texas Tech,77243,6-7,"6'7""",79.0,80.12,"6'8""",1.12,plays_taller,80.12,"6'8""",1.12,plays_taller
2024,Pop Isaacs,Texas Tech,77244,6-2,"6'2""",74.0,74.98,"6'3""",0.98,plays_taller,74.98,"6'3""",0.98,plays_taller
2024,Otto Landrum,Boston University,77248,6-9,"6'9""",81.0,79.92,"6'8""",-1.08,plays_shorter,79.92,"6'8""",-1.08,plays_shorter
2024,Chandler Baker,Colgate,77249,6-5,"6'5""",77.0,74.62,"6'3""",-2.38,plays_shorter,74.62,"6'3""",-2.38,plays_shorter
2024,Justin Morgan,Murray St.,77252,6-6,"6'6""",78.0,76.55,"6'5""",-1.45,plays_shorter,76.55,"6'5""",-1.45,plays_shorter
2024,Noah Shelby,Rice,77255,6-3,"6'3""",75.0,74.21,"6'2""",-0.79,plays_shorter,74.21,"6'2""",-0.79,plays_shorter
2024,Paul Lewis,Vanderbilt,77256,6-2,"6'2""",74.0,74.26,"6'2""",0.26,plays_at_height,74.26,"6'2""",0.26,plays_at_height
2024,Keba Keita,Utah,77257,6-8,"6'8""",80.0,83.58,"7'0""",3.58,plays_taller,83.58,"7'0""",3.58,plays_taller
2024,Mason Falslev,Utah St.,77259,6-3,"6'3""",75.0,77.76,"6'6""",2.76,plays_taller,77.76,"6'6""",2.76,plays_taller
2024,Ethan Potter,Utah Valley,77260,6-8,"6'8""",80.0,79.76,"6'8""",-0.24,plays_at_height,79.76,"6'8""",-0.24,plays_at_height
2024,Julian Brown,Wagner,77267,6-1,"6'1""",73.0,74.22,"6'2""",1.22,plays_taller,74.22,"6'2""",1.22,plays_taller
2024,Kentrell Pullian,Milwaukee,77270,6-0,"6'0""",72.0,76.54,"6'5""",4.54,plays_taller,76.54,"6'5""",4.54,plays_taller
2024,Max Jones,Cal St. Fullerton,77272,6-4,"6'4""",76.0,75.29,"6'3""",-0.71,plays_at_height,75.29,"6'3""",-0.71,plays_at_height
2024,Malik Moore,Pepperdine,77276,6-5,"6'5""",77.0,74.94,"6'3""",-2.06,plays_shorter,74.94,"6'3""",-2.06,plays_shorter
2024,Josh Ojianwuna,Baylor,77280,6-10,"6'10""",82.0,80.38,"6'8""",-1.62,plays_shorter,80.38,"6'8""",-1.62,plays_shorter
2024,Rowan Brumbaugh,Georgetown,77283,6-4,"6'4""",76.0,75.08,"6'3""",-0.92,plays_shorter,75.08,"6'3""",-0.92,plays_shorter
2024,Yoro Diallo,Winthrop,77284,6-8,"6'8""",80.0,77.94,"6'6""",-2.06,plays_shorter,77.94,"6'6""",-2.06,plays_shorter
2024,Jalen Pitre,Pepperdine,77288,6-8,"6'8""",80.0,78.84,"6'7""",-1.16,plays_shorter,78.84,"6'7""",-1.16,plays_shorter
2024,Evan Mahaffey,Ohio St.,77289,6-6,"6'6""",78.0,79.09,"6'7""",1.09,plays_taller,79.09,"6'7""",1.09,plays_taller
2024,Terrance Arceneaux,Houston,77292,6-6,"6'6""",78.0,80.47,"6'8""",2.47,plays_taller,80.47,"6'8""",2.47,plays_taller
2024,BJ Freeman,Milwaukee,77295,6-6,"6'6""",78.0,77.54,"6'6""",-0.46,plays_at_height,77.54,"6'6""",-0.46,plays_at_height
2024,Jonathan Mogbo,San Francisco,77296,6-9,"6'9""",81.0,86.13,"7'2""",5.13,plays_taller,86.13,"7'2""",5.13,plays_taller
2024,Jaxon Nap,Montana,77298,6-7,"6'7""",79.0,76.67,"6'5""",-2.33,plays_shorter,76.67,"6'5""",-2.33,plays_shorter
2024,Isaac Traudt,Creighton,77299,6-10,"6'10""",82.0,76.25,"6'4""",-5.75,plays_shorter,76.25,"6'4""",-5.75,plays_shorter
2024,Isaac McKneely,Virginia,77300,6-4,"6'4""",76.0,74.48,"6'2""",-1.52,plays_shorter,74.48,"6'2""",-1.52,plays_shorter
2024,Leon Bond III,Virginia,77302,6-5,"6'5""",77.0,79.23,"6'7""",2.23,plays_taller,79.23,"6'7""",2.23,plays_taller
2024,Adrame Diongue,San Jose St.,77303,7-0,"7'0""",84.0,82.95,"6'11""",-1.05,plays_shorter,82.95,"6'11""",-1.05,plays_shorter
2024,Cooper Dewitt,IU Indy,77310,6-6,"6'6""",78.0,73.53,"6'2""",-4.47,plays_shorter,73.53,"6'2""",-4.47,plays_shorter
2024,John Ukomadu,Eastern Kentucky,77314,6-7,"6'7""",79.0,80.56,"6'9""",1.56,plays_taller,80.56,"6'9""",1.56,plays_taller
2024,John Egbuta,IU Indy,77315,6-6,"6'6""",78.0,77.12,"6'5""",-0.88,plays_shorter,77.12,"6'5""",-0.88,plays_shorter
2024,Jlynn Counter,IU Indy,77316,6-3,"6'3""",75.0,75.92,"6'4""",0.92,plays_taller,75.92,"6'4""",0.92,plays_taller
2024,Omar Harris,Campbell,77318,6-3,"6'3""",75.0,74.48,"6'2""",-0.52,plays_at_height,74.48,"6'2""",-0.52,plays_at_height
2024,Elijah Walsh,Campbell,77322,6-5,"6'5""",77.0,77.76,"6'6""",0.76,plays_taller,77.76,"6'6""",0.76,plays_taller
2024,Masai Troutman,Northeastern,77323,6-6,"6'6""",78.0,78.28,"6'6""",0.28,plays_at_height,78.28,"6'6""",0.28,plays_at_height
2024,Anthony McComb III,Bowling Green,77326,6-3,"6'3""",75.0,75.55,"6'4""",0.55,plays_at_height,75.55,"6'4""",0.55,plays_at_height
2024,Desmond Claude,Xavier,77328,6-6,"6'6""",78.0,77.05,"6'5""",-0.95,plays_shorter,77.05,"6'5""",-0.95,plays_shorter
2024,John Lovelace Jr.,Youngstown St.,77329,6-7,"6'7""",79.0,77.26,"6'5""",-1.74,plays_shorter,77.26,"6'5""",-1.74,plays_shorter
2024,Alexander Lesburt Jr.,Brown,77331,6-5,"6'5""",77.0,76.73,"6'5""",-0.27,plays_at_height,76.73,"6'5""",-0.27,plays_at_height
2024,Braeden Carrington,Minnesota,77335,6-4,"6'4""",76.0,77.44,"6'5""",1.44,plays_taller,77.44,"6'5""",1.44,plays_taller
2024,Damien Mayo Jr.,Missouri St.,77337,6-3,"6'3""",75.0,76.88,"6'5""",1.88,plays_taller,76.88,"6'5""",1.88,plays_taller
2024,N.J. Benson,Missouri St.,77339,6-8,"6'8""",80.0,84.43,"7'0""",4.43,plays_taller,84.43,"7'0""",4.43,plays_taller
2024,Kyran Ratliff,Louisiana,77342,6-8,"6'8""",80.0,78.62,"6'7""",-1.38,plays_shorter,78.62,"6'7""",-1.38,plays_shorter
2024,Christian Watson,Miami FL,77343,6-7,"6'7""",79.0,75.16,"6'3""",-3.84,plays_shorter,75.16,"6'3""",-3.84,plays_shorter
2024,AJ Casey,Miami FL,77344,6-9,"6'9""",81.0,78.44,"6'6""",-2.56,plays_shorter,78.44,"6'6""",-2.56,plays_shorter
2024,TJ Grant,Mercer,77345,6-5,"6'5""",77.0,78.55,"6'7""",1.55,plays_taller,78.55,"6'7""",1.55,plays_taller
2024,David Craig,Tennessee Tech,77348,7-2,"7'2""",86.0,78.16,"6'6""",-7.84,plays_shorter,78.16,"6'6""",-7.84,plays_shorter
2024,Danilo Jovanovich,Louisville,77349,6-8,"6'8""",80.0,75.77,"6'4""",-4.23,plays_shorter,75.77,"6'4""",-4.23,plays_shorter
2024,Clarence Daniels,New Hampshire,77351,6-6,"6'6""",78.0,78.92,"6'7""",0.92,plays_taller,78.92,"6'7""",0.92,plays_taller
2024,Arnas Sakenis,SIU Edwardsville,77361,6-11,"6'11""",83.0,81.02,"6'9""",-1.98,plays_shorter,81.02,"6'9""",-1.98,plays_shorter
2024,Philip Alston,Loyola Chicago,77365,6-6,"6'6""",78.0,79.32,"6'7""",1.32,plays_taller,79.32,"6'7""",1.32,plays_taller
2024,DJ Richards Jr.,McNeese St.,77367,6-4,"6'4""",76.0,74.51,"6'3""",-1.49,plays_shorter,74.51,"6'3""",-1.49,plays_shorter
2024,Mike Woods,Navy,77369,6-4,"6'4""",76.0,78.45,"6'6""",2.45,plays_taller,78.45,"6'6""",2.45,plays_taller
2024,Derrin Boyd,Lipscomb,77372,6-3,"6'3""",75.0,75.91,"6'4""",0.91,plays_taller,75.91,"6'4""",0.91,plays_taller
2024,Justin Williams,Tennessee St.,77373,6-3,"6'3""",75.0,75.39,"6'3""",0.39,plays_at_height,75.39,"6'3""",0.39,plays_at_height
2024,Jed Miller,Montana St.,77378,6-2,"6'2""",74.0,75.86,"6'4""",1.86,plays_taller,75.86,"6'4""",1.86,plays_taller
2024,Rob Lawson,Morgan St.,77379,6-0,"6'0""",72.0,74.47,"6'2""",2.47,plays_taller,74.47,"6'2""",2.47,plays_taller
2024,Denim Dawson,Tennessee St.,77384,6-6,"6'6""",78.0,74.62,"6'3""",-3.38,plays_shorter,74.62,"6'3""",-3.38,plays_shorter
2024,Joshua Jefferson,Saint Mary's,77391,6-8,"6'8""",80.0,79.81,"6'8""",-0.19,plays_at_height,79.81,"6'8""",-0.19,plays_at_height
2024,Aidan Mahaney,Saint Mary's,77393,6-3,"6'3""",75.0,75.7,"6'4""",0.7,plays_at_height,75.7,"6'4""",0.7,plays_at_height
2024,Adou Thiero,Kentucky,77394,6-8,"6'8""",80.0,80.39,"6'8""",0.39,plays_at_height,80.39,"6'8""",0.39,plays_at_height
2024,Donovan Oday,Cal St. Fullerton,77404,6-2,"6'2""",74.0,76.33,"6'4""",2.33,plays_taller,76.33,"6'4""",2.33,plays_taller
2024,Tommie Williams,Lindenwood,77410,6-4,"6'4""",76.0,75.55,"6'4""",-0.45,plays_at_height,75.55,"6'4""",-0.45,plays_at_height
2024,Keon Thompson,Massachusetts,77411,6-0,"6'0""",72.0,77.57,"6'6""",5.57,plays_taller,77.57,"6'6""",5.57,plays_taller
2024,RJ Luis,St. John's,77412,6-7,"6'7""",79.0,78.35,"6'6""",-0.65,plays_at_height,78.35,"6'6""",-0.65,plays_at_height
2024,Dion Brown,UMBC,77414,6-3,"6'3""",75.0,78.31,"6'6""",3.31,plays_taller,78.31,"6'6""",3.31,plays_taller
2024,Ernest Minton,Mississippi Valley St.,77415,6-6,"6'6""",78.0,75.15,"6'3""",-2.85,plays_shorter,75.15,"6'3""",-2.85,plays_shorter
2024,Trevan Leonhardt,Utah Valley,77420,6-4,"6'4""",76.0,77.95,"6'6""",1.95,plays_taller,77.95,"6'6""",1.95,plays_taller
2024,Juan Sebastian Gorosito,Portland,77421,6-0,"6'0""",72.0,73.9,"6'2""",1.9,plays_taller,73.9,"6'2""",1.9,plays_taller
2024,Kamari Lands,Arizona St.,77422,6-8,"6'8""",80.0,76.23,"6'4""",-3.77,plays_shorter,76.23,"6'4""",-3.77,plays_shorter
2024,Tae Davis,Notre Dame,77424,6-9,"6'9""",81.0,79.26,"6'7""",-1.74,plays_shorter,79.26,"6'7""",-1.74,plays_shorter
2024,Jaquan Sanders,Seton Hall,77427,6-4,"6'4""",76.0,75.48,"6'3""",-0.52,plays_at_height,75.48,"6'3""",-0.52,plays_at_height
2024,Devin Ree,Louisiana Tech,77428,6-8,"6'8""",80.0,75.98,"6'4""",-4.02,plays_shorter,75.98,"6'4""",-4.02,plays_shorter
2024,Moe Odum,Pacific,77430,6-1,"6'1""",73.0,74.65,"6'3""",1.65,plays_taller,74.65,"6'3""",1.65,plays_taller
2024,Luke Hunger,Northwestern,77432,6-10,"6'10""",82.0,77.52,"6'6""",-4.48,plays_shorter,77.52,"6'6""",-4.48,plays_shorter
2024,Guillermo Diaz Graham,Pittsburgh,77434,7-0,"7'0""",84.0,80.51,"6'9""",-3.49,plays_shorter,80.51,"6'9""",-3.49,plays_shorter
2024,Sean Jones,Marquette,77435,5-10,"5'10""",70.0,76.08,"6'4""",6.08,plays_taller,76.08,"6'4""",6.08,plays_taller
2024,Leland Walker,Eastern Kentucky,77436,6-1,"6'1""",73.0,75.8,"6'4""",2.8,plays_taller,75.8,"6'4""",2.8,plays_taller
2024,Tayshawn Comer,Eastern Kentucky,77437,6-1,"6'1""",73.0,74.43,"6'2""",1.43,plays_taller,74.43,"6'2""",1.43,plays_taller
2024,Chase Ross,Marquette,77442,6-5,"6'5""",77.0,78.2,"6'6""",1.2,plays_taller,78.2,"6'6""",1.2,plays_taller
2024,Jerome Brewer Jr.,East Texas A&M,77444,6-9,"6'9""",81.0,78.28,"6'6""",-2.72,plays_shorter,78.28,"6'6""",-2.72,plays_shorter
2024,Alonzo Dodd,East Texas A&M,77445,6-1,"6'1""",73.0,75.42,"6'3""",2.42,plays_taller,75.42,"6'3""",2.42,plays_taller
2024,Tobe Awaka,Tennessee,77448,6-8,"6'8""",80.0,82.27,"6'10""",2.27,plays_taller,82.27,"6'10""",2.27,plays_taller
2024,Tommie Lewis,East Texas A&M,77453,6-2,"6'2""",74.0,77.32,"6'5""",3.32,plays_taller,77.32,"6'5""",3.32,plays_taller
2024,Jaden Grant,FIU,77457,5-11,"5'11""",71.0,75.47,"6'3""",4.47,plays_taller,75.47,"6'3""",4.47,plays_taller
2024,Jayden Williams,Dartmouth,77460,6-6,"6'6""",78.0,76.51,"6'5""",-1.49,plays_shorter,76.51,"6'5""",-1.49,plays_shorter
2024,Brandon Mitchell-Day,Dartmouth,77461,6-8,"6'8""",80.0,79.59,"6'8""",-0.41,plays_at_height,79.59,"6'8""",-0.41,plays_at_height
2024,Jackson Munro,Dartmouth,77463,6-8,"6'8""",80.0,77.41,"6'5""",-2.59,plays_shorter,77.41,"6'5""",-2.59,plays_shorter
2024,Cyril Martynov,Eastern Michigan,77467,7-0,"7'0""",84.0,78.1,"6'6""",-5.9,plays_shorter,78.1,"6'6""",-5.9,plays_shorter
2024,Kanye Clary,Penn St.,77468,5-11,"5'11""",71.0,75.25,"6'3""",4.25,plays_taller,75.25,"6'3""",4.25,plays_taller
2024,Kebba Njie,Notre Dame,77469,6-10,"6'10""",82.0,79.21,"6'7""",-2.79,plays_shorter,79.21,"6'7""",-2.79,plays_shorter
2024,Mor Seck,Hawaii,77470,7-1,"7'1""",85.0,82.12,"6'10""",-2.88,plays_shorter,82.12,"6'10""",-2.88,plays_shorter
2024,Avery Brown,Columbia,77471,6-4,"6'4""",76.0,76.1,"6'4""",0.1,plays_at_height,76.1,"6'4""",0.1,plays_at_height
2024,Blair Thompson,Columbia,77472,6-7,"6'7""",79.0,78.54,"6'7""",-0.46,plays_at_height,78.54,"6'7""",-0.46,plays_at_height
2024,Kyrese Mullen,Hampton,77474,6-7,"6'7""",79.0,78.26,"6'6""",-0.74,plays_at_height,78.26,"6'6""",-0.74,plays_at_height
2024,Demetrius Lilley,Penn St.,77478,6-10,"6'10""",82.0,80.08,"6'8""",-1.92,plays_shorter,80.08,"6'8""",-1.92,plays_shorter
2024,Kimani Hamilton,High Point,77479,6-7,"6'7""",79.0,80.11,"6'8""",1.11,plays_taller,80.11,"6'8""",1.11,plays_taller
2024,Adem Bona,UCLA,77481,6-10,"6'10""",82.0,83.95,"7'0""",1.95,plays_taller,83.95,"7'0""",1.95,plays_taller
2024,Tarris Reed Jr.,Michigan,77482,6-10,"6'10""",82.0,81.45,"6'9""",-0.55,plays_at_height,81.45,"6'9""",-0.55,plays_at_height
2024,Dylan Andrews,UCLA,77484,6-2,"6'2""",74.0,73.95,"6'2""",-0.05,plays_at_height,73.95,"6'2""",-0.05,plays_at_height
2024,Jameel Brown,Penn St.,77489,6-4,"6'4""",76.0,74.4,"6'2""",-1.6,plays_shorter,74.4,"6'2""",-1.6,plays_shorter
2024,Shawn Phillips Jr.,Arizona St.,77491,7-0,"7'0""",84.0,82.25,"6'10""",-1.75,plays_shorter,82.25,"6'10""",-1.75,plays_shorter
2024,Jaden Clayton,Maine,77495,6-4,"6'4""",76.0,75.18,"6'3""",-0.82,plays_shorter,75.18,"6'3""",-0.82,plays_shorter
2024,Braden Ilic,East Tennessee St.,77497,6-9,"6'9""",81.0,77.72,"6'6""",-3.28,plays_shorter,77.72,"6'6""",-3.28,plays_shorter
2024,Miles Byrd,San Diego St.,77500,6-7,"6'7""",79.0,78.82,"6'7""",-0.18,plays_at_height,78.82,"6'7""",-0.18,plays_at_height
2024,Elijah Saunders,San Diego St.,77501,6-8,"6'8""",80.0,78.13,"6'6""",-1.87,plays_shorter,78.13,"6'6""",-1.87,plays_shorter
2024,Toby Onyekonwu,Stony Brook,77502,6-0,"6'0""",72.0,74.82,"6'3""",2.82,plays_taller,74.82,"6'3""",2.82,plays_taller
2024,Jared Frey,Stony Brook,77506,6-4,"6'4""",76.0,74.71,"6'3""",-1.29,plays_shorter,74.71,"6'3""",-1.29,plays_shorter
2024,Garrett Anderson,San Jose St.,77507,6-5,"6'5""",77.0,76.2,"6'4""",-0.8,plays_shorter,76.2,"6'4""",-0.8,plays_shorter
2024,Max Allen II,Marist,77508,6-9,"6'9""",81.0,78.04,"6'6""",-2.96,plays_shorter,78.04,"6'6""",-2.96,plays_shorter
2024,Brody Rowbury,Southeastern Louisiana,77510,6-11,"6'11""",83.0,78.82,"6'7""",-4.18,plays_shorter,78.82,"6'7""",-4.18,plays_shorter
2024,Jamarques Lawrence,Nebraska,77511,6-3,"6'3""",75.0,76.28,"6'4""",1.28,plays_taller,76.28,"6'4""",1.28,plays_taller
2024,Jordyn Surratt,USC Upstate,77514,6-7,"6'7""",79.0,77.48,"6'5""",-1.52,plays_shorter,77.48,"6'5""",-1.52,plays_shorter
2024,Justin Bailey,USC Upstate,77515,6-3,"6'3""",75.0,76.51,"6'5""",1.51,plays_taller,76.51,"6'5""",1.51,plays_taller
2024,Sam Murray II,Murray St.,77516,6-9,"6'9""",81.0,79.2,"6'7""",-1.8,plays_shorter,79.2,"6'7""",-1.8,plays_shorter
2024,Jaylen Bates,Youngstown St.,77517,6-7,"6'7""",79.0,77.53,"6'6""",-1.47,plays_shorter,77.53,"6'6""",-1.47,plays_shorter
2024,Kaiyem Cleary,Le Moyne,77519,6-6,"6'6""",78.0,79.34,"6'7""",1.34,plays_taller,79.34,"6'7""",1.34,plays_taller
2024,Benjamin Bayela,East Carolina,77520,6-6,"6'6""",78.0,75.93,"6'4""",-2.07,plays_shorter,75.93,"6'4""",-2.07,plays_shorter
2024,Braxton Stacker,Southeast Missouri St.,77521,6-5,"6'5""",77.0,78.18,"6'6""",1.18,plays_taller,78.18,"6'6""",1.18,plays_taller
2024,Jaxon Edwards,Valparaiso,77524,6-5,"6'5""",77.0,78.98,"6'7""",1.98,plays_taller,78.98,"6'7""",1.98,plays_taller
2024,Cheickna Sissoko,Gardner Webb,77525,6-9,"6'9""",81.0,79.3,"6'7""",-1.7,plays_shorter,79.3,"6'7""",-1.7,plays_shorter
2024,Dominic Ham,Milwaukee,77527,6-5,"6'5""",77.0,76.8,"6'5""",-0.2,plays_at_height,76.8,"6'5""",-0.2,plays_at_height
2024,Mohamed Diarra,N.C. State,77530,6-10,"6'10""",82.0,82.22,"6'10""",0.22,plays_at_height,82.22,"6'10""",0.22,plays_at_height
2024,Will Richardson,Fordham,77533,6-3,"6'3""",75.0,75.58,"6'4""",0.58,plays_at_height,75.58,"6'4""",0.58,plays_at_height
2024,Jamal Ambrose,Nebraska Omaha,77536,6-10,"6'10""",82.0,75.49,"6'3""",-6.51,plays_shorter,75.49,"6'3""",-6.51,plays_shorter
2024,DJ Nix,Cornell,77540,6-6,"6'6""",78.0,75.97,"6'4""",-2.03,plays_shorter,75.97,"6'4""",-2.03,plays_shorter
2024,Johannes Kirsipuu,Central Arkansas,77541,6-2,"6'2""",74.0,74.75,"6'3""",0.75,plays_taller,74.75,"6'3""",0.75,plays_taller
2024,Carl Daughtery Jr.,Central Arkansas,77543,6-3,"6'3""",75.0,74.85,"6'3""",-0.15,plays_at_height,74.85,"6'3""",-0.15,plays_at_height
2024,Anthony Dell'Orso,Campbell,77545,6-6,"6'6""",78.0,77.79,"6'6""",-0.21,plays_at_height,77.79,"6'6""",-0.21,plays_at_height
2024,Tony Osburn,Nebraska Omaha,77547,6-1,"6'1""",73.0,74.92,"6'3""",1.92,plays_taller,74.92,"6'3""",1.92,plays_taller
2024,Reggie Bass,Kent St.,77549,6-3,"6'3""",75.0,75.19,"6'3""",0.19,plays_at_height,75.19,"6'3""",0.19,plays_at_height
2024,Larry Hughes II,Saint Louis,77551,6-4,"6'4""",76.0,75.54,"6'4""",-0.46,plays_at_height,75.54,"6'4""",-0.46,plays_at_height
2024,Hantz Louis-Jeune,Florida A&M,77553,6-6,"6'6""",78.0,77.31,"6'5""",-0.69,plays_at_height,77.31,"6'5""",-0.69,plays_at_height
2024,Jalen Bolden,Louisiana Monroe,77555,6-4,"6'4""",76.0,78.3,"6'6""",2.3,plays_taller,78.3,"6'6""",2.3,plays_taller
2024,JJ Kalakon,Western Illinois,77557,6-5,"6'5""",77.0,77.41,"6'5""",0.41,plays_at_height,77.41,"6'5""",0.41,plays_at_height
2024,Pierce Bazil,Houston Christian,77560,6-3,"6'3""",75.0,74.93,"6'3""",-0.07,plays_at_height,74.93,"6'3""",-0.07,plays_at_height
2024,Chigozie Achara,Houston Christian,77561,6-8,"6'8""",80.0,77.1,"6'5""",-2.9,plays_shorter,77.1,"6'5""",-2.9,plays_shorter
2024,Garry Clark,Texas A&M Corpus Chris,77562,6-8,"6'8""",80.0,79.96,"6'8""",-0.04,plays_at_height,79.96,"6'8""",-0.04,plays_at_height
2024,Jakorie Smith,Tarleton St.,77564,6-6,"6'6""",78.0,77.07,"6'5""",-0.93,plays_shorter,77.07,"6'5""",-0.93,plays_shorter
2024,Lue Williams,Tarleton St.,77566,6-5,"6'5""",77.0,76.9,"6'5""",-0.1,plays_at_height,76.9,"6'5""",-0.1,plays_at_height
2024,Harvin Ibarguen,Northern Illinois,77570,6-9,"6'9""",81.0,79.4,"6'7""",-1.6,plays_shorter,79.4,"6'7""",-1.6,plays_shorter
2024,Steven Jamerson II,San Diego,77571,6-10,"6'10""",82.0,81.62,"6'10""",-0.38,plays_at_height,81.62,"6'10""",-0.38,plays_at_height
2024,Toto Fagbenle,Coppin St.,77573,6-9,"6'9""",81.0,80.11,"6'8""",-0.89,plays_shorter,80.11,"6'8""",-0.89,plays_shorter
2024,Jordan Simpson,South Carolina St.,77574,6-5,"6'5""",77.0,76.48,"6'4""",-0.52,plays_at_height,76.48,"6'4""",-0.52,plays_at_height
2024,Nate Hudson,Houston Christian,77581,6-6,"6'6""",78.0,80.41,"6'8""",2.41,plays_taller,80.41,"6'8""",2.41,plays_taller
2024,Rodrique Massenat,Alcorn St.,77586,6-6,"6'6""",78.0,77.62,"6'6""",-0.38,plays_at_height,77.62,"6'6""",-0.38,plays_at_height
2024,Lance-Amir Paul,Texas A&M Corpus Chris,77588,6-0,"6'0""",72.0,76.2,"6'4""",4.2,plays_taller,76.2,"6'4""",4.2,plays_taller
2024,Caleb Stearman,Utah Tech,77592,6-7,"6'7""",79.0,79.44,"6'7""",0.44,plays_at_height,79.44,"6'7""",0.44,plays_at_height
2024,Corey Washington,Saint Peter's,77594,6-6,"6'6""",78.0,79.31,"6'7""",1.31,plays_taller,79.31,"6'7""",1.31,plays_taller
2024,Marcell McCreary,Northern Colorado,77606,6-4,"6'4""",76.0,75.86,"6'4""",-0.14,plays_at_height,75.86,"6'4""",-0.14,plays_at_height
2024,Thierno Sylla,UCF,77617,6-11,"6'11""",83.0,79.42,"6'7""",-3.58,plays_shorter,79.42,"6'7""",-3.58,plays_shorter
2024,Chris Craig,Texas Southern,77619,6-4,"6'4""",76.0,78.37,"6'6""",2.37,plays_taller,78.37,"6'6""",2.37,plays_taller
2024,Rytis Petraitis,Air Force,77622,6-7,"6'7""",79.0,79.58,"6'8""",0.58,plays_at_height,79.58,"6'8""",0.58,plays_at_height
2024,Corbin Green,Air Force,77623,6-5,"6'5""",77.0,81.94,"6'10""",4.94,plays_taller,81.94,"6'10""",4.94,plays_taller
2024,Kellan Boylan,Air Force,77624,6-7,"6'7""",79.0,78.48,"6'6""",-0.52,plays_at_height,78.48,"6'6""",-0.52,plays_at_height
2024,Zytarious Mortle,Texas Southern,77629,6-2,"6'2""",74.0,78.19,"6'6""",4.19,plays_taller,78.19,"6'6""",4.19,plays_taller
2024,Lesown Hallums Jr.,Pacific,77630,6-2,"6'2""",74.0,75.65,"6'4""",1.65,plays_taller,75.65,"6'4""",1.65,plays_taller
2024,Shaman Alston,South Carolina St.,77632,6-4,"6'4""",76.0,74.63,"6'3""",-1.37,plays_shorter,74.63,"6'3""",-1.37,plays_shorter
2024,Justin Wilson,Northwestern St.,77633,6-9,"6'9""",81.0,81.61,"6'10""",0.61,plays_at_height,81.61,"6'10""",0.61,plays_at_height
2024,Roy Clarke,Saint Peter's,77634,6-4,"6'4""",76.0,76.57,"6'5""",0.57,plays_at_height,76.57,"6'5""",0.57,plays_at_height
2024,AK Okereke,Cornell,77640,6-7,"6'7""",79.0,77.63,"6'6""",-1.37,plays_shorter,77.63,"6'6""",-1.37,plays_shorter
2024,Ahmet Jonovic,Bradley,77661,7-1,"7'1""",85.0,79.81,"6'8""",-5.19,plays_shorter,79.81,"6'8""",-5.19,plays_shorter
2024,Janko Bulajic,Lamar,77665,6-10,"6'10""",82.0,79.19,"6'7""",-2.81,plays_shorter,79.19,"6'7""",-2.81,plays_shorter
2024,Ahmed Essahaty,LIU,77667,6-3,"6'3""",75.0,74.59,"6'3""",-0.41,plays_at_height,74.59,"6'3""",-0.41,plays_at_height
2024,Mady Traore,Maryland,77671,6-11,"6'11""",83.0,76.96,"6'5""",-6.04,plays_shorter,76.96,"6'5""",-6.04,plays_shorter
2024,Samage Teel,Presbyterian,77676,6-2,"6'2""",74.0,74.72,"6'3""",0.72,plays_at_height,74.72,"6'3""",0.72,plays_at_height
2024,Simeon Wilcher,St. John's,77677,6-4,"6'4""",76.0,76.16,"6'4""",0.16,plays_at_height,76.16,"6'4""",0.16,plays_at_height
2024,Kanaan Carlyle,Stanford,77679,6-3,"6'3""",75.0,75.58,"6'4""",0.58,plays_at_height,75.58,"6'4""",0.58,plays_at_height
2024,Dylan Canoville,Southeastern Louisiana,77680,6-5,"6'5""",77.0,80.58,"6'9""",3.58,plays_taller,80.58,"6'9""",3.58,plays_taller
2024,Malang Athian,Maryland Eastern Shore,77689,6-7,"6'7""",79.0,75.01,"6'3""",-3.99,plays_shorter,75.01,"6'3""",-3.99,plays_shorter
2024,Damani Claxton,Maryland Eastern Shore,77690,6-0,"6'0""",72.0,75.48,"6'3""",3.48,plays_taller,75.48,"6'3""",3.48,plays_taller
2024,Wesley Robinson,Manhattan,77691,6-7,"6'7""",79.0,79.27,"6'7""",0.27,plays_at_height,79.27,"6'7""",0.27,plays_at_height
2024,Shaquil Bender,Manhattan,77692,6-2,"6'2""",74.0,75.65,"6'4""",1.65,plays_taller,75.65,"6'4""",1.65,plays_taller
2024,Sean Newman Jr.,Louisiana Tech,77695,6-1,"6'1""",73.0,75.03,"6'3""",2.03,plays_taller,75.03,"6'3""",2.03,plays_taller
2024,Blake Butler,Louisiana,77696,6-5,"6'5""",77.0,76.47,"6'4""",-0.53,plays_at_height,76.47,"6'4""",-0.53,plays_at_height
2024,Terri Miller Jr.,Louisiana Tech,77697,6-8,"6'8""",80.0,77.88,"6'6""",-2.12,plays_shorter,77.88,"6'6""",-2.12,plays_shorter
2024,Jaylin Henderson,Louisiana Tech,77698,6-3,"6'3""",75.0,75.79,"6'4""",0.79,plays_taller,75.79,"6'4""",0.79,plays_taller
2024,Belal El Shakery,Wofford,77699,6-8,"6'8""",80.0,79.84,"6'8""",-0.16,plays_at_height,79.84,"6'8""",-0.16,plays_at_height
2024,Jeremy Lorenz,Wofford,77700,6-8,"6'8""",80.0,78.35,"6'6""",-1.65,plays_shorter,78.35,"6'6""",-1.65,plays_shorter
2024,John Blackwell,Wisconsin,77702,6-4,"6'4""",76.0,76.6,"6'5""",0.6,plays_at_height,76.6,"6'5""",0.6,plays_at_height
2024,Nolan Winter,Wisconsin,77704,6-11,"6'11""",83.0,77.85,"6'6""",-5.15,plays_shorter,77.85,"6'6""",-5.15,plays_shorter
2024,Eric Acker,LIU,77708,6-2,"6'2""",74.0,75.22,"6'3""",1.22,plays_taller,75.22,"6'3""",1.22,plays_taller
2024,Jaylen Carey,James Madison,77709,6-8,"6'8""",80.0,80.81,"6'9""",0.81,plays_taller,80.81,"6'9""",0.81,plays_taller
2024,AJ Dancler,Le Moyne,77710,6-2,"6'2""",74.0,75.17,"6'3""",1.17,plays_taller,75.17,"6'3""",1.17,plays_taller
2024,Alex Odam,Jacksonville St.,77712,6-3,"6'3""",75.0,74.48,"6'2""",-0.52,plays_at_height,74.48,"6'2""",-0.52,plays_at_height
2024,Milan Momcilovic,Iowa St.,77713,6-8,"6'8""",80.0,76.14,"6'4""",-3.86,plays_shorter,76.14,"6'4""",-3.86,plays_shorter
2024,Dani Pounds,Old Dominion,77719,6-7,"6'7""",79.0,79.85,"6'8""",0.85,plays_taller,79.85,"6'8""",0.85,plays_taller
2024,Grant Stubblefield,Nebraska Omaha,77720,6-1,"6'1""",73.0,75.35,"6'3""",2.35,plays_taller,75.35,"6'3""",2.35,plays_taller
2024,Josh Jones,Oral Roberts,77722,6-10,"6'10""",82.0,77.12,"6'5""",-4.88,plays_shorter,77.12,"6'5""",-4.88,plays_shorter
2024,Zach Bell,Jacksonville,77727,6-2,"6'2""",74.0,76.0,"6'4""",2.0,plays_taller,76.0,"6'4""",2.0,plays_taller
2024,Rodney Brown Jr.,California,77733,6-6,"6'6""",78.0,74.17,"6'2""",-3.83,plays_shorter,74.17,"6'2""",-3.83,plays_shorter
2024,Finley Bizjack,Butler,77737,6-4,"6'4""",76.0,74.85,"6'3""",-1.15,plays_shorter,74.85,"6'3""",-1.15,plays_shorter
2024,Noah Melson,Chattanooga,77738,6-6,"6'6""",78.0,75.49,"6'3""",-2.51,plays_shorter,75.49,"6'3""",-2.51,plays_shorter
2024,Bryan Ndjonga,Cal St. Northridge,77740,6-9,"6'9""",81.0,75.24,"6'3""",-5.76,plays_shorter,75.24,"6'3""",-5.76,plays_shorter
2024,Bryce Butler,Charleston,77742,6-5,"6'5""",77.0,77.22,"6'5""",0.22,plays_at_height,77.22,"6'5""",0.22,plays_at_height
2024,Christian Cook,New Mexico St.,77743,6-2,"6'2""",74.0,74.83,"6'3""",0.83,plays_taller,74.83,"6'3""",0.83,plays_taller
2024,Xzavier Lino,UMass Lowell,77747,6-6,"6'6""",78.0,74.31,"6'2""",-3.69,plays_shorter,74.31,"6'2""",-3.69,plays_shorter
2024,Isaiah Moses,UC Riverside,77752,6-1,"6'1""",73.0,74.81,"6'3""",1.81,plays_taller,74.81,"6'3""",1.81,plays_taller
2024,Andres Fulgencio,UMass Lowell,77753,6-4,"6'4""",76.0,76.44,"6'4""",0.44,plays_at_height,76.44,"6'4""",0.44,plays_at_height
2024,Jeremiah Quigley,Iona,77754,5-11,"5'11""",71.0,75.31,"6'3""",4.31,plays_taller,75.31,"6'3""",4.31,plays_taller
2024,Jean Aranguren,Iona,77755,6-3,"6'3""",75.0,77.34,"6'5""",2.34,plays_taller,77.34,"6'5""",2.34,plays_taller
2024,Gabe Cupps,Indiana,77756,6-2,"6'2""",74.0,74.42,"6'2""",0.42,plays_at_height,74.42,"6'2""",0.42,plays_at_height
2024,Mackenzie Mgbako,Indiana,77758,6-8,"6'8""",80.0,77.0,"6'5""",-3.0,plays_shorter,77.0,"6'5""",-3.0,plays_shorter
2024,Jaland Lowe,Pittsburgh,77765,6-3,"6'3""",75.0,75.99,"6'4""",0.99,plays_taller,75.99,"6'4""",0.99,plays_taller
2024,Collin Kuhl,Georgia Southern,77772,6-7,"6'7""",79.0,79.3,"6'7""",0.3,plays_at_height,79.3,"6'7""",0.3,plays_at_height
2024,Eren Banks,Georgia Southern,77775,6-4,"6'4""",76.0,74.5,"6'3""",-1.5,plays_shorter,74.5,"6'3""",-1.5,plays_shorter
2024,Ibrahima Sacko,Georgia Tech,77776,6-6,"6'6""",78.0,78.53,"6'7""",0.53,plays_at_height,78.53,"6'7""",0.53,plays_at_height
2024,Naithan George,Georgia Tech,77779,6-3,"6'3""",75.0,74.46,"6'2""",-0.54,plays_at_height,74.46,"6'2""",-0.54,plays_at_height
2024,Avantae Parker,Georgia Southern,77780,6-9,"6'9""",81.0,80.81,"6'9""",-0.19,plays_at_height,80.81,"6'9""",-0.19,plays_at_height
2024,Jaiden Thompson,Charleston Southern,77782,6-0,"6'0""",72.0,75.13,"6'3""",3.13,plays_taller,75.13,"6'3""",3.13,plays_taller
2024,Almar Atlason,Bradley,77785,6-8,"6'8""",80.0,75.48,"6'3""",-4.52,plays_shorter,75.48,"6'3""",-4.52,plays_shorter
2024,EJay Greer,Bowling Green,77787,6-8,"6'8""",80.0,73.99,"6'2""",-6.01,plays_shorter,73.99,"6'2""",-6.01,plays_shorter
2024,Demarion Burch,Bradley,77788,6-4,"6'4""",76.0,76.78,"6'5""",0.78,plays_taller,76.78,"6'5""",0.78,plays_taller
2024,Shaedon Simpson,Central Michigan,77790,6-6,"6'6""",78.0,74.97,"6'3""",-3.03,plays_shorter,74.97,"6'3""",-3.03,plays_shorter
2024,Trey Horton,UTEP,77802,6-5,"6'5""",77.0,74.73,"6'3""",-2.27,plays_shorter,74.73,"6'3""",-2.27,plays_shorter
2024,David Terrell Jr.,UTEP,77803,6-4,"6'4""",76.0,75.49,"6'3""",-0.51,plays_at_height,75.49,"6'3""",-0.51,plays_at_height
2024,Marqueas Bell,Southeast Missouri St.,77809,6-3,"6'3""",75.0,77.41,"6'5""",2.41,plays_taller,77.41,"6'5""",2.41,plays_taller
2024,Dontae Horne,Texas St.,77810,6-4,"6'4""",76.0,76.07,"6'4""",0.07,plays_at_height,76.07,"6'4""",0.07,plays_at_height
2024,William Humer,San Jose St.,77811,6-10,"6'10""",82.0,77.07,"6'5""",-4.93,plays_shorter,77.07,"6'5""",-4.93,plays_shorter
2024,Isiah Gaiter,South Alabama,77812,6-3,"6'3""",75.0,75.21,"6'3""",0.21,plays_at_height,75.21,"6'3""",0.21,plays_at_height
2024,Kwo Agwa,East Texas A&M,77815,6-6,"6'6""",78.0,79.69,"6'8""",1.69,plays_taller,79.69,"6'8""",1.69,plays_taller
2024,Hayden Gray,UC San Diego,77816,6-4,"6'4""",76.0,76.75,"6'5""",0.75,plays_taller,76.75,"6'5""",0.75,plays_taller
2024,Bryce Bultman,Miami OH,77817,6-5,"6'5""",77.0,76.12,"6'4""",-0.88,plays_shorter,76.12,"6'4""",-0.88,plays_shorter
2024,Terrence Brown,Fairleigh Dickinson,77821,6-3,"6'3""",75.0,76.59,"6'5""",1.59,plays_taller,76.59,"6'5""",1.59,plays_taller
2024,Chuck Bailey III,Evansville,77823,6-5,"6'5""",77.0,76.26,"6'4""",-0.74,plays_at_height,76.26,"6'4""",-0.74,plays_at_height
2024,Joshua Hughes,Evansville,77826,6-10,"6'10""",82.0,79.73,"6'8""",-2.27,plays_shorter,79.73,"6'8""",-2.27,plays_shorter
2024,Bryce Cash,Queens,77828,6-5,"6'5""",77.0,77.41,"6'5""",0.41,plays_at_height,77.41,"6'5""",0.41,plays_at_height
2024,Corey Hadnot II,Purdue Fort Wayne,77833,6-3,"6'3""",75.0,75.97,"6'4""",0.97,plays_taller,75.97,"6'4""",0.97,plays_taller
2024,Myles Colvin,Purdue,77834,6-5,"6'5""",77.0,76.62,"6'5""",-0.38,plays_at_height,76.62,"6'5""",-0.38,plays_at_height
2024,Marcus Hill,Bowling Green,77837,6-4,"6'4""",76.0,77.23,"6'5""",1.23,plays_taller,77.23,"6'5""",1.23,plays_taller
2024,Quentin Bolton Jr.,Charleston Southern,77838,6-6,"6'6""",78.0,76.81,"6'5""",-1.19,plays_shorter,76.81,"6'5""",-1.19,plays_shorter
2024,Pip Ajayi,Bucknell,77839,6-7,"6'7""",79.0,83.16,"6'11""",4.16,plays_taller,83.16,"6'11""",4.16,plays_taller
2024,Keonte Jones,Cal St. Northridge,77842,6-6,"6'6""",78.0,81.07,"6'9""",3.07,plays_taller,81.07,"6'9""",3.07,plays_taller
2024,Mahmoud Fofana,Cal St. Northridge,77843,6-6,"6'6""",78.0,79.2,"6'7""",1.2,plays_taller,79.2,"6'7""",1.2,plays_taller
2024,Joel Armotrading,Cal Poly,77845,6-10,"6'10""",82.0,81.03,"6'9""",-0.97,plays_shorter,81.03,"6'9""",-0.97,plays_shorter
2024,Jacob Meyer,Coastal Carolina,77847,6-2,"6'2""",74.0,76.27,"6'4""",2.27,plays_taller,76.27,"6'4""",2.27,plays_taller
2024,Mason Walters,Wyoming,77848,6-9,"6'9""",81.0,76.67,"6'5""",-4.33,plays_shorter,76.67,"6'5""",-4.33,plays_shorter
2024,Adam Clark,Merrimack,77849,5-10,"5'10""",70.0,75.34,"6'3""",5.34,plays_taller,75.34,"6'3""",5.34,plays_taller
2024,Joey Brown,Ball St.,77850,6-5,"6'5""",77.0,76.14,"6'4""",-0.86,plays_shorter,76.14,"6'4""",-0.86,plays_shorter
2024,Jalal McKie,North Carolina A&T,77851,6-5,"6'5""",77.0,74.67,"6'3""",-2.33,plays_shorter,74.67,"6'3""",-2.33,plays_shorter
2024,Mason Jones,Ball St.,77853,6-7,"6'7""",79.0,77.01,"6'5""",-1.99,plays_shorter,77.01,"6'5""",-1.99,plays_shorter
2024,Yves Missi,Baylor,77857,7-0,"7'0""",84.0,84.11,"7'0""",0.11,plays_at_height,84.11,"7'0""",0.11,plays_at_height
2024,Akili Vining,UT Arlington,77860,6-2,"6'2""",74.0,75.53,"6'4""",1.53,plays_taller,75.53,"6'4""",1.53,plays_taller
2024,Kimahri Wilson,Stephen F. Austin,77862,6-1,"6'1""",73.0,75.59,"6'4""",2.59,plays_taller,75.59,"6'4""",2.59,plays_taller
2024,Chrishawn Christmas,Stephen F. Austin,77863,6-5,"6'5""",77.0,78.45,"6'6""",1.45,plays_taller,78.45,"6'6""",1.45,plays_taller
2024,Toyaz Solomon,UNC Asheville,77865,6-9,"6'9""",81.0,79.73,"6'8""",-1.27,plays_shorter,79.73,"6'8""",-1.27,plays_shorter
2024,P.D. McCraney,Louisiana Monroe,77866,6-1,"6'1""",73.0,74.35,"6'2""",1.35,plays_taller,74.35,"6'2""",1.35,plays_taller
2024,Raheem Anthony,St. Thomas,77867,6-4,"6'4""",76.0,78.19,"6'6""",2.19,plays_taller,78.19,"6'6""",2.19,plays_taller
2024,Josiah Hammons,Incarnate Word,77868,6-2,"6'2""",74.0,74.63,"6'3""",0.63,plays_at_height,74.63,"6'3""",0.63,plays_at_height
2024,Tidjiane Dioumassi,Southern,77869,6-4,"6'4""",76.0,76.4,"6'4""",0.4,plays_at_height,76.4,"6'4""",0.4,plays_at_height
2024,Jaylen Jones,Tennessee St.,77871,6-1,"6'1""",73.0,76.48,"6'4""",3.48,plays_taller,76.48,"6'4""",3.48,plays_taller
2024,Blake Buchanan,Virginia,77881,6-11,"6'11""",83.0,80.73,"6'9""",-2.27,plays_shorter,80.73,"6'9""",-2.27,plays_shorter
2024,Owen Freeman,Iowa,77886,6-10,"6'10""",82.0,83.78,"7'0""",1.78,plays_taller,83.78,"7'0""",1.78,plays_taller
2024,Carter Lang,Vanderbilt,77887,6-9,"6'9""",81.0,80.23,"6'8""",-0.77,plays_shorter,80.23,"6'8""",-0.77,plays_shorter
2024,Jason Rivera-Torres,Vanderbilt,77889,6-6,"6'6""",78.0,77.01,"6'5""",-0.99,plays_shorter,77.01,"6'5""",-0.99,plays_shorter
2024,JaQualon Roberts,Vanderbilt,77890,6-8,"6'8""",80.0,77.94,"6'6""",-2.06,plays_shorter,77.94,"6'6""",-2.06,plays_shorter
2024,DaJohn Craig,Oregon St.,77891,6-1,"6'1""",73.0,73.36,"6'1""",0.36,plays_at_height,73.36,"6'1""",0.36,plays_at_height
2024,Jeremy Fears Jr.,Michigan St.,77892,6-2,"6'2""",74.0,77.31,"6'5""",3.31,plays_taller,77.31,"6'5""",3.31,plays_taller
2024,Corey Sawyer Jr.,Eastern Illinois,77896,6-4,"6'4""",76.0,74.67,"6'3""",-1.33,plays_shorter,74.67,"6'3""",-1.33,plays_shorter
2024,Tyson Garff,Denver,77898,6-6,"6'6""",78.0,74.65,"6'3""",-3.35,plays_shorter,74.65,"6'3""",-3.35,plays_shorter
2024,Jasper Floyd,Fairfield,77900,6-3,"6'3""",75.0,77.26,"6'5""",2.26,plays_taller,77.26,"6'5""",2.26,plays_taller
2024,Nakyel Shelton,Eastern Illinois,77901,6-3,"6'3""",75.0,76.88,"6'5""",1.88,plays_taller,76.88,"6'5""",1.88,plays_taller
2024,TK Simpkins,Elon,77902,6-4,"6'4""",76.0,77.81,"6'6""",1.81,plays_taller,77.81,"6'6""",1.81,plays_taller
2024,Anthony Bittar,Southeastern Louisiana,77903,6-4,"6'4""",76.0,74.46,"6'2""",-1.54,plays_shorter,74.46,"6'2""",-1.54,plays_shorter
2024,Stephon Castle,Connecticut,77906,6-6,"6'6""",78.0,79.44,"6'7""",1.44,plays_taller,79.44,"6'7""",1.44,plays_taller
2024,Spencer Joyner,Boston University,77907,6-4,"6'4""",76.0,74.68,"6'3""",-1.32,plays_shorter,74.68,"6'3""",-1.32,plays_shorter
2024,Errol White,Lamar,77911,6-7,"6'7""",79.0,78.73,"6'7""",-0.27,plays_at_height,78.73,"6'7""",-0.27,plays_at_height
2024,Kevin Patton Jr.,San Diego,77913,6-8,"6'8""",80.0,78.97,"6'7""",-1.03,plays_shorter,78.97,"6'7""",-1.03,plays_shorter
2024,Matai Baptiste,Boston University,77914,6-7,"6'7""",79.0,77.44,"6'5""",-1.56,plays_shorter,77.44,"6'5""",-1.56,plays_shorter
2024,TJ Biel,Southeast Missouri St.,77919,6-7,"6'7""",79.0,77.04,"6'5""",-1.96,plays_shorter,77.04,"6'5""",-1.96,plays_shorter
2024,Javius Moore,Southern Indiana,77920,6-6,"6'6""",78.0,77.35,"6'5""",-0.65,plays_at_height,77.35,"6'5""",-0.65,plays_at_height
2024,Doug Young,Quinnipiac,77921,6-0,"6'0""",72.0,74.25,"6'2""",2.25,plays_taller,74.25,"6'2""",2.25,plays_taller
2024,JT Langston Jr.,Rider,77922,6-8,"6'8""",80.0,80.24,"6'8""",0.24,plays_at_height,80.24,"6'8""",0.24,plays_at_height
2024,Marcus Boykin,Sam Houston St.,77924,6-1,"6'1""",73.0,76.7,"6'5""",3.7,plays_taller,76.7,"6'5""",3.7,plays_taller
2024,Dallas Graziani,Samford,77926,5-8,"5'8""",68.0,74.98,"6'3""",6.98,plays_taller,74.98,"6'3""",6.98,plays_taller
2024,Isaiah Coleman,Seton Hall,77932,6-5,"6'5""",77.0,77.23,"6'5""",0.23,plays_at_height,77.23,"6'5""",0.23,plays_at_height
2024,Isaac Bruns,South Dakota,77936,6-4,"6'4""",76.0,74.67,"6'3""",-1.33,plays_shorter,74.67,"6'3""",-1.33,plays_shorter
2024,Josh Scovens,Army,77938,6-4,"6'4""",76.0,77.74,"6'6""",1.74,plays_taller,77.74,"6'6""",1.74,plays_taller
2024,Jordan Marsh,Appalachian St.,77942,5-10,"5'10""",70.0,76.66,"6'5""",6.66,plays_taller,76.66,"6'5""",6.66,plays_taller
2024,Maurice Wright Jr.,VMI,77946,6-2,"6'2""",74.0,74.23,"6'2""",0.23,plays_at_height,74.23,"6'2""",0.23,plays_at_height
2024,Robert Peters,VMI,77947,6-8,"6'8""",80.0,76.31,"6'4""",-3.69,plays_shorter,76.31,"6'4""",-3.69,plays_shorter
2024,Tyran Cook,VMI,77948,6-2,"6'2""",74.0,75.36,"6'3""",1.36,plays_taller,75.36,"6'3""",1.36,plays_taller
2024,Koree Cotton,VMI,77950,6-6,"6'6""",78.0,76.4,"6'4""",-1.6,plays_shorter,76.4,"6'4""",-1.6,plays_shorter
2024,Michael Belle,VCU,77951,6-7,"6'7""",79.0,78.17,"6'6""",-0.83,plays_shorter,78.17,"6'6""",-0.83,plays_shorter
2024,AJ Clark,VMI,77952,6-4,"6'4""",76.0,77.34,"6'5""",1.34,plays_taller,77.34,"6'5""",1.34,plays_taller
2024,Stephen Olowoniyi,VMI,77953,6-8,"6'8""",80.0,80.14,"6'8""",0.14,plays_at_height,80.14,"6'8""",0.14,plays_at_height
2024,Corey Chesley,VMI,77954,6-5,"6'5""",77.0,75.72,"6'4""",-1.28,plays_shorter,75.72,"6'4""",-1.28,plays_shorter
2024,D'Angelo Minnis,Idaho,77957,5-10,"5'10""",70.0,73.89,"6'2""",3.89,plays_taller,73.89,"6'2""",3.89,plays_taller
2024,Greg Gordon,Iona,77959,6-5,"6'5""",77.0,80.89,"6'9""",3.89,plays_taller,80.89,"6'9""",3.89,plays_taller
2024,Julius Mims,Idaho,77961,6-9,"6'9""",81.0,83.32,"6'11""",2.32,plays_taller,83.32,"6'11""",2.32,plays_taller
2024,Quinn Denker,Idaho,77963,6-3,"6'3""",75.0,74.88,"6'3""",-0.12,plays_at_height,74.88,"6'3""",-0.12,plays_at_height
2024,EJ Neal,Idaho,77964,6-5,"6'5""",77.0,76.79,"6'5""",-0.21,plays_at_height,76.79,"6'5""",-0.21,plays_at_height
2024,Eli Rice,Nebraska,77967,6-8,"6'8""",80.0,77.22,"6'5""",-2.78,plays_shorter,77.22,"6'5""",-2.78,plays_shorter
2024,Marcel Bryant,Nebraska Omaha,77968,6-7,"6'7""",79.0,78.96,"6'7""",-0.04,plays_at_height,78.96,"6'7""",-0.04,plays_at_height
2024,Jamison Epps,Northwestern St.,77974,6-7,"6'7""",79.0,76.18,"6'4""",-2.82,plays_shorter,76.18,"6'4""",-2.82,plays_shorter
2024,Biko Johnson,Nebraska Omaha,77977,6-2,"6'2""",74.0,75.28,"6'3""",1.28,plays_taller,75.28,"6'3""",1.28,plays_taller
2024,Leeroy Odiahi,Old Dominion,77978,6-11,"6'11""",83.0,80.94,"6'9""",-2.06,plays_shorter,80.94,"6'9""",-2.06,plays_shorter
2024,Jailen Bedford,Oral Roberts,77980,6-4,"6'4""",76.0,77.16,"6'5""",1.16,plays_taller,77.16,"6'5""",1.16,plays_taller
2024,Tariq Francis,NJIT,77981,6-0,"6'0""",72.0,75.0,"6'3""",3.0,plays_taller,75.0,"6'3""",3.0,plays_taller
2024,Jeffrey Akintolu,NJIT,77983,6-7,"6'7""",79.0,77.65,"6'6""",-1.35,plays_shorter,77.65,"6'6""",-1.35,plays_shorter
2024,Cornelius Robinson Jr.,Monmouth,77984,6-6,"6'6""",78.0,78.53,"6'7""",0.53,plays_at_height,78.53,"6'7""",0.53,plays_at_height
2024,Jake Goldberg,NJIT,77988,6-4,"6'4""",76.0,74.45,"6'2""",-1.55,plays_shorter,74.45,"6'2""",-1.55,plays_shorter
2024,Sebastian Robinson,NJIT,77990,6-1,"6'1""",73.0,73.96,"6'2""",0.96,plays_taller,73.96,"6'2""",0.96,plays_taller
2024,Brady Dunlap,St. John's,77991,6-7,"6'7""",79.0,76.74,"6'5""",-2.26,plays_shorter,76.74,"6'5""",-2.26,plays_shorter
2024,Delang Muon,Southern,77994,6-8,"6'8""",80.0,82.98,"6'11""",2.98,plays_taller,82.98,"6'11""",2.98,plays_taller
2024,Kennard Davis,Southern Illinois,77996,6-6,"6'6""",78.0,76.07,"6'4""",-1.93,plays_shorter,76.07,"6'4""",-1.93,plays_shorter
2024,BJ Ward,Southeast Missouri St.,77999,6-0,"6'0""",72.0,73.76,"6'2""",1.76,plays_taller,73.76,"6'2""",1.76,plays_taller
2024,Kachi Nzeh,Xavier,78000,6-8,"6'8""",80.0,80.15,"6'8""",0.15,plays_at_height,80.15,"6'8""",0.15,plays_at_height
2024,Dailyn Swain,Xavier,78002,6-7,"6'7""",79.0,78.93,"6'7""",-0.07,plays_at_height,78.93,"6'7""",-0.07,plays_at_height
2024,Gabe Dynes,Youngstown St.,78008,7-3,"7'3""",87.0,84.65,"7'1""",-2.35,plays_shorter,84.65,"7'1""",-2.35,plays_shorter
2024,Jack Edelen,Western Kentucky,78009,5-10,"5'10""",70.0,74.27,"6'2""",4.27,plays_taller,74.27,"6'2""",4.27,plays_taller
2024,Osiris Grady,Utah Valley,78010,6-9,"6'9""",81.0,79.03,"6'7""",-1.97,plays_shorter,79.03,"6'7""",-1.97,plays_shorter
2024,Kahlil Singleton,Holy Cross,78011,6-3,"6'3""",75.0,73.87,"6'2""",-1.13,plays_shorter,73.87,"6'2""",-1.13,plays_shorter
2024,DeAndre Williams,Holy Cross,78014,6-3,"6'3""",75.0,74.26,"6'2""",-0.74,plays_at_height,74.26,"6'2""",-0.74,plays_at_height
2024,KiJan Robinson,Hofstra,78016,6-3,"6'3""",75.0,73.62,"6'2""",-1.38,plays_shorter,73.62,"6'2""",-1.38,plays_shorter
2024,Silas Demary Jr.,Georgia,78017,6-5,"6'5""",77.0,77.64,"6'6""",0.64,plays_at_height,77.64,"6'6""",0.64,plays_at_height
2024,Dylan James,Georgia,78018,6-9,"6'9""",81.0,78.84,"6'7""",-2.16,plays_shorter,78.84,"6'7""",-2.16,plays_shorter
2024,Joe Nugent,Holy Cross,78019,6-6,"6'6""",78.0,74.52,"6'3""",-3.48,plays_shorter,74.52,"6'3""",-3.48,plays_shorter
2024,Dez White,Austin Peay,78023,6-2,"6'2""",74.0,74.54,"6'3""",0.54,plays_at_height,74.54,"6'3""",0.54,plays_at_height
2024,Kaleb Glenn,Louisville,78025,6-6,"6'6""",78.0,78.95,"6'7""",0.95,plays_taller,78.95,"6'7""",0.95,plays_taller
2024,Curtis Williams,Louisville,78027,6-5,"6'5""",77.0,74.04,"6'2""",-2.96,plays_shorter,74.04,"6'2""",-2.96,plays_shorter
2024,Ty-Laur Johnson,Louisville,78028,6-0,"6'0""",72.0,76.33,"6'4""",4.33,plays_taller,76.33,"6'4""",4.33,plays_taller
2024,Joshua Ingram,Lehigh,78031,6-4,"6'4""",76.0,77.25,"6'5""",1.25,plays_taller,77.25,"6'5""",1.25,plays_taller
2024,Sultan Adewale,Iona,78035,6-7,"6'7""",79.0,78.85,"6'7""",-0.15,plays_at_height,78.85,"6'7""",-0.15,plays_at_height
2024,Cam Gillus,Lehigh,78036,5-11,"5'11""",71.0,74.79,"6'3""",3.79,plays_taller,74.79,"6'3""",3.79,plays_taller
2024,Dylan Saunders,Iona,78037,6-8,"6'8""",80.0,76.09,"6'4""",-3.91,plays_shorter,76.09,"6'4""",-3.91,plays_shorter
2024,Ametri Moss,North Florida,78038,6-0,"6'0""",72.0,76.02,"6'4""",4.02,plays_taller,76.02,"6'4""",4.02,plays_taller
2024,Aime Rutayisire,Niagara,78040,6-8,"6'8""",80.0,74.37,"6'2""",-5.63,plays_shorter,74.37,"6'2""",-5.63,plays_shorter
2024,Amar Kuljuhovic,North Dakota,78041,6-8,"6'8""",80.0,79.86,"6'8""",-0.14,plays_at_height,79.86,"6'8""",-0.14,plays_at_height
2024,Deng Mayar,North Dakota,78042,6-8,"6'8""",80.0,78.08,"6'6""",-1.92,plays_shorter,78.08,"6'6""",-1.92,plays_shorter
2024,Jeremiah Burke,North Dakota St.,78043,6-7,"6'7""",79.0,78.66,"6'7""",-0.34,plays_at_height,78.66,"6'7""",-0.34,plays_at_height
2024,Carlos Hart,New Orleans,78045,6-6,"6'6""",78.0,77.74,"6'6""",-0.26,plays_at_height,77.74,"6'6""",-0.26,plays_at_height
2024,De'Shayne Montgomery,Mount St. Mary's,78048,6-4,"6'4""",76.0,78.5,"6'7""",2.5,plays_taller,78.5,"6'7""",2.5,plays_taller
2024,Reece Potter,Miami OH,78053,7-1,"7'1""",85.0,78.32,"6'6""",-6.68,plays_shorter,78.32,"6'6""",-6.68,plays_shorter
2024,Chris Loofe,Middle Tennessee,78055,6-11,"6'11""",83.0,81.31,"6'9""",-1.69,plays_shorter,81.31,"6'9""",-1.69,plays_shorter
2024,Bailey Nunn,Sacramento St.,78058,6-0,"6'0""",72.0,73.43,"6'1""",1.43,plays_taller,73.43,"6'1""",1.43,plays_taller
2024,Ruben Rodriguez,Rider,78059,6-2,"6'2""",74.0,75.77,"6'4""",1.77,plays_taller,75.77,"6'4""",1.77,plays_taller
2024,Alvaro Folgueiras,Robert Morris,78063,6-9,"6'9""",81.0,79.42,"6'7""",-1.58,plays_shorter,79.42,"6'7""",-1.58,plays_shorter
2024,Alfredo Boglio,Robert Morris,78064,6-3,"6'3""",75.0,73.92,"6'2""",-1.08,plays_shorter,73.92,"6'2""",-1.08,plays_shorter
2024,Armoni Zeigler,Saint Peter's,78066,6-4,"6'4""",76.0,77.63,"6'6""",1.63,plays_taller,77.63,"6'6""",1.63,plays_taller
2024,Isaiah Watts,Washington St.,78071,6-3,"6'3""",75.0,76.09,"6'4""",1.09,plays_taller,76.09,"6'4""",1.09,plays_taller
2024,Myles Rigsby,Troy,78076,6-5,"6'5""",77.0,77.72,"6'6""",0.72,plays_at_height,77.72,"6'6""",0.72,plays_at_height
2024,Victor Valdes,Troy,78077,6-7,"6'7""",79.0,77.29,"6'5""",-1.71,plays_shorter,77.29,"6'5""",-1.71,plays_shorter
2024,Thomas Dowd,Troy,78078,6-8,"6'8""",80.0,78.16,"6'6""",-1.84,plays_shorter,78.16,"6'6""",-1.84,plays_shorter
2024,Marcus Rigsby Jr.,Troy,78079,6-3,"6'3""",75.0,75.49,"6'3""",0.49,plays_at_height,75.49,"6'3""",0.49,plays_at_height
2024,Jarred Hall,Tulsa,78080,6-8,"6'8""",80.0,77.65,"6'6""",-2.35,plays_shorter,77.65,"6'6""",-2.35,plays_shorter
2024,Don Don Ferguson,Coppin St.,78081,6-1,"6'1""",73.0,74.28,"6'2""",1.28,plays_taller,74.28,"6'2""",1.28,plays_taller
2024,Preist Ryan,Coppin St.,78082,6-6,"6'6""",78.0,76.15,"6'4""",-1.85,plays_shorter,76.15,"6'4""",-1.85,plays_shorter
2024,Maki Johnson,East Tennessee St.,78083,6-4,"6'4""",76.0,75.59,"6'4""",-0.41,plays_at_height,75.59,"6'4""",-0.41,plays_at_height
2024,Jaden Harris,New Mexico St.,78084,6-4,"6'4""",76.0,74.68,"6'3""",-1.32,plays_shorter,74.68,"6'3""",-1.32,plays_shorter
2024,Jonathan Kanyanga,New Mexico St.,78086,6-9,"6'9""",81.0,79.79,"6'8""",-1.21,plays_shorter,79.79,"6'8""",-1.21,plays_shorter
2024,Clayton Southwick,Stephen F. Austin,78087,6-8,"6'8""",80.0,76.55,"6'5""",-3.45,plays_shorter,76.55,"6'5""",-3.45,plays_shorter
2024,Jake Davis,Mercer,78089,6-6,"6'6""",78.0,76.01,"6'4""",-1.99,plays_shorter,76.01,"6'4""",-1.99,plays_shorter
2024,Michael Nwoko,Miami FL,78090,6-10,"6'10""",82.0,79.04,"6'7""",-2.96,plays_shorter,79.04,"6'7""",-2.96,plays_shorter
2024,David Thomas,Mercer,78091,6-2,"6'2""",74.0,74.93,"6'3""",0.93,plays_taller,74.93,"6'3""",0.93,plays_taller
2024,Jerone Morton,Morehead St.,78092,6-4,"6'4""",76.0,75.27,"6'3""",-0.73,plays_at_height,75.27,"6'3""",-0.73,plays_at_height
2024,Anthony Benard,Mercer,78095,5-10,"5'10""",70.0,74.04,"6'2""",4.04,plays_taller,74.04,"6'2""",4.04,plays_taller
2024,Ashton Hardaway,Memphis,78096,6-8,"6'8""",80.0,74.51,"6'3""",-5.49,plays_shorter,74.51,"6'3""",-5.49,plays_shorter
2024,Kyshawn George,Miami FL,78097,6-8,"6'8""",80.0,76.93,"6'5""",-3.07,plays_shorter,76.93,"6'5""",-3.07,plays_shorter
2024,Eddie Ricks III,Morehead St.,78098,6-7,"6'7""",79.0,78.81,"6'7""",-0.19,plays_at_height,78.81,"6'7""",-0.19,plays_at_height
2024,Chris Fields Jr.,Norfolk St.,78101,6-7,"6'7""",79.0,79.94,"6'8""",0.94,plays_taller,79.94,"6'8""",0.94,plays_taller
2024,Tai Hamilton,William & Mary,78109,6-10,"6'10""",82.0,81.67,"6'10""",-0.33,plays_at_height,81.67,"6'10""",-0.33,plays_at_height
2024,Quentin Meza,Wofford,78110,6-0,"6'0""",72.0,73.98,"6'2""",1.98,plays_taller,73.98,"6'2""",1.98,plays_taller
2024,Eli Wilborn,Saint Francis,78112,6-8,"6'8""",80.0,82.29,"6'10""",2.29,plays_taller,82.29,"6'10""",2.29,plays_taller
2024,Aidan Harris,Saint Francis,78113,6-7,"6'7""",79.0,77.26,"6'5""",-1.74,plays_shorter,77.26,"6'5""",-1.74,plays_shorter
2024,Miles Heide,San Diego St.,78114,6-10,"6'10""",82.0,80.91,"6'9""",-1.09,plays_shorter,80.91,"6'9""",-1.09,plays_shorter
2024,Kam Burton,Southeastern Louisiana,78118,6-3,"6'3""",75.0,73.76,"6'2""",-1.24,plays_shorter,73.76,"6'2""",-1.24,plays_shorter
2024,Tan Yildizoglu,Pacific,78121,6-4,"6'4""",76.0,75.53,"6'4""",-0.47,plays_at_height,75.53,"6'4""",-0.47,plays_at_height
2024,Latrell Davis,San Jose St.,78122,6-2,"6'2""",74.0,75.76,"6'4""",1.76,plays_taller,75.76,"6'4""",1.76,plays_taller
2024,Landon Glasper,North Carolina A&T,78127,6-2,"6'2""",74.0,74.55,"6'3""",0.55,plays_at_height,74.55,"6'3""",0.55,plays_at_height
2024,Donovan Sanders,Mississippi Valley St.,78130,5-11,"5'11""",71.0,75.06,"6'3""",4.06,plays_taller,75.06,"6'3""",4.06,plays_taller
2024,Jerry Deng,Hampton,78131,6-9,"6'9""",81.0,77.59,"6'6""",-3.41,plays_shorter,77.59,"6'6""",-3.41,plays_shorter
2024,Alex Doyle,Stetson,78137,6-9,"6'9""",81.0,75.28,"6'3""",-5.72,plays_shorter,75.28,"6'3""",-5.72,plays_shorter
2024,Jordan Mitchell,Southern,78141,6-3,"6'3""",75.0,75.34,"6'3""",0.34,plays_at_height,75.34,"6'3""",0.34,plays_at_height
2024,Tucker Anderson,Central Arkansas,78142,6-9,"6'9""",81.0,76.52,"6'5""",-4.48,plays_shorter,76.52,"6'5""",-4.48,plays_shorter
2024,Anthony Bryant,Alabama A&M,78147,6-3,"6'3""",75.0,76.95,"6'5""",1.95,plays_taller,76.95,"6'5""",1.95,plays_taller
2024,Javion Guy-King,Central Arkansas,78149,6-6,"6'6""",78.0,76.2,"6'4""",-1.8,plays_shorter,76.2,"6'4""",-1.8,plays_shorter
2024,Aaron McBride,Loyola Marymount,78153,6-6,"6'6""",78.0,77.86,"6'6""",-0.14,plays_at_height,77.86,"6'6""",-0.14,plays_at_height
2024,Tre Norman,Marquette,78154,6-4,"6'4""",76.0,76.95,"6'5""",0.95,plays_taller,76.95,"6'5""",0.95,plays_taller
2024,Zaide Lowery,Marquette,78157,6-5,"6'5""",77.0,76.57,"6'5""",-0.43,plays_at_height,76.57,"6'5""",-0.43,plays_at_height
2024,DeShawn Harris-Smith,Maryland,78159,6-5,"6'5""",77.0,76.29,"6'4""",-0.71,plays_at_height,76.29,"6'4""",-0.71,plays_at_height
2024,Michael Teal,South Carolina St.,78161,6-1,"6'1""",73.0,75.75,"6'4""",2.75,plays_taller,75.75,"6'4""",2.75,plays_taller
2024,James Morrow,South Carolina St.,78162,6-8,"6'8""",80.0,79.09,"6'7""",-0.91,plays_shorter,79.09,"6'7""",-0.91,plays_shorter
2024,Wilson Dubinsky,South Carolina St.,78163,6-2,"6'2""",74.0,75.31,"6'3""",1.31,plays_taller,75.31,"6'3""",1.31,plays_taller
2024,Jordan Booker,Eastern Illinois,78171,5-10,"5'10""",70.0,74.85,"6'3""",4.85,plays_taller,74.85,"6'3""",4.85,plays_taller
2024,Jordan Pennick,Navy,78178,5-11,"5'11""",71.0,74.72,"6'3""",3.72,plays_taller,74.72,"6'3""",3.72,plays_taller
2024,Jack Medalie,Navy,78179,6-6,"6'6""",78.0,74.49,"6'2""",-3.51,plays_shorter,74.49,"6'2""",-3.51,plays_shorter
2024,Nyles Howard,Navy,78185,6-3,"6'3""",75.0,77.14,"6'5""",2.14,plays_taller,77.14,"6'5""",2.14,plays_taller
2024,Kyle Pock,Northern Iowa,78186,6-6,"6'6""",78.0,74.71,"6'3""",-3.29,plays_shorter,74.71,"6'3""",-3.29,plays_shorter
2024,Kade Douglas,UT Arlington,78187,6-2,"6'2""",74.0,74.37,"6'2""",0.37,plays_at_height,74.37,"6'2""",0.37,plays_at_height
2024,RJ Taylor,Northern Iowa,78189,5-11,"5'11""",71.0,75.15,"6'3""",4.15,plays_taller,75.15,"6'3""",4.15,plays_taller
2024,Layden Blocker,Arkansas,78192,6-2,"6'2""",74.0,77.4,"6'5""",3.4,plays_taller,77.4,"6'5""",3.4,plays_taller
2024,Makaih Williams,UT Arlington,78194,6-1,"6'1""",73.0,76.43,"6'4""",3.43,plays_taller,76.43,"6'4""",3.43,plays_taller
2024,J.J. Howard,UT Rio Grande Valley,78195,6-5,"6'5""",77.0,76.61,"6'5""",-0.39,plays_at_height,76.61,"6'5""",-0.39,plays_at_height
2024,Dylan Thoerner,UC Irvine,78197,6-6,"6'6""",78.0,74.56,"6'3""",-3.44,plays_shorter,74.56,"6'3""",-3.44,plays_shorter
2024,Carlton Carrington,Pittsburgh,78198,6-5,"6'5""",77.0,76.89,"6'5""",-0.11,plays_at_height,76.89,"6'5""",-0.11,plays_at_height
2024,Isaiah Collier,USC,78201,6-5,"6'5""",77.0,77.04,"6'5""",0.04,plays_at_height,77.04,"6'5""",0.04,plays_at_height
2024,Stephen Byard,Alcorn St.,78203,6-8,"6'8""",80.0,77.69,"6'6""",-2.31,plays_shorter,77.69,"6'6""",-2.31,plays_shorter
2024,Michael Pajeaud,Alcorn St.,78204,6-2,"6'2""",74.0,77.35,"6'5""",3.35,plays_taller,77.35,"6'5""",3.35,plays_taller
2024,Roderick Jones,Alcorn St.,78205,6-2,"6'2""",74.0,74.45,"6'2""",0.45,plays_at_height,74.45,"6'2""",0.45,plays_at_height
2024,Djahi Binet,Alcorn St.,78207,6-7,"6'7""",79.0,78.89,"6'7""",-0.11,plays_at_height,78.89,"6'7""",-0.11,plays_at_height
2024,Jalyke Gaines - Wyatt,Alcorn St.,78211,6-0,"6'0""",72.0,74.85,"6'3""",2.85,plays_taller,74.85,"6'3""",2.85,plays_taller
2024,Seydou Traore,Manhattan,78212,6-7,"6'7""",79.0,79.97,"6'8""",0.97,plays_taller,79.97,"6'8""",0.97,plays_taller
2024,Braeden Shrewsberry,Notre Dame,78215,6-3,"6'3""",75.0,74.45,"6'2""",-0.55,plays_at_height,74.45,"6'2""",-0.55,plays_at_height
2024,Carey Booth,Notre Dame,78216,6-10,"6'10""",82.0,79.1,"6'7""",-2.9,plays_shorter,79.1,"6'7""",-2.9,plays_shorter
2024,Markus Burton,Notre Dame,78218,5-11,"5'11""",71.0,75.65,"6'4""",4.65,plays_taller,75.65,"6'4""",4.65,plays_taller
2024,Logan Imes,Notre Dame,78219,6-4,"6'4""",76.0,75.89,"6'4""",-0.11,plays_at_height,75.89,"6'4""",-0.11,plays_at_height
2024,Morris Ugusuk,South Carolina,78220,6-4,"6'4""",76.0,75.41,"6'3""",-0.59,plays_at_height,75.41,"6'3""",-0.59,plays_at_height
2024,Lazar Djokovic,Xavier,78226,6-0,"6'0""",72.0,77.58,"6'6""",5.58,plays_taller,77.58,"6'6""",5.58,plays_taller
2024,Aday Mara,UCLA,78229,7-3,"7'3""",87.0,80.77,"6'9""",-6.23,plays_shorter,80.77,"6'9""",-6.23,plays_shorter
2024,Seck Zongo,Wagner,78231,6-7,"6'7""",79.0,77.68,"6'6""",-1.32,plays_shorter,77.68,"6'6""",-1.32,plays_shorter
2024,Jarin Stevenson,Alabama,78232,6-11,"6'11""",83.0,77.47,"6'5""",-5.53,plays_shorter,77.47,"6'5""",-5.53,plays_shorter
2024,Sam Walters,Alabama,78235,6-10,"6'10""",82.0,77.18,"6'5""",-4.82,plays_shorter,77.18,"6'5""",-4.82,plays_shorter
2024,Daniel Sofield,Central Arkansas,78236,6-7,"6'7""",79.0,75.69,"6'4""",-3.31,plays_shorter,75.69,"6'4""",-3.31,plays_shorter
2024,Christian Coleman,UAB,78238,6-9,"6'9""",81.0,80.87,"6'9""",-0.13,plays_at_height,80.87,"6'9""",-0.13,plays_at_height
2024,Chase Henderson,Montana,78239,6-0,"6'0""",72.0,74.98,"6'3""",2.98,plays_taller,74.98,"6'3""",2.98,plays_taller
2024,Money Williams,Montana,78241,6-4,"6'4""",76.0,76.5,"6'4""",0.5,plays_at_height,76.5,"6'4""",0.5,plays_at_height
2024,Levi Lewal,NJIT,78242,6-7,"6'7""",79.0,79.54,"6'8""",0.54,plays_at_height,79.54,"6'8""",0.54,plays_at_height
2024,Cody Williams,Colorado,78251,6-8,"6'8""",80.0,77.97,"6'6""",-2.03,plays_shorter,77.97,"6'6""",-2.03,plays_shorter
2024,Breno Silva,Incarnate Word,78252,6-8,"6'8""",80.0,72.54,"6'1""",-7.46,plays_shorter,72.54,"6'1""",-7.46,plays_shorter
2024,Parker Jones,Colgate,78256,6-6,"6'6""",78.0,77.62,"6'6""",-0.38,plays_at_height,77.62,"6'6""",-0.38,plays_at_height
2024,Jalen Cox,Colgate,78257,6-3,"6'3""",75.0,76.79,"6'5""",1.79,plays_taller,76.79,"6'5""",1.79,plays_taller
2024,Sebastian Hartmann,Eastern Washington,78264,6-5,"6'5""",77.0,76.57,"6'5""",-0.43,plays_at_height,76.57,"6'5""",-0.43,plays_at_height
2024,Mason Williams,Eastern Washington,78265,6-5,"6'5""",77.0,72.99,"6'1""",-4.01,plays_shorter,72.99,"6'1""",-4.01,plays_shorter
2024,Anthony Maxwell,UMass Lowell,78268,6-1,"6'1""",73.0,73.92,"6'2""",0.92,plays_taller,73.92,"6'2""",0.92,plays_taller
2024,Zion Stanford,Temple,78273,6-5,"6'5""",77.0,77.83,"6'6""",0.83,plays_taller,77.83,"6'6""",0.83,plays_taller
2024,Kyle Layton,Tennessee Tech,78275,6-0,"6'0""",72.0,74.14,"6'2""",2.14,plays_taller,74.14,"6'2""",2.14,plays_taller
2024,Rylee Samons,Tennessee Tech,78278,6-7,"6'7""",79.0,73.54,"6'2""",-5.46,plays_shorter,73.54,"6'2""",-5.46,plays_shorter
2024,Rueben Chinyelu,Washington St.,78281,6-11,"6'11""",83.0,84.06,"7'0""",1.06,plays_taller,84.06,"7'0""",1.06,plays_taller
2024,Michael Evbagharu,Siena,78285,6-4,"6'4""",76.0,77.23,"6'5""",1.23,plays_taller,77.23,"6'5""",1.23,plays_taller
2024,Michael Ojo,Siena,78287,6-7,"6'7""",79.0,77.69,"6'6""",-1.31,plays_shorter,77.69,"6'6""",-1.31,plays_shorter
2024,Kyle Winters,Siena,78288,6-3,"6'3""",75.0,74.87,"6'3""",-0.13,plays_at_height,74.87,"6'3""",-0.13,plays_at_height
2024,Bralyn Smith,Siena,78289,6-5,"6'5""",77.0,74.58,"6'3""",-2.42,plays_shorter,74.58,"6'3""",-2.42,plays_shorter
2024,Tunde Vahlberg Fasasi,La Salle,78291,6-8,"6'8""",80.0,76.85,"6'5""",-3.15,plays_shorter,76.85,"6'5""",-3.15,plays_shorter
2024,Jamar Brown,UMKC,78292,6-5,"6'5""",77.0,77.95,"6'6""",0.95,plays_taller,77.95,"6'6""",0.95,plays_taller
2024,Louie Semona,Stonehill,78293,6-8,"6'8""",80.0,76.0,"6'4""",-4.0,plays_shorter,76.0,"6'4""",-4.0,plays_shorter
2024,Drew Fielder,Georgetown,78294,6-10,"6'10""",82.0,79.54,"6'8""",-2.46,plays_shorter,79.54,"6'8""",-2.46,plays_shorter
2024,Se'yphon Triplett,Stonehill,78295,6-0,"6'0""",72.0,75.62,"6'4""",3.62,plays_taller,75.62,"6'4""",3.62,plays_taller
2024,Todd Brogna,Stonehill,78300,6-7,"6'7""",79.0,77.31,"6'5""",-1.69,plays_shorter,77.31,"6'5""",-1.69,plays_shorter
2024,Zvonimir Ivisic,Kentucky,78304,7-2,"7'2""",86.0,83.06,"6'11""",-2.94,plays_shorter,83.06,"6'11""",-2.94,plays_shorter
2024,Orlando Horton Jr.,Prairie View A&M,78314,5-9,"5'9""",69.0,74.92,"6'3""",5.92,plays_taller,74.92,"6'3""",5.92,plays_taller
2024,Dominique Daniels Jr.,Cal Baptist,78315,5-10,"5'10""",70.0,74.72,"6'3""",4.72,plays_taller,74.72,"6'3""",4.72,plays_taller
2024,Cayden Vasko,Central Michigan,78316,6-6,"6'6""",78.0,76.5,"6'4""",-1.5,plays_shorter,76.5,"6'4""",-1.5,plays_shorter
2024,Charles Lane Jr.,Prairie View A&M,78318,6-5,"6'5""",77.0,74.36,"6'2""",-2.64,plays_shorter,74.36,"6'2""",-2.64,plays_shorter
2024,Brooklyn Hicks,UNLV,78319,6-3,"6'3""",75.0,76.57,"6'5""",1.57,plays_taller,76.57,"6'5""",1.57,plays_taller
2024,Marqui Worthy,Massachusetts,78320,6-3,"6'3""",75.0,74.75,"6'3""",-0.25,plays_at_height,74.75,"6'3""",-0.25,plays_at_height
2024,Jayden Ndjigue,Massachusetts,78322,6-4,"6'4""",76.0,78.52,"6'7""",2.52,plays_taller,78.52,"6'7""",2.52,plays_taller
2024,Rokas Jocys,Manhattan,78323,6-5,"6'5""",77.0,73.72,"6'2""",-3.28,plays_shorter,73.72,"6'2""",-3.28,plays_shorter
2024,Chris Chiles,Cal Baptist,78328,6-4,"6'4""",76.0,75.08,"6'3""",-0.92,plays_shorter,75.08,"6'3""",-0.92,plays_shorter
2024,Jacob Beccles,Cornell,78330,6-3,"6'3""",75.0,75.07,"6'3""",0.07,plays_at_height,75.07,"6'3""",0.07,plays_at_height
2024,Matt Reed,Tulsa,78331,6-9,"6'9""",81.0,77.11,"6'5""",-3.89,plays_shorter,77.11,"6'5""",-3.89,plays_shorter
2024,Cyr Malonga,East Carolina,78334,6-11,"6'11""",83.0,79.47,"6'7""",-3.53,plays_shorter,79.47,"6'7""",-3.53,plays_shorter
2024,Ryan Archey,Coppin St.,78337,6-0,"6'0""",72.0,74.02,"6'2""",2.02,plays_taller,74.02,"6'2""",2.02,plays_taller
2024,Tayton Conerway,Troy,78339,6-3,"6'3""",75.0,77.82,"6'6""",2.82,plays_taller,77.82,"6'6""",2.82,plays_taller
2024,Tyshawn Archie,Tulsa,78340,6-1,"6'1""",73.0,76.21,"6'4""",3.21,plays_taller,76.21,"6'4""",3.21,plays_taller
2024,Darrius Clark,Mississippi Valley St.,78341,6-5,"6'5""",77.0,77.36,"6'5""",0.36,plays_at_height,77.36,"6'5""",0.36,plays_at_height
2024,Mikale Stevenson,Grambling St.,78343,6-2,"6'2""",74.0,76.32,"6'4""",2.32,plays_taller,76.32,"6'4""",2.32,plays_taller
2024,Tom Beattie,Hawaii,78345,6-4,"6'4""",76.0,76.03,"6'4""",0.03,plays_at_height,76.03,"6'4""",0.03,plays_at_height
2024,Eemeli Yalaho,Texas Tech,78349,6-8,"6'8""",80.0,77.63,"6'6""",-2.37,plays_shorter,77.63,"6'6""",-2.37,plays_shorter
2024,Myles Jenkins,Stephen F. Austin,78351,6-4,"6'4""",76.0,74.91,"6'3""",-1.09,plays_shorter,74.91,"6'3""",-1.09,plays_shorter
2024,Elijah Jones,Green Bay,78353,6-7,"6'7""",79.0,79.92,"6'8""",0.92,plays_taller,79.92,"6'8""",0.92,plays_taller
2024,Will Eames,Green Bay,78354,6-7,"6'7""",79.0,77.93,"6'6""",-1.07,plays_shorter,77.93,"6'6""",-1.07,plays_shorter
2024,Rich Byhre,Green Bay,78355,6-8,"6'8""",80.0,76.95,"6'5""",-3.05,plays_shorter,76.95,"6'5""",-3.05,plays_shorter
2024,Nasir DeGruy,Abilene Christian,78356,6-4,"6'4""",76.0,76.52,"6'5""",0.52,plays_at_height,76.52,"6'5""",0.52,plays_at_height
2024,Kavion McClain,Abilene Christian,78357,5-9,"5'9""",69.0,74.59,"6'3""",5.59,plays_taller,74.59,"6'3""",5.59,plays_taller
2024,Tre'Von Spillers,Appalachian St.,78359,6-7,"6'7""",79.0,82.53,"6'11""",3.53,plays_taller,82.53,"6'11""",3.53,plays_taller
2024,Samuel Tabe,South Alabama,78362,6-5,"6'5""",77.0,76.31,"6'4""",-0.69,plays_at_height,76.31,"6'4""",-0.69,plays_at_height
2024,Randarius Jones,Troy,78363,6-7,"6'7""",79.0,77.93,"6'6""",-1.07,plays_shorter,77.93,"6'6""",-1.07,plays_shorter
2024,Sasa Ciani,Xavier,78373,6-9,"6'9""",81.0,77.52,"6'6""",-3.48,plays_shorter,77.52,"6'6""",-3.48,plays_shorter
2024,Isaac Harrell,Elon,78381,6-8,"6'8""",80.0,76.43,"6'4""",-3.57,plays_shorter,76.43,"6'4""",-3.57,plays_shorter
2024,Matt Curtis,Fairfield,78382,6-4,"6'4""",76.0,73.69,"6'2""",-2.31,plays_shorter,73.69,"6'2""",-2.31,plays_shorter
2024,Rickey Mitchell Jr.,San Jose St.,78384,6-4,"6'4""",76.0,75.19,"6'3""",-0.81,plays_shorter,75.19,"6'3""",-0.81,plays_shorter
2024,Bryce Ford,Toledo,78385,6-2,"6'2""",74.0,74.54,"6'3""",0.54,plays_at_height,74.54,"6'3""",0.54,plays_at_height
2024,Kyson Rose,Idaho,78387,6-9,"6'9""",81.0,76.95,"6'5""",-4.05,plays_shorter,76.95,"6'5""",-4.05,plays_shorter
2024,Reed Sheppard,Kentucky,78389,6-3,"6'3""",75.0,77.63,"6'6""",2.63,plays_taller,77.63,"6'6""",2.63,plays_taller
2024,Kilian Brockhoff,UC Santa Barbara,78392,6-9,"6'9""",81.0,75.25,"6'3""",-5.75,plays_shorter,75.25,"6'3""",-5.75,plays_shorter
2024,Jason Fontenet II,UC Santa Barbara,78393,6-6,"6'6""",78.0,76.02,"6'4""",-1.98,plays_shorter,76.02,"6'4""",-1.98,plays_shorter
2024,Sam Brown,Penn,78396,6-3,"6'3""",75.0,74.64,"6'3""",-0.36,plays_at_height,74.64,"6'3""",-0.36,plays_at_height
2024,Gavin Griffiths,Rutgers,78397,6-8,"6'8""",80.0,76.89,"6'5""",-3.11,plays_shorter,76.89,"6'5""",-3.11,plays_shorter
2024,Jamichael Davis,Rutgers,78398,6-2,"6'2""",74.0,77.0,"6'5""",3.0,plays_taller,77.0,"6'5""",3.0,plays_taller
2024,Niklas Polonowski,Penn,78399,6-6,"6'6""",78.0,73.75,"6'2""",-4.25,plays_shorter,73.75,"6'2""",-4.25,plays_shorter
2024,Emmanuel Ogbole,Rutgers,78403,6-10,"6'10""",82.0,81.75,"6'10""",-0.25,plays_at_height,81.75,"6'10""",-0.25,plays_at_height
2024,Ahmarie Simpkins,Morgan St.,78404,6-4,"6'4""",76.0,77.28,"6'5""",1.28,plays_taller,77.28,"6'5""",1.28,plays_taller
2024,Demajion Topps,Morgan St.,78405,6-0,"6'0""",72.0,75.34,"6'3""",3.34,plays_taller,75.34,"6'3""",3.34,plays_taller
2024,Blaise Threatt,Weber St.,78406,6-3,"6'3""",75.0,76.4,"6'4""",1.4,plays_taller,76.4,"6'4""",1.4,plays_taller
2024,Christian Oliver,Morgan St.,78407,7-0,"7'0""",84.0,77.47,"6'5""",-6.53,plays_shorter,77.47,"6'5""",-6.53,plays_shorter
2024,Dylan Faulkner,Lipscomb,78410,6-9,"6'9""",81.0,82.68,"6'11""",1.68,plays_taller,82.68,"6'11""",1.68,plays_taller
2024,Cody Head,Lipscomb,78411,6-3,"6'3""",75.0,75.51,"6'4""",0.51,plays_at_height,75.51,"6'4""",0.51,plays_at_height
2024,Colin Ruffin,Lindenwood,78412,6-4,"6'4""",76.0,76.38,"6'4""",0.38,plays_at_height,76.38,"6'4""",0.38,plays_at_height
2024,Julius Ellerbe,Eastern Michigan,78422,6-7,"6'7""",79.0,77.72,"6'6""",-1.28,plays_shorter,77.72,"6'6""",-1.28,plays_shorter
2024,Ben Humrichous,Evansville,78423,6-9,"6'9""",81.0,77.67,"6'6""",-3.33,plays_shorter,77.67,"6'6""",-3.33,plays_shorter
2024,Jon Sanders,Coastal Carolina,78431,6-2,"6'2""",74.0,73.9,"6'2""",-0.1,plays_at_height,73.9,"6'2""",-0.1,plays_at_height
2024,Trent Middleton,Ball St.,78438,6-3,"6'3""",75.0,75.44,"6'3""",0.44,plays_at_height,75.44,"6'3""",0.44,plays_at_height
2024,Aa'Reyon Jones,Coppin St.,78439,6-3,"6'3""",75.0,76.04,"6'4""",1.04,plays_taller,76.04,"6'4""",1.04,plays_taller
2024,Keynan Davis,The Citadel,78443,6-5,"6'5""",77.0,75.96,"6'4""",-1.04,plays_shorter,75.96,"6'4""",-1.04,plays_shorter
2024,Jizzle James,Cincinnati,78444,6-1,"6'1""",73.0,76.23,"6'4""",3.23,plays_taller,76.23,"6'4""",3.23,plays_taller
2024,James Scott,Charleston,78447,6-11,"6'11""",83.0,83.43,"6'11""",0.43,plays_at_height,83.43,"6'11""",0.43,plays_at_height
2024,Marcus Pigram,The Citadel,78451,6-3,"6'3""",75.0,74.76,"6'3""",-0.24,plays_at_height,74.76,"6'3""",-0.24,plays_at_height
2024,Rahmir Barno,Florida Gulf Coast,78453,6-0,"6'0""",72.0,74.86,"6'3""",2.86,plays_taller,74.86,"6'3""",2.86,plays_taller
2024,Donovan Draper,Navy,78455,6-5,"6'5""",77.0,80.97,"6'9""",3.97,plays_taller,80.97,"6'9""",3.97,plays_taller
2024,Deywilk Tavarez,Delaware St.,78456,6-2,"6'2""",74.0,74.98,"6'3""",0.98,plays_taller,74.98,"6'3""",0.98,plays_taller
2024,Jaylen Crocker-Johnson,Little Rock,78458,6-8,"6'8""",80.0,79.32,"6'7""",-0.68,plays_at_height,79.32,"6'7""",-0.68,plays_at_height
2024,Austin Ball,George Mason,78460,6-7,"6'7""",79.0,75.79,"6'4""",-3.21,plays_shorter,75.79,"6'4""",-3.21,plays_shorter
2024,Cooper Bowser,Furman,78463,6-11,"6'11""",83.0,80.38,"6'8""",-2.62,plays_shorter,80.38,"6'8""",-2.62,plays_shorter
2024,Nick Dorn,Elon,78464,6-7,"6'7""",79.0,75.56,"6'4""",-3.44,plays_shorter,75.56,"6'4""",-3.44,plays_shorter
2024,Kaden Gumbs,Texas St.,78465,6-2,"6'2""",74.0,75.98,"6'4""",1.98,plays_taller,75.98,"6'4""",1.98,plays_taller
2024,Ryan Beasley,San Francisco,78467,5-11,"5'11""",71.0,75.59,"6'4""",4.59,plays_taller,75.59,"6'4""",4.59,plays_taller
2024,Sebastian Mack,UCLA,78470,6-3,"6'3""",75.0,76.13,"6'4""",1.13,plays_taller,76.13,"6'4""",1.13,plays_taller
2024,Kendall Campbell,Elon,78471,6-8,"6'8""",80.0,79.83,"6'8""",-0.17,plays_at_height,79.83,"6'8""",-0.17,plays_at_height
2024,Alex Sobel,Sacred Heart,78477,6-8,"6'8""",80.0,83.33,"6'11""",3.33,plays_taller,83.33,"6'11""",3.33,plays_taller
2024,Kintavious Dozier,Grambling St.,78478,6-1,"6'1""",73.0,76.65,"6'5""",3.65,plays_taller,76.65,"6'5""",3.65,plays_taller
2024,Jack Gohlke,Oakland,78481,6-3,"6'3""",75.0,76.01,"6'4""",1.01,plays_taller,76.01,"6'4""",1.01,plays_taller
2024,DQ Cole,Oakland,78482,6-3,"6'3""",75.0,77.4,"6'5""",2.4,plays_taller,77.4,"6'5""",2.4,plays_taller
2024,Tuburu Naivalurua,Oakland,78483,6-6,"6'6""",78.0,80.95,"6'9""",2.95,plays_taller,80.95,"6'9""",2.95,plays_taller
2024,Kobe Newton,Wyoming,78484,6-2,"6'2""",74.0,74.92,"6'3""",0.92,plays_taller,74.92,"6'3""",0.92,plays_taller
2024,Akuel Kot,Wyoming,78485,6-2,"6'2""",74.0,74.34,"6'2""",0.34,plays_at_height,74.34,"6'2""",0.34,plays_at_height
2024,Kyle McGee,Sacred Heart,78487,6-4,"6'4""",76.0,75.35,"6'3""",-0.65,plays_at_height,75.35,"6'3""",-0.65,plays_at_height
2024,Nathan Johnson Jr.,Lindenwood,78489,6-3,"6'3""",75.0,77.44,"6'5""",2.44,plays_taller,77.44,"6'5""",2.44,plays_taller
2024,Isaac Ondekane,Lindenwood,78490,6-8,"6'8""",80.0,78.49,"6'6""",-1.51,plays_shorter,78.49,"6'6""",-1.51,plays_shorter
2024,Jeremiah Talton,Lindenwood,78491,6-6,"6'6""",78.0,75.45,"6'3""",-2.55,plays_shorter,75.45,"6'3""",-2.55,plays_shorter
2024,Bradley Douglas,Little Rock,78492,6-1,"6'1""",73.0,76.09,"6'4""",3.09,plays_taller,76.09,"6'4""",3.09,plays_taller
2024,Jaylon McDaniel,Lindenwood,78495,6-7,"6'7""",79.0,78.03,"6'6""",-0.97,plays_shorter,78.03,"6'6""",-0.97,plays_shorter
2024,Cougar Downing,Little Rock,78496,6-1,"6'1""",73.0,73.93,"6'2""",0.93,plays_taller,73.93,"6'2""",0.93,plays_taller
2024,Michael Imariagbe,Houston Christian,78498,6-7,"6'7""",79.0,79.82,"6'8""",0.82,plays_taller,79.82,"6'8""",0.82,plays_taller
2024,Tru Washington,New Mexico,78503,6-4,"6'4""",76.0,78.21,"6'6""",2.21,plays_taller,78.21,"6'6""",2.21,plays_taller
2024,Tyler Rolison,Nevada,78505,6-0,"6'0""",72.0,75.54,"6'4""",3.54,plays_taller,75.54,"6'4""",3.54,plays_taller
2024,JT Toppin,New Mexico,78506,6-9,"6'9""",81.0,83.77,"7'0""",2.77,plays_taller,83.77,"7'0""",2.77,plays_taller
2024,Jimel Lane,Northwestern St.,78509,6-7,"6'7""",79.0,78.27,"6'6""",-0.73,plays_at_height,78.27,"6'6""",-0.73,plays_at_height
2024,Kendall Hailey,Army,78513,6-3,"6'3""",75.0,75.44,"6'3""",0.44,plays_at_height,75.44,"6'3""",0.44,plays_at_height
2024,Dylan Blair,Army,78514,5-9,"5'9""",69.0,73.85,"6'2""",4.85,plays_taller,73.85,"6'2""",4.85,plays_taller
2024,Ryan Curry,Army,78515,6-0,"6'0""",72.0,74.71,"6'3""",2.71,plays_taller,74.71,"6'3""",2.71,plays_taller
2024,Uchenna Kellman-Nicholes,North Carolina A&T,78519,6-5,"6'5""",77.0,73.94,"6'2""",-3.06,plays_shorter,73.94,"6'2""",-3.06,plays_shorter
2024,Bobby Rosenberger III,Saint Francis,78521,6-5,"6'5""",77.0,75.9,"6'4""",-1.1,plays_shorter,75.9,"6'4""",-1.1,plays_shorter
2024,Carlos Lopez Jr.,Saint Francis,78522,6-2,"6'2""",74.0,73.52,"6'2""",-0.48,plays_at_height,73.52,"6'2""",-0.48,plays_at_height
2024,Dian Wright-Forde,Texas A&M Corpus Chris,78528,6-3,"6'3""",75.0,76.84,"6'5""",1.84,plays_taller,76.84,"6'5""",1.84,plays_taller
2024,Jae Slack,Northwestern St.,78530,6-6,"6'6""",78.0,75.65,"6'4""",-2.35,plays_shorter,75.65,"6'4""",-2.35,plays_shorter
2024,Tedrick Washington Jr.,Texas A&M Corpus Chris,78532,6-2,"6'2""",74.0,75.78,"6'4""",1.78,plays_taller,75.78,"6'4""",1.78,plays_taller
2024,Christian Villegas,Texas A&M Corpus Chris,78533,6-2,"6'2""",74.0,74.33,"6'2""",0.33,plays_at_height,74.33,"6'2""",0.33,plays_at_height
2024,Kam Parker,Texas A&M Corpus Chris,78534,6-2,"6'2""",74.0,74.68,"6'3""",0.68,plays_at_height,74.68,"6'3""",0.68,plays_at_height
2024,Brian Goracke,Montana St.,78538,6-6,"6'6""",78.0,77.38,"6'5""",-0.62,plays_at_height,77.38,"6'5""",-0.62,plays_at_height
2024,Aaron Franklin,Milwaukee,78539,6-5,"6'5""",77.0,77.0,"6'5""",-0.0,plays_at_height,77.0,"6'5""",-0.0,plays_at_height
2024,Darius Duffy,Milwaukee,78540,6-8,"6'8""",80.0,80.97,"6'9""",0.97,plays_taller,80.97,"6'9""",0.97,plays_taller
2024,Bradley Dean,Miami OH,78541,6-2,"6'2""",74.0,75.16,"6'3""",1.16,plays_taller,75.16,"6'3""",1.16,plays_taller
2024,Israel Yaw,Maryland Eastern Shore,78543,6-9,"6'9""",81.0,78.55,"6'7""",-2.45,plays_shorter,78.55,"6'7""",-2.45,plays_shorter
2024,Devon Ellis,Maryland Eastern Shore,78545,6-6,"6'6""",78.0,77.2,"6'5""",-0.8,plays_shorter,77.2,"6'5""",-0.8,plays_shorter
2024,Tyler Mack,Maryland Eastern Shore,78546,6-5,"6'5""",77.0,73.05,"6'1""",-3.95,plays_shorter,73.05,"6'1""",-3.95,plays_shorter
2024,Jaylen Smith,North Florida,78548,5-11,"5'11""",71.0,74.08,"6'2""",3.08,plays_taller,74.08,"6'2""",3.08,plays_taller
2024,Jasai Miles,North Florida,78552,6-6,"6'6""",78.0,77.59,"6'6""",-0.41,plays_at_height,77.59,"6'6""",-0.41,plays_at_height
2024,Darik Dissette,North Dakota St.,78555,6-4,"6'4""",76.0,76.69,"6'5""",0.69,plays_at_height,76.69,"6'5""",0.69,plays_at_height
2024,Brandon McCreesh,Bucknell,78559,6-4,"6'4""",76.0,75.73,"6'4""",-0.27,plays_at_height,75.73,"6'4""",-0.27,plays_at_height
2024,Myles Che,Chattanooga,78560,6-2,"6'2""",74.0,75.11,"6'3""",1.11,plays_taller,75.11,"6'3""",1.11,plays_taller
2024,Tylen Riley,Cal Baptist,78563,6-3,"6'3""",75.0,74.85,"6'3""",-0.15,plays_at_height,74.85,"6'3""",-0.15,plays_at_height
2024,Andre Nunley,Prairie View A&M,78565,5-10,"5'10""",70.0,77.76,"6'6""",7.76,plays_taller,77.76,"6'6""",7.76,plays_taller
2024,Chris Felix Jr.,Prairie View A&M,78568,6-5,"6'5""",77.0,75.27,"6'3""",-1.73,plays_shorter,75.27,"6'3""",-1.73,plays_shorter
2024,Tyler Perkins,Penn,78571,6-4,"6'4""",76.0,76.99,"6'5""",0.99,plays_taller,76.99,"6'5""",0.99,plays_taller
2024,Isaiah Salter,Le Moyne,78573,6-0,"6'0""",72.0,74.53,"6'3""",2.53,plays_taller,74.53,"6'3""",2.53,plays_taller
2024,Jay Alvarez,Houston Christian,78575,6-5,"6'5""",77.0,76.13,"6'4""",-0.87,plays_shorter,76.13,"6'4""",-0.87,plays_shorter
2024,Rob Whaley Jr.,UNLV,78580,6-7,"6'7""",79.0,79.84,"6'8""",0.84,plays_taller,79.84,"6'8""",0.84,plays_taller
2024,Caleb Johnson,Jacksonville St.,78581,6-7,"6'7""",79.0,76.14,"6'4""",-2.86,plays_shorter,76.14,"6'4""",-2.86,plays_shorter
2024,Andres Burney,Jacksonville St.,78582,6-9,"6'9""",81.0,80.58,"6'9""",-0.42,plays_at_height,80.58,"6'9""",-0.42,plays_at_height
2024,Michael Bradley,Northern Kentucky,78584,6-0,"6'0""",72.0,73.9,"6'2""",1.9,plays_taller,73.9,"6'2""",1.9,plays_taller
2024,Elliot Cadeau,North Carolina,78589,6-1,"6'1""",73.0,75.98,"6'4""",2.98,plays_taller,75.98,"6'4""",2.98,plays_taller
2024,Nasir Whitlock,Lehigh,78590,6-2,"6'2""",74.0,74.33,"6'2""",0.33,plays_at_height,74.33,"6'2""",0.33,plays_at_height
2024,Alex Bates IV,Iona,78593,6-5,"6'5""",77.0,74.33,"6'2""",-2.67,plays_shorter,74.33,"6'2""",-2.67,plays_shorter
2024,Vasean Allette,Old Dominion,78598,6-3,"6'3""",75.0,76.68,"6'5""",1.68,plays_taller,76.68,"6'5""",1.68,plays_taller
2024,Eric Dailey Jr.,Oklahoma St.,78601,6-8,"6'8""",80.0,78.87,"6'7""",-1.13,plays_shorter,78.87,"6'7""",-1.13,plays_shorter
2024,Jamyron Keller,Oklahoma St.,78603,6-3,"6'3""",75.0,76.46,"6'4""",1.46,plays_taller,76.46,"6'4""",1.46,plays_taller
2024,Connor Dow,Oklahoma St.,78604,6-6,"6'6""",78.0,77.02,"6'5""",-0.98,plays_shorter,77.02,"6'5""",-0.98,plays_shorter
2024,Brandon Garrison,Oklahoma St.,78605,6-11,"6'11""",83.0,81.97,"6'10""",-1.03,plays_shorter,81.97,"6'10""",-1.03,plays_shorter
2024,Mayuom Buom,South Dakota,78607,6-10,"6'10""",82.0,79.96,"6'8""",-2.04,plays_shorter,79.96,"6'8""",-2.04,plays_shorter
2024,PJ Hayes,San Diego,78608,6-6,"6'6""",78.0,75.18,"6'3""",-2.82,plays_shorter,75.18,"6'3""",-2.82,plays_shorter
2024,Quentin Jones,Cal Poly,78610,6-5,"6'5""",77.0,76.31,"6'4""",-0.69,plays_at_height,76.31,"6'4""",-0.69,plays_at_height
2024,Justin Page,Cal Poly,78611,6-5,"6'5""",77.0,74.2,"6'2""",-2.8,plays_shorter,74.2,"6'2""",-2.8,plays_shorter
2024,Colby Duggan,Campbell,78613,6-7,"6'7""",79.0,75.49,"6'3""",-3.51,plays_shorter,75.49,"6'3""",-3.51,plays_shorter
2024,Dylan Mclean,Alabama A&M,78615,6-4,"6'4""",76.0,75.8,"6'4""",-0.2,plays_at_height,75.8,"6'4""",-0.2,plays_at_height
2024,Okechukwu Okeke,FIU,78622,6-9,"6'9""",81.0,80.62,"6'9""",-0.38,plays_at_height,80.62,"6'9""",-0.38,plays_at_height
2024,Jaidon Lipscomb,FIU,78623,6-5,"6'5""",77.0,75.03,"6'3""",-1.97,plays_shorter,75.03,"6'3""",-1.97,plays_shorter
2024,Camian Shell,North Carolina A&T,78625,5-10,"5'10""",70.0,74.6,"6'3""",4.6,plays_taller,74.6,"6'3""",4.6,plays_taller
2024,Aric Demings,Utah Tech,78628,6-0,"6'0""",72.0,74.32,"6'2""",2.32,plays_taller,74.32,"6'2""",2.32,plays_taller
2024,Angelo Kambala,Utah Tech,78629,6-0,"6'0""",72.0,73.2,"6'1""",1.2,plays_taller,73.2,"6'1""",1.2,plays_taller
2024,Tennessee Rainwater,Utah Tech,78630,6-6,"6'6""",78.0,76.98,"6'5""",-1.02,plays_shorter,76.98,"6'5""",-1.02,plays_shorter
2024,Peyton Smith,Fairfield,78634,6-10,"6'10""",82.0,78.39,"6'6""",-3.61,plays_shorter,78.39,"6'6""",-3.61,plays_shorter
2024,Evan Phelps,East Texas A&M,78636,6-0,"6'0""",72.0,74.41,"6'2""",2.41,plays_taller,74.41,"6'2""",2.41,plays_taller
2024,KC Ugwuakazi,East Texas A&M,78637,6-8,"6'8""",80.0,79.71,"6'8""",-0.29,plays_at_height,79.71,"6'8""",-0.29,plays_at_height
2024,Jahmere Tripp,Fordham,78638,6-6,"6'6""",78.0,76.53,"6'5""",-1.47,plays_shorter,76.53,"6'5""",-1.47,plays_shorter
2024,Jason Edwards,North Texas,78641,6-1,"6'1""",73.0,74.92,"6'3""",1.92,plays_taller,74.92,"6'3""",1.92,plays_taller
2024,Johnny Kinziger,Illinois St.,78642,5-11,"5'11""",71.0,75.37,"6'3""",4.37,plays_taller,75.37,"6'3""",4.37,plays_taller
2024,Ty Pence,Illinois St.,78643,6-6,"6'6""",78.0,75.36,"6'3""",-2.64,plays_shorter,75.36,"6'3""",-2.64,plays_shorter
2024,Kristian Gonzalez,Idaho,78647,6-3,"6'3""",75.0,75.35,"6'3""",0.35,plays_at_height,75.35,"6'3""",0.35,plays_at_height
2024,Cam Estevez,Rhode Island,78648,6-3,"6'3""",75.0,75.28,"6'3""",0.28,plays_at_height,75.28,"6'3""",0.28,plays_at_height
2024,Thomas Ndong,Oregon St.,78649,6-10,"6'10""",82.0,76.86,"6'5""",-5.14,plays_shorter,76.86,"6'5""",-5.14,plays_shorter
2024,Josiah Lake,Oregon St.,78651,6-2,"6'2""",74.0,77.81,"6'6""",3.81,plays_taller,77.81,"6'6""",3.81,plays_taller
2024,David Fuchs,Rhode Island,78654,6-9,"6'9""",81.0,80.17,"6'8""",-0.83,plays_shorter,80.17,"6'8""",-0.83,plays_shorter
2024,Nils Cooper,Pepperdine,78656,6-5,"6'5""",77.0,78.41,"6'6""",1.41,plays_taller,78.41,"6'6""",1.41,plays_taller
2024,Davion Bailey,Ball St.,78660,6-4,"6'4""",76.0,74.69,"6'3""",-1.31,plays_shorter,74.69,"6'3""",-1.31,plays_shorter
2024,Chaney Johnson,Auburn,78661,6-7,"6'7""",79.0,79.39,"6'7""",0.39,plays_at_height,79.39,"6'7""",0.39,plays_at_height
2024,Justin Bodo Bodo,High Point,78663,7-0,"7'0""",84.0,85.01,"7'1""",1.01,plays_taller,85.01,"7'1""",1.01,plays_taller
2024,Porter Bazil,Houston Christian,78664,6-7,"6'7""",79.0,77.05,"6'5""",-1.95,plays_shorter,77.05,"6'5""",-1.95,plays_shorter
2024,A.J. Wills,Holy Cross,78665,6-2,"6'2""",74.0,72.56,"6'1""",-1.44,plays_shorter,72.56,"6'1""",-1.44,plays_shorter
2024,Ethan Okwuosa,Boston University,78666,6-2,"6'2""",74.0,76.7,"6'5""",2.7,plays_taller,76.7,"6'5""",2.7,plays_taller
2024,Matt Mayock,American,78668,6-7,"6'7""",79.0,75.13,"6'3""",-3.87,plays_shorter,75.13,"6'3""",-3.87,plays_shorter
2024,Greg Jones,American,78671,6-6,"6'6""",78.0,76.0,"6'4""",-2.0,plays_shorter,76.0,"6'4""",-2.0,plays_shorter
2024,Jimmy Oladokun Jr.,San Diego,78674,6-9,"6'9""",81.0,78.8,"6'7""",-2.2,plays_shorter,78.8,"6'7""",-2.2,plays_shorter
2024,Keyon Kensie,San Diego,78675,6-7,"6'7""",79.0,77.23,"6'5""",-1.77,plays_shorter,77.23,"6'5""",-1.77,plays_shorter
2024,Aden Holloway,Auburn,78677,6-1,"6'1""",73.0,73.85,"6'2""",0.85,plays_taller,73.85,"6'2""",0.85,plays_taller
2024,Nikolaos Chitikoudis,North Carolina A&T,78678,6-9,"6'9""",81.0,80.2,"6'8""",-0.8,plays_shorter,80.2,"6'8""",-0.8,plays_shorter
2024,Jaylen Wysinger,Texas Southern,78681,6-0,"6'0""",72.0,76.11,"6'4""",4.11,plays_taller,76.11,"6'4""",4.11,plays_taller
2024,Ja'Kobe Walter,Baylor,78684,6-5,"6'5""",77.0,77.24,"6'5""",0.24,plays_at_height,77.24,"6'5""",0.24,plays_at_height
2024,Daniel Loos,Austin Peay,78687,6-6,"6'6""",78.0,78.39,"6'6""",0.39,plays_at_height,78.39,"6'6""",0.39,plays_at_height
2024,Chidi Umeh,Mississippi Valley St.,78690,6-8,"6'8""",80.0,73.79,"6'2""",-6.21,plays_shorter,73.79,"6'2""",-6.21,plays_shorter
2024,Yaxel Lendeborg,UAB,78699,6-9,"6'9""",81.0,83.18,"6'11""",2.18,plays_taller,83.18,"6'11""",2.18,plays_taller
2024,Carlous Williams,Tulsa,78700,6-5,"6'5""",77.0,77.78,"6'6""",0.78,plays_taller,77.78,"6'6""",0.78,plays_taller
2024,Jaylen Searles,Utah Tech,78701,6-8,"6'8""",80.0,77.04,"6'5""",-2.96,plays_shorter,77.04,"6'5""",-2.96,plays_shorter
2024,Ethan Pickett,Illinois Chicago,78702,6-4,"6'4""",76.0,77.94,"6'6""",1.94,plays_taller,77.94,"6'6""",1.94,plays_taller
2024,Kalifa Sakho,Utah St.,78703,6-11,"6'11""",83.0,79.4,"6'7""",-3.6,plays_shorter,79.4,"6'7""",-3.6,plays_shorter
2024,Larry Olayinka,Utah Tech,78704,6-9,"6'9""",81.0,82.52,"6'11""",1.52,plays_taller,82.52,"6'11""",1.52,plays_taller
2024,Reginald Reynolds,Mississippi Valley St.,78706,6-5,"6'5""",77.0,75.18,"6'3""",-1.82,plays_shorter,75.18,"6'3""",-1.82,plays_shorter
2024,David Douglas Jr.,Green Bay,78709,6-5,"6'5""",77.0,75.75,"6'4""",-1.25,plays_shorter,75.75,"6'4""",-1.25,plays_shorter
2024,Marcus Hall,Green Bay,78710,6-6,"6'6""",78.0,77.43,"6'5""",-0.57,plays_at_height,77.43,"6'5""",-0.57,plays_at_height
2024,Mark Butler,Lafayette,78714,5-10,"5'10""",70.0,75.46,"6'3""",5.46,plays_taller,75.46,"6'3""",5.46,plays_taller
2024,Joshua Wyche,Lafayette,78715,6-6,"6'6""",78.0,78.49,"6'6""",0.49,plays_at_height,78.49,"6'6""",0.49,plays_at_height
2024,Luke Rasmussen,Lafayette,78716,6-7,"6'7""",79.0,76.1,"6'4""",-2.9,plays_shorter,76.1,"6'4""",-2.9,plays_shorter
2024,Taylor Bol Bowen,Florida St.,78718,6-10,"6'10""",82.0,80.32,"6'8""",-1.68,plays_shorter,80.32,"6'8""",-1.68,plays_shorter
2024,Rich Barron,Providence,78719,6-5,"6'5""",77.0,74.93,"6'3""",-2.07,plays_shorter,74.93,"6'3""",-2.07,plays_shorter
2024,Garwey Dual,Providence,78720,6-5,"6'5""",77.0,76.33,"6'4""",-0.67,plays_at_height,76.33,"6'4""",-0.67,plays_at_height
2024,Kory Mincy,Presbyterian,78722,6-1,"6'1""",73.0,74.97,"6'3""",1.97,plays_taller,74.97,"6'3""",1.97,plays_taller
2024,Tyler Harris,Portland,78725,6-8,"6'8""",80.0,78.86,"6'7""",-1.14,plays_shorter,78.86,"6'7""",-1.14,plays_shorter
2024,Joel Scott,Colorado St.,78732,6-7,"6'7""",79.0,80.69,"6'9""",1.69,plays_taller,80.69,"6'9""",1.69,plays_taller
2024,Day Day Thomas,Cincinnati,78733,6-0,"6'0""",72.0,76.31,"6'4""",4.31,plays_taller,76.31,"6'4""",4.31,plays_taller
2024,Karon Boyd,East Tennessee St.,78734,6-5,"6'5""",77.0,78.48,"6'6""",1.48,plays_taller,78.48,"6'6""",1.48,plays_taller
2024,Kobe Rodgers,Charleston,78736,6-3,"6'3""",75.0,78.7,"6'7""",3.7,plays_taller,78.7,"6'7""",3.7,plays_taller
2024,Aidan Rubio,Central Michigan,78737,6-6,"6'6""",78.0,76.49,"6'4""",-1.51,plays_shorter,76.49,"6'4""",-1.51,plays_shorter
2024,J.C. Riley Jr.,Northwestern St.,78740,6-10,"6'10""",82.0,79.9,"6'8""",-2.1,plays_shorter,79.9,"6'8""",-2.1,plays_shorter
2024,Isaac Tavares,Fresno St.,78748,6-5,"6'5""",77.0,77.51,"6'6""",0.51,plays_at_height,77.51,"6'6""",0.51,plays_at_height
2024,Isaiah Wyatt,UTSA,78751,6-4,"6'4""",76.0,75.52,"6'4""",-0.48,plays_at_height,75.52,"6'4""",-0.48,plays_at_height
2024,Chandler Cuthrell,UTSA,78752,6-8,"6'8""",80.0,78.97,"6'7""",-1.03,plays_shorter,78.97,"6'7""",-1.03,plays_shorter
2024,Corey Camper Jr.,UTEP,78753,6-5,"6'5""",77.0,76.65,"6'5""",-0.35,plays_at_height,76.65,"6'5""",-0.35,plays_at_height
2024,Saliou Seye,UT Rio Grande Valley,78754,7-0,"7'0""",84.0,77.86,"6'6""",-6.14,plays_shorter,77.86,"6'6""",-6.14,plays_shorter
2024,Rodney Johnson Jr.,Tennessee Tech,78755,6-5,"6'5""",77.0,78.37,"6'6""",1.37,plays_taller,78.37,"6'6""",1.37,plays_taller
2024,Hasan Abdul-Hakim,UT Rio Grande Valley,78759,6-8,"6'8""",80.0,78.22,"6'6""",-1.78,plays_shorter,78.22,"6'6""",-1.78,plays_shorter
2024,Djordje Curcic,Saint Louis,78763,6-2,"6'2""",74.0,75.09,"6'3""",1.09,plays_taller,75.09,"6'3""",1.09,plays_taller
2024,Cian Medley,Saint Louis,78766,5-11,"5'11""",71.0,74.68,"6'3""",3.68,plays_taller,74.68,"6'3""",3.68,plays_taller
2024,Xzayvier Brown,Saint Joseph's,78767,6-2,"6'2""",74.0,75.68,"6'4""",1.68,plays_taller,75.68,"6'4""",1.68,plays_taller
2024,Anthony Finkley,Saint Joseph's,78768,6-6,"6'6""",78.0,76.39,"6'4""",-1.61,plays_shorter,76.39,"6'4""",-1.61,plays_shorter
2024,Christian Hammond,Santa Clara,78770,6-4,"6'4""",76.0,75.57,"6'4""",-0.43,plays_at_height,75.57,"6'4""",-0.43,plays_at_height
2024,Elmarko Jackson,Kansas,78772,6-3,"6'3""",75.0,76.29,"6'4""",1.29,plays_taller,76.29,"6'4""",1.29,plays_taller
2024,Marqus Marion,Wake Forest,78774,6-8,"6'8""",80.0,79.39,"6'7""",-0.61,plays_at_height,79.39,"6'7""",-0.61,plays_at_height
2024,Mike Williams III,LSU,78775,6-3,"6'3""",75.0,75.97,"6'4""",0.97,plays_taller,75.97,"6'4""",0.97,plays_taller
2024,Nikola Djapa,LIU,78777,7-0,"7'0""",84.0,79.58,"6'8""",-4.42,plays_shorter,79.58,"6'8""",-4.42,plays_shorter
2024,Parker Friedrichsen,Wake Forest,78778,6-3,"6'3""",75.0,76.02,"6'4""",1.02,plays_taller,76.02,"6'4""",1.02,plays_taller
2024,Brandon Rechsteiner,Virginia Tech,78779,6-1,"6'1""",73.0,74.52,"6'3""",1.52,plays_taller,74.52,"6'3""",1.52,plays_taller
2024,Jaydon Young,Virginia Tech,78781,6-4,"6'4""",76.0,74.51,"6'3""",-1.49,plays_shorter,74.51,"6'3""",-1.49,plays_shorter
2024,Trent Johnson,Idaho St.,78785,6-7,"6'7""",79.0,77.58,"6'6""",-1.42,plays_shorter,77.58,"6'6""",-1.42,plays_shorter
2024,Ja'Derryus Eatmon,Florida A&M,78787,6-9,"6'9""",81.0,78.81,"6'7""",-2.19,plays_shorter,78.81,"6'7""",-2.19,plays_shorter
2024,PJay Smith Jr,Furman,78789,6-0,"6'0""",72.0,74.69,"6'3""",2.69,plays_taller,74.69,"6'3""",2.69,plays_taller
2024,RJ Sunahara,Georgia,78791,6-8,"6'8""",80.0,78.26,"6'6""",-1.74,plays_shorter,78.26,"6'6""",-1.74,plays_shorter
2024,Isaiah Griffin,Idaho St.,78792,6-6,"6'6""",78.0,77.1,"6'5""",-0.9,plays_shorter,77.1,"6'5""",-0.9,plays_shorter
2024,Kiree Huie,Idaho St.,78793,6-9,"6'9""",81.0,79.41,"6'7""",-1.59,plays_shorter,79.41,"6'7""",-1.59,plays_shorter
2024,Izzy Miles,Tarleton St.,78797,6-2,"6'2""",74.0,74.83,"6'3""",0.83,plays_taller,74.83,"6'3""",0.83,plays_taller
2024,Emmanuel Innocenti,Tarleton St.,78798,6-5,"6'5""",77.0,77.73,"6'6""",0.73,plays_at_height,77.73,"6'6""",0.73,plays_at_height
2024,Bubu Benjamin,Tarleton St.,78799,6-7,"6'7""",79.0,76.5,"6'5""",-2.5,plays_shorter,76.5,"6'5""",-2.5,plays_shorter
2024,Chase Forte,Northwestern St.,78800,6-4,"6'4""",76.0,77.52,"6'6""",1.52,plays_taller,77.52,"6'6""",1.52,plays_taller
2024,Tyreese Watson,Louisiana Monroe,78801,6-4,"6'4""",76.0,76.15,"6'4""",0.15,plays_at_height,76.15,"6'4""",0.15,plays_at_height
2024,Sean Smith,Alabama St.,78804,6-3,"6'3""",75.0,76.16,"6'4""",1.16,plays_taller,76.16,"6'4""",1.16,plays_taller
2024,Ubong Okon,Alabama St.,78805,7-1,"7'1""",85.0,82.79,"6'11""",-2.21,plays_shorter,82.79,"6'11""",-2.21,plays_shorter
2024,Micah Octave,Alabama St.,78807,6-5,"6'5""",77.0,78.0,"6'6""",1.0,plays_taller,78.0,"6'6""",1.0,plays_taller
2024,CJ Hines,Alabama St.,78808,6-2,"6'2""",74.0,74.55,"6'3""",0.55,plays_at_height,74.55,"6'3""",0.55,plays_at_height
2024,Roy Jones III,UT Rio Grande Valley,78809,5-10,"5'10""",70.0,73.87,"6'2""",3.87,plays_taller,73.87,"6'2""",3.87,plays_taller
2024,Brentay Noel,Southern,78810,6-10,"6'10""",82.0,83.23,"6'11""",1.23,plays_taller,83.23,"6'11""",1.23,plays_taller
2024,Bryson Hall,Southern Miss,78811,6-6,"6'6""",78.0,76.69,"6'5""",-1.31,plays_shorter,76.69,"6'5""",-1.31,plays_shorter
2024,Chris Mubiru,Northwestern St.,78812,6-5,"6'5""",77.0,76.1,"6'4""",-0.9,plays_shorter,76.1,"6'4""",-0.9,plays_shorter
2024,Michael Wilson,Sacramento St.,78814,6-2,"6'2""",74.0,75.49,"6'3""",1.49,plays_taller,75.49,"6'3""",1.49,plays_taller
2024,Baye Ndongo,Georgia Tech,78815,6-9,"6'9""",81.0,81.2,"6'9""",0.2,plays_at_height,81.2,"6'9""",0.2,plays_at_height
2024,Darryl Simmons II,Gardner Webb,78816,5-11,"5'11""",71.0,74.78,"6'3""",3.78,plays_taller,74.78,"6'3""",3.78,plays_taller
2024,Ron Jessamy,Mount St. Mary's,78820,6-8,"6'8""",80.0,81.51,"6'10""",1.51,plays_taller,81.51,"6'10""",1.51,plays_taller
2024,Tyler Bey,Missouri St.,78822,6-8,"6'8""",80.0,77.43,"6'5""",-2.57,plays_shorter,77.43,"6'5""",-2.57,plays_shorter
2024,Dallas Hobbs,Mount St. Mary's,78826,6-1,"6'1""",73.0,75.31,"6'3""",2.31,plays_taller,75.31,"6'3""",2.31,plays_taller
2024,Cam Christie,Minnesota,78827,6-6,"6'6""",78.0,76.28,"6'4""",-1.72,plays_shorter,76.28,"6'4""",-1.72,plays_shorter
2024,Lawrent Rice,Murray St.,78828,6-3,"6'3""",75.0,76.87,"6'5""",1.87,plays_taller,76.87,"6'5""",1.87,plays_taller
2024,Jake Brack,South Dakota,78831,6-9,"6'9""",81.0,76.69,"6'5""",-4.31,plays_shorter,76.69,"6'5""",-4.31,plays_shorter
2024,Jayden Reid,South Florida,78838,5-10,"5'10""",70.0,75.13,"6'3""",5.13,plays_taller,75.13,"6'3""",5.13,plays_taller
2024,Dillon Bailey,Wofford,78841,6-3,"6'3""",75.0,74.65,"6'3""",-0.35,plays_at_height,74.65,"6'3""",-0.35,plays_at_height
2024,Jalen Cooper,Cal St. Fullerton,78842,6-6,"6'6""",78.0,77.02,"6'5""",-0.98,plays_shorter,77.02,"6'5""",-0.98,plays_shorter
2024,Kaspar Sepp,Valparaiso,78844,6-7,"6'7""",79.0,77.13,"6'5""",-1.87,plays_shorter,77.13,"6'5""",-1.87,plays_shorter
2024,Cooper Schwieger,Valparaiso,78845,6-9,"6'9""",81.0,78.34,"6'6""",-2.66,plays_shorter,78.34,"6'6""",-2.66,plays_shorter
2024,Isaiah West,Vanderbilt,78846,6-2,"6'2""",74.0,76.04,"6'4""",2.04,plays_taller,76.04,"6'4""",2.04,plays_taller
2024,Jahari Williamson,Valparaiso,78848,6-1,"6'1""",73.0,74.57,"6'3""",1.57,plays_taller,74.57,"6'3""",1.57,plays_taller
2024,Sherman Weatherspoon IV,Valparaiso,78849,6-2,"6'2""",74.0,74.21,"6'2""",0.21,plays_at_height,74.21,"6'2""",0.21,plays_at_height
2024,Malik Presley,Vanderbilt,78853,6-6,"6'6""",78.0,77.36,"6'5""",-0.64,plays_at_height,77.36,"6'5""",-0.64,plays_at_height
2024,Jordan Jones,Central Connecticut,78854,6-0,"6'0""",72.0,76.19,"6'4""",4.19,plays_taller,76.19,"6'4""",4.19,plays_taller
2024,Johnny Furphy,Kansas,78860,6-9,"6'9""",81.0,79.27,"6'7""",-1.73,plays_shorter,79.27,"6'7""",-1.73,plays_shorter
2024,Ahmad Henderson II,Niagara,78865,5-9,"5'9""",69.0,74.4,"6'2""",5.4,plays_taller,74.4,"6'2""",5.4,plays_taller
2024,Brigham Rogers,Belmont,78870,6-9,"6'9""",81.0,79.57,"6'8""",-1.43,plays_shorter,79.57,"6'8""",-1.43,plays_shorter
2024,Evan Ashe,Binghamton,78871,6-3,"6'3""",75.0,74.36,"6'2""",-0.64,plays_at_height,74.36,"6'2""",-0.64,plays_at_height
2024,Gavin Walsh,Binghamton,78872,6-8,"6'8""",80.0,76.67,"6'5""",-3.33,plays_shorter,76.67,"6'5""",-3.33,plays_shorter
2024,Win Miller,Belmont,78875,6-3,"6'3""",75.0,74.58,"6'3""",-0.42,plays_at_height,74.58,"6'3""",-0.42,plays_at_height
2024,Tyson Brown,Rhode Island,78876,6-9,"6'9""",81.0,80.08,"6'8""",-0.92,plays_shorter,80.08,"6'8""",-0.92,plays_shorter
2024,Always Wright,Rhode Island,78877,6-3,"6'3""",75.0,75.0,"6'3""",-0.0,plays_at_height,75.0,"6'3""",-0.0,plays_at_height
2024,Michael Ajayi,Pepperdine,78878,6-7,"6'7""",79.0,79.64,"6'8""",0.64,plays_at_height,79.64,"6'8""",0.64,plays_at_height
2024,Jonah Pierce,Presbyterian,78879,6-9,"6'9""",81.0,80.56,"6'9""",-0.44,plays_at_height,80.56,"6'9""",-0.44,plays_at_height
2024,Noah Jordan,Portland,78880,6-7,"6'7""",79.0,77.1,"6'5""",-1.9,plays_shorter,77.1,"6'5""",-1.9,plays_shorter
2024,Jacobi Sebock,Queens,78881,6-6,"6'6""",78.0,78.0,"6'6""",0.0,plays_at_height,78.0,"6'6""",0.0,plays_at_height
2024,Jaxon Pollard,Queens,78883,6-7,"6'7""",79.0,76.69,"6'5""",-2.31,plays_shorter,76.69,"6'5""",-2.31,plays_shorter
2024,Deyton Albury,Queens,78884,6-2,"6'2""",74.0,77.98,"6'6""",3.98,plays_taller,77.98,"6'6""",3.98,plays_taller
2024,Donovan Rivers,Jacksonville,78886,6-9,"6'9""",81.0,79.74,"6'8""",-1.26,plays_shorter,79.74,"6'8""",-1.26,plays_shorter
2024,Mekhi Cooper,Miami OH,78891,6-1,"6'1""",73.0,75.19,"6'3""",2.19,plays_taller,75.19,"6'3""",2.19,plays_taller
2024,Evan Ipsaro,Miami OH,78893,6-0,"6'0""",72.0,74.87,"6'3""",2.87,plays_taller,74.87,"6'3""",2.87,plays_taller
2024,Paul Djobet,Miami FL,78897,6-7,"6'7""",79.0,75.98,"6'4""",-3.02,plays_shorter,75.98,"6'4""",-3.02,plays_shorter
2024,Eian Elmer,Miami OH,78898,6-6,"6'6""",78.0,79.17,"6'7""",1.17,plays_taller,79.17,"6'7""",1.17,plays_taller
2024,Keanu Dawes,Rice,78899,6-9,"6'9""",81.0,78.2,"6'6""",-2.8,plays_shorter,78.2,"6'6""",-2.8,plays_shorter
2024,DJ Dudley,Rider,78900,6-4,"6'4""",76.0,77.01,"6'5""",1.01,plays_taller,77.01,"6'5""",1.01,plays_taller
2024,Daemar Kelly,Quinnipiac,78901,6-5,"6'5""",77.0,76.66,"6'5""",-0.34,plays_at_height,76.66,"6'5""",-0.34,plays_at_height
2024,Trenton Walters,Radford,78902,5-9,"5'9""",69.0,72.91,"6'1""",3.91,plays_taller,72.91,"6'1""",3.91,plays_taller
2024,Rihards Vavers,Quinnipiac,78904,6-7,"6'7""",79.0,76.37,"6'4""",-2.63,plays_shorter,76.37,"6'4""",-2.63,plays_shorter
2024,Marlon Short,UMBC,78909,6-6,"6'6""",78.0,75.28,"6'3""",-2.72,plays_shorter,75.28,"6'3""",-2.72,plays_shorter
2024,Teagan Moore,Western Kentucky,78911,6-5,"6'5""",77.0,77.57,"6'6""",0.57,plays_at_height,77.57,"6'6""",0.57,plays_at_height
2024,Jayden Lemond,William & Mary,78914,6-4,"6'4""",76.0,75.26,"6'3""",-0.74,plays_at_height,75.26,"6'3""",-0.74,plays_at_height
2024,Noah Van Bibber,Winthrop,78916,6-5,"6'5""",77.0,74.34,"6'2""",-2.66,plays_shorter,74.34,"6'2""",-2.66,plays_shorter
2024,Chrisitan Wise,San Jose St.,78918,6-6,"6'6""",78.0,80.44,"6'8""",2.44,plays_taller,80.44,"6'8""",2.44,plays_taller
2024,Jordan Johnson,Southern,78921,6-4,"6'4""",76.0,74.75,"6'3""",-1.25,plays_shorter,74.75,"6'3""",-1.25,plays_shorter
2024,Kolton Mitchell,Idaho St.,78924,6-1,"6'1""",73.0,76.45,"6'4""",3.45,plays_taller,76.45,"6'4""",3.45,plays_taller
2024,Joseph Tugler,Houston,78925,6-7,"6'7""",79.0,82.72,"6'11""",3.72,plays_taller,82.72,"6'11""",3.72,plays_taller
2024,Ryan Nutter,Marshall,78934,6-4,"6'4""",76.0,75.51,"6'4""",-0.49,plays_at_height,75.51,"6'4""",-0.49,plays_at_height
2024,Luka Krajnovic,Gonzaga,78939,6-5,"6'5""",77.0,76.68,"6'5""",-0.32,plays_at_height,76.68,"6'5""",-0.32,plays_at_height
2024,Abdi Bashir Jr.,Monmouth,78942,6-7,"6'7""",79.0,73.06,"6'1""",-5.94,plays_shorter,73.06,"6'1""",-5.94,plays_shorter
2024,Anthony Robinson II,Missouri,78943,6-2,"6'2""",74.0,77.98,"6'6""",3.98,plays_taller,77.98,"6'6""",3.98,plays_taller
2024,Jordan Butler,Missouri,78944,7-0,"7'0""",84.0,80.13,"6'8""",-3.87,plays_shorter,80.13,"6'8""",-3.87,plays_shorter
2024,Kevin Overton,Drake,78947,6-5,"6'5""",77.0,76.31,"6'4""",-0.69,plays_at_height,76.31,"6'4""",-0.69,plays_at_height
2024,Kamron Hobbs,Morgan St.,78948,5-10,"5'10""",70.0,74.4,"6'2""",4.4,plays_taller,74.4,"6'2""",4.4,plays_taller
2024,Ladji Dembele,Iowa,78949,6-8,"6'8""",80.0,77.7,"6'6""",-2.3,plays_shorter,77.7,"6'6""",-2.3,plays_shorter
2024,Pryce Sandfort,Iowa,78950,6-6,"6'6""",78.0,74.36,"6'2""",-3.64,plays_shorter,74.36,"6'2""",-3.64,plays_shorter
2024,Brock Harding,Iowa,78954,6-0,"6'0""",72.0,73.67,"6'2""",1.67,plays_taller,73.67,"6'2""",1.67,plays_taller
2024,Cliff Davis,Northwestern St.,78955,6-2,"6'2""",74.0,74.76,"6'3""",0.76,plays_taller,74.76,"6'3""",0.76,plays_taller
2024,Dejour Reaves,Northern Colorado,78956,6-0,"6'0""",72.0,75.24,"6'3""",3.24,plays_taller,75.24,"6'3""",3.24,plays_taller
2024,Ahmad Robinson,New Hampshire,78957,5-10,"5'10""",70.0,76.01,"6'4""",6.01,plays_taller,76.01,"6'4""",6.01,plays_taller
2024,Malek Abdelgowad,Murray St.,78959,6-10,"6'10""",82.0,78.45,"6'6""",-3.55,plays_shorter,78.45,"6'6""",-3.55,plays_shorter
2024,Riley Minix,Morehead St.,78960,6-7,"6'7""",79.0,81.03,"6'9""",2.03,plays_taller,81.03,"6'9""",2.03,plays_taller
2024,Baraka Okojie,George Mason,78967,6-3,"6'3""",75.0,76.41,"6'4""",1.41,plays_taller,76.41,"6'4""",1.41,plays_taller
2024,Jamie Kaiser Jr.,Maryland,78968,6-6,"6'6""",78.0,76.06,"6'4""",-1.94,plays_shorter,76.06,"6'4""",-1.94,plays_shorter
2024,Jaylen Curry,Massachusetts,78969,6-0,"6'0""",72.0,74.59,"6'3""",2.59,plays_taller,74.59,"6'3""",2.59,plays_taller
2024,Robert Davis Jr.,Massachusetts,78970,6-6,"6'6""",78.0,75.73,"6'4""",-2.27,plays_shorter,75.73,"6'4""",-2.27,plays_shorter
2024,Dedan Thomas Jr.,UNLV,78971,6-1,"6'1""",73.0,74.82,"6'3""",1.82,plays_taller,74.82,"6'3""",1.82,plays_taller
2024,Braylen Blue,Saint Francis,78979,6-5,"6'5""",77.0,74.9,"6'3""",-2.1,plays_shorter,74.9,"6'3""",-2.1,plays_shorter
2024,Alex Kovatchev,Sacramento St.,78980,6-5,"6'5""",77.0,76.07,"6'4""",-0.93,plays_shorter,76.07,"6'4""",-0.93,plays_shorter
2024,Bo Beatty,Sacramento St.,78981,7-0,"7'0""",84.0,78.63,"6'7""",-5.37,plays_shorter,78.63,"6'7""",-5.37,plays_shorter
2024,Lukas Walls,Samford,78982,6-5,"6'5""",77.0,75.38,"6'3""",-1.62,plays_shorter,75.38,"6'3""",-1.62,plays_shorter
2024,Josh Holloway,Samford,78983,6-2,"6'2""",74.0,74.9,"6'3""",0.9,plays_taller,74.9,"6'3""",0.9,plays_taller
2024,Aaron Talbert,Saint Francis,78984,6-0,"6'0""",72.0,73.89,"6'2""",1.89,plays_taller,73.89,"6'2""",1.89,plays_taller
2024,Riley Allenspach,Samford,78985,6-11,"6'11""",83.0,78.6,"6'7""",-4.4,plays_shorter,78.6,"6'7""",-4.4,plays_shorter
2024,Antwan Robinson,Cal St. Fullerton,78986,6-4,"6'4""",76.0,74.66,"6'3""",-1.34,plays_shorter,74.66,"6'3""",-1.34,plays_shorter
2024,Jackson Shelstad,Oregon,78990,6-0,"6'0""",72.0,75.01,"6'3""",3.01,plays_taller,75.01,"6'3""",3.01,plays_taller
2024,Kwame Evans Jr,Oregon,78991,6-9,"6'9""",81.0,80.6,"6'9""",-0.4,plays_at_height,80.6,"6'9""",-0.4,plays_at_height
2024,Kendrick De Luna,Cal St. Fullerton,78993,6-10,"6'10""",82.0,77.14,"6'5""",-4.86,plays_shorter,77.14,"6'5""",-4.86,plays_shorter
2024,Jaylen Wells,Washington St.,78995,6-8,"6'8""",80.0,77.16,"6'5""",-2.84,plays_shorter,77.16,"6'5""",-2.84,plays_shorter
2024,Trey Green,Xavier,78996,6-0,"6'0""",72.0,73.98,"6'2""",1.98,plays_taller,73.98,"6'2""",1.98,plays_taller
2024,Kaden Brown,Wright St.,78998,6-0,"6'0""",72.0,74.2,"6'2""",2.2,plays_taller,74.2,"6'2""",2.2,plays_taller
2024,Kael Combs,Wyoming,79002,6-4,"6'4""",76.0,77.1,"6'5""",1.1,plays_taller,77.1,"6'5""",1.1,plays_taller
2024,Cam Manyawu,Wyoming,79003,6-9,"6'9""",81.0,81.07,"6'9""",0.07,plays_at_height,81.07,"6'9""",0.07,plays_at_height
2024,Tristan Gross,Stetson,79004,6-6,"6'6""",78.0,74.17,"6'2""",-3.83,plays_shorter,74.17,"6'2""",-3.83,plays_shorter
2024,Reggie Ward Jr.,Bethune Cookman,79006,6-6,"6'6""",78.0,78.57,"6'7""",0.57,plays_at_height,78.57,"6'7""",0.57,plays_at_height
2024,Seneca Willoughby,Bethune Cookman,79010,6-4,"6'4""",76.0,75.35,"6'3""",-0.65,plays_at_height,75.35,"6'3""",-0.65,plays_at_height
2024,Jakobi Heady,Bethune Cookman,79013,6-6,"6'6""",78.0,77.83,"6'6""",-0.17,plays_at_height,77.83,"6'6""",-0.17,plays_at_height
2024,Bruce Zhang,Saint Louis,79015,7-0,"7'0""",84.0,78.45,"6'6""",-5.55,plays_shorter,78.45,"6'6""",-5.55,plays_shorter
2024,Canin Jefferson,North Alabama,79018,6-2,"6'2""",74.0,74.13,"6'2""",0.13,plays_at_height,74.13,"6'2""",0.13,plays_at_height
2024,Titas Sargiunas,High Point,79021,6-4,"6'4""",76.0,74.2,"6'2""",-1.8,plays_shorter,74.2,"6'2""",-1.8,plays_shorter
2024,Luca Ace-Nasteski,Harvard,79022,6-10,"6'10""",82.0,78.06,"6'6""",-3.94,plays_shorter,78.06,"6'6""",-3.94,plays_shorter
2024,Miles Rubin,Loyola Chicago,79023,6-10,"6'10""",82.0,84.74,"7'1""",2.74,plays_taller,84.74,"7'1""",2.74,plays_taller
2024,Jadin Collins,Marist,79024,6-1,"6'1""",73.0,77.1,"6'5""",4.1,plays_taller,77.1,"6'5""",4.1,plays_taller
2024,Jaden Winston,Manhattan,79025,6-0,"6'0""",72.0,75.26,"6'3""",3.26,plays_taller,75.26,"6'3""",3.26,plays_taller
2024,Jordan Stiemke,Loyola MD,79028,6-5,"6'5""",77.0,76.36,"6'4""",-0.64,plays_at_height,76.36,"6'4""",-0.64,plays_at_height
2024,Josh Pascarelli,Marist,79030,6-3,"6'3""",75.0,74.7,"6'3""",-0.3,plays_at_height,74.7,"6'3""",-0.3,plays_at_height
2024,Caleb McCarty,South Carolina St.,79033,6-8,"6'8""",80.0,80.5,"6'9""",0.5,plays_at_height,80.5,"6'9""",0.5,plays_at_height
2024,Drayton Jones,South Carolina St.,79035,6-10,"6'10""",82.0,80.96,"6'9""",-1.04,plays_shorter,80.96,"6'9""",-1.04,plays_shorter
2024,Mitchell Taylor,South Carolina St.,79036,6-3,"6'3""",75.0,76.28,"6'4""",1.28,plays_taller,76.28,"6'4""",1.28,plays_taller
2024,Ryan Forrest,Northwestern St.,79042,6-4,"6'4""",76.0,75.9,"6'4""",-0.1,plays_at_height,75.9,"6'4""",-0.1,plays_at_height
2024,Hunter Adam,Davidson,79045,6-7,"6'7""",79.0,77.81,"6'6""",-1.19,plays_shorter,77.81,"6'6""",-1.19,plays_shorter
2024,Shawn Simmons II,Saint Joseph's,79047,6-6,"6'6""",78.0,77.7,"6'6""",-0.3,plays_at_height,77.7,"6'6""",-0.3,plays_at_height
2024,Dalen Davis,Princeton,79052,6-0,"6'0""",72.0,74.17,"6'2""",2.17,plays_taller,74.17,"6'2""",2.17,plays_taller
2024,Arne Osojnik,Eastern Michigan,79062,6-6,"6'6""",78.0,75.61,"6'4""",-2.39,plays_shorter,75.61,"6'4""",-2.39,plays_shorter
2024,Emanuel Richards,Longwood,79063,6-4,"6'4""",76.0,77.48,"6'5""",1.48,plays_taller,77.48,"6'5""",1.48,plays_taller
2024,Camaren Sparrow,Coppin St.,79066,6-4,"6'4""",76.0,75.72,"6'4""",-0.28,plays_at_height,75.72,"6'4""",-0.28,plays_at_height
2024,Dragos Lungu,San Diego,79067,6-6,"6'6""",78.0,76.16,"6'4""",-1.84,plays_shorter,76.16,"6'4""",-1.84,plays_shorter
2024,Santiago Trouet,San Diego,79068,6-10,"6'10""",82.0,80.44,"6'8""",-1.56,plays_shorter,80.44,"6'8""",-1.56,plays_shorter
2024,Andrew Meadow,Boise St.,79071,6-7,"6'7""",79.0,75.23,"6'3""",-3.77,plays_shorter,75.23,"6'3""",-3.77,plays_shorter
2024,Kyrone Alexander,Boston University,79073,6-4,"6'4""",76.0,76.42,"6'4""",0.42,plays_at_height,76.42,"6'4""",0.42,plays_at_height
2024,Chad Moodie,Alabama A&M,79074,6-8,"6'8""",80.0,81.22,"6'9""",1.22,plays_taller,81.22,"6'9""",1.22,plays_taller
2024,Trey Autry,George Washington,79077,6-4,"6'4""",76.0,76.73,"6'5""",0.73,plays_at_height,76.73,"6'5""",0.73,plays_at_height
2024,Josh Hubbard,Mississippi St.,79080,5-10,"5'10""",70.0,74.43,"6'2""",4.43,plays_taller,74.43,"6'2""",4.43,plays_taller
2024,Khali Horton,Coppin St.,79085,6-8,"6'8""",80.0,73.64,"6'2""",-6.36,plays_shorter,73.64,"6'2""",-6.36,plays_shorter
2024,Creed Williamson,Little Rock,79086,6-8,"6'8""",80.0,77.27,"6'5""",-2.73,plays_shorter,77.27,"6'5""",-2.73,plays_shorter
2024,Ofri Naveh,West Virginia,79089,6-6,"6'6""",78.0,77.39,"6'5""",-0.61,plays_at_height,77.39,"6'5""",-0.61,plays_at_height
2024,KJ Lewis,Arizona,79090,6-4,"6'4""",76.0,78.74,"6'7""",2.74,plays_taller,78.74,"6'7""",2.74,plays_taller
2024,Motiejus Krivas,Arizona,79096,7-2,"7'2""",86.0,81.78,"6'10""",-4.22,plays_shorter,81.78,"6'10""",-4.22,plays_shorter
2024,Joshua Rivera,Fordham,79099,6-6,"6'6""",78.0,77.78,"6'6""",-0.22,plays_at_height,77.78,"6'6""",-0.22,plays_at_height
2024,Aniwaniwa Tait-Jones,UC San Diego,79100,6-6,"6'6""",78.0,79.03,"6'7""",1.03,plays_taller,79.03,"6'7""",1.03,plays_taller
2024,Prophet Johnson,Southern Utah,79105,6-3,"6'3""",75.0,76.97,"6'5""",1.97,plays_taller,76.97,"6'5""",1.97,plays_taller
2024,Brock Felder,Southern Utah,79109,6-8,"6'8""",80.0,80.89,"6'9""",0.89,plays_taller,80.89,"6'9""",0.89,plays_taller
2024,Omar Cooper,McNeese St.,79111,6-0,"6'0""",72.0,75.21,"6'3""",3.21,plays_taller,75.21,"6'3""",3.21,plays_taller
2024,Anthony Valentine,UMBC,79114,6-3,"6'3""",75.0,76.17,"6'4""",1.17,plays_taller,76.17,"6'4""",1.17,plays_taller
2024,Ashton Reese,UMBC,79115,6-5,"6'5""",77.0,74.91,"6'3""",-2.09,plays_shorter,74.91,"6'3""",-2.09,plays_shorter
2024,Alpha Chibambe,UMBC,79116,6-5,"6'5""",77.0,76.09,"6'4""",-0.91,plays_shorter,76.09,"6'4""",-0.91,plays_shorter
2024,TJ Ford Jr.,Incarnate Word,79117,5-11,"5'11""",71.0,72.64,"6'1""",1.64,plays_taller,72.64,"6'1""",1.64,plays_taller
2024,Josh Akpovwa,Incarnate Word,79118,6-8,"6'8""",80.0,81.72,"6'10""",1.72,plays_taller,81.72,"6'10""",1.72,plays_taller
2024,Franck Emmou,UMBC,79121,6-5,"6'5""",77.0,74.5,"6'3""",-2.5,plays_shorter,74.5,"6'3""",-2.5,plays_shorter
2024,Jose Benitez,Southern Miss,79122,6-0,"6'0""",72.0,74.96,"6'3""",2.96,plays_taller,74.96,"6'3""",2.96,plays_taller
2024,K.J. Doucet,Winthrop,79123,6-7,"6'7""",79.0,77.41,"6'5""",-1.59,plays_shorter,77.41,"6'5""",-1.59,plays_shorter
2024,Beril Kabamba,Cal St. Fullerton,79124,6-5,"6'5""",77.0,77.17,"6'5""",0.17,plays_at_height,77.17,"6'5""",0.17,plays_at_height
2024,Gezim Bajrami,LIU,79126,6-9,"6'9""",81.0,75.36,"6'3""",-5.64,plays_shorter,75.36,"6'3""",-5.64,plays_shorter
2024,Jason Steele,LIU,79128,6-6,"6'6""",78.0,76.61,"6'5""",-1.39,plays_shorter,76.61,"6'5""",-1.39,plays_shorter
2024,Elijah Gertrude,Virginia,79130,6-4,"6'4""",76.0,78.41,"6'6""",2.41,plays_taller,78.41,"6'6""",2.41,plays_taller
2024,Jayson Petty,UMKC,79131,6-4,"6'4""",76.0,77.56,"6'6""",1.56,plays_taller,77.56,"6'6""",1.56,plays_taller
2024,Muneer Newton,Albany,79134,6-5,"6'5""",77.0,79.64,"6'8""",2.64,plays_taller,79.64,"6'8""",2.64,plays_taller
2024,Gytis Nemeiksa,Xavier,79138,6-7,"6'7""",79.0,78.5,"6'7""",-0.5,plays_at_height,78.5,"6'7""",-0.5,plays_at_height
2024,Ryan Sabol,Buffalo,79144,6-2,"6'2""",74.0,73.19,"6'1""",-0.81,plays_shorter,73.19,"6'1""",-0.81,plays_shorter
2024,Anquan Boldin Jr.,Buffalo,79145,6-4,"6'4""",76.0,77.09,"6'5""",1.09,plays_taller,77.09,"6'5""",1.09,plays_taller
2024,Shawn Fulcher,Buffalo,79146,6-0,"6'0""",72.0,74.74,"6'3""",2.74,plays_taller,74.74,"6'3""",2.74,plays_taller
2024,Bryson Wilson,Buffalo,79147,6-5,"6'5""",77.0,76.83,"6'5""",-0.17,plays_at_height,76.83,"6'5""",-0.17,plays_at_height
2024,Lloyd McVeigh,Buffalo,79148,6-6,"6'6""",78.0,75.63,"6'4""",-2.37,plays_shorter,75.63,"6'4""",-2.37,plays_shorter
2024,Churchill Abass,DePaul,79150,6-9,"6'9""",81.0,80.95,"6'9""",-0.05,plays_at_height,80.95,"6'9""",-0.05,plays_at_height
2024,Stephon Roberts,Saint Peter's,79152,6-10,"6'10""",82.0,82.98,"6'11""",0.98,plays_taller,82.98,"6'11""",0.98,plays_taller
2024,Andrej Stojakovic,Stanford,79156,6-7,"6'7""",79.0,76.49,"6'4""",-2.51,plays_shorter,76.49,"6'4""",-2.51,plays_shorter
2024,Carter Welling,UC Irvine,79159,6-10,"6'10""",82.0,81.87,"6'10""",-0.13,plays_at_height,81.87,"6'10""",-0.13,plays_at_height
2024,Derin Saran,UC Irvine,79165,6-4,"6'4""",76.0,76.7,"6'5""",0.7,plays_at_height,76.7,"6'5""",0.7,plays_at_height
2024,Berke Buyuktuncel,UCLA,79168,6-9,"6'9""",81.0,76.67,"6'5""",-4.33,plays_shorter,76.67,"6'5""",-4.33,plays_shorter
2024,Dusty Stromer,Gonzaga,79169,6-6,"6'6""",78.0,76.45,"6'4""",-1.55,plays_shorter,76.45,"6'4""",-1.55,plays_shorter
2024,Xavier Booker,Michigan St.,79173,6-11,"6'11""",83.0,79.68,"6'8""",-3.32,plays_shorter,79.68,"6'8""",-3.32,plays_shorter
2024,Coen Carr,Michigan St.,79174,6-5,"6'5""",77.0,81.28,"6'9""",4.28,plays_taller,81.28,"6'9""",4.28,plays_taller
2024,Brandon Williams,UCLA,79177,6-7,"6'7""",79.0,76.61,"6'5""",-2.39,plays_shorter,76.61,"6'5""",-2.39,plays_shorter
2024,Rashaan Mbemba,Colorado St.,79179,6-7,"6'7""",79.0,79.84,"6'8""",0.84,plays_taller,79.84,"6'8""",0.84,plays_taller
2024,Kyan Evans,Colorado St.,79180,6-2,"6'2""",74.0,74.92,"6'3""",0.92,plays_taller,74.92,"6'3""",0.92,plays_taller
2024,Jaylin Stewart,Connecticut,79182,6-7,"6'7""",79.0,78.01,"6'6""",-0.99,plays_shorter,78.01,"6'6""",-0.99,plays_shorter
2024,Solomon Ball,Connecticut,79183,6-3,"6'3""",75.0,75.3,"6'3""",0.3,plays_at_height,75.3,"6'3""",0.3,plays_at_height
2024,Jake DiMichele,Duquesne,79184,6-4,"6'4""",76.0,75.75,"6'4""",-0.25,plays_at_height,75.75,"6'4""",-0.25,plays_at_height
2024,Arrinten Page,USC,79189,6-11,"6'11""",83.0,79.11,"6'7""",-3.89,plays_shorter,79.11,"6'7""",-3.89,plays_shorter
2024,Bronny James,USC,79191,6-4,"6'4""",76.0,76.93,"6'5""",0.93,plays_taller,76.93,"6'5""",0.93,plays_taller
2024,Viljami Vartiainen,Weber St.,79196,6-6,"6'6""",78.0,75.2,"6'3""",-2.8,plays_shorter,75.2,"6'3""",-2.8,plays_shorter
2024,Trent Edwards,Morgan St.,79198,6-8,"6'8""",80.0,76.07,"6'4""",-3.93,plays_shorter,76.07,"6'4""",-3.93,plays_shorter
2024,Tim Smith Jr.,North Alabama,79209,6-7,"6'7""",79.0,76.27,"6'4""",-2.73,plays_shorter,76.27,"6'4""",-2.73,plays_shorter
2024,Devon Barnes,Tarleton St.,79211,6-0,"6'0""",72.0,74.72,"6'3""",2.72,plays_taller,74.72,"6'3""",2.72,plays_taller
2024,Kaine McColley,Arkansas Pine Bluff,79212,6-5,"6'5""",77.0,74.02,"6'2""",-2.98,plays_shorter,74.02,"6'2""",-2.98,plays_shorter
2024,Jyre McCloud,Arkansas Pine Bluff,79213,6-5,"6'5""",77.0,75.91,"6'4""",-1.09,plays_shorter,75.91,"6'4""",-1.09,plays_shorter
2024,C.J. Booker,UT Rio Grande Valley,79215,5-10,"5'10""",70.0,74.42,"6'2""",4.42,plays_taller,74.42,"6'2""",4.42,plays_taller
2024,Adam Moussa,Tarleton St.,79216,6-3,"6'3""",75.0,75.05,"6'3""",0.05,plays_at_height,75.05,"6'3""",0.05,plays_at_height
2024,Traivar Jackson,Tarleton St.,79218,6-6,"6'6""",78.0,79.5,"6'7""",1.5,plays_taller,79.5,"6'7""",1.5,plays_taller
2024,Miles Lewis,Tarleton St.,79219,6-0,"6'0""",72.0,73.08,"6'1""",1.08,plays_taller,73.08,"6'1""",1.08,plays_taller
2024,Michael Houge,Saint Peter's,79220,6-7,"6'7""",79.0,79.81,"6'8""",0.81,plays_taller,79.81,"6'8""",0.81,plays_taller
2024,DeAndre Craig,Denver,79221,6-0,"6'0""",72.0,74.64,"6'3""",2.64,plays_taller,74.64,"6'3""",2.64,plays_taller
2024,Jake Fiegen,Cornell,79225,6-4,"6'4""",76.0,75.58,"6'4""",-0.42,plays_at_height,75.58,"6'4""",-0.42,plays_at_height
2024,Ethan Kizer,South Alabama,79228,6-5,"6'5""",77.0,74.78,"6'3""",-2.22,plays_shorter,74.78,"6'3""",-2.22,plays_shorter
2024,Sonny Wilson,Toledo,79230,6-1,"6'1""",73.0,75.22,"6'3""",2.22,plays_taller,75.22,"6'3""",2.22,plays_taller
2024,Sam Lewis,Toledo,79232,6-6,"6'6""",78.0,76.36,"6'4""",-1.64,plays_shorter,76.36,"6'4""",-1.64,plays_shorter
2024,Diogo Seixas,San Jose St.,79233,6-8,"6'8""",80.0,76.27,"6'4""",-3.73,plays_shorter,76.27,"6'4""",-3.73,plays_shorter
2024,Grgur Brcic,Toledo,79234,6-10,"6'10""",82.0,77.09,"6'5""",-4.91,plays_shorter,77.09,"6'5""",-4.91,plays_shorter
2024,Marcus Millender,South Alabama,79236,5-11,"5'11""",71.0,74.73,"6'3""",3.73,plays_taller,74.73,"6'3""",3.73,plays_taller
2024,Javon Jackson,Utah St.,79237,6-3,"6'3""",75.0,74.54,"6'3""",-0.46,plays_at_height,74.54,"6'3""",-0.46,plays_at_height
2024,Nick Davis,Nebraska Omaha,79238,6-9,"6'9""",81.0,79.73,"6'8""",-1.27,plays_shorter,79.73,"6'8""",-1.27,plays_shorter
2024,Collin Murray-Boyles,South Carolina,79239,6-7,"6'7""",79.0,81.77,"6'10""",2.77,plays_taller,81.77,"6'10""",2.77,plays_taller
2024,Jacoi Hutchinson,George Washington,79240,6-3,"6'3""",75.0,75.48,"6'3""",0.48,plays_at_height,75.48,"6'3""",0.48,plays_at_height
2024,Jaylen Benard,Longwood,79241,6-2,"6'2""",74.0,75.04,"6'3""",1.04,plays_taller,75.04,"6'3""",1.04,plays_taller
2024,Brandon Hardy,Louisiana,79243,6-3,"6'3""",75.0,76.99,"6'5""",1.99,plays_taller,76.99,"6'5""",1.99,plays_taller
2024,Joshua Strong,Howard,79246,6-0,"6'0""",72.0,75.42,"6'3""",3.42,plays_taller,75.42,"6'3""",3.42,plays_taller
2024,Tana Kopa,LIU,79247,6-6,"6'6""",78.0,75.87,"6'4""",-2.13,plays_shorter,75.87,"6'4""",-2.13,plays_shorter
2024,D.J. Wagner,Kentucky,79249,6-4,"6'4""",76.0,75.36,"6'3""",-0.64,plays_at_height,75.36,"6'3""",-0.64,plays_at_height
2024,Rob Dillingham,Kentucky,79251,6-3,"6'3""",75.0,76.2,"6'4""",1.2,plays_taller,76.2,"6'4""",1.2,plays_taller
2024,Justin Edwards,Kentucky,79252,6-8,"6'8""",80.0,77.79,"6'6""",-2.21,plays_shorter,77.79,"6'6""",-2.21,plays_shorter
2024,Aaron Bradshaw,Kentucky,79253,7-1,"7'1""",85.0,80.48,"6'8""",-4.52,plays_shorter,80.48,"6'8""",-4.52,plays_shorter
2024,Dai Dai Ames,Kansas St.,79256,6-1,"6'1""",73.0,74.04,"6'2""",1.04,plays_taller,74.04,"6'2""",1.04,plays_taller
2024,R.J. Jones,Kansas St.,79257,6-3,"6'3""",75.0,73.18,"6'1""",-1.82,plays_shorter,73.18,"6'1""",-1.82,plays_shorter
2024,Macaleab Rich,Kansas St.,79258,6-7,"6'7""",79.0,79.09,"6'7""",0.09,plays_at_height,79.09,"6'7""",0.09,plays_at_height
2024,RJ Johnson,Kennesaw St.,79259,6-4,"6'4""",76.0,75.54,"6'4""",-0.46,plays_at_height,75.54,"6'4""",-0.46,plays_at_height
2024,Frankquon Sherman,Kennesaw St.,79260,6-7,"6'7""",79.0,78.84,"6'7""",-0.16,plays_at_height,78.84,"6'7""",-0.16,plays_at_height
2024,Colby Garland,Drake,79263,6-1,"6'1""",73.0,76.19,"6'4""",3.19,plays_taller,76.19,"6'4""",3.19,plays_taller
2024,Jalin Rice,Cleveland St.,79265,6-1,"6'1""",73.0,77.41,"6'5""",4.41,plays_taller,77.41,"6'5""",4.41,plays_taller
2024,Corey Stephenson,Cal St. Bakersfield,79266,6-6,"6'6""",78.0,77.85,"6'6""",-0.15,plays_at_height,77.85,"6'6""",-0.15,plays_at_height
2024,Tom Mark,Cal St. Bakersfield,79268,6-7,"6'7""",79.0,79.46,"6'7""",0.46,plays_at_height,79.46,"6'7""",0.46,plays_at_height
2024,Nate Fouts,Le Moyne,79270,6-7,"6'7""",79.0,76.42,"6'4""",-2.58,plays_shorter,76.42,"6'4""",-2.58,plays_shorter
2024,Ocypher Owens,Le Moyne,79271,6-8,"6'8""",80.0,78.57,"6'7""",-1.43,plays_shorter,78.57,"6'7""",-1.43,plays_shorter
2024,Trent Mosquera,Le Moyne,79273,6-4,"6'4""",76.0,76.21,"6'4""",0.21,plays_at_height,76.21,"6'4""",0.21,plays_at_height
2024,Cameron Faas,UMKC,79274,6-6,"6'6""",78.0,75.8,"6'4""",-2.2,plays_shorter,75.8,"6'4""",-2.2,plays_shorter
2024,Ben Brown,Dartmouth,79277,6-2,"6'2""",74.0,72.54,"6'1""",-1.46,plays_shorter,72.54,"6'1""",-1.46,plays_shorter
2024,Zamoku Weluche-Ume,George Washington,79289,6-8,"6'8""",80.0,76.74,"6'5""",-3.26,plays_shorter,76.74,"6'5""",-3.26,plays_shorter
2024,Ben Palacios,Boston University,79290,6-5,"6'5""",77.0,73.96,"6'2""",-3.04,plays_shorter,73.96,"6'2""",-3.04,plays_shorter
2024,Randall Pettus II,Northern Kentucky,79302,6-3,"6'3""",75.0,76.9,"6'5""",1.9,plays_taller,76.9,"6'5""",1.9,plays_taller
2024,Tyler Tejada,Towson,79303,6-8,"6'8""",80.0,76.82,"6'5""",-3.18,plays_shorter,76.82,"6'5""",-3.18,plays_shorter
2024,Mekhi Lowery,Towson,79304,6-6,"6'6""",78.0,80.93,"6'9""",2.93,plays_taller,80.93,"6'9""",2.93,plays_taller
2024,Thomas Haugh,Florida,79305,6-9,"6'9""",81.0,79.8,"6'8""",-1.2,plays_shorter,79.8,"6'8""",-1.2,plays_shorter
2024,Jeramiah Israel,Northern Kentucky,79308,6-3,"6'3""",75.0,76.76,"6'5""",1.76,plays_taller,76.76,"6'5""",1.76,plays_taller
2024,Bobby Durkin,Davidson,79309,6-7,"6'7""",79.0,77.25,"6'5""",-1.75,plays_shorter,77.25,"6'5""",-1.75,plays_shorter
2024,K'Jei Parker,Florida A&M,79311,6-1,"6'1""",73.0,73.87,"6'2""",0.87,plays_taller,73.87,"6'2""",0.87,plays_taller
2024,Alex Condon,Florida,79312,6-11,"6'11""",83.0,81.38,"6'9""",-1.62,plays_shorter,81.38,"6'9""",-1.62,plays_shorter
2024,Nils Machowski,UCF,79315,6-3,"6'3""",75.0,75.14,"6'3""",0.14,plays_at_height,75.14,"6'3""",0.14,plays_at_height
2024,Don McHenry,Western Kentucky,79318,6-2,"6'2""",74.0,76.01,"6'4""",2.01,plays_taller,76.01,"6'4""",2.01,plays_taller
2024,Tay Knox,Western Illinois,79319,6-9,"6'9""",81.0,80.9,"6'9""",-0.1,plays_at_height,80.9,"6'9""",-0.1,plays_at_height
2024,Enoch Kalambay,Western Kentucky,79321,6-6,"6'6""",78.0,78.59,"6'7""",0.59,plays_at_height,78.59,"6'7""",0.59,plays_at_height
2024,James Dent Jr.,Western Illinois,79322,6-5,"6'5""",77.0,75.74,"6'4""",-1.26,plays_shorter,75.74,"6'4""",-1.26,plays_shorter
2024,Shay Davis,Western Illinois,79323,6-0,"6'0""",72.0,74.28,"6'2""",2.28,plays_taller,74.28,"6'2""",2.28,plays_taller
2024,Drew Cisse,Western Illinois,79324,6-11,"6'11""",83.0,84.52,"7'1""",1.52,plays_taller,84.52,"7'1""",1.52,plays_taller
2024,KJ Oduor,Central Michigan,79327,6-9,"6'9""",81.0,79.45,"6'7""",-1.55,plays_shorter,79.45,"6'7""",-1.55,plays_shorter
2024,Derrick Butler,Central Michigan,79334,6-2,"6'2""",74.0,76.23,"6'4""",2.23,plays_taller,76.23,"6'4""",2.23,plays_taller
2024,Xinyi Li,Manhattan,79335,6-9,"6'9""",81.0,75.43,"6'3""",-5.57,plays_shorter,75.43,"6'3""",-5.57,plays_shorter
2024,Dennis Parker Jr.,N.C. State,79339,6-6,"6'6""",78.0,78.33,"6'6""",0.33,plays_at_height,78.33,"6'6""",0.33,plays_at_height
2024,Jah Short,New Orleans,79343,6-3,"6'3""",75.0,77.34,"6'5""",2.34,plays_taller,77.34,"6'5""",2.34,plays_taller
2024,Rockwell Reynolds,Northern Arizona,79346,6-9,"6'9""",81.0,78.39,"6'6""",-2.61,plays_shorter,78.39,"6'6""",-2.61,plays_shorter
2024,Tomiwa Sulaiman,Towson,79347,6-6,"6'6""",78.0,78.37,"6'6""",0.37,plays_at_height,78.37,"6'6""",0.37,plays_at_height
2024,Jayce Willingham,Belmont,79348,6-5,"6'5""",77.0,77.59,"6'6""",0.59,plays_at_height,77.59,"6'6""",0.59,plays_at_height
2024,Caleb Foster,Duke,79353,6-5,"6'5""",77.0,76.17,"6'4""",-0.83,plays_shorter,76.17,"6'4""",-0.83,plays_shorter
2024,Jared McCain,Duke,79354,6-3,"6'3""",75.0,77.23,"6'5""",2.23,plays_taller,77.23,"6'5""",2.23,plays_taller
2024,Sean Stewart,Duke,79355,6-9,"6'9""",81.0,83.54,"7'0""",2.54,plays_taller,83.54,"7'0""",2.54,plays_taller
2024,Jakub Necas,Duquesne,79357,6-8,"6'8""",80.0,78.66,"6'7""",-1.34,plays_shorter,78.66,"6'7""",-1.34,plays_shorter
2024,Mikkel Tyne,Richmond,79360,5-10,"5'10""",70.0,74.86,"6'3""",4.86,plays_taller,74.86,"6'3""",4.86,plays_taller
2024,Wesley Oba,Delaware St.,79364,6-8,"6'8""",80.0,80.77,"6'9""",0.77,plays_taller,80.77,"6'9""",0.77,plays_taller
2024,Dean Shepherd,Delaware St.,79365,6-3,"6'3""",75.0,75.87,"6'4""",0.87,plays_taller,75.87,"6'4""",0.87,plays_taller
2024,Tyree Davis,Detroit Mercy,79368,6-6,"6'6""",78.0,78.1,"6'6""",0.1,plays_at_height,78.1,"6'6""",0.1,plays_at_height
2024,Blue Cain,Georgia,79370,6-5,"6'5""",77.0,75.83,"6'4""",-1.17,plays_shorter,75.83,"6'4""",-1.17,plays_shorter
2024,Thomas Batties II,Harvard,79371,6-7,"6'7""",79.0,77.33,"6'5""",-1.67,plays_shorter,77.33,"6'5""",-1.67,plays_shorter
2024,Xavier Nesbitt,Harvard,79372,5-11,"5'11""",71.0,74.12,"6'2""",3.12,plays_taller,74.12,"6'2""",3.12,plays_taller
2024,Malik Mack,Harvard,79373,6-1,"6'1""",73.0,75.31,"6'3""",2.31,plays_taller,75.31,"6'3""",2.31,plays_taller
2024,Denzel Hines,High Point,79375,6-7,"6'7""",79.0,77.71,"6'6""",-1.29,plays_shorter,77.71,"6'6""",-1.29,plays_shorter
2024,Braeden MacVicar,Coastal Carolina,79377,6-11,"6'11""",83.0,78.08,"6'6""",-4.92,plays_shorter,78.08,"6'6""",-4.92,plays_shorter
2024,Gabe Sisk,East Tennessee St.,79378,6-6,"6'6""",78.0,75.14,"6'3""",-2.86,plays_shorter,75.14,"6'3""",-2.86,plays_shorter
2024,Oscar Cluff,Washington St.,79380,6-11,"6'11""",83.0,80.16,"6'8""",-2.84,plays_shorter,80.16,"6'8""",-2.84,plays_shorter
2024,Melvin Council Jr.,Wagner,79381,6-4,"6'4""",76.0,78.02,"6'6""",2.02,plays_taller,78.02,"6'6""",2.02,plays_taller
2024,Tyje Kelton,Wagner,79382,6-7,"6'7""",79.0,77.61,"6'6""",-1.39,plays_shorter,77.61,"6'6""",-1.39,plays_shorter
2024,Isaiah Stafford,Valparaiso,79384,6-2,"6'2""",74.0,75.02,"6'3""",1.02,plays_taller,75.02,"6'3""",1.02,plays_taller
2024,Unisa Turay,Utah Tech,79386,5-10,"5'10""",70.0,74.2,"6'2""",4.2,plays_taller,74.2,"6'2""",4.2,plays_taller
2024,Allen Udemadu,Morgan St.,79388,6-10,"6'10""",82.0,80.33,"6'8""",-1.67,plays_shorter,80.33,"6'8""",-1.67,plays_shorter
2024,Roderick Coffee III,Florida A&M,79391,6-4,"6'4""",76.0,75.25,"6'3""",-0.75,plays_at_height,75.25,"6'3""",-0.75,plays_at_height
2024,DeVante Jamison,Fairleigh Dickinson,79392,5-8,"5'8""",68.0,74.49,"6'2""",6.49,plays_taller,74.49,"6'2""",6.49,plays_taller
2024,Tanner Cuff,Evansville,79393,6-7,"6'7""",79.0,77.98,"6'6""",-1.02,plays_shorter,77.98,"6'6""",-1.02,plays_shorter
2024,Malik Tidwell,Georgia Southern,79396,5-11,"5'11""",71.0,73.95,"6'2""",2.95,plays_taller,73.95,"6'2""",2.95,plays_taller
2024,Keijuan Johnson,Jackson St.,79399,6-7,"6'7""",79.0,79.27,"6'7""",0.27,plays_at_height,79.27,"6'7""",0.27,plays_at_height
2024,Will Lovings-Watts,Northern Illinois,79400,6-5,"6'5""",77.0,77.0,"6'5""",0.0,plays_at_height,77.0,"6'5""",0.0,plays_at_height
2024,JB Frankel,Northeastern,79403,6-4,"6'4""",76.0,73.44,"6'1""",-2.56,plays_shorter,73.44,"6'1""",-2.56,plays_shorter
2024,Scotty Middleton,Ohio St.,79407,6-7,"6'7""",79.0,75.98,"6'4""",-3.02,plays_shorter,75.98,"6'4""",-3.02,plays_shorter
2024,Devin Royal,Ohio St.,79409,6-6,"6'6""",78.0,79.44,"6'7""",1.44,plays_taller,79.44,"6'7""",1.44,plays_taller
2024,Rasheed Bello,Purdue Fort Wayne,79410,6-0,"6'0""",72.0,76.12,"6'4""",4.12,plays_taller,76.12,"6'4""",4.12,plays_taller
2024,Po'Boigh King,North Carolina Central,79416,6-4,"6'4""",76.0,76.86,"6'5""",0.86,plays_taller,76.86,"6'5""",0.86,plays_taller
2024,Cobey Harraway,North Carolina Central,79419,6-7,"6'7""",79.0,74.26,"6'2""",-4.74,plays_shorter,74.26,"6'2""",-4.74,plays_shorter
2024,Josh Smith,North Carolina Central,79420,6-4,"6'4""",76.0,76.12,"6'4""",0.12,plays_at_height,76.12,"6'4""",0.12,plays_at_height
2024,Wesley Celichowski,Air Force,79431,7-0,"7'0""",84.0,76.26,"6'4""",-7.74,plays_shorter,76.26,"6'4""",-7.74,plays_shorter
2024,Zaire Hayes,Texas Southern,79446,6-2,"6'2""",74.0,74.93,"6'3""",0.93,plays_taller,74.93,"6'3""",0.93,plays_taller
2024,Michael Oaks,Detroit Mercy,79459,6-10,"6'10""",82.0,79.55,"6'8""",-2.45,plays_shorter,79.55,"6'8""",-2.45,plays_shorter
2024,Yulian Ramirez-Montero,UMKC,79461,6-10,"6'10""",82.0,76.58,"6'5""",-5.42,plays_shorter,76.58,"6'5""",-5.42,plays_shorter
