season,player_name,team,pid,listed_height_raw,listed_height,listed_height_inches,predicted_profile_height_inches,predicted_profile_height,height_delta_inches,height_profile_label,predicted_big_profile_height_inches,predicted_big_profile_height,big_height_delta_inches,big_height_profile_label
2020,Josh Warren,Cornell,27085,6-8,"6'8""",80.0,78.46,"6'6""",-1.54,plays_shorter,78.46,"6'6""",-1.54,plays_shorter
2020,Andre Adams,Southern Utah,32932,6-9,"6'9""",81.0,81.31,"6'9""",0.31,plays_at_height,81.31,"6'9""",0.31,plays_at_height
2020,David Bell,Jacksonville,33635,6-10,"6'10""",82.0,84.73,"7'1""",2.73,plays_taller,84.73,"7'1""",2.73,plays_taller
2020,Jake Toolson,BYU,33955,6-5,"6'5""",77.0,77.13,"6'5""",0.13,plays_at_height,77.13,"6'5""",0.13,plays_at_height
2020,Emmitt Holt,Providence,35307,6-7,"6'7""",79.0,78.75,"6'7""",-0.25,plays_at_height,78.75,"6'7""",-0.25,plays_at_height
2020,Torry Johnson,Wake Forest,36023,6-3,"6'3""",75.0,75.58,"6'4""",0.58,plays_at_height,75.58,"6'4""",0.58,plays_at_height
2020,Josh Gantz,UMass Lowell,36331,6-7,"6'7""",79.0,75.35,"6'3""",-3.65,plays_shorter,75.35,"6'3""",-3.65,plays_shorter
2020,Dwayne Morgan,Southern Utah,37217,6-8,"6'8""",80.0,77.57,"6'6""",-2.43,plays_shorter,77.57,"6'6""",-2.43,plays_shorter
2020,Dalton Nixon,BYU,37832,6-7,"6'7""",79.0,78.61,"6'7""",-0.39,plays_at_height,78.61,"6'7""",-0.39,plays_at_height
2020,Tashombe Riley,South Carolina St.,38303,6-7,"6'7""",79.0,77.79,"6'6""",-1.21,plays_shorter,77.79,"6'6""",-1.21,plays_shorter
2020,Tulio Da Silva,Missouri St.,38682,6-8,"6'8""",80.0,80.78,"6'9""",0.78,plays_taller,80.78,"6'9""",0.78,plays_taller
2020,Reilly Walsh,NJIT,38683,6-3,"6'3""",75.0,74.86,"6'3""",-0.14,plays_at_height,74.86,"6'3""",-0.14,plays_at_height
2020,Prentiss Nixon,Iowa St.,38713,6-2,"6'2""",74.0,75.25,"6'3""",1.25,plays_taller,75.25,"6'3""",1.25,plays_taller
2020,Isaiah Maurice,Memphis,38755,6-10,"6'10""",82.0,79.79,"6'8""",-2.21,plays_shorter,79.79,"6'8""",-2.21,plays_shorter
2020,Tyler Hamilton,William & Mary,38767,6-4,"6'4""",76.0,76.77,"6'5""",0.77,plays_taller,76.77,"6'5""",0.77,plays_taller
2020,Elijah Mitrou-Long,UNLV,38781,6-1,"6'1""",73.0,76.62,"6'5""",3.62,plays_taller,76.62,"6'5""",3.62,plays_taller
2020,Vincent Eze,Fairfield,38829,6-8,"6'8""",80.0,79.96,"6'8""",-0.04,plays_at_height,79.96,"6'8""",-0.04,plays_at_height
2020,Nate Grimes,Fresno St.,38904,6-8,"6'8""",80.0,82.67,"6'11""",2.67,plays_taller,82.67,"6'11""",2.67,plays_taller
2020,C.J. Bobbitt,New Mexico St.,38914,6-7,"6'7""",79.0,76.29,"6'4""",-2.71,plays_shorter,76.29,"6'4""",-2.71,plays_shorter
2020,Nick Rutherford,St. John's,38945,6-3,"6'3""",75.0,76.81,"6'5""",1.81,plays_taller,76.81,"6'5""",1.81,plays_taller
2020,Kimar Williams,Rider,38948,6-1,"6'1""",73.0,76.19,"6'4""",3.19,plays_taller,76.19,"6'4""",3.19,plays_taller
2020,Eric Hamilton,Pittsburgh,39002,6-9,"6'9""",81.0,79.87,"6'8""",-1.13,plays_shorter,79.87,"6'8""",-1.13,plays_shorter
2020,Dwayne Sutton,Louisville,39010,6-5,"6'5""",77.0,80.58,"6'9""",3.58,plays_taller,80.58,"6'9""",3.58,plays_taller
2020,Dylan Smith,Arizona,39011,6-5,"6'5""",77.0,76.99,"6'5""",-0.01,plays_at_height,76.99,"6'5""",-0.01,plays_at_height
2020,Dexter McClanahan,Nicholls St.,39015,6-4,"6'4""",76.0,75.65,"6'4""",-0.35,plays_at_height,75.65,"6'4""",-0.35,plays_at_height
2020,Trevor Stumpe,Wofford,39038,6-5,"6'5""",77.0,76.11,"6'4""",-0.89,plays_shorter,76.11,"6'4""",-0.89,plays_shorter
2020,Brevin Pritzl,Wisconsin,39106,6-3,"6'3""",75.0,76.87,"6'5""",1.87,plays_taller,76.87,"6'5""",1.87,plays_taller
2020,Mike Watkins,Penn St.,39113,6-9,"6'9""",81.0,84.92,"7'1""",3.92,plays_taller,84.92,"7'1""",3.92,plays_taller
2020,Tres Tinkle,Oregon St.,39147,6-7,"6'7""",79.0,78.79,"6'7""",-0.21,plays_at_height,78.79,"6'7""",-0.21,plays_at_height
2020,Kendal Manuel,Montana,39148,6-4,"6'4""",76.0,75.88,"6'4""",-0.12,plays_at_height,75.88,"6'4""",-0.12,plays_at_height
2020,Marcus Sheffield II,Elon,39158,6-5,"6'5""",77.0,77.09,"6'5""",0.09,plays_at_height,77.09,"6'5""",0.09,plays_at_height
2020,Spencer Haldeman,Northern Iowa,39205,6-1,"6'1""",73.0,75.03,"6'3""",2.03,plays_taller,75.03,"6'3""",2.03,plays_taller
2020,Louie Pillari,Monmouth,39234,6-6,"6'6""",78.0,75.07,"6'3""",-2.93,plays_shorter,75.07,"6'3""",-2.93,plays_shorter
2020,Scott Meredith,Saint Francis,39268,6-2,"6'2""",74.0,72.95,"6'1""",-1.05,plays_shorter,72.95,"6'1""",-1.05,plays_shorter
2020,Josh Nebo,Texas A&M,39272,6-9,"6'9""",81.0,84.44,"7'0""",3.44,plays_taller,84.44,"7'0""",3.44,plays_taller
2020,Isaiah Blackmon,Saint Francis,39275,6-1,"6'1""",73.0,77.38,"6'5""",4.38,plays_taller,77.38,"6'5""",4.38,plays_taller
2020,Stone Gettings,Arizona,39283,6-9,"6'9""",81.0,78.14,"6'6""",-2.86,plays_shorter,78.14,"6'6""",-2.86,plays_shorter
2020,Matej Kavas,Nebraska,39296,6-8,"6'8""",80.0,74.72,"6'3""",-5.28,plays_shorter,74.72,"6'3""",-5.28,plays_shorter
2020,Antonio Green,Middle Tennessee,39306,6-2,"6'2""",74.0,74.63,"6'3""",0.63,plays_at_height,74.63,"6'3""",0.63,plays_at_height
2020,Kareem South,California,39316,6-3,"6'3""",75.0,74.75,"6'3""",-0.25,plays_at_height,74.75,"6'3""",-0.25,plays_at_height
2020,Delante Jones,Seattle,39327,6-5,"6'5""",77.0,74.4,"6'2""",-2.6,plays_shorter,74.4,"6'2""",-2.6,plays_shorter
2020,Joshua Patton,Sacramento St.,39341,6-8,"6'8""",80.0,81.27,"6'9""",1.27,plays_taller,81.27,"6'9""",1.27,plays_taller
2020,Alonzo Walker,Portland St.,39345,6-6,"6'6""",78.0,78.57,"6'7""",0.57,plays_at_height,78.57,"6'7""",0.57,plays_at_height
2020,Rosel Hurley,St. Francis NY,39346,6-5,"6'5""",77.0,75.19,"6'3""",-1.81,plays_shorter,75.19,"6'3""",-1.81,plays_shorter
2020,Noah Blackwell,Fresno St.,39364,6-3,"6'3""",75.0,74.95,"6'3""",-0.05,plays_at_height,74.95,"6'3""",-0.05,plays_at_height
2020,Ty Taylor,Eastern Kentucky,39366,6-3,"6'3""",75.0,74.73,"6'3""",-0.27,plays_at_height,74.73,"6'3""",-0.27,plays_at_height
2020,Mickey Mitchell,Arizona St.,39475,6-7,"6'7""",79.0,76.82,"6'5""",-2.18,plays_shorter,76.82,"6'5""",-2.18,plays_shorter
2020,Bakari Evelyn,Iowa,39476,6-2,"6'2""",74.0,74.54,"6'3""",0.54,plays_at_height,74.54,"6'3""",0.54,plays_at_height
2020,Michael Jacobson,Iowa St.,39479,6-9,"6'9""",81.0,77.67,"6'6""",-3.33,plays_shorter,77.67,"6'6""",-3.33,plays_shorter
2020,Aaron Falzon,Quinnipiac,39482,6-8,"6'8""",80.0,75.35,"6'3""",-4.65,plays_shorter,75.35,"6'3""",-4.65,plays_shorter
2020,Jordan Ash,Wright St.,39483,6-3,"6'3""",75.0,77.58,"6'6""",2.58,plays_taller,77.58,"6'6""",2.58,plays_taller
2020,Alex Olesinski,UCLA,39511,6-10,"6'10""",82.0,77.67,"6'6""",-4.33,plays_shorter,77.67,"6'6""",-4.33,plays_shorter
2020,Prince Ali,UCLA,39513,6-4,"6'4""",76.0,76.77,"6'5""",0.77,plays_taller,76.77,"6'5""",0.77,plays_taller
2020,Ethan Stair,Mercer,39649,6-4,"6'4""",76.0,79.27,"6'7""",3.27,plays_taller,79.27,"6'7""",3.27,plays_taller
2020,Sam Miller,Charleston,39651,6-9,"6'9""",81.0,79.63,"6'8""",-1.37,plays_shorter,79.63,"6'8""",-1.37,plays_shorter
2020,Ike Smith,Georgia Southern,39674,6-4,"6'4""",76.0,77.94,"6'6""",1.94,plays_taller,77.94,"6'6""",1.94,plays_taller
2020,Nate Sestina,Kentucky,39685,6-9,"6'9""",81.0,78.88,"6'7""",-2.12,plays_shorter,78.88,"6'7""",-2.12,plays_shorter
2020,Max Hazzard,Arizona,39718,6-0,"6'0""",72.0,75.75,"6'4""",3.75,plays_taller,75.75,"6'4""",3.75,plays_taller
2020,Joe Mooney,UC Davis,39730,6-3,"6'3""",75.0,75.65,"6'4""",0.65,plays_at_height,75.65,"6'4""",0.65,plays_at_height
2020,Rogers Printup,UC Davis,39731,6-4,"6'4""",76.0,75.38,"6'3""",-0.62,plays_at_height,75.38,"6'3""",-0.62,plays_at_height
2020,Ahmad Frost,Maryland Eastern Shore,39734,6-0,"6'0""",72.0,74.44,"6'2""",2.44,plays_taller,74.44,"6'2""",2.44,plays_taller
2020,Wendell Mitchell,Texas A&M,39769,6-3,"6'3""",75.0,75.65,"6'4""",0.65,plays_at_height,75.65,"6'4""",0.65,plays_at_height
2020,Nathan Bain,Stephen F. Austin,39778,6-6,"6'6""",78.0,79.53,"6'8""",1.53,plays_taller,79.53,"6'8""",1.53,plays_taller
2020,TJ Holyfield,Texas Tech,39779,6-8,"6'8""",80.0,81.39,"6'9""",1.39,plays_taller,81.39,"6'9""",1.39,plays_taller
2020,Jonah Radebaugh,Northern Colorado,39798,6-3,"6'3""",75.0,76.85,"6'5""",1.85,plays_taller,76.85,"6'5""",1.85,plays_taller
2020,Derrick Woods,Saint Peter's,39819,6-8,"6'8""",80.0,79.5,"6'8""",-0.5,plays_at_height,79.5,"6'8""",-0.5,plays_at_height
2020,Kyle Ahrens,Michigan St.,40044,6-6,"6'6""",78.0,76.1,"6'4""",-1.9,plays_shorter,76.1,"6'4""",-1.9,plays_shorter
2020,Raiquan Clark,LIU,40055,6-6,"6'6""",78.0,78.73,"6'7""",0.73,plays_at_height,78.73,"6'7""",0.73,plays_at_height
2020,Jared Savage,Western Kentucky,40082,6-5,"6'5""",77.0,79.03,"6'7""",2.03,plays_taller,79.03,"6'7""",2.03,plays_taller
2020,Jaylen Shead,Washington St.,40083,6-1,"6'1""",73.0,75.33,"6'3""",2.33,plays_taller,75.33,"6'3""",2.33,plays_taller
2020,Roland Griffin,Jackson St.,40100,6-6,"6'6""",78.0,78.34,"6'6""",0.34,plays_at_height,78.34,"6'6""",0.34,plays_at_height
2020,Bronson Kessinger,Indiana St.,40101,6-7,"6'7""",79.0,77.14,"6'5""",-1.86,plays_shorter,77.14,"6'5""",-1.86,plays_shorter
2020,Matt Hein,Siena,40103,6-4,"6'4""",76.0,74.74,"6'3""",-1.26,plays_shorter,74.74,"6'3""",-1.26,plays_shorter
2020,Derryck Thornton,Boston College,40142,6-3,"6'3""",75.0,75.01,"6'3""",0.01,plays_at_height,75.01,"6'3""",0.01,plays_at_height
2020,Kipper Nichols,Illinois,40147,6-6,"6'6""",78.0,76.87,"6'5""",-1.13,plays_shorter,76.87,"6'5""",-1.13,plays_shorter
2020,Von Julien,Southeastern Louisiana,40148,6-1,"6'1""",73.0,75.51,"6'4""",2.51,plays_taller,75.51,"6'4""",2.51,plays_taller
2020,Chase Jeter,Arizona,40153,6-10,"6'10""",82.0,80.11,"6'8""",-1.89,plays_shorter,80.11,"6'8""",-1.89,plays_shorter
2020,Ty Hudson,Jacksonville St.,40154,6-1,"6'1""",73.0,75.06,"6'3""",2.06,plays_taller,75.06,"6'3""",2.06,plays_taller
2020,Corey Brown,Canisius,40175,6-8,"6'8""",80.0,78.55,"6'7""",-1.45,plays_shorter,78.55,"6'7""",-1.45,plays_shorter
2020,Marcus DeBerry,Purdue Fort Wayne,40178,6-5,"6'5""",77.0,76.91,"6'5""",-0.09,plays_at_height,76.91,"6'5""",-0.09,plays_at_height
2020,Xavier Hill-Mais,Oakland,40190,6-7,"6'7""",79.0,79.92,"6'8""",0.92,plays_taller,79.92,"6'8""",0.92,plays_taller
2020,Matt Neufeld,UC Davis,40193,6-11,"6'11""",83.0,78.06,"6'6""",-4.94,plays_shorter,78.06,"6'6""",-4.94,plays_shorter
2020,Jermaine Bishop,Norfolk St.,40194,6-1,"6'1""",73.0,74.68,"6'3""",1.68,plays_taller,74.68,"6'3""",1.68,plays_taller
2020,Samir Doughty,Auburn,40195,6-4,"6'4""",76.0,76.6,"6'5""",0.6,plays_at_height,76.6,"6'5""",0.6,plays_at_height
2020,Jalen Coleman-Lands,DePaul,40204,6-4,"6'4""",76.0,74.6,"6'3""",-1.4,plays_shorter,74.6,"6'3""",-1.4,plays_shorter
2020,Brandon Austin,Samford,40253,6-5,"6'5""",77.0,75.55,"6'4""",-1.45,plays_shorter,75.55,"6'4""",-1.45,plays_shorter
2020,Nick Blair,UNLV,40317,6-5,"6'5""",77.0,79.63,"6'8""",2.63,plays_taller,79.63,"6'8""",2.63,plays_taller
2020,Grant Riller,Charleston,40407,6-3,"6'3""",75.0,77.98,"6'6""",2.98,plays_taller,77.98,"6'6""",2.98,plays_taller
2020,Ryan Fazekas,Valparaiso,40467,6-8,"6'8""",80.0,74.15,"6'2""",-5.85,plays_shorter,74.15,"6'2""",-5.85,plays_shorter
2020,Michael Benkert,Belmont,40472,6-4,"6'4""",76.0,76.15,"6'4""",0.15,plays_at_height,76.15,"6'4""",0.15,plays_at_height
2020,Seth Adelsperger,Belmont,40473,6-11,"6'11""",83.0,79.49,"6'7""",-3.51,plays_shorter,79.49,"6'7""",-3.51,plays_shorter
2020,Jamal Smith,Cal Poly,40476,6-3,"6'3""",75.0,76.38,"6'4""",1.38,plays_taller,76.38,"6'4""",1.38,plays_taller
2020,Ronnie Suggs,Southern Illinois,40490,6-6,"6'6""",78.0,76.65,"6'5""",-1.35,plays_shorter,76.65,"6'5""",-1.35,plays_shorter
2020,Bill Wampler,Wright St.,40497,6-6,"6'6""",78.0,75.46,"6'3""",-2.54,plays_shorter,75.46,"6'3""",-2.54,plays_shorter
2020,Eddie Davis III,The Citadel,40568,6-7,"6'7""",79.0,78.2,"6'6""",-0.8,plays_shorter,78.2,"6'6""",-0.8,plays_shorter
2020,DeAndre Abram,Milwaukee,40579,6-8,"6'8""",80.0,78.7,"6'7""",-1.3,plays_shorter,78.7,"6'7""",-1.3,plays_shorter
2020,Jordan Roland,Northeastern,40583,6-1,"6'1""",73.0,76.92,"6'5""",3.92,plays_taller,76.92,"6'5""",3.92,plays_taller
2020,Christian Williams,Indiana St.,40599,6-6,"6'6""",78.0,77.08,"6'5""",-0.92,plays_shorter,77.08,"6'5""",-0.92,plays_shorter
2020,Jordan Dallas,Seattle,40601,6-10,"6'10""",82.0,75.78,"6'4""",-6.22,plays_shorter,75.78,"6'4""",-6.22,plays_shorter
2020,Dazon Ingram,UCF,40634,6-6,"6'6""",78.0,79.46,"6'7""",1.46,plays_taller,79.46,"6'7""",1.46,plays_taller
2020,Chad Lott,South Alabama,40718,6-4,"6'4""",76.0,78.12,"6'6""",2.12,plays_taller,78.12,"6'6""",2.12,plays_taller
2020,Amir Smith,Hampton,40722,6-6,"6'6""",78.0,81.13,"6'9""",3.13,plays_taller,81.13,"6'9""",3.13,plays_taller
2020,Lamonte Turner,Tennessee,40731,6-2,"6'2""",74.0,75.23,"6'3""",1.23,plays_taller,75.23,"6'3""",1.23,plays_taller
2020,Robin Jorch,Boise St.,40736,6-11,"6'11""",83.0,78.11,"6'6""",-4.89,plays_shorter,78.11,"6'6""",-4.89,plays_shorter
2020,Marcus Wallace,Arkansas Pine Bluff,40776,6-1,"6'1""",73.0,74.48,"6'2""",1.48,plays_taller,74.48,"6'2""",1.48,plays_taller
2020,Hayden Howell,Abilene Christian,40809,6-7,"6'7""",79.0,76.95,"6'5""",-2.05,plays_shorter,76.95,"6'5""",-2.05,plays_shorter
2020,Kerry Blackshear Jr.,Florida,40843,6-10,"6'10""",82.0,80.57,"6'9""",-1.43,plays_shorter,80.57,"6'9""",-1.43,plays_shorter
2020,Chris Clarke,Texas Tech,40845,6-6,"6'6""",78.0,78.53,"6'7""",0.53,plays_at_height,78.53,"6'7""",0.53,plays_at_height
2020,Emmanuel Nzekwesi,Oral Roberts,40856,6-8,"6'8""",80.0,80.95,"6'9""",0.95,plays_taller,80.95,"6'9""",0.95,plays_taller
2020,Trhae Mitchell,South Alabama,40857,6-6,"6'6""",78.0,79.66,"6'8""",1.66,plays_taller,79.66,"6'8""",1.66,plays_taller
2020,Eric McGill,Southern Illinois,40869,6-2,"6'2""",74.0,76.46,"6'4""",2.46,plays_taller,76.46,"6'4""",2.46,plays_taller
2020,Collin Goss,Delaware,40953,6-11,"6'11""",83.0,79.26,"6'7""",-3.74,plays_shorter,79.26,"6'7""",-3.74,plays_shorter
2020,Keith Stone,Miami FL,41007,6-8,"6'8""",80.0,78.33,"6'6""",-1.67,plays_shorter,78.33,"6'6""",-1.67,plays_shorter
2020,Tahjai Teague,Ball St.,41088,6-8,"6'8""",80.0,82.81,"6'11""",2.81,plays_taller,82.81,"6'11""",2.81,plays_taller
2020,Dainan Swoope,Sam Houston St.,41156,6-0,"6'0""",72.0,74.75,"6'3""",2.75,plays_taller,74.75,"6'3""",2.75,plays_taller
2020,Andre Fox,South Alabama,41223,6-4,"6'4""",76.0,76.04,"6'4""",0.04,plays_at_height,76.04,"6'4""",0.04,plays_at_height
2020,Elijah Burns,Siena,41246,6-8,"6'8""",80.0,80.01,"6'8""",0.01,plays_at_height,80.01,"6'8""",0.01,plays_at_height
2020,Matt Hauser,Portland St.,41254,6-2,"6'2""",74.0,74.8,"6'3""",0.8,plays_taller,74.8,"6'3""",0.8,plays_taller
2020,KJ Feagin,San Diego St.,41257,6-1,"6'1""",73.0,75.06,"6'3""",2.06,plays_taller,75.06,"6'3""",2.06,plays_taller
2020,Venjie Wallis,Jackson St.,41264,6-6,"6'6""",78.0,77.62,"6'6""",-0.38,plays_at_height,77.62,"6'6""",-0.38,plays_at_height
2020,Desure Buie,Hofstra,41310,5-11,"5'11""",71.0,75.21,"6'3""",4.21,plays_taller,75.21,"6'3""",4.21,plays_taller
2020,Isaiah Moss,Kansas,41473,6-5,"6'5""",77.0,74.56,"6'3""",-2.44,plays_shorter,74.56,"6'3""",-2.44,plays_shorter
2020,Nakye Sanders,Towson,41474,6-8,"6'8""",80.0,79.86,"6'8""",-0.14,plays_at_height,79.86,"6'8""",-0.14,plays_at_height
2020,Carlton Bragg Jr.,New Mexico,41476,6-10,"6'10""",82.0,82.86,"6'11""",0.86,plays_taller,82.86,"6'11""",0.86,plays_taller
2020,John Crosby,Delaware St.,41498,6-3,"6'3""",75.0,76.38,"6'4""",1.38,plays_taller,76.38,"6'4""",1.38,plays_taller
2020,Josh Williams,Robert Morris,41514,6-2,"6'2""",74.0,75.49,"6'3""",1.49,plays_taller,75.49,"6'3""",1.49,plays_taller
2020,Andrew Robinson,Coppin St.,41520,6-7,"6'7""",79.0,75.88,"6'4""",-3.12,plays_shorter,75.88,"6'4""",-3.12,plays_shorter
2020,Aaron Robinson,Coppin St.,41522,6-6,"6'6""",78.0,75.07,"6'3""",-2.93,plays_shorter,75.07,"6'3""",-2.93,plays_shorter
2020,C.J. Bryce,N.C. State,41524,6-5,"6'5""",77.0,77.51,"6'6""",0.51,plays_at_height,77.51,"6'6""",0.51,plays_at_height
2020,Brad Brechting,Oakland,41532,6-11,"6'11""",83.0,80.43,"6'8""",-2.57,plays_shorter,80.43,"6'8""",-2.57,plays_shorter
2020,Chris McNeal,Cincinnati,41548,6-1,"6'1""",73.0,75.36,"6'3""",2.36,plays_taller,75.36,"6'3""",2.36,plays_taller
2020,Justin Jenkins,Gardner Webb,41558,6-2,"6'2""",74.0,75.15,"6'3""",1.15,plays_taller,75.15,"6'3""",1.15,plays_taller
2020,Eric Jamison Jr.,Gardner Webb,41570,6-6,"6'6""",78.0,76.78,"6'5""",-1.22,plays_shorter,76.78,"6'5""",-1.22,plays_shorter
2020,Cody Kelley,South Dakota,41582,5-11,"5'11""",71.0,75.1,"6'3""",4.1,plays_taller,75.1,"6'3""",4.1,plays_taller
2020,Marcus Evans,VCU,41636,6-2,"6'2""",74.0,76.06,"6'4""",2.06,plays_taller,76.06,"6'4""",2.06,plays_taller
2020,Malik Ellison,Hartford,41697,6-6,"6'6""",78.0,81.08,"6'9""",3.08,plays_taller,81.08,"6'9""",3.08,plays_taller
2020,K.J. Walton,Ball St.,41728,6-3,"6'3""",75.0,77.66,"6'6""",2.66,plays_taller,77.66,"6'6""",2.66,plays_taller
2020,Sylvester Ogbonda,Ohio,41742,6-10,"6'10""",82.0,80.1,"6'8""",-1.9,plays_shorter,80.1,"6'8""",-1.9,plays_shorter
2020,Christion Thompson,Tulane,41829,6-4,"6'4""",76.0,78.91,"6'7""",2.91,plays_taller,78.91,"6'7""",2.91,plays_taller
2020,Luwane Pipkins,Providence,41854,5-11,"5'11""",71.0,75.32,"6'3""",4.32,plays_taller,75.32,"6'3""",4.32,plays_taller
2020,Jaire Grayer,TCU,41936,6-5,"6'5""",77.0,77.49,"6'5""",0.49,plays_at_height,77.49,"6'5""",0.49,plays_at_height
2020,Steven Enoch,Louisville,41943,6-10,"6'10""",82.0,80.88,"6'9""",-1.12,plays_shorter,80.88,"6'9""",-1.12,plays_shorter
2020,Laquincy Rideau,South Florida,41974,6-1,"6'1""",73.0,77.38,"6'5""",4.38,plays_taller,77.38,"6'5""",4.38,plays_taller
2020,Josh Ajayi,South Alabama,41975,6-6,"6'6""",78.0,79.47,"6'7""",1.47,plays_taller,79.47,"6'7""",1.47,plays_taller
2020,New Williams,Fresno St.,41998,6-1,"6'1""",73.0,75.82,"6'4""",2.82,plays_taller,75.82,"6'4""",2.82,plays_taller
2020,JaQuan Lyle,New Mexico,42008,6-5,"6'5""",77.0,76.81,"6'5""",-0.19,plays_at_height,76.81,"6'5""",-0.19,plays_at_height
2020,Gary Chivichyan,Pacific,42030,6-4,"6'4""",76.0,73.98,"6'2""",-2.02,plays_shorter,73.98,"6'2""",-2.02,plays_shorter
2020,Brandon Boyd,Cal Baptist,42031,6-1,"6'1""",73.0,74.46,"6'2""",1.46,plays_taller,74.46,"6'2""",1.46,plays_taller
2020,Terrell Allen,Georgetown,42053,6-3,"6'3""",75.0,74.82,"6'3""",-0.18,plays_at_height,74.82,"6'3""",-0.18,plays_at_height
2020,Quinton Adlesh,USC,42066,6-1,"6'1""",73.0,74.61,"6'3""",1.61,plays_taller,74.61,"6'3""",1.61,plays_taller
2020,Djery Baptiste,Massachusetts,42128,6-10,"6'10""",82.0,80.71,"6'9""",-1.29,plays_shorter,80.71,"6'9""",-1.29,plays_shorter
2020,Camron Justice,Western Kentucky,42129,6-3,"6'3""",75.0,74.56,"6'3""",-0.44,plays_at_height,74.56,"6'3""",-0.44,plays_at_height
2020,James Bolden,Alabama,42142,6-0,"6'0""",72.0,74.62,"6'3""",2.62,plays_taller,74.62,"6'3""",2.62,plays_taller
2020,Lamont West,Missouri St.,42146,6-8,"6'8""",80.0,78.69,"6'7""",-1.31,plays_shorter,78.69,"6'7""",-1.31,plays_shorter
2020,Deondre Burns,Oral Roberts,42179,6-3,"6'3""",75.0,75.22,"6'3""",0.22,plays_at_height,75.22,"6'3""",0.22,plays_at_height
2020,David N'Diaye,Southern Utah,42192,7-0,"7'0""",84.0,79.67,"6'8""",-4.33,plays_shorter,79.67,"6'8""",-4.33,plays_shorter
2020,Josh Thompson,Ball St.,42231,6-0,"6'0""",72.0,75.08,"6'3""",3.08,plays_taller,75.08,"6'3""",3.08,plays_taller
2020,Jonathan Laurent,Oklahoma St.,42289,6-6,"6'6""",78.0,77.75,"6'6""",-0.25,plays_at_height,77.75,"6'6""",-0.25,plays_at_height
2020,Simeon Carter,Georgia Southern,42314,6-8,"6'8""",80.0,81.67,"6'10""",1.67,plays_taller,81.67,"6'10""",1.67,plays_taller
2020,Quinton Forrest,Idaho,42323,6-4,"6'4""",76.0,78.0,"6'6""",2.0,plays_taller,78.0,"6'6""",2.0,plays_taller
2020,Caleb Homesley,Liberty,42362,6-6,"6'6""",78.0,79.32,"6'7""",1.32,plays_taller,79.32,"6'7""",1.32,plays_taller
2020,Anthony Mathis,Oregon,42369,6-4,"6'4""",76.0,74.53,"6'3""",-1.47,plays_shorter,74.53,"6'3""",-1.47,plays_shorter
2020,Austin Vereen,Pacific,42378,6-4,"6'4""",76.0,76.95,"6'5""",0.95,plays_taller,76.95,"6'5""",0.95,plays_taller
2020,Jared Samuelson,Montana,42403,6-7,"6'7""",79.0,76.79,"6'5""",-2.21,plays_shorter,76.79,"6'5""",-2.21,plays_shorter
2020,Malik Maitland,Bethune Cookman,42413,5-9,"5'9""",69.0,74.43,"6'2""",5.43,plays_taller,74.43,"6'2""",5.43,plays_taller
2020,Pierre Sarr,Binghamton,42424,6-8,"6'8""",80.0,78.67,"6'7""",-1.33,plays_shorter,78.67,"6'7""",-1.33,plays_shorter
2020,Nisre Zouzoua,Nevada,42437,6-3,"6'3""",75.0,75.33,"6'3""",0.33,plays_at_height,75.33,"6'3""",0.33,plays_at_height
2020,Nico Carvacho,Colorado St.,42438,6-11,"6'11""",83.0,82.27,"6'10""",-0.73,plays_at_height,82.27,"6'10""",-0.73,plays_at_height
2020,Jordan Andrews,Texas Southern,42443,6-5,"6'5""",77.0,73.2,"6'1""",-3.8,plays_shorter,73.2,"6'1""",-3.8,plays_shorter
2020,Jimmy Whitt Jr.,Arkansas,42446,6-3,"6'3""",75.0,77.72,"6'6""",2.72,plays_taller,77.72,"6'6""",2.72,plays_taller
2020,Devin Haygood,North Carolina A&T,42448,6-8,"6'8""",80.0,80.41,"6'8""",0.41,plays_at_height,80.41,"6'8""",0.41,plays_at_height
2020,Deng Riak,Akron,42499,6-10,"6'10""",82.0,79.47,"6'7""",-2.53,plays_shorter,79.47,"6'7""",-2.53,plays_shorter
2020,K.J. Lawson,Tulane,42509,6-7,"6'7""",79.0,76.93,"6'5""",-2.07,plays_shorter,76.93,"6'5""",-2.07,plays_shorter
2020,Andrien White,Wake Forest,42556,6-3,"6'3""",75.0,75.22,"6'3""",0.22,plays_at_height,75.22,"6'3""",0.22,plays_at_height
2020,Malek Harwell,Cal Poly,42613,6-5,"6'5""",77.0,74.9,"6'3""",-2.1,plays_shorter,74.9,"6'3""",-2.1,plays_shorter
2020,Jaevin Cumberland,Cincinnati,42631,6-3,"6'3""",75.0,73.97,"6'2""",-1.03,plays_shorter,73.97,"6'2""",-1.03,plays_shorter
2020,DJ Williams,DePaul,42660,6-7,"6'7""",79.0,75.09,"6'3""",-3.91,plays_shorter,75.09,"6'3""",-3.91,plays_shorter
2020,Lamarr Kimble,Louisville,42665,6-0,"6'0""",72.0,74.75,"6'3""",2.75,plays_taller,74.75,"6'3""",2.75,plays_taller
2020,Myles Carter,Seattle,42670,6-9,"6'9""",81.0,80.76,"6'9""",-0.24,plays_at_height,80.76,"6'9""",-0.24,plays_at_height
2020,Cody Schwartz,Green Bay,42696,6-9,"6'9""",81.0,76.54,"6'5""",-4.46,plays_shorter,76.54,"6'5""",-4.46,plays_shorter
2020,Armel Potter,George Washington,42721,6-1,"6'1""",73.0,75.42,"6'3""",2.42,plays_taller,75.42,"6'3""",2.42,plays_taller
2020,Luke Knapke,Toledo,42747,6-11,"6'11""",83.0,79.49,"6'7""",-3.51,plays_shorter,79.49,"6'7""",-3.51,plays_shorter
2020,Cody John,Weber St.,42749,6-3,"6'3""",75.0,75.95,"6'4""",0.95,plays_taller,75.95,"6'4""",0.95,plays_taller
2020,Bryce Moore,Xavier,42750,6-3,"6'3""",75.0,73.25,"6'1""",-1.75,plays_shorter,73.25,"6'1""",-1.75,plays_shorter
2020,James Dickey,UNC Greensboro,42759,6-10,"6'10""",82.0,83.94,"7'0""",1.94,plays_taller,83.94,"7'0""",1.94,plays_taller
2020,Kameron Edwards,Pepperdine,42793,6-6,"6'6""",78.0,78.88,"6'7""",0.88,plays_taller,78.88,"6'7""",0.88,plays_taller
2020,Drew Edwards,Charlotte,42798,6-4,"6'4""",76.0,77.26,"6'5""",1.26,plays_taller,77.26,"6'5""",1.26,plays_taller
2020,Tre Scott,Cincinnati,42799,6-8,"6'8""",80.0,82.43,"6'10""",2.43,plays_taller,82.43,"6'10""",2.43,plays_taller
2020,Jared Hamilton,Boston College,42806,6-4,"6'4""",76.0,76.47,"6'4""",0.47,plays_at_height,76.47,"6'4""",0.47,plays_at_height
2020,Tay Weaver,Saint Louis,42812,5-10,"5'10""",70.0,75.78,"6'4""",5.78,plays_taller,75.78,"6'4""",5.78,plays_taller
2020,Xeyrius Williams,Akron,42876,6-9,"6'9""",81.0,79.33,"6'7""",-1.67,plays_shorter,79.33,"6'7""",-1.67,plays_shorter
2020,Haanif Cheatham,Nebraska,42953,6-5,"6'5""",77.0,76.84,"6'5""",-0.16,plays_at_height,76.84,"6'5""",-0.16,plays_at_height
2020,Sacar Anim,Marquette,42955,6-5,"6'5""",77.0,76.99,"6'5""",-0.01,plays_at_height,76.99,"6'5""",-0.01,plays_at_height
2020,Traci Carter,Hartford,42956,6-1,"6'1""",73.0,75.23,"6'3""",2.23,plays_taller,75.23,"6'3""",2.23,plays_taller
2020,Erten Gazi,Fordham,42957,6-3,"6'3""",75.0,77.09,"6'5""",2.09,plays_taller,77.09,"6'5""",2.09,plays_taller
2020,Ryan Mikesell,Dayton,42968,6-7,"6'7""",79.0,78.58,"6'7""",-0.42,plays_at_height,78.58,"6'7""",-0.42,plays_at_height
2020,Justin Dahl,Northern Iowa,43014,7-0,"7'0""",84.0,81.14,"6'9""",-2.86,plays_shorter,81.14,"6'9""",-2.86,plays_shorter
2020,Aaron Carver,Old Dominion,43052,6-7,"6'7""",79.0,81.76,"6'10""",2.76,plays_taller,81.76,"6'10""",2.76,plays_taller
2020,Damon Wilson,Georgia St.,43065,6-5,"6'5""",77.0,77.09,"6'5""",0.09,plays_at_height,77.09,"6'5""",0.09,plays_at_height
2020,Nic Thomas,Tulane,43103,6-1,"6'1""",73.0,73.69,"6'2""",0.69,plays_at_height,73.69,"6'2""",0.69,plays_at_height
2020,Lindsey Drew,Nevada,43138,6-4,"6'4""",76.0,78.5,"6'6""",2.5,plays_taller,78.5,"6'6""",2.5,plays_taller
2020,Walter Jones Jr.,Alabama A&M,43146,6-5,"6'5""",77.0,77.72,"6'6""",0.72,plays_at_height,77.72,"6'6""",0.72,plays_at_height
2020,James Claar,Western Illinois,43149,6-8,"6'8""",80.0,79.14,"6'7""",-0.86,plays_shorter,79.14,"6'7""",-0.86,plays_shorter
2020,Cole Gentry,Wright St.,43153,5-10,"5'10""",70.0,75.04,"6'3""",5.04,plays_taller,75.04,"6'3""",5.04,plays_taller
2020,Tyler Hagedorn,South Dakota,43158,6-10,"6'10""",82.0,78.43,"6'6""",-3.57,plays_shorter,78.43,"6'6""",-3.57,plays_shorter
2020,Derrik Smits,Butler,43188,7-1,"7'1""",85.0,77.53,"6'6""",-7.47,plays_shorter,77.53,"6'6""",-7.47,plays_shorter
2020,Hunter Seacat,Appalachian St.,43199,6-9,"6'9""",81.0,79.01,"6'7""",-1.99,plays_shorter,79.01,"6'7""",-1.99,plays_shorter
2020,Dennis Tunstall,Towson,43201,6-9,"6'9""",81.0,81.32,"6'9""",0.32,plays_at_height,81.32,"6'9""",0.32,plays_at_height
2020,Guilien Smith,Northeastern,43240,6-1,"6'1""",73.0,74.96,"6'3""",1.96,plays_taller,74.96,"6'3""",1.96,plays_taller
2020,Lacey James,Northern Illinois,43248,6-9,"6'9""",81.0,80.13,"6'8""",-0.87,plays_shorter,80.13,"6'8""",-0.87,plays_shorter
2020,Cameron Jones,Saint Peter's,43261,6-3,"6'3""",75.0,74.19,"6'2""",-0.81,plays_shorter,74.19,"6'2""",-0.81,plays_shorter
2020,Akwasi Yeboah,Rutgers,43276,6-6,"6'6""",78.0,78.56,"6'7""",0.56,plays_at_height,78.56,"6'7""",0.56,plays_at_height
2020,Everett Duncan,Vermont,43284,6-6,"6'6""",78.0,76.61,"6'5""",-1.39,plays_shorter,76.61,"6'5""",-1.39,plays_shorter
2020,Andrew Fleming,Lipscomb,43315,6-5,"6'5""",77.0,75.64,"6'4""",-1.36,plays_shorter,75.64,"6'4""",-1.36,plays_shorter
2020,Tanner Krebs,Saint Mary's,43384,6-6,"6'6""",78.0,76.99,"6'5""",-1.01,plays_shorter,76.99,"6'5""",-1.01,plays_shorter
2020,Curran Scott,Clemson,43388,6-4,"6'4""",76.0,75.28,"6'3""",-0.72,plays_at_height,75.28,"6'3""",-0.72,plays_at_height
2020,Daniel Utomi,USC,43396,6-6,"6'6""",78.0,76.18,"6'4""",-1.82,plays_shorter,76.18,"6'4""",-1.82,plays_shorter
2020,Zach Pirog,Cal Baptist,43413,6-11,"6'11""",83.0,82.29,"6'10""",-0.71,plays_at_height,82.29,"6'10""",-0.71,plays_at_height
2020,Karl Harris,Northern Kentucky,43463,6-5,"6'5""",77.0,77.34,"6'5""",0.34,plays_at_height,77.34,"6'5""",0.34,plays_at_height
2020,Mamadi Diakite,Virginia,43501,6-9,"6'9""",81.0,81.14,"6'9""",0.14,plays_at_height,81.14,"6'9""",0.14,plays_at_height
2020,Jibri Blount,North Carolina Central,43539,6-7,"6'7""",79.0,79.96,"6'8""",0.96,plays_taller,79.96,"6'8""",0.96,plays_taller
2020,Javan White,UMKC,43556,6-10,"6'10""",82.0,81.93,"6'10""",-0.07,plays_at_height,81.93,"6'10""",-0.07,plays_at_height
2020,Johncarlos Reyes,Nevada,43559,6-10,"6'10""",82.0,79.65,"6'8""",-2.35,plays_shorter,79.65,"6'8""",-2.35,plays_shorter
2020,Deng Geu,North Texas,43562,6-8,"6'8""",80.0,82.47,"6'10""",2.47,plays_taller,82.47,"6'10""",2.47,plays_taller
2020,Khyber Kabellis,UC Riverside,43563,6-4,"6'4""",76.0,75.38,"6'3""",-0.62,plays_at_height,75.38,"6'3""",-0.62,plays_at_height
2020,Curtis Cobb III,Wagner,43570,6-4,"6'4""",76.0,74.26,"6'2""",-1.74,plays_shorter,74.26,"6'2""",-1.74,plays_shorter
2020,DJ Draper,North Texas,43571,6-0,"6'0""",72.0,75.37,"6'3""",3.37,plays_taller,75.37,"6'3""",3.37,plays_taller
2020,A.J. Turner,Northwestern,43575,6-7,"6'7""",79.0,76.48,"6'4""",-2.52,plays_shorter,76.48,"6'4""",-2.52,plays_shorter
2020,Kris Martin,Colorado St.,43580,6-4,"6'4""",76.0,76.5,"6'4""",0.5,plays_at_height,76.5,"6'4""",0.5,plays_at_height
2020,Stefan Gonzalez,UC Davis,43593,6-2,"6'2""",74.0,75.5,"6'4""",1.5,plays_taller,75.5,"6'4""",1.5,plays_taller
2020,Rob Edwards,Arizona St.,43602,6-5,"6'5""",77.0,75.63,"6'4""",-1.37,plays_shorter,75.63,"6'4""",-1.37,plays_shorter
2020,Donnell Gresham Jr.,Georgia,43605,6-3,"6'3""",75.0,78.18,"6'6""",3.18,plays_taller,78.18,"6'6""",3.18,plays_taller
2020,Brandon Kamga,Cal St. Fullerton,43612,6-5,"6'5""",77.0,76.43,"6'4""",-0.57,plays_at_height,76.43,"6'4""",-0.57,plays_at_height
2020,Matt Holba,Purdue Fort Wayne,43622,6-7,"6'7""",79.0,77.22,"6'5""",-1.78,plays_shorter,77.22,"6'5""",-1.78,plays_shorter
2020,Jaylen Key,New Orleans,43629,6-8,"6'8""",80.0,77.47,"6'5""",-2.53,plays_shorter,77.47,"6'5""",-2.53,plays_shorter
2020,Admon Gilder,Gonzaga,43661,6-4,"6'4""",76.0,77.13,"6'5""",1.13,plays_taller,77.13,"6'5""",1.13,plays_taller
2020,Antwon Portley,Fordham,43664,6-4,"6'4""",76.0,74.99,"6'3""",-1.01,plays_shorter,74.99,"6'3""",-1.01,plays_shorter
2020,Ryan McMahon,Louisville,43715,6-0,"6'0""",72.0,74.17,"6'2""",2.17,plays_taller,74.17,"6'2""",2.17,plays_taller
2020,Zac Seljaas,BYU,43736,6-7,"6'7""",79.0,78.18,"6'6""",-0.82,plays_shorter,78.18,"6'6""",-0.82,plays_shorter
2020,Jayce Johnson,Marquette,43746,7-0,"7'0""",84.0,82.41,"6'10""",-1.59,plays_shorter,82.41,"6'10""",-1.59,plays_shorter
2020,Sean McDermott,Butler,43771,6-6,"6'6""",78.0,78.01,"6'6""",0.01,plays_at_height,78.01,"6'6""",0.01,plays_at_height
2020,Jordan Jackson,UT Rio Grande Valley,43774,6-3,"6'3""",75.0,77.55,"6'6""",2.55,plays_taller,77.55,"6'6""",2.55,plays_taller
2020,Jaycee Hillsman,Illinois St.,43818,6-6,"6'6""",78.0,76.88,"6'5""",-1.12,plays_shorter,76.88,"6'5""",-1.12,plays_shorter
2020,Evan Boudreaux,Purdue,43822,6-8,"6'8""",80.0,79.21,"6'7""",-0.79,plays_shorter,79.21,"6'7""",-0.79,plays_shorter
2020,Emmanuel Olojakpoke,Utah Valley,43837,6-8,"6'8""",80.0,83.84,"7'0""",3.84,plays_taller,83.84,"7'0""",3.84,plays_taller
2020,Chier Maker,Idaho St.,43851,6-8,"6'8""",80.0,77.15,"6'5""",-2.85,plays_shorter,77.15,"6'5""",-2.85,plays_shorter
2020,Jazz Johnson,Nevada,43871,5-10,"5'10""",70.0,74.29,"6'2""",4.29,plays_taller,74.29,"6'2""",4.29,plays_taller
2020,Rex Pflueger,Notre Dame,43872,6-6,"6'6""",78.0,75.47,"6'3""",-2.53,plays_shorter,75.47,"6'3""",-2.53,plays_shorter
2020,Matt Ryan,Chattanooga,43874,6-7,"6'7""",79.0,76.47,"6'4""",-2.53,plays_shorter,76.47,"6'4""",-2.53,plays_shorter
2020,Dennis Ashley,Saint Joseph's,43986,6-1,"6'1""",73.0,74.08,"6'2""",1.08,plays_taller,74.08,"6'2""",1.08,plays_taller
2020,JT Gibson,Nebraska Omaha,43991,6-3,"6'3""",75.0,74.46,"6'2""",-0.54,plays_at_height,74.46,"6'2""",-0.54,plays_at_height
2020,Derric Jean,Louisiana Tech,44022,6-2,"6'2""",74.0,77.52,"6'6""",3.52,plays_taller,77.52,"6'6""",3.52,plays_taller
2020,Jy'lan Washington,Tennessee St.,44024,6-9,"6'9""",81.0,79.92,"6'8""",-1.08,plays_shorter,79.92,"6'8""",-1.08,plays_shorter
2020,Alex Floresca,San Diego,44032,6-8,"6'8""",80.0,76.68,"6'5""",-3.32,plays_shorter,76.68,"6'5""",-3.32,plays_shorter
2020,Andy Van Vliet,William & Mary,44033,7-0,"7'0""",84.0,79.75,"6'8""",-4.25,plays_shorter,79.75,"6'8""",-4.25,plays_shorter
2020,Craig Randall II,Tennessee Martin,44043,6-5,"6'5""",77.0,73.59,"6'2""",-3.41,plays_shorter,73.59,"6'2""",-3.41,plays_shorter
2020,Jordan Dartis,Ohio,44059,6-3,"6'3""",75.0,74.38,"6'2""",-0.62,plays_at_height,74.38,"6'2""",-0.62,plays_at_height
2020,Joshua Howard,Brown,44156,6-6,"6'6""",78.0,76.8,"6'5""",-1.2,plays_shorter,76.8,"6'5""",-1.2,plays_shorter
2020,Isiah Brown,Grand Canyon,44211,6-2,"6'2""",74.0,75.27,"6'3""",1.27,plays_taller,75.27,"6'3""",1.27,plays_taller
2020,Rapolas Ivanauskas,Colgate,44212,6-10,"6'10""",82.0,79.27,"6'7""",-2.73,plays_shorter,79.27,"6'7""",-2.73,plays_shorter
2020,Jordy Tshimanga,Dayton,44214,6-11,"6'11""",83.0,81.15,"6'9""",-1.85,plays_shorter,81.15,"6'9""",-1.85,plays_shorter
2020,Jeriah Horne,Tulsa,44216,6-7,"6'7""",79.0,78.22,"6'6""",-0.78,plays_shorter,78.22,"6'6""",-0.78,plays_shorter
2020,Michael Hurt,Minnesota,44218,6-7,"6'7""",79.0,75.59,"6'4""",-3.41,plays_shorter,75.59,"6'4""",-3.41,plays_shorter
2020,Austin Davis,Michigan,44219,6-10,"6'10""",82.0,79.53,"6'8""",-2.47,plays_shorter,79.53,"6'8""",-2.47,plays_shorter
2020,Kai Edwards,Northern Colorado,44222,6-9,"6'9""",81.0,81.23,"6'9""",0.23,plays_at_height,81.23,"6'9""",0.23,plays_at_height
2020,James Butler,Drexel,44288,6-8,"6'8""",80.0,81.51,"6'10""",1.51,plays_taller,81.51,"6'10""",1.51,plays_taller
2020,Quinn Taylor,Saint Peter's,44306,6-5,"6'5""",77.0,78.57,"6'7""",1.57,plays_taller,78.57,"6'7""",1.57,plays_taller
2020,Mark French,Texas A&M,44310,5-8,"5'8""",68.0,73.83,"6'2""",5.83,plays_taller,73.83,"6'2""",5.83,plays_taller
2020,JJ Caldwell,New Mexico,44311,6-1,"6'1""",73.0,76.02,"6'4""",3.02,plays_taller,76.02,"6'4""",3.02,plays_taller
2020,Eric Vila,UTEP,44312,6-11,"6'11""",83.0,77.77,"6'6""",-5.23,plays_shorter,77.77,"6'6""",-5.23,plays_shorter
2020,Tobias Sjoberg,Marist,44314,6-9,"6'9""",81.0,79.78,"6'8""",-1.22,plays_shorter,79.78,"6'8""",-1.22,plays_shorter
2020,Nijal Pearson,Texas St.,44324,6-5,"6'5""",77.0,77.13,"6'5""",0.13,plays_at_height,77.13,"6'5""",0.13,plays_at_height
2020,Marlin Davis,Texas St.,44325,6-2,"6'2""",74.0,75.49,"6'3""",1.49,plays_taller,75.49,"6'3""",1.49,plays_taller
2020,Nedeljko Prijovic,Maine,44326,6-8,"6'8""",80.0,78.3,"6'6""",-1.7,plays_shorter,78.3,"6'6""",-1.7,plays_shorter
2020,Eric Terry,Texas St.,44327,6-8,"6'8""",80.0,79.3,"6'7""",-0.7,plays_at_height,79.3,"6'7""",-0.7,plays_at_height
2020,Izayah Mauriohooho-le'afa,Sacramento St.,44330,6-2,"6'2""",74.0,75.21,"6'3""",1.21,plays_taller,75.21,"6'3""",1.21,plays_taller
2020,Decardo Day,Alabama St.,44332,6-5,"6'5""",77.0,76.55,"6'5""",-0.45,plays_at_height,76.55,"6'5""",-0.45,plays_at_height
2020,Jerrick Harding,Weber St.,44338,6-1,"6'1""",73.0,75.81,"6'4""",2.81,plays_taller,75.81,"6'4""",2.81,plays_taller
2020,Jailyn Ingram,Florida Atlantic,44344,6-7,"6'7""",79.0,78.45,"6'6""",-0.55,plays_at_height,78.45,"6'6""",-0.55,plays_at_height
2020,Ryan Murphy,Pittsburgh,44345,6-2,"6'2""",74.0,74.64,"6'3""",0.64,plays_at_height,74.64,"6'3""",0.64,plays_at_height
2020,DaQuan Bracey,Louisiana Tech,44350,5-11,"5'11""",71.0,75.76,"6'4""",4.76,plays_taller,75.76,"6'4""",4.76,plays_taller
2020,Lucas Siewert,Colorado,44412,6-10,"6'10""",82.0,77.64,"6'6""",-4.36,plays_shorter,77.64,"6'6""",-4.36,plays_shorter
2020,D'Mitrik Trice,Wisconsin,44417,6-0,"6'0""",72.0,75.24,"6'3""",3.24,plays_taller,75.24,"6'3""",3.24,plays_taller
2020,Aleem Ford,Wisconsin,44418,6-8,"6'8""",80.0,78.17,"6'6""",-1.83,plays_shorter,78.17,"6'6""",-1.83,plays_shorter
2020,Charlie Moore,DePaul,44420,5-11,"5'11""",71.0,74.82,"6'3""",3.82,plays_taller,74.82,"6'3""",3.82,plays_taller
2020,Don Coleman,South Alabama,44421,6-2,"6'2""",74.0,74.34,"6'2""",0.34,plays_at_height,74.34,"6'2""",0.34,plays_at_height
2020,De'Ron Davis,Indiana,44423,6-10,"6'10""",82.0,77.06,"6'5""",-4.94,plays_shorter,77.06,"6'5""",-4.94,plays_shorter
2020,Eric Monroe,Yale,44510,6-2,"6'2""",74.0,75.3,"6'3""",1.3,plays_taller,75.3,"6'3""",1.3,plays_taller
2020,David DiLeo,Central Michigan,44511,6-8,"6'8""",80.0,75.79,"6'4""",-4.21,plays_shorter,75.79,"6'4""",-4.21,plays_shorter
2020,Kevin McKay,Central Michigan,44513,6-5,"6'5""",77.0,79.46,"6'7""",2.46,plays_taller,79.46,"6'7""",2.46,plays_taller
2020,Malik Johnson,Canisius,44517,5-10,"5'10""",70.0,76.15,"6'4""",6.15,plays_taller,76.15,"6'4""",6.15,plays_taller
2020,Trey Landers,Dayton,44541,6-5,"6'5""",77.0,80.03,"6'8""",3.03,plays_taller,80.03,"6'8""",3.03,plays_taller
2020,Jon Axel Gudmundsson,Davidson,44542,6-5,"6'5""",77.0,76.98,"6'5""",-0.02,plays_at_height,76.98,"6'5""",-0.02,plays_at_height
2020,Anthony Lamb,Vermont,44545,6-6,"6'6""",78.0,80.08,"6'8""",2.08,plays_taller,80.08,"6'8""",2.08,plays_taller
2020,Ben Shungu,Vermont,44546,6-2,"6'2""",74.0,77.41,"6'5""",3.41,plays_taller,77.41,"6'5""",3.41,plays_taller
2020,Nate Garvey,Howard,44613,6-3,"6'3""",75.0,73.81,"6'2""",-1.19,plays_shorter,73.81,"6'2""",-1.19,plays_shorter
2020,Scottie James,Liberty,44624,6-8,"6'8""",80.0,82.27,"6'10""",2.27,plays_taller,82.27,"6'10""",2.27,plays_taller
2020,Dominik Olejniczak,Florida St.,44628,7-0,"7'0""",84.0,80.33,"6'8""",-3.67,plays_shorter,80.33,"6'8""",-3.67,plays_shorter
2020,Chris Barnes,Eastern Michigan,44658,6-4,"6'4""",76.0,74.25,"6'2""",-1.75,plays_shorter,74.25,"6'2""",-1.75,plays_shorter
2020,Keon Clergeot,Massachusetts,44685,6-1,"6'1""",73.0,74.92,"6'3""",1.92,plays_taller,74.92,"6'3""",1.92,plays_taller
2020,Lesley Varner II,UT Rio Grande Valley,44693,6-7,"6'7""",79.0,77.16,"6'5""",-1.84,plays_shorter,77.16,"6'5""",-1.84,plays_shorter
2020,Mattia Da Campo,Seattle,44694,6-7,"6'7""",79.0,76.49,"6'4""",-2.51,plays_shorter,76.49,"6'4""",-2.51,plays_shorter
2020,Morgan Means,Seattle,44696,6-3,"6'3""",75.0,76.34,"6'4""",1.34,plays_taller,76.34,"6'4""",1.34,plays_taller
2020,Jermaine Haley,West Virginia,44701,6-7,"6'7""",79.0,78.75,"6'7""",-0.25,plays_at_height,78.75,"6'7""",-0.25,plays_at_height
2020,Chris Lewis,Harvard,44703,6-9,"6'9""",81.0,81.41,"6'9""",0.41,plays_at_height,81.41,"6'9""",0.41,plays_at_height
2020,Christian Juzang,Harvard,44704,6-2,"6'2""",74.0,74.81,"6'3""",0.81,plays_taller,74.81,"6'3""",0.81,plays_taller
2020,Ian Sistare,Dartmouth,44705,6-3,"6'3""",75.0,75.89,"6'4""",0.89,plays_taller,75.89,"6'4""",0.89,plays_taller
2020,James Foye,Dartmouth,44706,6-4,"6'4""",76.0,74.87,"6'3""",-1.13,plays_shorter,74.87,"6'3""",-1.13,plays_shorter
2020,Ian Carter,Dartmouth,44708,6-7,"6'7""",79.0,78.49,"6'6""",-0.51,plays_at_height,78.49,"6'6""",-0.51,plays_at_height
2020,Justin Bassey,Harvard,44709,6-5,"6'5""",77.0,76.79,"6'5""",-0.21,plays_at_height,76.79,"6'5""",-0.21,plays_at_height
2020,Robert Baker,Harvard,44710,6-11,"6'11""",83.0,80.84,"6'9""",-2.16,plays_shorter,80.84,"6'9""",-2.16,plays_shorter
2020,Arinze Chidom,UC Riverside,44716,6-9,"6'9""",81.0,79.52,"6'8""",-1.48,plays_shorter,79.52,"6'8""",-1.48,plays_shorter
2020,Jermaine Marrow,Hampton,44719,6-0,"6'0""",72.0,74.53,"6'3""",2.53,plays_taller,74.53,"6'3""",2.53,plays_taller
2020,Cassius Winston,Michigan St.,44722,6-1,"6'1""",73.0,74.68,"6'3""",1.68,plays_taller,74.68,"6'3""",1.68,plays_taller
2020,Nate Darling,Delaware,44749,6-5,"6'5""",77.0,76.22,"6'4""",-0.78,plays_shorter,76.22,"6'4""",-0.78,plays_shorter
2020,Byron Frohnen,UTSA,44751,6-6,"6'6""",78.0,78.45,"6'6""",0.45,plays_at_height,78.45,"6'6""",0.45,plays_at_height
2020,George Willborn II,UC Riverside,44754,6-3,"6'3""",75.0,78.02,"6'6""",3.02,plays_taller,78.02,"6'6""",3.02,plays_taller
2020,Kevin Marfo,Quinnipiac,44755,6-8,"6'8""",80.0,84.78,"7'1""",4.78,plays_taller,84.78,"7'1""",4.78,plays_taller
2020,Jair Bolden,South Carolina,44756,6-3,"6'3""",75.0,74.46,"6'2""",-0.54,plays_at_height,74.46,"6'2""",-0.54,plays_at_height
2020,Colin Slater,Long Beach St.,44757,6-1,"6'1""",73.0,74.26,"6'2""",1.26,plays_taller,74.26,"6'2""",1.26,plays_taller
2020,Antwain Johnson,Buffalo,44784,6-2,"6'2""",74.0,76.31,"6'4""",2.31,plays_taller,76.31,"6'4""",2.31,plays_taller
2020,Brandon Anderson,Brown,44786,6-1,"6'1""",73.0,75.25,"6'3""",2.25,plays_taller,75.25,"6'3""",2.25,plays_taller
2020,Maliek White,Providence,44791,6-3,"6'3""",75.0,75.91,"6'4""",0.91,plays_taller,75.91,"6'4""",0.91,plays_taller
2020,Joey Brunk,Indiana,44792,6-11,"6'11""",83.0,79.54,"6'8""",-3.46,plays_shorter,79.54,"6'8""",-3.46,plays_shorter
2020,Jagan Mosely,Georgetown,44796,6-3,"6'3""",75.0,77.23,"6'5""",2.23,plays_taller,77.23,"6'5""",2.23,plays_taller
2020,Markus Howard,Marquette,44799,5-11,"5'11""",71.0,74.85,"6'3""",3.85,plays_taller,74.85,"6'3""",3.85,plays_taller
2020,Blake Francis,Richmond,44827,6-0,"6'0""",72.0,74.26,"6'2""",2.26,plays_taller,74.26,"6'2""",2.26,plays_taller
2020,Mark Vital,Baylor,44845,6-5,"6'5""",77.0,81.09,"6'9""",4.09,plays_taller,81.09,"6'9""",4.09,plays_taller
2020,Tyson Jolly,SMU,44846,6-4,"6'4""",76.0,79.19,"6'7""",3.19,plays_taller,79.19,"6'7""",3.19,plays_taller
2020,Toliver Freeman,Saint Joseph's,44848,6-3,"6'3""",75.0,76.8,"6'5""",1.8,plays_taller,76.8,"6'5""",1.8,plays_taller
2020,AJ Wilson,George Mason,44849,6-7,"6'7""",79.0,83.57,"7'0""",4.57,plays_taller,83.57,"7'0""",4.57,plays_taller
2020,Braxton Key,Virginia,44859,6-8,"6'8""",80.0,79.91,"6'8""",-0.09,plays_at_height,79.91,"6'8""",-0.09,plays_at_height
2020,Adrio Bailey,Arkansas,44861,6-6,"6'6""",78.0,81.08,"6'9""",3.08,plays_taller,81.08,"6'9""",3.08,plays_taller
2020,Milan Acquaah,Cal Baptist,44862,6-3,"6'3""",75.0,76.38,"6'4""",1.38,plays_taller,76.38,"6'4""",1.38,plays_taller
2020,Jeff Pollard,Washington St.,44864,6-9,"6'9""",81.0,77.55,"6'6""",-3.45,plays_shorter,77.55,"6'6""",-3.45,plays_shorter
2020,Malachi Flynn,San Diego St.,44865,6-1,"6'1""",73.0,77.36,"6'5""",4.36,plays_taller,77.36,"6'5""",4.36,plays_taller
2020,Brandon Jackson,SIU Edwardsville,44913,6-7,"6'7""",79.0,78.2,"6'6""",-0.8,plays_shorter,78.2,"6'6""",-0.8,plays_shorter
2020,Jared Stutzman,Idaho St.,44920,6-6,"6'6""",78.0,76.49,"6'4""",-1.51,plays_shorter,76.49,"6'4""",-1.51,plays_shorter
2020,Danny Pippen,Kent St.,44937,6-9,"6'9""",81.0,80.06,"6'8""",-0.94,plays_shorter,80.06,"6'8""",-0.94,plays_shorter
2020,Davion Thomas,Troy,44940,6-9,"6'9""",81.0,77.03,"6'5""",-3.97,plays_shorter,77.03,"6'5""",-3.97,plays_shorter
2020,Baylee Steele,Duquesne,44943,6-11,"6'11""",83.0,79.16,"6'7""",-3.84,plays_shorter,79.16,"6'7""",-3.84,plays_shorter
2020,Xavier Green,Old Dominion,44944,6-6,"6'6""",78.0,75.59,"6'4""",-2.41,plays_shorter,75.59,"6'4""",-2.41,plays_shorter
2020,Corey Douglas,VCU,44948,6-8,"6'8""",80.0,80.97,"6'9""",0.97,plays_taller,80.97,"6'9""",0.97,plays_taller
2020,Kwe Parker,North Carolina A&T,44957,6-0,"6'0""",72.0,77.49,"6'5""",5.49,plays_taller,77.49,"6'5""",5.49,plays_taller
2020,Tareq Coburn,Hofstra,45017,6-5,"6'5""",77.0,77.45,"6'5""",0.45,plays_at_height,77.45,"6'5""",0.45,plays_at_height
2020,Amadi Ikpeze,St. Bonaventure,45021,6-10,"6'10""",82.0,78.07,"6'6""",-3.93,plays_shorter,78.07,"6'6""",-3.93,plays_shorter
2020,De'Riante Jenkins,VCU,45028,6-5,"6'5""",77.0,78.03,"6'6""",1.03,plays_taller,78.03,"6'6""",1.03,plays_taller
2020,Malik Crowfield,VCU,45032,6-4,"6'4""",76.0,73.69,"6'2""",-2.31,plays_shorter,73.69,"6'2""",-2.31,plays_shorter
2020,Marquell Fraser,Idaho,45034,6-3,"6'3""",75.0,76.87,"6'5""",1.87,plays_taller,76.87,"6'5""",1.87,plays_taller
2020,Jimbo Lull,San Francisco,45063,7-0,"7'0""",84.0,81.18,"6'9""",-2.82,plays_shorter,81.18,"6'9""",-2.82,plays_shorter
2020,Charles Minlend,San Francisco,45066,6-4,"6'4""",76.0,78.12,"6'6""",2.12,plays_taller,78.12,"6'6""",2.12,plays_taller
2020,Jordan Ratinho,San Francisco,45067,6-5,"6'5""",77.0,74.83,"6'3""",-2.17,plays_shorter,74.83,"6'3""",-2.17,plays_shorter
2020,Remu Raitanen,San Francisco,45068,6-9,"6'9""",81.0,76.76,"6'5""",-4.24,plays_shorter,76.76,"6'5""",-4.24,plays_shorter
2020,Mitchell Smith,Missouri,45080,6-10,"6'10""",82.0,78.49,"6'6""",-3.51,plays_shorter,78.49,"6'6""",-3.51,plays_shorter
2020,Justin Turner,Bowling Green,45081,6-4,"6'4""",76.0,75.56,"6'4""",-0.44,plays_at_height,75.56,"6'4""",-0.44,plays_at_height
2020,Dylan Frye,Bowling Green,45082,6-2,"6'2""",74.0,74.78,"6'3""",0.78,plays_taller,74.78,"6'3""",0.78,plays_taller
2020,Caleb Morris,Air Force,45084,6-4,"6'4""",76.0,74.98,"6'3""",-1.02,plays_shorter,74.98,"6'3""",-1.02,plays_shorter
2020,Kyle Mallers,Ball St.,45086,6-7,"6'7""",79.0,77.12,"6'5""",-1.88,plays_shorter,77.12,"6'5""",-1.88,plays_shorter
2020,Michael Hughes,Duquesne,45089,6-8,"6'8""",80.0,84.11,"7'0""",4.11,plays_taller,84.11,"7'0""",4.11,plays_taller
2020,Tavian Dunn-Martin,Duquesne,45090,5-8,"5'8""",68.0,73.8,"6'2""",5.8,plays_taller,73.8,"6'2""",5.8,plays_taller
2020,Devonnte Holland,Radford,45105,6-7,"6'7""",79.0,79.32,"6'7""",0.32,plays_at_height,79.32,"6'7""",0.32,plays_at_height
2020,Solomon Young,Iowa St.,45181,6-8,"6'8""",80.0,79.39,"6'7""",-0.61,plays_at_height,79.39,"6'7""",-0.61,plays_at_height
2020,Jakolby Long,Southern Utah,45184,6-5,"6'5""",77.0,75.58,"6'4""",-1.42,plays_shorter,75.58,"6'4""",-1.42,plays_shorter
2020,Jay Huff,Virginia,45187,7-1,"7'1""",85.0,84.52,"7'1""",-0.48,plays_at_height,84.52,"7'1""",-0.48,plays_at_height
2020,Udoka Azubuike,Kansas,45190,7-0,"7'0""",84.0,89.21,"7'5""",5.21,plays_taller,89.21,"7'5""",5.21,plays_taller
2020,Evan Wiley,Alabama A&M,45240,6-6,"6'6""",78.0,77.0,"6'5""",-1.0,plays_shorter,77.0,"6'5""",-1.0,plays_shorter
2020,Patrick Szpir,Wagner,45251,6-9,"6'9""",81.0,78.23,"6'6""",-2.77,plays_shorter,78.23,"6'6""",-2.77,plays_shorter
2020,Taze Moore,Cal St. Bakersfield,45252,6-5,"6'5""",77.0,79.6,"6'8""",2.6,plays_taller,79.6,"6'8""",2.6,plays_taller
2020,Justin Edler-Davis,Cal St. Bakersfield,45253,6-4,"6'4""",76.0,77.18,"6'5""",1.18,plays_taller,77.18,"6'5""",1.18,plays_taller
2020,Greg Lee,Cal St. Bakersfield,45254,6-9,"6'9""",81.0,78.55,"6'7""",-2.45,plays_shorter,78.55,"6'7""",-2.45,plays_shorter
2020,Myo Baxter-Bell,Liberty,45262,6-5,"6'5""",77.0,78.19,"6'6""",1.19,plays_taller,78.19,"6'6""",1.19,plays_taller
2020,Georgie Pacheco-Ortiz,Liberty,45264,6-1,"6'1""",73.0,75.79,"6'4""",2.79,plays_taller,75.79,"6'4""",2.79,plays_taller
2020,Jamal Wright,High Point,45266,5-11,"5'11""",71.0,74.88,"6'3""",3.88,plays_taller,74.88,"6'3""",3.88,plays_taller
2020,Austin Mueller,Wyoming,45267,6-6,"6'6""",78.0,74.66,"6'3""",-3.34,plays_shorter,74.66,"6'3""",-3.34,plays_shorter
2020,Cliff Thomas Jr.,High Point,45268,6-8,"6'8""",80.0,80.83,"6'9""",0.83,plays_taller,80.83,"6'9""",0.83,plays_taller
2020,KJ Robinson,Nebraska Omaha,45272,6-0,"6'0""",72.0,74.02,"6'2""",2.02,plays_taller,74.02,"6'2""",2.02,plays_taller
2020,Elyjah Goss,IU Indy,45279,6-7,"6'7""",79.0,81.1,"6'9""",2.1,plays_taller,81.1,"6'9""",2.1,plays_taller
2020,Reggie Jones,Tulsa,45286,6-7,"6'7""",79.0,76.33,"6'4""",-2.67,plays_shorter,76.33,"6'4""",-2.67,plays_shorter
2020,Brandon Johnson,Western Michigan,45288,6-8,"6'8""",80.0,80.55,"6'9""",0.55,plays_at_height,80.55,"6'9""",0.55,plays_at_height
2020,Nick Robinson,Valparaiso,45304,6-5,"6'5""",77.0,77.57,"6'6""",0.57,plays_at_height,77.57,"6'6""",0.57,plays_at_height
2020,Lorenzo Edwards,Saint Joseph's,45305,6-8,"6'8""",80.0,77.82,"6'6""",-2.18,plays_shorter,77.82,"6'6""",-2.18,plays_shorter
2020,Grant Golden,Richmond,45309,6-10,"6'10""",82.0,80.13,"6'8""",-1.87,plays_shorter,80.13,"6'8""",-1.87,plays_shorter
2020,De'Monte Buckingham,Cal St. Bakersfield,45310,6-4,"6'4""",76.0,76.85,"6'5""",0.85,plays_taller,76.85,"6'5""",0.85,plays_taller
2020,Nick Sherod,Richmond,45311,6-4,"6'4""",76.0,76.4,"6'4""",0.4,plays_at_height,76.4,"6'4""",0.4,plays_at_height
2020,Jalen Johnson,Louisiana,45313,6-7,"6'7""",79.0,77.83,"6'6""",-1.17,plays_shorter,77.83,"6'6""",-1.17,plays_shorter
2020,Danjel Purifoy,Auburn,45314,6-7,"6'7""",79.0,77.85,"6'6""",-1.15,plays_shorter,77.85,"6'6""",-1.15,plays_shorter
2020,Houston Smith,Bethune Cookman,45343,6-4,"6'4""",76.0,77.42,"6'5""",1.42,plays_taller,77.42,"6'5""",1.42,plays_taller
2020,Chance Garvin,Idaho,45345,6-4,"6'4""",76.0,76.39,"6'4""",0.39,plays_at_height,76.39,"6'4""",0.39,plays_at_height
2020,Anfernee McLemore,Auburn,45352,6-7,"6'7""",79.0,80.43,"6'8""",1.43,plays_taller,80.43,"6'8""",1.43,plays_taller
2020,Elijah Schmidt,Texas A&M Corpus Chris,45354,6-8,"6'8""",80.0,80.4,"6'8""",0.4,plays_at_height,80.4,"6'8""",0.4,plays_at_height
2020,Perry Francois,Texas A&M Corpus Chris,45359,6-8,"6'8""",80.0,78.89,"6'7""",-1.11,plays_shorter,78.89,"6'7""",-1.11,plays_shorter
2020,Kinnon LaRose,Sacred Heart,45389,6-3,"6'3""",75.0,76.44,"6'4""",1.44,plays_taller,76.44,"6'4""",1.44,plays_taller
2020,Markell Johnson,N.C. State,45394,6-1,"6'1""",73.0,76.84,"6'5""",3.84,plays_taller,76.84,"6'5""",3.84,plays_taller
2020,Anthony Gaston,Grambling St.,45452,6-4,"6'4""",76.0,75.64,"6'4""",-0.36,plays_at_height,75.64,"6'4""",-0.36,plays_at_height
2020,Ivy Smith Jr.,Grambling St.,45455,6-0,"6'0""",72.0,75.5,"6'3""",3.5,plays_taller,75.5,"6'3""",3.5,plays_taller
2020,JC Younger,Presbyterian,45459,6-4,"6'4""",76.0,74.25,"6'2""",-1.75,plays_shorter,74.25,"6'2""",-1.75,plays_shorter
2020,Jo'Vontae Millner,Middle Tennessee,45463,6-6,"6'6""",78.0,77.27,"6'5""",-0.73,plays_at_height,77.27,"6'5""",-0.73,plays_at_height
2020,Jaiveon Eaves,Murray St.,45472,6-2,"6'2""",74.0,75.49,"6'3""",1.49,plays_taller,75.49,"6'3""",1.49,plays_taller
2020,Jonah Antonio,UNLV,45475,6-5,"6'5""",77.0,74.3,"6'2""",-2.7,plays_shorter,74.3,"6'2""",-2.7,plays_shorter
2020,Ashtyn Bradley,LIU,45476,6-4,"6'4""",76.0,74.42,"6'2""",-1.58,plays_shorter,74.42,"6'2""",-1.58,plays_shorter
2020,Ryan Gomes,Houston Christian,45478,6-10,"6'10""",82.0,77.96,"6'6""",-4.04,plays_shorter,77.96,"6'6""",-4.04,plays_shorter
2020,Kaleb Bishop,Fairleigh Dickinson,45479,6-8,"6'8""",80.0,80.18,"6'8""",0.18,plays_at_height,80.18,"6'8""",0.18,plays_at_height
2020,Julian Batts,LIU,45481,6-0,"6'0""",72.0,75.28,"6'3""",3.28,plays_taller,75.28,"6'3""",3.28,plays_taller
2020,Jashaun Agosto,LIU,45482,6-0,"6'0""",72.0,75.13,"6'3""",3.13,plays_taller,75.13,"6'3""",3.13,plays_taller
2020,Erik Johansson,Loyola Marymount,45526,6-6,"6'6""",78.0,75.19,"6'3""",-2.81,plays_shorter,75.19,"6'3""",-2.81,plays_shorter
2020,Craig LeCesne,San Jose St.,45528,6-9,"6'9""",81.0,77.12,"6'5""",-3.88,plays_shorter,77.12,"6'5""",-3.88,plays_shorter
2020,Nolan Taylor,Cal Poly,45530,6-7,"6'7""",79.0,76.95,"6'5""",-2.05,plays_shorter,76.95,"6'5""",-2.05,plays_shorter
2020,Malcolm Porter,Portland,45531,6-4,"6'4""",76.0,74.83,"6'3""",-1.17,plays_shorter,74.83,"6'3""",-1.17,plays_shorter
2020,Knox Hellums,UTSA,45532,6-5,"6'5""",77.0,74.7,"6'3""",-2.3,plays_shorter,74.7,"6'3""",-2.3,plays_shorter
2020,Kolton Kohl,Abilene Christian,45533,7-0,"7'0""",84.0,80.75,"6'9""",-3.25,plays_shorter,80.75,"6'9""",-3.25,plays_shorter
2020,Trey Lenox,Abilene Christian,45534,6-3,"6'3""",75.0,74.96,"6'3""",-0.04,plays_at_height,74.96,"6'3""",-0.04,plays_at_height
2020,Payten Ricks,Abilene Christian,45535,6-2,"6'2""",74.0,75.21,"6'3""",1.21,plays_taller,75.21,"6'3""",1.21,plays_taller
2020,Clay Mounce,Furman,45542,6-7,"6'7""",79.0,79.67,"6'8""",0.67,plays_at_height,79.67,"6'8""",0.67,plays_at_height
2020,Scott Spencer,La Salle,45562,6-6,"6'6""",78.0,76.52,"6'5""",-1.48,plays_shorter,76.52,"6'5""",-1.48,plays_shorter
2020,Levi Cook,Coastal Carolina,45566,6-10,"6'10""",82.0,77.45,"6'5""",-4.55,plays_shorter,77.45,"6'5""",-4.55,plays_shorter
2020,Algevon Eichelberger,Cleveland St.,45568,6-8,"6'8""",80.0,79.75,"6'8""",-0.25,plays_at_height,79.75,"6'8""",-0.25,plays_at_height
2020,Eron Gordon,Valparaiso,45571,6-3,"6'3""",75.0,75.82,"6'4""",0.82,plays_taller,75.82,"6'4""",0.82,plays_taller
2020,Myles Powell,Seton Hall,45572,6-2,"6'2""",74.0,76.92,"6'5""",2.92,plays_taller,76.92,"6'5""",2.92,plays_taller
2020,Daniel Giddens,Vermont,45589,6-11,"6'11""",83.0,80.18,"6'8""",-2.82,plays_shorter,80.18,"6'8""",-2.82,plays_shorter
2020,Cartier Diarra,Kansas St.,45619,6-4,"6'4""",76.0,77.51,"6'6""",1.51,plays_taller,77.51,"6'6""",1.51,plays_taller
2020,Christian Turner,Gardner Webb,45624,5-10,"5'10""",70.0,74.57,"6'3""",4.57,plays_taller,74.57,"6'3""",4.57,plays_taller
2020,Nate Johnson,Gardner Webb,45625,6-3,"6'3""",75.0,76.8,"6'5""",1.8,plays_taller,76.8,"6'5""",1.8,plays_taller
2020,Devearl Ramsey,UC Santa Barbara,45629,6-0,"6'0""",72.0,74.98,"6'3""",2.98,plays_taller,74.98,"6'3""",2.98,plays_taller
2020,Drew Buggs,Hawaii,45642,6-3,"6'3""",75.0,75.69,"6'4""",0.69,plays_at_height,75.69,"6'4""",0.69,plays_at_height
2020,Saul Phiri,La Salle,45645,6-4,"6'4""",76.0,76.65,"6'5""",0.65,plays_at_height,76.65,"6'5""",0.65,plays_at_height
2020,Deivydas Kuzavas,Saint Francis,45646,6-10,"6'10""",82.0,79.52,"6'8""",-2.48,plays_shorter,79.52,"6'8""",-2.48,plays_shorter
2020,Keith Braxton,Saint Francis,45647,6-5,"6'5""",77.0,77.52,"6'6""",0.52,plays_at_height,77.52,"6'6""",0.52,plays_at_height
2020,Randall Gaskins Jr.,Saint Francis,45648,6-3,"6'3""",75.0,74.54,"6'3""",-0.46,plays_at_height,74.54,"6'3""",-0.46,plays_at_height
2020,Yoeli Childs,BYU,45693,6-8,"6'8""",80.0,81.69,"6'10""",1.69,plays_taller,81.69,"6'10""",1.69,plays_taller
2020,Nathan Hoover,Wofford,45695,6-4,"6'4""",76.0,74.8,"6'3""",-1.2,plays_shorter,74.8,"6'3""",-1.2,plays_shorter
2020,Onno Steger,Western Carolina,45699,6-5,"6'5""",77.0,75.86,"6'4""",-1.14,plays_shorter,75.86,"6'4""",-1.14,plays_shorter
2020,Donovan Theme-Love,Wofford,45700,6-1,"6'1""",73.0,74.58,"6'3""",1.58,plays_taller,74.58,"6'3""",1.58,plays_taller
2020,T.J. Atwood,Lamar,45705,6-6,"6'6""",78.0,78.31,"6'6""",0.31,plays_at_height,78.31,"6'6""",0.31,plays_at_height
2020,Sayeed Pridgett,Montana,45731,6-5,"6'5""",77.0,79.05,"6'7""",2.05,plays_taller,79.05,"6'7""",2.05,plays_taller
2020,Trevon Allen,Idaho,45734,6-2,"6'2""",74.0,76.55,"6'5""",2.55,plays_taller,76.55,"6'5""",2.55,plays_taller
2020,Mason Peatling,Eastern Washington,45736,6-8,"6'8""",80.0,81.08,"6'9""",1.08,plays_taller,81.08,"6'9""",1.08,plays_taller
2020,DJ Jones,Florida A&M,45744,6-9,"6'9""",81.0,79.1,"6'7""",-1.9,plays_shorter,79.1,"6'7""",-1.9,plays_shorter
2020,Harald Frey,Montana St.,45745,6-2,"6'2""",74.0,75.65,"6'4""",1.65,plays_taller,75.65,"6'4""",1.65,plays_taller
2020,Devin Kirby,Montana St.,45746,6-11,"6'11""",83.0,78.63,"6'7""",-4.37,plays_shorter,78.63,"6'7""",-4.37,plays_shorter
2020,Zion Morgan,Valparaiso,45811,6-5,"6'5""",77.0,78.55,"6'7""",1.55,plays_taller,78.55,"6'7""",1.55,plays_taller
2020,Keith Fisher III,Illinois St.,45815,6-8,"6'8""",80.0,79.2,"6'7""",-0.8,plays_shorter,79.2,"6'7""",-0.8,plays_shorter
2020,Ben Coupet Jr,Little Rock,45818,6-7,"6'7""",79.0,77.6,"6'6""",-1.4,plays_shorter,77.6,"6'6""",-1.4,plays_shorter
2020,Michael Buckland,Lipscomb,45825,6-5,"6'5""",77.0,76.33,"6'4""",-0.67,plays_at_height,76.33,"6'4""",-0.67,plays_at_height
2020,Monty Scott,Temple,45828,6-5,"6'5""",77.0,75.01,"6'3""",-1.99,plays_shorter,75.01,"6'3""",-1.99,plays_shorter
2020,Shyquan Gibbs,NJIT,45830,6-1,"6'1""",73.0,74.25,"6'2""",1.25,plays_taller,74.25,"6'2""",1.25,plays_taller
2020,Lachlan Anderson,Eastern Kentucky,45833,6-9,"6'9""",81.0,79.13,"6'7""",-1.87,plays_shorter,79.13,"6'7""",-1.87,plays_shorter
2020,Nick Hopkins,Belmont,45835,6-0,"6'0""",72.0,73.97,"6'2""",1.97,plays_taller,73.97,"6'2""",1.97,plays_taller
2020,Marlon Adams,Maryland Eastern Shore,45838,6-6,"6'6""",78.0,76.11,"6'4""",-1.89,plays_shorter,76.11,"6'4""",-1.89,plays_shorter
2020,Asante Gist,Iona,45841,5-11,"5'11""",71.0,73.58,"6'2""",2.58,plays_taller,73.58,"6'2""",2.58,plays_taller
2020,Seth Fuller,Elon,45843,5-11,"5'11""",71.0,71.5,"5'11""",0.5,plays_at_height,71.5,"5'11""",0.5,plays_at_height
2020,Osinachi Smart,Charleston,45853,6-8,"6'8""",80.0,81.21,"6'9""",1.21,plays_taller,81.21,"6'9""",1.21,plays_taller
2020,Jaylen McManus,Charleston,45854,6-7,"6'7""",79.0,76.77,"6'5""",-2.23,plays_shorter,76.77,"6'5""",-2.23,plays_shorter
2020,Ryan Daly,Saint Joseph's,45864,6-5,"6'5""",77.0,76.82,"6'5""",-0.18,plays_at_height,76.82,"6'5""",-0.18,plays_at_height
2020,Corey Allen,Georgia St.,45896,6-2,"6'2""",74.0,74.88,"6'3""",0.88,plays_taller,74.88,"6'3""",0.88,plays_taller
2020,Justin Hopkins,Texas Southern,45906,6-5,"6'5""",77.0,77.95,"6'6""",0.95,plays_taller,77.95,"6'6""",0.95,plays_taller
2020,Josh Sharkey,Samford,45909,5-10,"5'10""",70.0,75.31,"6'3""",5.31,plays_taller,75.31,"6'3""",5.31,plays_taller
2020,Kyrin Galloway,UNC Greensboro,45911,6-8,"6'8""",80.0,80.34,"6'8""",0.34,plays_at_height,80.34,"6'8""",0.34,plays_at_height
2020,Malik Massey,UNC Greensboro,45912,6-3,"6'3""",75.0,74.65,"6'3""",-0.35,plays_at_height,74.65,"6'3""",-0.35,plays_at_height
2020,Garrett Sams,North Florida,45914,6-7,"6'7""",79.0,75.49,"6'3""",-3.51,plays_shorter,75.49,"6'3""",-3.51,plays_shorter
2020,Garrett Gilkeson,VMI,45915,6-4,"6'4""",76.0,77.25,"6'5""",1.25,plays_taller,77.25,"6'5""",1.25,plays_taller
2020,Keith Smith,Cal Poly,45916,6-0,"6'0""",72.0,77.18,"6'5""",5.18,plays_taller,77.18,"6'5""",5.18,plays_taller
2020,Thomas Booker,USC Upstate,45930,6-2,"6'2""",74.0,76.75,"6'5""",2.75,plays_taller,76.75,"6'5""",2.75,plays_taller
2020,Ross Owens,Missouri St.,45934,6-4,"6'4""",76.0,76.08,"6'4""",0.08,plays_at_height,76.08,"6'4""",0.08,plays_at_height
2020,Jordan Bell,Loyola Marymount,45936,6-8,"6'8""",80.0,79.56,"6'8""",-0.44,plays_at_height,79.56,"6'8""",-0.44,plays_at_height
2020,Chibueze Jacobs,Sacramento St.,45951,6-4,"6'4""",76.0,78.34,"6'6""",2.34,plays_taller,78.34,"6'6""",2.34,plays_taller
2020,Mustapha Heron,St. John's,46004,6-5,"6'5""",77.0,75.7,"6'4""",-1.3,plays_shorter,75.7,"6'4""",-1.3,plays_shorter
2020,Brachen Hazen,Ball St.,46010,6-8,"6'8""",80.0,79.64,"6'8""",-0.36,plays_at_height,79.64,"6'8""",-0.36,plays_at_height
2020,C.J. Jones,Middle Tennessee,46023,6-5,"6'5""",77.0,75.68,"6'4""",-1.32,plays_shorter,75.68,"6'4""",-1.32,plays_shorter
2020,Djimon Henson,Morehead St.,46050,6-3,"6'3""",75.0,75.57,"6'4""",0.57,plays_at_height,75.57,"6'4""",0.57,plays_at_height
2020,Jalen Dupree,Samford,46052,6-8,"6'8""",80.0,80.58,"6'9""",0.58,plays_at_height,80.58,"6'9""",0.58,plays_at_height
2020,Dondre Griffin,Hampton,46055,6-3,"6'3""",75.0,74.55,"6'3""",-0.45,plays_at_height,74.55,"6'3""",-0.45,plays_at_height
2020,Tyson Carter,Mississippi St.,46089,6-4,"6'4""",76.0,76.3,"6'4""",0.3,plays_at_height,76.3,"6'4""",0.3,plays_at_height
2020,Abdul Ado,Mississippi St.,46092,6-11,"6'11""",83.0,81.98,"6'10""",-1.02,plays_shorter,81.98,"6'10""",-1.02,plays_shorter
2020,Kaelon Harris,The Citadel,46142,6-3,"6'3""",75.0,78.03,"6'6""",3.03,plays_taller,78.03,"6'6""",3.03,plays_taller
2020,Quinton Rose,Temple,46150,6-8,"6'8""",80.0,78.66,"6'7""",-1.34,plays_shorter,78.66,"6'7""",-1.34,plays_shorter
2020,Damion Moore,Temple,46151,6-11,"6'11""",83.0,79.53,"6'8""",-3.47,plays_shorter,79.53,"6'8""",-3.47,plays_shorter
2020,Alani Moore II,Temple,46153,5-10,"5'10""",70.0,74.55,"6'3""",4.55,plays_taller,74.55,"6'3""",4.55,plays_taller
2020,V.J. Holmes,Lamar,46154,6-4,"6'4""",76.0,77.45,"6'5""",1.45,plays_taller,77.45,"6'5""",1.45,plays_taller
2020,Eli Pemberton,Hofstra,46158,6-5,"6'5""",77.0,77.31,"6'5""",0.31,plays_at_height,77.31,"6'5""",0.31,plays_at_height
2020,Stafford Trueheart,Hofstra,46159,6-8,"6'8""",80.0,78.62,"6'7""",-1.38,plays_shorter,78.62,"6'7""",-1.38,plays_shorter
2020,Dejuan Clayton,Coppin St.,46161,6-2,"6'2""",74.0,75.27,"6'3""",1.27,plays_taller,75.27,"6'3""",1.27,plays_taller
2020,Evan Wieck,Navy,46163,6-8,"6'8""",80.0,77.06,"6'5""",-2.94,plays_shorter,77.06,"6'5""",-2.94,plays_shorter
2020,Brandon Suggs,UMKC,46171,6-8,"6'8""",80.0,79.48,"6'7""",-0.52,plays_at_height,79.48,"6'7""",-0.52,plays_at_height
2020,Bryce Barnes,William & Mary,46172,5-11,"5'11""",71.0,75.99,"6'4""",4.99,plays_taller,75.99,"6'4""",4.99,plays_taller
2020,Trevor Anderson,Wisconsin,46178,6-2,"6'2""",74.0,75.22,"6'3""",1.22,plays_taller,75.22,"6'3""",1.22,plays_taller
2020,Dejan Vasiljevic,Miami FL,46261,6-3,"6'3""",75.0,76.19,"6'4""",1.19,plays_taller,76.19,"6'4""",1.19,plays_taller
2020,Rodney Miller Jr.,Miami FL,46263,7-0,"7'0""",84.0,80.04,"6'8""",-3.96,plays_shorter,80.04,"6'8""",-3.96,plays_shorter
2020,Darius Hicks,Eastern Kentucky,46265,6-8,"6'8""",80.0,79.3,"6'7""",-0.7,plays_at_height,79.3,"6'7""",-0.7,plays_at_height
2020,Bruce Moore,Bucknell,46267,6-8,"6'8""",80.0,77.48,"6'5""",-2.52,plays_shorter,77.48,"6'5""",-2.52,plays_shorter
2020,Avi Toomer,Bucknell,46268,6-3,"6'3""",75.0,76.85,"6'5""",1.85,plays_taller,76.85,"6'5""",1.85,plays_taller
2020,Destin Barnes,Jacksonville,46269,6-7,"6'7""",79.0,74.72,"6'3""",-4.28,plays_shorter,74.72,"6'3""",-4.28,plays_shorter
2020,Tyler Scanlon,Belmont,46270,6-7,"6'7""",79.0,76.86,"6'5""",-2.14,plays_shorter,76.86,"6'5""",-2.14,plays_shorter
2020,Max Mahoney,Boston University,46272,6-8,"6'8""",80.0,81.92,"6'10""",1.92,plays_taller,81.92,"6'10""",1.92,plays_taller
2020,Mark Gasperini,American,46273,6-10,"6'10""",82.0,79.09,"6'7""",-2.91,plays_shorter,79.09,"6'7""",-2.91,plays_shorter
2020,Sa'eed Nelson,American,46276,6-2,"6'2""",74.0,77.88,"6'6""",3.88,plays_taller,77.88,"6'6""",3.88,plays_taller
2020,Marcus Dickinson,Boise St.,46289,6-1,"6'1""",73.0,74.88,"6'3""",1.88,plays_taller,74.88,"6'3""",1.88,plays_taller
2020,Dachon Burke Jr.,Nebraska,46292,6-4,"6'4""",76.0,77.52,"6'6""",1.52,plays_taller,77.52,"6'6""",1.52,plays_taller
2020,Alex Hobbs,Boise St.,46294,6-4,"6'4""",76.0,75.49,"6'3""",-0.51,plays_at_height,75.49,"6'3""",-0.51,plays_at_height
2020,Maik Kotsar,South Carolina,46309,6-11,"6'11""",83.0,80.32,"6'8""",-2.68,plays_shorter,80.32,"6'8""",-2.68,plays_shorter
2020,Reed Nikko,Missouri,46316,6-10,"6'10""",82.0,81.32,"6'9""",-0.68,plays_at_height,81.32,"6'9""",-0.68,plays_at_height
2020,Pat Andree,N.C. State,46348,6-8,"6'8""",80.0,75.39,"6'3""",-4.61,plays_shorter,75.39,"6'3""",-4.61,plays_shorter
2020,Kyle Stout,Lafayette,46349,6-6,"6'6""",78.0,74.89,"6'3""",-3.11,plays_shorter,74.89,"6'3""",-3.11,plays_shorter
2020,Myles Cherry,Lafayette,46352,6-8,"6'8""",80.0,79.6,"6'8""",-0.4,plays_at_height,79.6,"6'8""",-0.4,plays_at_height
2020,Jordan Cohen,Lehigh,46354,6-2,"6'2""",74.0,75.05,"6'3""",1.05,plays_taller,75.05,"6'3""",1.05,plays_taller
2020,Lukas Jarrett,Lafayette,46356,6-8,"6'8""",80.0,79.09,"6'7""",-0.91,plays_shorter,79.09,"6'7""",-0.91,plays_shorter
2020,Brevin Galloway,Charleston,46357,6-2,"6'2""",74.0,76.4,"6'4""",2.4,plays_taller,76.4,"6'4""",2.4,plays_taller
2020,Chevez Goodwin,Wofford,46358,6-9,"6'9""",81.0,83.29,"6'11""",2.29,plays_taller,83.29,"6'11""",2.29,plays_taller
2020,Jackson Rowe,Cal St. Fullerton,46362,6-7,"6'7""",79.0,79.78,"6'8""",0.78,plays_taller,79.78,"6'8""",0.78,plays_taller
2020,Devon Brewer,Alcorn St.,46376,6-8,"6'8""",80.0,76.94,"6'5""",-3.06,plays_shorter,76.94,"6'5""",-3.06,plays_shorter
2020,Artavious McDyess,Arkansas Pine Bluff,46382,6-10,"6'10""",82.0,79.83,"6'8""",-2.17,plays_shorter,79.83,"6'8""",-2.17,plays_shorter
2020,Tarkus Ferguson,Illinois Chicago,46400,6-4,"6'4""",76.0,78.3,"6'6""",2.3,plays_taller,78.3,"6'6""",2.3,plays_taller
2020,Micah Bradford,Southern,46403,6-1,"6'1""",73.0,74.74,"6'3""",1.74,plays_taller,74.74,"6'3""",1.74,plays_taller
2020,Anthony Tarke,UTEP,46423,6-6,"6'6""",78.0,80.35,"6'8""",2.35,plays_taller,80.35,"6'8""",2.35,plays_taller
2020,Wajid Aminu,North Florida,46427,6-7,"6'7""",79.0,82.32,"6'10""",3.32,plays_taller,82.32,"6'10""",3.32,plays_taller
2020,Jahaad Proctor,Purdue,46431,6-3,"6'3""",75.0,75.24,"6'3""",0.24,plays_at_height,75.24,"6'3""",0.24,plays_at_height
2020,Ty Graves,North Carolina Central,46500,5-10,"5'10""",70.0,74.54,"6'3""",4.54,plays_taller,74.54,"6'3""",4.54,plays_taller
2020,Jarron Cumberland,Cincinnati,46504,6-5,"6'5""",77.0,76.25,"6'4""",-0.75,plays_at_height,76.25,"6'4""",-0.75,plays_at_height
2020,Shawn Williams,New Mexico St.,46507,6-1,"6'1""",73.0,75.86,"6'4""",2.86,plays_taller,75.86,"6'4""",2.86,plays_taller
2020,Nik Popovic,Boston College,46509,6-11,"6'11""",83.0,78.35,"6'6""",-4.65,plays_shorter,78.35,"6'6""",-4.65,plays_shorter
2020,Dylan Carl,Purdue Fort Wayne,46552,6-11,"6'11""",83.0,81.02,"6'9""",-1.98,plays_shorter,81.02,"6'9""",-1.98,plays_shorter
2020,Ty Groce,Eastern Michigan,46558,6-8,"6'8""",80.0,78.87,"6'7""",-1.13,plays_shorter,78.87,"6'7""",-1.13,plays_shorter
2020,Chris Lester,New Hampshire,46564,6-6,"6'6""",78.0,77.48,"6'5""",-0.52,plays_at_height,77.48,"6'5""",-0.52,plays_at_height
2020,Cyril Langevine,Rhode Island,46567,6-8,"6'8""",80.0,82.48,"6'10""",2.48,plays_taller,82.48,"6'10""",2.48,plays_taller
2020,Tyere Marshall,Rider,46568,6-9,"6'9""",81.0,80.54,"6'9""",-0.46,plays_at_height,80.54,"6'9""",-0.46,plays_at_height
2020,Dimencio Vaughn,Rider,46569,6-5,"6'5""",77.0,79.52,"6'8""",2.52,plays_taller,79.52,"6'8""",2.52,plays_taller
2020,Ashante Shivers,Southern,46573,6-3,"6'3""",75.0,75.85,"6'4""",0.85,plays_taller,75.85,"6'4""",0.85,plays_taller
2020,Andre Jones,Nicholls St.,46583,6-4,"6'4""",76.0,77.33,"6'5""",1.33,plays_taller,77.33,"6'5""",1.33,plays_taller
2020,Lindy Waters III,Oklahoma St.,46593,6-6,"6'6""",78.0,76.45,"6'4""",-1.55,plays_shorter,76.45,"6'4""",-1.55,plays_shorter
2020,Desmond Bane,TCU,46595,6-6,"6'6""",78.0,77.0,"6'5""",-1.0,plays_shorter,77.0,"6'5""",-1.0,plays_shorter
2020,Josh Parrish,Rice,46596,6-4,"6'4""",76.0,78.87,"6'7""",2.87,plays_taller,78.87,"6'7""",2.87,plays_taller
2020,Brandon Averette,Utah Valley,46598,5-11,"5'11""",71.0,74.47,"6'2""",3.47,plays_taller,74.47,"6'2""",3.47,plays_taller
2020,Thomas Dziagwa,Oklahoma St.,46599,6-4,"6'4""",76.0,74.56,"6'3""",-1.44,plays_shorter,74.56,"6'3""",-1.44,plays_shorter
2020,Cameron McGriff,Oklahoma St.,46600,6-7,"6'7""",79.0,79.41,"6'7""",0.41,plays_at_height,79.41,"6'7""",0.41,plays_at_height
2020,Michael Bibby,Appalachian St.,46648,6-3,"6'3""",75.0,74.37,"6'2""",-0.63,plays_at_height,74.37,"6'2""",-0.63,plays_at_height
2020,Ceasar DeJesus,UCF,46652,6-2,"6'2""",74.0,75.21,"6'3""",1.21,plays_taller,75.21,"6'3""",1.21,plays_taller
2020,Jordan Blount,Illinois Chicago,46654,6-8,"6'8""",80.0,77.63,"6'6""",-2.37,plays_shorter,77.63,"6'6""",-2.37,plays_shorter
2020,Godwin Boahen,Illinois Chicago,46655,5-11,"5'11""",71.0,75.42,"6'3""",4.42,plays_taller,75.42,"6'3""",4.42,plays_taller
2020,Tyler Stewart,Saint Francis,46713,6-8,"6'8""",80.0,77.3,"6'5""",-2.7,plays_shorter,77.3,"6'5""",-2.7,plays_shorter
2020,Curtis Jones Jr.,Penn St.,46714,6-4,"6'4""",76.0,75.41,"6'3""",-0.59,plays_at_height,75.41,"6'3""",-0.59,plays_at_height
2020,Devonte Green,Indiana,46718,6-3,"6'3""",75.0,76.18,"6'4""",1.18,plays_taller,76.18,"6'4""",1.18,plays_taller
2020,Evan Hinson,Austin Peay,46769,6-4,"6'4""",76.0,77.05,"6'5""",1.05,plays_taller,77.05,"6'5""",1.05,plays_taller
2020,Austin Reaves,Oklahoma,46787,6-5,"6'5""",77.0,77.56,"6'6""",0.56,plays_at_height,77.56,"6'6""",0.56,plays_at_height
2020,Isaiah Brown,Northern Iowa,46788,6-7,"6'7""",79.0,76.73,"6'5""",-2.27,plays_shorter,76.73,"6'5""",-2.27,plays_shorter
2020,C.J. Keyser,North Carolina Central,46793,6-3,"6'3""",75.0,76.75,"6'5""",1.75,plays_taller,76.75,"6'5""",1.75,plays_taller
2020,Jordan Jones,Marist,46794,6-8,"6'8""",80.0,80.01,"6'8""",0.01,plays_at_height,80.01,"6'8""",0.01,plays_at_height
2020,Sergio El Darwich,Maine,46810,6-4,"6'4""",76.0,76.07,"6'4""",0.07,plays_at_height,76.07,"6'4""",0.07,plays_at_height
2020,Tyler Peterson,South Dakota,46814,6-4,"6'4""",76.0,77.04,"6'5""",1.04,plays_taller,77.04,"6'5""",1.04,plays_taller
2020,Brandon Armstrong,South Dakota,46815,6-5,"6'5""",77.0,74.86,"6'3""",-2.14,plays_shorter,74.86,"6'3""",-2.14,plays_shorter
2020,Triston Simpson,South Dakota,46816,6-2,"6'2""",74.0,75.06,"6'3""",1.06,plays_taller,75.06,"6'3""",1.06,plays_taller
2020,Loudon Love,Wright St.,46832,6-8,"6'8""",80.0,82.41,"6'10""",2.41,plays_taller,82.41,"6'10""",2.41,plays_taller
2020,Jaume Sorolla,Cincinnati,46843,7-0,"7'0""",84.0,77.56,"6'6""",-6.44,plays_shorter,77.56,"6'6""",-6.44,plays_shorter
2020,Ryan Swan,Air Force,46844,6-8,"6'8""",80.0,78.16,"6'6""",-1.84,plays_shorter,78.16,"6'6""",-1.84,plays_shorter
2020,Cavit Ege Havsa,Utah Valley,46888,6-4,"6'4""",76.0,75.69,"6'4""",-0.31,plays_at_height,75.69,"6'4""",-0.31,plays_at_height
2020,Cameron Oluyitan,Southern Utah,46912,6-7,"6'7""",79.0,76.73,"6'5""",-2.27,plays_shorter,76.73,"6'5""",-2.27,plays_shorter
2020,Precious Ayah,Miami OH,46913,6-6,"6'6""",78.0,78.46,"6'6""",0.46,plays_at_height,78.46,"6'6""",0.46,plays_at_height
2020,Noah McCarty,Northern Illinois,46914,6-8,"6'8""",80.0,77.51,"6'6""",-2.49,plays_shorter,77.51,"6'6""",-2.49,plays_shorter
2020,Eugene German,Northern Illinois,46916,6-0,"6'0""",72.0,76.66,"6'5""",4.66,plays_taller,76.66,"6'5""",4.66,plays_taller
2020,Andrew Garcia,Stony Brook,46918,6-5,"6'5""",77.0,78.5,"6'7""",1.5,plays_taller,78.5,"6'7""",1.5,plays_taller
2020,Andrew Fleming,Maine,46923,6-7,"6'7""",79.0,79.58,"6'8""",0.58,plays_at_height,79.58,"6'8""",0.58,plays_at_height
2020,E.J. Crawford,Iona,46975,6-6,"6'6""",78.0,77.03,"6'5""",-0.97,plays_shorter,77.03,"6'5""",-0.97,plays_shorter
2020,Darian Adams,Troy,46982,6-3,"6'3""",75.0,75.95,"6'4""",0.95,plays_taller,75.95,"6'4""",0.95,plays_taller
2020,Tommy Funk,Army,46985,5-11,"5'11""",71.0,75.15,"6'3""",4.15,plays_taller,75.15,"6'3""",4.15,plays_taller
2020,Matt Wilson,Army,46987,6-9,"6'9""",81.0,79.04,"6'7""",-1.96,plays_shorter,79.04,"6'7""",-1.96,plays_shorter
2020,Kelvin Jones,Creighton,46995,6-11,"6'11""",83.0,81.08,"6'9""",-1.92,plays_shorter,81.08,"6'9""",-1.92,plays_shorter
2020,Marcus Burk,IU Indy,46998,6-3,"6'3""",75.0,75.21,"6'3""",0.21,plays_at_height,75.21,"6'3""",0.21,plays_at_height
2020,Tyrik Dixon,Missouri St.,47006,6-1,"6'1""",73.0,75.53,"6'4""",2.53,plays_taller,75.53,"6'4""",2.53,plays_taller
2020,Oliver Powell,Louisiana Tech,47010,6-8,"6'8""",80.0,77.65,"6'6""",-2.35,plays_shorter,77.65,"6'6""",-2.35,plays_shorter
2020,Jannson Williams,Marshall,47011,6-9,"6'9""",81.0,79.64,"6'8""",-1.36,plays_shorter,79.64,"6'8""",-1.36,plays_shorter
2020,Jalen Harris,Nevada,47012,6-5,"6'5""",77.0,78.15,"6'6""",1.15,plays_taller,78.15,"6'6""",1.15,plays_taller
2020,JaColby Pemberton,Louisiana Tech,47013,6-5,"6'5""",77.0,78.5,"6'7""",1.5,plays_taller,78.5,"6'7""",1.5,plays_taller
2020,Devon Daniels,N.C. State,47052,6-5,"6'5""",77.0,78.29,"6'6""",1.29,plays_taller,78.29,"6'6""",1.29,plays_taller
2020,Henry Baddley,Butler,47057,6-4,"6'4""",76.0,77.5,"6'5""",1.5,plays_taller,77.5,"6'5""",1.5,plays_taller
2020,Kamar Baldwin,Butler,47058,6-1,"6'1""",73.0,76.59,"6'5""",3.59,plays_taller,76.59,"6'5""",3.59,plays_taller
2020,Mustapha Traore,Monmouth,47061,6-8,"6'8""",80.0,79.88,"6'8""",-0.12,plays_at_height,79.88,"6'8""",-0.12,plays_at_height
2020,Ibi Watson,Dayton,47099,6-5,"6'5""",77.0,76.76,"6'5""",-0.24,plays_at_height,76.76,"6'5""",-0.24,plays_at_height
2020,Jon Teske,Michigan,47100,7-1,"7'1""",85.0,81.36,"6'9""",-3.64,plays_shorter,81.36,"6'9""",-3.64,plays_shorter
2020,Zavier Simpson,Michigan,47104,6-0,"6'0""",72.0,77.09,"6'5""",5.09,plays_taller,77.09,"6'5""",5.09,plays_taller
2020,Anthony Cowan Jr.,Maryland,47106,6-0,"6'0""",72.0,75.76,"6'4""",3.76,plays_taller,75.76,"6'4""",3.76,plays_taller
2020,Josh Peterson,Coastal Carolina,47176,5-10,"5'10""",70.0,75.14,"6'3""",5.14,plays_taller,75.14,"6'3""",5.14,plays_taller
2020,Jared Chatham,Central Arkansas,47187,6-8,"6'8""",80.0,78.86,"6'7""",-1.14,plays_shorter,78.86,"6'7""",-1.14,plays_shorter
2020,Aaron Weidenaar,Central Arkansas,47188,6-7,"6'7""",79.0,75.25,"6'3""",-3.75,plays_shorter,75.25,"6'3""",-3.75,plays_shorter
2020,Jacob Young,Rutgers,47191,6-2,"6'2""",74.0,76.6,"6'5""",2.6,plays_taller,76.6,"6'5""",2.6,plays_taller
2020,Andrew Jones,Texas,47192,6-4,"6'4""",76.0,76.15,"6'4""",0.15,plays_at_height,76.15,"6'4""",0.15,plays_at_height
2020,James Banks III,Georgia Tech,47194,6-10,"6'10""",82.0,83.71,"7'0""",1.71,plays_taller,83.71,"7'0""",1.71,plays_taller
2020,Ryan Betley,Penn,47195,6-5,"6'5""",77.0,76.12,"6'4""",-0.88,plays_shorter,76.12,"6'4""",-0.88,plays_shorter
2020,AJ Brodeur,Penn,47196,6-8,"6'8""",80.0,80.47,"6'8""",0.47,plays_at_height,80.47,"6'8""",0.47,plays_at_height
2020,Devon Goodman,Penn,47201,6-0,"6'0""",72.0,76.49,"6'4""",4.49,plays_taller,76.49,"6'4""",4.49,plays_taller
2020,Ray Jerome,Penn,47202,6-2,"6'2""",74.0,75.93,"6'4""",1.93,plays_taller,75.93,"6'4""",1.93,plays_taller
2020,Jordan Bruner,Yale,47204,6-9,"6'9""",81.0,81.53,"6'10""",0.53,plays_at_height,81.53,"6'10""",0.53,plays_at_height
2020,Mikey Dixon,Grand Canyon,47205,6-2,"6'2""",74.0,74.25,"6'2""",0.25,plays_at_height,74.25,"6'2""",0.25,plays_at_height
2020,Divonte Lumpkin,Texas Southern,47207,6-1,"6'1""",73.0,74.93,"6'3""",1.93,plays_taller,74.93,"6'3""",1.93,plays_taller
2020,Cainan McClelland,Jackson St.,47212,6-4,"6'4""",76.0,75.07,"6'3""",-0.93,plays_shorter,75.07,"6'3""",-0.93,plays_shorter
2020,Herb McGee,South Alabama,47220,6-1,"6'1""",73.0,76.68,"6'5""",3.68,plays_taller,76.68,"6'5""",3.68,plays_taller
2020,Maxwell Starwood,Southeastern Louisiana,47223,6-9,"6'9""",81.0,77.07,"6'5""",-3.93,plays_shorter,77.07,"6'5""",-3.93,plays_shorter
2020,John Pettway,South Alabama,47224,6-3,"6'3""",75.0,76.71,"6'5""",1.71,plays_taller,76.71,"6'5""",1.71,plays_taller
2020,Spencer Littleson,Toledo,47235,6-4,"6'4""",76.0,76.07,"6'4""",0.07,plays_at_height,76.07,"6'4""",0.07,plays_at_height
2020,Isiaha Mike,SMU,47237,6-8,"6'8""",80.0,79.72,"6'8""",-0.28,plays_at_height,79.72,"6'8""",-0.28,plays_at_height
2020,Chuba Ohams,Fordham,47239,6-9,"6'9""",81.0,81.52,"6'10""",0.52,plays_at_height,81.52,"6'10""",0.52,plays_at_height
2020,Stanley Davis,Morgan St.,47294,6-5,"6'5""",77.0,78.17,"6'6""",1.17,plays_taller,78.17,"6'6""",1.17,plays_taller
2020,David Syfax Jr.,Morgan St.,47299,6-7,"6'7""",79.0,78.55,"6'7""",-0.45,plays_at_height,78.55,"6'7""",-0.45,plays_at_height
2020,Andre Wesson,Ohio St.,47326,6-6,"6'6""",78.0,77.34,"6'5""",-0.66,plays_at_height,77.34,"6'5""",-0.66,plays_at_height
2020,Micah Potter,Wisconsin,47329,6-10,"6'10""",82.0,82.36,"6'10""",0.36,plays_at_height,82.36,"6'10""",0.36,plays_at_height
2020,Barret Benson,Southern Illinois,47330,6-10,"6'10""",82.0,79.65,"6'8""",-2.35,plays_shorter,79.65,"6'8""",-2.35,plays_shorter
2020,Elijah Hughes,Syracuse,47357,6-6,"6'6""",78.0,78.06,"6'6""",0.06,plays_at_height,78.06,"6'6""",0.06,plays_at_height
2020,Kasheem Thomas,Cleveland St.,47404,6-0,"6'0""",72.0,73.64,"6'2""",1.64,plays_taller,73.64,"6'2""",1.64,plays_taller
2020,Evan Clayborne,North Carolina Central,47405,6-6,"6'6""",78.0,80.95,"6'9""",2.95,plays_taller,80.95,"6'9""",2.95,plays_taller
2020,Mike Smith,Columbia,47407,5-11,"5'11""",71.0,75.06,"6'3""",4.06,plays_taller,75.06,"6'3""",4.06,plays_taller
2020,Jake Killingsworth,Columbia,47408,6-5,"6'5""",77.0,75.67,"6'4""",-1.33,plays_shorter,75.67,"6'4""",-1.33,plays_shorter
2020,Ty Flowers,LIU,47421,6-9,"6'9""",81.0,80.32,"6'8""",-0.68,plays_at_height,80.32,"6'8""",-0.68,plays_at_height
2020,Brison Gresham,Houston,47422,6-8,"6'8""",80.0,82.97,"6'11""",2.97,plays_taller,82.97,"6'11""",2.97,plays_taller
2020,Arnaldo Toro,George Washington,47424,6-8,"6'8""",80.0,80.22,"6'8""",0.22,plays_at_height,80.22,"6'8""",0.22,plays_at_height
2020,Collin Smith,UCF,47425,6-11,"6'11""",83.0,79.47,"6'7""",-3.53,plays_shorter,79.47,"6'7""",-3.53,plays_shorter
2020,Unique McLean,St. Francis NY,47427,6-2,"6'2""",74.0,79.88,"6'8""",5.88,plays_taller,79.88,"6'8""",5.88,plays_taller
2020,Chris Baldwin,Texas Southern,47428,6-9,"6'9""",81.0,79.11,"6'7""",-1.89,plays_shorter,79.11,"6'7""",-1.89,plays_shorter
2020,Justin Williams,George Washington,47429,6-4,"6'4""",76.0,75.63,"6'4""",-0.37,plays_at_height,75.63,"6'4""",-0.37,plays_at_height
2020,Dejon Jarreau,Houston,47430,6-5,"6'5""",77.0,78.07,"6'6""",1.07,plays_taller,78.07,"6'6""",1.07,plays_taller
2020,Chancellor Ellis,Prairie View A&M,47484,6-4,"6'4""",76.0,73.82,"6'2""",-2.18,plays_shorter,73.82,"6'2""",-2.18,plays_shorter
2020,Brendon Myles,Florida A&M,47485,6-4,"6'4""",76.0,75.55,"6'4""",-0.45,plays_at_height,75.55,"6'4""",-0.45,plays_at_height
2020,Nasir Core,Florida A&M,47491,6-3,"6'3""",75.0,76.08,"6'4""",1.08,plays_taller,76.08,"6'4""",1.08,plays_taller
2020,Charles Williams,Howard,47494,6-6,"6'6""",78.0,76.31,"6'4""",-1.69,plays_shorter,76.31,"6'4""",-1.69,plays_shorter
2020,Payton Pritchard,Oregon,47506,6-2,"6'2""",74.0,75.7,"6'4""",1.7,plays_taller,75.7,"6'4""",1.7,plays_taller
2020,Keith Smith,Pepperdine,47508,6-6,"6'6""",78.0,77.43,"6'5""",-0.57,plays_at_height,77.43,"6'5""",-0.57,plays_at_height
2020,Jaquori McLaughlin,UC Santa Barbara,47510,6-4,"6'4""",76.0,76.42,"6'4""",0.42,plays_at_height,76.42,"6'4""",0.42,plays_at_height
2020,Ben Kone,Tennessee St.,47515,6-9,"6'9""",81.0,80.5,"6'8""",-0.5,plays_at_height,80.5,"6'8""",-0.5,plays_at_height
2020,Jordan Giles,UMKC,47549,6-7,"6'7""",79.0,77.83,"6'6""",-1.17,plays_shorter,77.83,"6'6""",-1.17,plays_shorter
2020,Isaiah Ross,Iona,47550,6-4,"6'4""",76.0,75.08,"6'3""",-0.92,plays_shorter,75.08,"6'3""",-0.92,plays_shorter
2020,Dylan Painter,Delaware,47566,6-10,"6'10""",82.0,81.79,"6'10""",-0.21,plays_at_height,81.79,"6'10""",-0.21,plays_at_height
2020,Brad Calipari,Detroit Mercy,47568,6-0,"6'0""",72.0,72.17,"6'0""",0.17,plays_at_height,72.17,"6'0""",0.17,plays_at_height
2020,Donald Hicks,Radford,47578,6-3,"6'3""",75.0,74.33,"6'2""",-0.67,plays_at_height,74.33,"6'2""",-0.67,plays_at_height
2020,Carlik Jones,Radford,47580,6-1,"6'1""",73.0,77.7,"6'6""",4.7,plays_taller,77.7,"6'6""",4.7,plays_taller
2020,Dru Smith,Missouri,47581,6-3,"6'3""",75.0,76.73,"6'5""",1.73,plays_taller,76.73,"6'5""",1.73,plays_taller
2020,John Hall,Evansville,47585,6-7,"6'7""",79.0,76.68,"6'5""",-2.32,plays_shorter,76.68,"6'5""",-2.32,plays_shorter
2020,Robert Martin,Rice,47590,6-6,"6'6""",78.0,77.63,"6'6""",-0.37,plays_at_height,77.63,"6'6""",-0.37,plays_at_height
2020,Brock Bertram,Buffalo,47600,6-11,"6'11""",83.0,79.36,"6'7""",-3.64,plays_shorter,79.36,"6'7""",-3.64,plays_shorter
2020,Troy Baxter,Morgan St.,47601,6-9,"6'9""",81.0,79.87,"6'8""",-1.13,plays_shorter,79.87,"6'8""",-1.13,plays_shorter
2020,J.T. Escobar,North Florida,47609,6-2,"6'2""",74.0,73.74,"6'2""",-0.26,plays_at_height,73.74,"6'2""",-0.26,plays_at_height
2020,Quentin Goodin,Xavier,47637,6-4,"6'4""",76.0,75.55,"6'4""",-0.45,plays_at_height,75.55,"6'4""",-0.45,plays_at_height
2020,Tyrique Jones,Xavier,47639,6-9,"6'9""",81.0,85.2,"7'1""",4.2,plays_taller,85.2,"7'1""",4.2,plays_taller
2020,Kalif Young,Providence,47640,6-9,"6'9""",81.0,80.23,"6'8""",-0.77,plays_shorter,80.23,"6'8""",-0.77,plays_shorter
2020,Alpha Diallo,Providence,47641,6-7,"6'7""",79.0,80.26,"6'8""",1.26,plays_taller,80.26,"6'8""",1.26,plays_taller
2020,Nick Rakocevic,USC,47672,6-11,"6'11""",83.0,81.29,"6'9""",-1.71,plays_shorter,81.29,"6'9""",-1.71,plays_shorter
2020,Jonah Mathews,USC,47674,6-3,"6'3""",75.0,74.72,"6'3""",-0.28,plays_at_height,74.72,"6'3""",-0.28,plays_at_height
2020,Harrison Henderson,Milwaukee,47675,6-10,"6'10""",82.0,77.04,"6'5""",-4.96,plays_shorter,77.04,"6'5""",-4.96,plays_shorter
2020,Carlos Johnson,Grand Canyon,47676,6-4,"6'4""",76.0,77.0,"6'5""",1.0,plays_taller,77.0,"6'5""",1.0,plays_taller
2020,Bitumba Baruti,East Carolina,47679,6-7,"6'7""",79.0,77.61,"6'6""",-1.39,plays_shorter,77.61,"6'6""",-1.39,plays_shorter
2020,Ade Murkey,Denver,47689,6-5,"6'5""",77.0,79.13,"6'7""",2.13,plays_taller,79.13,"6'7""",2.13,plays_taller
2020,Jax Levitch,UNC Asheville,47690,6-7,"6'7""",79.0,78.42,"6'6""",-0.58,plays_at_height,78.42,"6'6""",-0.58,plays_at_height
2020,Kevion Stewart,Alabama St.,47751,6-3,"6'3""",75.0,75.16,"6'3""",0.16,plays_at_height,75.16,"6'3""",0.16,plays_at_height
2020,Sammy Friday IV,Siena,47769,6-9,"6'9""",81.0,79.34,"6'7""",-1.66,plays_shorter,79.34,"6'7""",-1.66,plays_shorter
2020,Xzavier Malone-Key,Fairleigh Dickinson,47772,6-4,"6'4""",76.0,76.12,"6'4""",0.12,plays_at_height,76.12,"6'4""",0.12,plays_at_height
2020,Jordan Barnes,Indiana St.,47773,5-10,"5'10""",70.0,75.27,"6'3""",5.27,plays_taller,75.27,"6'3""",5.27,plays_taller
2020,Jeff Dowtin,Rhode Island,47774,6-3,"6'3""",75.0,76.59,"6'5""",1.59,plays_taller,76.59,"6'5""",1.59,plays_taller
2020,Khadim Sy,Mississippi,47782,6-10,"6'10""",82.0,80.38,"6'8""",-1.62,plays_shorter,80.38,"6'8""",-1.62,plays_shorter
2020,Jerry Johnson Jr.,Arkansas St.,47827,6-2,"6'2""",74.0,75.8,"6'4""",1.8,plays_taller,75.8,"6'4""",1.8,plays_taller
2020,Braun Hartfield,San Diego,47843,6-6,"6'6""",78.0,77.56,"6'6""",-0.44,plays_at_height,77.56,"6'6""",-0.44,plays_at_height
2020,Jordan Griffin,Long Beach St.,47889,6-3,"6'3""",75.0,74.26,"6'2""",-0.74,plays_at_height,74.26,"6'2""",-0.74,plays_at_height
2020,Loren Cristian Jackson,Akron,47891,5-8,"5'8""",68.0,74.75,"6'3""",6.75,plays_taller,74.75,"6'3""",6.75,plays_taller
2020,Max Heidegger,UC Santa Barbara,47892,6-3,"6'3""",75.0,74.77,"6'3""",-0.23,plays_at_height,74.77,"6'3""",-0.23,plays_at_height
2020,Diogo Brito,Utah St.,47898,6-6,"6'6""",78.0,77.51,"6'6""",-0.49,plays_at_height,77.51,"6'6""",-0.49,plays_at_height
2020,Abel Porter,Utah St.,47899,6-3,"6'3""",75.0,75.22,"6'3""",0.22,plays_at_height,75.22,"6'3""",0.22,plays_at_height
2020,Sam Merrill,Utah St.,47902,6-5,"6'5""",77.0,75.58,"6'4""",-1.42,plays_shorter,75.58,"6'4""",-1.42,plays_shorter
2020,Koby McEwen,Marquette,47904,6-4,"6'4""",76.0,76.82,"6'5""",0.82,plays_taller,76.82,"6'5""",0.82,plays_taller
2020,Juwan Durham,Notre Dame,47909,6-11,"6'11""",83.0,84.29,"7'0""",1.29,plays_taller,84.29,"7'0""",1.29,plays_taller
2020,Jared Printy,Western Michigan,47911,6-4,"6'4""",76.0,74.32,"6'2""",-1.68,plays_shorter,74.32,"6'2""",-1.68,plays_shorter
2020,Justin Roberts,Niagara,47913,5-10,"5'10""",70.0,73.76,"6'2""",3.76,plays_taller,73.76,"6'2""",3.76,plays_taller
2020,Jason Carter,Xavier,47914,6-8,"6'8""",80.0,78.29,"6'6""",-1.71,plays_shorter,78.29,"6'6""",-1.71,plays_shorter
2020,Christian Vital,Connecticut,47918,6-2,"6'2""",74.0,78.0,"6'6""",4.0,plays_taller,78.0,"6'6""",4.0,plays_taller
2020,Deniz Celen,St. Francis NY,47972,6-8,"6'8""",80.0,79.58,"6'8""",-0.42,plays_at_height,79.58,"6'8""",-0.42,plays_at_height
2020,Richmond Aririguzoh,Princeton,47974,6-9,"6'9""",81.0,80.4,"6'8""",-0.6,plays_at_height,80.4,"6'8""",-0.6,plays_at_height
2020,Jose Morales,Princeton,47976,5-9,"5'9""",69.0,74.82,"6'3""",5.82,plays_taller,74.82,"6'3""",5.82,plays_taller
2020,Tre Clark,Furman,47979,6-5,"6'5""",77.0,78.8,"6'7""",1.8,plays_taller,78.8,"6'7""",1.8,plays_taller
2020,Jordan Lyons,Furman,47980,5-11,"5'11""",71.0,75.2,"6'3""",4.2,plays_taller,75.2,"6'3""",4.2,plays_taller
2020,Steven Whitley,Norfolk St.,47984,6-3,"6'3""",75.0,78.09,"6'6""",3.09,plays_taller,78.09,"6'6""",3.09,plays_taller
2020,Kristian Doolittle,Oklahoma,47996,6-7,"6'7""",79.0,79.08,"6'7""",0.08,plays_at_height,79.08,"6'7""",0.08,plays_at_height
2020,Xavier Sneed,Kansas St.,47997,6-5,"6'5""",77.0,77.45,"6'5""",0.45,plays_at_height,77.45,"6'5""",0.45,plays_at_height
2020,Kameron McGusty,Miami FL,47998,6-5,"6'5""",77.0,76.78,"6'5""",-0.22,plays_at_height,76.78,"6'5""",-0.22,plays_at_height
2020,Matt Freeman,UC Santa Barbara,47999,6-10,"6'10""",82.0,77.02,"6'5""",-4.98,plays_shorter,77.02,"6'5""",-4.98,plays_shorter
2020,Brian Patrick,Purdue Fort Wayne,48002,6-5,"6'5""",77.0,76.75,"6'5""",-0.25,plays_at_height,76.75,"6'5""",-0.25,plays_at_height
2020,Jordan Shepherd,Charlotte,48004,6-4,"6'4""",76.0,76.84,"6'5""",0.84,plays_taller,76.84,"6'5""",0.84,plays_taller
2020,Marlon Stewart,North Dakota,48032,6-3,"6'3""",75.0,76.04,"6'4""",1.04,plays_taller,76.04,"6'4""",1.04,plays_taller
2020,Frederick Scott,Rider,48036,6-8,"6'8""",80.0,78.23,"6'6""",-1.77,plays_shorter,78.23,"6'6""",-1.77,plays_shorter
2020,Isiah Deas,La Salle,48044,6-6,"6'6""",78.0,75.37,"6'3""",-2.63,plays_shorter,75.37,"6'3""",-2.63,plays_shorter
2020,Zach Sellers,South Carolina St.,48051,6-1,"6'1""",73.0,74.78,"6'3""",1.78,plays_taller,74.78,"6'3""",1.78,plays_taller
2020,Johnny McCants,New Mexico St.,48075,6-7,"6'7""",79.0,81.09,"6'9""",2.09,plays_taller,81.09,"6'9""",2.09,plays_taller
2020,Nate Kennell,Bradley,48080,6-6,"6'6""",78.0,75.49,"6'3""",-2.51,plays_shorter,75.49,"6'3""",-2.51,plays_shorter
2020,JaShaun Smith,Longwood,48083,6-5,"6'5""",77.0,77.81,"6'6""",0.81,plays_taller,77.81,"6'6""",0.81,plays_taller
2020,Darrell Brown,Bradley,48087,5-10,"5'10""",70.0,74.51,"6'3""",4.51,plays_taller,74.51,"6'3""",4.51,plays_taller
2020,Koch Bar,Bradley,48088,6-11,"6'11""",83.0,81.29,"6'9""",-1.71,plays_shorter,81.29,"6'9""",-1.71,plays_shorter
2020,Matt Milon,UCF,48091,6-4,"6'4""",76.0,75.22,"6'3""",-0.78,plays_shorter,75.22,"6'3""",-0.78,plays_shorter
2020,Tyson Ward,North Dakota St.,48097,6-6,"6'6""",78.0,79.7,"6'8""",1.7,plays_taller,79.7,"6'8""",1.7,plays_taller
2020,Cameron Hunter,North Dakota St.,48098,6-3,"6'3""",75.0,76.07,"6'4""",1.07,plays_taller,76.07,"6'4""",1.07,plays_taller
2020,Jared Samuelson,North Dakota St.,48099,6-3,"6'3""",75.0,74.45,"6'2""",-0.55,plays_at_height,74.45,"6'2""",-0.55,plays_at_height
2020,Rasheem Dunn,St. John's,48114,6-2,"6'2""",74.0,75.51,"6'4""",1.51,plays_taller,75.51,"6'4""",1.51,plays_taller
2020,Derrick Alston,Boise St.,48120,6-9,"6'9""",81.0,78.28,"6'6""",-2.72,plays_shorter,78.28,"6'6""",-2.72,plays_shorter
2020,Justinian Jessup,Boise St.,48123,6-7,"6'7""",79.0,77.49,"6'5""",-1.51,plays_shorter,77.49,"6'5""",-1.51,plays_shorter
2020,Davonta Jordan,Buffalo,48145,6-2,"6'2""",74.0,77.87,"6'6""",3.87,plays_taller,77.87,"6'6""",3.87,plays_taller
2020,Sid Tomes,Air Force,48147,6-4,"6'4""",76.0,75.35,"6'3""",-0.65,plays_at_height,75.35,"6'3""",-0.65,plays_at_height
2020,Ian Kinard,South Carolina St.,48159,6-8,"6'8""",80.0,77.59,"6'6""",-2.41,plays_shorter,77.59,"6'6""",-2.41,plays_shorter
2020,Ozante Fields,South Carolina St.,48168,6-7,"6'7""",79.0,78.92,"6'7""",-0.08,plays_at_height,78.92,"6'7""",-0.08,plays_at_height
2020,Tommy Kuhse,Saint Mary's,48170,6-2,"6'2""",74.0,75.91,"6'4""",1.91,plays_taller,75.91,"6'4""",1.91,plays_taller
2020,Joseph Smoyer,Columbia,48176,6-11,"6'11""",83.0,79.54,"6'8""",-3.46,plays_shorter,79.54,"6'8""",-3.46,plays_shorter
2020,Jordan Ford,Saint Mary's,48177,6-1,"6'1""",73.0,75.19,"6'3""",2.19,plays_taller,75.19,"6'3""",2.19,plays_taller
2020,Mark Carbone,New Hampshire,48178,6-2,"6'2""",74.0,75.52,"6'4""",1.52,plays_taller,75.52,"6'4""",1.52,plays_taller
2020,Juwan Gray,Towson,48179,6-8,"6'8""",80.0,77.8,"6'6""",-2.2,plays_shorter,77.8,"6'6""",-2.2,plays_shorter
2020,John Edgar Jr.,UC Irvine,48182,6-5,"6'5""",77.0,77.15,"6'5""",0.15,plays_at_height,77.15,"6'5""",0.15,plays_at_height
2020,Evan Leonard,UC Irvine,48183,6-1,"6'1""",73.0,76.41,"6'4""",3.41,plays_taller,76.41,"6'4""",3.41,plays_taller
2020,Eyassu Worku,UC Irvine,48184,6-2,"6'2""",74.0,74.82,"6'3""",0.82,plays_taller,74.82,"6'3""",0.82,plays_taller
2020,Tommy Rutherford,UC Irvine,48186,6-8,"6'8""",80.0,79.49,"6'7""",-0.51,plays_at_height,79.49,"6'7""",-0.51,plays_at_height
2020,Brad Greene,UC Irvine,48187,6-11,"6'11""",83.0,82.2,"6'10""",-0.8,plays_shorter,82.2,"6'10""",-0.8,plays_shorter
2020,Corey Manigault,New Mexico,48212,6-9,"6'9""",81.0,80.3,"6'8""",-0.7,plays_at_height,80.3,"6'8""",-0.7,plays_at_height
2020,John Mooney,Notre Dame,48215,6-9,"6'9""",81.0,81.75,"6'10""",0.75,plays_at_height,81.75,"6'10""",0.75,plays_at_height
2020,T.J. Gibbs,Notre Dame,48218,6-3,"6'3""",75.0,74.36,"6'2""",-0.64,plays_at_height,74.36,"6'2""",-0.64,plays_at_height
2020,Omer Yurtseven,Georgetown,48219,7-0,"7'0""",84.0,82.77,"6'11""",-1.23,plays_shorter,82.77,"6'11""",-1.23,plays_shorter
2020,Devine Eke,Radford,48260,6-8,"6'8""",80.0,82.72,"6'11""",2.72,plays_taller,82.72,"6'11""",2.72,plays_taller
2020,Issac Vann,VCU,48263,6-6,"6'6""",78.0,76.49,"6'4""",-1.51,plays_shorter,76.49,"6'4""",-1.51,plays_shorter
2020,Ikenna Ndugba,Bryant,48285,6-0,"6'0""",72.0,75.92,"6'4""",3.92,plays_taller,75.92,"6'4""",3.92,plays_taller
2020,Adam Grant,Bryant,48287,6-1,"6'1""",73.0,74.52,"6'3""",1.52,plays_taller,74.52,"6'3""",1.52,plays_taller
2020,Cory Gensler,Campbell,48295,6-4,"6'4""",76.0,76.86,"6'5""",0.86,plays_taller,76.86,"6'5""",0.86,plays_taller
2020,Artur Labinowicz,Evansville,48297,6-4,"6'4""",76.0,77.18,"6'5""",1.18,plays_taller,77.18,"6'5""",1.18,plays_taller
2020,Amidou Bamba,Charlotte,48298,6-9,"6'9""",81.0,80.99,"6'9""",-0.01,plays_at_height,80.99,"6'9""",-0.01,plays_at_height
2020,Zigmars Raimo,Hawaii,48318,6-9,"6'9""",81.0,78.59,"6'7""",-2.41,plays_shorter,78.59,"6'7""",-2.41,plays_shorter
2020,Killian Tillie,Gonzaga,48368,6-10,"6'10""",82.0,78.98,"6'7""",-3.02,plays_shorter,78.98,"6'7""",-3.02,plays_shorter
2020,TJ Haws,BYU,48372,6-4,"6'4""",76.0,76.23,"6'4""",0.23,plays_at_height,76.23,"6'4""",0.23,plays_at_height
2020,Bryson Robinson,New Orleans,48376,6-4,"6'4""",76.0,76.03,"6'4""",0.03,plays_at_height,76.03,"6'4""",0.03,plays_at_height
2020,A.J. Cheeseman,Maryland Eastern Shore,48377,6-7,"6'7""",79.0,78.57,"6'7""",-0.43,plays_at_height,78.57,"6'7""",-0.43,plays_at_height
2020,Kalob Ledoux,Louisiana Tech,48379,6-4,"6'4""",76.0,76.51,"6'5""",0.51,plays_at_height,76.51,"6'5""",0.51,plays_at_height
2020,Jalon Gates,Houston Christian,48402,6-0,"6'0""",72.0,74.58,"6'3""",2.58,plays_taller,74.58,"6'3""",2.58,plays_taller
2020,Justin Moore,Pacific,48423,6-4,"6'4""",76.0,76.63,"6'5""",0.63,plays_at_height,76.63,"6'5""",0.63,plays_at_height
2020,Javin DeLaurier,Duke,48427,6-10,"6'10""",82.0,81.13,"6'9""",-0.87,plays_shorter,81.13,"6'9""",-0.87,plays_shorter
2020,Jack White,Duke,48432,6-7,"6'7""",79.0,78.42,"6'6""",-0.58,plays_at_height,78.42,"6'6""",-0.58,plays_at_height
2020,Trent Forrest,Florida St.,48433,6-4,"6'4""",76.0,78.42,"6'6""",2.42,plays_taller,78.42,"6'6""",2.42,plays_taller
2020,CJ Walker,Ohio St.,48434,6-1,"6'1""",73.0,75.61,"6'4""",2.61,plays_taller,75.61,"6'4""",2.61,plays_taller
2020,Ako Adams,Rice,48446,6-3,"6'3""",75.0,73.56,"6'2""",-1.44,plays_shorter,73.56,"6'2""",-1.44,plays_shorter
2020,Ed Morrow,Marquette,48454,6-7,"6'7""",79.0,80.46,"6'8""",1.46,plays_taller,80.46,"6'8""",1.46,plays_taller
2020,Terrell Brown,New Mexico St.,48486,6-1,"6'1""",73.0,74.67,"6'3""",1.67,plays_taller,74.67,"6'3""",1.67,plays_taller
2020,Damien Jefferson,Creighton,48489,6-5,"6'5""",77.0,78.39,"6'6""",1.39,plays_taller,78.39,"6'6""",1.39,plays_taller
2020,Josh Hall,Missouri St.,48492,6-7,"6'7""",79.0,77.9,"6'6""",-1.1,plays_shorter,77.9,"6'6""",-1.1,plays_shorter
2020,Aher Uguak,Loyola Chicago,48494,6-7,"6'7""",79.0,78.73,"6'7""",-0.27,plays_at_height,78.73,"6'7""",-0.27,plays_at_height
2020,Jalen Harris,Arkansas,48495,6-2,"6'2""",74.0,76.69,"6'5""",2.69,plays_taller,76.69,"6'5""",2.69,plays_taller
2020,Jordan Walker,Morehead St.,48510,6-0,"6'0""",72.0,76.42,"6'4""",4.42,plays_taller,76.42,"6'4""",4.42,plays_taller
2020,Bryson Williams,UTEP,48515,6-8,"6'8""",80.0,79.54,"6'8""",-0.46,plays_at_height,79.54,"6'8""",-0.46,plays_at_height
2020,Jacara Cross,Jacksonville St.,48517,6-8,"6'8""",80.0,79.86,"6'8""",-0.14,plays_at_height,79.86,"6'8""",-0.14,plays_at_height
2020,Malik Fitts,Saint Mary's,48524,6-8,"6'8""",80.0,78.97,"6'7""",-1.03,plays_shorter,78.97,"6'7""",-1.03,plays_shorter
2020,Jacob Davison,Eastern Washington,48538,6-4,"6'4""",76.0,77.61,"6'6""",1.61,plays_taller,77.61,"6'6""",1.61,plays_taller
2020,Tyler Creammer,VMI,48576,6-10,"6'10""",82.0,78.88,"6'7""",-3.12,plays_shorter,78.88,"6'7""",-3.12,plays_shorter
2020,Tyler Hooker,Kennesaw St.,48597,5-10,"5'10""",70.0,75.41,"6'3""",5.41,plays_taller,75.41,"6'3""",5.41,plays_taller
2020,Brandon Gonzalez,Southeastern Louisiana,48616,6-6,"6'6""",78.0,75.16,"6'3""",-2.84,plays_shorter,75.16,"6'3""",-2.84,plays_shorter
2020,Kevon Harris,Stephen F. Austin,48618,6-6,"6'6""",78.0,78.97,"6'7""",0.97,plays_taller,78.97,"6'7""",0.97,plays_taller
2020,Isaiah Fontaine,UT Rio Grande Valley,48619,6-9,"6'9""",81.0,80.6,"6'9""",-0.4,plays_at_height,80.6,"6'9""",-0.4,plays_at_height
2020,Everett Winchester,Florida Atlantic,48621,6-7,"6'7""",79.0,76.28,"6'4""",-2.72,plays_shorter,76.28,"6'4""",-2.72,plays_shorter
2020,Gerron Scissum,Alabama A&M,48658,6-8,"6'8""",80.0,77.82,"6'6""",-2.18,plays_shorter,77.82,"6'6""",-2.18,plays_shorter
2020,Austin Wiley,Auburn,48728,6-11,"6'11""",83.0,85.7,"7'2""",2.7,plays_taller,85.7,"7'2""",2.7,plays_taller
2020,MaCio Teague,Baylor,48732,6-3,"6'3""",75.0,76.18,"6'4""",1.18,plays_taller,76.18,"6'4""",1.18,plays_taller
2020,Dondre Duffus,Eastern Illinois,48738,6-2,"6'2""",74.0,74.91,"6'3""",0.91,plays_taller,74.91,"6'3""",0.91,plays_taller
2020,Tahj Eaddy,Santa Clara,48741,6-2,"6'2""",74.0,74.54,"6'3""",0.54,plays_at_height,74.54,"6'3""",0.54,plays_at_height
2020,Ray Kowalski,Denver,48742,6-3,"6'3""",75.0,75.77,"6'4""",0.77,plays_taller,75.77,"6'4""",0.77,plays_taller
2020,Denzel Mahoney,Creighton,48743,6-5,"6'5""",77.0,75.54,"6'4""",-1.46,plays_shorter,75.54,"6'4""",-1.46,plays_shorter
2020,Karlis Silins,Florida Atlantic,48762,6-11,"6'11""",83.0,78.48,"6'6""",-4.52,plays_shorter,78.48,"6'6""",-4.52,plays_shorter
2020,Breein Tyree,Mississippi,48763,6-2,"6'2""",74.0,76.79,"6'5""",2.79,plays_taller,76.79,"6'5""",2.79,plays_taller
2020,"Travis Fields, Jr.",Radford,48778,5-10,"5'10""",70.0,75.35,"6'3""",5.35,plays_taller,75.35,"6'3""",5.35,plays_taller
2020,A.J. Lawson,McNeese St.,48780,6-5,"6'5""",77.0,76.54,"6'5""",-0.46,plays_at_height,76.54,"6'5""",-0.46,plays_at_height
2020,Lavelle Scottie,Air Force,48787,6-7,"6'7""",79.0,77.75,"6'6""",-1.25,plays_shorter,77.75,"6'6""",-1.25,plays_shorter
2020,Darius Roy,Milwaukee,48812,6-2,"6'2""",74.0,75.54,"6'4""",1.54,plays_taller,75.54,"6'4""",1.54,plays_taller
2020,Zane Martin,New Mexico,48815,6-4,"6'4""",76.0,77.02,"6'5""",1.02,plays_taller,77.02,"6'5""",1.02,plays_taller
2020,Maxime Boursiquot,Northeastern,48816,6-5,"6'5""",77.0,79.68,"6'8""",2.68,plays_taller,79.68,"6'8""",2.68,plays_taller
2020,Bolden Brace,Northeastern,48817,6-6,"6'6""",78.0,78.2,"6'6""",0.2,plays_at_height,78.2,"6'6""",0.2,plays_at_height
2020,Nathan Knight,William & Mary,48819,6-10,"6'10""",82.0,83.13,"6'11""",1.13,plays_taller,83.13,"6'11""",1.13,plays_taller
2020,Justin Gorham,Houston,48821,6-7,"6'7""",79.0,76.98,"6'5""",-2.02,plays_shorter,76.98,"6'5""",-2.02,plays_shorter
2020,Justin Pierce,North Carolina,48824,6-7,"6'7""",79.0,78.1,"6'6""",-0.9,plays_shorter,78.1,"6'6""",-0.9,plays_shorter
2020,Jamar Brown,Morgan St.,48827,6-9,"6'9""",81.0,79.82,"6'8""",-1.18,plays_shorter,79.82,"6'8""",-1.18,plays_shorter
2020,Lucas N'Guessan,East Tennessee St.,48838,7-0,"7'0""",84.0,82.9,"6'11""",-1.1,plays_shorter,82.9,"6'11""",-1.1,plays_shorter
2020,Kienan Walter,North Dakota,48845,6-9,"6'9""",81.0,75.68,"6'4""",-5.32,plays_shorter,75.68,"6'4""",-5.32,plays_shorter
2020,Billy Brown,North Dakota,48846,6-3,"6'3""",75.0,75.25,"6'3""",0.25,plays_at_height,75.25,"6'3""",0.25,plays_at_height
2020,Christian Keeling,North Carolina,48904,6-3,"6'3""",75.0,75.6,"6'4""",0.6,plays_at_height,75.6,"6'4""",0.6,plays_at_height
2020,Clayton Le Sann,Holy Cross,48912,6-4,"6'4""",76.0,74.05,"6'2""",-1.95,plays_shorter,74.05,"6'2""",-1.95,plays_shorter
2020,Will Rayman,Colgate,48917,6-9,"6'9""",81.0,79.95,"6'8""",-1.05,plays_shorter,79.95,"6'8""",-1.05,plays_shorter
2020,Skylar Mays,LSU,48923,6-4,"6'4""",76.0,77.35,"6'5""",1.35,plays_taller,77.35,"6'5""",1.35,plays_taller
2020,Tyree Crump,Georgia,48924,6-1,"6'1""",73.0,75.14,"6'3""",2.14,plays_taller,75.14,"6'3""",2.14,plays_taller
2020,Jordan Harris,Georgia,48927,6-5,"6'5""",77.0,79.22,"6'7""",2.22,plays_taller,79.22,"6'7""",2.22,plays_taller
2020,Sam Cunliffe,Evansville,48952,6-8,"6'8""",80.0,76.59,"6'5""",-3.41,plays_shorter,76.59,"6'5""",-3.41,plays_shorter
2020,Vitaliy Shibel,UNLV,48953,6-9,"6'9""",81.0,78.06,"6'6""",-2.94,plays_shorter,78.06,"6'6""",-2.94,plays_shorter
2020,Ramon Vila,Chattanooga,48954,6-8,"6'8""",80.0,79.82,"6'8""",-0.18,plays_at_height,79.82,"6'8""",-0.18,plays_at_height
2020,Romello White,Arizona St.,48955,6-8,"6'8""",80.0,81.81,"6'10""",1.81,plays_taller,81.81,"6'10""",1.81,plays_taller
2020,Willie Jackson,Toledo,48957,6-6,"6'6""",78.0,80.29,"6'8""",2.29,plays_taller,80.29,"6'8""",2.29,plays_taller
2020,Devin Morgan,Youngstown St.,48967,5-10,"5'10""",70.0,73.99,"6'2""",3.99,plays_taller,73.99,"6'2""",3.99,plays_taller
2020,Nazeer Bostick,Saint Peter's,49007,6-4,"6'4""",76.0,76.41,"6'4""",0.41,plays_at_height,76.41,"6'4""",0.41,plays_at_height
2020,David Jean-Baptiste,Chattanooga,49010,6-1,"6'1""",73.0,76.2,"6'4""",3.2,plays_taller,76.2,"6'4""",3.2,plays_taller
2020,KaVaughn Scott,Loyola MD,49012,6-7,"6'7""",79.0,80.08,"6'8""",1.08,plays_taller,80.08,"6'8""",1.08,plays_taller
2020,Rodney Chatman,Dayton,49014,6-1,"6'1""",73.0,75.28,"6'3""",2.28,plays_taller,75.28,"6'3""",2.28,plays_taller
2020,Makale Foreman,Stony Brook,49015,6-1,"6'1""",73.0,74.04,"6'2""",1.04,plays_taller,74.04,"6'2""",1.04,plays_taller
2020,Chuck Champion,Loyola MD,49016,6-4,"6'4""",76.0,73.33,"6'1""",-2.67,plays_shorter,73.33,"6'1""",-2.67,plays_shorter
2020,Andrew Kostecka,Loyola MD,49019,6-4,"6'4""",76.0,78.73,"6'7""",2.73,plays_taller,78.73,"6'7""",2.73,plays_taller
2020,Jeremy Peck,UNC Asheville,49024,6-9,"6'9""",81.0,77.42,"6'5""",-3.58,plays_shorter,77.42,"6'5""",-3.58,plays_shorter
2020,Sam Green,Drexel,49025,6-6,"6'6""",78.0,75.44,"6'3""",-2.56,plays_shorter,75.44,"6'3""",-2.56,plays_shorter
2020,Jacob Cushing,Delaware,49028,6-8,"6'8""",80.0,76.68,"6'5""",-3.32,plays_shorter,76.68,"6'5""",-3.32,plays_shorter
2020,Maurice Howard,Alcorn St.,49036,6-1,"6'1""",73.0,74.06,"6'2""",1.06,plays_taller,74.06,"6'2""",1.06,plays_taller
2020,Kobe Wilson,Alcorn St.,49037,6-9,"6'9""",81.0,79.88,"6'8""",-1.12,plays_shorter,79.88,"6'8""",-1.12,plays_shorter
2020,Austin Rogers,Alabama St.,49039,6-4,"6'4""",76.0,76.78,"6'5""",0.78,plays_taller,76.78,"6'5""",0.78,plays_taller
2020,Damani Applewhite,South Carolina St.,49040,6-8,"6'8""",80.0,79.18,"6'7""",-0.82,plays_shorter,79.18,"6'7""",-0.82,plays_shorter
2020,Ray Salnave,Monmouth,49147,6-3,"6'3""",75.0,76.23,"6'4""",1.23,plays_taller,76.23,"6'4""",1.23,plays_taller
2020,Lawson Korita,Tulsa,49178,6-5,"6'5""",77.0,75.34,"6'3""",-1.66,plays_shorter,75.34,"6'3""",-1.66,plays_shorter
2020,Payton Willis,Minnesota,49181,6-4,"6'4""",76.0,76.29,"6'4""",0.29,plays_at_height,76.29,"6'4""",0.29,plays_at_height
2020,Martins Igbanu,Tulsa,49182,6-8,"6'8""",80.0,78.97,"6'7""",-1.03,plays_shorter,78.97,"6'7""",-1.03,plays_shorter
2020,John Fulkerson,Tennessee,49184,6-9,"6'9""",81.0,81.03,"6'9""",0.03,plays_at_height,81.03,"6'9""",0.03,plays_at_height
2020,Jordan Bowden,Tennessee,49186,6-5,"6'5""",77.0,76.47,"6'4""",-0.53,plays_at_height,76.47,"6'4""",-0.53,plays_at_height
2020,Clevon Brown,Vanderbilt,49188,6-8,"6'8""",80.0,81.06,"6'9""",1.06,plays_taller,81.06,"6'9""",1.06,plays_taller
2020,Jalen Johnson,Tennessee,49189,6-6,"6'6""",78.0,77.21,"6'5""",-0.79,plays_shorter,77.21,"6'5""",-0.79,plays_shorter
2020,John Kiser,Valparaiso,49192,6-5,"6'5""",77.0,77.95,"6'6""",0.95,plays_taller,77.95,"6'6""",0.95,plays_taller
2020,Devin Gage,DePaul,49193,6-2,"6'2""",74.0,75.85,"6'4""",1.85,plays_taller,75.85,"6'4""",1.85,plays_taller
2020,Brandon Cyrus,UC Santa Barbara,49194,6-5,"6'5""",77.0,77.38,"6'5""",0.38,plays_at_height,77.38,"6'5""",0.38,plays_at_height
2020,Osasumwen Osaghae,FIU,49216,6-9,"6'9""",81.0,85.16,"7'1""",4.16,plays_taller,85.16,"7'1""",4.16,plays_taller
2020,Austen Awosika,Cal St. Fullerton,49245,6-3,"6'3""",75.0,75.98,"6'4""",0.98,plays_taller,75.98,"6'4""",0.98,plays_taller
2020,Davon Clare,Cal St. Fullerton,49246,6-6,"6'6""",78.0,76.93,"6'5""",-1.07,plays_shorter,76.93,"6'5""",-1.07,plays_shorter
2020,Mark Crowe,Cal Poly,49250,6-5,"6'5""",77.0,76.63,"6'5""",-0.37,plays_at_height,76.63,"6'5""",-0.37,plays_at_height
2020,P.J. Hardy,Louisiana,49262,6-1,"6'1""",73.0,74.16,"6'2""",1.16,plays_taller,74.16,"6'2""",1.16,plays_taller
2020,Justin Miller,Detroit Mercy,49265,6-6,"6'6""",78.0,77.11,"6'5""",-0.89,plays_shorter,77.11,"6'5""",-0.89,plays_shorter
2020,Quan Jackson,Georgia Southern,49268,6-4,"6'4""",76.0,77.71,"6'6""",1.71,plays_taller,77.71,"6'6""",1.71,plays_taller
2020,Roydell Brown,McNeese St.,49270,6-6,"6'6""",78.0,79.87,"6'8""",1.87,plays_taller,79.87,"6'8""",1.87,plays_taller
2020,Bryce Nze,Butler,49273,6-7,"6'7""",79.0,80.68,"6'9""",1.68,plays_taller,80.68,"6'9""",1.68,plays_taller
2020,Carson Williams,Western Kentucky,49276,6-5,"6'5""",77.0,79.19,"6'7""",2.19,plays_taller,79.19,"6'7""",2.19,plays_taller
2020,Mason Faulkner,Western Carolina,49277,6-1,"6'1""",73.0,77.37,"6'5""",4.37,plays_taller,77.37,"6'5""",4.37,plays_taller
2020,Jalen Tate,Northern Kentucky,49279,6-6,"6'6""",78.0,78.67,"6'7""",0.67,plays_at_height,78.67,"6'7""",0.67,plays_at_height
2020,Dantez Walton,Northern Kentucky,49281,6-6,"6'6""",78.0,78.89,"6'7""",0.89,plays_taller,78.89,"6'7""",0.89,plays_taller
2020,Lorenzo Jenkins,Grand Canyon,49287,6-7,"6'7""",79.0,75.92,"6'4""",-3.08,plays_shorter,75.92,"6'4""",-3.08,plays_shorter
2020,Brandon Childress,Wake Forest,49373,6-0,"6'0""",72.0,75.02,"6'3""",3.02,plays_taller,75.02,"6'3""",3.02,plays_taller
2020,DJ Mitchell,Santa Clara,49374,6-8,"6'8""",80.0,78.41,"6'6""",-1.59,plays_shorter,78.41,"6'6""",-1.59,plays_shorter
2020,Samuel Japhet-Mathias,San Jose St.,49375,6-11,"6'11""",83.0,75.6,"6'4""",-7.4,plays_shorter,75.6,"6'4""",-7.4,plays_shorter
2020,Richard Washington,San Jose St.,49376,6-6,"6'6""",78.0,76.03,"6'4""",-1.97,plays_shorter,76.03,"6'4""",-1.97,plays_shorter
2020,Brandon Robinson,North Carolina,49379,6-5,"6'5""",77.0,76.45,"6'4""",-0.55,plays_at_height,76.45,"6'4""",-0.55,plays_at_height
2020,Alterique Gilbert,Connecticut,49404,6-0,"6'0""",72.0,74.72,"6'3""",2.72,plays_taller,74.72,"6'3""",2.72,plays_taller
2020,Matthew Moyer,Vanderbilt,49405,6-8,"6'8""",80.0,78.0,"6'6""",-2.0,plays_shorter,78.0,"6'6""",-2.0,plays_shorter
2020,Sabastian Townes,Bryant,49446,6-5,"6'5""",77.0,76.04,"6'4""",-0.96,plays_shorter,76.04,"6'4""",-0.96,plays_shorter
2020,Tyson Batiste,The Citadel,49450,6-3,"6'3""",75.0,76.82,"6'5""",1.82,plays_taller,76.82,"6'5""",1.82,plays_taller
2020,Kashaun Hicks,Norfolk St.,49451,6-6,"6'6""",78.0,76.59,"6'5""",-1.41,plays_shorter,76.59,"6'5""",-1.41,plays_shorter
2020,Tyler Sharpe,Northern Kentucky,49452,6-0,"6'0""",72.0,74.57,"6'3""",2.57,plays_taller,74.57,"6'3""",2.57,plays_taller
2020,Max Curran,UMBC,49455,6-9,"6'9""",81.0,79.23,"6'7""",-1.77,plays_shorter,79.23,"6'7""",-1.77,plays_shorter
2020,C.J. Duff,Western Illinois,49466,6-1,"6'1""",73.0,74.07,"6'2""",1.07,plays_taller,74.07,"6'2""",1.07,plays_taller
2020,Patrick Good,East Tennessee St.,49469,6-0,"6'0""",72.0,74.98,"6'3""",2.98,plays_taller,74.98,"6'3""",2.98,plays_taller
2020,Isaac Johnson,Appalachian St.,49470,6-9,"6'9""",81.0,79.01,"6'7""",-1.99,plays_shorter,79.01,"6'7""",-1.99,plays_shorter
2020,Christian Willis,Arkansas St.,49475,6-1,"6'1""",73.0,74.67,"6'3""",1.67,plays_taller,74.67,"6'3""",1.67,plays_taller
2020,Cordell Pemsl,Iowa,49476,6-9,"6'9""",81.0,78.96,"6'7""",-2.04,plays_shorter,78.96,"6'7""",-2.04,plays_shorter
2020,Te'Jon Lucas,Milwaukee,49478,6-2,"6'2""",74.0,75.85,"6'4""",1.85,plays_taller,75.85,"6'4""",1.85,plays_taller
2020,Chase Harler,West Virginia,49480,6-3,"6'3""",75.0,76.33,"6'4""",1.33,plays_taller,76.33,"6'4""",1.33,plays_taller
2020,Maciej Bender,Mercer,49481,6-11,"6'11""",83.0,81.78,"6'10""",-1.22,plays_shorter,81.78,"6'10""",-1.22,plays_shorter
2020,Ryan Kriener,Iowa,49482,6-10,"6'10""",82.0,79.75,"6'8""",-2.25,plays_shorter,79.75,"6'8""",-2.25,plays_shorter
2020,Jordan Bohannon,Iowa,49484,6-1,"6'1""",73.0,72.84,"6'1""",-0.16,plays_at_height,72.84,"6'1""",-0.16,plays_at_height
2020,Justin Thomas,Morehead St.,49505,5-11,"5'11""",71.0,76.03,"6'4""",5.03,plays_taller,76.03,"6'4""",5.03,plays_taller
2020,Milos Jovic,Miami OH,49511,6-4,"6'4""",76.0,76.02,"6'4""",0.02,plays_at_height,76.02,"6'4""",0.02,plays_at_height
2020,Justin Kier,George Mason,49529,6-4,"6'4""",76.0,76.01,"6'4""",0.01,plays_at_height,76.01,"6'4""",0.01,plays_at_height
2020,Shane Gatling,Colorado,49540,6-2,"6'2""",74.0,75.53,"6'4""",1.53,plays_taller,75.53,"6'4""",1.53,plays_taller
2020,Josh Ferguson,Winthrop,49544,6-8,"6'8""",80.0,79.83,"6'8""",-0.17,plays_at_height,79.83,"6'8""",-0.17,plays_at_height
2020,Brooks DeBisschop,Northern Arizona,49545,6-9,"6'9""",81.0,80.33,"6'8""",-0.67,plays_at_height,80.33,"6'8""",-0.67,plays_at_height
2020,Mitch Peterson,Kent St.,49546,6-5,"6'5""",77.0,75.97,"6'4""",-1.03,plays_shorter,75.97,"6'4""",-1.03,plays_shorter
2020,Chris Bowling,Northern Arizona,49547,6-7,"6'7""",79.0,75.23,"6'3""",-3.77,plays_shorter,75.23,"6'3""",-3.77,plays_shorter
2020,Matt Chastain,Illinois St.,49548,6-6,"6'6""",78.0,78.67,"6'7""",0.67,plays_at_height,78.67,"6'7""",0.67,plays_at_height
2020,Dikymbe Martin,UC Riverside,49558,6-1,"6'1""",73.0,74.47,"6'2""",1.47,plays_taller,74.47,"6'2""",1.47,plays_taller
2020,Lamar Stevens,Penn St.,49591,6-8,"6'8""",80.0,79.97,"6'8""",-0.03,plays_at_height,79.97,"6'8""",-0.03,plays_at_height
2020,Marcus Ottey,Illinois Chicago,49654,6-2,"6'2""",74.0,76.14,"6'4""",2.14,plays_taller,76.14,"6'4""",2.14,plays_taller
2020,Stevie Jordan,Rider,49670,6-0,"6'0""",72.0,76.56,"6'5""",4.56,plays_taller,76.56,"6'5""",4.56,plays_taller
2020,James Towns,Niagara,49676,5-10,"5'10""",70.0,75.93,"6'4""",5.93,plays_taller,75.93,"6'4""",5.93,plays_taller
2020,Cameron Satterwhite,Northern Arizona,49679,6-4,"6'4""",76.0,76.76,"6'5""",0.76,plays_taller,76.76,"6'5""",0.76,plays_taller
2020,Ryan Woolridge,Gonzaga,49686,6-3,"6'3""",75.0,76.42,"6'4""",1.42,plays_taller,76.42,"6'4""",1.42,plays_taller
2020,Alessandro Lever,Grand Canyon,50173,6-10,"6'10""",82.0,77.62,"6'6""",-4.38,plays_shorter,77.62,"6'6""",-4.38,plays_shorter
2020,Isaiah Washington,Iona,50174,6-1,"6'1""",73.0,75.91,"6'4""",2.91,plays_taller,75.91,"6'4""",2.91,plays_taller
2020,Makhtar Gueye,UAB,50178,6-10,"6'10""",82.0,78.65,"6'7""",-3.35,plays_shorter,78.65,"6'7""",-3.35,plays_shorter
2020,LaDavius Draine,Southern Miss,50179,6-4,"6'4""",76.0,76.43,"6'4""",0.43,plays_at_height,76.43,"6'4""",0.43,plays_at_height
2020,Trey Wade,Wichita St.,50182,6-6,"6'6""",78.0,80.21,"6'8""",2.21,plays_taller,80.21,"6'8""",2.21,plays_taller
2020,Kyle Young,Ohio St.,50187,6-8,"6'8""",80.0,80.71,"6'9""",0.71,plays_at_height,80.71,"6'9""",0.71,plays_at_height
2020,Anthony Gaines,Northwestern,50189,6-4,"6'4""",76.0,77.17,"6'5""",1.17,plays_taller,77.17,"6'5""",1.17,plays_taller
2020,David Maynard,Colgate,50190,6-4,"6'4""",76.0,74.45,"6'2""",-1.55,plays_shorter,74.45,"6'2""",-1.55,plays_shorter
2020,Pauly Paulicap,Manhattan,50191,6-8,"6'8""",80.0,83.07,"6'11""",3.07,plays_taller,83.07,"6'11""",3.07,plays_taller
2020,Andrew Platek,North Carolina,50194,6-4,"6'4""",76.0,75.31,"6'3""",-0.69,plays_at_height,75.31,"6'3""",-0.69,plays_at_height
2020,Jason Strong,Northeastern,50200,6-8,"6'8""",80.0,77.19,"6'5""",-2.81,plays_shorter,77.19,"6'5""",-2.81,plays_shorter
2020,Derrick Cook,Jacksonville St.,50201,6-5,"6'5""",77.0,75.43,"6'3""",-1.57,plays_shorter,75.43,"6'3""",-1.57,plays_shorter
2020,Myles Franklin,Northeastern,50206,6-4,"6'4""",76.0,74.89,"6'3""",-1.11,plays_shorter,74.89,"6'3""",-1.11,plays_shorter
2020,Kamar McKnight,Coppin St.,50207,6-4,"6'4""",76.0,74.95,"6'3""",-1.05,plays_shorter,74.95,"6'3""",-1.05,plays_shorter
2020,Brandon McKissic,UMKC,50211,6-3,"6'3""",75.0,76.22,"6'4""",1.22,plays_taller,76.22,"6'4""",1.22,plays_taller
2020,Cade Crosland,Tennessee Tech,50212,6-0,"6'0""",72.0,73.38,"6'1""",1.38,plays_taller,73.38,"6'1""",1.38,plays_taller
2020,Jack Perry,Eastern Washington,50217,6-2,"6'2""",74.0,74.89,"6'3""",0.89,plays_taller,74.89,"6'3""",0.89,plays_taller
2020,Bailey Patella,Vermont,50220,6-5,"6'5""",77.0,79.71,"6'8""",2.71,plays_taller,79.71,"6'8""",2.71,plays_taller
2020,Alex Barcello,BYU,50225,6-2,"6'2""",74.0,75.27,"6'3""",1.27,plays_taller,75.27,"6'3""",1.27,plays_taller
2020,Maxwell Evans,Vanderbilt,50226,6-2,"6'2""",74.0,76.29,"6'4""",2.29,plays_taller,76.29,"6'4""",2.29,plays_taller
2020,Grant Anticevich,California,50227,6-8,"6'8""",80.0,77.68,"6'6""",-2.32,plays_shorter,77.68,"6'6""",-2.32,plays_shorter
2020,Austin McCullough,Campbell,50230,6-5,"6'5""",77.0,75.07,"6'3""",-1.93,plays_shorter,75.07,"6'3""",-1.93,plays_shorter
2020,Brad Davison,Wisconsin,50234,6-4,"6'4""",76.0,75.82,"6'4""",-0.18,plays_at_height,75.82,"6'4""",-0.18,plays_at_height
2020,Kobe King,Wisconsin,50235,6-4,"6'4""",76.0,76.91,"6'5""",0.91,plays_taller,76.91,"6'5""",0.91,plays_taller
2020,Nate Reuvers,Wisconsin,50237,6-11,"6'11""",83.0,80.15,"6'8""",-2.85,plays_shorter,80.15,"6'8""",-2.85,plays_shorter
2020,Ira Lee,Arizona,50239,6-7,"6'7""",79.0,80.39,"6'8""",1.39,plays_taller,80.39,"6'8""",1.39,plays_taller
2020,Josh Pitts,Cal St. Fullerton,50242,6-9,"6'9""",81.0,76.57,"6'5""",-4.43,plays_shorter,76.57,"6'5""",-4.43,plays_shorter
2020,Taj Benning,Fairfield,50244,6-4,"6'4""",76.0,76.77,"6'5""",0.77,plays_taller,76.77,"6'5""",0.77,plays_taller
2020,Johnny Wang,Cal St. Fullerton,50245,6-9,"6'9""",81.0,76.73,"6'5""",-4.27,plays_shorter,76.73,"6'5""",-4.27,plays_shorter
2020,Aidas Kavaliauskas,Fairfield,50247,6-1,"6'1""",73.0,74.91,"6'3""",1.91,plays_taller,74.91,"6'3""",1.91,plays_taller
2020,Wassef Methnani,Fairfield,50248,6-8,"6'8""",80.0,80.43,"6'8""",0.43,plays_at_height,80.43,"6'8""",0.43,plays_at_height
2020,Kevin Senghore-Peterson,Fairfield,50249,6-7,"6'7""",79.0,77.69,"6'6""",-1.31,plays_shorter,77.69,"6'6""",-1.31,plays_shorter
2020,Parker Stewart,Tennessee Martin,50250,6-5,"6'5""",77.0,75.2,"6'3""",-1.8,plays_shorter,75.2,"6'3""",-1.8,plays_shorter
2020,Khameron Davis,Weber St.,50252,6-4,"6'4""",76.0,77.36,"6'5""",1.36,plays_taller,77.36,"6'5""",1.36,plays_taller
2020,Marcus Carr,Minnesota,50253,6-2,"6'2""",74.0,75.96,"6'4""",1.96,plays_taller,75.96,"6'4""",1.96,plays_taller
2020,Lavar Batts Jr.,UNC Asheville,50254,6-3,"6'3""",75.0,76.93,"6'5""",1.93,plays_taller,76.93,"6'5""",1.93,plays_taller
2020,Terrell Brown,Pittsburgh,50259,6-10,"6'10""",82.0,81.48,"6'9""",-0.52,plays_at_height,81.48,"6'9""",-0.52,plays_at_height
2020,Jeff Gary,Mercer,50264,6-4,"6'4""",76.0,74.12,"6'2""",-1.88,plays_shorter,74.12,"6'2""",-1.88,plays_shorter
2020,Gairges Daow,Northern Illinois,50267,6-4,"6'4""",76.0,76.79,"6'5""",0.79,plays_taller,76.79,"6'5""",0.79,plays_taller
2020,Jacob Wiley,Illinois Chicago,50274,6-7,"6'7""",79.0,79.45,"6'7""",0.45,plays_at_height,79.45,"6'7""",0.45,plays_at_height
2020,Jalen Crutcher,Dayton,50276,6-1,"6'1""",73.0,76.2,"6'4""",3.2,plays_taller,76.2,"6'4""",3.2,plays_taller
2020,Vance Jackson,New Mexico,50277,6-9,"6'9""",81.0,77.77,"6'6""",-3.23,plays_shorter,77.77,"6'6""",-3.23,plays_shorter
2020,Terrence Lewis,Iowa St.,50284,6-6,"6'6""",78.0,77.71,"6'6""",-0.29,plays_at_height,77.71,"6'6""",-0.29,plays_at_height
2020,Luka Vasic,Charlotte,50286,6-8,"6'8""",80.0,76.59,"6'5""",-3.41,plays_shorter,76.59,"6'5""",-3.41,plays_shorter
2020,Milos Supica,Charlotte,50288,6-9,"6'9""",81.0,80.04,"6'8""",-0.96,plays_shorter,80.04,"6'8""",-0.96,plays_shorter
2020,Nike Sibande,Miami OH,50290,6-4,"6'4""",76.0,78.3,"6'6""",2.3,plays_taller,78.3,"6'6""",2.3,plays_taller
2020,Donovan Sims,Middle Tennessee,50296,6-1,"6'1""",73.0,74.62,"6'3""",1.62,plays_taller,74.62,"6'3""",1.62,plays_taller
2020,Jalen Gibbs,Mount St. Mary's,50303,6-3,"6'3""",75.0,75.59,"6'4""",0.59,plays_at_height,75.59,"6'4""",0.59,plays_at_height
2020,Tydus Verhoeven,UTEP,50312,6-9,"6'9""",81.0,80.03,"6'8""",-0.97,plays_shorter,80.03,"6'8""",-0.97,plays_shorter
2020,Nicholas Kratholm,Niagara,50313,6-9,"6'9""",81.0,78.16,"6'6""",-2.84,plays_shorter,78.16,"6'6""",-2.84,plays_shorter
2020,Goanar Mar,George Mason,50316,6-7,"6'7""",79.0,75.76,"6'4""",-3.24,plays_shorter,75.76,"6'4""",-3.24,plays_shorter
2020,Bryan Knapp,Cornell,50318,6-1,"6'1""",73.0,75.03,"6'3""",2.03,plays_taller,75.03,"6'3""",2.03,plays_taller
2020,Terrance McBride,Cornell,50319,6-2,"6'2""",74.0,75.31,"6'3""",1.31,plays_taller,75.31,"6'3""",1.31,plays_taller
2020,Riley Voss,Cornell,50320,6-6,"6'6""",78.0,74.69,"6'3""",-3.31,plays_shorter,74.69,"6'3""",-3.31,plays_shorter
2020,Chris Knight,Dartmouth,50324,6-7,"6'7""",79.0,80.88,"6'9""",1.88,plays_taller,80.88,"6'9""",1.88,plays_taller
2020,Aaryn Rai,Dartmouth,50326,6-6,"6'6""",78.0,79.11,"6'7""",1.11,plays_taller,79.11,"6'7""",1.11,plays_taller
2020,Rio Haskett,Harvard,50327,6-3,"6'3""",75.0,75.76,"6'4""",0.76,plays_taller,75.76,"6'4""",0.76,plays_taller
2020,Scott Blakney,Idaho,50334,6-8,"6'8""",80.0,78.23,"6'6""",-1.77,plays_shorter,78.23,"6'6""",-1.77,plays_shorter
2020,Timmy Falls,Montana,50339,6-2,"6'2""",74.0,75.89,"6'4""",1.89,plays_taller,75.89,"6'4""",1.89,plays_taller
2020,Isaiah Livers,Michigan,50343,6-7,"6'7""",79.0,77.5,"6'5""",-1.5,plays_shorter,77.5,"6'5""",-1.5,plays_shorter
2020,Eli Brooks,Michigan,50344,6-1,"6'1""",73.0,76.66,"6'5""",3.66,plays_taller,76.66,"6'5""",3.66,plays_taller
2020,Juhwan Harris-Dyson,California,50352,6-6,"6'6""",78.0,77.3,"6'5""",-0.7,plays_at_height,77.3,"6'5""",-0.7,plays_at_height
2020,Isaiah Gable,Southeast Missouri St.,50353,6-7,"6'7""",79.0,74.7,"6'3""",-4.3,plays_shorter,74.7,"6'3""",-4.3,plays_shorter
2020,Jahvon Blair,Georgetown,50355,6-4,"6'4""",76.0,74.66,"6'3""",-1.34,plays_shorter,74.66,"6'3""",-1.34,plays_shorter
2020,Jose Alvarado,Georgia Tech,50358,6-0,"6'0""",72.0,75.57,"6'4""",3.57,plays_taller,75.57,"6'4""",3.57,plays_taller
2020,Jamaree Bouyea,San Francisco,50366,6-2,"6'2""",74.0,78.02,"6'6""",4.02,plays_taller,78.02,"6'6""",4.02,plays_taller
2020,Melo Eggleston,Arkansas St.,50372,6-8,"6'8""",80.0,79.03,"6'7""",-0.97,plays_shorter,79.03,"6'7""",-0.97,plays_shorter
2020,Chaundee Brown,Wake Forest,50373,6-5,"6'5""",77.0,77.08,"6'5""",0.08,plays_at_height,77.08,"6'5""",0.08,plays_at_height
2020,Olivier Sarr,Wake Forest,50374,7-0,"7'0""",84.0,83.06,"6'11""",-0.94,plays_shorter,83.06,"6'11""",-0.94,plays_shorter
2020,RJ Nembhard,TCU,50377,6-5,"6'5""",77.0,76.29,"6'4""",-0.71,plays_at_height,76.29,"6'4""",-0.71,plays_at_height
2020,Izaiah Brockington,Penn St.,50379,6-4,"6'4""",76.0,77.23,"6'5""",1.23,plays_taller,77.23,"6'5""",1.23,plays_taller
2020,Rod Henry-Hayes,Northern Illinois,50382,6-4,"6'4""",76.0,74.71,"6'3""",-1.29,plays_shorter,74.71,"6'3""",-1.29,plays_shorter
2020,Tirus Smith,Louisiana,50388,6-8,"6'8""",80.0,81.99,"6'10""",1.99,plays_taller,81.99,"6'10""",1.99,plays_taller
2020,Alex O'Connell,Duke,50396,6-6,"6'6""",78.0,77.39,"6'5""",-0.61,plays_at_height,77.39,"6'5""",-0.61,plays_at_height
2020,Jalen Ray,Hofstra,50399,6-2,"6'2""",74.0,74.9,"6'3""",0.9,plays_taller,74.9,"6'3""",0.9,plays_taller
2020,Evan Gilyard,New Mexico St.,50400,5-10,"5'10""",70.0,75.57,"6'4""",5.57,plays_taller,75.57,"6'4""",5.57,plays_taller
2020,John Jones,Texas Southern,50402,6-0,"6'0""",72.0,73.62,"6'2""",1.62,plays_taller,73.62,"6'2""",1.62,plays_taller
2020,Jayvon Graves,Buffalo,50409,6-3,"6'3""",75.0,77.96,"6'6""",2.96,plays_taller,77.96,"6'6""",2.96,plays_taller
2020,Daeqwon Plowden,Bowling Green,50412,6-6,"6'6""",78.0,79.45,"6'7""",1.45,plays_taller,79.45,"6'7""",1.45,plays_taller
2020,Nelly Cummings,Colgate,50413,6-0,"6'0""",72.0,74.43,"6'2""",2.43,plays_taller,74.43,"6'2""",2.43,plays_taller
2020,James Reese,North Texas,50416,6-4,"6'4""",76.0,77.15,"6'5""",1.15,plays_taller,77.15,"6'5""",1.15,plays_taller
2020,Fatts Russell,Rhode Island,50422,5-10,"5'10""",70.0,76.56,"6'5""",6.56,plays_taller,76.56,"6'5""",6.56,plays_taller
2020,Javier Langarica,George Washington,50423,6-9,"6'9""",81.0,79.36,"6'7""",-1.64,plays_shorter,79.36,"6'7""",-1.64,plays_shorter
2020,Maceo Jack,George Washington,50425,6-5,"6'5""",77.0,75.64,"6'4""",-1.36,plays_shorter,75.64,"6'4""",-1.36,plays_shorter
2020,Greg Calixte,George Mason,50428,6-8,"6'8""",80.0,79.58,"6'8""",-0.42,plays_at_height,79.58,"6'8""",-0.42,plays_at_height
2020,Elyjah Williams,Fairleigh Dickinson,50434,6-7,"6'7""",79.0,79.86,"6'8""",0.86,plays_taller,79.86,"6'8""",0.86,plays_taller
2020,K.J. Riley,Evansville,50436,6-5,"6'5""",77.0,76.49,"6'4""",-0.51,plays_at_height,76.49,"6'4""",-0.51,plays_at_height
2020,Noah Morgan,Eastern Michigan,50437,6-5,"6'5""",77.0,75.67,"6'4""",-1.33,plays_shorter,75.67,"6'4""",-1.33,plays_shorter
2020,Josh Nicholas,Louisiana Monroe,50440,6-3,"6'3""",75.0,77.65,"6'6""",2.65,plays_taller,77.65,"6'6""",2.65,plays_taller
2020,Jimmy Boeheim,Cornell,50445,6-8,"6'8""",80.0,77.37,"6'5""",-2.63,plays_shorter,77.37,"6'5""",-2.63,plays_shorter
2020,Tai Bibbs,Columbia,50447,6-3,"6'3""",75.0,76.28,"6'4""",1.28,plays_taller,76.28,"6'4""",1.28,plays_taller
2020,Randy Brumant,Columbia,50451,6-7,"6'7""",79.0,79.79,"6'8""",0.79,plays_taller,79.79,"6'8""",0.79,plays_taller
2020,Matt DeWolf,Brown,50452,6-9,"6'9""",81.0,78.47,"6'6""",-2.53,plays_shorter,78.47,"6'6""",-2.53,plays_shorter
2020,Tamenang Choh,Brown,50453,6-5,"6'5""",77.0,79.28,"6'7""",2.28,plays_taller,79.28,"6'7""",2.28,plays_taller
2020,Isaac Bonton,Washington St.,50455,6-3,"6'3""",75.0,75.19,"6'3""",0.19,plays_at_height,75.19,"6'3""",0.19,plays_at_height
2020,Kaleb Wesson,Ohio St.,50459,6-9,"6'9""",81.0,81.3,"6'9""",0.3,plays_at_height,81.3,"6'9""",0.3,plays_at_height
2020,Lenell Henry,Prairie View A&M,50462,6-8,"6'8""",80.0,79.9,"6'8""",-0.1,plays_at_height,79.9,"6'8""",-0.1,plays_at_height
2020,John Harrar,Penn St.,50465,6-9,"6'9""",81.0,80.62,"6'9""",-0.38,plays_at_height,80.62,"6'9""",-0.38,plays_at_height
2020,Jamari Wheeler,Penn St.,50466,6-1,"6'1""",73.0,75.84,"6'4""",2.84,plays_taller,75.84,"6'4""",2.84,plays_taller
2020,Garrison Brooks,North Carolina,50470,6-9,"6'9""",81.0,81.0,"6'9""",0.0,plays_at_height,81.0,"6'9""",0.0,plays_at_height
2020,Wabissa Bede,Virginia Tech,50474,6-0,"6'0""",72.0,77.03,"6'5""",5.03,plays_taller,77.03,"6'5""",5.03,plays_taller
2020,P.J. Horne,Virginia Tech,50476,6-6,"6'6""",78.0,77.88,"6'6""",-0.12,plays_at_height,77.88,"6'6""",-0.12,plays_at_height
2020,Corey Tillery,Alcorn St.,50479,6-3,"6'3""",75.0,74.14,"6'2""",-0.86,plays_shorter,74.14,"6'2""",-0.86,plays_shorter
2020,Ejike Obinna,Vanderbilt,50481,6-10,"6'10""",82.0,79.48,"6'7""",-2.52,plays_shorter,79.48,"6'7""",-2.52,plays_shorter
2020,Trae Berhow,Northern Iowa,50483,6-5,"6'5""",77.0,77.07,"6'5""",0.07,plays_at_height,77.07,"6'5""",0.07,plays_at_height
2020,Saben Lee,Vanderbilt,50484,6-2,"6'2""",74.0,77.93,"6'6""",3.93,plays_taller,77.93,"6'6""",3.93,plays_taller
2020,Mikail Simmons,Bryant,50485,6-9,"6'9""",81.0,76.71,"6'5""",-4.29,plays_shorter,76.71,"6'5""",-4.29,plays_shorter
2020,Cameron Allen,Cal St. Bakersfield,50487,6-0,"6'0""",72.0,74.6,"6'3""",2.6,plays_taller,74.6,"6'3""",2.6,plays_taller
2020,Jade' Smith,Pepperdine,50489,6-4,"6'4""",76.0,76.35,"6'4""",0.35,plays_at_height,76.35,"6'4""",0.35,plays_at_height
2020,Levi Stockard III,Kansas St.,50494,6-8,"6'8""",80.0,78.29,"6'6""",-1.71,plays_shorter,78.29,"6'6""",-1.71,plays_shorter
2020,Mike McGuirl,Kansas St.,50495,6-2,"6'2""",74.0,75.59,"6'4""",1.59,plays_taller,75.59,"6'4""",1.59,plays_taller
2020,Marcus Garrett,Kansas,50498,6-5,"6'5""",77.0,76.54,"6'5""",-0.46,plays_at_height,76.54,"6'5""",-0.46,plays_at_height
2020,Simon Wright,Elon,50500,6-7,"6'7""",79.0,77.99,"6'6""",-1.01,plays_shorter,77.99,"6'6""",-1.01,plays_shorter
2020,Jacob Rigoni,Quinnipiac,50505,6-6,"6'6""",78.0,74.58,"6'3""",-3.42,plays_shorter,74.58,"6'3""",-3.42,plays_shorter
2020,Rich Kelly,Quinnipiac,50507,6-1,"6'1""",73.0,74.23,"6'2""",1.23,plays_taller,74.23,"6'2""",1.23,plays_taller
2020,TJ Parham,Alabama A&M,50509,6-7,"6'7""",79.0,75.24,"6'3""",-3.76,plays_shorter,75.24,"6'3""",-3.76,plays_shorter
2020,Chris Sodom,Delaware St.,50510,7-3,"7'3""",87.0,80.64,"6'9""",-6.36,plays_shorter,80.64,"6'9""",-6.36,plays_shorter
2020,Jamorko Pickett,Georgetown,50511,6-8,"6'8""",80.0,78.35,"6'6""",-1.65,plays_shorter,78.35,"6'6""",-1.65,plays_shorter
2020,Quade Green,Washington,50512,6-0,"6'0""",72.0,75.04,"6'3""",3.04,plays_taller,75.04,"6'3""",3.04,plays_taller
2020,Davide Moretti,Texas Tech,50520,6-3,"6'3""",75.0,74.76,"6'3""",-0.24,plays_at_height,74.76,"6'3""",-0.24,plays_at_height
2020,Stef Smith,Vermont,50521,6-2,"6'2""",74.0,76.0,"6'4""",2.0,plays_taller,76.0,"6'4""",2.0,plays_taller
2020,Bryce Moragne,Florida A&M,50522,6-5,"6'5""",77.0,78.29,"6'6""",1.29,plays_taller,78.29,"6'6""",1.29,plays_taller
2020,Javon Levi,UT Rio Grande Valley,50526,5-11,"5'11""",71.0,74.99,"6'3""",3.99,plays_taller,74.99,"6'3""",3.99,plays_taller
2020,Matt Turner,Marist,50529,6-3,"6'3""",75.0,73.75,"6'2""",-1.25,plays_shorter,73.75,"6'2""",-1.25,plays_shorter
2020,Josip Vrankic,Santa Clara,50530,6-9,"6'9""",81.0,78.9,"6'7""",-2.1,plays_shorter,78.9,"6'7""",-2.1,plays_shorter
2020,Shaquille Walters,Northeastern,50534,6-6,"6'6""",78.0,77.92,"6'6""",-0.08,plays_at_height,77.92,"6'6""",-0.08,plays_at_height
2020,Makol Mawien,Kansas St.,50538,6-9,"6'9""",81.0,81.1,"6'9""",0.1,plays_at_height,81.1,"6'9""",0.1,plays_at_height
2020,Jalen King,Eastern Michigan,50540,6-10,"6'10""",82.0,79.95,"6'8""",-2.05,plays_shorter,79.95,"6'8""",-2.05,plays_shorter
2020,Justin McCall,Cal St. Bakersfield,50543,6-6,"6'6""",78.0,78.07,"6'6""",0.07,plays_at_height,78.07,"6'6""",0.07,plays_at_height
2020,Christian David,Butler,50550,6-6,"6'6""",78.0,77.69,"6'6""",-0.31,plays_at_height,77.69,"6'6""",-0.31,plays_at_height
2020,Cooper Neese,Indiana St.,50552,6-4,"6'4""",76.0,74.91,"6'3""",-1.09,plays_shorter,74.91,"6'3""",-1.09,plays_shorter
2020,Aaron Thompson,Butler,50553,6-2,"6'2""",74.0,76.02,"6'4""",2.02,plays_taller,76.02,"6'4""",2.02,plays_taller
2020,Sandro Mamukelashvili,Seton Hall,50557,6-11,"6'11""",83.0,79.3,"6'7""",-3.7,plays_shorter,79.3,"6'7""",-3.7,plays_shorter
2020,Holland Woods,Portland St.,50560,6-1,"6'1""",73.0,74.74,"6'3""",1.74,plays_taller,74.74,"6'3""",1.74,plays_taller
2020,M.J. Walker,Florida St.,50566,6-5,"6'5""",77.0,75.6,"6'4""",-1.4,plays_shorter,75.6,"6'4""",-1.4,plays_shorter
2020,Wyatt Wilkes,Florida St.,50567,6-8,"6'8""",80.0,75.56,"6'4""",-4.44,plays_shorter,75.56,"6'4""",-4.44,plays_shorter
2020,Ike Obiagu,Seton Hall,50571,7-2,"7'2""",86.0,82.7,"6'11""",-3.3,plays_shorter,82.7,"6'11""",-3.3,plays_shorter
2020,Anthony Polite,Florida St.,50572,6-6,"6'6""",78.0,77.78,"6'6""",-0.22,plays_at_height,77.78,"6'6""",-0.22,plays_at_height
2020,Steffon Mitchell,Boston College,50577,6-8,"6'8""",80.0,80.82,"6'9""",0.82,plays_taller,80.82,"6'9""",0.82,plays_taller
2020,Deontaye Buskey,Charleston Southern,50580,6-1,"6'1""",73.0,77.11,"6'5""",4.11,plays_taller,77.11,"6'5""",4.11,plays_taller
2020,Ty Jones,Charleston Southern,50581,6-6,"6'6""",78.0,75.62,"6'4""",-2.38,plays_shorter,75.62,"6'4""",-2.38,plays_shorter
2020,Ja'Cor Nelson,Campbell,50584,6-3,"6'3""",75.0,77.5,"6'5""",2.5,plays_taller,77.5,"6'5""",2.5,plays_taller
2020,Jordan Whitfield,Campbell,50585,6-1,"6'1""",73.0,74.17,"6'2""",1.17,plays_taller,74.17,"6'2""",1.17,plays_taller
2020,Phlandrous Fleming Jr.,Charleston Southern,50586,6-4,"6'4""",76.0,80.16,"6'8""",4.16,plays_taller,80.16,"6'8""",4.16,plays_taller
2020,Jaheam Cornwall,Gardner Webb,50587,6-0,"6'0""",72.0,74.93,"6'3""",2.93,plays_taller,74.93,"6'3""",2.93,plays_taller
2020,Dajour Dickens,Old Dominion,50588,7-0,"7'0""",84.0,81.05,"6'9""",-2.95,plays_shorter,81.05,"6'9""",-2.95,plays_shorter
2020,Paul Scruggs,Xavier,50589,6-4,"6'4""",76.0,76.27,"6'4""",0.27,plays_at_height,76.27,"6'4""",0.27,plays_at_height
2020,Greg Elliott,Marquette,50590,6-3,"6'3""",75.0,75.64,"6'4""",0.64,plays_at_height,75.64,"6'4""",0.64,plays_at_height
2020,Theo John,Marquette,50593,6-9,"6'9""",81.0,82.64,"6'11""",1.64,plays_taller,82.64,"6'11""",1.64,plays_taller
2020,Jamal Cain,Marquette,50596,6-7,"6'7""",79.0,78.56,"6'7""",-0.44,plays_at_height,78.56,"6'7""",-0.44,plays_at_height
2020,Nate Watson,Providence,50597,6-10,"6'10""",82.0,80.44,"6'8""",-1.56,plays_shorter,80.44,"6'8""",-1.56,plays_shorter
2020,Jack Ballantyne,LIU,50598,6-9,"6'9""",81.0,77.26,"6'5""",-3.74,plays_shorter,77.26,"6'5""",-3.74,plays_shorter
2020,Jermaine Jackson Jr.,LIU,50600,5-10,"5'10""",70.0,73.8,"6'2""",3.8,plays_taller,73.8,"6'2""",3.8,plays_taller
2020,Jordan Nwora,Louisville,50605,6-7,"6'7""",79.0,79.02,"6'7""",0.02,plays_at_height,79.02,"6'7""",0.02,plays_at_height
2020,Marek Dolezaj,Syracuse,50609,6-10,"6'10""",82.0,79.75,"6'8""",-2.25,plays_shorter,79.75,"6'8""",-2.25,plays_shorter
2020,Bourama Sidibe,Syracuse,50614,6-10,"6'10""",82.0,83.37,"6'11""",1.37,plays_taller,83.37,"6'11""",1.37,plays_taller
2020,Javante McCoy,Boston University,50616,6-5,"6'5""",77.0,75.86,"6'4""",-1.14,plays_shorter,75.86,"6'4""",-1.14,plays_shorter
2020,Sukhmail Mathon,Boston University,50617,6-10,"6'10""",82.0,79.45,"6'7""",-2.55,plays_shorter,79.45,"6'7""",-2.55,plays_shorter
2020,Walter Whyte,Boston University,50619,6-6,"6'6""",78.0,79.44,"6'7""",1.44,plays_taller,79.44,"6'7""",1.44,plays_taller
2020,Marvin Bragg,American,50621,6-6,"6'6""",78.0,76.03,"6'4""",-1.97,plays_shorter,76.03,"6'4""",-1.97,plays_shorter
2020,Paul Newman,Bucknell,50623,6-9,"6'9""",81.0,80.0,"6'8""",-1.0,plays_shorter,80.0,"6'8""",-1.0,plays_shorter
2020,Jimmy Sotos,Bucknell,50624,6-3,"6'3""",75.0,75.74,"6'4""",0.74,plays_at_height,75.74,"6'4""",0.74,plays_at_height
2020,Jamil Jackson Jr.,IU Indy,50626,6-6,"6'6""",78.0,75.18,"6'3""",-2.82,plays_shorter,75.18,"6'3""",-2.82,plays_shorter
2020,Connor McCaffery,Iowa,50631,6-5,"6'5""",77.0,75.37,"6'3""",-1.63,plays_shorter,75.37,"6'3""",-1.63,plays_shorter
2020,Jase Febres,Texas,50639,6-5,"6'5""",77.0,75.61,"6'4""",-1.39,plays_shorter,75.61,"6'4""",-1.39,plays_shorter
2020,Marquis Godwin,Old Dominion,50642,6-5,"6'5""",77.0,74.33,"6'2""",-2.67,plays_shorter,74.33,"6'2""",-2.67,plays_shorter
2020,Zach Jacobs,James Madison,50646,6-8,"6'8""",80.0,78.51,"6'7""",-1.49,plays_shorter,78.51,"6'7""",-1.49,plays_shorter
2020,Zach Cooks,NJIT,50648,5-9,"5'9""",69.0,75.81,"6'4""",6.81,plays_taller,75.81,"6'4""",6.81,plays_taller
2020,Isaiah Banks,FIU,50655,6-5,"6'5""",77.0,78.36,"6'6""",1.36,plays_taller,78.36,"6'6""",1.36,plays_taller
2020,"Willy Nunez, Jr.",Rider,50656,6-6,"6'6""",78.0,74.91,"6'3""",-3.09,plays_shorter,74.91,"6'3""",-3.09,plays_shorter
2020,Amorie Archibald,Louisiana Tech,50657,6-3,"6'3""",75.0,75.35,"6'3""",0.35,plays_at_height,75.35,"6'3""",0.35,plays_at_height
2020,Rayshawn Neal,South Carolina St.,50661,5-10,"5'10""",70.0,75.65,"6'4""",5.65,plays_taller,75.65,"6'4""",5.65,plays_taller
2020,Trent Frazier,Illinois,50663,6-2,"6'2""",74.0,74.4,"6'2""",0.4,plays_at_height,74.4,"6'2""",0.4,plays_at_height
2020,Michal Kozak,Weber St.,50671,6-8,"6'8""",80.0,78.14,"6'6""",-1.86,plays_shorter,78.14,"6'6""",-1.86,plays_shorter
2020,Trevon Ary-Turner,Dartmouth,50673,6-3,"6'3""",75.0,74.5,"6'3""",-0.5,plays_at_height,74.5,"6'3""",-0.5,plays_at_height
2020,Anthony Smith,Murray St.,50677,6-7,"6'7""",79.0,80.47,"6'8""",1.47,plays_taller,80.47,"6'8""",1.47,plays_taller
2020,Cedrick Alley Jr.,Houston,50679,6-6,"6'6""",78.0,76.92,"6'5""",-1.08,plays_shorter,76.92,"6'5""",-1.08,plays_shorter
2020,Gabe Grant,Buffalo,50680,6-6,"6'6""",78.0,76.99,"6'5""",-1.01,plays_shorter,76.99,"6'5""",-1.01,plays_shorter
2020,Ethan Chargois,SMU,50682,6-9,"6'9""",81.0,78.43,"6'6""",-2.57,plays_shorter,78.43,"6'6""",-2.57,plays_shorter
2020,Everett Ray,SMU,50684,6-7,"6'7""",79.0,78.28,"6'6""",-0.72,plays_at_height,78.28,"6'6""",-0.72,plays_at_height
2020,Fabian White Jr.,Houston,50685,6-7,"6'7""",79.0,78.74,"6'7""",-0.26,plays_at_height,78.74,"6'7""",-0.26,plays_at_height
2020,Elijah Cuffee,Liberty,50686,6-4,"6'4""",76.0,76.72,"6'5""",0.72,plays_at_height,76.72,"6'5""",0.72,plays_at_height
2020,Justyn Mutts,Delaware,50689,6-7,"6'7""",79.0,80.73,"6'9""",1.73,plays_taller,80.73,"6'9""",1.73,plays_taller
2020,Denny Slay II,High Point,50692,5-11,"5'11""",71.0,73.98,"6'2""",2.98,plays_taller,73.98,"6'2""",2.98,plays_taller
2020,Shunn Buchanan,New Mexico St.,50700,6-0,"6'0""",72.0,75.6,"6'4""",3.6,plays_taller,75.6,"6'4""",3.6,plays_taller
2020,Naji Marshall,Xavier,50704,6-7,"6'7""",79.0,78.68,"6'7""",-0.32,plays_at_height,78.68,"6'7""",-0.32,plays_at_height
2020,Elias Harden,Jacksonville St.,50705,6-5,"6'5""",77.0,74.62,"6'3""",-2.38,plays_shorter,74.62,"6'3""",-2.38,plays_shorter
2020,Jamal Johnson,Auburn,50709,6-4,"6'4""",76.0,74.62,"6'3""",-1.38,plays_shorter,74.62,"6'3""",-1.38,plays_shorter
2020,Daniel Akin,UMBC,50718,6-9,"6'9""",81.0,79.52,"6'8""",-1.48,plays_shorter,79.52,"6'8""",-1.48,plays_shorter
2020,Brandon Horvath,UMBC,50719,6-10,"6'10""",82.0,78.73,"6'7""",-3.27,plays_shorter,78.73,"6'7""",-3.27,plays_shorter
2020,Jon Brown,Tennessee St.,50728,6-8,"6'8""",80.0,77.78,"6'6""",-2.22,plays_shorter,77.78,"6'6""",-2.22,plays_shorter
2020,Jacob Gilyard,Richmond,50729,5-9,"5'9""",69.0,75.79,"6'4""",6.79,plays_taller,75.79,"6'4""",6.79,plays_taller
2020,Stacy Beckton Jr.,American,50733,6-4,"6'4""",76.0,78.0,"6'6""",2.0,plays_taller,78.0,"6'6""",2.0,plays_taller
2020,Ahmad Clark,Albany,50748,6-1,"6'1""",73.0,76.25,"6'4""",3.25,plays_taller,76.25,"6'4""",3.25,plays_taller
2020,Bryson Lockley,Kennesaw St.,50753,6-8,"6'8""",80.0,77.64,"6'6""",-2.36,plays_shorter,77.64,"6'6""",-2.36,plays_shorter
2020,Rocky Kreuser,North Dakota St.,50754,6-10,"6'10""",82.0,79.26,"6'7""",-2.74,plays_shorter,79.26,"6'7""",-2.74,plays_shorter
2020,Noah Frederking,Evansville,50763,6-4,"6'4""",76.0,74.2,"6'2""",-1.8,plays_shorter,74.2,"6'2""",-1.8,plays_shorter
2020,Jahlil Tripp,Pacific,50765,6-5,"6'5""",77.0,80.92,"6'9""",3.92,plays_taller,80.92,"6'9""",3.92,plays_taller
2020,Hunter Maldonado,Wyoming,50768,6-7,"6'7""",79.0,78.22,"6'6""",-0.78,plays_shorter,78.22,"6'6""",-0.78,plays_shorter
2020,Rylan Bergersen,Central Arkansas,50770,6-6,"6'6""",78.0,77.32,"6'5""",-0.68,plays_at_height,77.32,"6'5""",-0.68,plays_at_height
2020,Brock Miller,Utah St.,50773,6-5,"6'5""",77.0,75.28,"6'3""",-1.72,plays_shorter,75.28,"6'3""",-1.72,plays_shorter
2020,Dwight Wilson,James Madison,50779,6-8,"6'8""",80.0,80.26,"6'8""",0.26,plays_at_height,80.26,"6'8""",0.26,plays_at_height
2020,Mark Flagg,Saint Francis,50780,6-9,"6'9""",81.0,80.05,"6'8""",-0.95,plays_shorter,80.05,"6'8""",-0.95,plays_shorter
2020,Chase Freeman,Wagner,50781,5-11,"5'11""",71.0,74.19,"6'2""",3.19,plays_taller,74.19,"6'2""",3.19,plays_taller
2020,Chauncey Hawkins,St. Francis NY,50783,5-8,"5'8""",68.0,75.42,"6'3""",7.42,plays_taller,75.42,"6'3""",7.42,plays_taller
2020,Yaradyah Evans,St. Francis NY,50784,6-6,"6'6""",78.0,77.55,"6'6""",-0.45,plays_at_height,77.55,"6'6""",-0.45,plays_at_height
2020,Milija Cosic,St. Francis NY,50786,6-6,"6'6""",78.0,75.9,"6'4""",-2.1,plays_shorter,75.9,"6'4""",-2.1,plays_shorter
2020,Nate Pierre-Louis,Temple,50794,6-4,"6'4""",76.0,79.99,"6'8""",3.99,plays_taller,79.99,"6'8""",3.99,plays_taller
2020,Justyn Hamilton,Temple,50795,6-10,"6'10""",82.0,78.24,"6'6""",-3.76,plays_shorter,78.24,"6'6""",-3.76,plays_shorter
2020,De'Vondre Perry,Temple,50796,6-7,"6'7""",79.0,78.07,"6'6""",-0.93,plays_shorter,78.07,"6'6""",-0.93,plays_shorter
2020,David Collins,South Florida,50798,6-4,"6'4""",76.0,78.41,"6'6""",2.41,plays_taller,78.41,"6'6""",2.41,plays_taller
2020,Justin Brown,South Florida,50799,6-6,"6'6""",78.0,76.78,"6'5""",-1.22,plays_shorter,76.78,"6'5""",-1.22,plays_shorter
2020,J.P. Moorman II,Temple,50801,6-7,"6'7""",79.0,77.3,"6'5""",-1.7,plays_shorter,77.3,"6'5""",-1.7,plays_shorter
2020,Cameron Benford,Purdue Fort Wayne,50804,6-8,"6'8""",80.0,79.34,"6'7""",-0.66,plays_at_height,79.34,"6'7""",-0.66,plays_at_height
2020,Chris Quayle,North Dakota St.,50808,6-5,"6'5""",77.0,77.68,"6'6""",0.68,plays_at_height,77.68,"6'6""",0.68,plays_at_height
2020,Jordan McKenzie,Stony Brook,50812,6-1,"6'1""",73.0,74.79,"6'3""",1.79,plays_taller,74.79,"6'3""",1.79,plays_taller
2020,Wyatt Yess,Yale,50813,6-8,"6'8""",80.0,78.29,"6'6""",-1.71,plays_shorter,78.29,"6'6""",-1.71,plays_shorter
2020,Scott Hitchon,Canisius,50816,6-8,"6'8""",80.0,77.91,"6'6""",-2.09,plays_shorter,77.91,"6'6""",-2.09,plays_shorter
2020,Jaylen Butz,DePaul,50817,6-9,"6'9""",81.0,80.43,"6'8""",-0.57,plays_at_height,80.43,"6'8""",-0.57,plays_at_height
2020,Paul Reed,DePaul,50818,6-9,"6'9""",81.0,84.22,"7'0""",3.22,plays_taller,84.22,"7'0""",3.22,plays_taller
2020,Justin Roberts,Georgia St.,50821,5-11,"5'11""",71.0,74.96,"6'3""",3.96,plays_taller,74.96,"6'3""",3.96,plays_taller
2020,Nathan Cayo,Richmond,50823,6-7,"6'7""",79.0,79.46,"6'7""",0.46,plays_at_height,79.46,"6'7""",0.46,plays_at_height
2020,Braxton Beverly,N.C. State,50825,6-0,"6'0""",72.0,73.92,"6'2""",1.92,plays_taller,73.92,"6'2""",1.92,plays_taller
2020,E.J. Stephens,Lafayette,50827,6-1,"6'1""",73.0,75.93,"6'4""",2.93,plays_taller,75.93,"6'4""",2.93,plays_taller
2020,Ed Porter,Lehigh,50829,6-7,"6'7""",79.0,76.16,"6'4""",-2.84,plays_shorter,76.16,"6'4""",-2.84,plays_shorter
2020,James Karnik,Lehigh,50830,6-9,"6'9""",81.0,80.56,"6'9""",-0.44,plays_at_height,80.56,"6'9""",-0.44,plays_at_height
2020,Marques Wilson,Lehigh,50831,6-4,"6'4""",76.0,75.19,"6'3""",-0.81,plays_shorter,75.19,"6'3""",-0.81,plays_shorter
2020,Isaiah Hart,Loyola MD,50833,5-11,"5'11""",71.0,75.54,"6'4""",4.54,plays_taller,75.54,"6'4""",4.54,plays_taller
2020,Brent Holcombe,Loyola MD,50834,6-8,"6'8""",80.0,79.01,"6'7""",-0.99,plays_shorter,79.01,"6'7""",-0.99,plays_shorter
2020,Devin Gilmore,Murray St.,50836,6-6,"6'6""",78.0,81.06,"6'9""",3.06,plays_taller,81.06,"6'9""",3.06,plays_taller
2020,Jacoby Ross,Alabama St.,50838,5-9,"5'9""",69.0,75.09,"6'3""",6.09,plays_taller,75.09,"6'3""",6.09,plays_taller
2020,Myles Douglas,Saint Joseph's,50839,6-7,"6'7""",79.0,75.87,"6'4""",-3.13,plays_shorter,75.87,"6'4""",-3.13,plays_shorter
2020,Tristan Jarrett,Jackson St.,50843,6-4,"6'4""",76.0,77.09,"6'5""",1.09,plays_taller,77.09,"6'5""",1.09,plays_taller
2020,Andrew Petcash,Boston University,50852,6-4,"6'4""",76.0,74.8,"6'3""",-1.2,plays_shorter,74.8,"6'3""",-1.2,plays_shorter
2020,David Beatty,La Salle,50855,6-2,"6'2""",74.0,76.44,"6'4""",2.44,plays_taller,76.44,"6'4""",2.44,plays_taller
2020,Hasahn French,Saint Louis,50860,6-7,"6'7""",79.0,84.95,"7'1""",5.95,plays_taller,84.95,"7'1""",5.95,plays_taller
2020,Dwayne Rose Jr.,Detroit Mercy,50866,6-4,"6'4""",76.0,76.28,"6'4""",0.28,plays_at_height,76.28,"6'4""",0.28,plays_at_height
2020,Mitch Ballock,Creighton,50869,6-5,"6'5""",77.0,76.65,"6'5""",-0.35,plays_at_height,76.65,"6'5""",-0.35,plays_at_height
2020,JoJo Walker,Portland,50871,6-1,"6'1""",73.0,74.85,"6'3""",1.85,plays_taller,74.85,"6'3""",1.85,plays_taller
2020,Ty-Shon Alexander,Creighton,50873,6-4,"6'4""",76.0,77.0,"6'5""",1.0,plays_taller,77.0,"6'5""",1.0,plays_taller
2020,Tahirou Diabate,Portland,50875,6-9,"6'9""",81.0,80.16,"6'8""",-0.84,plays_shorter,80.16,"6'8""",-0.84,plays_shorter
2020,James Baker,Morehead St.,50879,6-6,"6'6""",78.0,78.87,"6'7""",0.87,plays_taller,78.87,"6'7""",0.87,plays_taller
2020,Caleb Hollander,Belmont,50885,6-8,"6'8""",80.0,77.01,"6'5""",-2.99,plays_shorter,77.01,"6'5""",-2.99,plays_shorter
2020,Grayson Murphy,Belmont,50886,6-2,"6'2""",74.0,77.98,"6'6""",3.98,plays_taller,77.98,"6'6""",3.98,plays_taller
2020,Nigel Jackson,Wagner,50888,6-7,"6'7""",79.0,76.46,"6'4""",-2.54,plays_shorter,76.46,"6'4""",-2.54,plays_shorter
2020,JacQuess Hobbs,Eastern Kentucky,50893,6-2,"6'2""",74.0,75.52,"6'4""",1.52,plays_taller,75.52,"6'4""",1.52,plays_taller
2020,Greg Jones,Lipscomb,50894,6-3,"6'3""",75.0,74.99,"6'3""",-0.01,plays_at_height,74.99,"6'3""",-0.01,plays_at_height
2020,Parker Hazen,Lipscomb,50897,6-7,"6'7""",79.0,78.47,"6'6""",-0.53,plays_at_height,78.47,"6'6""",-0.53,plays_at_height
2020,Marten Linssen,UNC Wilmington,50899,6-8,"6'8""",80.0,79.44,"6'7""",-0.56,plays_at_height,79.44,"6'7""",-0.56,plays_at_height
2020,Mileek McMillan,Valparaiso,50901,6-8,"6'8""",80.0,77.8,"6'6""",-2.2,plays_shorter,77.8,"6'6""",-2.2,plays_shorter
2020,Brian Thomas,Florida Gulf Coast,50902,6-9,"6'9""",81.0,83.09,"6'11""",2.09,plays_taller,83.09,"6'11""",2.09,plays_taller
2020,Taavi Jurkatamm,San Francisco,50904,6-9,"6'9""",81.0,77.99,"6'6""",-3.01,plays_shorter,77.99,"6'6""",-3.01,plays_shorter
2020,Clyde Trapp,Clemson,50906,6-4,"6'4""",76.0,76.21,"6'4""",0.21,plays_at_height,76.21,"6'4""",0.21,plays_at_height
2020,Darien Jackson,Tulsa,50907,6-3,"6'3""",75.0,78.43,"6'6""",3.43,plays_taller,78.43,"6'6""",3.43,plays_taller
2020,Elijah Joiner,Tulsa,50908,6-3,"6'3""",75.0,77.38,"6'5""",2.38,plays_taller,77.38,"6'5""",2.38,plays_taller
2020,A.J. Oliver II,Old Dominion,50911,6-5,"6'5""",77.0,76.55,"6'5""",-0.45,plays_at_height,76.55,"6'5""",-0.45,plays_at_height
2020,Jordan Tucker,Butler,50913,6-7,"6'7""",79.0,76.73,"6'5""",-2.27,plays_shorter,76.73,"6'5""",-2.27,plays_shorter
2020,Sam Kearns,Oral Roberts,50917,6-1,"6'1""",73.0,75.11,"6'3""",2.11,plays_taller,75.11,"6'3""",2.11,plays_taller
2020,Stanley Umude,South Dakota,50918,6-6,"6'6""",78.0,79.78,"6'8""",1.78,plays_taller,79.78,"6'8""",1.78,plays_taller
2020,Brandon Key,South Dakota St.,50923,5-10,"5'10""",70.0,74.62,"6'3""",4.62,plays_taller,74.62,"6'3""",4.62,plays_taller
2020,Jordan Schakel,San Diego St.,50924,6-6,"6'6""",78.0,76.94,"6'5""",-1.06,plays_shorter,76.94,"6'5""",-1.06,plays_shorter
2020,Isaac White,Stanford,50925,6-2,"6'2""",74.0,75.34,"6'3""",1.34,plays_taller,75.34,"6'3""",1.34,plays_taller
2020,Justin Smith,Indiana,50933,6-7,"6'7""",79.0,79.04,"6'7""",0.04,plays_at_height,79.04,"6'7""",0.04,plays_at_height
2020,Al Durham,Indiana,50934,6-4,"6'4""",76.0,76.38,"6'4""",0.38,plays_at_height,76.38,"6'4""",0.38,plays_at_height
2020,Tray Buchanan,South Dakota St.,50935,6-2,"6'2""",74.0,75.24,"6'3""",1.24,plays_taller,75.24,"6'3""",1.24,plays_taller
2020,Brandon Rachal,Tulsa,50937,6-6,"6'6""",78.0,79.59,"6'8""",1.59,plays_taller,79.59,"6'8""",1.59,plays_taller
2020,Justin Jaworski,Lafayette,50938,6-2,"6'2""",74.0,74.6,"6'3""",0.6,plays_at_height,74.6,"6'3""",0.6,plays_at_height
2020,Connor Niego,Holy Cross,50940,6-8,"6'8""",80.0,77.1,"6'5""",-2.9,plays_shorter,77.1,"6'5""",-2.9,plays_shorter
2020,Matt Faw,Holy Cross,50943,6-9,"6'9""",81.0,79.34,"6'7""",-1.66,plays_shorter,79.34,"6'7""",-1.66,plays_shorter
2020,Austin Butler,Holy Cross,50945,6-5,"6'5""",77.0,76.97,"6'5""",-0.03,plays_at_height,76.97,"6'5""",-0.03,plays_at_height
2020,John Meeks,Bucknell,50946,6-6,"6'6""",78.0,77.33,"6'5""",-0.67,plays_at_height,77.33,"6'5""",-0.67,plays_at_height
2020,Jermaine Samuels,Villanova,50948,6-7,"6'7""",79.0,79.0,"6'7""",-0.0,plays_at_height,79.0,"6'7""",-0.0,plays_at_height
2020,Cameron Christon,Grambling St.,50957,6-6,"6'6""",78.0,76.61,"6'5""",-1.39,plays_shorter,76.61,"6'5""",-1.39,plays_shorter
2020,Matt Halvorsen,Western Carolina,50960,6-1,"6'1""",73.0,74.14,"6'2""",1.14,plays_taller,74.14,"6'2""",1.14,plays_taller
2020,Jordan Burns,Colgate,50970,6-0,"6'0""",72.0,75.04,"6'3""",3.04,plays_taller,75.04,"6'3""",3.04,plays_taller
2020,Michael Diggins,Illinois Chicago,50980,6-8,"6'8""",80.0,79.48,"6'7""",-0.52,plays_at_height,79.48,"6'7""",-0.52,plays_at_height
2020,Deion Hammond,Monmouth,50987,6-4,"6'4""",76.0,76.34,"6'4""",0.34,plays_at_height,76.34,"6'4""",0.34,plays_at_height
2020,Marcus McClary,Monmouth,50988,6-3,"6'3""",75.0,76.4,"6'4""",1.4,plays_taller,76.4,"6'4""",1.4,plays_taller
2020,Manny Camper,Siena,50989,6-7,"6'7""",79.0,79.56,"6'8""",0.56,plays_at_height,79.56,"6'8""",0.56,plays_at_height
2020,Greg Kuakumensah,Niagara,50991,6-6,"6'6""",78.0,78.49,"6'6""",0.49,plays_at_height,78.49,"6'6""",0.49,plays_at_height
2020,Christian Bentley,Youngstown St.,50992,6-3,"6'3""",75.0,74.78,"6'3""",-0.22,plays_at_height,74.78,"6'3""",-0.22,plays_at_height
2020,Roman Penn,Drake,50994,5-11,"5'11""",71.0,76.24,"6'4""",5.24,plays_taller,76.24,"6'4""",5.24,plays_taller
2020,Lewis Djonkam,Radford,51000,6-9,"6'9""",81.0,76.39,"6'4""",-4.61,plays_shorter,76.39,"6'4""",-4.61,plays_shorter
2020,Jarrod West,Marshall,51002,5-11,"5'11""",71.0,76.01,"6'4""",5.01,plays_taller,76.01,"6'4""",5.01,plays_taller
2020,Darius George,Marshall,51003,6-7,"6'7""",79.0,79.76,"6'8""",0.76,plays_taller,79.76,"6'8""",0.76,plays_taller
2020,Alihan Demir,Minnesota,51012,6-9,"6'9""",81.0,78.2,"6'6""",-2.8,plays_shorter,78.2,"6'6""",-2.8,plays_shorter
2020,Bo Hodges,East Tennessee St.,51022,6-5,"6'5""",77.0,80.18,"6'8""",3.18,plays_taller,80.18,"6'8""",3.18,plays_taller
2020,Alex Reed,The Citadel,51023,6-3,"6'3""",75.0,76.15,"6'4""",1.15,plays_taller,76.15,"6'4""",1.15,plays_taller
2020,Derek Webster Jr.,The Citadel,51024,6-4,"6'4""",76.0,79.32,"6'7""",3.32,plays_taller,79.32,"6'7""",3.32,plays_taller
2020,D'Angelo Hunter,Nicholls St.,51031,6-7,"6'7""",79.0,75.91,"6'4""",-3.09,plays_shorter,75.91,"6'4""",-3.09,plays_shorter
2020,Tristan Clark,Baylor,51033,6-10,"6'10""",82.0,78.83,"6'7""",-3.17,plays_shorter,78.83,"6'7""",-3.17,plays_shorter
2020,Dre Marin,Southern Utah,51035,6-0,"6'0""",72.0,74.96,"6'3""",2.96,plays_taller,74.96,"6'3""",2.96,plays_taller
2020,Jordan Lyons,Mississippi Valley St.,51036,6-7,"6'7""",79.0,78.24,"6'6""",-0.76,plays_shorter,78.24,"6'6""",-0.76,plays_shorter
2020,Isaiah Williams,IU Indy,51037,6-8,"6'8""",80.0,76.47,"6'4""",-3.53,plays_shorter,76.47,"6'4""",-3.53,plays_shorter
2020,Tyler Polley,Connecticut,51039,6-9,"6'9""",81.0,75.52,"6'4""",-5.48,plays_shorter,75.52,"6'4""",-5.48,plays_shorter
2020,Lance Thomas,Memphis,51041,6-9,"6'9""",81.0,79.24,"6'7""",-1.76,plays_shorter,79.24,"6'7""",-1.76,plays_shorter
2020,Darius Perry,Louisville,51042,6-2,"6'2""",74.0,75.22,"6'3""",1.22,plays_taller,75.22,"6'3""",1.22,plays_taller
2020,Mike'L Simms,VCU,51044,6-5,"6'5""",77.0,76.41,"6'4""",-0.59,plays_at_height,76.41,"6'4""",-0.59,plays_at_height
2020,Greg Parham,VMI,51047,6-4,"6'4""",76.0,74.36,"6'2""",-1.64,plays_shorter,74.36,"6'2""",-1.64,plays_shorter
2020,Bubba Parham,Georgia Tech,51048,5-10,"5'10""",70.0,74.83,"6'3""",4.83,plays_taller,74.83,"6'3""",4.83,plays_taller
2020,Corey Kispert,Gonzaga,51050,6-7,"6'7""",79.0,76.99,"6'5""",-2.01,plays_shorter,76.99,"6'5""",-2.01,plays_shorter
2020,Avery Diggs,UCF,51053,6-11,"6'11""",83.0,78.96,"6'7""",-4.04,plays_shorter,78.96,"6'7""",-4.04,plays_shorter
2020,Jordan Goodwin,Saint Louis,51054,6-3,"6'3""",75.0,80.22,"6'8""",5.22,plays_taller,80.22,"6'8""",5.22,plays_taller
2020,Jaizec Lottie,Little Rock,51056,6-1,"6'1""",73.0,76.58,"6'5""",3.58,plays_taller,76.58,"6'5""",3.58,plays_taller
2020,Avery Sullivan,Lamar,51058,6-8,"6'8""",80.0,79.61,"6'8""",-0.39,plays_at_height,79.61,"6'8""",-0.39,plays_at_height
2020,Shelby Adams,Texas St.,51061,6-3,"6'3""",75.0,76.4,"6'4""",1.4,plays_taller,76.4,"6'4""",1.4,plays_taller
2020,Reggie Miller,Abilene Christian,51063,6-0,"6'0""",72.0,75.28,"6'3""",3.28,plays_taller,75.28,"6'3""",3.28,plays_taller
2020,Augustine Ene,Incarnate Word,51065,6-4,"6'4""",76.0,75.24,"6'3""",-0.76,plays_shorter,75.24,"6'3""",-0.76,plays_shorter
2020,Elijah Childs,Bradley,51067,6-7,"6'7""",79.0,80.98,"6'9""",1.98,plays_taller,80.98,"6'9""",1.98,plays_taller
2020,Matt Mitchell,San Diego St.,51069,6-6,"6'6""",78.0,78.87,"6'7""",0.87,plays_taller,78.87,"6'7""",0.87,plays_taller
2020,Greg Heckstall,Hampton,51070,6-8,"6'8""",80.0,75.83,"6'4""",-4.17,plays_shorter,75.83,"6'4""",-4.17,plays_shorter
2020,PJ Pipes,Green Bay,51072,6-2,"6'2""",74.0,74.74,"6'3""",0.74,plays_at_height,74.74,"6'3""",0.74,plays_at_height
2020,Devontae Shuler,Mississippi,51075,6-2,"6'2""",74.0,76.79,"6'5""",2.79,plays_taller,76.79,"6'5""",2.79,plays_taller
2020,Matt Haarms,Purdue,51076,7-3,"7'3""",87.0,83.6,"7'0""",-3.4,plays_shorter,83.6,"7'0""",-3.4,plays_shorter
2020,Geo Baker,Rutgers,51078,6-4,"6'4""",76.0,77.31,"6'5""",1.31,plays_taller,77.31,"6'5""",1.31,plays_taller
2020,Jahlil Jenkins,Fairleigh Dickinson,51091,6-0,"6'0""",72.0,74.34,"6'2""",2.34,plays_taller,74.34,"6'2""",2.34,plays_taller
2020,Nojel Eastern,Purdue,51093,6-7,"6'7""",79.0,77.9,"6'6""",-1.1,plays_shorter,77.9,"6'6""",-1.1,plays_shorter
2020,Colbey Ross,Pepperdine,51096,6-1,"6'1""",73.0,75.47,"6'3""",2.47,plays_taller,75.47,"6'3""",2.47,plays_taller
2020,Iziah James,SIU Edwardsville,51102,6-0,"6'0""",72.0,73.62,"6'2""",1.62,plays_taller,73.62,"6'2""",1.62,plays_taller
2020,Cedric Russell,Louisiana,51103,6-2,"6'2""",74.0,75.02,"6'3""",1.02,plays_taller,75.02,"6'3""",1.02,plays_taller
2020,Malik Osborne,Florida St.,51107,6-9,"6'9""",81.0,80.41,"6'8""",-0.59,plays_at_height,80.41,"6'8""",-0.59,plays_at_height
2020,Samuta Avea,Hawaii,51111,6-6,"6'6""",78.0,77.4,"6'5""",-0.6,plays_at_height,77.4,"6'5""",-0.6,plays_at_height
2020,Remy Martin,Arizona St.,51115,6-0,"6'0""",72.0,76.27,"6'4""",4.27,plays_taller,76.27,"6'4""",4.27,plays_taller
2020,Tyler Maye,North Carolina A&T,51116,6-2,"6'2""",74.0,74.83,"6'3""",0.83,plays_taller,74.83,"6'3""",0.83,plays_taller
2020,Justin Whatley,North Carolina Central,51118,6-8,"6'8""",80.0,77.69,"6'6""",-2.31,plays_shorter,77.69,"6'6""",-2.31,plays_shorter
2020,Kaiden Rice,The Citadel,51123,6-6,"6'6""",78.0,75.49,"6'3""",-2.51,plays_shorter,75.49,"6'3""",-2.51,plays_shorter
2020,Umoja Gibson,North Texas,51125,6-1,"6'1""",73.0,74.86,"6'3""",1.86,plays_taller,74.86,"6'3""",1.86,plays_taller
2020,Tariq Simmons,South Carolina St.,51132,6-3,"6'3""",75.0,74.86,"6'3""",-0.14,plays_at_height,74.86,"6'3""",-0.14,plays_at_height
2020,Leondre Washington,McNeese St.,51135,6-0,"6'0""",72.0,75.33,"6'3""",3.33,plays_taller,75.33,"6'3""",3.33,plays_taller
2020,Ivan Raut,Fordham,51138,6-7,"6'7""",79.0,75.51,"6'4""",-3.49,plays_shorter,75.51,"6'4""",-3.49,plays_shorter
2020,Koby Thomas,Coppin St.,51144,6-6,"6'6""",78.0,80.2,"6'8""",2.2,plays_taller,80.2,"6'8""",2.2,plays_taller
2020,Eden Ewing,Texas Southern,51149,6-8,"6'8""",80.0,79.66,"6'8""",-0.34,plays_at_height,79.66,"6'8""",-0.34,plays_at_height
2020,Myles Lewis,VMI,51152,6-5,"6'5""",77.0,77.82,"6'6""",0.82,plays_taller,77.82,"6'6""",0.82,plays_taller
2020,Yves Pons,Tennessee,51154,6-6,"6'6""",78.0,80.81,"6'9""",2.81,plays_taller,80.81,"6'9""",2.81,plays_taller
2020,Justin Minaya,South Carolina,51155,6-6,"6'6""",78.0,79.3,"6'7""",1.3,plays_taller,79.3,"6'7""",1.3,plays_taller
2020,Charles Bain,Robert Morris,51157,6-8,"6'8""",80.0,76.4,"6'4""",-3.6,plays_shorter,76.4,"6'4""",-3.6,plays_shorter
2020,Keaton Van Soelen,Air Force,51158,6-7,"6'7""",79.0,79.18,"6'7""",0.18,plays_at_height,79.18,"6'7""",0.18,plays_at_height
2020,Keaton Wallace,UTSA,51165,6-3,"6'3""",75.0,76.55,"6'5""",1.55,plays_taller,76.55,"6'5""",1.55,plays_taller
2020,Souley Boum,UTEP,51170,6-3,"6'3""",75.0,75.31,"6'3""",0.31,plays_at_height,75.31,"6'3""",0.31,plays_at_height
2020,Bates Jones,Davidson,51179,6-8,"6'8""",80.0,76.35,"6'4""",-3.65,plays_shorter,76.35,"6'4""",-3.65,plays_shorter
2020,Kellan Grady,Davidson,51180,6-5,"6'5""",77.0,76.89,"6'5""",-0.11,plays_at_height,76.89,"6'5""",-0.11,plays_at_height
2020,Jeremiah Tilmon,Missouri,51187,6-10,"6'10""",82.0,81.9,"6'10""",-0.1,plays_at_height,81.9,"6'10""",-0.1,plays_at_height
2020,Tyrei Randall,Rider,51190,6-6,"6'6""",78.0,76.65,"6'5""",-1.35,plays_shorter,76.65,"6'5""",-1.35,plays_shorter
2020,Paul Atkinson,Yale,51193,6-10,"6'10""",82.0,80.75,"6'9""",-1.25,plays_shorter,80.75,"6'9""",-1.25,plays_shorter
2020,Dylan Alderson,Toledo,51198,6-5,"6'5""",77.0,76.45,"6'4""",-0.55,plays_at_height,76.45,"6'4""",-0.55,plays_at_height
2020,Eddie Scott,Penn,51201,6-6,"6'6""",78.0,78.29,"6'6""",0.29,plays_at_height,78.29,"6'6""",0.29,plays_at_height
2020,Shaquillo Fritz,Pacific,51202,6-8,"6'8""",80.0,83.37,"6'11""",3.37,plays_taller,83.37,"6'11""",3.37,plays_taller
2020,Omar Habwe,Mount St. Mary's,51205,6-6,"6'6""",78.0,76.99,"6'5""",-1.01,plays_shorter,76.99,"6'5""",-1.01,plays_shorter
2020,Charles Falden,Winthrop,51211,6-3,"6'3""",75.0,76.36,"6'4""",1.36,plays_taller,76.36,"6'4""",1.36,plays_taller
2020,Kyle Zunic,Winthrop,51212,6-2,"6'2""",74.0,77.03,"6'5""",3.03,plays_taller,77.03,"6'5""",3.03,plays_taller
2020,Ryan Schwieger,Princeton,51217,6-7,"6'7""",79.0,75.99,"6'4""",-3.01,plays_shorter,75.99,"6'4""",-3.01,plays_shorter
2020,DeAndre Jones,Central Arkansas,51219,5-11,"5'11""",71.0,74.78,"6'3""",3.78,plays_taller,74.78,"6'3""",3.78,plays_taller
2020,Ian DuBose,Houston Christian,51220,6-4,"6'4""",76.0,78.36,"6'6""",2.36,plays_taller,78.36,"6'6""",2.36,plays_taller
2020,Philip McKenzie,Houston Christian,51221,6-5,"6'5""",77.0,77.53,"6'6""",0.53,plays_at_height,77.53,"6'6""",0.53,plays_at_height
2020,Hayden Koval,Central Arkansas,51225,7-0,"7'0""",84.0,81.59,"6'10""",-2.41,plays_shorter,81.59,"6'10""",-2.41,plays_shorter
2020,David Caraher,St. John's,51227,6-6,"6'6""",78.0,75.51,"6'4""",-2.49,plays_shorter,75.51,"6'4""",-2.49,plays_shorter
2020,Teshaun Hightower,Tulane,51230,6-5,"6'5""",77.0,77.4,"6'5""",0.4,plays_at_height,77.4,"6'5""",0.4,plays_at_height
2020,Chase Johnson,Dayton,51231,6-9,"6'9""",81.0,80.0,"6'8""",-1.0,plays_shorter,80.0,"6'8""",-1.0,plays_shorter
2020,Mike Okauru,UNC Wilmington,51234,6-3,"6'3""",75.0,77.87,"6'6""",2.87,plays_taller,77.87,"6'6""",2.87,plays_taller
2020,Rayshaun Hammonds,Georgia,51237,6-9,"6'9""",81.0,79.33,"6'7""",-1.67,plays_shorter,79.33,"6'7""",-1.67,plays_shorter
2020,Isaac Kante,Hofstra,51238,6-7,"6'7""",79.0,79.98,"6'8""",0.98,plays_taller,79.98,"6'8""",0.98,plays_taller
2020,Jay Jay Chandler,Texas A&M,51239,6-4,"6'4""",76.0,75.72,"6'4""",-0.28,plays_at_height,75.72,"6'4""",-0.28,plays_at_height
2020,Mack Smith,Eastern Illinois,51242,6-2,"6'2""",74.0,76.39,"6'4""",2.39,plays_taller,76.39,"6'4""",2.39,plays_taller
2020,Antwan Walker,Rhode Island,51244,6-7,"6'7""",79.0,78.54,"6'7""",-0.46,plays_at_height,78.54,"6'7""",-0.46,plays_at_height
2020,Peyton Smith,Texas A&M Corpus Chris,51249,6-2,"6'2""",74.0,74.8,"6'3""",0.8,plays_taller,74.8,"6'3""",0.8,plays_taller
2020,Jon Williams,Robert Morris,51253,6-1,"6'1""",73.0,73.88,"6'2""",0.88,plays_taller,73.88,"6'2""",0.88,plays_taller
2020,Jerome Desrosiers,Princeton,51254,6-7,"6'7""",79.0,77.93,"6'6""",-1.07,plays_shorter,77.93,"6'6""",-1.07,plays_shorter
2020,Jaylon Hall,Wright St.,51262,6-5,"6'5""",77.0,76.63,"6'5""",-0.37,plays_at_height,76.63,"6'5""",-0.37,plays_at_height
2020,A.J. Caldwell,Chattanooga,51265,6-4,"6'4""",76.0,76.15,"6'4""",0.15,plays_at_height,76.15,"6'4""",0.15,plays_at_height
2020,Keith Williams,Cincinnati,51272,6-5,"6'5""",77.0,79.01,"6'7""",2.01,plays_taller,79.01,"6'7""",2.01,plays_taller
2020,Hunter Crist,Green Bay,51273,6-3,"6'3""",75.0,75.09,"6'3""",0.09,plays_at_height,75.09,"6'3""",0.09,plays_at_height
2020,Will Chevalier,Green Bay,51275,6-9,"6'9""",81.0,75.86,"6'4""",-5.14,plays_shorter,75.86,"6'4""",-5.14,plays_shorter
2020,Chris Joyce,Air Force,51278,6-5,"6'5""",77.0,75.46,"6'3""",-1.54,plays_shorter,75.46,"6'3""",-1.54,plays_shorter
2020,Ameka Akaya,Air Force,51279,6-6,"6'6""",78.0,76.04,"6'4""",-1.96,plays_shorter,76.04,"6'4""",-1.96,plays_shorter
2020,Trevian Bell,Green Bay,51282,6-7,"6'7""",79.0,77.18,"6'5""",-1.82,plays_shorter,77.18,"6'5""",-1.82,plays_shorter
2020,Mamoudou Diarra,Cincinnati,51285,6-9,"6'9""",81.0,80.23,"6'8""",-0.77,plays_shorter,80.23,"6'8""",-0.77,plays_shorter
2020,Anthony Longpre,Saint Joseph's,51288,6-10,"6'10""",82.0,77.91,"6'6""",-4.09,plays_shorter,77.91,"6'6""",-4.09,plays_shorter
2020,Markus Golder,Portland St.,51291,6-6,"6'6""",78.0,78.34,"6'6""",0.34,plays_at_height,78.34,"6'6""",0.34,plays_at_height
2020,Chris Harris Jr.,Houston,51296,6-10,"6'10""",82.0,84.64,"7'1""",2.64,plays_taller,84.64,"7'1""",2.64,plays_taller
2020,Malik Williams,Louisville,51298,6-11,"6'11""",83.0,81.53,"6'10""",-1.47,plays_shorter,81.53,"6'10""",-1.47,plays_shorter
2020,Jericho Sims,Texas,51301,6-9,"6'9""",81.0,83.68,"7'0""",2.68,plays_taller,83.68,"7'0""",2.68,plays_taller
2020,Daryl Edwards,UTEP,51303,6-3,"6'3""",75.0,74.63,"6'3""",-0.37,plays_at_height,74.63,"6'3""",-0.37,plays_at_height
2020,Galen Alexander,Georgetown,51304,6-6,"6'6""",78.0,77.81,"6'6""",-0.19,plays_at_height,77.81,"6'6""",-0.19,plays_at_height
2020,Gavin Kensmil,Stephen F. Austin,51314,6-7,"6'7""",79.0,80.57,"6'9""",1.57,plays_taller,80.57,"6'9""",1.57,plays_taller
2020,Isaiah Coleman-Lands,Miami OH,51319,6-0,"6'0""",72.0,75.22,"6'3""",3.22,plays_taller,75.22,"6'3""",3.22,plays_taller
2020,Dedric Boyd,Illinois St.,51323,6-4,"6'4""",76.0,74.33,"6'2""",-1.67,plays_shorter,74.33,"6'2""",-1.67,plays_shorter
2020,Brandon Davis,Sacramento St.,51325,6-2,"6'2""",74.0,76.13,"6'4""",2.13,plays_taller,76.13,"6'4""",2.13,plays_taller
2020,Donald Carey,Siena,51327,6-5,"6'5""",77.0,74.82,"6'3""",-2.18,plays_shorter,74.82,"6'3""",-2.18,plays_shorter
2020,Bobby Planutis,St. Bonaventure,51329,6-8,"6'8""",80.0,78.22,"6'6""",-1.78,plays_shorter,78.22,"6'6""",-1.78,plays_shorter
2020,Cameron Corcoran,FIU,51331,6-1,"6'1""",73.0,72.71,"6'1""",-0.29,plays_at_height,72.71,"6'1""",-0.29,plays_at_height
2020,Ace Stallings,George Washington,51333,6-10,"6'10""",82.0,79.04,"6'7""",-2.96,plays_shorter,79.04,"6'7""",-2.96,plays_shorter
2020,Leroy Butts IV,Radford,51336,6-7,"6'7""",79.0,77.51,"6'6""",-1.49,plays_shorter,77.51,"6'6""",-1.49,plays_shorter
2020,Jordan Cintron,Longwood,51342,6-8,"6'8""",80.0,79.77,"6'8""",-0.23,plays_at_height,79.77,"6'8""",-0.23,plays_at_height
2020,Aamir Simms,Clemson,51348,6-8,"6'8""",80.0,80.03,"6'8""",0.03,plays_at_height,80.03,"6'8""",0.03,plays_at_height
2020,Isaiah Miller,UNC Greensboro,51350,6-0,"6'0""",72.0,78.93,"6'7""",6.93,plays_taller,78.93,"6'7""",6.93,plays_taller
2020,Storm Murphy,Wofford,51352,6-0,"6'0""",72.0,74.84,"6'3""",2.84,plays_taller,74.84,"6'3""",2.84,plays_taller
2020,Marcus Thomas,Western Carolina,51354,6-3,"6'3""",75.0,76.45,"6'4""",1.45,plays_taller,76.45,"6'4""",1.45,plays_taller
2020,Nick Weatherspoon,Mississippi St.,51355,6-2,"6'2""",74.0,77.04,"6'5""",3.04,plays_taller,77.04,"6'5""",3.04,plays_taller
2020,Tray Hollowell,Wofford,51357,6-2,"6'2""",74.0,74.88,"6'3""",0.88,plays_taller,74.88,"6'3""",0.88,plays_taller
2020,Gabe Osabuohien,West Virginia,51360,6-7,"6'7""",79.0,79.6,"6'8""",0.6,plays_at_height,79.6,"6'8""",0.6,plays_at_height
2020,Darious Hall,DePaul,51361,6-7,"6'7""",79.0,78.5,"6'7""",-0.5,plays_at_height,78.5,"6'7""",-0.5,plays_at_height
2020,Alex Reese,Alabama,51362,6-9,"6'9""",81.0,78.84,"6'7""",-2.16,plays_shorter,78.84,"6'7""",-2.16,plays_shorter
2020,John Petty Jr.,Alabama,51363,6-5,"6'5""",77.0,77.96,"6'6""",0.96,plays_taller,77.96,"6'6""",0.96,plays_taller
2020,Galin Smith,Alabama,51364,6-9,"6'9""",81.0,80.0,"6'8""",-1.0,plays_shorter,80.0,"6'8""",-1.0,plays_shorter
2020,Jack Ferguson,Colgate,51366,6-3,"6'3""",75.0,75.32,"6'3""",0.32,plays_at_height,75.32,"6'3""",0.32,plays_at_height
2020,Davion Mitchell,Baylor,51367,6-2,"6'2""",74.0,76.83,"6'5""",2.83,plays_taller,76.83,"6'5""",2.83,plays_taller
2020,Isiah Jasey,SMU,51372,6-10,"6'10""",82.0,78.76,"6'7""",-3.24,plays_shorter,78.76,"6'7""",-3.24,plays_shorter
2020,Savion Flagg,Texas A&M,51373,6-7,"6'7""",79.0,77.83,"6'6""",-1.17,plays_shorter,77.83,"6'6""",-1.17,plays_shorter
2020,Alex Hunter,Furman,51378,5-11,"5'11""",71.0,75.34,"6'3""",4.34,plays_taller,75.34,"6'3""",4.34,plays_taller
2020,Royce Hamm Jr.,Texas,51387,6-8,"6'8""",80.0,80.01,"6'8""",0.01,plays_at_height,80.01,"6'8""",0.01,plays_at_height
2020,Obadiah Noel,UMass Lowell,51389,6-4,"6'4""",76.0,78.21,"6'6""",2.21,plays_taller,78.21,"6'6""",2.21,plays_taller
2020,Matt Coleman III,Texas,51390,6-2,"6'2""",74.0,76.33,"6'4""",2.33,plays_taller,76.33,"6'4""",2.33,plays_taller
2020,Isaiah Whaley,Connecticut,51391,6-8,"6'8""",80.0,82.46,"6'10""",2.46,plays_taller,82.46,"6'10""",2.46,plays_taller
2020,Casdon Jardine,Utah Valley,51394,6-7,"6'7""",79.0,76.78,"6'5""",-2.22,plays_shorter,76.78,"6'5""",-2.22,plays_shorter
2020,Zach Reichle,Oregon St.,51400,6-5,"6'5""",77.0,76.67,"6'5""",-0.33,plays_at_height,76.67,"6'5""",-0.33,plays_at_height
2020,Ayo Akinwole,Nebraska Omaha,51402,6-0,"6'0""",72.0,75.35,"6'3""",3.35,plays_taller,75.35,"6'3""",3.35,plays_taller
2020,Matt Pile,Nebraska Omaha,51405,6-8,"6'8""",80.0,82.22,"6'10""",2.22,plays_taller,82.22,"6'10""",2.22,plays_taller
2020,Jordan Roberts,Long Beach St.,51408,6-9,"6'9""",81.0,78.08,"6'6""",-2.92,plays_shorter,78.08,"6'6""",-2.92,plays_shorter
2020,Troymain Crosby,Alcorn St.,51411,6-4,"6'4""",76.0,77.41,"6'5""",1.41,plays_taller,77.41,"6'5""",1.41,plays_taller
2020,Miks Antoms,Maine,51413,6-8,"6'8""",80.0,78.66,"6'7""",-1.34,plays_shorter,78.66,"6'7""",-1.34,plays_shorter
2020,Makuach Maluach,New Mexico,51425,6-7,"6'7""",79.0,77.8,"6'6""",-1.2,plays_shorter,77.8,"6'6""",-1.2,plays_shorter
2020,Josh Hopkins,New Hampshire,51427,6-5,"6'5""",77.0,75.32,"6'3""",-1.68,plays_shorter,75.32,"6'3""",-1.68,plays_shorter
2020,Czar Perry,Cal St. Bakersfield,51433,6-2,"6'2""",74.0,76.33,"6'4""",2.33,plays_taller,76.33,"6'4""",2.33,plays_taller
2020,Dimitrije Spasojevic,UMBC,51437,6-8,"6'8""",80.0,77.11,"6'5""",-2.89,plays_shorter,77.11,"6'5""",-2.89,plays_shorter
2020,Trejon Jacob,FIU,51438,6-5,"6'5""",77.0,77.15,"6'5""",0.15,plays_at_height,77.15,"6'5""",0.15,plays_at_height
2020,Josh Linder,Georgia St.,51440,6-8,"6'8""",80.0,79.73,"6'8""",-0.27,plays_at_height,79.73,"6'8""",-0.27,plays_at_height
2020,Austin Phyfe,Northern Iowa,51443,6-9,"6'9""",81.0,80.96,"6'9""",-0.04,plays_at_height,80.96,"6'9""",-0.04,plays_at_height
2020,Cameron Krutwig,Loyola Chicago,51446,6-9,"6'9""",81.0,80.87,"6'9""",-0.13,plays_at_height,80.87,"6'9""",-0.13,plays_at_height
2020,Mustafa Lawrence,Fresno St.,51448,6-1,"6'1""",73.0,74.53,"6'3""",1.53,plays_taller,74.53,"6'3""",1.53,plays_taller
2020,Tobi Ewuosho,Alabama St.,51449,6-5,"6'5""",77.0,78.63,"6'7""",1.63,plays_taller,78.63,"6'7""",1.63,plays_taller
2020,Tywhon Pickford,Northern Iowa,51450,6-4,"6'4""",76.0,78.16,"6'6""",2.16,plays_taller,78.16,"6'6""",2.16,plays_taller
2020,Moses Wright,Georgia Tech,51451,6-9,"6'9""",81.0,80.71,"6'9""",-0.29,plays_at_height,80.71,"6'9""",-0.29,plays_at_height
2020,Kobe Webster,Western Illinois,51453,6-0,"6'0""",72.0,74.19,"6'2""",2.19,plays_taller,74.19,"6'2""",2.19,plays_taller
2020,Dylan Hastings,Lafayette,51459,6-8,"6'8""",80.0,80.17,"6'8""",0.17,plays_at_height,80.17,"6'8""",0.17,plays_at_height
2020,Jalon Pipkins,Loyola Chicago,51460,6-4,"6'4""",76.0,75.67,"6'4""",-0.33,plays_at_height,75.67,"6'4""",-0.33,plays_at_height
2020,Terrell Gomez,Cal St. Northridge,51461,5-8,"5'8""",68.0,73.75,"6'2""",5.75,plays_taller,73.75,"6'2""",5.75,plays_taller
2020,Brady Manek,Oklahoma,51462,6-9,"6'9""",81.0,79.25,"6'7""",-1.75,plays_shorter,79.25,"6'7""",-1.75,plays_shorter
2020,Hannes Polla,Tennessee Martin,51463,6-11,"6'11""",83.0,76.01,"6'4""",-6.99,plays_shorter,76.01,"6'4""",-6.99,plays_shorter
2020,Ty Lazenby,Oral Roberts,51465,6-5,"6'5""",77.0,73.74,"6'2""",-3.26,plays_shorter,73.74,"6'2""",-3.26,plays_shorter
2020,Ezacuras Dawson III,South Florida,51466,6-3,"6'3""",75.0,75.0,"6'3""",-0.0,plays_at_height,75.0,"6'3""",-0.0,plays_at_height
2020,Naz Bohannon,Youngstown St.,51474,6-6,"6'6""",78.0,79.03,"6'7""",1.03,plays_taller,79.03,"6'7""",1.03,plays_taller
2020,Michael Akuchie,Youngstown St.,51475,6-8,"6'8""",80.0,78.88,"6'7""",-1.12,plays_shorter,78.88,"6'7""",-1.12,plays_shorter
2020,Zach Hunsaker,Brown,51478,6-2,"6'2""",74.0,75.02,"6'3""",1.02,plays_taller,75.02,"6'3""",1.02,plays_taller
2020,Lemmie Howard,Jackson St.,51482,6-7,"6'7""",79.0,78.7,"6'7""",-0.3,plays_at_height,78.7,"6'7""",-0.3,plays_at_height
2020,Reggie Scurry,Middle Tennessee,51483,6-6,"6'6""",78.0,80.03,"6'8""",2.03,plays_taller,80.03,"6'8""",2.03,plays_taller
2020,Aaron Nettles,Seattle,51488,6-0,"6'0""",72.0,74.02,"6'2""",2.02,plays_taller,74.02,"6'2""",2.02,plays_taller
2020,Jordan Usher,Georgia Tech,51496,6-7,"6'7""",79.0,77.61,"6'6""",-1.39,plays_shorter,77.61,"6'6""",-1.39,plays_shorter
2020,Kenny Aninye,Stetson,51500,6-1,"6'1""",73.0,74.73,"6'3""",1.73,plays_taller,74.73,"6'3""",1.73,plays_taller
2020,Christiaan Jones,Stetson,51504,6-5,"6'5""",77.0,76.96,"6'5""",-0.04,plays_at_height,76.96,"6'5""",-0.04,plays_at_height
2020,Ivan Gandia-Rosa,North Florida,51506,6-1,"6'1""",73.0,74.98,"6'3""",1.98,plays_taller,74.98,"6'3""",1.98,plays_taller
2020,Ryan Burkhardt,North Florida,51508,6-4,"6'4""",76.0,75.69,"6'4""",-0.31,plays_at_height,75.69,"6'4""",-0.31,plays_at_height
2020,John Comeaux,Stephen F. Austin,51519,5-11,"5'11""",71.0,76.69,"6'5""",5.69,plays_taller,76.69,"6'5""",5.69,plays_taller
2020,Tervell Beck,Kent St.,51524,6-7,"6'7""",79.0,78.26,"6'6""",-0.74,plays_at_height,78.26,"6'6""",-0.74,plays_at_height
2020,Chyree Walker,Radford,51529,6-5,"6'5""",77.0,78.77,"6'7""",1.77,plays_taller,78.77,"6'7""",1.77,plays_taller
2020,Terry Taylor,Austin Peay,51532,6-5,"6'5""",77.0,81.91,"6'10""",4.91,plays_taller,81.91,"6'10""",4.91,plays_taller
2020,Myles Smith,Texas A&M Corpus Chris,51533,6-0,"6'0""",72.0,75.71,"6'4""",3.71,plays_taller,75.71,"6'4""",3.71,plays_taller
2020,Sean Rhea,UT Rio Grande Valley,51534,6-8,"6'8""",80.0,81.14,"6'9""",1.14,plays_taller,81.14,"6'9""",1.14,plays_taller
2020,Joe Hugley,East Tennessee St.,51537,6-7,"6'7""",79.0,78.1,"6'6""",-0.9,plays_shorter,78.1,"6'6""",-0.9,plays_shorter
2020,Kamron Reaves,Florida A&M,51540,6-2,"6'2""",74.0,75.2,"6'3""",1.2,plays_taller,75.2,"6'3""",1.2,plays_taller
2020,Garrett Covington,Youngstown St.,51545,6-5,"6'5""",77.0,76.98,"6'5""",-0.02,plays_at_height,76.98,"6'5""",-0.02,plays_at_height
2020,Brandon Leftwich,Mount St. Mary's,51549,6-3,"6'3""",75.0,78.08,"6'6""",3.08,plays_taller,78.08,"6'6""",3.08,plays_taller
2020,Kane Williams,Georgia St.,51550,6-3,"6'3""",75.0,77.26,"6'5""",2.26,plays_taller,77.26,"6'5""",2.26,plays_taller
2020,Antonio Pilipovic,Drake,51556,6-7,"6'7""",79.0,75.55,"6'4""",-3.45,plays_shorter,75.55,"6'4""",-3.45,plays_shorter
2020,Evan Kuhlman,Evansville,51562,6-8,"6'8""",80.0,76.77,"6'5""",-3.23,plays_shorter,76.77,"6'5""",-3.23,plays_shorter
2020,Da'Monte Williams,Illinois,51591,6-3,"6'3""",75.0,78.02,"6'6""",3.02,plays_taller,78.02,"6'6""",3.02,plays_taller
2020,Mark Smith,Missouri,51592,6-5,"6'5""",77.0,76.58,"6'5""",-0.42,plays_at_height,76.58,"6'5""",-0.42,plays_at_height
2020,Luka Garza,Iowa,51595,6-11,"6'11""",83.0,82.09,"6'10""",-0.91,plays_shorter,82.09,"6'10""",-0.91,plays_shorter
2020,Miryne Thomas,Ball St.,51618,6-8,"6'8""",80.0,78.01,"6'6""",-1.99,plays_shorter,78.01,"6'6""",-1.99,plays_shorter
2020,Kyson Rawls,Morgan St.,51619,6-1,"6'1""",73.0,74.89,"6'3""",1.89,plays_taller,74.89,"6'3""",1.89,plays_taller
2020,Kevin Johnson,Nicholls St.,51625,6-0,"6'0""",72.0,75.51,"6'4""",3.51,plays_taller,75.51,"6'4""",3.51,plays_taller
2020,Ryghe Lyons,Nicholls St.,51626,6-10,"6'10""",82.0,82.05,"6'10""",0.05,plays_at_height,82.05,"6'10""",0.05,plays_at_height
2020,Quatarrius Wilson,Southeast Missouri St.,51630,6-8,"6'8""",80.0,79.92,"6'8""",-0.08,plays_at_height,79.92,"6'8""",-0.08,plays_at_height
2020,Chris Smith,UCLA,51635,6-9,"6'9""",81.0,78.68,"6'7""",-2.32,plays_shorter,78.68,"6'7""",-2.32,plays_shorter
2020,Daejon Davis,Stanford,51639,6-3,"6'3""",75.0,77.14,"6'5""",2.14,plays_taller,77.14,"6'5""",2.14,plays_taller
2020,Jay Green,UNLV,51671,6-5,"6'5""",77.0,78.27,"6'6""",1.27,plays_taller,78.27,"6'6""",1.27,plays_taller
2020,Cheikh Mbacke Diong,UNLV,51672,6-11,"6'11""",83.0,83.27,"6'11""",0.27,plays_at_height,83.27,"6'11""",0.27,plays_at_height
2020,Shakur Juiston,Oregon,51673,6-7,"6'7""",79.0,79.47,"6'7""",0.47,plays_at_height,79.47,"6'7""",0.47,plays_at_height
2020,Amauri Hardy,UNLV,51674,6-2,"6'2""",74.0,76.16,"6'4""",2.16,plays_taller,76.16,"6'4""",2.16,plays_taller
2020,Dajuan Jones,Sam Houston St.,51679,5-10,"5'10""",70.0,75.68,"6'4""",5.68,plays_taller,75.68,"6'4""",5.68,plays_taller
2020,Marvin Nesbitt Jr.,UMKC,51687,6-4,"6'4""",76.0,77.51,"6'6""",1.51,plays_taller,77.51,"6'6""",1.51,plays_taller
2020,Sam Waardenburg,Miami FL,51708,6-10,"6'10""",82.0,79.2,"6'7""",-2.8,plays_shorter,79.2,"6'7""",-2.8,plays_shorter
2020,Nick Richards,Kentucky,51728,6-11,"6'11""",83.0,84.59,"7'1""",1.59,plays_taller,84.59,"7'1""",1.59,plays_taller
2020,Xavier Tillman,Michigan St.,51753,6-8,"6'8""",80.0,83.42,"6'11""",3.42,plays_taller,83.42,"6'11""",3.42,plays_taller
2020,Carter Collins,Davidson,51755,6-3,"6'3""",75.0,75.82,"6'4""",0.82,plays_taller,75.82,"6'4""",0.82,plays_taller
2020,Azar Swain,Yale,51761,6-0,"6'0""",72.0,74.77,"6'3""",2.77,plays_taller,74.77,"6'3""",2.77,plays_taller
2020,McKinley Wright IV,Colorado,51766,6-0,"6'0""",72.0,77.75,"6'6""",5.75,plays_taller,77.75,"6'6""",5.75,plays_taller
2020,Jesus Cruz,Fairfield,51777,6-5,"6'5""",77.0,75.58,"6'4""",-1.42,plays_shorter,75.58,"6'4""",-1.42,plays_shorter
2020,Jason Whitens,Western Michigan,51784,6-4,"6'4""",76.0,76.44,"6'4""",0.44,plays_at_height,76.44,"6'4""",0.44,plays_at_height
2020,Evan Cole,Georgia Tech,51786,6-10,"6'10""",82.0,80.6,"6'9""",-1.4,plays_shorter,80.6,"6'9""",-1.4,plays_shorter
2020,Jordan Goldwire,Duke,51787,6-2,"6'2""",74.0,75.77,"6'4""",1.77,plays_taller,75.77,"6'4""",1.77,plays_taller
2020,Danilo Djuricic,Harvard,51792,6-8,"6'8""",80.0,78.74,"6'7""",-1.26,plays_shorter,78.74,"6'7""",-1.26,plays_shorter
2020,Taveion Hollingsworth,Western Kentucky,51802,6-2,"6'2""",74.0,76.94,"6'5""",2.94,plays_taller,76.94,"6'5""",2.94,plays_taller
2020,Marquis Eaton,Arkansas St.,51809,6-2,"6'2""",74.0,76.01,"6'4""",2.01,plays_taller,76.01,"6'4""",2.01,plays_taller
2020,Roosevelt Smart,North Texas,51811,6-3,"6'3""",75.0,75.09,"6'3""",0.09,plays_at_height,75.09,"6'3""",0.09,plays_at_height
2020,Troy Green,New Orleans,51819,6-3,"6'3""",75.0,75.76,"6'4""",0.76,plays_taller,75.76,"6'4""",0.76,plays_taller
2020,Dontelius Ross,Jackson St.,51830,5-9,"5'9""",69.0,74.79,"6'3""",5.79,plays_taller,74.79,"6'3""",5.79,plays_taller
2020,Donnie Tillman,UNLV,51835,6-7,"6'7""",79.0,77.78,"6'6""",-1.22,plays_shorter,77.78,"6'6""",-1.22,plays_shorter
2020,Noah Thomas,Drake,51843,6-2,"6'2""",74.0,74.22,"6'2""",0.22,plays_at_height,74.22,"6'2""",0.22,plays_at_height
2020,Lucas Williamson,Loyola Chicago,51845,6-4,"6'4""",76.0,76.73,"6'5""",0.73,plays_at_height,76.73,"6'5""",0.73,plays_at_height
2020,Taylor Bruninga,Illinois St.,51846,6-8,"6'8""",80.0,76.36,"6'4""",-3.64,plays_shorter,76.36,"6'4""",-3.64,plays_shorter
2020,Josh Anderson,Western Kentucky,51855,6-6,"6'6""",78.0,79.57,"6'8""",1.57,plays_taller,79.57,"6'8""",1.57,plays_taller
2020,DJ Heath,Alabama St.,51866,6-0,"6'0""",72.0,74.84,"6'3""",2.84,plays_taller,74.84,"6'3""",2.84,plays_taller
2020,Wesley Harris,Tennessee St.,51867,6-9,"6'9""",81.0,79.13,"6'7""",-1.87,plays_shorter,79.13,"6'7""",-1.87,plays_shorter
2020,Greg Eboigbodin,Northeastern,51869,6-9,"6'9""",81.0,80.43,"6'8""",-0.57,plays_at_height,80.43,"6'8""",-0.57,plays_at_height
2020,Kevin Anderson,Delaware,51876,6-5,"6'5""",77.0,77.0,"6'5""",-0.0,plays_at_height,77.0,"6'5""",-0.0,plays_at_height
2020,Chris Vogt,Cincinnati,51883,7-1,"7'1""",85.0,81.69,"6'10""",-3.31,plays_shorter,81.69,"6'10""",-3.31,plays_shorter
2020,Jalanni White,Canisius,51888,6-8,"6'8""",80.0,79.76,"6'8""",-0.24,plays_at_height,79.76,"6'8""",-0.24,plays_at_height
2020,Abu Kigab,Boise St.,51889,6-6,"6'6""",78.0,77.37,"6'5""",-0.63,plays_at_height,77.37,"6'5""",-0.63,plays_at_height
2020,Bam Bowman,Miami OH,51891,6-8,"6'8""",80.0,76.84,"6'5""",-3.16,plays_shorter,76.84,"6'5""",-3.16,plays_shorter
2020,Jahshire Hardnett,UMKC,51892,5-11,"5'11""",71.0,74.25,"6'2""",3.25,plays_taller,74.25,"6'2""",3.25,plays_taller
2020,Mike Adewunmi,SIU Edwardsville,51894,6-5,"6'5""",77.0,79.18,"6'7""",2.18,plays_taller,79.18,"6'7""",2.18,plays_taller
2020,Kyle Foster,Howard,51895,6-5,"6'5""",77.0,75.44,"6'3""",-1.56,plays_shorter,75.44,"6'3""",-1.56,plays_shorter
2020,Zion Cousins,Howard,51896,6-8,"6'8""",80.0,79.92,"6'8""",-0.08,plays_at_height,79.92,"6'8""",-0.08,plays_at_height
2020,Cam Bacote,Indiana St.,51897,6-3,"6'3""",75.0,74.22,"6'2""",-0.78,plays_shorter,74.22,"6'2""",-0.78,plays_shorter
2020,KeyShawn Feazell,Mississippi St.,51899,6-8,"6'8""",80.0,77.4,"6'5""",-2.6,plays_shorter,77.4,"6'5""",-2.6,plays_shorter
2020,Troy Simons,Kent St.,51925,6-3,"6'3""",75.0,76.42,"6'4""",1.42,plays_taller,76.42,"6'4""",1.42,plays_taller
2020,Darius Banks,James Madison,51929,6-5,"6'5""",77.0,76.82,"6'5""",-0.18,plays_at_height,76.82,"6'5""",-0.18,plays_at_height
2020,Antanee Pinkard,James Madison,51930,6-4,"6'4""",76.0,76.57,"6'5""",0.57,plays_at_height,76.57,"6'5""",0.57,plays_at_height
2020,Matt Lewis,James Madison,51931,6-5,"6'5""",77.0,76.91,"6'5""",-0.09,plays_at_height,76.91,"6'5""",-0.09,plays_at_height
2020,Collin Gillespie,Villanova,51933,6-3,"6'3""",75.0,75.42,"6'3""",0.42,plays_at_height,75.42,"6'3""",0.42,plays_at_height
2020,Larry Owens,Northwestern St.,51934,6-7,"6'7""",79.0,79.21,"6'7""",0.21,plays_at_height,79.21,"6'7""",0.21,plays_at_height
2020,Ryan Allen,Delaware,51938,6-2,"6'2""",74.0,75.34,"6'3""",1.34,plays_taller,75.34,"6'3""",1.34,plays_taller
2020,Thorir Thorbjarnarson,Nebraska,51954,6-6,"6'6""",78.0,75.92,"6'4""",-2.08,plays_shorter,75.92,"6'4""",-2.08,plays_shorter
2020,Darryl Morsell,Maryland,51956,6-5,"6'5""",77.0,77.91,"6'6""",0.91,plays_taller,77.91,"6'6""",0.91,plays_taller
2020,Luke Bolster,Columbia,51959,6-0,"6'0""",72.0,73.89,"6'2""",1.89,plays_taller,73.89,"6'2""",1.89,plays_taller
2020,Herbert Jones,Alabama,51990,6-7,"6'7""",79.0,79.83,"6'8""",0.83,plays_taller,79.83,"6'8""",0.83,plays_taller
2020,Quincy McKnight,Seton Hall,51991,6-4,"6'4""",76.0,76.61,"6'5""",0.61,plays_at_height,76.61,"6'5""",0.61,plays_at_height
2020,Paris Austin,California,51999,6-0,"6'0""",72.0,76.46,"6'4""",4.46,plays_taller,76.46,"6'4""",4.46,plays_taller
2020,San Antonio Brinson,NJIT,52003,6-8,"6'8""",80.0,77.25,"6'5""",-2.75,plays_shorter,77.25,"6'5""",-2.75,plays_shorter
2020,Philip Whittington,Kent St.,52013,6-8,"6'8""",80.0,79.71,"6'8""",-0.29,plays_at_height,79.71,"6'8""",-0.29,plays_at_height
2020,Virshon Cotton,LIU,52022,6-2,"6'2""",74.0,75.3,"6'3""",1.3,plays_taller,75.3,"6'3""",1.3,plays_taller
2020,Jhivvan Jackson,UTSA,52023,6-0,"6'0""",72.0,76.53,"6'5""",4.53,plays_taller,76.53,"6'5""",4.53,plays_taller
2020,Torrey Patton,Cleveland St.,52025,6-5,"6'5""",77.0,76.91,"6'5""",-0.09,plays_at_height,76.91,"6'5""",-0.09,plays_at_height
2020,Ishmael El-Amin,Ball St.,52028,6-1,"6'1""",73.0,76.18,"6'4""",3.18,plays_taller,76.18,"6'4""",3.18,plays_taller
2020,Tevin Mack,Clemson,52030,6-6,"6'6""",78.0,78.81,"6'7""",0.81,plays_taller,78.81,"6'7""",0.81,plays_taller
2020,Charles Bohannon,New Orleans,52038,6-0,"6'0""",72.0,73.37,"6'1""",1.37,plays_taller,73.37,"6'1""",1.37,plays_taller
2020,Manny Patterson,Green Bay,52058,6-8,"6'8""",80.0,79.61,"6'8""",-0.39,plays_at_height,79.61,"6'8""",-0.39,plays_at_height
2020,Luke Loewe,William & Mary,52059,6-4,"6'4""",76.0,74.7,"6'3""",-1.3,plays_shorter,74.7,"6'3""",-1.3,plays_shorter
2020,Oscar Da Silva,Stanford,52063,6-9,"6'9""",81.0,81.03,"6'9""",0.03,plays_at_height,81.03,"6'9""",0.03,plays_at_height
2020,D'Shawn Schwartz,Colorado,52082,6-7,"6'7""",79.0,76.83,"6'5""",-2.17,plays_shorter,76.83,"6'5""",-2.17,plays_shorter
2020,Tyler Bey,Colorado,52083,6-7,"6'7""",79.0,82.72,"6'11""",3.72,plays_taller,82.72,"6'11""",3.72,plays_taller
2020,Ethan Thompson,Oregon St.,52084,6-5,"6'5""",77.0,76.81,"6'5""",-0.19,plays_at_height,76.81,"6'5""",-0.19,plays_at_height
2020,Alfred Hollins,Oregon St.,52087,6-6,"6'6""",78.0,76.97,"6'5""",-1.03,plays_shorter,76.97,"6'5""",-1.03,plays_shorter
2020,Marcus Santos-Silva,VCU,52088,6-7,"6'7""",79.0,82.7,"6'11""",3.7,plays_taller,82.7,"6'11""",3.7,plays_taller
2020,Jaylen Minnett,IU Indy,52089,6-1,"6'1""",73.0,73.61,"6'2""",0.61,plays_at_height,73.61,"6'2""",0.61,plays_at_height
2020,David Kachelries,Stephen F. Austin,52090,6-1,"6'1""",73.0,75.8,"6'4""",2.8,plays_taller,75.8,"6'4""",2.8,plays_taller
2020,Ferron Flavors Jr.,Cal Baptist,52096,6-3,"6'3""",75.0,74.08,"6'2""",-0.92,plays_shorter,74.08,"6'2""",-0.92,plays_shorter
2020,C.J. Jones,Northwestern St.,52099,5-10,"5'10""",70.0,74.02,"6'2""",4.02,plays_taller,74.02,"6'2""",4.02,plays_taller
2020,Michael Flowers,Western Michigan,52110,6-1,"6'1""",73.0,74.77,"6'3""",1.77,plays_taller,74.77,"6'3""",1.77,plays_taller
2020,Christian Lutete,UMass Lowell,52116,6-5,"6'5""",77.0,76.86,"6'5""",-0.14,plays_at_height,76.86,"6'5""",-0.14,plays_at_height
2020,Marreon Jackson,Toledo,52117,6-0,"6'0""",72.0,75.07,"6'3""",3.07,plays_taller,75.07,"6'3""",3.07,plays_taller
2020,Kimani Lawrence,Arizona St.,52141,6-8,"6'8""",80.0,77.7,"6'6""",-2.3,plays_shorter,77.7,"6'6""",-2.3,plays_shorter
2020,Marcus Weathers,Duquesne,52145,6-5,"6'5""",77.0,82.65,"6'11""",5.65,plays_taller,82.65,"6'11""",5.65,plays_taller
2020,Eli Scott,Loyola Marymount,52146,6-6,"6'6""",78.0,79.42,"6'7""",1.42,plays_taller,79.42,"6'7""",1.42,plays_taller
2020,Devante Jackson,Grambling St.,52160,6-9,"6'9""",81.0,78.85,"6'7""",-2.15,plays_shorter,78.85,"6'7""",-2.15,plays_shorter
2020,Quentin Scott,Texas St.,52167,6-7,"6'7""",79.0,76.99,"6'5""",-2.01,plays_shorter,76.99,"6'5""",-2.01,plays_shorter
2020,Cam Davis,Navy,52195,6-0,"6'0""",72.0,74.03,"6'2""",2.03,plays_taller,74.03,"6'2""",2.03,plays_taller
2020,Alec Loehr,Navy,52202,6-7,"6'7""",79.0,77.0,"6'5""",-2.0,plays_shorter,77.0,"6'5""",-2.0,plays_shorter
2020,Jordan Perkins,North Carolina Central,52209,6-1,"6'1""",73.0,75.28,"6'3""",2.28,plays_taller,75.28,"6'3""",2.28,plays_taller
2020,Terrance Banyard,Arkansas Pine Bluff,52213,6-8,"6'8""",80.0,79.69,"6'8""",-0.31,plays_at_height,79.69,"6'8""",-0.31,plays_at_height
2020,Cameron Posey,Arkansas Pine Bluff,52215,6-2,"6'2""",74.0,75.69,"6'4""",1.69,plays_taller,75.69,"6'4""",1.69,plays_taller
2020,Jordan McNair,Arkansas Pine Bluff,52216,5-8,"5'8""",68.0,74.53,"6'3""",6.53,plays_taller,74.53,"6'3""",6.53,plays_taller
2020,Tyreke Key,Indiana St.,52220,6-2,"6'2""",74.0,76.88,"6'5""",2.88,plays_taller,76.88,"6'5""",2.88,plays_taller
2020,Ricky Council II,UMBC,52239,6-5,"6'5""",77.0,74.03,"6'2""",-2.97,plays_shorter,74.03,"6'2""",-2.97,plays_shorter
2020,Luke Loehr,Navy,52240,6-7,"6'7""",79.0,76.01,"6'4""",-2.99,plays_shorter,76.01,"6'4""",-2.99,plays_shorter
2020,Brandon Houston,Alabama A&M,52247,6-7,"6'7""",79.0,75.52,"6'4""",-3.48,plays_shorter,75.52,"6'4""",-3.48,plays_shorter
2020,Isaiah White,Portland,52248,6-4,"6'4""",76.0,76.93,"6'5""",0.93,plays_taller,76.93,"6'5""",0.93,plays_taller
2020,Daniel Venzant,Cal St. Fullerton,52252,5-10,"5'10""",70.0,75.49,"6'3""",5.49,plays_taller,75.49,"6'3""",5.49,plays_taller
2020,Javon Greene,George Mason,52255,6-2,"6'2""",74.0,77.55,"6'6""",3.55,plays_taller,77.55,"6'6""",3.55,plays_taller
2020,Jamir Harris,American,52257,6-2,"6'2""",74.0,74.44,"6'2""",0.44,plays_at_height,74.44,"6'2""",0.44,plays_at_height
2020,Myles Cale,Seton Hall,52258,6-6,"6'6""",78.0,77.01,"6'5""",-0.99,plays_shorter,77.01,"6'5""",-0.99,plays_shorter
2020,Elijah Olaniyi,Stony Brook,52259,6-5,"6'5""",77.0,78.07,"6'6""",1.07,plays_taller,78.07,"6'6""",1.07,plays_taller
2020,Bryce Fowler,Sacramento St.,52261,6-6,"6'6""",78.0,77.13,"6'5""",-0.87,plays_shorter,77.13,"6'5""",-0.87,plays_shorter
2020,Nehemiah Mack,Manhattan,52265,6-1,"6'1""",73.0,74.3,"6'2""",1.3,plays_taller,74.3,"6'2""",1.3,plays_taller
2020,R.J. Fuqua,Oral Roberts,52266,5-11,"5'11""",71.0,75.3,"6'3""",4.3,plays_taller,75.3,"6'3""",4.3,plays_taller
2020,Zachary Simmons,North Texas,52268,6-10,"6'10""",82.0,80.8,"6'9""",-1.2,plays_shorter,80.8,"6'9""",-1.2,plays_shorter
2020,James Lewis Jr,Appalachian St.,52269,6-8,"6'8""",80.0,79.33,"6'7""",-0.67,plays_at_height,79.33,"6'7""",-0.67,plays_at_height
2020,Dalonte Brown,Miami OH,52275,6-7,"6'7""",79.0,78.18,"6'6""",-0.82,plays_shorter,78.18,"6'6""",-0.82,plays_shorter
2020,Dominick Pickett,UC Riverside,52276,6-3,"6'3""",75.0,74.99,"6'3""",-0.01,plays_at_height,74.99,"6'3""",-0.01,plays_at_height
2020,Michael Hueitt Jr.,UNC Greensboro,52277,6-3,"6'3""",75.0,75.14,"6'3""",0.14,plays_at_height,75.14,"6'3""",0.14,plays_at_height
2020,Justin Forrest,Appalachian St.,52279,6-2,"6'2""",74.0,75.08,"6'3""",1.08,plays_taller,75.08,"6'3""",1.08,plays_taller
2020,O'Showen Williams,Appalachian St.,52281,5-11,"5'11""",71.0,75.83,"6'4""",4.83,plays_taller,75.83,"6'4""",4.83,plays_taller
2020,Josh Carlton,Connecticut,52282,6-11,"6'11""",83.0,81.1,"6'9""",-1.9,plays_shorter,81.1,"6'9""",-1.9,plays_shorter
2020,Nahziah Carter,Washington,52286,6-6,"6'6""",78.0,79.04,"6'7""",1.04,plays_taller,79.04,"6'7""",1.04,plays_taller
2020,Michael Carter III,Long Beach St.,52289,6-5,"6'5""",77.0,76.29,"6'4""",-0.71,plays_at_height,76.29,"6'4""",-0.71,plays_at_height
2020,Hameir Wright,Washington,52290,6-9,"6'9""",81.0,78.0,"6'6""",-3.0,plays_shorter,78.0,"6'6""",-3.0,plays_shorter
2020,E.J. Anosike,Sacred Heart,52294,6-6,"6'6""",78.0,80.32,"6'8""",2.32,plays_taller,80.32,"6'8""",2.32,plays_taller
2020,Myles Carter,Delaware St.,52307,6-1,"6'1""",73.0,75.42,"6'3""",2.42,plays_taller,75.42,"6'3""",2.42,plays_taller
2020,Johquin Wiley,Delaware St.,52308,5-11,"5'11""",71.0,74.75,"6'3""",3.75,plays_taller,74.75,"6'3""",3.75,plays_taller
2020,Ameer Bennett,Delaware St.,52312,6-8,"6'8""",80.0,77.88,"6'6""",-2.12,plays_shorter,77.88,"6'6""",-2.12,plays_shorter
2020,"Shavar Reynolds, Jr.",Seton Hall,52319,6-2,"6'2""",74.0,75.9,"6'4""",1.9,plays_taller,75.9,"6'4""",1.9,plays_taller
2020,Isaiah Bailey,Bethune Cookman,52328,6-6,"6'6""",78.0,78.07,"6'6""",0.07,plays_at_height,78.07,"6'6""",0.07,plays_at_height
2020,Carl Pierre,Massachusetts,52330,6-4,"6'4""",76.0,75.46,"6'3""",-0.54,plays_at_height,75.46,"6'3""",-0.54,plays_at_height
2020,Tyrell Gumbs-Frater,Coastal Carolina,52333,6-3,"6'3""",75.0,75.22,"6'3""",0.22,plays_at_height,75.22,"6'3""",0.22,plays_at_height
2020,Michael Ertel,Louisiana Monroe,52335,6-2,"6'2""",74.0,74.66,"6'3""",0.66,plays_at_height,74.66,"6'3""",0.66,plays_at_height
2020,Myles Hutchinson,McNeese St.,52336,6-1,"6'1""",73.0,75.4,"6'3""",2.4,plays_taller,75.4,"6'3""",2.4,plays_taller
2020,Tucker Blackwell,Army,52341,6-2,"6'2""",74.0,74.14,"6'2""",0.14,plays_at_height,74.14,"6'2""",0.14,plays_at_height
2020,Alex King,Army,52343,6-8,"6'8""",80.0,77.51,"6'6""",-2.49,plays_shorter,77.51,"6'6""",-2.49,plays_shorter
2020,Babacar Thiombane,Idaho,52353,6-7,"6'7""",79.0,79.45,"6'7""",0.45,plays_at_height,79.45,"6'7""",0.45,plays_at_height
2020,Melik Martin,Monmouth,52356,6-6,"6'6""",78.0,77.73,"6'6""",-0.27,plays_at_height,77.73,"6'6""",-0.27,plays_at_height
2020,George Papas,Monmouth,52357,6-5,"6'5""",77.0,76.27,"6'4""",-0.73,plays_at_height,76.27,"6'4""",-0.73,plays_at_height
2020,Kameron Langley,North Carolina A&T,52371,6-2,"6'2""",74.0,77.64,"6'6""",3.64,plays_taller,77.64,"6'6""",3.64,plays_taller
2020,Yauhen Massalski,San Diego,52376,6-10,"6'10""",82.0,82.35,"6'10""",0.35,plays_at_height,82.35,"6'10""",0.35,plays_at_height
2020,David-Lee Jones Jr.,Georgia Southern,52382,6-0,"6'0""",72.0,75.02,"6'3""",3.02,plays_taller,75.02,"6'3""",3.02,plays_taller
2020,Lonnie Grayson,Army,52389,6-0,"6'0""",72.0,75.12,"6'3""",3.12,plays_taller,75.12,"6'3""",3.12,plays_taller
2020,Silvio De Sousa,Kansas,52444,6-9,"6'9""",81.0,84.27,"7'0""",3.27,plays_taller,84.27,"7'0""",3.27,plays_taller
2020,Darius Quisenberry,Youngstown St.,65428,6-1,"6'1""",73.0,75.37,"6'3""",2.37,plays_taller,75.37,"6'3""",2.37,plays_taller
2020,Jelani Simmons,Youngstown St.,65429,6-5,"6'5""",77.0,77.21,"6'5""",0.21,plays_at_height,77.21,"6'5""",0.21,plays_at_height
2020,Caleb Fuller,UC Davis,65433,6-5,"6'5""",77.0,76.39,"6'4""",-0.61,plays_at_height,76.39,"6'4""",-0.61,plays_at_height
2020,Travis Anderson,Charleston Southern,65435,6-0,"6'0""",72.0,74.43,"6'2""",2.43,plays_taller,74.43,"6'2""",2.43,plays_taller
2020,Brandon Slater,Villanova,65436,6-7,"6'7""",79.0,77.23,"6'5""",-1.77,plays_shorter,77.23,"6'5""",-1.77,plays_shorter
2020,Ladarius Knight,Campbell,65438,6-5,"6'5""",77.0,76.07,"6'4""",-0.93,plays_shorter,76.07,"6'4""",-0.93,plays_shorter
2020,Tim Fuller,Weber St.,65440,6-9,"6'9""",81.0,81.27,"6'9""",0.27,plays_at_height,81.27,"6'9""",0.27,plays_at_height
2020,Damion Squire,UC Davis,65441,6-0,"6'0""",72.0,75.71,"6'4""",3.71,plays_taller,75.71,"6'4""",3.71,plays_taller
2020,Kihei Clark,Virginia,65442,5-9,"5'9""",69.0,75.56,"6'4""",6.56,plays_taller,75.56,"6'4""",6.56,plays_taller
2020,Mason McMurray,Ohio,65444,6-7,"6'7""",79.0,77.11,"6'5""",-1.89,plays_shorter,77.11,"6'5""",-1.89,plays_shorter
2020,William McNair,New Mexico St.,65448,6-10,"6'10""",82.0,79.17,"6'7""",-2.83,plays_shorter,79.17,"6'7""",-2.83,plays_shorter
2020,Nate Laszewski,Notre Dame,65450,6-10,"6'10""",82.0,78.11,"6'6""",-3.89,plays_shorter,78.11,"6'6""",-3.89,plays_shorter
2020,Prentiss Hubb,Notre Dame,65451,6-3,"6'3""",75.0,74.95,"6'3""",-0.05,plays_at_height,74.95,"6'3""",-0.05,plays_at_height
2020,Kody Stattmann,Virginia,65454,6-7,"6'7""",79.0,77.24,"6'5""",-1.76,plays_shorter,77.24,"6'5""",-1.76,plays_shorter
2020,Jordan Love,Southeast Missouri St.,65455,6-5,"6'5""",77.0,75.98,"6'4""",-1.02,plays_shorter,75.98,"6'4""",-1.02,plays_shorter
2020,Tanner Groves,Eastern Washington,65456,6-9,"6'9""",81.0,80.59,"6'9""",-0.41,plays_at_height,80.59,"6'9""",-0.41,plays_at_height
2020,Kim Aiken Jr.,Eastern Washington,65457,6-7,"6'7""",79.0,79.49,"6'7""",0.49,plays_at_height,79.49,"6'7""",0.49,plays_at_height
2020,Leaky Black,North Carolina,65459,6-8,"6'8""",80.0,78.12,"6'6""",-1.88,plays_shorter,78.12,"6'6""",-1.88,plays_shorter
2020,Nana Opoku,Mount St. Mary's,65461,6-9,"6'9""",81.0,80.67,"6'9""",-0.33,plays_at_height,80.67,"6'9""",-0.33,plays_at_height
2020,K.J. Jackson,UMBC,65462,6-2,"6'2""",74.0,77.52,"6'6""",3.52,plays_taller,77.52,"6'6""",3.52,plays_taller
2020,Avery Benson,Texas Tech,65463,6-4,"6'4""",76.0,76.81,"6'5""",0.81,plays_taller,76.81,"6'5""",0.81,plays_taller
2020,Mohammed Abdulsalam,UNC Greensboro,65464,6-9,"6'9""",81.0,78.4,"6'6""",-2.6,plays_shorter,78.4,"6'6""",-2.6,plays_shorter
2020,Victor Bafutto,Mercer,65465,6-10,"6'10""",82.0,79.93,"6'8""",-2.07,plays_shorter,79.93,"6'8""",-2.07,plays_shorter
2020,Angelo Allegri,UNC Greensboro,65466,6-7,"6'7""",79.0,76.23,"6'4""",-2.77,plays_shorter,76.23,"6'4""",-2.77,plays_shorter
2020,Deandre Thomas,Samford,65468,6-4,"6'4""",76.0,75.36,"6'3""",-0.64,plays_at_height,75.36,"6'3""",-0.64,plays_at_height
2020,Robert Allen,Samford,65469,6-8,"6'8""",80.0,78.88,"6'7""",-1.12,plays_shorter,78.88,"6'7""",-1.12,plays_shorter
2020,Stevan Krtinic,St. Francis NY,65471,6-5,"6'5""",77.0,74.61,"6'3""",-2.39,plays_shorter,74.61,"6'3""",-2.39,plays_shorter
2020,Larry Moreno,St. Francis NY,65472,5-11,"5'11""",71.0,74.62,"6'3""",3.62,plays_taller,74.62,"6'3""",3.62,plays_taller
2020,Majur Majak,Saint Peter's,65474,7-1,"7'1""",85.0,82.88,"6'11""",-2.12,plays_shorter,82.88,"6'11""",-2.12,plays_shorter
2020,Gabe Watson,Southern Miss,65475,6-2,"6'2""",74.0,75.87,"6'4""",1.87,plays_taller,75.87,"6'4""",1.87,plays_taller
2020,Hunter Tyson,Clemson,65479,6-8,"6'8""",80.0,78.62,"6'7""",-1.38,plays_shorter,78.62,"6'7""",-1.38,plays_shorter
2020,Montez Mathis,Rutgers,65480,6-4,"6'4""",76.0,77.17,"6'5""",1.17,plays_taller,77.17,"6'5""",1.17,plays_taller
2020,Caleb McConnell,Rutgers,65481,6-7,"6'7""",79.0,77.33,"6'5""",-1.67,plays_shorter,77.33,"6'5""",-1.67,plays_shorter
2020,Eric Hunter Jr.,Purdue,65483,6-4,"6'4""",76.0,76.25,"6'4""",0.25,plays_at_height,76.25,"6'4""",0.25,plays_at_height
2020,Obi Toppin,Dayton,65484,6-9,"6'9""",81.0,84.87,"7'1""",3.87,plays_taller,84.87,"7'1""",3.87,plays_taller
2020,Shaq Carter,Rutgers,65486,6-9,"6'9""",81.0,79.01,"6'7""",-1.99,plays_shorter,79.01,"6'7""",-1.99,plays_shorter
2020,MJ Randolph,Florida A&M,65487,6-4,"6'4""",76.0,77.05,"6'5""",1.05,plays_taller,77.05,"6'5""",1.05,plays_taller
2020,Cameron Healy,Albany,65488,6-3,"6'3""",75.0,75.22,"6'3""",0.22,plays_at_height,75.22,"6'3""",0.22,plays_at_height
2020,Jermaine Couisnard,South Carolina,65489,6-4,"6'4""",76.0,76.48,"6'4""",0.48,plays_at_height,76.48,"6'4""",0.48,plays_at_height
2020,David DeJulius,Michigan,65493,6-0,"6'0""",72.0,75.47,"6'3""",3.47,plays_taller,75.47,"6'3""",3.47,plays_taller
2020,Jalen Smith,Maryland,65495,6-10,"6'10""",82.0,84.79,"7'1""",2.79,plays_taller,84.79,"7'1""",2.79,plays_taller
2020,Thomas Kithier,Michigan St.,65496,6-8,"6'8""",80.0,78.97,"6'7""",-1.03,plays_shorter,78.97,"6'7""",-1.03,plays_shorter
2020,Aaron Henry,Michigan St.,65497,6-6,"6'6""",78.0,77.88,"6'6""",-0.12,plays_at_height,77.88,"6'6""",-0.12,plays_at_height
2020,Christian Bishop,Creighton,65500,6-7,"6'7""",79.0,82.12,"6'10""",3.12,plays_taller,82.12,"6'10""",3.12,plays_taller
2020,Marcus Zegarowski,Creighton,65501,6-2,"6'2""",74.0,75.33,"6'3""",1.33,plays_taller,75.33,"6'3""",1.33,plays_taller
2020,Bryce Golden,Butler,65502,6-9,"6'9""",81.0,78.21,"6'6""",-2.79,plays_shorter,78.21,"6'6""",-2.79,plays_shorter
2020,Efe Odigie,UTEP,65504,6-9,"6'9""",81.0,78.17,"6'6""",-2.83,plays_shorter,78.17,"6'6""",-2.83,plays_shorter
2020,Paul Djoko,Northern Kentucky,65505,6-4,"6'4""",76.0,76.24,"6'4""",0.24,plays_at_height,76.24,"6'4""",0.24,plays_at_height
2020,Greg Williams Jr.,St. John's,65506,6-3,"6'3""",75.0,77.25,"6'5""",2.25,plays_taller,77.25,"6'5""",2.25,plays_taller
2020,Marcellus Earlington,St. John's,65507,6-6,"6'6""",78.0,78.73,"6'7""",0.73,plays_at_height,78.73,"6'7""",0.73,plays_at_height
2020,Adrian Rodriguez,UTSA,65508,6-7,"6'7""",79.0,78.18,"6'6""",-0.82,plays_shorter,78.18,"6'6""",-0.82,plays_shorter
2020,Devon Baker,UNC Asheville,65509,6-2,"6'2""",74.0,74.84,"6'3""",0.84,plays_taller,74.84,"6'3""",0.84,plays_taller
2020,Coty Jude,UNC Asheville,65510,6-9,"6'9""",81.0,76.78,"6'5""",-4.22,plays_shorter,76.78,"6'5""",-4.22,plays_shorter
2020,Junior Ballard,Cal Poly,65513,6-3,"6'3""",75.0,75.53,"6'4""",0.53,plays_at_height,75.53,"6'4""",0.53,plays_at_height
2020,Filip Rebraca,North Dakota,65514,6-9,"6'9""",81.0,80.18,"6'8""",-0.82,plays_shorter,80.18,"6'8""",-0.82,plays_shorter
2020,Deante Johnson,Cleveland St.,65518,6-9,"6'9""",81.0,79.16,"6'7""",-1.84,plays_shorter,79.16,"6'7""",-1.84,plays_shorter
2020,Mac McClung,Georgetown,65519,6-2,"6'2""",74.0,76.26,"6'4""",2.26,plays_taller,76.26,"6'4""",2.26,plays_taller
2020,Tamir Bynum,Prairie View A&M,65520,6-1,"6'1""",73.0,74.96,"6'3""",1.96,plays_taller,74.96,"6'3""",1.96,plays_taller
2020,Adokiye Iyaye,UTSA,65521,6-3,"6'3""",75.0,73.31,"6'1""",-1.69,plays_shorter,73.31,"6'1""",-1.69,plays_shorter
2020,Onyi Eyisi,Fordham,65528,6-9,"6'9""",81.0,80.38,"6'8""",-0.62,plays_at_height,80.38,"6'8""",-0.62,plays_at_height
2020,Aljaz Kunc,Washington St.,65529,6-8,"6'8""",80.0,76.77,"6'5""",-3.23,plays_shorter,76.77,"6'5""",-3.23,plays_shorter
2020,CJ Elleby,Washington St.,65531,6-6,"6'6""",78.0,79.48,"6'7""",1.48,plays_taller,79.48,"6'7""",1.48,plays_taller
2020,Shandon Brown,Niagara,65533,5-9,"5'9""",69.0,74.35,"6'2""",5.35,plays_taller,74.35,"6'2""",5.35,plays_taller
2020,Mezie Offurum,George Washington,65534,6-8,"6'8""",80.0,76.63,"6'5""",-3.37,plays_shorter,76.63,"6'5""",-3.37,plays_shorter
2020,Trey Hopkins,Seattle,65535,6-3,"6'3""",75.0,73.64,"6'2""",-1.36,plays_shorter,73.64,"6'2""",-1.36,plays_shorter
2020,Riley Grigsby,Seattle,65536,6-6,"6'6""",78.0,78.09,"6'6""",0.09,plays_at_height,78.09,"6'6""",0.09,plays_at_height
2020,Quinton Johnson II,UT Rio Grande Valley,65539,6-4,"6'4""",76.0,76.79,"6'5""",0.79,plays_taller,76.79,"6'5""",0.79,plays_taller
2020,Uche Dibiamaka,UT Rio Grande Valley,65540,6-4,"6'4""",76.0,74.71,"6'3""",-1.29,plays_shorter,74.71,"6'3""",-1.29,plays_shorter
2020,Jermaine Harris,Rhode Island,65541,6-8,"6'8""",80.0,77.75,"6'6""",-2.25,plays_shorter,77.75,"6'6""",-2.25,plays_shorter
2020,David Azore,UT Arlington,65543,6-4,"6'4""",76.0,77.12,"6'5""",1.12,plays_taller,77.12,"6'5""",1.12,plays_taller
2020,Jared Rodriguez,San Diego,65546,6-7,"6'7""",79.0,76.72,"6'5""",-2.28,plays_shorter,76.72,"6'5""",-2.28,plays_shorter
2020,Aaron Wheeler,Purdue,65547,6-9,"6'9""",81.0,78.69,"6'7""",-2.31,plays_shorter,78.69,"6'7""",-2.31,plays_shorter
2020,Dave Kasanganay,Navy,65551,6-2,"6'2""",74.0,74.86,"6'3""",0.86,plays_taller,74.86,"6'3""",0.86,plays_taller
2020,James Bridges,Sacramento St.,65557,6-5,"6'5""",77.0,74.58,"6'3""",-2.42,plays_shorter,74.58,"6'3""",-2.42,plays_shorter
2020,Maurice Commander,Chattanooga,65558,6-0,"6'0""",72.0,74.04,"6'2""",2.04,plays_taller,74.04,"6'2""",2.04,plays_taller
2020,Kristers Zoriks,Saint Mary's,65560,6-4,"6'4""",76.0,74.87,"6'3""",-1.13,plays_shorter,74.87,"6'3""",-1.13,plays_shorter
2020,Kyler Edwards,Texas Tech,65563,6-4,"6'4""",76.0,77.1,"6'5""",1.1,plays_taller,77.1,"6'5""",1.1,plays_taller
2020,Josh Mballa,Buffalo,65564,6-7,"6'7""",79.0,82.55,"6'11""",3.55,plays_taller,82.55,"6'11""",3.55,plays_taller
2020,Khavon Moore,Clemson,65565,6-8,"6'8""",80.0,78.34,"6'6""",-1.66,plays_shorter,78.34,"6'6""",-1.66,plays_shorter
2020,Jose Perez,Gardner Webb,65566,6-5,"6'5""",77.0,76.12,"6'4""",-0.88,plays_shorter,76.12,"6'4""",-0.88,plays_shorter
2020,Zay Williams,Troy,65570,6-8,"6'8""",80.0,80.37,"6'8""",0.37,plays_at_height,80.37,"6'8""",0.37,plays_at_height
2020,Tavian Percy,New Mexico,65571,6-6,"6'6""",78.0,75.88,"6'4""",-2.12,plays_shorter,75.88,"6'4""",-2.12,plays_shorter
2020,Vincent Lee,Cal St. Fullerton,65574,6-8,"6'8""",80.0,79.4,"6'7""",-0.6,plays_at_height,79.4,"6'7""",-0.6,plays_at_height
2020,K.J. Hymes,Nevada,65575,6-10,"6'10""",82.0,81.89,"6'10""",-0.11,plays_at_height,81.89,"6'10""",-0.11,plays_at_height
2020,Daylen Kountz,Colorado,65577,6-4,"6'4""",76.0,75.67,"6'4""",-0.33,plays_at_height,75.67,"6'4""",-0.33,plays_at_height
2020,Immanuel Quickley,Kentucky,65578,6-3,"6'3""",75.0,76.48,"6'4""",1.48,plays_taller,76.48,"6'4""",1.48,plays_taller
2020,Devon Dotson,Kansas,65579,6-2,"6'2""",74.0,76.38,"6'4""",2.38,plays_taller,76.38,"6'4""",2.38,plays_taller
2020,Quentin Grimes,Houston,65580,6-5,"6'5""",77.0,77.28,"6'5""",0.28,plays_at_height,77.28,"6'5""",0.28,plays_at_height
2020,David McCormack,Kansas,65583,6-10,"6'10""",82.0,81.04,"6'9""",-0.96,plays_shorter,81.04,"6'9""",-0.96,plays_shorter
2020,Jamal Bieniemy,Oklahoma,65584,6-5,"6'5""",77.0,75.37,"6'3""",-1.63,plays_shorter,75.37,"6'3""",-1.63,plays_shorter
2020,Isaac Likekele,Oklahoma St.,65586,6-4,"6'4""",76.0,78.49,"6'6""",2.49,plays_taller,78.49,"6'6""",2.49,plays_taller
2020,Duncan Demuth,Vermont,65588,6-8,"6'8""",80.0,75.18,"6'3""",-4.82,plays_shorter,75.18,"6'3""",-4.82,plays_shorter
2020,Kendric Davis,SMU,65589,5-11,"5'11""",71.0,75.46,"6'3""",4.46,plays_taller,75.46,"6'3""",4.46,plays_taller
2020,Kaden Archie,UTEP,65590,6-6,"6'6""",78.0,77.13,"6'5""",-0.87,plays_shorter,77.13,"6'5""",-0.87,plays_shorter
2020,Arashma Parks,Temple,65591,6-9,"6'9""",81.0,78.12,"6'6""",-2.88,plays_shorter,78.12,"6'6""",-2.88,plays_shorter
2020,Adam Seiko,San Diego St.,65593,6-3,"6'3""",75.0,75.44,"6'3""",0.44,plays_at_height,75.44,"6'3""",0.44,plays_at_height
2020,Iran Bennett,Marshall,65595,6-9,"6'9""",81.0,80.42,"6'8""",-0.58,plays_at_height,80.42,"6'8""",-0.58,plays_at_height
2020,Taevion Kinsey,Marshall,65596,6-5,"6'5""",77.0,78.76,"6'7""",1.76,plays_taller,78.76,"6'7""",1.76,plays_taller
2020,Cory Hightower,Presbyterian,65600,6-7,"6'7""",79.0,77.78,"6'6""",-1.22,plays_shorter,77.78,"6'6""",-1.22,plays_shorter
2020,Chris Martin,Presbyterian,65602,6-0,"6'0""",72.0,76.19,"6'4""",4.19,plays_taller,76.19,"6'4""",4.19,plays_taller
2020,Cle'von Greene,Radford,65603,6-1,"6'1""",73.0,75.22,"6'3""",2.22,plays_taller,75.22,"6'3""",2.22,plays_taller
2020,Cress Worthy,UNC Asheville,65604,6-2,"6'2""",74.0,75.45,"6'3""",1.45,plays_taller,75.45,"6'3""",1.45,plays_taller
2020,Robin Duncan,Vermont,65609,6-5,"6'5""",77.0,76.76,"6'5""",-0.24,plays_at_height,76.76,"6'5""",-0.24,plays_at_height
2020,Ryan Davis,Vermont,65610,6-8,"6'8""",80.0,78.78,"6'7""",-1.22,plays_shorter,78.78,"6'7""",-1.22,plays_shorter
2020,Benjamin Stanley,Hampton,65612,6-6,"6'6""",78.0,79.74,"6'8""",1.74,plays_taller,79.74,"6'8""",1.74,plays_taller
2020,Matiss Kulackovskis,Bowling Green,65614,6-9,"6'9""",81.0,77.3,"6'5""",-3.7,plays_shorter,77.3,"6'5""",-3.7,plays_shorter
2020,Luke Avdalovic,Northern Arizona,65622,6-5,"6'5""",77.0,73.81,"6'2""",-3.19,plays_shorter,73.81,"6'2""",-3.19,plays_shorter
2020,Nik Mains,Northern Arizona,65623,6-8,"6'8""",80.0,76.96,"6'5""",-3.04,plays_shorter,76.96,"6'5""",-3.04,plays_shorter
2020,Nick Guadarrama,New Hampshire,65625,6-5,"6'5""",77.0,78.1,"6'6""",1.1,plays_taller,78.1,"6'6""",1.1,plays_taller
2020,Jayden Martinez,New Hampshire,65626,6-7,"6'7""",79.0,78.51,"6'7""",-0.49,plays_at_height,78.51,"6'7""",-0.49,plays_at_height
2020,Ed Croswell,La Salle,65628,6-8,"6'8""",80.0,81.63,"6'10""",1.63,plays_taller,81.63,"6'10""",1.63,plays_taller
2020,Jared Kimbrough,La Salle,65629,6-8,"6'8""",80.0,79.57,"6'8""",-0.43,plays_at_height,79.57,"6'8""",-0.43,plays_at_height
2020,Hunter Vick,Tennessee Tech,65632,6-4,"6'4""",76.0,75.31,"6'3""",-0.69,plays_at_height,75.31,"6'3""",-0.69,plays_at_height
2020,Jalen Slawson,Furman,65633,6-7,"6'7""",79.0,80.83,"6'9""",1.83,plays_taller,80.83,"6'9""",1.83,plays_taller
2020,Daivien Williamson,East Tennessee St.,65635,6-2,"6'2""",74.0,75.04,"6'3""",1.04,plays_taller,75.04,"6'3""",1.04,plays_taller
2020,Mike Bothwell,Furman,65636,6-3,"6'3""",75.0,76.2,"6'4""",1.2,plays_taller,76.2,"6'4""",1.2,plays_taller
2020,Isaiah Poor Bear-Chandler,Wichita St.,65638,6-9,"6'9""",81.0,80.13,"6'8""",-0.87,plays_shorter,80.13,"6'8""",-0.87,plays_shorter
2020,Dre Fuller Jr.,UCF,65639,6-5,"6'5""",77.0,78.31,"6'6""",1.31,plays_taller,78.31,"6'6""",1.31,plays_taller
2020,Aiden Krause,UC Irvine,65640,6-4,"6'4""",76.0,76.49,"6'4""",0.49,plays_at_height,76.49,"6'4""",0.49,plays_at_height
2020,Chris Ford,Norfolk St.,65641,6-8,"6'8""",80.0,79.26,"6'7""",-0.74,plays_at_height,79.26,"6'7""",-0.74,plays_at_height
2020,Bryce Workman,Jacksonville,65644,6-7,"6'7""",79.0,78.32,"6'6""",-0.68,plays_at_height,78.32,"6'6""",-0.68,plays_at_height
2020,Mason Harrell,Texas St.,65649,5-9,"5'9""",69.0,74.88,"6'3""",5.88,plays_taller,74.88,"6'3""",5.88,plays_taller
2020,Jacobi Gordon,California,65650,6-7,"6'7""",79.0,75.65,"6'4""",-3.35,plays_shorter,75.65,"6'4""",-3.35,plays_shorter
2020,Elias Valtonen,Arizona St.,65653,6-7,"6'7""",79.0,75.51,"6'4""",-3.49,plays_shorter,75.51,"6'4""",-3.49,plays_shorter
2020,Andre Kelly,California,65654,6-8,"6'8""",80.0,80.11,"6'8""",0.11,plays_at_height,80.11,"6'8""",0.11,plays_at_height
2020,Matt Bradley,California,65655,6-4,"6'4""",76.0,77.12,"6'5""",1.12,plays_taller,77.12,"6'5""",1.12,plays_taller
2020,Rashun Williams,South Florida,65656,6-6,"6'6""",78.0,78.4,"6'6""",0.4,plays_at_height,78.4,"6'6""",0.4,plays_at_height
2020,CJ White,SMU,65657,6-5,"6'5""",77.0,75.66,"6'4""",-1.34,plays_shorter,75.66,"6'4""",-1.34,plays_shorter
2020,Feron Hunt,SMU,65658,6-8,"6'8""",80.0,81.79,"6'10""",1.79,plays_taller,81.79,"6'10""",1.79,plays_taller
2020,Zion Griffin,Iowa St.,65659,6-6,"6'6""",78.0,78.36,"6'6""",0.36,plays_at_height,78.36,"6'6""",0.36,plays_at_height
2020,George Conditt IV,Iowa St.,65662,6-10,"6'10""",82.0,84.3,"7'0""",2.3,plays_taller,84.3,"7'0""",2.3,plays_taller
2020,Tyrese Haliburton,Iowa St.,65663,6-5,"6'5""",77.0,78.19,"6'6""",1.19,plays_taller,78.19,"6'6""",1.19,plays_taller
2020,Kevin Zhang,Tulane,65667,6-10,"6'10""",82.0,76.71,"6'5""",-5.29,plays_shorter,76.71,"6'5""",-5.29,plays_shorter
2020,Jamarius Burton,Wichita St.,65668,6-4,"6'4""",76.0,76.98,"6'5""",0.98,plays_taller,76.98,"6'5""",0.98,plays_taller
2020,Dexter Dennis,Wichita St.,65669,6-5,"6'5""",77.0,77.55,"6'6""",0.55,plays_at_height,77.55,"6'6""",0.55,plays_at_height
2020,Tavin Lovan,UAB,65670,6-4,"6'4""",76.0,78.71,"6'7""",2.71,plays_taller,78.71,"6'7""",2.71,plays_taller
2020,Payton Moore,Rice,65672,6-4,"6'4""",76.0,77.01,"6'5""",1.01,plays_taller,77.01,"6'5""",1.01,plays_taller
2020,Drew Peterson,Rice,65674,6-8,"6'8""",80.0,77.29,"6'5""",-2.71,plays_shorter,77.29,"6'5""",-2.71,plays_shorter
2020,Trey Murphy III,Rice,65675,6-8,"6'8""",80.0,78.43,"6'6""",-1.57,plays_shorter,78.43,"6'6""",-1.57,plays_shorter
2020,Chris Mullins,Rice,65677,6-3,"6'3""",75.0,75.22,"6'3""",0.22,plays_at_height,75.22,"6'3""",0.22,plays_at_height
2020,Andres Feliz,Illinois,65679,6-2,"6'2""",74.0,76.7,"6'5""",2.7,plays_taller,76.7,"6'5""",2.7,plays_taller
2020,Antwuan Butler,Austin Peay,65681,6-0,"6'0""",72.0,74.41,"6'2""",2.41,plays_taller,74.41,"6'2""",2.41,plays_taller
2020,Rey Idowu,Illinois St.,65683,6-9,"6'9""",81.0,77.98,"6'6""",-3.02,plays_shorter,77.98,"6'6""",-3.02,plays_shorter
2020,Hunter Marks,Hartford,65685,6-9,"6'9""",81.0,78.38,"6'6""",-2.62,plays_shorter,78.38,"6'6""",-2.62,plays_shorter
2020,Mason Forbes,Harvard,65686,6-8,"6'8""",80.0,80.9,"6'9""",0.9,plays_taller,80.9,"6'9""",0.9,plays_taller
2020,Sekou Toure,UC Santa Barbara,65687,6-5,"6'5""",77.0,77.9,"6'6""",0.9,plays_taller,77.9,"6'6""",0.9,plays_taller
2020,Xavier Johnson,Pittsburgh,65690,6-3,"6'3""",75.0,76.62,"6'5""",1.62,plays_taller,76.62,"6'5""",1.62,plays_taller
2020,Trevion Williams,Purdue,65692,6-9,"6'9""",81.0,81.62,"6'10""",0.62,plays_at_height,81.62,"6'10""",0.62,plays_at_height
2020,Jordan Henderson,Canisius,65693,6-5,"6'5""",77.0,75.72,"6'4""",-1.28,plays_shorter,75.72,"6'4""",-1.28,plays_shorter
2020,Tyrone Nesby IV,Wagner,65695,6-5,"6'5""",77.0,76.37,"6'4""",-0.63,plays_at_height,76.37,"6'4""",-0.63,plays_at_height
2020,Bryce Laskey,Saint Francis,65696,6-4,"6'4""",76.0,73.94,"6'2""",-2.06,plays_shorter,73.94,"6'2""",-2.06,plays_shorter
2020,RJ Williams,Boise St.,65700,6-7,"6'7""",79.0,82.74,"6'11""",3.74,plays_taller,82.74,"6'11""",3.74,plays_taller
2020,Jason Preston,Ohio,65701,6-4,"6'4""",76.0,77.68,"6'6""",1.68,plays_taller,77.68,"6'6""",1.68,plays_taller
2020,Quinn Blair,William & Mary,65703,6-6,"6'6""",78.0,75.9,"6'4""",-2.1,plays_shorter,75.9,"6'4""",-2.1,plays_shorter
2020,L.J. Owens,UMBC,65705,6-3,"6'3""",75.0,75.38,"6'3""",0.38,plays_at_height,75.38,"6'3""",0.38,plays_at_height
2020,Thornton Scott,William & Mary,65706,6-4,"6'4""",76.0,75.69,"6'4""",-0.31,plays_at_height,75.69,"6'4""",-0.31,plays_at_height
2020,Jakigh Dottin,Towson,65708,6-2,"6'2""",74.0,76.17,"6'4""",2.17,plays_taller,76.17,"6'4""",2.17,plays_taller
2020,Allen Betrand,Towson,65709,6-5,"6'5""",77.0,75.81,"6'4""",-1.19,plays_shorter,75.81,"6'4""",-1.19,plays_shorter
2020,Darrin Person Jr.,Cal St. Bakersfield,65712,6-7,"6'7""",79.0,77.24,"6'5""",-1.76,plays_shorter,77.24,"6'5""",-1.76,plays_shorter
2020,Landers Nolley II,Virginia Tech,65714,6-7,"6'7""",79.0,77.55,"6'6""",-1.45,plays_shorter,77.55,"6'6""",-1.45,plays_shorter
2020,Isaiah Wilkins,Virginia Tech,65716,6-4,"6'4""",76.0,77.42,"6'5""",1.42,plays_taller,77.42,"6'5""",1.42,plays_taller
2020,Marque Maultsby,New Hampshire,65719,6-3,"6'3""",75.0,75.41,"6'3""",0.41,plays_at_height,75.41,"6'3""",0.41,plays_at_height
2020,Raiquan Gray,Florida St.,65720,6-8,"6'8""",80.0,79.04,"6'7""",-0.96,plays_shorter,79.04,"6'7""",-0.96,plays_shorter
2020,Dallas Watson,Saint Peter's,65721,6-4,"6'4""",76.0,75.85,"6'4""",-0.15,plays_at_height,75.85,"6'4""",-0.15,plays_at_height
2020,Francis Okoro,Oregon,65726,6-9,"6'9""",81.0,80.95,"6'9""",-0.05,plays_at_height,80.95,"6'9""",-0.05,plays_at_height
2020,Bryce Hamilton,UNLV,65727,6-4,"6'4""",76.0,78.03,"6'6""",2.03,plays_taller,78.03,"6'6""",2.03,plays_taller
2020,Collin Welp,UC Irvine,65728,6-9,"6'9""",81.0,78.16,"6'6""",-2.84,plays_shorter,78.16,"6'6""",-2.84,plays_shorter
2020,Zach Chappell,San Jose St.,65730,6-3,"6'3""",75.0,74.24,"6'2""",-0.76,plays_shorter,74.24,"6'2""",-0.76,plays_shorter
2020,Kaison Hammonds,San Jose St.,65732,6-4,"6'4""",76.0,75.06,"6'3""",-0.94,plays_shorter,75.06,"6'3""",-0.94,plays_shorter
2020,Seneca Knight,San Jose St.,65733,6-6,"6'6""",78.0,77.75,"6'6""",-0.25,plays_at_height,77.75,"6'6""",-0.25,plays_at_height
2020,Brandon Knapper,West Virginia,65734,6-0,"6'0""",72.0,74.51,"6'3""",2.51,plays_taller,74.51,"6'3""",2.51,plays_taller
2020,Maizen Fausett,Southern Utah,65736,6-6,"6'6""",78.0,79.58,"6'8""",1.58,plays_taller,79.58,"6'8""",1.58,plays_taller
2020,Malachi De Sousa,Albany,65737,6-6,"6'6""",78.0,78.12,"6'6""",0.12,plays_at_height,78.12,"6'6""",0.12,plays_at_height
2020,Israel Barnes,Weber St.,65739,6-4,"6'4""",76.0,76.46,"6'4""",0.46,plays_at_height,76.46,"6'4""",0.46,plays_at_height
2020,Dima Zdor,Weber St.,65740,6-10,"6'10""",82.0,81.09,"6'9""",-0.91,plays_shorter,81.09,"6'9""",-0.91,plays_shorter
2020,Antonio Rizzuto,Albany,65741,6-3,"6'3""",75.0,74.5,"6'3""",-0.5,plays_at_height,74.5,"6'3""",-0.5,plays_at_height
2020,Ricky Torres,Illinois St.,65742,6-2,"6'2""",74.0,76.0,"6'4""",2.0,plays_taller,76.0,"6'4""",2.0,plays_taller
2020,Erik Stevenson,Wichita St.,65743,6-3,"6'3""",75.0,78.16,"6'6""",3.16,plays_taller,78.16,"6'6""",3.16,plays_taller
2020,Morris Udeze,Wichita St.,65744,6-8,"6'8""",80.0,80.27,"6'8""",0.27,plays_at_height,80.27,"6'8""",0.27,plays_at_height
2020,Jaime Echenique,Wichita St.,65745,6-11,"6'11""",83.0,82.97,"6'11""",-0.03,plays_at_height,82.97,"6'11""",-0.03,plays_at_height
2020,Sharone Wright Jr.,Wake Forest,65748,6-5,"6'5""",77.0,75.44,"6'3""",-1.56,plays_shorter,75.44,"6'3""",-1.56,plays_shorter
2020,Madiaw Niang,Florida Atlantic,65750,6-9,"6'9""",81.0,78.64,"6'7""",-2.36,plays_shorter,78.64,"6'7""",-2.36,plays_shorter
2020,Pietro Agostini,Kennesaw St.,65752,6-9,"6'9""",81.0,77.08,"6'5""",-3.92,plays_shorter,77.08,"6'5""",-3.92,plays_shorter
2020,Jairus Hamilton,Boston College,65753,6-8,"6'8""",80.0,77.58,"6'6""",-2.42,plays_shorter,77.58,"6'6""",-2.42,plays_shorter
2020,Caleb Catto,Florida Gulf Coast,65754,6-5,"6'5""",77.0,75.35,"6'3""",-1.65,plays_shorter,75.35,"6'3""",-1.65,plays_shorter
2020,Zach Scott,Florida Gulf Coast,65755,6-4,"6'4""",76.0,76.54,"6'5""",0.54,plays_at_height,76.54,"6'5""",0.54,plays_at_height
2020,C.J. Washington,Kennesaw St.,65757,6-4,"6'4""",76.0,75.15,"6'3""",-0.85,plays_shorter,75.15,"6'3""",-0.85,plays_shorter
2020,Liam Robbins,Drake,65759,7-0,"7'0""",84.0,83.9,"7'0""",-0.1,plays_at_height,83.9,"7'0""",-0.1,plays_at_height
2020,Jawaun Newton,Evansville,65760,6-3,"6'3""",75.0,76.73,"6'5""",1.73,plays_taller,76.73,"6'5""",1.73,plays_taller
2020,Shamar Givance,Evansville,65761,5-10,"5'10""",70.0,75.51,"6'4""",5.51,plays_taller,75.51,"6'4""",5.51,plays_taller
2020,Logan Dye,Samford,65763,6-8,"6'8""",80.0,78.64,"6'7""",-1.36,plays_shorter,78.64,"6'7""",-1.36,plays_shorter
2020,Jordan Lathon,UTEP,65766,6-4,"6'4""",76.0,77.21,"6'5""",1.21,plays_taller,77.21,"6'5""",1.21,plays_taller
2020,D.J. Funderburk,N.C. State,65767,6-10,"6'10""",82.0,81.55,"6'10""",-0.45,plays_at_height,81.55,"6'10""",-0.45,plays_at_height
2020,Coletrane Washington,Drexel,65769,6-4,"6'4""",76.0,73.58,"6'2""",-2.42,plays_shorter,73.58,"6'2""",-2.42,plays_shorter
2020,Matey Juric,Drexel,65773,5-11,"5'11""",71.0,74.97,"6'3""",3.97,plays_taller,74.97,"6'3""",3.97,plays_taller
2020,Camren Wynter,Drexel,65774,6-2,"6'2""",74.0,75.27,"6'3""",1.27,plays_taller,75.27,"6'3""",1.27,plays_taller
2020,Jay Nagle,UC Santa Barbara,65777,6-8,"6'8""",80.0,74.89,"6'3""",-5.11,plays_shorter,74.89,"6'3""",-5.11,plays_shorter
2020,Amadou Sow,UC Santa Barbara,65778,6-9,"6'9""",81.0,80.95,"6'9""",-0.05,plays_at_height,80.95,"6'9""",-0.05,plays_at_height
2020,Souleymane Diakite,NJIT,65779,6-9,"6'9""",81.0,81.33,"6'9""",0.33,plays_at_height,81.33,"6'9""",0.33,plays_at_height
2020,Kjell De Graaf,NJIT,65781,6-10,"6'10""",82.0,76.24,"6'4""",-5.76,plays_shorter,76.24,"6'4""",-5.76,plays_shorter
2020,Aleksa Matic,North Alabama,65784,6-4,"6'4""",76.0,76.01,"6'4""",0.01,plays_at_height,76.01,"6'4""",0.01,plays_at_height
2020,Ahsan Asadullah,Lipscomb,65785,6-8,"6'8""",80.0,80.91,"6'9""",0.91,plays_taller,80.91,"6'9""",0.91,plays_taller
2020,Cameron Parker,Sacred Heart,65786,6-2,"6'2""",74.0,75.52,"6'4""",1.52,plays_taller,75.52,"6'4""",1.52,plays_taller
2020,Zach Pfaffenberger,Sacred Heart,65787,6-8,"6'8""",80.0,77.78,"6'6""",-2.22,plays_shorter,77.78,"6'6""",-2.22,plays_shorter
2020,Chaylyn Martin,Sacred Heart,65788,6-0,"6'0""",72.0,78.07,"6'6""",6.07,plays_taller,78.07,"6'6""",6.07,plays_taller
2020,Aaron Clarke,Sacred Heart,65789,6-1,"6'1""",73.0,73.89,"6'2""",0.89,plays_taller,73.89,"6'2""",0.89,plays_taller
2020,Koreem Ozier,Sacred Heart,65792,6-1,"6'1""",73.0,75.66,"6'4""",2.66,plays_taller,75.66,"6'4""",2.66,plays_taller
2020,Myles Thompson,Saint Francis,65794,6-6,"6'6""",78.0,77.15,"6'5""",-0.85,plays_shorter,77.15,"6'5""",-0.85,plays_shorter
2020,Marcus Bingham Jr.,Michigan St.,65797,6-11,"6'11""",83.0,84.25,"7'0""",1.25,plays_taller,84.25,"7'0""",1.25,plays_taller
2020,Zac Watson,UC Riverside,65798,6-7,"6'7""",79.0,78.48,"6'6""",-0.52,plays_at_height,78.48,"6'6""",-0.52,plays_at_height
2020,DJ McDonald,UC Riverside,65799,5-11,"5'11""",71.0,75.29,"6'3""",4.29,plays_taller,75.29,"6'3""",4.29,plays_taller
2020,Charles Bassey,Western Kentucky,65800,6-11,"6'11""",83.0,81.92,"6'10""",-1.08,plays_shorter,81.92,"6'10""",-1.08,plays_shorter
2020,Callum McRae,UC Riverside,65802,7-1,"7'1""",85.0,80.16,"6'8""",-4.84,plays_shorter,80.16,"6'8""",-4.84,plays_shorter
2020,Oddyst Walker,Stephen F. Austin,65806,6-2,"6'2""",74.0,76.09,"6'4""",2.09,plays_taller,76.09,"6'4""",2.09,plays_taller
2020,Caden Sanchez,High Point,65809,6-8,"6'8""",80.0,79.65,"6'8""",-0.35,plays_at_height,79.65,"6'8""",-0.35,plays_at_height
2020,Trey Woodbury,Utah Valley,65811,6-4,"6'4""",76.0,77.07,"6'5""",1.07,plays_taller,77.07,"6'5""",1.07,plays_taller
2020,Zach Copeland,Illinois St.,65812,6-4,"6'4""",76.0,74.72,"6'3""",-1.28,plays_shorter,74.72,"6'3""",-1.28,plays_shorter
2020,Austin Smellie,Idaho St.,65813,6-5,"6'5""",77.0,75.45,"6'3""",-1.55,plays_shorter,75.45,"6'3""",-1.55,plays_shorter
2020,Brandon Johns Jr.,Michigan,65815,6-8,"6'8""",80.0,79.44,"6'7""",-0.56,plays_at_height,79.44,"6'7""",-0.56,plays_at_height
2020,Alperen Kurnaz,Denver,65818,6-8,"6'8""",80.0,75.84,"6'4""",-4.16,plays_shorter,75.84,"6'4""",-4.16,plays_shorter
2020,Adam Lulka,Albany,65821,6-8,"6'8""",80.0,78.16,"6'6""",-1.84,plays_shorter,78.16,"6'6""",-1.84,plays_shorter
2020,Ethan Wright,Princeton,65822,6-3,"6'3""",75.0,75.82,"6'4""",0.82,plays_taller,75.82,"6'4""",0.82,plays_taller
2020,KeShawn Curry,VCU,65823,6-4,"6'4""",76.0,77.67,"6'6""",1.67,plays_taller,77.67,"6'6""",1.67,plays_taller
2020,Jaelin Llewellyn,Princeton,65824,6-2,"6'2""",74.0,76.46,"6'4""",2.46,plays_taller,76.46,"6'4""",2.46,plays_taller
2020,Drew Friberg,Princeton,65825,6-7,"6'7""",79.0,75.93,"6'4""",-3.07,plays_shorter,75.93,"6'4""",-3.07,plays_shorter
2020,Max Johns,Princeton,65826,6-4,"6'4""",76.0,75.6,"6'4""",-0.4,plays_at_height,75.6,"6'4""",-0.4,plays_at_height
2020,Cam Brooks-Harris,Marshall,65828,6-6,"6'6""",78.0,79.81,"6'8""",1.81,plays_taller,79.81,"6'8""",1.81,plays_taller
2020,Milos Stajcic,Campbell,65834,6-10,"6'10""",82.0,75.84,"6'4""",-6.16,plays_shorter,75.84,"6'4""",-6.16,plays_shorter
2020,Michael Forrest,Florida Atlantic,65836,6-0,"6'0""",72.0,74.85,"6'3""",2.85,plays_taller,74.85,"6'3""",2.85,plays_taller
2020,"Antonio Daye, Jr.",FIU,65838,6-1,"6'1""",73.0,76.26,"6'4""",3.26,plays_taller,76.26,"6'4""",3.26,plays_taller
2020,Isaiah Mucius,Wake Forest,65841,6-8,"6'8""",80.0,77.63,"6'6""",-2.37,plays_shorter,77.63,"6'6""",-2.37,plays_shorter
2020,Jamal Bey,Washington,65843,6-6,"6'6""",78.0,77.11,"6'5""",-0.89,plays_shorter,77.11,"6'5""",-0.89,plays_shorter
2020,Brent Hank,Albany,65844,6-10,"6'10""",82.0,79.43,"6'7""",-2.57,plays_shorter,79.43,"6'7""",-2.57,plays_shorter
2020,Trey Jemison,Clemson,65848,7-0,"7'0""",84.0,80.12,"6'8""",-3.88,plays_shorter,80.12,"6'8""",-3.88,plays_shorter
2020,John Newman III,Clemson,65849,6-5,"6'5""",77.0,77.76,"6'6""",0.76,plays_taller,77.76,"6'6""",0.76,plays_taller
2020,Atakan Sahinkaya,Troy,65850,6-5,"6'5""",77.0,78.08,"6'6""",1.08,plays_taller,78.08,"6'6""",1.08,plays_taller
2020,Tre Jones,Duke,65855,6-3,"6'3""",75.0,75.89,"6'4""",0.89,plays_taller,75.89,"6'4""",0.89,plays_taller
2020,Nathan Mensah,San Diego St.,65856,6-10,"6'10""",82.0,84.31,"7'0""",2.31,plays_taller,84.31,"7'0""",2.31,plays_taller
2020,Will Richardson,Oregon,65858,6-5,"6'5""",77.0,76.1,"6'4""",-0.9,plays_shorter,76.1,"6'4""",-0.9,plays_shorter
2020,Christian Anigwe,San Jose St.,65861,6-9,"6'9""",81.0,79.38,"6'7""",-1.62,plays_shorter,79.38,"6'7""",-1.62,plays_shorter
2020,Alonzo Sule,Texas St.,65864,6-7,"6'7""",79.0,79.39,"6'7""",0.39,plays_at_height,79.39,"6'7""",0.39,plays_at_height
2020,Ja'Shon Henry,Bradley,65865,6-6,"6'6""",78.0,80.22,"6'8""",2.22,plays_taller,80.22,"6'8""",2.22,plays_taller
2020,Darius McGhee,Liberty,65866,5-9,"5'9""",69.0,76.64,"6'5""",7.64,plays_taller,76.64,"6'5""",7.64,plays_taller
2020,Rasir Bolton,Iowa St.,65867,6-3,"6'3""",75.0,76.48,"6'4""",1.48,plays_taller,76.48,"6'4""",1.48,plays_taller
2020,Ari Boya,Bradley,65869,7-1,"7'1""",85.0,85.44,"7'1""",0.44,plays_at_height,85.44,"7'1""",0.44,plays_at_height
2020,Eli Parquet,Colorado,65870,6-3,"6'3""",75.0,77.52,"6'6""",2.52,plays_taller,77.52,"6'6""",2.52,plays_taller
2020,Samuel Chaput,Monmouth,65871,6-0,"6'0""",72.0,74.73,"6'3""",2.73,plays_taller,74.73,"6'3""",2.73,plays_taller
2020,Nikkei Rutty,Monmouth,65872,6-8,"6'8""",80.0,80.8,"6'9""",0.8,plays_taller,80.8,"6'9""",0.8,plays_taller
2020,Raheem Solomon,Niagara,65873,6-3,"6'3""",75.0,76.43,"6'4""",1.43,plays_taller,76.43,"6'4""",1.43,plays_taller
2020,Marcus Hammond,Niagara,65874,6-2,"6'2""",74.0,75.24,"6'3""",1.24,plays_taller,75.24,"6'3""",1.24,plays_taller
2020,Steven Levnaic,Niagara,65876,6-2,"6'2""",74.0,75.86,"6'4""",1.86,plays_taller,75.86,"6'4""",1.86,plays_taller
2020,Jalen Pickett,Siena,65879,6-4,"6'4""",76.0,77.18,"6'5""",1.18,plays_taller,77.18,"6'5""",1.18,plays_taller
2020,Ousmane Ndim,LIU,65880,7-0,"7'0""",84.0,78.71,"6'7""",-5.29,plays_shorter,78.71,"6'7""",-5.29,plays_shorter
2020,Glenn Morison,Cal Baptist,65881,6-10,"6'10""",82.0,80.4,"6'8""",-1.6,plays_shorter,80.4,"6'8""",-1.6,plays_shorter
2020,Justin Bean,Utah St.,65883,6-7,"6'7""",79.0,81.37,"6'9""",2.37,plays_taller,81.37,"6'9""",2.37,plays_taller
2020,Cole Swider,Villanova,65888,6-9,"6'9""",81.0,77.69,"6'6""",-3.31,plays_shorter,77.69,"6'6""",-3.31,plays_shorter
2020,Saddiq Bey,Villanova,65889,6-8,"6'8""",80.0,77.89,"6'6""",-2.11,plays_shorter,77.89,"6'6""",-2.11,plays_shorter
2020,Jake Forrester,Temple,65890,6-8,"6'8""",80.0,79.34,"6'7""",-0.66,plays_at_height,79.34,"6'7""",-0.66,plays_at_height
2020,Jerome Hunter,Indiana,65892,6-7,"6'7""",79.0,76.33,"6'4""",-2.67,plays_shorter,76.33,"6'4""",-2.67,plays_shorter
2020,Rob Phinisee,Indiana,65893,6-1,"6'1""",73.0,75.6,"6'4""",2.6,plays_taller,75.6,"6'4""",2.6,plays_taller
2020,Dragan Elkaz,UC Riverside,65894,6-5,"6'5""",77.0,74.18,"6'2""",-2.82,plays_shorter,74.18,"6'2""",-2.82,plays_shorter
2020,Damezi Anderson,Indiana,65895,6-7,"6'7""",79.0,76.36,"6'4""",-2.64,plays_shorter,76.36,"6'4""",-2.64,plays_shorter
2020,Tuukka Jaakkola,Cal Poly,65896,6-10,"6'10""",82.0,78.56,"6'7""",-3.44,plays_shorter,78.56,"6'7""",-3.44,plays_shorter
2020,Kai Toews,UNC Wilmington,65900,6-2,"6'2""",74.0,73.08,"6'1""",-0.92,plays_shorter,73.08,"6'1""",-0.92,plays_shorter
2020,Deshon Parker,James Madison,65902,6-4,"6'4""",76.0,75.01,"6'3""",-0.99,plays_shorter,75.01,"6'3""",-0.99,plays_shorter
2020,Warren Williams,Manhattan,65903,6-9,"6'9""",81.0,80.16,"6'8""",-0.84,plays_shorter,80.16,"6'8""",-0.84,plays_shorter
2020,Andrija Ristanovic,Iona,65904,6-11,"6'11""",83.0,77.23,"6'5""",-5.77,plays_shorter,77.23,"6'5""",-5.77,plays_shorter
2020,Taurus Samuels,Dartmouth,65905,6-0,"6'0""",72.0,75.04,"6'3""",3.04,plays_taller,75.04,"6'3""",3.04,plays_taller
2020,Robert Woodard II,Mississippi St.,65906,6-7,"6'7""",79.0,80.13,"6'8""",1.13,plays_taller,80.13,"6'8""",1.13,plays_taller
2020,Kamani Johnson,Little Rock,65908,6-7,"6'7""",79.0,80.17,"6'8""",1.17,plays_taller,80.17,"6'8""",1.17,plays_taller
2020,Adrian Delph,Appalachian St.,65911,6-3,"6'3""",75.0,76.77,"6'5""",1.77,plays_taller,76.77,"6'5""",1.77,plays_taller
2020,Ben Pyle,Western Illinois,65913,6-7,"6'7""",79.0,76.56,"6'5""",-2.44,plays_shorter,76.56,"6'5""",-2.44,plays_shorter
2020,Reggie Perry,Mississippi St.,65915,6-10,"6'10""",82.0,82.95,"6'11""",0.95,plays_taller,82.95,"6'11""",0.95,plays_taller
2020,D.J. Stewart,Mississippi St.,65916,6-6,"6'6""",78.0,76.36,"6'4""",-1.64,plays_shorter,76.36,"6'4""",-1.64,plays_shorter
2020,Sidney Wilson,Connecticut,65922,6-7,"6'7""",79.0,78.7,"6'7""",-0.3,plays_at_height,78.7,"6'7""",-0.3,plays_at_height
2020,Tyler Harris,Memphis,65923,5-9,"5'9""",69.0,74.17,"6'2""",5.17,plays_taller,74.17,"6'2""",5.17,plays_taller
2020,Alex Lomax,Memphis,65924,6-0,"6'0""",72.0,76.73,"6'5""",4.73,plays_taller,76.73,"6'5""",4.73,plays_taller
2020,Xavier Castaneda,South Florida,65929,6-1,"6'1""",73.0,74.96,"6'3""",1.96,plays_taller,74.96,"6'3""",1.96,plays_taller
2020,Michael Durr,South Florida,65930,7-0,"7'0""",84.0,81.29,"6'9""",-2.71,plays_shorter,81.29,"6'9""",-2.71,plays_shorter
2020,Race Thompson,Indiana,65932,6-8,"6'8""",80.0,81.4,"6'9""",1.4,plays_taller,81.4,"6'9""",1.4,plays_taller
2020,Jabari Rice,New Mexico St.,65933,6-4,"6'4""",76.0,78.7,"6'7""",2.7,plays_taller,78.7,"6'7""",2.7,plays_taller
2020,Kylor Kelley,Oregon St.,65934,7-0,"7'0""",84.0,84.94,"7'1""",0.94,plays_taller,84.94,"7'1""",0.94,plays_taller
2020,Jaiden Delaire,Stanford,65937,6-9,"6'9""",81.0,78.47,"6'6""",-2.53,plays_shorter,78.47,"6'6""",-2.53,plays_shorter
2020,Lukas Kisunas,Stanford,65940,6-10,"6'10""",82.0,80.14,"6'8""",-1.86,plays_shorter,80.14,"6'8""",-1.86,plays_shorter
2020,DaQuan Smith,Murray St.,65943,6-1,"6'1""",73.0,74.6,"6'3""",1.6,plays_taller,74.6,"6'3""",1.6,plays_taller
2020,Jarron Coleman,Ball St.,65944,6-5,"6'5""",77.0,77.74,"6'6""",0.74,plays_at_height,77.74,"6'6""",0.74,plays_at_height
2020,Tayler Mattos,Bowling Green,65946,6-11,"6'11""",83.0,80.15,"6'8""",-2.85,plays_shorter,80.15,"6'8""",-2.85,plays_shorter
2020,Caleb Fields,Bowling Green,65947,6-2,"6'2""",74.0,74.92,"6'3""",0.92,plays_taller,74.92,"6'3""",0.92,plays_taller
2020,Trevon Taylor,Wyoming,65949,6-6,"6'6""",78.0,77.58,"6'6""",-0.42,plays_at_height,77.58,"6'6""",-0.42,plays_at_height
2020,Connor Harding,BYU,65952,6-6,"6'6""",78.0,76.77,"6'5""",-1.23,plays_shorter,76.77,"6'5""",-1.23,plays_shorter
2020,AJ Green,Northern Iowa,65953,6-4,"6'4""",76.0,74.4,"6'2""",-1.6,plays_shorter,74.4,"6'2""",-1.6,plays_shorter
2020,Jordan Phillips,UT Arlington,65955,6-7,"6'7""",79.0,76.8,"6'5""",-2.2,plays_shorter,76.8,"6'5""",-2.2,plays_shorter
2020,Matt Herasme,Marist,65957,6-3,"6'3""",75.0,76.0,"6'4""",1.0,plays_taller,76.0,"6'4""",1.0,plays_taller
2020,Samir Stewart,Manhattan,65959,6-0,"6'0""",72.0,73.94,"6'2""",1.94,plays_taller,73.94,"6'2""",1.94,plays_taller
2020,Christian Hinckson,Manhattan,65961,6-7,"6'7""",79.0,77.5,"6'5""",-1.5,plays_shorter,77.5,"6'5""",-1.5,plays_shorter
2020,Elijah Buchanan,Manhattan,65962,6-5,"6'5""",77.0,76.62,"6'5""",-0.38,plays_at_height,76.62,"6'5""",-0.38,plays_at_height
2020,Ochai Agbaji,Kansas,65963,6-5,"6'5""",77.0,77.33,"6'5""",0.33,plays_at_height,77.33,"6'5""",0.33,plays_at_height
2020,Joey Calcaterra,San Diego,65964,6-3,"6'3""",75.0,75.0,"6'3""",-0.0,plays_at_height,75.0,"6'3""",-0.0,plays_at_height
2020,Hugh Hogland,Portland,65966,6-10,"6'10""",82.0,79.91,"6'8""",-2.09,plays_shorter,79.91,"6'8""",-2.09,plays_shorter
2020,Takiula Fahrensohn,Portland,65967,6-7,"6'7""",79.0,74.66,"6'3""",-4.34,plays_shorter,74.66,"6'3""",-4.34,plays_shorter
2020,David Wingett,South Dakota St.,65968,6-7,"6'7""",79.0,76.31,"6'4""",-2.69,plays_shorter,76.31,"6'4""",-2.69,plays_shorter
2020,Jamari Blackmon,North Alabama,65969,6-1,"6'1""",73.0,75.41,"6'3""",2.41,plays_taller,75.41,"6'3""",2.41,plays_taller
2020,Juan Munoz,Longwood,65970,5-11,"5'11""",71.0,75.32,"6'3""",4.32,plays_taller,75.32,"6'3""",4.32,plays_taller
2020,Jeenathan Williams,Buffalo,65971,6-5,"6'5""",77.0,77.92,"6'6""",0.92,plays_taller,77.92,"6'6""",0.92,plays_taller
2020,Nevin Zink,USC Upstate,65972,6-9,"6'9""",81.0,79.57,"6'8""",-1.43,plays_shorter,79.57,"6'8""",-1.43,plays_shorter
2020,Ronaldo Segu,Buffalo,65974,6-0,"6'0""",72.0,74.72,"6'3""",2.72,plays_taller,74.72,"6'3""",2.72,plays_taller
2020,Brandon Martin,USC Upstate,65975,6-5,"6'5""",77.0,76.06,"6'4""",-0.94,plays_shorter,76.06,"6'4""",-0.94,plays_shorter
2020,Bryson Mozone,USC Upstate,65976,6-6,"6'6""",78.0,75.55,"6'4""",-2.45,plays_shorter,75.55,"6'4""",-2.45,plays_shorter
2020,Nick Muszynski,Belmont,65978,6-11,"6'11""",83.0,80.91,"6'9""",-2.09,plays_shorter,80.91,"6'9""",-2.09,plays_shorter
2020,Tate Pierson,Belmont,65979,6-6,"6'6""",78.0,75.81,"6'4""",-2.19,plays_shorter,75.81,"6'4""",-2.19,plays_shorter
2020,D.J. Burns,Winthrop,65981,6-9,"6'9""",81.0,79.95,"6'8""",-1.05,plays_shorter,79.95,"6'8""",-1.05,plays_shorter
2020,Alanzo Frink,South Carolina,65982,6-7,"6'7""",79.0,81.38,"6'9""",2.38,plays_taller,81.38,"6'9""",2.38,plays_taller
2020,Keyshawn Bryant,South Carolina,65983,6-5,"6'5""",77.0,80.38,"6'8""",3.38,plays_taller,80.38,"6'8""",3.38,plays_taller
2020,Jaylen Sims,UNC Wilmington,65985,6-6,"6'6""",78.0,77.19,"6'5""",-0.81,plays_shorter,77.19,"6'5""",-0.81,plays_shorter
2020,Abraham Deng,Longwood,65986,6-11,"6'11""",83.0,75.42,"6'3""",-7.58,plays_shorter,75.42,"6'3""",-7.58,plays_shorter
2020,Joe Bryant Jr.,Norfolk St.,65991,6-1,"6'1""",73.0,75.44,"6'3""",2.44,plays_taller,75.44,"6'3""",2.44,plays_taller
2020,Jahmel Myers,New Orleans,65992,6-6,"6'6""",78.0,77.94,"6'6""",-0.06,plays_at_height,77.94,"6'6""",-0.06,plays_at_height
2020,Deon Stroud,UTEP,65995,6-5,"6'5""",77.0,77.29,"6'5""",0.29,plays_at_height,77.29,"6'5""",0.29,plays_at_height
2020,Ty Brewer,Southeastern Louisiana,65997,6-7,"6'7""",79.0,79.87,"6'8""",0.87,plays_taller,79.87,"6'8""",0.87,plays_taller
2020,Ethan Igbanugo,North Dakota,65999,6-2,"6'2""",74.0,74.29,"6'2""",0.29,plays_at_height,74.29,"6'2""",0.29,plays_at_height
2020,Francis Lacis,Oral Roberts,66002,6-7,"6'7""",79.0,76.94,"6'5""",-2.06,plays_shorter,76.94,"6'5""",-2.06,plays_shorter
2020,Malik LeGania,Coastal Carolina,66005,6-5,"6'5""",77.0,75.62,"6'4""",-1.38,plays_shorter,75.62,"6'4""",-1.38,plays_shorter
2020,Devante Jones,Coastal Carolina,66006,6-1,"6'1""",73.0,76.6,"6'5""",3.6,plays_taller,76.6,"6'5""",3.6,plays_taller
2020,Lamine Diane,Cal St. Northridge,66007,6-7,"6'7""",79.0,82.22,"6'10""",3.22,plays_taller,82.22,"6'10""",3.22,plays_taller
2020,EJ Montgomery,Kentucky,66008,6-10,"6'10""",82.0,80.82,"6'9""",-1.18,plays_shorter,80.82,"6'9""",-1.18,plays_shorter
2020,Blake Hinson,Mississippi,66010,6-7,"6'7""",79.0,77.23,"6'5""",-1.77,plays_shorter,77.23,"6'5""",-1.77,plays_shorter
2020,KJ Buffen,Mississippi,66011,6-7,"6'7""",79.0,79.85,"6'8""",0.85,plays_taller,79.85,"6'8""",0.85,plays_taller
2020,Tykei Greene,Manhattan,66013,6-4,"6'4""",76.0,76.96,"6'5""",0.96,plays_taller,76.96,"6'5""",0.96,plays_taller
2020,Brendan Adams,Connecticut,66015,6-4,"6'4""",76.0,76.16,"6'4""",0.16,plays_at_height,76.16,"6'4""",0.16,plays_at_height
2020,Aguir Agau,Fresno St.,66019,6-7,"6'7""",79.0,78.01,"6'6""",-0.99,plays_shorter,78.01,"6'6""",-0.99,plays_shorter
2020,Josh Alexander,American,66021,6-8,"6'8""",80.0,78.84,"6'7""",-1.16,plays_shorter,78.84,"6'7""",-1.16,plays_shorter
2020,Demarius Jacobs,Saint Louis,66023,6-2,"6'2""",74.0,77.21,"6'5""",3.21,plays_taller,77.21,"6'5""",3.21,plays_taller
2020,Malik Riddle,Morehead St.,66029,6-4,"6'4""",76.0,76.73,"6'5""",0.73,plays_at_height,76.73,"6'5""",0.73,plays_at_height
2020,Javon Freeman-Liberty,Valparaiso,66031,6-3,"6'3""",75.0,78.57,"6'7""",3.57,plays_taller,78.57,"6'7""",3.57,plays_taller
2020,De'Torrion Ware,Jacksonville St.,66032,6-4,"6'4""",76.0,78.83,"6'7""",2.83,plays_taller,78.83,"6'7""",2.83,plays_taller
2020,Jahbril Price-Noel,Pacific,66033,6-7,"6'7""",79.0,74.96,"6'3""",-4.04,plays_shorter,74.96,"6'3""",-4.04,plays_shorter
2020,Filip Petrusev,Gonzaga,66035,6-11,"6'11""",83.0,81.7,"6'10""",-1.3,plays_shorter,81.7,"6'10""",-1.3,plays_shorter
2020,Darryl Polk Jr.,Pepperdine,66036,5-9,"5'9""",69.0,75.84,"6'4""",6.84,plays_taller,75.84,"6'4""",6.84,plays_taller
2020,A.J. Reeves,Providence,66037,6-6,"6'6""",78.0,77.07,"6'5""",-0.93,plays_shorter,77.07,"6'5""",-0.93,plays_shorter
2020,DeShaun Wade,Longwood,66039,6-2,"6'2""",74.0,75.38,"6'3""",1.38,plays_taller,75.38,"6'3""",1.38,plays_taller
2020,David Duke,Providence,66040,6-5,"6'5""",77.0,77.51,"6'6""",0.51,plays_at_height,77.51,"6'6""",0.51,plays_at_height
2020,Ian Krishnan,Central Connecticut,66041,6-2,"6'2""",74.0,74.78,"6'3""",0.78,plays_taller,74.78,"6'3""",0.78,plays_taller
2020,Patrick Harding,Bryant,66044,6-9,"6'9""",81.0,81.51,"6'10""",0.51,plays_at_height,81.51,"6'10""",0.51,plays_at_height
2020,Kani Acree,Ball St.,66046,6-6,"6'6""",78.0,77.12,"6'5""",-0.88,plays_shorter,77.12,"6'5""",-0.88,plays_shorter
2020,Dibaji Walker,Massachusetts,66050,6-9,"6'9""",81.0,77.36,"6'5""",-3.64,plays_shorter,77.36,"6'5""",-3.64,plays_shorter
2020,Jayden Gardner,East Carolina,66051,6-7,"6'7""",79.0,79.95,"6'8""",0.95,plays_taller,79.95,"6'8""",0.95,plays_taller
2020,Everette Hammond,USC Upstate,66054,6-3,"6'3""",75.0,75.8,"6'4""",0.8,plays_taller,75.8,"6'4""",0.8,plays_taller
2020,Ibn Williams,Coppin St.,66055,5-11,"5'11""",71.0,74.24,"6'2""",3.24,plays_taller,74.24,"6'2""",3.24,plays_taller
2020,Trevelin Queen,New Mexico St.,66057,6-6,"6'6""",78.0,79.5,"6'7""",1.5,plays_taller,79.5,"6'7""",1.5,plays_taller
2020,Brendan Medley-Bacon,Coppin St.,66058,7-1,"7'1""",85.0,82.2,"6'10""",-2.8,plays_shorter,82.2,"6'10""",-2.8,plays_shorter
2020,Nigel Marshall,Coppin St.,66060,6-5,"6'5""",77.0,76.45,"6'4""",-0.55,plays_at_height,76.45,"6'4""",-0.55,plays_at_height
2020,Giir Ring,Coppin St.,66061,6-8,"6'8""",80.0,75.28,"6'3""",-4.72,plays_shorter,75.28,"6'3""",-4.72,plays_shorter
2020,T.J. Moss,South Carolina,66062,6-4,"6'4""",76.0,73.91,"6'2""",-2.09,plays_shorter,73.91,"6'2""",-2.09,plays_shorter
2020,A.J. Lawson,South Carolina,66063,6-6,"6'6""",78.0,77.18,"6'5""",-0.82,plays_shorter,77.18,"6'5""",-0.82,plays_shorter
2020,Xavier Pinson,Missouri,66064,6-2,"6'2""",74.0,76.43,"6'4""",2.43,plays_taller,76.43,"6'4""",2.43,plays_taller
2020,Torrence Watson,Missouri,66065,6-5,"6'5""",77.0,74.45,"6'2""",-2.55,plays_shorter,74.45,"6'2""",-2.55,plays_shorter
2020,Danya Kingsby,Bradley,66067,6-1,"6'1""",73.0,76.39,"6'4""",3.39,plays_taller,76.39,"6'4""",3.39,plays_taller
2020,Emmitt Williams,LSU,66068,6-6,"6'6""",78.0,81.98,"6'10""",3.98,plays_taller,81.98,"6'10""",3.98,plays_taller
2020,Darius Days,LSU,66069,6-6,"6'6""",78.0,79.54,"6'8""",1.54,plays_taller,79.54,"6'8""",1.54,plays_taller
2020,Kamaka Hepa,Texas,66070,6-9,"6'9""",81.0,78.57,"6'7""",-2.43,plays_shorter,78.57,"6'7""",-2.43,plays_shorter
2020,KJ Williams,Murray St.,66072,6-10,"6'10""",82.0,81.44,"6'9""",-0.56,plays_at_height,81.44,"6'9""",-0.56,plays_at_height
2020,Diante Wood,Jacksonville,66073,6-4,"6'4""",76.0,78.31,"6'6""",2.31,plays_taller,78.31,"6'6""",2.31,plays_taller
2020,Kyle Greeley,Portland St.,66080,6-5,"6'5""",77.0,76.33,"6'4""",-0.67,plays_at_height,76.33,"6'4""",-0.67,plays_at_height
2020,Jalen Hodge,Louisiana Monroe,66081,6-1,"6'1""",73.0,75.03,"6'3""",2.03,plays_taller,75.03,"6'3""",2.03,plays_taller
2020,Adili Kuerban,Kennesaw St.,66082,6-2,"6'2""",74.0,74.13,"6'2""",0.13,plays_at_height,74.13,"6'2""",0.13,plays_at_height
2020,Michael Dunne,Hartford,66083,6-0,"6'0""",72.0,74.52,"6'3""",2.52,plays_taller,74.52,"6'3""",2.52,plays_taller
2020,Kristian Lafayette,Louisiana,66087,6-10,"6'10""",82.0,77.43,"6'5""",-4.57,plays_shorter,77.43,"6'5""",-4.57,plays_shorter
2020,JD Williams,Louisiana Monroe,66088,6-5,"6'5""",77.0,77.08,"6'5""",0.08,plays_at_height,77.08,"6'5""",0.08,plays_at_height
2020,Jacob Boonyasith,American,66089,6-3,"6'3""",75.0,74.75,"6'3""",-0.25,plays_at_height,74.75,"6'3""",-0.25,plays_at_height
2020,Ashton Hagans,Kentucky,66091,6-3,"6'3""",75.0,77.36,"6'5""",2.36,plays_taller,77.36,"6'5""",2.36,plays_taller
2020,Tye Fagan,Georgia,66095,6-3,"6'3""",75.0,77.85,"6'6""",2.85,plays_taller,77.85,"6'6""",2.85,plays_taller
2020,Noah Locke,Florida,66096,6-3,"6'3""",75.0,75.43,"6'3""",0.43,plays_at_height,75.43,"6'3""",0.43,plays_at_height
2020,Keyontae Johnson,Florida,66097,6-5,"6'5""",77.0,80.32,"6'8""",3.32,plays_taller,80.32,"6'8""",3.32,plays_taller
2020,Andrew Nembhard,Florida,66098,6-5,"6'5""",77.0,75.14,"6'3""",-1.86,plays_shorter,75.14,"6'3""",-1.86,plays_shorter
2020,Tyrone Lyons,North Carolina A&T,66099,6-6,"6'6""",78.0,78.88,"6'7""",0.88,plays_taller,78.88,"6'7""",0.88,plays_taller
2020,Christian Agnew,North Alabama,66103,6-2,"6'2""",74.0,76.39,"6'4""",2.39,plays_taller,76.39,"6'4""",2.39,plays_taller
2020,Ryan Greer,Northwestern,66105,6-2,"6'2""",74.0,74.32,"6'2""",0.32,plays_at_height,74.32,"6'2""",0.32,plays_at_height
2020,Jarvis Omersa,Minnesota,66106,6-6,"6'6""",78.0,79.6,"6'8""",1.6,plays_taller,79.6,"6'8""",1.6,plays_taller
2020,Gabe Kalscheur,Minnesota,66107,6-4,"6'4""",76.0,75.67,"6'4""",-0.33,plays_at_height,75.67,"6'4""",-0.33,plays_at_height
2020,Gabe Brown,Michigan St.,66108,6-7,"6'7""",79.0,78.05,"6'6""",-0.95,plays_shorter,78.05,"6'6""",-0.95,plays_shorter
2020,Karrington Davis,Southern Illinois,66109,6-6,"6'6""",78.0,76.02,"6'4""",-1.98,plays_shorter,76.02,"6'4""",-1.98,plays_shorter
2020,Daniel Oturu,Minnesota,66110,6-10,"6'10""",82.0,83.55,"7'0""",1.55,plays_taller,83.55,"7'0""",1.55,plays_taller
2020,Amir Harris,George Washington,66111,6-5,"6'5""",77.0,78.9,"6'7""",1.9,plays_taller,78.9,"6'7""",1.9,plays_taller
2020,Flo Thamba,Baylor,66112,6-10,"6'10""",82.0,82.51,"6'11""",0.51,plays_at_height,82.51,"6'11""",0.51,plays_at_height
2020,Jared Butler,Baylor,66113,6-3,"6'3""",75.0,75.7,"6'4""",0.7,plays_at_height,75.7,"6'4""",0.7,plays_at_height
2020,Osun Osunniyi,St. Bonaventure,66114,6-10,"6'10""",82.0,84.04,"7'0""",2.04,plays_taller,84.04,"7'0""",2.04,plays_taller
2020,Vince Williams,VCU,66115,6-6,"6'6""",78.0,77.93,"6'6""",-0.07,plays_at_height,77.93,"6'6""",-0.07,plays_at_height
2020,Darius Beane,Northern Illinois,66117,6-3,"6'3""",75.0,77.28,"6'5""",2.28,plays_taller,77.28,"6'5""",2.28,plays_taller
2020,Cam Jones,Jacksonville St.,66119,6-6,"6'6""",78.0,76.07,"6'4""",-1.93,plays_shorter,76.07,"6'4""",-1.93,plays_shorter
2020,Jomaru Brown,Eastern Kentucky,66120,6-2,"6'2""",74.0,76.28,"6'4""",2.28,plays_taller,76.28,"6'4""",2.28,plays_taller
2020,Tre King,Eastern Kentucky,66121,6-8,"6'8""",80.0,80.06,"6'8""",0.06,plays_at_height,80.06,"6'8""",0.06,plays_at_height
2020,Maros Zeliznak,Jacksonville St.,66123,6-11,"6'11""",83.0,77.01,"6'5""",-5.99,plays_shorter,77.01,"6'5""",-5.99,plays_shorter
2020,Victor Ohia Obioha,Pepperdine,66132,6-9,"6'9""",81.0,80.24,"6'8""",-0.76,plays_shorter,80.24,"6'8""",-0.76,plays_shorter
2020,Ludovic Dufeal,Gardner Webb,66138,6-8,"6'8""",80.0,82.13,"6'10""",2.13,plays_taller,82.13,"6'10""",2.13,plays_taller
2020,Curtis Holland III,High Point,66140,6-2,"6'2""",74.0,74.88,"6'3""",0.88,plays_taller,74.88,"6'3""",0.88,plays_taller
2020,Rob Peterson III,High Point,66141,6-6,"6'6""",78.0,77.35,"6'5""",-0.65,plays_at_height,77.35,"6'5""",-0.65,plays_at_height
2020,LJ Thorpe,UNC Asheville,66143,6-5,"6'5""",77.0,78.73,"6'7""",1.73,plays_taller,78.73,"6'7""",1.73,plays_taller
2020,Trevon Faulkner,Northern Kentucky,66144,6-3,"6'3""",75.0,76.94,"6'5""",1.94,plays_taller,76.94,"6'5""",1.94,plays_taller
2020,Adrian Nelson,Northern Kentucky,66145,6-7,"6'7""",79.0,81.59,"6'10""",2.59,plays_taller,81.59,"6'10""",2.59,plays_taller
2020,Bryant Mocaby,Northern Kentucky,66147,6-5,"6'5""",77.0,72.76,"6'1""",-4.24,plays_shorter,72.76,"6'1""",-4.24,plays_shorter
2020,Harrison Butler,Southern Utah,66149,6-5,"6'5""",77.0,78.56,"6'7""",1.56,plays_taller,78.56,"6'7""",1.56,plays_taller
2020,Sasha Stefanovic,Purdue,66152,6-4,"6'4""",76.0,75.33,"6'3""",-0.67,plays_at_height,75.33,"6'3""",-0.67,plays_at_height
2020,Jared Sherfield,Tennessee Tech,66155,6-5,"6'5""",77.0,75.6,"6'4""",-1.4,plays_shorter,75.6,"6'4""",-1.4,plays_shorter
2020,Richard Njoku,Navy,66156,6-7,"6'7""",79.0,79.1,"6'7""",0.1,plays_at_height,79.1,"6'7""",0.1,plays_at_height
2020,Marlon Taylor,LSU,66157,6-5,"6'5""",77.0,77.66,"6'6""",0.66,plays_at_height,77.66,"6'6""",0.66,plays_at_height
2020,Jaylin Andrews,Loyola MD,66159,6-4,"6'4""",76.0,75.91,"6'4""",-0.09,plays_at_height,75.91,"6'4""",-0.09,plays_at_height
2020,Kenneth Jones,Loyola MD,66161,6-0,"6'0""",72.0,73.62,"6'2""",1.62,plays_taller,73.62,"6'2""",1.62,plays_taller
2020,Javonte Smart,LSU,66163,6-4,"6'4""",76.0,75.03,"6'3""",-0.97,plays_shorter,75.03,"6'3""",-0.97,plays_shorter
2020,Tray Maddox Jr.,Oakland,66166,6-5,"6'5""",77.0,76.43,"6'4""",-0.57,plays_at_height,76.43,"6'4""",-0.57,plays_at_height
2020,Malik Martin,Charlotte,66168,6-6,"6'6""",78.0,76.97,"6'5""",-1.03,plays_shorter,76.97,"6'5""",-1.03,plays_shorter
2020,Cooper Robb,Charlotte,66169,6-1,"6'1""",73.0,76.16,"6'4""",3.16,plays_taller,76.16,"6'4""",3.16,plays_taller
2020,Jaylen Sebree,Florida Atlantic,66171,6-7,"6'7""",79.0,76.86,"6'5""",-2.14,plays_shorter,76.86,"6'5""",-2.14,plays_shorter
2020,Aaron Nesmith,Vanderbilt,66174,6-6,"6'6""",78.0,77.39,"6'5""",-0.61,plays_at_height,77.39,"6'5""",-0.61,plays_at_height
2020,Zep Jasper,Charleston,66178,6-1,"6'1""",73.0,74.5,"6'2""",1.5,plays_taller,74.5,"6'2""",1.5,plays_taller
2020,Kavonte Ivery,Georgia St.,66180,6-6,"6'6""",78.0,77.2,"6'5""",-0.8,plays_shorter,77.2,"6'5""",-0.8,plays_shorter
2020,Calvin Wishart,Georgia Southern,66182,6-2,"6'2""",74.0,75.1,"6'3""",1.1,plays_taller,75.1,"6'3""",1.1,plays_taller
2020,Elijah McCadden,Georgia Southern,66183,6-4,"6'4""",76.0,77.86,"6'6""",1.86,plays_taller,77.86,"6'6""",1.86,plays_taller
2020,Nelson Phillips,Georgia St.,66186,6-4,"6'4""",76.0,78.6,"6'7""",2.6,plays_taller,78.6,"6'7""",2.6,plays_taller
2020,Justin Hemsley,Hawaii,66188,6-6,"6'6""",78.0,78.36,"6'6""",0.36,plays_at_height,78.36,"6'6""",0.36,plays_at_height
2020,Jake Wojcik,Richmond,66191,6-4,"6'4""",76.0,75.5,"6'3""",-0.5,plays_at_height,75.5,"6'3""",-0.5,plays_at_height
2020,Andre Gustavson,Richmond,66193,6-4,"6'4""",76.0,77.15,"6'5""",1.15,plays_taller,77.15,"6'5""",1.15,plays_taller
2020,Omar Silverio,Hofstra,66196,6-3,"6'3""",75.0,74.32,"6'2""",-0.68,plays_at_height,74.32,"6'2""",-0.68,plays_at_height
2020,Samba Diallo,Massachusetts,66198,6-7,"6'7""",79.0,78.64,"6'7""",-0.36,plays_at_height,78.64,"6'7""",-0.36,plays_at_height
2020,Michael Devoe,Georgia Tech,66200,6-5,"6'5""",77.0,75.6,"6'4""",-1.4,plays_shorter,75.6,"6'4""",-1.4,plays_shorter
2020,Diego Willis,NJIT,66201,6-4,"6'4""",76.0,75.45,"6'3""",-0.55,plays_at_height,75.45,"6'3""",-0.55,plays_at_height
2020,Joey Baker,Duke,66202,6-7,"6'7""",79.0,74.35,"6'2""",-4.65,plays_shorter,74.35,"6'2""",-4.65,plays_shorter
2020,Devin Vassell,Florida St.,66203,6-7,"6'7""",79.0,79.95,"6'8""",0.95,plays_taller,79.95,"6'8""",0.95,plays_taller
2020,Myles Dread,Penn St.,66208,6-4,"6'4""",76.0,76.45,"6'4""",0.45,plays_at_height,76.45,"6'4""",0.45,plays_at_height
2020,Ryan Young,Northwestern,66209,6-10,"6'10""",82.0,79.38,"6'7""",-2.62,plays_shorter,79.38,"6'7""",-2.62,plays_shorter
2020,Miller Kopp,Northwestern,66210,6-7,"6'7""",79.0,74.85,"6'3""",-4.15,plays_shorter,74.85,"6'3""",-4.15,plays_shorter
2020,Luther Muhammad,Ohio St.,66211,6-3,"6'3""",75.0,75.33,"6'3""",0.33,plays_at_height,75.33,"6'3""",0.33,plays_at_height
2020,Pete Nance,Northwestern,66212,6-10,"6'10""",82.0,79.37,"6'7""",-2.63,plays_shorter,79.37,"6'7""",-2.63,plays_shorter
2020,Justin Ahrens,Ohio St.,66213,6-5,"6'5""",77.0,75.45,"6'3""",-1.55,plays_shorter,75.45,"6'3""",-1.55,plays_shorter
2020,Duane Washington Jr.,Ohio St.,66214,6-3,"6'3""",75.0,75.51,"6'4""",0.51,plays_at_height,75.51,"6'4""",0.51,plays_at_height
2020,Myreon Jones,Penn St.,66215,6-3,"6'3""",75.0,76.01,"6'4""",1.01,plays_taller,76.01,"6'4""",1.01,plays_taller
2020,Jaedon LeDee,TCU,66216,6-9,"6'9""",81.0,81.01,"6'9""",0.01,plays_at_height,81.01,"6'9""",0.01,plays_at_height
2020,John Knight III,Southern Utah,66218,6-3,"6'3""",75.0,78.57,"6'7""",3.57,plays_taller,78.57,"6'7""",3.57,plays_taller
2020,Jules Bernard,UCLA,66219,6-6,"6'6""",78.0,77.68,"6'6""",-0.32,plays_at_height,77.68,"6'6""",-0.32,plays_at_height
2020,Kyle Lofton,St. Bonaventure,66221,6-3,"6'3""",75.0,75.74,"6'4""",0.74,plays_at_height,75.74,"6'4""",0.74,plays_at_height
2020,Kabir Mohammed,Missouri St.,66224,6-5,"6'5""",77.0,78.64,"6'7""",1.64,plays_taller,78.64,"6'7""",1.64,plays_taller
2020,Jordan McCabe,West Virginia,66225,6-0,"6'0""",72.0,74.8,"6'3""",2.8,plays_taller,74.8,"6'3""",2.8,plays_taller
2020,Emmitt Matthews Jr.,West Virginia,66226,6-7,"6'7""",79.0,77.96,"6'6""",-1.04,plays_shorter,77.96,"6'6""",-1.04,plays_shorter
2020,Trey Doomes,Chattanooga,66228,6-3,"6'3""",75.0,79.45,"6'7""",4.45,plays_taller,79.45,"6'7""",4.45,plays_taller
2020,Derek Culver,West Virginia,66229,6-10,"6'10""",82.0,82.04,"6'10""",0.04,plays_at_height,82.04,"6'10""",0.04,plays_at_height
2020,Carter Hendricksen,North Florida,66234,6-7,"6'7""",79.0,77.44,"6'5""",-1.56,plays_shorter,77.44,"6'5""",-1.56,plays_shorter
2020,Dorian James,North Florida,66235,6-7,"6'7""",79.0,77.52,"6'6""",-1.48,plays_shorter,77.52,"6'6""",-1.48,plays_shorter
2020,Dan Fotu,Saint Mary's,66238,6-7,"6'7""",79.0,78.57,"6'7""",-0.43,plays_at_height,78.57,"6'7""",-0.43,plays_at_height
2020,Matthias Tass,Saint Mary's,66240,6-10,"6'10""",82.0,79.5,"6'8""",-2.5,plays_shorter,79.5,"6'8""",-2.5,plays_shorter
2020,Brendan Bailey,Marquette,66242,6-8,"6'8""",80.0,78.82,"6'7""",-1.18,plays_shorter,78.82,"6'7""",-1.18,plays_shorter
2020,Ugo Obineke,Kennesaw St.,66243,6-6,"6'6""",78.0,75.4,"6'3""",-2.6,plays_shorter,75.4,"6'3""",-2.6,plays_shorter
2020,Antonio Spencer,Kennesaw St.,66244,6-9,"6'9""",81.0,79.82,"6'8""",-1.18,plays_shorter,79.82,"6'8""",-1.18,plays_shorter
2020,Dane Goodwin,Notre Dame,66245,6-6,"6'6""",78.0,75.61,"6'4""",-2.39,plays_shorter,75.61,"6'4""",-2.39,plays_shorter
2020,Malik Jefferson,Mount St. Mary's,66246,6-9,"6'9""",81.0,79.61,"6'8""",-1.39,plays_shorter,79.61,"6'8""",-1.39,plays_shorter
2020,Collin Nnamene,Mount St. Mary's,66249,6-9,"6'9""",81.0,78.01,"6'6""",-2.99,plays_shorter,78.01,"6'6""",-2.99,plays_shorter
2020,Kris Wooten,Elon,66250,6-3,"6'3""",75.0,74.5,"6'3""",-0.5,plays_at_height,74.5,"6'3""",-0.5,plays_at_height
2020,Bryce Washington,Penn,66251,6-4,"6'4""",76.0,76.75,"6'5""",0.75,plays_at_height,76.75,"6'5""",0.75,plays_at_height
2020,Anthony Crump,Middle Tennessee,66252,6-8,"6'8""",80.0,78.11,"6'6""",-1.89,plays_shorter,78.11,"6'6""",-1.89,plays_shorter
2020,Kyle Colvin,Cal Poly,66253,6-6,"6'6""",78.0,75.25,"6'3""",-2.75,plays_shorter,75.25,"6'3""",-2.75,plays_shorter
2020,Wayne Arnold,Cal St. Fullerton,66254,6-4,"6'4""",76.0,74.79,"6'3""",-1.21,plays_shorter,74.79,"6'3""",-1.21,plays_shorter
2020,Elijah Harkless,Cal St. Northridge,66255,6-4,"6'4""",76.0,77.24,"6'5""",1.24,plays_taller,77.24,"6'5""",1.24,plays_taller
2020,Darius Brown II,Cal St. Northridge,66256,6-1,"6'1""",73.0,75.15,"6'3""",2.15,plays_taller,75.15,"6'3""",2.15,plays_taller
2020,Michael Ou,Cal St. Northridge,66259,6-9,"6'9""",81.0,77.28,"6'5""",-3.72,plays_shorter,77.28,"6'5""",-3.72,plays_shorter
2020,Brendan Harrick,Cal St. Northridge,66260,6-5,"6'5""",77.0,74.35,"6'2""",-2.65,plays_shorter,74.35,"6'2""",-2.65,plays_shorter
2020,Jeameril Wilson,Lehigh,66263,6-7,"6'7""",79.0,78.31,"6'6""",-0.69,plays_at_height,78.31,"6'6""",-0.69,plays_at_height
2020,Tyrone Perry,Lafayette,66264,6-1,"6'1""",73.0,74.85,"6'3""",1.85,plays_taller,74.85,"6'3""",1.85,plays_taller
2020,DeAndre Williams,Evansville,66266,6-9,"6'9""",81.0,80.93,"6'9""",-0.07,plays_at_height,80.93,"6'9""",-0.07,plays_at_height
2020,Nic Lynch,Lehigh,66267,6-11,"6'11""",83.0,78.04,"6'6""",-4.96,plays_shorter,78.04,"6'6""",-4.96,plays_shorter
2020,Trey McGowens,Pittsburgh,66273,6-4,"6'4""",76.0,76.47,"6'4""",0.47,plays_at_height,76.47,"6'4""",0.47,plays_at_height
2020,Kameron Gibson,Western Carolina,66280,6-3,"6'3""",75.0,73.97,"6'2""",-1.03,plays_shorter,73.97,"6'2""",-1.03,plays_shorter
2020,Jake Stephens,VMI,66281,6-9,"6'9""",81.0,79.67,"6'8""",-1.33,plays_shorter,79.67,"6'8""",-1.33,plays_shorter
2020,Carlos Dotson,Western Carolina,66282,6-7,"6'7""",79.0,80.58,"6'9""",1.58,plays_taller,80.58,"6'9""",1.58,plays_taller
2020,Ryan Larson,Wofford,66283,6-1,"6'1""",73.0,75.54,"6'4""",2.54,plays_taller,75.54,"6'4""",2.54,plays_taller
2020,Isaiah Bigelow,Wofford,66285,6-7,"6'7""",79.0,78.64,"6'7""",-0.36,plays_at_height,78.64,"6'7""",-0.36,plays_at_height
2020,Messiah Jones,Wofford,66286,6-6,"6'6""",78.0,81.96,"6'10""",3.96,plays_taller,81.96,"6'10""",3.96,plays_taller
2020,SK Shittu,Central Arkansas,66288,6-9,"6'9""",81.0,78.27,"6'6""",-2.73,plays_shorter,78.27,"6'6""",-2.73,plays_shorter
2020,Jericole Hellems,N.C. State,66289,6-7,"6'7""",79.0,76.92,"6'5""",-2.08,plays_shorter,76.92,"6'5""",-2.08,plays_shorter
2020,Tyrese Martin,Rhode Island,66292,6-6,"6'6""",78.0,78.19,"6'6""",0.19,plays_at_height,78.19,"6'6""",0.19,plays_at_height
2020,Dana Tate,Rhode Island,66293,6-7,"6'7""",79.0,76.67,"6'5""",-2.33,plays_shorter,76.67,"6'5""",-2.33,plays_shorter
2020,Jamal Hartwell II,George Mason,66294,5-10,"5'10""",70.0,73.63,"6'2""",3.63,plays_taller,73.63,"6'2""",3.63,plays_taller
2020,Jordan Miller,George Mason,66295,6-6,"6'6""",78.0,77.63,"6'6""",-0.37,plays_at_height,77.63,"6'6""",-0.37,plays_at_height
2020,Elijah McNamara,Miami OH,66299,6-9,"6'9""",81.0,78.52,"6'7""",-2.48,plays_shorter,78.52,"6'7""",-2.48,plays_shorter
2020,Mekhi Lairy,Miami OH,66300,5-8,"5'8""",68.0,75.32,"6'3""",7.32,plays_taller,75.32,"6'3""",7.32,plays_taller
2020,Myja White,Miami OH,66301,6-1,"6'1""",73.0,74.0,"6'2""",1.0,plays_taller,74.0,"6'2""",1.0,plays_taller
2020,Anthony Roberts,Kent St.,66302,6-4,"6'4""",76.0,75.51,"6'4""",-0.49,plays_at_height,75.51,"6'4""",-0.49,plays_at_height
2020,Malik Miller,Morgan St.,66304,6-4,"6'4""",76.0,79.16,"6'7""",3.16,plays_taller,79.16,"6'7""",3.16,plays_taller
2020,Tajion Jones,UNC Asheville,66305,6-5,"6'5""",77.0,77.03,"6'5""",0.03,plays_at_height,77.03,"6'5""",0.03,plays_at_height
2020,Brock Cunningham,Texas,66308,6-6,"6'6""",78.0,78.07,"6'6""",0.07,plays_at_height,78.07,"6'6""",0.07,plays_at_height
2020,Aleks Novakovich,Delaware,66309,6-9,"6'9""",81.0,75.56,"6'4""",-5.44,plays_shorter,75.56,"6'4""",-5.44,plays_shorter
2020,KJ Simon,Troy,66311,6-3,"6'3""",75.0,77.57,"6'6""",2.57,plays_taller,77.57,"6'6""",2.57,plays_taller
2020,Raymond Bethea Jr.,Howard,66312,6-6,"6'6""",78.0,76.22,"6'4""",-1.78,plays_shorter,76.22,"6'4""",-1.78,plays_shorter
2020,Alex Vilarino,Boston University,66314,6-2,"6'2""",74.0,75.43,"6'3""",1.43,plays_taller,75.43,"6'3""",1.43,plays_taller
2020,Au'Diese Toney,Pittsburgh,66315,6-6,"6'6""",78.0,77.59,"6'6""",-0.41,plays_at_height,77.59,"6'6""",-0.41,plays_at_height
2020,Trey Wertz,Santa Clara,66317,6-4,"6'4""",76.0,75.52,"6'4""",-0.48,plays_at_height,75.52,"6'4""",-0.48,plays_at_height
2020,Keshawn Justice,Santa Clara,66318,6-7,"6'7""",79.0,75.61,"6'4""",-3.39,plays_shorter,75.61,"6'4""",-3.39,plays_shorter
2020,Guglielmo Caruso,Santa Clara,66320,6-11,"6'11""",83.0,80.49,"6'8""",-2.51,plays_shorter,80.49,"6'8""",-2.51,plays_shorter
2020,Karrington Wallace,Central Connecticut,66325,6-7,"6'7""",79.0,78.69,"6'7""",-0.31,plays_at_height,78.69,"6'7""",-0.31,plays_at_height
2020,Jake Wolfe,Lipscomb,66327,6-5,"6'5""",77.0,74.34,"6'2""",-2.66,plays_shorter,74.34,"6'2""",-2.66,plays_shorter
2020,Brandon Powell,Fairleigh Dickinson,66328,6-2,"6'2""",74.0,75.78,"6'4""",1.78,plays_taller,75.78,"6'4""",1.78,plays_taller
2020,Bassel Saliba Jr.,Fairleigh Dickinson,66329,6-4,"6'4""",76.0,75.11,"6'3""",-0.89,plays_shorter,75.11,"6'3""",-0.89,plays_shorter
2020,Vado Morse,Mount St. Mary's,66331,6-0,"6'0""",72.0,74.17,"6'2""",2.17,plays_taller,74.17,"6'2""",2.17,plays_taller
2020,Trajan Wesley,Louisiana,66332,5-9,"5'9""",69.0,74.89,"6'3""",5.89,plays_taller,74.89,"6'3""",5.89,plays_taller
2020,Lamar Norman Jr.,Duquesne,66334,6-3,"6'3""",75.0,75.02,"6'3""",0.02,plays_at_height,75.02,"6'3""",0.02,plays_at_height
2020,Reece Wilkinson,Tennessee Tech,66335,6-9,"6'9""",81.0,78.41,"6'6""",-2.59,plays_shorter,78.41,"6'6""",-2.59,plays_shorter
2020,Micheal Anumba,Winthrop,66337,6-4,"6'4""",76.0,76.8,"6'5""",0.8,plays_taller,76.8,"6'5""",0.8,plays_taller
2020,Jaalam Hill,Cleveland St.,66338,6-7,"6'7""",79.0,77.68,"6'6""",-1.32,plays_shorter,77.68,"6'6""",-1.32,plays_shorter
2020,Rashad Williams,Oakland,66339,6-2,"6'2""",74.0,73.81,"6'2""",-0.19,plays_at_height,73.81,"6'2""",-0.19,plays_at_height
2020,Dawson Carper,Hawaii,66341,7-0,"7'0""",84.0,80.0,"6'8""",-4.0,plays_shorter,80.0,"6'8""",-4.0,plays_shorter
2020,Theo Akwuba,Portland,66344,6-11,"6'11""",83.0,81.2,"6'9""",-1.8,plays_shorter,81.2,"6'9""",-1.8,plays_shorter
2020,Elijah Weaver,USC,66345,6-6,"6'6""",78.0,75.15,"6'3""",-2.85,plays_shorter,75.15,"6'3""",-2.85,plays_shorter
2020,Walter Ellis,Bucknell,66346,6-5,"6'5""",77.0,77.17,"6'5""",0.17,plays_at_height,77.17,"6'5""",0.17,plays_at_height
2020,Andrew Funk,Bucknell,66347,6-5,"6'5""",77.0,75.33,"6'3""",-1.67,plays_shorter,75.33,"6'3""",-1.67,plays_shorter
2020,Fletcher Tynen,Boston University,66349,6-7,"6'7""",79.0,77.52,"6'6""",-1.48,plays_shorter,77.52,"6'6""",-1.48,plays_shorter
2020,Tucker Richardson,Colgate,66351,6-5,"6'5""",77.0,76.31,"6'4""",-0.69,plays_at_height,76.31,"6'4""",-0.69,plays_at_height
2020,Kahliel Spear,Bucknell,66352,6-7,"6'7""",79.0,79.91,"6'8""",0.91,plays_taller,79.91,"6'8""",0.91,plays_taller
2020,Marlon Hargis,Holy Cross,66354,6-7,"6'7""",79.0,76.0,"6'4""",-3.0,plays_shorter,76.0,"6'4""",-3.0,plays_shorter
2020,Ben Vander Plas,Ohio,66356,6-8,"6'8""",80.0,79.41,"6'7""",-0.59,plays_at_height,79.41,"6'7""",-0.59,plays_at_height
2020,LaQuill Hardnett,Buffalo,66357,6-8,"6'8""",80.0,79.41,"6'7""",-0.59,plays_at_height,79.41,"6'7""",-0.59,plays_at_height
2020,Joe Pleasant,Abilene Christian,66361,6-8,"6'8""",80.0,77.7,"6'6""",-2.3,plays_shorter,77.7,"6'6""",-2.3,plays_shorter
2020,Clay Gayman,Abilene Christian,66362,6-6,"6'6""",78.0,80.3,"6'8""",2.3,plays_taller,80.3,"6'8""",2.3,plays_taller
2020,Yor Anei,Oklahoma St.,66363,6-10,"6'10""",82.0,82.45,"6'10""",0.45,plays_at_height,82.45,"6'10""",0.45,plays_at_height
2020,Joe Reece,Old Dominion,66364,6-8,"6'8""",80.0,78.81,"6'7""",-1.19,plays_shorter,78.81,"6'7""",-1.19,plays_shorter
2020,Jason Wade,Old Dominion,66365,6-5,"6'5""",77.0,79.28,"6'7""",2.28,plays_taller,79.28,"6'7""",2.28,plays_taller
2020,Kalu Ezikpe,Old Dominion,66367,6-8,"6'8""",80.0,80.77,"6'9""",0.77,plays_taller,80.77,"6'9""",0.77,plays_taller
2020,Nicolas Timberlake,Towson,66368,6-4,"6'4""",76.0,77.17,"6'5""",1.17,plays_taller,77.17,"6'5""",1.17,plays_taller
2020,Javon Pickett,Missouri,66370,6-5,"6'5""",77.0,76.65,"6'5""",-0.35,plays_at_height,76.65,"6'5""",-0.35,plays_at_height
2020,Isaac Suffren,Lafayette,66372,6-4,"6'4""",76.0,75.69,"6'4""",-0.31,plays_at_height,75.69,"6'4""",-0.31,plays_at_height
2020,Tyger Campbell,UCLA,66375,5-11,"5'11""",71.0,74.08,"6'2""",3.08,plays_taller,74.08,"6'2""",3.08,plays_taller
2020,Duncan LeXander,Charleston Southern,66376,6-8,"6'8""",80.0,75.59,"6'4""",-4.41,plays_shorter,75.59,"6'4""",-4.41,plays_shorter
2020,Dontrell Shuler,Charleston Southern,66378,6-2,"6'2""",74.0,75.14,"6'3""",1.14,plays_taller,75.14,"6'3""",1.14,plays_taller
2020,Sadarius Bowser,Charleston Southern,66379,6-9,"6'9""",81.0,77.96,"6'6""",-3.04,plays_shorter,77.96,"6'6""",-3.04,plays_shorter
2020,Mitch Prendergast,Mercer,66383,6-0,"6'0""",72.0,72.52,"6'1""",0.52,plays_at_height,72.52,"6'1""",0.52,plays_at_height
2020,Dominick Welch,St. Bonaventure,66384,6-5,"6'5""",77.0,77.89,"6'6""",0.89,plays_taller,77.89,"6'6""",0.89,plays_taller
2020,John Walker III,Texas Southern,66387,6-9,"6'9""",81.0,78.15,"6'6""",-2.85,plays_shorter,78.15,"6'6""",-2.85,plays_shorter
2020,Noah Gurley,Furman,66388,6-8,"6'8""",80.0,78.86,"6'7""",-1.14,plays_shorter,78.86,"6'7""",-1.14,plays_shorter
2020,Trey Wood,Portland St.,66392,6-9,"6'9""",81.0,76.39,"6'4""",-4.61,plays_shorter,76.39,"6'4""",-4.61,plays_shorter
2020,Sherwyn Devonish,Morgan St.,66393,6-1,"6'1""",73.0,75.47,"6'3""",2.47,plays_taller,75.47,"6'3""",2.47,plays_taller
2020,Shareef O'Neal,UCLA,66394,6-9,"6'9""",81.0,79.6,"6'8""",-1.4,plays_shorter,79.6,"6'8""",-1.4,plays_shorter
2020,Isaiah Burke,Morgan St.,66395,6-1,"6'1""",73.0,75.73,"6'4""",2.73,plays_taller,75.73,"6'4""",2.73,plays_taller
2020,Gerrale Gates,New Orleans,66398,6-6,"6'6""",78.0,77.12,"6'5""",-0.88,plays_shorter,77.12,"6'5""",-0.88,plays_shorter
2020,Ty Perry,Fordham,66399,6-3,"6'3""",75.0,76.11,"6'4""",1.11,plays_taller,76.11,"6'4""",1.11,plays_taller
2020,Chris Austin,Fordham,66400,6-4,"6'4""",76.0,75.57,"6'4""",-0.43,plays_at_height,75.57,"6'4""",-0.43,plays_at_height
2020,Jalen Cobb,Fordham,66401,6-1,"6'1""",73.0,76.01,"6'4""",3.01,plays_taller,76.01,"6'4""",3.01,plays_taller
2020,Sincere Carry,Duquesne,66402,6-1,"6'1""",73.0,75.45,"6'3""",2.45,plays_taller,75.45,"6'3""",2.45,plays_taller
2020,Zach Thornhill,Nebraska Omaha,66404,6-4,"6'4""",76.0,77.32,"6'5""",1.32,plays_taller,77.32,"6'5""",1.32,plays_taller
2020,Kessler Edwards,Pepperdine,66410,6-8,"6'8""",80.0,80.87,"6'9""",0.87,plays_taller,80.87,"6'9""",0.87,plays_taller
2020,Khalid Moore,Georgia Tech,66414,6-7,"6'7""",79.0,76.77,"6'5""",-2.23,plays_shorter,76.77,"6'5""",-2.23,plays_shorter
2020,Zeke Quinlan,Montana St.,66417,6-8,"6'8""",80.0,77.04,"6'5""",-2.96,plays_shorter,77.04,"6'5""",-2.96,plays_shorter
2020,Alex Caldwell,Southeast Missouri St.,66418,6-0,"6'0""",72.0,75.38,"6'3""",3.38,plays_taller,75.38,"6'3""",3.38,plays_taller
2020,Ayo Dosunmu,Illinois,66420,6-5,"6'5""",77.0,77.39,"6'5""",0.39,plays_at_height,77.39,"6'5""",0.39,plays_at_height
2020,Zion Young,Western Illinois,66422,6-4,"6'4""",76.0,76.15,"6'4""",0.15,plays_at_height,76.15,"6'4""",0.15,plays_at_height
2020,Jeremiah Saunders,Southeastern Louisiana,66424,6-3,"6'3""",75.0,74.05,"6'2""",-0.95,plays_shorter,74.05,"6'2""",-0.95,plays_shorter
2020,Kobe Dickson,Cornell,66426,6-9,"6'9""",81.0,78.12,"6'6""",-2.88,plays_shorter,78.12,"6'6""",-2.88,plays_shorter
2020,Jaylan Gainey,Brown,66428,6-9,"6'9""",81.0,83.91,"7'0""",2.91,plays_taller,83.91,"7'0""",2.91,plays_taller
2020,David Mitchell,Brown,66429,6-6,"6'6""",78.0,78.53,"6'7""",0.53,plays_at_height,78.53,"6'7""",0.53,plays_at_height
2020,Ike Nweke,Columbia,66432,6-7,"6'7""",79.0,78.86,"6'7""",-0.14,plays_at_height,78.86,"6'7""",-0.14,plays_at_height
2020,Matt Mims,South Dakota St.,66439,6-0,"6'0""",72.0,74.42,"6'2""",2.42,plays_taller,74.42,"6'2""",2.42,plays_taller
2020,Blake Verbeek,Holy Cross,66442,6-11,"6'11""",83.0,75.32,"6'3""",-7.68,plays_shorter,75.32,"6'3""",-7.68,plays_shorter
2020,Jayden Saddler,Southern,66444,6-0,"6'0""",72.0,77.0,"6'5""",5.0,plays_taller,77.0,"6'5""",5.0,plays_taller
2020,Patrick Emilien,Western Michigan,66445,6-6,"6'6""",78.0,78.71,"6'7""",0.71,plays_at_height,78.71,"6'7""",0.71,plays_at_height
2020,William Boyer-Richard,Western Michigan,66446,6-1,"6'1""",73.0,73.86,"6'2""",0.86,plays_taller,73.86,"6'2""",0.86,plays_taller
2020,Adrian Martin,Western Michigan,66447,6-3,"6'3""",75.0,75.16,"6'3""",0.16,plays_at_height,75.16,"6'3""",0.16,plays_at_height
2020,Kody Shubert,Presbyterian,66449,5-11,"5'11""",71.0,73.42,"6'1""",2.42,plays_taller,73.42,"6'1""",2.42,plays_taller
2020,Alex Arians,South Dakota St.,66450,6-4,"6'4""",76.0,76.17,"6'4""",0.17,plays_at_height,76.17,"6'4""",0.17,plays_at_height
2020,Elijah Hardy,Washington,66451,6-2,"6'2""",74.0,74.94,"6'3""",0.94,plays_taller,74.94,"6'3""",0.94,plays_taller
2020,Devin Hutchinson,Radford,66452,6-5,"6'5""",77.0,75.43,"6'3""",-1.57,plays_shorter,75.43,"6'3""",-1.57,plays_shorter
2020,Dalvin White,USC Upstate,66457,5-10,"5'10""",70.0,73.61,"6'2""",3.61,plays_taller,73.61,"6'2""",3.61,plays_taller
2020,Kur Kuath,Oklahoma,66460,6-10,"6'10""",82.0,83.84,"7'0""",1.84,plays_taller,83.84,"7'0""",1.84,plays_taller
2020,Jaxson Baker,Central Arkansas,66463,6-7,"6'7""",79.0,76.0,"6'4""",-3.0,plays_shorter,76.0,"6'4""",-3.0,plays_shorter
2020,Calvin Whipple,Fairfield,66466,6-4,"6'4""",76.0,75.4,"6'3""",-0.6,plays_at_height,75.4,"6'3""",-0.6,plays_at_height
2020,Brandon Morley,Utah Valley,66470,7-0,"7'0""",84.0,79.57,"6'8""",-4.43,plays_shorter,79.57,"6'8""",-4.43,plays_shorter
2020,Adam Kunkel,Belmont,66471,6-3,"6'3""",75.0,75.94,"6'4""",0.94,plays_taller,75.94,"6'4""",0.94,plays_taller
2020,Wanjang Tut,Nebraska Omaha,66472,6-8,"6'8""",80.0,77.84,"6'6""",-2.16,plays_shorter,77.84,"6'6""",-2.16,plays_shorter
2020,Dzmitry Ryuny,San Francisco,66473,6-9,"6'9""",81.0,77.39,"6'5""",-3.61,plays_shorter,77.39,"6'5""",-3.61,plays_shorter
2020,Kevin Obanor,Oral Roberts,66476,6-8,"6'8""",80.0,79.7,"6'8""",-0.3,plays_at_height,79.7,"6'8""",-0.3,plays_at_height
2020,Riley Battin,Utah,66477,6-9,"6'9""",81.0,77.58,"6'6""",-3.42,plays_shorter,77.58,"6'6""",-3.42,plays_shorter
2020,Vinnie Shahid,North Dakota St.,66478,5-11,"5'11""",71.0,75.07,"6'3""",4.07,plays_taller,75.07,"6'3""",4.07,plays_taller
2020,Finn Sullivan,San Diego,66479,6-4,"6'4""",76.0,75.8,"6'4""",-0.2,plays_at_height,75.8,"6'4""",-0.2,plays_at_height
2020,Manny Bates,N.C. State,66480,6-11,"6'11""",83.0,84.74,"7'1""",1.74,plays_taller,84.74,"7'1""",1.74,plays_taller
2020,Giorgi Bezhanishvili,Illinois,66482,6-9,"6'9""",81.0,78.58,"6'7""",-2.42,plays_shorter,78.58,"6'7""",-2.42,plays_shorter
2020,Aaron Wiggins,Maryland,66483,6-6,"6'6""",78.0,78.38,"6'6""",0.38,plays_at_height,78.38,"6'6""",0.38,plays_at_height
2020,Lahat Thioune,Utah,66484,6-10,"6'10""",82.0,79.41,"6'7""",-2.59,plays_shorter,79.41,"6'7""",-2.59,plays_shorter
2020,Eric Ayala,Maryland,66485,6-5,"6'5""",77.0,76.01,"6'4""",-0.99,plays_shorter,76.01,"6'4""",-0.99,plays_shorter
2020,Jr. Clay,Tennessee Tech,66486,6-0,"6'0""",72.0,75.5,"6'4""",3.5,plays_taller,75.5,"6'4""",3.5,plays_taller
2020,Sage Tolbert,Southeast Missouri St.,66488,6-8,"6'8""",80.0,80.64,"6'9""",0.64,plays_at_height,80.64,"6'9""",0.64,plays_at_height
2020,Matt Dentlinger,South Dakota St.,66491,6-8,"6'8""",80.0,80.25,"6'8""",0.25,plays_at_height,80.25,"6'8""",0.25,plays_at_height
2020,Joe Wieskamp,Iowa,66492,6-6,"6'6""",78.0,78.32,"6'6""",0.32,plays_at_height,78.32,"6'6""",0.32,plays_at_height
2020,Savion Lewis,Quinnipiac,66493,6-1,"6'1""",73.0,74.74,"6'3""",1.74,plays_taller,74.74,"6'3""",1.74,plays_taller
2020,Matt Balanc,Quinnipiac,66494,6-3,"6'3""",75.0,75.71,"6'4""",0.71,plays_at_height,75.71,"6'4""",0.71,plays_at_height
2020,CJ Fredrick,Iowa,66496,6-3,"6'3""",75.0,74.8,"6'3""",-0.2,plays_at_height,74.8,"6'3""",-0.2,plays_at_height
2020,Tyree Pickron,Quinnipiac,66499,6-3,"6'3""",75.0,73.74,"6'2""",-1.26,plays_shorter,73.74,"6'2""",-1.26,plays_shorter
2020,Tyrese Williams,Quinnipiac,66500,6-3,"6'3""",75.0,75.9,"6'4""",0.9,plays_taller,75.9,"6'4""",0.9,plays_taller
2020,Joel Ayayi,Gonzaga,66501,6-5,"6'5""",77.0,78.15,"6'6""",1.15,plays_taller,78.15,"6'6""",1.15,plays_taller
2020,Deon Ejim,Illinois Chicago,66502,6-6,"6'6""",78.0,79.64,"6'8""",1.64,plays_taller,79.64,"6'8""",1.64,plays_taller
2020,Miles Latimer,Stony Brook,66503,6-3,"6'3""",75.0,75.93,"6'4""",0.93,plays_taller,75.93,"6'4""",0.93,plays_taller
2020,R.J. Eytle-Rock,UMBC,66504,6-3,"6'3""",75.0,75.63,"6'4""",0.63,plays_at_height,75.63,"6'4""",0.63,plays_at_height
2020,Stephane Ingo,Maine,66507,6-9,"6'9""",81.0,81.26,"6'9""",0.26,plays_at_height,81.26,"6'9""",0.26,plays_at_height
2020,Hunter Thompson,Wyoming,66508,6-10,"6'10""",82.0,76.95,"6'5""",-5.05,plays_shorter,76.95,"6'5""",-5.05,plays_shorter
2020,Jared Pearre,Cal St. Northridge,66509,6-9,"6'9""",81.0,78.59,"6'7""",-2.41,plays_shorter,78.59,"6'7""",-2.41,plays_shorter
2020,Jhery Matos,Dayton,66511,6-5,"6'5""",77.0,76.85,"6'5""",-0.15,plays_at_height,76.85,"6'5""",-0.15,plays_at_height
2020,Reggie Chaney,Arkansas,66513,6-8,"6'8""",80.0,80.83,"6'9""",0.83,plays_taller,80.83,"6'9""",0.83,plays_taller
2020,Dwayne Cohill,Dayton,66515,6-2,"6'2""",74.0,76.01,"6'4""",2.01,plays_taller,76.01,"6'4""",2.01,plays_taller
2020,Nygal Russell,Southeast Missouri St.,66517,6-4,"6'4""",76.0,76.45,"6'4""",0.45,plays_at_height,76.45,"6'4""",0.45,plays_at_height
2020,Cam Williams,SIU Edwardsville,66519,6-2,"6'2""",74.0,77.17,"6'5""",3.17,plays_taller,77.17,"6'5""",3.17,plays_taller
2020,Davids Atelbauers,North Dakota,66525,6-1,"6'1""",73.0,72.59,"6'1""",-0.41,plays_at_height,72.59,"6'1""",-0.41,plays_at_height
2020,Kevin Samuel,TCU,66527,6-11,"6'11""",83.0,85.09,"7'1""",2.09,plays_taller,85.09,"7'1""",2.09,plays_taller
2020,Darius Williams,Southern,66529,6-9,"6'9""",81.0,80.55,"6'9""",-0.45,plays_at_height,80.55,"6'9""",-0.45,plays_at_height
2020,Zach Nutall,Sam Houston St.,66530,6-3,"6'3""",75.0,77.03,"6'5""",2.03,plays_taller,77.03,"6'5""",2.03,plays_taller
2020,Ron Harper Jr.,Rutgers,66532,6-6,"6'6""",78.0,79.62,"6'8""",1.62,plays_taller,79.62,"6'8""",1.62,plays_taller
2020,Eddy Kayouloud,Central Arkansas,66535,6-7,"6'7""",79.0,78.0,"6'6""",-1.0,plays_shorter,78.0,"6'6""",-1.0,plays_shorter
2020,Xavier Bryant,Sam Houston St.,66537,6-0,"6'0""",72.0,76.47,"6'4""",4.47,plays_taller,76.47,"6'4""",4.47,plays_taller
2020,Garrison Wade,Dartmouth,66540,6-6,"6'6""",78.0,76.48,"6'4""",-1.52,plays_shorter,76.48,"6'4""",-1.52,plays_shorter
2020,Nate Hinton,Houston,66542,6-5,"6'5""",77.0,79.41,"6'7""",2.41,plays_taller,79.41,"6'7""",2.41,plays_taller
2020,Dean Noll,Cornell,66543,6-2,"6'2""",74.0,75.83,"6'4""",1.83,plays_taller,75.83,"6'4""",1.83,plays_taller
2020,Wes Slajchert,Dartmouth,66546,6-5,"6'5""",77.0,74.9,"6'3""",-2.1,plays_shorter,74.9,"6'3""",-2.1,plays_shorter
2020,Princewill Anosike,Howard,66549,6-9,"6'9""",81.0,78.43,"6'6""",-2.57,plays_shorter,78.43,"6'6""",-2.57,plays_shorter
2020,Andre Toure,Howard,66551,6-8,"6'8""",80.0,77.18,"6'5""",-2.82,plays_shorter,77.18,"6'5""",-2.82,plays_shorter
2020,David Singleton,UCLA,66556,6-4,"6'4""",76.0,74.25,"6'2""",-1.75,plays_shorter,74.25,"6'2""",-1.75,plays_shorter
2020,Nate Springs,Ohio,66558,6-10,"6'10""",82.0,76.65,"6'5""",-5.35,plays_shorter,76.65,"6'5""",-5.35,plays_shorter
2020,Buddy Boeheim,Syracuse,66561,6-6,"6'6""",78.0,74.47,"6'2""",-3.53,plays_shorter,74.47,"6'2""",-3.53,plays_shorter
2020,Both Gach,Utah,66562,6-6,"6'6""",78.0,76.79,"6'5""",-1.21,plays_shorter,76.79,"6'5""",-1.21,plays_shorter
2020,Tevin Brown,Murray St.,66563,6-5,"6'5""",77.0,77.34,"6'5""",0.34,plays_at_height,77.34,"6'5""",0.34,plays_at_height
2020,Bryce Wills,Stanford,66565,6-6,"6'6""",78.0,78.7,"6'7""",0.7,plays_at_height,78.7,"6'7""",0.7,plays_at_height
2020,Qon Murphy,Houston Christian,66567,6-5,"6'5""",77.0,74.77,"6'3""",-2.23,plays_shorter,74.77,"6'3""",-2.23,plays_shorter
2020,Benjamin Uloko,Houston Christian,66568,6-7,"6'7""",79.0,78.34,"6'6""",-0.66,plays_at_height,78.34,"6'6""",-0.66,plays_at_height
2020,Dwight Murray Jr.,Incarnate Word,66569,6-0,"6'0""",72.0,75.29,"6'3""",3.29,plays_taller,75.29,"6'3""",3.29,plays_taller
2020,Joseph Lanzi,Denver,66573,6-5,"6'5""",77.0,74.65,"6'3""",-2.35,plays_shorter,74.65,"6'3""",-2.35,plays_shorter
2020,Taelyr Gatlin,Denver,66574,6-3,"6'3""",75.0,74.31,"6'2""",-0.69,plays_at_height,74.31,"6'2""",-0.69,plays_at_height
2020,Jase Townsend,Denver,66575,6-3,"6'3""",75.0,75.53,"6'4""",0.53,plays_at_height,75.53,"6'4""",0.53,plays_at_height
2020,David Nzekwesi,Denver,66576,6-9,"6'9""",81.0,77.72,"6'6""",-3.28,plays_shorter,77.72,"6'6""",-3.28,plays_shorter
2020,Tionne Rollins,Purdue Fort Wayne,66577,6-2,"6'2""",74.0,74.6,"6'3""",0.6,plays_at_height,74.6,"6'3""",0.6,plays_at_height
2020,Jarred Godfrey,Purdue Fort Wayne,66578,6-5,"6'5""",77.0,76.92,"6'5""",-0.08,plays_at_height,76.92,"6'5""",-0.08,plays_at_height
2020,Jalen Hill,UCLA,66579,6-10,"6'10""",82.0,82.21,"6'10""",0.21,plays_at_height,82.21,"6'10""",0.21,plays_at_height
2020,Cody Riley,UCLA,66580,6-9,"6'9""",81.0,79.58,"6'8""",-1.42,plays_shorter,79.58,"6'8""",-1.42,plays_shorter
2020,Kolby Lee,BYU,66582,6-9,"6'9""",81.0,78.13,"6'6""",-2.87,plays_shorter,78.13,"6'6""",-2.87,plays_shorter
2020,Garrett Golday,Tennessee Tech,66583,6-7,"6'7""",79.0,75.79,"6'4""",-3.21,plays_shorter,75.79,"6'4""",-3.21,plays_shorter
2020,Jordan Campbell,Fresno St.,66587,6-3,"6'3""",75.0,75.78,"6'4""",0.78,plays_taller,75.78,"6'4""",0.78,plays_taller
2020,Jaxon Knotek,North Dakota St.,66589,6-6,"6'6""",78.0,76.89,"6'5""",-1.11,plays_shorter,76.89,"6'5""",-1.11,plays_shorter
2020,Sam Griesel,North Dakota St.,66592,6-6,"6'6""",78.0,77.13,"6'5""",-0.87,plays_shorter,77.13,"6'5""",-0.87,plays_shorter
2020,Gerald Liddell,Texas,66593,6-8,"6'8""",80.0,78.88,"6'7""",-1.12,plays_shorter,78.88,"6'7""",-1.12,plays_shorter
2020,Courtney Ramey,Texas,66594,6-3,"6'3""",75.0,76.25,"6'4""",1.25,plays_taller,76.25,"6'4""",1.25,plays_taller
2020,Kaleb Hunter,UNC Greensboro,66597,6-4,"6'4""",76.0,78.18,"6'6""",2.18,plays_taller,78.18,"6'6""",2.18,plays_taller
2020,Allin Blunt,UMass Lowell,66602,6-7,"6'7""",79.0,75.03,"6'3""",-3.97,plays_shorter,75.03,"6'3""",-3.97,plays_shorter
2020,Sam Sessoms,Binghamton,66606,6-0,"6'0""",72.0,75.12,"6'3""",3.12,plays_taller,75.12,"6'3""",3.12,plays_taller
2020,Kira Lewis Jr.,Alabama,66608,6-3,"6'3""",75.0,77.31,"6'5""",2.31,plays_taller,77.31,"6'5""",2.31,plays_taller
2020,Isaiah Joe,Arkansas,66609,6-5,"6'5""",77.0,76.59,"6'5""",-0.41,plays_at_height,76.59,"6'5""",-0.41,plays_at_height
2020,Desi Sills,Arkansas,66610,6-1,"6'1""",73.0,76.49,"6'4""",3.49,plays_taller,76.49,"6'4""",3.49,plays_taller
2020,Luka Brajkovic,Davidson,66612,6-10,"6'10""",82.0,79.86,"6'8""",-2.14,plays_shorter,79.86,"6'8""",-2.14,plays_shorter
2020,Ethan Henderson,Arkansas,66613,6-8,"6'8""",80.0,82.12,"6'10""",2.12,plays_taller,82.12,"6'10""",2.12,plays_taller
2020,Antoine Davis,Detroit Mercy,66614,6-1,"6'1""",73.0,74.15,"6'2""",1.15,plays_taller,74.15,"6'2""",1.15,plays_taller
2020,Chuck Hannah,Elon,66615,6-6,"6'6""",78.0,77.19,"6'5""",-0.81,plays_shorter,77.19,"6'5""",-0.81,plays_shorter
2020,Angus McWilliam,UC Riverside,66616,6-10,"6'10""",82.0,78.52,"6'7""",-3.48,plays_shorter,78.52,"6'7""",-3.48,plays_shorter
2020,Jemarl Baker Jr.,Arizona,66618,6-4,"6'4""",76.0,76.59,"6'5""",0.59,plays_at_height,76.59,"6'5""",0.59,plays_at_height
2020,Adam Thistlewood,Colorado St.,66620,6-6,"6'6""",78.0,76.59,"6'5""",-1.41,plays_shorter,76.59,"6'5""",-1.41,plays_shorter
2020,Taeshon Cherry,Arizona St.,66622,6-8,"6'8""",80.0,77.8,"6'6""",-2.2,plays_shorter,77.8,"6'6""",-2.2,plays_shorter
2020,Kendle Moore,Colorado St.,66624,5-10,"5'10""",70.0,74.85,"6'3""",4.85,plays_taller,74.85,"6'3""",4.85,plays_taller
2020,Cameron Shelton,Northern Arizona,66626,6-2,"6'2""",74.0,77.15,"6'5""",3.15,plays_taller,77.15,"6'5""",3.15,plays_taller
2020,Tre'Shon Smoots,Northern Colorado,66629,6-1,"6'1""",73.0,72.84,"6'1""",-0.16,plays_at_height,72.84,"6'1""",-0.16,plays_at_height
2020,Jared Rhoden,Seton Hall,66630,6-6,"6'6""",78.0,79.22,"6'7""",1.22,plays_taller,79.22,"6'7""",1.22,plays_taller
2020,Anthony Nelson,Seton Hall,66631,6-4,"6'4""",76.0,75.49,"6'3""",-0.51,plays_at_height,75.49,"6'3""",-0.51,plays_at_height
2020,Treavon Martin,SIU Edwardsville,66633,6-8,"6'8""",80.0,76.33,"6'4""",-3.67,plays_shorter,76.33,"6'4""",-3.67,plays_shorter
2020,Nigel Hawkins,UTEP,66636,6-4,"6'4""",76.0,76.86,"6'5""",0.86,plays_taller,76.86,"6'5""",0.86,plays_taller
2020,Daniel Sackey,Valparaiso,66639,5-9,"5'9""",69.0,74.7,"6'3""",5.7,plays_taller,74.7,"6'3""",5.7,plays_taller
2020,Vante Hendrix,New Mexico,66641,6-5,"6'5""",77.0,77.86,"6'6""",0.86,plays_taller,77.86,"6'6""",0.86,plays_taller
2020,Matthew Mayer,Baylor,66643,6-9,"6'9""",81.0,77.18,"6'5""",-3.82,plays_shorter,77.18,"6'5""",-3.82,plays_shorter
2020,Grant Basile,Wright St.,66645,6-9,"6'9""",81.0,80.33,"6'8""",-0.67,plays_at_height,80.33,"6'8""",-0.67,plays_at_height
2020,Bodie Hume,Northern Colorado,66650,6-6,"6'6""",78.0,78.08,"6'6""",0.08,plays_at_height,78.08,"6'6""",0.08,plays_at_height
2020,JayQuan McCloud,Green Bay,66652,6-2,"6'2""",74.0,75.39,"6'3""",1.39,plays_taller,75.39,"6'3""",1.39,plays_taller
2020,Sam Masten,Northern Colorado,66654,6-2,"6'2""",74.0,75.12,"6'3""",1.12,plays_taller,75.12,"6'3""",1.12,plays_taller
2020,Nelson Boachie-Yiadom,Davidson,66655,6-8,"6'8""",80.0,80.53,"6'9""",0.53,plays_at_height,80.53,"6'9""",0.53,plays_at_height
2020,Josh Roberts,St. John's,66656,6-9,"6'9""",81.0,82.7,"6'11""",1.7,plays_taller,82.7,"6'11""",1.7,plays_taller
2020,Matthue Cotton,Yale,66657,6-5,"6'5""",77.0,76.38,"6'4""",-0.62,plays_at_height,76.38,"6'4""",-0.62,plays_at_height
2020,Andy Pack,Elon,66659,6-4,"6'4""",76.0,73.94,"6'2""",-2.06,plays_shorter,73.94,"6'2""",-2.06,plays_shorter
2020,Aguek Arop,San Diego St.,66663,6-6,"6'6""",78.0,79.55,"6'8""",1.55,plays_taller,79.55,"6'8""",1.55,plays_taller
2020,Darius Allen,Tennessee Tech,66667,6-5,"6'5""",77.0,77.73,"6'6""",0.73,plays_at_height,77.73,"6'6""",0.73,plays_at_height
2020,Tyree Eady,North Dakota St.,66670,6-5,"6'5""",77.0,75.87,"6'4""",-1.13,plays_shorter,75.87,"6'4""",-1.13,plays_shorter
2020,Mack Anderson,Montana,66672,6-9,"6'9""",81.0,79.92,"6'8""",-1.08,plays_shorter,79.92,"6'8""",-1.08,plays_shorter
2020,Jalen Gabbidon,Yale,66675,6-5,"6'5""",77.0,77.48,"6'5""",0.48,plays_at_height,77.48,"6'5""",0.48,plays_at_height
2020,Emanuel Littles,North Alabama,66676,6-7,"6'7""",79.0,80.69,"6'9""",1.69,plays_taller,80.69,"6'9""",1.69,plays_taller
2020,Evan Battey,Colorado,66680,6-8,"6'8""",80.0,78.6,"6'7""",-1.4,plays_shorter,78.6,"6'7""",-1.4,plays_shorter
2020,Jaylen Richard,Charleston,66681,6-4,"6'4""",76.0,75.84,"6'4""",-0.16,plays_at_height,75.84,"6'4""",-0.16,plays_at_height
2020,Brandon Swaby,Incarnate Word,66682,6-3,"6'3""",75.0,75.25,"6'3""",0.25,plays_at_height,75.25,"6'3""",0.25,plays_at_height
2020,Daniel Love,Mercer,66684,6-3,"6'3""",75.0,76.16,"6'4""",1.16,plays_taller,76.16,"6'4""",1.16,plays_taller
2020,Andrew Taylor,Marshall,66685,6-3,"6'3""",75.0,76.38,"6'4""",1.38,plays_taller,76.38,"6'4""",1.38,plays_taller
2020,Keshaun Saunders,Toledo,66689,6-5,"6'5""",77.0,75.29,"6'3""",-1.71,plays_shorter,75.29,"6'3""",-1.71,plays_shorter
2020,Ivan Alipiev,Loyola Marymount,66694,6-8,"6'8""",80.0,77.15,"6'5""",-2.85,plays_shorter,77.15,"6'5""",-2.85,plays_shorter
2020,Alan Griffin,Illinois,66695,6-5,"6'5""",77.0,78.71,"6'7""",1.71,plays_taller,78.71,"6'7""",1.71,plays_taller
2020,Javian Davis,Alabama,66700,6-9,"6'9""",81.0,79.73,"6'8""",-1.27,plays_shorter,79.73,"6'8""",-1.27,plays_shorter
2020,Davion Buster,Lamar,66707,5-10,"5'10""",70.0,74.02,"6'2""",4.02,plays_taller,74.02,"6'2""",4.02,plays_taller
2020,Timmy Allen,Utah,66708,6-6,"6'6""",78.0,78.68,"6'7""",0.68,plays_at_height,78.68,"6'7""",0.68,plays_at_height
2020,Noah Kirkwood,Harvard,66709,6-7,"6'7""",79.0,75.87,"6'4""",-3.13,plays_shorter,75.87,"6'4""",-3.13,plays_shorter
2020,Tamell Pearson,UAB,66711,6-10,"6'10""",82.0,78.42,"6'6""",-3.58,plays_shorter,78.42,"6'6""",-3.58,plays_shorter
2020,D'Andre Bernard,Louisiana Monroe,67476,6-8,"6'8""",80.0,77.74,"6'6""",-2.26,plays_shorter,77.74,"6'6""",-2.26,plays_shorter
2020,Antione Lister,Prairie View A&M,67477,6-3,"6'3""",75.0,77.02,"6'5""",2.02,plays_taller,77.02,"6'5""",2.02,plays_taller
2020,Donel Cathcart III,Youngstown St.,67479,6-5,"6'5""",77.0,75.39,"6'3""",-1.61,plays_shorter,75.39,"6'3""",-1.61,plays_shorter
2020,Ricky Clemons,Campbell,67483,6-2,"6'2""",74.0,75.5,"6'3""",1.5,plays_taller,75.5,"6'3""",1.5,plays_taller
2020,Matt Johnson,Northern Colorado,67487,6-2,"6'2""",74.0,74.27,"6'2""",0.27,plays_at_height,74.27,"6'2""",0.27,plays_at_height
2020,Ivan Aurrecoechea,New Mexico St.,67493,6-8,"6'8""",80.0,79.83,"6'8""",-0.17,plays_at_height,79.83,"6'8""",-0.17,plays_at_height
2020,Mohamed Thiam,Iona,67496,6-9,"6'9""",81.0,77.43,"6'5""",-3.57,plays_shorter,77.43,"6'5""",-3.57,plays_shorter
2020,Ian Burke,Portland St.,67497,6-5,"6'5""",77.0,74.99,"6'3""",-2.01,plays_shorter,74.99,"6'3""",-2.01,plays_shorter
2020,Dallas Morgan,Central Michigan,67499,6-2,"6'2""",74.0,74.83,"6'3""",0.83,plays_taller,74.83,"6'3""",0.83,plays_taller
2020,Boubacar Toure,Eastern Michigan,67500,7-0,"7'0""",84.0,84.75,"7'1""",0.75,plays_at_height,84.75,"7'1""",0.75,plays_at_height
2020,Lavar Harewood,Portland,67502,6-3,"6'3""",75.0,76.36,"6'4""",1.36,plays_taller,76.36,"6'4""",1.36,plays_taller
2020,Christian Rohlehr,St. Francis NY,67507,6-9,"6'9""",81.0,82.55,"6'11""",1.55,plays_taller,82.55,"6'11""",1.55,plays_taller
2020,Mykhailo Yagodin,Maine,67509,6-5,"6'5""",77.0,74.85,"6'3""",-2.15,plays_shorter,74.85,"6'3""",-2.15,plays_shorter
2020,Rod Melton,Florida A&M,67511,6-1,"6'1""",73.0,74.7,"6'3""",1.7,plays_taller,74.7,"6'3""",1.7,plays_taller
2020,Chris Brandon,Detroit Mercy,67512,6-7,"6'7""",79.0,81.65,"6'10""",2.65,plays_taller,81.65,"6'10""",2.65,plays_taller
2020,Lamar Hamrick,Portland St.,67513,6-4,"6'4""",76.0,77.08,"6'5""",1.08,plays_taller,77.08,"6'5""",1.08,plays_taller
2020,Boe Nguidjol,Detroit Mercy,67515,6-8,"6'8""",80.0,78.04,"6'6""",-1.96,plays_shorter,78.04,"6'6""",-1.96,plays_shorter
2020,Jonas Harper,Boston University,67520,6-2,"6'2""",74.0,74.85,"6'3""",0.85,plays_taller,74.85,"6'3""",0.85,plays_taller
2020,Jervae Robinson,Washington St.,67521,6-2,"6'2""",74.0,75.1,"6'3""",1.1,plays_taller,75.1,"6'3""",1.1,plays_taller
2020,Leonard Harper-Baker,Southern Miss,67528,6-5,"6'5""",77.0,80.27,"6'8""",3.27,plays_taller,80.27,"6'8""",3.27,plays_taller
2020,Job Alexander,Cal Poly,67529,6-4,"6'4""",76.0,76.59,"6'5""",0.59,plays_at_height,76.59,"6'5""",0.59,plays_at_height
2020,Bernie Andre,Northern Arizona,67538,6-6,"6'6""",78.0,77.26,"6'5""",-0.74,plays_at_height,77.26,"6'5""",-0.74,plays_at_height
2020,Grant Weatherford,IU Indy,67542,6-2,"6'2""",74.0,75.63,"6'4""",1.63,plays_taller,75.63,"6'4""",1.63,plays_taller
2020,Rob Whitfield,UMKC,67548,6-3,"6'3""",75.0,74.74,"6'3""",-0.26,plays_at_height,74.74,"6'3""",-0.26,plays_at_height
2020,Greg Summers,Navy,67551,6-3,"6'3""",75.0,79.17,"6'7""",4.17,plays_taller,79.17,"6'7""",4.17,plays_taller
2020,John Carter Jr.,Navy,67553,6-3,"6'3""",75.0,75.85,"6'4""",0.85,plays_taller,75.85,"6'4""",0.85,plays_taller
2020,Rod Johnson,Chattanooga,67554,6-7,"6'7""",79.0,77.41,"6'5""",-1.59,plays_shorter,77.41,"6'5""",-1.59,plays_shorter
2020,Osi Nwachukwu,Sacramento St.,67555,6-5,"6'5""",77.0,78.05,"6'6""",1.05,plays_taller,78.05,"6'6""",1.05,plays_taller
2020,Jayce Johnson,Middle Tennessee,67557,6-5,"6'5""",77.0,77.88,"6'6""",0.88,plays_taller,77.88,"6'6""",0.88,plays_taller
2020,Jabari Narcis,UT Arlington,67560,6-9,"6'9""",81.0,81.19,"6'9""",0.19,plays_at_height,81.19,"6'9""",0.19,plays_at_height
2020,Josh Caldwell,Army,67565,6-2,"6'2""",74.0,77.22,"6'5""",3.22,plays_taller,77.22,"6'5""",3.22,plays_taller
2020,Jordan Coleman,Army,67566,6-6,"6'6""",78.0,74.89,"6'3""",-3.11,plays_shorter,74.89,"6'3""",-3.11,plays_shorter
2020,Youry White,Louisiana Monroe,67570,6-8,"6'8""",80.0,80.23,"6'8""",0.23,plays_at_height,80.23,"6'8""",0.23,plays_at_height
2020,Mubarak Muhammed,Louisiana Tech,67578,6-7,"6'7""",79.0,80.47,"6'8""",1.47,plays_taller,80.47,"6'8""",1.47,plays_taller
2020,Patrick Urey,Mercer,67582,6-6,"6'6""",78.0,76.73,"6'5""",-1.27,plays_shorter,76.73,"6'5""",-1.27,plays_shorter
2020,TJ Washington,Utah Valley,67603,6-0,"6'0""",72.0,74.88,"6'3""",2.88,plays_taller,74.88,"6'3""",2.88,plays_taller
2020,Darius Williams,Prairie View A&M,67616,6-0,"6'0""",72.0,76.14,"6'4""",4.14,plays_taller,76.14,"6'4""",4.14,plays_taller
2020,Tray Boyd III,East Tennessee St.,67619,6-4,"6'4""",76.0,76.06,"6'4""",0.06,plays_at_height,76.06,"6'4""",0.06,plays_at_height
2020,Isaiah Tisdale,East Tennessee St.,67621,6-1,"6'1""",73.0,78.61,"6'7""",5.61,plays_taller,78.61,"6'7""",5.61,plays_taller
2020,Frank Bertz,UCF,67623,6-5,"6'5""",77.0,76.41,"6'4""",-0.59,plays_at_height,76.41,"6'4""",-0.59,plays_at_height
2020,Zo Tyson,IU Indy,67627,6-9,"6'9""",81.0,78.85,"6'7""",-2.15,plays_shorter,78.85,"6'7""",-2.15,plays_shorter
2020,Radshad Davis,UT Arlington,67632,6-2,"6'2""",74.0,78.82,"6'7""",4.82,plays_taller,78.82,"6'7""",4.82,plays_taller
2020,Brian Warren,UT Arlington,67633,5-9,"5'9""",69.0,75.19,"6'3""",6.19,plays_taller,75.19,"6'3""",6.19,plays_taller
2020,Neemias Queta,Utah St.,67637,7-0,"7'0""",84.0,83.1,"6'11""",-0.9,plays_shorter,83.1,"6'11""",-0.9,plays_shorter
2020,Antun Maricevic,South Florida,67638,6-10,"6'10""",82.0,77.98,"6'6""",-4.02,plays_shorter,77.98,"6'6""",-4.02,plays_shorter
2020,Devon Andrews,FIU,67640,6-6,"6'6""",78.0,77.96,"6'6""",-0.04,plays_at_height,77.96,"6'6""",-0.04,plays_at_height
2020,Tyreek Scott-Grayson,UAB,67641,6-5,"6'5""",77.0,77.9,"6'6""",0.9,plays_taller,77.9,"6'6""",0.9,plays_taller
2020,Derek St. Hilaire,Jacksonville St.,67642,5-11,"5'11""",71.0,75.85,"6'4""",4.85,plays_taller,75.85,"6'4""",4.85,plays_taller
2020,Eli Abaev,Austin Peay,67645,6-8,"6'8""",80.0,80.4,"6'8""",0.4,plays_at_height,80.4,"6'8""",0.4,plays_at_height
2020,Abdou Ndiaye,Illinois St.,67647,6-9,"6'9""",81.0,82.01,"6'10""",1.01,plays_taller,82.01,"6'10""",1.01,plays_taller
2020,Robinson Idehen,UC Santa Barbara,67652,6-10,"6'10""",82.0,82.67,"6'11""",0.67,plays_at_height,82.67,"6'11""",0.67,plays_at_height
2020,Romain Boxus,Hartford,67656,6-6,"6'6""",78.0,75.2,"6'3""",-2.8,plays_shorter,75.2,"6'3""",-2.8,plays_shorter
2020,De'jon Davis,Cal Baptist,67658,6-7,"6'7""",79.0,79.49,"6'7""",0.49,plays_at_height,79.49,"6'7""",0.49,plays_at_height
2020,Fahim Jenneto,Delaware St.,67661,6-7,"6'7""",79.0,75.85,"6'4""",-3.15,plays_shorter,75.85,"6'4""",-3.15,plays_shorter
2020,Boban Jacdonmi,Southern Miss,67666,6-9,"6'9""",81.0,77.31,"6'5""",-3.69,plays_shorter,77.31,"6'5""",-3.69,plays_shorter
2020,Tyler Stevenson,Southern Miss,67668,6-8,"6'8""",80.0,80.2,"6'8""",0.2,plays_at_height,80.2,"6'8""",0.2,plays_at_height
2020,Brian Fobbs,Towson,67669,6-5,"6'5""",77.0,76.97,"6'5""",-0.03,plays_at_height,76.97,"6'5""",-0.03,plays_at_height
2020,Tyrece Radford,Virginia Tech,67673,6-1,"6'1""",73.0,79.78,"6'8""",6.78,plays_taller,79.78,"6'8""",6.78,plays_taller
2020,J'Von McCormick,Auburn,67678,6-0,"6'0""",72.0,76.59,"6'5""",4.59,plays_taller,76.59,"6'5""",4.59,plays_taller
2020,DeAnthony McCallum,Jacksonville,67685,6-4,"6'4""",76.0,75.91,"6'4""",-0.09,plays_at_height,75.91,"6'4""",-0.09,plays_at_height
2020,Trey Smith,San Jose St.,67692,6-3,"6'3""",75.0,72.82,"6'1""",-2.18,plays_shorter,72.82,"6'1""",-2.18,plays_shorter
2020,Ethan Esposito,Sacramento St.,67695,6-7,"6'7""",79.0,77.67,"6'6""",-1.33,plays_shorter,77.67,"6'6""",-1.33,plays_shorter
2020,Jahlil Rawley,Stetson,67699,6-4,"6'4""",76.0,77.73,"6'6""",1.73,plays_taller,77.73,"6'6""",1.73,plays_taller
2020,Willy Isiani,Detroit Mercy,67705,6-8,"6'8""",80.0,76.92,"6'5""",-3.08,plays_shorter,76.92,"6'5""",-3.08,plays_shorter
2020,Malik Hardy,Florida Gulf Coast,67706,6-3,"6'3""",75.0,77.47,"6'5""",2.47,plays_taller,77.47,"6'5""",2.47,plays_taller
2020,Garrett Sturtz,Drake,67707,6-3,"6'3""",75.0,78.65,"6'7""",3.65,plays_taller,78.65,"6'7""",3.65,plays_taller
2020,Anthony Murphy,Drake,67708,6-5,"6'5""",77.0,78.28,"6'6""",1.28,plays_taller,78.28,"6'6""",1.28,plays_taller
2020,Zach Walton,Drexel,67711,6-6,"6'6""",78.0,76.99,"6'5""",-1.01,plays_shorter,76.99,"6'5""",-1.01,plays_shorter
2020,Nate Louis,Charleston Southern,67714,5-11,"5'11""",71.0,72.81,"6'1""",1.81,plays_taller,72.81,"6'1""",1.81,plays_taller
2020,Ramiir Dixon-Conover,Saint Francis,67716,6-3,"6'3""",75.0,76.86,"6'5""",1.86,plays_taller,76.86,"6'5""",1.86,plays_taller
2020,Quintin Dove,Tennessee Martin,67718,6-8,"6'8""",80.0,79.23,"6'7""",-0.77,plays_shorter,79.23,"6'7""",-0.77,plays_shorter
2020,Chad Bowie,Sam Houston St.,67724,6-2,"6'2""",74.0,77.17,"6'5""",3.17,plays_taller,77.17,"6'5""",3.17,plays_taller
2020,Irshaad Hunte,Texas A&M Corpus Chris,67725,6-8,"6'8""",80.0,81.85,"6'10""",1.85,plays_taller,81.85,"6'10""",1.85,plays_taller
2020,Tony Lewis,Texas A&M Corpus Chris,67726,6-10,"6'10""",82.0,79.25,"6'7""",-2.75,plays_shorter,79.25,"6'7""",-2.75,plays_shorter
2020,Kai Mitchell,Sam Houston St.,67727,6-7,"6'7""",79.0,80.7,"6'9""",1.7,plays_taller,80.7,"6'9""",1.7,plays_taller
2020,Devonte Bandoo,Baylor,67729,6-3,"6'3""",75.0,76.7,"6'5""",1.7,plays_taller,76.7,"6'5""",1.7,plays_taller
2020,Ronald Lucas,Delaware St.,67735,6-6,"6'6""",78.0,76.88,"6'5""",-1.12,plays_shorter,76.88,"6'5""",-1.12,plays_shorter
2020,Vilgot Larsson,Maine,67736,6-8,"6'8""",80.0,75.92,"6'4""",-4.08,plays_shorter,75.92,"6'4""",-4.08,plays_shorter
2020,Trey Spencer,Campbell,67738,6-4,"6'4""",76.0,76.77,"6'5""",0.77,plays_taller,76.77,"6'5""",0.77,plays_taller
2020,Richardson Maitre,Florida Atlantic,67739,6-3,"6'3""",75.0,76.19,"6'4""",1.19,plays_taller,76.19,"6'4""",1.19,plays_taller
2020,Aleksandar Zecevic,Florida Atlantic,67740,6-10,"6'10""",82.0,78.9,"6'7""",-3.1,plays_shorter,78.9,"6'7""",-3.1,plays_shorter
2020,Silas Adheke,Northern Kentucky,67743,6-8,"6'8""",80.0,80.84,"6'9""",0.84,plays_taller,80.84,"6'9""",0.84,plays_taller
2020,Tyler Kidd,Eastern Washington,67746,5-9,"5'9""",69.0,74.4,"6'2""",5.4,plays_taller,74.4,"6'2""",5.4,plays_taller
2020,D.J. Wilkins,Drake,67748,6-2,"6'2""",74.0,74.67,"6'3""",0.67,plays_at_height,74.67,"6'3""",0.67,plays_at_height
2020,Tracy Hector Jr.,Florida Gulf Coast,67751,6-5,"6'5""",77.0,76.21,"6'4""",-0.79,plays_shorter,76.21,"6'4""",-0.79,plays_shorter
2020,Phillip Jones,Howard,67754,6-0,"6'0""",72.0,75.37,"6'3""",3.37,plays_taller,75.37,"6'3""",3.37,plays_taller
2020,Marvin Cannon,Washington St.,67757,6-5,"6'5""",77.0,77.78,"6'6""",0.78,plays_taller,77.78,"6'6""",0.78,plays_taller
2020,Bul Kuol,Cal Baptist,67759,6-7,"6'7""",79.0,75.16,"6'3""",-3.84,plays_shorter,75.16,"6'3""",-3.84,plays_shorter
2020,Nikola Maric,Little Rock,67764,6-10,"6'10""",82.0,78.56,"6'7""",-3.44,plays_shorter,78.56,"6'7""",-3.44,plays_shorter
2020,J.J. Matthews,Arkansas St.,67765,6-9,"6'9""",81.0,79.5,"6'7""",-1.5,plays_shorter,79.5,"6'7""",-1.5,plays_shorter
2020,Canberk Kus,Arkansas St.,67767,6-6,"6'6""",78.0,79.08,"6'7""",1.08,plays_taller,79.08,"6'7""",1.08,plays_taller
2020,Ty Gadsden,UNC Wilmington,67771,6-1,"6'1""",73.0,75.77,"6'4""",2.77,plays_taller,75.77,"6'4""",2.77,plays_taller
2020,Javae Lampkins,Texas A&M Corpus Chris,67772,6-1,"6'1""",73.0,73.66,"6'2""",0.66,plays_at_height,73.66,"6'2""",0.66,plays_at_height
2020,Jashawn Talton-Thomas,Texas A&M Corpus Chris,67773,6-5,"6'5""",77.0,77.15,"6'5""",0.15,plays_at_height,77.15,"6'5""",0.15,plays_at_height
2020,Terrell Brown,Seattle,67778,6-1,"6'1""",73.0,76.75,"6'5""",3.75,plays_taller,76.75,"6'5""",3.75,plays_taller
2020,Malik Brevard,Arkansas St.,67780,6-8,"6'8""",80.0,80.69,"6'9""",0.69,plays_at_height,80.69,"6'9""",0.69,plays_at_height
2020,A.J. Walker,Air Force,67787,6-2,"6'2""",74.0,76.15,"6'4""",2.15,plays_taller,76.15,"6'4""",2.15,plays_taller
2020,Brandon Mahan,UCF,67790,6-5,"6'5""",77.0,77.25,"6'5""",0.25,plays_at_height,77.25,"6'5""",0.25,plays_at_height
2020,Marlon Sierra,Bowling Green,67796,6-7,"6'7""",79.0,77.07,"6'5""",-1.93,plays_shorter,77.07,"6'5""",-1.93,plays_shorter
2020,Michael Laster,Bowling Green,67798,6-1,"6'1""",73.0,75.88,"6'4""",2.88,plays_taller,75.88,"6'4""",2.88,plays_taller
2020,Jake Hendricks,Wyoming,67800,6-5,"6'5""",77.0,74.74,"6'3""",-2.26,plays_shorter,74.74,"6'3""",-2.26,plays_shorter
2020,Mason Jones,Arkansas,67803,6-5,"6'5""",77.0,78.15,"6'6""",1.15,plays_taller,78.15,"6'6""",1.15,plays_taller
2020,Romaro Gill,Seton Hall,67804,7-2,"7'2""",86.0,84.65,"7'1""",-1.35,plays_shorter,84.65,"7'1""",-1.35,plays_shorter
2020,Michael Cubbage,Marist,67805,6-4,"6'4""",76.0,77.5,"6'6""",1.5,plays_taller,77.5,"6'6""",1.5,plays_taller
2020,Tyler Reynolds,Manhattan,67806,6-7,"6'7""",79.0,74.98,"6'3""",-4.02,plays_shorter,74.98,"6'3""",-4.02,plays_shorter
2020,Omar Lo,Cal Baptist,67808,6-9,"6'9""",81.0,78.9,"6'7""",-2.1,plays_shorter,78.9,"6'7""",-2.1,plays_shorter
2020,Keith McGee,New Mexico,67809,6-3,"6'3""",75.0,76.33,"6'4""",1.33,plays_taller,76.33,"6'4""",1.33,plays_taller
2020,Amari McCray,Pacific,67810,6-9,"6'9""",81.0,81.05,"6'9""",0.05,plays_at_height,81.05,"6'9""",0.05,plays_at_height
2020,KC Ndefo,Saint Peter's,67812,6-7,"6'7""",79.0,83.94,"7'0""",4.94,plays_taller,83.94,"7'0""",4.94,plays_taller
2020,Josh Aldrich,USC Upstate,67815,6-7,"6'7""",79.0,78.27,"6'6""",-0.73,plays_at_height,78.27,"6'6""",-0.73,plays_at_height
2020,J.J. Rhymes,Grand Canyon,67817,6-4,"6'4""",76.0,76.13,"6'4""",0.13,plays_at_height,76.13,"6'4""",0.13,plays_at_height
2020,RJ Smith,Sam Houston St.,67822,6-5,"6'5""",77.0,77.79,"6'6""",0.79,plays_taller,77.79,"6'6""",0.79,plays_taller
2020,Pape Diop,Southeastern Louisiana,67826,6-9,"6'9""",81.0,79.15,"6'7""",-1.85,plays_shorter,79.15,"6'7""",-1.85,plays_shorter
2020,Isaac Hippolyte,Coastal Carolina,67831,6-7,"6'7""",79.0,76.98,"6'5""",-2.02,plays_shorter,76.98,"6'5""",-2.02,plays_shorter
2020,Kyonze Chavis,Norfolk St.,67836,6-4,"6'4""",76.0,76.47,"6'4""",0.47,plays_at_height,76.47,"6'4""",0.47,plays_at_height
2020,Andre Jackson,North Carolina A&T,67837,6-4,"6'4""",76.0,76.21,"6'4""",0.21,plays_at_height,76.21,"6'4""",0.21,plays_at_height
2020,Ronald Jackson,North Carolina A&T,67838,6-8,"6'8""",80.0,82.66,"6'11""",2.66,plays_taller,82.66,"6'11""",2.66,plays_taller
2020,Max Rice,Boise St.,67842,6-5,"6'5""",77.0,75.23,"6'3""",-1.77,plays_shorter,75.23,"6'3""",-1.77,plays_shorter
2020,Jeremiah Bailey,Pacific,67850,6-6,"6'6""",78.0,78.44,"6'6""",0.44,plays_at_height,78.44,"6'6""",0.44,plays_at_height
2020,Jaylon Wilson,Longwood,67856,6-3,"6'3""",75.0,73.98,"6'2""",-1.02,plays_shorter,73.98,"6'2""",-1.02,plays_shorter
2020,Juan Cardenas,Bryant,67857,6-7,"6'7""",79.0,78.72,"6'7""",-0.28,plays_at_height,78.72,"6'7""",-0.28,plays_at_height
2020,Shabooty Phillips,Longwood,67858,6-1,"6'1""",73.0,74.73,"6'3""",1.73,plays_taller,74.73,"6'3""",1.73,plays_taller
2020,Chudier Bile,Northwestern St.,67861,6-6,"6'6""",78.0,80.58,"6'9""",2.58,plays_taller,80.58,"6'9""",2.58,plays_taller
2020,Josh McNair,Green Bay,67865,6-6,"6'6""",78.0,80.13,"6'8""",2.13,plays_taller,80.13,"6'8""",2.13,plays_taller
2020,Chidi Udengwu,Idaho St.,67867,6-7,"6'7""",79.0,79.06,"6'7""",0.06,plays_at_height,79.06,"6'7""",0.06,plays_at_height
2020,Gerard Andrus,Prairie View A&M,67872,6-5,"6'5""",77.0,79.07,"6'7""",2.07,plays_taller,79.07,"6'7""",2.07,plays_taller
2020,D.J. Mitchell,Hartford,67881,6-0,"6'0""",72.0,75.54,"6'4""",3.54,plays_taller,75.54,"6'4""",3.54,plays_taller
2020,Tyree White,Louisiana Monroe,67886,6-8,"6'8""",80.0,78.36,"6'6""",-1.64,plays_shorter,78.36,"6'6""",-1.64,plays_shorter
2020,Jeromy Rodriguez,East Tennessee St.,67892,6-7,"6'7""",79.0,81.12,"6'9""",2.12,plays_taller,81.12,"6'9""",2.12,plays_taller
2020,Freddie Gillespie,Baylor,67893,6-9,"6'9""",81.0,83.55,"7'0""",2.55,plays_taller,83.55,"7'0""",2.55,plays_taller
2020,A.J. Banks,Wyoming,67895,6-2,"6'2""",74.0,77.05,"6'5""",3.05,plays_taller,77.05,"6'5""",3.05,plays_taller
2020,Payton Youngblood,North Alabama,67898,6-5,"6'5""",77.0,77.25,"6'5""",0.25,plays_at_height,77.25,"6'5""",0.25,plays_at_height
2020,Kashawn Charles,Eastern Illinois,67900,6-1,"6'1""",73.0,74.49,"6'2""",1.49,plays_taller,74.49,"6'2""",1.49,plays_taller
2020,Jacob Tryon,Portland,67909,6-11,"6'11""",83.0,78.04,"6'6""",-4.96,plays_shorter,78.04,"6'6""",-4.96,plays_shorter
2020,Yilret Yiljep,American,67911,6-7,"6'7""",79.0,81.16,"6'9""",2.16,plays_taller,81.16,"6'9""",2.16,plays_taller
2020,Sean Flood,Longwood,67916,6-2,"6'2""",74.0,73.34,"6'1""",-0.66,plays_at_height,73.34,"6'1""",-0.66,plays_at_height
2020,Wil Sessoms,Milwaukee,67919,6-9,"6'9""",81.0,79.69,"6'8""",-1.31,plays_shorter,79.69,"6'8""",-1.31,plays_shorter
2020,Amir Allen,Milwaukee,67921,6-8,"6'8""",80.0,80.63,"6'9""",0.63,plays_at_height,80.63,"6'9""",0.63,plays_at_height
2020,Cameron Diggs,North Alabama,67923,6-8,"6'8""",80.0,77.6,"6'6""",-2.4,plays_shorter,77.6,"6'6""",-2.4,plays_shorter
2020,Aundre Hyatt,LSU,67927,6-5,"6'5""",77.0,77.8,"6'6""",0.8,plays_taller,77.8,"6'6""",0.8,plays_taller
2020,Jahmari Etienne,South Carolina St.,67931,6-3,"6'3""",75.0,74.88,"6'3""",-0.12,plays_at_height,74.88,"6'3""",-0.12,plays_at_height
2020,Trey Dawkins,Georgia Southern,67934,6-9,"6'9""",81.0,79.25,"6'7""",-1.75,plays_shorter,79.25,"6'7""",-1.75,plays_shorter
2020,Mark Tikhonenko,Sam Houston St.,67935,6-10,"6'10""",82.0,75.16,"6'3""",-6.84,plays_shorter,75.16,"6'3""",-6.84,plays_shorter
2020,Mike Jones,Davidson,67939,6-5,"6'5""",77.0,75.0,"6'3""",-2.0,plays_shorter,75.0,"6'3""",-2.0,plays_shorter
2020,Jonathan Scott,Chattanooga,67943,6-4,"6'4""",76.0,74.64,"6'3""",-1.36,plays_shorter,74.64,"6'3""",-1.36,plays_shorter
2020,Isaiah Crawley,Georgia Southern,67945,6-7,"6'7""",79.0,80.01,"6'8""",1.01,plays_taller,80.01,"6'8""",1.01,plays_taller
2020,Josiah Wallace,Eastern Illinois,67948,6-4,"6'4""",76.0,75.98,"6'4""",-0.02,plays_at_height,75.98,"6'4""",-0.02,plays_at_height
2020,Keandre Cook,Missouri St.,67950,6-5,"6'5""",77.0,77.29,"6'5""",0.29,plays_at_height,77.29,"6'5""",0.29,plays_at_height
2020,JaQualis Matlock,Eastern Illinois,67951,6-5,"6'5""",77.0,79.38,"6'7""",2.38,plays_taller,79.38,"6'7""",2.38,plays_taller
2020,Casson Rouse,Eastern Washington,67953,6-2,"6'2""",74.0,74.56,"6'3""",0.56,plays_at_height,74.56,"6'3""",0.56,plays_at_height
2020,Andrew Gordon,Louisiana Tech,67955,6-10,"6'10""",82.0,82.87,"6'11""",0.87,plays_taller,82.87,"6'11""",0.87,plays_taller
2020,Khalil Shabazz,San Francisco,67961,6-1,"6'1""",73.0,75.98,"6'4""",2.98,plays_taller,75.98,"6'4""",2.98,plays_taller
2020,Damian Chong Qui,Mount St. Mary's,67965,5-8,"5'8""",68.0,75.19,"6'3""",7.19,plays_taller,75.19,"6'3""",7.19,plays_taller
2020,Sal Nuhu,Portland St.,67969,6-8,"6'8""",80.0,81.71,"6'10""",1.71,plays_taller,81.71,"6'10""",1.71,plays_taller
2020,Amel Kuljuhovic,Southern,67970,6-10,"6'10""",82.0,79.06,"6'7""",-2.94,plays_shorter,79.06,"6'7""",-2.94,plays_shorter
2020,Lincoln Yeutter,Holy Cross,67974,6-2,"6'2""",74.0,73.94,"6'2""",-0.06,plays_at_height,73.94,"6'2""",-0.06,plays_at_height
2020,Ladan Ricketts,Montana St.,67975,6-5,"6'5""",77.0,75.02,"6'3""",-1.98,plays_shorter,75.02,"6'3""",-1.98,plays_shorter
2020,Aamahne Santos,Jacksonville,67977,5-10,"5'10""",70.0,73.7,"6'2""",3.7,plays_taller,73.7,"6'2""",3.7,plays_taller
2020,Drew Romich,Kennesaw St.,67982,6-9,"6'9""",81.0,76.1,"6'4""",-4.9,plays_shorter,76.1,"6'4""",-4.9,plays_shorter
2020,Zaire Mateen,Northern Illinois,67984,6-0,"6'0""",72.0,74.67,"6'3""",2.67,plays_taller,74.67,"6'3""",2.67,plays_taller
2020,Trendon Hankerson,Northern Illinois,67986,6-2,"6'2""",74.0,76.18,"6'4""",2.18,plays_taller,76.18,"6'4""",2.18,plays_taller
2020,Ben Perez,Iona,67992,6-4,"6'4""",76.0,75.57,"6'4""",-0.43,plays_at_height,75.57,"6'4""",-0.43,plays_at_height
2020,Tiandre Jackson-Young,UT Arlington,67994,6-4,"6'4""",76.0,77.41,"6'5""",1.41,plays_taller,77.41,"6'5""",1.41,plays_taller
2020,Leon Sneed,Prairie View A&M,67997,6-2,"6'2""",74.0,76.48,"6'4""",2.48,plays_taller,76.48,"6'4""",2.48,plays_taller
2020,Charles Norman,Troy,68000,6-2,"6'2""",74.0,74.32,"6'2""",0.32,plays_at_height,74.32,"6'2""",0.32,plays_at_height
2020,Ty Dalton,Houston Christian,68002,6-4,"6'4""",76.0,75.13,"6'3""",-0.87,plays_shorter,75.13,"6'3""",-0.87,plays_shorter
2020,Tate Hall,Loyola Chicago,68003,6-6,"6'6""",78.0,77.28,"6'5""",-0.72,plays_at_height,77.28,"6'5""",-0.72,plays_at_height
2020,Devonte Patterson,Prairie View A&M,68004,6-7,"6'7""",79.0,78.73,"6'7""",-0.27,plays_at_height,78.73,"6'7""",-0.27,plays_at_height
2020,Jare'l Spellman,Sacred Heart,68007,6-10,"6'10""",82.0,82.31,"6'10""",0.31,plays_at_height,82.31,"6'10""",0.31,plays_at_height
2020,Jamir Coleman,Central Connecticut,68010,6-7,"6'7""",79.0,77.76,"6'6""",-1.24,plays_shorter,77.76,"6'6""",-1.24,plays_shorter
2020,Eddie Stansberry,Hawaii,68020,6-3,"6'3""",75.0,74.92,"6'3""",-0.08,plays_at_height,74.92,"6'3""",-0.08,plays_at_height
2020,Chandler Vaudrin,Winthrop,68021,6-7,"6'7""",79.0,78.26,"6'6""",-0.74,plays_at_height,78.26,"6'6""",-0.74,plays_at_height
2020,Brendon Brooks,Southern,68025,5-9,"5'9""",69.0,74.16,"6'2""",5.16,plays_taller,74.16,"6'2""",5.16,plays_taller
2020,Ben Drake,Presbyterian,68029,6-8,"6'8""",80.0,79.23,"6'7""",-0.77,plays_shorter,79.23,"6'7""",-0.77,plays_shorter
2020,Rashaad Goolsby,Portland St.,68037,6-7,"6'7""",79.0,79.7,"6'8""",0.7,plays_at_height,79.7,"6'8""",0.7,plays_at_height
2020,Leon Redd,Bethune Cookman,68042,6-0,"6'0""",72.0,74.65,"6'3""",2.65,plays_taller,74.65,"6'3""",2.65,plays_taller
2020,Wali Parks,Bethune Cookman,68043,6-6,"6'6""",78.0,76.45,"6'4""",-1.55,plays_shorter,76.45,"6'4""",-1.55,plays_shorter
2020,Cletrell Pope,Bethune Cookman,68045,6-9,"6'9""",81.0,82.5,"6'10""",1.5,plays_taller,82.5,"6'10""",1.5,plays_taller
2020,"Derek Hawthorne, Jr.",Tennessee Martin,68046,6-3,"6'3""",75.0,76.65,"6'5""",1.65,plays_taller,76.65,"6'5""",1.65,plays_taller
2020,Faite Williams,Prairie View A&M,68055,6-2,"6'2""",74.0,78.14,"6'6""",4.14,plays_taller,78.14,"6'6""",4.14,plays_taller
2020,Tony Miller,Washington St.,68058,6-6,"6'6""",78.0,79.51,"6'8""",1.51,plays_taller,79.51,"6'8""",1.51,plays_taller
2020,Sekou Dembele,Southern Illinois,68071,6-7,"6'7""",79.0,78.18,"6'6""",-0.82,plays_shorter,78.18,"6'6""",-0.82,plays_shorter
2020,Isaiah Rollins,Southern,68075,6-3,"6'3""",75.0,75.16,"6'3""",0.16,plays_at_height,75.16,"6'3""",0.16,plays_at_height
2020,Tommy Burton,Coastal Carolina,68077,6-8,"6'8""",80.0,80.39,"6'8""",0.39,plays_at_height,80.39,"6'8""",0.39,plays_at_height
2020,Tyrik Armstrong,Texas Southern,68079,5-10,"5'10""",70.0,75.46,"6'3""",5.46,plays_taller,75.46,"6'3""",5.46,plays_taller
2020,Landon Taliaferro,Fairfield,68083,6-5,"6'5""",77.0,74.15,"6'2""",-2.85,plays_shorter,74.15,"6'2""",-2.85,plays_shorter
2020,Aidan Saunders,Oral Roberts,68088,6-4,"6'4""",76.0,75.64,"6'4""",-0.36,plays_at_height,75.64,"6'4""",-0.36,plays_at_height
2020,Dante Treacy,Robert Morris,68091,6-0,"6'0""",72.0,75.14,"6'3""",3.14,plays_taller,75.14,"6'3""",3.14,plays_taller
2020,Shareef Smith,Eastern Illinois,68092,5-10,"5'10""",70.0,74.62,"6'3""",4.62,plays_taller,74.62,"6'3""",4.62,plays_taller
2020,Michael Littlejohn,Tennessee St.,68095,5-10,"5'10""",70.0,73.97,"6'2""",3.97,plays_taller,73.97,"6'2""",3.97,plays_taller
2020,Emmanuel Egbuta,Tennessee St.,68096,6-7,"6'7""",79.0,81.13,"6'9""",2.13,plays_taller,81.13,"6'9""",2.13,plays_taller
2020,Tyler Bertram,Charlotte,68103,6-3,"6'3""",75.0,75.36,"6'3""",0.36,plays_at_height,75.36,"6'3""",0.36,plays_at_height
2020,Sayveon McEwen,Robert Morris,68104,6-0,"6'0""",72.0,73.99,"6'2""",1.99,plays_taller,73.99,"6'2""",1.99,plays_taller
2020,Atem Bior,UTSA,68105,6-7,"6'7""",79.0,76.7,"6'5""",-2.3,plays_shorter,76.7,"6'5""",-2.3,plays_shorter
2020,Romelo Burrell,Central Michigan,68106,6-7,"6'7""",79.0,80.12,"6'8""",1.12,plays_taller,80.12,"6'8""",1.12,plays_taller
2020,Anselm Uzuegbunem,SIU Edwardsville,68107,6-7,"6'7""",79.0,77.41,"6'5""",-1.59,plays_shorter,77.41,"6'5""",-1.59,plays_shorter
2020,Oscar Kao,Southeast Missouri St.,68108,6-0,"6'0""",72.0,73.9,"6'2""",1.9,plays_taller,73.9,"6'2""",1.9,plays_taller
2020,LJ Figueroa,St. John's,68112,6-6,"6'6""",78.0,77.55,"6'6""",-0.45,plays_at_height,77.55,"6'6""",-0.45,plays_at_height
2020,Brae Ivey,San Jose St.,68114,6-2,"6'2""",74.0,74.81,"6'3""",0.81,plays_taller,74.81,"6'3""",0.81,plays_taller
2020,Federico Poser,Elon,68115,6-8,"6'8""",80.0,77.9,"6'6""",-2.1,plays_shorter,77.9,"6'6""",-2.1,plays_shorter
2020,Tajuan Agee,Iona,68116,6-9,"6'9""",81.0,79.64,"6'8""",-1.36,plays_shorter,79.64,"6'8""",-1.36,plays_shorter
2020,Zachary Barnes,Mississippi Valley St.,68122,6-1,"6'1""",73.0,73.29,"6'1""",0.29,plays_at_height,73.29,"6'1""",0.29,plays_at_height
2020,Michael Green,Mississippi Valley St.,68123,6-3,"6'3""",75.0,74.21,"6'2""",-0.79,plays_shorter,74.21,"6'2""",-0.79,plays_shorter
2020,Yanni Wetzell,San Diego St.,68125,6-10,"6'10""",82.0,80.92,"6'9""",-1.08,plays_shorter,80.92,"6'9""",-1.08,plays_shorter
2020,Thurston McCarty,Cornell,68127,6-7,"6'7""",79.0,76.3,"6'4""",-2.7,plays_shorter,76.3,"6'4""",-2.7,plays_shorter
2020,Yannis Mendy,Robert Morris,68129,6-8,"6'8""",80.0,77.43,"6'5""",-2.57,plays_shorter,77.43,"6'5""",-2.57,plays_shorter
2020,Ted McCree,Northern Arizona,68132,6-5,"6'5""",77.0,73.82,"6'2""",-3.18,plays_shorter,73.82,"6'2""",-3.18,plays_shorter
2020,Connor Murrell,Ohio,68133,6-7,"6'7""",79.0,77.58,"6'6""",-1.42,plays_shorter,77.58,"6'6""",-1.42,plays_shorter
2020,Des Balentine,Incarnate Word,68138,6-0,"6'0""",72.0,75.75,"6'4""",3.75,plays_taller,75.75,"6'4""",3.75,plays_taller
2020,Jackson Stent,Houston Christian,68140,6-8,"6'8""",80.0,76.28,"6'4""",-3.72,plays_shorter,76.28,"6'4""",-3.72,plays_shorter
2020,Rob Montgomery,Central Michigan,68146,6-7,"6'7""",79.0,78.45,"6'6""",-0.55,plays_at_height,78.45,"6'6""",-0.55,plays_at_height
2020,Antonio Williams,Kent St.,68150,6-0,"6'0""",72.0,78.24,"6'6""",6.24,plays_taller,78.24,"6'6""",6.24,plays_taller
2020,Marvin Coleman,UNLV,68154,6-2,"6'2""",74.0,76.62,"6'5""",2.62,plays_taller,76.62,"6'5""",2.62,plays_taller
2020,Jeff Otchere,Stony Brook,68155,6-11,"6'11""",83.0,83.66,"7'0""",0.66,plays_at_height,83.66,"7'0""",0.66,plays_at_height
2020,Brandon Miller,Alabama A&M,68156,6-0,"6'0""",72.0,75.65,"6'4""",3.65,plays_taller,75.65,"6'4""",3.65,plays_taller
2020,Richard Caldwell Jr.,Binghamton,68158,6-4,"6'4""",76.0,76.31,"6'4""",0.31,plays_at_height,76.31,"6'4""",0.31,plays_at_height
2020,Kendall Lauderdale,Albany,68159,6-8,"6'8""",80.0,77.52,"6'6""",-2.48,plays_shorter,77.52,"6'6""",-2.48,plays_shorter
2020,Hyron Edwards,Colorado St.,68160,6-0,"6'0""",72.0,76.13,"6'4""",4.13,plays_taller,76.13,"6'4""",4.13,plays_taller
2020,Trent Harris,Northern Colorado,68162,6-1,"6'1""",73.0,75.1,"6'3""",2.1,plays_taller,75.1,"6'3""",2.1,plays_taller
2020,Tyresse Williford,SIU Edwardsville,68169,5-10,"5'10""",70.0,75.73,"6'4""",5.73,plays_taller,75.73,"6'4""",5.73,plays_taller
2020,Drew Cobb,Long Beach St.,68175,6-4,"6'4""",76.0,75.68,"6'4""",-0.32,plays_at_height,75.68,"6'4""",-0.32,plays_at_height
2020,Mikel Beyers,Marshall,68177,6-9,"6'9""",81.0,78.92,"6'7""",-2.08,plays_shorter,78.92,"6'7""",-2.08,plays_shorter
2020,Djordje Dimitrijevic,Mercer,68182,6-2,"6'2""",74.0,75.29,"6'3""",1.29,plays_taller,75.29,"6'3""",1.29,plays_taller
2020,CJ Williamson,Kent St.,68185,6-6,"6'6""",78.0,78.53,"6'7""",0.53,plays_at_height,78.53,"6'7""",0.53,plays_at_height
2020,Marquis Moore,Detroit Mercy,68189,6-6,"6'6""",78.0,76.68,"6'5""",-1.32,plays_shorter,76.68,"6'5""",-1.32,plays_shorter
2020,Corey Sato,Incarnate Word,68191,6-6,"6'6""",78.0,75.97,"6'4""",-2.03,plays_shorter,75.97,"6'4""",-2.03,plays_shorter
2020,Zavian Jackson,Arkansas Pine Bluff,68195,6-3,"6'3""",75.0,76.74,"6'5""",1.74,plays_taller,76.74,"6'5""",1.74,plays_taller
2020,Marquell Carter,Arkansas Pine Bluff,68197,6-6,"6'6""",78.0,77.22,"6'5""",-0.78,plays_shorter,77.22,"6'5""",-0.78,plays_shorter
2020,Isaiah White,Utah Valley,68202,6-7,"6'7""",79.0,79.31,"6'7""",0.31,plays_at_height,79.31,"6'7""",0.31,plays_at_height
2020,Skyler Hogan,Southeast Missouri St.,68204,6-5,"6'5""",77.0,75.14,"6'3""",-1.86,plays_shorter,75.14,"6'3""",-1.86,plays_shorter
2020,Jamie Ahale,Illinois Chicago,68209,6-5,"6'5""",77.0,77.2,"6'5""",0.2,plays_at_height,77.2,"6'5""",0.2,plays_at_height
2020,Ayoub Nouhi,UT Arlington,68211,6-6,"6'6""",78.0,75.91,"6'4""",-2.09,plays_shorter,75.91,"6'4""",-2.09,plays_shorter
2020,Kur Jockuch,Northern Colorado,68213,6-9,"6'9""",81.0,80.96,"6'9""",-0.04,plays_at_height,80.96,"6'9""",-0.04,plays_at_height
2020,Jack Schwietz,UMBC,68216,6-5,"6'5""",77.0,75.57,"6'4""",-1.43,plays_shorter,75.57,"6'4""",-1.43,plays_shorter
2020,Torico Simmons,Mississippi Valley St.,68220,5-8,"5'8""",68.0,74.07,"6'2""",6.07,plays_taller,74.07,"6'2""",6.07,plays_taller
2020,Will Butler,UAB,68223,6-8,"6'8""",80.0,79.46,"6'7""",-0.54,plays_at_height,79.46,"6'7""",-0.54,plays_at_height
2020,Nolan Bertain,Texas A&M Corpus Chris,68224,6-4,"6'4""",76.0,74.41,"6'2""",-1.59,plays_shorter,74.41,"6'2""",-1.59,plays_shorter
2020,Nicolas Fennell,North Carolina Central,68233,6-3,"6'3""",75.0,77.74,"6'6""",2.74,plays_taller,77.74,"6'6""",2.74,plays_taller
2020,AJ Farrar,Alabama St.,68238,6-5,"6'5""",77.0,78.02,"6'6""",1.02,plays_taller,78.02,"6'6""",1.02,plays_taller
2020,Abdul Alatishe,Nicholls St.,68240,6-7,"6'7""",79.0,82.97,"6'11""",3.97,plays_taller,82.97,"6'11""",3.97,plays_taller
2020,Channel Banks,Akron,68242,6-4,"6'4""",76.0,75.21,"6'3""",-0.79,plays_shorter,75.21,"6'3""",-0.79,plays_shorter
2020,Tyler Cheese,Akron,68243,6-5,"6'5""",77.0,76.54,"6'5""",-0.46,plays_at_height,76.54,"6'5""",-0.46,plays_at_height
2020,Zeke Moore,SIU Edwardsville,68247,6-7,"6'7""",79.0,76.51,"6'5""",-2.49,plays_shorter,76.51,"6'5""",-2.49,plays_shorter
2020,Brandon Moore Jr.,Nicholls St.,68251,6-5,"6'5""",77.0,75.63,"6'4""",-1.37,plays_shorter,75.63,"6'4""",-1.37,plays_shorter
2020,Elvis Harvey,Nicholls St.,68254,6-8,"6'8""",80.0,78.13,"6'6""",-1.87,plays_shorter,78.13,"6'6""",-1.87,plays_shorter
2020,Romani Hansen,Albany,68260,6-8,"6'8""",80.0,80.06,"6'8""",0.06,plays_at_height,80.06,"6'8""",0.06,plays_at_height
2020,Kevin Holston,Alabama St.,68264,6-1,"6'1""",73.0,75.62,"6'4""",2.62,plays_taller,75.62,"6'4""",2.62,plays_taller
2020,Noah Bigirumwami,Chicago St.,68266,6-10,"6'10""",82.0,76.71,"6'5""",-5.29,plays_shorter,76.71,"6'5""",-5.29,plays_shorter
2020,Travon Bunch,Grambling St.,68270,7-1,"7'1""",85.0,83.23,"6'11""",-1.77,plays_shorter,83.23,"6'11""",-1.77,plays_shorter
2020,Jeremiah Buford,Nicholls St.,68276,6-5,"6'5""",77.0,74.59,"6'3""",-2.41,plays_shorter,74.59,"6'3""",-2.41,plays_shorter
2020,Canaan Bartley,Maryland Eastern Shore,68277,6-1,"6'1""",73.0,75.28,"6'3""",2.28,plays_taller,75.28,"6'3""",2.28,plays_taller
2020,Prince Moss,Grambling St.,68280,6-7,"6'7""",79.0,77.57,"6'6""",-1.43,plays_shorter,77.57,"6'6""",-1.43,plays_shorter
2020,Leon Daniels,Alabama St.,68281,6-5,"6'5""",77.0,76.99,"6'5""",-0.01,plays_at_height,76.99,"6'5""",-0.01,plays_at_height
2020,Alonzo Campbell,Alcorn St.,68282,7-0,"7'0""",84.0,77.17,"6'5""",-6.83,plays_shorter,77.17,"6'5""",-6.83,plays_shorter
2020,DeShaw Andrews,Alcorn St.,68283,6-4,"6'4""",76.0,76.13,"6'4""",0.13,plays_at_height,76.13,"6'4""",0.13,plays_at_height
2020,Bryan Urrutia,Maryland Eastern Shore,68285,6-1,"6'1""",73.0,73.99,"6'2""",0.99,plays_taller,73.99,"6'2""",0.99,plays_taller
2020,Gabriel Gyamfi,Maryland Eastern Shore,68288,6-6,"6'6""",78.0,78.67,"6'7""",0.67,plays_at_height,78.67,"6'7""",0.67,plays_at_height
2020,Trey Johnson,McNeese St.,68289,6-2,"6'2""",74.0,75.36,"6'3""",1.36,plays_taller,75.36,"6'3""",1.36,plays_taller
2020,Sha'markus Kennedy,McNeese St.,68292,6-8,"6'8""",80.0,86.0,"7'2""",6.0,plays_taller,86.0,"7'2""",6.0,plays_taller
2020,Jayveous McKinnis,Jackson St.,68296,6-7,"6'7""",79.0,83.97,"7'0""",4.97,plays_taller,83.97,"7'0""",4.97,plays_taller
2020,Myles Johnson,Rutgers,68348,6-10,"6'10""",82.0,84.18,"7'0""",2.18,plays_taller,84.18,"7'0""",2.18,plays_taller
2020,Ron Artest III,Cal St. Northridge,68371,6-7,"6'7""",79.0,79.01,"6'7""",0.01,plays_at_height,79.01,"6'7""",0.01,plays_at_height
2020,Ajiri Ogemuno-Johnson,Rider,68373,6-8,"6'8""",80.0,79.53,"6'8""",-0.47,plays_at_height,79.53,"6'8""",-0.47,plays_at_height
2020,Kevin McCullar,Texas Tech,68379,6-6,"6'6""",78.0,78.6,"6'7""",0.6,plays_at_height,78.6,"6'7""",0.6,plays_at_height
2020,Tyler Rowe,Central Connecticut,68384,5-9,"5'9""",69.0,73.21,"6'1""",4.21,plays_taller,73.21,"6'1""",4.21,plays_taller
2020,Mekhi Long,Rhode Island,70243,6-7,"6'7""",79.0,77.73,"6'6""",-1.27,plays_shorter,77.73,"6'6""",-1.27,plays_shorter
2020,Moses Flowers,Hartford,70244,6-3,"6'3""",75.0,76.62,"6'5""",1.62,plays_taller,76.62,"6'5""",1.62,plays_taller
2020,Colby Rogers,Cal Poly,70246,6-5,"6'5""",77.0,74.66,"6'3""",-2.34,plays_shorter,74.66,"6'3""",-2.34,plays_shorter
2020,Jakob Alamudun,Lehigh,70253,6-6,"6'6""",78.0,74.94,"6'3""",-3.06,plays_shorter,74.94,"6'3""",-3.06,plays_shorter
2020,Alimamy Koroma,Cal Poly,70254,6-8,"6'8""",80.0,79.47,"6'7""",-0.53,plays_at_height,79.47,"6'7""",-0.53,plays_at_height
2020,Giovanni Santiago,Kent St.,70255,6-1,"6'1""",73.0,75.47,"6'3""",2.47,plays_taller,75.47,"6'3""",2.47,plays_taller
2020,Tim Ceaser,Coastal Carolina,70257,6-8,"6'8""",80.0,79.23,"6'7""",-0.77,plays_shorter,79.23,"6'7""",-0.77,plays_shorter
2020,Miroslav Stafl,Hartford,70258,6-10,"6'10""",82.0,77.47,"6'5""",-4.53,plays_shorter,77.47,"6'5""",-4.53,plays_shorter
2020,Giordan Williams,Santa Clara,70260,6-3,"6'3""",75.0,75.5,"6'3""",0.5,plays_at_height,75.5,"6'3""",0.5,plays_at_height
2020,Javion Hamlet,North Texas,70263,6-4,"6'4""",76.0,75.22,"6'3""",-0.78,plays_shorter,75.22,"6'3""",-0.78,plays_shorter
2020,Thomas Bell,North Texas,70264,6-6,"6'6""",78.0,80.15,"6'8""",2.15,plays_taller,80.15,"6'8""",2.15,plays_taller
2020,Calvin Temple,Louisiana,70267,6-0,"6'0""",72.0,74.23,"6'2""",2.23,plays_taller,74.23,"6'2""",2.23,plays_taller
2020,Jalen Williams,Santa Clara,70269,6-6,"6'6""",78.0,77.19,"6'5""",-0.81,plays_shorter,77.19,"6'5""",-0.81,plays_shorter
2020,Damen Thacker,Idaho,70270,5-11,"5'11""",71.0,75.32,"6'3""",4.32,plays_taller,75.32,"6'3""",4.32,plays_taller
2020,Joshua Lusane,Campbell,70273,6-7,"6'7""",79.0,80.37,"6'8""",1.37,plays_taller,80.37,"6'8""",1.37,plays_taller
2020,David Muoka,Lamar,70274,6-10,"6'10""",82.0,81.73,"6'10""",-0.27,plays_at_height,81.73,"6'10""",-0.27,plays_at_height
2020,Borja Fernandez,Montana St.,70276,6-7,"6'7""",79.0,76.17,"6'4""",-2.83,plays_shorter,76.17,"6'4""",-2.83,plays_shorter
2020,Anderson Kopp,Lamar,70278,6-5,"6'5""",77.0,75.24,"6'3""",-1.76,plays_shorter,75.24,"6'3""",-1.76,plays_shorter
2020,Mychael Paulo,Montana St.,70279,6-4,"6'4""",76.0,75.92,"6'4""",-0.08,plays_at_height,75.92,"6'4""",-0.08,plays_at_height
2020,Corey Nickerson,Lamar,70280,6-7,"6'7""",79.0,78.86,"6'7""",-0.14,plays_at_height,78.86,"6'7""",-0.14,plays_at_height
2020,Jameer Nelson Jr.,George Washington,70283,6-1,"6'1""",73.0,78.14,"6'6""",5.14,plays_taller,78.14,"6'6""",5.14,plays_taller
2020,Jamison Battle,George Washington,70284,6-7,"6'7""",79.0,75.81,"6'4""",-3.19,plays_shorter,75.81,"6'4""",-3.19,plays_shorter
2020,Chase Paar,George Washington,70285,6-9,"6'9""",81.0,80.43,"6'8""",-0.57,plays_at_height,80.43,"6'8""",-0.57,plays_at_height
2020,Shawn Walker Jr.,George Washington,70286,6-6,"6'6""",78.0,76.36,"6'4""",-1.64,plays_shorter,76.36,"6'4""",-1.64,plays_shorter
2020,Dajuan Gordon,Kansas St.,70289,6-4,"6'4""",76.0,77.44,"6'5""",1.44,plays_taller,77.44,"6'5""",1.44,plays_taller
2020,Preston Santos,Massachusetts,70290,6-6,"6'6""",78.0,78.75,"6'7""",0.75,plays_at_height,78.75,"6'7""",0.75,plays_at_height
2020,Hunter Hale,Winthrop,70292,6-3,"6'3""",75.0,76.04,"6'4""",1.04,plays_taller,76.04,"6'4""",1.04,plays_taller
2020,Xavier Wilson,Central Connecticut,70293,6-7,"6'7""",79.0,78.51,"6'7""",-0.49,plays_at_height,78.51,"6'7""",-0.49,plays_at_height
2020,Zach Newkirk,Central Connecticut,70298,6-1,"6'1""",73.0,74.0,"6'2""",1.0,plays_taller,74.0,"6'2""",1.0,plays_taller
2020,Stephane Ayangma,Central Connecticut,70299,6-6,"6'6""",78.0,78.14,"6'6""",0.14,plays_at_height,78.14,"6'6""",0.14,plays_at_height
2020,Jamir Reed,Central Connecticut,70300,6-4,"6'4""",76.0,76.34,"6'4""",0.34,plays_at_height,76.34,"6'4""",0.34,plays_at_height
2020,Gaige Prim,Missouri St.,70303,6-8,"6'8""",80.0,79.55,"6'8""",-0.45,plays_at_height,79.55,"6'8""",-0.45,plays_at_height
2020,Emmanuel Ugboh,Tulsa,70304,7-0,"7'0""",84.0,79.03,"6'7""",-4.97,plays_shorter,79.03,"6'7""",-4.97,plays_shorter
2020,Elijah Ford,Wagner,70305,6-5,"6'5""",77.0,78.07,"6'6""",1.07,plays_taller,78.07,"6'6""",1.07,plays_taller
2020,Will Martinez,Wagner,70308,6-5,"6'5""",77.0,75.55,"6'4""",-1.45,plays_shorter,75.55,"6'4""",-1.45,plays_shorter
2020,Antwan Kimmons,Northern Iowa,70312,6-0,"6'0""",72.0,75.2,"6'3""",3.2,plays_taller,75.2,"6'3""",3.2,plays_taller
2020,Akok Akok,Connecticut,70315,6-9,"6'9""",81.0,80.93,"6'9""",-0.07,plays_at_height,80.93,"6'9""",-0.07,plays_at_height
2020,Montese Blake,Southern,70317,5-11,"5'11""",71.0,73.77,"6'2""",2.77,plays_taller,73.77,"6'2""",2.77,plays_taller
2020,Delor Johnson,Southern,70318,6-3,"6'3""",75.0,78.57,"6'7""",3.57,plays_taller,78.57,"6'7""",3.57,plays_taller
2020,James Bouknight,Connecticut,70319,6-4,"6'4""",76.0,78.13,"6'6""",2.13,plays_taller,78.13,"6'6""",2.13,plays_taller
2020,Deovaunta Williams,Loyola Marymount,70321,6-1,"6'1""",73.0,76.6,"6'5""",3.6,plays_taller,76.6,"6'5""",3.6,plays_taller
2020,Byron Smith,Southeastern Louisiana,70322,6-1,"6'1""",73.0,76.36,"6'4""",3.36,plays_taller,76.36,"6'4""",3.36,plays_taller
2020,Anthony Jones,Western Illinois,70325,6-5,"6'5""",77.0,76.04,"6'4""",-0.96,plays_shorter,76.04,"6'4""",-0.96,plays_shorter
2020,Jaden Bediako,Santa Clara,70327,6-10,"6'10""",82.0,79.09,"6'7""",-2.91,plays_shorter,79.09,"6'7""",-2.91,plays_shorter
2020,Jaeden King,Western Illinois,70328,6-6,"6'6""",78.0,75.04,"6'3""",-2.96,plays_shorter,75.04,"6'3""",-2.96,plays_shorter
2020,Daniss Jenkins,Pacific,70329,6-3,"6'3""",75.0,75.55,"6'4""",0.55,plays_at_height,75.55,"6'4""",0.55,plays_at_height
2020,James Hampshire,Pacific,70330,7-1,"7'1""",85.0,84.27,"7'0""",-0.73,plays_at_height,84.27,"7'0""",-0.73,plays_at_height
2020,David Thompson,Santa Clara,70331,6-0,"6'0""",72.0,75.09,"6'3""",3.09,plays_taller,75.09,"6'3""",3.09,plays_taller
2020,Roderick Smith,Western Illinois,70334,6-8,"6'8""",80.0,75.61,"6'4""",-4.39,plays_shorter,75.61,"6'4""",-4.39,plays_shorter
2020,Keion Brooks Jr.,Kentucky,70335,6-7,"6'7""",79.0,79.22,"6'7""",0.22,plays_at_height,79.22,"6'7""",0.22,plays_at_height
2020,Cole Anthony,North Carolina,70338,6-3,"6'3""",75.0,77.1,"6'5""",2.1,plays_taller,77.1,"6'5""",2.1,plays_taller
2020,Armando Bacot,North Carolina,70339,6-10,"6'10""",82.0,82.44,"6'10""",0.44,plays_at_height,82.44,"6'10""",0.44,plays_at_height
2020,Emanuel Miller,Texas A&M,70343,6-7,"6'7""",79.0,79.37,"6'7""",0.37,plays_at_height,79.37,"6'7""",0.37,plays_at_height
2020,Quenton Jackson,Texas A&M,70344,6-5,"6'5""",77.0,77.64,"6'6""",0.64,plays_at_height,77.64,"6'6""",0.64,plays_at_height
2020,Jonathan Aku,Texas A&M,70345,6-10,"6'10""",82.0,79.76,"6'8""",-2.24,plays_shorter,79.76,"6'8""",-2.24,plays_shorter
2020,Andre Gordon,Texas A&M,70348,6-2,"6'2""",74.0,75.51,"6'4""",1.51,plays_taller,75.51,"6'4""",1.51,plays_taller
2020,Drew Lutz,Incarnate Word,70349,6-1,"6'1""",73.0,74.21,"6'2""",1.21,plays_taller,74.21,"6'2""",1.21,plays_taller
2020,Derek Van Vlerah,Incarnate Word,70351,6-6,"6'6""",78.0,75.5,"6'4""",-2.5,plays_shorter,75.5,"6'4""",-2.5,plays_shorter
2020,Messiah Thompson,Campbell,70352,5-8,"5'8""",68.0,75.29,"6'3""",7.29,plays_taller,75.29,"6'3""",7.29,plays_taller
2020,Brandon Stone,La Salle,70355,6-11,"6'11""",83.0,79.22,"6'7""",-3.78,plays_shorter,79.22,"6'7""",-3.78,plays_shorter
2020,Lance Jones,Southern Illinois,70356,6-1,"6'1""",73.0,75.64,"6'4""",2.64,plays_taller,75.64,"6'4""",2.64,plays_taller
2020,Amin Adamu,Montana St.,70357,6-4,"6'4""",76.0,78.06,"6'6""",2.06,plays_taller,78.06,"6'6""",2.06,plays_taller
2020,Josh Thomas,Milwaukee,70358,6-4,"6'4""",76.0,77.05,"6'5""",1.05,plays_taller,77.05,"6'5""",1.05,plays_taller
2020,Mahamadou Diawara,Stetson,70360,6-10,"6'10""",82.0,80.24,"6'8""",-1.76,plays_shorter,80.24,"6'8""",-1.76,plays_shorter
2020,De'Vion Harmon,Oklahoma,70362,6-1,"6'1""",73.0,74.6,"6'3""",1.6,plays_taller,74.6,"6'3""",1.6,plays_taller
2020,Victor Iwuakor,Oklahoma,70363,6-7,"6'7""",79.0,79.74,"6'8""",0.74,plays_at_height,79.74,"6'8""",0.74,plays_at_height
2020,Jalen Hill,Oklahoma,70364,6-7,"6'7""",79.0,78.34,"6'6""",-0.66,plays_at_height,78.34,"6'6""",-0.66,plays_at_height
2020,Terry Ivery,Stetson,70366,5-9,"5'9""",69.0,75.15,"6'3""",6.15,plays_taller,75.15,"6'3""",6.15,plays_taller
2020,Ellis Jefferson,Lamar,70368,6-0,"6'0""",72.0,74.73,"6'3""",2.73,plays_taller,74.73,"6'3""",2.73,plays_taller
2020,Toumani Camara,Georgia,70370,6-8,"6'8""",80.0,79.4,"6'7""",-0.6,plays_at_height,79.4,"6'7""",-0.6,plays_at_height
2020,Sahvir Wheeler,Georgia,70372,5-10,"5'10""",70.0,75.03,"6'3""",5.03,plays_taller,75.03,"6'3""",5.03,plays_taller
2020,Logan Padgett,Samford,70374,6-6,"6'6""",78.0,75.45,"6'3""",-2.55,plays_shorter,75.45,"6'3""",-2.55,plays_shorter
2020,Tyrese Jenkins,Norfolk St.,70375,6-6,"6'6""",78.0,77.28,"6'5""",-0.72,plays_at_height,77.28,"6'5""",-0.72,plays_at_height
2020,Donovan Gregory,Appalachian St.,70376,6-5,"6'5""",77.0,76.79,"6'5""",-0.21,plays_at_height,76.79,"6'5""",-0.21,plays_at_height
2020,Naim Miller,Mount St. Mary's,70377,6-4,"6'4""",76.0,74.4,"6'2""",-1.6,plays_shorter,74.4,"6'2""",-1.6,plays_shorter
2020,Doug Edert,Saint Peter's,70379,6-2,"6'2""",74.0,74.74,"6'3""",0.74,plays_at_height,74.74,"6'3""",0.74,plays_at_height
2020,Hassan Drame,Saint Peter's,70380,6-7,"6'7""",79.0,79.32,"6'7""",0.32,plays_at_height,79.32,"6'7""",0.32,plays_at_height
2020,Eric Rustin,Tennessee Martin,70381,7-1,"7'1""",85.0,80.55,"6'9""",-4.45,plays_shorter,80.55,"6'9""",-4.45,plays_shorter
2020,Jalen Riley,Tennessee Martin,70382,6-2,"6'2""",74.0,74.89,"6'3""",0.89,plays_taller,74.89,"6'3""",0.89,plays_taller
2020,Ja'darius Harris,Tennessee Martin,70383,6-2,"6'2""",74.0,74.61,"6'3""",0.61,plays_at_height,74.61,"6'3""",0.61,plays_at_height
2020,Isaiah Lee,UC Irvine,70386,6-2,"6'2""",74.0,74.39,"6'2""",0.39,plays_at_height,74.39,"6'2""",0.39,plays_at_height
2020,Miles Thomas,Tennessee Martin,70387,6-6,"6'6""",78.0,76.65,"6'5""",-1.35,plays_shorter,76.65,"6'5""",-1.35,plays_shorter
2020,Matt Johnson,St. Bonaventure,70389,6-4,"6'4""",76.0,75.32,"6'3""",-0.68,plays_at_height,75.32,"6'3""",-0.68,plays_at_height
2020,Ja'Shonte Wright-Mcleish,Maine,70390,6-4,"6'4""",76.0,75.11,"6'3""",-0.89,plays_shorter,75.11,"6'3""",-0.89,plays_shorter
2020,Franz Wagner,Michigan,70394,6-9,"6'9""",81.0,78.47,"6'6""",-2.53,plays_shorter,78.47,"6'6""",-2.53,plays_shorter
2020,Peter Stumer,Maine,70395,6-6,"6'6""",78.0,76.36,"6'4""",-1.64,plays_shorter,76.36,"6'4""",-1.64,plays_shorter
2020,Braelen Bridges,Illinois Chicago,70400,6-10,"6'10""",82.0,80.09,"6'8""",-1.91,plays_shorter,80.09,"6'8""",-1.91,plays_shorter
2020,Jaylin Hunter,Old Dominion,70401,5-11,"5'11""",71.0,74.76,"6'3""",3.76,plays_taller,74.76,"6'3""",3.76,plays_taller
2020,Jamaure Gregg,Northwestern St.,70402,6-7,"6'7""",79.0,79.14,"6'7""",0.14,plays_at_height,79.14,"6'7""",0.14,plays_at_height
2020,Gatdoar Kueth,Northwestern St.,70404,6-6,"6'6""",78.0,76.56,"6'5""",-1.44,plays_shorter,76.56,"6'5""",-1.44,plays_shorter
2020,Trenton Massner,Northwestern St.,70405,6-2,"6'2""",74.0,77.49,"6'5""",3.49,plays_taller,77.49,"6'5""",3.49,plays_taller
2020,Jovan Zelenbaba,Northwestern St.,70406,6-4,"6'4""",76.0,76.13,"6'4""",0.13,plays_at_height,76.13,"6'4""",0.13,plays_at_height
2020,Nikos Chougkaz,Northwestern St.,70407,6-9,"6'9""",81.0,79.75,"6'8""",-1.25,plays_shorter,79.75,"6'8""",-1.25,plays_shorter
2020,Mika Adams-Woods,Cincinnati,70410,6-3,"6'3""",75.0,75.56,"6'4""",0.56,plays_at_height,75.56,"6'4""",0.56,plays_at_height
2020,Robby Robinson,Nevada,70411,6-8,"6'8""",80.0,79.36,"6'7""",-0.64,plays_at_height,79.36,"6'7""",-0.64,plays_at_height
2020,Kane Milling,Nevada,70413,6-4,"6'4""",76.0,75.76,"6'4""",-0.24,plays_at_height,75.76,"6'4""",-0.24,plays_at_height
2020,Zane Meeks,Nevada,70414,6-9,"6'9""",81.0,77.74,"6'6""",-3.26,plays_shorter,77.74,"6'6""",-3.26,plays_shorter
2020,Ben Roderick,Ohio,70418,6-5,"6'5""",77.0,74.71,"6'3""",-2.29,plays_shorter,74.71,"6'3""",-2.29,plays_shorter
2020,David Johnson,Louisville,70419,6-5,"6'5""",77.0,78.46,"6'6""",1.46,plays_taller,78.46,"6'6""",1.46,plays_taller
2020,Lunden McDay,Ohio,70420,6-3,"6'3""",75.0,76.63,"6'5""",1.63,plays_taller,76.63,"6'5""",1.63,plays_taller
2020,Jaxon Brenchley,Utah,70421,6-5,"6'5""",77.0,75.21,"6'3""",-1.79,plays_shorter,75.21,"6'3""",-1.79,plays_shorter
2020,Zeke Nnaji,Arizona,70422,6-11,"6'11""",83.0,82.14,"6'10""",-0.86,plays_shorter,82.14,"6'10""",-0.86,plays_shorter
2020,Eli Lawrence,Middle Tennessee,70426,6-5,"6'5""",77.0,76.92,"6'5""",-0.08,plays_at_height,76.92,"6'5""",-0.08,plays_at_height
2020,Josh Kunen,San Francisco,70429,6-8,"6'8""",80.0,78.12,"6'6""",-1.88,plays_shorter,78.12,"6'6""",-1.88,plays_shorter
2020,Shamar Wright,SIU Edwardsville,70430,6-7,"6'7""",79.0,77.68,"6'6""",-1.32,plays_shorter,77.68,"6'6""",-1.32,plays_shorter
2020,Jimmy Bell Jr.,Saint Louis,70431,6-10,"6'10""",82.0,79.26,"6'7""",-2.74,plays_shorter,79.26,"6'7""",-2.74,plays_shorter
2020,Yuri Collins,Saint Louis,70433,6-0,"6'0""",72.0,75.02,"6'3""",3.02,plays_taller,75.02,"6'3""",3.02,plays_taller
2020,Samuell Williamson,Louisville,70434,6-7,"6'7""",79.0,77.97,"6'6""",-1.03,plays_shorter,77.97,"6'6""",-1.03,plays_shorter
2020,Javonte Perkins,Saint Louis,70436,6-6,"6'6""",78.0,76.66,"6'5""",-1.34,plays_shorter,76.66,"6'5""",-1.34,plays_shorter
2020,Gibson Jimerson,Saint Louis,70438,6-5,"6'5""",77.0,74.77,"6'3""",-2.23,plays_shorter,74.77,"6'3""",-2.23,plays_shorter
2020,Terrence Hargrove Jr.,Saint Louis,70439,6-4,"6'4""",76.0,78.76,"6'7""",2.76,plays_taller,78.76,"6'7""",2.76,plays_taller
2020,Seth Pinkney,Quinnipiac,70444,7-1,"7'1""",85.0,83.79,"7'0""",-1.21,plays_shorter,83.79,"7'0""",-1.21,plays_shorter
2020,Kendall Lewis,Appalachian St.,70446,6-7,"6'7""",79.0,79.84,"6'8""",0.84,plays_taller,79.84,"6'8""",0.84,plays_taller
2020,Justin Webster,Hawaii,70448,6-3,"6'3""",75.0,74.62,"6'3""",-0.38,plays_at_height,74.62,"6'3""",-0.38,plays_at_height
2020,Darrius Hughes,Nebraska Omaha,70451,6-7,"6'7""",79.0,78.03,"6'6""",-0.97,plays_shorter,78.03,"6'6""",-0.97,plays_shorter
2020,Marlon Ruffin,Nebraska Omaha,70455,6-5,"6'5""",77.0,76.68,"6'5""",-0.32,plays_at_height,76.68,"6'5""",-0.32,plays_at_height
2020,Jalyn McCreary,South Carolina,70457,6-7,"6'7""",79.0,80.35,"6'8""",1.35,plays_taller,80.35,"6'8""",1.35,plays_taller
2020,Jatayveous Watson,USC Upstate,70458,6-8,"6'8""",80.0,78.63,"6'7""",-1.37,plays_shorter,78.63,"6'7""",-1.37,plays_shorter
2020,Wildens Leveque,South Carolina,70459,6-11,"6'11""",83.0,81.83,"6'10""",-1.17,plays_shorter,81.83,"6'10""",-1.17,plays_shorter
2020,Jaime Jaquez Jr.,UCLA,70461,6-6,"6'6""",78.0,78.31,"6'6""",0.31,plays_at_height,78.31,"6'6""",0.31,plays_at_height
2020,De'Sean Allen-Eikens,North Dakota,70463,6-6,"6'6""",78.0,77.46,"6'5""",-0.54,plays_at_height,77.46,"6'5""",-0.54,plays_at_height
2020,Goran Miladinovic,Marshall,70464,7-0,"7'0""",84.0,78.16,"6'6""",-5.84,plays_shorter,78.16,"6'6""",-5.84,plays_shorter
2020,Taz Sherman,West Virginia,70466,6-4,"6'4""",76.0,75.41,"6'3""",-0.59,plays_at_height,75.41,"6'3""",-0.59,plays_at_height
2020,Gertautas Urbonavicius,North Dakota,70468,6-7,"6'7""",79.0,76.84,"6'5""",-2.16,plays_shorter,76.84,"6'5""",-2.16,plays_shorter
2020,Brady Danielson,North Dakota,70470,6-4,"6'4""",76.0,75.28,"6'3""",-0.72,plays_at_height,75.28,"6'3""",-0.72,plays_at_height
2020,Myles Pierre,Houston Christian,70471,6-2,"6'2""",74.0,75.09,"6'3""",1.09,plays_taller,75.09,"6'3""",1.09,plays_taller
2020,Ty Gibson,Maryland Eastern Shore,70473,6-4,"6'4""",76.0,75.61,"6'4""",-0.39,plays_at_height,75.61,"6'4""",-0.39,plays_at_height
2020,Bruce Guy,Maryland Eastern Shore,70476,6-6,"6'6""",78.0,77.41,"6'5""",-0.59,plays_at_height,77.41,"6'5""",-0.59,plays_at_height
2020,Xander Rice,Bucknell,70480,6-3,"6'3""",75.0,73.89,"6'2""",-1.11,plays_shorter,73.89,"6'2""",-1.11,plays_shorter
2020,James Bishop,LSU,70481,6-2,"6'2""",74.0,73.6,"6'2""",-0.4,plays_at_height,73.6,"6'2""",-0.4,plays_at_height
2020,Edward Oliver-Hampton,Hampton,70484,6-7,"6'7""",79.0,77.09,"6'5""",-1.91,plays_shorter,77.09,"6'5""",-1.91,plays_shorter
2020,Chris Shelton,Hampton,70485,6-4,"6'4""",76.0,74.11,"6'2""",-1.89,plays_shorter,74.11,"6'2""",-1.89,plays_shorter
2020,Daniel Bannister,Hampton,70486,6-5,"6'5""",77.0,76.07,"6'4""",-0.93,plays_shorter,76.07,"6'4""",-0.93,plays_shorter
2020,Saheem Anthony,Hampton,70487,6-7,"6'7""",79.0,72.46,"6'0""",-6.54,plays_shorter,72.46,"6'0""",-6.54,plays_shorter
2020,Roti Ware,Stephen F. Austin,70495,6-3,"6'3""",75.0,76.36,"6'4""",1.36,plays_taller,76.36,"6'4""",1.36,plays_taller
2020,Trey Diggs,Bowling Green,70496,6-6,"6'6""",78.0,75.15,"6'3""",-2.85,plays_shorter,75.15,"6'3""",-2.85,plays_shorter
2020,Davin Zeigler,Bowling Green,70498,6-3,"6'3""",75.0,75.87,"6'4""",0.87,plays_taller,75.87,"6'4""",0.87,plays_taller
2020,Chereef Knox,Saint Joseph's,70500,6-5,"6'5""",77.0,75.13,"6'3""",-1.87,plays_shorter,75.13,"6'3""",-1.87,plays_shorter
2020,Rahmir Moore,Saint Joseph's,70501,6-3,"6'3""",75.0,76.22,"6'4""",1.22,plays_taller,76.22,"6'4""",1.22,plays_taller
2020,Ryan Langborg,Princeton,70502,6-4,"6'4""",76.0,75.8,"6'4""",-0.2,plays_at_height,75.8,"6'4""",-0.2,plays_at_height
2020,Brady Spence,The Citadel,70505,6-9,"6'9""",81.0,79.78,"6'8""",-1.22,plays_shorter,79.78,"6'8""",-1.22,plays_shorter
2020,Trae Hannibal,South Carolina,70509,6-2,"6'2""",74.0,78.23,"6'6""",4.23,plays_taller,78.23,"6'6""",4.23,plays_taller
2020,Robert Jones,Denver,70511,6-10,"6'10""",82.0,79.02,"6'7""",-2.98,plays_shorter,79.02,"6'7""",-2.98,plays_shorter
2020,Dreshawn Allen,Western Illinois,70513,6-1,"6'1""",73.0,74.17,"6'2""",1.17,plays_taller,74.17,"6'2""",1.17,plays_taller
2020,Jordan King,Siena,70514,6-0,"6'0""",72.0,73.78,"6'2""",1.78,plays_taller,73.78,"6'2""",1.78,plays_taller
2020,Rob Higgins,St. Francis NY,70516,6-1,"6'1""",73.0,73.83,"6'2""",0.83,plays_taller,73.83,"6'2""",0.83,plays_taller
2020,Rob McClain Jr,UT Rio Grande Valley,70517,6-5,"6'5""",77.0,78.27,"6'6""",1.27,plays_taller,78.27,"6'6""",1.27,plays_taller
2020,Connor Raines,UT Rio Grande Valley,70520,6-6,"6'6""",78.0,74.97,"6'3""",-3.03,plays_shorter,74.97,"6'3""",-3.03,plays_shorter
2020,Chris Freeman,UT Rio Grande Valley,70521,6-6,"6'6""",78.0,74.77,"6'3""",-3.23,plays_shorter,74.77,"6'3""",-3.23,plays_shorter
2020,Ali Ali,Akron,70524,6-8,"6'8""",80.0,76.55,"6'5""",-3.45,plays_shorter,76.55,"6'5""",-3.45,plays_shorter
2020,Camron Reece,Akron,70525,6-7,"6'7""",79.0,80.12,"6'8""",1.12,plays_taller,80.12,"6'8""",1.12,plays_taller
2020,Greg Tribble,Akron,70528,6-1,"6'1""",73.0,76.61,"6'5""",3.61,plays_taller,76.61,"6'5""",3.61,plays_taller
2020,Trey Hutcheson,Albany,70535,6-5,"6'5""",77.0,76.98,"6'5""",-0.02,plays_at_height,76.98,"6'5""",-0.02,plays_at_height
2020,John Ojiako,Virginia Tech,70537,6-10,"6'10""",82.0,82.38,"6'10""",0.38,plays_at_height,82.38,"6'10""",0.38,plays_at_height
2020,Alex Ducas,Saint Mary's,70538,6-6,"6'6""",78.0,77.21,"6'5""",-0.79,plays_shorter,77.21,"6'5""",-0.79,plays_shorter
2020,Kyle Bowen,Saint Mary's,70539,6-8,"6'8""",80.0,78.91,"6'7""",-1.09,plays_shorter,78.91,"6'7""",-1.09,plays_shorter
2020,Nahiem Alleyne,Virginia Tech,70540,6-3,"6'3""",75.0,75.76,"6'4""",0.76,plays_taller,75.76,"6'4""",0.76,plays_taller
2020,Jalen Cone,Virginia Tech,70542,5-10,"5'10""",70.0,73.5,"6'1""",3.5,plays_taller,73.5,"6'1""",3.5,plays_taller
2020,Hunter Cattoor,Virginia Tech,70543,6-3,"6'3""",75.0,76.29,"6'4""",1.29,plays_taller,76.29,"6'4""",1.29,plays_taller
2020,Keaston Willis,Incarnate Word,70544,6-3,"6'3""",75.0,74.28,"6'2""",-0.72,plays_at_height,74.28,"6'2""",-0.72,plays_at_height
2020,Demond Robinson,Murray St.,70546,6-8,"6'8""",80.0,82.53,"6'11""",2.53,plays_taller,82.53,"6'11""",2.53,plays_taller
2020,Ismael Massoud,Wake Forest,70548,6-8,"6'8""",80.0,76.43,"6'4""",-3.57,plays_shorter,76.43,"6'4""",-3.57,plays_shorter
2020,Ody Oguama,Wake Forest,70550,6-9,"6'9""",81.0,80.69,"6'9""",-0.31,plays_at_height,80.69,"6'9""",-0.31,plays_at_height
2020,Courtney Brown Jr.,Milwaukee,70551,6-7,"6'7""",79.0,75.41,"6'3""",-3.59,plays_shorter,75.41,"6'3""",-3.59,plays_shorter
2020,Tre' Williams,Minnesota,70552,6-5,"6'5""",77.0,75.5,"6'3""",-1.5,plays_shorter,75.5,"6'3""",-1.5,plays_shorter
2020,Charles Pride,Bryant,70555,6-4,"6'4""",76.0,76.63,"6'5""",0.63,plays_at_height,76.63,"6'5""",0.63,plays_at_height
2020,Keyshaad Dixon,Idaho,70556,6-1,"6'1""",73.0,75.08,"6'3""",2.08,plays_taller,75.08,"6'3""",2.08,plays_taller
2020,Michael Green III,Bryant,70557,5-11,"5'11""",71.0,74.37,"6'2""",3.37,plays_taller,74.37,"6'2""",3.37,plays_taller
2020,Precious Achiuwa,Memphis,70558,6-9,"6'9""",81.0,84.06,"7'0""",3.06,plays_taller,84.06,"7'0""",3.06,plays_taller
2020,Jake Laravia,Indiana St.,70559,6-8,"6'8""",80.0,80.98,"6'9""",0.98,plays_taller,80.98,"6'9""",0.98,plays_taller
2020,Romeo Weems,DePaul,70561,6-7,"6'7""",79.0,78.48,"6'6""",-0.52,plays_at_height,78.48,"6'6""",-0.52,plays_at_height
2020,Markese Jacobs,DePaul,70563,5-11,"5'11""",71.0,73.93,"6'2""",2.93,plays_taller,73.93,"6'2""",2.93,plays_taller
2020,Seikou Sisoho Jawara,Loyola Marymount,70564,6-3,"6'3""",75.0,74.23,"6'2""",-0.77,plays_shorter,74.23,"6'2""",-0.77,plays_shorter
2020,Armaan Franklin,Indiana,70565,6-4,"6'4""",76.0,75.78,"6'4""",-0.22,plays_at_height,75.78,"6'4""",-0.22,plays_at_height
2020,Jairus Roberson,Northwestern St.,70566,6-2,"6'2""",74.0,73.76,"6'2""",-0.24,plays_at_height,73.76,"6'2""",-0.24,plays_at_height
2020,Bryson Etienne,Texas Southern,70567,6-3,"6'3""",75.0,74.99,"6'3""",-0.01,plays_at_height,74.99,"6'3""",-0.01,plays_at_height
2020,Eric Lovett,FIU,70568,6-5,"6'5""",77.0,74.92,"6'3""",-2.08,plays_shorter,74.92,"6'3""",-2.08,plays_shorter
2020,Marion Humphrey,San Diego,70570,6-2,"6'2""",74.0,77.21,"6'5""",3.21,plays_taller,77.21,"6'5""",3.21,plays_taller
2020,Tyrell Terry,Stanford,70571,6-1,"6'1""",73.0,77.18,"6'5""",4.18,plays_taller,77.18,"6'5""",4.18,plays_taller
2020,Jamon Battle,UNC Asheville,70573,6-5,"6'5""",77.0,80.52,"6'9""",3.52,plays_taller,80.52,"6'9""",3.52,plays_taller
2020,Trent Stephney,UNC Asheville,70575,6-2,"6'2""",74.0,74.61,"6'3""",0.61,plays_at_height,74.61,"6'3""",0.61,plays_at_height
2020,Tahj Small,Troy,70581,6-4,"6'4""",76.0,76.43,"6'4""",0.43,plays_at_height,76.43,"6'4""",0.43,plays_at_height
2020,Yahuza Rasas,Texas Southern,70583,6-7,"6'7""",79.0,79.29,"6'7""",0.29,plays_at_height,79.29,"6'7""",0.29,plays_at_height
2020,Jarred Hyder,Fresno St.,70594,6-3,"6'3""",75.0,74.52,"6'3""",-0.48,plays_at_height,74.52,"6'3""",-0.48,plays_at_height
2020,Evan Taylor,Lehigh,70595,6-6,"6'6""",78.0,76.86,"6'5""",-1.14,plays_shorter,76.86,"6'5""",-1.14,plays_shorter
2020,Kennedy Koehler,UC Davis,70596,6-7,"6'7""",79.0,77.36,"6'5""",-1.64,plays_shorter,77.36,"6'5""",-1.64,plays_shorter
2020,Ezra Manjon,UC Davis,70597,5-11,"5'11""",71.0,75.99,"6'4""",4.99,plays_taller,75.99,"6'4""",4.99,plays_taller
2020,Max Fiedler,Rice,70599,6-10,"6'10""",82.0,79.31,"6'7""",-2.69,plays_shorter,79.31,"6'7""",-2.69,plays_shorter
2020,Festus Ndumanya,Cal St. Northridge,70600,6-7,"6'7""",79.0,78.39,"6'6""",-0.61,plays_at_height,78.39,"6'6""",-0.61,plays_at_height
2020,Ade Adebayo,UC Davis,70602,6-4,"6'4""",76.0,75.73,"6'4""",-0.27,plays_at_height,75.73,"6'4""",-0.27,plays_at_height
2020,Zach Crisler,Rice,70604,6-9,"6'9""",81.0,77.07,"6'5""",-3.93,plays_shorter,77.07,"6'5""",-3.93,plays_shorter
2020,Braden Bell,Marist,70607,6-7,"6'7""",79.0,77.7,"6'6""",-1.3,plays_shorter,77.7,"6'6""",-1.3,plays_shorter
2020,Anthony Holland,Fresno St.,70610,6-5,"6'5""",77.0,77.2,"6'5""",0.2,plays_at_height,77.2,"6'5""",0.2,plays_at_height
2020,Jacob Toppin,Rhode Island,70613,6-8,"6'8""",80.0,79.05,"6'7""",-0.95,plays_shorter,79.05,"6'7""",-0.95,plays_shorter
2020,Jake Betlow,Lehigh,70614,6-2,"6'2""",74.0,74.17,"6'2""",0.17,plays_at_height,74.17,"6'2""",0.17,plays_at_height
2020,Darrious Agnew,Southeast Missouri St.,70615,6-8,"6'8""",80.0,75.96,"6'4""",-4.04,plays_shorter,75.96,"6'4""",-4.04,plays_shorter
2020,Reed Fenton,Lehigh,70616,6-4,"6'4""",76.0,75.08,"6'3""",-0.92,plays_shorter,75.08,"6'3""",-0.92,plays_shorter
2020,Noah Williams,Washington St.,70618,6-5,"6'5""",77.0,77.68,"6'6""",0.68,plays_at_height,77.68,"6'6""",0.68,plays_at_height
2020,Nobal Days,Tulane,70620,6-9,"6'9""",81.0,78.48,"6'6""",-2.52,plays_shorter,78.48,"6'6""",-2.52,plays_shorter
2020,Alex Hemenway,Clemson,70621,6-3,"6'3""",75.0,72.68,"6'1""",-2.32,plays_shorter,72.68,"6'1""",-2.32,plays_shorter
2020,Chase Hunter,Clemson,70626,6-3,"6'3""",75.0,74.91,"6'3""",-0.09,plays_at_height,74.91,"6'3""",-0.09,plays_at_height
2020,Al-Amir Dawes,Clemson,70627,6-2,"6'2""",74.0,75.23,"6'3""",1.23,plays_taller,75.23,"6'3""",1.23,plays_taller
2020,Tyler Saint-Furcy,Marist,70629,6-4,"6'4""",76.0,77.38,"6'5""",1.38,plays_taller,77.38,"6'5""",1.38,plays_taller
2020,Kofi Cockburn,Illinois,70631,7-0,"7'0""",84.0,83.14,"6'11""",-0.86,plays_shorter,83.14,"6'11""",-0.86,plays_shorter
2020,Devante Carter,Norfolk St.,70632,6-3,"6'3""",75.0,78.31,"6'6""",3.31,plays_taller,78.31,"6'6""",3.31,plays_taller
2020,Yoro Sidibe,Norfolk St.,70636,6-7,"6'7""",79.0,79.22,"6'7""",0.22,plays_at_height,79.22,"6'7""",0.22,plays_at_height
2020,Jonas James,Jackson St.,70637,6-0,"6'0""",72.0,74.71,"6'3""",2.71,plays_taller,74.71,"6'3""",2.71,plays_taller
2020,Rocket Watts,Michigan St.,70639,6-2,"6'2""",74.0,74.67,"6'3""",0.67,plays_at_height,74.67,"6'3""",0.67,plays_at_height
2020,Malik Hall,Michigan St.,70640,6-7,"6'7""",79.0,79.44,"6'7""",0.44,plays_at_height,79.44,"6'7""",0.44,plays_at_height
2020,Allen Flanigan,Auburn,70643,6-5,"6'5""",77.0,77.66,"6'6""",0.66,plays_at_height,77.66,"6'6""",0.66,plays_at_height
2020,Isaac Okoro,Auburn,70647,6-6,"6'6""",78.0,79.16,"6'7""",1.16,plays_taller,79.16,"6'7""",1.16,plays_taller
2020,Khalif Battle,Butler,70649,6-5,"6'5""",77.0,75.49,"6'3""",-1.51,plays_shorter,75.49,"6'3""",-1.51,plays_shorter
2020,Damion Baugh,Memphis,70650,6-3,"6'3""",75.0,77.92,"6'6""",2.92,plays_taller,77.92,"6'6""",2.92,plays_taller
2020,Ellis Magnuson,Eastern Washington,70651,6-2,"6'2""",74.0,73.86,"6'2""",-0.14,plays_at_height,73.86,"6'2""",-0.14,plays_at_height
2020,Boogie Ellis,Memphis,70654,6-3,"6'3""",75.0,76.34,"6'4""",1.34,plays_taller,76.34,"6'4""",1.34,plays_taller
2020,Titus Wright,Western Michigan,70655,6-8,"6'8""",80.0,78.58,"6'7""",-1.42,plays_shorter,78.58,"6'7""",-1.42,plays_shorter
2020,Ron Mitchell,UMass Lowell,70657,6-3,"6'3""",75.0,76.06,"6'4""",1.06,plays_taller,76.06,"6'4""",1.06,plays_taller
2020,Amari Davis,Green Bay,70658,6-3,"6'3""",75.0,76.84,"6'5""",1.84,plays_taller,76.84,"6'5""",1.84,plays_taller
2020,Fred Cleveland Jr,North Carolina A&T,70662,5-10,"5'10""",70.0,74.0,"6'2""",4.0,plays_taller,74.0,"6'2""",4.0,plays_taller
2020,August Mahoney,Yale,70663,6-4,"6'4""",76.0,75.52,"6'4""",-0.48,plays_at_height,75.52,"6'4""",-0.48,plays_at_height
2020,Spencer Jones,Stanford,70664,6-7,"6'7""",79.0,77.15,"6'5""",-1.85,plays_shorter,77.15,"6'5""",-1.85,plays_shorter
2020,Chase Claxton,Winthrop,70665,6-7,"6'7""",79.0,81.1,"6'9""",2.1,plays_taller,81.1,"6'9""",2.1,plays_taller
2020,James Keefe,Stanford,70668,6-9,"6'9""",81.0,79.19,"6'7""",-1.81,plays_shorter,79.19,"6'7""",-1.81,plays_shorter
2020,Dario Milojevic,Mississippi Valley St.,70670,6-8,"6'8""",80.0,77.09,"6'5""",-2.91,plays_shorter,77.09,"6'5""",-2.91,plays_shorter
2020,Gebreal Samaha,Mississippi Valley St.,70671,6-8,"6'8""",80.0,78.52,"6'7""",-1.48,plays_shorter,78.52,"6'7""",-1.48,plays_shorter
2020,Quinton Alston,Mississippi Valley St.,70673,6-5,"6'5""",77.0,77.62,"6'6""",0.62,plays_at_height,77.62,"6'6""",0.62,plays_at_height
2020,Cossy Kowouto,Mississippi Valley St.,70677,6-6,"6'6""",78.0,78.52,"6'7""",0.52,plays_at_height,78.52,"6'7""",0.52,plays_at_height
2020,Christian Ings,Rider,70679,6-2,"6'2""",74.0,75.36,"6'3""",1.36,plays_taller,75.36,"6'3""",1.36,plays_taller
2020,Tyreke Locure,South Alabama,70682,6-0,"6'0""",72.0,74.56,"6'3""",2.56,plays_taller,74.56,"6'3""",2.56,plays_taller
2020,Nah'Shon Hyland,VCU,70684,6-3,"6'3""",75.0,76.39,"6'4""",1.39,plays_taller,76.39,"6'4""",1.39,plays_taller
2020,Lazar Zivanovic,Loyola Marymount,70685,6-7,"6'7""",79.0,75.88,"6'4""",-3.12,plays_shorter,75.88,"6'4""",-3.12,plays_shorter
2020,Josiah Allick,UMKC,70687,6-7,"6'7""",79.0,79.63,"6'8""",0.63,plays_at_height,79.63,"6'8""",0.63,plays_at_height
2020,Shykeim Phillips,UNC Wilmington,70689,6-0,"6'0""",72.0,76.72,"6'5""",4.72,plays_taller,76.72,"6'5""",4.72,plays_taller
2020,Keli Leaupepe,Loyola Marymount,70690,6-6,"6'6""",78.0,78.42,"6'6""",0.42,plays_at_height,78.42,"6'6""",0.42,plays_at_height
2020,Anton Watson,Gonzaga,70692,6-8,"6'8""",80.0,79.7,"6'8""",-0.3,plays_at_height,79.7,"6'8""",-0.3,plays_at_height
2020,Darion Spottsville,Eastern Michigan,70693,6-3,"6'3""",75.0,75.53,"6'4""",0.53,plays_at_height,75.53,"6'4""",0.53,plays_at_height
2020,Jason Gibson,Towson,70695,6-1,"6'1""",73.0,73.92,"6'2""",0.92,plays_taller,73.92,"6'2""",0.92,plays_taller
2020,Charles Thompson,Towson,70696,6-7,"6'7""",79.0,78.55,"6'7""",-0.45,plays_at_height,78.55,"6'7""",-0.45,plays_at_height
2020,Niven Hart,Fresno St.,70699,6-5,"6'5""",77.0,76.69,"6'5""",-0.31,plays_at_height,76.69,"6'5""",-0.31,plays_at_height
2020,N'faly Dante,Oregon,70702,6-11,"6'11""",83.0,80.43,"6'8""",-2.57,plays_shorter,80.43,"6'8""",-2.57,plays_shorter
2020,Trey Calvin,Wright St.,70703,6-0,"6'0""",72.0,75.18,"6'3""",3.18,plays_taller,75.18,"6'3""",3.18,plays_taller
2020,Larry Kuimi,Tennessee Tech,70704,6-6,"6'6""",78.0,78.34,"6'6""",0.34,plays_at_height,78.34,"6'6""",0.34,plays_at_height
2020,Pat Spencer,Northwestern,70705,6-3,"6'3""",75.0,77.19,"6'5""",2.19,plays_taller,77.19,"6'5""",2.19,plays_taller
2020,Demarkus Lampley,Sam Houston St.,70706,6-2,"6'2""",74.0,75.05,"6'3""",1.05,plays_taller,75.05,"6'3""",1.05,plays_taller
2020,Terryonte Thomas,Sam Houston St.,70708,6-4,"6'4""",76.0,76.62,"6'5""",0.62,plays_at_height,76.62,"6'5""",0.62,plays_at_height
2020,Luke Bumbalough,Ball St.,70710,6-1,"6'1""",73.0,73.76,"6'2""",0.76,plays_taller,73.76,"6'2""",0.76,plays_taller
2020,Jay Heath,Boston College,70712,6-3,"6'3""",75.0,75.19,"6'3""",0.19,plays_at_height,75.19,"6'3""",0.19,plays_at_height
2020,Julian Rishwain,Boston College,70713,6-5,"6'5""",77.0,75.34,"6'3""",-1.66,plays_shorter,75.34,"6'3""",-1.66,plays_shorter
2020,CJ Felder,Boston College,70714,6-7,"6'7""",79.0,78.53,"6'7""",-0.47,plays_at_height,78.53,"6'7""",-0.47,plays_at_height
2020,Tre Jackson,Iowa St.,70715,6-1,"6'1""",73.0,74.31,"6'2""",1.31,plays_taller,74.31,"6'2""",1.31,plays_taller
2020,Kk Curry,South Alabama,70716,6-6,"6'6""",78.0,78.32,"6'6""",0.32,plays_at_height,78.32,"6'6""",0.32,plays_at_height
2020,Drew Timme,Gonzaga,70717,6-10,"6'10""",82.0,80.81,"6'9""",-1.19,plays_shorter,80.81,"6'9""",-1.19,plays_shorter
2020,Brian Tolefree,UNC Wilmington,70721,6-3,"6'3""",75.0,75.46,"6'3""",0.46,plays_at_height,75.46,"6'3""",0.46,plays_at_height
2020,Craig Beaudion,Cleveland St.,70724,6-3,"6'3""",75.0,75.9,"6'4""",0.9,plays_taller,75.9,"6'4""",0.9,plays_taller
2020,Anthony Walker,Miami FL,70725,6-9,"6'9""",81.0,78.67,"6'7""",-2.33,plays_shorter,78.67,"6'7""",-2.33,plays_shorter
2020,Keishawn Davidson,Tennessee Tech,70729,6-2,"6'2""",74.0,74.39,"6'2""",0.39,plays_at_height,74.39,"6'2""",0.39,plays_at_height
2020,Ja'Monta Black,Missouri St.,70733,6-3,"6'3""",75.0,74.41,"6'2""",-0.59,plays_at_height,74.41,"6'2""",-0.59,plays_at_height
2020,Marquise Kennedy,Loyola Chicago,70734,6-1,"6'1""",73.0,78.06,"6'6""",5.06,plays_taller,78.06,"6'6""",5.06,plays_taller
2020,Justin Champagnie,Pittsburgh,70735,6-6,"6'6""",78.0,79.78,"6'8""",1.78,plays_taller,79.78,"6'8""",1.78,plays_taller
2020,Karim Coulibaly,Pittsburgh,70736,6-8,"6'8""",80.0,77.75,"6'6""",-2.25,plays_shorter,77.75,"6'6""",-2.25,plays_shorter
2020,Gerald Drumgoole Jr.,Pittsburgh,70737,6-5,"6'5""",77.0,74.99,"6'3""",-2.01,plays_shorter,74.99,"6'3""",-2.01,plays_shorter
2020,Nico Aguirre,Idaho St.,70738,6-0,"6'0""",72.0,73.58,"6'2""",1.58,plays_taller,73.58,"6'2""",1.58,plays_taller
2020,Coreyoun Rushin,Idaho St.,70739,6-6,"6'6""",78.0,77.54,"6'6""",-0.46,plays_at_height,77.54,"6'6""",-0.46,plays_at_height
2020,Jacco Fritz,Canisius,70741,6-10,"6'10""",82.0,78.64,"6'7""",-3.36,plays_shorter,78.64,"6'7""",-3.36,plays_shorter
2020,Jovan Stulic,Little Rock,70742,6-5,"6'5""",77.0,75.64,"6'4""",-1.36,plays_shorter,75.64,"6'4""",-1.36,plays_shorter
2020,Ruot Monyyong,Little Rock,70743,6-10,"6'10""",82.0,84.38,"7'0""",2.38,plays_taller,84.38,"7'0""",2.38,plays_taller
2020,Ryan Wade,Holy Cross,70744,6-2,"6'2""",74.0,73.63,"6'2""",-0.37,plays_at_height,73.63,"6'2""",-0.37,plays_at_height
2020,Kobe Brown,Missouri,70745,6-7,"6'7""",79.0,79.06,"6'7""",0.06,plays_at_height,79.06,"6'7""",0.06,plays_at_height
2020,Armon Harried,Canisius,70746,6-4,"6'4""",76.0,76.33,"6'4""",0.33,plays_at_height,76.33,"6'4""",0.33,plays_at_height
2020,Tyler Wahl,Wisconsin,70749,6-7,"6'7""",79.0,78.16,"6'6""",-0.84,plays_shorter,78.16,"6'6""",-0.84,plays_shorter
2020,Addison Patterson,Oregon,70754,6-6,"6'6""",78.0,77.7,"6'6""",-0.3,plays_at_height,77.7,"6'6""",-0.3,plays_at_height
2020,Kyky Tandy,Xavier,70756,6-2,"6'2""",74.0,74.53,"6'3""",0.53,plays_at_height,74.53,"6'3""",0.53,plays_at_height
2020,Xavier Mayo,NJIT,70759,6-7,"6'7""",79.0,79.12,"6'7""",0.12,plays_at_height,79.12,"6'7""",0.12,plays_at_height
2020,Levar Williams,NJIT,70763,6-0,"6'0""",72.0,74.86,"6'3""",2.86,plays_taller,74.86,"6'3""",2.86,plays_taller
2020,Yeikson Montero,Eastern Michigan,70770,6-5,"6'5""",77.0,75.6,"6'4""",-1.4,plays_shorter,75.6,"6'4""",-1.4,plays_shorter
2020,Thomas Binelli,Eastern Michigan,70773,6-10,"6'10""",82.0,75.26,"6'3""",-6.74,plays_shorter,75.26,"6'3""",-6.74,plays_shorter
2020,Shamar Dillard,Eastern Michigan,70774,6-6,"6'6""",78.0,75.97,"6'4""",-2.03,plays_shorter,75.97,"6'4""",-2.03,plays_shorter
2020,Ville Tahvanainen,Bradley,70777,6-4,"6'4""",76.0,76.22,"6'4""",0.22,plays_at_height,76.22,"6'4""",0.22,plays_at_height
2020,Chris James,Eastern Michigan,70778,6-2,"6'2""",74.0,76.9,"6'5""",2.9,plays_taller,76.9,"6'5""",2.9,plays_taller
2020,Antonio Thomas,Bradley,70779,6-2,"6'2""",74.0,74.47,"6'2""",0.47,plays_at_height,74.47,"6'2""",0.47,plays_at_height
2020,Jaden Stanley-Williams,Morehead St.,70780,6-7,"6'7""",79.0,77.23,"6'5""",-1.77,plays_shorter,77.23,"6'5""",-1.77,plays_shorter
2020,Daylen Williams,Cleveland St.,70782,6-8,"6'8""",80.0,79.15,"6'7""",-0.85,plays_shorter,79.15,"6'7""",-0.85,plays_shorter
2020,Alondes Williams,Oklahoma,70784,6-5,"6'5""",77.0,76.67,"6'5""",-0.33,plays_at_height,76.67,"6'5""",-0.33,plays_at_height
2020,Noel Coleman,San Diego,70785,6-1,"6'1""",73.0,74.7,"6'3""",1.7,plays_taller,74.7,"6'3""",1.7,plays_taller
2020,James Jean-Marie,San Diego,70792,6-7,"6'7""",79.0,79.27,"6'7""",0.27,plays_at_height,79.27,"6'7""",0.27,plays_at_height
2020,Malik Porter,Idaho St.,70794,6-5,"6'5""",77.0,80.14,"6'8""",3.14,plays_taller,80.14,"6'8""",3.14,plays_taller
2020,Hunter Woods,Elon,70795,6-6,"6'6""",78.0,77.12,"6'5""",-0.88,plays_shorter,77.12,"6'5""",-0.88,plays_shorter
2020,Tarik Cool,Idaho St.,70798,6-4,"6'4""",76.0,74.32,"6'2""",-1.68,plays_shorter,74.32,"6'2""",-1.68,plays_shorter
2020,Zac Ervin,Elon,70799,6-5,"6'5""",77.0,74.95,"6'3""",-2.05,plays_shorter,74.95,"6'3""",-2.05,plays_shorter
2020,Devon Dunn,Fairleigh Dickinson,70800,6-1,"6'1""",73.0,74.26,"6'2""",1.26,plays_taller,74.26,"6'2""",1.26,plays_taller
2020,Brandon Rush,Fairleigh Dickinson,70801,6-3,"6'3""",75.0,75.33,"6'3""",0.33,plays_at_height,75.33,"6'3""",0.33,plays_at_height
2020,Jack Wilson,Idaho,70802,7-0,"7'0""",84.0,76.35,"6'4""",-7.65,plays_shorter,76.35,"6'4""",-7.65,plays_shorter
2020,Dylan van Eyck,Iona,70804,6-9,"6'9""",81.0,80.38,"6'8""",-0.62,plays_at_height,80.38,"6'8""",-0.62,plays_at_height
2020,Caleb Fields,Arkansas St.,70806,6-0,"6'0""",72.0,75.17,"6'3""",3.17,plays_taller,75.17,"6'3""",3.17,plays_taller
2020,Stephen Clark,The Citadel,70808,6-9,"6'9""",81.0,77.59,"6'6""",-3.41,plays_shorter,77.59,"6'6""",-3.41,plays_shorter
2020,Cobe Williams,Louisiana Tech,70810,5-11,"5'11""",71.0,76.78,"6'5""",5.78,plays_taller,76.78,"6'5""",5.78,plays_taller
2020,Isaiah Crawford,Louisiana Tech,70811,6-6,"6'6""",78.0,77.95,"6'6""",-0.05,plays_at_height,77.95,"6'6""",-0.05,plays_at_height
2020,Colton Cashaw,Iona,70813,6-3,"6'3""",75.0,75.02,"6'3""",0.02,plays_at_height,75.02,"6'3""",0.02,plays_at_height
2020,Bryce Williams,Mississippi,70814,6-2,"6'2""",74.0,76.44,"6'4""",2.44,plays_taller,76.44,"6'4""",2.44,plays_taller
2020,Damiree Burns,Southern,70817,6-6,"6'6""",78.0,79.88,"6'8""",1.88,plays_taller,79.88,"6'8""",1.88,plays_taller
2020,Jalen Gaffney,Connecticut,70819,6-2,"6'2""",74.0,75.21,"6'3""",1.21,plays_taller,75.21,"6'3""",1.21,plays_taller
2020,Alonde LeGrand,Detroit Mercy,70821,6-7,"6'7""",79.0,76.99,"6'5""",-2.01,plays_shorter,76.99,"6'5""",-2.01,plays_shorter
2020,Cornelius Taylor,Florida Atlantic,70823,6-0,"6'0""",72.0,74.59,"6'3""",2.59,plays_taller,74.59,"6'3""",2.59,plays_taller
2020,Seth Lundy,Penn St.,70825,6-6,"6'6""",78.0,77.6,"6'6""",-0.4,plays_at_height,77.6,"6'6""",-0.4,plays_at_height
2020,Kurt Wegscheider,New Mexico,70833,6-4,"6'4""",76.0,75.98,"6'4""",-0.02,plays_at_height,75.98,"6'4""",-0.02,plays_at_height
2020,AJ Bramah,Robert Morris,70834,6-7,"6'7""",79.0,81.9,"6'10""",2.9,plays_taller,81.9,"6'10""",2.9,plays_taller
2020,Rahsaan Edwards,South Carolina St.,70840,6-0,"6'0""",72.0,73.37,"6'1""",1.37,plays_taller,73.37,"6'1""",1.37,plays_taller
2020,Dahmir Bishop,Xavier,70844,6-5,"6'5""",77.0,76.36,"6'4""",-0.64,plays_at_height,76.36,"6'4""",-0.64,plays_at_height
2020,Tyler Stephenson-Moore,Stony Brook,70845,6-3,"6'3""",75.0,76.55,"6'5""",1.55,plays_taller,76.55,"6'5""",1.55,plays_taller
2020,Mouhamadou Gueye,Stony Brook,70846,6-9,"6'9""",81.0,81.63,"6'10""",0.63,plays_at_height,81.63,"6'10""",0.63,plays_at_height
2020,E.J. Liddell,Ohio St.,70850,6-6,"6'6""",78.0,80.76,"6'9""",2.76,plays_taller,80.76,"6'9""",2.76,plays_taller
2020,Heru Bligen,Longwood,70852,6-3,"6'3""",75.0,76.01,"6'4""",1.01,plays_taller,76.01,"6'4""",1.01,plays_taller
2020,Joe French,Bethune Cookman,70856,6-5,"6'5""",77.0,74.12,"6'2""",-2.88,plays_shorter,74.12,"6'2""",-2.88,plays_shorter
2020,Jaelen House,Arizona St.,70857,6-2,"6'2""",74.0,75.41,"6'3""",1.41,plays_taller,75.41,"6'3""",1.41,plays_taller
2020,Desmond Williams,Troy,70858,6-1,"6'1""",73.0,74.41,"6'2""",1.41,plays_taller,74.41,"6'2""",1.41,plays_taller
2020,Lars Thiemann,California,70859,7-0,"7'0""",84.0,78.56,"6'7""",-5.44,plays_shorter,78.56,"6'7""",-5.44,plays_shorter
2020,Zach Freemantle,Xavier,70861,6-9,"6'9""",81.0,79.06,"6'7""",-1.94,plays_shorter,79.06,"6'7""",-1.94,plays_shorter
2020,Marcus Domask,Southern Illinois,70865,6-6,"6'6""",78.0,77.93,"6'6""",-0.07,plays_at_height,77.93,"6'6""",-0.07,plays_at_height
2020,Trent Brown,Southern Illinois,70866,6-2,"6'2""",74.0,74.43,"6'2""",0.43,plays_at_height,74.43,"6'2""",0.43,plays_at_height
2020,Josh Endicott,North Florida,70867,6-8,"6'8""",80.0,77.85,"6'6""",-2.15,plays_shorter,77.85,"6'6""",-2.15,plays_shorter
2020,Darion Jordan-thomas,Wagner,70870,6-7,"6'7""",79.0,79.63,"6'8""",0.63,plays_at_height,79.63,"6'8""",0.63,plays_at_height
2020,Emmanuel Adedoyin,North Florida,70872,6-2,"6'2""",74.0,74.41,"6'2""",0.41,plays_at_height,74.41,"6'2""",0.41,plays_at_height
2020,Ja'mier Fletcher,Wagner,70873,6-7,"6'7""",79.0,78.76,"6'7""",-0.24,plays_at_height,78.76,"6'7""",-0.24,plays_at_height
2020,Tony Johnson Jr.,UCF,70874,6-3,"6'3""",75.0,75.36,"6'3""",0.36,plays_at_height,75.36,"6'3""",0.36,plays_at_height
2020,Alphonso Anderson,Utah St.,70877,6-6,"6'6""",78.0,78.13,"6'6""",0.13,plays_at_height,78.13,"6'6""",0.13,plays_at_height
2020,Chris Efretuei,Louisiana Monroe,70879,7-1,"7'1""",85.0,80.33,"6'8""",-4.67,plays_shorter,80.33,"6'8""",-4.67,plays_shorter
2020,Trayce Jackson-Davis,Indiana,70880,6-9,"6'9""",81.0,84.27,"7'0""",3.27,plays_taller,84.27,"7'0""",3.27,plays_taller
2020,Elijah Ifejeh,Louisiana Monroe,70882,6-7,"6'7""",79.0,78.13,"6'6""",-0.87,plays_shorter,78.13,"6'6""",-0.87,plays_shorter
2020,Erie Olonade,Louisiana Monroe,70884,5-11,"5'11""",71.0,74.65,"6'3""",3.65,plays_taller,74.65,"6'3""",3.65,plays_taller
2020,Langston Powell,Louisiana Monroe,70885,6-5,"6'5""",77.0,76.88,"6'5""",-0.12,plays_at_height,76.88,"6'5""",-0.12,plays_at_height
2020,Pavle Djurisic,Austin Peay,70888,6-8,"6'8""",80.0,77.76,"6'6""",-2.24,plays_shorter,77.76,"6'6""",-2.24,plays_shorter
2020,Max de Geest,Long Beach St.,70889,6-3,"6'3""",75.0,73.71,"6'2""",-1.29,plays_shorter,73.71,"6'2""",-1.29,plays_shorter
2020,Jalen Warren,Florida Gulf Coast,70892,6-3,"6'3""",75.0,75.05,"6'3""",0.05,plays_at_height,75.05,"6'3""",0.05,plays_at_height
2020,Antonio Ralat,UAB,70893,6-2,"6'2""",74.0,75.36,"6'3""",1.36,plays_taller,75.36,"6'3""",1.36,plays_taller
2020,Chance Hunter,Long Beach St.,70894,6-6,"6'6""",78.0,76.7,"6'5""",-1.3,plays_shorter,76.7,"6'5""",-1.3,plays_shorter
2020,Joshua Morgan,Long Beach St.,70895,6-11,"6'11""",83.0,82.49,"6'10""",-0.51,plays_at_height,82.49,"6'10""",-0.51,plays_at_height
2020,Romelle Mansel,Long Beach St.,70896,6-9,"6'9""",81.0,78.0,"6'6""",-3.0,plays_shorter,78.0,"6'6""",-3.0,plays_shorter
2020,Jalen White,Texas A&M Corpus Chris,70897,6-5,"6'5""",77.0,74.77,"6'3""",-2.23,plays_shorter,74.77,"6'3""",-2.23,plays_shorter
2020,Emmanuel Izunabor,High Point,70899,6-9,"6'9""",81.0,81.52,"6'10""",0.52,plays_at_height,81.52,"6'10""",0.52,plays_at_height
2020,Bryant Randleman,High Point,70901,6-4,"6'4""",76.0,75.17,"6'3""",-0.83,plays_shorter,75.17,"6'3""",-0.83,plays_shorter
2020,Yarden Willis,Binghamton,70902,7-0,"7'0""",84.0,78.4,"6'6""",-5.6,plays_shorter,78.4,"6'6""",-5.6,plays_shorter
2020,Judah Jordan,Weber St.,70903,6-2,"6'2""",74.0,74.46,"6'2""",0.46,plays_at_height,74.46,"6'2""",0.46,plays_at_height
2020,Tujautae Williams,Tennessee Tech,70905,6-5,"6'5""",77.0,77.2,"6'5""",0.2,plays_at_height,77.2,"6'5""",0.2,plays_at_height
2020,David Roddy,Colorado St.,70907,6-5,"6'5""",77.0,79.46,"6'7""",2.46,plays_taller,79.46,"6'7""",2.46,plays_taller
2020,Deangelo Epps,Charleston,70909,6-4,"6'4""",76.0,76.61,"6'5""",0.61,plays_at_height,76.61,"6'5""",0.61,plays_at_height
2020,Chris Duarte,Oregon,70910,6-6,"6'6""",78.0,78.6,"6'7""",0.6,plays_at_height,78.6,"6'7""",0.6,plays_at_height
2020,KJ Cunningham,Weber St.,70911,6-2,"6'2""",74.0,75.88,"6'4""",1.88,plays_taller,75.88,"6'4""",1.88,plays_taller
2020,Austin Galuppo,Weber St.,70912,6-5,"6'5""",77.0,73.52,"6'2""",-3.48,plays_shorter,73.52,"6'2""",-3.48,plays_shorter
2020,Robbie Beran,Northwestern,70913,6-9,"6'9""",81.0,77.45,"6'5""",-3.55,plays_shorter,77.45,"6'5""",-3.55,plays_shorter
2020,Lorenzo McGhee,Nicholls St.,70916,6-5,"6'5""",77.0,76.37,"6'4""",-0.63,plays_at_height,76.37,"6'4""",-0.63,plays_at_height
2020,Evins Desir,Florida A&M,70918,6-8,"6'8""",80.0,78.33,"6'6""",-1.67,plays_shorter,78.33,"6'6""",-1.67,plays_shorter
2020,Anthony Fairley,Alcorn St.,70923,6-8,"6'8""",80.0,80.59,"6'9""",0.59,plays_at_height,80.59,"6'9""",0.59,plays_at_height
2020,Jaylen Forbes,Alabama,70927,6-4,"6'4""",76.0,76.57,"6'5""",0.57,plays_at_height,76.57,"6'5""",0.57,plays_at_height
2020,Jaden Shackelford,Alabama,70928,6-3,"6'3""",75.0,75.8,"6'4""",0.8,plays_taller,75.8,"6'4""",0.8,plays_taller
2020,Ben Sheppard,Belmont,70930,6-6,"6'6""",78.0,77.0,"6'5""",-1.0,plays_shorter,77.0,"6'5""",-1.0,plays_shorter
2020,Noah Fernandes,Wichita St.,70931,5-11,"5'11""",71.0,74.04,"6'2""",3.04,plays_taller,74.04,"6'2""",3.04,plays_taller
2020,PJ Fuller,TCU,70934,6-4,"6'4""",76.0,76.21,"6'4""",0.21,plays_at_height,76.21,"6'4""",0.21,plays_at_height
2020,Caleb Mills,Houston,70935,6-3,"6'3""",75.0,76.29,"6'4""",1.29,plays_taller,76.29,"6'4""",1.29,plays_taller
2020,Francisco Farabello,TCU,70936,6-2,"6'2""",74.0,74.36,"6'2""",0.36,plays_at_height,74.36,"6'2""",0.36,plays_at_height
2020,Edric Dennis Jr.,TCU,70939,6-3,"6'3""",75.0,75.08,"6'3""",0.08,plays_at_height,75.08,"6'3""",0.08,plays_at_height
2020,Diante Smith,TCU,70942,6-7,"6'7""",79.0,75.93,"6'4""",-3.07,plays_shorter,75.93,"6'4""",-3.07,plays_shorter
2020,Dequan Morris,Arkansas Pine Bluff,70946,6-4,"6'4""",76.0,79.05,"6'7""",3.05,plays_taller,79.05,"6'7""",3.05,plays_taller
2020,Jamil Wilson,Arkansas Pine Bluff,70948,5-11,"5'11""",71.0,74.46,"6'2""",3.46,plays_taller,74.46,"6'2""",3.46,plays_taller
2020,Hugo Ferreira,Cleveland St.,70949,6-1,"6'1""",73.0,74.72,"6'3""",1.72,plays_taller,74.72,"6'3""",1.72,plays_taller
2020,Jeremiah Francis,North Carolina,70950,6-0,"6'0""",72.0,74.13,"6'2""",2.13,plays_taller,74.13,"6'2""",2.13,plays_taller
2020,Ethan Anderson,USC,70951,6-1,"6'1""",73.0,76.1,"6'4""",3.1,plays_taller,76.1,"6'4""",3.1,plays_taller
2020,Kshun Stokes,Arkansas Pine Bluff,70953,6-2,"6'2""",74.0,77.48,"6'5""",3.48,plays_taller,77.48,"6'5""",3.48,plays_taller
2020,Markedric Bell,Arkansas Pine Bluff,70954,6-7,"6'7""",79.0,79.48,"6'7""",0.48,plays_at_height,79.48,"6'7""",0.48,plays_at_height
2020,Mylik Wilson,Louisiana,70955,6-3,"6'3""",75.0,78.44,"6'6""",3.44,plays_taller,78.44,"6'6""",3.44,plays_taller
2020,Caleb Asberry,Texas St.,70957,6-3,"6'3""",75.0,77.31,"6'5""",2.31,plays_taller,77.31,"6'5""",2.31,plays_taller
2020,DeShawn Davidson,Texas St.,70959,6-3,"6'3""",75.0,74.05,"6'2""",-0.95,plays_shorter,74.05,"6'2""",-0.95,plays_shorter
2020,Isiah Small,Texas St.,70960,6-8,"6'8""",80.0,81.37,"6'9""",1.37,plays_taller,81.37,"6'9""",1.37,plays_taller
2020,Russhard Cruickshank,Eastern Kentucky,70965,6-0,"6'0""",72.0,74.05,"6'2""",2.05,plays_taller,74.05,"6'2""",2.05,plays_taller
2020,Aaron Estrada,Saint Peter's,70970,6-4,"6'4""",76.0,75.23,"6'3""",-0.77,plays_shorter,75.23,"6'3""",-0.77,plays_shorter
2020,Matthew Lee,Saint Peter's,70971,6-0,"6'0""",72.0,74.37,"6'2""",2.37,plays_taller,74.37,"6'2""",2.37,plays_taller
2020,Ayinde Hikim,La Salle,70972,5-11,"5'11""",71.0,75.89,"6'4""",4.89,plays_taller,75.89,"6'4""",4.89,plays_taller
2020,Mike DePersia,IU Indy,70973,5-11,"5'11""",71.0,74.74,"6'3""",3.74,plays_taller,74.74,"6'3""",3.74,plays_taller
2020,Jordan Wright,Vanderbilt,70975,6-5,"6'5""",77.0,77.57,"6'6""",0.57,plays_at_height,77.57,"6'6""",0.57,plays_at_height
2020,Sherif Kenney,La Salle,70976,6-4,"6'4""",76.0,76.24,"6'4""",0.24,plays_at_height,76.24,"6'4""",0.24,plays_at_height
2020,Julien Wooden,James Madison,70977,6-8,"6'8""",80.0,76.96,"6'5""",-3.04,plays_shorter,76.96,"6'5""",-3.04,plays_shorter
2020,Michael Christmas,James Madison,70978,6-6,"6'6""",78.0,77.6,"6'6""",-0.4,plays_at_height,77.6,"6'6""",-0.4,plays_at_height
2020,Zion Tordoff,Marist,70979,6-8,"6'8""",80.0,78.67,"6'7""",-1.33,plays_shorter,78.67,"6'7""",-1.33,plays_shorter
2020,Cartier Jernigan,USC Upstate,70981,6-1,"6'1""",73.0,75.71,"6'4""",2.71,plays_taller,75.71,"6'4""",2.71,plays_taller
2020,Jacob Germany,UTSA,70986,6-11,"6'11""",83.0,80.45,"6'8""",-2.55,plays_shorter,80.45,"6'8""",-2.55,plays_shorter
2020,Luka Barisic,UTSA,70987,6-10,"6'10""",82.0,76.21,"6'4""",-5.79,plays_shorter,76.21,"6'4""",-5.79,plays_shorter
2020,Efstratios Kalogerias,Norfolk St.,70988,6-10,"6'10""",82.0,78.1,"6'6""",-3.9,plays_shorter,78.1,"6'6""",-3.9,plays_shorter
2020,Spirit Ricks,Norfolk St.,70989,6-8,"6'8""",80.0,77.17,"6'5""",-2.83,plays_shorter,77.17,"6'5""",-2.83,plays_shorter
2020,Tre Mann,Florida,70993,6-4,"6'4""",76.0,75.2,"6'3""",-0.8,plays_shorter,75.2,"6'3""",-0.8,plays_shorter
2020,Scottie Lewis,Florida,70994,6-5,"6'5""",77.0,78.88,"6'7""",1.88,plays_taller,78.88,"6'7""",1.88,plays_taller
2020,Christian Brown,Georgia,70995,6-6,"6'6""",78.0,78.5,"6'7""",0.5,plays_at_height,78.5,"6'7""",0.5,plays_at_height
2020,Omar Payne,Florida,70996,6-10,"6'10""",82.0,82.77,"6'11""",0.77,plays_taller,82.77,"6'11""",0.77,plays_taller
2020,Miles Daniels,Jackson St.,70997,6-3,"6'3""",75.0,73.69,"6'2""",-1.31,plays_shorter,73.69,"6'2""",-1.31,plays_shorter
2020,Austin Crowley,Mississippi,70998,6-5,"6'5""",77.0,75.22,"6'3""",-1.78,plays_shorter,75.22,"6'3""",-1.78,plays_shorter
2020,Jalen Graham,Arizona St.,71000,6-9,"6'9""",81.0,82.59,"6'11""",1.59,plays_taller,82.59,"6'11""",1.59,plays_taller
2020,Hall Elisias,Bryant,71005,6-7,"6'7""",79.0,84.58,"7'1""",5.58,plays_taller,84.58,"7'1""",5.58,plays_taller
2020,Ahren Freeman,New Orleans,71007,6-6,"6'6""",78.0,77.92,"6'6""",-0.08,plays_at_height,77.92,"6'6""",-0.08,plays_at_height
2020,Khalil Robinson,Howard,71009,5-11,"5'11""",71.0,73.74,"6'2""",2.74,plays_taller,73.74,"6'2""",2.74,plays_taller
2020,Brice Williams,Charlotte,71018,6-7,"6'7""",79.0,76.88,"6'5""",-2.12,plays_shorter,76.88,"6'5""",-2.12,plays_shorter
2020,Khalyl Waters,Troy,71020,6-6,"6'6""",78.0,78.54,"6'7""",0.54,plays_at_height,78.54,"6'7""",0.54,plays_at_height
2020,Jack Forrest,Columbia,71021,6-5,"6'5""",77.0,74.59,"6'3""",-2.41,plays_shorter,74.59,"6'3""",-2.41,plays_shorter
2020,Nick Caldwell,Southeastern Louisiana,71023,6-7,"6'7""",79.0,77.88,"6'6""",-1.12,plays_shorter,77.88,"6'6""",-1.12,plays_shorter
2020,Tyler Cochran,Northern Illinois,71025,6-2,"6'2""",74.0,78.49,"6'6""",4.49,plays_taller,78.49,"6'6""",4.49,plays_taller
2020,Jakevan Leftridge,Troy,71026,6-4,"6'4""",76.0,78.38,"6'6""",2.38,plays_taller,78.38,"6'6""",2.38,plays_taller
2020,Kruz Perrott-Hunt,South Dakota,71028,6-3,"6'3""",75.0,76.1,"6'4""",1.1,plays_taller,76.1,"6'4""",1.1,plays_taller
2020,Cassius Stanley,Duke,71030,6-6,"6'6""",78.0,79.53,"6'8""",1.53,plays_taller,79.53,"6'8""",1.53,plays_taller
2020,Tyrie Jackson,East Carolina,71031,6-2,"6'2""",74.0,77.14,"6'5""",3.14,plays_taller,77.14,"6'5""",3.14,plays_taller
2020,Terrell Burden,Kennesaw St.,71032,5-10,"5'10""",70.0,74.49,"6'2""",4.49,plays_taller,74.49,"6'2""",4.49,plays_taller
2020,Armani Harris,Kennesaw St.,71034,6-6,"6'6""",78.0,79.33,"6'7""",1.33,plays_taller,79.33,"6'7""",1.33,plays_taller
2020,J.J. Miles,East Carolina,71035,6-7,"6'7""",79.0,74.31,"6'2""",-4.69,plays_shorter,74.31,"6'2""",-4.69,plays_shorter
2020,Tremont Robinson-White,East Carolina,71036,6-1,"6'1""",73.0,74.99,"6'3""",1.99,plays_taller,74.99,"6'3""",1.99,plays_taller
2020,Jamie Lewis,Kennesaw St.,71037,6-4,"6'4""",76.0,74.19,"6'2""",-1.81,plays_shorter,74.19,"6'2""",-1.81,plays_shorter
2020,Matthew Hurt,Duke,71038,6-9,"6'9""",81.0,78.81,"6'7""",-2.19,plays_shorter,78.81,"6'7""",-2.19,plays_shorter
2020,Donte Tatum,Samford,71040,6-1,"6'1""",73.0,76.03,"6'4""",3.03,plays_taller,76.03,"6'4""",3.03,plays_taller
2020,Leslie Nkereuwem,Longwood,71042,6-7,"6'7""",79.0,80.4,"6'8""",1.4,plays_taller,80.4,"6'8""",1.4,plays_taller
2020,Allen Powell,Rider,71044,6-2,"6'2""",74.0,73.75,"6'2""",-0.25,plays_at_height,73.75,"6'2""",-0.25,plays_at_height
2020,Hunter Goodrick,South Dakota,71046,6-7,"6'7""",79.0,78.6,"6'7""",-0.4,plays_at_height,78.6,"6'7""",-0.4,plays_at_height
2020,Justyn King,Bethune Cookman,71047,6-7,"6'7""",79.0,77.48,"6'5""",-1.52,plays_shorter,77.48,"6'5""",-1.52,plays_shorter
2020,Jordyn Owens,UMass Lowell,71052,6-1,"6'1""",73.0,73.75,"6'2""",0.75,plays_taller,73.75,"6'2""",0.75,plays_taller
2020,Josh Vazquez,Montana,71054,6-3,"6'3""",75.0,76.06,"6'4""",1.06,plays_taller,76.06,"6'4""",1.06,plays_taller
2020,Kyle Owens,Montana,71055,6-8,"6'8""",80.0,77.67,"6'6""",-2.33,plays_shorter,77.67,"6'6""",-2.33,plays_shorter
2020,C.J. Wilbourn,Milwaukee,71057,6-7,"6'7""",79.0,76.55,"6'5""",-2.45,plays_shorter,76.55,"6'5""",-2.45,plays_shorter
2020,Lewis McDaniel,Central Arkansas,71059,6-3,"6'3""",75.0,74.27,"6'2""",-0.73,plays_at_height,74.27,"6'2""",-0.73,plays_at_height
2020,Kalil Thomas,UMass Lowell,71060,6-5,"6'5""",77.0,75.04,"6'3""",-1.96,plays_shorter,75.04,"6'3""",-1.96,plays_shorter
2020,Connor Nelson,American,71063,6-6,"6'6""",78.0,76.7,"6'5""",-1.3,plays_shorter,76.7,"6'5""",-1.3,plays_shorter
2020,Jordan Jones,Cornell,71065,6-5,"6'5""",77.0,75.76,"6'4""",-1.24,plays_shorter,75.76,"6'4""",-1.24,plays_shorter
2020,Ben Lubarsky,American,71067,6-5,"6'5""",77.0,76.45,"6'4""",-0.55,plays_at_height,76.45,"6'4""",-0.55,plays_at_height
2020,Marcus Filien,Cornell,71069,6-7,"6'7""",79.0,76.99,"6'5""",-2.01,plays_shorter,76.99,"6'5""",-2.01,plays_shorter
2020,LaQuan Butler,Southeastern Louisiana,71071,6-0,"6'0""",72.0,73.08,"6'1""",1.08,plays_taller,73.08,"6'1""",1.08,plays_taller
2020,Bas Leyte,UNC Greensboro,71073,6-10,"6'10""",82.0,76.52,"6'5""",-5.48,plays_shorter,76.52,"6'5""",-5.48,plays_shorter
2020,EJ Williams,Alabama A&M,71075,6-10,"6'10""",82.0,78.85,"6'7""",-3.15,plays_shorter,78.85,"6'7""",-3.15,plays_shorter
2020,Santi Aldama,Loyola MD,71076,6-11,"6'11""",83.0,80.04,"6'8""",-2.96,plays_shorter,80.04,"6'8""",-2.96,plays_shorter
2020,Louis Tang,VMI,71078,6-4,"6'4""",76.0,75.8,"6'4""",-0.2,plays_at_height,75.8,"6'4""",-0.2,plays_at_height
2020,Garrett Hicks,Alabama A&M,71080,6-0,"6'0""",72.0,75.37,"6'3""",3.37,plays_taller,75.37,"6'3""",3.37,plays_taller
2020,Kassim Nicholson,UAB,71085,6-7,"6'7""",79.0,77.84,"6'6""",-1.16,plays_shorter,77.84,"6'6""",-1.16,plays_shorter
2020,Raquan Brown,New Orleans,71089,6-3,"6'3""",75.0,74.25,"6'2""",-0.75,plays_at_height,74.25,"6'2""",-0.75,plays_at_height
2020,Rodney Carson,New Orleans,71090,6-3,"6'3""",75.0,75.64,"6'4""",0.64,plays_at_height,75.64,"6'4""",0.64,plays_at_height
2020,Justus Rainwater,Florida Gulf Coast,71091,6-8,"6'8""",80.0,81.95,"6'10""",1.95,plays_taller,81.95,"6'10""",1.95,plays_taller
2020,Tyler Thomas,Sacred Heart,71094,6-3,"6'3""",75.0,76.11,"6'4""",1.11,plays_taller,76.11,"6'4""",1.11,plays_taller
2020,Sean Yoder,Navy,71096,6-2,"6'2""",74.0,74.74,"6'3""",0.74,plays_at_height,74.74,"6'3""",0.74,plays_at_height
2020,Tyler Nelson,Navy,71098,6-6,"6'6""",78.0,77.71,"6'6""",-0.29,plays_at_height,77.71,"6'6""",-0.29,plays_at_height
2020,Jaylen Walker,Navy,71100,6-5,"6'5""",77.0,75.23,"6'3""",-1.77,plays_shorter,75.23,"6'3""",-1.77,plays_shorter
2020,Daniel Deaver,Navy,71101,6-8,"6'8""",80.0,78.52,"6'7""",-1.48,plays_shorter,78.52,"6'7""",-1.48,plays_shorter
2020,John Bowen,UNC Wilmington,71105,6-7,"6'7""",79.0,77.28,"6'5""",-1.72,plays_shorter,77.28,"6'5""",-1.72,plays_shorter
2020,Neal Quinn,Lafayette,71107,7-0,"7'0""",84.0,79.25,"6'7""",-4.75,plays_shorter,79.25,"6'7""",-4.75,plays_shorter
2020,Leo O'Boyle,Lafayette,71110,6-7,"6'7""",79.0,76.09,"6'4""",-2.91,plays_shorter,76.09,"6'4""",-2.91,plays_shorter
2020,Ethan Brittain-Watts,Boston University,71112,6-2,"6'2""",74.0,73.96,"6'2""",-0.04,plays_at_height,73.96,"6'2""",-0.04,plays_at_height
2020,James Anderson II,North Alabama,71113,6-5,"6'5""",77.0,75.07,"6'3""",-1.93,plays_shorter,75.07,"6'3""",-1.93,plays_shorter
2020,Mervin James,North Alabama,71115,6-7,"6'7""",79.0,77.72,"6'6""",-1.28,plays_shorter,77.72,"6'6""",-1.28,plays_shorter
2020,C.J. Brim,North Alabama,71116,5-9,"5'9""",69.0,74.65,"6'3""",5.65,plays_taller,74.65,"6'3""",5.65,plays_taller
2020,Jalen Thomas,Georgia St.,71118,6-10,"6'10""",82.0,80.62,"6'9""",-1.38,plays_shorter,80.62,"6'9""",-1.38,plays_shorter
2020,Alonzo Verge,Arizona St.,71120,6-3,"6'3""",75.0,76.8,"6'5""",1.8,plays_taller,76.8,"6'5""",1.8,plays_taller
2020,Trey Pulliam,San Diego St.,71122,6-3,"6'3""",75.0,75.09,"6'3""",0.09,plays_at_height,75.09,"6'3""",0.09,plays_at_height
2020,Eduardo Lane,San Jose St.,71126,6-10,"6'10""",82.0,78.45,"6'6""",-3.55,plays_shorter,78.45,"6'6""",-3.55,plays_shorter
2020,Isaiah Stevens,Colorado St.,71128,6-0,"6'0""",72.0,74.93,"6'3""",2.93,plays_taller,74.93,"6'3""",2.93,plays_taller
2020,Kyle Rose,Fordham,71130,6-3,"6'3""",75.0,74.99,"6'3""",-0.01,plays_at_height,74.99,"6'3""",-0.01,plays_at_height
2020,Wheza Panzo,Stetson,71131,6-7,"6'7""",79.0,76.45,"6'4""",-2.55,plays_shorter,76.45,"6'4""",-2.55,plays_shorter
2020,Fousseyni Drame,Saint Peter's,71132,6-7,"6'7""",79.0,78.9,"6'7""",-0.1,plays_at_height,78.9,"6'7""",-0.1,plays_at_height
2020,Daryl Banks III,Saint Peter's,71133,6-3,"6'3""",75.0,74.27,"6'2""",-0.73,plays_at_height,74.27,"6'2""",-0.73,plays_at_height
2020,Eman Sertovic,Tennessee Martin,71137,6-5,"6'5""",77.0,73.05,"6'1""",-3.95,plays_shorter,73.05,"6'1""",-3.95,plays_shorter
2020,Tyler Sagl,Marist,71138,6-5,"6'5""",77.0,74.06,"6'2""",-2.94,plays_shorter,74.06,"6'2""",-2.94,plays_shorter
2020,Ford Cooper Jr,Missouri St.,71139,6-3,"6'3""",75.0,73.35,"6'1""",-1.65,plays_shorter,73.35,"6'1""",-1.65,plays_shorter
2020,Dylan Disu,Vanderbilt,71140,6-9,"6'9""",81.0,79.44,"6'7""",-1.56,plays_shorter,79.44,"6'7""",-1.56,plays_shorter
2020,Vonnie Patterson,East Tennessee St.,71143,6-4,"6'4""",76.0,77.05,"6'5""",1.05,plays_taller,77.05,"6'5""",1.05,plays_taller
2020,Jack Cavanaugh,Marist,71145,6-4,"6'4""",76.0,74.11,"6'2""",-1.89,plays_shorter,74.11,"6'2""",-1.89,plays_shorter
2020,Scotty Pippen Jr,Vanderbilt,71146,6-1,"6'1""",73.0,76.56,"6'5""",3.56,plays_taller,76.56,"6'5""",3.56,plays_taller
2020,Volodymyr Markovetskyy,Washington St.,71147,7-1,"7'1""",85.0,80.36,"6'8""",-4.64,plays_shorter,80.36,"6'8""",-4.64,plays_shorter
2020,Mykel Derring,Merrimack,71148,6-2,"6'2""",74.0,75.22,"6'3""",1.22,plays_taller,75.22,"6'3""",1.22,plays_taller
2020,Juvaris Hayes,Merrimack,71150,6-0,"6'0""",72.0,76.69,"6'5""",4.69,plays_taller,76.69,"6'5""",4.69,plays_taller
2020,Mikey Watkins,Merrimack,71154,5-11,"5'11""",71.0,75.13,"6'3""",4.13,plays_taller,75.13,"6'3""",4.13,plays_taller
2020,Jaleel Lord,Merrimack,71156,6-4,"6'4""",76.0,75.45,"6'3""",-0.55,plays_at_height,75.45,"6'3""",-0.55,plays_at_height
2020,Devin Jensen,Merrimack,71157,6-5,"6'5""",77.0,74.79,"6'3""",-2.21,plays_shorter,74.79,"6'3""",-2.21,plays_shorter
2020,Kareem Reid,Gardner Webb,71159,6-9,"6'9""",81.0,82.33,"6'10""",1.33,plays_taller,82.33,"6'10""",1.33,plays_taller
2020,Jared Jones,Northwestern,71160,6-10,"6'10""",82.0,78.95,"6'7""",-3.05,plays_shorter,78.95,"6'7""",-3.05,plays_shorter
2020,Rainers Hermanovskis,William & Mary,71163,6-4,"6'4""",76.0,74.6,"6'3""",-1.4,plays_shorter,74.6,"6'3""",-1.4,plays_shorter
2020,Chris Whitaker,Portland St.,71164,6-3,"6'3""",75.0,76.14,"6'4""",1.14,plays_taller,76.14,"6'4""",1.14,plays_taller
2020,Miguel Ayesa,William & Mary,71168,6-4,"6'4""",76.0,73.75,"6'2""",-2.25,plays_shorter,73.75,"6'2""",-2.25,plays_shorter
2020,Miles James,East Carolina,71170,6-6,"6'6""",78.0,75.5,"6'3""",-2.5,plays_shorter,75.5,"6'3""",-2.5,plays_shorter
2020,Kyle Rode,Liberty,71171,6-7,"6'7""",79.0,76.34,"6'4""",-2.66,plays_shorter,76.34,"6'4""",-2.66,plays_shorter
2020,Shiloh Robinson,Liberty,71173,6-7,"6'7""",79.0,78.3,"6'6""",-0.7,plays_at_height,78.3,"6'6""",-0.7,plays_at_height
2020,Charles Coleman,East Carolina,71174,7-0,"7'0""",84.0,78.37,"6'6""",-5.63,plays_shorter,78.37,"6'6""",-5.63,plays_shorter
2020,"Terrence Shannon, Jr.",Texas Tech,71181,6-6,"6'6""",78.0,79.12,"6'7""",1.12,plays_taller,79.12,"6'7""",1.12,plays_taller
2020,Jahmi'us Ramsey,Texas Tech,71183,6-4,"6'4""",76.0,77.12,"6'5""",1.12,plays_taller,77.12,"6'5""",1.12,plays_taller
2020,Deschon Winston,Central Michigan,71184,6-4,"6'4""",76.0,74.5,"6'2""",-1.5,plays_shorter,74.5,"6'2""",-1.5,plays_shorter
2020,Donovan Clay,Valparaiso,71191,6-7,"6'7""",79.0,78.53,"6'7""",-0.47,plays_at_height,78.53,"6'7""",-0.47,plays_at_height
2020,Sita Conteh,Austin Peay,71193,6-8,"6'8""",80.0,77.24,"6'5""",-2.76,plays_shorter,77.24,"6'5""",-2.76,plays_shorter
2020,Bryce Okpoh,Grand Canyon,71194,6-7,"6'7""",79.0,78.39,"6'6""",-0.61,plays_at_height,78.39,"6'6""",-0.61,plays_at_height
2020,Cameron Alford,Alabama A&M,71201,6-1,"6'1""",73.0,76.17,"6'4""",3.17,plays_taller,76.17,"6'4""",3.17,plays_taller
2020,Mason Taylor,Air Force,71202,6-4,"6'4""",76.0,75.81,"6'4""",-0.19,plays_at_height,75.81,"6'4""",-0.19,plays_at_height
2020,Nathan Scott,Northern Illinois,71203,6-8,"6'8""",80.0,79.48,"6'7""",-0.52,plays_at_height,79.48,"6'7""",-0.52,plays_at_height
2020,Travis Evee,VMI,71206,6-0,"6'0""",72.0,74.8,"6'3""",2.8,plays_taller,74.8,"6'3""",2.8,plays_taller
2020,Austin Johnson,UC Irvine,71208,6-9,"6'9""",81.0,81.18,"6'9""",0.18,plays_at_height,81.18,"6'9""",0.18,plays_at_height
2020,Jeron Artest,UC Irvine,71214,6-3,"6'3""",75.0,75.37,"6'3""",0.37,plays_at_height,75.37,"6'3""",0.37,plays_at_height
2020,Brenton Mills,Binghamton,71218,6-3,"6'3""",75.0,74.39,"6'2""",-0.61,plays_at_height,74.39,"6'2""",-0.61,plays_at_height
2020,Shakem Johnson,Tennessee St.,71219,6-7,"6'7""",79.0,80.5,"6'9""",1.5,plays_taller,80.5,"6'9""",1.5,plays_taller
2020,Hakon Hjalmarsson,Binghamton,71220,6-3,"6'3""",75.0,73.45,"6'1""",-1.55,plays_shorter,73.45,"6'1""",-1.55,plays_shorter
2020,Adham Eleeda,Northern Kentucky,71221,6-5,"6'5""",77.0,74.83,"6'3""",-2.17,plays_shorter,74.83,"6'3""",-2.17,plays_shorter
2020,Julian Champagnie,St. John's,71224,6-8,"6'8""",80.0,79.81,"6'8""",-0.19,plays_at_height,79.81,"6'8""",-0.19,plays_at_height
2020,Yvan Ouedraogo,Nebraska,71226,6-9,"6'9""",81.0,79.41,"6'7""",-1.59,plays_shorter,79.41,"6'7""",-1.59,plays_shorter
2020,Kaleb Coleman,Lipscomb,71229,6-6,"6'6""",78.0,75.64,"6'4""",-2.36,plays_shorter,75.64,"6'4""",-2.36,plays_shorter
2020,Carson Cary,Lipscomb,71232,6-0,"6'0""",72.0,74.07,"6'2""",2.07,plays_taller,74.07,"6'2""",2.07,plays_taller
2020,Josh Oduro,George Mason,71233,6-9,"6'9""",81.0,78.98,"6'7""",-2.02,plays_shorter,78.98,"6'7""",-2.02,plays_shorter
2020,Marcus Sasser,Houston,71234,6-1,"6'1""",73.0,74.85,"6'3""",1.85,plays_taller,74.85,"6'3""",1.85,plays_taller
2020,Antonio Gordon,Kansas St.,71236,6-9,"6'9""",81.0,78.8,"6'7""",-2.2,plays_shorter,78.8,"6'7""",-2.2,plays_shorter
2020,Justin Winston,St. Bonaventure,71237,6-8,"6'8""",80.0,76.81,"6'5""",-3.19,plays_shorter,76.81,"6'5""",-3.19,plays_shorter
2020,Alejandro Vasquez,St. Bonaventure,71238,6-3,"6'3""",75.0,74.64,"6'3""",-0.36,plays_at_height,74.64,"6'3""",-0.36,plays_at_height
2020,Tre Gomillion,Cleveland St.,71241,6-4,"6'4""",76.0,77.75,"6'6""",1.75,plays_taller,77.75,"6'6""",1.75,plays_taller
2020,Franklyn Penn Jr.,Cleveland St.,71242,6-3,"6'3""",75.0,76.72,"6'5""",1.72,plays_taller,76.72,"6'5""",1.72,plays_taller
2020,Rayquan Evans,Florida St.,71243,6-4,"6'4""",76.0,76.6,"6'5""",0.6,plays_at_height,76.6,"6'5""",0.6,plays_at_height
2020,Miles Brown,Ohio,71244,6-1,"6'1""",73.0,74.7,"6'3""",1.7,plays_taller,74.7,"6'3""",1.7,plays_taller
2020,Nolan Foster,Ohio,71245,6-10,"6'10""",82.0,77.68,"6'6""",-4.32,plays_shorter,77.68,"6'6""",-4.32,plays_shorter
2020,Jonah Jackson,Drake,71246,6-3,"6'3""",75.0,72.04,"6'0""",-2.96,plays_shorter,72.04,"6'0""",-2.96,plays_shorter
2020,Rafael Cruz Jr,Western Michigan,71247,6-1,"6'1""",73.0,75.43,"6'3""",2.43,plays_taller,75.43,"6'3""",2.43,plays_taller
2020,Greg Outlaw,Central Connecticut,71248,6-4,"6'4""",76.0,77.26,"6'5""",1.26,plays_taller,77.26,"6'5""",1.26,plays_taller
2020,Trey Tennyson,Central Connecticut,71251,6-4,"6'4""",76.0,73.74,"6'2""",-2.26,plays_shorter,73.74,"6'2""",-2.26,plays_shorter
2020,Myles Baker,Central Connecticut,71252,6-2,"6'2""",74.0,74.39,"6'2""",0.39,plays_at_height,74.39,"6'2""",0.39,plays_at_height
2020,Lamarcus Lee,Southern,71256,6-2,"6'2""",74.0,78.33,"6'6""",4.33,plays_taller,78.33,"6'6""",4.33,plays_taller
2020,Skyler Baggs,Southern,71260,6-6,"6'6""",78.0,77.79,"6'6""",-0.21,plays_at_height,77.79,"6'6""",-0.21,plays_at_height
2020,Malik Curry,Old Dominion,71262,6-1,"6'1""",73.0,76.7,"6'5""",3.7,plays_taller,76.7,"6'5""",3.7,plays_taller
2020,Joey Reilly,Holy Cross,71265,6-0,"6'0""",72.0,73.47,"6'1""",1.47,plays_taller,73.47,"6'1""",1.47,plays_taller
2020,Onyeka Okongwu,USC,71269,6-9,"6'9""",81.0,85.37,"7'1""",4.37,plays_taller,85.37,"7'1""",4.37,plays_taller
2020,Stephan Gabriel,Bradley,71270,6-7,"6'7""",79.0,77.19,"6'5""",-1.81,plays_shorter,77.19,"6'5""",-1.81,plays_shorter
2020,Yavuz Gultekin,Texas A&M,71271,6-7,"6'7""",79.0,76.67,"6'5""",-2.33,plays_shorter,76.67,"6'5""",-2.33,plays_shorter
2020,Mark Freeman,Tennessee St.,71272,5-10,"5'10""",70.0,74.38,"6'2""",4.38,plays_taller,74.38,"6'2""",4.38,plays_taller
2020,Ayaan Sohail,Lamar,71275,6-3,"6'3""",75.0,74.06,"6'2""",-0.94,plays_shorter,74.06,"6'2""",-0.94,plays_shorter
2020,Dru Kuxhausen,McNeese St.,71278,6-0,"6'0""",72.0,73.69,"6'2""",1.69,plays_taller,73.69,"6'2""",1.69,plays_taller
2020,Cedric Henderson Jr.,Campbell,71279,6-6,"6'6""",78.0,78.62,"6'7""",0.62,plays_at_height,78.62,"6'7""",0.62,plays_at_height
2020,Kevin Cross,Nebraska,71281,6-8,"6'8""",80.0,77.24,"6'5""",-2.76,plays_shorter,77.24,"6'5""",-2.76,plays_shorter
2020,Kolton Mitchell,Massachusetts,71282,6-3,"6'3""",75.0,75.27,"6'3""",0.27,plays_at_height,75.27,"6'3""",0.27,plays_at_height
2020,T.J. Weeks,Massachusetts,71283,6-4,"6'4""",76.0,75.41,"6'3""",-0.59,plays_at_height,75.41,"6'3""",-0.59,plays_at_height
2020,Sean East II,Massachusetts,71284,6-3,"6'3""",75.0,74.71,"6'3""",-0.29,plays_at_height,74.71,"6'3""",-0.29,plays_at_height
2020,David Sloan,Kansas St.,71286,6-0,"6'0""",72.0,75.81,"6'4""",3.81,plays_taller,75.81,"6'4""",3.81,plays_taller
2020,Montavious Murphy,Kansas St.,71287,6-9,"6'9""",81.0,77.46,"6'5""",-3.54,plays_shorter,77.46,"6'5""",-3.54,plays_shorter
2020,Tre Mitchell,Massachusetts,71288,6-9,"6'9""",81.0,79.82,"6'8""",-1.18,plays_shorter,79.82,"6'8""",-1.18,plays_shorter
2020,Tyler Burton,Richmond,71290,6-7,"6'7""",79.0,79.99,"6'8""",0.99,plays_taller,79.99,"6'8""",0.99,plays_taller
2020,Michael Moreno,Eastern Kentucky,71294,6-7,"6'7""",79.0,77.48,"6'5""",-1.52,plays_shorter,77.48,"6'5""",-1.52,plays_shorter
2020,Josh Pierre-Louis,Temple,71298,6-3,"6'3""",75.0,75.21,"6'3""",0.21,plays_at_height,75.21,"6'3""",0.21,plays_at_height
2020,Tomas Woldetensae,Virginia,71304,6-5,"6'5""",77.0,74.69,"6'3""",-2.31,plays_shorter,74.69,"6'3""",-2.31,plays_shorter
2020,Greg Gantt,Providence,71306,6-8,"6'8""",80.0,78.57,"6'7""",-1.43,plays_shorter,78.57,"6'7""",-1.43,plays_shorter
2020,Jaxon EdelMayer,Idaho St.,71308,6-2,"6'2""",74.0,73.9,"6'2""",-0.1,plays_at_height,73.9,"6'2""",-0.1,plays_at_height
2020,Isiaih Mosley,Missouri St.,71309,6-5,"6'5""",77.0,77.35,"6'5""",0.35,plays_at_height,77.35,"6'5""",0.35,plays_at_height
2020,Isaiah Hill,Tulsa,71311,6-0,"6'0""",72.0,75.36,"6'3""",3.36,plays_taller,75.36,"6'3""",3.36,plays_taller
2020,Alex Morales,Wagner,71312,6-6,"6'6""",78.0,77.2,"6'5""",-0.8,plays_shorter,77.2,"6'5""",-0.8,plays_shorter
2020,Symir Torrence,Marquette,71314,6-3,"6'3""",75.0,74.52,"6'3""",-0.48,plays_at_height,74.52,"6'3""",-0.48,plays_at_height
2020,Precious Okoh,Maine,71315,6-1,"6'1""",73.0,74.01,"6'2""",1.01,plays_taller,74.01,"6'2""",1.01,plays_taller
2020,Marko Sarenac,Marshall,71318,6-7,"6'7""",79.0,77.82,"6'6""",-1.18,plays_shorter,77.82,"6'6""",-1.18,plays_shorter
2020,Brian Taylor,Illinois Chicago,71321,6-6,"6'6""",78.0,75.68,"6'4""",-2.32,plays_shorter,75.68,"6'4""",-2.32,plays_shorter
2020,Rodrick McCobb,Northern Colorado,71322,6-5,"6'5""",77.0,77.23,"6'5""",0.23,plays_at_height,77.23,"6'5""",0.23,plays_at_height
2020,Shawn Stith,Cal St. Bakersfield,71323,6-8,"6'8""",80.0,77.53,"6'6""",-2.47,plays_shorter,77.53,"6'6""",-2.47,plays_shorter
2020,Ronne Readus,Cal St. Bakersfield,71325,6-9,"6'9""",81.0,79.1,"6'7""",-1.9,plays_shorter,79.1,"6'7""",-1.9,plays_shorter
2020,Nico Mannion,Arizona,71327,6-3,"6'3""",75.0,75.88,"6'4""",0.88,plays_taller,75.88,"6'4""",0.88,plays_taller
2020,Deonte Billups,Purdue Fort Wayne,71329,6-4,"6'4""",76.0,76.83,"6'5""",0.83,plays_taller,76.83,"6'5""",0.83,plays_taller
2020,Antonio Reeves,Illinois St.,71330,6-4,"6'4""",76.0,76.07,"6'4""",0.07,plays_at_height,76.07,"6'4""",0.07,plays_at_height
2020,Garren Davis,Loyola MD,71335,6-4,"6'4""",76.0,74.98,"6'3""",-1.02,plays_shorter,74.98,"6'3""",-1.02,plays_shorter
2020,Rylan Jones,Utah,71336,6-0,"6'0""",72.0,75.07,"6'3""",3.07,plays_taller,75.07,"6'3""",3.07,plays_taller
2020,Zach Harvey,Cincinnati,71338,6-5,"6'5""",77.0,76.38,"6'4""",-0.62,plays_at_height,76.38,"6'4""",-0.62,plays_at_height
2020,Tavin Pierre Philippe,Stony Brook,71339,6-3,"6'3""",75.0,76.12,"6'4""",1.12,plays_taller,76.12,"6'4""",1.12,plays_taller
2020,Russel Dean,Hampton,71341,6-4,"6'4""",76.0,77.22,"6'5""",1.22,plays_taller,77.22,"6'5""",1.22,plays_taller
2020,Davion Warren,Hampton,71342,6-6,"6'6""",78.0,78.46,"6'6""",0.46,plays_at_height,78.46,"6'6""",0.46,plays_at_height
2020,Tosan Evbuomwan,Princeton,71346,6-7,"6'7""",79.0,77.07,"6'5""",-1.93,plays_shorter,77.07,"6'5""",-1.93,plays_shorter
2020,Tyler Millin,Middle Tennessee,71348,6-7,"6'7""",79.0,77.28,"6'5""",-1.72,plays_shorter,77.28,"6'5""",-1.72,plays_shorter
2020,DJ Rodman,Washington St.,71349,6-6,"6'6""",78.0,75.03,"6'3""",-2.97,plays_shorter,75.03,"6'3""",-2.97,plays_shorter
2020,Orlando Robinson,Fresno St.,71351,6-10,"6'10""",82.0,80.39,"6'8""",-1.61,plays_shorter,80.39,"6'8""",-1.61,plays_shorter
2020,Jesus Carralero,Campbell,71355,6-8,"6'8""",80.0,79.11,"6'7""",-0.89,plays_shorter,79.11,"6'7""",-0.89,plays_shorter
2020,Kalib Boone,Oklahoma St.,71360,6-9,"6'9""",81.0,81.67,"6'10""",0.67,plays_at_height,81.67,"6'10""",0.67,plays_at_height
2020,Chris Harris Jr.,Oklahoma St.,71361,6-3,"6'3""",75.0,74.08,"6'2""",-0.92,plays_shorter,74.08,"6'2""",-0.92,plays_shorter
2020,Rob Perry,Stetson,71363,6-3,"6'3""",75.0,75.9,"6'4""",0.9,plays_taller,75.9,"6'4""",0.9,plays_taller
2020,Keylan Boone,Oklahoma St.,71364,6-8,"6'8""",80.0,77.96,"6'6""",-2.04,plays_shorter,77.96,"6'6""",-2.04,plays_shorter
2020,Asanti Price,Georgia Tech,71365,6-5,"6'5""",77.0,77.8,"6'6""",0.8,plays_taller,77.8,"6'6""",0.8,plays_taller
2020,Joel Kabimba,Stetson,71366,6-8,"6'8""",80.0,78.88,"6'7""",-1.12,plays_shorter,78.88,"6'7""",-1.12,plays_shorter
2020,Avery Anderson III,Oklahoma St.,71367,6-2,"6'2""",74.0,77.3,"6'5""",3.3,plays_taller,77.3,"6'5""",3.3,plays_taller
2020,Chris Ledlum,Harvard,71368,6-6,"6'6""",78.0,79.05,"6'7""",1.05,plays_taller,79.05,"6'7""",1.05,plays_taller
2020,Kyle Arrington,Western Illinois,71369,6-10,"6'10""",82.0,80.49,"6'8""",-1.51,plays_shorter,80.49,"6'8""",-1.51,plays_shorter
2020,Omari Moore,San Jose St.,71370,6-6,"6'6""",78.0,77.54,"6'6""",-0.46,plays_at_height,77.54,"6'6""",-0.46,plays_at_height
2020,Marcus Larsson,Incarnate Word,71376,6-10,"6'10""",82.0,78.96,"6'7""",-3.04,plays_shorter,78.96,"6'7""",-3.04,plays_shorter
2020,Stefan Kenic,Chattanooga,71378,6-9,"6'9""",81.0,77.39,"6'5""",-3.61,plays_shorter,77.39,"6'5""",-3.61,plays_shorter
2020,Blake Lampman,Oakland,71381,6-1,"6'1""",73.0,74.25,"6'2""",1.25,plays_taller,74.25,"6'2""",1.25,plays_taller
2020,Kevin Kangu,Oakland,71382,6-4,"6'4""",76.0,74.9,"6'3""",-1.1,plays_shorter,74.9,"6'3""",-1.1,plays_shorter
2020,Madison Monroe,Oakland,71383,6-3,"6'3""",75.0,76.03,"6'4""",1.03,plays_taller,76.03,"6'4""",1.03,plays_taller
2020,Noah Thomasson,Houston Christian,71384,6-3,"6'3""",75.0,74.52,"6'3""",-0.48,plays_at_height,74.52,"6'3""",-0.48,plays_at_height
2020,Daniel Oladapo,Oakland,71386,6-7,"6'7""",79.0,79.02,"6'7""",0.02,plays_at_height,79.02,"6'7""",0.02,plays_at_height
2020,Trendon Watford,LSU,71390,6-9,"6'9""",81.0,79.3,"6'7""",-1.7,plays_shorter,79.3,"6'7""",-1.7,plays_shorter
2020,Dimon Carrigan,FIU,71391,6-9,"6'9""",81.0,82.83,"6'11""",1.83,plays_taller,82.83,"6'11""",1.83,plays_taller
2020,Joe Jones III,Georgia St.,71393,6-9,"6'9""",81.0,79.08,"6'7""",-1.92,plays_shorter,79.08,"6'7""",-1.92,plays_shorter
2020,Isaiah Thompson,Purdue,71395,6-1,"6'1""",73.0,73.94,"6'2""",0.94,plays_taller,73.94,"6'2""",0.94,plays_taller
2020,Trevion Lamar,Georgia Southern,71398,6-5,"6'5""",77.0,75.92,"6'4""",-1.08,plays_shorter,75.92,"6'4""",-1.08,plays_shorter
2020,Parker Dortch,Loyola Marymount,71399,6-7,"6'7""",79.0,77.31,"6'5""",-1.69,plays_shorter,77.31,"6'5""",-1.69,plays_shorter
2020,Sean Conway,VMI,71400,6-4,"6'4""",76.0,76.32,"6'4""",0.32,plays_at_height,76.32,"6'4""",0.32,plays_at_height
2020,Jordyn Adams,Austin Peay,71402,6-3,"6'3""",75.0,76.23,"6'4""",1.23,plays_taller,76.23,"6'4""",1.23,plays_taller
2020,Daniel Mading,UC Riverside,71406,6-9,"6'9""",81.0,74.16,"6'2""",-6.84,plays_shorter,74.16,"6'2""",-6.84,plays_shorter
2020,Zyon Pullin,UC Riverside,71407,6-4,"6'4""",76.0,75.1,"6'3""",-0.9,plays_shorter,75.1,"6'3""",-0.9,plays_shorter
2020,Cameron Johnson,Stephen F. Austin,71419,6-4,"6'4""",76.0,78.94,"6'7""",2.94,plays_taller,78.94,"6'7""",2.94,plays_taller
2020,Calvin Solomon,Stephen F. Austin,71420,6-7,"6'7""",79.0,80.78,"6'9""",1.78,plays_taller,80.78,"6'9""",1.78,plays_taller
2020,Charlie Daniels,Stephen F. Austin,71421,6-9,"6'9""",81.0,78.91,"6'7""",-2.09,plays_shorter,78.91,"6'7""",-2.09,plays_shorter
2020,Joseph Yesufu,Drake,71423,6-0,"6'0""",72.0,75.19,"6'3""",3.19,plays_taller,75.19,"6'3""",3.19,plays_taller
2020,Idris Joyner,Merrimack,71426,6-5,"6'5""",77.0,77.82,"6'6""",0.82,plays_taller,77.82,"6'6""",0.82,plays_taller
2020,Jordan Minor,Merrimack,71427,6-8,"6'8""",80.0,82.03,"6'10""",2.03,plays_taller,82.03,"6'10""",2.03,plays_taller
2020,Ziggy Reid,Merrimack,71428,6-6,"6'6""",78.0,76.57,"6'5""",-1.43,plays_shorter,76.57,"6'5""",-1.43,plays_shorter
2020,Jordan McKoy,Merrimack,71429,6-5,"6'5""",77.0,75.14,"6'3""",-1.86,plays_shorter,75.14,"6'3""",-1.86,plays_shorter
2020,Christian Koloko,Arizona,71433,7-0,"7'0""",84.0,83.71,"7'0""",-0.29,plays_at_height,83.71,"7'0""",-0.29,plays_at_height
2020,Keyshaun Langley,UNC Greensboro,71434,6-1,"6'1""",73.0,75.34,"6'3""",2.34,plays_taller,75.34,"6'3""",2.34,plays_taller
2020,Josh Green,Arizona,71436,6-6,"6'6""",78.0,78.95,"6'7""",0.95,plays_taller,78.95,"6'7""",0.95,plays_taller
2020,James Glisson III,Mercer,71438,6-6,"6'6""",78.0,78.19,"6'6""",0.19,plays_at_height,78.19,"6'6""",0.19,plays_at_height
2020,Diego Rivera,Mercer,71440,6-2,"6'2""",74.0,74.85,"6'3""",0.85,plays_taller,74.85,"6'3""",0.85,plays_taller
2020,Kamar Robertson,Mercer,71442,6-2,"6'2""",74.0,75.79,"6'4""",1.79,plays_taller,75.79,"6'4""",1.79,plays_taller
2020,Walter Prevost,Maryland Eastern Shore,71443,6-8,"6'8""",80.0,78.53,"6'7""",-1.47,plays_shorter,78.53,"6'7""",-1.47,plays_shorter
2020,Donta Scott,Maryland,71444,6-7,"6'7""",79.0,77.46,"6'5""",-1.54,plays_shorter,77.46,"6'5""",-1.54,plays_shorter
2020,Makhi Mitchell,Maryland,71446,6-10,"6'10""",82.0,80.59,"6'9""",-1.41,plays_shorter,80.59,"6'9""",-1.41,plays_shorter
2020,Devan Cambridge,Auburn,71448,6-6,"6'6""",78.0,78.15,"6'6""",0.15,plays_at_height,78.15,"6'6""",0.15,plays_at_height
2020,Kyle Sturdivant,USC,71455,6-3,"6'3""",75.0,75.03,"6'3""",0.03,plays_at_height,75.03,"6'3""",0.03,plays_at_height
2020,Isaiah Mobley,USC,71456,6-10,"6'10""",82.0,80.03,"6'8""",-1.97,plays_shorter,80.03,"6'8""",-1.97,plays_shorter
2020,Jarod Lucas,Oregon St.,71461,6-3,"6'3""",75.0,74.35,"6'2""",-0.65,plays_at_height,74.35,"6'2""",-0.65,plays_at_height
2020,Gianni Hunt,Oregon St.,71463,6-3,"6'3""",75.0,75.36,"6'3""",0.36,plays_at_height,75.36,"6'3""",0.36,plays_at_height
2020,Sean Miller-Moore,Oregon St.,71464,6-5,"6'5""",77.0,78.73,"6'7""",1.73,plays_taller,78.73,"6'7""",1.73,plays_taller
2020,Jayvis Harvey,James Madison,71467,6-3,"6'3""",75.0,74.74,"6'3""",-0.26,plays_at_height,74.74,"6'3""",-0.26,plays_at_height
2020,"Chico Carter, JR",Murray St.,71469,6-2,"6'2""",74.0,74.37,"6'2""",0.37,plays_at_height,74.37,"6'2""",0.37,plays_at_height
2020,Tyrese Samuel,Seton Hall,71471,6-10,"6'10""",82.0,78.61,"6'7""",-3.39,plays_shorter,78.61,"6'7""",-3.39,plays_shorter
2020,Connor Withers,UMass Lowell,71473,6-7,"6'7""",79.0,78.8,"6'7""",-0.2,plays_at_height,78.8,"6'7""",-0.2,plays_at_height
2020,Aaron Deloney,Vermont,71475,6-0,"6'0""",72.0,74.62,"6'3""",2.62,plays_taller,74.62,"6'3""",2.62,plays_taller
2020,Maddox Daniels,Colorado,71477,6-6,"6'6""",78.0,76.18,"6'4""",-1.82,plays_shorter,76.18,"6'4""",-1.82,plays_shorter
2020,Blake Furcron,FIU,71478,6-4,"6'4""",76.0,76.33,"6'4""",0.33,plays_at_height,76.33,"6'4""",0.33,plays_at_height
2020,Charles Manning Jr.,LSU,71479,6-5,"6'5""",77.0,77.89,"6'6""",0.89,plays_taller,77.89,"6'6""",0.89,plays_taller
2020,Da'Shawn Phillip,Maryland Eastern Shore,71484,6-5,"6'5""",77.0,77.85,"6'6""",0.85,plays_taller,77.85,"6'6""",0.85,plays_taller
2020,Kevon Voyles,Maryland Eastern Shore,71485,6-3,"6'3""",75.0,75.1,"6'3""",0.1,plays_at_height,75.1,"6'3""",0.1,plays_at_height
2020,Paul Mulcahy,Rutgers,71486,6-6,"6'6""",78.0,76.4,"6'4""",-1.6,plays_shorter,76.4,"6'4""",-1.6,plays_shorter
2020,Jaden McDaniels,Washington,71487,6-9,"6'9""",81.0,79.05,"6'7""",-1.95,plays_shorter,79.05,"6'7""",-1.95,plays_shorter
2020,Jovan Blacksher Jr,Grand Canyon,71489,5-11,"5'11""",71.0,75.9,"6'4""",4.9,plays_taller,75.9,"6'4""",4.9,plays_taller
2020,Jeremy Hamilton,Alabama St.,71490,6-3,"6'3""",75.0,74.48,"6'2""",-0.52,plays_at_height,74.48,"6'2""",-0.52,plays_at_height
2020,Nick MacDonald,Niagara,71491,6-5,"6'5""",77.0,74.23,"6'2""",-2.77,plays_shorter,74.23,"6'2""",-2.77,plays_shorter
2020,Brandon Battle,Alabama St.,71495,6-8,"6'8""",80.0,78.91,"6'7""",-1.09,plays_shorter,78.91,"6'7""",-1.09,plays_shorter
2020,Kelton Edwards,Grambling St.,71497,6-6,"6'6""",78.0,75.69,"6'4""",-2.31,plays_shorter,75.69,"6'4""",-2.31,plays_shorter
2020,Terreon Randolph,Grambling St.,71498,6-8,"6'8""",80.0,80.03,"6'8""",0.03,plays_at_height,80.03,"6'8""",0.03,plays_at_height
2020,Brandon Kimble,Mississippi Valley St.,71499,6-7,"6'7""",79.0,78.84,"6'7""",-0.16,plays_at_height,78.84,"6'7""",-0.16,plays_at_height
2020,Caleb Hunter,Mississippi Valley St.,71500,5-11,"5'11""",71.0,73.9,"6'2""",2.9,plays_taller,73.9,"6'2""",2.9,plays_taller
2020,Trevell Cunningham,Grambling St.,71502,6-0,"6'0""",72.0,75.44,"6'3""",3.44,plays_taller,75.44,"6'3""",3.44,plays_taller
2020,Richard Rivers Jr.,Mississippi Valley St.,71505,6-11,"6'11""",83.0,74.25,"6'2""",-8.75,plays_shorter,74.25,"6'2""",-8.75,plays_shorter
2020,Ahmadu Sarnor,Mississippi Valley St.,71506,6-1,"6'1""",73.0,73.97,"6'2""",0.97,plays_taller,73.97,"6'2""",0.97,plays_taller
2020,Cameron Brown,Saint Joseph's,71508,6-5,"6'5""",77.0,76.81,"6'5""",-0.19,plays_at_height,76.81,"6'5""",-0.19,plays_at_height
2020,Hyunjung Lee,Davidson,71509,6-7,"6'7""",79.0,76.23,"6'4""",-2.77,plays_shorter,76.23,"6'4""",-2.77,plays_shorter
2020,Miles Miller,Lipscomb,71511,6-2,"6'2""",74.0,73.58,"6'2""",-0.42,plays_at_height,73.58,"6'2""",-0.42,plays_at_height
2020,Elijah Pepper,UC Davis,71514,6-4,"6'4""",76.0,76.83,"6'5""",0.83,plays_taller,76.83,"6'5""",0.83,plays_taller
2020,Jordan Rawls,Western Kentucky,71517,6-1,"6'1""",73.0,73.59,"6'2""",0.59,plays_at_height,73.59,"6'2""",0.59,plays_at_height
2020,Tristan Green,Denver,71518,6-9,"6'9""",81.0,78.76,"6'7""",-2.24,plays_shorter,78.76,"6'7""",-2.24,plays_shorter
2020,John Tonje,Colorado St.,71519,6-5,"6'5""",77.0,76.14,"6'4""",-0.86,plays_shorter,76.14,"6'4""",-0.86,plays_shorter
2020,Rudy Fitzgibbons III,The Citadel,71521,6-0,"6'0""",72.0,74.41,"6'2""",2.41,plays_taller,74.41,"6'2""",2.41,plays_taller
2020,Antwon Jackson,Arkansas St.,71523,6-7,"6'7""",79.0,78.78,"6'7""",-0.22,plays_at_height,78.78,"6'7""",-0.22,plays_at_height
2020,Fletcher Abee,The Citadel,71524,6-2,"6'2""",74.0,74.33,"6'2""",0.33,plays_at_height,74.33,"6'2""",0.33,plays_at_height
2020,Dajuan Madden,Prairie View A&M,71525,6-2,"6'2""",74.0,76.33,"6'4""",2.33,plays_taller,76.33,"6'4""",2.33,plays_taller
2020,Roscoe Eastmond,Denver,71526,5-9,"5'9""",69.0,74.67,"6'3""",5.67,plays_taller,74.67,"6'3""",5.67,plays_taller
2020,Mo Arnold,Jacksonville,71527,6-2,"6'2""",74.0,75.32,"6'3""",1.32,plays_taller,75.32,"6'3""",1.32,plays_taller
2020,Caleb Grill,Iowa St.,71528,6-3,"6'3""",75.0,76.28,"6'4""",1.28,plays_taller,76.28,"6'4""",1.28,plays_taller
2020,Trey Sides,Jacksonville,71530,6-1,"6'1""",73.0,75.63,"6'4""",2.63,plays_taller,75.63,"6'4""",2.63,plays_taller
2020,Maceo Austin,Duquesne,71531,6-5,"6'5""",77.0,77.2,"6'5""",0.2,plays_at_height,77.2,"6'5""",0.2,plays_at_height
2020,Kevin Norman,Jacksonville,71533,6-4,"6'4""",76.0,77.24,"6'5""",1.24,plays_taller,77.24,"6'5""",1.24,plays_taller
2020,Kamari Williams,Boston College,71534,6-7,"6'7""",79.0,76.43,"6'4""",-2.57,plays_shorter,76.43,"6'4""",-2.57,plays_shorter
2020,Ashton Miller,Duquesne,71535,6-5,"6'5""",77.0,74.13,"6'2""",-2.87,plays_shorter,74.13,"6'2""",-2.87,plays_shorter
2020,"Gary Harris, Jr.",Siena,71537,6-6,"6'6""",78.0,78.02,"6'6""",0.02,plays_at_height,78.02,"6'6""",0.02,plays_at_height
2020,Greg Milton III,Wyoming,71538,6-3,"6'3""",75.0,75.64,"6'4""",0.64,plays_at_height,75.64,"6'4""",0.64,plays_at_height
2020,Brendan McGuire,Quinnipiac,71539,6-7,"6'7""",79.0,75.74,"6'4""",-3.26,plays_shorter,75.74,"6'4""",-3.26,plays_shorter
2020,Ty Chisom,South Dakota,71541,6-4,"6'4""",76.0,76.58,"6'5""",0.58,plays_at_height,76.58,"6'5""",0.58,plays_at_height
2020,Zion Richardson,Wofford,71542,6-4,"6'4""",76.0,76.17,"6'4""",0.17,plays_at_height,76.17,"6'4""",0.17,plays_at_height
2020,Raequan Battle,Washington,71543,6-5,"6'5""",77.0,76.8,"6'5""",-0.2,plays_at_height,76.8,"6'5""",-0.2,plays_at_height
2020,Isaiah Stewart,Washington,71545,6-9,"6'9""",81.0,82.54,"6'11""",1.54,plays_taller,82.54,"6'11""",1.54,plays_taller
2020,Xavier Cork,Western Carolina,71547,6-9,"6'9""",81.0,80.93,"6'9""",-0.07,plays_at_height,80.93,"6'9""",-0.07,plays_at_height
2020,Bernardo Da Silva,Hawaii,71551,6-9,"6'9""",81.0,80.54,"6'9""",-0.46,plays_at_height,80.54,"6'9""",-0.46,plays_at_height
2020,Isaiah Ihnen,Minnesota,71553,6-9,"6'9""",81.0,77.58,"6'6""",-3.42,plays_shorter,77.58,"6'6""",-3.42,plays_shorter
2020,Malcolm Dandridge,Memphis,71557,6-9,"6'9""",81.0,81.25,"6'9""",0.25,plays_at_height,81.25,"6'9""",0.25,plays_at_height
2020,Ja'Vary Christmas,Idaho,71559,6-4,"6'4""",76.0,76.07,"6'4""",0.07,plays_at_height,76.07,"6'4""",0.07,plays_at_height
2020,Lester Quinones,Memphis,71561,6-5,"6'5""",77.0,76.04,"6'4""",-0.96,plays_shorter,76.04,"6'4""",-0.96,plays_shorter
2020,Cobie Barnes,Indiana St.,71563,6-5,"6'5""",77.0,77.31,"6'5""",0.31,plays_at_height,77.31,"6'5""",0.31,plays_at_height
2020,Jordan Dingle,Penn,71568,6-3,"6'3""",75.0,76.18,"6'4""",1.18,plays_taller,76.18,"6'4""",1.18,plays_taller
2020,Keegan Records,Colgate,71569,6-10,"6'10""",82.0,80.35,"6'8""",-1.65,plays_shorter,80.35,"6'8""",-1.65,plays_shorter
2020,Tevin Brewer,FIU,71571,5-8,"5'8""",68.0,74.67,"6'3""",6.67,plays_taller,74.67,"6'3""",6.67,plays_taller
2020,Max Martz,Penn,71572,6-6,"6'6""",78.0,75.57,"6'4""",-2.43,plays_shorter,75.57,"6'4""",-2.43,plays_shorter
2020,Lucas Monroe,Penn,71574,6-6,"6'6""",78.0,78.6,"6'7""",0.6,plays_at_height,78.6,"6'7""",0.6,plays_at_height
2020,Tyson Jackson,Middle Tennessee,71577,6-9,"6'9""",81.0,79.1,"6'7""",-1.9,plays_shorter,79.1,"6'7""",-1.9,plays_shorter
2020,Golden Dike,Loyola MD,71581,6-10,"6'10""",82.0,80.64,"6'9""",-1.36,plays_shorter,80.64,"6'9""",-1.36,plays_shorter
2020,Iverson Molinar,Mississippi St.,71583,6-3,"6'3""",75.0,75.62,"6'4""",0.62,plays_at_height,75.62,"6'4""",0.62,plays_at_height
2020,Lance Singh III,Delaware St.,71588,6-5,"6'5""",77.0,75.29,"6'3""",-1.71,plays_shorter,75.29,"6'3""",-1.71,plays_shorter
2020,Quincy Olivari,Rice,71597,6-2,"6'2""",74.0,74.69,"6'3""",0.69,plays_at_height,74.69,"6'3""",0.69,plays_at_height
2020,Skylar Chavez,Pepperdine,71598,6-5,"6'5""",77.0,76.01,"6'4""",-0.99,plays_shorter,76.01,"6'4""",-0.99,plays_shorter
2020,Jan Zidek,Pepperdine,71599,6-9,"6'9""",81.0,74.84,"6'3""",-6.16,plays_shorter,74.84,"6'3""",-6.16,plays_shorter
2020,Imajae Dodd,UNC Wilmington,71601,6-6,"6'6""",78.0,81.88,"6'10""",3.88,plays_taller,81.88,"6'10""",3.88,plays_taller
2020,Jake Boggs,UNC Wilmington,71602,6-7,"6'7""",79.0,76.54,"6'5""",-2.46,plays_shorter,76.54,"6'5""",-2.46,plays_shorter
2020,Sedrick Altman,Pepperdine,71603,6-2,"6'2""",74.0,77.05,"6'5""",3.05,plays_taller,77.05,"6'5""",3.05,plays_taller
2020,Lance Coleman II,Cal St. Northridge,71604,6-6,"6'6""",78.0,73.73,"6'2""",-4.27,plays_shorter,73.73,"6'2""",-4.27,plays_shorter
2020,Owen McCormack,Presbyterian,71606,6-9,"6'9""",81.0,76.34,"6'4""",-4.66,plays_shorter,76.34,"6'4""",-4.66,plays_shorter
2020,Tommy Bruner,USC Upstate,71610,6-1,"6'1""",73.0,74.09,"6'2""",1.09,plays_taller,74.09,"6'2""",1.09,plays_taller
2020,Garrick Green,Coastal Carolina,71617,6-6,"6'6""",78.0,77.53,"6'6""",-0.47,plays_at_height,77.53,"6'6""",-0.47,plays_at_height
2020,Keishawn Brewton,Coastal Carolina,71618,6-2,"6'2""",74.0,75.94,"6'4""",1.94,plays_taller,75.94,"6'4""",1.94,plays_taller
2020,Lucas Kroft,Ball St.,71619,6-5,"6'5""",77.0,73.39,"6'1""",-3.61,plays_shorter,73.39,"6'1""",-3.61,plays_shorter
2020,Tristen Newton,East Carolina,71620,6-5,"6'5""",77.0,77.06,"6'5""",0.06,plays_at_height,77.06,"6'5""",0.06,plays_at_height
2020,Sean Sutherlin,New Hampshire,71621,6-5,"6'5""",77.0,79.28,"6'7""",2.28,plays_taller,79.28,"6'7""",2.28,plays_taller
2020,Brandon Suggs,East Carolina,71623,6-6,"6'6""",78.0,77.72,"6'6""",-0.28,plays_at_height,77.72,"6'6""",-0.28,plays_at_height
2020,Wendell Moore Jr.,Duke,71625,6-6,"6'6""",78.0,77.83,"6'6""",-0.17,plays_at_height,77.83,"6'6""",-0.17,plays_at_height
2020,Vernon Carey Jr.,Duke,71628,6-10,"6'10""",82.0,84.11,"7'0""",2.11,plays_taller,84.11,"7'0""",2.11,plays_taller
2020,Trevin Dorius,Utah St.,71630,7-0,"7'0""",84.0,80.11,"6'8""",-3.89,plays_shorter,80.11,"6'8""",-3.89,plays_shorter
2020,Oscar Tshiebwe,West Virginia,71632,6-9,"6'9""",81.0,84.02,"7'0""",3.02,plays_taller,84.02,"7'0""",3.02,plays_taller
2020,B. Artis White,Western Michigan,71633,5-9,"5'9""",69.0,74.16,"6'2""",5.16,plays_taller,74.16,"6'2""",5.16,plays_taller
2020,Sean McNeil,West Virginia,71634,6-3,"6'3""",75.0,76.09,"6'4""",1.09,plays_taller,76.09,"6'4""",1.09,plays_taller
2020,Miles McBride,West Virginia,71636,6-2,"6'2""",74.0,77.54,"6'6""",3.54,plays_taller,77.54,"6'6""",3.54,plays_taller
2020,D.J. Jeffries,Memphis,71638,6-7,"6'7""",79.0,79.37,"6'7""",0.37,plays_at_height,79.37,"6'7""",0.37,plays_at_height
2020,Akrum Ahemed,Canisius,71640,6-5,"6'5""",77.0,74.64,"6'3""",-2.36,plays_shorter,74.64,"6'3""",-2.36,plays_shorter
2020,Jake Kyman,UCLA,71642,6-6,"6'6""",78.0,74.82,"6'3""",-3.18,plays_shorter,74.82,"6'3""",-3.18,plays_shorter
2020,Drew Lowder,Holy Cross,71643,6-0,"6'0""",72.0,73.84,"6'2""",1.84,plays_taller,73.84,"6'2""",1.84,plays_taller
2020,Harry Morrice,North Carolina A&T,71644,6-11,"6'11""",83.0,79.27,"6'7""",-3.73,plays_shorter,79.27,"6'7""",-3.73,plays_shorter
2020,Russell Jones,Winthrop,71645,5-8,"5'8""",68.0,75.21,"6'3""",7.21,plays_taller,75.21,"6'3""",7.21,plays_taller
2020,Jamal King,Winthrop,71646,6-5,"6'5""",77.0,76.24,"6'4""",-0.76,plays_shorter,76.24,"6'4""",-0.76,plays_shorter
2020,Marko Lukic,Little Rock,71648,6-7,"6'7""",79.0,74.8,"6'3""",-4.2,plays_shorter,74.8,"6'3""",-4.2,plays_shorter
2020,Ralph Agee,San Jose St.,71649,6-8,"6'8""",80.0,78.79,"6'7""",-1.21,plays_shorter,78.79,"6'7""",-1.21,plays_shorter
2020,Sean Jenkins,Presbyterian,71651,6-4,"6'4""",76.0,75.35,"6'3""",-0.65,plays_at_height,75.35,"6'3""",-0.65,plays_at_height
2020,Isaiah Lewis,Northern Arizona,71654,6-6,"6'6""",78.0,76.49,"6'4""",-1.51,plays_shorter,76.49,"6'4""",-1.51,plays_shorter
2020,Jonathan Dos Anjos,Loyola Marymount,71658,6-7,"6'7""",79.0,77.45,"6'5""",-1.55,plays_shorter,77.45,"6'5""",-1.55,plays_shorter
2020,Trever Irish,Long Beach St.,71662,7-0,"7'0""",84.0,77.99,"6'6""",-6.01,plays_shorter,77.99,"6'6""",-6.01,plays_shorter
2020,Jordan Brinson,UAB,71663,6-2,"6'2""",74.0,77.76,"6'6""",3.76,plays_taller,77.76,"6'6""",3.76,plays_taller
2020,Marcus Henderson,Evansville,71665,6-2,"6'2""",74.0,74.01,"6'2""",0.01,plays_at_height,74.01,"6'2""",0.01,plays_at_height
2020,J.P. Robinson,Samford,71669,5-10,"5'10""",70.0,74.8,"6'3""",4.8,plays_taller,74.8,"6'3""",4.8,plays_taller
2020,John-Michael Wright,High Point,71672,6-1,"6'1""",73.0,76.46,"6'4""",3.46,plays_taller,76.46,"6'4""",3.46,plays_taller
2020,Brenden Tucker,Charleston,71673,6-2,"6'2""",74.0,75.23,"6'3""",1.23,plays_taller,75.23,"6'3""",1.23,plays_taller
2020,Dan Petcash,Binghamton,71675,6-4,"6'4""",76.0,74.72,"6'3""",-1.28,plays_shorter,74.72,"6'3""",-1.28,plays_shorter
2020,Justin Moore,Villanova,71676,6-4,"6'4""",76.0,76.13,"6'4""",0.13,plays_at_height,76.13,"6'4""",0.13,plays_at_height
2020,Dane Quest,Tennessee Tech,71679,6-6,"6'6""",78.0,75.55,"6'4""",-2.45,plays_shorter,75.55,"6'4""",-2.45,plays_shorter
2020,C.j. Walker,Oregon,71681,6-8,"6'8""",80.0,78.18,"6'6""",-1.82,plays_shorter,78.18,"6'6""",-1.82,plays_shorter
2020,Chandler Lawson,Oregon,71682,6-8,"6'8""",80.0,79.37,"6'7""",-0.63,plays_at_height,79.37,"6'7""",-0.63,plays_at_height
2020,Boo Buie,Northwestern,71683,6-2,"6'2""",74.0,74.58,"6'3""",0.58,plays_at_height,74.58,"6'3""",0.58,plays_at_height
2020,Christian Ray,La Salle,71684,6-6,"6'6""",78.0,77.6,"6'6""",-0.4,plays_at_height,77.6,"6'6""",-0.4,plays_at_height
2020,Noah Carter,Northern Iowa,71690,6-6,"6'6""",78.0,77.68,"6'6""",-0.32,plays_at_height,77.68,"6'6""",-0.32,plays_at_height
2020,Cyrus Largie,Florida Gulf Coast,71700,6-1,"6'1""",73.0,77.19,"6'5""",4.19,plays_taller,77.19,"6'5""",4.19,plays_taller
2020,Tre Williams,Indiana St.,71704,6-7,"6'7""",79.0,79.61,"6'8""",0.61,plays_at_height,79.61,"6'8""",0.61,plays_at_height
2020,Jelly Walker,Tulane,71706,5-11,"5'11""",71.0,74.66,"6'3""",3.66,plays_taller,74.66,"6'3""",3.66,plays_taller
2020,Paxson Wojcik,Loyola Chicago,71707,6-4,"6'4""",76.0,75.81,"6'4""",-0.19,plays_at_height,75.81,"6'4""",-0.19,plays_at_height
2020,Keith Clemons,Loyola Chicago,71708,6-1,"6'1""",73.0,74.68,"6'3""",1.68,plays_taller,74.68,"6'3""",1.68,plays_taller
2020,Tray Jackson,Missouri,71715,6-8,"6'8""",80.0,79.06,"6'7""",-0.94,plays_shorter,79.06,"6'7""",-0.94,plays_shorter
2020,Majesty Brandon,Canisius,71716,6-0,"6'0""",72.0,76.45,"6'4""",4.45,plays_taller,76.45,"6'4""",4.45,plays_taller
2020,Joe Pridgen,Holy Cross,71718,6-5,"6'5""",77.0,78.54,"6'7""",1.54,plays_taller,78.54,"6'7""",1.54,plays_taller
2020,DeMierre Black,Purdue Fort Wayne,71721,6-0,"6'0""",72.0,75.41,"6'3""",3.41,plays_taller,75.41,"6'3""",3.41,plays_taller
2020,Jason Holliday,Murray St.,71723,6-4,"6'4""",76.0,75.9,"6'4""",-0.1,plays_at_height,75.9,"6'4""",-0.1,plays_at_height
2020,Tyrese Robinson,Alabama St.,71724,6-8,"6'8""",80.0,79.74,"6'8""",-0.26,plays_at_height,79.74,"6'8""",-0.26,plays_at_height
2020,Vincent Miszkiewicz,Incarnate Word,71728,6-7,"6'7""",79.0,81.62,"6'10""",2.62,plays_taller,81.62,"6'10""",2.62,plays_taller
2020,Isaiah Powell,Vermont,71729,6-6,"6'6""",78.0,75.91,"6'4""",-2.09,plays_shorter,75.91,"6'4""",-2.09,plays_shorter
2020,Jubrile Belo,Montana St.,71730,6-9,"6'9""",81.0,83.09,"6'11""",2.09,plays_taller,83.09,"6'11""",2.09,plays_taller
2020,Tyson Walker,Northeastern,71731,6-0,"6'0""",72.0,74.96,"6'3""",2.96,plays_taller,74.96,"6'3""",2.96,plays_taller
2020,Dakota Rivers,Florida Gulf Coast,71732,6-8,"6'8""",80.0,81.78,"6'10""",1.78,plays_taller,81.78,"6'10""",1.78,plays_taller
2020,Qwanzi Samuels,Florida Gulf Coast,71733,6-8,"6'8""",80.0,75.63,"6'4""",-4.37,plays_shorter,75.63,"6'4""",-4.37,plays_shorter
2020,Jalen Harper,Florida Gulf Coast,71734,6-2,"6'2""",74.0,73.25,"6'1""",-0.75,plays_at_height,73.25,"6'1""",-0.75,plays_at_height
2020,Brycen Goodine,Syracuse,71735,6-3,"6'3""",75.0,75.83,"6'4""",0.83,plays_taller,75.83,"6'4""",0.83,plays_taller
2020,Quincy Guerrier,Syracuse,71736,6-7,"6'7""",79.0,81.44,"6'9""",2.44,plays_taller,81.44,"6'9""",2.44,plays_taller
2020,Joseph Girard III,Syracuse,71737,6-1,"6'1""",73.0,74.68,"6'3""",1.68,plays_taller,74.68,"6'3""",1.68,plays_taller
2020,Maks Klanjscek,UMKC,71739,6-5,"6'5""",77.0,74.41,"6'2""",-2.59,plays_shorter,74.41,"6'2""",-2.59,plays_shorter
2020,Franck Kamgain,UMKC,71740,6-2,"6'2""",74.0,74.76,"6'3""",0.76,plays_taller,74.76,"6'3""",0.76,plays_taller
2020,Quincy Ferebee,Portland,71742,6-1,"6'1""",73.0,75.05,"6'3""",2.05,plays_taller,75.05,"6'3""",2.05,plays_taller
2020,Jaren English,St. Bonaventure,71744,6-4,"6'4""",76.0,77.24,"6'5""",1.24,plays_taller,77.24,"6'5""",1.24,plays_taller
2020,Sam Gagliardi,Florida Gulf Coast,71746,6-4,"6'4""",76.0,74.27,"6'2""",-1.73,plays_shorter,74.27,"6'2""",-1.73,plays_shorter
2020,Zion Williams,UMKC,71747,6-4,"6'4""",76.0,76.04,"6'4""",0.04,plays_at_height,76.04,"6'4""",0.04,plays_at_height
2020,Max Abmas,Oral Roberts,71751,6-1,"6'1""",73.0,74.31,"6'2""",1.31,plays_taller,74.31,"6'2""",1.31,plays_taller
2020,Elijah Lufile,Oral Roberts,71753,6-8,"6'8""",80.0,79.63,"6'8""",-0.37,plays_at_height,79.63,"6'8""",-0.37,plays_at_height
2020,Jonathan Jackson,Prairie View A&M,71754,6-6,"6'6""",78.0,78.99,"6'7""",0.99,plays_taller,78.99,"6'7""",0.99,plays_taller
2020,Mark Carter,Alcorn St.,71760,6-6,"6'6""",78.0,77.2,"6'5""",-0.8,plays_shorter,77.2,"6'5""",-0.8,plays_shorter
2020,Dominic Brewton,Alcorn St.,71761,6-3,"6'3""",75.0,77.07,"6'5""",2.07,plays_taller,77.07,"6'5""",2.07,plays_taller
2020,Arne Morris,Alcorn St.,71762,6-3,"6'3""",75.0,75.46,"6'3""",0.46,plays_at_height,75.46,"6'3""",0.46,plays_at_height
2020,Tre Armstrong,Cal Baptist,71764,6-5,"6'5""",77.0,75.58,"6'4""",-1.42,plays_shorter,75.58,"6'4""",-1.42,plays_shorter
2020,Reed Nottage,Cal Baptist,71765,6-6,"6'6""",78.0,76.68,"6'5""",-1.32,plays_shorter,76.68,"6'5""",-1.32,plays_shorter
2020,Tyson Etienne,Wichita St.,71768,6-1,"6'1""",73.0,75.95,"6'4""",2.95,plays_taller,75.95,"6'4""",2.95,plays_taller
2020,Darin Green Jr.,UCF,71771,6-4,"6'4""",76.0,75.79,"6'4""",-0.21,plays_at_height,75.79,"6'4""",-0.21,plays_at_height
2020,Harwin Francois,Southern Illinois,71774,6-4,"6'4""",76.0,75.44,"6'3""",-0.56,plays_at_height,75.44,"6'3""",-0.56,plays_at_height
2020,Oscar Lopez Jr.,DePaul,71775,6-4,"6'4""",76.0,75.11,"6'3""",-0.89,plays_shorter,75.11,"6'3""",-0.89,plays_shorter
2020,Benson Lin,Bryant,71776,6-4,"6'4""",76.0,74.33,"6'2""",-1.67,plays_shorter,74.33,"6'2""",-1.67,plays_shorter
2020,T.J. Bickerstaff,Drexel,71777,6-9,"6'9""",81.0,78.84,"6'7""",-2.16,plays_shorter,78.84,"6'7""",-2.16,plays_shorter
2020,Mate Okros,Drexel,71778,6-6,"6'6""",78.0,74.41,"6'2""",-3.59,plays_shorter,74.41,"6'2""",-3.59,plays_shorter
2020,Kameron Hankerson,Green Bay,71779,6-5,"6'5""",77.0,76.54,"6'5""",-0.46,plays_at_height,76.54,"6'5""",-0.46,plays_at_height
2020,Hunter McIntosh,Elon,71782,6-3,"6'3""",75.0,74.56,"6'3""",-0.44,plays_at_height,74.56,"6'3""",-0.44,plays_at_height
2020,Gabe Quinnett,Idaho,71783,6-4,"6'4""",76.0,74.17,"6'2""",-1.83,plays_shorter,74.17,"6'2""",-1.83,plays_shorter
2020,DeWayne Cox,Prairie View A&M,71788,6-2,"6'2""",74.0,78.42,"6'6""",4.42,plays_taller,78.42,"6'6""",4.42,plays_taller
2020,Hosana Kitenge,Coastal Carolina,71791,6-7,"6'7""",79.0,78.92,"6'7""",-0.08,plays_at_height,78.92,"6'7""",-0.08,plays_at_height
2020,DJ Russell,Robert Morris,71796,6-7,"6'7""",79.0,76.72,"6'5""",-2.28,plays_shorter,76.72,"6'5""",-2.28,plays_shorter
2020,Jalen Hawkins,Robert Morris,71798,6-3,"6'3""",75.0,78.15,"6'6""",3.15,plays_taller,78.15,"6'6""",3.15,plays_taller
2020,Mikael Jantunen,Utah,71800,6-8,"6'8""",80.0,79.14,"6'7""",-0.86,plays_shorter,79.14,"6'7""",-0.86,plays_shorter
2020,Cam Spencer,Loyola MD,71803,6-4,"6'4""",76.0,75.86,"6'4""",-0.14,plays_at_height,75.86,"6'4""",-0.14,plays_at_height
2020,Alfonso Plummer,Utah,71804,6-1,"6'1""",73.0,74.16,"6'2""",1.16,plays_taller,74.16,"6'2""",1.16,plays_taller
2020,Branden Carlson,Utah,71808,7-0,"7'0""",84.0,81.45,"6'9""",-2.55,plays_shorter,81.45,"6'9""",-2.55,plays_shorter
2020,Perry Cowan,Brown,71809,6-4,"6'4""",76.0,74.49,"6'2""",-1.51,plays_shorter,74.49,"6'2""",-1.51,plays_shorter
2020,D.J. Carton,Ohio St.,71810,6-2,"6'2""",74.0,77.41,"6'5""",3.41,plays_taller,77.41,"6'5""",3.41,plays_taller
2020,Dan Friday,Brown,71812,6-4,"6'4""",76.0,76.13,"6'4""",0.13,plays_at_height,76.13,"6'4""",0.13,plays_at_height
2020,Eric Coleman Jr.,High Point,71814,6-8,"6'8""",80.0,75.75,"6'4""",-4.25,plays_shorter,75.75,"6'4""",-4.25,plays_shorter
2020,Jamir Thomas,Youngstown St.,71818,6-8,"6'8""",80.0,80.96,"6'9""",0.96,plays_taller,80.96,"6'9""",0.96,plays_taller
2020,Julius Dixon,Morehead St.,71822,6-7,"6'7""",79.0,75.5,"6'4""",-3.5,plays_shorter,75.5,"6'4""",-3.5,plays_shorter
2020,Ta'lon Cooper,Morehead St.,71823,6-4,"6'4""",76.0,75.63,"6'4""",-0.37,plays_at_height,75.63,"6'4""",-0.37,plays_at_height
2020,Grant Sherfield,Wichita St.,71825,6-2,"6'2""",74.0,76.65,"6'5""",2.65,plays_taller,76.65,"6'5""",2.65,plays_taller
2020,David McCoy,Southern Miss,71826,6-1,"6'1""",73.0,75.69,"6'4""",2.69,plays_taller,75.69,"6'4""",2.69,plays_taller
2020,Marek Welsch,Jacksonville St.,71828,5-11,"5'11""",71.0,74.0,"6'2""",3.0,plays_taller,74.0,"6'2""",3.0,plays_taller
2020,LJ Bryan,Morehead St.,71829,6-9,"6'9""",81.0,77.65,"6'6""",-3.35,plays_shorter,77.65,"6'6""",-3.35,plays_shorter
2020,Tyzhaun Claude,Morehead St.,71830,6-8,"6'8""",80.0,81.16,"6'9""",1.16,plays_taller,81.16,"6'9""",1.16,plays_taller
2020,Ques Glover,Florida,71831,5-11,"5'11""",71.0,74.94,"6'3""",3.94,plays_taller,74.94,"6'3""",3.94,plays_taller
2020,Kwane Marble II,Wyoming,71833,6-6,"6'6""",78.0,77.72,"6'6""",-0.28,plays_at_height,77.72,"6'6""",-0.28,plays_at_height
2020,Alec Woodard,Austin Peay,71838,6-2,"6'2""",74.0,75.98,"6'4""",1.98,plays_taller,75.98,"6'4""",1.98,plays_taller
2020,Erik Czumbel,UTSA,71841,6-3,"6'3""",75.0,73.85,"6'2""",-1.15,plays_shorter,73.85,"6'2""",-1.15,plays_shorter
2020,Makani Whiteside,UTSA,71842,6-4,"6'4""",76.0,75.47,"6'3""",-0.53,plays_at_height,75.47,"6'3""",-0.53,plays_at_height
2020,Olivier Nkamhoua,Tennessee,71843,6-8,"6'8""",80.0,80.55,"6'9""",0.55,plays_at_height,80.55,"6'9""",0.55,plays_at_height
2020,Jordan Skipper-Brown,Eastern Illinois,71845,6-6,"6'6""",78.0,81.95,"6'10""",3.95,plays_taller,81.95,"6'10""",3.95,plays_taller
2020,Christian Wilson,Longwood,71847,6-6,"6'6""",78.0,76.25,"6'4""",-1.75,plays_shorter,76.25,"6'4""",-1.75,plays_shorter
2020,Coryon Mason,Abilene Christian,71848,6-0,"6'0""",72.0,77.02,"6'5""",5.02,plays_taller,77.02,"6'5""",5.02,plays_taller
2020,Deang Deang,Eastern Illinois,71849,6-4,"6'4""",76.0,74.84,"6'3""",-1.16,plays_shorter,74.84,"6'3""",-1.16,plays_shorter
2020,George Dixon,Eastern Illinois,71850,6-5,"6'5""",77.0,80.77,"6'9""",3.77,plays_taller,80.77,"6'9""",3.77,plays_taller
2020,Keondre Kennedy,UMBC,71851,6-6,"6'6""",78.0,77.28,"6'5""",-0.72,plays_at_height,77.28,"6'5""",-0.72,plays_at_height
2020,Allan Jeanne-Rose,Fairfield,71852,6-7,"6'7""",79.0,77.83,"6'6""",-1.17,plays_shorter,77.83,"6'6""",-1.17,plays_shorter
2020,George Tinsley,Binghamton,71855,6-6,"6'6""",78.0,76.83,"6'5""",-1.17,plays_shorter,76.83,"6'5""",-1.17,plays_shorter
2020,Jordan Hairston,Texas A&M Corpus Chris,71856,6-0,"6'0""",72.0,74.6,"6'3""",2.6,plays_taller,74.6,"6'3""",2.6,plays_taller
2020,Amadou Sylla,Tennessee Tech,71858,6-8,"6'8""",80.0,80.9,"6'9""",0.9,plays_taller,80.9,"6'9""",0.9,plays_taller
2020,Joel Brown,California,71859,6-2,"6'2""",74.0,75.35,"6'3""",1.35,plays_taller,75.35,"6'3""",1.35,plays_taller
2020,Jeremiah Robinson-Earl,Villanova,71861,6-9,"6'9""",81.0,80.51,"6'9""",-0.49,plays_at_height,80.51,"6'9""",-0.49,plays_at_height
2020,Kenan Blackshear,Florida Atlantic,71863,6-6,"6'6""",78.0,76.65,"6'5""",-1.35,plays_shorter,76.65,"6'5""",-1.35,plays_shorter
2020,Dadou Traore,Louisiana Monroe,71864,6-10,"6'10""",82.0,79.43,"6'7""",-2.57,plays_shorter,79.43,"6'7""",-2.57,plays_shorter
2020,Davonte Gaines,Tennessee,71865,6-7,"6'7""",79.0,78.94,"6'7""",-0.06,plays_at_height,78.94,"6'7""",-0.06,plays_at_height
2020,Kayne Henry,Jacksonville St.,71867,6-7,"6'7""",79.0,80.05,"6'8""",1.05,plays_taller,80.05,"6'8""",1.05,plays_taller
2020,Martin Roub,Jacksonville St.,71868,6-10,"6'10""",82.0,76.9,"6'5""",-5.1,plays_shorter,76.9,"6'5""",-5.1,plays_shorter
2020,Hunter Dean,Southern Miss,71870,6-10,"6'10""",82.0,78.32,"6'6""",-3.68,plays_shorter,78.32,"6'6""",-3.68,plays_shorter
2020,Artur Konontsuk,Southern Miss,71872,6-7,"6'7""",79.0,76.43,"6'4""",-2.57,plays_shorter,76.43,"6'4""",-2.57,plays_shorter
2020,Jay Malone,Southern Miss,71873,6-0,"6'0""",72.0,73.72,"6'2""",1.72,plays_taller,73.72,"6'2""",1.72,plays_taller
2020,Anthony Edwards,Georgia,71877,6-5,"6'5""",77.0,78.68,"6'7""",1.68,plays_taller,78.68,"6'7""",1.68,plays_taller
2020,Casey Morsell,Virginia,71882,6-3,"6'3""",75.0,75.85,"6'4""",0.85,plays_taller,75.85,"6'4""",0.85,plays_taller
2020,Harlond Beverly,Miami FL,71885,6-4,"6'4""",76.0,76.41,"6'4""",0.41,plays_at_height,76.41,"6'4""",0.41,plays_at_height
2020,Tyler Robertson,Eastern Washington,71886,6-6,"6'6""",78.0,75.45,"6'3""",-2.55,plays_shorter,75.45,"6'3""",-2.55,plays_shorter
2020,John McCoy,Delaware,71888,6-5,"6'5""",77.0,75.92,"6'4""",-1.08,plays_shorter,75.92,"6'4""",-1.08,plays_shorter
2020,Isaiah Wong,Miami FL,71889,6-3,"6'3""",75.0,77.24,"6'5""",2.24,plays_taller,77.24,"6'5""",2.24,plays_taller
2020,Sammy Hunter,Mississippi,71891,6-9,"6'9""",81.0,77.27,"6'5""",-3.73,plays_shorter,77.27,"6'5""",-3.73,plays_shorter
2020,Chase Barrs,Western Michigan,71892,6-9,"6'9""",81.0,77.78,"6'6""",-3.22,plays_shorter,77.78,"6'6""",-3.22,plays_shorter
2020,Quinton Brigham,Texas Southern,71897,6-5,"6'5""",77.0,76.36,"6'4""",-0.64,plays_at_height,76.36,"6'4""",-0.64,plays_at_height
2020,Kahlil Whitney,Kentucky,71899,6-6,"6'6""",78.0,77.45,"6'5""",-0.55,plays_at_height,77.45,"6'5""",-0.55,plays_at_height
2020,Tyrese Maxey,Kentucky,71900,6-3,"6'3""",75.0,77.1,"6'5""",2.1,plays_taller,77.1,"6'5""",2.1,plays_taller
2020,Johnny Juzang,Kentucky,71901,6-6,"6'6""",78.0,76.06,"6'4""",-1.94,plays_shorter,76.06,"6'4""",-1.94,plays_shorter
2020,Will Baker,Texas,71904,6-11,"6'11""",83.0,78.45,"6'6""",-4.55,plays_shorter,78.45,"6'6""",-4.55,plays_shorter
2020,Kai Jones,Texas,71905,6-11,"6'11""",83.0,81.24,"6'9""",-1.76,plays_shorter,81.24,"6'9""",-1.76,plays_shorter
2020,Donovan Williams,Texas,71906,6-6,"6'6""",78.0,76.99,"6'5""",-1.01,plays_shorter,76.99,"6'5""",-1.01,plays_shorter
2020,Shereef Mitchell,Creighton,71912,6-0,"6'0""",72.0,75.7,"6'4""",3.7,plays_taller,75.7,"6'4""",3.7,plays_taller
2020,Cameron Shockley-Okeke,Columbia,71914,6-6,"6'6""",78.0,75.25,"6'3""",-2.75,plays_shorter,75.25,"6'3""",-2.75,plays_shorter
2020,Nick Stampley,Troy,71915,6-6,"6'6""",78.0,79.36,"6'7""",1.36,plays_taller,79.36,"6'7""",1.36,plays_taller
2020,Eddie Turner III,Columbia,71916,6-2,"6'2""",74.0,75.29,"6'3""",1.29,plays_taller,75.29,"6'3""",1.29,plays_taller
2020,Joel Soriano,Fordham,71918,6-11,"6'11""",83.0,81.61,"6'10""",-1.39,plays_shorter,81.61,"6'10""",-1.39,plays_shorter
2020,DJ Horne,Illinois St.,71919,6-1,"6'1""",73.0,75.17,"6'3""",2.17,plays_taller,75.17,"6'3""",2.17,plays_taller
2020,Christian Braun,Kansas,71920,6-6,"6'6""",78.0,76.89,"6'5""",-1.11,plays_shorter,76.89,"6'5""",-1.11,plays_shorter
2020,Tristan Enaruna,Kansas,71923,6-8,"6'8""",80.0,78.59,"6'7""",-1.41,plays_shorter,78.59,"6'7""",-1.41,plays_shorter
2020,Dae Dae Grant,Miami OH,71926,6-2,"6'2""",74.0,74.86,"6'3""",0.86,plays_taller,74.86,"6'3""",0.86,plays_taller
2020,PJ Henry,Hartford,71928,5-10,"5'10""",70.0,74.68,"6'3""",4.68,plays_taller,74.68,"6'3""",4.68,plays_taller
2020,Kenyon Duling,SIU Edwardsville,71929,6-2,"6'2""",74.0,74.6,"6'3""",0.6,plays_at_height,74.6,"6'3""",0.6,plays_at_height
2020,Jahcobi Neath,Wake Forest,71931,6-3,"6'3""",75.0,76.04,"6'4""",1.04,plays_taller,76.04,"6'4""",1.04,plays_taller
2020,Joe Toussaint,Iowa,71933,6-0,"6'0""",72.0,75.42,"6'3""",3.42,plays_taller,75.42,"6'3""",3.42,plays_taller
2020,Collin Cooper,Central Arkansas,71937,6-2,"6'2""",74.0,74.73,"6'3""",0.73,plays_at_height,74.73,"6'3""",0.73,plays_at_height
2020,Arturro Bingham,Milwaukee,71938,6-5,"6'5""",77.0,75.13,"6'3""",-1.87,plays_shorter,75.13,"6'3""",-1.87,plays_shorter
2020,Derrick Carter-Hollinger,Montana,71939,6-5,"6'5""",77.0,79.69,"6'8""",2.69,plays_taller,79.69,"6'8""",2.69,plays_taller
2020,Dischon Thomas,Colorado St.,71941,6-9,"6'9""",81.0,78.68,"6'7""",-2.32,plays_shorter,78.68,"6'7""",-2.32,plays_shorter
2020,Dq Nicholas,Southeast Missouri St.,71943,6-1,"6'1""",73.0,75.05,"6'3""",2.05,plays_taller,75.05,"6'3""",2.05,plays_taller
2020,Broc Finstuen,Pacific,71945,6-4,"6'4""",76.0,78.11,"6'6""",2.11,plays_taller,78.11,"6'6""",2.11,plays_taller
2020,Ian Lee,Howard,71946,6-1,"6'1""",73.0,73.66,"6'2""",0.66,plays_at_height,73.66,"6'2""",0.66,plays_at_height
2020,Emmanuel Bandoumel,SMU,71950,6-4,"6'4""",76.0,76.77,"6'5""",0.77,plays_taller,76.77,"6'5""",0.77,plays_taller
2020,Wayne Bristol Jr.,Howard,71954,6-6,"6'6""",78.0,75.58,"6'4""",-2.42,plays_shorter,75.58,"6'4""",-2.42,plays_shorter
2020,Jitaurious Gordon,Troy,71962,6-0,"6'0""",72.0,74.62,"6'3""",2.62,plays_taller,74.62,"6'3""",2.62,plays_taller
2020,Jahmir Young,Charlotte,71963,6-1,"6'1""",73.0,77.78,"6'6""",4.78,plays_taller,77.78,"6'6""",4.78,plays_taller
2020,Jordan Preaster,Bethune Cookman,71965,6-5,"6'5""",77.0,77.15,"6'5""",0.15,plays_at_height,77.15,"6'5""",0.15,plays_at_height
2020,Isiah Kirby,Southeastern Louisiana,71967,6-3,"6'3""",75.0,76.4,"6'4""",1.4,plays_taller,76.4,"6'4""",1.4,plays_taller
2020,Travion McCray,Western Carolina,71972,6-1,"6'1""",73.0,75.03,"6'3""",2.03,plays_taller,75.03,"6'3""",2.03,plays_taller
2020,Jalen Benjamin,UAB,71973,5-10,"5'10""",70.0,75.28,"6'3""",5.28,plays_taller,75.28,"6'3""",5.28,plays_taller
2020,Tyler Harris,Western Carolina,71975,6-7,"6'7""",79.0,76.84,"6'5""",-2.16,plays_shorter,76.84,"6'5""",-2.16,plays_shorter
2020,Greg Dolan,Cornell,71979,6-3,"6'3""",75.0,74.9,"6'3""",-0.1,plays_at_height,74.9,"6'3""",-0.1,plays_at_height
2020,Marcus Tsohonis,Washington,71982,6-3,"6'3""",75.0,75.06,"6'3""",0.06,plays_at_height,75.06,"6'3""",0.06,plays_at_height
2020,Isaiah Palermo,Little Rock,71984,6-5,"6'5""",77.0,76.73,"6'5""",-0.27,plays_at_height,76.73,"6'5""",-0.27,plays_at_height
2020,Tyler Witz,North Dakota St.,71985,6-9,"6'9""",81.0,78.22,"6'6""",-2.78,plays_shorter,78.22,"6'6""",-2.78,plays_shorter
2020,Pierre Crockrell II,Pacific,71987,6-0,"6'0""",72.0,73.95,"6'2""",1.95,plays_taller,73.95,"6'2""",1.95,plays_taller
2020,Cameron Tucker,Alabama A&M,71988,6-1,"6'1""",73.0,75.42,"6'3""",2.42,plays_taller,75.42,"6'3""",2.42,plays_taller
2020,Kamdyn Curfman,VMI,71989,6-0,"6'0""",72.0,74.25,"6'2""",2.25,plays_taller,74.25,"6'2""",2.25,plays_taller
2020,Jalen Johnson,Alabama A&M,71990,6-7,"6'7""",79.0,78.54,"6'7""",-0.46,plays_at_height,78.54,"6'7""",-0.46,plays_at_height
2020,Douglas Wilson,South Dakota St.,71994,6-7,"6'7""",79.0,80.83,"6'9""",1.83,plays_taller,80.83,"6'9""",1.83,plays_taller
2020,Tory San Antonio,Cal St. Fullerton,71995,6-3,"6'3""",75.0,76.07,"6'4""",1.07,plays_taller,76.07,"6'4""",1.07,plays_taller
2020,Baylor Scheierman,South Dakota St.,71996,6-6,"6'6""",78.0,78.02,"6'6""",0.02,plays_at_height,78.02,"6'6""",0.02,plays_at_height
2020,RayJ Dennis,Boise St.,71997,6-2,"6'2""",74.0,76.46,"6'4""",2.46,plays_taller,76.46,"6'4""",2.46,plays_taller
2020,Noah Freidel,South Dakota St.,71998,6-4,"6'4""",76.0,76.72,"6'5""",0.72,plays_at_height,76.72,"6'5""",0.72,plays_at_height
2020,Josiah-Jordan James,Tennessee,71999,6-6,"6'6""",78.0,78.26,"6'6""",0.26,plays_at_height,78.26,"6'6""",0.26,plays_at_height
2020,Anthony Bratton,UT Rio Grande Valley,72000,6-8,"6'8""",80.0,79.24,"6'7""",-0.76,plays_shorter,79.24,"6'7""",-0.76,plays_shorter
2020,Mahki Morris,Abilene Christian,72002,6-3,"6'3""",75.0,74.68,"6'3""",-0.32,plays_at_height,74.68,"6'3""",-0.32,plays_at_height
2020,Marvin Johnson,Eastern Illinois,72003,6-6,"6'6""",78.0,77.81,"6'6""",-0.19,plays_at_height,77.81,"6'6""",-0.19,plays_at_height
2020,Chris Maidoh,Fairfield,72004,6-10,"6'10""",82.0,81.79,"6'10""",-0.21,plays_at_height,81.79,"6'10""",-0.21,plays_at_height
2020,Jamison Overton,Utah Valley,72005,6-6,"6'6""",78.0,78.06,"6'6""",0.06,plays_at_height,78.06,"6'6""",0.06,plays_at_height
2020,Airion Simmons,Abilene Christian,72006,6-5,"6'5""",77.0,80.35,"6'8""",3.35,plays_taller,80.35,"6'8""",3.35,plays_taller
2020,Ben Krikke,Valparaiso,72009,6-9,"6'9""",81.0,78.69,"6'7""",-2.31,plays_shorter,78.69,"6'7""",-2.31,plays_shorter
2020,Lagio Grantsaan,Morgan St.,72015,6-8,"6'8""",80.0,77.31,"6'5""",-2.69,plays_shorter,77.31,"6'5""",-2.69,plays_shorter
2020,Truman Moore,McNeese St.,72020,6-8,"6'8""",80.0,78.97,"6'7""",-1.03,plays_shorter,78.97,"6'7""",-1.03,plays_shorter
2020,Tanner Holden,Wright St.,72021,6-6,"6'6""",78.0,79.45,"6'7""",1.45,plays_taller,79.45,"6'7""",1.45,plays_taller
2020,Ravel Moody,Tennessee St.,72022,6-6,"6'6""",78.0,78.75,"6'7""",0.75,plays_at_height,78.75,"6'7""",0.75,plays_at_height
2020,Chris Orlina,McNeese St.,72025,6-6,"6'6""",78.0,75.82,"6'4""",-2.18,plays_shorter,75.82,"6'4""",-2.18,plays_shorter
2020,Bryson Langdon,Northern Kentucky,72026,5-9,"5'9""",69.0,74.22,"6'2""",5.22,plays_taller,74.22,"6'2""",5.22,plays_taller
2020,Lance Terry,Gardner Webb,72028,6-2,"6'2""",74.0,75.39,"6'3""",1.39,plays_taller,75.39,"6'3""",1.39,plays_taller
2020,Devontae Lane,Central Michigan,72030,6-2,"6'2""",74.0,75.49,"6'3""",1.49,plays_taller,75.49,"6'3""",1.49,plays_taller
2020,Travon Broadway,Central Michigan,72031,6-5,"6'5""",77.0,75.95,"6'4""",-1.05,plays_shorter,75.95,"6'4""",-1.05,plays_shorter
2020,Davis Steelman,UT Arlington,72033,6-3,"6'3""",75.0,74.75,"6'3""",-0.25,plays_at_height,74.75,"6'3""",-0.25,plays_at_height
2020,Sam Griffin,UT Arlington,72035,6-3,"6'3""",75.0,74.25,"6'2""",-0.75,plays_at_height,74.25,"6'2""",-0.75,plays_at_height
2020,Coleman Sparling,UT Arlington,72037,6-7,"6'7""",79.0,77.14,"6'5""",-1.86,plays_shorter,77.14,"6'5""",-1.86,plays_shorter
2020,Jarvis Vaughan,Monmouth,72038,6-9,"6'9""",81.0,79.09,"6'7""",-1.91,plays_shorter,79.09,"6'7""",-1.91,plays_shorter
2020,Nicolas Elame,UT Arlington,72039,6-3,"6'3""",75.0,77.07,"6'5""",2.07,plays_taller,77.07,"6'5""",2.07,plays_taller
2020,Kenny Foster,Wyoming,72041,6-5,"6'5""",77.0,75.87,"6'4""",-1.13,plays_shorter,75.87,"6'4""",-1.13,plays_shorter
2020,Chris Mann,Army,72042,6-6,"6'6""",78.0,76.18,"6'4""",-1.82,plays_shorter,76.18,"6'4""",-1.82,plays_shorter
2020,Carlos Paez,Austin Peay,72043,5-10,"5'10""",70.0,74.48,"6'2""",4.48,plays_taller,74.48,"6'2""",4.48,plays_taller
2020,Sean Bairstow,Utah St.,72045,6-8,"6'8""",80.0,76.48,"6'4""",-3.52,plays_shorter,76.48,"6'4""",-3.52,plays_shorter
2020,Kuba Karwowski,Utah St.,72046,7-2,"7'2""",86.0,83.6,"7'0""",-2.4,plays_shorter,83.6,"7'0""",-2.4,plays_shorter
2020,Khalid Thomas,Arizona St.,72048,6-9,"6'9""",81.0,76.85,"6'5""",-4.15,plays_shorter,76.85,"6'5""",-4.15,plays_shorter
2020,Antavion Collum,Mississippi,72049,6-7,"6'7""",79.0,77.1,"6'5""",-1.9,plays_shorter,77.1,"6'5""",-1.9,plays_shorter
2020,Michael Isler,Presbyterian,72050,6-4,"6'4""",76.0,79.01,"6'7""",3.01,plays_taller,79.01,"6'7""",3.01,plays_taller
2020,Zeb Graham,Presbyterian,72051,6-0,"6'0""",72.0,75.42,"6'3""",3.42,plays_taller,75.42,"6'3""",3.42,plays_taller
2020,D.J. Robertson,Florida Atlantic,72054,6-1,"6'1""",73.0,75.12,"6'3""",2.12,plays_taller,75.12,"6'3""",2.12,plays_taller
2020,Dou Gueye,Louisiana,72055,6-9,"6'9""",81.0,77.93,"6'6""",-3.07,plays_shorter,77.93,"6'6""",-3.07,plays_shorter
2020,Reggie James,Coppin St.,72057,6-4,"6'4""",76.0,77.05,"6'5""",1.05,plays_taller,77.05,"6'5""",1.05,plays_taller
2020,Mike Peake,Georgia,72058,6-8,"6'8""",80.0,79.27,"6'7""",-0.73,plays_at_height,79.27,"6'7""",-0.73,plays_at_height
2020,Nick Ongenda,DePaul,72059,6-11,"6'11""",83.0,81.74,"6'10""",-1.26,plays_shorter,81.74,"6'10""",-1.26,plays_shorter
2020,Josh Colon,Fordham,72061,5-10,"5'10""",70.0,74.8,"6'3""",4.8,plays_taller,74.8,"6'3""",4.8,plays_taller
2020,Malik Battle,Charleston Southern,72062,6-3,"6'3""",75.0,74.56,"6'3""",-0.44,plays_at_height,74.56,"6'3""",-0.44,plays_at_height
2020,Sam Baker,McNeese St.,72069,6-4,"6'4""",76.0,74.67,"6'3""",-1.33,plays_shorter,74.67,"6'3""",-1.33,plays_shorter
2020,Charlie Easley,Nebraska,72070,6-2,"6'2""",74.0,75.12,"6'3""",1.12,plays_taller,75.12,"6'3""",1.12,plays_taller
2020,Jervay Green,Nebraska,72073,6-3,"6'3""",75.0,77.13,"6'5""",2.13,plays_taller,77.13,"6'5""",2.13,plays_taller
2020,Carlos Marshall Jr,Tennessee St.,72075,6-6,"6'6""",78.0,75.84,"6'4""",-2.16,plays_shorter,75.84,"6'4""",-2.16,plays_shorter
2020,Cam Mack,Nebraska,72078,6-2,"6'2""",74.0,76.29,"6'4""",2.29,plays_taller,76.29,"6'4""",2.29,plays_taller
2020,Balsa Koprivica,Florida St.,72082,7-1,"7'1""",85.0,80.99,"6'9""",-4.01,plays_shorter,80.99,"6'9""",-4.01,plays_shorter
2020,KJ Johnson,Lipscomb,72083,6-1,"6'1""",73.0,75.56,"6'4""",2.56,plays_taller,75.56,"6'4""",2.56,plays_taller
2020,Patrick Williams,Florida St.,72084,6-8,"6'8""",80.0,80.27,"6'8""",0.27,plays_at_height,80.27,"6'8""",0.27,plays_at_height
2020,Xavier Johnson,George Mason,72085,6-1,"6'1""",73.0,76.05,"6'4""",3.05,plays_taller,76.05,"6'4""",3.05,plays_taller
2020,Jeremy Sanchez,Cleveland St.,72092,6-0,"6'0""",72.0,75.93,"6'4""",3.93,plays_taller,75.93,"6'4""",3.93,plays_taller
2020,Bobby Miller,Kennesaw St.,72096,6-2,"6'2""",74.0,73.44,"6'1""",-0.56,plays_at_height,73.44,"6'1""",-0.56,plays_at_height
2020,Carlo Marble,Chicago St.,72097,6-5,"6'5""",77.0,75.46,"6'3""",-1.54,plays_shorter,75.46,"6'3""",-1.54,plays_shorter
2020,Jace Colley,Chicago St.,72098,6-7,"6'7""",79.0,78.04,"6'6""",-0.96,plays_shorter,78.04,"6'6""",-0.96,plays_shorter
2020,Solomon Hunt,Chicago St.,72099,6-9,"6'9""",81.0,78.76,"6'7""",-2.24,plays_shorter,78.76,"6'7""",-2.24,plays_shorter
2020,Amir Gholizadeh,Chicago St.,72100,6-6,"6'6""",78.0,74.72,"6'3""",-3.28,plays_shorter,74.72,"6'3""",-3.28,plays_shorter
2020,Ke'Sean Davis,Chicago St.,72102,6-7,"6'7""",79.0,78.16,"6'6""",-0.84,plays_shorter,78.16,"6'6""",-0.84,plays_shorter
2020,Xavier Johnson,Chicago St.,72103,5-11,"5'11""",71.0,74.29,"6'2""",3.29,plays_taller,74.29,"6'2""",3.29,plays_taller
2020,Kalil Whitehead,Chicago St.,72104,6-5,"6'5""",77.0,76.81,"6'5""",-0.19,plays_at_height,76.81,"6'5""",-0.19,plays_at_height
2020,Rajeir Jones,Chicago St.,72106,6-3,"6'3""",75.0,74.15,"6'2""",-0.85,plays_shorter,74.15,"6'2""",-0.85,plays_shorter
2020,Andrew Lewis,Chicago St.,72107,6-3,"6'3""",75.0,76.46,"6'4""",1.46,plays_taller,76.46,"6'4""",1.46,plays_taller
2020,Byron Breland III,NJIT,72108,6-3,"6'3""",75.0,76.9,"6'5""",1.9,plays_taller,76.9,"6'5""",1.9,plays_taller
2020,Qudus Wahab,Georgetown,72111,6-11,"6'11""",83.0,82.01,"6'10""",-0.99,plays_shorter,82.01,"6'10""",-0.99,plays_shorter
2020,Timothy Ighoefe,Georgetown,72112,6-11,"6'11""",83.0,80.48,"6'8""",-2.52,plays_shorter,80.48,"6'8""",-2.52,plays_shorter
2020,Myron Gardner,Georgetown,72114,6-6,"6'6""",78.0,78.96,"6'7""",0.96,plays_taller,78.96,"6'7""",0.96,plays_taller
2020,Deven Palmer,North Carolina Central,72127,6-4,"6'4""",76.0,78.04,"6'6""",2.04,plays_taller,78.04,"6'6""",2.04,plays_taller
2020,Kobby Ayetey,North Carolina Central,72128,6-6,"6'6""",78.0,78.12,"6'6""",0.12,plays_at_height,78.12,"6'6""",0.12,plays_at_height
2020,Braelee Albert,Vanderbilt,72137,6-5,"6'5""",77.0,74.95,"6'3""",-2.05,plays_shorter,74.95,"6'3""",-2.05,plays_shorter
2020,Mike Melvin,North Carolina Central,72146,5-11,"5'11""",71.0,74.98,"6'3""",3.98,plays_taller,74.98,"6'3""",3.98,plays_taller
2020,John Stansbury,Delaware St.,72147,6-3,"6'3""",75.0,77.14,"6'5""",2.14,plays_taller,77.14,"6'5""",2.14,plays_taller
2020,Omari Peek-Green,Delaware St.,72148,6-6,"6'6""",78.0,76.82,"6'5""",-1.18,plays_shorter,76.82,"6'5""",-1.18,plays_shorter
2020,Leroy Moore,Delaware St.,72154,5-11,"5'11""",71.0,75.21,"6'3""",4.21,plays_taller,75.21,"6'3""",4.21,plays_taller
2020,Ja'Mare Redus,Texas Southern,72158,6-0,"6'0""",72.0,75.13,"6'3""",3.13,plays_taller,75.13,"6'3""",3.13,plays_taller
2020,Santiago Vescovi,Tennessee,72205,6-3,"6'3""",75.0,75.18,"6'3""",0.18,plays_at_height,75.18,"6'3""",0.18,plays_at_height
