season,player_name,team,pid,listed_height_raw,listed_height,listed_height_inches,predicted_profile_height_inches,predicted_profile_height,height_delta_inches,height_profile_label,predicted_big_profile_height_inches,predicted_big_profile_height,big_height_delta_inches,big_height_profile_label
2021,Isaiah Felder,South Carolina St.,39014,6-0,"6'0""",72.0,74.7,"6'3""",2.7,plays_taller,74.7,"6'3""",2.7,plays_taller
2021,Thomas Bruce,Binghamton,39412,6-9,"6'9""",81.0,81.56,"6'10""",0.56,plays_at_height,81.56,"6'10""",0.56,plays_at_height
2021,Jalen Coleman-Lands,Iowa St.,40204,6-4,"6'4""",76.0,74.94,"6'3""",-1.06,plays_shorter,74.94,"6'3""",-1.06,plays_shorter
2021,K.J. Walton,Ball St.,41728,6-3,"6'3""",75.0,78.26,"6'6""",3.26,plays_taller,78.26,"6'6""",3.26,plays_taller
2021,Hank Hollingsworth,Cal Poly,42124,6-10,"6'10""",82.0,78.53,"6'7""",-3.47,plays_shorter,78.53,"6'7""",-3.47,plays_shorter
2021,Traci Carter,Hartford,42956,6-1,"6'1""",73.0,75.2,"6'3""",2.2,plays_taller,75.2,"6'3""",2.2,plays_taller
2021,Isiah Brown,Weber St.,44211,6-2,"6'2""",74.0,75.48,"6'3""",1.48,plays_taller,75.48,"6'3""",1.48,plays_taller
2021,Jordy Tshimanga,Dayton,44214,6-11,"6'11""",83.0,81.68,"6'10""",-1.32,plays_shorter,81.68,"6'10""",-1.32,plays_shorter
2021,Jeriah Horne,Colorado,44216,6-7,"6'7""",79.0,78.12,"6'6""",-0.88,plays_shorter,78.12,"6'6""",-0.88,plays_shorter
2021,Eric Curry,Minnesota,44217,6-9,"6'9""",81.0,77.17,"6'5""",-3.83,plays_shorter,77.17,"6'5""",-3.83,plays_shorter
2021,Austin Davis,Michigan,44219,6-10,"6'10""",82.0,79.72,"6'8""",-2.28,plays_shorter,79.72,"6'8""",-2.28,plays_shorter
2021,James Butler,Drexel,44288,6-8,"6'8""",80.0,81.13,"6'9""",1.13,plays_taller,81.13,"6'9""",1.13,plays_taller
2021,Marlin Davis,Texas St.,44325,6-2,"6'2""",74.0,75.13,"6'3""",1.13,plays_taller,75.13,"6'3""",1.13,plays_taller
2021,Ivan Madunic,Southern Utah,44335,6-11,"6'11""",83.0,79.19,"6'7""",-3.81,plays_shorter,79.19,"6'7""",-3.81,plays_shorter
2021,Jailyn Ingram,Florida Atlantic,44344,6-7,"6'7""",79.0,78.2,"6'6""",-0.8,plays_shorter,78.2,"6'6""",-0.8,plays_shorter
2021,Ryan Murphy,Duquesne,44345,6-2,"6'2""",74.0,73.87,"6'2""",-0.13,plays_at_height,73.87,"6'2""",-0.13,plays_at_height
2021,D'Mitrik Trice,Wisconsin,44417,6-0,"6'0""",72.0,75.27,"6'3""",3.27,plays_taller,75.27,"6'3""",3.27,plays_taller
2021,Aleem Ford,Wisconsin,44418,6-8,"6'8""",80.0,77.56,"6'6""",-2.44,plays_shorter,77.56,"6'6""",-2.44,plays_shorter
2021,Charlie Moore,DePaul,44420,5-11,"5'11""",71.0,74.86,"6'3""",3.86,plays_taller,74.86,"6'3""",3.86,plays_taller
2021,Ben Shungu,Vermont,44546,6-2,"6'2""",74.0,76.73,"6'5""",2.73,plays_taller,76.73,"6'5""",2.73,plays_taller
2021,Tyler Jones,North Carolina A&T,44610,6-8,"6'8""",80.0,75.97,"6'4""",-4.03,plays_shorter,75.97,"6'4""",-4.03,plays_shorter
2021,Keon Clergeot,Southeastern Louisiana,44685,6-1,"6'1""",73.0,76.37,"6'4""",3.37,plays_taller,76.37,"6'4""",3.37,plays_taller
2021,Bryce Aiken,Seton Hall,44711,6-0,"6'0""",72.0,73.99,"6'2""",1.99,plays_taller,73.99,"6'2""",1.99,plays_taller
2021,Arinze Chidom,UC Riverside,44716,6-9,"6'9""",81.0,78.27,"6'6""",-2.73,plays_shorter,78.27,"6'6""",-2.73,plays_shorter
2021,Peter Kiss,Bryant,44721,6-5,"6'5""",77.0,77.83,"6'6""",0.83,plays_taller,77.83,"6'6""",0.83,plays_taller
2021,Joshua Langford,Michigan St.,44724,6-5,"6'5""",77.0,75.66,"6'4""",-1.34,plays_shorter,75.66,"6'4""",-1.34,plays_shorter
2021,"Tobias Howard, Jr.",Indiana St.,44748,6-2,"6'2""",74.0,74.0,"6'2""",-0.0,plays_at_height,74.0,"6'2""",-0.0,plays_at_height
2021,George Willborn III,UC Riverside,44754,6-3,"6'3""",75.0,75.61,"6'4""",0.61,plays_at_height,75.61,"6'4""",0.61,plays_at_height
2021,Kevin Marfo,Texas A&M,44755,6-8,"6'8""",80.0,81.1,"6'9""",1.1,plays_taller,81.1,"6'9""",1.1,plays_taller
2021,Jair Bolden,Butler,44756,6-3,"6'3""",75.0,74.58,"6'3""",-0.42,plays_at_height,74.58,"6'3""",-0.42,plays_at_height
2021,Colin Slater,Long Beach St.,44757,6-1,"6'1""",73.0,73.94,"6'2""",0.94,plays_taller,73.94,"6'2""",0.94,plays_taller
2021,Davion Mintz,Kentucky,44793,6-3,"6'3""",75.0,76.27,"6'4""",1.27,plays_taller,76.27,"6'4""",1.27,plays_taller
2021,Sam Hauser,Virginia,44798,6-8,"6'8""",80.0,78.15,"6'6""",-1.85,plays_shorter,78.15,"6'6""",-1.85,plays_shorter
2021,Blake Francis,Richmond,44827,6-0,"6'0""",72.0,75.49,"6'3""",3.49,plays_taller,75.49,"6'3""",3.49,plays_taller
2021,Mark Vital,Baylor,44845,6-5,"6'5""",77.0,81.35,"6'9""",4.35,plays_taller,81.35,"6'9""",4.35,plays_taller
2021,Tyson Jolly,SMU,44846,6-4,"6'4""",76.0,77.92,"6'6""",1.92,plays_taller,77.92,"6'6""",1.92,plays_taller
2021,AJ Wilson,George Mason,44849,6-7,"6'7""",79.0,80.97,"6'9""",1.97,plays_taller,80.97,"6'9""",1.97,plays_taller
2021,Eugene Omoruyi,Oregon,44878,6-6,"6'6""",78.0,79.08,"6'7""",1.08,plays_taller,79.08,"6'7""",1.08,plays_taller
2021,Danny Pippen,Kent St.,44937,6-9,"6'9""",81.0,79.73,"6'8""",-1.27,plays_shorter,79.73,"6'8""",-1.27,plays_shorter
2021,Xavier Green,Old Dominion,44944,6-6,"6'6""",78.0,76.12,"6'4""",-1.88,plays_shorter,76.12,"6'4""",-1.88,plays_shorter
2021,Corey Douglas Jr.,VCU,44948,6-8,"6'8""",80.0,80.5,"6'9""",0.5,plays_at_height,80.5,"6'9""",0.5,plays_at_height
2021,Kwe Parker,North Carolina A&T,44957,6-2,"6'2""",74.0,75.68,"6'4""",1.68,plays_taller,75.68,"6'4""",1.68,plays_taller
2021,Tareq Coburn,Hofstra,45017,6-5,"6'5""",77.0,77.25,"6'5""",0.25,plays_at_height,77.25,"6'5""",0.25,plays_at_height
2021,Marquell Fraser,Detroit Mercy,45034,6-5,"6'5""",77.0,76.54,"6'5""",-0.46,plays_at_height,76.54,"6'5""",-0.46,plays_at_height
2021,Frank Ryder,Denver,45062,6-10,"6'10""",82.0,77.38,"6'5""",-4.62,plays_shorter,77.38,"6'5""",-4.62,plays_shorter
2021,Mitchell Smith,Missouri,45080,6-10,"6'10""",82.0,79.93,"6'8""",-2.07,plays_shorter,79.93,"6'8""",-2.07,plays_shorter
2021,Justin Turner,Bowling Green,45081,6-4,"6'4""",76.0,75.78,"6'4""",-0.22,plays_at_height,75.78,"6'4""",-0.22,plays_at_height
2021,Michael Hughes,Duquesne,45089,6-8,"6'8""",80.0,81.98,"6'10""",1.98,plays_taller,81.98,"6'10""",1.98,plays_taller
2021,Tavian Dunn-Martin,Duquesne,45090,5-8,"5'8""",68.0,74.3,"6'2""",6.3,plays_taller,74.3,"6'2""",6.3,plays_taller
2021,Solomon Young,Iowa St.,45181,6-8,"6'8""",80.0,78.27,"6'6""",-1.73,plays_shorter,78.27,"6'6""",-1.73,plays_shorter
2021,Jay Huff,Virginia,45187,7-1,"7'1""",85.0,85.12,"7'1""",0.12,plays_at_height,85.12,"7'1""",0.12,plays_at_height
2021,Taze Moore,Cal St. Bakersfield,45252,6-5,"6'5""",77.0,79.01,"6'7""",2.01,plays_taller,79.01,"6'7""",2.01,plays_taller
2021,Justin Edler-Davis,Cal St. Bakersfield,45253,6-4,"6'4""",76.0,76.11,"6'4""",0.11,plays_at_height,76.11,"6'4""",0.11,plays_at_height
2021,Greg Lee,Western Michigan,45254,6-9,"6'9""",81.0,78.99,"6'7""",-2.01,plays_shorter,78.99,"6'7""",-2.01,plays_shorter
2021,Elyjah Goss,IU Indy,45279,6-7,"6'7""",79.0,80.76,"6'9""",1.76,plays_taller,80.76,"6'9""",1.76,plays_taller
2021,Brandon Johnson,Minnesota,45288,6-8,"6'8""",80.0,79.93,"6'8""",-0.07,plays_at_height,79.93,"6'8""",-0.07,plays_at_height
2021,Lorenzo Edwards,Charleston,45305,6-8,"6'8""",80.0,79.58,"6'8""",-0.42,plays_at_height,79.58,"6'8""",-0.42,plays_at_height
2021,Grant Golden,Richmond,45309,6-10,"6'10""",82.0,79.04,"6'7""",-2.96,plays_shorter,79.04,"6'7""",-2.96,plays_shorter
2021,De'Monte Buckingham,Cal St. Bakersfield,45310,6-4,"6'4""",76.0,76.81,"6'5""",0.81,plays_taller,76.81,"6'5""",0.81,plays_taller
2021,Jalen Johnson,Mississippi St.,45313,6-6,"6'6""",78.0,75.66,"6'4""",-2.34,plays_shorter,75.66,"6'4""",-2.34,plays_shorter
2021,Chance Garvin,Idaho,45345,6-4,"6'4""",76.0,75.32,"6'3""",-0.68,plays_at_height,75.32,"6'3""",-0.68,plays_at_height
2021,Perry Francois,Texas A&M Corpus Chris,45359,6-8,"6'8""",80.0,79.47,"6'7""",-0.53,plays_at_height,79.47,"6'7""",-0.53,plays_at_height
2021,Jo'Vontae Millner-Criss,Middle Tennessee,45463,6-6,"6'6""",78.0,77.47,"6'5""",-0.53,plays_at_height,77.47,"6'5""",-0.53,plays_at_height
2021,Jonah Antonio,Wake Forest,45475,6-5,"6'5""",77.0,75.37,"6'3""",-1.63,plays_shorter,75.37,"6'3""",-1.63,plays_shorter
2021,Randy Miller Jr.,Indiana St.,45477,6-2,"6'2""",74.0,74.83,"6'3""",0.83,plays_taller,74.83,"6'3""",0.83,plays_taller
2021,Ryan Gomes,Houston Christian,45478,6-10,"6'10""",82.0,78.07,"6'6""",-3.93,plays_shorter,78.07,"6'6""",-3.93,plays_shorter
2021,Nolan Taylor,Southeast Missouri St.,45530,6-7,"6'7""",79.0,77.51,"6'6""",-1.49,plays_shorter,77.51,"6'6""",-1.49,plays_shorter
2021,Kolton Kohl,Abilene Christian,45533,7-0,"7'0""",84.0,81.45,"6'9""",-2.55,plays_shorter,81.45,"6'9""",-2.55,plays_shorter
2021,Clay Mounce,Furman,45542,6-7,"6'7""",79.0,78.33,"6'6""",-0.67,plays_at_height,78.33,"6'6""",-0.67,plays_at_height
2021,Scott Spencer,La Salle,45562,6-6,"6'6""",78.0,75.56,"6'4""",-2.44,plays_shorter,75.56,"6'4""",-2.44,plays_shorter
2021,Algevon Eichelberger,Cleveland St.,45568,6-8,"6'8""",80.0,77.55,"6'6""",-2.45,plays_shorter,77.55,"6'6""",-2.45,plays_shorter
2021,Eron Gordon,Valparaiso,45571,6-3,"6'3""",75.0,76.8,"6'5""",1.8,plays_taller,76.8,"6'5""",1.8,plays_taller
2021,Mitch Lightfoot,Kansas,45620,6-8,"6'8""",80.0,80.37,"6'8""",0.37,plays_at_height,80.37,"6'8""",0.37,plays_at_height
2021,Nate Johnson,Xavier,45625,6-4,"6'4""",76.0,76.09,"6'4""",0.09,plays_at_height,76.09,"6'4""",0.09,plays_at_height
2021,Devearl Ramsey,UC Santa Barbara,45629,6-0,"6'0""",72.0,75.18,"6'3""",3.18,plays_taller,75.18,"6'3""",3.18,plays_taller
2021,Drew Buggs,Missouri,45642,6-3,"6'3""",75.0,75.29,"6'3""",0.29,plays_at_height,75.29,"6'3""",0.29,plays_at_height
2021,DJ Jones,Florida A&M,45744,6-9,"6'9""",81.0,80.15,"6'8""",-0.85,plays_shorter,80.15,"6'8""",-0.85,plays_shorter
2021,Devin Kirby,Montana St.,45746,6-11,"6'11""",83.0,77.54,"6'6""",-5.46,plays_shorter,77.54,"6'6""",-5.46,plays_shorter
2021,Zion Morgan,Valparaiso,45811,6-5,"6'5""",77.0,76.43,"6'4""",-0.57,plays_at_height,76.43,"6'4""",-0.57,plays_at_height
2021,Ben Coupet Jr.,Little Rock,45818,6-7,"6'7""",79.0,76.52,"6'5""",-2.48,plays_shorter,76.52,"6'5""",-2.48,plays_shorter
2021,Kenny Cooper,Western Kentucky,45823,6-0,"6'0""",72.0,74.89,"6'3""",2.89,plays_taller,74.89,"6'3""",2.89,plays_taller
2021,James Scott,Portland St.,45828,6-5,"6'5""",77.0,77.16,"6'5""",0.16,plays_at_height,77.16,"6'5""",0.16,plays_at_height
2021,Nick Hopkins,Siena,45835,6-0,"6'0""",72.0,74.56,"6'3""",2.56,plays_taller,74.56,"6'3""",2.56,plays_taller
2021,DeAndre Dishman,Middle Tennessee,45840,6-6,"6'6""",78.0,77.48,"6'5""",-0.52,plays_at_height,77.48,"6'5""",-0.52,plays_at_height
2021,Asante Gist,Iona,45841,5-10,"5'10""",70.0,74.12,"6'2""",4.12,plays_taller,74.12,"6'2""",4.12,plays_taller
2021,Kurk Lee,Alcorn St.,45850,5-10,"5'10""",70.0,74.31,"6'2""",4.31,plays_taller,74.31,"6'2""",4.31,plays_taller
2021,Osinachi Smart,Charleston,45853,6-8,"6'8""",80.0,80.0,"6'8""",0.0,plays_at_height,80.0,"6'8""",0.0,plays_at_height
2021,Ryan Daly,Saint Joseph's,45864,6-5,"6'5""",77.0,76.1,"6'4""",-0.9,plays_shorter,76.1,"6'4""",-0.9,plays_shorter
2021,Corey Allen,Georgia St.,45896,6-2,"6'2""",74.0,75.21,"6'3""",1.21,plays_taller,75.21,"6'3""",1.21,plays_taller
2021,Justin Hopkins,Texas Southern,45906,6-5,"6'5""",77.0,76.93,"6'5""",-0.07,plays_at_height,76.93,"6'5""",-0.07,plays_at_height
2021,Triston Chambers,Samford,45908,6-2,"6'2""",74.0,74.41,"6'2""",0.41,plays_at_height,74.41,"6'2""",0.41,plays_at_height
2021,Keith Smith,Cal Poly,45916,6-0,"6'0""",72.0,74.79,"6'3""",2.79,plays_taller,74.79,"6'3""",2.79,plays_taller
2021,Damien Sears,Nicholls St.,45925,6-7,"6'7""",79.0,79.9,"6'8""",0.9,plays_taller,79.9,"6'8""",0.9,plays_taller
2021,Jordan Bell,Pacific,45936,6-8,"6'8""",80.0,79.88,"6'8""",-0.12,plays_at_height,79.88,"6'8""",-0.12,plays_at_height
2021,Brachen Hazen,Ball St.,46010,6-8,"6'8""",80.0,79.39,"6'7""",-0.61,plays_at_height,79.39,"6'7""",-0.61,plays_at_height
2021,Jalen Dupree,Samford,46052,6-8,"6'8""",80.0,80.22,"6'8""",0.22,plays_at_height,80.22,"6'8""",0.22,plays_at_height
2021,Abdul Ado,Mississippi St.,46092,6-11,"6'11""",83.0,82.3,"6'10""",-0.7,plays_at_height,82.3,"6'10""",-0.7,plays_at_height
2021,Ethan Claycomb,Bellarmine,46101,6-7,"6'7""",79.0,76.39,"6'4""",-2.61,plays_shorter,76.39,"6'4""",-2.61,plays_shorter
2021,Preston Parks,Samford,46136,6-1,"6'1""",73.0,75.35,"6'3""",2.35,plays_taller,75.35,"6'3""",2.35,plays_taller
2021,Jaylen Fornes,Nicholls St.,46155,6-3,"6'3""",75.0,76.11,"6'4""",1.11,plays_taller,76.11,"6'4""",1.11,plays_taller
2021,Dejuan Clayton,Coppin St.,46161,6-2,"6'2""",74.0,74.8,"6'3""",0.8,plays_taller,74.8,"6'3""",0.8,plays_taller
2021,Trevor Anderson,Wisconsin,46178,6-3,"6'3""",75.0,75.37,"6'3""",0.37,plays_at_height,75.37,"6'3""",0.37,plays_at_height
2021,Darius Hicks,Jackson St.,46265,6-8,"6'8""",80.0,77.32,"6'5""",-2.68,plays_shorter,77.32,"6'5""",-2.68,plays_shorter
2021,Destin Barnes,UC Santa Barbara,46269,6-7,"6'7""",79.0,74.85,"6'3""",-4.15,plays_shorter,74.85,"6'3""",-4.15,plays_shorter
2021,Mark Gasperini,Massachusetts,46273,6-10,"6'10""",82.0,77.57,"6'6""",-4.43,plays_shorter,77.57,"6'6""",-4.43,plays_shorter
2021,Chevez Goodwin,USC,46358,6-9,"6'9""",81.0,79.66,"6'8""",-1.34,plays_shorter,79.66,"6'8""",-1.34,plays_shorter
2021,Mike Henn,Portland,46366,6-8,"6'8""",80.0,74.9,"6'3""",-5.1,plays_shorter,74.9,"6'3""",-5.1,plays_shorter
2021,Anthony Tarke,Coppin St.,46423,6-6,"6'6""",78.0,81.18,"6'9""",3.18,plays_taller,81.18,"6'9""",3.18,plays_taller
2021,Ty Graves,North Carolina Central,46500,5-10,"5'10""",70.0,72.18,"6'0""",2.18,plays_taller,72.18,"6'0""",2.18,plays_taller
2021,Jeremy Sheppard,Rhode Island,46503,6-1,"6'1""",73.0,74.9,"6'3""",1.9,plays_taller,74.9,"6'3""",1.9,plays_taller
2021,Dylan Carl,Purdue Fort Wayne,46552,6-11,"6'11""",83.0,79.54,"6'8""",-3.46,plays_shorter,79.54,"6'8""",-3.46,plays_shorter
2021,Ty Groce,Eastern Michigan,46558,6-8,"6'8""",80.0,79.16,"6'7""",-0.84,plays_shorter,79.16,"6'7""",-0.84,plays_shorter
2021,Chris Lester,New Hampshire,46564,6-6,"6'6""",78.0,75.48,"6'3""",-2.52,plays_shorter,75.48,"6'3""",-2.52,plays_shorter
2021,Ahsante Shivers,Southern,46573,6-4,"6'4""",76.0,75.08,"6'3""",-0.92,plays_shorter,75.08,"6'3""",-0.92,plays_shorter
2021,Shandon Goldman,Tennessee Tech,46582,6-10,"6'10""",82.0,77.69,"6'6""",-4.31,plays_shorter,77.69,"6'6""",-4.31,plays_shorter
2021,Andre Jones,Nicholls St.,46583,6-4,"6'4""",76.0,78.23,"6'6""",2.23,plays_taller,78.23,"6'6""",2.23,plays_taller
2021,Josh Parrish,San Diego,46596,6-4,"6'4""",76.0,77.51,"6'6""",1.51,plays_taller,77.51,"6'6""",1.51,plays_taller
2021,Brandon Averette,BYU,46598,5-11,"5'11""",71.0,75.26,"6'3""",4.26,plays_taller,75.26,"6'3""",4.26,plays_taller
2021,Tyler Stewart,Saint Francis,46713,6-8,"6'8""",80.0,76.34,"6'4""",-3.66,plays_shorter,76.34,"6'4""",-3.66,plays_shorter
2021,Nysier Brooks,Miami FL,46727,7-0,"7'0""",84.0,80.53,"6'9""",-3.47,plays_shorter,80.53,"6'9""",-3.47,plays_shorter
2021,Austin Reaves,Oklahoma,46787,6-5,"6'5""",77.0,77.38,"6'5""",0.38,plays_at_height,77.38,"6'5""",0.38,plays_at_height
2021,JoJo Anderson,Albany,46789,6-3,"6'3""",75.0,73.14,"6'1""",-1.86,plays_shorter,73.14,"6'1""",-1.86,plays_shorter
2021,C.J. Keyser,North Carolina Central,46793,6-3,"6'3""",75.0,76.43,"6'4""",1.43,plays_taller,76.43,"6'4""",1.43,plays_taller
2021,Jordan Jones,Marist,46794,6-8,"6'8""",80.0,82.5,"6'11""",2.5,plays_taller,82.5,"6'11""",2.5,plays_taller
2021,Loudon Love,Wright St.,46832,6-8,"6'8""",80.0,82.02,"6'10""",2.02,plays_taller,82.02,"6'10""",2.02,plays_taller
2021,Cavit Ege Havsa,Rice,46888,6-5,"6'5""",77.0,75.37,"6'3""",-1.63,plays_shorter,75.37,"6'3""",-1.63,plays_shorter
2021,Precious Ayah,Miami OH,46913,6-6,"6'6""",78.0,78.83,"6'7""",0.83,plays_taller,78.83,"6'7""",0.83,plays_taller
2021,Andrew Garcia,Georgia,46918,6-6,"6'6""",78.0,78.62,"6'7""",0.62,plays_at_height,78.62,"6'7""",0.62,plays_at_height
2021,Michael Almonacy,Appalachian St.,46922,6-0,"6'0""",72.0,75.26,"6'3""",3.26,plays_taller,75.26,"6'3""",3.26,plays_taller
2021,Darian Adams,Jacksonville St.,46982,6-3,"6'3""",75.0,76.45,"6'4""",1.45,plays_taller,76.45,"6'4""",1.45,plays_taller
2021,Marcus Burk,IU Indy,46998,6-3,"6'3""",75.0,76.69,"6'5""",1.69,plays_taller,76.69,"6'5""",1.69,plays_taller
2021,Tyrik Dixon,Coastal Carolina,47006,6-1,"6'1""",73.0,75.49,"6'3""",2.49,plays_taller,75.49,"6'3""",2.49,plays_taller
2021,Jannson Williams,Marshall,47011,6-9,"6'9""",81.0,79.88,"6'8""",-1.12,plays_shorter,79.88,"6'8""",-1.12,plays_shorter
2021,JaColby Pemberton,Louisiana Tech,47013,6-5,"6'5""",77.0,78.11,"6'6""",1.11,plays_taller,78.11,"6'6""",1.11,plays_taller
2021,Josh Ayeni,Chattanooga,47026,6-7,"6'7""",79.0,77.81,"6'6""",-1.19,plays_shorter,77.81,"6'6""",-1.19,plays_shorter
2021,Devon Daniels,N.C. State,47052,6-5,"6'5""",77.0,76.84,"6'5""",-0.16,plays_at_height,76.84,"6'5""",-0.16,plays_at_height
2021,Ibi Watson,Dayton,47099,6-5,"6'5""",77.0,76.77,"6'5""",-0.23,plays_at_height,76.77,"6'5""",-0.23,plays_at_height
2021,Joshua Tomiac,San Diego St.,47102,6-9,"6'9""",81.0,80.3,"6'8""",-0.7,plays_at_height,80.3,"6'8""",-0.7,plays_at_height
2021,Jared Chatham,Central Arkansas,47187,6-8,"6'8""",80.0,79.05,"6'7""",-0.95,plays_shorter,79.05,"6'7""",-0.95,plays_shorter
2021,Jacob Young,Rutgers,47191,6-2,"6'2""",74.0,76.02,"6'4""",2.02,plays_taller,76.02,"6'4""",2.02,plays_taller
2021,Andrew Jones,Texas,47192,6-4,"6'4""",76.0,76.8,"6'5""",0.8,plays_taller,76.8,"6'5""",0.8,plays_taller
2021,Ryan Betley,California,47195,6-5,"6'5""",77.0,75.12,"6'3""",-1.88,plays_shorter,75.12,"6'3""",-1.88,plays_shorter
2021,Seth Towns,Ohio St.,47197,6-8,"6'8""",80.0,76.35,"6'4""",-3.65,plays_shorter,76.35,"6'4""",-3.65,plays_shorter
2021,Jordan Bruner,Alabama,47204,6-10,"6'10""",82.0,79.66,"6'8""",-2.34,plays_shorter,79.66,"6'8""",-2.34,plays_shorter
2021,Mikey Dixon,Grand Canyon,47205,6-2,"6'2""",74.0,74.67,"6'3""",0.67,plays_at_height,74.67,"6'3""",0.67,plays_at_height
2021,Cainan McClelland,Jackson St.,47212,6-4,"6'4""",76.0,74.49,"6'2""",-1.51,plays_shorter,74.49,"6'2""",-1.51,plays_shorter
2021,John Pettway,South Alabama,47224,6-3,"6'3""",75.0,77.21,"6'5""",2.21,plays_taller,77.21,"6'5""",2.21,plays_taller
2021,Spencer Littleson,Toledo,47235,6-4,"6'4""",76.0,76.74,"6'5""",0.74,plays_at_height,76.74,"6'5""",0.74,plays_at_height
2021,Kellon Taylor,Albany,47236,6-6,"6'6""",78.0,77.78,"6'6""",-0.22,plays_at_height,77.78,"6'6""",-0.22,plays_at_height
2021,Najee Garvin,Nicholls St.,47242,6-7,"6'7""",79.0,78.7,"6'7""",-0.3,plays_at_height,78.7,"6'7""",-0.3,plays_at_height
2021,Micah Potter,Wisconsin,47329,6-10,"6'10""",82.0,80.98,"6'9""",-1.02,plays_shorter,80.98,"6'9""",-1.02,plays_shorter
2021,Brendan Barry,Temple,47402,6-2,"6'2""",74.0,74.03,"6'2""",0.03,plays_at_height,74.03,"6'2""",0.03,plays_at_height
2021,Evan Clayborne,UNC Asheville,47405,6-6,"6'6""",78.0,81.84,"6'10""",3.84,plays_taller,81.84,"6'10""",3.84,plays_taller
2021,Mike Smith,Michigan,47407,5-11,"5'11""",71.0,74.88,"6'3""",3.88,plays_taller,74.88,"6'3""",3.88,plays_taller
2021,Jake Killingsworth,UC San Diego,47408,6-5,"6'5""",77.0,75.5,"6'3""",-1.5,plays_shorter,75.5,"6'3""",-1.5,plays_shorter
2021,Ty Flowers,LIU,47421,6-9,"6'9""",81.0,79.73,"6'8""",-1.27,plays_shorter,79.73,"6'8""",-1.27,plays_shorter
2021,Brison Gresham,Houston,47422,6-8,"6'8""",80.0,81.91,"6'10""",1.91,plays_taller,81.91,"6'10""",1.91,plays_taller
2021,Damari Parris,Prairie View A&M,47423,6-1,"6'1""",73.0,75.04,"6'3""",2.04,plays_taller,75.04,"6'3""",2.04,plays_taller
2021,Arnaldo Toro,St. John's,47424,6-8,"6'8""",80.0,76.8,"6'5""",-3.2,plays_shorter,76.8,"6'5""",-3.2,plays_shorter
2021,Unique McLean,St. Francis NY,47427,6-2,"6'2""",74.0,78.28,"6'6""",4.28,plays_taller,78.28,"6'6""",4.28,plays_taller
2021,DeJon Jarreau,Houston,47430,6-5,"6'5""",77.0,78.66,"6'7""",1.66,plays_taller,78.66,"6'7""",1.66,plays_taller
2021,Dallas Walton,Colorado,47507,7-0,"7'0""",84.0,80.38,"6'8""",-3.62,plays_shorter,80.38,"6'8""",-3.62,plays_shorter
2021,JaQuori McLaughlin,UC Santa Barbara,47510,6-4,"6'4""",76.0,76.78,"6'5""",0.78,plays_taller,76.78,"6'5""",0.78,plays_taller
2021,Kodye Pugh,Loyola Marymount,47514,6-8,"6'8""",80.0,75.38,"6'3""",-4.62,plays_shorter,75.38,"6'3""",-4.62,plays_shorter
2021,Isaiah Ross,Iona,47550,6-3,"6'3""",75.0,75.21,"6'3""",0.21,plays_at_height,75.21,"6'3""",0.21,plays_at_height
2021,Xavier Bishop,Montana St.,47555,5-8,"5'8""",68.0,74.78,"6'3""",6.78,plays_taller,74.78,"6'3""",6.78,plays_taller
2021,Dylan Painter,Delaware,47566,6-10,"6'10""",82.0,82.21,"6'10""",0.21,plays_at_height,82.21,"6'10""",0.21,plays_at_height
2021,Carlik Jones,Louisville,47580,6-1,"6'1""",73.0,76.89,"6'5""",3.89,plays_taller,76.89,"6'5""",3.89,plays_taller
2021,Dru Smith,Missouri,47581,6-3,"6'3""",75.0,75.93,"6'4""",0.93,plays_taller,75.93,"6'4""",0.93,plays_taller
2021,John Hall,Portland St.,47585,6-7,"6'7""",79.0,77.9,"6'6""",-1.1,plays_shorter,77.9,"6'6""",-1.1,plays_shorter
2021,Brock Bertram,Buffalo,47600,6-11,"6'11""",83.0,79.68,"6'8""",-3.32,plays_shorter,79.68,"6'8""",-3.32,plays_shorter
2021,Troy Baxter,Morgan St.,47601,6-9,"6'9""",81.0,79.13,"6'7""",-1.87,plays_shorter,79.13,"6'7""",-1.87,plays_shorter
2021,Harrison Henderson,Southern,47675,6-11,"6'11""",83.0,80.39,"6'8""",-2.61,plays_shorter,80.39,"6'8""",-2.61,plays_shorter
2021,Bitumba Baruti,East Carolina,47679,6-7,"6'7""",79.0,77.97,"6'6""",-1.03,plays_shorter,77.97,"6'6""",-1.03,plays_shorter
2021,Jax Levitch,Evansville,47690,6-7,"6'7""",79.0,76.36,"6'4""",-2.64,plays_shorter,76.36,"6'4""",-2.64,plays_shorter
2021,Kevion Stewart,Alabama St.,47751,6-3,"6'3""",75.0,74.74,"6'3""",-0.26,plays_at_height,74.74,"6'3""",-0.26,plays_at_height
2021,Sammy Friday IV,Eastern Illinois,47769,6-9,"6'9""",81.0,78.95,"6'7""",-2.05,plays_shorter,78.95,"6'7""",-2.05,plays_shorter
2021,Tyrie Jackson,East Carolina,47781,6-2,"6'2""",74.0,75.26,"6'3""",1.26,plays_taller,75.26,"6'3""",1.26,plays_taller
2021,Khadim Sy,Mississippi,47782,6-10,"6'10""",82.0,78.03,"6'6""",-3.97,plays_shorter,78.03,"6'6""",-3.97,plays_shorter
2021,Loren Cristian Jackson,Akron,47891,5-8,"5'8""",68.0,74.49,"6'2""",6.49,plays_taller,74.49,"6'2""",6.49,plays_taller
2021,Koby McEwen,Marquette,47904,6-4,"6'4""",76.0,76.44,"6'4""",0.44,plays_at_height,76.44,"6'4""",0.44,plays_at_height
2021,Juwan Durham,Notre Dame,47909,6-11,"6'11""",83.0,82.6,"6'11""",-0.4,plays_at_height,82.6,"6'11""",-0.4,plays_at_height
2021,Justin Roberts,Niagara,47913,5-10,"5'10""",70.0,73.9,"6'2""",3.9,plays_taller,73.9,"6'2""",3.9,plays_taller
2021,Jason Carter,Xavier,47914,6-8,"6'8""",80.0,78.98,"6'7""",-1.02,plays_shorter,78.98,"6'7""",-1.02,plays_shorter
2021,Zach Radz,Sacred Heart,47970,6-2,"6'2""",74.0,73.75,"6'2""",-0.25,plays_at_height,73.75,"6'2""",-0.25,plays_at_height
2021,Tre Clark,Rice,47979,6-5,"6'5""",77.0,77.39,"6'5""",0.39,plays_at_height,77.39,"6'5""",0.39,plays_at_height
2021,Kameron McGusty,Miami FL,47998,6-5,"6'5""",77.0,76.33,"6'4""",-0.67,plays_at_height,76.33,"6'4""",-0.67,plays_at_height
2021,Jordan Shepherd,Charlotte,48004,6-4,"6'4""",76.0,76.86,"6'5""",0.86,plays_taller,76.86,"6'5""",0.86,plays_taller
2021,Oscar Frayer,Grand Canyon,48071,6-6,"6'6""",78.0,77.14,"6'5""",-0.86,plays_shorter,77.14,"6'5""",-0.86,plays_shorter
2021,Johnny McCants,New Mexico St.,48075,6-7,"6'7""",79.0,80.35,"6'8""",1.35,plays_taller,80.35,"6'8""",1.35,plays_taller
2021,Rasheem Dunn,St. John's,48114,6-2,"6'2""",74.0,76.08,"6'4""",2.08,plays_taller,76.08,"6'4""",2.08,plays_taller
2021,Derrick Alston Jr.,Boise St.,48120,6-9,"6'9""",81.0,77.61,"6'6""",-3.39,plays_shorter,77.61,"6'6""",-3.39,plays_shorter
2021,Tommy Kuhse,Saint Mary's,48170,6-2,"6'2""",74.0,75.76,"6'4""",1.76,plays_taller,75.76,"6'4""",1.76,plays_taller
2021,Jock Perry,UC Riverside,48171,7-1,"7'1""",85.0,77.41,"6'5""",-7.59,plays_shorter,77.41,"6'5""",-7.59,plays_shorter
2021,Elijah Thomas,Cal Baptist,48172,6-5,"6'5""",77.0,78.18,"6'6""",1.18,plays_taller,78.18,"6'6""",1.18,plays_taller
2021,Mark Carbone,Cal Baptist,48178,6-2,"6'2""",74.0,73.72,"6'2""",-0.28,plays_at_height,73.72,"6'2""",-0.28,plays_at_height
2021,Brad Greene,UC Irvine,48187,6-11,"6'11""",83.0,82.72,"6'11""",-0.28,plays_at_height,82.72,"6'11""",-0.28,plays_at_height
2021,Nikola Djogo,Notre Dame,48217,6-8,"6'8""",80.0,77.98,"6'6""",-2.02,plays_shorter,77.98,"6'6""",-2.02,plays_shorter
2021,Ikenna Ndugba,Elon,48285,6-0,"6'0""",72.0,75.74,"6'4""",3.74,plays_taller,75.74,"6'4""",3.74,plays_taller
2021,Mattias Markusson,Loyola Marymount,48363,7-3,"7'3""",87.0,82.13,"6'10""",-4.87,plays_shorter,82.13,"6'10""",-4.87,plays_shorter
2021,Kalob Ledoux,Louisiana Tech,48379,6-4,"6'4""",76.0,76.04,"6'4""",0.04,plays_at_height,76.04,"6'4""",0.04,plays_at_height
2021,Justin Moore,Pacific,48423,6-4,"6'4""",76.0,75.82,"6'4""",-0.18,plays_at_height,75.82,"6'4""",-0.18,plays_at_height
2021,CJ Walker,Ohio St.,48434,6-1,"6'1""",73.0,75.44,"6'3""",2.44,plays_taller,75.44,"6'3""",2.44,plays_taller
2021,Damien Jefferson,Creighton,48489,6-5,"6'5""",77.0,78.35,"6'6""",1.35,plays_taller,78.35,"6'6""",1.35,plays_taller
2021,Josh Hall,Cal St. Fullerton,48492,6-7,"6'7""",79.0,77.74,"6'6""",-1.26,plays_shorter,77.74,"6'6""",-1.26,plays_shorter
2021,Aher Uguak,Loyola Chicago,48494,6-7,"6'7""",79.0,78.86,"6'7""",-0.14,plays_at_height,78.86,"6'7""",-0.14,plays_at_height
2021,Bryson Williams,UTEP,48515,6-8,"6'8""",80.0,78.61,"6'7""",-1.39,plays_shorter,78.61,"6'7""",-1.39,plays_shorter
2021,Jacob Davison,Eastern Washington,48538,6-4,"6'4""",76.0,75.79,"6'4""",-0.21,plays_at_height,75.79,"6'4""",-0.21,plays_at_height
2021,Christian Carlyle,Santa Clara,48588,6-5,"6'5""",77.0,74.98,"6'3""",-2.02,plays_shorter,74.98,"6'3""",-2.02,plays_shorter
2021,Brandon Gonzalez,Southeastern Louisiana,48616,6-6,"6'6""",78.0,73.29,"6'1""",-4.71,plays_shorter,73.29,"6'1""",-4.71,plays_shorter
2021,Everett Winchester,Florida Atlantic,48621,6-7,"6'7""",79.0,76.97,"6'5""",-2.03,plays_shorter,76.97,"6'5""",-2.03,plays_shorter
2021,MaCio Teague,Baylor,48732,6-4,"6'4""",76.0,77.22,"6'5""",1.22,plays_taller,77.22,"6'5""",1.22,plays_taller
2021,Tahj Eaddy,USC,48741,6-2,"6'2""",74.0,74.82,"6'3""",0.82,plays_taller,74.82,"6'3""",0.82,plays_taller
2021,Denzel Mahoney,Creighton,48743,6-5,"6'5""",77.0,75.49,"6'3""",-1.51,plays_shorter,75.49,"6'3""",-1.51,plays_shorter
2021,Jonathan Baehre,Clemson,48748,6-10,"6'10""",82.0,79.54,"6'8""",-2.46,plays_shorter,79.54,"6'8""",-2.46,plays_shorter
2021,Karlis Silins,Florida Atlantic,48762,6-11,"6'11""",83.0,78.41,"6'6""",-4.59,plays_shorter,78.41,"6'6""",-4.59,plays_shorter
2021,A.J. Lawson,McNeese St.,48780,6-5,"6'5""",77.0,77.01,"6'5""",0.01,plays_at_height,77.01,"6'5""",0.01,plays_at_height
2021,Ross Cummings,Mercer,48809,6-3,"6'3""",75.0,75.18,"6'3""",0.18,plays_at_height,75.18,"6'3""",0.18,plays_at_height
2021,Zane Martin,Towson,48815,6-4,"6'4""",76.0,75.35,"6'3""",-0.65,plays_at_height,75.35,"6'3""",-0.65,plays_at_height
2021,Justin Gorham,Houston,48821,6-7,"6'7""",79.0,80.83,"6'9""",1.83,plays_taller,80.83,"6'9""",1.83,plays_taller
2021,Dontay Bassett,Weber St.,48926,6-9,"6'9""",81.0,79.5,"6'8""",-1.5,plays_shorter,79.5,"6'8""",-1.5,plays_shorter
2021,Gorjok Gak,Cal Baptist,48929,6-11,"6'11""",83.0,83.49,"6'11""",0.49,plays_at_height,83.49,"6'11""",0.49,plays_at_height
2021,Romello White,Mississippi,48955,6-8,"6'8""",80.0,81.01,"6'9""",1.01,plays_taller,81.01,"6'9""",1.01,plays_taller
2021,Frankie Hughes,San Diego,48958,6-4,"6'4""",76.0,74.19,"6'2""",-1.81,plays_shorter,74.19,"6'2""",-1.81,plays_shorter
2021,David Jean-Baptiste,Chattanooga,49010,6-1,"6'1""",73.0,75.83,"6'4""",2.83,plays_taller,75.83,"6'4""",2.83,plays_taller
2021,Rodney Chatman,Dayton,49014,6-1,"6'1""",73.0,75.37,"6'3""",2.37,plays_taller,75.37,"6'3""",2.37,plays_taller
2021,Makale Foreman,California,49015,6-1,"6'1""",73.0,73.38,"6'1""",0.38,plays_at_height,73.38,"6'1""",0.38,plays_at_height
2021,Chuck Champion,Albany,49016,6-4,"6'4""",76.0,75.5,"6'4""",-0.5,plays_at_height,75.5,"6'4""",-0.5,plays_at_height
2021,Kobe Wilson,Alcorn St.,49037,6-9,"6'9""",81.0,77.35,"6'5""",-3.65,plays_shorter,77.35,"6'5""",-3.65,plays_shorter
2021,Reginald Gee,Austin Peay,49044,6-3,"6'3""",75.0,75.18,"6'3""",0.18,plays_at_height,75.18,"6'3""",0.18,plays_at_height
2021,Ray Salnave,DePaul,49147,6-3,"6'3""",75.0,74.92,"6'3""",-0.08,plays_at_height,74.92,"6'3""",-0.08,plays_at_height
2021,Travis Atson,St. Francis NY,49180,6-5,"6'5""",77.0,77.44,"6'5""",0.44,plays_at_height,77.44,"6'5""",0.44,plays_at_height
2021,Payton Willis,Charleston,49181,6-4,"6'4""",76.0,75.53,"6'4""",-0.47,plays_at_height,75.53,"6'4""",-0.47,plays_at_height
2021,John Fulkerson,Tennessee,49184,6-9,"6'9""",81.0,79.66,"6'8""",-1.34,plays_shorter,79.66,"6'8""",-1.34,plays_shorter
2021,Clevon Brown,Vanderbilt,49188,6-8,"6'8""",80.0,79.2,"6'7""",-0.8,plays_shorter,79.2,"6'7""",-0.8,plays_shorter
2021,Jalen Johnson,Wake Forest,49189,6-6,"6'6""",78.0,77.51,"6'6""",-0.49,plays_at_height,77.51,"6'6""",-0.49,plays_at_height
2021,Devin Gage,Fresno St.,49193,6-2,"6'2""",74.0,74.34,"6'2""",0.34,plays_at_height,74.34,"6'2""",0.34,plays_at_height
2021,Brandon Cyrus,UC Santa Barbara,49194,6-5,"6'5""",77.0,75.8,"6'4""",-1.2,plays_shorter,75.8,"6'4""",-1.2,plays_shorter
2021,Lazaro Rojas,UT Arlington,49218,6-11,"6'11""",83.0,76.98,"6'5""",-6.02,plays_shorter,76.98,"6'5""",-6.02,plays_shorter
2021,Mark Crowe,Cal Poly,49250,6-5,"6'5""",77.0,74.75,"6'3""",-2.25,plays_shorter,74.75,"6'3""",-2.25,plays_shorter
2021,Quan Jackson,UAB,49268,6-4,"6'4""",76.0,78.74,"6'7""",2.74,plays_taller,78.74,"6'7""",2.74,plays_taller
2021,Bryce Nze,Butler,49273,6-7,"6'7""",79.0,79.76,"6'8""",0.76,plays_taller,79.76,"6'8""",0.76,plays_taller
2021,Carson Williams,Western Kentucky,49276,6-5,"6'5""",77.0,78.54,"6'7""",1.54,plays_taller,78.54,"6'7""",1.54,plays_taller
2021,Mason Faulkner,Western Carolina,49277,6-1,"6'1""",73.0,76.2,"6'4""",3.2,plays_taller,76.2,"6'4""",3.2,plays_taller
2021,Jalen Tate,Arkansas,49279,6-6,"6'6""",78.0,77.46,"6'5""",-0.54,plays_at_height,77.46,"6'5""",-0.54,plays_at_height
2021,DJ Mitchell,Santa Clara,49374,6-8,"6'8""",80.0,77.76,"6'6""",-2.24,plays_shorter,77.76,"6'6""",-2.24,plays_shorter
2021,Richard Washington,San Jose St.,49376,6-6,"6'6""",78.0,75.98,"6'4""",-2.02,plays_shorter,75.98,"6'4""",-2.02,plays_shorter
2021,Seventh Woods,South Carolina,49380,6-2,"6'2""",74.0,74.31,"6'2""",0.31,plays_at_height,74.31,"6'2""",0.31,plays_at_height
2021,Alterique Gilbert,Wichita St.,49404,6-0,"6'0""",72.0,74.9,"6'3""",2.9,plays_taller,74.9,"6'3""",2.9,plays_taller
2021,Matt Moyer,George Washington,49405,6-9,"6'9""",81.0,79.95,"6'8""",-1.05,plays_shorter,79.95,"6'8""",-1.05,plays_shorter
2021,Aaron Cook,Gonzaga,49449,6-1,"6'1""",73.0,77.6,"6'6""",4.6,plays_taller,77.6,"6'6""",4.6,plays_taller
2021,Kashaun Hicks,Norfolk St.,49451,6-6,"6'6""",78.0,77.55,"6'6""",-0.45,plays_at_height,77.55,"6'6""",-0.45,plays_at_height
2021,Salif Boudie,UMass Lowell,49472,6-8,"6'8""",80.0,79.97,"6'8""",-0.03,plays_at_height,79.97,"6'8""",-0.03,plays_at_height
2021,Christian Willis,Arkansas St.,49475,6-2,"6'2""",74.0,74.51,"6'3""",0.51,plays_at_height,74.51,"6'3""",0.51,plays_at_height
2021,Cordell Pemsl,Virginia Tech,49476,6-9,"6'9""",81.0,77.8,"6'6""",-3.2,plays_shorter,77.8,"6'6""",-3.2,plays_shorter
2021,Riley Till,Cal Poly,49477,6-7,"6'7""",79.0,78.56,"6'7""",-0.44,plays_at_height,78.56,"6'7""",-0.44,plays_at_height
2021,Te'Jon Lucas,Milwaukee,49478,6-2,"6'2""",74.0,75.76,"6'4""",1.76,plays_taller,75.76,"6'4""",1.76,plays_taller
2021,Maciej Bender,Mercer,49481,6-11,"6'11""",83.0,81.34,"6'9""",-1.66,plays_shorter,81.34,"6'9""",-1.66,plays_shorter
2021,Jordan Bohannon,Iowa,49484,6-1,"6'1""",73.0,74.56,"6'3""",1.56,plays_taller,74.56,"6'3""",1.56,plays_taller
2021,Maishe Dailey,Akron,49485,6-7,"6'7""",79.0,76.09,"6'4""",-2.91,plays_shorter,76.09,"6'4""",-2.91,plays_shorter
2021,Milos Jovic,Miami OH,49511,6-4,"6'4""",76.0,74.36,"6'2""",-1.64,plays_shorter,74.36,"6'2""",-1.64,plays_shorter
2021,Justin Kier,Georgia,49529,6-4,"6'4""",76.0,76.48,"6'4""",0.48,plays_at_height,76.48,"6'4""",0.48,plays_at_height
2021,Nana Akenten,Southeast Missouri St.,50171,6-6,"6'6""",78.0,78.11,"6'6""",0.11,plays_at_height,78.11,"6'6""",0.11,plays_at_height
2021,Thomas Allen,N.C. State,50172,6-1,"6'1""",73.0,75.18,"6'3""",2.18,plays_taller,75.18,"6'3""",2.18,plays_taller
2021,Alessandro Lever,Grand Canyon,50173,6-10,"6'10""",82.0,76.97,"6'5""",-5.03,plays_shorter,76.97,"6'5""",-5.03,plays_shorter
2021,Isaiah Washington,Long Beach St.,50174,6-1,"6'1""",73.0,75.73,"6'4""",2.73,plays_taller,75.73,"6'4""",2.73,plays_taller
2021,LaDavius Draine,Southern Miss,50179,6-4,"6'4""",76.0,75.27,"6'3""",-0.73,plays_at_height,75.27,"6'3""",-0.73,plays_at_height
2021,Trey Wade,Wichita St.,50182,6-6,"6'6""",78.0,78.77,"6'7""",0.77,plays_taller,78.77,"6'7""",0.77,plays_taller
2021,Kyle Young,Ohio St.,50187,6-8,"6'8""",80.0,79.18,"6'7""",-0.82,plays_shorter,79.18,"6'7""",-0.82,plays_shorter
2021,Anthony Gaines,Northwestern,50189,6-4,"6'4""",76.0,78.94,"6'7""",2.94,plays_taller,78.94,"6'7""",2.94,plays_taller
2021,David Maynard,Colgate,50190,6-4,"6'4""",76.0,75.48,"6'3""",-0.52,plays_at_height,75.48,"6'3""",-0.52,plays_at_height
2021,Pauly Paulicap,DePaul,50191,6-8,"6'8""",80.0,80.73,"6'9""",0.73,plays_at_height,80.73,"6'9""",0.73,plays_at_height
2021,Damion Rosser,New Orleans,50192,6-4,"6'4""",76.0,79.51,"6'8""",3.51,plays_taller,79.51,"6'8""",3.51,plays_taller
2021,Andrew Platek,North Carolina,50194,6-4,"6'4""",76.0,76.87,"6'5""",0.87,plays_taller,76.87,"6'5""",0.87,plays_taller
2021,Jason Strong,Northeastern,50200,6-8,"6'8""",80.0,76.7,"6'5""",-3.3,plays_shorter,76.7,"6'5""",-3.3,plays_shorter
2021,Tomas Murphy,Vermont,50205,6-8,"6'8""",80.0,76.44,"6'4""",-3.56,plays_shorter,76.44,"6'4""",-3.56,plays_shorter
2021,Brandon McKissic,UMKC,50211,6-3,"6'3""",75.0,75.65,"6'4""",0.65,plays_at_height,75.65,"6'4""",0.65,plays_at_height
2021,Jack Perry,Eastern Washington,50217,6-2,"6'2""",74.0,74.54,"6'3""",0.54,plays_at_height,74.54,"6'3""",0.54,plays_at_height
2021,Ra Kpedi,Purdue Fort Wayne,50219,6-9,"6'9""",81.0,80.33,"6'8""",-0.67,plays_at_height,80.33,"6'8""",-0.67,plays_at_height
2021,Bailey Patella,Vermont,50220,6-5,"6'5""",77.0,78.85,"6'7""",1.85,plays_taller,78.85,"6'7""",1.85,plays_taller
2021,Emmanuel Akot,Boise St.,50224,6-8,"6'8""",80.0,77.16,"6'5""",-2.84,plays_shorter,77.16,"6'5""",-2.84,plays_shorter
2021,Alex Barcello,BYU,50225,6-2,"6'2""",74.0,76.09,"6'4""",2.09,plays_taller,76.09,"6'4""",2.09,plays_taller
2021,Maxwell Evans,Vanderbilt,50226,6-2,"6'2""",74.0,77.06,"6'5""",3.06,plays_taller,77.06,"6'5""",3.06,plays_taller
2021,Grant Anticevich,California,50227,6-8,"6'8""",80.0,76.57,"6'5""",-3.43,plays_shorter,76.57,"6'5""",-3.43,plays_shorter
2021,Austin McCullough,Campbell,50230,6-5,"6'5""",77.0,76.84,"6'5""",-0.16,plays_at_height,76.84,"6'5""",-0.16,plays_at_height
2021,Justice Sueing,Ohio St.,50231,6-7,"6'7""",79.0,78.74,"6'7""",-0.26,plays_at_height,78.74,"6'7""",-0.26,plays_at_height
2021,Brad Davison,Wisconsin,50234,6-4,"6'4""",76.0,75.06,"6'3""",-0.94,plays_shorter,75.06,"6'3""",-0.94,plays_shorter
2021,Nate Reuvers,Wisconsin,50237,6-11,"6'11""",83.0,79.19,"6'7""",-3.81,plays_shorter,79.19,"6'7""",-3.81,plays_shorter
2021,Ira Lee,Arizona,50239,6-8,"6'8""",80.0,80.26,"6'8""",0.26,plays_at_height,80.26,"6'8""",0.26,plays_at_height
2021,Taj Benning,Fairfield,50244,6-4,"6'4""",76.0,76.54,"6'5""",0.54,plays_at_height,76.54,"6'5""",0.54,plays_at_height
2021,Johnny Wang,Cal St. Fullerton,50245,6-9,"6'9""",81.0,75.21,"6'3""",-5.79,plays_shorter,75.21,"6'3""",-5.79,plays_shorter
2021,Kham Davis,Weber St.,50252,6-4,"6'4""",76.0,73.84,"6'2""",-2.16,plays_shorter,73.84,"6'2""",-2.16,plays_shorter
2021,Marcus Carr,Minnesota,50253,6-2,"6'2""",74.0,76.4,"6'4""",2.4,plays_taller,76.4,"6'4""",2.4,plays_taller
2021,Lavar Batts Jr.,UNC Asheville,50254,6-3,"6'3""",75.0,75.95,"6'4""",0.95,plays_taller,75.95,"6'4""",0.95,plays_taller
2021,Shamiel Stevenson,Nebraska,50258,6-6,"6'6""",78.0,78.2,"6'6""",0.2,plays_at_height,78.2,"6'6""",0.2,plays_at_height
2021,Terrell Brown,Pittsburgh,50259,6-10,"6'10""",82.0,81.14,"6'9""",-0.86,plays_shorter,81.14,"6'9""",-0.86,plays_shorter
2021,Jeff Gary,Mercer,50264,6-4,"6'4""",76.0,75.5,"6'4""",-0.5,plays_at_height,75.5,"6'4""",-0.5,plays_at_height
2021,Jacob Wiley,Illinois Chicago,50274,6-7,"6'7""",79.0,79.51,"6'8""",0.51,plays_at_height,79.51,"6'8""",0.51,plays_at_height
2021,Jordan Davis,Middle Tennessee,50275,6-3,"6'3""",75.0,76.1,"6'4""",1.1,plays_taller,76.1,"6'4""",1.1,plays_taller
2021,Jalen Crutcher,Dayton,50276,6-1,"6'1""",73.0,75.22,"6'3""",2.22,plays_taller,75.22,"6'3""",2.22,plays_taller
2021,Vance Jackson Jr.,Arkansas,50277,6-9,"6'9""",81.0,76.6,"6'5""",-4.4,plays_shorter,76.6,"6'5""",-4.4,plays_shorter
2021,Milos Supica,Charlotte,50288,6-9,"6'9""",81.0,79.12,"6'7""",-1.88,plays_shorter,79.12,"6'7""",-1.88,plays_shorter
2021,Nike Sibande,Pittsburgh,50290,6-4,"6'4""",76.0,75.35,"6'3""",-0.65,plays_at_height,75.35,"6'3""",-0.65,plays_at_height
2021,Donovan Sims,Middle Tennessee,50296,6-1,"6'1""",73.0,74.96,"6'3""",1.96,plays_taller,74.96,"6'3""",1.96,plays_taller
2021,Matt Beachler,Central Michigan,50298,6-4,"6'4""",76.0,74.34,"6'2""",-1.66,plays_shorter,74.34,"6'2""",-1.66,plays_shorter
2021,Kevin McAdoo,Bradley,50300,6-2,"6'2""",74.0,74.56,"6'3""",0.56,plays_at_height,74.56,"6'3""",0.56,plays_at_height
2021,Tydus Verhoeven,UTEP,50312,6-9,"6'9""",81.0,78.68,"6'7""",-2.32,plays_shorter,78.68,"6'7""",-2.32,plays_shorter
2021,Nicholas Kratholm,Niagara,50313,6-9,"6'9""",81.0,77.8,"6'6""",-3.2,plays_shorter,77.8,"6'6""",-3.2,plays_shorter
2021,Eric Williams Jr.,Oregon,50314,6-6,"6'6""",78.0,78.13,"6'6""",0.13,plays_at_height,78.13,"6'6""",0.13,plays_at_height
2021,Goanar Mar,Northern Iowa,50316,6-7,"6'7""",79.0,76.62,"6'5""",-2.38,plays_shorter,76.62,"6'5""",-2.38,plays_shorter
2021,Scott Blakney,Idaho,50334,6-8,"6'8""",80.0,77.45,"6'5""",-2.55,plays_shorter,77.45,"6'5""",-2.55,plays_shorter
2021,Admir Besovic,Little Rock,50342,7-0,"7'0""",84.0,75.76,"6'4""",-8.24,plays_shorter,75.76,"6'4""",-8.24,plays_shorter
2021,Isaiah Livers,Michigan,50343,6-7,"6'7""",79.0,78.55,"6'7""",-0.45,plays_at_height,78.55,"6'7""",-0.45,plays_at_height
2021,Eli Brooks,Michigan,50344,6-1,"6'1""",73.0,76.72,"6'5""",3.72,plays_taller,76.72,"6'5""",3.72,plays_taller
2021,Darius McNeill,SMU,50351,6-3,"6'3""",75.0,75.69,"6'4""",0.69,plays_at_height,75.69,"6'4""",0.69,plays_at_height
2021,Jahvon Blair,Georgetown,50355,6-4,"6'4""",76.0,75.7,"6'4""",-0.3,plays_at_height,75.7,"6'4""",-0.3,plays_at_height
2021,Jose Alvarado,Georgia Tech,50358,6-0,"6'0""",72.0,75.86,"6'4""",3.86,plays_taller,75.86,"6'4""",3.86,plays_taller
2021,Bryan Trimble Jr.,Akron,50363,6-2,"6'2""",74.0,73.76,"6'2""",-0.24,plays_at_height,73.76,"6'2""",-0.24,plays_at_height
2021,Jamaree Bouyea,San Francisco,50366,6-2,"6'2""",74.0,77.13,"6'5""",3.13,plays_taller,77.13,"6'5""",3.13,plays_taller
2021,Samson George,Central Arkansas,50367,6-7,"6'7""",79.0,76.55,"6'5""",-2.45,plays_shorter,76.55,"6'5""",-2.45,plays_shorter
2021,Marco Anthony,Utah St.,50369,6-5,"6'5""",77.0,77.48,"6'5""",0.48,plays_at_height,77.48,"6'5""",0.48,plays_at_height
2021,Chaundee Brown Jr.,Michigan,50373,6-5,"6'5""",77.0,77.61,"6'6""",0.61,plays_at_height,77.61,"6'6""",0.61,plays_at_height
2021,Olivier Sarr,Kentucky,50374,7-0,"7'0""",84.0,79.89,"6'8""",-4.11,plays_shorter,79.89,"6'8""",-4.11,plays_shorter
2021,RJ Nembhard,TCU,50377,6-5,"6'5""",77.0,76.95,"6'5""",-0.05,plays_at_height,76.95,"6'5""",-0.05,plays_at_height
2021,Izaiah Brockington,Penn St.,50379,6-4,"6'4""",76.0,77.6,"6'6""",1.6,plays_taller,77.6,"6'6""",1.6,plays_taller
2021,Austin Williams,Hartford,50387,6-4,"6'4""",76.0,78.55,"6'7""",2.55,plays_taller,78.55,"6'7""",2.55,plays_taller
2021,Alex O'Connell,Creighton,50396,6-6,"6'6""",78.0,76.34,"6'4""",-1.66,plays_shorter,76.34,"6'4""",-1.66,plays_shorter
2021,Jalen Ray,Hofstra,50399,6-2,"6'2""",74.0,74.94,"6'3""",0.94,plays_taller,74.94,"6'3""",0.94,plays_taller
2021,Evan Gilyard II,New Mexico St.,50400,5-10,"5'10""",70.0,74.22,"6'2""",4.22,plays_taller,74.22,"6'2""",4.22,plays_taller
2021,John Jones,Texas Southern,50402,6-0,"6'0""",72.0,72.62,"6'1""",0.62,plays_at_height,72.62,"6'1""",0.62,plays_at_height
2021,Jayvon Graves,Buffalo,50409,6-3,"6'3""",75.0,78.67,"6'7""",3.67,plays_taller,78.67,"6'7""",3.67,plays_taller
2021,Daeqwon Plowden,Bowling Green,50412,6-6,"6'6""",78.0,79.67,"6'8""",1.67,plays_taller,79.67,"6'8""",1.67,plays_taller
2021,Nelly Cummings,Colgate,50413,6-0,"6'0""",72.0,76.17,"6'4""",4.17,plays_taller,76.17,"6'4""",4.17,plays_taller
2021,Blake Huggins,Ball St.,50414,6-10,"6'10""",82.0,80.28,"6'8""",-1.72,plays_shorter,80.28,"6'8""",-1.72,plays_shorter
2021,James Reese,North Texas,50416,6-4,"6'4""",76.0,77.24,"6'5""",1.24,plays_taller,77.24,"6'5""",1.24,plays_taller
2021,Fatts Russell,Rhode Island,50422,5-11,"5'11""",71.0,75.93,"6'4""",4.93,plays_taller,75.93,"6'4""",4.93,plays_taller
2021,Terry Nolan Jr.,Bradley,50426,6-4,"6'4""",76.0,76.95,"6'5""",0.95,plays_taller,76.95,"6'5""",0.95,plays_taller
2021,Justin Mazzulla,Vermont,50427,6-3,"6'3""",75.0,77.75,"6'6""",2.75,plays_taller,77.75,"6'6""",2.75,plays_taller
2021,Greg Calixte,George Mason,50428,6-8,"6'8""",80.0,79.14,"6'7""",-0.86,plays_shorter,79.14,"6'7""",-0.86,plays_shorter
2021,Tshiefu Ngalakulondi,Fairfield,50430,6-7,"6'7""",79.0,79.24,"6'7""",0.24,plays_at_height,79.24,"6'7""",0.24,plays_at_height
2021,Elyjah Williams,Fairleigh Dickinson,50434,6-7,"6'7""",79.0,79.67,"6'8""",0.67,plays_at_height,79.67,"6'8""",0.67,plays_at_height
2021,Noah Morgan,Eastern Michigan,50437,6-5,"6'5""",77.0,76.64,"6'5""",-0.36,plays_at_height,76.64,"6'5""",-0.36,plays_at_height
2021,Josh Nicholas,Louisiana Monroe,50440,6-3,"6'3""",75.0,75.29,"6'3""",0.29,plays_at_height,75.29,"6'3""",0.29,plays_at_height
2021,Sean Price,Charleston Southern,50442,6-3,"6'3""",75.0,77.56,"6'6""",2.56,plays_taller,77.56,"6'6""",2.56,plays_taller
2021,Desmond Cambridge Jr.,Nevada,50454,6-4,"6'4""",76.0,77.28,"6'5""",1.28,plays_taller,77.28,"6'5""",1.28,plays_taller
2021,Isaac Bonton,Washington St.,50455,6-3,"6'3""",75.0,76.02,"6'4""",1.02,plays_taller,76.02,"6'4""",1.02,plays_taller
2021,Lenell Henry,Prairie View A&M,50462,6-8,"6'8""",80.0,80.46,"6'8""",0.46,plays_at_height,80.46,"6'8""",0.46,plays_at_height
2021,John Harrar,Penn St.,50465,6-9,"6'9""",81.0,81.42,"6'9""",0.42,plays_at_height,81.42,"6'9""",0.42,plays_at_height
2021,Jamari Wheeler,Penn St.,50466,6-1,"6'1""",73.0,75.8,"6'4""",2.8,plays_taller,75.8,"6'4""",2.8,plays_taller
2021,Garrison Brooks,North Carolina,50470,6-10,"6'10""",82.0,80.14,"6'8""",-1.86,plays_shorter,80.14,"6'8""",-1.86,plays_shorter
2021,Wabissa Bede,Virginia Tech,50474,6-1,"6'1""",73.0,75.12,"6'3""",2.12,plays_taller,75.12,"6'3""",2.12,plays_taller
2021,Brandon Huffman,Jacksonville St.,50475,6-10,"6'10""",82.0,83.46,"6'11""",1.46,plays_taller,83.46,"6'11""",1.46,plays_taller
2021,P.J. Horne,Georgia,50476,6-6,"6'6""",78.0,76.54,"6'5""",-1.46,plays_shorter,76.54,"6'5""",-1.46,plays_shorter
2021,Ejike Obinna,Vanderbilt,50481,6-10,"6'10""",82.0,77.67,"6'6""",-4.33,plays_shorter,77.67,"6'6""",-4.33,plays_shorter
2021,Trae Berhow,Northern Iowa,50483,6-5,"6'5""",77.0,76.53,"6'5""",-0.47,plays_at_height,76.53,"6'5""",-0.47,plays_at_height
2021,Cam Allen,Towson,50487,6-1,"6'1""",73.0,74.2,"6'2""",1.2,plays_taller,74.2,"6'2""",1.2,plays_taller
2021,Jade' Smith,Pepperdine,50489,6-4,"6'4""",76.0,76.59,"6'5""",0.59,plays_at_height,76.59,"6'5""",0.59,plays_at_height
2021,Joe Quintana,Loyola Marymount,50491,6-2,"6'2""",74.0,75.02,"6'3""",1.02,plays_taller,75.02,"6'3""",1.02,plays_taller
2021,Levi Stockard III,VCU,50494,6-8,"6'8""",80.0,78.06,"6'6""",-1.94,plays_shorter,78.06,"6'6""",-1.94,plays_shorter
2021,Mike McGuirl,Kansas St.,50495,6-2,"6'2""",74.0,76.27,"6'4""",2.27,plays_taller,76.27,"6'4""",2.27,plays_taller
2021,Marcus Garrett,Kansas,50498,6-5,"6'5""",77.0,77.48,"6'5""",0.48,plays_at_height,77.48,"6'5""",0.48,plays_at_height
2021,Simon Wright,Elon,50500,6-7,"6'7""",79.0,75.48,"6'3""",-3.52,plays_shorter,75.48,"6'3""",-3.52,plays_shorter
2021,Jacob Rigoni,Quinnipiac,50505,6-6,"6'6""",78.0,76.0,"6'4""",-2.0,plays_shorter,76.0,"6'4""",-2.0,plays_shorter
2021,Rich Kelly,Boston College,50507,6-1,"6'1""",73.0,74.31,"6'2""",1.31,plays_taller,74.31,"6'2""",1.31,plays_taller
2021,Jamorko Pickett,Georgetown,50511,6-9,"6'9""",81.0,77.86,"6'6""",-3.14,plays_shorter,77.86,"6'6""",-3.14,plays_shorter
2021,Quade Green,Washington,50512,6-0,"6'0""",72.0,74.82,"6'3""",2.82,plays_taller,74.82,"6'3""",2.82,plays_taller
2021,Jaden Sayles,Stony Brook,50518,6-9,"6'9""",81.0,78.4,"6'6""",-2.6,plays_shorter,78.4,"6'6""",-2.6,plays_shorter
2021,Stef Smith,Vermont,50521,6-2,"6'2""",74.0,74.87,"6'3""",0.87,plays_taller,74.87,"6'3""",0.87,plays_taller
2021,Bryce Moragne,Florida A&M,50522,6-5,"6'5""",77.0,78.41,"6'6""",1.41,plays_taller,78.41,"6'6""",1.41,plays_taller
2021,Javon Levi,UT Rio Grande Valley,50526,5-11,"5'11""",71.0,75.79,"6'4""",4.79,plays_taller,75.79,"6'4""",4.79,plays_taller
2021,Josip Vrankic,Santa Clara,50530,6-9,"6'9""",81.0,79.01,"6'7""",-1.99,plays_shorter,79.01,"6'7""",-1.99,plays_shorter
2021,Shaquille Walters,Northeastern,50534,6-6,"6'6""",78.0,77.48,"6'5""",-0.52,plays_at_height,77.48,"6'5""",-0.52,plays_at_height
2021,Marco Smith,Nebraska Omaha,50542,6-2,"6'2""",74.0,75.56,"6'4""",1.56,plays_taller,75.56,"6'4""",1.56,plays_taller
2021,Justin McCall,Cal St. Bakersfield,50543,6-6,"6'6""",78.0,78.85,"6'7""",0.85,plays_taller,78.85,"6'7""",0.85,plays_taller
2021,Christian David,Butler,50550,6-6,"6'6""",78.0,72.75,"6'1""",-5.25,plays_shorter,72.75,"6'1""",-5.25,plays_shorter
2021,Cooper Neese,Indiana St.,50552,6-4,"6'4""",76.0,75.01,"6'3""",-0.99,plays_shorter,75.01,"6'3""",-0.99,plays_shorter
2021,Aaron Thompson,Butler,50553,6-2,"6'2""",74.0,75.59,"6'4""",1.59,plays_taller,75.59,"6'4""",1.59,plays_taller
2021,Sandro Mamukelashvili,Seton Hall,50557,6-11,"6'11""",83.0,79.36,"6'7""",-3.64,plays_shorter,79.36,"6'7""",-3.64,plays_shorter
2021,Holland Woods,Arizona St.,50560,6-1,"6'1""",73.0,74.91,"6'3""",1.91,plays_taller,74.91,"6'3""",1.91,plays_taller
2021,M.J. Walker,Florida St.,50566,6-5,"6'5""",77.0,76.46,"6'4""",-0.54,plays_at_height,76.46,"6'4""",-0.54,plays_at_height
2021,Wyatt Wilkes,Florida St.,50567,6-8,"6'8""",80.0,75.45,"6'3""",-4.55,plays_shorter,75.45,"6'3""",-4.55,plays_shorter
2021,Malek Green,Canisius,50569,6-7,"6'7""",79.0,79.63,"6'8""",0.63,plays_at_height,79.63,"6'8""",0.63,plays_at_height
2021,Ike Obiagu,Seton Hall,50571,7-2,"7'2""",86.0,84.38,"7'0""",-1.62,plays_shorter,84.38,"7'0""",-1.62,plays_shorter
2021,Anthony Polite,Florida St.,50572,6-6,"6'6""",78.0,78.42,"6'6""",0.42,plays_at_height,78.42,"6'6""",0.42,plays_at_height
2021,Steffon Mitchell,Boston College,50577,6-8,"6'8""",80.0,78.42,"6'6""",-1.58,plays_shorter,78.42,"6'6""",-1.58,plays_shorter
2021,Jordan Whitfield,Campbell,50585,6-1,"6'1""",73.0,74.76,"6'3""",1.76,plays_taller,74.76,"6'3""",1.76,plays_taller
2021,Phlandrous Fleming Jr.,Charleston Southern,50586,6-4,"6'4""",76.0,78.21,"6'6""",2.21,plays_taller,78.21,"6'6""",2.21,plays_taller
2021,Jaheam Cornwall,Gardner Webb,50587,6-0,"6'0""",72.0,74.5,"6'2""",2.5,plays_taller,74.5,"6'2""",2.5,plays_taller
2021,Dajour Dickens,Hampton,50588,7-0,"7'0""",84.0,83.39,"6'11""",-0.61,plays_at_height,83.39,"6'11""",-0.61,plays_at_height
2021,Paul Scruggs,Xavier,50589,6-4,"6'4""",76.0,77.04,"6'5""",1.04,plays_taller,77.04,"6'5""",1.04,plays_taller
2021,Greg Elliott,Marquette,50590,6-3,"6'3""",75.0,75.49,"6'3""",0.49,plays_at_height,75.49,"6'3""",0.49,plays_at_height
2021,Theo John,Marquette,50593,6-9,"6'9""",81.0,80.82,"6'9""",-0.18,plays_at_height,80.82,"6'9""",-0.18,plays_at_height
2021,Makai Ashton-Langford,Boston College,50594,6-3,"6'3""",75.0,76.81,"6'5""",1.81,plays_taller,76.81,"6'5""",1.81,plays_taller
2021,Jamal Cain,Marquette,50596,6-7,"6'7""",79.0,78.13,"6'6""",-0.87,plays_shorter,78.13,"6'6""",-0.87,plays_shorter
2021,Nate Watson,Providence,50597,6-10,"6'10""",82.0,80.75,"6'9""",-1.25,plays_shorter,80.75,"6'9""",-1.25,plays_shorter
2021,Jack Ballantyne,LIU,50598,6-9,"6'9""",81.0,77.24,"6'5""",-3.76,plays_shorter,77.24,"6'5""",-3.76,plays_shorter
2021,Jermaine Jackson Jr.,LIU,50600,5-10,"5'10""",70.0,73.93,"6'2""",3.93,plays_taller,73.93,"6'2""",3.93,plays_taller
2021,Marek Dolezaj,Syracuse,50609,6-10,"6'10""",82.0,78.72,"6'7""",-3.28,plays_shorter,78.72,"6'7""",-3.28,plays_shorter
2021,Javante McCoy,Boston University,50616,6-5,"6'5""",77.0,76.75,"6'5""",-0.25,plays_at_height,76.75,"6'5""",-0.25,plays_at_height
2021,Sukhmail Mathon,Boston University,50617,6-10,"6'10""",82.0,80.67,"6'9""",-1.33,plays_shorter,80.67,"6'9""",-1.33,plays_shorter
2021,Walter Whyte,Boston University,50619,6-6,"6'6""",78.0,78.67,"6'7""",0.67,plays_at_height,78.67,"6'7""",0.67,plays_at_height
2021,Paul Newman,Bucknell,50623,6-9,"6'9""",81.0,79.76,"6'8""",-1.24,plays_shorter,79.76,"6'8""",-1.24,plays_shorter
2021,Jimmy Sotos,Ohio St.,50624,6-3,"6'3""",75.0,74.72,"6'3""",-0.28,plays_at_height,74.72,"6'3""",-0.28,plays_at_height
2021,Connor McCaffery,Iowa,50631,6-5,"6'5""",77.0,75.39,"6'3""",-1.61,plays_shorter,75.39,"6'3""",-1.61,plays_shorter
2021,Jase Febres,Texas,50639,6-5,"6'5""",77.0,76.1,"6'4""",-0.9,plays_shorter,76.1,"6'4""",-0.9,plays_shorter
2021,Marquis Godwin,Hampton,50642,6-5,"6'5""",77.0,74.15,"6'2""",-2.85,plays_shorter,74.15,"6'2""",-2.85,plays_shorter
2021,Zach Jacobs,James Madison,50646,6-8,"6'8""",80.0,77.95,"6'6""",-2.05,plays_shorter,77.95,"6'6""",-2.05,plays_shorter
2021,Zach Cooks,NJIT,50648,5-10,"5'10""",70.0,75.49,"6'3""",5.49,plays_taller,75.49,"6'3""",5.49,plays_taller
2021,Amorie Archibald,Louisiana Tech,50657,6-3,"6'3""",75.0,75.81,"6'4""",0.81,plays_taller,75.81,"6'4""",0.81,plays_taller
2021,Exavian Christon,Louisiana Tech,50660,6-4,"6'4""",76.0,76.0,"6'4""",-0.0,plays_at_height,76.0,"6'4""",-0.0,plays_at_height
2021,Rayshawn Neal,South Carolina St.,50661,5-10,"5'10""",70.0,75.17,"6'3""",5.17,plays_taller,75.17,"6'3""",5.17,plays_taller
2021,Trent Frazier,Illinois,50663,6-2,"6'2""",74.0,75.59,"6'4""",1.59,plays_taller,75.59,"6'4""",1.59,plays_taller
2021,Ricky Nelson,UT Rio Grande Valley,50666,6-1,"6'1""",73.0,75.47,"6'3""",2.47,plays_taller,75.47,"6'3""",2.47,plays_taller
2021,Michal Kozak,Weber St.,50671,6-8,"6'8""",80.0,78.1,"6'6""",-1.9,plays_shorter,78.1,"6'6""",-1.9,plays_shorter
2021,Cedrick Alley Jr.,UTSA,50679,6-6,"6'6""",78.0,77.52,"6'6""",-0.48,plays_at_height,77.52,"6'6""",-0.48,plays_at_height
2021,Ethan Chargois,SMU,50682,6-9,"6'9""",81.0,78.12,"6'6""",-2.88,plays_shorter,78.12,"6'6""",-2.88,plays_shorter
2021,William Douglas,SMU,50683,6-5,"6'5""",77.0,76.09,"6'4""",-0.91,plays_shorter,76.09,"6'4""",-0.91,plays_shorter
2021,Fabian White Jr.,Houston,50685,6-8,"6'8""",80.0,81.43,"6'9""",1.43,plays_taller,81.43,"6'9""",1.43,plays_taller
2021,Elijah Cuffee,Liberty,50686,6-4,"6'4""",76.0,76.03,"6'4""",0.03,plays_at_height,76.03,"6'4""",0.03,plays_at_height
2021,Keegan McDowell,Liberty,50688,6-6,"6'6""",78.0,75.53,"6'4""",-2.47,plays_shorter,75.53,"6'4""",-2.47,plays_shorter
2021,Justyn Mutts,Virginia Tech,50689,6-7,"6'7""",79.0,79.82,"6'8""",0.82,plays_taller,79.82,"6'8""",0.82,plays_taller
2021,Denny Slay II,High Point,50692,5-11,"5'11""",71.0,74.29,"6'2""",3.29,plays_taller,74.29,"6'2""",3.29,plays_taller
2021,Victor Enoh,Marist,50699,6-7,"6'7""",79.0,79.4,"6'7""",0.4,plays_at_height,79.4,"6'7""",0.4,plays_at_height
2021,Jamal Johnson,Auburn,50709,6-4,"6'4""",76.0,74.35,"6'2""",-1.65,plays_shorter,74.35,"6'2""",-1.65,plays_shorter
2021,Daniel Akin,UMBC,50718,6-9,"6'9""",81.0,80.82,"6'9""",-0.18,plays_at_height,80.82,"6'9""",-0.18,plays_at_height
2021,Brandon Horvath,UMBC,50719,6-10,"6'10""",82.0,79.01,"6'7""",-2.99,plays_shorter,79.01,"6'7""",-2.99,plays_shorter
2021,Asbjorn Midtgaard,Grand Canyon,50723,7-0,"7'0""",84.0,82.8,"6'11""",-1.2,plays_shorter,82.8,"6'11""",-1.2,plays_shorter
2021,Jacob Gilyard,Richmond,50729,5-9,"5'9""",69.0,75.36,"6'3""",6.36,plays_taller,75.36,"6'3""",6.36,plays_taller
2021,Stacy Beckton Jr.,American,50733,6-4,"6'4""",76.0,76.43,"6'4""",0.43,plays_at_height,76.43,"6'4""",0.43,plays_at_height
2021,Taylor Funk,Saint Joseph's,50749,6-8,"6'8""",80.0,78.22,"6'6""",-1.78,plays_shorter,78.22,"6'6""",-1.78,plays_shorter
2021,Rocky Kreuser,North Dakota St.,50754,6-10,"6'10""",82.0,79.52,"6'8""",-2.48,plays_shorter,79.52,"6'8""",-2.48,plays_shorter
2021,Noah Frederking,Evansville,50763,6-4,"6'4""",76.0,74.89,"6'3""",-1.11,plays_shorter,74.89,"6'3""",-1.11,plays_shorter
2021,Hunter Maldonado,Wyoming,50768,6-7,"6'7""",79.0,77.89,"6'6""",-1.11,plays_shorter,77.89,"6'6""",-1.11,plays_shorter
2021,Rylan Bergersen,Central Arkansas,50770,6-6,"6'6""",78.0,76.31,"6'4""",-1.69,plays_shorter,76.31,"6'4""",-1.69,plays_shorter
2021,Brock Miller,Utah St.,50773,6-5,"6'5""",77.0,75.31,"6'3""",-1.69,plays_shorter,75.31,"6'3""",-1.69,plays_shorter
2021,Dwight Wilson III,Ohio,50779,6-8,"6'8""",80.0,80.03,"6'8""",0.03,plays_at_height,80.03,"6'8""",0.03,plays_at_height
2021,Mark Flagg,Saint Francis,50780,6-9,"6'9""",81.0,79.87,"6'8""",-1.13,plays_shorter,79.87,"6'8""",-1.13,plays_shorter
2021,Noah Horchler,Providence,50782,6-8,"6'8""",80.0,79.21,"6'7""",-0.79,plays_shorter,79.21,"6'7""",-0.79,plays_shorter
2021,Chauncey Hawkins,St. Francis NY,50783,5-8,"5'8""",68.0,74.74,"6'3""",6.74,plays_taller,74.74,"6'3""",6.74,plays_taller
2021,Yaradyah Evans,St. Francis NY,50784,6-6,"6'6""",78.0,79.88,"6'8""",1.88,plays_taller,79.88,"6'8""",1.88,plays_taller
2021,Jalen Jordan,Middle Tennessee,50785,6-3,"6'3""",75.0,75.72,"6'4""",0.72,plays_at_height,75.72,"6'4""",0.72,plays_at_height
2021,Justyn Hamilton,Kent St.,50795,6-11,"6'11""",83.0,80.64,"6'9""",-2.36,plays_shorter,80.64,"6'9""",-2.36,plays_shorter
2021,De'Vondre Perry,Temple,50796,6-7,"6'7""",79.0,77.79,"6'6""",-1.21,plays_shorter,77.79,"6'6""",-1.21,plays_shorter
2021,Caleb Daniels,Villanova,50797,6-4,"6'4""",76.0,75.73,"6'4""",-0.27,plays_at_height,75.73,"6'4""",-0.27,plays_at_height
2021,David Collins,South Florida,50798,6-4,"6'4""",76.0,76.87,"6'5""",0.87,plays_taller,76.87,"6'5""",0.87,plays_taller
2021,Justin Brown,South Florida,50799,6-6,"6'6""",78.0,74.65,"6'3""",-3.35,plays_shorter,74.65,"6'3""",-3.35,plays_shorter
2021,J.P. Moorman II,Temple,50801,6-7,"6'7""",79.0,77.55,"6'6""",-1.45,plays_shorter,77.55,"6'6""",-1.45,plays_shorter
2021,Buay Koka,Detroit Mercy,50803,7-1,"7'1""",85.0,80.12,"6'8""",-4.88,plays_shorter,80.12,"6'8""",-4.88,plays_shorter
2021,Cameron Benford,Purdue Fort Wayne,50804,6-8,"6'8""",80.0,77.24,"6'5""",-2.76,plays_shorter,77.24,"6'5""",-2.76,plays_shorter
2021,Jordan McKenzie,Stony Brook,50812,6-1,"6'1""",73.0,75.04,"6'3""",2.04,plays_taller,75.04,"6'3""",2.04,plays_taller
2021,Ebube Ebube,Manhattan,50815,6-7,"6'7""",79.0,78.76,"6'7""",-0.24,plays_at_height,78.76,"6'7""",-0.24,plays_at_height
2021,Scott Hitchon,Canisius,50816,6-8,"6'8""",80.0,74.57,"6'3""",-5.43,plays_shorter,74.57,"6'3""",-5.43,plays_shorter
2021,Justin Roberts,Georgia St.,50821,6-0,"6'0""",72.0,75.01,"6'3""",3.01,plays_taller,75.01,"6'3""",3.01,plays_taller
2021,Nathan Cayo,Richmond,50823,6-7,"6'7""",79.0,77.65,"6'6""",-1.35,plays_shorter,77.65,"6'6""",-1.35,plays_shorter
2021,Braxton Beverly,N.C. State,50825,6-0,"6'0""",72.0,74.27,"6'2""",2.27,plays_taller,74.27,"6'2""",2.27,plays_taller
2021,E.J. Stephens,Lafayette,50827,6-3,"6'3""",75.0,76.58,"6'5""",1.58,plays_taller,76.58,"6'5""",1.58,plays_taller
2021,James Karnik,Boston College,50830,6-9,"6'9""",81.0,79.29,"6'7""",-1.71,plays_shorter,79.29,"6'7""",-1.71,plays_shorter
2021,Marques Wilson,Lehigh,50831,6-4,"6'4""",76.0,75.64,"6'4""",-0.36,plays_at_height,75.64,"6'4""",-0.36,plays_at_height
2021,Isaiah Hart,Loyola MD,50833,5-11,"5'11""",71.0,73.99,"6'2""",2.99,plays_taller,73.99,"6'2""",2.99,plays_taller
2021,Brent Holcombe,Loyola MD,50834,6-8,"6'8""",80.0,78.58,"6'7""",-1.42,plays_shorter,78.58,"6'7""",-1.42,plays_shorter
2021,Luke Johnson,Loyola MD,50835,6-3,"6'3""",75.0,76.31,"6'4""",1.31,plays_taller,76.31,"6'4""",1.31,plays_taller
2021,Devin Gilmore,Murray St.,50836,6-6,"6'6""",78.0,80.21,"6'8""",2.21,plays_taller,80.21,"6'8""",2.21,plays_taller
2021,Myles Douglas,Saint Joseph's,50839,6-7,"6'7""",79.0,74.68,"6'3""",-4.32,plays_shorter,74.68,"6'3""",-4.32,plays_shorter
2021,Tristan Jarrett,Jackson St.,50843,6-4,"6'4""",76.0,76.7,"6'5""",0.7,plays_at_height,76.7,"6'5""",0.7,plays_at_height
2021,Felipe Haase,Mercer,50851,6-9,"6'9""",81.0,77.28,"6'5""",-3.72,plays_shorter,77.28,"6'5""",-3.72,plays_shorter
2021,Andrew Petcash,Boston University,50852,6-4,"6'4""",76.0,72.66,"6'1""",-3.34,plays_shorter,72.66,"6'1""",-3.34,plays_shorter
2021,David Beatty,La Salle,50855,6-2,"6'2""",74.0,75.68,"6'4""",1.68,plays_taller,75.68,"6'4""",1.68,plays_taller
2021,Hugh Baxter,UC San Diego,50856,6-8,"6'8""",80.0,75.73,"6'4""",-4.27,plays_shorter,75.73,"6'4""",-4.27,plays_shorter
2021,Hasahn French,Saint Louis,50860,6-7,"6'7""",79.0,81.82,"6'10""",2.82,plays_taller,81.82,"6'10""",2.82,plays_taller
2021,Dwayne Rose Jr.,Detroit Mercy,50866,6-4,"6'4""",76.0,76.53,"6'5""",0.53,plays_at_height,76.53,"6'5""",0.53,plays_at_height
2021,Mitch Ballock,Creighton,50869,6-5,"6'5""",77.0,75.97,"6'4""",-1.03,plays_shorter,75.97,"6'4""",-1.03,plays_shorter
2021,Marcus Shaver Jr.,Boise St.,50870,6-2,"6'2""",74.0,76.96,"6'5""",2.96,plays_taller,76.96,"6'5""",2.96,plays_taller
2021,Sam Iorio,South Alabama,50878,6-7,"6'7""",79.0,77.33,"6'5""",-1.67,plays_shorter,77.33,"6'5""",-1.67,plays_shorter
2021,"James Baker, Jr.",Morehead St.,50879,6-6,"6'6""",78.0,79.12,"6'7""",1.12,plays_taller,79.12,"6'7""",1.12,plays_taller
2021,De'Von Cooper,Morehead St.,50880,6-4,"6'4""",76.0,77.44,"6'5""",1.44,plays_taller,77.44,"6'5""",1.44,plays_taller
2021,Caleb Hollander,Belmont,50885,6-8,"6'8""",80.0,77.68,"6'6""",-2.32,plays_shorter,77.68,"6'6""",-2.32,plays_shorter
2021,Grayson Murphy,Belmont,50886,6-2,"6'2""",74.0,78.41,"6'6""",4.41,plays_taller,78.41,"6'6""",4.41,plays_taller
2021,Nigel Jackson,Wagner,50888,6-7,"6'7""",79.0,75.19,"6'3""",-3.81,plays_shorter,75.19,"6'3""",-3.81,plays_shorter
2021,JacQuess Hobbs,Eastern Kentucky,50893,6-2,"6'2""",74.0,75.53,"6'4""",1.53,plays_taller,75.53,"6'4""",1.53,plays_taller
2021,Greg Jones,Lipscomb,50894,6-3,"6'3""",75.0,73.73,"6'2""",-1.27,plays_shorter,73.73,"6'2""",-1.27,plays_shorter
2021,Parker Hazen,Lipscomb,50897,6-8,"6'8""",80.0,79.19,"6'7""",-0.81,plays_shorter,79.19,"6'7""",-0.81,plays_shorter
2021,Marten Linssen,Saint Louis,50899,6-8,"6'8""",80.0,79.47,"6'7""",-0.53,plays_at_height,79.47,"6'7""",-0.53,plays_at_height
2021,Mileek McMillan,Valparaiso,50901,6-8,"6'8""",80.0,75.36,"6'3""",-4.64,plays_shorter,75.36,"6'3""",-4.64,plays_shorter
2021,Taavi Jurkatamm,San Francisco,50904,6-9,"6'9""",81.0,77.65,"6'6""",-3.35,plays_shorter,77.65,"6'6""",-3.35,plays_shorter
2021,Clyde Trapp,Clemson,50906,6-4,"6'4""",76.0,78.34,"6'6""",2.34,plays_taller,78.34,"6'6""",2.34,plays_taller
2021,Darien Jackson,Tulsa,50907,6-3,"6'3""",75.0,78.54,"6'7""",3.54,plays_taller,78.54,"6'7""",3.54,plays_taller
2021,Elijah Joiner,Tulsa,50908,6-3,"6'3""",75.0,76.37,"6'4""",1.37,plays_taller,76.37,"6'4""",1.37,plays_taller
2021,Shakwon Barrett,Tennessee St.,50909,6-5,"6'5""",77.0,75.31,"6'3""",-1.69,plays_shorter,75.31,"6'3""",-1.69,plays_shorter
2021,A.J. Oliver II,Old Dominion,50911,6-5,"6'5""",77.0,76.66,"6'5""",-0.34,plays_at_height,76.66,"6'5""",-0.34,plays_at_height
2021,Stanley Umude,South Dakota,50918,6-6,"6'6""",78.0,78.17,"6'6""",0.17,plays_at_height,78.17,"6'6""",0.17,plays_at_height
2021,Jordan Schakel,San Diego St.,50924,6-6,"6'6""",78.0,76.1,"6'4""",-1.9,plays_shorter,76.1,"6'4""",-1.9,plays_shorter
2021,Clifton Moore,La Salle,50927,6-10,"6'10""",82.0,79.9,"6'8""",-2.1,plays_shorter,79.9,"6'8""",-2.1,plays_shorter
2021,Justin Smith,Arkansas,50933,6-7,"6'7""",79.0,80.74,"6'9""",1.74,plays_taller,80.74,"6'9""",1.74,plays_taller
2021,Aljami Durham,Indiana,50934,6-4,"6'4""",76.0,75.02,"6'3""",-0.98,plays_shorter,75.02,"6'3""",-0.98,plays_shorter
2021,Brandon Rachal,Tulsa,50937,6-6,"6'6""",78.0,79.61,"6'8""",1.61,plays_taller,79.61,"6'8""",1.61,plays_taller
2021,Justin Jaworski,Lafayette,50938,6-3,"6'3""",75.0,74.6,"6'3""",-0.4,plays_at_height,74.6,"6'3""",-0.4,plays_at_height
2021,Noah Baumann,USC,50939,6-6,"6'6""",78.0,75.02,"6'3""",-2.98,plays_shorter,75.02,"6'3""",-2.98,plays_shorter
2021,Caleb Green,Fairfield,50941,5-10,"5'10""",70.0,74.12,"6'2""",4.12,plays_taller,74.12,"6'2""",4.12,plays_taller
2021,Jacob Grandison,Illinois,50942,6-6,"6'6""",78.0,78.79,"6'7""",0.79,plays_taller,78.79,"6'7""",0.79,plays_taller
2021,Matt Faw,Holy Cross,50943,6-9,"6'9""",81.0,79.34,"6'7""",-1.66,plays_shorter,79.34,"6'7""",-1.66,plays_shorter
2021,Austin Butler,Holy Cross,50945,6-5,"6'5""",77.0,78.47,"6'6""",1.47,plays_taller,78.47,"6'6""",1.47,plays_taller
2021,Jermaine Samuels,Villanova,50948,6-7,"6'7""",79.0,79.15,"6'7""",0.15,plays_at_height,79.15,"6'7""",0.15,plays_at_height
2021,Caleb Simmons,San Jose St.,50956,6-6,"6'6""",78.0,75.87,"6'4""",-2.13,plays_shorter,75.87,"6'4""",-2.13,plays_shorter
2021,Cameron Christon,Grambling St.,50957,6-6,"6'6""",78.0,77.8,"6'6""",-0.2,plays_at_height,77.8,"6'6""",-0.2,plays_at_height
2021,Matt Halvorsen,Western Carolina,50960,6-1,"6'1""",73.0,73.76,"6'2""",0.76,plays_taller,73.76,"6'2""",0.76,plays_taller
2021,Alfis Pilavios,Old Dominion,50966,6-5,"6'5""",77.0,75.43,"6'3""",-1.57,plays_shorter,75.43,"6'3""",-1.57,plays_shorter
2021,Jordan Burns,Colgate,50970,6-0,"6'0""",72.0,75.45,"6'3""",3.45,plays_taller,75.45,"6'3""",3.45,plays_taller
2021,Michael Diggins,Illinois Chicago,50980,6-8,"6'8""",80.0,78.41,"6'6""",-1.59,plays_shorter,78.41,"6'6""",-1.59,plays_shorter
2021,Dominik Fragala,Delaware St.,50986,6-0,"6'0""",72.0,74.03,"6'2""",2.03,plays_taller,74.03,"6'2""",2.03,plays_taller
2021,Deion Hammond,Monmouth,50987,6-4,"6'4""",76.0,76.6,"6'5""",0.6,plays_at_height,76.6,"6'5""",0.6,plays_at_height
2021,Marcus McClary,Monmouth,50988,6-3,"6'3""",75.0,77.23,"6'5""",2.23,plays_taller,77.23,"6'5""",2.23,plays_taller
2021,Manny Camper,Siena,50989,6-7,"6'7""",79.0,78.79,"6'7""",-0.21,plays_at_height,78.79,"6'7""",-0.21,plays_at_height
2021,Greg Kuakumensah,Niagara,50991,6-6,"6'6""",78.0,78.74,"6'7""",0.74,plays_at_height,78.74,"6'7""",0.74,plays_at_height
2021,Prince Oduro,South Florida,50993,6-8,"6'8""",80.0,78.14,"6'6""",-1.86,plays_shorter,78.14,"6'6""",-1.86,plays_shorter
2021,Roman Penn,Drake,50994,6-0,"6'0""",72.0,75.77,"6'4""",3.77,plays_taller,75.77,"6'4""",3.77,plays_taller
2021,Lewis Djonkam,Radford,51000,6-9,"6'9""",81.0,79.25,"6'7""",-1.75,plays_shorter,79.25,"6'7""",-1.75,plays_shorter
2021,Anthony Duruji,Florida,51001,6-7,"6'7""",79.0,79.03,"6'7""",0.03,plays_at_height,79.03,"6'7""",0.03,plays_at_height
2021,Jarrod West,Marshall,51002,5-11,"5'11""",71.0,74.91,"6'3""",3.91,plays_taller,74.91,"6'3""",3.91,plays_taller
2021,Darius George,Marshall,51003,6-7,"6'7""",79.0,78.91,"6'7""",-0.09,plays_at_height,78.91,"6'7""",-0.09,plays_at_height
2021,David Jenkins Jr.,UNLV,51013,6-2,"6'2""",74.0,73.72,"6'2""",-0.28,plays_at_height,73.72,"6'2""",-0.28,plays_at_height
2021,Mason Green,Tennessee St.,51020,6-10,"6'10""",82.0,80.34,"6'8""",-1.66,plays_shorter,80.34,"6'8""",-1.66,plays_shorter
2021,Hayden Brown,The Citadel,51021,6-5,"6'5""",77.0,79.85,"6'8""",2.85,plays_taller,79.85,"6'8""",2.85,plays_taller
2021,Bo Hodges,Butler,51022,6-5,"6'5""",77.0,78.71,"6'7""",1.71,plays_taller,78.71,"6'7""",1.71,plays_taller
2021,Derek Webster Jr.,The Citadel,51024,6-4,"6'4""",76.0,78.41,"6'6""",2.41,plays_taller,78.41,"6'6""",2.41,plays_taller
2021,Mladen Armus,Boise St.,51025,6-10,"6'10""",82.0,80.98,"6'9""",-1.02,plays_shorter,80.98,"6'9""",-1.02,plays_shorter
2021,Dre Marin,Southern Utah,51035,6-0,"6'0""",72.0,75.41,"6'3""",3.41,plays_taller,75.41,"6'3""",3.41,plays_taller
2021,Tyler Polley,Connecticut,51039,6-9,"6'9""",81.0,74.95,"6'3""",-6.05,plays_shorter,74.95,"6'3""",-6.05,plays_shorter
2021,Eliel Nsoseme,Georgia St.,51040,6-9,"6'9""",81.0,81.84,"6'10""",0.84,plays_taller,81.84,"6'10""",0.84,plays_taller
2021,Lance Thomas,Memphis,51041,6-9,"6'9""",81.0,80.14,"6'8""",-0.86,plays_shorter,80.14,"6'8""",-0.86,plays_shorter
2021,Darius Perry,UCF,51042,6-2,"6'2""",74.0,76.08,"6'4""",2.08,plays_taller,76.08,"6'4""",2.08,plays_taller
2021,Trevor Moore,Morgan St.,51043,6-5,"6'5""",77.0,74.87,"6'3""",-2.13,plays_shorter,74.87,"6'3""",-2.13,plays_shorter
2021,Greg Parham,VMI,51047,6-4,"6'4""",76.0,75.17,"6'3""",-0.83,plays_shorter,75.17,"6'3""",-0.83,plays_shorter
2021,Bubba Parham,Georgia Tech,51048,5-10,"5'10""",70.0,75.04,"6'3""",5.04,plays_taller,75.04,"6'3""",5.04,plays_taller
2021,Corey Kispert,Gonzaga,51050,6-7,"6'7""",79.0,78.29,"6'6""",-0.71,plays_at_height,78.29,"6'6""",-0.71,plays_at_height
2021,Avery Diggs,UCF,51053,6-11,"6'11""",83.0,77.85,"6'6""",-5.15,plays_shorter,77.85,"6'6""",-5.15,plays_shorter
2021,Jordan Goodwin,Saint Louis,51054,6-3,"6'3""",75.0,79.87,"6'8""",4.87,plays_taller,79.87,"6'8""",4.87,plays_taller
2021,Avery Sullivan,Lamar,51058,6-8,"6'8""",80.0,78.81,"6'7""",-1.19,plays_shorter,78.81,"6'7""",-1.19,plays_shorter
2021,Shelby Adams,Texas St.,51061,6-3,"6'3""",75.0,76.4,"6'4""",1.4,plays_taller,76.4,"6'4""",1.4,plays_taller
2021,Reggie Miller,Abilene Christian,51063,6-0,"6'0""",72.0,77.06,"6'5""",5.06,plays_taller,77.06,"6'5""",5.06,plays_taller
2021,Elijah Childs,Bradley,51067,6-8,"6'8""",80.0,80.12,"6'8""",0.12,plays_at_height,80.12,"6'8""",0.12,plays_at_height
2021,Matt Mitchell,San Diego St.,51069,6-6,"6'6""",78.0,78.8,"6'7""",0.8,plays_taller,78.8,"6'7""",0.8,plays_taller
2021,PJ Pipes,Green Bay,51072,6-2,"6'2""",74.0,75.08,"6'3""",1.08,plays_taller,75.08,"6'3""",1.08,plays_taller
2021,Devontae Shuler,Mississippi,51075,6-2,"6'2""",74.0,76.04,"6'4""",2.04,plays_taller,76.04,"6'4""",2.04,plays_taller
2021,Matt Haarms,BYU,51076,7-3,"7'3""",87.0,81.53,"6'10""",-5.47,plays_shorter,81.53,"6'10""",-5.47,plays_shorter
2021,Geo Baker,Rutgers,51078,6-4,"6'4""",76.0,76.17,"6'4""",0.17,plays_at_height,76.17,"6'4""",0.17,plays_at_height
2021,Trent Buttrick,Penn St.,51081,6-8,"6'8""",80.0,78.77,"6'7""",-1.23,plays_shorter,78.77,"6'7""",-1.23,plays_shorter
2021,Jahlil Jenkins,Fairleigh Dickinson,51091,6-0,"6'0""",72.0,73.68,"6'2""",1.68,plays_taller,73.68,"6'2""",1.68,plays_taller
2021,Nigel Shadd,Pacific,51094,6-9,"6'9""",81.0,77.95,"6'6""",-3.05,plays_shorter,77.95,"6'6""",-3.05,plays_shorter
2021,Colbey Ross,Pepperdine,51096,6-1,"6'1""",73.0,75.62,"6'4""",2.62,plays_taller,75.62,"6'4""",2.62,plays_taller
2021,Ledarrius Brewer,East Tennessee St.,51100,6-5,"6'5""",77.0,77.75,"6'6""",0.75,plays_taller,77.75,"6'6""",0.75,plays_taller
2021,Iziah James,SIU Edwardsville,51102,6-0,"6'0""",72.0,74.57,"6'3""",2.57,plays_taller,74.57,"6'3""",2.57,plays_taller
2021,Cedric Russell,Louisiana,51103,6-2,"6'2""",74.0,74.31,"6'2""",0.31,plays_at_height,74.31,"6'2""",0.31,plays_at_height
2021,Zack Bryant,Georgia Southern,51106,6-2,"6'2""",74.0,77.05,"6'5""",3.05,plays_taller,77.05,"6'5""",3.05,plays_taller
2021,Malik Osborne,Florida St.,51107,6-9,"6'9""",81.0,78.59,"6'7""",-2.41,plays_shorter,78.59,"6'7""",-2.41,plays_shorter
2021,Kris Bankston,Little Rock,51114,6-8,"6'8""",80.0,77.78,"6'6""",-2.22,plays_shorter,77.78,"6'6""",-2.22,plays_shorter
2021,Remy Martin,Arizona St.,51115,6-0,"6'0""",72.0,76.08,"6'4""",4.08,plays_taller,76.08,"6'4""",4.08,plays_taller
2021,Tyler Maye,North Carolina A&T,51116,6-1,"6'1""",73.0,75.8,"6'4""",2.8,plays_taller,75.8,"6'4""",2.8,plays_taller
2021,Justin Whatley,North Carolina Central,51118,6-8,"6'8""",80.0,77.64,"6'6""",-2.36,plays_shorter,77.64,"6'6""",-2.36,plays_shorter
2021,Kaiden Rice,The Citadel,51123,6-7,"6'7""",79.0,75.63,"6'4""",-3.37,plays_shorter,75.63,"6'4""",-3.37,plays_shorter
2021,Umoja Gibson,Oklahoma,51125,6-1,"6'1""",73.0,75.13,"6'3""",2.13,plays_taller,75.13,"6'3""",2.13,plays_taller
2021,Tariq Simmons,South Carolina St.,51132,6-2,"6'2""",74.0,74.38,"6'2""",0.38,plays_at_height,74.38,"6'2""",0.38,plays_at_height
2021,Koby Thomas,Coppin St.,51144,6-6,"6'6""",78.0,78.39,"6'6""",0.39,plays_at_height,78.39,"6'6""",0.39,plays_at_height
2021,Myles Lewis,VMI,51152,6-5,"6'5""",77.0,79.83,"6'8""",2.83,plays_taller,79.83,"6'8""",2.83,plays_taller
2021,Yves Pons,Tennessee,51154,6-6,"6'6""",78.0,81.27,"6'9""",3.27,plays_taller,81.27,"6'9""",3.27,plays_taller
2021,Justin Minaya,South Carolina,51155,6-6,"6'6""",78.0,78.23,"6'6""",0.23,plays_at_height,78.23,"6'6""",0.23,plays_at_height
2021,Charles Bain,Robert Morris,51157,6-8,"6'8""",80.0,76.24,"6'4""",-3.76,plays_shorter,76.24,"6'4""",-3.76,plays_shorter
2021,Keaton Van Soelen,Air Force,51158,6-7,"6'7""",79.0,78.24,"6'6""",-0.76,plays_shorter,78.24,"6'6""",-0.76,plays_shorter
2021,Keaton Wallace,UTSA,51165,6-3,"6'3""",75.0,76.58,"6'5""",1.58,plays_taller,76.58,"6'5""",1.58,plays_taller
2021,Souley Boum,UTEP,51170,6-3,"6'3""",75.0,75.07,"6'3""",0.07,plays_at_height,75.07,"6'3""",0.07,plays_at_height
2021,Bates Jones,Davidson,51179,6-8,"6'8""",80.0,76.38,"6'4""",-3.62,plays_shorter,76.38,"6'4""",-3.62,plays_shorter
2021,Kellan Grady,Davidson,51180,6-5,"6'5""",77.0,76.91,"6'5""",-0.09,plays_at_height,76.91,"6'5""",-0.09,plays_at_height
2021,Derrick Walker,Nebraska,51181,6-8,"6'8""",80.0,80.08,"6'8""",0.08,plays_at_height,80.08,"6'8""",0.08,plays_at_height
2021,Zach Kent,Delaware St.,51183,6-10,"6'10""",82.0,77.09,"6'5""",-4.91,plays_shorter,77.09,"6'5""",-4.91,plays_shorter
2021,Jeremiah Tilmon,Missouri,51187,6-10,"6'10""",82.0,82.56,"6'11""",0.56,plays_at_height,82.56,"6'11""",0.56,plays_at_height
2021,Omar Habwe,Stony Brook,51205,6-6,"6'6""",78.0,77.53,"6'6""",-0.47,plays_at_height,77.53,"6'6""",-0.47,plays_at_height
2021,Charles Falden,Winthrop,51211,6-3,"6'3""",75.0,76.07,"6'4""",1.07,plays_taller,76.07,"6'4""",1.07,plays_taller
2021,Kyle Zunic,Winthrop,51212,6-2,"6'2""",74.0,75.42,"6'3""",1.42,plays_taller,75.42,"6'3""",1.42,plays_taller
2021,DeAndre Jones,Central Arkansas,51219,5-11,"5'11""",71.0,74.21,"6'2""",3.21,plays_taller,74.21,"6'2""",3.21,plays_taller
2021,Ian DuBose,Wake Forest,51220,6-4,"6'4""",76.0,78.17,"6'6""",2.17,plays_taller,78.17,"6'6""",2.17,plays_taller
2021,Philip McKenzie,Houston Christian,51221,6-5,"6'5""",77.0,78.89,"6'7""",1.89,plays_taller,78.89,"6'7""",1.89,plays_taller
2021,Hayden Koval,UNC Greensboro,51225,7-1,"7'1""",85.0,81.79,"6'10""",-3.21,plays_shorter,81.79,"6'10""",-3.21,plays_shorter
2021,Mike Okauru,UNC Wilmington,51234,6-3,"6'3""",75.0,77.04,"6'5""",2.04,plays_taller,77.04,"6'5""",2.04,plays_taller
2021,Isaac Kante,Hofstra,51238,6-7,"6'7""",79.0,79.61,"6'8""",0.61,plays_at_height,79.61,"6'8""",0.61,plays_at_height
2021,Jay Jay Chandler,Texas A&M,51239,6-4,"6'4""",76.0,76.05,"6'4""",0.05,plays_at_height,76.05,"6'4""",0.05,plays_at_height
2021,TJ Starks,Cal St. Northridge,51240,6-2,"6'2""",74.0,75.76,"6'4""",1.76,plays_taller,75.76,"6'4""",1.76,plays_taller
2021,Kene Chukwuka,Pepperdine,51241,6-9,"6'9""",81.0,78.08,"6'6""",-2.92,plays_shorter,78.08,"6'6""",-2.92,plays_shorter
2021,Mack Smith,Eastern Illinois,51242,6-2,"6'2""",74.0,75.61,"6'4""",1.61,plays_taller,75.61,"6'4""",1.61,plays_taller
2021,Antwan Walker,Rhode Island,51244,6-7,"6'7""",79.0,80.74,"6'9""",1.74,plays_taller,80.74,"6'9""",1.74,plays_taller
2021,Peyton Smith,Texas A&M Corpus Chris,51249,6-2,"6'2""",74.0,73.54,"6'2""",-0.46,plays_at_height,73.54,"6'2""",-0.46,plays_at_height
2021,Jon Williams,Robert Morris,51253,6-1,"6'1""",73.0,73.33,"6'1""",0.33,plays_at_height,73.33,"6'1""",0.33,plays_at_height
2021,Jaylon Hall,Wright St.,51262,6-5,"6'5""",77.0,76.15,"6'4""",-0.85,plays_shorter,76.15,"6'4""",-0.85,plays_shorter
2021,A.J. Caldwell,Chattanooga,51265,6-5,"6'5""",77.0,75.62,"6'4""",-1.38,plays_shorter,75.62,"6'4""",-1.38,plays_shorter
2021,Keith Williams,Cincinnati,51272,6-5,"6'5""",77.0,78.35,"6'6""",1.35,plays_taller,78.35,"6'6""",1.35,plays_taller
2021,Hunter Crist,Binghamton,51273,6-3,"6'3""",75.0,74.66,"6'3""",-0.34,plays_at_height,74.66,"6'3""",-0.34,plays_at_height
2021,Chris Joyce,Air Force,51278,6-5,"6'5""",77.0,76.12,"6'4""",-0.88,plays_shorter,76.12,"6'4""",-0.88,plays_shorter
2021,Ameka Akaya,Air Force,51279,6-6,"6'6""",78.0,76.72,"6'5""",-1.28,plays_shorter,76.72,"6'5""",-1.28,plays_shorter
2021,Mamoudou Diarra,Cincinnati,51285,6-9,"6'9""",81.0,79.01,"6'7""",-1.99,plays_shorter,79.01,"6'7""",-1.99,plays_shorter
2021,Anthony Longpre,Saint Joseph's,51288,6-10,"6'10""",82.0,77.37,"6'5""",-4.63,plays_shorter,77.37,"6'5""",-4.63,plays_shorter
2021,David Nickelberry,Buffalo,51293,6-7,"6'7""",79.0,77.06,"6'5""",-1.94,plays_shorter,77.06,"6'5""",-1.94,plays_shorter
2021,Jericho Sims,Texas,51301,6-10,"6'10""",82.0,84.01,"7'0""",2.01,plays_taller,84.01,"7'0""",2.01,plays_taller
2021,Galen Alexander,Texas Southern,51304,6-6,"6'6""",78.0,77.92,"6'6""",-0.08,plays_at_height,77.92,"6'6""",-0.08,plays_at_height
2021,Gavin Kensmil,Stephen F. Austin,51314,6-7,"6'7""",79.0,80.13,"6'8""",1.13,plays_taller,80.13,"6'8""",1.13,plays_taller
2021,Teyvion Kirk,Illinois Chicago,51317,6-4,"6'4""",76.0,77.89,"6'6""",1.89,plays_taller,77.89,"6'6""",1.89,plays_taller
2021,Isaiah Coleman-Lands,Miami OH,51319,6-0,"6'0""",72.0,75.21,"6'3""",3.21,plays_taller,75.21,"6'3""",3.21,plays_taller
2021,Jalen Adaway,St. Bonaventure,51320,6-5,"6'5""",77.0,78.89,"6'7""",1.89,plays_taller,78.89,"6'7""",1.89,plays_taller
2021,Dedric Boyd,Illinois St.,51323,6-4,"6'4""",76.0,73.74,"6'2""",-2.26,plays_shorter,73.74,"6'2""",-2.26,plays_shorter
2021,Brandon Davis,Sacramento St.,51325,6-2,"6'2""",74.0,74.77,"6'3""",0.77,plays_taller,74.77,"6'3""",0.77,plays_taller
2021,Donald Carey,Georgetown,51327,6-5,"6'5""",77.0,75.49,"6'3""",-1.51,plays_shorter,75.49,"6'3""",-1.51,plays_shorter
2021,Bobby Planutis,Purdue Fort Wayne,51329,6-8,"6'8""",80.0,76.43,"6'4""",-3.57,plays_shorter,76.43,"6'4""",-3.57,plays_shorter
2021,Cameron Corcoran,FIU,51331,6-1,"6'1""",73.0,73.32,"6'1""",0.32,plays_at_height,73.32,"6'1""",0.32,plays_at_height
2021,Jordan Cintron,Niagara,51342,6-8,"6'8""",80.0,78.71,"6'7""",-1.29,plays_shorter,78.71,"6'7""",-1.29,plays_shorter
2021,Aamir Simms,Clemson,51348,6-8,"6'8""",80.0,80.09,"6'8""",0.09,plays_at_height,80.09,"6'8""",0.09,plays_at_height
2021,Isaiah Miller,UNC Greensboro,51350,6-0,"6'0""",72.0,80.11,"6'8""",8.11,plays_taller,80.11,"6'8""",8.11,plays_taller
2021,Storm Murphy,Wofford,51352,6-0,"6'0""",72.0,74.77,"6'3""",2.77,plays_taller,74.77,"6'3""",2.77,plays_taller
2021,Marcus Thomas,Western Carolina,51354,6-3,"6'3""",75.0,75.4,"6'3""",0.4,plays_at_height,75.4,"6'3""",0.4,plays_at_height
2021,Keve Aluma,Virginia Tech,51356,6-9,"6'9""",81.0,81.23,"6'9""",0.23,plays_at_height,81.23,"6'9""",0.23,plays_at_height
2021,Tray Hollowell,Wofford,51357,6-3,"6'3""",75.0,74.89,"6'3""",-0.11,plays_at_height,74.89,"6'3""",-0.11,plays_at_height
2021,Gabe Osabuohien,West Virginia,51360,6-7,"6'7""",79.0,80.65,"6'9""",1.65,plays_taller,80.65,"6'9""",1.65,plays_taller
2021,Darious Hall,DePaul,51361,6-7,"6'7""",79.0,77.69,"6'6""",-1.31,plays_shorter,77.69,"6'6""",-1.31,plays_shorter
2021,Alex Reese,Alabama,51362,6-9,"6'9""",81.0,78.23,"6'6""",-2.77,plays_shorter,78.23,"6'6""",-2.77,plays_shorter
2021,John Petty Jr.,Alabama,51363,6-5,"6'5""",77.0,77.83,"6'6""",0.83,plays_taller,77.83,"6'6""",0.83,plays_taller
2021,Galin Smith,Maryland,51364,6-9,"6'9""",81.0,78.95,"6'7""",-2.05,plays_shorter,78.95,"6'7""",-2.05,plays_shorter
2021,Jack Ferguson,Colgate,51366,6-3,"6'3""",75.0,76.62,"6'5""",1.62,plays_taller,76.62,"6'5""",1.62,plays_taller
2021,Davion Mitchell,Baylor,51367,6-2,"6'2""",74.0,76.69,"6'5""",2.69,plays_taller,76.69,"6'5""",2.69,plays_taller
2021,Isiah Jasey,SMU,51372,6-10,"6'10""",82.0,79.28,"6'7""",-2.72,plays_shorter,79.28,"6'7""",-2.72,plays_shorter
2021,Savion Flagg,Texas A&M,51373,6-7,"6'7""",79.0,78.23,"6'6""",-0.77,plays_shorter,78.23,"6'6""",-0.77,plays_shorter
2021,Alex Hunter,Furman,51378,5-11,"5'11""",71.0,74.99,"6'3""",3.99,plays_taller,74.99,"6'3""",3.99,plays_taller
2021,Sean Mobley,UCF,51379,6-8,"6'8""",80.0,75.42,"6'3""",-4.58,plays_shorter,75.42,"6'3""",-4.58,plays_shorter
2021,Musa Jallow,Ohio St.,51383,6-5,"6'5""",77.0,78.27,"6'6""",1.27,plays_taller,78.27,"6'6""",1.27,plays_taller
2021,Royce Hamm Jr.,Texas,51387,6-9,"6'9""",81.0,79.71,"6'8""",-1.29,plays_shorter,79.71,"6'8""",-1.29,plays_shorter
2021,Obadiah Noel,UMass Lowell,51389,6-4,"6'4""",76.0,77.14,"6'5""",1.14,plays_taller,77.14,"6'5""",1.14,plays_taller
2021,Matt Coleman III,Texas,51390,6-2,"6'2""",74.0,76.41,"6'4""",2.41,plays_taller,76.41,"6'4""",2.41,plays_taller
2021,Isaiah Whaley,Connecticut,51391,6-9,"6'9""",81.0,82.3,"6'10""",1.3,plays_taller,82.3,"6'10""",1.3,plays_taller
2021,Casdon Jardine,Hawaii,51394,6-7,"6'7""",79.0,77.89,"6'6""",-1.11,plays_shorter,77.89,"6'6""",-1.11,plays_shorter
2021,Zach Reichle,Oregon St.,51400,6-5,"6'5""",77.0,76.79,"6'5""",-0.21,plays_at_height,76.79,"6'5""",-0.21,plays_at_height
2021,Ayo Akinwole,Nebraska Omaha,51402,6-0,"6'0""",72.0,75.08,"6'3""",3.08,plays_taller,75.08,"6'3""",3.08,plays_taller
2021,Matt Pile,Nebraska Omaha,51405,6-8,"6'8""",80.0,80.72,"6'9""",0.72,plays_at_height,80.72,"6'9""",0.72,plays_at_height
2021,Jordan Roberts,Long Beach St.,51408,6-9,"6'9""",81.0,76.72,"6'5""",-4.28,plays_shorter,76.72,"6'5""",-4.28,plays_shorter
2021,Troymain Crosby,Alcorn St.,51411,6-4,"6'4""",76.0,76.93,"6'5""",0.93,plays_taller,76.93,"6'5""",0.93,plays_taller
2021,Jarkel Joiner,Mississippi,51415,6-1,"6'1""",73.0,76.36,"6'4""",3.36,plays_taller,76.36,"6'4""",3.36,plays_taller
2021,Vladimir Pinchuk,San Diego,51416,6-11,"6'11""",83.0,78.89,"6'7""",-4.11,plays_shorter,78.89,"6'7""",-4.11,plays_shorter
2021,Makuach Maluach,New Mexico,51425,6-5,"6'5""",77.0,77.88,"6'6""",0.88,plays_taller,77.88,"6'6""",0.88,plays_taller
2021,Zach Gunn,Ball St.,51430,6-6,"6'6""",78.0,76.51,"6'5""",-1.49,plays_shorter,76.51,"6'5""",-1.49,plays_shorter
2021,Czar Perry,Cal St. Bakersfield,51433,6-2,"6'2""",74.0,74.94,"6'3""",0.94,plays_taller,74.94,"6'3""",0.94,plays_taller
2021,Dimitrije Spasojevic,UMBC,51437,6-8,"6'8""",80.0,77.97,"6'6""",-2.03,plays_shorter,77.97,"6'6""",-2.03,plays_shorter
2021,Josh Linder,Tennessee St.,51440,6-8,"6'8""",80.0,78.71,"6'7""",-1.29,plays_shorter,78.71,"6'7""",-1.29,plays_shorter
2021,Austin Phyfe,Northern Iowa,51443,6-9,"6'9""",81.0,79.07,"6'7""",-1.93,plays_shorter,79.07,"6'7""",-1.93,plays_shorter
2021,Cameron Krutwig,Loyola Chicago,51446,6-9,"6'9""",81.0,81.63,"6'10""",0.63,plays_at_height,81.63,"6'10""",0.63,plays_at_height
2021,Mustafa Lawrence,Norfolk St.,51448,6-0,"6'0""",72.0,74.21,"6'2""",2.21,plays_taller,74.21,"6'2""",2.21,plays_taller
2021,Tywhon Pickford,Northern Iowa,51450,6-4,"6'4""",76.0,77.04,"6'5""",1.04,plays_taller,77.04,"6'5""",1.04,plays_taller
2021,Moses Wright,Georgia Tech,51451,6-9,"6'9""",81.0,83.35,"6'11""",2.35,plays_taller,83.35,"6'11""",2.35,plays_taller
2021,Kobe Webster,Nebraska,51453,6-0,"6'0""",72.0,74.02,"6'2""",2.02,plays_taller,74.02,"6'2""",2.02,plays_taller
2021,Dylan Hastings,Lafayette,51459,6-8,"6'8""",80.0,77.65,"6'6""",-2.35,plays_shorter,77.65,"6'6""",-2.35,plays_shorter
2021,Jalon Pipkins,Purdue Fort Wayne,51460,6-4,"6'4""",76.0,76.68,"6'5""",0.68,plays_at_height,76.68,"6'5""",0.68,plays_at_height
2021,Terrell Gomez,San Diego St.,51461,5-8,"5'8""",68.0,74.15,"6'2""",6.15,plays_taller,74.15,"6'2""",6.15,plays_taller
2021,Brady Manek,Oklahoma,51462,6-9,"6'9""",81.0,77.9,"6'6""",-3.1,plays_shorter,77.9,"6'6""",-3.1,plays_shorter
2021,Hannes Polla,Tennessee Martin,51463,6-11,"6'11""",83.0,77.89,"6'6""",-5.11,plays_shorter,77.89,"6'6""",-5.11,plays_shorter
2021,Naz Bohannon,Youngstown St.,51474,6-6,"6'6""",78.0,77.64,"6'6""",-0.36,plays_at_height,77.64,"6'6""",-0.36,plays_at_height
2021,Michael Akuchie,Youngstown St.,51475,6-8,"6'8""",80.0,80.03,"6'8""",0.03,plays_at_height,80.03,"6'8""",0.03,plays_at_height
2021,R.J. Cole,Connecticut,51484,6-1,"6'1""",73.0,74.59,"6'3""",1.59,plays_taller,74.59,"6'3""",1.59,plays_taller
2021,Greg Bowie II,Northern Colorado,51487,6-2,"6'2""",74.0,73.95,"6'2""",-0.05,plays_at_height,73.95,"6'2""",-0.05,plays_at_height
2021,Aaron Nettles,Seattle,51488,6-0,"6'0""",72.0,74.15,"6'2""",2.15,plays_taller,74.15,"6'2""",2.15,plays_taller
2021,Jordan Usher,Georgia Tech,51496,6-7,"6'7""",79.0,79.08,"6'7""",0.08,plays_at_height,79.08,"6'7""",0.08,plays_at_height
2021,Chuck O'Bannon Jr.,TCU,51497,6-6,"6'6""",78.0,78.77,"6'7""",0.77,plays_taller,78.77,"6'7""",0.77,plays_taller
2021,Christiaan Jones,Stetson,51504,6-5,"6'5""",77.0,78.1,"6'6""",1.1,plays_taller,78.1,"6'6""",1.1,plays_taller
2021,Ryan Burkhardt,North Florida,51508,6-4,"6'4""",76.0,73.4,"6'1""",-2.6,plays_shorter,73.4,"6'1""",-2.6,plays_shorter
2021,Ajani Kennedy,Tennessee Martin,51522,6-9,"6'9""",81.0,77.39,"6'5""",-3.61,plays_shorter,77.39,"6'5""",-3.61,plays_shorter
2021,Tervell Beck,Kent St.,51524,6-7,"6'7""",79.0,77.7,"6'6""",-1.3,plays_shorter,77.7,"6'6""",-1.3,plays_shorter
2021,Chyree Walker,Radford,51529,6-5,"6'5""",77.0,79.65,"6'8""",2.65,plays_taller,79.65,"6'8""",2.65,plays_taller
2021,Terry Taylor,Austin Peay,51532,6-5,"6'5""",77.0,81.32,"6'9""",4.32,plays_taller,81.32,"6'9""",4.32,plays_taller
2021,Myles Smith,Texas A&M Corpus Chris,51533,6-0,"6'0""",72.0,75.88,"6'4""",3.88,plays_taller,75.88,"6'4""",3.88,plays_taller
2021,Sean Rhea,UT Rio Grande Valley,51534,6-8,"6'8""",80.0,80.02,"6'8""",0.02,plays_at_height,80.02,"6'8""",0.02,plays_at_height
2021,Kamron Reaves,Florida A&M,51540,6-2,"6'2""",74.0,74.25,"6'2""",0.25,plays_at_height,74.25,"6'2""",0.25,plays_at_height
2021,Garrett Covington,Youngstown St.,51545,6-5,"6'5""",77.0,76.4,"6'4""",-0.6,plays_at_height,76.4,"6'4""",-0.6,plays_at_height
2021,Jarvis Doles,Albany,51547,6-9,"6'9""",81.0,77.94,"6'6""",-3.06,plays_shorter,77.94,"6'6""",-3.06,plays_shorter
2021,Damari Milstead,San Francisco,51548,6-2,"6'2""",74.0,75.36,"6'3""",1.36,plays_taller,75.36,"6'3""",1.36,plays_taller
2021,Kane Williams,Georgia St.,51550,6-4,"6'4""",76.0,76.13,"6'4""",0.13,plays_at_height,76.13,"6'4""",0.13,plays_at_height
2021,Evan Kuhlman,Evansville,51562,6-8,"6'8""",80.0,76.02,"6'4""",-3.98,plays_shorter,76.02,"6'4""",-3.98,plays_shorter
2021,Takal Molson,Seton Hall,51573,6-5,"6'5""",77.0,76.0,"6'4""",-1.0,plays_shorter,76.0,"6'4""",-1.0,plays_shorter
2021,Da'Monte Williams,Illinois,51591,6-3,"6'3""",75.0,77.79,"6'6""",2.79,plays_taller,77.79,"6'6""",2.79,plays_taller
2021,Mark Smith,Missouri,51592,6-5,"6'5""",77.0,76.05,"6'4""",-0.95,plays_shorter,76.05,"6'4""",-0.95,plays_shorter
2021,Jack Nunge,Iowa,51593,6-11,"6'11""",83.0,81.33,"6'9""",-1.67,plays_shorter,81.33,"6'9""",-1.67,plays_shorter
2021,Luka Garza,Iowa,51595,6-11,"6'11""",83.0,81.21,"6'9""",-1.79,plays_shorter,81.21,"6'9""",-1.79,plays_shorter
2021,Miryne Thomas,Ball St.,51618,6-8,"6'8""",80.0,78.42,"6'6""",-1.58,plays_shorter,78.42,"6'6""",-1.58,plays_shorter
2021,Kevin Johnson,Nicholls St.,51625,6-0,"6'0""",72.0,74.82,"6'3""",2.82,plays_taller,74.82,"6'3""",2.82,plays_taller
2021,Ryghe Lyons,Nicholls St.,51626,6-11,"6'11""",83.0,82.07,"6'10""",-0.93,plays_shorter,82.07,"6'10""",-0.93,plays_shorter
2021,Oliver Lynch-Daniels,Colgate,51627,6-2,"6'2""",74.0,75.97,"6'4""",1.97,plays_taller,75.97,"6'4""",1.97,plays_taller
2021,Chris Smith,UCLA,51635,6-9,"6'9""",81.0,79.25,"6'7""",-1.75,plays_shorter,79.25,"6'7""",-1.75,plays_shorter
2021,Daejon Davis,Stanford,51639,6-3,"6'3""",75.0,76.36,"6'4""",1.36,plays_taller,76.36,"6'4""",1.36,plays_taller
2021,Richard Harward,BYU,51655,6-11,"6'11""",83.0,80.14,"6'8""",-2.86,plays_shorter,80.14,"6'8""",-2.86,plays_shorter
2021,Jay Green,Northern Arizona,51671,6-5,"6'5""",77.0,76.34,"6'4""",-0.66,plays_at_height,76.34,"6'4""",-0.66,plays_at_height
2021,Cheikh Mbacke Diong,UNLV,51672,6-11,"6'11""",83.0,81.23,"6'9""",-1.77,plays_shorter,81.23,"6'9""",-1.77,plays_shorter
2021,Amauri Hardy,Oregon,51674,6-2,"6'2""",74.0,75.17,"6'3""",1.17,plays_taller,75.17,"6'3""",1.17,plays_taller
2021,Gabe Hadley,UC San Diego,51682,6-4,"6'4""",76.0,75.2,"6'3""",-0.8,plays_shorter,75.2,"6'3""",-0.8,plays_shorter
2021,Victor Uyaelunmo,Towson,51685,7-0,"7'0""",84.0,80.84,"6'9""",-3.16,plays_shorter,80.84,"6'9""",-3.16,plays_shorter
2021,Keaton Hervey,Missouri St.,51686,6-7,"6'7""",79.0,77.81,"6'6""",-1.19,plays_shorter,77.81,"6'6""",-1.19,plays_shorter
2021,Marvin Nesbitt Jr.,UMKC,51687,6-4,"6'4""",76.0,79.92,"6'8""",3.92,plays_taller,79.92,"6'8""",3.92,plays_taller
2021,Tyree Appleby,Florida,51703,6-1,"6'1""",73.0,75.56,"6'4""",2.56,plays_taller,75.56,"6'4""",2.56,plays_taller
2021,JD Notae,Arkansas,51733,6-1,"6'1""",73.0,76.96,"6'5""",3.96,plays_taller,76.96,"6'5""",3.96,plays_taller
2021,Corey Romich,Jacksonville,51734,6-4,"6'4""",76.0,73.41,"6'1""",-2.59,plays_shorter,73.41,"6'1""",-2.59,plays_shorter
2021,Stefan Kenic,Chattanooga,51748,6-9,"6'9""",81.0,76.22,"6'4""",-4.78,plays_shorter,76.22,"6'4""",-4.78,plays_shorter
2021,Carter Collins,Davidson,51755,6-3,"6'3""",75.0,76.85,"6'5""",1.85,plays_taller,76.85,"6'5""",1.85,plays_taller
2021,McKinley Wright IV,Colorado,51766,6-0,"6'0""",72.0,77.42,"6'5""",5.42,plays_taller,77.42,"6'5""",5.42,plays_taller
2021,Jesus Cruz,Fairfield,51777,6-5,"6'5""",77.0,75.87,"6'4""",-1.13,plays_shorter,75.87,"6'4""",-1.13,plays_shorter
2021,Curtis Haywood II,Tulsa,51783,6-5,"6'5""",77.0,75.7,"6'4""",-1.3,plays_shorter,75.7,"6'4""",-1.3,plays_shorter
2021,Jason Whitens,Western Michigan,51784,6-4,"6'4""",76.0,76.03,"6'4""",0.03,plays_at_height,76.03,"6'4""",0.03,plays_at_height
2021,Evan Cole,Utah Valley,51786,6-10,"6'10""",82.0,79.75,"6'8""",-2.25,plays_shorter,79.75,"6'8""",-2.25,plays_shorter
2021,Jordan Goldwire,Duke,51787,6-2,"6'2""",74.0,75.29,"6'3""",1.29,plays_taller,75.29,"6'3""",1.29,plays_taller
2021,Marek Nelson,UT Rio Grande Valley,51800,6-7,"6'7""",79.0,77.4,"6'5""",-1.6,plays_shorter,77.4,"6'5""",-1.6,plays_shorter
2021,Taveion Hollingsworth,Western Kentucky,51802,6-2,"6'2""",74.0,76.71,"6'5""",2.71,plays_taller,76.71,"6'5""",2.71,plays_taller
2021,Marquis Eaton,Arkansas St.,51809,6-2,"6'2""",74.0,76.11,"6'4""",2.11,plays_taller,76.11,"6'4""",2.11,plays_taller
2021,Troy Green,New Orleans,51819,6-3,"6'3""",75.0,76.01,"6'4""",1.01,plays_taller,76.01,"6'4""",1.01,plays_taller
2021,Donnie Tillman,New Mexico St.,51835,6-7,"6'7""",79.0,78.84,"6'7""",-0.16,plays_at_height,78.84,"6'7""",-0.16,plays_at_height
2021,Brion Whitley,Murray St.,51844,6-4,"6'4""",76.0,76.89,"6'5""",0.89,plays_taller,76.89,"6'5""",0.89,plays_taller
2021,Lucas Williamson,Loyola Chicago,51845,6-4,"6'4""",76.0,76.85,"6'5""",0.85,plays_taller,76.85,"6'5""",0.85,plays_taller
2021,Josh Anderson,Western Kentucky,51855,6-6,"6'6""",78.0,78.68,"6'7""",0.68,plays_at_height,78.68,"6'7""",0.68,plays_at_height
2021,Miles Brookins,Cal St. Northridge,51858,6-9,"6'9""",81.0,76.54,"6'5""",-4.46,plays_shorter,76.54,"6'5""",-4.46,plays_shorter
2021,Jamir Moultrie,North Carolina Central,51861,5-11,"5'11""",71.0,73.15,"6'1""",2.15,plays_taller,73.15,"6'1""",2.15,plays_taller
2021,Derrick Flowers,Jacksonville,51863,6-4,"6'4""",76.0,74.65,"6'3""",-1.35,plays_shorter,74.65,"6'3""",-1.35,plays_shorter
2021,DJ Heath,Alabama St.,51866,6-0,"6'0""",72.0,74.4,"6'2""",2.4,plays_taller,74.4,"6'2""",2.4,plays_taller
2021,Teddy Allen,Nebraska,51868,6-6,"6'6""",78.0,76.89,"6'5""",-1.11,plays_shorter,76.89,"6'5""",-1.11,plays_shorter
2021,Greg Eboigbodin,Northeastern,51869,6-9,"6'9""",81.0,78.27,"6'6""",-2.73,plays_shorter,78.27,"6'6""",-2.73,plays_shorter
2021,Kevin Anderson,Delaware,51876,6-5,"6'5""",77.0,75.6,"6'4""",-1.4,plays_shorter,75.6,"6'4""",-1.4,plays_shorter
2021,Victor Bailey Jr.,Tennessee,51881,6-4,"6'4""",76.0,75.57,"6'4""",-0.43,plays_at_height,75.57,"6'4""",-0.43,plays_at_height
2021,Chris Vogt,Cincinnati,51883,7-1,"7'1""",85.0,80.42,"6'8""",-4.58,plays_shorter,80.42,"6'8""",-4.58,plays_shorter
2021,James Beck,Miami OH,51885,6-8,"6'8""",80.0,79.4,"6'7""",-0.6,plays_at_height,79.4,"6'7""",-0.6,plays_at_height
2021,Jalanni White,Canisius,51888,6-8,"6'8""",80.0,78.08,"6'6""",-1.92,plays_shorter,78.08,"6'6""",-1.92,plays_shorter
2021,Abu Kigab,Boise St.,51889,6-7,"6'7""",79.0,79.69,"6'8""",0.69,plays_at_height,79.69,"6'8""",0.69,plays_at_height
2021,Mike Adewunmi,SIU Edwardsville,51894,6-5,"6'5""",77.0,78.1,"6'6""",1.1,plays_taller,78.1,"6'6""",1.1,plays_taller
2021,Cam Bacote,Indiana St.,51897,6-3,"6'3""",75.0,74.33,"6'2""",-0.67,plays_at_height,74.33,"6'2""",-0.67,plays_at_height
2021,KeyShawn Feazell,McNeese St.,51899,6-8,"6'8""",80.0,80.82,"6'9""",0.82,plays_taller,80.82,"6'9""",0.82,plays_taller
2021,Darius Banks,Chattanooga,51929,6-6,"6'6""",78.0,76.36,"6'4""",-1.64,plays_shorter,76.36,"6'4""",-1.64,plays_shorter
2021,Matt Lewis,James Madison,51931,6-5,"6'5""",77.0,77.56,"6'6""",0.56,plays_at_height,77.56,"6'6""",0.56,plays_at_height
2021,Collin Gillespie,Villanova,51933,6-3,"6'3""",75.0,75.06,"6'3""",0.06,plays_at_height,75.06,"6'3""",0.06,plays_at_height
2021,Larry Owens,Northwestern St.,51934,6-7,"6'7""",79.0,77.9,"6'6""",-1.1,plays_shorter,77.9,"6'6""",-1.1,plays_shorter
2021,Ryan Allen,Delaware,51938,6-2,"6'2""",74.0,74.4,"6'2""",0.4,plays_at_height,74.4,"6'2""",0.4,plays_at_height
2021,Thorir Thorbjarnarson,Nebraska,51954,6-6,"6'6""",78.0,76.35,"6'4""",-1.65,plays_shorter,76.35,"6'4""",-1.65,plays_shorter
2021,Darryl Morsell,Maryland,51956,6-5,"6'5""",77.0,78.36,"6'6""",1.36,plays_taller,78.36,"6'6""",1.36,plays_taller
2021,Herbert Jones,Alabama,51990,6-8,"6'8""",80.0,80.89,"6'9""",0.89,plays_taller,80.89,"6'9""",0.89,plays_taller
2021,San Antonio Brinson,NJIT,52003,6-8,"6'8""",80.0,76.47,"6'4""",-3.53,plays_shorter,76.47,"6'4""",-3.53,plays_shorter
2021,Virshon Cotton,LIU,52022,6-2,"6'2""",74.0,74.82,"6'3""",0.82,plays_taller,74.82,"6'3""",0.82,plays_taller
2021,Jhivvan Jackson,UTSA,52023,6-0,"6'0""",72.0,75.74,"6'4""",3.74,plays_taller,75.74,"6'4""",3.74,plays_taller
2021,Torrey Patton,Cleveland St.,52025,6-5,"6'5""",77.0,77.51,"6'6""",0.51,plays_at_height,77.51,"6'6""",0.51,plays_at_height
2021,Eric Parrish,UTSA,52027,6-6,"6'6""",78.0,78.55,"6'7""",0.55,plays_at_height,78.55,"6'7""",0.55,plays_at_height
2021,Ishmael El-Amin,Ball St.,52028,6-3,"6'3""",75.0,74.84,"6'3""",-0.16,plays_at_height,74.84,"6'3""",-0.16,plays_at_height
2021,Manny Patterson,Southeast Missouri St.,52058,6-8,"6'8""",80.0,79.39,"6'7""",-0.61,plays_at_height,79.39,"6'7""",-0.61,plays_at_height
2021,Luke Loewe,William & Mary,52059,6-4,"6'4""",76.0,74.75,"6'3""",-1.25,plays_shorter,74.75,"6'3""",-1.25,plays_shorter
2021,Oscar da Silva,Stanford,52063,6-9,"6'9""",81.0,80.88,"6'9""",-0.12,plays_at_height,80.88,"6'9""",-0.12,plays_at_height
2021,D'Shawn Schwartz,Colorado,52082,6-7,"6'7""",79.0,76.69,"6'5""",-2.31,plays_shorter,76.69,"6'5""",-2.31,plays_shorter
2021,Ethan Thompson,Oregon St.,52084,6-5,"6'5""",77.0,77.33,"6'5""",0.33,plays_at_height,77.33,"6'5""",0.33,plays_at_height
2021,Marcus Santos-Silva,Texas Tech,52088,6-7,"6'7""",79.0,81.64,"6'10""",2.64,plays_taller,81.64,"6'10""",2.64,plays_taller
2021,Jaylen Minnett,IU Indy,52089,6-1,"6'1""",73.0,73.82,"6'2""",0.82,plays_taller,73.82,"6'2""",0.82,plays_taller
2021,David Kachelries,Stephen F. Austin,52090,6-1,"6'1""",73.0,76.64,"6'5""",3.64,plays_taller,76.64,"6'5""",3.64,plays_taller
2021,Elijah Gonzales,Louisiana Monroe,52091,5-11,"5'11""",71.0,74.23,"6'2""",3.23,plays_taller,74.23,"6'2""",3.23,plays_taller
2021,Kevion Nolan,Jacksonville,52092,6-2,"6'2""",74.0,74.86,"6'3""",0.86,plays_taller,74.86,"6'3""",0.86,plays_taller
2021,Ferron Flavors Jr.,Oklahoma St.,52096,6-3,"6'3""",75.0,74.47,"6'2""",-0.53,plays_at_height,74.47,"6'2""",-0.53,plays_at_height
2021,CJ Jones,Northwestern St.,52099,5-10,"5'10""",70.0,74.07,"6'2""",4.07,plays_taller,74.07,"6'2""",4.07,plays_taller
2021,Michael Flowers,South Alabama,52110,6-1,"6'1""",73.0,74.93,"6'3""",1.93,plays_taller,74.93,"6'3""",1.93,plays_taller
2021,Marreon Jackson,Toledo,52117,6-1,"6'1""",73.0,76.35,"6'4""",3.35,plays_taller,76.35,"6'4""",3.35,plays_taller
2021,Kimani Lawrence,Arizona St.,52141,6-8,"6'8""",80.0,79.01,"6'7""",-0.99,plays_shorter,79.01,"6'7""",-0.99,plays_shorter
2021,Marcus Weathers,Duquesne,52145,6-5,"6'5""",77.0,80.51,"6'9""",3.51,plays_taller,80.51,"6'9""",3.51,plays_taller
2021,Eli Scott,Loyola Marymount,52146,6-6,"6'6""",78.0,79.28,"6'7""",1.28,plays_taller,79.28,"6'7""",1.28,plays_taller
2021,Michael Weathers,Texas Southern,52147,6-2,"6'2""",74.0,78.81,"6'7""",4.81,plays_taller,78.81,"6'7""",4.81,plays_taller
2021,Quentin Scott,Texas St.,52167,6-7,"6'7""",79.0,76.08,"6'4""",-2.92,plays_shorter,76.08,"6'4""",-2.92,plays_shorter
2021,Javan Johnson,Iowa St.,52175,6-6,"6'6""",78.0,77.58,"6'6""",-0.42,plays_at_height,77.58,"6'6""",-0.42,plays_at_height
2021,Cam Davis,Navy,52195,6-0,"6'0""",72.0,74.86,"6'3""",2.86,plays_taller,74.86,"6'3""",2.86,plays_taller
2021,Alec Loehr,Navy,52202,6-8,"6'8""",80.0,78.11,"6'6""",-1.89,plays_shorter,78.11,"6'6""",-1.89,plays_shorter
2021,Jordan Perkins,North Carolina Central,52209,6-1,"6'1""",73.0,76.27,"6'4""",3.27,plays_taller,76.27,"6'4""",3.27,plays_taller
2021,Terrance Banyard,Arkansas Pine Bluff,52213,6-8,"6'8""",80.0,78.19,"6'6""",-1.81,plays_shorter,78.19,"6'6""",-1.81,plays_shorter
2021,Tyreke Key,Indiana St.,52220,6-3,"6'3""",75.0,77.93,"6'6""",2.93,plays_taller,77.93,"6'6""",2.93,plays_taller
2021,Javon Greene,George Mason,52255,6-2,"6'2""",74.0,77.58,"6'6""",3.58,plays_taller,77.58,"6'6""",3.58,plays_taller
2021,Jamir Harris,American,52257,6-2,"6'2""",74.0,74.08,"6'2""",0.08,plays_at_height,74.08,"6'2""",0.08,plays_at_height
2021,Myles Cale,Seton Hall,52258,6-6,"6'6""",78.0,76.58,"6'5""",-1.42,plays_shorter,76.58,"6'5""",-1.42,plays_shorter
2021,Elijah Olaniyi,Miami FL,52259,6-5,"6'5""",77.0,77.38,"6'5""",0.38,plays_at_height,77.38,"6'5""",0.38,plays_at_height
2021,Cameron Bowles,North Carolina Central,52260,6-6,"6'6""",78.0,77.38,"6'5""",-0.62,plays_at_height,77.38,"6'5""",-0.62,plays_at_height
2021,Bryce Fowler,Sacramento St.,52261,6-6,"6'6""",78.0,76.63,"6'5""",-1.37,plays_shorter,76.63,"6'5""",-1.37,plays_shorter
2021,Zachary Simmons,North Texas,52268,6-10,"6'10""",82.0,80.3,"6'8""",-1.7,plays_shorter,80.3,"6'8""",-1.7,plays_shorter
2021,James Lewis Jr.,Appalachian St.,52269,6-8,"6'8""",80.0,80.15,"6'8""",0.15,plays_at_height,80.15,"6'8""",0.15,plays_at_height
2021,Dalonte Brown,Miami OH,52275,6-7,"6'7""",79.0,79.1,"6'7""",0.1,plays_at_height,79.1,"6'7""",0.1,plays_at_height
2021,Dominick Pickett,UC Riverside,52276,6-3,"6'3""",75.0,75.16,"6'3""",0.16,plays_at_height,75.16,"6'3""",0.16,plays_at_height
2021,Justin Forrest,Appalachian St.,52279,6-2,"6'2""",74.0,75.25,"6'3""",1.25,plays_taller,75.25,"6'3""",1.25,plays_taller
2021,Josh Carlton,Connecticut,52282,6-11,"6'11""",83.0,81.02,"6'9""",-1.98,plays_shorter,81.02,"6'9""",-1.98,plays_shorter
2021,Michael Carter III,Long Beach St.,52289,6-5,"6'5""",77.0,76.66,"6'5""",-0.34,plays_at_height,76.66,"6'5""",-0.34,plays_at_height
2021,Hameir Wright,Washington,52290,6-9,"6'9""",81.0,78.6,"6'7""",-2.4,plays_shorter,78.6,"6'7""",-2.4,plays_shorter
2021,Alex Watson,Sacred Heart,52293,6-3,"6'3""",75.0,74.7,"6'3""",-0.3,plays_at_height,74.7,"6'3""",-0.3,plays_at_height
2021,E.J. Anosike,Tennessee,52294,6-7,"6'7""",79.0,77.36,"6'5""",-1.64,plays_shorter,77.36,"6'5""",-1.64,plays_shorter
2021,Myles Carter,Delaware St.,52307,6-1,"6'1""",73.0,75.5,"6'4""",2.5,plays_taller,75.5,"6'4""",2.5,plays_taller
2021,Johquin Wiley,Delaware St.,52308,5-11,"5'11""",71.0,74.07,"6'2""",3.07,plays_taller,74.07,"6'2""",3.07,plays_taller
2021,Ameer Bennett,Delaware St.,52312,6-8,"6'8""",80.0,77.22,"6'5""",-2.78,plays_shorter,77.22,"6'5""",-2.78,plays_shorter
2021,"Shavar Reynolds, Jr.",Seton Hall,52319,6-2,"6'2""",74.0,76.2,"6'4""",2.2,plays_taller,76.2,"6'4""",2.2,plays_taller
2021,Carl Pierre,Massachusetts,52330,6-4,"6'4""",76.0,75.81,"6'4""",-0.19,plays_at_height,75.81,"6'4""",-0.19,plays_at_height
2021,Michael Ertel,UAB,52335,6-2,"6'2""",74.0,74.97,"6'3""",0.97,plays_taller,74.97,"6'3""",0.97,plays_taller
2021,Tucker Blackwell,Army,52341,6-2,"6'2""",74.0,73.77,"6'2""",-0.23,plays_at_height,73.77,"6'2""",-0.23,plays_at_height
2021,Alex King,Army,52343,6-8,"6'8""",80.0,77.83,"6'6""",-2.17,plays_shorter,77.83,"6'6""",-2.17,plays_shorter
2021,Eral Penn,LIU,52346,6-7,"6'7""",79.0,82.35,"6'10""",3.35,plays_taller,82.35,"6'10""",3.35,plays_taller
2021,Myles Fitzgerald-Warren,Washington St.,52351,6-3,"6'3""",75.0,74.39,"6'2""",-0.61,plays_at_height,74.39,"6'2""",-0.61,plays_at_height
2021,Babacar Thiombane,Idaho,52353,6-7,"6'7""",79.0,78.79,"6'7""",-0.21,plays_at_height,78.79,"6'7""",-0.21,plays_at_height
2021,Melik Martin,Monmouth,52356,6-6,"6'6""",78.0,78.22,"6'6""",0.22,plays_at_height,78.22,"6'6""",0.22,plays_at_height
2021,George Papas,Monmouth,52357,6-5,"6'5""",77.0,76.4,"6'4""",-0.6,plays_at_height,76.4,"6'4""",-0.6,plays_at_height
2021,Kameron Langley,North Carolina A&T,52371,6-2,"6'2""",74.0,76.41,"6'4""",2.41,plays_taller,76.41,"6'4""",2.41,plays_taller
2021,Yauhen Massalski,San Diego,52376,6-10,"6'10""",82.0,83.5,"7'0""",1.5,plays_taller,83.5,"7'0""",1.5,plays_taller
2021,Lonnie Grayson,Army,52389,6-0,"6'0""",72.0,76.01,"6'4""",4.01,plays_taller,76.01,"6'4""",4.01,plays_taller
2021,Darius Quisenberry,Youngstown St.,65428,6-1,"6'1""",73.0,75.16,"6'3""",2.16,plays_taller,75.16,"6'3""",2.16,plays_taller
2021,Demetrius Mims,Towson,65430,6-6,"6'6""",78.0,77.18,"6'5""",-0.82,plays_shorter,77.18,"6'5""",-0.82,plays_shorter
2021,B.J. Shaw,UC Davis,65432,6-6,"6'6""",78.0,77.37,"6'5""",-0.63,plays_at_height,77.37,"6'5""",-0.63,plays_at_height
2021,Caleb Fuller,UC Davis,65433,6-5,"6'5""",77.0,76.61,"6'5""",-0.39,plays_at_height,76.61,"6'5""",-0.39,plays_at_height
2021,Brandon Slater,Villanova,65436,6-6,"6'6""",78.0,78.02,"6'6""",0.02,plays_at_height,78.02,"6'6""",0.02,plays_at_height
2021,Luis Hurtado Jr.,Bryant,65437,6-6,"6'6""",78.0,76.3,"6'4""",-1.7,plays_shorter,76.3,"6'4""",-1.7,plays_shorter
2021,Geoff Hamperian,Youngstown St.,65439,6-4,"6'4""",76.0,75.67,"6'4""",-0.33,plays_at_height,75.67,"6'4""",-0.33,plays_at_height
2021,Tim Fuller,Utah Valley,65440,6-9,"6'9""",81.0,81.26,"6'9""",0.26,plays_at_height,81.26,"6'9""",0.26,plays_at_height
2021,Damion Squire,UC Davis,65441,6-0,"6'0""",72.0,76.2,"6'4""",4.2,plays_taller,76.2,"6'4""",4.2,plays_taller
2021,Kihei Clark,Virginia,65442,5-9,"5'9""",69.0,74.54,"6'3""",5.54,plays_taller,74.54,"6'3""",5.54,plays_taller
2021,William McNair,New Mexico St.,65448,6-10,"6'10""",82.0,79.98,"6'8""",-2.02,plays_shorter,79.98,"6'8""",-2.02,plays_shorter
2021,Addison Wallace,Texas St.,65449,6-4,"6'4""",76.0,77.44,"6'5""",1.44,plays_taller,77.44,"6'5""",1.44,plays_taller
2021,Nate Laszewski,Notre Dame,65450,6-10,"6'10""",82.0,79.54,"6'8""",-2.46,plays_shorter,79.54,"6'8""",-2.46,plays_shorter
2021,Prentiss Hubb,Notre Dame,65451,6-3,"6'3""",75.0,74.62,"6'3""",-0.38,plays_at_height,74.62,"6'3""",-0.38,plays_at_height
2021,Kevin Schutte,Hofstra,65453,6-9,"6'9""",81.0,81.18,"6'9""",0.18,plays_at_height,81.18,"6'9""",0.18,plays_at_height
2021,Jordan Love,Southeast Missouri St.,65455,6-5,"6'5""",77.0,76.98,"6'5""",-0.02,plays_at_height,76.98,"6'5""",-0.02,plays_at_height
2021,Tanner Groves,Eastern Washington,65456,6-9,"6'9""",81.0,80.21,"6'8""",-0.79,plays_shorter,80.21,"6'8""",-0.79,plays_shorter
2021,Kim Aiken Jr.,Eastern Washington,65457,6-7,"6'7""",79.0,80.03,"6'8""",1.03,plays_taller,80.03,"6'8""",1.03,plays_taller
2021,Leaky Black,North Carolina,65459,6-8,"6'8""",80.0,77.88,"6'6""",-2.12,plays_shorter,77.88,"6'6""",-2.12,plays_shorter
2021,Loseni Kamara,Jacksonville,65460,6-3,"6'3""",75.0,75.12,"6'3""",0.12,plays_at_height,75.12,"6'3""",0.12,plays_at_height
2021,Nana Opoku,Mount St. Mary's,65461,6-9,"6'9""",81.0,80.48,"6'8""",-0.52,plays_at_height,80.48,"6'8""",-0.52,plays_at_height
2021,Mohammed Abdulsalam,UNC Greensboro,65464,6-9,"6'9""",81.0,80.57,"6'9""",-0.43,plays_at_height,80.57,"6'9""",-0.43,plays_at_height
2021,Angelo Allegri,UNC Greensboro,65466,6-7,"6'7""",79.0,76.74,"6'5""",-2.26,plays_shorter,76.74,"6'5""",-2.26,plays_shorter
2021,Deandre Thomas,Mount St. Mary's,65468,6-5,"6'5""",77.0,74.18,"6'2""",-2.82,plays_shorter,74.18,"6'2""",-2.82,plays_shorter
2021,Robert Allen,Mississippi,65469,6-8,"6'8""",80.0,79.98,"6'8""",-0.02,plays_at_height,79.98,"6'8""",-0.02,plays_at_height
2021,Larry Moreno,St. Francis NY,65472,6-0,"6'0""",72.0,74.85,"6'3""",2.85,plays_taller,74.85,"6'3""",2.85,plays_taller
2021,Gabe Watson,Tulane,65475,6-2,"6'2""",74.0,75.65,"6'4""",1.65,plays_taller,75.65,"6'4""",1.65,plays_taller
2021,Hunter Tyson,Clemson,65479,6-8,"6'8""",80.0,78.92,"6'7""",-1.08,plays_shorter,78.92,"6'7""",-1.08,plays_shorter
2021,Montez Mathis,Rutgers,65480,6-4,"6'4""",76.0,76.93,"6'5""",0.93,plays_taller,76.93,"6'5""",0.93,plays_taller
2021,Caleb McConnell,Rutgers,65481,6-7,"6'7""",79.0,77.77,"6'6""",-1.23,plays_shorter,77.77,"6'6""",-1.23,plays_shorter
2021,Eric Hunter Jr.,Purdue,65483,6-4,"6'4""",76.0,75.8,"6'4""",-0.2,plays_at_height,75.8,"6'4""",-0.2,plays_at_height
2021,MJ Randolph,Florida A&M,65487,6-4,"6'4""",76.0,76.36,"6'4""",0.36,plays_at_height,76.36,"6'4""",0.36,plays_at_height
2021,Cameron Healy,Albany,65488,6-3,"6'3""",75.0,73.9,"6'2""",-1.1,plays_shorter,73.9,"6'2""",-1.1,plays_shorter
2021,Jermaine Couisnard,South Carolina,65489,6-4,"6'4""",76.0,74.96,"6'3""",-1.04,plays_shorter,74.96,"6'3""",-1.04,plays_shorter
2021,Colin Castleton,Florida,65492,6-11,"6'11""",83.0,82.9,"6'11""",-0.1,plays_at_height,82.9,"6'11""",-0.1,plays_at_height
2021,David DeJulius,Cincinnati,65493,6-0,"6'0""",72.0,75.43,"6'3""",3.43,plays_taller,75.43,"6'3""",3.43,plays_taller
2021,Thomas Kithier,Michigan St.,65496,6-8,"6'8""",80.0,79.23,"6'7""",-0.77,plays_shorter,79.23,"6'7""",-0.77,plays_shorter
2021,Aaron Henry,Michigan St.,65497,6-6,"6'6""",78.0,78.9,"6'7""",0.9,plays_taller,78.9,"6'7""",0.9,plays_taller
2021,Christian Bishop,Creighton,65500,6-7,"6'7""",79.0,82.93,"6'11""",3.93,plays_taller,82.93,"6'11""",3.93,plays_taller
2021,Marcus Zegarowski,Creighton,65501,6-2,"6'2""",74.0,75.13,"6'3""",1.13,plays_taller,75.13,"6'3""",1.13,plays_taller
2021,Bryce Golden,Butler,65502,6-9,"6'9""",81.0,77.88,"6'6""",-3.12,plays_shorter,77.88,"6'6""",-3.12,plays_shorter
2021,Markeese Hastings,Butler,65503,6-7,"6'7""",79.0,76.5,"6'5""",-2.5,plays_shorter,76.5,"6'5""",-2.5,plays_shorter
2021,Efe Odigie,UTEP,65504,6-9,"6'9""",81.0,77.72,"6'6""",-3.28,plays_shorter,77.72,"6'6""",-3.28,plays_shorter
2021,Paul Djoko,Northern Kentucky,65505,6-4,"6'4""",76.0,76.0,"6'4""",-0.0,plays_at_height,76.0,"6'4""",-0.0,plays_at_height
2021,Greg Williams Jr.,St. John's,65506,6-3,"6'3""",75.0,76.67,"6'5""",1.67,plays_taller,76.67,"6'5""",1.67,plays_taller
2021,Marcellus Earlington,St. John's,65507,6-6,"6'6""",78.0,76.98,"6'5""",-1.02,plays_shorter,76.98,"6'5""",-1.02,plays_shorter
2021,Adrian Rodriguez,UTSA,65508,6-7,"6'7""",79.0,75.92,"6'4""",-3.08,plays_shorter,75.92,"6'4""",-3.08,plays_shorter
2021,DeVon Baker,UNC Asheville,65509,6-2,"6'2""",74.0,74.23,"6'2""",0.23,plays_at_height,74.23,"6'2""",0.23,plays_at_height
2021,Coty Jude,UNC Asheville,65510,6-9,"6'9""",81.0,76.05,"6'4""",-4.95,plays_shorter,76.05,"6'4""",-4.95,plays_shorter
2021,Luke Lawson,UNC Asheville,65512,6-7,"6'7""",79.0,77.87,"6'6""",-1.13,plays_shorter,77.87,"6'6""",-1.13,plays_shorter
2021,Junior Ballard,Fresno St.,65513,6-3,"6'3""",75.0,74.61,"6'3""",-0.39,plays_at_height,74.61,"6'3""",-0.39,plays_at_height
2021,Filip Rebraca,North Dakota,65514,6-9,"6'9""",81.0,79.01,"6'7""",-1.99,plays_shorter,79.01,"6'7""",-1.99,plays_shorter
2021,Josh LeBlanc Sr.,LSU,65517,6-7,"6'7""",79.0,81.28,"6'9""",2.28,plays_taller,81.28,"6'9""",2.28,plays_taller
2021,Deante Johnson,Cleveland St.,65518,6-9,"6'9""",81.0,81.4,"6'9""",0.4,plays_at_height,81.4,"6'9""",0.4,plays_at_height
2021,Mac McClung,Texas Tech,65519,6-2,"6'2""",74.0,76.41,"6'4""",2.41,plays_taller,76.41,"6'4""",2.41,plays_taller
2021,Onyi Eyisi,Fordham,65528,6-9,"6'9""",81.0,77.8,"6'6""",-3.2,plays_shorter,77.8,"6'6""",-3.2,plays_shorter
2021,Aljaz Kunc,Washington St.,65529,6-8,"6'8""",80.0,77.47,"6'5""",-2.53,plays_shorter,77.47,"6'5""",-2.53,plays_shorter
2021,Joey Hauser,Michigan St.,65530,6-9,"6'9""",81.0,78.89,"6'7""",-2.11,plays_shorter,78.89,"6'7""",-2.11,plays_shorter
2021,Shandon Brown,Niagara,65533,5-9,"5'9""",69.0,74.15,"6'2""",5.15,plays_taller,74.15,"6'2""",5.15,plays_taller
2021,Mezie Offurum,Mount St. Mary's,65534,6-8,"6'8""",80.0,78.36,"6'6""",-1.64,plays_shorter,78.36,"6'6""",-1.64,plays_shorter
2021,Riley Grigsby,Seattle,65536,6-6,"6'6""",78.0,76.31,"6'4""",-1.69,plays_shorter,76.31,"6'4""",-1.69,plays_shorter
2021,Jacob Eyman,Portland St.,65537,6-10,"6'10""",82.0,80.94,"6'9""",-1.06,plays_shorter,80.94,"6'9""",-1.06,plays_shorter
2021,Quinton Johnson II,UT Rio Grande Valley,65539,6-4,"6'4""",76.0,76.28,"6'4""",0.28,plays_at_height,76.28,"6'4""",0.28,plays_at_height
2021,Uche Dibiamaka,UT Rio Grande Valley,65540,6-4,"6'4""",76.0,76.16,"6'4""",0.16,plays_at_height,76.16,"6'4""",0.16,plays_at_height
2021,Jermaine Harris,Rhode Island,65541,6-8,"6'8""",80.0,78.05,"6'6""",-1.95,plays_shorter,78.05,"6'6""",-1.95,plays_shorter
2021,Luke Frampton,Western Kentucky,65542,6-5,"6'5""",77.0,74.29,"6'2""",-2.71,plays_shorter,74.29,"6'2""",-2.71,plays_shorter
2021,David Azore,UT Arlington,65543,6-4,"6'4""",76.0,75.65,"6'4""",-0.35,plays_at_height,75.65,"6'4""",-0.35,plays_at_height
2021,Andre Ball,Pepperdine,65544,6-7,"6'7""",79.0,75.78,"6'4""",-3.22,plays_shorter,75.78,"6'4""",-3.22,plays_shorter
2021,Jared Rodriguez,San Diego,65546,6-7,"6'7""",79.0,77.02,"6'5""",-1.98,plays_shorter,77.02,"6'5""",-1.98,plays_shorter
2021,Aaron Wheeler,Purdue,65547,6-9,"6'9""",81.0,79.55,"6'8""",-1.45,plays_shorter,79.55,"6'8""",-1.45,plays_shorter
2021,Josiah Strong,Illinois St.,65550,6-3,"6'3""",75.0,75.46,"6'3""",0.46,plays_at_height,75.46,"6'3""",0.46,plays_at_height
2021,Donovann Toatley,Monmouth,65554,5-9,"5'9""",69.0,73.34,"6'1""",4.34,plays_taller,73.34,"6'1""",4.34,plays_taller
2021,Maurice Commander,Illinois Chicago,65558,6-0,"6'0""",72.0,73.62,"6'2""",1.62,plays_taller,73.62,"6'2""",1.62,plays_taller
2021,Junior Farquhar,Eastern Illinois,65562,6-3,"6'3""",75.0,74.54,"6'3""",-0.46,plays_at_height,74.54,"6'3""",-0.46,plays_at_height
2021,Kyler Edwards,Texas Tech,65563,6-4,"6'4""",76.0,77.23,"6'5""",1.23,plays_taller,77.23,"6'5""",1.23,plays_taller
2021,Josh Mballa,Buffalo,65564,6-7,"6'7""",79.0,81.0,"6'9""",2.0,plays_taller,81.0,"6'9""",2.0,plays_taller
2021,Jose Perez,Marquette,65566,6-5,"6'5""",77.0,74.94,"6'3""",-2.06,plays_shorter,74.94,"6'3""",-2.06,plays_shorter
2021,Zay Williams,Troy,65570,6-9,"6'9""",81.0,80.35,"6'8""",-0.65,plays_at_height,80.35,"6'8""",-0.65,plays_at_height
2021,Vincent Lee,Cal St. Fullerton,65574,6-8,"6'8""",80.0,78.95,"6'7""",-1.05,plays_shorter,78.95,"6'7""",-1.05,plays_shorter
2021,K.J. Hymes,Nevada,65575,6-10,"6'10""",82.0,80.55,"6'9""",-1.45,plays_shorter,80.55,"6'9""",-1.45,plays_shorter
2021,Daylen Kountz,Northern Colorado,65577,6-4,"6'4""",76.0,76.54,"6'5""",0.54,plays_at_height,76.54,"6'5""",0.54,plays_at_height
2021,Quentin Grimes,Houston,65580,6-5,"6'5""",77.0,77.9,"6'6""",0.9,plays_taller,77.9,"6'6""",0.9,plays_taller
2021,Shaun Williams,Cal St. Bakersfield,65581,6-3,"6'3""",75.0,75.77,"6'4""",0.77,plays_taller,75.77,"6'4""",0.77,plays_taller
2021,Austin Trice,Old Dominion,65582,6-7,"6'7""",79.0,81.25,"6'9""",2.25,plays_taller,81.25,"6'9""",2.25,plays_taller
2021,David McCormack,Kansas,65583,6-10,"6'10""",82.0,80.74,"6'9""",-1.26,plays_shorter,80.74,"6'9""",-1.26,plays_shorter
2021,Jamal Bieniemy,UTEP,65584,6-5,"6'5""",77.0,75.38,"6'3""",-1.62,plays_shorter,75.38,"6'3""",-1.62,plays_shorter
2021,Isaac Likekele,Oklahoma St.,65586,6-5,"6'5""",77.0,78.32,"6'6""",1.32,plays_taller,78.32,"6'6""",1.32,plays_taller
2021,Maurice Calloo,Oregon St.,65587,6-10,"6'10""",82.0,75.76,"6'4""",-6.24,plays_shorter,75.76,"6'4""",-6.24,plays_shorter
2021,Duncan Demuth,Vermont,65588,6-8,"6'8""",80.0,73.79,"6'2""",-6.21,plays_shorter,73.79,"6'2""",-6.21,plays_shorter
2021,Kendric Davis,SMU,65589,5-11,"5'11""",71.0,75.71,"6'4""",4.71,plays_taller,75.71,"6'4""",4.71,plays_taller
2021,Kaden Archie,Georgia Southern,65590,6-6,"6'6""",78.0,77.62,"6'6""",-0.38,plays_at_height,77.62,"6'6""",-0.38,plays_at_height
2021,Adam Seiko,San Diego St.,65593,6-3,"6'3""",75.0,75.4,"6'3""",0.4,plays_at_height,75.4,"6'3""",0.4,plays_at_height
2021,Taevion Kinsey,Marshall,65596,6-5,"6'5""",77.0,79.45,"6'7""",2.45,plays_taller,79.45,"6'7""",2.45,plays_taller
2021,Sloan Seymour,George Washington,65599,6-9,"6'9""",81.0,72.43,"6'0""",-8.57,plays_shorter,72.43,"6'0""",-8.57,plays_shorter
2021,Cory Hightower,Western Carolina,65600,6-7,"6'7""",79.0,76.97,"6'5""",-2.03,plays_shorter,76.97,"6'5""",-2.03,plays_shorter
2021,Josiah Jeffers,Radford,65605,6-1,"6'1""",73.0,75.24,"6'3""",2.24,plays_taller,75.24,"6'3""",2.24,plays_taller
2021,Cooper Kaifes,Loyola Chicago,65606,6-3,"6'3""",75.0,74.57,"6'3""",-0.43,plays_at_height,74.57,"6'3""",-0.43,plays_at_height
2021,Mitch Listau,Belmont,65607,6-4,"6'4""",76.0,75.29,"6'3""",-0.71,plays_at_height,75.29,"6'3""",-0.71,plays_at_height
2021,Cameron Burrell,Western Illinois,65608,6-7,"6'7""",79.0,79.13,"6'7""",0.13,plays_at_height,79.13,"6'7""",0.13,plays_at_height
2021,Robin Duncan,Vermont,65609,6-5,"6'5""",77.0,77.0,"6'5""",-0.0,plays_at_height,77.0,"6'5""",-0.0,plays_at_height
2021,Ryan Davis,Vermont,65610,6-8,"6'8""",80.0,79.05,"6'7""",-0.95,plays_shorter,79.05,"6'7""",-0.95,plays_shorter
2021,Yuat Alok,Coppin St.,65618,6-11,"6'11""",83.0,78.98,"6'7""",-4.02,plays_shorter,78.98,"6'7""",-4.02,plays_shorter
2021,Kaosi Ezeagu,Kansas St.,65619,6-10,"6'10""",82.0,80.53,"6'9""",-1.47,plays_shorter,80.53,"6'9""",-1.47,plays_shorter
2021,Luke Avdalovic,Northern Arizona,65622,6-5,"6'5""",77.0,74.09,"6'2""",-2.91,plays_shorter,74.09,"6'2""",-2.91,plays_shorter
2021,Nik Mains,Northern Arizona,65623,6-9,"6'9""",81.0,76.99,"6'5""",-4.01,plays_shorter,76.99,"6'5""",-4.01,plays_shorter
2021,Nick Guadarrama,New Hampshire,65625,6-5,"6'5""",77.0,76.76,"6'5""",-0.24,plays_at_height,76.76,"6'5""",-0.24,plays_at_height
2021,Jayden Martinez,New Hampshire,65626,6-7,"6'7""",79.0,79.25,"6'7""",0.25,plays_at_height,79.25,"6'7""",0.25,plays_at_height
2021,Jack Clark,La Salle,65627,6-8,"6'8""",80.0,77.85,"6'6""",-2.15,plays_shorter,77.85,"6'6""",-2.15,plays_shorter
2021,Jared Kimbrough,La Salle,65629,6-8,"6'8""",80.0,79.32,"6'7""",-0.68,plays_at_height,79.32,"6'7""",-0.68,plays_at_height
2021,Jahvon Quinerly,Alabama,65630,6-1,"6'1""",73.0,74.91,"6'3""",1.91,plays_taller,74.91,"6'3""",1.91,plays_taller
2021,Jalen Slawson,Furman,65633,6-7,"6'7""",79.0,80.38,"6'8""",1.38,plays_taller,80.38,"6'8""",1.38,plays_taller
2021,Carlos Curtis,SIU Edwardsville,65634,6-2,"6'2""",74.0,76.13,"6'4""",2.13,plays_taller,76.13,"6'4""",2.13,plays_taller
2021,Daivien Williamson,Wake Forest,65635,6-2,"6'2""",74.0,74.59,"6'3""",0.59,plays_at_height,74.59,"6'3""",0.59,plays_at_height
2021,Mike Bothwell,Furman,65636,6-3,"6'3""",75.0,77.44,"6'5""",2.44,plays_taller,77.44,"6'5""",2.44,plays_taller
2021,Jaylon Pugh,Furman,65637,6-0,"6'0""",72.0,74.29,"6'2""",2.29,plays_taller,74.29,"6'2""",2.29,plays_taller
2021,Isaiah Poor Bear-Chandler,Wichita St.,65638,6-9,"6'9""",81.0,78.06,"6'6""",-2.94,plays_shorter,78.06,"6'6""",-2.94,plays_shorter
2021,Dre Fuller Jr.,UCF,65639,6-5,"6'5""",77.0,77.89,"6'6""",0.89,plays_taller,77.89,"6'6""",0.89,plays_taller
2021,Chris Ford,Norfolk St.,65641,6-8,"6'8""",80.0,80.45,"6'8""",0.45,plays_at_height,80.45,"6'8""",0.45,plays_at_height
2021,Bryce Workman,Jacksonville,65644,6-7,"6'7""",79.0,79.21,"6'7""",0.21,plays_at_height,79.21,"6'7""",0.21,plays_at_height
2021,Tyreese Davis,Jacksonville,65645,6-6,"6'6""",78.0,76.09,"6'4""",-1.91,plays_shorter,76.09,"6'4""",-1.91,plays_shorter
2021,Mason Harrell,Texas St.,65649,5-9,"5'9""",69.0,74.95,"6'3""",5.95,plays_taller,74.95,"6'3""",5.95,plays_taller
2021,Jacobi Gordon,Louisiana,65650,6-7,"6'7""",79.0,76.48,"6'4""",-2.52,plays_shorter,76.48,"6'4""",-2.52,plays_shorter
2021,Connor Vanover,Arkansas,65651,7-3,"7'3""",87.0,82.88,"6'11""",-4.12,plays_shorter,82.88,"6'11""",-4.12,plays_shorter
2021,Andre Kelly,California,65654,6-8,"6'8""",80.0,80.05,"6'8""",0.05,plays_at_height,80.05,"6'8""",0.05,plays_at_height
2021,Matt Bradley,California,65655,6-4,"6'4""",76.0,76.53,"6'5""",0.53,plays_at_height,76.53,"6'5""",0.53,plays_at_height
2021,Rashun Williams,South Florida,65656,6-6,"6'6""",78.0,75.92,"6'4""",-2.08,plays_shorter,75.92,"6'4""",-2.08,plays_shorter
2021,CJ White,Little Rock,65657,6-5,"6'5""",77.0,73.26,"6'1""",-3.74,plays_shorter,73.26,"6'1""",-3.74,plays_shorter
2021,Feron Hunt,SMU,65658,6-8,"6'8""",80.0,81.29,"6'9""",1.29,plays_taller,81.29,"6'9""",1.29,plays_taller
2021,Zion Griffin,Illinois Chicago,65659,6-6,"6'6""",78.0,75.65,"6'4""",-2.35,plays_shorter,75.65,"6'4""",-2.35,plays_shorter
2021,George Conditt IV,Iowa St.,65662,6-10,"6'10""",82.0,81.23,"6'9""",-0.77,plays_shorter,81.23,"6'9""",-0.77,plays_shorter
2021,Moses Wood,UNLV,65666,6-8,"6'8""",80.0,79.28,"6'7""",-0.72,plays_at_height,79.28,"6'7""",-0.72,plays_at_height
2021,Jamarius Burton,Texas Tech,65668,6-4,"6'4""",76.0,75.34,"6'3""",-0.66,plays_at_height,75.34,"6'3""",-0.66,plays_at_height
2021,Dexter Dennis,Wichita St.,65669,6-5,"6'5""",77.0,77.71,"6'6""",0.71,plays_at_height,77.71,"6'6""",0.71,plays_at_height
2021,Tavin Lovan,UAB,65670,6-4,"6'4""",76.0,77.83,"6'6""",1.83,plays_taller,77.83,"6'6""",1.83,plays_taller
2021,Payton Moore,Rice,65672,6-4,"6'4""",76.0,77.82,"6'6""",1.82,plays_taller,77.82,"6'6""",1.82,plays_taller
2021,Drew Peterson,USC,65674,6-8,"6'8""",80.0,77.7,"6'6""",-2.3,plays_shorter,77.7,"6'6""",-2.3,plays_shorter
2021,Trey Murphy III,Virginia,65675,6-9,"6'9""",81.0,78.17,"6'6""",-2.83,plays_shorter,78.17,"6'6""",-2.83,plays_shorter
2021,Quentin Millora-Brown,Vanderbilt,65676,6-10,"6'10""",82.0,79.99,"6'8""",-2.01,plays_shorter,79.99,"6'8""",-2.01,plays_shorter
2021,Chris Mullins,Rice,65677,6-3,"6'3""",75.0,75.28,"6'3""",0.28,plays_at_height,75.28,"6'3""",0.28,plays_at_height
2021,Antwuan Butler,NJIT,65681,6-0,"6'0""",72.0,75.31,"6'3""",3.31,plays_taller,75.31,"6'3""",3.31,plays_taller
2021,Rey Idowu,Tulsa,65683,6-9,"6'9""",81.0,77.98,"6'6""",-3.02,plays_shorter,77.98,"6'6""",-3.02,plays_shorter
2021,Hunter Marks,Hartford,65685,6-9,"6'9""",81.0,78.05,"6'6""",-2.95,plays_shorter,78.05,"6'6""",-2.95,plays_shorter
2021,Sekou Toure,UC Santa Barbara,65687,6-5,"6'5""",77.0,78.18,"6'6""",1.18,plays_taller,78.18,"6'6""",1.18,plays_taller
2021,Xavier Johnson,Pittsburgh,65690,6-3,"6'3""",75.0,76.47,"6'4""",1.47,plays_taller,76.47,"6'4""",1.47,plays_taller
2021,Trevion Williams,Purdue,65692,6-10,"6'10""",82.0,82.34,"6'10""",0.34,plays_at_height,82.34,"6'10""",0.34,plays_at_height
2021,Jordan Henderson,Canisius,65693,6-5,"6'5""",77.0,74.67,"6'3""",-2.33,plays_shorter,74.67,"6'3""",-2.33,plays_shorter
2021,Bryce Laskey,Saint Francis,65696,6-4,"6'4""",76.0,73.92,"6'2""",-2.08,plays_shorter,73.92,"6'2""",-2.08,plays_shorter
2021,Jason Preston,Ohio,65701,6-4,"6'4""",76.0,78.43,"6'6""",2.43,plays_taller,78.43,"6'6""",2.43,plays_taller
2021,Solomon Uyaelunmo,Towson,65702,6-7,"6'7""",79.0,78.61,"6'7""",-0.39,plays_at_height,78.61,"6'7""",-0.39,plays_at_height
2021,Quinn Blair,William & Mary,65703,6-7,"6'7""",79.0,76.63,"6'5""",-2.37,plays_shorter,76.63,"6'5""",-2.37,plays_shorter
2021,Chase Audige,Northwestern,65704,6-4,"6'4""",76.0,77.61,"6'6""",1.61,plays_taller,77.61,"6'6""",1.61,plays_taller
2021,L.J. Owens,UMBC,65705,6-3,"6'3""",75.0,75.96,"6'4""",0.96,plays_taller,75.96,"6'4""",0.96,plays_taller
2021,Jakigh Dottin,Towson,65708,6-2,"6'2""",74.0,75.79,"6'4""",1.79,plays_taller,75.79,"6'4""",1.79,plays_taller
2021,Allen Betrand,Rhode Island,65709,6-5,"6'5""",77.0,75.41,"6'3""",-1.59,plays_shorter,75.41,"6'3""",-1.59,plays_shorter
2021,Mehkel Harvey,William & Mary,65710,6-9,"6'9""",81.0,82.34,"6'10""",1.34,plays_taller,82.34,"6'10""",1.34,plays_taller
2021,Landers Nolley II,Memphis,65714,6-7,"6'7""",79.0,77.02,"6'5""",-1.98,plays_shorter,77.02,"6'5""",-1.98,plays_shorter
2021,Isaiah Wilkins,Wake Forest,65716,6-4,"6'4""",76.0,76.27,"6'4""",0.27,plays_at_height,76.27,"6'4""",0.27,plays_at_height
2021,Robert Braswell,Syracuse,65717,6-7,"6'7""",79.0,77.92,"6'6""",-1.08,plays_shorter,77.92,"6'6""",-1.08,plays_shorter
2021,Jalen Carey,Rhode Island,65718,6-3,"6'3""",75.0,77.3,"6'5""",2.3,plays_taller,77.3,"6'5""",2.3,plays_taller
2021,Marque Maultsby,New Hampshire,65719,6-3,"6'3""",75.0,75.4,"6'3""",0.4,plays_at_height,75.4,"6'3""",0.4,plays_at_height
2021,Raiquan Gray,Florida St.,65720,6-8,"6'8""",80.0,80.21,"6'8""",0.21,plays_at_height,80.21,"6'8""",0.21,plays_at_height
2021,Rod Brown,New Mexico,65723,6-7,"6'7""",79.0,77.78,"6'6""",-1.22,plays_shorter,77.78,"6'6""",-1.22,plays_shorter
2021,Michael Wynn,Akron,65724,6-6,"6'6""",78.0,78.89,"6'7""",0.89,plays_taller,78.89,"6'7""",0.89,plays_taller
2021,Bryce Hamilton,UNLV,65727,6-4,"6'4""",76.0,77.32,"6'5""",1.32,plays_taller,77.32,"6'5""",1.32,plays_taller
2021,Collin Welp,UC Irvine,65728,6-9,"6'9""",81.0,79.76,"6'8""",-1.24,plays_shorter,79.76,"6'8""",-1.24,plays_shorter
2021,Zach Chappell,Sacramento St.,65730,6-3,"6'3""",75.0,76.55,"6'5""",1.55,plays_taller,76.55,"6'5""",1.55,plays_taller
2021,Miles Norris,UC Santa Barbara,65731,6-10,"6'10""",82.0,79.24,"6'7""",-2.76,plays_shorter,79.24,"6'7""",-2.76,plays_shorter
2021,Maizen Fausett,Southern Utah,65736,6-6,"6'6""",78.0,79.22,"6'7""",1.22,plays_taller,79.22,"6'7""",1.22,plays_taller
2021,Caleb Nero,North Dakota,65738,6-2,"6'2""",74.0,74.17,"6'2""",0.17,plays_at_height,74.17,"6'2""",0.17,plays_at_height
2021,Antonio Rizzuto,Albany,65741,6-3,"6'3""",75.0,75.14,"6'3""",0.14,plays_at_height,75.14,"6'3""",0.14,plays_at_height
2021,Erik Stevenson,Washington,65743,6-3,"6'3""",75.0,75.96,"6'4""",0.96,plays_taller,75.96,"6'4""",0.96,plays_taller
2021,Morris Udeze,Wichita St.,65744,6-8,"6'8""",80.0,79.86,"6'8""",-0.14,plays_at_height,79.86,"6'8""",-0.14,plays_at_height
2021,Sharone Wright,Morgan St.,65748,6-5,"6'5""",77.0,75.53,"6'4""",-1.47,plays_shorter,75.53,"6'4""",-1.47,plays_shorter
2021,Logan Johnson,Saint Mary's,65751,6-2,"6'2""",74.0,77.13,"6'5""",3.13,plays_taller,77.13,"6'5""",3.13,plays_taller
2021,Jairus Hamilton,Maryland,65753,6-8,"6'8""",80.0,76.59,"6'5""",-3.41,plays_shorter,76.59,"6'5""",-3.41,plays_shorter
2021,Caleb Catto,Florida Gulf Coast,65754,6-5,"6'5""",77.0,76.04,"6'4""",-0.96,plays_shorter,76.04,"6'4""",-0.96,plays_shorter
2021,Zach Scott,McNeese St.,65755,6-4,"6'4""",76.0,74.3,"6'2""",-1.7,plays_shorter,74.3,"6'2""",-1.7,plays_shorter
2021,Matt Gray,UC San Diego,65758,6-8,"6'8""",80.0,75.38,"6'3""",-4.62,plays_shorter,75.38,"6'3""",-4.62,plays_shorter
2021,Liam Robbins,Minnesota,65759,7-0,"7'0""",84.0,82.42,"6'10""",-1.58,plays_shorter,82.42,"6'10""",-1.58,plays_shorter
2021,Jawaun Newton,Evansville,65760,6-3,"6'3""",75.0,76.5,"6'5""",1.5,plays_taller,76.5,"6'5""",1.5,plays_taller
2021,Shamar Givance,Evansville,65761,5-10,"5'10""",70.0,75.9,"6'4""",5.9,plays_taller,75.9,"6'4""",5.9,plays_taller
2021,Logan Dye,Samford,65763,6-8,"6'8""",80.0,78.19,"6'6""",-1.81,plays_shorter,78.19,"6'6""",-1.81,plays_shorter
2021,Ralph Bissainthe,Central Michigan,65764,6-7,"6'7""",79.0,78.39,"6'6""",-0.61,plays_at_height,78.39,"6'6""",-0.61,plays_at_height
2021,D.J. Funderburk,N.C. State,65767,6-10,"6'10""",82.0,80.09,"6'8""",-1.91,plays_shorter,80.09,"6'8""",-1.91,plays_shorter
2021,Ithiel Horton,Pittsburgh,65770,6-3,"6'3""",75.0,74.73,"6'3""",-0.27,plays_at_height,74.73,"6'3""",-0.27,plays_at_height
2021,Matey Juric,Drexel,65773,5-11,"5'11""",71.0,75.13,"6'3""",4.13,plays_taller,75.13,"6'3""",4.13,plays_taller
2021,Camren Wynter,Drexel,65774,6-2,"6'2""",74.0,74.85,"6'3""",0.85,plays_taller,74.85,"6'3""",0.85,plays_taller
2021,Amadou Sow,UC Santa Barbara,65778,6-9,"6'9""",81.0,81.08,"6'9""",0.08,plays_at_height,81.08,"6'9""",0.08,plays_at_height
2021,Souleymane Diakite,NJIT,65779,6-9,"6'9""",81.0,78.9,"6'7""",-2.1,plays_shorter,78.9,"6'7""",-2.1,plays_shorter
2021,Kjell de Graaf,NJIT,65781,6-10,"6'10""",82.0,77.96,"6'6""",-4.04,plays_shorter,77.96,"6'6""",-4.04,plays_shorter
2021,Cantavio Dutreil,Sacred Heart,65783,6-7,"6'7""",79.0,81.22,"6'9""",2.22,plays_taller,81.22,"6'9""",2.22,plays_taller
2021,Aleksa Matic,North Alabama,65784,6-4,"6'4""",76.0,77.41,"6'5""",1.41,plays_taller,77.41,"6'5""",1.41,plays_taller
2021,Ahsan Asadullah,Lipscomb,65785,6-8,"6'8""",80.0,79.09,"6'7""",-0.91,plays_shorter,79.09,"6'7""",-0.91,plays_shorter
2021,Cameron Parker,Montana,65786,6-2,"6'2""",74.0,74.63,"6'3""",0.63,plays_at_height,74.63,"6'3""",0.63,plays_at_height
2021,Aaron Clarke,Sacred Heart,65789,6-1,"6'1""",73.0,73.69,"6'2""",0.69,plays_at_height,73.69,"6'2""",0.69,plays_at_height
2021,Cameron Wilbon,Robert Morris,65790,6-5,"6'5""",77.0,77.3,"6'5""",0.3,plays_at_height,77.3,"6'5""",0.3,plays_at_height
2021,Koreem Ozier,Louisiana Monroe,65792,6-1,"6'1""",73.0,75.52,"6'4""",2.52,plays_taller,75.52,"6'4""",2.52,plays_taller
2021,Myles Thompson,Saint Francis,65794,6-6,"6'6""",78.0,76.01,"6'4""",-1.99,plays_shorter,76.01,"6'4""",-1.99,plays_shorter
2021,Marcus Bingham Jr.,Michigan St.,65797,6-11,"6'11""",83.0,83.91,"7'0""",0.91,plays_taller,83.91,"7'0""",0.91,plays_taller
2021,Zac Watson,Longwood,65798,6-7,"6'7""",79.0,79.63,"6'8""",0.63,plays_at_height,79.63,"6'8""",0.63,plays_at_height
2021,Charles Bassey,Western Kentucky,65800,6-11,"6'11""",83.0,87.2,"7'3""",4.2,plays_taller,87.2,"7'3""",4.2,plays_taller
2021,Jeremiah Gambrell,Prairie View A&M,65801,6-3,"6'3""",75.0,75.76,"6'4""",0.76,plays_taller,75.76,"6'4""",0.76,plays_taller
2021,Dalano Banton,Nebraska,65803,6-9,"6'9""",81.0,78.68,"6'7""",-2.32,plays_shorter,78.68,"6'7""",-2.32,plays_shorter
2021,Oddyst Walker,Alcorn St.,65806,6-3,"6'3""",75.0,76.48,"6'4""",1.48,plays_taller,76.48,"6'4""",1.48,plays_taller
2021,Caden Sanchez,High Point,65809,6-8,"6'8""",80.0,79.53,"6'8""",-0.47,plays_at_height,79.53,"6'8""",-0.47,plays_at_height
2021,Trey Woodbury,Utah Valley,65811,6-4,"6'4""",76.0,76.53,"6'5""",0.53,plays_at_height,76.53,"6'5""",0.53,plays_at_height
2021,Austin Smellie,Idaho St.,65813,6-5,"6'5""",77.0,75.57,"6'4""",-1.43,plays_shorter,75.57,"6'4""",-1.43,plays_shorter
2021,Foster Loyer,Michigan St.,65814,6-0,"6'0""",72.0,73.97,"6'2""",1.97,plays_taller,73.97,"6'2""",1.97,plays_taller
2021,Brandon Johns Jr.,Michigan,65815,6-8,"6'8""",80.0,79.09,"6'7""",-0.91,plays_shorter,79.09,"6'7""",-0.91,plays_shorter
2021,Alex Jones,Lipscomb,65819,5-9,"5'9""",69.0,74.17,"6'2""",5.17,plays_taller,74.17,"6'2""",5.17,plays_taller
2021,Adam Lulka,Albany,65821,6-8,"6'8""",80.0,77.92,"6'6""",-2.08,plays_shorter,77.92,"6'6""",-2.08,plays_shorter
2021,KeShawn Curry,VCU,65823,6-4,"6'4""",76.0,77.09,"6'5""",1.09,plays_taller,77.09,"6'5""",1.09,plays_taller
2021,Pedro Bradshaw,Bellarmine,65827,6-7,"6'7""",79.0,79.34,"6'7""",0.34,plays_at_height,79.34,"6'7""",0.34,plays_at_height
2021,Isaac Chatman,North Alabama,65833,6-6,"6'6""",78.0,79.54,"6'8""",1.54,plays_taller,79.54,"6'8""",1.54,plays_taller
2021,Milos Stajcic,Campbell,65834,6-10,"6'10""",82.0,77.51,"6'6""",-4.49,plays_shorter,77.51,"6'6""",-4.49,plays_shorter
2021,Spencer Johnson,BYU,65835,6-5,"6'5""",77.0,75.65,"6'4""",-1.35,plays_shorter,75.65,"6'4""",-1.35,plays_shorter
2021,Michael Forrest,Florida Atlantic,65836,6-0,"6'0""",72.0,75.34,"6'3""",3.34,plays_taller,75.34,"6'3""",3.34,plays_taller
2021,"Antonio Daye, Jr.",FIU,65838,6-1,"6'1""",73.0,76.1,"6'4""",3.1,plays_taller,76.1,"6'4""",3.1,plays_taller
2021,Chris Doherty,Northeastern,65839,6-7,"6'7""",79.0,82.5,"6'11""",3.5,plays_taller,82.5,"6'11""",3.5,plays_taller
2021,Isaiah Mucius,Wake Forest,65841,6-8,"6'8""",80.0,77.17,"6'5""",-2.83,plays_shorter,77.17,"6'5""",-2.83,plays_shorter
2021,Jamal Bey,Washington,65843,6-6,"6'6""",78.0,76.95,"6'5""",-1.05,plays_shorter,76.95,"6'5""",-1.05,plays_shorter
2021,Trey Jemison,UAB,65848,7-0,"7'0""",84.0,82.29,"6'10""",-1.71,plays_shorter,82.29,"6'10""",-1.71,plays_shorter
2021,John Newman III,Clemson,65849,6-5,"6'5""",77.0,77.05,"6'5""",0.05,plays_at_height,77.05,"6'5""",0.05,plays_at_height
2021,Wynston Tabbs,Boston College,65852,6-2,"6'2""",74.0,74.65,"6'3""",0.65,plays_at_height,74.65,"6'3""",0.65,plays_at_height
2021,Nathan Mensah,San Diego St.,65856,6-10,"6'10""",82.0,83.44,"6'11""",1.44,plays_taller,83.44,"6'11""",1.44,plays_taller
2021,Will Richardson,Oregon,65858,6-5,"6'5""",77.0,75.21,"6'3""",-1.79,plays_shorter,75.21,"6'3""",-1.79,plays_shorter
2021,Christian Anigwe,UC Davis,65861,6-9,"6'9""",81.0,79.67,"6'8""",-1.33,plays_shorter,79.67,"6'8""",-1.33,plays_shorter
2021,Alonzo Sule,Texas St.,65864,6-7,"6'7""",79.0,77.68,"6'6""",-1.32,plays_shorter,77.68,"6'6""",-1.32,plays_shorter
2021,Ja'Shon Henry,Bradley,65865,6-6,"6'6""",78.0,78.77,"6'7""",0.77,plays_taller,78.77,"6'7""",0.77,plays_taller
2021,Darius McGhee,Liberty,65866,5-9,"5'9""",69.0,76.75,"6'5""",7.75,plays_taller,76.75,"6'5""",7.75,plays_taller
2021,Rasir Bolton,Iowa St.,65867,6-3,"6'3""",75.0,77.09,"6'5""",2.09,plays_taller,77.09,"6'5""",2.09,plays_taller
2021,Eli Parquet,Colorado,65870,6-3,"6'3""",75.0,77.47,"6'5""",2.47,plays_taller,77.47,"6'5""",2.47,plays_taller
2021,Samuel Chaput,Monmouth,65871,6-0,"6'0""",72.0,74.42,"6'2""",2.42,plays_taller,74.42,"6'2""",2.42,plays_taller
2021,Nikkei Rutty,Monmouth,65872,6-8,"6'8""",80.0,80.69,"6'9""",0.69,plays_at_height,80.69,"6'9""",0.69,plays_at_height
2021,Raheem Solomon,Niagara,65873,6-3,"6'3""",75.0,75.41,"6'3""",0.41,plays_at_height,75.41,"6'3""",0.41,plays_at_height
2021,Marcus Hammond,Niagara,65874,6-2,"6'2""",74.0,75.6,"6'4""",1.6,plays_taller,75.6,"6'4""",1.6,plays_taller
2021,Tyrel Bladen,Rider,65878,6-10,"6'10""",82.0,80.04,"6'8""",-1.96,plays_shorter,80.04,"6'8""",-1.96,plays_shorter
2021,Jalen Pickett,Siena,65879,6-4,"6'4""",76.0,76.65,"6'5""",0.65,plays_at_height,76.65,"6'5""",0.65,plays_at_height
2021,Justin Bean,Utah St.,65883,6-7,"6'7""",79.0,79.67,"6'8""",0.67,plays_at_height,79.67,"6'8""",0.67,plays_at_height
2021,Cole Swider,Villanova,65888,6-9,"6'9""",81.0,77.34,"6'5""",-3.66,plays_shorter,77.34,"6'5""",-3.66,plays_shorter
2021,Jake Forrester,Temple,65890,6-8,"6'8""",80.0,79.82,"6'8""",-0.18,plays_at_height,79.82,"6'8""",-0.18,plays_at_height
2021,Jerome Hunter,Indiana,65892,6-7,"6'7""",79.0,77.32,"6'5""",-1.68,plays_shorter,77.32,"6'5""",-1.68,plays_shorter
2021,Rob Phinisee,Indiana,65893,6-1,"6'1""",73.0,76.31,"6'4""",3.31,plays_taller,76.31,"6'4""",3.31,plays_taller
2021,Tuukka Jaakkola,Cal Poly,65896,6-10,"6'10""",82.0,78.05,"6'6""",-3.95,plays_shorter,78.05,"6'6""",-3.95,plays_shorter
2021,Tim Finke,Wright St.,65899,6-6,"6'6""",78.0,77.55,"6'6""",-0.45,plays_at_height,77.55,"6'6""",-0.45,plays_at_height
2021,Deshon Parker,Appalachian St.,65902,6-4,"6'4""",76.0,74.08,"6'2""",-1.92,plays_shorter,74.08,"6'2""",-1.92,plays_shorter
2021,Warren Williams,Manhattan,65903,6-9,"6'9""",81.0,81.66,"6'10""",0.66,plays_at_height,81.66,"6'10""",0.66,plays_at_height
2021,Adrian Delph,Appalachian St.,65911,6-3,"6'3""",75.0,76.28,"6'4""",1.28,plays_taller,76.28,"6'4""",1.28,plays_taller
2021,Ben Pyle,San Diego,65913,6-7,"6'7""",79.0,75.23,"6'3""",-3.77,plays_shorter,75.23,"6'3""",-3.77,plays_shorter
2021,Luis Rodriguez,Mississippi,65914,6-6,"6'6""",78.0,79.98,"6'8""",1.98,plays_taller,79.98,"6'8""",1.98,plays_taller
2021,D.J. Stewart Jr.,Mississippi St.,65916,6-6,"6'6""",78.0,76.26,"6'4""",-1.74,plays_shorter,76.26,"6'4""",-1.74,plays_shorter
2021,Sidney Wilson,SIU Edwardsville,65922,6-7,"6'7""",79.0,77.57,"6'6""",-1.43,plays_shorter,77.57,"6'6""",-1.43,plays_shorter
2021,Tyler Harris,Iowa St.,65923,5-9,"5'9""",69.0,74.44,"6'2""",5.44,plays_taller,74.44,"6'2""",5.44,plays_taller
2021,Alex Lomax,Memphis,65924,6-0,"6'0""",72.0,77.02,"6'5""",5.02,plays_taller,77.02,"6'5""",5.02,plays_taller
2021,Antwann Jones,Creighton,65925,6-6,"6'6""",78.0,76.79,"6'5""",-1.21,plays_shorter,76.79,"6'5""",-1.21,plays_shorter
2021,Jayden Hardaway,Memphis,65926,6-5,"6'5""",77.0,76.36,"6'4""",-0.64,plays_at_height,76.36,"6'4""",-0.64,plays_at_height
2021,Ryan Boyce,Georgia St.,65927,6-6,"6'6""",78.0,77.53,"6'6""",-0.47,plays_at_height,77.53,"6'6""",-0.47,plays_at_height
2021,Madut Akec,South Florida,65928,6-7,"6'7""",79.0,75.77,"6'4""",-3.23,plays_shorter,75.77,"6'4""",-3.23,plays_shorter
2021,Xavier Castaneda,South Florida,65929,6-1,"6'1""",73.0,74.03,"6'2""",1.03,plays_taller,74.03,"6'2""",1.03,plays_taller
2021,Michael Durr,South Florida,65930,7-0,"7'0""",84.0,80.88,"6'9""",-3.12,plays_shorter,80.88,"6'9""",-3.12,plays_shorter
2021,Race Thompson,Indiana,65932,6-8,"6'8""",80.0,80.88,"6'9""",0.88,plays_taller,80.88,"6'9""",0.88,plays_taller
2021,Jabari Rice,New Mexico St.,65933,6-4,"6'4""",76.0,77.9,"6'6""",1.9,plays_taller,77.9,"6'6""",1.9,plays_taller
2021,Warren Washington,Nevada,65936,7-0,"7'0""",84.0,81.68,"6'10""",-2.32,plays_shorter,81.68,"6'10""",-2.32,plays_shorter
2021,Jaiden Delaire,Stanford,65937,6-9,"6'9""",81.0,78.11,"6'6""",-2.89,plays_shorter,78.11,"6'6""",-2.89,plays_shorter
2021,Lukas Kisunas,Stanford,65940,6-10,"6'10""",82.0,79.52,"6'8""",-2.48,plays_shorter,79.52,"6'8""",-2.48,plays_shorter
2021,Cormac Ryan,Notre Dame,65941,6-5,"6'5""",77.0,76.74,"6'5""",-0.26,plays_at_height,76.74,"6'5""",-0.26,plays_at_height
2021,DaQuan Smith,Murray St.,65943,6-1,"6'1""",73.0,75.82,"6'4""",2.82,plays_taller,75.82,"6'4""",2.82,plays_taller
2021,Jarron Coleman,Ball St.,65944,6-5,"6'5""",77.0,77.75,"6'6""",0.75,plays_taller,77.75,"6'6""",0.75,plays_taller
2021,Tayler Mattos,New Hampshire,65946,6-11,"6'11""",83.0,80.26,"6'8""",-2.74,plays_shorter,80.26,"6'8""",-2.74,plays_shorter
2021,Caleb Fields,Bowling Green,65947,6-2,"6'2""",74.0,76.54,"6'5""",2.54,plays_taller,76.54,"6'5""",2.54,plays_taller
2021,Connor Harding,BYU,65952,6-6,"6'6""",78.0,76.12,"6'4""",-1.88,plays_shorter,76.12,"6'4""",-1.88,plays_shorter
2021,Jordan Phillips,UT Arlington,65955,6-7,"6'7""",79.0,75.58,"6'4""",-3.42,plays_shorter,75.58,"6'4""",-3.42,plays_shorter
2021,Matt Herasme,Marist,65957,6-3,"6'3""",75.0,76.53,"6'5""",1.53,plays_taller,76.53,"6'5""",1.53,plays_taller
2021,Samir Stewart,Manhattan,65959,6-0,"6'0""",72.0,74.14,"6'2""",2.14,plays_taller,74.14,"6'2""",2.14,plays_taller
2021,Christian Hinckson,Binghamton,65961,6-7,"6'7""",79.0,78.53,"6'7""",-0.47,plays_at_height,78.53,"6'7""",-0.47,plays_at_height
2021,Elijah Buchanan,Manhattan,65962,6-5,"6'5""",77.0,77.66,"6'6""",0.66,plays_at_height,77.66,"6'6""",0.66,plays_at_height
2021,Ochai Agbaji,Kansas,65963,6-5,"6'5""",77.0,77.42,"6'5""",0.42,plays_at_height,77.42,"6'5""",0.42,plays_at_height
2021,Joey Calcaterra,San Diego,65964,6-3,"6'3""",75.0,75.19,"6'3""",0.19,plays_at_height,75.19,"6'3""",0.19,plays_at_height
2021,Takiula Fahrensohn,Portland,65967,6-7,"6'7""",79.0,75.87,"6'4""",-3.13,plays_shorter,75.87,"6'4""",-3.13,plays_shorter
2021,David Wingett,South Dakota St.,65968,6-7,"6'7""",79.0,76.0,"6'4""",-3.0,plays_shorter,76.0,"6'4""",-3.0,plays_shorter
2021,Jamari Blackmon,North Alabama,65969,6-1,"6'1""",73.0,74.31,"6'2""",1.31,plays_taller,74.31,"6'2""",1.31,plays_taller
2021,Juan Munoz,Longwood,65970,6-0,"6'0""",72.0,74.57,"6'3""",2.57,plays_taller,74.57,"6'3""",2.57,plays_taller
2021,Jeenathan Williams,Buffalo,65971,6-5,"6'5""",77.0,78.43,"6'6""",1.43,plays_taller,78.43,"6'6""",1.43,plays_taller
2021,Nevin Zink,USC Upstate,65972,6-9,"6'9""",81.0,79.91,"6'8""",-1.09,plays_shorter,79.91,"6'8""",-1.09,plays_shorter
2021,Ronaldo Segu,Buffalo,65974,6-0,"6'0""",72.0,75.76,"6'4""",3.76,plays_taller,75.76,"6'4""",3.76,plays_taller
2021,Bryson Mozone,USC Upstate,65976,6-6,"6'6""",78.0,76.36,"6'4""",-1.64,plays_shorter,76.36,"6'4""",-1.64,plays_shorter
2021,Nick Muszynski,Belmont,65978,6-11,"6'11""",83.0,80.63,"6'9""",-2.37,plays_shorter,80.63,"6'9""",-2.37,plays_shorter
2021,Tate Pierson,Belmont,65979,6-6,"6'6""",78.0,74.99,"6'3""",-3.01,plays_shorter,74.99,"6'3""",-3.01,plays_shorter
2021,D.J. Burns Jr.,Winthrop,65981,6-9,"6'9""",81.0,79.07,"6'7""",-1.93,plays_shorter,79.07,"6'7""",-1.93,plays_shorter
2021,Keyshawn Bryant,South Carolina,65983,6-6,"6'6""",78.0,79.96,"6'8""",1.96,plays_taller,79.96,"6'8""",1.96,plays_taller
2021,Jaylen Sims,UNC Wilmington,65985,6-6,"6'6""",78.0,76.64,"6'5""",-1.36,plays_shorter,76.64,"6'5""",-1.36,plays_shorter
2021,Joe Bryant Jr.,Norfolk St.,65991,6-1,"6'1""",73.0,75.19,"6'3""",2.19,plays_taller,75.19,"6'3""",2.19,plays_taller
2021,Jahmel Myers,New Orleans,65992,6-6,"6'6""",78.0,77.46,"6'5""",-0.54,plays_at_height,77.46,"6'5""",-0.54,plays_at_height
2021,Nate Roberts,Washington,65994,6-11,"6'11""",83.0,80.15,"6'8""",-2.85,plays_shorter,80.15,"6'8""",-2.85,plays_shorter
2021,Deon Stroud,Fresno St.,65995,6-5,"6'5""",77.0,77.75,"6'6""",0.75,plays_at_height,77.75,"6'6""",0.75,plays_at_height
2021,Ty Brewer,East Tennessee St.,65997,6-9,"6'9""",81.0,78.36,"6'6""",-2.64,plays_shorter,78.36,"6'6""",-2.64,plays_shorter
2021,Ethan Igbanugo,North Dakota,65999,6-3,"6'3""",75.0,75.26,"6'3""",0.26,plays_at_height,75.26,"6'3""",0.26,plays_at_height
2021,Aanen Moody,Southern Utah,66001,6-3,"6'3""",75.0,73.93,"6'2""",-1.07,plays_shorter,73.93,"6'2""",-1.07,plays_shorter
2021,Francis Lacis,Oral Roberts,66002,6-7,"6'7""",79.0,78.1,"6'6""",-0.9,plays_shorter,78.1,"6'6""",-0.9,plays_shorter
2021,David Pierce III,Alcorn St.,66003,6-3,"6'3""",75.0,73.0,"6'1""",-2.0,plays_shorter,73.0,"6'1""",-2.0,plays_shorter
2021,DeVante' Jones,Coastal Carolina,66006,6-1,"6'1""",73.0,77.29,"6'5""",4.29,plays_taller,77.29,"6'5""",4.29,plays_taller
2021,KJ Buffen,Mississippi,66011,6-7,"6'7""",79.0,79.78,"6'8""",0.78,plays_taller,79.78,"6'8""",0.78,plays_taller
2021,Franco Miller Jr.,Florida Gulf Coast,66012,6-3,"6'3""",75.0,76.2,"6'4""",1.2,plays_taller,76.2,"6'4""",1.2,plays_taller
2021,Tykei Greene,Stony Brook,66013,6-4,"6'4""",76.0,78.37,"6'6""",2.37,plays_taller,78.37,"6'6""",2.37,plays_taller
2021,KC Hankton,Chattanooga,66014,6-7,"6'7""",79.0,77.36,"6'5""",-1.64,plays_shorter,77.36,"6'5""",-1.64,plays_shorter
2021,Brendan Adams,Connecticut,66015,6-4,"6'4""",76.0,75.37,"6'3""",-0.63,plays_at_height,75.37,"6'3""",-0.63,plays_at_height
2021,Josh Alexander,American,66021,6-8,"6'8""",80.0,78.07,"6'6""",-1.93,plays_shorter,78.07,"6'6""",-1.93,plays_shorter
2021,Demarius Jacobs,Saint Louis,66023,6-2,"6'2""",74.0,77.16,"6'5""",3.16,plays_taller,77.16,"6'5""",3.16,plays_taller
2021,Jonathan Tchamwa Tchatchoua,Baylor,66025,6-8,"6'8""",80.0,81.39,"6'9""",1.39,plays_taller,81.39,"6'9""",1.39,plays_taller
2021,Fred Thatch Jr.,Saint Louis,66026,6-3,"6'3""",75.0,78.44,"6'6""",3.44,plays_taller,78.44,"6'6""",3.44,plays_taller
2021,Javon Freeman-Liberty,DePaul,66031,6-4,"6'4""",76.0,77.32,"6'5""",1.32,plays_taller,77.32,"6'5""",1.32,plays_taller
2021,De'Torrion Ware,Morgan St.,66032,6-4,"6'4""",76.0,77.5,"6'6""",1.5,plays_taller,77.5,"6'6""",1.5,plays_taller
2021,Jahbril Price-Noel,Pacific,66033,6-7,"6'7""",79.0,75.54,"6'4""",-3.46,plays_shorter,75.54,"6'4""",-3.46,plays_shorter
2021,Ajare Sanni,UC Santa Barbara,66034,6-3,"6'3""",75.0,74.94,"6'3""",-0.06,plays_at_height,74.94,"6'3""",-0.06,plays_at_height
2021,Darryl Polk Jr.,Pepperdine,66036,5-9,"5'9""",69.0,75.94,"6'4""",6.94,plays_taller,75.94,"6'4""",6.94,plays_taller
2021,A.J. Reeves,Providence,66037,6-6,"6'6""",78.0,76.15,"6'4""",-1.85,plays_shorter,76.15,"6'4""",-1.85,plays_shorter
2021,Jimmy Nichols Jr.,Providence,66038,6-8,"6'8""",80.0,78.19,"6'6""",-1.81,plays_shorter,78.19,"6'6""",-1.81,plays_shorter
2021,DeShaun Wade,Longwood,66039,6-2,"6'2""",74.0,75.15,"6'3""",1.15,plays_taller,75.15,"6'3""",1.15,plays_taller
2021,David Duke,Providence,66040,6-5,"6'5""",77.0,77.79,"6'6""",0.79,plays_taller,77.79,"6'6""",0.79,plays_taller
2021,Ian Krishnan,Central Connecticut,66041,6-2,"6'2""",74.0,74.27,"6'2""",0.27,plays_at_height,74.27,"6'2""",0.27,plays_at_height
2021,Joe Kasperzyk,Southeastern Louisiana,66043,6-3,"6'3""",75.0,75.53,"6'4""",0.53,plays_at_height,75.53,"6'4""",0.53,plays_at_height
2021,Kani Acree,Ball St.,66046,6-6,"6'6""",78.0,75.49,"6'3""",-2.51,plays_shorter,75.49,"6'3""",-2.51,plays_shorter
2021,Dibaji Walker,Massachusetts,66050,6-9,"6'9""",81.0,77.58,"6'6""",-3.42,plays_shorter,77.58,"6'6""",-3.42,plays_shorter
2021,Jayden Gardner,East Carolina,66051,6-7,"6'7""",79.0,77.93,"6'6""",-1.07,plays_shorter,77.93,"6'6""",-1.07,plays_shorter
2021,Everette Hammond,USC Upstate,66054,6-3,"6'3""",75.0,74.45,"6'2""",-0.55,plays_at_height,74.45,"6'2""",-0.55,plays_at_height
2021,Tolu Smith,Mississippi St.,66056,6-10,"6'10""",82.0,81.17,"6'9""",-0.83,plays_shorter,81.17,"6'9""",-0.83,plays_shorter
2021,TJ Moss,South Carolina,66062,6-4,"6'4""",76.0,74.26,"6'2""",-1.74,plays_shorter,74.26,"6'2""",-1.74,plays_shorter
2021,AJ Lawson,South Carolina,66063,6-6,"6'6""",78.0,76.76,"6'5""",-1.24,plays_shorter,76.76,"6'5""",-1.24,plays_shorter
2021,Xavier Pinson,Missouri,66064,6-2,"6'2""",74.0,75.99,"6'4""",1.99,plays_taller,75.99,"6'4""",1.99,plays_taller
2021,Parker Braun,Missouri,66066,6-8,"6'8""",80.0,80.0,"6'8""",0.0,plays_at_height,80.0,"6'8""",0.0,plays_at_height
2021,Danya Kingsby,Bradley,66067,6-1,"6'1""",73.0,75.98,"6'4""",2.98,plays_taller,75.98,"6'4""",2.98,plays_taller
2021,Darius Days,LSU,66069,6-7,"6'7""",79.0,79.24,"6'7""",0.24,plays_at_height,79.24,"6'7""",0.24,plays_at_height
2021,KJ Williams,Murray St.,66072,6-10,"6'10""",82.0,79.99,"6'8""",-2.01,plays_shorter,79.99,"6'8""",-2.01,plays_shorter
2021,Gio Nelson,Portland St.,66074,6-5,"6'5""",77.0,76.59,"6'5""",-0.41,plays_at_height,76.59,"6'5""",-0.41,plays_at_height
2021,Dalin Williams,Northwestern St.,66076,6-9,"6'9""",81.0,78.66,"6'7""",-2.34,plays_shorter,78.66,"6'7""",-2.34,plays_shorter
2021,Austin Richie,Tulsa,66079,6-6,"6'6""",78.0,75.18,"6'3""",-2.82,plays_shorter,75.18,"6'3""",-2.82,plays_shorter
2021,Kyle Greeley,Portland St.,66080,6-6,"6'6""",78.0,76.29,"6'4""",-1.71,plays_shorter,76.29,"6'4""",-1.71,plays_shorter
2021,Jalen Hodge,James Madison,66081,6-1,"6'1""",73.0,75.84,"6'4""",2.84,plays_taller,75.84,"6'4""",2.84,plays_taller
2021,Michael Dunne,Hartford,66083,6-0,"6'0""",72.0,76.2,"6'4""",4.2,plays_taller,76.2,"6'4""",4.2,plays_taller
2021,Jacob Boonyasith,UMBC,66089,6-3,"6'3""",75.0,74.73,"6'3""",-0.27,plays_at_height,74.73,"6'3""",-0.27,plays_at_height
2021,Grehlon Easter,Cal St. Bakersfield,66090,6-3,"6'3""",75.0,74.99,"6'3""",-0.01,plays_at_height,74.99,"6'3""",-0.01,plays_at_height
2021,Amanze Ngumezi,Jacksonville St.,66093,6-9,"6'9""",81.0,79.74,"6'8""",-1.26,plays_shorter,79.74,"6'8""",-1.26,plays_shorter
2021,JoJo Toppin,Georgia St.,66094,6-6,"6'6""",78.0,77.55,"6'6""",-0.45,plays_at_height,77.55,"6'6""",-0.45,plays_at_height
2021,Tye Fagan,Georgia,66095,6-3,"6'3""",75.0,78.37,"6'6""",3.37,plays_taller,78.37,"6'6""",3.37,plays_taller
2021,Noah Locke,Florida,66096,6-3,"6'3""",75.0,74.39,"6'2""",-0.61,plays_at_height,74.39,"6'2""",-0.61,plays_at_height
2021,Andrew Nembhard,Gonzaga,66098,6-5,"6'5""",77.0,76.38,"6'4""",-0.62,plays_at_height,76.38,"6'4""",-0.62,plays_at_height
2021,Tyrone Lyons,North Carolina A&T,66099,6-7,"6'7""",79.0,79.05,"6'7""",0.05,plays_at_height,79.05,"6'7""",0.05,plays_at_height
2021,Christian Agnew,UTEP,66103,6-2,"6'2""",74.0,76.57,"6'5""",2.57,plays_taller,76.57,"6'5""",2.57,plays_taller
2021,Brady Heiman,South Dakota,66104,6-11,"6'11""",83.0,77.86,"6'6""",-5.14,plays_shorter,77.86,"6'6""",-5.14,plays_shorter
2021,Ryan Greer,Northwestern,66105,6-2,"6'2""",74.0,75.1,"6'3""",1.1,plays_taller,75.1,"6'3""",1.1,plays_taller
2021,Gabe Kalscheur,Minnesota,66107,6-4,"6'4""",76.0,75.04,"6'3""",-0.96,plays_shorter,75.04,"6'3""",-0.96,plays_shorter
2021,Gabe Brown,Michigan St.,66108,6-7,"6'7""",79.0,77.25,"6'5""",-1.75,plays_shorter,77.25,"6'5""",-1.75,plays_shorter
2021,Flo Thamba,Baylor,66112,6-10,"6'10""",82.0,81.08,"6'9""",-0.92,plays_shorter,81.08,"6'9""",-0.92,plays_shorter
2021,Jared Butler,Baylor,66113,6-3,"6'3""",75.0,77.1,"6'5""",2.1,plays_taller,77.1,"6'5""",2.1,plays_taller
2021,Osun Osunniyi,St. Bonaventure,66114,6-10,"6'10""",82.0,84.08,"7'0""",2.08,plays_taller,84.08,"7'0""",2.08,plays_taller
2021,Vince Williams Jr.,VCU,66115,6-6,"6'6""",78.0,77.07,"6'5""",-0.93,plays_shorter,77.07,"6'5""",-0.93,plays_shorter
2021,P.J. Byrd,Colorado St.,66116,6-1,"6'1""",73.0,76.15,"6'4""",3.15,plays_taller,76.15,"6'4""",3.15,plays_taller
2021,Darius Beane,Northern Illinois,66117,6-3,"6'3""",75.0,76.87,"6'5""",1.87,plays_taller,76.87,"6'5""",1.87,plays_taller
2021,Tre King,Eastern Kentucky,66121,6-9,"6'9""",81.0,80.11,"6'8""",-0.89,plays_shorter,80.11,"6'8""",-0.89,plays_shorter
2021,Cameron Tyson,Houston,66125,6-2,"6'2""",74.0,72.72,"6'1""",-1.28,plays_shorter,72.72,"6'1""",-1.28,plays_shorter
2021,Michael Meadows,Eastern Washington,66127,6-2,"6'2""",74.0,74.68,"6'3""",0.68,plays_at_height,74.68,"6'3""",0.68,plays_at_height
2021,RayQuawndis Mitchell,Illinois Chicago,66128,6-5,"6'5""",77.0,74.09,"6'2""",-2.91,plays_shorter,74.09,"6'2""",-2.91,plays_shorter
2021,Victor Ohia Obioha,Pepperdine,66132,6-9,"6'9""",81.0,80.47,"6'8""",-0.53,plays_at_height,80.47,"6'8""",-0.53,plays_at_height
2021,Jackson Stormo,Siena,66133,6-9,"6'9""",81.0,78.95,"6'7""",-2.05,plays_shorter,78.95,"6'7""",-2.05,plays_shorter
2021,Gus Okafor,Southeastern Louisiana,66136,6-6,"6'6""",78.0,77.28,"6'5""",-0.72,plays_at_height,77.28,"6'5""",-0.72,plays_at_height
2021,Ludovic Dufeal,Gardner Webb,66138,6-8,"6'8""",80.0,80.56,"6'9""",0.56,plays_at_height,80.56,"6'9""",0.56,plays_at_height
2021,Rob Peterson III,High Point,66141,6-6,"6'6""",78.0,75.28,"6'3""",-2.72,plays_shorter,75.28,"6'3""",-2.72,plays_shorter
2021,LJ Thorpe,UNC Asheville,66143,6-5,"6'5""",77.0,77.19,"6'5""",0.19,plays_at_height,77.19,"6'5""",0.19,plays_at_height
2021,Trevon Faulkner,Northern Kentucky,66144,6-3,"6'3""",75.0,77.32,"6'5""",2.32,plays_taller,77.32,"6'5""",2.32,plays_taller
2021,Adrian Nelson,Northern Kentucky,66145,6-7,"6'7""",79.0,81.48,"6'9""",2.48,plays_taller,81.48,"6'9""",2.48,plays_taller
2021,Braden Norris,Loyola Chicago,66146,6-0,"6'0""",72.0,74.98,"6'3""",2.98,plays_taller,74.98,"6'3""",2.98,plays_taller
2021,Nick Honor,Clemson,66148,5-10,"5'10""",70.0,74.51,"6'3""",4.51,plays_taller,74.51,"6'3""",4.51,plays_taller
2021,Harrison Butler,Southern Utah,66149,6-5,"6'5""",77.0,77.58,"6'6""",0.58,plays_at_height,77.58,"6'6""",0.58,plays_at_height
2021,Serrel Smith,East Tennessee St.,66150,6-4,"6'4""",76.0,75.88,"6'4""",-0.12,plays_at_height,75.88,"6'4""",-0.12,plays_at_height
2021,Sasha Stefanovic,Purdue,66152,6-5,"6'5""",77.0,75.01,"6'3""",-1.99,plays_shorter,75.01,"6'3""",-1.99,plays_shorter
2021,Richard Njoku,Navy,66156,6-7,"6'7""",79.0,79.36,"6'7""",0.36,plays_at_height,79.36,"6'7""",0.36,plays_at_height
2021,Jaylin Andrews,Loyola MD,66159,6-4,"6'4""",76.0,76.13,"6'4""",0.13,plays_at_height,76.13,"6'4""",0.13,plays_at_height
2021,Kenneth Jones,Loyola MD,66161,6-0,"6'0""",72.0,74.72,"6'3""",2.72,plays_taller,74.72,"6'3""",2.72,plays_taller
2021,Javonte Smart,LSU,66163,6-4,"6'4""",76.0,76.04,"6'4""",0.04,plays_at_height,76.04,"6'4""",0.04,plays_at_height
2021,Tray Maddox Jr.,Cal St. Fullerton,66166,6-6,"6'6""",78.0,74.23,"6'2""",-3.77,plays_shorter,74.23,"6'2""",-3.77,plays_shorter
2021,Malik Martin,Rhode Island,66168,6-6,"6'6""",78.0,78.25,"6'6""",0.25,plays_at_height,78.25,"6'6""",0.25,plays_at_height
2021,Cooper Robb,Eastern Kentucky,66169,6-1,"6'1""",73.0,75.23,"6'3""",2.23,plays_taller,75.23,"6'3""",2.23,plays_taller
2021,Brandon Younger,Presbyterian,66170,6-7,"6'7""",79.0,77.91,"6'6""",-1.09,plays_shorter,77.91,"6'6""",-1.09,plays_shorter
2021,Jaylen Sebree,Morehead St.,66171,6-7,"6'7""",79.0,78.49,"6'6""",-0.51,plays_at_height,78.49,"6'6""",-0.51,plays_at_height
2021,James Akinjo,Arizona,66172,6-1,"6'1""",73.0,74.34,"6'2""",1.34,plays_taller,74.34,"6'2""",1.34,plays_taller
2021,Dravon Mangum,Radford,66175,6-8,"6'8""",80.0,77.48,"6'5""",-2.52,plays_shorter,77.48,"6'5""",-2.52,plays_shorter
2021,Zep Jasper,Charleston,66178,6-1,"6'1""",73.0,75.14,"6'3""",2.14,plays_taller,75.14,"6'3""",2.14,plays_taller
2021,Elijah McCadden,Georgia Southern,66183,6-4,"6'4""",76.0,77.37,"6'5""",1.37,plays_taller,77.37,"6'5""",1.37,plays_taller
2021,Justin Hemsley,Hawaii,66188,6-6,"6'6""",78.0,78.15,"6'6""",0.15,plays_at_height,78.15,"6'6""",0.15,plays_at_height
2021,Jared Bynum,Providence,66190,5-10,"5'10""",70.0,74.24,"6'2""",4.24,plays_taller,74.24,"6'2""",4.24,plays_taller
2021,Jake Wojcik,Fairfield,66191,6-5,"6'5""",77.0,74.66,"6'3""",-2.34,plays_shorter,74.66,"6'3""",-2.34,plays_shorter
2021,Souleymane Koureissi,Richmond,66192,6-9,"6'9""",81.0,78.91,"6'7""",-2.09,plays_shorter,78.91,"6'7""",-2.09,plays_shorter
2021,Andre Gustavson,Richmond,66193,6-4,"6'4""",76.0,76.61,"6'5""",0.61,plays_at_height,76.61,"6'5""",0.61,plays_at_height
2021,Matt Grace,Richmond,66194,6-9,"6'9""",81.0,76.34,"6'4""",-4.66,plays_shorter,76.34,"6'4""",-4.66,plays_shorter
2021,Omar Silverio,Hofstra,66196,6-3,"6'3""",75.0,74.61,"6'3""",-0.39,plays_at_height,74.61,"6'3""",-0.39,plays_at_height
2021,Tre Wood,LIU,66197,6-1,"6'1""",73.0,74.49,"6'2""",1.49,plays_taller,74.49,"6'2""",1.49,plays_taller
2021,Samba Diallo,Manhattan,66198,6-7,"6'7""",79.0,78.19,"6'6""",-0.81,plays_shorter,78.19,"6'6""",-0.81,plays_shorter
2021,Michael Devoe,Georgia Tech,66200,6-5,"6'5""",77.0,76.11,"6'4""",-0.89,plays_shorter,76.11,"6'4""",-0.89,plays_shorter
2021,Diego Willis,NJIT,66201,6-4,"6'4""",76.0,75.71,"6'4""",-0.29,plays_at_height,75.71,"6'4""",-0.29,plays_at_height
2021,Joey Baker,Duke,66202,6-6,"6'6""",78.0,74.96,"6'3""",-3.04,plays_shorter,74.96,"6'3""",-3.04,plays_shorter
2021,Blake Preston,Liberty,66205,6-9,"6'9""",81.0,82.03,"6'10""",1.03,plays_taller,82.03,"6'10""",1.03,plays_taller
2021,Myles Dread,Penn St.,66208,6-4,"6'4""",76.0,75.01,"6'3""",-0.99,plays_shorter,75.01,"6'3""",-0.99,plays_shorter
2021,Ryan Young,Northwestern,66209,6-10,"6'10""",82.0,80.01,"6'8""",-1.99,plays_shorter,80.01,"6'8""",-1.99,plays_shorter
2021,Miller Kopp,Northwestern,66210,6-7,"6'7""",79.0,76.35,"6'4""",-2.65,plays_shorter,76.35,"6'4""",-2.65,plays_shorter
2021,Pete Nance,Northwestern,66212,6-10,"6'10""",82.0,79.64,"6'8""",-2.36,plays_shorter,79.64,"6'8""",-2.36,plays_shorter
2021,Justin Ahrens,Ohio St.,66213,6-6,"6'6""",78.0,75.02,"6'3""",-2.98,plays_shorter,75.02,"6'3""",-2.98,plays_shorter
2021,Duane Washington Jr.,Ohio St.,66214,6-3,"6'3""",75.0,75.8,"6'4""",0.8,plays_taller,75.8,"6'4""",0.8,plays_taller
2021,Myreon Jones,Penn St.,66215,6-3,"6'3""",75.0,75.67,"6'4""",0.67,plays_at_height,75.67,"6'4""",0.67,plays_at_height
2021,Jaedon LeDee,TCU,66216,6-9,"6'9""",81.0,79.68,"6'8""",-1.32,plays_shorter,79.68,"6'8""",-1.32,plays_shorter
2021,John Knight III,Southern Utah,66218,6-3,"6'3""",75.0,78.09,"6'6""",3.09,plays_taller,78.09,"6'6""",3.09,plays_taller
2021,Jules Bernard,UCLA,66219,6-6,"6'6""",78.0,76.86,"6'5""",-1.14,plays_shorter,76.86,"6'5""",-1.14,plays_shorter
2021,Kyle Lofton,St. Bonaventure,66221,6-3,"6'3""",75.0,76.16,"6'4""",1.16,plays_taller,76.16,"6'4""",1.16,plays_taller
2021,Ben Harvey,Southern Illinois,66223,6-5,"6'5""",77.0,76.05,"6'4""",-0.95,plays_shorter,76.05,"6'4""",-0.95,plays_shorter
2021,Jordan McCabe,West Virginia,66225,6-0,"6'0""",72.0,74.91,"6'3""",2.91,plays_taller,74.91,"6'3""",2.91,plays_taller
2021,Emmitt Matthews Jr.,West Virginia,66226,6-7,"6'7""",79.0,78.47,"6'6""",-0.53,plays_at_height,78.47,"6'6""",-0.53,plays_at_height
2021,Derek Culver,West Virginia,66229,6-10,"6'10""",82.0,81.84,"6'10""",-0.16,plays_at_height,81.84,"6'10""",-0.16,plays_at_height
2021,Cameron Copeland,Charleston,66233,6-7,"6'7""",79.0,77.16,"6'5""",-1.84,plays_shorter,77.16,"6'5""",-1.84,plays_shorter
2021,Carter Hendricksen,North Florida,66234,6-7,"6'7""",79.0,76.24,"6'4""",-2.76,plays_shorter,76.24,"6'4""",-2.76,plays_shorter
2021,Dorian James,North Florida,66235,6-7,"6'7""",79.0,78.02,"6'6""",-0.98,plays_shorter,78.02,"6'6""",-0.98,plays_shorter
2021,Dan Fotu,Saint Mary's,66238,6-7,"6'7""",79.0,78.16,"6'6""",-0.84,plays_shorter,78.16,"6'6""",-0.84,plays_shorter
2021,Matthias Tass,Saint Mary's,66240,6-10,"6'10""",82.0,79.03,"6'7""",-2.97,plays_shorter,79.03,"6'7""",-2.97,plays_shorter
2021,Quinn Clinton,Saint Mary's,66241,6-3,"6'3""",75.0,74.77,"6'3""",-0.23,plays_at_height,74.77,"6'3""",-0.23,plays_at_height
2021,Dane Goodwin,Notre Dame,66245,6-6,"6'6""",78.0,75.81,"6'4""",-2.19,plays_shorter,75.81,"6'4""",-2.19,plays_shorter
2021,Malik Jefferson,Mount St. Mary's,66246,6-9,"6'9""",81.0,80.76,"6'9""",-0.24,plays_at_height,80.76,"6'9""",-0.24,plays_at_height
2021,Kris Wooten,Elon,66250,6-2,"6'2""",74.0,74.84,"6'3""",0.84,plays_taller,74.84,"6'3""",0.84,plays_taller
2021,Anthony Crump,Northern Illinois,66252,6-8,"6'8""",80.0,75.96,"6'4""",-4.04,plays_shorter,75.96,"6'4""",-4.04,plays_shorter
2021,Elijah Harkless,Oklahoma,66255,6-3,"6'3""",75.0,77.34,"6'5""",2.34,plays_taller,77.34,"6'5""",2.34,plays_taller
2021,Darius Brown II,Cal St. Northridge,66256,6-2,"6'2""",74.0,75.94,"6'4""",1.94,plays_taller,75.94,"6'4""",1.94,plays_taller
2021,Brendan Harrick,Cal St. Northridge,66260,6-5,"6'5""",77.0,74.21,"6'2""",-2.79,plays_shorter,74.21,"6'2""",-2.79,plays_shorter
2021,Jeameril Wilson,Lehigh,66263,6-7,"6'7""",79.0,76.03,"6'4""",-2.97,plays_shorter,76.03,"6'4""",-2.97,plays_shorter
2021,Tyrone Perry,Lafayette,66264,6-2,"6'2""",74.0,74.82,"6'3""",0.82,plays_taller,74.82,"6'3""",0.82,plays_taller
2021,Sean Good,Lafayette,66265,6-10,"6'10""",82.0,80.1,"6'8""",-1.9,plays_shorter,80.1,"6'8""",-1.9,plays_shorter
2021,DeAndre Williams,Memphis,66266,6-9,"6'9""",81.0,80.16,"6'8""",-0.84,plays_shorter,80.16,"6'8""",-0.84,plays_shorter
2021,Nic Lynch,Lehigh,66267,6-11,"6'11""",83.0,77.47,"6'5""",-5.53,plays_shorter,77.47,"6'5""",-5.53,plays_shorter
2021,Blake Harris,North Carolina A&T,66268,6-3,"6'3""",75.0,75.36,"6'3""",0.36,plays_at_height,75.36,"6'3""",0.36,plays_at_height
2021,Trey McGowens,Nebraska,66273,6-4,"6'4""",76.0,76.87,"6'5""",0.87,plays_taller,76.87,"6'5""",0.87,plays_taller
2021,LaDarius Marshall,New Orleans,66276,6-6,"6'6""",78.0,80.88,"6'9""",2.88,plays_taller,80.88,"6'9""",2.88,plays_taller
2021,Kristian Sjolund,UTEP,66277,6-8,"6'8""",80.0,77.83,"6'6""",-2.17,plays_shorter,77.83,"6'6""",-2.17,plays_shorter
2021,Kameron Gibson,Western Carolina,66280,6-3,"6'3""",75.0,74.06,"6'2""",-0.94,plays_shorter,74.06,"6'2""",-0.94,plays_shorter
2021,Jake Stephens,VMI,66281,6-10,"6'10""",82.0,79.22,"6'7""",-2.78,plays_shorter,79.22,"6'7""",-2.78,plays_shorter
2021,Ryan Larson,Wofford,66283,6-1,"6'1""",73.0,76.14,"6'4""",3.14,plays_taller,76.14,"6'4""",3.14,plays_taller
2021,Messiah Jones,Wofford,66286,6-6,"6'6""",78.0,79.48,"6'7""",1.48,plays_taller,79.48,"6'7""",1.48,plays_taller
2021,SK Shittu,Central Arkansas,66288,6-9,"6'9""",81.0,78.89,"6'7""",-2.11,plays_shorter,78.89,"6'7""",-2.11,plays_shorter
2021,Jericole Hellems,N.C. State,66289,6-7,"6'7""",79.0,77.89,"6'6""",-1.11,plays_shorter,77.89,"6'6""",-1.11,plays_shorter
2021,Tyrese Martin,Connecticut,66292,6-6,"6'6""",78.0,79.28,"6'7""",1.28,plays_taller,79.28,"6'7""",1.28,plays_taller
2021,Jamal Hartwell II,George Mason,66294,5-10,"5'10""",70.0,73.52,"6'2""",3.52,plays_taller,73.52,"6'2""",3.52,plays_taller
2021,Jordan Miller,George Mason,66295,6-6,"6'6""",78.0,78.09,"6'6""",0.09,plays_at_height,78.09,"6'6""",0.09,plays_at_height
2021,Jason Douglas-Stanley,Manhattan,66296,6-2,"6'2""",74.0,74.04,"6'2""",0.04,plays_at_height,74.04,"6'2""",0.04,plays_at_height
2021,Berrick JeanLouis,Iona,66298,6-4,"6'4""",76.0,79.32,"6'7""",3.32,plays_taller,79.32,"6'7""",3.32,plays_taller
2021,Elijah McNamara,Miami OH,66299,6-9,"6'9""",81.0,78.49,"6'6""",-2.51,plays_shorter,78.49,"6'6""",-2.51,plays_shorter
2021,Mekhi Lairy,Miami OH,66300,5-8,"5'8""",68.0,75.09,"6'3""",7.09,plays_taller,75.09,"6'3""",7.09,plays_taller
2021,Myja White,Miami OH,66301,6-1,"6'1""",73.0,74.46,"6'2""",1.46,plays_taller,74.46,"6'2""",1.46,plays_taller
2021,DeAndre Gholston,Milwaukee,66303,6-5,"6'5""",77.0,76.89,"6'5""",-0.11,plays_at_height,76.89,"6'5""",-0.11,plays_at_height
2021,Malik Miller,Morgan St.,66304,6-4,"6'4""",76.0,79.59,"6'8""",3.59,plays_taller,79.59,"6'8""",3.59,plays_taller
2021,Tajion Jones,UNC Asheville,66305,6-5,"6'5""",77.0,76.74,"6'5""",-0.26,plays_at_height,76.74,"6'5""",-0.26,plays_at_height
2021,Brock Cunningham,Texas,66308,6-5,"6'5""",77.0,77.39,"6'5""",0.39,plays_at_height,77.39,"6'5""",0.39,plays_at_height
2021,Aleks Novakovich,Delaware,66309,6-9,"6'9""",81.0,75.59,"6'4""",-5.41,plays_shorter,75.59,"6'4""",-5.41,plays_shorter
2021,Raymond Bethea Jr.,Hampton,66312,6-7,"6'7""",79.0,77.39,"6'5""",-1.61,plays_shorter,77.39,"6'5""",-1.61,plays_shorter
2021,Spencer Rodgers,Kennesaw St.,66313,6-4,"6'4""",76.0,74.85,"6'3""",-1.15,plays_shorter,74.85,"6'3""",-1.15,plays_shorter
2021,Au'Diese Toney,Pittsburgh,66315,6-6,"6'6""",78.0,77.43,"6'5""",-0.57,plays_at_height,77.43,"6'5""",-0.57,plays_at_height
2021,Trey Wertz,Notre Dame,66317,6-5,"6'5""",77.0,74.29,"6'2""",-2.71,plays_shorter,74.29,"6'2""",-2.71,plays_shorter
2021,Keshawn Justice,Santa Clara,66318,6-7,"6'7""",79.0,75.84,"6'4""",-3.16,plays_shorter,75.84,"6'4""",-3.16,plays_shorter
2021,Guglielmo Caruso,Santa Clara,66320,6-11,"6'11""",83.0,79.0,"6'7""",-4.0,plays_shorter,79.0,"6'7""",-4.0,plays_shorter
2021,Karrington Wallace,Central Connecticut,66325,6-7,"6'7""",79.0,80.86,"6'9""",1.86,plays_taller,80.86,"6'9""",1.86,plays_taller
2021,Jake Wolfe,Lipscomb,66327,6-5,"6'5""",77.0,75.12,"6'3""",-1.88,plays_shorter,75.12,"6'3""",-1.88,plays_shorter
2021,Brandon Powell,Fairleigh Dickinson,66328,6-2,"6'2""",74.0,75.29,"6'3""",1.29,plays_taller,75.29,"6'3""",1.29,plays_taller
2021,Vado Morse,James Madison,66331,6-0,"6'0""",72.0,74.46,"6'2""",2.46,plays_taller,74.46,"6'2""",2.46,plays_taller
2021,Micheal Anumba,Winthrop,66337,6-4,"6'4""",76.0,76.71,"6'5""",0.71,plays_at_height,76.71,"6'5""",0.71,plays_at_height
2021,Rashad Williams,Oakland,66339,6-2,"6'2""",74.0,73.48,"6'1""",-0.52,plays_at_height,73.48,"6'1""",-0.52,plays_at_height
2021,Mate Colina,Hawaii,66343,7-0,"7'0""",84.0,79.14,"6'7""",-4.86,plays_shorter,79.14,"6'7""",-4.86,plays_shorter
2021,Theo Akwuba,Louisiana,66344,6-11,"6'11""",83.0,84.02,"7'0""",1.02,plays_taller,84.02,"7'0""",1.02,plays_taller
2021,Elijah Weaver,Dayton,66345,6-6,"6'6""",78.0,75.62,"6'4""",-2.38,plays_shorter,75.62,"6'4""",-2.38,plays_shorter
2021,Walter Ellis,Bucknell,66346,6-5,"6'5""",77.0,75.17,"6'3""",-1.83,plays_shorter,75.17,"6'3""",-1.83,plays_shorter
2021,Andrew Funk,Bucknell,66347,6-5,"6'5""",77.0,75.01,"6'3""",-1.99,plays_shorter,75.01,"6'3""",-1.99,plays_shorter
2021,Jack Hemphill,Boston University,66348,6-9,"6'9""",81.0,77.98,"6'6""",-3.02,plays_shorter,77.98,"6'6""",-3.02,plays_shorter
2021,Fletcher Tynen,Boston University,66349,6-7,"6'7""",79.0,76.48,"6'4""",-2.52,plays_shorter,76.48,"6'4""",-2.52,plays_shorter
2021,Tucker Richardson,Colgate,66351,6-5,"6'5""",77.0,76.49,"6'4""",-0.51,plays_at_height,76.49,"6'4""",-0.51,plays_at_height
2021,Kahliel Spear,Robert Morris,66352,6-7,"6'7""",79.0,80.53,"6'9""",1.53,plays_taller,80.53,"6'9""",1.53,plays_taller
2021,Marlon Hargis,Saint Francis,66354,6-7,"6'7""",79.0,78.15,"6'6""",-0.85,plays_shorter,78.15,"6'6""",-0.85,plays_shorter
2021,Ben Vander Plas,Ohio,66356,6-8,"6'8""",80.0,77.61,"6'6""",-2.39,plays_shorter,77.61,"6'6""",-2.39,plays_shorter
2021,LaQuill Hardnett,Buffalo,66357,6-8,"6'8""",80.0,79.41,"6'7""",-0.59,plays_at_height,79.41,"6'7""",-0.59,plays_at_height
2021,Joe Pleasant,Abilene Christian,66361,6-8,"6'8""",80.0,78.73,"6'7""",-1.27,plays_shorter,78.73,"6'7""",-1.27,plays_shorter
2021,Clay Gayman,Abilene Christian,66362,6-6,"6'6""",78.0,78.68,"6'7""",0.68,plays_at_height,78.68,"6'7""",0.68,plays_at_height
2021,Yor Anei,SMU,66363,6-10,"6'10""",82.0,82.46,"6'10""",0.46,plays_at_height,82.46,"6'10""",0.46,plays_at_height
2021,Joe Reece,Old Dominion,66364,6-8,"6'8""",80.0,78.59,"6'7""",-1.41,plays_shorter,78.59,"6'7""",-1.41,plays_shorter
2021,Kalu Ezikpe,Old Dominion,66367,6-8,"6'8""",80.0,82.79,"6'11""",2.79,plays_taller,82.79,"6'11""",2.79,plays_taller
2021,Nicolas Timberlake,Towson,66368,6-4,"6'4""",76.0,76.21,"6'4""",0.21,plays_at_height,76.21,"6'4""",0.21,plays_at_height
2021,Javon Pickett,Missouri,66370,6-5,"6'5""",77.0,76.92,"6'5""",-0.08,plays_at_height,76.92,"6'5""",-0.08,plays_at_height
2021,Jamir Moore,Charleston Southern,66374,6-5,"6'5""",77.0,76.07,"6'4""",-0.93,plays_shorter,76.07,"6'4""",-0.93,plays_shorter
2021,Tyger Campbell,UCLA,66375,5-11,"5'11""",71.0,74.56,"6'3""",3.56,plays_taller,74.56,"6'3""",3.56,plays_taller
2021,Dontrell Shuler,Middle Tennessee,66378,6-2,"6'2""",74.0,74.37,"6'2""",0.37,plays_at_height,74.37,"6'2""",0.37,plays_at_height
2021,Sadarius Bowser,Charleston Southern,66379,6-9,"6'9""",81.0,78.57,"6'7""",-2.43,plays_shorter,78.57,"6'7""",-2.43,plays_shorter
2021,Dominick Welch,St. Bonaventure,66384,6-5,"6'5""",77.0,77.64,"6'6""",0.64,plays_at_height,77.64,"6'6""",0.64,plays_at_height
2021,John Walker III,Texas Southern,66387,6-9,"6'9""",81.0,79.36,"6'7""",-1.64,plays_shorter,79.36,"6'7""",-1.64,plays_shorter
2021,Noah Gurley,Furman,66388,6-8,"6'8""",80.0,79.48,"6'7""",-0.52,plays_at_height,79.48,"6'7""",-0.52,plays_at_height
2021,Sherwyn Devonish,Morgan St.,66393,6-1,"6'1""",73.0,74.94,"6'3""",1.94,plays_taller,74.94,"6'3""",1.94,plays_taller
2021,Shareef O'Neal,LSU,66394,6-10,"6'10""",82.0,79.11,"6'7""",-2.89,plays_shorter,79.11,"6'7""",-2.89,plays_shorter
2021,Jared Ridder,Missouri St.,66396,6-8,"6'8""",80.0,76.28,"6'4""",-3.72,plays_shorter,76.28,"6'4""",-3.72,plays_shorter
2021,Gerrale Gates,Holy Cross,66398,6-6,"6'6""",78.0,78.7,"6'7""",0.7,plays_at_height,78.7,"6'7""",0.7,plays_at_height
2021,Ty Perry,Fordham,66399,6-3,"6'3""",75.0,74.85,"6'3""",-0.15,plays_at_height,74.85,"6'3""",-0.15,plays_at_height
2021,Chris Austin,Fordham,66400,6-4,"6'4""",76.0,75.79,"6'4""",-0.21,plays_at_height,75.79,"6'4""",-0.21,plays_at_height
2021,Jalen Cobb,Fordham,66401,6-1,"6'1""",73.0,76.54,"6'5""",3.54,plays_taller,76.54,"6'5""",3.54,plays_taller
2021,Tobias Cameron,Abilene Christian,66403,6-5,"6'5""",77.0,77.68,"6'6""",0.68,plays_at_height,77.68,"6'6""",0.68,plays_at_height
2021,Kessler Edwards,Pepperdine,66410,6-8,"6'8""",80.0,79.18,"6'7""",-0.82,plays_shorter,79.18,"6'7""",-0.82,plays_shorter
2021,Khalid Moore,Georgia Tech,66414,6-7,"6'7""",79.0,77.03,"6'5""",-1.97,plays_shorter,77.03,"6'5""",-1.97,plays_shorter
2021,Ayo Dosunmu,Illinois,66420,6-5,"6'5""",77.0,78.54,"6'7""",1.54,plays_taller,78.54,"6'7""",1.54,plays_taller
2021,Derek Ballard Jr.,Eastern Michigan,66421,6-8,"6'8""",80.0,78.07,"6'6""",-1.93,plays_shorter,78.07,"6'6""",-1.93,plays_shorter
2021,Zion Young,Oakland,66422,6-4,"6'4""",76.0,74.72,"6'3""",-1.28,plays_shorter,74.72,"6'3""",-1.28,plays_shorter
2021,Jordan Brown,Arizona,66423,6-11,"6'11""",83.0,81.09,"6'9""",-1.91,plays_shorter,81.09,"6'9""",-1.91,plays_shorter
2021,Cameron Ba,UC Davis,66430,6-3,"6'3""",75.0,75.53,"6'4""",0.53,plays_at_height,75.53,"6'4""",0.53,plays_at_height
2021,Adam Flagler,Baylor,66438,6-3,"6'3""",75.0,76.27,"6'4""",1.27,plays_taller,76.27,"6'4""",1.27,plays_taller
2021,Matt Mims,South Dakota St.,66439,6-0,"6'0""",72.0,75.15,"6'3""",3.15,plays_taller,75.15,"6'3""",3.15,plays_taller
2021,Daxton Carr,Idaho St.,66443,6-7,"6'7""",79.0,76.82,"6'5""",-2.18,plays_shorter,76.82,"6'5""",-2.18,plays_shorter
2021,Jayden Saddler,Southern,66444,6-1,"6'1""",73.0,77.04,"6'5""",4.04,plays_taller,77.04,"6'5""",4.04,plays_taller
2021,Patrick Emilien,Western Michigan,66445,6-6,"6'6""",78.0,77.14,"6'5""",-0.86,plays_shorter,77.14,"6'5""",-0.86,plays_shorter
2021,William Boyer-Richard,Western Michigan,66446,6-1,"6'1""",73.0,74.2,"6'2""",1.2,plays_taller,74.2,"6'2""",1.2,plays_taller
2021,Adrian Martin,Western Michigan,66447,6-3,"6'3""",75.0,74.11,"6'2""",-0.89,plays_shorter,74.11,"6'2""",-0.89,plays_shorter
2021,Garrett Pascoe,Boston University,66448,6-3,"6'3""",75.0,73.67,"6'2""",-1.33,plays_shorter,73.67,"6'2""",-1.33,plays_shorter
2021,Alex Arians,South Dakota St.,66450,6-4,"6'4""",76.0,75.87,"6'4""",-0.13,plays_at_height,75.87,"6'4""",-0.13,plays_at_height
2021,Elijah Hardy,Portland St.,66451,6-2,"6'2""",74.0,75.79,"6'4""",1.79,plays_taller,75.79,"6'4""",1.79,plays_taller
2021,Nick Finke,Army,66454,6-7,"6'7""",79.0,79.23,"6'7""",0.23,plays_at_height,79.23,"6'7""",0.23,plays_at_height
2021,Riley Sorn,Washington,66455,7-4,"7'4""",88.0,82.24,"6'10""",-5.76,plays_shorter,82.24,"6'10""",-5.76,plays_shorter
2021,Tim Perry Jr.,Drexel,66456,6-10,"6'10""",82.0,80.75,"6'9""",-1.25,plays_shorter,80.75,"6'9""",-1.25,plays_shorter
2021,Dalvin White,USC Upstate,66457,5-10,"5'10""",70.0,74.34,"6'2""",4.34,plays_taller,74.34,"6'2""",4.34,plays_taller
2021,Ebrima Dibba,Coastal Carolina,66458,6-6,"6'6""",78.0,76.0,"6'4""",-2.0,plays_shorter,76.0,"6'4""",-2.0,plays_shorter
2021,Kur Kuath,Oklahoma,66460,6-10,"6'10""",82.0,82.3,"6'10""",0.3,plays_at_height,82.3,"6'10""",0.3,plays_at_height
2021,Lat Mayen,Nebraska,66461,6-9,"6'9""",81.0,77.54,"6'6""",-3.46,plays_shorter,77.54,"6'6""",-3.46,plays_shorter
2021,Jaxson Baker,Central Arkansas,66463,6-7,"6'7""",79.0,74.84,"6'3""",-4.16,plays_shorter,74.84,"6'3""",-4.16,plays_shorter
2021,Neftali Alvarez,Mercer,66465,6-2,"6'2""",74.0,76.1,"6'4""",2.1,plays_taller,76.1,"6'4""",2.1,plays_taller
2021,Derek Sabin,Belmont,66467,6-9,"6'9""",81.0,77.2,"6'5""",-3.8,plays_shorter,77.2,"6'5""",-3.8,plays_shorter
2021,Adam Kunkel,Xavier,66471,6-4,"6'4""",76.0,74.74,"6'3""",-1.26,plays_shorter,74.74,"6'3""",-1.26,plays_shorter
2021,Wanjang Tut,Nebraska Omaha,66472,6-8,"6'8""",80.0,76.6,"6'5""",-3.4,plays_shorter,76.6,"6'5""",-3.4,plays_shorter
2021,Dzmitry Ryuny,San Francisco,66473,6-9,"6'9""",81.0,78.81,"6'7""",-2.19,plays_shorter,78.81,"6'7""",-2.19,plays_shorter
2021,Kevin Obanor,Oral Roberts,66476,6-8,"6'8""",80.0,79.53,"6'8""",-0.47,plays_at_height,79.53,"6'8""",-0.47,plays_at_height
2021,Riley Battin,Utah,66477,6-9,"6'9""",81.0,75.81,"6'4""",-5.19,plays_shorter,75.81,"6'4""",-5.19,plays_shorter
2021,Finn Sullivan,San Diego,66479,6-4,"6'4""",76.0,76.14,"6'4""",0.14,plays_at_height,76.14,"6'4""",0.14,plays_at_height
2021,Manny Bates,N.C. State,66480,6-11,"6'11""",83.0,83.39,"6'11""",0.39,plays_at_height,83.39,"6'11""",0.39,plays_at_height
2021,Tevian Jones,Southern Utah,66481,6-7,"6'7""",79.0,76.64,"6'5""",-2.36,plays_shorter,76.64,"6'5""",-2.36,plays_shorter
2021,Giorgi Bezhanishvili,Illinois,66482,6-9,"6'9""",81.0,78.63,"6'7""",-2.37,plays_shorter,78.63,"6'7""",-2.37,plays_shorter
2021,Aaron Wiggins,Maryland,66483,6-6,"6'6""",78.0,78.58,"6'7""",0.58,plays_at_height,78.58,"6'7""",0.58,plays_at_height
2021,Eric Ayala,Maryland,66485,6-5,"6'5""",77.0,77.22,"6'5""",0.22,plays_at_height,77.22,"6'5""",0.22,plays_at_height
2021,Jr. Clay,Tennessee Tech,66486,6-0,"6'0""",72.0,74.81,"6'3""",2.81,plays_taller,74.81,"6'3""",2.81,plays_taller
2021,Gabe McGlothan,Grand Canyon,66489,6-7,"6'7""",79.0,79.89,"6'8""",0.89,plays_taller,79.89,"6'8""",0.89,plays_taller
2021,Monty Johal,Tennessee St.,66490,6-3,"6'3""",75.0,75.04,"6'3""",0.04,plays_at_height,75.04,"6'3""",0.04,plays_at_height
2021,Matt Dentlinger,South Dakota St.,66491,6-8,"6'8""",80.0,79.12,"6'7""",-0.88,plays_shorter,79.12,"6'7""",-0.88,plays_shorter
2021,Joe Wieskamp,Iowa,66492,6-6,"6'6""",78.0,78.34,"6'6""",0.34,plays_at_height,78.34,"6'6""",0.34,plays_at_height
2021,Savion Lewis,Quinnipiac,66493,6-1,"6'1""",73.0,76.11,"6'4""",3.11,plays_taller,76.11,"6'4""",3.11,plays_taller
2021,Matt Balanc,Quinnipiac,66494,6-3,"6'3""",75.0,75.68,"6'4""",0.68,plays_at_height,75.68,"6'4""",0.68,plays_at_height
2021,CJ Fredrick,Iowa,66496,6-3,"6'3""",75.0,73.86,"6'2""",-1.14,plays_shorter,73.86,"6'2""",-1.14,plays_shorter
2021,Tyree Pickron,Quinnipiac,66499,6-3,"6'3""",75.0,74.32,"6'2""",-0.68,plays_at_height,74.32,"6'2""",-0.68,plays_at_height
2021,Tyrese Williams,Quinnipiac,66500,6-3,"6'3""",75.0,75.25,"6'3""",0.25,plays_at_height,75.25,"6'3""",0.25,plays_at_height
2021,Joel Ayayi,Gonzaga,66501,6-5,"6'5""",77.0,79.17,"6'7""",2.17,plays_taller,79.17,"6'7""",2.17,plays_taller
2021,Miles Latimer,Bucknell,66503,6-4,"6'4""",76.0,76.23,"6'4""",0.23,plays_at_height,76.23,"6'4""",0.23,plays_at_height
2021,R.J. Eytle-Rock,UMBC,66504,6-3,"6'3""",75.0,76.2,"6'4""",1.2,plays_taller,76.2,"6'4""",1.2,plays_taller
2021,Jose Placer,North Florida,66505,6-1,"6'1""",73.0,74.51,"6'3""",1.51,plays_taller,74.51,"6'3""",1.51,plays_taller
2021,Rip Economou,Seattle,66506,6-8,"6'8""",80.0,75.12,"6'3""",-4.88,plays_shorter,75.12,"6'3""",-4.88,plays_shorter
2021,Stephane Ingo,Maine,66507,6-9,"6'9""",81.0,82.46,"6'10""",1.46,plays_taller,82.46,"6'10""",1.46,plays_taller
2021,Hunter Thompson,Wyoming,66508,6-10,"6'10""",82.0,76.64,"6'5""",-5.36,plays_shorter,76.64,"6'5""",-5.36,plays_shorter
2021,Jared Pearre,Seattle,66509,6-8,"6'8""",80.0,80.62,"6'9""",0.62,plays_at_height,80.62,"6'9""",0.62,plays_at_height
2021,Frankie Policelli,Stony Brook,66510,6-7,"6'7""",79.0,76.05,"6'4""",-2.95,plays_shorter,76.05,"6'4""",-2.95,plays_shorter
2021,Jhery Matos,Charlotte,66511,6-5,"6'5""",77.0,77.0,"6'5""",-0.0,plays_at_height,77.0,"6'5""",-0.0,plays_at_height
2021,Reggie Chaney,Houston,66513,6-8,"6'8""",80.0,80.87,"6'9""",0.87,plays_taller,80.87,"6'9""",0.87,plays_taller
2021,Dylan Swingle,Bowling Green,66516,6-10,"6'10""",82.0,77.81,"6'6""",-4.19,plays_shorter,77.81,"6'6""",-4.19,plays_shorter
2021,Nygal Russell,Southeast Missouri St.,66517,6-4,"6'4""",76.0,78.45,"6'6""",2.45,plays_taller,78.45,"6'6""",2.45,plays_taller
2021,Cam Williams,SIU Edwardsville,66519,6-2,"6'2""",74.0,76.01,"6'4""",2.01,plays_taller,76.01,"6'4""",2.01,plays_taller
2021,Keonte Kennedy,UTEP,66522,6-5,"6'5""",77.0,77.96,"6'6""",0.96,plays_taller,77.96,"6'6""",0.96,plays_taller
2021,Grayson Carter,UT Arlington,66526,6-10,"6'10""",82.0,75.92,"6'4""",-6.08,plays_shorter,75.92,"6'4""",-6.08,plays_shorter
2021,Kevin Samuel,TCU,66527,6-11,"6'11""",83.0,83.43,"6'11""",0.43,plays_at_height,83.43,"6'11""",0.43,plays_at_height
2021,Isaih Moore,St. John's,66528,6-10,"6'10""",82.0,82.17,"6'10""",0.17,plays_at_height,82.17,"6'10""",0.17,plays_at_height
2021,Zach Nutall,Sam Houston St.,66530,6-3,"6'3""",75.0,77.47,"6'5""",2.47,plays_taller,77.47,"6'5""",2.47,plays_taller
2021,Ron Harper Jr.,Rutgers,66532,6-6,"6'6""",78.0,78.52,"6'7""",0.52,plays_at_height,78.52,"6'7""",0.52,plays_at_height
2021,Khaleem Bennett,Central Arkansas,66534,6-4,"6'4""",76.0,77.67,"6'6""",1.67,plays_taller,77.67,"6'6""",1.67,plays_taller
2021,Eddy Kayouloud,Central Arkansas,66535,6-7,"6'7""",79.0,76.15,"6'4""",-2.85,plays_shorter,76.15,"6'4""",-2.85,plays_shorter
2021,Pedro Castro,Houston Christian,66541,6-6,"6'6""",78.0,78.43,"6'6""",0.43,plays_at_height,78.43,"6'6""",0.43,plays_at_height
2021,JC Butler,UC Irvine,66545,6-5,"6'5""",77.0,75.64,"6'4""",-1.36,plays_shorter,75.64,"6'4""",-1.36,plays_shorter
2021,Ogheneyole Akuwovo,Binghamton,66550,6-9,"6'9""",81.0,78.21,"6'6""",-2.79,plays_shorter,78.21,"6'6""",-2.79,plays_shorter
2021,Tae Hardy,Southern Miss,66552,6-3,"6'3""",75.0,76.18,"6'4""",1.18,plays_taller,76.18,"6'4""",1.18,plays_taller
2021,David Singleton,UCLA,66556,6-4,"6'4""",76.0,74.49,"6'2""",-1.51,plays_shorter,74.49,"6'2""",-1.51,plays_shorter
2021,Nate Springs,Kennesaw St.,66558,6-10,"6'10""",82.0,78.36,"6'6""",-3.64,plays_shorter,78.36,"6'6""",-3.64,plays_shorter
2021,Buddy Boeheim,Syracuse,66561,6-6,"6'6""",78.0,74.3,"6'2""",-3.7,plays_shorter,74.3,"6'2""",-3.7,plays_shorter
2021,Both Gach,Minnesota,66562,6-6,"6'6""",78.0,77.36,"6'5""",-0.64,plays_at_height,77.36,"6'5""",-0.64,plays_at_height
2021,Tevin Brown,Murray St.,66563,6-5,"6'5""",77.0,77.41,"6'5""",0.41,plays_at_height,77.41,"6'5""",0.41,plays_at_height
2021,Bryce Wills,Stanford,66565,6-6,"6'6""",78.0,78.3,"6'6""",0.3,plays_at_height,78.3,"6'6""",0.3,plays_at_height
2021,Qon Murphy,New Hampshire,66567,6-5,"6'5""",77.0,75.95,"6'4""",-1.05,plays_shorter,75.95,"6'4""",-1.05,plays_shorter
2021,Dwight Murray Jr.,Rider,66569,6-0,"6'0""",72.0,75.99,"6'4""",3.99,plays_taller,75.99,"6'4""",3.99,plays_taller
2021,Charles Jones,Portland St.,66571,6-2,"6'2""",74.0,75.08,"6'3""",1.08,plays_taller,75.08,"6'3""",1.08,plays_taller
2021,Taelyr Gatlin,Denver,66574,6-3,"6'3""",75.0,73.95,"6'2""",-1.05,plays_shorter,73.95,"6'2""",-1.05,plays_shorter
2021,Jase Townsend,Denver,66575,6-3,"6'3""",75.0,75.05,"6'3""",0.05,plays_at_height,75.05,"6'3""",0.05,plays_at_height
2021,Jarred Godfrey,Purdue Fort Wayne,66578,6-5,"6'5""",77.0,77.05,"6'5""",0.05,plays_at_height,77.05,"6'5""",0.05,plays_at_height
2021,Jalen Hill,UCLA,66579,6-10,"6'10""",82.0,83.35,"6'11""",1.35,plays_taller,83.35,"6'11""",1.35,plays_taller
2021,Cody Riley,UCLA,66580,6-9,"6'9""",81.0,80.14,"6'8""",-0.86,plays_shorter,80.14,"6'8""",-0.86,plays_shorter
2021,Samba Kane,San Francisco,66581,7-0,"7'0""",84.0,80.73,"6'9""",-3.27,plays_shorter,80.73,"6'9""",-3.27,plays_shorter
2021,Kolby Lee,BYU,66582,6-9,"6'9""",81.0,77.24,"6'5""",-3.76,plays_shorter,77.24,"6'5""",-3.76,plays_shorter
2021,Jordan Campbell,Fresno St.,66587,6-4,"6'4""",76.0,78.18,"6'6""",2.18,plays_taller,78.18,"6'6""",2.18,plays_taller
2021,Carlos Jurgens,Oral Roberts,66588,6-5,"6'5""",77.0,76.77,"6'5""",-0.23,plays_at_height,76.77,"6'5""",-0.23,plays_at_height
2021,Jaxon Knotek,North Dakota St.,66589,6-6,"6'6""",78.0,76.71,"6'5""",-1.29,plays_shorter,76.71,"6'5""",-1.29,plays_shorter
2021,Shakur Daniel,Tarleton St.,66590,6-6,"6'6""",78.0,74.98,"6'3""",-3.02,plays_shorter,74.98,"6'3""",-3.02,plays_shorter
2021,Daivon Stephens,Coastal Carolina,66591,6-7,"6'7""",79.0,74.44,"6'2""",-4.56,plays_shorter,74.44,"6'2""",-4.56,plays_shorter
2021,Sam Griesel,North Dakota St.,66592,6-6,"6'6""",78.0,77.82,"6'6""",-0.18,plays_at_height,77.82,"6'6""",-0.18,plays_at_height
2021,Courtney Ramey,Texas,66594,6-3,"6'3""",75.0,75.89,"6'4""",0.89,plays_taller,75.89,"6'4""",0.89,plays_taller
2021,Jarius Cook,North Dakota St.,66596,6-3,"6'3""",75.0,74.96,"6'3""",-0.04,plays_at_height,74.96,"6'3""",-0.04,plays_at_height
2021,Kaleb Hunter,UNC Greensboro,66597,6-4,"6'4""",76.0,76.63,"6'5""",0.63,plays_at_height,76.63,"6'5""",0.63,plays_at_height
2021,Alex Rivera,LIU,66599,6-1,"6'1""",73.0,75.26,"6'3""",2.26,plays_taller,75.26,"6'3""",2.26,plays_taller
2021,Allin Blunt,UMass Lowell,66602,6-7,"6'7""",79.0,74.24,"6'2""",-4.76,plays_shorter,74.24,"6'2""",-4.76,plays_shorter
2021,Bryce Daley,UMass Lowell,66603,6-4,"6'4""",76.0,75.48,"6'3""",-0.52,plays_at_height,75.48,"6'3""",-0.52,plays_at_height
2021,Samuel Sessoms,Penn St.,66606,6-0,"6'0""",72.0,75.38,"6'3""",3.38,plays_taller,75.38,"6'3""",3.38,plays_taller
2021,Dontarius James,Jacksonville,66607,6-8,"6'8""",80.0,76.87,"6'5""",-3.13,plays_shorter,76.87,"6'5""",-3.13,plays_shorter
2021,Desi Sills,Arkansas,66610,6-1,"6'1""",73.0,77.18,"6'5""",4.18,plays_taller,77.18,"6'5""",4.18,plays_taller
2021,Keyshawn Embery-Simpson,Tulsa,66611,6-3,"6'3""",75.0,75.49,"6'3""",0.49,plays_at_height,75.49,"6'3""",0.49,plays_at_height
2021,Luka Brajkovic,Davidson,66612,6-10,"6'10""",82.0,80.35,"6'8""",-1.65,plays_shorter,80.35,"6'8""",-1.65,plays_shorter
2021,Antoine Davis,Detroit Mercy,66614,6-1,"6'1""",73.0,74.07,"6'2""",1.07,plays_taller,74.07,"6'2""",1.07,plays_taller
2021,Chuck Hannah,Elon,66615,6-7,"6'7""",79.0,76.71,"6'5""",-2.29,plays_shorter,76.71,"6'5""",-2.29,plays_shorter
2021,Angus McWilliam,UC Riverside,66616,6-10,"6'10""",82.0,77.08,"6'5""",-4.92,plays_shorter,77.08,"6'5""",-4.92,plays_shorter
2021,Devonaire Doutrive,Boise St.,66617,6-5,"6'5""",77.0,76.95,"6'5""",-0.05,plays_at_height,76.95,"6'5""",-0.05,plays_at_height
2021,Jemarl Baker Jr.,Arizona,66618,6-5,"6'5""",77.0,74.89,"6'3""",-2.11,plays_shorter,74.89,"6'3""",-2.11,plays_shorter
2021,Adam Thistlewood,Colorado St.,66620,6-6,"6'6""",78.0,77.88,"6'6""",-0.12,plays_at_height,77.88,"6'6""",-0.12,plays_at_height
2021,Riley Abercrombie,Rice,66621,6-9,"6'9""",81.0,75.55,"6'4""",-5.45,plays_shorter,75.55,"6'4""",-5.45,plays_shorter
2021,Kendle Moore,Colorado St.,66624,5-10,"5'10""",70.0,75.27,"6'3""",5.27,plays_taller,75.27,"6'3""",5.27,plays_taller
2021,Cameron Shelton,Northern Arizona,66626,6-2,"6'2""",74.0,77.69,"6'6""",3.69,plays_taller,77.69,"6'6""",3.69,plays_taller
2021,Keith Haymon,Northern Arizona,66627,6-7,"6'7""",79.0,74.97,"6'3""",-4.03,plays_shorter,74.97,"6'3""",-4.03,plays_shorter
2021,Tre'Shon Smoots,Northern Colorado,66629,6-1,"6'1""",73.0,73.82,"6'2""",0.82,plays_taller,73.82,"6'2""",0.82,plays_taller
2021,Jared Rhoden,Seton Hall,66630,6-6,"6'6""",78.0,78.8,"6'7""",0.8,plays_taller,78.8,"6'7""",0.8,plays_taller
2021,Anthony Nelson,Manhattan,66631,6-4,"6'4""",76.0,76.21,"6'4""",0.21,plays_at_height,76.21,"6'4""",0.21,plays_at_height
2021,PJ Mitchell,Central Michigan,66635,6-0,"6'0""",72.0,73.25,"6'1""",1.25,plays_taller,73.25,"6'1""",1.25,plays_taller
2021,Nigel Hawkins,Stephen F. Austin,66636,6-4,"6'4""",76.0,76.29,"6'4""",0.29,plays_at_height,76.29,"6'4""",0.29,plays_at_height
2021,Daniel Sackey,Valparaiso,66639,5-9,"5'9""",69.0,74.86,"6'3""",5.86,plays_taller,74.86,"6'3""",5.86,plays_taller
2021,Vante Hendrix,Cal St. Northridge,66641,6-5,"6'5""",77.0,77.09,"6'5""",0.09,plays_at_height,77.09,"6'5""",0.09,plays_at_height
2021,Matthew Mayer,Baylor,66643,6-9,"6'9""",81.0,79.65,"6'8""",-1.35,plays_shorter,79.65,"6'8""",-1.35,plays_shorter
2021,Malachi Smith,Chattanooga,66644,6-4,"6'4""",76.0,78.4,"6'6""",2.4,plays_taller,78.4,"6'6""",2.4,plays_taller
2021,Grant Basile,Wright St.,66645,6-9,"6'9""",81.0,81.1,"6'9""",0.1,plays_at_height,81.1,"6'9""",0.1,plays_at_height
2021,Skyelar Potter,Morehead St.,66648,6-3,"6'3""",75.0,77.45,"6'5""",2.45,plays_taller,77.45,"6'5""",2.45,plays_taller
2021,Bodie Hume,Northern Colorado,66650,6-6,"6'6""",78.0,78.77,"6'7""",0.77,plays_taller,78.77,"6'7""",0.77,plays_taller
2021,Sam Masten,Northern Colorado,66654,6-2,"6'2""",74.0,75.09,"6'3""",1.09,plays_taller,75.09,"6'3""",1.09,plays_taller
2021,Nelson Boachie-Yiadom,Davidson,66655,6-8,"6'8""",80.0,79.56,"6'8""",-0.44,plays_at_height,79.56,"6'8""",-0.44,plays_at_height
2021,Josh Roberts,St. John's,66656,6-9,"6'9""",81.0,81.13,"6'9""",0.13,plays_at_height,81.13,"6'9""",0.13,plays_at_height
2021,Aguek Arop,San Diego St.,66663,6-6,"6'6""",78.0,78.66,"6'7""",0.66,plays_at_height,78.66,"6'7""",0.66,plays_at_height
2021,Tyree Eady,North Dakota St.,66670,6-5,"6'5""",77.0,76.54,"6'5""",-0.46,plays_at_height,76.54,"6'5""",-0.46,plays_at_height
2021,Mack Anderson,Montana,66672,6-9,"6'9""",81.0,81.12,"6'9""",0.12,plays_at_height,81.12,"6'9""",0.12,plays_at_height
2021,Emanuel Littles,North Alabama,66676,6-7,"6'7""",79.0,79.86,"6'8""",0.86,plays_taller,79.86,"6'8""",0.86,plays_taller
2021,Kenny Strawbridge,Alabama St.,66678,6-4,"6'4""",76.0,77.02,"6'5""",1.02,plays_taller,77.02,"6'5""",1.02,plays_taller
2021,Evan Battey,Colorado,66680,6-8,"6'8""",80.0,79.0,"6'7""",-1.0,plays_shorter,79.0,"6'7""",-1.0,plays_shorter
2021,Brandon Swaby,Incarnate Word,66682,6-3,"6'3""",75.0,74.97,"6'3""",-0.03,plays_at_height,74.97,"6'3""",-0.03,plays_at_height
2021,DJ Peavy,Austin Peay,66683,6-2,"6'2""",74.0,74.77,"6'3""",0.77,plays_taller,74.77,"6'3""",0.77,plays_taller
2021,Andrew Taylor,Marshall,66685,6-3,"6'3""",75.0,76.29,"6'4""",1.29,plays_taller,76.29,"6'4""",1.29,plays_taller
2021,Fardaws Aimaq,Utah Valley,66686,6-11,"6'11""",83.0,83.63,"7'0""",0.63,plays_at_height,83.63,"7'0""",0.63,plays_at_height
2021,Keshaun Saunders,Toledo,66689,6-5,"6'5""",77.0,76.16,"6'4""",-0.84,plays_shorter,76.16,"6'4""",-0.84,plays_shorter
2021,Deng Gak,Miami FL,66693,6-11,"6'11""",83.0,79.47,"6'7""",-3.53,plays_shorter,79.47,"6'7""",-3.53,plays_shorter
2021,Ivan Alipiev,Loyola Marymount,66694,6-8,"6'8""",80.0,77.32,"6'5""",-2.68,plays_shorter,77.32,"6'5""",-2.68,plays_shorter
2021,Alan Griffin,Syracuse,66695,6-5,"6'5""",77.0,79.95,"6'8""",2.95,plays_taller,79.95,"6'8""",2.95,plays_taller
2021,Dameane Douglas,Loyola Marymount,66696,6-7,"6'7""",79.0,79.35,"6'7""",0.35,plays_at_height,79.35,"6'7""",0.35,plays_at_height
2021,Javian Davis,Mississippi St.,66700,6-9,"6'9""",81.0,79.27,"6'7""",-1.73,plays_shorter,79.27,"6'7""",-1.73,plays_shorter
2021,Alexis Yetna,South Florida,66704,6-8,"6'8""",80.0,79.46,"6'7""",-0.54,plays_at_height,79.46,"6'7""",-0.54,plays_at_height
2021,Davion Buster,Lamar,66707,5-10,"5'10""",70.0,73.82,"6'2""",3.82,plays_taller,73.82,"6'2""",3.82,plays_taller
2021,Timmy Allen,Utah,66708,6-6,"6'6""",78.0,78.44,"6'6""",0.44,plays_at_height,78.44,"6'6""",0.44,plays_at_height
2021,J'Raan Brooks,Washington,66710,6-9,"6'9""",81.0,76.48,"6'4""",-4.52,plays_shorter,76.48,"6'4""",-4.52,plays_shorter
2021,Tamell Pearson,Western Illinois,66711,6-10,"6'10""",82.0,78.67,"6'7""",-3.33,plays_shorter,78.67,"6'7""",-3.33,plays_shorter
2021,Ricky Clemons,Campbell,67483,6-2,"6'2""",74.0,76.46,"6'4""",2.46,plays_taller,76.46,"6'4""",2.46,plays_taller
2021,Matt Johnson II,Northern Colorado,67487,6-2,"6'2""",74.0,74.13,"6'2""",0.13,plays_at_height,74.13,"6'2""",0.13,plays_at_height
2021,Clayton Henry,New Mexico St.,67492,6-4,"6'4""",76.0,75.71,"6'4""",-0.29,plays_at_height,75.71,"6'4""",-0.29,plays_at_height
2021,Ian Burke,Portland St.,67497,6-5,"6'5""",77.0,76.23,"6'4""",-0.77,plays_shorter,76.23,"6'4""",-0.77,plays_shorter
2021,Myron Gordon,Samford,67504,6-3,"6'3""",75.0,75.36,"6'3""",0.36,plays_at_height,75.36,"6'3""",0.36,plays_at_height
2021,Khyre Thompson,UNC Greensboro,67505,6-6,"6'6""",78.0,77.14,"6'5""",-0.86,plays_shorter,77.14,"6'5""",-0.86,plays_shorter
2021,Chris Brandon,Detroit Mercy,67512,6-8,"6'8""",80.0,80.23,"6'8""",0.23,plays_at_height,80.23,"6'8""",0.23,plays_at_height
2021,Boe Nguidjol,Prairie View A&M,67515,6-8,"6'8""",80.0,81.04,"6'9""",1.04,plays_taller,81.04,"6'9""",1.04,plays_taller
2021,Jonas Harper,Boston University,67520,6-2,"6'2""",74.0,75.18,"6'3""",1.18,plays_taller,75.18,"6'3""",1.18,plays_taller
2021,Grant Weatherford,Georgia Southern,67542,6-2,"6'2""",74.0,75.91,"6'4""",1.91,plays_taller,75.91,"6'4""",1.91,plays_taller
2021,Greg Summers,Navy,67551,6-4,"6'4""",76.0,79.59,"6'8""",3.59,plays_taller,79.59,"6'8""",3.59,plays_taller
2021,John Carter Jr.,Navy,67553,6-3,"6'3""",75.0,75.83,"6'4""",0.83,plays_taller,75.83,"6'4""",0.83,plays_taller
2021,Rod Johnson Jr.,Western Illinois,67554,6-7,"6'7""",79.0,76.14,"6'4""",-2.86,plays_shorter,76.14,"6'4""",-2.86,plays_shorter
2021,Jayce Johnson,Middle Tennessee,67557,6-5,"6'5""",77.0,76.39,"6'4""",-0.61,plays_at_height,76.39,"6'4""",-0.61,plays_at_height
2021,Josh Caldwell,Army,67565,6-2,"6'2""",74.0,77.5,"6'6""",3.5,plays_taller,77.5,"6'6""",3.5,plays_taller
2021,Aaron Duhart,Army,67567,6-0,"6'0""",72.0,74.8,"6'3""",2.8,plays_taller,74.8,"6'3""",2.8,plays_taller
2021,Abdul Mohamed,Montana St.,67576,6-7,"6'7""",79.0,79.33,"6'7""",0.33,plays_at_height,79.33,"6'7""",0.33,plays_at_height
2021,Shaun Doss,Arkansas Pine Bluff,67602,6-5,"6'5""",77.0,77.69,"6'6""",0.69,plays_at_height,77.69,"6'6""",0.69,plays_at_height
2021,Patrick Mwamba,UT Arlington,67612,6-7,"6'7""",79.0,77.82,"6'6""",-1.18,plays_shorter,77.82,"6'6""",-1.18,plays_shorter
2021,Eddy Egun,Montana,67615,6-4,"6'4""",76.0,77.57,"6'6""",1.57,plays_taller,77.57,"6'6""",1.57,plays_taller
2021,Nathan McClure,IU Indy,67629,6-4,"6'4""",76.0,76.78,"6'5""",0.78,plays_taller,76.78,"6'5""",0.78,plays_taller
2021,Radshad Davis,FIU,67632,6-4,"6'4""",76.0,77.2,"6'5""",1.2,plays_taller,77.2,"6'5""",1.2,plays_taller
2021,Neemias Queta,Utah St.,67637,7-0,"7'0""",84.0,86.49,"7'2""",2.49,plays_taller,86.49,"7'2""",2.49,plays_taller
2021,Tyreek Scott-Grayson,UAB,67641,6-5,"6'5""",77.0,77.36,"6'5""",0.36,plays_at_height,77.36,"6'5""",0.36,plays_at_height
2021,Derek St. Hilaire,New Orleans,67642,6-0,"6'0""",72.0,75.27,"6'3""",3.27,plays_taller,75.27,"6'3""",3.27,plays_taller
2021,JJ Murray,North Texas,67643,6-1,"6'1""",73.0,75.34,"6'3""",2.34,plays_taller,75.34,"6'3""",2.34,plays_taller
2021,Eli Abaev,Florida Gulf Coast,67645,6-8,"6'8""",80.0,79.22,"6'7""",-0.78,plays_shorter,79.22,"6'7""",-0.78,plays_shorter
2021,Josh Jefferson,Green Bay,67646,6-2,"6'2""",74.0,75.25,"6'3""",1.25,plays_taller,75.25,"6'3""",1.25,plays_taller
2021,Abdou Ndiaye,Illinois St.,67647,6-9,"6'9""",81.0,81.61,"6'10""",0.61,plays_at_height,81.61,"6'10""",0.61,plays_at_height
2021,Robinson Idehen,UC Santa Barbara,67652,6-10,"6'10""",82.0,81.34,"6'9""",-0.66,plays_at_height,81.34,"6'9""",-0.66,plays_at_height
2021,Tyler Stevenson,Southern Miss,67668,6-8,"6'8""",80.0,79.36,"6'7""",-0.64,plays_at_height,79.36,"6'7""",-0.64,plays_at_height
2021,Tyrece Radford,Virginia Tech,67673,6-2,"6'2""",74.0,78.79,"6'7""",4.79,plays_taller,78.79,"6'7""",4.79,plays_taller
2021,Prince Toyambi,Georgia Southern,67682,6-7,"6'7""",79.0,81.83,"6'10""",2.83,plays_taller,81.83,"6'10""",2.83,plays_taller
2021,Kenton Eskridge,Tennessee Martin,67688,6-1,"6'1""",73.0,74.53,"6'3""",1.53,plays_taller,74.53,"6'3""",1.53,plays_taller
2021,Trey Smith,San Jose St.,67692,6-3,"6'3""",75.0,74.12,"6'2""",-0.88,plays_shorter,74.12,"6'2""",-0.88,plays_shorter
2021,Michael Steadman,Montana,67693,6-10,"6'10""",82.0,78.71,"6'7""",-3.29,plays_shorter,78.71,"6'7""",-3.29,plays_shorter
2021,Ethan Esposito,Sacramento St.,67695,6-7,"6'7""",79.0,78.23,"6'6""",-0.77,plays_shorter,78.23,"6'6""",-0.77,plays_shorter
2021,Willy Isiani,Detroit Mercy,67705,6-8,"6'8""",80.0,78.51,"6'7""",-1.49,plays_shorter,78.51,"6'7""",-1.49,plays_shorter
2021,Garrett Sturtz,Drake,67707,6-3,"6'3""",75.0,77.74,"6'6""",2.74,plays_taller,77.74,"6'6""",2.74,plays_taller
2021,Zach Walton,Drexel,67711,6-6,"6'6""",78.0,77.1,"6'5""",-0.9,plays_shorter,77.1,"6'5""",-0.9,plays_shorter
2021,Ramiir Dixon-Conover,Saint Francis,67716,6-3,"6'3""",75.0,77.44,"6'5""",2.44,plays_taller,77.44,"6'5""",2.44,plays_taller
2021,Ronald Lucas,Delaware St.,67735,6-6,"6'6""",78.0,76.13,"6'4""",-1.87,plays_shorter,76.13,"6'4""",-1.87,plays_shorter
2021,Vilgot Larsson,Maine,67736,6-8,"6'8""",80.0,76.87,"6'5""",-3.13,plays_shorter,76.87,"6'5""",-3.13,plays_shorter
2021,Richardson Maitre,Samford,67739,6-3,"6'3""",75.0,74.99,"6'3""",-0.01,plays_at_height,74.99,"6'3""",-0.01,plays_at_height
2021,Silas Adheke,East Tennessee St.,67743,6-8,"6'8""",80.0,80.03,"6'8""",0.03,plays_at_height,80.03,"6'8""",0.03,plays_at_height
2021,Tremell Murphy,Drake,67747,6-6,"6'6""",78.0,79.03,"6'7""",1.03,plays_taller,79.03,"6'7""",1.03,plays_taller
2021,D.J. Wilkins,Drake,67748,6-2,"6'2""",74.0,73.94,"6'2""",-0.06,plays_at_height,73.94,"6'2""",-0.06,plays_at_height
2021,Ahmed Ali,Portland,67749,5-11,"5'11""",71.0,74.5,"6'2""",3.5,plays_taller,74.5,"6'2""",3.5,plays_taller
2021,Marvin Cannon,Charlotte,67757,6-5,"6'5""",77.0,78.22,"6'6""",1.22,plays_taller,78.22,"6'6""",1.22,plays_taller
2021,Bul Kuol,Detroit Mercy,67759,6-7,"6'7""",79.0,76.48,"6'4""",-2.52,plays_shorter,76.48,"6'4""",-2.52,plays_shorter
2021,Ty Rowell,Cal Baptist,67762,6-2,"6'2""",74.0,73.47,"6'1""",-0.53,plays_at_height,73.47,"6'1""",-0.53,plays_at_height
2021,Nikola Maric,Little Rock,67764,6-10,"6'10""",82.0,78.81,"6'7""",-3.19,plays_shorter,78.81,"6'7""",-3.19,plays_shorter
2021,J.J. Matthews,Norfolk St.,67765,6-9,"6'9""",81.0,79.36,"6'7""",-1.64,plays_shorter,79.36,"6'7""",-1.64,plays_shorter
2021,Ty Gadsden,UNC Wilmington,67771,6-1,"6'1""",73.0,74.56,"6'3""",1.56,plays_taller,74.56,"6'3""",1.56,plays_taller
2021,Terrell Brown Jr.,Arizona,67778,6-3,"6'3""",75.0,76.05,"6'4""",1.05,plays_taller,76.05,"6'4""",1.05,plays_taller
2021,Abe Kinrade,Air Force,67783,6-7,"6'7""",79.0,76.43,"6'4""",-2.57,plays_shorter,76.43,"6'4""",-2.57,plays_shorter
2021,A.J. Walker,Air Force,67787,6-2,"6'2""",74.0,75.02,"6'3""",1.02,plays_taller,75.02,"6'3""",1.02,plays_taller
2021,Brandon Mahan,UCF,67790,6-5,"6'5""",77.0,77.23,"6'5""",0.23,plays_at_height,77.23,"6'5""",0.23,plays_at_height
2021,Amari McCray,Portland St.,67810,6-10,"6'10""",82.0,80.56,"6'9""",-1.44,plays_shorter,80.56,"6'9""",-1.44,plays_shorter
2021,KC Ndefo,Saint Peter's,67812,6-7,"6'7""",79.0,84.19,"7'0""",5.19,plays_taller,84.19,"7'0""",5.19,plays_taller
2021,Josh Aldrich,USC Upstate,67815,6-7,"6'7""",79.0,76.57,"6'5""",-2.43,plays_shorter,76.57,"6'5""",-2.43,plays_shorter
2021,Pape Diop,Southeastern Louisiana,67826,6-9,"6'9""",81.0,81.67,"6'10""",0.67,plays_at_height,81.67,"6'10""",0.67,plays_at_height
2021,Brandon Powell,Alabama A&M,67830,6-3,"6'3""",75.0,77.58,"6'6""",2.58,plays_taller,77.58,"6'6""",2.58,plays_taller
2021,Kyonze Chavis,Norfolk St.,67836,6-4,"6'4""",76.0,76.81,"6'5""",0.81,plays_taller,76.81,"6'5""",0.81,plays_taller
2021,Webster Filmore,North Carolina A&T,67841,6-7,"6'7""",79.0,79.01,"6'7""",0.01,plays_at_height,79.01,"6'7""",0.01,plays_at_height
2021,Max Rice,Boise St.,67842,6-5,"6'5""",77.0,75.45,"6'3""",-1.55,plays_shorter,75.45,"6'3""",-1.55,plays_shorter
2021,Christian Gray,Fresno St.,67846,6-6,"6'6""",78.0,77.43,"6'5""",-0.57,plays_at_height,77.43,"6'5""",-0.57,plays_at_height
2021,Jeremiah Bailey,Pacific,67850,6-6,"6'6""",78.0,78.17,"6'6""",0.17,plays_at_height,78.17,"6'6""",0.17,plays_at_height
2021,Kyle Cardaci,Coppin St.,67860,6-2,"6'2""",74.0,74.96,"6'3""",0.96,plays_taller,74.96,"6'3""",0.96,plays_taller
2021,Chudier Bile,Georgetown,67861,6-7,"6'7""",79.0,78.75,"6'7""",-0.25,plays_at_height,78.75,"6'7""",-0.25,plays_at_height
2021,ShanQuan Hemphill,Drake,67864,6-6,"6'6""",78.0,79.65,"6'8""",1.65,plays_taller,79.65,"6'8""",1.65,plays_taller
2021,CJ Kelly,Albany,67875,6-5,"6'5""",77.0,76.21,"6'4""",-0.79,plays_shorter,76.21,"6'4""",-0.79,plays_shorter
2021,D.J. Mitchell,Hartford,67881,6-0,"6'0""",72.0,74.51,"6'3""",2.51,plays_taller,74.51,"6'3""",2.51,plays_taller
2021,Tra'Von Fagan,Buffalo,67888,6-8,"6'8""",80.0,78.78,"6'7""",-1.22,plays_shorter,78.78,"6'7""",-1.22,plays_shorter
2021,Payton Youngblood,North Alabama,67898,6-5,"6'5""",77.0,76.54,"6'5""",-0.46,plays_at_height,76.54,"6'5""",-0.46,plays_at_height
2021,Kashawn Charles,Eastern Illinois,67900,6-1,"6'1""",73.0,74.26,"6'2""",1.26,plays_taller,74.26,"6'2""",1.26,plays_taller
2021,Jacob Tryon,Samford,67909,6-11,"6'11""",83.0,79.64,"6'8""",-3.36,plays_shorter,79.64,"6'8""",-3.36,plays_shorter
2021,Amir Allen,Milwaukee,67921,6-8,"6'8""",80.0,80.33,"6'8""",0.33,plays_at_height,80.33,"6'8""",0.33,plays_at_height
2021,Aundre Hyatt,LSU,67927,6-6,"6'6""",78.0,77.84,"6'6""",-0.16,plays_at_height,77.84,"6'6""",-0.16,plays_at_height
2021,Valdir Manuel,New Mexico,67938,6-10,"6'10""",82.0,79.81,"6'8""",-2.19,plays_shorter,79.81,"6'8""",-2.19,plays_shorter
2021,Josiah Wallace,Eastern Illinois,67948,6-4,"6'4""",76.0,76.36,"6'4""",0.36,plays_at_height,76.36,"6'4""",0.36,plays_at_height
2021,Casson Rouse,Eastern Washington,67953,6-2,"6'2""",74.0,73.72,"6'2""",-0.28,plays_at_height,73.72,"6'2""",-0.28,plays_at_height
2021,Andrew Gordon,Louisiana Tech,67955,6-10,"6'10""",82.0,81.65,"6'10""",-0.35,plays_at_height,81.65,"6'10""",-0.35,plays_at_height
2021,Khalil Shabazz,San Francisco,67961,6-1,"6'1""",73.0,75.17,"6'3""",2.17,plays_taller,75.17,"6'3""",2.17,plays_taller
2021,Damian Chong Qui,Mount St. Mary's,67965,5-8,"5'8""",68.0,74.85,"6'3""",6.85,plays_taller,74.85,"6'3""",6.85,plays_taller
2021,Rodney Henderson Jr.,Rider,67971,6-5,"6'5""",77.0,75.95,"6'4""",-1.05,plays_shorter,75.95,"6'4""",-1.05,plays_shorter
2021,Willie Herenton,Miami FL,67978,6-2,"6'2""",74.0,73.15,"6'1""",-0.85,plays_shorter,73.15,"6'1""",-0.85,plays_shorter
2021,Trendon Hankerson,Northern Illinois,67986,6-2,"6'2""",74.0,74.96,"6'3""",0.96,plays_taller,74.96,"6'3""",0.96,plays_taller
2021,Ty Dalton,Houston Christian,68002,6-4,"6'4""",76.0,75.38,"6'3""",-0.62,plays_at_height,75.38,"6'3""",-0.62,plays_at_height
2021,Tate Hall,Loyola Chicago,68003,6-6,"6'6""",78.0,77.02,"6'5""",-0.98,plays_shorter,77.02,"6'5""",-0.98,plays_shorter
2021,John Norvel,Northwestern St.,68016,6-2,"6'2""",74.0,73.24,"6'1""",-0.76,plays_shorter,73.24,"6'1""",-0.76,plays_shorter
2021,Chandler Vaudrin,Winthrop,68021,6-7,"6'7""",79.0,78.69,"6'7""",-0.31,plays_at_height,78.69,"6'7""",-0.31,plays_at_height
2021,Brendon Brooks,Southern,68025,5-9,"5'9""",69.0,73.42,"6'1""",4.42,plays_taller,73.42,"6'1""",4.42,plays_taller
2021,Kyle Luedtke,Nebraska Omaha,68036,6-5,"6'5""",77.0,75.51,"6'4""",-1.49,plays_shorter,75.51,"6'4""",-1.49,plays_shorter
2021,Mike Nuga,Kent St.,68038,6-2,"6'2""",74.0,76.89,"6'5""",2.89,plays_taller,76.89,"6'5""",2.89,plays_taller
2021,LaTerrance Reed,Northwestern St.,68039,6-2,"6'2""",74.0,74.53,"6'3""",0.53,plays_at_height,74.53,"6'3""",0.53,plays_at_height
2021,Christian Guess,Samford,68053,6-6,"6'6""",78.0,79.32,"6'7""",1.32,plays_taller,79.32,"6'7""",1.32,plays_taller
2021,Faite Williams,Prairie View A&M,68055,6-2,"6'2""",74.0,75.93,"6'4""",1.93,plays_taller,75.93,"6'4""",1.93,plays_taller
2021,Tony Miller,Washington St.,68058,6-6,"6'6""",78.0,78.54,"6'7""",0.54,plays_at_height,78.54,"6'7""",0.54,plays_at_height
2021,Kawanise Wilkins,Western Michigan,68072,6-5,"6'5""",77.0,75.39,"6'3""",-1.61,plays_shorter,75.39,"6'3""",-1.61,plays_shorter
2021,Isaiah Rollins,Southern,68075,6-3,"6'3""",75.0,74.77,"6'3""",-0.23,plays_at_height,74.77,"6'3""",-0.23,plays_at_height
2021,DeShang Weaver,Oral Roberts,68089,6-8,"6'8""",80.0,77.18,"6'5""",-2.82,plays_shorter,77.18,"6'5""",-2.82,plays_shorter
2021,Dante Treacy,Robert Morris,68091,6-0,"6'0""",72.0,74.06,"6'2""",2.06,plays_taller,74.06,"6'2""",2.06,plays_taller
2021,Solomon Iluyomade,Maine,68102,6-7,"6'7""",79.0,75.72,"6'4""",-3.28,plays_shorter,75.72,"6'4""",-3.28,plays_shorter
2021,Tyler Bertram,Binghamton,68103,6-3,"6'3""",75.0,73.69,"6'2""",-1.31,plays_shorter,73.69,"6'2""",-1.31,plays_shorter
2021,Jordan Gilliam,Texas Southern,68110,6-5,"6'5""",77.0,75.8,"6'4""",-1.2,plays_shorter,75.8,"6'4""",-1.2,plays_shorter
2021,LJ Figueroa,Oregon,68112,6-6,"6'6""",78.0,78.25,"6'6""",0.25,plays_at_height,78.25,"6'6""",0.25,plays_at_height
2021,Bentiu Panoam,North Dakota,68113,6-2,"6'2""",74.0,74.88,"6'3""",0.88,plays_taller,74.88,"6'3""",0.88,plays_taller
2021,Federico Poser,Elon,68115,6-9,"6'9""",81.0,76.34,"6'4""",-4.66,plays_shorter,76.34,"6'4""",-4.66,plays_shorter
2021,Brandon Bradsher,Loyola MD,68136,5-10,"5'10""",70.0,74.36,"6'2""",4.36,plays_taller,74.36,"6'2""",4.36,plays_taller
2021,Des Balentine,Incarnate Word,68138,6-0,"6'0""",72.0,74.67,"6'3""",2.67,plays_taller,74.67,"6'3""",2.67,plays_taller
2021,Jahnathan Maxwell,North Carolina Central,68139,6-6,"6'6""",78.0,77.19,"6'5""",-0.81,plays_shorter,77.19,"6'5""",-0.81,plays_shorter
2021,Jeff Otchere,UT Rio Grande Valley,68155,6-11,"6'11""",83.0,84.89,"7'1""",1.89,plays_taller,84.89,"7'1""",1.89,plays_taller
2021,Mikel Beyers,Marshall,68177,6-9,"6'9""",81.0,78.69,"6'7""",-2.31,plays_shorter,78.69,"6'7""",-2.31,plays_shorter
2021,Marquis Moore,Southern Utah,68189,6-6,"6'6""",78.0,77.33,"6'5""",-0.67,plays_at_height,77.33,"6'5""",-0.67,plays_at_height
2021,Isaiah White,USC,68202,6-7,"6'7""",79.0,78.29,"6'6""",-0.71,plays_at_height,78.29,"6'6""",-0.71,plays_at_height
2021,Rob Howard,Illinois Chicago,68208,6-8,"6'8""",80.0,78.32,"6'6""",-1.68,plays_shorter,78.32,"6'6""",-1.68,plays_shorter
2021,Jamie Ahale,Illinois Chicago,68209,6-5,"6'5""",77.0,73.29,"6'1""",-3.71,plays_shorter,73.29,"6'1""",-3.71,plays_shorter
2021,Kur Jockuch,Northern Colorado,68213,6-9,"6'9""",81.0,80.75,"6'9""",-0.25,plays_at_height,80.75,"6'9""",-0.25,plays_at_height
2021,Nolan Bertain,Texas A&M Corpus Chris,68224,6-4,"6'4""",76.0,75.53,"6'4""",-0.47,plays_at_height,75.53,"6'4""",-0.47,plays_at_height
2021,Nicolas Fennell,North Carolina Central,68233,6-4,"6'4""",76.0,76.98,"6'5""",0.98,plays_taller,76.98,"6'5""",0.98,plays_taller
2021,Warith Alatishe,Oregon St.,68240,6-7,"6'7""",79.0,82.64,"6'11""",3.64,plays_taller,82.64,"6'11""",3.64,plays_taller
2021,Jeremiah Buford,Nicholls St.,68276,6-5,"6'5""",77.0,74.97,"6'3""",-2.03,plays_shorter,74.97,"6'3""",-2.03,plays_shorter
2021,Prince Moss,Grambling St.,68280,6-7,"6'7""",79.0,77.59,"6'6""",-1.41,plays_shorter,77.59,"6'6""",-1.41,plays_shorter
2021,Azariah Seay,IU Indy,68287,6-4,"6'4""",76.0,74.44,"6'2""",-1.56,plays_shorter,74.44,"6'2""",-1.56,plays_shorter
2021,Jeremy Harrell,McNeese St.,68290,6-8,"6'8""",80.0,77.88,"6'6""",-2.12,plays_shorter,77.88,"6'6""",-2.12,plays_shorter
2021,Jayveous McKinnis,Jackson St.,68296,6-7,"6'7""",79.0,83.91,"7'0""",4.91,plays_taller,83.91,"7'0""",4.91,plays_taller
2021,Darrian Wilson,Jackson St.,68303,6-4,"6'4""",76.0,76.35,"6'4""",0.35,plays_at_height,76.35,"6'4""",0.35,plays_at_height
2021,Myles Johnson,Rutgers,68348,6-11,"6'11""",83.0,85.04,"7'1""",2.04,plays_taller,85.04,"7'1""",2.04,plays_taller
2021,Flynn Cameron,UC Riverside,68351,6-3,"6'3""",75.0,77.56,"6'6""",2.56,plays_taller,77.56,"6'6""",2.56,plays_taller
2021,D'Marco Baucum,Delaware St.,68366,6-6,"6'6""",78.0,76.5,"6'5""",-1.5,plays_shorter,76.5,"6'5""",-1.5,plays_shorter
2021,Ajiri Ogemuno-Johnson,Rider,68373,6-8,"6'8""",80.0,80.07,"6'8""",0.07,plays_at_height,80.07,"6'8""",0.07,plays_at_height
2021,Kevin McCullar,Texas Tech,68379,6-6,"6'6""",78.0,78.42,"6'6""",0.42,plays_at_height,78.42,"6'6""",0.42,plays_at_height
2021,Goodnews Kpegeol,Valparaiso,68383,6-5,"6'5""",77.0,78.31,"6'6""",1.31,plays_taller,78.31,"6'6""",1.31,plays_taller
2021,Mekhi Long,Old Dominion,70243,6-7,"6'7""",79.0,77.79,"6'6""",-1.21,plays_shorter,77.79,"6'6""",-1.21,plays_shorter
2021,Moses Flowers,Hartford,70244,6-3,"6'3""",75.0,77.29,"6'5""",2.29,plays_taller,77.29,"6'5""",2.29,plays_taller
2021,Colby Rogers,Cal Poly,70246,6-5,"6'5""",77.0,74.91,"6'3""",-2.09,plays_shorter,74.91,"6'3""",-2.09,plays_shorter
2021,Jeremiah Hernandez,Kent St.,70249,6-4,"6'4""",76.0,75.8,"6'4""",-0.2,plays_at_height,75.8,"6'4""",-0.2,plays_at_height
2021,Evan Bainbridge,Kent St.,70252,6-9,"6'9""",81.0,75.53,"6'4""",-5.47,plays_shorter,75.53,"6'4""",-5.47,plays_shorter
2021,Jakob Alamudun,Lehigh,70253,6-6,"6'6""",78.0,75.95,"6'4""",-2.05,plays_shorter,75.95,"6'4""",-2.05,plays_shorter
2021,Alimamy Koroma,Cal Poly,70254,6-8,"6'8""",80.0,79.64,"6'8""",-0.36,plays_at_height,79.64,"6'8""",-0.36,plays_at_height
2021,Giovanni Santiago,Kent St.,70255,6-1,"6'1""",73.0,74.24,"6'2""",1.24,plays_taller,74.24,"6'2""",1.24,plays_taller
2021,Tim Ceaser,Coastal Carolina,70257,6-9,"6'9""",81.0,78.33,"6'6""",-2.67,plays_shorter,78.33,"6'6""",-2.67,plays_shorter
2021,Miroslav Stafl,Hartford,70258,6-10,"6'10""",82.0,79.14,"6'7""",-2.86,plays_shorter,79.14,"6'7""",-2.86,plays_shorter
2021,Giordan Williams,Santa Clara,70260,6-3,"6'3""",75.0,76.22,"6'4""",1.22,plays_taller,76.22,"6'4""",1.22,plays_taller
2021,Kyle Young,Siena,70261,6-9,"6'9""",81.0,81.12,"6'9""",0.12,plays_at_height,81.12,"6'9""",0.12,plays_at_height
2021,Miguel Tomley,Santa Clara,70262,6-3,"6'3""",75.0,74.52,"6'3""",-0.48,plays_at_height,74.52,"6'3""",-0.48,plays_at_height
2021,Javion Hamlet,North Texas,70263,6-4,"6'4""",76.0,75.18,"6'3""",-0.82,plays_shorter,75.18,"6'3""",-0.82,plays_shorter
2021,Thomas Bell,North Texas,70264,6-6,"6'6""",78.0,79.99,"6'8""",1.99,plays_taller,79.99,"6'8""",1.99,plays_taller
2021,Jalen Williams,Santa Clara,70269,6-6,"6'6""",78.0,77.42,"6'5""",-0.58,plays_at_height,77.42,"6'5""",-0.58,plays_at_height
2021,Damen Thacker,Idaho,70270,5-11,"5'11""",71.0,75.1,"6'3""",4.1,plays_taller,75.1,"6'3""",4.1,plays_taller
2021,Joshua Lusane,Campbell,70273,6-7,"6'7""",79.0,80.66,"6'9""",1.66,plays_taller,80.66,"6'9""",1.66,plays_taller
2021,David Muoka,Lamar,70274,6-10,"6'10""",82.0,82.45,"6'10""",0.45,plays_at_height,82.45,"6'10""",0.45,plays_at_height
2021,Borja Fernandez,Montana St.,70276,6-7,"6'7""",79.0,76.09,"6'4""",-2.91,plays_shorter,76.09,"6'4""",-2.91,plays_shorter
2021,Anderson Kopp,Lamar,70278,6-5,"6'5""",77.0,75.56,"6'4""",-1.44,plays_shorter,75.56,"6'4""",-1.44,plays_shorter
2021,Corey Nickerson,Lamar,70280,6-7,"6'7""",79.0,80.94,"6'9""",1.94,plays_taller,80.94,"6'9""",1.94,plays_taller
2021,Jamison Battle,George Washington,70284,6-7,"6'7""",79.0,76.87,"6'5""",-2.13,plays_shorter,76.87,"6'5""",-2.13,plays_shorter
2021,Chase Paar,George Washington,70285,6-9,"6'9""",81.0,78.52,"6'7""",-2.48,plays_shorter,78.52,"6'7""",-2.48,plays_shorter
2021,Harouna Sissoko,Illinois St.,70287,6-7,"6'7""",79.0,78.36,"6'6""",-0.64,plays_at_height,78.36,"6'6""",-0.64,plays_at_height
2021,DaJuan Gordon,Kansas St.,70289,6-4,"6'4""",76.0,78.13,"6'6""",2.13,plays_taller,78.13,"6'6""",2.13,plays_taller
2021,Xavier Wilson,Central Connecticut,70293,6-7,"6'7""",79.0,78.46,"6'6""",-0.54,plays_at_height,78.46,"6'6""",-0.54,plays_at_height
2021,Colin Kenney,Furman,70296,6-1,"6'1""",73.0,74.51,"6'3""",1.51,plays_taller,74.51,"6'3""",1.51,plays_taller
2021,Marcus Foster,Furman,70297,6-4,"6'4""",76.0,77.33,"6'5""",1.33,plays_taller,77.33,"6'5""",1.33,plays_taller
2021,Zach Newkirk,Central Connecticut,70298,6-1,"6'1""",73.0,75.34,"6'3""",2.34,plays_taller,75.34,"6'3""",2.34,plays_taller
2021,Stephane Ayangma,Central Connecticut,70299,6-6,"6'6""",78.0,78.77,"6'7""",0.77,plays_taller,78.77,"6'7""",0.77,plays_taller
2021,Jamir Reed,Central Connecticut,70300,6-4,"6'4""",76.0,75.11,"6'3""",-0.89,plays_shorter,75.11,"6'3""",-0.89,plays_shorter
2021,Gaige Prim,Missouri St.,70303,6-8,"6'8""",80.0,81.62,"6'10""",1.62,plays_taller,81.62,"6'10""",1.62,plays_taller
2021,Emmanuel Ugboh,Tulsa,70304,7-0,"7'0""",84.0,78.68,"6'7""",-5.32,plays_shorter,78.68,"6'7""",-5.32,plays_shorter
2021,Elijah Ford,Wagner,70305,6-5,"6'5""",77.0,79.83,"6'8""",2.83,plays_taller,79.83,"6'8""",2.83,plays_taller
2021,Will Martinez,Wagner,70308,6-5,"6'5""",77.0,76.44,"6'4""",-0.56,plays_at_height,76.44,"6'4""",-0.56,plays_at_height
2021,Cole Henry,Northern Iowa,70309,6-9,"6'9""",81.0,76.27,"6'4""",-4.73,plays_shorter,76.27,"6'4""",-4.73,plays_shorter
2021,Evan Gauger,Northern Iowa,70311,6-2,"6'2""",74.0,74.83,"6'3""",0.83,plays_taller,74.83,"6'3""",0.83,plays_taller
2021,Elias King,Middle Tennessee,70314,6-8,"6'8""",80.0,75.79,"6'4""",-4.21,plays_shorter,75.79,"6'4""",-4.21,plays_shorter
2021,Delor Johnson,Southern,70318,6-3,"6'3""",75.0,76.65,"6'5""",1.65,plays_taller,76.65,"6'5""",1.65,plays_taller
2021,James Bouknight,Connecticut,70319,6-5,"6'5""",77.0,78.26,"6'6""",1.26,plays_taller,78.26,"6'6""",1.26,plays_taller
2021,Byron Smith,Southeastern Louisiana,70322,6-1,"6'1""",73.0,75.62,"6'4""",2.62,plays_taller,75.62,"6'4""",2.62,plays_taller
2021,Anthony Jones,Western Illinois,70325,6-5,"6'5""",77.0,75.53,"6'4""",-1.47,plays_shorter,75.53,"6'4""",-1.47,plays_shorter
2021,Doctor Bradley,Cal St. Fullerton,70326,6-7,"6'7""",79.0,78.4,"6'6""",-0.6,plays_at_height,78.4,"6'6""",-0.6,plays_at_height
2021,Jaden Bediako,Santa Clara,70327,6-10,"6'10""",82.0,80.58,"6'9""",-1.42,plays_shorter,80.58,"6'9""",-1.42,plays_shorter
2021,Daniss Jenkins,Pacific,70329,6-3,"6'3""",75.0,77.01,"6'5""",2.01,plays_taller,77.01,"6'5""",2.01,plays_taller
2021,James Hampshire,Pacific,70330,7-1,"7'1""",85.0,78.97,"6'7""",-6.03,plays_shorter,78.97,"6'7""",-6.03,plays_shorter
2021,Alvin Stredic Jr,Arkansas Pine Bluff,70333,6-9,"6'9""",81.0,76.65,"6'5""",-4.35,plays_shorter,76.65,"6'5""",-4.35,plays_shorter
2021,Keion Brooks Jr.,Kentucky,70335,6-7,"6'7""",79.0,80.54,"6'9""",1.54,plays_taller,80.54,"6'9""",1.54,plays_taller
2021,Armando Bacot,North Carolina,70339,6-10,"6'10""",82.0,82.59,"6'11""",0.59,plays_at_height,82.59,"6'11""",0.59,plays_at_height
2021,Max Agbonkpolo,USC,70342,6-9,"6'9""",81.0,77.41,"6'5""",-3.59,plays_shorter,77.41,"6'5""",-3.59,plays_shorter
2021,Emanuel Miller,Texas A&M,70343,6-7,"6'7""",79.0,79.72,"6'8""",0.72,plays_at_height,79.72,"6'8""",0.72,plays_at_height
2021,Quenton Jackson,Texas A&M,70344,6-5,"6'5""",77.0,76.87,"6'5""",-0.13,plays_at_height,76.87,"6'5""",-0.13,plays_at_height
2021,Jonathan Aku,Texas A&M,70345,6-10,"6'10""",82.0,79.52,"6'8""",-2.48,plays_shorter,79.52,"6'8""",-2.48,plays_shorter
2021,Andre Gordon,Texas A&M,70348,6-2,"6'2""",74.0,76.03,"6'4""",2.03,plays_taller,76.03,"6'4""",2.03,plays_taller
2021,Drew Lutz,Incarnate Word,70349,6-1,"6'1""",73.0,74.37,"6'2""",1.37,plays_taller,74.37,"6'2""",1.37,plays_taller
2021,Messiah Thompson,Campbell,70352,5-8,"5'8""",68.0,73.94,"6'2""",5.94,plays_taller,73.94,"6'2""",5.94,plays_taller
2021,Lance Jones,Southern Illinois,70356,6-1,"6'1""",73.0,75.0,"6'3""",2.0,plays_taller,75.0,"6'3""",2.0,plays_taller
2021,Amin Adamu,Montana St.,70357,6-5,"6'5""",77.0,77.27,"6'5""",0.27,plays_at_height,77.27,"6'5""",0.27,plays_at_height
2021,Josh Thomas,Milwaukee,70358,6-4,"6'4""",76.0,77.1,"6'5""",1.1,plays_taller,77.1,"6'5""",1.1,plays_taller
2021,Mahamadou Diawara,Stetson,70360,6-10,"6'10""",82.0,80.41,"6'8""",-1.59,plays_shorter,80.41,"6'8""",-1.59,plays_shorter
2021,De'Vion Harmon,Oklahoma,70362,6-2,"6'2""",74.0,76.36,"6'4""",2.36,plays_taller,76.36,"6'4""",2.36,plays_taller
2021,Victor Iwuakor,Oklahoma,70363,6-7,"6'7""",79.0,79.96,"6'8""",0.96,plays_taller,79.96,"6'8""",0.96,plays_taller
2021,Jalen Hill,Oklahoma,70364,6-7,"6'7""",79.0,78.14,"6'6""",-0.86,plays_shorter,78.14,"6'6""",-0.86,plays_shorter
2021,Ellis Jefferson,Lamar,70368,6-0,"6'0""",72.0,75.24,"6'3""",3.24,plays_taller,75.24,"6'3""",3.24,plays_taller
2021,Toumani Camara,Georgia,70370,6-8,"6'8""",80.0,81.23,"6'9""",1.23,plays_taller,81.23,"6'9""",1.23,plays_taller
2021,Sahvir Wheeler,Georgia,70372,5-10,"5'10""",70.0,75.37,"6'3""",5.37,plays_taller,75.37,"6'3""",5.37,plays_taller
2021,Tyrese Jenkins,Norfolk St.,70375,6-6,"6'6""",78.0,74.96,"6'3""",-3.04,plays_shorter,74.96,"6'3""",-3.04,plays_shorter
2021,Donovan Gregory,Appalachian St.,70376,6-5,"6'5""",77.0,78.81,"6'7""",1.81,plays_taller,78.81,"6'7""",1.81,plays_taller
2021,Doug Edert,Saint Peter's,70379,6-2,"6'2""",74.0,75.35,"6'3""",1.35,plays_taller,75.35,"6'3""",1.35,plays_taller
2021,Hassan Drame,Saint Peter's,70380,6-7,"6'7""",79.0,79.06,"6'7""",0.06,plays_at_height,79.06,"6'7""",0.06,plays_at_height
2021,Emmanuel Tshimanga,UC Irvine,70385,7-0,"7'0""",84.0,77.86,"6'6""",-6.14,plays_shorter,77.86,"6'6""",-6.14,plays_shorter
2021,Isaiah Lee,UC Irvine,70386,6-2,"6'2""",74.0,75.11,"6'3""",1.11,plays_taller,75.11,"6'3""",1.11,plays_taller
2021,Matt Johnson,Detroit Mercy,70389,6-4,"6'4""",76.0,76.18,"6'4""",0.18,plays_at_height,76.18,"6'4""",0.18,plays_at_height
2021,Ja'Shonte Wright-McLeish,Maine,70390,6-4,"6'4""",76.0,75.33,"6'3""",-0.67,plays_at_height,75.33,"6'3""",-0.67,plays_at_height
2021,Cole Bajema,Washington,70392,6-7,"6'7""",79.0,76.29,"6'4""",-2.71,plays_shorter,76.29,"6'4""",-2.71,plays_shorter
2021,Ata Turgut,Maine,70393,6-9,"6'9""",81.0,75.54,"6'4""",-5.46,plays_shorter,75.54,"6'4""",-5.46,plays_shorter
2021,Franz Wagner,Michigan,70394,6-9,"6'9""",81.0,79.66,"6'8""",-1.34,plays_shorter,79.66,"6'8""",-1.34,plays_shorter
2021,Taylor Schildroth,Maine,70396,6-0,"6'0""",72.0,74.6,"6'3""",2.6,plays_taller,74.6,"6'3""",2.6,plays_taller
2021,Trevin Knell,BYU,70397,6-5,"6'5""",77.0,75.48,"6'3""",-1.52,plays_shorter,75.48,"6'3""",-1.52,plays_shorter
2021,Gage Bobe,Evansville,70398,6-0,"6'0""",72.0,73.05,"6'1""",1.05,plays_taller,73.05,"6'1""",1.05,plays_taller
2021,Braelen Bridges,Illinois Chicago,70400,6-10,"6'10""",82.0,78.84,"6'7""",-3.16,plays_shorter,78.84,"6'7""",-3.16,plays_shorter
2021,Jaylin Hunter,Old Dominion,70401,5-11,"5'11""",71.0,75.1,"6'3""",4.1,plays_taller,75.1,"6'3""",4.1,plays_taller
2021,Jamaure Gregg,Northwestern St.,70402,6-7,"6'7""",79.0,77.98,"6'6""",-1.02,plays_shorter,77.98,"6'6""",-1.02,plays_shorter
2021,Trenton Massner,Northwestern St.,70405,6-2,"6'2""",74.0,77.64,"6'6""",3.64,plays_taller,77.64,"6'6""",3.64,plays_taller
2021,Jovan Zelenbaba,Northwestern St.,70406,6-4,"6'4""",76.0,76.36,"6'4""",0.36,plays_at_height,76.36,"6'4""",0.36,plays_at_height
2021,Mika Adams-Woods,Cincinnati,70410,6-3,"6'3""",75.0,76.07,"6'4""",1.07,plays_taller,76.07,"6'4""",1.07,plays_taller
2021,Robby Robinson,Nevada,70411,6-8,"6'8""",80.0,77.26,"6'5""",-2.74,plays_shorter,77.26,"6'5""",-2.74,plays_shorter
2021,Kane Milling,Nevada,70413,6-4,"6'4""",76.0,74.53,"6'3""",-1.47,plays_shorter,74.53,"6'3""",-1.47,plays_shorter
2021,Zane Meeks,Nevada,70414,6-9,"6'9""",81.0,78.85,"6'7""",-2.15,plays_shorter,78.85,"6'7""",-2.15,plays_shorter
2021,David Skogman,Buffalo,70415,6-10,"6'10""",82.0,78.85,"6'7""",-3.15,plays_shorter,78.85,"6'7""",-3.15,plays_shorter
2021,Ben Roderick,Ohio,70418,6-5,"6'5""",77.0,76.49,"6'4""",-0.51,plays_at_height,76.49,"6'4""",-0.51,plays_at_height
2021,David Johnson,Louisville,70419,6-5,"6'5""",77.0,77.46,"6'5""",0.46,plays_at_height,77.46,"6'5""",0.46,plays_at_height
2021,Lunden McDay,Ohio,70420,6-3,"6'3""",75.0,75.08,"6'3""",0.08,plays_at_height,75.08,"6'3""",0.08,plays_at_height
2021,Kobe Langley,UNC Greensboro,70425,6-1,"6'1""",73.0,76.07,"6'4""",3.07,plays_taller,76.07,"6'4""",3.07,plays_taller
2021,Eli Lawrence,Middle Tennessee,70426,6-5,"6'5""",77.0,77.06,"6'5""",0.06,plays_at_height,77.06,"6'5""",0.06,plays_at_height
2021,Josh Kunen,San Francisco,70429,6-8,"6'8""",80.0,77.93,"6'6""",-2.07,plays_shorter,77.93,"6'6""",-2.07,plays_shorter
2021,Shamar Wright,SIU Edwardsville,70430,6-7,"6'7""",79.0,77.73,"6'6""",-1.27,plays_shorter,77.73,"6'6""",-1.27,plays_shorter
2021,Jimmy Bell Jr.,Saint Louis,70431,6-10,"6'10""",82.0,78.76,"6'7""",-3.24,plays_shorter,78.76,"6'7""",-3.24,plays_shorter
2021,Yuri Collins,Saint Louis,70433,6-0,"6'0""",72.0,76.24,"6'4""",4.24,plays_taller,76.24,"6'4""",4.24,plays_taller
2021,Samuell Williamson,Louisville,70434,6-7,"6'7""",79.0,79.15,"6'7""",0.15,plays_at_height,79.15,"6'7""",0.15,plays_at_height
2021,Javonte Perkins,Saint Louis,70436,6-6,"6'6""",78.0,77.43,"6'5""",-0.57,plays_at_height,77.43,"6'5""",-0.57,plays_at_height
2021,Gibson Jimerson,Saint Louis,70438,6-5,"6'5""",77.0,75.01,"6'3""",-1.99,plays_shorter,75.01,"6'3""",-1.99,plays_shorter
2021,Terrence Hargrove Jr.,Saint Louis,70439,6-4,"6'4""",76.0,76.5,"6'5""",0.5,plays_at_height,76.5,"6'5""",0.5,plays_at_height
2021,Quinn Slazinski,Louisville,70440,6-8,"6'8""",80.0,76.83,"6'5""",-3.17,plays_shorter,76.83,"6'5""",-3.17,plays_shorter
2021,Phoenix Ford,UTSA,70442,6-8,"6'8""",80.0,77.1,"6'5""",-2.9,plays_shorter,77.1,"6'5""",-2.9,plays_shorter
2021,Kobi Nwandu,Niagara,70443,6-6,"6'6""",78.0,76.58,"6'5""",-1.42,plays_shorter,76.58,"6'5""",-1.42,plays_shorter
2021,Seth Pinkney,Quinnipiac,70444,7-1,"7'1""",85.0,83.53,"7'0""",-1.47,plays_shorter,83.53,"7'0""",-1.47,plays_shorter
2021,La'Mel Robinson,Nebraska Omaha,70447,6-0,"6'0""",72.0,75.21,"6'3""",3.21,plays_taller,75.21,"6'3""",3.21,plays_taller
2021,Justin Webster,Hawaii,70448,6-3,"6'3""",75.0,75.54,"6'4""",0.54,plays_at_height,75.54,"6'4""",0.54,plays_at_height
2021,Darrius Hughes,Nebraska Omaha,70451,6-7,"6'7""",79.0,77.0,"6'5""",-2.0,plays_shorter,77.0,"6'5""",-2.0,plays_shorter
2021,Immanuel Allen,Abilene Christian,70454,6-4,"6'4""",76.0,78.6,"6'7""",2.6,plays_taller,78.6,"6'7""",2.6,plays_taller
2021,Marlon Ruffin,Nebraska Omaha,70455,6-5,"6'5""",77.0,75.17,"6'3""",-1.83,plays_shorter,75.17,"6'3""",-1.83,plays_shorter
2021,Jalyn McCreary,South Carolina,70457,6-8,"6'8""",80.0,80.47,"6'8""",0.47,plays_at_height,80.47,"6'8""",0.47,plays_at_height
2021,Jatayveous Watson,USC Upstate,70458,6-8,"6'8""",80.0,78.89,"6'7""",-1.11,plays_shorter,78.89,"6'7""",-1.11,plays_shorter
2021,Wildens Leveque,South Carolina,70459,6-10,"6'10""",82.0,80.63,"6'9""",-1.37,plays_shorter,80.63,"6'9""",-1.37,plays_shorter
2021,Jaime Jaquez Jr.,UCLA,70461,6-6,"6'6""",78.0,79.3,"6'7""",1.3,plays_taller,79.3,"6'7""",1.3,plays_taller
2021,Gregory Hammond,UMass Lowell,70462,6-6,"6'6""",78.0,76.31,"6'4""",-1.69,plays_shorter,76.31,"6'4""",-1.69,plays_shorter
2021,Goran Miladinovic,Marshall,70464,7-0,"7'0""",84.0,78.74,"6'7""",-5.26,plays_shorter,78.74,"6'7""",-5.26,plays_shorter
2021,Taz Sherman,West Virginia,70466,6-4,"6'4""",76.0,74.7,"6'3""",-1.3,plays_shorter,74.7,"6'3""",-1.3,plays_shorter
2021,Zach Iyeyemi,Houston Christian,70467,6-9,"6'9""",81.0,78.56,"6'7""",-2.44,plays_shorter,78.56,"6'7""",-2.44,plays_shorter
2021,Gertautas Urbonavicius,North Dakota,70468,6-7,"6'7""",79.0,76.62,"6'5""",-2.38,plays_shorter,76.62,"6'5""",-2.38,plays_shorter
2021,Brady Danielson,North Dakota,70470,6-4,"6'4""",76.0,74.01,"6'2""",-1.99,plays_shorter,74.01,"6'2""",-1.99,plays_shorter
2021,Myles Pierre,Houston Christian,70471,6-2,"6'2""",74.0,74.81,"6'3""",0.81,plays_taller,74.81,"6'3""",0.81,plays_taller
2021,Hunter Janacek,Houston Christian,70472,6-5,"6'5""",77.0,74.43,"6'2""",-2.57,plays_shorter,74.43,"6'2""",-2.57,plays_shorter
2021,Mackenzie McFatten,Georgia Southern,70475,6-8,"6'8""",80.0,79.41,"6'7""",-0.59,plays_at_height,79.41,"6'7""",-0.59,plays_at_height
2021,Quinton Morton-Robertson,Radford,70478,5-8,"5'8""",68.0,74.96,"6'3""",6.96,plays_taller,74.96,"6'3""",6.96,plays_taller
2021,Xander Rice,Bucknell,70480,6-3,"6'3""",75.0,74.3,"6'2""",-0.7,plays_at_height,74.3,"6'2""",-0.7,plays_at_height
2021,James Bishop,George Washington,70481,6-2,"6'2""",74.0,75.35,"6'3""",1.35,plays_taller,75.35,"6'3""",1.35,plays_taller
2021,Edward Oliver-Hampton,Hampton,70484,6-7,"6'7""",79.0,78.23,"6'6""",-0.77,plays_shorter,78.23,"6'6""",-0.77,plays_shorter
2021,Chris Shelton,Hampton,70485,6-4,"6'4""",76.0,73.99,"6'2""",-2.01,plays_shorter,73.99,"6'2""",-2.01,plays_shorter
2021,Daniel Banister,Hampton,70486,6-5,"6'5""",77.0,77.53,"6'6""",0.53,plays_at_height,77.53,"6'6""",0.53,plays_at_height
2021,Saheem Anthony,Hampton,70487,6-7,"6'7""",79.0,76.09,"6'4""",-2.91,plays_shorter,76.09,"6'4""",-2.91,plays_shorter
2021,Chandler Turner,Bowling Green,70494,6-7,"6'7""",79.0,76.18,"6'4""",-2.82,plays_shorter,76.18,"6'4""",-2.82,plays_shorter
2021,Roti Ware,Stephen F. Austin,70495,6-3,"6'3""",75.0,76.34,"6'4""",1.34,plays_taller,76.34,"6'4""",1.34,plays_taller
2021,Trey Diggs,Bowling Green,70496,6-6,"6'6""",78.0,76.93,"6'5""",-1.07,plays_shorter,76.93,"6'5""",-1.07,plays_shorter
2021,Rahmir Moore,Saint Joseph's,70501,6-3,"6'3""",75.0,75.97,"6'4""",0.97,plays_taller,75.97,"6'4""",0.97,plays_taller
2021,Jawaun Daniels,Prairie View A&M,70503,6-7,"6'7""",79.0,78.31,"6'6""",-0.69,plays_at_height,78.31,"6'6""",-0.69,plays_at_height
2021,Brady Spence,The Citadel,70505,6-9,"6'9""",81.0,78.71,"6'7""",-2.29,plays_shorter,78.71,"6'7""",-2.29,plays_shorter
2021,Trae Hannibal,South Carolina,70509,6-3,"6'3""",75.0,77.64,"6'6""",2.64,plays_taller,77.64,"6'6""",2.64,plays_taller
2021,Robert Jones,Denver,70511,6-10,"6'10""",82.0,80.03,"6'8""",-1.97,plays_shorter,80.03,"6'8""",-1.97,plays_shorter
2021,Jordan King,Siena,70514,6-0,"6'0""",72.0,73.91,"6'2""",1.91,plays_taller,73.91,"6'2""",1.91,plays_taller
2021,Rob Higgins,St. Francis NY,70516,6-1,"6'1""",73.0,74.08,"6'2""",1.08,plays_taller,74.08,"6'2""",1.08,plays_taller
2021,Rob McClain Jr.,UT Rio Grande Valley,70517,6-5,"6'5""",77.0,78.39,"6'6""",1.39,plays_taller,78.39,"6'6""",1.39,plays_taller
2021,Trey Quartlebaum,St. Francis NY,70518,6-1,"6'1""",73.0,74.66,"6'3""",1.66,plays_taller,74.66,"6'3""",1.66,plays_taller
2021,Kanon Koster,South Dakota,70519,6-4,"6'4""",76.0,76.9,"6'5""",0.9,plays_taller,76.9,"6'5""",0.9,plays_taller
2021,Connor Raines,UT Rio Grande Valley,70520,6-6,"6'6""",78.0,74.79,"6'3""",-3.21,plays_shorter,74.79,"6'3""",-3.21,plays_shorter
2021,Chris Freeman,UT Rio Grande Valley,70521,6-6,"6'6""",78.0,76.21,"6'4""",-1.79,plays_shorter,76.21,"6'4""",-1.79,plays_shorter
2021,Ali Ali,Akron,70524,6-8,"6'8""",80.0,77.18,"6'5""",-2.82,plays_shorter,77.18,"6'5""",-2.82,plays_shorter
2021,Camron Reece,Akron,70525,6-7,"6'7""",79.0,80.74,"6'9""",1.74,plays_taller,80.74,"6'9""",1.74,plays_taller
2021,Greg Tribble,Akron,70528,6-1,"6'1""",73.0,75.98,"6'4""",2.98,plays_taller,75.98,"6'4""",2.98,plays_taller
2021,Jamaal Walker,Chattanooga,70530,6-5,"6'5""",77.0,74.49,"6'2""",-2.51,plays_shorter,74.49,"6'2""",-2.51,plays_shorter
2021,Hakim Hart,Maryland,70532,6-6,"6'6""",78.0,77.36,"6'5""",-0.64,plays_at_height,77.36,"6'5""",-0.64,plays_at_height
2021,Luke Smith,Belmont,70533,6-0,"6'0""",72.0,74.99,"6'3""",2.99,plays_taller,74.99,"6'3""",2.99,plays_taller
2021,Trey Hutcheson,Albany,70535,6-5,"6'5""",77.0,77.32,"6'5""",0.32,plays_at_height,77.32,"6'5""",0.32,plays_at_height
2021,Alex Ducas,Saint Mary's,70538,6-6,"6'6""",78.0,76.68,"6'5""",-1.32,plays_shorter,76.68,"6'5""",-1.32,plays_shorter
2021,Kyle Bowen,Saint Mary's,70539,6-8,"6'8""",80.0,77.87,"6'6""",-2.13,plays_shorter,77.87,"6'6""",-2.13,plays_shorter
2021,Nahiem Alleyne,Virginia Tech,70540,6-4,"6'4""",76.0,75.82,"6'4""",-0.18,plays_at_height,75.82,"6'4""",-0.18,plays_at_height
2021,Jalen Cone,Virginia Tech,70542,5-10,"5'10""",70.0,73.72,"6'2""",3.72,plays_taller,73.72,"6'2""",3.72,plays_taller
2021,Hunter Cattoor,Virginia Tech,70543,6-3,"6'3""",75.0,76.61,"6'5""",1.61,plays_taller,76.61,"6'5""",1.61,plays_taller
2021,Keaston Willis,Incarnate Word,70544,6-3,"6'3""",75.0,74.86,"6'3""",-0.14,plays_at_height,74.86,"6'3""",-0.14,plays_at_height
2021,Demond Robinson,Murray St.,70546,6-8,"6'8""",80.0,79.21,"6'7""",-0.79,plays_shorter,79.21,"6'7""",-0.79,plays_shorter
2021,Ismael Massoud,Wake Forest,70548,6-8,"6'8""",80.0,75.84,"6'4""",-4.16,plays_shorter,75.84,"6'4""",-4.16,plays_shorter
2021,Ody Oguama,Wake Forest,70550,6-9,"6'9""",81.0,78.92,"6'7""",-2.08,plays_shorter,78.92,"6'7""",-2.08,plays_shorter
2021,Courtney Brown Jr.,Milwaukee,70551,6-7,"6'7""",79.0,76.34,"6'4""",-2.66,plays_shorter,76.34,"6'4""",-2.66,plays_shorter
2021,Tre' Williams,Minnesota,70552,6-5,"6'5""",77.0,76.72,"6'5""",-0.28,plays_at_height,76.72,"6'5""",-0.28,plays_at_height
2021,Tasos Kamateros,South Dakota,70553,6-8,"6'8""",80.0,77.47,"6'5""",-2.53,plays_shorter,77.47,"6'5""",-2.53,plays_shorter
2021,Nathaniel Stokes,Bryant,70554,6-8,"6'8""",80.0,77.21,"6'5""",-2.79,plays_shorter,77.21,"6'5""",-2.79,plays_shorter
2021,Charles Pride,Bryant,70555,6-4,"6'4""",76.0,76.69,"6'5""",0.69,plays_at_height,76.69,"6'5""",0.69,plays_at_height
2021,Michael Green III,Bryant,70557,5-11,"5'11""",71.0,74.95,"6'3""",3.95,plays_taller,74.95,"6'3""",3.95,plays_taller
2021,Jake LaRavia,Indiana St.,70559,6-9,"6'9""",81.0,79.95,"6'8""",-1.05,plays_shorter,79.95,"6'8""",-1.05,plays_shorter
2021,Romeo Weems,DePaul,70561,6-7,"6'7""",79.0,77.65,"6'6""",-1.35,plays_shorter,77.65,"6'6""",-1.35,plays_shorter
2021,Seikou Sisoho Jawara,Weber St.,70564,6-3,"6'3""",75.0,75.16,"6'3""",0.16,plays_at_height,75.16,"6'3""",0.16,plays_at_height
2021,Armaan Franklin,Indiana,70565,6-4,"6'4""",76.0,76.81,"6'5""",0.81,plays_taller,76.81,"6'5""",0.81,plays_taller
2021,Jairus Roberson,Northwestern St.,70566,6-2,"6'2""",74.0,73.62,"6'2""",-0.38,plays_at_height,73.62,"6'2""",-0.38,plays_at_height
2021,Eric Lovett,FIU,70568,6-5,"6'5""",77.0,74.39,"6'2""",-2.61,plays_shorter,74.39,"6'2""",-2.61,plays_shorter
2021,Marion Humphrey,San Diego,70570,6-2,"6'2""",74.0,75.97,"6'4""",1.97,plays_taller,75.97,"6'4""",1.97,plays_taller
2021,Jamon Battle,UNC Asheville,70573,6-5,"6'5""",77.0,78.28,"6'6""",1.28,plays_taller,78.28,"6'6""",1.28,plays_taller
2021,Ryan Moffatt,Colgate,70574,6-6,"6'6""",78.0,76.3,"6'4""",-1.7,plays_shorter,76.3,"6'4""",-1.7,plays_shorter
2021,Trent Stephney,UNC Asheville,70575,6-2,"6'2""",74.0,76.43,"6'4""",2.43,plays_taller,76.43,"6'4""",2.43,plays_taller
2021,Terence Porter Jr.,Charleston Southern,70578,6-8,"6'8""",80.0,78.39,"6'6""",-1.61,plays_shorter,78.39,"6'6""",-1.61,plays_shorter
2021,Tahj Small,Tarleton St.,70581,6-5,"6'5""",77.0,77.46,"6'5""",0.46,plays_at_height,77.46,"6'5""",0.46,plays_at_height
2021,Nicholas Jones,Arkansas Pine Bluff,70582,6-1,"6'1""",73.0,74.56,"6'3""",1.56,plays_taller,74.56,"6'3""",1.56,plays_taller
2021,Yahuza Rasas,Texas Southern,70583,6-7,"6'7""",79.0,77.91,"6'6""",-1.09,plays_shorter,77.91,"6'6""",-1.09,plays_shorter
2021,Jarred Hyder,California,70594,6-3,"6'3""",75.0,75.1,"6'3""",0.1,plays_at_height,75.1,"6'3""",0.1,plays_at_height
2021,Evan Taylor,Lehigh,70595,6-6,"6'6""",78.0,78.65,"6'7""",0.65,plays_at_height,78.65,"6'7""",0.65,plays_at_height
2021,Kennedy Koehler,UC Davis,70596,6-7,"6'7""",79.0,77.4,"6'5""",-1.6,plays_shorter,77.4,"6'5""",-1.6,plays_shorter
2021,Ezra Manjon,UC Davis,70597,5-11,"5'11""",71.0,74.88,"6'3""",3.88,plays_taller,74.88,"6'3""",3.88,plays_taller
2021,Max Fiedler,Rice,70599,6-10,"6'10""",82.0,81.2,"6'9""",-0.8,plays_shorter,81.2,"6'9""",-0.8,plays_shorter
2021,Festus Ndumanya,Cal St. Northridge,70600,6-7,"6'7""",79.0,78.58,"6'7""",-0.42,plays_at_height,78.58,"6'7""",-0.42,plays_at_height
2021,Ade Adebayo,UC Davis,70602,6-4,"6'4""",76.0,78.3,"6'6""",2.3,plays_taller,78.3,"6'6""",2.3,plays_taller
2021,Zach Crisler,Fairfield,70604,6-9,"6'9""",81.0,75.66,"6'4""",-5.34,plays_shorter,75.66,"6'4""",-5.34,plays_shorter
2021,Braden Bell,Marist,70607,6-7,"6'7""",79.0,78.18,"6'6""",-0.82,plays_shorter,78.18,"6'6""",-0.82,plays_shorter
2021,DeShawn Thomas,Coastal Carolina,70609,6-10,"6'10""",82.0,82.54,"6'11""",0.54,plays_at_height,82.54,"6'11""",0.54,plays_at_height
2021,Anthony Holland,Fresno St.,70610,6-5,"6'5""",77.0,77.45,"6'5""",0.45,plays_at_height,77.45,"6'5""",0.45,plays_at_height
2021,Jacob Toppin,Kentucky,70613,6-9,"6'9""",81.0,78.31,"6'6""",-2.69,plays_shorter,78.31,"6'6""",-2.69,plays_shorter
2021,Jake Betlow,Lehigh,70614,6-2,"6'2""",74.0,72.89,"6'1""",-1.11,plays_shorter,72.89,"6'1""",-1.11,plays_shorter
2021,Darrious Agnew,Southeast Missouri St.,70615,6-8,"6'8""",80.0,78.28,"6'6""",-1.72,plays_shorter,78.28,"6'6""",-1.72,plays_shorter
2021,Reed Fenton,Lehigh,70616,6-4,"6'4""",76.0,74.93,"6'3""",-1.07,plays_shorter,74.93,"6'3""",-1.07,plays_shorter
2021,Ryan Rapp,Washington St.,70617,6-5,"6'5""",77.0,74.82,"6'3""",-2.18,plays_shorter,74.82,"6'3""",-2.18,plays_shorter
2021,Noah Williams,Washington St.,70618,6-5,"6'5""",77.0,76.32,"6'4""",-0.68,plays_at_height,76.32,"6'4""",-0.68,plays_at_height
2021,Tylan Pope,Tulane,70619,6-6,"6'6""",78.0,79.94,"6'8""",1.94,plays_taller,79.94,"6'8""",1.94,plays_taller
2021,Nobal Days,Tulane,70620,6-9,"6'9""",81.0,78.83,"6'7""",-2.17,plays_shorter,78.83,"6'7""",-2.17,plays_shorter
2021,Alex Hemenway,Clemson,70621,6-3,"6'3""",75.0,75.91,"6'4""",0.91,plays_taller,75.91,"6'4""",0.91,plays_taller
2021,Jamir Chaplin,South Florida,70622,6-5,"6'5""",77.0,78.2,"6'6""",1.2,plays_taller,78.2,"6'6""",1.2,plays_taller
2021,B.J. Mack,Wofford,70625,6-8,"6'8""",80.0,78.01,"6'6""",-1.99,plays_shorter,78.01,"6'6""",-1.99,plays_shorter
2021,Chase Hunter,Clemson,70626,6-3,"6'3""",75.0,74.59,"6'3""",-0.41,plays_at_height,74.59,"6'3""",-0.41,plays_at_height
2021,Al-Amir Dawes,Clemson,70627,6-2,"6'2""",74.0,75.27,"6'3""",1.27,plays_taller,75.27,"6'3""",1.27,plays_taller
2021,DJ Harvey,Vanderbilt,70628,6-6,"6'6""",78.0,75.78,"6'4""",-2.22,plays_shorter,75.78,"6'4""",-2.22,plays_shorter
2021,Tyler Saint-Furcy,Marist,70629,6-4,"6'4""",76.0,77.78,"6'6""",1.78,plays_taller,77.78,"6'6""",1.78,plays_taller
2021,Kofi Cockburn,Illinois,70631,7-0,"7'0""",84.0,85.42,"7'1""",1.42,plays_taller,85.42,"7'1""",1.42,plays_taller
2021,Devante Carter,Norfolk St.,70632,6-3,"6'3""",75.0,77.08,"6'5""",2.08,plays_taller,77.08,"6'5""",2.08,plays_taller
2021,Ken Evans,Jackson St.,70635,6-4,"6'4""",76.0,76.59,"6'5""",0.59,plays_at_height,76.59,"6'5""",0.59,plays_at_height
2021,Yoro Sidibe,Norfolk St.,70636,6-7,"6'7""",79.0,76.24,"6'4""",-2.76,plays_shorter,76.24,"6'4""",-2.76,plays_shorter
2021,Jonas James,Jackson St.,70637,6-0,"6'0""",72.0,75.05,"6'3""",3.05,plays_taller,75.05,"6'3""",3.05,plays_taller
2021,Rocket Watts,Michigan St.,70639,6-2,"6'2""",74.0,73.73,"6'2""",-0.27,plays_at_height,73.73,"6'2""",-0.27,plays_at_height
2021,Malik Hall,Michigan St.,70640,6-7,"6'7""",79.0,79.32,"6'7""",0.32,plays_at_height,79.32,"6'7""",0.32,plays_at_height
2021,Allen Flanigan,Auburn,70643,6-6,"6'6""",78.0,77.9,"6'6""",-0.1,plays_at_height,77.9,"6'6""",-0.1,plays_at_height
2021,Jaylin Williams,Auburn,70644,6-8,"6'8""",80.0,80.38,"6'8""",0.38,plays_at_height,80.38,"6'8""",0.38,plays_at_height
2021,Julius Marble II,Michigan St.,70645,6-8,"6'8""",80.0,78.52,"6'7""",-1.48,plays_shorter,78.52,"6'7""",-1.48,plays_shorter
2021,Khalif Battle,Temple,70649,6-5,"6'5""",77.0,77.1,"6'5""",0.1,plays_at_height,77.1,"6'5""",0.1,plays_at_height
2021,Damion Baugh,Memphis,70650,6-3,"6'3""",75.0,76.71,"6'5""",1.71,plays_taller,76.71,"6'5""",1.71,plays_taller
2021,Ellis Magnuson,Eastern Washington,70651,6-2,"6'2""",74.0,74.2,"6'2""",0.2,plays_at_height,74.2,"6'2""",0.2,plays_at_height
2021,Dereon Seabron,N.C. State,70653,6-7,"6'7""",79.0,79.0,"6'7""",0.0,plays_at_height,79.0,"6'7""",0.0,plays_at_height
2021,Boogie Ellis,Memphis,70654,6-3,"6'3""",75.0,76.22,"6'4""",1.22,plays_taller,76.22,"6'4""",1.22,plays_taller
2021,Titus Wright,Western Michigan,70655,6-8,"6'8""",80.0,79.6,"6'8""",-0.4,plays_at_height,79.6,"6'8""",-0.4,plays_at_height
2021,Ron Mitchell,UMass Lowell,70657,6-3,"6'3""",75.0,75.05,"6'3""",0.05,plays_at_height,75.05,"6'3""",0.05,plays_at_height
2021,Amari Davis,Green Bay,70658,6-3,"6'3""",75.0,76.31,"6'4""",1.31,plays_taller,76.31,"6'4""",1.31,plays_taller
2021,Josh Corbin,Winthrop,70660,6-3,"6'3""",75.0,75.01,"6'3""",0.01,plays_at_height,75.01,"6'3""",0.01,plays_at_height
2021,Dante Wilcox,FIU,70661,6-6,"6'6""",78.0,78.08,"6'6""",0.08,plays_at_height,78.08,"6'6""",0.08,plays_at_height
2021,Fred Cleveland Jr.,North Carolina A&T,70662,5-9,"5'9""",69.0,75.52,"6'4""",6.52,plays_taller,75.52,"6'4""",6.52,plays_taller
2021,Spencer Jones,Stanford,70664,6-7,"6'7""",79.0,77.82,"6'6""",-1.18,plays_shorter,77.82,"6'6""",-1.18,plays_shorter
2021,Chase Claxton,Winthrop,70665,6-7,"6'7""",79.0,80.27,"6'8""",1.27,plays_taller,80.27,"6'8""",1.27,plays_taller
2021,Christian Ings,Rider,70679,6-2,"6'2""",74.0,76.54,"6'5""",2.54,plays_taller,76.54,"6'5""",2.54,plays_taller
2021,Demarius Pitts,UMKC,70680,6-4,"6'4""",76.0,76.34,"6'4""",0.34,plays_at_height,76.34,"6'4""",0.34,plays_at_height
2021,Tyreke Locure,South Alabama,70682,6-0,"6'0""",72.0,75.88,"6'4""",3.88,plays_taller,75.88,"6'4""",3.88,plays_taller
2021,Jimmy Clark III,VCU,70683,6-3,"6'3""",75.0,77.16,"6'5""",2.16,plays_taller,77.16,"6'5""",2.16,plays_taller
2021,Nah'Shon Hyland,VCU,70684,6-3,"6'3""",75.0,77.32,"6'5""",2.32,plays_taller,77.32,"6'5""",2.32,plays_taller
2021,Josiah Allick,UMKC,70687,6-8,"6'8""",80.0,78.72,"6'7""",-1.28,plays_shorter,78.72,"6'7""",-1.28,plays_shorter
2021,Sam Martin,UMKC,70688,6-0,"6'0""",72.0,73.91,"6'2""",1.91,plays_taller,73.91,"6'2""",1.91,plays_taller
2021,Keli Leaupepe,Loyola Marymount,70690,6-6,"6'6""",78.0,77.88,"6'6""",-0.12,plays_at_height,77.88,"6'6""",-0.12,plays_at_height
2021,Anton Watson,Gonzaga,70692,6-8,"6'8""",80.0,79.85,"6'8""",-0.15,plays_at_height,79.85,"6'8""",-0.15,plays_at_height
2021,Darion Spottsville,Eastern Michigan,70693,6-3,"6'3""",75.0,74.78,"6'3""",-0.22,plays_at_height,74.78,"6'3""",-0.22,plays_at_height
2021,Jason Gibson,Towson,70695,6-1,"6'1""",73.0,74.06,"6'2""",1.06,plays_taller,74.06,"6'2""",1.06,plays_taller
2021,Charles Thompson,Towson,70696,6-7,"6'7""",79.0,80.59,"6'9""",1.59,plays_taller,80.59,"6'9""",1.59,plays_taller
2021,Keeshawn Barthelemy,Colorado,70700,6-2,"6'2""",74.0,75.49,"6'3""",1.49,plays_taller,75.49,"6'3""",1.49,plays_taller
2021,Ben Wight,William & Mary,70701,6-9,"6'9""",81.0,78.53,"6'7""",-2.47,plays_shorter,78.53,"6'7""",-2.47,plays_shorter
2021,Trey Calvin,Wright St.,70703,6-0,"6'0""",72.0,74.34,"6'2""",2.34,plays_taller,74.34,"6'2""",2.34,plays_taller
2021,Demarkus Lampley,Sam Houston St.,70706,6-2,"6'2""",74.0,76.17,"6'4""",2.17,plays_taller,76.17,"6'4""",2.17,plays_taller
2021,Bryan Antoine,Villanova,70707,6-5,"6'5""",77.0,76.49,"6'4""",-0.51,plays_at_height,76.49,"6'4""",-0.51,plays_at_height
2021,Terryonte Thomas,Sam Houston St.,70708,6-4,"6'4""",76.0,76.08,"6'4""",0.08,plays_at_height,76.08,"6'4""",0.08,plays_at_height
2021,Luke Bumbalough,Ball St.,70710,6-1,"6'1""",73.0,74.29,"6'2""",1.29,plays_taller,74.29,"6'2""",1.29,plays_taller
2021,Jay Heath,Boston College,70712,6-3,"6'3""",75.0,74.71,"6'3""",-0.29,plays_at_height,74.71,"6'3""",-0.29,plays_at_height
2021,Julian Rishwain,San Francisco,70713,6-5,"6'5""",77.0,77.46,"6'5""",0.46,plays_at_height,77.46,"6'5""",0.46,plays_at_height
2021,CJ Felder,Boston College,70714,6-7,"6'7""",79.0,80.93,"6'9""",1.93,plays_taller,80.93,"6'9""",1.93,plays_taller
2021,Tre Jackson,Iowa St.,70715,6-1,"6'1""",73.0,75.31,"6'3""",2.31,plays_taller,75.31,"6'3""",2.31,plays_taller
2021,KK Curry,South Alabama,70716,6-6,"6'6""",78.0,79.09,"6'7""",1.09,plays_taller,79.09,"6'7""",1.09,plays_taller
2021,Drew Timme,Gonzaga,70717,6-10,"6'10""",82.0,81.35,"6'9""",-0.65,plays_at_height,81.35,"6'9""",-0.65,plays_at_height
2021,RJ Rhoden,Long Beach St.,70718,6-3,"6'3""",75.0,76.57,"6'5""",1.57,plays_taller,76.57,"6'5""",1.57,plays_taller
2021,Jacob Johnson,UMKC,70720,6-5,"6'5""",77.0,75.65,"6'4""",-1.35,plays_shorter,75.65,"6'4""",-1.35,plays_shorter
2021,Brian Tolefree,UNC Wilmington,70721,6-5,"6'5""",77.0,75.76,"6'4""",-1.24,plays_shorter,75.76,"6'4""",-1.24,plays_shorter
2021,Craig Beaudion,Cleveland St.,70724,6-3,"6'3""",75.0,74.76,"6'3""",-0.24,plays_at_height,74.76,"6'3""",-0.24,plays_at_height
2021,Anthony Walker,Miami FL,70725,6-9,"6'9""",81.0,78.61,"6'7""",-2.39,plays_shorter,78.61,"6'7""",-2.39,plays_shorter
2021,Keishawn Davidson,Tennessee Tech,70729,6-2,"6'2""",74.0,74.86,"6'3""",0.86,plays_taller,74.86,"6'3""",0.86,plays_taller
2021,Anthony Selden,Gardner Webb,70731,6-6,"6'6""",78.0,76.95,"6'5""",-1.05,plays_shorter,76.95,"6'5""",-1.05,plays_shorter
2021,Tom Welch,Loyola Chicago,70732,6-8,"6'8""",80.0,79.1,"6'7""",-0.9,plays_shorter,79.1,"6'7""",-0.9,plays_shorter
2021,Ja'Monta Black,Missouri St.,70733,6-4,"6'4""",76.0,74.89,"6'3""",-1.11,plays_shorter,74.89,"6'3""",-1.11,plays_shorter
2021,Marquise Kennedy,Loyola Chicago,70734,6-1,"6'1""",73.0,79.48,"6'7""",6.48,plays_taller,79.48,"6'7""",6.48,plays_taller
2021,Justin Champagnie,Pittsburgh,70735,6-6,"6'6""",78.0,81.35,"6'9""",3.35,plays_taller,81.35,"6'9""",3.35,plays_taller
2021,Abdoul Karim Coulibaly,Pittsburgh,70736,6-8,"6'8""",80.0,78.89,"6'7""",-1.11,plays_shorter,78.89,"6'7""",-1.11,plays_shorter
2021,Jacco Fritz,Canisius,70741,6-10,"6'10""",82.0,79.51,"6'8""",-2.49,plays_shorter,79.51,"6'8""",-2.49,plays_shorter
2021,Jovan Stulic,Little Rock,70742,6-5,"6'5""",77.0,74.75,"6'3""",-2.25,plays_shorter,74.75,"6'3""",-2.25,plays_shorter
2021,Ruot Monyyong,Little Rock,70743,6-10,"6'10""",82.0,83.1,"6'11""",1.1,plays_taller,83.1,"6'11""",1.1,plays_taller
2021,Ryan Wade,Holy Cross,70744,6-2,"6'2""",74.0,74.64,"6'3""",0.64,plays_at_height,74.64,"6'3""",0.64,plays_at_height
2021,Kobe Brown,Missouri,70745,6-7,"6'7""",79.0,80.16,"6'8""",1.16,plays_taller,80.16,"6'8""",1.16,plays_taller
2021,Armon Harried,Canisius,70746,6-4,"6'4""",76.0,76.45,"6'4""",0.45,plays_at_height,76.45,"6'4""",0.45,plays_at_height
2021,Tyler Wahl,Wisconsin,70749,6-9,"6'9""",81.0,78.89,"6'7""",-2.11,plays_shorter,78.89,"6'7""",-2.11,plays_shorter
2021,Dontavius King,Charleston,70750,6-7,"6'7""",79.0,78.58,"6'7""",-0.42,plays_at_height,78.58,"6'7""",-0.42,plays_at_height
2021,Bennett Mohn,Longwood,70751,6-6,"6'6""",78.0,73.19,"6'1""",-4.81,plays_shorter,73.19,"6'1""",-4.81,plays_shorter
2021,Blaze Nield,Utah Valley,70752,6-1,"6'1""",73.0,74.17,"6'2""",1.17,plays_taller,74.17,"6'2""",1.17,plays_taller
2021,Nate Lliteras,Longwood,70753,6-7,"6'7""",79.0,76.27,"6'4""",-2.73,plays_shorter,76.27,"6'4""",-2.73,plays_shorter
2021,KyKy Tandy,Xavier,70756,6-2,"6'2""",74.0,74.49,"6'2""",0.49,plays_at_height,74.49,"6'2""",0.49,plays_at_height
2021,Osborn Shema,Iona,70757,7-0,"7'0""",84.0,79.92,"6'8""",-4.08,plays_shorter,79.92,"6'8""",-4.08,plays_shorter
2021,Josh Cohen,Saint Francis,70767,6-10,"6'10""",82.0,79.42,"6'7""",-2.58,plays_shorter,79.42,"6'7""",-2.58,plays_shorter
2021,Yeikson Montero,Eastern Michigan,70770,6-5,"6'5""",77.0,76.63,"6'5""",-0.37,plays_at_height,76.63,"6'5""",-0.37,plays_at_height
2021,Rienk Mast,Bradley,70772,6-9,"6'9""",81.0,79.07,"6'7""",-1.93,plays_shorter,79.07,"6'7""",-1.93,plays_shorter
2021,Miles Gibson,Eastern Michigan,70776,6-6,"6'6""",78.0,75.59,"6'4""",-2.41,plays_shorter,75.59,"6'4""",-2.41,plays_shorter
2021,Ville Tahvanainen,Bradley,70777,6-4,"6'4""",76.0,75.33,"6'3""",-0.67,plays_at_height,75.33,"6'3""",-0.67,plays_at_height
2021,Chris James,Eastern Michigan,70778,6-2,"6'2""",74.0,74.21,"6'2""",0.21,plays_at_height,74.21,"6'2""",0.21,plays_at_height
2021,Antonio Thomas,Bradley,70779,6-2,"6'2""",74.0,74.81,"6'3""",0.81,plays_taller,74.81,"6'3""",0.81,plays_taller
2021,Alondes Williams,Oklahoma,70784,6-5,"6'5""",77.0,78.0,"6'6""",1.0,plays_taller,78.0,"6'6""",1.0,plays_taller
2021,Noel Coleman,Hawaii,70785,6-1,"6'1""",73.0,74.02,"6'2""",1.02,plays_taller,74.02,"6'2""",1.02,plays_taller
2021,James Jean-Marie,Hawaii,70792,6-8,"6'8""",80.0,78.46,"6'6""",-1.54,plays_shorter,78.46,"6'6""",-1.54,plays_shorter
2021,Malik Porter,Idaho St.,70794,6-5,"6'5""",77.0,80.12,"6'8""",3.12,plays_taller,80.12,"6'8""",3.12,plays_taller
2021,Hunter Woods,Elon,70795,6-5,"6'5""",77.0,78.2,"6'6""",1.2,plays_taller,78.2,"6'6""",1.2,plays_taller
2021,Daniel Rodriguez,Fairleigh Dickinson,70797,6-6,"6'6""",78.0,76.13,"6'4""",-1.87,plays_shorter,76.13,"6'4""",-1.87,plays_shorter
2021,Tarik Cool,Idaho St.,70798,6-4,"6'4""",76.0,75.06,"6'3""",-0.94,plays_shorter,75.06,"6'3""",-0.94,plays_shorter
2021,Brandon Rush,Fairleigh Dickinson,70801,6-3,"6'3""",75.0,76.3,"6'4""",1.3,plays_taller,76.3,"6'4""",1.3,plays_taller
2021,Callum Baker,Fairleigh Dickinson,70803,6-0,"6'0""",72.0,74.36,"6'2""",2.36,plays_taller,74.36,"6'2""",2.36,plays_taller
2021,Dylan van Eyck,Iona,70804,6-8,"6'8""",80.0,79.52,"6'8""",-0.48,plays_at_height,79.52,"6'8""",-0.48,plays_at_height
2021,Caleb Fields,Arkansas St.,70806,6-0,"6'0""",72.0,76.18,"6'4""",4.18,plays_taller,76.18,"6'4""",4.18,plays_taller
2021,Stephen Clark,The Citadel,70808,6-8,"6'8""",80.0,80.12,"6'8""",0.12,plays_at_height,80.12,"6'8""",0.12,plays_at_height
2021,Cobe Williams,Louisiana Tech,70810,5-11,"5'11""",71.0,76.9,"6'5""",5.9,plays_taller,76.9,"6'5""",5.9,plays_taller
2021,Isaiah Crawford,Louisiana Tech,70811,6-6,"6'6""",78.0,79.05,"6'7""",1.05,plays_taller,79.05,"6'7""",1.05,plays_taller
2021,Bryce Williams,Oklahoma St.,70814,6-2,"6'2""",74.0,76.65,"6'5""",2.65,plays_taller,76.65,"6'5""",2.65,plays_taller
2021,Terrell Williams Jr.,Southern,70818,6-5,"6'5""",77.0,77.39,"6'5""",0.39,plays_at_height,77.39,"6'5""",0.39,plays_at_height
2021,Jalen Gaffney,Connecticut,70819,6-3,"6'3""",75.0,75.93,"6'4""",0.93,plays_taller,75.93,"6'4""",0.93,plays_taller
2021,Alonde LeGrand,North Florida,70821,6-7,"6'7""",79.0,74.92,"6'3""",-4.08,plays_shorter,74.92,"6'3""",-4.08,plays_shorter
2021,Seth Lundy,Penn St.,70825,6-6,"6'6""",78.0,77.98,"6'6""",-0.02,plays_at_height,77.98,"6'6""",-0.02,plays_at_height
2021,Emmanuel Kuac,New Mexico,70832,6-7,"6'7""",79.0,77.25,"6'5""",-1.75,plays_shorter,77.25,"6'5""",-1.75,plays_shorter
2021,Kurt Wegscheider,New Mexico,70833,6-4,"6'4""",76.0,77.32,"6'5""",1.32,plays_taller,77.32,"6'5""",1.32,plays_taller
2021,AJ Bramah,Robert Morris,70834,6-7,"6'7""",79.0,80.09,"6'8""",1.09,plays_taller,80.09,"6'8""",1.09,plays_taller
2021,Rahsaan Edwards,South Carolina St.,70840,6-0,"6'0""",72.0,73.94,"6'2""",1.94,plays_taller,73.94,"6'2""",1.94,plays_taller
2021,Omar Croskey,South Carolina St.,70841,6-5,"6'5""",77.0,77.06,"6'5""",0.06,plays_at_height,77.06,"6'5""",0.06,plays_at_height
2021,Trushaun Moorer,South Carolina St.,70842,6-3,"6'3""",75.0,74.56,"6'3""",-0.44,plays_at_height,74.56,"6'3""",-0.44,plays_at_height
2021,Dahmir Bishop,Saint Joseph's,70844,6-5,"6'5""",77.0,75.09,"6'3""",-1.91,plays_shorter,75.09,"6'3""",-1.91,plays_shorter
2021,Tyler Stephenson-Moore,Stony Brook,70845,6-3,"6'3""",75.0,77.22,"6'5""",2.22,plays_taller,77.22,"6'5""",2.22,plays_taller
2021,Mouhamadou Gueye,Stony Brook,70846,6-9,"6'9""",81.0,83.4,"6'11""",2.4,plays_taller,83.4,"6'11""",2.4,plays_taller
2021,Daniel Ogoro,Youngstown St.,70847,6-5,"6'5""",77.0,74.39,"6'2""",-2.61,plays_shorter,74.39,"6'2""",-2.61,plays_shorter
2021,E.J. Liddell,Ohio St.,70850,6-7,"6'7""",79.0,80.09,"6'8""",1.09,plays_taller,80.09,"6'8""",1.09,plays_taller
2021,Heru Bligen,Longwood,70852,6-3,"6'3""",75.0,75.83,"6'4""",0.83,plays_taller,75.83,"6'4""",0.83,plays_taller
2021,Adonis Arms,Winthrop,70853,6-6,"6'6""",78.0,79.16,"6'7""",1.16,plays_taller,79.16,"6'7""",1.16,plays_taller
2021,Jaelen House,Arizona St.,70857,6-1,"6'1""",73.0,75.3,"6'3""",2.3,plays_taller,75.3,"6'3""",2.3,plays_taller
2021,Desmond Williams,Troy,70858,6-1,"6'1""",73.0,74.38,"6'2""",1.38,plays_taller,74.38,"6'2""",1.38,plays_taller
2021,Lars Thiemann,California,70859,7-0,"7'0""",84.0,80.32,"6'8""",-3.68,plays_shorter,80.32,"6'8""",-3.68,plays_shorter
2021,Zach Freemantle,Xavier,70861,6-9,"6'9""",81.0,80.38,"6'8""",-0.62,plays_at_height,80.38,"6'8""",-0.62,plays_at_height
2021,Marcus Domask,Southern Illinois,70865,6-6,"6'6""",78.0,76.94,"6'5""",-1.06,plays_shorter,76.94,"6'5""",-1.06,plays_shorter
2021,Trent Brown,Southern Illinois,70866,6-2,"6'2""",74.0,74.69,"6'3""",0.69,plays_at_height,74.69,"6'3""",0.69,plays_at_height
2021,Josh Endicott,North Florida,70867,6-8,"6'8""",80.0,77.48,"6'5""",-2.52,plays_shorter,77.48,"6'5""",-2.52,plays_shorter
2021,Darion Jordan-Thomas,UMass Lowell,70870,6-7,"6'7""",79.0,78.89,"6'7""",-0.11,plays_at_height,78.89,"6'7""",-0.11,plays_at_height
2021,Emmanuel Adedoyin,North Florida,70872,6-2,"6'2""",74.0,74.13,"6'2""",0.13,plays_at_height,74.13,"6'2""",0.13,plays_at_height
2021,Ja'Mier Fletcher,Wagner,70873,6-7,"6'7""",79.0,78.57,"6'7""",-0.43,plays_at_height,78.57,"6'7""",-0.43,plays_at_height
2021,Justin McKoy,Virginia,70875,6-8,"6'8""",80.0,78.69,"6'7""",-1.31,plays_shorter,78.69,"6'7""",-1.31,plays_shorter
2021,Alphonso Anderson,Utah St.,70877,6-6,"6'6""",78.0,76.88,"6'5""",-1.12,plays_shorter,76.88,"6'5""",-1.12,plays_shorter
2021,Chris Efretuei,Louisiana Monroe,70879,7-1,"7'1""",85.0,80.4,"6'8""",-4.6,plays_shorter,80.4,"6'8""",-4.6,plays_shorter
2021,Trayce Jackson-Davis,Indiana,70880,6-9,"6'9""",81.0,83.21,"6'11""",2.21,plays_taller,83.21,"6'11""",2.21,plays_taller
2021,Elijah Ifejeh,Southeastern Louisiana,70882,6-9,"6'9""",81.0,79.53,"6'8""",-1.47,plays_shorter,79.53,"6'8""",-1.47,plays_shorter
2021,Luke Phillips,Louisiana Monroe,70883,6-10,"6'10""",82.0,77.44,"6'5""",-4.56,plays_shorter,77.44,"6'5""",-4.56,plays_shorter
2021,Erie Olonade,Louisiana Monroe,70884,5-11,"5'11""",71.0,73.42,"6'1""",2.42,plays_taller,73.42,"6'1""",2.42,plays_taller
2021,Shaden Knight,Long Beach St.,70890,5-10,"5'10""",70.0,74.25,"6'2""",4.25,plays_taller,74.25,"6'2""",4.25,plays_taller
2021,Jalen Warren,Florida Gulf Coast,70892,6-3,"6'3""",75.0,74.63,"6'3""",-0.37,plays_at_height,74.63,"6'3""",-0.37,plays_at_height
2021,Chance Hunter,Long Beach St.,70894,6-6,"6'6""",78.0,77.19,"6'5""",-0.81,plays_shorter,77.19,"6'5""",-0.81,plays_shorter
2021,Romelle Mansel,Long Beach St.,70896,6-9,"6'9""",81.0,77.81,"6'6""",-3.19,plays_shorter,77.81,"6'6""",-3.19,plays_shorter
2021,Jalen White,Texas A&M Corpus Chris,70897,6-5,"6'5""",77.0,76.93,"6'5""",-0.07,plays_at_height,76.93,"6'5""",-0.07,plays_at_height
2021,Emmanuel Izunabor,High Point,70899,6-8,"6'8""",80.0,79.66,"6'8""",-0.34,plays_at_height,79.66,"6'8""",-0.34,plays_at_height
2021,Bryant Randleman,High Point,70901,6-4,"6'4""",76.0,76.42,"6'4""",0.42,plays_at_height,76.42,"6'4""",0.42,plays_at_height
2021,Kuany Kuany,California,70904,6-9,"6'9""",81.0,78.34,"6'6""",-2.66,plays_shorter,78.34,"6'6""",-2.66,plays_shorter
2021,Tujautae Williams,Tennessee Tech,70905,6-5,"6'5""",77.0,77.92,"6'6""",0.92,plays_taller,77.92,"6'6""",0.92,plays_taller
2021,David Roddy,Colorado St.,70907,6-5,"6'5""",77.0,80.82,"6'9""",3.82,plays_taller,80.82,"6'9""",3.82,plays_taller
2021,DeAngelo Epps,Charleston,70909,6-5,"6'5""",77.0,76.85,"6'5""",-0.15,plays_at_height,76.85,"6'5""",-0.15,plays_at_height
2021,Chris Duarte,Oregon,70910,6-6,"6'6""",78.0,78.58,"6'7""",0.58,plays_at_height,78.58,"6'7""",0.58,plays_at_height
2021,KJ Cunningham,Weber St.,70911,6-2,"6'2""",74.0,74.12,"6'2""",0.12,plays_at_height,74.12,"6'2""",0.12,plays_at_height
2021,Robbie Beran,Northwestern,70913,6-9,"6'9""",81.0,77.48,"6'5""",-3.52,plays_shorter,77.48,"6'5""",-3.52,plays_shorter
2021,Evins Desir,Florida A&M,70918,6-8,"6'8""",80.0,77.81,"6'6""",-2.19,plays_shorter,77.81,"6'6""",-2.19,plays_shorter
2021,Jamir Williams,Florida A&M,70921,6-5,"6'5""",77.0,76.23,"6'4""",-0.77,plays_shorter,76.23,"6'4""",-0.77,plays_shorter
2021,Anthony Fairley,Alcorn St.,70923,6-8,"6'8""",80.0,80.39,"6'8""",0.39,plays_at_height,80.39,"6'8""",0.39,plays_at_height
2021,James Rojas,Alabama,70925,6-8,"6'8""",80.0,77.84,"6'6""",-2.16,plays_shorter,77.84,"6'6""",-2.16,plays_shorter
2021,Jaylen Forbes,Tulane,70927,6-4,"6'4""",76.0,76.76,"6'5""",0.76,plays_taller,76.76,"6'5""",0.76,plays_taller
2021,Jaden Shackelford,Alabama,70928,6-3,"6'3""",75.0,75.63,"6'4""",0.63,plays_at_height,75.63,"6'4""",0.63,plays_at_height
2021,Juwan Gary,Alabama,70929,6-6,"6'6""",78.0,80.87,"6'9""",2.87,plays_taller,80.87,"6'9""",2.87,plays_taller
2021,Ben Sheppard,Belmont,70930,6-6,"6'6""",78.0,77.57,"6'6""",-0.43,plays_at_height,77.57,"6'6""",-0.43,plays_at_height
2021,Noah Fernandes,Massachusetts,70931,5-11,"5'11""",71.0,76.16,"6'4""",5.16,plays_taller,76.16,"6'4""",5.16,plays_taller
2021,Juwan Perdue,Jacksonville St.,70932,6-6,"6'6""",78.0,78.61,"6'7""",0.61,plays_at_height,78.61,"6'7""",0.61,plays_at_height
2021,PJ Fuller,TCU,70934,6-4,"6'4""",76.0,76.2,"6'4""",0.2,plays_at_height,76.2,"6'4""",0.2,plays_at_height
2021,Francisco Farabello,TCU,70936,6-3,"6'3""",75.0,73.93,"6'2""",-1.07,plays_shorter,73.93,"6'2""",-1.07,plays_shorter
2021,Josh Nickelberry,Louisville,70938,6-4,"6'4""",76.0,72.42,"6'0""",-3.58,plays_shorter,72.42,"6'0""",-3.58,plays_shorter
2021,Madani Diarra,Eastern Illinois,70940,6-10,"6'10""",82.0,77.49,"6'5""",-4.51,plays_shorter,77.49,"6'5""",-4.51,plays_shorter
2021,Steele Venters,Eastern Washington,70941,6-7,"6'7""",79.0,77.28,"6'5""",-1.72,plays_shorter,77.28,"6'5""",-1.72,plays_shorter
2021,Taryn Todd,TCU,70943,6-5,"6'5""",77.0,75.82,"6'4""",-1.18,plays_shorter,75.82,"6'4""",-1.18,plays_shorter
2021,Dontaie Allen,Kentucky,70945,6-6,"6'6""",78.0,76.65,"6'5""",-1.35,plays_shorter,76.65,"6'5""",-1.35,plays_shorter
2021,Dequan Morris,Arkansas Pine Bluff,70946,6-4,"6'4""",76.0,78.15,"6'6""",2.15,plays_taller,78.15,"6'6""",2.15,plays_taller
2021,Anthony Harris,North Carolina,70947,6-4,"6'4""",76.0,75.19,"6'3""",-0.81,plays_shorter,75.19,"6'3""",-0.81,plays_shorter
2021,Ethan Anderson,USC,70951,6-1,"6'1""",73.0,74.58,"6'3""",1.58,plays_taller,74.58,"6'3""",1.58,plays_taller
2021,Markedric Bell,Arkansas Pine Bluff,70954,6-8,"6'8""",80.0,78.94,"6'7""",-1.06,plays_shorter,78.94,"6'7""",-1.06,plays_shorter
2021,Mylik Wilson,Louisiana,70955,6-3,"6'3""",75.0,78.08,"6'6""",3.08,plays_taller,78.08,"6'6""",3.08,plays_taller
2021,Caleb Asberry,Texas St.,70957,6-3,"6'3""",75.0,77.42,"6'5""",2.42,plays_taller,77.42,"6'5""",2.42,plays_taller
2021,Isiah Small,Texas St.,70960,6-8,"6'8""",80.0,80.83,"6'9""",0.83,plays_taller,80.83,"6'9""",0.83,plays_taller
2021,Russhard Cruickshank,Eastern Kentucky,70965,6-0,"6'0""",72.0,74.02,"6'2""",2.02,plays_taller,74.02,"6'2""",2.02,plays_taller
2021,Jalen Bridges,West Virginia,70966,6-7,"6'7""",79.0,78.84,"6'7""",-0.16,plays_at_height,78.84,"6'7""",-0.16,plays_at_height
2021,Aaron Estrada,Oregon,70970,6-4,"6'4""",76.0,76.44,"6'4""",0.44,plays_at_height,76.44,"6'4""",0.44,plays_at_height
2021,Matthew Lee,Saint Peter's,70971,6-0,"6'0""",72.0,74.88,"6'3""",2.88,plays_taller,74.88,"6'3""",2.88,plays_taller
2021,Ayinde Hikim,La Salle,70972,5-11,"5'11""",71.0,73.72,"6'2""",2.72,plays_taller,73.72,"6'2""",2.72,plays_taller
2021,Mike DePersia,IU Indy,70973,5-11,"5'11""",71.0,75.51,"6'4""",4.51,plays_taller,75.51,"6'4""",4.51,plays_taller
2021,Jordan Wright,Vanderbilt,70975,6-5,"6'5""",77.0,78.29,"6'6""",1.29,plays_taller,78.29,"6'6""",1.29,plays_taller
2021,Sherif Kenney,La Salle,70976,6-4,"6'4""",76.0,76.06,"6'4""",0.06,plays_at_height,76.06,"6'4""",0.06,plays_at_height
2021,Julien Wooden,James Madison,70977,6-8,"6'8""",80.0,77.6,"6'6""",-2.4,plays_shorter,77.6,"6'6""",-2.4,plays_shorter
2021,Michael Christmas,James Madison,70978,6-6,"6'6""",78.0,77.64,"6'6""",-0.36,plays_at_height,77.64,"6'6""",-0.36,plays_at_height
2021,Cartier Jernigan,USC Upstate,70981,6-1,"6'1""",73.0,74.9,"6'3""",1.9,plays_taller,74.9,"6'3""",1.9,plays_taller
2021,Tyler Morman,Southern Miss,70985,6-8,"6'8""",80.0,78.34,"6'6""",-1.66,plays_shorter,78.34,"6'6""",-1.66,plays_shorter
2021,Jacob Germany,UTSA,70986,6-11,"6'11""",83.0,80.49,"6'8""",-2.51,plays_shorter,80.49,"6'8""",-2.51,plays_shorter
2021,Luka Barisic,UTSA,70987,6-10,"6'10""",82.0,75.88,"6'4""",-6.12,plays_shorter,75.88,"6'4""",-6.12,plays_shorter
2021,Tre Mann,Florida,70993,6-5,"6'5""",77.0,76.47,"6'4""",-0.53,plays_at_height,76.47,"6'4""",-0.53,plays_at_height
2021,Scottie Lewis,Florida,70994,6-5,"6'5""",77.0,78.79,"6'7""",1.79,plays_taller,78.79,"6'7""",1.79,plays_taller
2021,Christian Brown,Georgia,70995,6-6,"6'6""",78.0,78.28,"6'6""",0.28,plays_at_height,78.28,"6'6""",0.28,plays_at_height
2021,Omar Payne,Florida,70996,6-10,"6'10""",82.0,81.85,"6'10""",-0.15,plays_at_height,81.85,"6'10""",-0.15,plays_at_height
2021,Austin Crowley,Mississippi,70998,6-5,"6'5""",77.0,77.03,"6'5""",0.03,plays_at_height,77.03,"6'5""",0.03,plays_at_height
2021,Bahaide Haidara,George Mason,70999,6-6,"6'6""",78.0,80.81,"6'9""",2.81,plays_taller,80.81,"6'9""",2.81,plays_taller
2021,Jalen Graham,Arizona St.,71000,6-9,"6'9""",81.0,81.03,"6'9""",0.03,plays_at_height,81.03,"6'9""",0.03,plays_at_height
2021,Andre Allen,Southern,71002,6-9,"6'9""",81.0,79.42,"6'7""",-1.58,plays_shorter,79.42,"6'7""",-1.58,plays_shorter
2021,Hall Elisias,Bryant,71005,6-8,"6'8""",80.0,82.99,"6'11""",2.99,plays_taller,82.99,"6'11""",2.99,plays_taller
2021,Ahren Freeman,New Orleans,71007,6-6,"6'6""",78.0,77.94,"6'6""",-0.06,plays_at_height,77.94,"6'6""",-0.06,plays_at_height
2021,William FitzPatrick,Sacramento St.,71010,6-3,"6'3""",75.0,72.8,"6'1""",-2.2,plays_shorter,72.8,"6'1""",-2.2,plays_shorter
2021,Charles Smith IV,SMU,71013,6-5,"6'5""",77.0,76.28,"6'4""",-0.72,plays_at_height,76.28,"6'4""",-0.72,plays_at_height
2021,Christian Terrell,Sacramento St.,71014,6-5,"6'5""",77.0,75.97,"6'4""",-1.03,plays_shorter,75.97,"6'4""",-1.03,plays_shorter
2021,Brice Williams,Charlotte,71018,6-7,"6'7""",79.0,77.38,"6'5""",-1.62,plays_shorter,77.38,"6'5""",-1.62,plays_shorter
2021,Khalyl Waters,Troy,71020,6-5,"6'5""",77.0,77.42,"6'5""",0.42,plays_at_height,77.42,"6'5""",0.42,plays_at_height
2021,Jack Forrest,Saint Joseph's,71021,6-5,"6'5""",77.0,76.0,"6'4""",-1.0,plays_shorter,76.0,"6'4""",-1.0,plays_shorter
2021,Nick Caldwell,Southeastern Louisiana,71023,6-7,"6'7""",79.0,79.71,"6'8""",0.71,plays_at_height,79.71,"6'8""",0.71,plays_at_height
2021,Tyler Cochran,Northern Illinois,71025,6-2,"6'2""",74.0,77.0,"6'5""",3.0,plays_taller,77.0,"6'5""",3.0,plays_taller
2021,Jakevan Leftridge,Troy,71026,6-7,"6'7""",79.0,75.35,"6'3""",-3.65,plays_shorter,75.35,"6'3""",-3.65,plays_shorter
2021,Kruz Perrott-Hunt,South Dakota,71028,6-3,"6'3""",75.0,74.68,"6'3""",-0.32,plays_at_height,74.68,"6'3""",-0.32,plays_at_height
2021,A.J. Plitzuweit,South Dakota,71029,6-2,"6'2""",74.0,75.13,"6'3""",1.13,plays_taller,75.13,"6'3""",1.13,plays_taller
2021,Terrell Burden,Kennesaw St.,71032,5-10,"5'10""",70.0,75.6,"6'4""",5.6,plays_taller,75.6,"6'4""",5.6,plays_taller
2021,Armani Harris,Kennesaw St.,71034,6-6,"6'6""",78.0,77.84,"6'6""",-0.16,plays_at_height,77.84,"6'6""",-0.16,plays_at_height
2021,J.J. Miles,East Carolina,71035,6-7,"6'7""",79.0,74.82,"6'3""",-4.18,plays_shorter,74.82,"6'3""",-4.18,plays_shorter
2021,Tremont Robinson-White,East Carolina,71036,6-1,"6'1""",73.0,75.77,"6'4""",2.77,plays_taller,75.77,"6'4""",2.77,plays_taller
2021,Jamie Lewis,Kennesaw St.,71037,6-4,"6'4""",76.0,74.18,"6'2""",-1.82,plays_shorter,74.18,"6'2""",-1.82,plays_shorter
2021,Matthew Hurt,Duke,71038,6-9,"6'9""",81.0,78.54,"6'7""",-2.46,plays_shorter,78.54,"6'7""",-2.46,plays_shorter
2021,Nyzaiah Chambers,Norfolk St.,71041,6-7,"6'7""",79.0,79.06,"6'7""",0.06,plays_at_height,79.06,"6'7""",0.06,plays_at_height
2021,Leslie Nkereuwem,Longwood,71042,6-7,"6'7""",79.0,79.8,"6'8""",0.8,plays_taller,79.8,"6'8""",0.8,plays_taller
2021,Allen Powell,Rider,71044,6-2,"6'2""",74.0,73.45,"6'1""",-0.55,plays_at_height,73.45,"6'1""",-0.55,plays_at_height
2021,Nikc Jackson,Air Force,71049,6-8,"6'8""",80.0,79.11,"6'7""",-0.89,plays_shorter,79.11,"6'7""",-0.89,plays_shorter
2021,Daryl Anderson,Norfolk St.,71050,6-6,"6'6""",78.0,77.38,"6'5""",-0.62,plays_at_height,77.38,"6'5""",-0.62,plays_at_height
2021,Masai Olowokere,Central Arkansas,71051,6-5,"6'5""",77.0,75.67,"6'4""",-1.33,plays_shorter,75.67,"6'4""",-1.33,plays_shorter
2021,Caleb Burgess,Hofstra,71053,6-3,"6'3""",75.0,74.72,"6'3""",-0.28,plays_at_height,74.72,"6'3""",-0.28,plays_at_height
2021,Josh Vazquez,Montana,71054,6-3,"6'3""",75.0,75.34,"6'3""",0.34,plays_at_height,75.34,"6'3""",0.34,plays_at_height
2021,Kyle Owens,Montana,71055,6-8,"6'8""",80.0,77.46,"6'5""",-2.54,plays_shorter,77.46,"6'5""",-2.54,plays_shorter
2021,C.J. Wilbourn,Milwaukee,71057,6-7,"6'7""",79.0,76.34,"6'4""",-2.66,plays_shorter,76.34,"6'4""",-2.66,plays_shorter
2021,Kalil Thomas,UMass Lowell,71060,6-5,"6'5""",77.0,76.2,"6'4""",-0.8,plays_shorter,76.2,"6'4""",-0.8,plays_shorter
2021,Connor Nelson,American,71063,6-6,"6'6""",78.0,77.01,"6'5""",-0.99,plays_shorter,77.01,"6'5""",-0.99,plays_shorter
2021,Ben Lubarsky,American,71067,6-5,"6'5""",77.0,74.24,"6'2""",-2.76,plays_shorter,74.24,"6'2""",-2.76,plays_shorter
2021,LaQuan Butler,UT Rio Grande Valley,71071,6-0,"6'0""",72.0,74.35,"6'2""",2.35,plays_taller,74.35,"6'2""",2.35,plays_taller
2021,EJ Williams,Alabama A&M,71075,6-10,"6'10""",82.0,78.76,"6'7""",-3.24,plays_shorter,78.76,"6'7""",-3.24,plays_shorter
2021,Santi Aldama,Loyola MD,71076,6-11,"6'11""",83.0,81.31,"6'9""",-1.69,plays_shorter,81.31,"6'9""",-1.69,plays_shorter
2021,Garrett Hicks,Alabama A&M,71080,6-0,"6'0""",72.0,74.82,"6'3""",2.82,plays_taller,74.82,"6'3""",2.82,plays_taller
2021,Camden Vander Zwaag,Air Force,71081,6-4,"6'4""",76.0,75.09,"6'3""",-0.91,plays_shorter,75.09,"6'3""",-0.91,plays_shorter
2021,Kassim Nicholson,UAB,71085,6-7,"6'7""",79.0,79.81,"6'8""",0.81,plays_taller,79.81,"6'8""",0.81,plays_taller
2021,Kmani Doughty,New Orleans,71088,6-5,"6'5""",77.0,77.56,"6'6""",0.56,plays_at_height,77.56,"6'6""",0.56,plays_at_height
2021,Rodney Carson Jr.,New Orleans,71090,6-3,"6'3""",75.0,75.9,"6'4""",0.9,plays_taller,75.9,"6'4""",0.9,plays_taller
2021,Dajuan Harris,Kansas,71093,6-1,"6'1""",73.0,74.74,"6'3""",1.74,plays_taller,74.74,"6'3""",1.74,plays_taller
2021,Tyler Thomas,Sacred Heart,71094,6-3,"6'3""",75.0,76.26,"6'4""",1.26,plays_taller,76.26,"6'4""",1.26,plays_taller
2021,R.J. McGee,Tulane,71095,6-5,"6'5""",77.0,78.02,"6'6""",1.02,plays_taller,78.02,"6'6""",1.02,plays_taller
2021,Sean Yoder,Navy,71096,6-2,"6'2""",74.0,75.07,"6'3""",1.07,plays_taller,75.07,"6'3""",1.07,plays_taller
2021,Tyler Nelson,Navy,71098,6-6,"6'6""",78.0,77.98,"6'6""",-0.02,plays_at_height,77.98,"6'6""",-0.02,plays_at_height
2021,Jaylen Walker,Navy,71100,6-5,"6'5""",77.0,76.48,"6'4""",-0.52,plays_at_height,76.48,"6'4""",-0.52,plays_at_height
2021,Daniel Deaver,Navy,71101,6-8,"6'8""",80.0,77.32,"6'5""",-2.68,plays_shorter,77.32,"6'5""",-2.68,plays_shorter
2021,Patrick Dorsey,Navy,71102,6-5,"6'5""",77.0,77.1,"6'5""",0.1,plays_at_height,77.1,"6'5""",0.1,plays_at_height
2021,John Bowen,UNC Wilmington,71105,6-7,"6'7""",79.0,80.24,"6'8""",1.24,plays_taller,80.24,"6'8""",1.24,plays_taller
2021,Neal Quinn,Lafayette,71107,7-0,"7'0""",84.0,79.36,"6'7""",-4.64,plays_shorter,79.36,"6'7""",-4.64,plays_shorter
2021,Gob Gabriel,Monmouth,71108,6-7,"6'7""",79.0,75.34,"6'3""",-3.66,plays_shorter,75.34,"6'3""",-3.66,plays_shorter
2021,Daman Tate,Boston University,71109,6-5,"6'5""",77.0,77.16,"6'5""",0.16,plays_at_height,77.16,"6'5""",0.16,plays_at_height
2021,Leo O'Boyle,Lafayette,71110,6-7,"6'7""",79.0,74.45,"6'2""",-4.55,plays_shorter,74.45,"6'2""",-4.55,plays_shorter
2021,Ethan Brittain-Watts,Boston University,71112,6-2,"6'2""",74.0,72.92,"6'1""",-1.08,plays_shorter,72.92,"6'1""",-1.08,plays_shorter
2021,James Anderson II,North Alabama,71113,6-5,"6'5""",77.0,75.45,"6'3""",-1.55,plays_shorter,75.45,"6'3""",-1.55,plays_shorter
2021,Mervin James,North Alabama,71115,6-7,"6'7""",79.0,77.56,"6'6""",-1.44,plays_shorter,77.56,"6'6""",-1.44,plays_shorter
2021,C.J. Brim,North Alabama,71116,5-9,"5'9""",69.0,75.15,"6'3""",6.15,plays_taller,75.15,"6'3""",6.15,plays_taller
2021,Brandon Newman,Purdue,71117,6-5,"6'5""",77.0,77.0,"6'5""",0.0,plays_at_height,77.0,"6'5""",0.0,plays_at_height
2021,Jalen Thomas,Georgia St.,71118,6-10,"6'10""",82.0,79.31,"6'7""",-2.69,plays_shorter,79.31,"6'7""",-2.69,plays_shorter
2021,Alonzo Verge Jr.,Arizona St.,71120,6-2,"6'2""",74.0,75.64,"6'4""",1.64,plays_taller,75.64,"6'4""",1.64,plays_taller
2021,Keshad Johnson,San Diego St.,71121,6-7,"6'7""",79.0,80.99,"6'9""",1.99,plays_taller,80.99,"6'9""",1.99,plays_taller
2021,Trey Pulliam,San Diego St.,71122,6-3,"6'3""",75.0,75.5,"6'4""",0.5,plays_at_height,75.5,"6'4""",0.5,plays_at_height
2021,James Moors,Colorado St.,71124,6-10,"6'10""",82.0,79.29,"6'7""",-2.71,plays_shorter,79.29,"6'7""",-2.71,plays_shorter
2021,Isaiah Stevens,Colorado St.,71128,6-0,"6'0""",72.0,75.52,"6'4""",3.52,plays_taller,75.52,"6'4""",3.52,plays_taller
2021,Kyle Rose,Fordham,71130,6-3,"6'3""",75.0,77.01,"6'5""",2.01,plays_taller,77.01,"6'5""",2.01,plays_taller
2021,Wheza Panzo,Stetson,71131,6-7,"6'7""",79.0,75.84,"6'4""",-3.16,plays_shorter,75.84,"6'4""",-3.16,plays_shorter
2021,Fousseyni Drame,Saint Peter's,71132,6-7,"6'7""",79.0,79.5,"6'7""",0.5,plays_at_height,79.5,"6'7""",0.5,plays_at_height
2021,Daryl Banks III,Saint Peter's,71133,6-3,"6'3""",75.0,76.18,"6'4""",1.18,plays_taller,76.18,"6'4""",1.18,plays_taller
2021,Eman Sertovic,Tennessee Martin,71137,6-5,"6'5""",77.0,73.81,"6'2""",-3.19,plays_shorter,73.81,"6'2""",-3.19,plays_shorter
2021,Dylan Disu,Vanderbilt,71140,6-9,"6'9""",81.0,80.72,"6'9""",-0.28,plays_at_height,80.72,"6'9""",-0.28,plays_at_height
2021,Vonnie Patterson,East Tennessee St.,71143,6-4,"6'4""",76.0,78.01,"6'6""",2.01,plays_taller,78.01,"6'6""",2.01,plays_taller
2021,Jonas Visser,San Francisco,71144,6-10,"6'10""",82.0,76.31,"6'4""",-5.69,plays_shorter,76.31,"6'4""",-5.69,plays_shorter
2021,Scotty Pippen Jr.,Vanderbilt,71146,6-1,"6'1""",73.0,76.84,"6'5""",3.84,plays_taller,76.84,"6'5""",3.84,plays_taller
2021,Volodymyr Markovetskyy,Washington St.,71147,7-1,"7'1""",85.0,80.02,"6'8""",-4.98,plays_shorter,80.02,"6'8""",-4.98,plays_shorter
2021,Mykel Derring,Merrimack,71148,6-2,"6'2""",74.0,75.31,"6'3""",1.31,plays_taller,75.31,"6'3""",1.31,plays_taller
2021,Mikey Watkins,Merrimack,71154,5-11,"5'11""",71.0,75.56,"6'4""",4.56,plays_taller,75.56,"6'4""",4.56,plays_taller
2021,Devin Jensen,Merrimack,71157,6-5,"6'5""",77.0,75.56,"6'4""",-1.44,plays_shorter,75.56,"6'4""",-1.44,plays_shorter
2021,Kareem Reid,Gardner Webb,71159,6-9,"6'9""",81.0,80.9,"6'9""",-0.1,plays_at_height,80.9,"6'9""",-0.1,plays_at_height
2021,Jared Coleman-Jones,Middle Tennessee,71160,6-10,"6'10""",82.0,78.07,"6'6""",-3.93,plays_shorter,78.07,"6'6""",-3.93,plays_shorter
2021,Miguel Ayesa,William & Mary,71168,6-5,"6'5""",77.0,73.74,"6'2""",-3.26,plays_shorter,73.74,"6'2""",-3.26,plays_shorter
2021,Blondeau Tchoukuiengo,New Hampshire,71169,6-2,"6'2""",74.0,75.2,"6'3""",1.2,plays_taller,75.2,"6'3""",1.2,plays_taller
2021,Kyle Rode,Liberty,71171,6-7,"6'7""",79.0,76.5,"6'4""",-2.5,plays_shorter,76.5,"6'4""",-2.5,plays_shorter
2021,Shiloh Robinson,Liberty,71173,6-7,"6'7""",79.0,80.42,"6'8""",1.42,plays_taller,80.42,"6'8""",1.42,plays_taller
2021,Ludgy Debaut,East Carolina,71177,7-0,"7'0""",84.0,79.6,"6'8""",-4.4,plays_shorter,79.6,"6'8""",-4.4,plays_shorter
2021,Andrei Savrasov,Georgia Southern,71179,6-7,"6'7""",79.0,79.8,"6'8""",0.8,plays_taller,79.8,"6'8""",0.8,plays_taller
2021,Russel Tchewa,South Florida,71180,7-0,"7'0""",84.0,78.48,"6'6""",-5.52,plays_shorter,78.48,"6'6""",-5.52,plays_shorter
2021,Terrence Shannon Jr.,Texas Tech,71181,6-6,"6'6""",78.0,78.25,"6'6""",0.25,plays_at_height,78.25,"6'6""",0.25,plays_at_height
2021,Clarence Nadolny,Texas Tech,71182,6-3,"6'3""",75.0,76.15,"6'4""",1.15,plays_taller,76.15,"6'4""",1.15,plays_taller
2021,Tyreek Smith,Texas Tech,71185,6-7,"6'7""",79.0,83.33,"6'11""",4.33,plays_taller,83.33,"6'11""",4.33,plays_taller
2021,Donovan Clay,Valparaiso,71191,6-7,"6'7""",79.0,78.37,"6'6""",-0.63,plays_at_height,78.37,"6'6""",-0.63,plays_at_height
2021,Carter Murphy,Air Force,71199,6-4,"6'4""",76.0,75.46,"6'3""",-0.54,plays_at_height,75.46,"6'3""",-0.54,plays_at_height
2021,Nathan Scott,Northern Illinois,71203,6-8,"6'8""",80.0,77.63,"6'6""",-2.37,plays_shorter,77.63,"6'6""",-2.37,plays_shorter
2021,Maleeck Harden-Hayes,North Dakota St.,71205,6-7,"6'7""",79.0,78.4,"6'6""",-0.6,plays_at_height,78.4,"6'6""",-0.6,plays_at_height
2021,Travis Evee,Rice,71206,6-1,"6'1""",73.0,74.08,"6'2""",1.08,plays_taller,74.08,"6'2""",1.08,plays_taller
2021,Austin Johnson,UC Irvine,71208,6-9,"6'9""",81.0,79.1,"6'7""",-1.9,plays_shorter,79.1,"6'7""",-1.9,plays_shorter
2021,Noah Waterman,Detroit Mercy,71212,6-11,"6'11""",83.0,77.81,"6'6""",-5.19,plays_shorter,77.81,"6'6""",-5.19,plays_shorter
2021,Justin Hohn,UC Irvine,71213,6-1,"6'1""",73.0,74.84,"6'3""",1.84,plays_taller,74.84,"6'3""",1.84,plays_taller
2021,Jeron Artest,UC Irvine,71214,6-3,"6'3""",75.0,74.27,"6'2""",-0.73,plays_at_height,74.27,"6'2""",-0.73,plays_at_height
2021,Brenton Mills,Binghamton,71218,6-3,"6'3""",75.0,75.13,"6'3""",0.13,plays_at_height,75.13,"6'3""",0.13,plays_at_height
2021,Shakem Johnson,Tennessee St.,71219,6-7,"6'7""",79.0,79.52,"6'8""",0.52,plays_at_height,79.52,"6'8""",0.52,plays_at_height
2021,Hakon Hjalmarsson,Binghamton,71220,6-3,"6'3""",75.0,74.09,"6'2""",-0.91,plays_shorter,74.09,"6'2""",-0.91,plays_shorter
2021,Adham Eleeda,Northern Kentucky,71221,6-5,"6'5""",77.0,73.32,"6'1""",-3.68,plays_shorter,73.32,"6'1""",-3.68,plays_shorter
2021,Julian Champagnie,St. John's,71224,6-8,"6'8""",80.0,79.01,"6'7""",-0.99,plays_shorter,79.01,"6'7""",-0.99,plays_shorter
2021,Amorey Womack,Tennessee St.,71225,6-1,"6'1""",73.0,75.55,"6'4""",2.55,plays_taller,75.55,"6'4""",2.55,plays_taller
2021,Yvan Ouedraogo,Nebraska,71226,6-9,"6'9""",81.0,79.65,"6'8""",-1.35,plays_shorter,79.65,"6'8""",-1.35,plays_shorter
2021,Carson Cary,Lipscomb,71232,6-2,"6'2""",74.0,74.29,"6'2""",0.29,plays_at_height,74.29,"6'2""",0.29,plays_at_height
2021,Josh Oduro,George Mason,71233,6-9,"6'9""",81.0,80.26,"6'8""",-0.74,plays_at_height,80.26,"6'8""",-0.74,plays_at_height
2021,Marcus Sasser,Houston,71234,6-1,"6'1""",73.0,74.76,"6'3""",1.76,plays_taller,74.76,"6'3""",1.76,plays_taller
2021,Tanner Shulman,Lipscomb,71235,6-4,"6'4""",76.0,76.2,"6'4""",0.2,plays_at_height,76.2,"6'4""",0.2,plays_at_height
2021,Antonio Gordon,Kansas St.,71236,6-9,"6'9""",81.0,79.01,"6'7""",-1.99,plays_shorter,79.01,"6'7""",-1.99,plays_shorter
2021,Alejandro Vasquez,St. Bonaventure,71238,6-3,"6'3""",75.0,74.13,"6'2""",-0.87,plays_shorter,74.13,"6'2""",-0.87,plays_shorter
2021,Tre Gomillion,Cleveland St.,71241,6-4,"6'4""",76.0,77.94,"6'6""",1.94,plays_taller,77.94,"6'6""",1.94,plays_taller
2021,Rayquan Evans,Florida St.,71243,6-4,"6'4""",76.0,76.64,"6'5""",0.64,plays_at_height,76.64,"6'5""",0.64,plays_at_height
2021,Miles Brown,Ohio,71244,6-1,"6'1""",73.0,75.51,"6'4""",2.51,plays_taller,75.51,"6'4""",2.51,plays_taller
2021,Jonah Jackson,Drake,71246,6-3,"6'3""",75.0,72.01,"6'0""",-2.99,plays_shorter,72.01,"6'0""",-2.99,plays_shorter
2021,Rafael Cruz Jr.,Western Michigan,71247,6-1,"6'1""",73.0,75.1,"6'3""",2.1,plays_taller,75.1,"6'3""",2.1,plays_taller
2021,Greg Outlaw,Central Connecticut,71248,6-4,"6'4""",76.0,77.42,"6'5""",1.42,plays_taller,77.42,"6'5""",1.42,plays_taller
2021,Myles Baker,Central Connecticut,71252,6-3,"6'3""",75.0,74.09,"6'2""",-0.91,plays_shorter,74.09,"6'2""",-0.91,plays_shorter
2021,Kirk Parker,Southern,71254,6-7,"6'7""",79.0,78.43,"6'6""",-0.57,plays_at_height,78.43,"6'6""",-0.57,plays_at_height
2021,Lamarcus Lee,Southern,71256,6-2,"6'2""",74.0,77.24,"6'5""",3.24,plays_taller,77.24,"6'5""",3.24,plays_taller
2021,Malik Curry,Old Dominion,71262,6-1,"6'1""",73.0,76.8,"6'5""",3.8,plays_taller,76.8,"6'5""",3.8,plays_taller
2021,JaVonni Bickham,Denver,71263,6-6,"6'6""",78.0,76.64,"6'5""",-1.36,plays_shorter,76.64,"6'5""",-1.36,plays_shorter
2021,Mark Freeman,Tennessee St.,71272,5-10,"5'10""",70.0,75.03,"6'3""",5.03,plays_taller,75.03,"6'3""",5.03,plays_taller
2021,Samari Curtis,Evansville,71273,6-4,"6'4""",76.0,76.13,"6'4""",0.13,plays_at_height,76.13,"6'4""",0.13,plays_at_height
2021,Dru Kuxhausen,McNeese St.,71278,6-0,"6'0""",72.0,73.63,"6'2""",1.63,plays_taller,73.63,"6'2""",1.63,plays_taller
2021,Cedric Henderson Jr.,Campbell,71279,6-6,"6'6""",78.0,78.75,"6'7""",0.75,plays_at_height,78.75,"6'7""",0.75,plays_at_height
2021,Quirin Emanga,Northeastern,71280,6-5,"6'5""",77.0,75.51,"6'4""",-1.49,plays_shorter,75.51,"6'4""",-1.49,plays_shorter
2021,Kevin Cross,Tulane,71281,6-8,"6'8""",80.0,79.05,"6'7""",-0.95,plays_shorter,79.05,"6'7""",-0.95,plays_shorter
2021,T.J. Weeks,Massachusetts,71283,6-4,"6'4""",76.0,76.3,"6'4""",0.3,plays_at_height,76.3,"6'4""",0.3,plays_at_height
2021,Sean East II,Bradley,71284,6-3,"6'3""",75.0,75.03,"6'3""",0.03,plays_at_height,75.03,"6'3""",0.03,plays_at_height
2021,David Sloan,East Tennessee St.,71286,6-2,"6'2""",74.0,74.55,"6'3""",0.55,plays_at_height,74.55,"6'3""",0.55,plays_at_height
2021,Tre Mitchell,Massachusetts,71288,6-9,"6'9""",81.0,79.91,"6'8""",-1.09,plays_shorter,79.91,"6'8""",-1.09,plays_shorter
2021,Tyler Burton,Richmond,71290,6-7,"6'7""",79.0,79.14,"6'7""",0.14,plays_at_height,79.14,"6'7""",0.14,plays_at_height
2021,Michael Moreno,Eastern Kentucky,71294,6-7,"6'7""",79.0,76.53,"6'5""",-2.47,plays_shorter,76.53,"6'5""",-2.47,plays_shorter
2021,Damian Dunn,Temple,71297,6-5,"6'5""",77.0,76.11,"6'4""",-0.89,plays_shorter,76.11,"6'4""",-0.89,plays_shorter
2021,Josh Pierre-Louis,UC Santa Barbara,71298,6-4,"6'4""",76.0,77.76,"6'6""",1.76,plays_taller,77.76,"6'6""",1.76,plays_taller
2021,Curt Lewis,Eastern Kentucky,71299,6-5,"6'5""",77.0,78.63,"6'7""",1.63,plays_taller,78.63,"6'7""",1.63,plays_taller
2021,Tariq Balogun,Eastern Kentucky,71300,6-10,"6'10""",82.0,82.82,"6'11""",0.82,plays_taller,82.82,"6'11""",0.82,plays_taller
2021,Tomas Woldetensae,Virginia,71304,6-5,"6'5""",77.0,74.81,"6'3""",-2.19,plays_shorter,74.81,"6'3""",-2.19,plays_shorter
2021,Brayden Parker,Idaho St.,71305,6-8,"6'8""",80.0,79.64,"6'8""",-0.36,plays_at_height,79.64,"6'8""",-0.36,plays_at_height
2021,Greg Gantt,Providence,71306,6-8,"6'8""",80.0,77.99,"6'6""",-2.01,plays_shorter,77.99,"6'6""",-2.01,plays_shorter
2021,Isiaih Mosley,Missouri St.,71309,6-5,"6'5""",77.0,77.79,"6'6""",0.79,plays_taller,77.79,"6'6""",0.79,plays_taller
2021,Isaiah Hill,Fresno St.,71311,6-0,"6'0""",72.0,76.21,"6'4""",4.21,plays_taller,76.21,"6'4""",4.21,plays_taller
2021,Alex Morales,Wagner,71312,6-6,"6'6""",78.0,78.36,"6'6""",0.36,plays_at_height,78.36,"6'6""",0.36,plays_at_height
2021,Symir Torrence,Marquette,71314,6-3,"6'3""",75.0,75.35,"6'3""",0.35,plays_at_height,75.35,"6'3""",0.35,plays_at_height
2021,Precious Okoh,Maine,71315,6-1,"6'1""",73.0,75.23,"6'3""",2.23,plays_taller,75.23,"6'3""",2.23,plays_taller
2021,Brian Taylor,Illinois Chicago,71321,6-6,"6'6""",78.0,76.37,"6'4""",-1.63,plays_shorter,76.37,"6'4""",-1.63,plays_shorter
2021,Rodrick McCobb,Northern Colorado,71322,6-5,"6'5""",77.0,75.62,"6'4""",-1.38,plays_shorter,75.62,"6'4""",-1.38,plays_shorter
2021,Shawn Stith,Cal St. Bakersfield,71323,6-8,"6'8""",80.0,77.06,"6'5""",-2.94,plays_shorter,77.06,"6'5""",-2.94,plays_shorter
2021,Ronne Readus,Cal St. Bakersfield,71325,6-9,"6'9""",81.0,81.58,"6'10""",0.58,plays_at_height,81.58,"6'10""",0.58,plays_at_height
2021,Deonte Billups,Purdue Fort Wayne,71329,6-4,"6'4""",76.0,75.69,"6'4""",-0.31,plays_at_height,75.69,"6'4""",-0.31,plays_at_height
2021,Antonio Reeves,Illinois St.,71330,6-5,"6'5""",77.0,75.87,"6'4""",-1.13,plays_shorter,75.87,"6'4""",-1.13,plays_shorter
2021,Rylan Jones,Utah,71336,6-0,"6'0""",72.0,75.06,"6'3""",3.06,plays_taller,75.06,"6'3""",3.06,plays_taller
2021,Jeremiah Davenport,Cincinnati,71337,6-7,"6'7""",79.0,77.3,"6'5""",-1.7,plays_shorter,77.3,"6'5""",-1.7,plays_shorter
2021,Zach Harvey,Cincinnati,71338,6-5,"6'5""",77.0,74.98,"6'3""",-2.02,plays_shorter,74.98,"6'3""",-2.02,plays_shorter
2021,Tavin Pierre Philippe,Stony Brook,71339,6-3,"6'3""",75.0,75.5,"6'4""",0.5,plays_at_height,75.5,"6'4""",0.5,plays_at_height
2021,Russell Dean,Hampton,71341,6-4,"6'4""",76.0,76.28,"6'4""",0.28,plays_at_height,76.28,"6'4""",0.28,plays_at_height
2021,Davion Warren,Hampton,71342,6-6,"6'6""",78.0,78.26,"6'6""",0.26,plays_at_height,78.26,"6'6""",0.26,plays_at_height
2021,Axel Okongo,Eastern Michigan,71347,7-0,"7'0""",84.0,80.31,"6'8""",-3.69,plays_shorter,80.31,"6'8""",-3.69,plays_shorter
2021,Tyler Millin,Middle Tennessee,71348,6-7,"6'7""",79.0,76.67,"6'5""",-2.33,plays_shorter,76.67,"6'5""",-2.33,plays_shorter
2021,DJ Rodman,Washington St.,71349,6-6,"6'6""",78.0,75.78,"6'4""",-2.22,plays_shorter,75.78,"6'4""",-2.22,plays_shorter
2021,Orlando Robinson,Fresno St.,71351,7-0,"7'0""",84.0,80.55,"6'9""",-3.45,plays_shorter,80.55,"6'9""",-3.45,plays_shorter
2021,Lamar Wright,SIU Edwardsville,71352,6-7,"6'7""",79.0,80.5,"6'9""",1.5,plays_taller,80.5,"6'9""",1.5,plays_taller
2021,Jesus Carralero,Campbell,71355,6-8,"6'8""",80.0,77.41,"6'5""",-2.59,plays_shorter,77.41,"6'5""",-2.59,plays_shorter
2021,Henry Makeny,Marist,71358,6-7,"6'7""",79.0,78.45,"6'6""",-0.55,plays_at_height,78.45,"6'6""",-0.55,plays_at_height
2021,Jae'Lyn Withers,Louisville,71359,6-8,"6'8""",80.0,80.2,"6'8""",0.2,plays_at_height,80.2,"6'8""",0.2,plays_at_height
2021,Kalib Boone,Oklahoma St.,71360,6-9,"6'9""",81.0,83.12,"6'11""",2.12,plays_taller,83.12,"6'11""",2.12,plays_taller
2021,Rob Perry,Stetson,71363,6-4,"6'4""",76.0,75.47,"6'3""",-0.53,plays_at_height,75.47,"6'3""",-0.53,plays_at_height
2021,Keylan Boone,Oklahoma St.,71364,6-8,"6'8""",80.0,79.26,"6'7""",-0.74,plays_at_height,79.26,"6'7""",-0.74,plays_at_height
2021,Joel Kabimba,Stetson,71366,6-8,"6'8""",80.0,78.16,"6'6""",-1.84,plays_shorter,78.16,"6'6""",-1.84,plays_shorter
2021,Avery Anderson III,Oklahoma St.,71367,6-3,"6'3""",75.0,76.99,"6'5""",1.99,plays_taller,76.99,"6'5""",1.99,plays_taller
2021,Omari Moore,San Jose St.,71370,6-6,"6'6""",78.0,77.93,"6'6""",-0.07,plays_at_height,77.93,"6'6""",-0.07,plays_at_height
2021,Marcus Larsson,Incarnate Word,71376,6-11,"6'11""",83.0,79.84,"6'8""",-3.16,plays_shorter,79.84,"6'8""",-3.16,plays_shorter
2021,Blake Lampman,Oakland,71381,6-3,"6'3""",75.0,73.56,"6'2""",-1.44,plays_shorter,73.56,"6'2""",-1.44,plays_shorter
2021,Kevin Kangu,Oakland,71382,6-4,"6'4""",76.0,73.39,"6'1""",-2.61,plays_shorter,73.39,"6'1""",-2.61,plays_shorter
2021,Jason Thompson,Houston Christian,71385,6-7,"6'7""",79.0,76.2,"6'4""",-2.8,plays_shorter,76.2,"6'4""",-2.8,plays_shorter
2021,Daniel Oladapo,Oakland,71386,6-7,"6'7""",79.0,79.33,"6'7""",0.33,plays_at_height,79.33,"6'7""",0.33,plays_at_height
2021,CJ Gettelfinger,Tennessee Tech,71388,6-4,"6'4""",76.0,75.71,"6'4""",-0.29,plays_at_height,75.71,"6'4""",-0.29,plays_at_height
2021,Trendon Watford,LSU,71390,6-9,"6'9""",81.0,78.87,"6'7""",-2.13,plays_shorter,78.87,"6'7""",-2.13,plays_shorter
2021,Dimon Carrigan,FIU,71391,6-9,"6'9""",81.0,84.55,"7'1""",3.55,plays_taller,84.55,"7'1""",3.55,plays_taller
2021,Isaiah Thompson,Purdue,71395,6-1,"6'1""",73.0,74.87,"6'3""",1.87,plays_taller,74.87,"6'3""",1.87,plays_taller
2021,Parker Dortch,Loyola Marymount,71399,6-7,"6'7""",79.0,75.53,"6'4""",-3.47,plays_shorter,75.53,"6'4""",-3.47,plays_shorter
2021,Sean Conway,VMI,71400,6-5,"6'5""",77.0,76.14,"6'4""",-0.86,plays_shorter,76.14,"6'4""",-0.86,plays_shorter
2021,Jordyn Adams,Austin Peay,71402,6-3,"6'3""",75.0,74.72,"6'3""",-0.28,plays_at_height,74.72,"6'3""",-0.28,plays_at_height
2021,Daniel Mading,UC Riverside,71406,6-9,"6'9""",81.0,77.3,"6'5""",-3.7,plays_shorter,77.3,"6'5""",-3.7,plays_shorter
2021,Zyon Pullin,UC Riverside,71407,6-4,"6'4""",76.0,75.91,"6'4""",-0.09,plays_at_height,75.91,"6'4""",-0.09,plays_at_height
2021,Issa Samake,Drake,71418,6-8,"6'8""",80.0,79.99,"6'8""",-0.01,plays_at_height,79.99,"6'8""",-0.01,plays_at_height
2021,Cameron Johnson,Stephen F. Austin,71419,6-4,"6'4""",76.0,77.41,"6'5""",1.41,plays_taller,77.41,"6'5""",1.41,plays_taller
2021,Calvin Solomon,Stephen F. Austin,71420,6-7,"6'7""",79.0,79.99,"6'8""",0.99,plays_taller,79.99,"6'8""",0.99,plays_taller
2021,Charlie Daniels,Stephen F. Austin,71421,6-9,"6'9""",81.0,79.84,"6'8""",-1.16,plays_shorter,79.84,"6'8""",-1.16,plays_shorter
2021,Nate Ferguson,Drake,71422,6-8,"6'8""",80.0,78.69,"6'7""",-1.31,plays_shorter,78.69,"6'7""",-1.31,plays_shorter
2021,Joseph Yesufu,Drake,71423,6-0,"6'0""",72.0,75.61,"6'4""",3.61,plays_taller,75.61,"6'4""",3.61,plays_taller
2021,Jordan Minor,Merrimack,71427,6-8,"6'8""",80.0,81.13,"6'9""",1.13,plays_taller,81.13,"6'9""",1.13,plays_taller
2021,Ziggy Reid,Merrimack,71428,6-6,"6'6""",78.0,78.29,"6'6""",0.29,plays_at_height,78.29,"6'6""",0.29,plays_at_height
2021,Jordan McKoy,Merrimack,71429,6-5,"6'5""",77.0,75.1,"6'3""",-1.9,plays_shorter,75.1,"6'3""",-1.9,plays_shorter
2021,Justin Connolly,Merrimack,71430,6-7,"6'7""",79.0,79.56,"6'8""",0.56,plays_at_height,79.56,"6'8""",0.56,plays_at_height
2021,Christian Koloko,Arizona,71433,7-1,"7'1""",85.0,83.49,"6'11""",-1.51,plays_shorter,83.49,"6'11""",-1.51,plays_shorter
2021,Keyshaun Langley,UNC Greensboro,71434,6-1,"6'1""",73.0,74.59,"6'3""",1.59,plays_taller,74.59,"6'3""",1.59,plays_taller
2021,James Glisson III,Mercer,71438,6-6,"6'6""",78.0,79.03,"6'7""",1.03,plays_taller,79.03,"6'7""",1.03,plays_taller
2021,Chase Johnston,Stetson,71441,6-2,"6'2""",74.0,74.47,"6'2""",0.47,plays_at_height,74.47,"6'2""",0.47,plays_at_height
2021,Kamar Robertson,Mercer,71442,6-2,"6'2""",74.0,76.28,"6'4""",2.28,plays_taller,76.28,"6'4""",2.28,plays_taller
2021,Donta Scott,Maryland,71444,6-7,"6'7""",79.0,79.24,"6'7""",0.24,plays_at_height,79.24,"6'7""",0.24,plays_at_height
2021,Babatunde Akingbola,Auburn,71445,6-10,"6'10""",82.0,81.1,"6'9""",-0.9,plays_shorter,81.1,"6'9""",-0.9,plays_shorter
2021,Makhel Mitchell,Rhode Island,71447,6-10,"6'10""",82.0,82.22,"6'10""",0.22,plays_at_height,82.22,"6'10""",0.22,plays_at_height
2021,Devan Cambridge,Auburn,71448,6-6,"6'6""",78.0,77.68,"6'6""",-0.32,plays_at_height,77.68,"6'6""",-0.32,plays_at_height
2021,Jonathan Nunez,FIU,71452,5-11,"5'11""",71.0,74.22,"6'2""",3.22,plays_taller,74.22,"6'2""",3.22,plays_taller
2021,Kyle Sturdivant,Georgia Tech,71455,6-2,"6'2""",74.0,74.81,"6'3""",0.81,plays_taller,74.81,"6'3""",0.81,plays_taller
2021,Isaiah Mobley,USC,71456,6-10,"6'10""",82.0,80.79,"6'9""",-1.21,plays_shorter,80.79,"6'9""",-1.21,plays_shorter
2021,Dearon Tucker,Oregon St.,71457,6-10,"6'10""",82.0,79.83,"6'8""",-2.17,plays_shorter,79.83,"6'8""",-2.17,plays_shorter
2021,Jarod Lucas,Oregon St.,71461,6-3,"6'3""",75.0,73.55,"6'2""",-1.45,plays_shorter,73.55,"6'2""",-1.45,plays_shorter
2021,Roman Silva,Oregon St.,71462,7-1,"7'1""",85.0,79.36,"6'7""",-5.64,plays_shorter,79.36,"6'7""",-5.64,plays_shorter
2021,Gianni Hunt,Oregon St.,71463,6-3,"6'3""",75.0,74.87,"6'3""",-0.13,plays_at_height,74.87,"6'3""",-0.13,plays_at_height
2021,Sean Miller-Moore,Grand Canyon,71464,6-4,"6'4""",76.0,77.75,"6'6""",1.75,plays_taller,77.75,"6'6""",1.75,plays_taller
2021,Jayvis Harvey,James Madison,71467,6-3,"6'3""",75.0,75.13,"6'3""",0.13,plays_at_height,75.13,"6'3""",0.13,plays_at_height
2021,Chico Carter Jr.,Murray St.,71469,6-2,"6'2""",74.0,75.69,"6'4""",1.69,plays_taller,75.69,"6'4""",1.69,plays_taller
2021,Tyrese Samuel,Seton Hall,71471,6-10,"6'10""",82.0,78.55,"6'7""",-3.45,plays_shorter,78.55,"6'7""",-3.45,plays_shorter
2021,Connor Withers,UMass Lowell,71473,6-7,"6'7""",79.0,78.32,"6'6""",-0.68,plays_at_height,78.32,"6'6""",-0.68,plays_at_height
2021,Aaron Deloney,Vermont,71475,6-0,"6'0""",72.0,74.29,"6'2""",2.29,plays_taller,74.29,"6'2""",2.29,plays_taller
2021,Noah Kamba,Saint Peter's,71476,6-2,"6'2""",74.0,74.02,"6'2""",0.02,plays_at_height,74.02,"6'2""",0.02,plays_at_height
2021,Maddox Daniels,Colorado,71477,6-6,"6'6""",78.0,75.54,"6'4""",-2.46,plays_shorter,75.54,"6'4""",-2.46,plays_shorter
2021,Jordan Hemphill,Radford,71480,6-5,"6'5""",77.0,77.46,"6'5""",0.46,plays_at_height,77.46,"6'5""",0.46,plays_at_height
2021,Jake van der Heijden,Bucknell,71481,6-9,"6'9""",81.0,74.05,"6'2""",-6.95,plays_shorter,74.05,"6'2""",-6.95,plays_shorter
2021,Paul Mulcahy,Rutgers,71486,6-6,"6'6""",78.0,77.24,"6'5""",-0.76,plays_shorter,77.24,"6'5""",-0.76,plays_shorter
2021,Jovan Blacksher Jr.,Grand Canyon,71489,5-11,"5'11""",71.0,75.19,"6'3""",4.19,plays_taller,75.19,"6'3""",4.19,plays_taller
2021,Nick MacDonald,Niagara,71491,6-5,"6'5""",77.0,73.78,"6'2""",-3.22,plays_shorter,73.78,"6'2""",-3.22,plays_shorter
2021,Brandon Battle,Alabama St.,71495,6-8,"6'8""",80.0,78.86,"6'7""",-1.14,plays_shorter,78.86,"6'7""",-1.14,plays_shorter
2021,Kelton Edwards,Grambling St.,71497,6-6,"6'6""",78.0,76.16,"6'4""",-1.84,plays_shorter,76.16,"6'4""",-1.84,plays_shorter
2021,Terreon Randolph,Grambling St.,71498,6-8,"6'8""",80.0,79.84,"6'8""",-0.16,plays_at_height,79.84,"6'8""",-0.16,plays_at_height
2021,Caleb Hunter,Mississippi Valley St.,71500,5-11,"5'11""",71.0,73.97,"6'2""",2.97,plays_taller,73.97,"6'2""",2.97,plays_taller
2021,Trevell Cunningham,Grambling St.,71502,6-0,"6'0""",72.0,76.43,"6'4""",4.43,plays_taller,76.43,"6'4""",4.43,plays_taller
2021,Zahad Munford,Grambling St.,71503,6-3,"6'3""",75.0,74.02,"6'2""",-0.98,plays_shorter,74.02,"6'2""",-0.98,plays_shorter
2021,Tra'Michael Moton,Grambling St.,71504,6-1,"6'1""",73.0,74.72,"6'3""",1.72,plays_taller,74.72,"6'3""",1.72,plays_taller
2021,Cameron Brown,Saint Joseph's,71508,6-5,"6'5""",77.0,76.54,"6'5""",-0.46,plays_at_height,76.54,"6'5""",-0.46,plays_at_height
2021,Hyunjung Lee,Davidson,71509,6-7,"6'7""",79.0,76.27,"6'4""",-2.73,plays_shorter,76.27,"6'4""",-2.73,plays_shorter
2021,Miles Miller,Lipscomb,71511,6-2,"6'2""",74.0,73.69,"6'2""",-0.31,plays_at_height,73.69,"6'2""",-0.31,plays_at_height
2021,Elijah Pepper,UC Davis,71514,6-4,"6'4""",76.0,76.21,"6'4""",0.21,plays_at_height,76.21,"6'4""",0.21,plays_at_height
2021,Jordan Rawls,Western Kentucky,71517,6-1,"6'1""",73.0,74.36,"6'2""",1.36,plays_taller,74.36,"6'2""",1.36,plays_taller
2021,Tristan Green,Denver,71518,6-9,"6'9""",81.0,78.04,"6'6""",-2.96,plays_shorter,78.04,"6'6""",-2.96,plays_shorter
2021,John Tonje,Colorado St.,71519,6-5,"6'5""",77.0,77.1,"6'5""",0.1,plays_at_height,77.1,"6'5""",0.1,plays_at_height
2021,Rudy Fitzgibbons III,The Citadel,71521,6-0,"6'0""",72.0,73.91,"6'2""",1.91,plays_taller,73.91,"6'2""",1.91,plays_taller
2021,Antwon Jackson,Arkansas St.,71523,6-7,"6'7""",79.0,77.08,"6'5""",-1.92,plays_shorter,77.08,"6'5""",-1.92,plays_shorter
2021,Fletcher Abee,The Citadel,71524,6-3,"6'3""",75.0,74.63,"6'3""",-0.37,plays_at_height,74.63,"6'3""",-0.37,plays_at_height
2021,Roscoe Eastmond,Denver,71526,5-9,"5'9""",69.0,74.73,"6'3""",5.73,plays_taller,74.73,"6'3""",5.73,plays_taller
2021,Mo Arnold,Jacksonville,71527,6-2,"6'2""",74.0,76.14,"6'4""",2.14,plays_taller,76.14,"6'4""",2.14,plays_taller
2021,Caleb Grill,UNLV,71528,6-3,"6'3""",75.0,76.21,"6'4""",1.21,plays_taller,76.21,"6'4""",1.21,plays_taller
2021,Trey Sides,Jacksonville,71530,6-1,"6'1""",73.0,75.3,"6'3""",2.3,plays_taller,75.3,"6'3""",2.3,plays_taller
2021,Maceo Austin,Duquesne,71531,6-5,"6'5""",77.0,75.99,"6'4""",-1.01,plays_shorter,75.99,"6'4""",-1.01,plays_shorter
2021,Kamari Williams,Boston College,71534,6-7,"6'7""",79.0,74.5,"6'3""",-4.5,plays_shorter,74.5,"6'3""",-4.5,plays_shorter
2021,Jamil Riggins,Quinnipiac,71536,6-6,"6'6""",78.0,75.84,"6'4""",-2.16,plays_shorter,75.84,"6'4""",-2.16,plays_shorter
2021,Brendan McGuire,Quinnipiac,71539,6-7,"6'7""",79.0,76.78,"6'5""",-2.22,plays_shorter,76.78,"6'5""",-2.22,plays_shorter
2021,Morgan Safford,Wofford,71540,6-5,"6'5""",77.0,76.55,"6'5""",-0.45,plays_at_height,76.55,"6'5""",-0.45,plays_at_height
2021,Ty Chisom,South Dakota,71541,6-4,"6'4""",76.0,75.78,"6'4""",-0.22,plays_at_height,75.78,"6'4""",-0.22,plays_at_height
2021,RaeQuan Battle,Washington,71543,6-5,"6'5""",77.0,75.88,"6'4""",-1.12,plays_shorter,75.88,"6'4""",-1.12,plays_shorter
2021,Thatcher Stone,William & Mary,71546,6-6,"6'6""",78.0,76.16,"6'4""",-1.84,plays_shorter,76.16,"6'4""",-1.84,plays_shorter
2021,Xavier Cork,Western Carolina,71547,6-9,"6'9""",81.0,80.36,"6'8""",-0.64,plays_at_height,80.36,"6'8""",-0.64,plays_at_height
2021,D.J. Johnson,Rhode Island,71552,6-7,"6'7""",79.0,78.33,"6'6""",-0.67,plays_at_height,78.33,"6'6""",-0.67,plays_at_height
2021,Isaiah Ihnen,Minnesota,71553,6-9,"6'9""",81.0,79.79,"6'8""",-1.21,plays_shorter,79.79,"6'8""",-1.21,plays_shorter
2021,Malcolm Dandridge,Memphis,71557,6-9,"6'9""",81.0,81.43,"6'9""",0.43,plays_at_height,81.43,"6'9""",0.43,plays_at_height
2021,Ja'Vary Christmas,Idaho,71559,6-3,"6'3""",75.0,76.55,"6'5""",1.55,plays_taller,76.55,"6'5""",1.55,plays_taller
2021,Lester Quinones,Memphis,71561,6-5,"6'5""",77.0,78.08,"6'6""",1.08,plays_taller,78.08,"6'6""",1.08,plays_taller
2021,Japannah Kellogg III,Green Bay,71562,6-8,"6'8""",80.0,77.82,"6'6""",-2.18,plays_shorter,77.82,"6'6""",-2.18,plays_shorter
2021,Cobie Barnes,Indiana St.,71563,6-6,"6'6""",78.0,76.4,"6'4""",-1.6,plays_shorter,76.4,"6'4""",-1.6,plays_shorter
2021,Lucas Stieber,Green Bay,71564,6-3,"6'3""",75.0,76.59,"6'5""",1.59,plays_taller,76.59,"6'5""",1.59,plays_taller
2021,Keegan Records,Colgate,71569,6-10,"6'10""",82.0,80.63,"6'9""",-1.37,plays_shorter,80.63,"6'9""",-1.37,plays_shorter
2021,Tevin Brewer,FIU,71571,5-8,"5'8""",68.0,73.97,"6'2""",5.97,plays_taller,73.97,"6'2""",5.97,plays_taller
2021,Moulaye Sissoko,Dayton,71575,6-9,"6'9""",81.0,78.01,"6'6""",-2.99,plays_shorter,78.01,"6'6""",-2.99,plays_shorter
2021,Quinten Post,Mississippi St.,71576,7-0,"7'0""",84.0,79.93,"6'8""",-4.07,plays_shorter,79.93,"6'8""",-4.07,plays_shorter
2021,Tyson Jackson,Middle Tennessee,71577,6-9,"6'9""",81.0,78.04,"6'6""",-2.96,plays_shorter,78.04,"6'6""",-2.96,plays_shorter
2021,Golden Dike,Loyola MD,71581,6-10,"6'10""",82.0,79.39,"6'7""",-2.61,plays_shorter,79.39,"6'7""",-2.61,plays_shorter
2021,Iverson Molinar,Mississippi St.,71583,6-3,"6'3""",75.0,76.58,"6'5""",1.58,plays_taller,76.58,"6'5""",1.58,plays_taller
2021,Devin Butts,Louisiana,71584,6-6,"6'6""",78.0,74.01,"6'2""",-3.99,plays_shorter,74.01,"6'2""",-3.99,plays_shorter
2021,Mohamed Camara,Morgan St.,71586,6-5,"6'5""",77.0,75.17,"6'3""",-1.83,plays_shorter,75.17,"6'3""",-1.83,plays_shorter
2021,Quincy Olivari,Rice,71597,6-2,"6'2""",74.0,76.49,"6'4""",2.49,plays_taller,76.49,"6'4""",2.49,plays_taller
2021,Jan Zidek,Pepperdine,71599,6-9,"6'9""",81.0,76.22,"6'4""",-4.78,plays_shorter,76.22,"6'4""",-4.78,plays_shorter
2021,Imajae Dodd,UNC Wilmington,71601,6-6,"6'6""",78.0,79.68,"6'8""",1.68,plays_taller,79.68,"6'8""",1.68,plays_taller
2021,Jake Boggs,UNC Wilmington,71602,6-7,"6'7""",79.0,77.5,"6'5""",-1.5,plays_shorter,77.5,"6'5""",-1.5,plays_shorter
2021,Sedrick Altman,Pepperdine,71603,6-2,"6'2""",74.0,77.26,"6'5""",3.26,plays_taller,77.26,"6'5""",3.26,plays_taller
2021,Owen McCormack,Presbyterian,71606,6-9,"6'9""",81.0,76.61,"6'5""",-4.39,plays_shorter,76.61,"6'5""",-4.39,plays_shorter
2021,Tommy Bruner,USC Upstate,71610,6-1,"6'1""",73.0,74.28,"6'2""",1.28,plays_taller,74.28,"6'2""",1.28,plays_taller
2021,Wilfried Likayi,New Mexico St.,71611,6-9,"6'9""",81.0,77.81,"6'6""",-3.19,plays_shorter,77.81,"6'6""",-3.19,plays_shorter
2021,Khydarius Smith,USC Upstate,71613,6-8,"6'8""",80.0,79.65,"6'8""",-0.35,plays_at_height,79.65,"6'8""",-0.35,plays_at_height
2021,Damari Monsanto,East Tennessee St.,71616,6-6,"6'6""",78.0,78.61,"6'7""",0.61,plays_at_height,78.61,"6'7""",0.61,plays_at_height
2021,Garrick Green,Coastal Carolina,71617,6-6,"6'6""",78.0,78.28,"6'6""",0.28,plays_at_height,78.28,"6'6""",0.28,plays_at_height
2021,Keishawn Brewton,Buffalo,71618,6-2,"6'2""",74.0,73.68,"6'2""",-0.32,plays_at_height,73.68,"6'2""",-0.32,plays_at_height
2021,Tristen Newton,East Carolina,71620,6-5,"6'5""",77.0,76.79,"6'5""",-0.21,plays_at_height,76.79,"6'5""",-0.21,plays_at_height
2021,Brandon Suggs,East Carolina,71623,6-6,"6'6""",78.0,78.17,"6'6""",0.17,plays_at_height,78.17,"6'6""",0.17,plays_at_height
2021,Wendell Moore Jr.,Duke,71625,6-5,"6'5""",77.0,77.44,"6'5""",0.44,plays_at_height,77.44,"6'5""",0.44,plays_at_height
2021,Ben Hendriks,Ball St.,71626,6-10,"6'10""",82.0,79.31,"6'7""",-2.69,plays_shorter,79.31,"6'7""",-2.69,plays_shorter
2021,Nick Johnson,New Hampshire,71627,6-4,"6'4""",76.0,76.81,"6'5""",0.81,plays_taller,76.81,"6'5""",0.81,plays_taller
2021,Jacob Groves,Eastern Washington,71631,6-7,"6'7""",79.0,77.87,"6'6""",-1.13,plays_shorter,77.87,"6'6""",-1.13,plays_shorter
2021,Oscar Tshiebwe,West Virginia,71632,6-9,"6'9""",81.0,81.46,"6'9""",0.46,plays_at_height,81.46,"6'9""",0.46,plays_at_height
2021,B. Artis White,Western Michigan,71633,6-0,"6'0""",72.0,75.43,"6'3""",3.43,plays_taller,75.43,"6'3""",3.43,plays_taller
2021,Sean McNeil,West Virginia,71634,6-3,"6'3""",75.0,74.35,"6'2""",-0.65,plays_at_height,74.35,"6'2""",-0.65,plays_at_height
2021,Miles McBride,West Virginia,71636,6-2,"6'2""",74.0,77.26,"6'5""",3.26,plays_taller,77.26,"6'5""",3.26,plays_taller
2021,J'Wan Roberts,Houston,71637,6-7,"6'7""",79.0,82.38,"6'10""",3.38,plays_taller,82.38,"6'10""",3.38,plays_taller
2021,D.J. Jeffries,Memphis,71638,6-7,"6'7""",79.0,79.49,"6'7""",0.49,plays_at_height,79.49,"6'7""",0.49,plays_at_height
2021,Akrum Ahemed,Canisius,71640,6-5,"6'5""",77.0,74.04,"6'2""",-2.96,plays_shorter,74.04,"6'2""",-2.96,plays_shorter
2021,Jake Kyman,UCLA,71642,6-6,"6'6""",78.0,74.52,"6'3""",-3.48,plays_shorter,74.52,"6'3""",-3.48,plays_shorter
2021,Drew Lowder,Eastern Michigan,71643,6-0,"6'0""",72.0,73.63,"6'2""",1.63,plays_taller,73.63,"6'2""",1.63,plays_taller
2021,Harry Morrice,North Carolina A&T,71644,6-11,"6'11""",83.0,77.7,"6'6""",-5.3,plays_shorter,77.7,"6'6""",-5.3,plays_shorter
2021,Russell Jones Jr.,Winthrop,71645,5-8,"5'8""",68.0,75.87,"6'4""",7.87,plays_taller,75.87,"6'4""",7.87,plays_taller
2021,Jamal King,Winthrop,71646,6-5,"6'5""",77.0,77.14,"6'5""",0.14,plays_at_height,77.14,"6'5""",0.14,plays_at_height
2021,Marko Lukic,Little Rock,71648,6-7,"6'7""",79.0,74.54,"6'3""",-4.46,plays_shorter,74.54,"6'3""",-4.46,plays_shorter
2021,Ralph Agee,San Jose St.,71649,6-8,"6'8""",80.0,77.67,"6'6""",-2.33,plays_shorter,77.67,"6'6""",-2.33,plays_shorter
2021,Kenan Sarvan,Coppin St.,71653,6-10,"6'10""",82.0,76.1,"6'4""",-5.9,plays_shorter,76.1,"6'4""",-5.9,plays_shorter
2021,Isaiah Lewis,Northern Arizona,71654,6-6,"6'6""",78.0,77.22,"6'5""",-0.78,plays_shorter,77.22,"6'5""",-0.78,plays_shorter
2021,Isaiah Gross,Coppin St.,71656,6-4,"6'4""",76.0,74.22,"6'2""",-1.78,plays_shorter,74.22,"6'2""",-1.78,plays_shorter
2021,Thomasi Gilgeous-Alexander,Evansville,71659,6-5,"6'5""",77.0,76.19,"6'4""",-0.81,plays_shorter,76.19,"6'4""",-0.81,plays_shorter
2021,Trever Irish,Long Beach St.,71662,7-0,"7'0""",84.0,79.64,"6'8""",-4.36,plays_shorter,79.64,"6'8""",-4.36,plays_shorter
2021,Jordan Brinson,Utah Valley,71663,6-3,"6'3""",75.0,75.36,"6'3""",0.36,plays_at_height,75.36,"6'3""",0.36,plays_at_height
2021,Hason Ward,VCU,71667,6-9,"6'9""",81.0,83.73,"7'0""",2.73,plays_taller,83.73,"7'0""",2.73,plays_taller
2021,John-Michael Wright,High Point,71672,6-1,"6'1""",73.0,77.22,"6'5""",4.22,plays_taller,77.22,"6'5""",4.22,plays_taller
2021,Brenden Tucker,Charleston,71673,6-3,"6'3""",75.0,74.67,"6'3""",-0.33,plays_at_height,74.67,"6'3""",-0.33,plays_at_height
2021,Trevon Reddish,Presbyterian,71674,6-4,"6'4""",76.0,77.21,"6'5""",1.21,plays_taller,77.21,"6'5""",1.21,plays_taller
2021,Dan Petcash,Binghamton,71675,6-4,"6'4""",76.0,77.4,"6'5""",1.4,plays_taller,77.4,"6'5""",1.4,plays_taller
2021,Justin Moore,Villanova,71676,6-4,"6'4""",76.0,77.27,"6'5""",1.27,plays_taller,77.27,"6'5""",1.27,plays_taller
2021,Chris Arcidiacono,Villanova,71678,6-5,"6'5""",77.0,74.15,"6'2""",-2.85,plays_shorter,74.15,"6'2""",-2.85,plays_shorter
2021,Dane Quest,Tennessee Tech,71679,6-6,"6'6""",78.0,77.78,"6'6""",-0.22,plays_at_height,77.78,"6'6""",-0.22,plays_at_height
2021,C.J. Walker,UCF,71681,6-8,"6'8""",80.0,81.42,"6'9""",1.42,plays_taller,81.42,"6'9""",1.42,plays_taller
2021,Chandler Lawson,Oregon,71682,6-8,"6'8""",80.0,78.67,"6'7""",-1.33,plays_shorter,78.67,"6'7""",-1.33,plays_shorter
2021,Boo Buie,Northwestern,71683,6-2,"6'2""",74.0,74.32,"6'2""",0.32,plays_at_height,74.32,"6'2""",0.32,plays_at_height
2021,Christian Ray,La Salle,71684,6-6,"6'6""",78.0,78.67,"6'7""",0.67,plays_at_height,78.67,"6'7""",0.67,plays_at_height
2021,Noah Carter,Northern Iowa,71690,6-6,"6'6""",78.0,78.6,"6'7""",0.6,plays_at_height,78.6,"6'7""",0.6,plays_at_height
2021,Romar Reid,Manhattan,71691,6-2,"6'2""",74.0,73.98,"6'2""",-0.02,plays_at_height,73.98,"6'2""",-0.02,plays_at_height
2021,James Betz,Northern Iowa,71693,6-6,"6'6""",78.0,77.34,"6'5""",-0.66,plays_at_height,77.34,"6'5""",-0.66,plays_at_height
2021,Cyrus Largie,Florida Gulf Coast,71700,6-3,"6'3""",75.0,77.32,"6'5""",2.32,plays_taller,77.32,"6'5""",2.32,plays_taller
2021,Tre Williams,Indiana St.,71704,6-7,"6'7""",79.0,80.03,"6'8""",1.03,plays_taller,80.03,"6'8""",1.03,plays_taller
2021,Jelly Walker,Tulane,71706,5-11,"5'11""",71.0,74.5,"6'2""",3.5,plays_taller,74.5,"6'2""",3.5,plays_taller
2021,Keith Clemons,Loyola Chicago,71708,6-1,"6'1""",73.0,75.01,"6'3""",2.01,plays_taller,75.01,"6'3""",2.01,plays_taller
2021,EJ Bellinger,Belmont,71710,6-4,"6'4""",76.0,77.46,"6'5""",1.46,plays_taller,77.46,"6'5""",1.46,plays_taller
2021,Avery Felts,Arkansas St.,71711,6-2,"6'2""",74.0,75.13,"6'3""",1.13,plays_taller,75.13,"6'3""",1.13,plays_taller
2021,Xaiver Armstead,Louisiana Tech,71712,6-5,"6'5""",77.0,75.02,"6'3""",-1.98,plays_shorter,75.02,"6'3""",-1.98,plays_shorter
2021,Malcolm Farrington,Arkansas St.,71714,6-3,"6'3""",75.0,73.77,"6'2""",-1.23,plays_shorter,73.77,"6'2""",-1.23,plays_shorter
2021,Majesty Brandon,Canisius,71716,6-0,"6'0""",72.0,75.93,"6'4""",3.93,plays_taller,75.93,"6'4""",3.93,plays_taller
2021,Joe Pridgen,UNC Wilmington,71718,6-5,"6'5""",77.0,79.32,"6'7""",2.32,plays_taller,79.32,"6'7""",2.32,plays_taller
2021,DeMierre Black,Purdue Fort Wayne,71721,6-0,"6'0""",72.0,74.61,"6'3""",2.61,plays_taller,74.61,"6'3""",2.61,plays_taller
2021,Vito Cubrilo,Northeastern,71726,6-4,"6'4""",76.0,74.15,"6'2""",-1.85,plays_shorter,74.15,"6'2""",-1.85,plays_shorter
2021,Isaiah Powell,Vermont,71729,6-6,"6'6""",78.0,77.5,"6'5""",-0.5,plays_at_height,77.5,"6'5""",-0.5,plays_at_height
2021,Jubrile Belo,Montana St.,71730,6-9,"6'9""",81.0,82.89,"6'11""",1.89,plays_taller,82.89,"6'11""",1.89,plays_taller
2021,Tyson Walker,Northeastern,71731,6-0,"6'0""",72.0,75.22,"6'3""",3.22,plays_taller,75.22,"6'3""",3.22,plays_taller
2021,Dakota Rivers,Florida Gulf Coast,71732,6-8,"6'8""",80.0,81.01,"6'9""",1.01,plays_taller,81.01,"6'9""",1.01,plays_taller
2021,Brycen Goodine,Providence,71735,6-4,"6'4""",76.0,77.9,"6'6""",1.9,plays_taller,77.9,"6'6""",1.9,plays_taller
2021,Quincy Guerrier,Syracuse,71736,6-7,"6'7""",79.0,80.87,"6'9""",1.87,plays_taller,80.87,"6'9""",1.87,plays_taller
2021,Joseph Girard III,Syracuse,71737,6-1,"6'1""",73.0,74.6,"6'3""",1.6,plays_taller,74.6,"6'3""",1.6,plays_taller
2021,Franck Kamgain,UMKC,71740,6-2,"6'2""",74.0,73.98,"6'2""",-0.02,plays_at_height,73.98,"6'2""",-0.02,plays_at_height
2021,Jaren Holmes,St. Bonaventure,71744,6-4,"6'4""",76.0,76.99,"6'5""",0.99,plays_taller,76.99,"6'5""",0.99,plays_taller
2021,Zion Williams,UMKC,71747,6-4,"6'4""",76.0,77.69,"6'6""",1.69,plays_taller,77.69,"6'6""",1.69,plays_taller
2021,Jesse Edwards,Syracuse,71748,6-11,"6'11""",83.0,80.29,"6'8""",-2.71,plays_shorter,80.29,"6'8""",-2.71,plays_shorter
2021,Max Abmas,Oral Roberts,71751,6-1,"6'1""",73.0,74.81,"6'3""",1.81,plays_taller,74.81,"6'3""",1.81,plays_taller
2021,Jonathan Jackson Jr.,Tarleton St.,71754,6-6,"6'6""",78.0,76.56,"6'5""",-1.44,plays_shorter,76.56,"6'5""",-1.44,plays_shorter
2021,Arne Morris,Alcorn St.,71762,6-3,"6'3""",75.0,75.14,"6'3""",0.14,plays_at_height,75.14,"6'3""",0.14,plays_at_height
2021,Tre Armstrong,Cal Baptist,71764,6-5,"6'5""",77.0,74.97,"6'3""",-2.03,plays_shorter,74.97,"6'3""",-2.03,plays_shorter
2021,Reed Nottage,Cal Baptist,71765,6-6,"6'6""",78.0,76.35,"6'4""",-1.65,plays_shorter,76.35,"6'4""",-1.65,plays_shorter
2021,Tyson Etienne,Wichita St.,71768,6-2,"6'2""",74.0,75.25,"6'3""",1.25,plays_taller,75.25,"6'3""",1.25,plays_taller
2021,Darin Green Jr.,UCF,71771,6-4,"6'4""",76.0,76.03,"6'4""",0.03,plays_at_height,76.03,"6'4""",0.03,plays_at_height
2021,Harwin Francois,McNeese St.,71774,6-4,"6'4""",76.0,76.9,"6'5""",0.9,plays_taller,76.9,"6'5""",0.9,plays_taller
2021,T.J. Bickerstaff,Drexel,71777,6-9,"6'9""",81.0,78.94,"6'7""",-2.06,plays_shorter,78.94,"6'7""",-2.06,plays_shorter
2021,Mate Okros,Drexel,71778,6-6,"6'6""",78.0,74.38,"6'2""",-3.62,plays_shorter,74.38,"6'2""",-3.62,plays_shorter
2021,Hunter McIntosh,Elon,71782,6-2,"6'2""",74.0,74.78,"6'3""",0.78,plays_taller,74.78,"6'3""",0.78,plays_taller
2021,Gabe Quinnett,Idaho,71783,6-4,"6'4""",76.0,74.06,"6'2""",-1.94,plays_shorter,74.06,"6'2""",-1.94,plays_shorter
2021,Patrick McCaffery,Iowa,71786,6-9,"6'9""",81.0,78.05,"6'6""",-2.95,plays_shorter,78.05,"6'6""",-2.95,plays_shorter
2021,DeWayne Cox,Prairie View A&M,71788,6-2,"6'2""",74.0,78.3,"6'6""",4.3,plays_taller,78.3,"6'6""",4.3,plays_taller
2021,Essam Mostafa,Coastal Carolina,71790,6-9,"6'9""",81.0,80.97,"6'9""",-0.03,plays_at_height,80.97,"6'9""",-0.03,plays_at_height
2021,Olisa Ngonadi,Robert Morris,71797,6-8,"6'8""",80.0,77.95,"6'6""",-2.05,plays_shorter,77.95,"6'6""",-2.05,plays_shorter
2021,Jalen Hawkins,Norfolk St.,71798,6-2,"6'2""",74.0,76.52,"6'5""",2.52,plays_taller,76.52,"6'5""",2.52,plays_taller
2021,Mikael Jantunen,Utah,71800,6-8,"6'8""",80.0,77.82,"6'6""",-2.18,plays_shorter,77.82,"6'6""",-2.18,plays_shorter
2021,Alfonso Plummer,Utah,71804,6-1,"6'1""",73.0,74.45,"6'2""",1.45,plays_taller,74.45,"6'2""",1.45,plays_taller
2021,Branden Carlson,Utah,71808,7-0,"7'0""",84.0,81.61,"6'10""",-2.39,plays_shorter,81.61,"6'10""",-2.39,plays_shorter
2021,D.J. Carton,Marquette,71810,6-2,"6'2""",74.0,77.73,"6'6""",3.73,plays_taller,77.73,"6'6""",3.73,plays_taller
2021,Meekness Payne,New Hampshire,71811,6-8,"6'8""",80.0,75.65,"6'4""",-4.35,plays_shorter,75.65,"6'4""",-4.35,plays_shorter
2021,Eric Coleman Jr.,High Point,71814,6-8,"6'8""",80.0,76.7,"6'5""",-3.3,plays_shorter,76.7,"6'5""",-3.3,plays_shorter
2021,Eric Dixon,Villanova,71817,6-8,"6'8""",80.0,78.44,"6'6""",-1.56,plays_shorter,78.44,"6'6""",-1.56,plays_shorter
2021,Enrique Freeman,Akron,71820,6-7,"6'7""",79.0,83.83,"7'0""",4.83,plays_taller,83.83,"7'0""",4.83,plays_taller
2021,Julius Dixon,Morehead St.,71822,6-7,"6'7""",79.0,75.77,"6'4""",-3.23,plays_shorter,75.77,"6'4""",-3.23,plays_shorter
2021,Ta'lon Cooper,Morehead St.,71823,6-4,"6'4""",76.0,75.3,"6'3""",-0.7,plays_at_height,75.3,"6'3""",-0.7,plays_at_height
2021,Grant Sherfield,Nevada,71825,6-2,"6'2""",74.0,74.97,"6'3""",0.97,plays_taller,74.97,"6'3""",0.97,plays_taller
2021,Denijay Harris,Southern Miss,71827,6-7,"6'7""",79.0,78.47,"6'6""",-0.53,plays_at_height,78.47,"6'6""",-0.53,plays_at_height
2021,LJ Bryan,Morehead St.,71829,6-9,"6'9""",81.0,80.04,"6'8""",-0.96,plays_shorter,80.04,"6'8""",-0.96,plays_shorter
2021,Ques Glover,Florida,71831,5-11,"5'11""",71.0,74.73,"6'3""",3.73,plays_taller,74.73,"6'3""",3.73,plays_taller
2021,"KJ Hunt, Jr.",Morehead St.,71832,6-3,"6'3""",75.0,75.23,"6'3""",0.23,plays_at_height,75.23,"6'3""",0.23,plays_at_height
2021,Kwane Marble II,Wyoming,71833,6-6,"6'6""",78.0,77.67,"6'6""",-0.33,plays_at_height,77.67,"6'6""",-0.33,plays_at_height
2021,Alec Woodard,Austin Peay,71838,6-2,"6'2""",74.0,76.45,"6'4""",2.45,plays_taller,76.45,"6'4""",2.45,plays_taller
2021,Erik Czumbel,UTSA,71841,6-3,"6'3""",75.0,74.21,"6'2""",-0.79,plays_shorter,74.21,"6'2""",-0.79,plays_shorter
2021,Jordan Skipper-Brown,Eastern Illinois,71845,6-6,"6'6""",78.0,80.83,"6'9""",2.83,plays_taller,80.83,"6'9""",2.83,plays_taller
2021,Christian Wilson,Longwood,71847,6-6,"6'6""",78.0,77.43,"6'5""",-0.57,plays_at_height,77.43,"6'5""",-0.57,plays_at_height
2021,Coryon Mason,Abilene Christian,71848,6-0,"6'0""",72.0,76.49,"6'4""",4.49,plays_taller,76.49,"6'4""",4.49,plays_taller
2021,Deang Deang,Eastern Illinois,71849,6-4,"6'4""",76.0,75.76,"6'4""",-0.24,plays_at_height,75.76,"6'4""",-0.24,plays_at_height
2021,George Dixon,Eastern Illinois,71850,6-5,"6'5""",77.0,78.17,"6'6""",1.17,plays_taller,78.17,"6'6""",1.17,plays_taller
2021,Keondre Kennedy,UMBC,71851,6-6,"6'6""",78.0,77.61,"6'6""",-0.39,plays_at_height,77.61,"6'6""",-0.39,plays_at_height
2021,Allan Jeanne-Rose,Fairfield,71852,6-7,"6'7""",79.0,77.13,"6'5""",-1.87,plays_shorter,77.13,"6'5""",-1.87,plays_shorter
2021,George Tinsley,Binghamton,71855,6-6,"6'6""",78.0,76.63,"6'5""",-1.37,plays_shorter,76.63,"6'5""",-1.37,plays_shorter
2021,Jordan Hairston,Texas A&M Corpus Chris,71856,6-0,"6'0""",72.0,74.41,"6'2""",2.41,plays_taller,74.41,"6'2""",2.41,plays_taller
2021,Amadou Sylla,Tennessee Tech,71858,6-8,"6'8""",80.0,79.81,"6'8""",-0.19,plays_at_height,79.81,"6'8""",-0.19,plays_at_height
2021,Joel Brown,California,71859,6-2,"6'2""",74.0,75.82,"6'4""",1.82,plays_taller,75.82,"6'4""",1.82,plays_taller
2021,Jeremiah Robinson-Earl,Villanova,71861,6-9,"6'9""",81.0,80.63,"6'9""",-0.37,plays_at_height,80.63,"6'9""",-0.37,plays_at_height
2021,Kenan Blackshear,Florida Atlantic,71863,6-6,"6'6""",78.0,77.38,"6'5""",-0.62,plays_at_height,77.38,"6'5""",-0.62,plays_at_height
2021,Kayne Henry,Jacksonville St.,71867,6-7,"6'7""",79.0,78.65,"6'7""",-0.35,plays_at_height,78.65,"6'7""",-0.35,plays_at_height
2021,Martin Roub,Jacksonville St.,71868,6-10,"6'10""",82.0,74.81,"6'3""",-7.19,plays_shorter,74.81,"6'3""",-7.19,plays_shorter
2021,Hunter Dean,George Washington,71870,6-10,"6'10""",82.0,80.32,"6'8""",-1.68,plays_shorter,80.32,"6'8""",-1.68,plays_shorter
2021,Artur Konontsuk,Southern Miss,71872,6-8,"6'8""",80.0,75.86,"6'4""",-4.14,plays_shorter,75.86,"6'4""",-4.14,plays_shorter
2021,Jay Malone,Southern Miss,71873,6-0,"6'0""",72.0,74.14,"6'2""",2.14,plays_taller,74.14,"6'2""",2.14,plays_taller
2021,Casey Morsell,Virginia,71882,6-3,"6'3""",75.0,76.2,"6'4""",1.2,plays_taller,76.2,"6'4""",1.2,plays_taller
2021,Ebby Asamoah,Delaware,71884,6-4,"6'4""",76.0,77.81,"6'6""",1.81,plays_taller,77.81,"6'6""",1.81,plays_taller
2021,Harlond Beverly,Miami FL,71885,6-5,"6'5""",77.0,77.24,"6'5""",0.24,plays_at_height,77.24,"6'5""",0.24,plays_at_height
2021,Tyler Robertson,Eastern Washington,71886,6-6,"6'6""",78.0,75.37,"6'3""",-2.63,plays_shorter,75.37,"6'3""",-2.63,plays_shorter
2021,Kevin Easley Jr.,TCU,71887,6-7,"6'7""",79.0,76.56,"6'5""",-2.44,plays_shorter,76.56,"6'5""",-2.44,plays_shorter
2021,Johnny McCoy,Delaware,71888,6-5,"6'5""",77.0,76.57,"6'5""",-0.43,plays_at_height,76.57,"6'5""",-0.43,plays_at_height
2021,Isaiah Wong,Miami FL,71889,6-3,"6'3""",75.0,77.18,"6'5""",2.18,plays_taller,77.18,"6'5""",2.18,plays_taller
2021,Johnny Juzang,UCLA,71901,6-6,"6'6""",78.0,75.8,"6'4""",-2.2,plays_shorter,75.8,"6'4""",-2.2,plays_shorter
2021,Kai Jones,Texas,71905,6-11,"6'11""",83.0,81.87,"6'10""",-1.13,plays_shorter,81.87,"6'10""",-1.13,plays_shorter
2021,Donovan Williams,Texas,71906,6-6,"6'6""",78.0,75.77,"6'4""",-2.23,plays_shorter,75.77,"6'4""",-2.23,plays_shorter
2021,Jalen Windham,Ball St.,71908,6-5,"6'5""",77.0,74.73,"6'3""",-2.27,plays_shorter,74.73,"6'3""",-2.27,plays_shorter
2021,Shereef Mitchell,Creighton,71912,6-0,"6'0""",72.0,75.29,"6'3""",3.29,plays_taller,75.29,"6'3""",3.29,plays_taller
2021,Nick Stampley,Troy,71915,6-6,"6'6""",78.0,78.22,"6'6""",0.22,plays_at_height,78.22,"6'6""",0.22,plays_at_height
2021,Anzac Rissetto,Charlotte,71917,6-10,"6'10""",82.0,77.6,"6'6""",-4.4,plays_shorter,77.6,"6'6""",-4.4,plays_shorter
2021,Joel Soriano,Fordham,71918,6-11,"6'11""",83.0,82.18,"6'10""",-0.82,plays_shorter,82.18,"6'10""",-0.82,plays_shorter
2021,DJ Horne,Illinois St.,71919,6-1,"6'1""",73.0,75.88,"6'4""",2.88,plays_taller,75.88,"6'4""",2.88,plays_taller
2021,Christian Braun,Kansas,71920,6-6,"6'6""",78.0,77.67,"6'6""",-0.33,plays_at_height,77.67,"6'6""",-0.33,plays_at_height
2021,Tristan Enaruna,Kansas,71923,6-8,"6'8""",80.0,77.85,"6'6""",-2.15,plays_shorter,77.85,"6'6""",-2.15,plays_shorter
2021,Javin Etzler,Miami OH,71924,6-8,"6'8""",80.0,76.5,"6'4""",-3.5,plays_shorter,76.5,"6'4""",-3.5,plays_shorter
2021,Jalen Wilson,Kansas,71925,6-8,"6'8""",80.0,78.84,"6'7""",-1.16,plays_shorter,78.84,"6'7""",-1.16,plays_shorter
2021,Dae Dae Grant,Miami OH,71926,6-2,"6'2""",74.0,74.5,"6'3""",0.5,plays_at_height,74.5,"6'3""",0.5,plays_at_height
2021,PJ Henry,Hartford,71928,5-10,"5'10""",70.0,74.67,"6'3""",4.67,plays_taller,74.67,"6'3""",4.67,plays_taller
2021,Kenyon Duling,North Carolina A&T,71929,6-2,"6'2""",74.0,74.95,"6'3""",0.95,plays_taller,74.95,"6'3""",0.95,plays_taller
2021,Jahcobi Neath,Wake Forest,71931,6-3,"6'3""",75.0,76.12,"6'4""",1.12,plays_taller,76.12,"6'4""",1.12,plays_taller
2021,Joe Toussaint,Iowa,71933,6-0,"6'0""",72.0,75.46,"6'3""",3.46,plays_taller,75.46,"6'3""",3.46,plays_taller
2021,Kvonn Cramer,Hofstra,71934,6-6,"6'6""",78.0,80.35,"6'8""",2.35,plays_taller,80.35,"6'8""",2.35,plays_taller
2021,Collin Cooper,Central Arkansas,71937,6-2,"6'2""",74.0,73.21,"6'1""",-0.79,plays_shorter,73.21,"6'1""",-0.79,plays_shorter
2021,Derrick Carter-Hollinger,Montana,71939,6-5,"6'5""",77.0,77.0,"6'5""",-0.0,plays_at_height,77.0,"6'5""",-0.0,plays_at_height
2021,Dischon Thomas,Colorado St.,71941,6-9,"6'9""",81.0,79.06,"6'7""",-1.94,plays_shorter,79.06,"6'7""",-1.94,plays_shorter
2021,DQ Nicholas,Southeast Missouri St.,71943,6-1,"6'1""",73.0,76.26,"6'4""",3.26,plays_taller,76.26,"6'4""",3.26,plays_taller
2021,Broc Finstuen,Pacific,71945,6-4,"6'4""",76.0,78.68,"6'7""",2.68,plays_taller,78.68,"6'7""",2.68,plays_taller
2021,Emmanuel Bandoumel,SMU,71950,6-4,"6'4""",76.0,76.5,"6'4""",0.5,plays_at_height,76.5,"6'4""",0.5,plays_at_height
2021,Ajang Aguek,Northern Arizona,71958,6-8,"6'8""",80.0,78.48,"6'6""",-1.52,plays_shorter,78.48,"6'6""",-1.52,plays_shorter
2021,Ty Gordon,Nicholls St.,71962,6-1,"6'1""",73.0,74.95,"6'3""",1.95,plays_taller,74.95,"6'3""",1.95,plays_taller
2021,Jahmir Young,Charlotte,71963,6-2,"6'2""",74.0,76.51,"6'5""",2.51,plays_taller,76.51,"6'5""",2.51,plays_taller
2021,Caleb Stone-Carrawell,Charlotte,71964,6-7,"6'7""",79.0,76.44,"6'4""",-2.56,plays_shorter,76.44,"6'4""",-2.56,plays_shorter
2021,Isiah Kirby,Southeastern Louisiana,71967,6-4,"6'4""",76.0,76.84,"6'5""",0.84,plays_taller,76.84,"6'5""",0.84,plays_taller
2021,Ahmard Harvey,Coastal Carolina,71968,6-7,"6'7""",79.0,78.99,"6'7""",-0.01,plays_at_height,78.99,"6'7""",-0.01,plays_at_height
2021,Travion McCray,Western Carolina,71972,6-1,"6'1""",73.0,74.92,"6'3""",1.92,plays_taller,74.92,"6'3""",1.92,plays_taller
2021,Jalen Benjamin,UAB,71973,5-10,"5'10""",70.0,74.0,"6'2""",4.0,plays_taller,74.0,"6'2""",4.0,plays_taller
2021,Tyler Harris,Western Carolina,71975,6-7,"6'7""",79.0,78.13,"6'6""",-0.87,plays_shorter,78.13,"6'6""",-0.87,plays_shorter
2021,Ahmir Langlais,Western Carolina,71978,6-8,"6'8""",80.0,78.2,"6'6""",-1.8,plays_shorter,78.2,"6'6""",-1.8,plays_shorter
2021,Sam DeVault,Bellarmine,71981,6-10,"6'10""",82.0,76.25,"6'4""",-5.75,plays_shorter,76.25,"6'4""",-5.75,plays_shorter
2021,Marcus Tsohonis,Washington,71982,6-3,"6'3""",75.0,74.8,"6'3""",-0.2,plays_at_height,74.8,"6'3""",-0.2,plays_at_height
2021,Isaiah Palermo,Little Rock,71984,6-5,"6'5""",77.0,75.76,"6'4""",-1.24,plays_shorter,75.76,"6'4""",-1.24,plays_shorter
2021,Pierre Crockrell II,Pacific,71987,6-0,"6'0""",72.0,76.43,"6'4""",4.43,plays_taller,76.43,"6'4""",4.43,plays_taller
2021,Cameron Tucker,Alabama A&M,71988,6-1,"6'1""",73.0,74.74,"6'3""",1.74,plays_taller,74.74,"6'3""",1.74,plays_taller
2021,Kamdyn Curfman,VMI,71989,6-1,"6'1""",73.0,74.04,"6'2""",1.04,plays_taller,74.04,"6'2""",1.04,plays_taller
2021,Jalen Johnson,Alabama A&M,71990,6-7,"6'7""",79.0,78.87,"6'7""",-0.13,plays_at_height,78.87,"6'7""",-0.13,plays_at_height
2021,Douglas Wilson,South Dakota St.,71994,6-7,"6'7""",79.0,79.32,"6'7""",0.32,plays_at_height,79.32,"6'7""",0.32,plays_at_height
2021,Tory San Antonio,Cal St. Fullerton,71995,6-3,"6'3""",75.0,76.36,"6'4""",1.36,plays_taller,76.36,"6'4""",1.36,plays_taller
2021,Baylor Scheierman,South Dakota St.,71996,6-6,"6'6""",78.0,78.27,"6'6""",0.27,plays_at_height,78.27,"6'6""",0.27,plays_at_height
2021,RayJ Dennis,Boise St.,71997,6-2,"6'2""",74.0,76.91,"6'5""",2.91,plays_taller,76.91,"6'5""",2.91,plays_taller
2021,Noah Freidel,South Dakota St.,71998,6-4,"6'4""",76.0,76.71,"6'5""",0.71,plays_at_height,76.71,"6'5""",0.71,plays_at_height
2021,Josiah-Jordan James,Tennessee,71999,6-6,"6'6""",78.0,79.77,"6'8""",1.77,plays_taller,79.77,"6'8""",1.77,plays_taller
2021,Anthony Bratton,UT Rio Grande Valley,72000,6-8,"6'8""",80.0,79.65,"6'8""",-0.35,plays_at_height,79.65,"6'8""",-0.35,plays_at_height
2021,Mahki Morris,Abilene Christian,72002,6-3,"6'3""",75.0,75.35,"6'3""",0.35,plays_at_height,75.35,"6'3""",0.35,plays_at_height
2021,Marvin Johnson,Eastern Illinois,72003,6-6,"6'6""",78.0,78.52,"6'7""",0.52,plays_at_height,78.52,"6'7""",0.52,plays_at_height
2021,Chris Maidoh,Fairfield,72004,6-10,"6'10""",82.0,81.29,"6'9""",-0.71,plays_at_height,81.29,"6'9""",-0.71,plays_at_height
2021,Jamison Overton,Utah Valley,72005,6-6,"6'6""",78.0,78.17,"6'6""",0.17,plays_at_height,78.17,"6'6""",0.17,plays_at_height
2021,Airion Simmons,Abilene Christian,72006,6-5,"6'5""",77.0,78.37,"6'6""",1.37,plays_taller,78.37,"6'6""",1.37,plays_taller
2021,Ben Krikke,Valparaiso,72009,6-9,"6'9""",81.0,78.06,"6'6""",-2.94,plays_shorter,78.06,"6'6""",-2.94,plays_shorter
2021,Lagio Grantsaan,Morgan St.,72015,6-8,"6'8""",80.0,77.53,"6'6""",-2.47,plays_shorter,77.53,"6'6""",-2.47,plays_shorter
2021,Tanner Holden,Wright St.,72021,6-6,"6'6""",78.0,78.71,"6'7""",0.71,plays_at_height,78.71,"6'7""",0.71,plays_at_height
2021,Ravel Moody,Tennessee St.,72022,6-6,"6'6""",78.0,76.79,"6'5""",-1.21,plays_shorter,76.79,"6'5""",-1.21,plays_shorter
2021,Collin Warren,McNeese St.,72023,6-4,"6'4""",76.0,74.97,"6'3""",-1.03,plays_shorter,74.97,"6'3""",-1.03,plays_shorter
2021,Jaden Nielsen-Skinner,Portland St.,72024,5-10,"5'10""",70.0,74.35,"6'2""",4.35,plays_taller,74.35,"6'2""",4.35,plays_taller
2021,Chris Orlina,McNeese St.,72025,6-6,"6'6""",78.0,76.87,"6'5""",-1.13,plays_shorter,76.87,"6'5""",-1.13,plays_shorter
2021,Bryson Langdon,Northern Kentucky,72026,5-9,"5'9""",69.0,74.39,"6'2""",5.39,plays_taller,74.39,"6'2""",5.39,plays_taller
2021,Lance Terry,Gardner Webb,72028,6-2,"6'2""",74.0,75.87,"6'4""",1.87,plays_taller,75.87,"6'4""",1.87,plays_taller
2021,Chris Harris,Southeast Missouri St.,72029,6-3,"6'3""",75.0,74.55,"6'3""",-0.45,plays_at_height,74.55,"6'3""",-0.45,plays_at_height
2021,Devontae Lane,Central Michigan,72030,6-3,"6'3""",75.0,75.08,"6'3""",0.08,plays_at_height,75.08,"6'3""",0.08,plays_at_height
2021,Travon Broadway Jr.,Central Michigan,72031,6-5,"6'5""",77.0,76.81,"6'5""",-0.19,plays_at_height,76.81,"6'5""",-0.19,plays_at_height
2021,Davis Steelman,UT Arlington,72033,6-3,"6'3""",75.0,75.89,"6'4""",0.89,plays_taller,75.89,"6'4""",0.89,plays_taller
2021,Sam Griffin,UT Arlington,72035,6-3,"6'3""",75.0,73.94,"6'2""",-1.06,plays_shorter,73.94,"6'2""",-1.06,plays_shorter
2021,Tre Jones,UT Arlington,72036,6-5,"6'5""",77.0,77.32,"6'5""",0.32,plays_at_height,77.32,"6'5""",0.32,plays_at_height
2021,Nicolas Elame,UT Arlington,72039,6-3,"6'3""",75.0,75.68,"6'4""",0.68,plays_at_height,75.68,"6'4""",0.68,plays_at_height
2021,Kenny Foster,Wyoming,72041,6-5,"6'5""",77.0,76.96,"6'5""",-0.04,plays_at_height,76.96,"6'5""",-0.04,plays_at_height
2021,Carlos Paez,Austin Peay,72043,5-10,"5'10""",70.0,74.83,"6'3""",4.83,plays_taller,74.83,"6'3""",4.83,plays_taller
2021,Sean Bairstow,Utah St.,72045,6-8,"6'8""",80.0,76.37,"6'4""",-3.63,plays_shorter,76.37,"6'4""",-3.63,plays_shorter
2021,Khalid Thomas,Portland St.,72048,6-10,"6'10""",82.0,78.74,"6'7""",-3.26,plays_shorter,78.74,"6'7""",-3.26,plays_shorter
2021,Zeb Graham,Presbyterian,72051,6-1,"6'1""",73.0,74.28,"6'2""",1.28,plays_taller,74.28,"6'2""",1.28,plays_taller
2021,Mason Gillis,Purdue,72052,6-6,"6'6""",78.0,77.28,"6'5""",-0.72,plays_at_height,77.28,"6'5""",-0.72,plays_at_height
2021,Dou Gueye,Louisiana,72055,6-9,"6'9""",81.0,77.87,"6'6""",-3.13,plays_shorter,77.87,"6'6""",-3.13,plays_shorter
2021,Mike Peake,Austin Peay,72058,6-8,"6'8""",80.0,79.64,"6'8""",-0.36,plays_at_height,79.64,"6'8""",-0.36,plays_at_height
2021,Nick Ongenda,DePaul,72059,6-11,"6'11""",83.0,81.63,"6'10""",-1.37,plays_shorter,81.63,"6'10""",-1.37,plays_shorter
2021,Malik Battle,Charleston Southern,72062,6-3,"6'3""",75.0,73.64,"6'2""",-1.36,plays_shorter,73.64,"6'2""",-1.36,plays_shorter
2021,Charlie Easley,South Dakota St.,72070,6-2,"6'2""",74.0,74.83,"6'3""",0.83,plays_taller,74.83,"6'3""",0.83,plays_taller
2021,Jervay Green,Pacific,72073,6-3,"6'3""",75.0,73.98,"6'2""",-1.02,plays_shorter,73.98,"6'2""",-1.02,plays_shorter
2021,John Harge,Northern Kentucky,72077,6-8,"6'8""",80.0,77.08,"6'5""",-2.92,plays_shorter,77.08,"6'5""",-2.92,plays_shorter
2021,Cam Mack,Prairie View A&M,72078,6-2,"6'2""",74.0,75.03,"6'3""",1.03,plays_taller,75.03,"6'3""",1.03,plays_taller
2021,Mattia Acunzo,Toledo,72079,6-8,"6'8""",80.0,78.13,"6'6""",-1.87,plays_shorter,78.13,"6'6""",-1.87,plays_shorter
2021,Issac McBride,Vanderbilt,72080,6-1,"6'1""",73.0,74.62,"6'3""",1.62,plays_taller,74.62,"6'3""",1.62,plays_taller
2021,Balsa Koprivica,Florida St.,72082,7-1,"7'1""",85.0,83.52,"7'0""",-1.48,plays_shorter,83.52,"7'0""",-1.48,plays_shorter
2021,KJ Johnson,Lipscomb,72083,6-2,"6'2""",74.0,76.17,"6'4""",2.17,plays_taller,76.17,"6'4""",2.17,plays_taller
2021,Xavier Johnson,George Mason,72085,6-1,"6'1""",73.0,75.35,"6'3""",2.35,plays_taller,75.35,"6'3""",2.35,plays_taller
2021,Carlo Marble,Chicago St.,72097,6-5,"6'5""",77.0,74.57,"6'3""",-2.43,plays_shorter,74.57,"6'3""",-2.43,plays_shorter
2021,Xavier Johnson,Chicago St.,72103,5-11,"5'11""",71.0,73.37,"6'1""",2.37,plays_taller,73.37,"6'1""",2.37,plays_taller
2021,Kalil Whitehead,Chicago St.,72104,6-5,"6'5""",77.0,76.08,"6'4""",-0.92,plays_shorter,76.08,"6'4""",-0.92,plays_shorter
2021,Rajeir Jones,Chicago St.,72106,6-3,"6'3""",75.0,74.34,"6'2""",-0.66,plays_at_height,74.34,"6'2""",-0.66,plays_at_height
2021,Qudus Wahab,Georgetown,72111,6-11,"6'11""",83.0,82.19,"6'10""",-0.81,plays_shorter,82.19,"6'10""",-0.81,plays_shorter
2021,Timothy Ighoefe,Georgetown,72112,7-0,"7'0""",84.0,81.9,"6'10""",-2.1,plays_shorter,81.9,"6'10""",-2.1,plays_shorter
2021,Deven Palmer,North Carolina Central,72127,6-4,"6'4""",76.0,76.41,"6'4""",0.41,plays_at_height,76.41,"6'4""",0.41,plays_at_height
2021,Kobby Ayetey,North Carolina Central,72128,6-6,"6'6""",78.0,75.84,"6'4""",-2.16,plays_shorter,75.84,"6'4""",-2.16,plays_shorter
2021,Braelee Albert,Vanderbilt,72137,6-5,"6'5""",77.0,73.97,"6'2""",-3.03,plays_shorter,73.97,"6'2""",-3.03,plays_shorter
2021,Mike Melvin,North Carolina Central,72146,5-11,"5'11""",71.0,75.37,"6'3""",4.37,plays_taller,75.37,"6'3""",4.37,plays_taller
2021,John Stansbury,Delaware St.,72147,6-3,"6'3""",75.0,76.8,"6'5""",1.8,plays_taller,76.8,"6'5""",1.8,plays_taller
2021,Omari Peek-Green,Delaware St.,72148,6-6,"6'6""",78.0,74.64,"6'3""",-3.36,plays_shorter,74.64,"6'3""",-3.36,plays_shorter
2021,Mikal Dawson,Akron,72203,6-5,"6'5""",77.0,76.07,"6'4""",-0.93,plays_shorter,76.07,"6'4""",-0.93,plays_shorter
2021,Santiago Vescovi,Tennessee,72205,6-3,"6'3""",75.0,75.56,"6'4""",0.56,plays_at_height,75.56,"6'4""",0.56,plays_at_height
2021,Tahj-Malik Campbell,Morgan St.,72208,6-5,"6'5""",77.0,78.19,"6'6""",1.19,plays_taller,78.19,"6'6""",1.19,plays_taller
2021,Chris Moore,Auburn,72228,6-6,"6'6""",78.0,78.16,"6'6""",0.16,plays_at_height,78.16,"6'6""",0.16,plays_at_height
2021,Nick Ferrarini,Nebraska Omaha,72229,6-5,"6'5""",77.0,74.23,"6'2""",-2.77,plays_shorter,74.23,"6'2""",-2.77,plays_shorter
2021,Miles Coleman,NJIT,72230,6-5,"6'5""",77.0,74.99,"6'3""",-2.01,plays_shorter,74.99,"6'3""",-2.01,plays_shorter
2021,Nico Galette,Sacred Heart,72232,6-6,"6'6""",78.0,76.87,"6'5""",-1.13,plays_shorter,76.87,"6'5""",-1.13,plays_shorter
2021,Mike Hood,Montana St.,72233,6-2,"6'2""",74.0,74.54,"6'3""",0.54,plays_at_height,74.54,"6'3""",0.54,plays_at_height
2021,Fidelis Okereke,Cal St. Northridge,72234,6-6,"6'6""",78.0,79.73,"6'8""",1.73,plays_taller,79.73,"6'8""",1.73,plays_taller
2021,Mwani Wilkinson,LSU,72235,6-5,"6'5""",77.0,79.59,"6'8""",2.59,plays_taller,79.59,"6'8""",2.59,plays_taller
2021,Dudley Blackwell,Iowa St.,72237,6-6,"6'6""",78.0,75.56,"6'4""",-2.44,plays_shorter,75.56,"6'4""",-2.44,plays_shorter
2021,DJ Davis,UC Irvine,72240,6-0,"6'0""",72.0,74.53,"6'3""",2.53,plays_taller,74.53,"6'3""",2.53,plays_taller
2021,Jalen Brown,Pacific,72245,6-3,"6'3""",75.0,74.01,"6'2""",-0.99,plays_shorter,74.01,"6'2""",-0.99,plays_shorter
2021,Jesper Granlund,Longwood,72251,6-6,"6'6""",78.0,76.44,"6'4""",-1.56,plays_shorter,76.44,"6'4""",-1.56,plays_shorter
2021,David Bohm,Northern Kentucky,72253,6-9,"6'9""",81.0,76.84,"6'5""",-4.16,plays_shorter,76.84,"6'5""",-4.16,plays_shorter
2021,Shaft Clark,Delaware St.,72256,6-4,"6'4""",76.0,76.76,"6'5""",0.76,plays_taller,76.76,"6'5""",0.76,plays_taller
2021,Tyree Corbett,Alcorn St.,72257,6-7,"6'7""",79.0,78.7,"6'7""",-0.3,plays_at_height,78.7,"6'7""",-0.3,plays_at_height
2021,Dylan Addae-Wusu,St. John's,72258,6-4,"6'4""",76.0,75.87,"6'4""",-0.13,plays_at_height,75.87,"6'4""",-0.13,plays_at_height
2021,Martez Robinson,Delaware St.,72260,6-2,"6'2""",74.0,74.87,"6'3""",0.87,plays_taller,74.87,"6'3""",0.87,plays_taller
2021,Chris Biekeu,Towson,72266,6-7,"6'7""",79.0,77.39,"6'5""",-1.61,plays_shorter,77.39,"6'5""",-1.61,plays_shorter
2021,Travis Henson,Cal St. Bakersfield,72267,6-6,"6'6""",78.0,77.4,"6'5""",-0.6,plays_at_height,77.4,"6'5""",-0.6,plays_at_height
2021,Noel Brown,George Washington,72268,6-11,"6'11""",83.0,77.08,"6'5""",-5.92,plays_shorter,77.08,"6'5""",-5.92,plays_shorter
2021,Dillon Jones,Weber St.,72269,6-6,"6'6""",78.0,80.0,"6'8""",2.0,plays_taller,80.0,"6'8""",2.0,plays_taller
2021,Ishmael Leggett,Rhode Island,72271,6-2,"6'2""",74.0,75.92,"6'4""",1.92,plays_taller,75.92,"6'4""",1.92,plays_taller
2021,Ryan Claflin,Green Bay,72276,6-6,"6'6""",78.0,76.35,"6'4""",-1.65,plays_shorter,76.35,"6'4""",-1.65,plays_shorter
2021,Quinlan Bennett,Lamar,72283,6-3,"6'3""",75.0,76.53,"6'5""",1.53,plays_taller,76.53,"6'5""",1.53,plays_taller
2021,Ricardo Wright,Marist,72287,6-4,"6'4""",76.0,75.36,"6'3""",-0.64,plays_at_height,75.36,"6'3""",-0.64,plays_at_height
2021,Hakim Byrd,Marist,72288,5-10,"5'10""",70.0,74.56,"6'3""",4.56,plays_taller,74.56,"6'3""",4.56,plays_taller
2021,Raheim Sullivan,Marist,72290,6-1,"6'1""",73.0,74.38,"6'2""",1.38,plays_taller,74.38,"6'2""",1.38,plays_taller
2021,Javon Cooley,Marist,72291,6-5,"6'5""",77.0,75.51,"6'4""",-1.49,plays_shorter,75.51,"6'4""",-1.49,plays_shorter
2021,Keaton Turner,Wofford,72295,6-0,"6'0""",72.0,74.48,"6'2""",2.48,plays_taller,74.48,"6'2""",2.48,plays_taller
2021,Kelton Talford,Winthrop,72296,6-7,"6'7""",79.0,80.07,"6'8""",1.07,plays_taller,80.07,"6'8""",1.07,plays_taller
2021,Rayshon Harrison,Presbyterian,72297,6-4,"6'4""",76.0,76.9,"6'5""",0.9,plays_taller,76.9,"6'5""",0.9,plays_taller
2021,Jeremiah Williams,Temple,72301,6-5,"6'5""",77.0,77.07,"6'5""",0.07,plays_at_height,77.07,"6'5""",0.07,plays_at_height
2021,Austin Inge,Navy,72303,6-0,"6'0""",72.0,74.49,"6'2""",2.49,plays_taller,74.49,"6'2""",2.49,plays_taller
2021,Cameron Woodall,Grambling St.,72307,6-7,"6'7""",79.0,77.66,"6'6""",-1.34,plays_shorter,77.66,"6'6""",-1.34,plays_shorter
2021,Nicholas McMullen,Murray St.,72309,6-8,"6'8""",80.0,76.97,"6'5""",-3.03,plays_shorter,76.97,"6'5""",-3.03,plays_shorter
2021,Rudi Williams,Kansas St.,72310,6-3,"6'3""",75.0,75.92,"6'4""",0.92,plays_taller,75.92,"6'4""",0.92,plays_taller
2021,Camren Pierce,Cal Poly,72311,5-10,"5'10""",70.0,75.21,"6'3""",5.21,plays_taller,75.21,"6'3""",5.21,plays_taller
2021,Connor Kochera,William & Mary,72316,6-5,"6'5""",77.0,75.66,"6'4""",-1.34,plays_shorter,75.66,"6'4""",-1.34,plays_shorter
2021,Yuri Covington,William & Mary,72317,6-1,"6'1""",73.0,75.67,"6'4""",2.67,plays_taller,75.67,"6'4""",2.67,plays_taller
2021,Andre Mulibea,Utah Tech,72318,6-6,"6'6""",78.0,74.3,"6'2""",-3.7,plays_shorter,74.3,"6'2""",-3.7,plays_shorter
2021,Frank Staine,Utah Tech,72319,6-6,"6'6""",78.0,75.82,"6'4""",-2.18,plays_shorter,75.82,"6'4""",-2.18,plays_shorter
2021,Jake Milkereit,William & Mary,72320,6-5,"6'5""",77.0,74.66,"6'3""",-2.34,plays_shorter,74.66,"6'3""",-2.34,plays_shorter
2021,Cameron Gooden,Utah Tech,72321,5-11,"5'11""",71.0,75.03,"6'3""",4.03,plays_taller,75.03,"6'3""",4.03,plays_taller
2021,"Jonathan Breeland, Jr.",North Alabama,72324,6-3,"6'3""",75.0,74.19,"6'2""",-0.81,plays_shorter,74.19,"6'2""",-0.81,plays_shorter
2021,Kaelon Harkema,Coppin St.,72325,6-2,"6'2""",74.0,74.08,"6'2""",0.08,plays_at_height,74.08,"6'2""",0.08,plays_at_height
2021,Myles Hunter,Youngstown St.,72329,6-5,"6'5""",77.0,74.85,"6'3""",-2.15,plays_shorter,74.85,"6'3""",-2.15,plays_shorter
2021,Joe Anderson,Furman,72330,6-0,"6'0""",72.0,73.87,"6'2""",1.87,plays_taller,73.87,"6'2""",1.87,plays_taller
2021,Tristan da Silva,Colorado,72333,6-8,"6'8""",80.0,76.03,"6'4""",-3.97,plays_shorter,76.03,"6'4""",-3.97,plays_shorter
2021,Andre Harris,Duquesne,72336,6-7,"6'7""",79.0,77.48,"6'5""",-1.52,plays_shorter,77.48,"6'5""",-1.52,plays_shorter
2021,Craig Porter Jr.,Wichita St.,72341,6-2,"6'2""",74.0,76.83,"6'5""",2.83,plays_taller,76.83,"6'5""",2.83,plays_taller
2021,Alec Oglesby,Cleveland St.,72343,6-5,"6'5""",77.0,73.93,"6'2""",-3.07,plays_shorter,73.93,"6'2""",-3.07,plays_shorter
2021,Mason Madsen,Cincinnati,72345,6-4,"6'4""",76.0,75.69,"6'4""",-0.31,plays_at_height,75.69,"6'4""",-0.31,plays_at_height
2021,Tari Eason,Cincinnati,72347,6-8,"6'8""",80.0,82.17,"6'10""",2.17,plays_taller,82.17,"6'10""",2.17,plays_taller
2021,Jahmyl Telfort,Northeastern,72348,6-7,"6'7""",79.0,77.01,"6'5""",-1.99,plays_shorter,77.01,"6'5""",-1.99,plays_shorter
2021,Malik Muhammad,Central Michigan,72349,6-9,"6'9""",81.0,80.24,"6'8""",-0.76,plays_shorter,80.24,"6'8""",-0.76,plays_shorter
2021,Mike Saunders Jr.,Cincinnati,72350,6-0,"6'0""",72.0,74.9,"6'3""",2.9,plays_taller,74.9,"6'3""",2.9,plays_taller
2021,Cody Carlson,Weber St.,72353,6-10,"6'10""",82.0,79.3,"6'7""",-2.7,plays_shorter,79.3,"6'7""",-2.7,plays_shorter
2021,Drake Dobbs,Liberty,72355,6-3,"6'3""",75.0,74.93,"6'3""",-0.07,plays_at_height,74.93,"6'3""",-0.07,plays_at_height
2021,Tegra Izay,La Salle,72357,6-10,"6'10""",82.0,78.72,"6'7""",-3.28,plays_shorter,78.72,"6'7""",-3.28,plays_shorter
2021,Latrell Wrightsell Jr.,Cal St. Fullerton,72358,6-3,"6'3""",75.0,74.24,"6'2""",-0.76,plays_shorter,74.24,"6'2""",-0.76,plays_shorter
2021,Micaiah Abii,Liberty,72360,6-7,"6'7""",79.0,75.89,"6'4""",-3.11,plays_shorter,75.89,"6'4""",-3.11,plays_shorter
2021,Donovan Newby,Milwaukee,72361,6-1,"6'1""",73.0,75.17,"6'3""",2.17,plays_taller,75.17,"6'3""",2.17,plays_taller
2021,Logan McLaughlin,Abilene Christian,72363,6-1,"6'1""",73.0,74.53,"6'3""",1.53,plays_taller,74.53,"6'3""",1.53,plays_taller
2021,Jaylen Clark,UCLA,72365,6-5,"6'5""",77.0,79.81,"6'8""",2.81,plays_taller,79.81,"6'8""",2.81,plays_taller
2021,Vasja Pandza,Seattle,72370,6-8,"6'8""",80.0,75.06,"6'3""",-4.94,plays_shorter,75.06,"6'3""",-4.94,plays_shorter
2021,Cade Cunningham,Oklahoma St.,72372,6-8,"6'8""",80.0,78.22,"6'6""",-1.78,plays_shorter,78.22,"6'6""",-1.78,plays_shorter
2021,DeMarr Langford Jr.,Boston College,72373,6-5,"6'5""",77.0,77.2,"6'5""",0.2,plays_at_height,77.2,"6'5""",0.2,plays_at_height
2021,Seybian Sims,North Dakota,72377,6-7,"6'7""",79.0,78.43,"6'6""",-0.57,plays_at_height,78.43,"6'6""",-0.57,plays_at_height
2021,Tim Holland Jr.,Arkansas St.,72379,6-8,"6'8""",80.0,79.64,"6'8""",-0.36,plays_at_height,79.64,"6'8""",-0.36,plays_at_height
2021,Reyhan Cobb,Grambling St.,72384,6-9,"6'9""",81.0,78.55,"6'7""",-2.45,plays_shorter,78.55,"6'7""",-2.45,plays_shorter
2021,Peyton Taylor,Grambling St.,72386,6-4,"6'4""",76.0,74.21,"6'2""",-1.79,plays_shorter,74.21,"6'2""",-1.79,plays_shorter
2021,Sarion McGee,Grambling St.,72390,6-8,"6'8""",80.0,77.29,"6'5""",-2.71,plays_shorter,77.29,"6'5""",-2.71,plays_shorter
2021,Mohamed Diallo,Stony Brook,72393,6-6,"6'6""",78.0,77.11,"6'5""",-0.89,plays_shorter,77.11,"6'5""",-0.89,plays_shorter
2021,Jarvis Walker,Purdue Fort Wayne,72394,6-2,"6'2""",74.0,74.95,"6'3""",0.95,plays_taller,74.95,"6'3""",0.95,plays_taller
2021,Jordan Cousin,Alabama St.,72395,6-7,"6'7""",79.0,77.41,"6'5""",-1.59,plays_shorter,77.41,"6'5""",-1.59,plays_shorter
2021,Kasen Harrison,Lamar,72397,6-1,"6'1""",73.0,74.96,"6'3""",1.96,plays_taller,74.96,"6'3""",1.96,plays_taller
2021,Lincoln Smith,Lamar,72400,6-5,"6'5""",77.0,77.78,"6'6""",0.78,plays_taller,77.78,"6'6""",0.78,plays_taller
2021,Marco Morency,Louisiana Monroe,72406,6-3,"6'3""",75.0,76.71,"6'5""",1.71,plays_taller,76.71,"6'5""",1.71,plays_taller
2021,DJ Jackson,Alabama St.,72407,6-2,"6'2""",74.0,74.82,"6'3""",0.82,plays_taller,74.82,"6'3""",0.82,plays_taller
2021,Caleb Love,North Carolina,72413,6-4,"6'4""",76.0,76.12,"6'4""",0.12,plays_at_height,76.12,"6'4""",0.12,plays_at_height
2021,JonDarius Warren,Southeastern Louisiana,72414,6-0,"6'0""",72.0,74.6,"6'3""",2.6,plays_taller,74.6,"6'3""",2.6,plays_taller
2021,Hayden Curtiss,Portland,72416,6-9,"6'9""",81.0,81.47,"6'9""",0.47,plays_at_height,81.47,"6'9""",0.47,plays_at_height
2021,Kobey Lam,Denver,72418,6-2,"6'2""",74.0,73.9,"6'2""",-0.1,plays_at_height,73.9,"6'2""",-0.1,plays_at_height
2021,Nijel Pack,Kansas St.,72421,6-0,"6'0""",72.0,74.83,"6'3""",2.83,plays_taller,74.83,"6'3""",2.83,plays_taller
2021,Andre Henry,UC Irvine,72423,6-4,"6'4""",76.0,77.18,"6'5""",1.18,plays_taller,77.18,"6'5""",1.18,plays_taller
2021,Justice Hill,Murray St.,72424,6-0,"6'0""",72.0,74.76,"6'3""",2.76,plays_taller,74.76,"6'3""",2.76,plays_taller
2021,Caleb Murphy,South Florida,72425,6-4,"6'4""",76.0,76.07,"6'4""",0.07,plays_at_height,76.07,"6'4""",0.07,plays_at_height
2021,Myles Ruth,Monmouth,72430,6-0,"6'0""",72.0,76.69,"6'5""",4.69,plays_taller,76.69,"6'5""",4.69,plays_taller
2021,DeAndre Pinckney,Southern Miss,72435,6-8,"6'8""",80.0,79.48,"6'7""",-0.52,plays_at_height,79.48,"6'7""",-0.52,plays_at_height
2021,Kevin Williamson,Coastal Carolina,72436,6-5,"6'5""",77.0,74.93,"6'3""",-2.07,plays_shorter,74.93,"6'3""",-2.07,plays_shorter
2021,Winston Hill,Presbyterian,72440,6-7,"6'7""",79.0,78.62,"6'7""",-0.38,plays_at_height,78.62,"6'7""",-0.38,plays_at_height
2021,Jeremy Robinson,North Carolina A&T,72441,6-5,"6'5""",77.0,76.38,"6'4""",-0.62,plays_at_height,76.38,"6'4""",-0.62,plays_at_height
2021,Domantas Sakickas,Coppin St.,72442,6-7,"6'7""",79.0,73.75,"6'2""",-5.25,plays_shorter,73.75,"6'2""",-5.25,plays_shorter
2021,Detalian Brown,North Alabama,72444,6-3,"6'3""",75.0,74.48,"6'2""",-0.52,plays_at_height,74.48,"6'2""",-0.52,plays_at_height
2021,Will Soucie,North Alabama,72445,6-5,"6'5""",77.0,75.84,"6'4""",-1.16,plays_shorter,75.84,"6'4""",-1.16,plays_shorter
2021,Tahlik Chavez,Iona,72446,6-1,"6'1""",73.0,74.7,"6'3""",1.7,plays_taller,74.7,"6'3""",1.7,plays_taller
2021,Jamel Melvin,Northern Colorado,72447,6-9,"6'9""",81.0,78.85,"6'7""",-2.15,plays_shorter,78.85,"6'7""",-2.15,plays_shorter
2021,Bryce Kennedy,Northern Colorado,72448,6-7,"6'7""",79.0,77.2,"6'5""",-1.8,plays_shorter,77.2,"6'5""",-1.8,plays_shorter
2021,Chad Baker,Duquesne,72450,6-7,"6'7""",79.0,77.55,"6'6""",-1.45,plays_shorter,77.55,"6'6""",-1.45,plays_shorter
2021,Deivon Smith,Mississippi St.,72451,6-1,"6'1""",73.0,76.87,"6'5""",3.87,plays_taller,76.87,"6'5""",3.87,plays_taller
2021,Luis Kortright,Quinnipiac,72455,6-3,"6'3""",75.0,76.97,"6'5""",1.97,plays_taller,76.97,"6'5""",1.97,plays_taller
2021,Bol Akot,Quinnipiac,72456,6-2,"6'2""",74.0,74.34,"6'2""",0.34,plays_at_height,74.34,"6'2""",0.34,plays_at_height
2021,D'Moi Hodge,Cleveland St.,72457,6-4,"6'4""",76.0,77.83,"6'6""",1.83,plays_taller,77.83,"6'6""",1.83,plays_taller
2021,Tymu Chenery,Quinnipiac,72459,6-6,"6'6""",78.0,76.87,"6'5""",-1.13,plays_shorter,76.87,"6'5""",-1.13,plays_shorter
2021,Jayson Woodrich,Cleveland St.,72460,6-7,"6'7""",79.0,74.42,"6'2""",-4.58,plays_shorter,74.42,"6'2""",-4.58,plays_shorter
2021,Yahel Hill,Cleveland St.,72461,6-0,"6'0""",72.0,74.0,"6'2""",2.0,plays_taller,74.0,"6'2""",2.0,plays_taller
2021,Tyler Moffe,The Citadel,72464,6-1,"6'1""",73.0,75.51,"6'4""",2.51,plays_taller,75.51,"6'4""",2.51,plays_taller
2021,Josh Bannan,Montana,72467,6-9,"6'9""",81.0,78.59,"6'7""",-2.41,plays_shorter,78.59,"6'7""",-2.41,plays_shorter
2021,Rodrigue Andela,Oregon St.,72468,6-8,"6'8""",80.0,81.24,"6'9""",1.24,plays_taller,81.24,"6'9""",1.24,plays_taller
2021,Noah Farrakhan,East Carolina,72469,6-2,"6'2""",74.0,73.17,"6'1""",-0.83,plays_shorter,73.17,"6'1""",-0.83,plays_shorter
2021,Anwar Gill,La Salle,72470,6-4,"6'4""",76.0,76.25,"6'4""",0.25,plays_at_height,76.25,"6'4""",0.25,plays_at_height
2021,Robby Beasley,Montana,72471,6-3,"6'3""",75.0,75.08,"6'3""",0.08,plays_at_height,75.08,"6'3""",0.08,plays_at_height
2021,Landis Spivey,Cal St. Fullerton,72474,6-5,"6'5""",77.0,76.67,"6'5""",-0.33,plays_at_height,76.67,"6'5""",-0.33,plays_at_height
2021,Jhamir Brickus,La Salle,72475,5-11,"5'11""",71.0,76.05,"6'4""",5.05,plays_taller,76.05,"6'4""",5.05,plays_taller
2021,Russell Harrison,Louisiana Monroe,72476,6-7,"6'7""",79.0,77.24,"6'5""",-1.76,plays_shorter,77.24,"6'5""",-1.76,plays_shorter
2021,Mike Miles,TCU,72477,6-1,"6'1""",73.0,75.74,"6'4""",2.74,plays_taller,75.74,"6'4""",2.74,plays_taller
2021,Dante Harris,Georgetown,72478,6-0,"6'0""",72.0,74.81,"6'3""",2.81,plays_taller,74.81,"6'3""",2.81,plays_taller
2021,Terell Strickland,James Madison,72484,6-0,"6'0""",72.0,75.71,"6'4""",3.71,plays_taller,75.71,"6'4""",3.71,plays_taller
2021,Terrence Edwards,James Madison,72485,6-6,"6'6""",78.0,77.11,"6'5""",-0.89,plays_shorter,77.11,"6'5""",-0.89,plays_shorter
2021,Rondel Walker,Oklahoma St.,72486,6-4,"6'4""",76.0,77.08,"6'5""",1.08,plays_taller,77.08,"6'5""",1.08,plays_taller
2021,Matthew-Alexander Moncrieffe,Oklahoma St.,72489,6-7,"6'7""",79.0,79.77,"6'8""",0.77,plays_taller,79.77,"6'8""",0.77,plays_taller
2021,Jabari Walker,Colorado,72492,6-8,"6'8""",80.0,81.11,"6'9""",1.11,plays_taller,81.11,"6'9""",1.11,plays_taller
2021,Tyree Ihenacho,North Dakota,72493,6-4,"6'4""",76.0,77.44,"6'5""",1.44,plays_taller,77.44,"6'5""",1.44,plays_taller
2021,Mike Bekelja,Duquesne,72494,6-1,"6'1""",73.0,75.18,"6'3""",2.18,plays_taller,75.18,"6'3""",2.18,plays_taller
2021,Mitchell Sueker,North Dakota,72495,6-9,"6'9""",81.0,77.58,"6'6""",-3.42,plays_shorter,77.58,"6'6""",-3.42,plays_shorter
2021,Terrance Thompson,Green Bay,72496,6-8,"6'8""",80.0,77.66,"6'6""",-2.34,plays_shorter,77.66,"6'6""",-2.34,plays_shorter
2021,Alex Vargo,Youngstown St.,72497,6-5,"6'5""",77.0,74.25,"6'2""",-2.75,plays_shorter,74.25,"6'2""",-2.75,plays_shorter
2021,Cameron Smith,Cal St. Bakersfield,72498,6-7,"6'7""",79.0,77.49,"6'5""",-1.51,plays_shorter,77.49,"6'5""",-1.51,plays_shorter
2021,Jonathan Davis,Wisconsin,72499,6-5,"6'5""",77.0,78.5,"6'7""",1.5,plays_taller,78.5,"6'7""",1.5,plays_taller
2021,D'Ante Bell,New Orleans,72500,6-9,"6'9""",81.0,79.65,"6'8""",-1.35,plays_shorter,79.65,"6'8""",-1.35,plays_shorter
2021,Jalen Speer,Florida A&M,72504,6-1,"6'1""",73.0,74.89,"6'3""",1.89,plays_taller,74.89,"6'3""",1.89,plays_taller
2021,Nate Martin,Texas St.,72508,6-8,"6'8""",80.0,76.91,"6'5""",-3.09,plays_shorter,76.91,"6'5""",-3.09,plays_shorter
2021,Dylan Dawson,Texas St.,72509,6-3,"6'3""",75.0,73.11,"6'1""",-1.89,plays_shorter,73.11,"6'1""",-1.89,plays_shorter
2021,Keith Littles,Florida A&M,72511,6-4,"6'4""",76.0,74.36,"6'2""",-1.64,plays_shorter,74.36,"6'2""",-1.64,plays_shorter
2021,LaTrell Tate,Alabama St.,72516,6-0,"6'0""",72.0,73.44,"6'1""",1.44,plays_taller,73.44,"6'1""",1.44,plays_taller
2021,D'Avian Houston,Charleston,72521,6-1,"6'1""",73.0,74.96,"6'3""",1.96,plays_taller,74.96,"6'3""",1.96,plays_taller
2021,Clythus Griffith,Portland,72525,6-2,"6'2""",74.0,75.07,"6'3""",1.07,plays_taller,75.07,"6'3""",1.07,plays_taller
2021,Terren Frank,TCU,72526,6-8,"6'8""",80.0,74.88,"6'3""",-5.12,plays_shorter,74.88,"6'3""",-5.12,plays_shorter
2021,Richard Amaefule,East Tennessee St.,72533,6-9,"6'9""",81.0,78.6,"6'7""",-2.4,plays_shorter,78.6,"6'7""",-2.4,plays_shorter
2021,Bryce Thompson,Kansas,72536,6-5,"6'5""",77.0,75.3,"6'3""",-1.7,plays_shorter,75.3,"6'3""",-1.7,plays_shorter
2021,Tyon Grant-Foster,Kansas,72539,6-7,"6'7""",79.0,80.22,"6'8""",1.22,plays_taller,80.22,"6'8""",1.22,plays_taller
2021,Emmit Taylor III,Idaho St.,72540,6-4,"6'4""",76.0,74.97,"6'3""",-1.03,plays_shorter,74.97,"6'3""",-1.03,plays_shorter
2021,Andrew Carr,Delaware,72542,6-9,"6'9""",81.0,78.31,"6'6""",-2.69,plays_shorter,78.31,"6'6""",-2.69,plays_shorter
2021,Bryan Hart,Radford,72550,6-1,"6'1""",73.0,74.89,"6'3""",1.89,plays_taller,74.89,"6'3""",1.89,plays_taller
2021,Trey Galloway,Indiana,72552,6-4,"6'4""",76.0,76.22,"6'4""",0.22,plays_at_height,76.22,"6'4""",0.22,plays_at_height
2021,Jade Tse,Houston Christian,72561,6-1,"6'1""",73.0,74.02,"6'2""",1.02,plays_taller,74.02,"6'2""",1.02,plays_taller
2021,Bowen Born,Northern Iowa,72563,5-11,"5'11""",71.0,74.04,"6'2""",3.04,plays_taller,74.04,"6'2""",3.04,plays_taller
2021,Cyrie Coates Jr.,Texas A&M Corpus Chris,72564,6-6,"6'6""",78.0,75.99,"6'4""",-2.01,plays_shorter,75.99,"6'4""",-2.01,plays_shorter
2021,Donte Powers,Sam Houston St.,72566,6-2,"6'2""",74.0,76.71,"6'5""",2.71,plays_taller,76.71,"6'5""",2.71,plays_taller
2021,Jason Edokpayi,Fairfield,72569,6-6,"6'6""",78.0,77.53,"6'6""",-0.47,plays_at_height,77.53,"6'6""",-0.47,plays_at_height
2021,Kobe Stewart,Presbyterian,72570,6-6,"6'6""",78.0,75.85,"6'4""",-2.15,plays_shorter,75.85,"6'4""",-2.15,plays_shorter
2021,Nendah Tarke,Coppin St.,72571,6-4,"6'4""",76.0,78.45,"6'6""",2.45,plays_taller,78.45,"6'6""",2.45,plays_taller
2021,"Dwaine Jones, Jr.",Coppin St.,72573,6-5,"6'5""",77.0,74.52,"6'3""",-2.48,plays_shorter,74.52,"6'3""",-2.48,plays_shorter
2021,D'Rell Roberts,Prairie View A&M,72576,6-7,"6'7""",79.0,76.62,"6'5""",-2.38,plays_shorter,76.62,"6'5""",-2.38,plays_shorter
2021,Kendall Munson,Pepperdine,72577,6-8,"6'8""",80.0,79.12,"6'7""",-0.88,plays_shorter,79.12,"6'7""",-0.88,plays_shorter
2021,Jevon Tatum,Alabama A&M,72581,6-1,"6'1""",73.0,74.72,"6'3""",1.72,plays_taller,74.72,"6'3""",1.72,plays_taller
2021,Dailin Smith,Alabama A&M,72582,6-6,"6'6""",78.0,75.81,"6'4""",-2.19,plays_shorter,75.81,"6'4""",-2.19,plays_shorter
2021,London Riley,Alabama A&M,72583,6-3,"6'3""",75.0,74.82,"6'3""",-0.18,plays_at_height,74.82,"6'3""",-0.18,plays_at_height
2021,Anjay Cortez,Alabama A&M,72584,6-8,"6'8""",80.0,77.69,"6'6""",-2.31,plays_shorter,77.69,"6'6""",-2.31,plays_shorter
2021,JoVon McClanahan,Hawaii,72586,5-11,"5'11""",71.0,73.57,"6'2""",2.57,plays_taller,73.57,"6'2""",2.57,plays_taller
2021,Jalen Leach,Fairfield,72589,6-4,"6'4""",76.0,75.72,"6'4""",-0.28,plays_at_height,75.72,"6'4""",-0.28,plays_at_height
2021,Adama Sanogo,Connecticut,72590,6-9,"6'9""",81.0,81.01,"6'9""",0.01,plays_at_height,81.01,"6'9""",0.01,plays_at_height
2021,Jordan O'Neal,Alabama St.,72592,6-6,"6'6""",78.0,80.23,"6'8""",2.23,plays_taller,80.23,"6'8""",2.23,plays_taller
2021,Jace Bass,Louisiana Tech,72593,6-3,"6'3""",75.0,75.5,"6'4""",0.5,plays_at_height,75.5,"6'4""",0.5,plays_at_height
2021,Cheikh Faye,Eastern Kentucky,72594,6-7,"6'7""",79.0,76.64,"6'5""",-2.36,plays_shorter,76.64,"6'5""",-2.36,plays_shorter
2021,Jonathan Aybar,North Florida,72604,6-9,"6'9""",81.0,79.75,"6'8""",-1.25,plays_shorter,79.75,"6'8""",-1.25,plays_shorter
2021,Dawson Garcia,Marquette,72606,6-11,"6'11""",83.0,78.4,"6'6""",-4.6,plays_shorter,78.4,"6'6""",-4.6,plays_shorter
2021,Jadyn Parker,North Florida,72608,6-10,"6'10""",82.0,78.76,"6'7""",-3.24,plays_shorter,78.76,"6'7""",-3.24,plays_shorter
2021,PJ Hall,Clemson,72609,6-10,"6'10""",82.0,79.47,"6'7""",-2.53,plays_shorter,79.47,"6'7""",-2.53,plays_shorter
2021,Emmanuel Ansong,Green Bay,72613,6-4,"6'4""",76.0,79.63,"6'8""",3.63,plays_taller,79.63,"6'8""",3.63,plays_taller
2021,Grant Huffman,Davidson,72616,6-3,"6'3""",75.0,75.77,"6'4""",0.77,plays_taller,75.77,"6'4""",0.77,plays_taller
2021,Abou Ousmane,North Texas,72617,6-10,"6'10""",82.0,80.77,"6'9""",-1.23,plays_shorter,80.77,"6'9""",-1.23,plays_shorter
2021,Michael Jones,Davidson,72619,6-5,"6'5""",77.0,76.99,"6'5""",-0.01,plays_at_height,76.99,"6'5""",-0.01,plays_at_height
2021,Dayvion McKnight,Western Kentucky,72620,6-1,"6'1""",73.0,76.26,"6'4""",3.26,plays_taller,76.26,"6'4""",3.26,plays_taller
2021,Vukasin Masic,Hofstra,72621,6-5,"6'5""",77.0,73.75,"6'2""",-3.25,plays_shorter,73.75,"6'2""",-3.25,plays_shorter
2021,Brent Davis,The Citadel,72625,6-3,"6'3""",75.0,74.92,"6'3""",-0.08,plays_at_height,74.92,"6'3""",-0.08,plays_at_height
2021,Dason Youngblood,Utah Tech,72627,6-2,"6'2""",74.0,74.82,"6'3""",0.82,plays_taller,74.82,"6'3""",0.82,plays_taller
2021,Olivier-Maxence Prosper,Clemson,72628,6-8,"6'8""",80.0,78.21,"6'6""",-1.79,plays_shorter,78.21,"6'6""",-1.79,plays_shorter
2021,Jai Clark,Florida A&M,72629,6-2,"6'2""",74.0,72.3,"6'0""",-1.7,plays_shorter,72.3,"6'0""",-1.7,plays_shorter
2021,Josh Navarro,Fordham,72630,5-10,"5'10""",70.0,73.87,"6'2""",3.87,plays_taller,73.87,"6'2""",3.87,plays_taller
2021,Nighael Ceaser,Texas St.,72633,6-8,"6'8""",80.0,79.83,"6'8""",-0.17,plays_at_height,79.83,"6'8""",-0.17,plays_at_height
2021,Yame Butler,Fordham,72635,6-5,"6'5""",77.0,73.8,"6'2""",-3.2,plays_shorter,73.8,"6'2""",-3.2,plays_shorter
2021,Graham Ike,Wyoming,72639,6-9,"6'9""",81.0,78.58,"6'7""",-2.42,plays_shorter,78.58,"6'7""",-2.42,plays_shorter
2021,Hugo Clarkin,San Jose St.,72641,7-0,"7'0""",84.0,77.35,"6'5""",-6.65,plays_shorter,77.35,"6'5""",-6.65,plays_shorter
2021,Andre Jackson,Connecticut,72642,6-6,"6'6""",78.0,78.32,"6'6""",0.32,plays_at_height,78.32,"6'6""",0.32,plays_at_height
2021,Jalen Dalcourt,San Jose St.,72643,6-2,"6'2""",74.0,75.0,"6'3""",1.0,plays_taller,75.0,"6'3""",1.0,plays_taller
2021,Liam Lloyd,Grand Canyon,72644,6-5,"6'5""",77.0,76.22,"6'4""",-0.78,plays_shorter,76.22,"6'4""",-0.78,plays_shorter
2021,Chance McMillian,Grand Canyon,72645,6-2,"6'2""",74.0,74.74,"6'3""",0.74,plays_at_height,74.74,"6'3""",0.74,plays_at_height
2021,RJ Duhart,Appalachian St.,72646,6-9,"6'9""",81.0,78.85,"6'7""",-2.15,plays_shorter,78.85,"6'7""",-2.15,plays_shorter
2021,Xavion Brown,Appalachian St.,72647,6-3,"6'3""",75.0,77.78,"6'6""",2.78,plays_taller,77.78,"6'6""",2.78,plays_taller
2021,Jaxson Robinson,Texas A&M,72650,6-7,"6'7""",79.0,76.16,"6'4""",-2.84,plays_shorter,76.16,"6'4""",-2.84,plays_shorter
2021,Hayden Hefner,Texas A&M,72651,6-6,"6'6""",78.0,75.2,"6'3""",-2.8,plays_shorter,75.2,"6'3""",-2.8,plays_shorter
2021,Sardaar Calhoun,Florida St.,72655,6-6,"6'6""",78.0,76.23,"6'4""",-1.77,plays_shorter,76.23,"6'4""",-1.77,plays_shorter
2021,Scottie Barnes,Florida St.,72657,6-9,"6'9""",81.0,79.14,"6'7""",-1.86,plays_shorter,79.14,"6'7""",-1.86,plays_shorter
2021,Nicquel Blake,UNLV,72660,6-6,"6'6""",78.0,76.18,"6'4""",-1.82,plays_shorter,76.18,"6'4""",-1.82,plays_shorter
2021,Liam Sorensen,Idaho St.,72661,6-4,"6'4""",76.0,75.88,"6'4""",-0.12,plays_at_height,75.88,"6'4""",-0.12,plays_at_height
2021,Gianmarco Arletti,Delaware,72663,6-6,"6'6""",78.0,75.45,"6'3""",-2.55,plays_shorter,75.45,"6'3""",-2.55,plays_shorter
2021,Pat Suemnick,Robert Morris,72665,6-8,"6'8""",80.0,80.1,"6'8""",0.1,plays_at_height,80.1,"6'8""",0.1,plays_at_height
2021,Kam Farris,Robert Morris,72666,6-3,"6'3""",75.0,73.61,"6'2""",-1.39,plays_shorter,73.61,"6'2""",-1.39,plays_shorter
2021,Zool Kueth,Northern Illinois,72668,6-7,"6'7""",79.0,77.48,"6'5""",-1.52,plays_shorter,77.48,"6'5""",-1.52,plays_shorter
2021,Adong Makuoi,Northern Illinois,72669,6-9,"6'9""",81.0,78.12,"6'6""",-2.88,plays_shorter,78.12,"6'6""",-2.88,plays_shorter
2021,Teemu Suokas,Ball St.,72670,6-2,"6'2""",74.0,73.91,"6'2""",-0.09,plays_at_height,73.91,"6'2""",-0.09,plays_at_height
2021,Trayden Williams,Robert Morris,72672,5-11,"5'11""",71.0,74.05,"6'2""",3.05,plays_taller,74.05,"6'2""",3.05,plays_taller
2021,Enoch Cheeks,Robert Morris,72673,6-3,"6'3""",75.0,76.86,"6'5""",1.86,plays_taller,76.86,"6'5""",1.86,plays_taller
2021,Freddy Hicks,Tarleton St.,72675,6-6,"6'6""",78.0,77.69,"6'6""",-0.31,plays_at_height,77.69,"6'6""",-0.31,plays_at_height
2021,Devin Askew,Kentucky,72678,6-3,"6'3""",75.0,75.06,"6'3""",0.06,plays_at_height,75.06,"6'3""",0.06,plays_at_height
2021,Brycen Long,Houston Christian,72679,6-2,"6'2""",74.0,73.84,"6'2""",-0.16,plays_at_height,73.84,"6'2""",-0.16,plays_at_height
2021,Xavier DuSell,Wyoming,72680,6-4,"6'4""",76.0,74.62,"6'3""",-1.38,plays_shorter,74.62,"6'3""",-1.38,plays_shorter
2021,Moussa Cisse,Memphis,72682,6-10,"6'10""",82.0,85.02,"7'1""",3.02,plays_taller,85.02,"7'1""",3.02,plays_taller
2021,Za-Ontay Boothman,Houston Christian,72684,6-1,"6'1""",73.0,74.0,"6'2""",1.0,plays_taller,74.0,"6'2""",1.0,plays_taller
2021,Tytan Anderson,Northern Iowa,72685,6-6,"6'6""",78.0,76.96,"6'5""",-1.04,plays_shorter,76.96,"6'5""",-1.04,plays_shorter
2021,Kalen Williams,New Mexico St.,72686,6-2,"6'2""",74.0,74.82,"6'3""",0.82,plays_taller,74.82,"6'3""",0.82,plays_taller
2021,Walker Kessler,North Carolina,72687,7-1,"7'1""",85.0,84.58,"7'1""",-0.42,plays_at_height,84.58,"7'1""",-0.42,plays_at_height
2021,Le'Tre Darthard,Utah Valley,72689,6-4,"6'4""",76.0,75.56,"6'4""",-0.44,plays_at_height,75.56,"6'4""",-0.44,plays_at_height
2021,Nate Pryor,Washington,72696,6-4,"6'4""",76.0,74.65,"6'3""",-1.35,plays_shorter,74.65,"6'3""",-1.35,plays_shorter
2021,Biwali Bayles,Hawaii,72698,6-1,"6'1""",73.0,75.76,"6'4""",2.76,plays_taller,75.76,"6'4""",2.76,plays_taller
2021,Ryan Kalkbrenner,Creighton,72701,7-0,"7'0""",84.0,83.35,"6'11""",-0.65,plays_at_height,83.35,"6'11""",-0.65,plays_at_height
2021,Jeremiah Francis III,New Mexico,72703,6-1,"6'1""",73.0,74.75,"6'3""",1.75,plays_taller,74.75,"6'3""",1.75,plays_taller
2021,Rollie Worster,Utah St.,72704,6-3,"6'3""",75.0,76.09,"6'4""",1.09,plays_taller,76.09,"6'4""",1.09,plays_taller
2021,Darlinstone Dubar,Iowa St.,72705,6-6,"6'6""",78.0,76.88,"6'5""",-1.12,plays_shorter,76.88,"6'5""",-1.12,plays_shorter
2021,Julian Larry,Indiana St.,72706,6-3,"6'3""",75.0,76.06,"6'4""",1.06,plays_taller,76.06,"6'4""",1.06,plays_taller
2021,Cameron Holden,Tennessee Martin,72707,6-5,"6'5""",77.0,80.6,"6'9""",3.6,plays_taller,80.6,"6'9""",3.6,plays_taller
2021,Mason Archambault,South Dakota,72708,6-0,"6'0""",72.0,74.7,"6'3""",2.7,plays_taller,74.7,"6'3""",2.7,plays_taller
2021,Jaden Walker,Iowa St.,72713,6-5,"6'5""",77.0,77.0,"6'5""",0.0,plays_at_height,77.0,"6'5""",0.0,plays_at_height
2021,Collin Moore,Georgia St.,72714,6-5,"6'5""",77.0,77.7,"6'6""",0.7,plays_at_height,77.7,"6'6""",0.7,plays_at_height
2021,Danny Kolp,Western Michigan,72715,6-8,"6'8""",80.0,78.11,"6'6""",-1.89,plays_shorter,78.11,"6'6""",-1.89,plays_shorter
2021,Joshua Primo,Alabama,72716,6-6,"6'6""",78.0,77.19,"6'5""",-0.81,plays_shorter,77.19,"6'5""",-0.81,plays_shorter
2021,Cam Bryant,Georgia Southern,72718,6-7,"6'7""",79.0,76.53,"6'5""",-2.47,plays_shorter,76.53,"6'5""",-2.47,plays_shorter
2021,Keon Ellis,Alabama,72720,6-6,"6'6""",78.0,79.55,"6'8""",1.55,plays_taller,79.55,"6'8""",1.55,plays_taller
2021,Eric Reed Jr.,Southeast Missouri St.,72721,6-2,"6'2""",74.0,74.67,"6'3""",0.67,plays_at_height,74.67,"6'3""",0.67,plays_at_height
2021,Ryan Rollins,Toledo,72723,6-4,"6'4""",76.0,77.54,"6'6""",1.54,plays_taller,77.54,"6'6""",1.54,plays_taller
2021,"Kenneth Lofton, Jr.",Louisiana Tech,72724,6-7,"6'7""",79.0,81.57,"6'10""",2.57,plays_taller,81.57,"6'10""",2.57,plays_taller
2021,Bryce McBride,Eastern Michigan,72729,6-2,"6'2""",74.0,74.09,"6'2""",0.09,plays_at_height,74.09,"6'2""",0.09,plays_at_height
2021,Setric Millner Jr.,Toledo,72730,6-6,"6'6""",78.0,78.31,"6'6""",0.31,plays_at_height,78.31,"6'6""",0.31,plays_at_height
2021,Toby Okani,Duquesne,72731,6-7,"6'7""",79.0,78.61,"6'7""",-0.39,plays_at_height,78.61,"6'7""",-0.39,plays_at_height
2021,Tyson Acuff,Duquesne,72732,6-4,"6'4""",76.0,74.61,"6'3""",-1.39,plays_shorter,74.61,"6'3""",-1.39,plays_shorter
2021,Dezmond McKinney,North Dakota St.,72733,6-0,"6'0""",72.0,75.12,"6'3""",3.12,plays_taller,75.12,"6'3""",3.12,plays_taller
2021,Kaden Metheny,Bowling Green,72734,5-11,"5'11""",71.0,74.71,"6'3""",3.71,plays_taller,74.71,"6'3""",3.71,plays_taller
2021,Samaad Hector,Sacramento St.,72738,6-6,"6'6""",78.0,79.36,"6'7""",1.36,plays_taller,79.36,"6'7""",1.36,plays_taller
2021,David Green,Hofstra,72740,6-7,"6'7""",79.0,74.91,"6'3""",-4.09,plays_shorter,74.91,"6'3""",-4.09,plays_shorter
2021,Cam Young,Bowling Green,72741,6-7,"6'7""",79.0,79.46,"6'7""",0.46,plays_at_height,79.46,"6'7""",0.46,plays_at_height
2021,Courtney Carter,SIU Edwardsville,72742,6-1,"6'1""",73.0,76.53,"6'5""",3.53,plays_taller,76.53,"6'5""",3.53,plays_taller
2021,Yusuf Mohamed,Tennessee St.,72744,6-10,"6'10""",82.0,78.45,"6'6""",-3.55,plays_shorter,78.45,"6'6""",-3.55,plays_shorter
2021,Brandyn Talbot,UT Arlington,72746,6-5,"6'5""",77.0,72.45,"6'0""",-4.55,plays_shorter,72.45,"6'0""",-4.55,plays_shorter
2021,B.J. Greenlee,Florida Atlantic,72749,6-0,"6'0""",72.0,74.96,"6'3""",2.96,plays_taller,74.96,"6'3""",2.96,plays_taller
2021,Leo Colimerio,Fresno St.,72751,6-7,"6'7""",79.0,76.43,"6'4""",-2.57,plays_shorter,76.43,"6'4""",-2.57,plays_shorter
2021,Braxton Meah,Fresno St.,72754,7-1,"7'1""",85.0,80.22,"6'8""",-4.78,plays_shorter,80.22,"6'8""",-4.78,plays_shorter
2021,Kyle Harding,Fresno St.,72756,6-3,"6'3""",75.0,75.48,"6'3""",0.48,plays_at_height,75.48,"6'3""",0.48,plays_at_height
2021,Jamal Shead,Houston,72757,6-1,"6'1""",73.0,76.34,"6'4""",3.34,plays_taller,76.34,"6'4""",3.34,plays_taller
2021,Josh Christopher,Arizona St.,72758,6-5,"6'5""",77.0,78.11,"6'6""",1.11,plays_taller,78.11,"6'6""",1.11,plays_taller
2021,CJ Huntley,Appalachian St.,72759,6-10,"6'10""",82.0,78.72,"6'7""",-3.28,plays_shorter,78.72,"6'7""",-3.28,plays_shorter
2021,Tramon Mark,Houston,72760,6-5,"6'5""",77.0,77.14,"6'5""",0.14,plays_at_height,77.14,"6'5""",0.14,plays_at_height
2021,Chase Courtney,San Jose St.,72765,6-10,"6'10""",82.0,75.4,"6'3""",-6.6,plays_shorter,75.4,"6'3""",-6.6,plays_shorter
2021,Michael O'Connell,Stanford,72766,6-2,"6'2""",74.0,76.04,"6'4""",2.04,plays_taller,76.04,"6'4""",2.04,plays_taller
2021,Daniel Foster,Nevada,72767,6-6,"6'6""",78.0,76.87,"6'5""",-1.13,plays_shorter,76.87,"6'5""",-1.13,plays_shorter
2021,Robert Ford III,Idaho St.,72771,6-0,"6'0""",72.0,77.23,"6'5""",5.23,plays_taller,77.23,"6'5""",5.23,plays_taller
2021,Jordan Ivy-Curry,UTSA,72772,6-2,"6'2""",74.0,76.05,"6'4""",2.05,plays_taller,76.05,"6'4""",2.05,plays_taller
2021,Davion Bradford,Kansas St.,72773,7-0,"7'0""",84.0,80.73,"6'9""",-3.27,plays_shorter,80.73,"6'9""",-3.27,plays_shorter
2021,Jalen Terry,Oregon,72779,6-0,"6'0""",72.0,74.96,"6'3""",2.96,plays_taller,74.96,"6'3""",2.96,plays_taller
2021,Sharife Cooper,Auburn,72782,6-1,"6'1""",73.0,76.48,"6'4""",3.48,plays_taller,76.48,"6'4""",3.48,plays_taller
2021,Joe Hampton,Long Beach St.,72784,6-8,"6'8""",80.0,78.75,"6'7""",-1.25,plays_shorter,78.75,"6'7""",-1.25,plays_shorter
2021,Jadon Jones,Long Beach St.,72785,6-5,"6'5""",77.0,77.17,"6'5""",0.17,plays_at_height,77.17,"6'5""",0.17,plays_at_height
2021,Justin Johnson,Southern Miss,72788,6-6,"6'6""",78.0,76.95,"6'5""",-1.05,plays_shorter,76.95,"6'5""",-1.05,plays_shorter
2021,Deanthony Tipler,Coastal Carolina,72791,5-10,"5'10""",70.0,74.1,"6'2""",4.1,plays_taller,74.1,"6'2""",4.1,plays_taller
2021,Gedi Juozapaitis,Georgia Southern,72793,6-4,"6'4""",76.0,74.37,"6'2""",-1.63,plays_shorter,74.37,"6'2""",-1.63,plays_shorter
2021,Lance Ware,Kentucky,72794,6-9,"6'9""",81.0,80.11,"6'8""",-0.89,plays_shorter,80.11,"6'8""",-0.89,plays_shorter
2021,Ty Berry,Northwestern,72798,6-3,"6'3""",75.0,76.64,"6'5""",1.64,plays_taller,76.64,"6'5""",1.64,plays_taller
2021,Judah Brown,Saint Mary's,72804,6-6,"6'6""",78.0,74.42,"6'2""",-3.58,plays_shorter,74.42,"6'2""",-3.58,plays_shorter
2021,Nate Heise,Northern Iowa,72805,6-4,"6'4""",76.0,76.79,"6'5""",0.79,plays_taller,76.79,"6'5""",0.79,plays_taller
2021,Manny Crump,Sam Houston St.,72807,6-8,"6'8""",80.0,79.2,"6'7""",-0.8,plays_shorter,79.2,"6'7""",-0.8,plays_shorter
2021,Jarren Cook,Sam Houston St.,72808,6-4,"6'4""",76.0,75.35,"6'3""",-0.65,plays_at_height,75.35,"6'3""",-0.65,plays_at_height
2021,Justin Hill,Longwood,72809,6-0,"6'0""",72.0,75.79,"6'4""",3.79,plays_taller,75.79,"6'4""",3.79,plays_taller
2021,Alex Peterson,Kennesaw St.,72812,6-7,"6'7""",79.0,79.34,"6'7""",0.34,plays_at_height,79.34,"6'7""",0.34,plays_at_height
2021,Brandon Stroud,Kennesaw St.,72814,6-6,"6'6""",78.0,77.5,"6'5""",-0.5,plays_at_height,77.5,"6'5""",-0.5,plays_at_height
2021,Elton Walker,Austin Peay,72822,6-4,"6'4""",76.0,78.02,"6'6""",2.02,plays_taller,78.02,"6'6""",2.02,plays_taller
2021,Noah Collier,Pittsburgh,72823,6-8,"6'8""",80.0,76.91,"6'5""",-3.09,plays_shorter,76.91,"6'5""",-3.09,plays_shorter
2021,Femi Odukale,Pittsburgh,72824,6-5,"6'5""",77.0,77.11,"6'5""",0.11,plays_at_height,77.11,"6'5""",0.11,plays_at_height
2021,Lleyton Parker,Utah Tech,72825,6-3,"6'3""",75.0,75.37,"6'3""",0.37,plays_at_height,75.37,"6'3""",0.37,plays_at_height
2021,JaDun Michael,Elon,72826,6-5,"6'5""",77.0,74.53,"6'3""",-2.47,plays_shorter,74.53,"6'3""",-2.47,plays_shorter
2021,JT Shumate,Toledo,72829,6-7,"6'7""",79.0,79.12,"6'7""",0.12,plays_at_height,79.12,"6'7""",0.12,plays_at_height
2021,Jalin Anderson,Loyola Marymount,72830,6-4,"6'4""",76.0,74.81,"6'3""",-1.19,plays_shorter,74.81,"6'3""",-1.19,plays_shorter
2021,E.J. Clark,Alabama St.,72837,5-11,"5'11""",71.0,74.55,"6'3""",3.55,plays_taller,74.55,"6'3""",3.55,plays_taller
2021,Cem Kirciman,Green Bay,72844,6-8,"6'8""",80.0,76.77,"6'5""",-3.23,plays_shorter,76.77,"6'5""",-3.23,plays_shorter
2021,Michael Matas,SIU Edwardsville,72846,6-8,"6'8""",80.0,76.33,"6'4""",-3.67,plays_shorter,76.33,"6'4""",-3.67,plays_shorter
2021,Josiah Fulcher,Bowling Green,72847,6-3,"6'3""",75.0,76.9,"6'5""",1.9,plays_taller,76.9,"6'5""",1.9,plays_taller
2021,Fah'Mir Ali,Radford,72848,5-10,"5'10""",70.0,74.77,"6'3""",4.77,plays_taller,74.77,"6'3""",4.77,plays_taller
2021,Caleb Huffman,Central Michigan,72849,6-4,"6'4""",76.0,75.54,"6'4""",-0.46,plays_at_height,75.54,"6'4""",-0.46,plays_at_height
2021,RJ Glasper,Oral Roberts,72850,6-0,"6'0""",72.0,74.59,"6'3""",2.59,plays_taller,74.59,"6'3""",2.59,plays_taller
2021,Chris Osten,Arizona St.,72853,6-9,"6'9""",81.0,79.39,"6'7""",-1.61,plays_shorter,79.39,"6'7""",-1.61,plays_shorter
2021,Ziaire Williams,Stanford,72856,6-8,"6'8""",80.0,77.77,"6'6""",-2.23,plays_shorter,77.77,"6'6""",-2.23,plays_shorter
2021,Marcus Bagley,Arizona St.,72858,6-8,"6'8""",80.0,78.18,"6'6""",-1.82,plays_shorter,78.18,"6'6""",-1.82,plays_shorter
2021,William Jeffress Jr.,Pittsburgh,72859,6-7,"6'7""",79.0,76.05,"6'4""",-2.95,plays_shorter,76.05,"6'4""",-2.95,plays_shorter
2021,Courvoisier McCauley,DePaul,72861,6-5,"6'5""",77.0,76.28,"6'4""",-0.72,plays_at_height,76.28,"6'4""",-0.72,plays_at_height
2021,Kobe Elvis,DePaul,72862,6-2,"6'2""",74.0,74.42,"6'2""",0.42,plays_at_height,74.42,"6'2""",0.42,plays_at_height
2021,Jalen Suggs,Gonzaga,72863,6-4,"6'4""",76.0,78.69,"6'7""",2.69,plays_taller,78.69,"6'7""",2.69,plays_taller
2021,Myles Wilmoth,Butler,72868,6-9,"6'9""",81.0,78.58,"6'7""",-2.42,plays_shorter,78.58,"6'7""",-2.42,plays_shorter
2021,Chuck Harris,Butler,72869,6-2,"6'2""",74.0,75.12,"6'3""",1.12,plays_taller,75.12,"6'3""",1.12,plays_taller
2021,Evan Mobley,USC,72870,7-0,"7'0""",84.0,85.07,"7'1""",1.07,plays_taller,85.07,"7'1""",1.07,plays_taller
2021,Nick Fleming,Southern Utah,72871,6-1,"6'1""",73.0,76.3,"6'4""",3.3,plays_taller,76.3,"6'4""",3.3,plays_taller
2021,Kyndall Davis,LIU,72875,6-5,"6'5""",77.0,78.01,"6'6""",1.01,plays_taller,78.01,"6'6""",1.01,plays_taller
2021,Will Carius,Western Illinois,72880,6-7,"6'7""",79.0,76.93,"6'5""",-2.07,plays_shorter,76.93,"6'5""",-2.07,plays_shorter
2021,Marty Silvera,Saint Peter's,72882,6-0,"6'0""",72.0,75.14,"6'3""",3.14,plays_taller,75.14,"6'3""",3.14,plays_taller
2021,Erik Talton,Western Illinois,72883,6-1,"6'1""",73.0,73.93,"6'2""",0.93,plays_taller,73.93,"6'2""",0.93,plays_taller
2021,Bryce Pope,UC San Diego,72888,6-3,"6'3""",75.0,73.85,"6'2""",-1.15,plays_shorter,73.85,"6'2""",-1.15,plays_shorter
2021,Romeao Ferguson,Lipscomb,72889,6-5,"6'5""",77.0,77.08,"6'5""",0.08,plays_at_height,77.08,"6'5""",0.08,plays_at_height
2021,Alex Huibregste,Wright St.,72893,6-3,"6'3""",75.0,75.5,"6'4""",0.5,plays_at_height,75.5,"6'4""",0.5,plays_at_height
2021,Eduardo Andre,Nebraska,72894,6-10,"6'10""",82.0,79.36,"6'7""",-2.64,plays_shorter,79.36,"6'7""",-2.64,plays_shorter
2021,Lu'Cye Patterson,Missouri St.,72897,6-1,"6'1""",73.0,75.74,"6'4""",2.74,plays_taller,75.74,"6'4""",2.74,plays_taller
2021,Nelly Junior Joseph,Iona,72898,6-9,"6'9""",81.0,81.43,"6'9""",0.43,plays_at_height,81.43,"6'9""",0.43,plays_at_height
2021,Lj Cryer,Baylor,72899,6-1,"6'1""",73.0,73.51,"6'2""",0.51,plays_at_height,73.51,"6'2""",0.51,plays_at_height
2021,Saquan Singleton,New Mexico,72902,6-6,"6'6""",78.0,78.7,"6'7""",0.7,plays_at_height,78.7,"6'7""",0.7,plays_at_height
2021,Isaiah Marin,New Mexico,72903,6-5,"6'5""",77.0,74.75,"6'3""",-2.25,plays_shorter,74.75,"6'3""",-2.25,plays_shorter
2021,Shaquan Jules,Radford,72904,6-7,"6'7""",79.0,80.82,"6'9""",1.82,plays_taller,80.82,"6'9""",1.82,plays_taller
2021,Quentin Hodge,USC Upstate,72905,6-5,"6'5""",77.0,74.2,"6'2""",-2.8,plays_shorter,74.2,"6'2""",-2.8,plays_shorter
2021,Xavier Lipscomb,Radford,72907,6-2,"6'2""",74.0,75.91,"6'4""",1.91,plays_taller,75.91,"6'4""",1.91,plays_taller
2021,Bobby Harvey,IU Indy,72909,6-3,"6'3""",75.0,75.23,"6'3""",0.23,plays_at_height,75.23,"6'3""",0.23,plays_at_height
2021,Dawson Baker,UC Irvine,72910,6-3,"6'3""",75.0,74.89,"6'3""",-0.11,plays_at_height,74.89,"6'3""",-0.11,plays_at_height
2021,Demarcus Sharp,Missouri St.,72913,6-3,"6'3""",75.0,76.11,"6'4""",1.11,plays_taller,76.11,"6'4""",1.11,plays_taller
2021,Drake Jeffries,Wyoming,72917,6-5,"6'5""",77.0,75.85,"6'4""",-1.15,plays_shorter,75.85,"6'4""",-1.15,plays_shorter
2021,Zed Key,Ohio St.,72919,6-8,"6'8""",80.0,82.02,"6'10""",2.02,plays_taller,82.02,"6'10""",2.02,plays_taller
2021,Cameron Matthews,Mississippi St.,72921,6-7,"6'7""",79.0,78.42,"6'6""",-0.58,plays_at_height,78.42,"6'6""",-0.58,plays_at_height
2021,Grant Coleman,Milwaukee,72922,6-7,"6'7""",79.0,75.83,"6'4""",-3.17,plays_shorter,75.83,"6'4""",-3.17,plays_shorter
2021,Justin Lewis,Marquette,72925,6-7,"6'7""",79.0,79.74,"6'8""",0.74,plays_at_height,79.74,"6'8""",0.74,plays_at_height
2021,Terence Lewis II,North Texas,72927,6-7,"6'7""",79.0,79.89,"6'8""",0.89,plays_taller,79.89,"6'8""",0.89,plays_taller
2021,Chaz Lanier,North Florida,72930,6-4,"6'4""",76.0,72.46,"6'0""",-3.54,plays_shorter,72.46,"6'0""",-3.54,plays_shorter
2021,Jacob Crews,North Florida,72931,6-7,"6'7""",79.0,74.55,"6'3""",-4.45,plays_shorter,74.55,"6'3""",-4.45,plays_shorter
2021,Zac Triplett,Portland,72932,6-5,"6'5""",77.0,73.3,"6'1""",-3.7,plays_shorter,73.3,"6'1""",-3.7,plays_shorter
2021,Gabe O'Neal,Kent St.,72934,6-7,"6'7""",79.0,77.86,"6'6""",-1.14,plays_shorter,77.86,"6'6""",-1.14,plays_shorter
2021,Jalen Harris,Cal St. Fullerton,72935,6-1,"6'1""",73.0,74.22,"6'2""",1.22,plays_taller,74.22,"6'2""",1.22,plays_taller
2021,Bryan Griffin,Xavier,72939,6-8,"6'8""",80.0,82.14,"6'10""",2.14,plays_taller,82.14,"6'10""",2.14,plays_taller
2021,Wil Tattersall,UC Riverside,72940,6-6,"6'6""",78.0,74.11,"6'2""",-3.89,plays_shorter,74.11,"6'2""",-3.89,plays_shorter
2021,Desmond Polk,SIU Edwardsville,72941,6-4,"6'4""",76.0,75.26,"6'3""",-0.74,plays_at_height,75.26,"6'3""",-0.74,plays_at_height
2021,Khalen Robinson,Arkansas,72943,6-0,"6'0""",72.0,75.79,"6'4""",3.79,plays_taller,75.79,"6'4""",3.79,plays_taller
2021,Moses Moody,Arkansas,72944,6-6,"6'6""",78.0,78.31,"6'6""",0.31,plays_at_height,78.31,"6'6""",0.31,plays_at_height
2021,Paris Dawson,Portland St.,72945,6-2,"6'2""",74.0,74.7,"6'3""",0.7,plays_at_height,74.7,"6'3""",0.7,plays_at_height
2021,GianCarlo Valdez,Stetson,72948,6-3,"6'3""",75.0,74.88,"6'3""",-0.12,plays_at_height,74.88,"6'3""",-0.12,plays_at_height
2021,LeChaun DuHart,Maine,72951,5-11,"5'11""",71.0,74.07,"6'2""",3.07,plays_taller,74.07,"6'2""",3.07,plays_taller
2021,Adefolalrin Adetogun,Maine,72954,6-1,"6'1""",73.0,77.86,"6'6""",4.86,plays_taller,77.86,"6'6""",4.86,plays_taller
2021,Jonathan Komagum,Toledo,72958,6-9,"6'9""",81.0,80.17,"6'8""",-0.83,plays_shorter,80.17,"6'8""",-0.83,plays_shorter
2021,Shamir Bogues,Tarleton St.,72960,6-4,"6'4""",76.0,76.9,"6'5""",0.9,plays_taller,76.9,"6'5""",0.9,plays_taller
2021,Steven Verplancken Jr.,Southern Illinois,72964,6-4,"6'4""",76.0,74.47,"6'2""",-1.53,plays_shorter,74.47,"6'2""",-1.53,plays_shorter
2021,Jabe Mullins,Saint Mary's,72969,6-5,"6'5""",77.0,75.46,"6'3""",-1.54,plays_shorter,75.46,"6'3""",-1.54,plays_shorter
2021,Mitchell Saxen,Saint Mary's,72971,6-10,"6'10""",82.0,79.75,"6'8""",-2.25,plays_shorter,79.75,"6'8""",-2.25,plays_shorter
2021,K.J. McClurg,New Hampshire,72972,6-4,"6'4""",76.0,74.42,"6'2""",-1.58,plays_shorter,74.42,"6'2""",-1.58,plays_shorter
2021,Chris Childs,Bryant,72973,6-2,"6'2""",74.0,74.09,"6'2""",0.09,plays_at_height,74.09,"6'2""",0.09,plays_at_height
2021,Leemet Bockler,Saint Mary's,72974,6-6,"6'6""",78.0,76.15,"6'4""",-1.85,plays_shorter,76.15,"6'4""",-1.85,plays_shorter
2021,Thomas Howell,Louisiana Monroe,72975,6-8,"6'8""",80.0,78.42,"6'6""",-1.58,plays_shorter,78.42,"6'6""",-1.58,plays_shorter
2021,Mikey Howell,UC San Diego,72976,6-3,"6'3""",75.0,74.74,"6'3""",-0.26,plays_at_height,74.74,"6'3""",-0.26,plays_at_height
2021,Jace Roquemore,UC San Diego,72977,6-5,"6'5""",77.0,76.3,"6'4""",-0.7,plays_at_height,76.3,"6'4""",-0.7,plays_at_height
2021,Toni Rocak,UC San Diego,72981,6-8,"6'8""",80.0,79.69,"6'8""",-0.31,plays_at_height,79.69,"6'8""",-0.31,plays_at_height
2021,Kaden Rasheed,UC San Diego,72983,6-1,"6'1""",73.0,74.96,"6'3""",1.96,plays_taller,74.96,"6'3""",1.96,plays_taller
2021,Javion May,Sam Houston St.,72985,6-2,"6'2""",74.0,77.65,"6'6""",3.65,plays_taller,77.65,"6'6""",3.65,plays_taller
2021,Eoin Nelson,Wyoming,72992,6-10,"6'10""",82.0,78.26,"6'6""",-3.74,plays_shorter,78.26,"6'6""",-3.74,plays_shorter
2021,Jeremiah Oden,Wyoming,72993,6-8,"6'8""",80.0,77.98,"6'6""",-2.02,plays_shorter,77.98,"6'6""",-2.02,plays_shorter
2021,Chris Parker,Liberty,72996,6-1,"6'1""",73.0,74.62,"6'3""",1.62,plays_taller,74.62,"6'3""",1.62,plays_taller
2021,D'Maurian Williams,Gardner Webb,72998,6-5,"6'5""",77.0,74.65,"6'3""",-2.35,plays_shorter,74.65,"6'3""",-2.35,plays_shorter
2021,"Colin Golson, Jr.",Siena,72999,6-7,"6'7""",79.0,77.01,"6'5""",-1.99,plays_shorter,77.01,"6'5""",-1.99,plays_shorter
2021,Jamaine Mann,Gardner Webb,73002,6-6,"6'6""",78.0,79.43,"6'7""",1.43,plays_taller,79.43,"6'7""",1.43,plays_taller
2021,Phillip Russell,Saint Louis,73003,5-10,"5'10""",70.0,72.87,"6'1""",2.87,plays_taller,72.87,"6'1""",2.87,plays_taller
2021,Trey Hall,Evansville,73004,6-9,"6'9""",81.0,75.55,"6'4""",-5.45,plays_shorter,75.55,"6'4""",-5.45,plays_shorter
2021,Marques Warrick,Northern Kentucky,73005,6-2,"6'2""",74.0,75.8,"6'4""",1.8,plays_taller,75.8,"6'4""",1.8,plays_taller
2021,Trey Robinson,Northern Kentucky,73012,6-6,"6'6""",78.0,77.37,"6'5""",-0.63,plays_at_height,77.37,"6'5""",-0.63,plays_at_height
2021,Jordan Sears,Gardner Webb,73017,5-11,"5'11""",71.0,75.03,"6'3""",4.03,plays_taller,75.03,"6'3""",4.03,plays_taller
2021,Garrett Hien,Furman,73018,6-9,"6'9""",81.0,77.99,"6'6""",-3.01,plays_shorter,77.99,"6'6""",-3.01,plays_shorter
2021,Coleman Stucke,Northeastern,73020,6-7,"6'7""",79.0,75.95,"6'4""",-3.05,plays_shorter,75.95,"6'4""",-3.05,plays_shorter
2021,Jaron Williams,Tennessee Martin,73023,6-6,"6'6""",78.0,76.53,"6'5""",-1.47,plays_shorter,76.53,"6'5""",-1.47,plays_shorter
2021,Alex Kotov,Illinois St.,73026,6-10,"6'10""",82.0,76.31,"6'4""",-5.69,plays_shorter,76.31,"6'4""",-5.69,plays_shorter
2021,Johni Broome,Morehead St.,73027,6-10,"6'10""",82.0,83.07,"6'11""",1.07,plays_taller,83.07,"6'11""",1.07,plays_taller
2021,Kasen Jennings,Kennesaw St.,73029,6-3,"6'3""",75.0,75.12,"6'3""",0.12,plays_at_height,75.12,"6'3""",0.12,plays_at_height
2021,Jacob Nicolds,Utah Tech,73030,6-5,"6'5""",77.0,76.85,"6'5""",-0.15,plays_at_height,76.85,"6'5""",-0.15,plays_at_height
2021,Nate Lacewell,San Jose St.,73031,6-9,"6'9""",81.0,76.19,"6'4""",-4.81,plays_shorter,76.19,"6'4""",-4.81,plays_shorter
2021,Sebastian Mendoza,San Jose St.,73034,6-3,"6'3""",75.0,75.49,"6'3""",0.49,plays_at_height,75.49,"6'3""",0.49,plays_at_height
2021,Kirshon Thrash,Presbyterian,73035,6-3,"6'3""",75.0,76.34,"6'4""",1.34,plays_taller,76.34,"6'4""",1.34,plays_taller
2021,Efe Abogidi,Washington St.,73037,6-10,"6'10""",82.0,82.34,"6'10""",0.34,plays_at_height,82.34,"6'10""",0.34,plays_at_height
2021,Godsgift Ezedinma,Incarnate Word,73038,6-7,"6'7""",79.0,76.48,"6'4""",-2.52,plays_shorter,76.48,"6'4""",-2.52,plays_shorter
2021,Brayan Au,Louisiana,73040,6-4,"6'4""",76.0,74.13,"6'2""",-1.87,plays_shorter,74.13,"6'2""",-1.87,plays_shorter
2021,R.J. Blakney,Dayton,73049,6-6,"6'6""",78.0,78.28,"6'6""",0.28,plays_at_height,78.28,"6'6""",0.28,plays_at_height
2021,Malik Wade,Cal Baptist,73052,6-8,"6'8""",80.0,79.41,"6'7""",-0.59,plays_at_height,79.41,"6'7""",-0.59,plays_at_height
2021,Trey Thomas,Vanderbilt,73054,5-11,"5'11""",71.0,73.85,"6'2""",2.85,plays_taller,73.85,"6'2""",2.85,plays_taller
2021,Kayo Goncalves,South Alabama,73056,6-8,"6'8""",80.0,75.75,"6'4""",-4.25,plays_shorter,75.75,"6'4""",-4.25,plays_shorter
2021,Erickson Bans,Bryant,73058,5-11,"5'11""",71.0,74.71,"6'3""",3.71,plays_taller,74.71,"6'3""",3.71,plays_taller
2021,Jaron Pierre Jr.,Southern Miss,73069,6-5,"6'5""",77.0,76.77,"6'5""",-0.23,plays_at_height,76.77,"6'5""",-0.23,plays_at_height
2021,Colby Jones,Xavier,73082,6-5,"6'5""",77.0,76.71,"6'5""",-0.29,plays_at_height,76.71,"6'5""",-0.29,plays_at_height
2021,Ethan Kilgore,Idaho,73089,6-5,"6'5""",77.0,76.36,"6'4""",-0.64,plays_at_height,76.36,"6'4""",-0.64,plays_at_height
2021,Tanner Christensen,Idaho,73090,6-10,"6'10""",82.0,79.96,"6'8""",-2.04,plays_shorter,79.96,"6'8""",-2.04,plays_shorter
2021,DeAndre Robinson,Idaho,73092,6-4,"6'4""",76.0,74.98,"6'3""",-1.02,plays_shorter,74.98,"6'3""",-1.02,plays_shorter
2021,Malique Jacobs,Kent St.,73095,6-4,"6'4""",76.0,77.87,"6'6""",1.87,plays_taller,77.87,"6'6""",1.87,plays_taller
2021,Mark Sears,Ohio,73096,6-1,"6'1""",73.0,76.2,"6'4""",3.2,plays_taller,76.2,"6'4""",3.2,plays_taller
2021,Jordan Hall,Saint Joseph's,73097,6-7,"6'7""",79.0,76.84,"6'5""",-2.16,plays_shorter,76.84,"6'5""",-2.16,plays_shorter
2021,Vince Cole,St. John's,73098,6-6,"6'6""",78.0,75.82,"6'4""",-2.18,plays_shorter,75.82,"6'4""",-2.18,plays_shorter
2021,Posh Alexander,St. John's,73099,6-0,"6'0""",72.0,76.2,"6'4""",4.2,plays_taller,76.2,"6'4""",4.2,plays_taller
2021,Aidan Carpenter,Siena,73101,6-5,"6'5""",77.0,75.79,"6'4""",-1.21,plays_shorter,75.79,"6'4""",-1.21,plays_shorter
2021,Jaemyn Brakefield,Duke,73102,6-8,"6'8""",80.0,77.87,"6'6""",-2.13,plays_shorter,77.87,"6'6""",-2.13,plays_shorter
2021,Emorie Knox,Charleston Southern,73104,6-0,"6'0""",72.0,74.26,"6'2""",2.26,plays_taller,74.26,"6'2""",2.26,plays_taller
2021,Matt Cross,Miami FL,73105,6-7,"6'7""",79.0,76.1,"6'4""",-2.9,plays_shorter,76.1,"6'4""",-2.9,plays_shorter
2021,Darius Burford,Elon,73107,6-0,"6'0""",72.0,76.88,"6'5""",4.88,plays_taller,76.88,"6'5""",4.88,plays_taller
2021,Keegan Harvey,Charleston,73110,6-11,"6'11""",83.0,77.68,"6'6""",-5.32,plays_shorter,77.68,"6'6""",-5.32,plays_shorter
2021,Tristan Ikpe,Sam Houston St.,73112,6-6,"6'6""",78.0,80.29,"6'8""",2.29,plays_taller,80.29,"6'8""",2.29,plays_taller
2021,Michael Graham,Elon,73113,6-8,"6'8""",80.0,85.0,"7'1""",5.0,plays_taller,85.0,"7'1""",5.0,plays_taller
2021,Keshawn Williams,Tulsa,73117,6-3,"6'3""",75.0,73.76,"6'2""",-1.24,plays_shorter,73.76,"6'2""",-1.24,plays_shorter
2021,Jacob Falko,Gardner Webb,73118,6-2,"6'2""",74.0,77.25,"6'5""",3.25,plays_taller,77.25,"6'5""",3.25,plays_taller
2021,Mardrez McBride,North Texas,73119,6-2,"6'2""",74.0,75.37,"6'3""",1.37,plays_taller,75.37,"6'3""",1.37,plays_taller
2021,Rubin Jones,North Texas,73121,6-5,"6'5""",77.0,76.21,"6'4""",-0.79,plays_shorter,76.21,"6'4""",-0.79,plays_shorter
2021,Shemar Rathan-Mayes,Youngstown St.,73123,5-11,"5'11""",71.0,74.14,"6'2""",3.14,plays_taller,74.14,"6'2""",3.14,plays_taller
2021,Boogie Anderson,South Dakota,73127,6-3,"6'3""",75.0,76.28,"6'4""",1.28,plays_taller,76.28,"6'4""",1.28,plays_taller
2021,Marcus Garrett,Morehead St.,73129,6-1,"6'1""",73.0,77.69,"6'6""",4.69,plays_taller,77.69,"6'6""",4.69,plays_taller
2021,Brantly Stevenson,Cal Poly,73130,6-4,"6'4""",76.0,75.85,"6'4""",-0.15,plays_at_height,75.85,"6'4""",-0.15,plays_at_height
2021,Eric Moenkhaus,Denver,73131,6-3,"6'3""",75.0,74.42,"6'2""",-0.58,plays_at_height,74.42,"6'2""",-0.58,plays_at_height
2021,Dontrell McQuarter,Rider,73132,6-7,"6'7""",79.0,77.0,"6'5""",-2.0,plays_shorter,77.0,"6'5""",-2.0,plays_shorter
2021,Steven Ashworth,Utah St.,73133,6-1,"6'1""",73.0,74.09,"6'2""",1.09,plays_taller,74.09,"6'2""",1.09,plays_taller
2021,TJ Bamba,Washington St.,73140,6-5,"6'5""",77.0,75.65,"6'4""",-1.35,plays_shorter,75.65,"6'4""",-1.35,plays_shorter
2021,Josh Morgan,Incarnate Word,73143,6-3,"6'3""",75.0,73.94,"6'2""",-1.06,plays_shorter,73.94,"6'2""",-1.06,plays_shorter
2021,Matas Spokas,Sacred Heart,73151,6-7,"6'7""",79.0,75.42,"6'3""",-3.58,plays_shorter,75.42,"6'3""",-3.58,plays_shorter
2021,Samkelo Cele,Southern,73152,6-5,"6'5""",77.0,77.57,"6'6""",0.57,plays_at_height,77.57,"6'6""",0.57,plays_at_height
2021,Quest Harris,Sacred Heart,73153,5-11,"5'11""",71.0,73.72,"6'2""",2.72,plays_taller,73.72,"6'2""",2.72,plays_taller
2021,Mike Sixsmith,Sacred Heart,73156,6-0,"6'0""",72.0,75.05,"6'3""",3.05,plays_taller,75.05,"6'3""",3.05,plays_taller
2021,Marcellus Vail,Samford,73162,6-2,"6'2""",74.0,75.27,"6'3""",1.27,plays_taller,75.27,"6'3""",1.27,plays_taller
2021,A.J. Staton-McCray,Samford,73163,6-5,"6'5""",77.0,77.19,"6'5""",0.19,plays_at_height,77.19,"6'5""",0.19,plays_at_height
2021,Matthew Murrell,Mississippi,73165,6-4,"6'4""",76.0,76.23,"6'4""",0.23,plays_at_height,76.23,"6'4""",0.23,plays_at_height
2021,Myson Lowe,Alcorn St.,73167,5-10,"5'10""",70.0,74.96,"6'3""",4.96,plays_taller,74.96,"6'3""",4.96,plays_taller
2021,Malik Hardmon,Alcorn St.,73169,6-6,"6'6""",78.0,76.04,"6'4""",-1.96,plays_shorter,76.04,"6'4""",-1.96,plays_shorter
2021,Joshuwan Johnson,Arkansas Pine Bluff,73171,5-9,"5'9""",69.0,74.3,"6'2""",5.3,plays_taller,74.3,"6'2""",5.3,plays_taller
2021,Byron Joshua,Alcorn St.,73172,5-10,"5'10""",70.0,75.2,"6'3""",5.2,plays_taller,75.2,"6'3""",5.2,plays_taller
2021,Jalen Lynn,Arkansas Pine Bluff,73173,6-1,"6'1""",73.0,73.96,"6'2""",0.96,plays_taller,73.96,"6'2""",0.96,plays_taller
2021,Zach Edey,Purdue,73174,7-4,"7'4""",88.0,84.15,"7'0""",-3.85,plays_shorter,84.15,"7'0""",-3.85,plays_shorter
2021,Lydell Elmore,High Point,73175,6-9,"6'9""",81.0,80.26,"6'8""",-0.74,plays_at_height,80.26,"6'8""",-0.74,plays_at_height
2021,Eric Boone,Georgia Southern,73176,6-2,"6'2""",74.0,76.46,"6'4""",2.46,plays_taller,76.46,"6'4""",2.46,plays_taller
2021,Leighton Elliott-Sewell,Stony Brook,73177,6-6,"6'6""",78.0,77.5,"6'5""",-0.5,plays_at_height,77.5,"6'5""",-0.5,plays_at_height
2021,Marcus Fitzgerald Jr.,Tennessee St.,73179,6-2,"6'2""",74.0,74.41,"6'2""",0.41,plays_at_height,74.41,"6'2""",0.41,plays_at_height
2021,Giancarlo Sanchez,Presbyterian,73180,6-8,"6'8""",80.0,77.29,"6'5""",-2.71,plays_shorter,77.29,"6'5""",-2.71,plays_shorter
2021,Petar Krivokapic,FIU,73181,6-4,"6'4""",76.0,74.91,"6'3""",-1.09,plays_shorter,74.91,"6'3""",-1.09,plays_shorter
2021,Javaunte Hawkins,FIU,73182,5-11,"5'11""",71.0,72.55,"6'1""",1.55,plays_taller,72.55,"6'1""",1.55,plays_taller
2021,K.D. Johnson,Georgia,73183,6-1,"6'1""",73.0,76.96,"6'5""",3.96,plays_taller,76.96,"6'5""",3.96,plays_taller
2021,Anthony Mason,FIU,73184,6-10,"6'10""",82.0,80.63,"6'9""",-1.37,plays_shorter,80.63,"6'9""",-1.37,plays_shorter
2021,DJ Mitchell,FIU,73186,6-4,"6'4""",76.0,75.46,"6'3""",-0.54,plays_at_height,75.46,"6'3""",-0.54,plays_at_height
2021,Hunter-Jack Madden,Idaho,73187,6-1,"6'1""",73.0,74.06,"6'2""",1.06,plays_taller,74.06,"6'2""",1.06,plays_taller
2021,Demetric Horton,Purdue Fort Wayne,73189,6-5,"6'5""",77.0,76.64,"6'5""",-0.36,plays_at_height,76.64,"6'5""",-0.36,plays_at_height
2021,Quentin Jones,North Carolina A&T,73191,6-8,"6'8""",80.0,76.61,"6'5""",-3.39,plays_shorter,76.61,"6'5""",-3.39,plays_shorter
2021,Tanner Mans,VMI,73193,6-6,"6'6""",78.0,74.55,"6'3""",-3.45,plays_shorter,74.55,"6'3""",-3.45,plays_shorter
2021,Tarojae Brake,Saint Peter's,73194,6-3,"6'3""",75.0,75.12,"6'3""",0.12,plays_at_height,75.12,"6'3""",0.12,plays_at_height
2021,Luis Rolon,Florida Gulf Coast,73199,6-2,"6'2""",74.0,74.18,"6'2""",0.18,plays_at_height,74.18,"6'2""",0.18,plays_at_height
2021,Kam Woods,Troy,73200,6-1,"6'1""",73.0,75.47,"6'3""",2.47,plays_taller,75.47,"6'3""",2.47,plays_taller
2021,Jackson Threadgill,Charlotte,73202,6-6,"6'6""",78.0,74.89,"6'3""",-3.11,plays_shorter,74.89,"6'3""",-3.11,plays_shorter
2021,Zach Anderson,Florida Gulf Coast,73204,6-7,"6'7""",79.0,78.18,"6'6""",-0.82,plays_shorter,78.18,"6'6""",-0.82,plays_shorter
2021,Nate Johnson,Southeast Missouri St.,73205,6-9,"6'9""",81.0,79.69,"6'8""",-1.31,plays_shorter,79.69,"6'8""",-1.31,plays_shorter
2021,Jamel Horton,Albany,73207,6-4,"6'4""",76.0,75.64,"6'4""",-0.36,plays_at_height,75.64,"6'4""",-0.36,plays_at_height
2021,Cole LaRue,Kennesaw St.,73209,6-9,"6'9""",81.0,77.82,"6'6""",-3.18,plays_shorter,77.82,"6'6""",-3.18,plays_shorter
2021,Juston Betz,Bellarmine,73211,6-3,"6'3""",75.0,75.67,"6'4""",0.67,plays_at_height,75.67,"6'4""",0.67,plays_at_height
2021,JT Thor,Auburn,73213,6-10,"6'10""",82.0,80.38,"6'8""",-1.62,plays_shorter,80.38,"6'8""",-1.62,plays_shorter
2021,Anthony Leal,Indiana,73214,6-5,"6'5""",77.0,76.52,"6'5""",-0.48,plays_at_height,76.52,"6'5""",-0.48,plays_at_height
2021,Adam Miller,Illinois,73217,6-3,"6'3""",75.0,76.26,"6'4""",1.26,plays_taller,76.26,"6'4""",1.26,plays_taller
2021,C.J. Roberts,New Mexico St.,73218,6-1,"6'1""",73.0,75.07,"6'3""",2.07,plays_taller,75.07,"6'3""",2.07,plays_taller
2021,Clifford Omoruyi,Rutgers,73223,6-11,"6'11""",83.0,80.76,"6'9""",-2.24,plays_shorter,80.76,"6'9""",-2.24,plays_shorter
2021,Damani Hayes,South Dakota,73225,6-4,"6'4""",76.0,78.05,"6'6""",2.05,plays_taller,78.05,"6'6""",2.05,plays_taller
2021,Brandon Whitney,Montana,73227,6-1,"6'1""",73.0,74.93,"6'3""",1.93,plays_taller,74.93,"6'3""",1.93,plays_taller
2021,Connor Barrett,Valparaiso,73230,6-6,"6'6""",78.0,76.11,"6'4""",-1.89,plays_shorter,76.11,"6'4""",-1.89,plays_shorter
2021,Latrell Jones,Portland,73232,6-5,"6'5""",77.0,77.8,"6'6""",0.8,plays_taller,77.8,"6'6""",0.8,plays_taller
2021,Mark Williams,Duke,73235,7-0,"7'0""",84.0,84.23,"7'0""",0.23,plays_at_height,84.23,"7'0""",0.23,plays_at_height
2021,Jeremy Roach,Duke,73237,6-1,"6'1""",73.0,74.78,"6'3""",1.78,plays_taller,74.78,"6'3""",1.78,plays_taller
2021,Jalen Johnson,Duke,73238,6-9,"6'9""",81.0,81.39,"6'9""",0.39,plays_at_height,81.39,"6'9""",0.39,plays_at_height
2021,Reece Beekman,Virginia,73240,6-3,"6'3""",75.0,76.84,"6'5""",1.84,plays_taller,76.84,"6'5""",1.84,plays_taller
2021,Ryan Myers,Iona,73241,6-0,"6'0""",72.0,74.66,"6'3""",2.66,plays_taller,74.66,"6'3""",2.66,plays_taller
2021,Malik Lawrence-Anderson,UT Rio Grande Valley,73242,6-6,"6'6""",78.0,78.32,"6'6""",0.32,plays_at_height,78.32,"6'6""",0.32,plays_at_height
2021,Sam'i Roe,Nebraska Omaha,73243,6-1,"6'1""",73.0,74.52,"6'3""",1.52,plays_taller,74.52,"6'3""",1.52,plays_taller
2021,Alyn Breed,Providence,73247,6-3,"6'3""",75.0,75.32,"6'3""",0.32,plays_at_height,75.32,"6'3""",0.32,plays_at_height
2021,Markise Davis,Arkansas St.,73248,6-8,"6'8""",80.0,75.34,"6'3""",-4.66,plays_shorter,75.34,"6'3""",-4.66,plays_shorter
2021,Keyon Wesley,Arkansas St.,73252,6-9,"6'9""",81.0,78.52,"6'7""",-2.48,plays_shorter,78.52,"6'7""",-2.48,plays_shorter
2021,Caleb London,Arkansas St.,73253,6-4,"6'4""",76.0,76.72,"6'5""",0.72,plays_at_height,76.72,"6'5""",0.72,plays_at_height
2021,Koby Brea,Dayton,73256,6-6,"6'6""",78.0,76.64,"6'5""",-1.36,plays_shorter,76.64,"6'5""",-1.36,plays_shorter
2021,Hassan Diarra,Texas A&M,73259,6-2,"6'2""",74.0,76.3,"6'4""",2.3,plays_taller,76.3,"6'4""",2.3,plays_taller
2021,Drake Muller,Denver,73260,6-4,"6'4""",76.0,73.87,"6'2""",-2.13,plays_shorter,73.87,"6'2""",-2.13,plays_shorter
2021,Jaron Rillie,Samford,73267,6-3,"6'3""",75.0,75.67,"6'4""",0.67,plays_at_height,75.67,"6'4""",0.67,plays_at_height
2021,Norchad Omier,Arkansas St.,73268,6-7,"6'7""",79.0,83.71,"7'0""",4.71,plays_taller,83.71,"7'0""",4.71,plays_taller
2021,Simeon Fryer,Texas A&M Corpus Chris,73273,6-5,"6'5""",77.0,76.95,"6'5""",-0.05,plays_at_height,76.95,"6'5""",-0.05,plays_at_height
2021,Lamont Butler,San Diego St.,73274,6-2,"6'2""",74.0,77.03,"6'5""",3.03,plays_taller,77.03,"6'5""",3.03,plays_taller
2021,Jaden Springer,Tennessee,73275,6-4,"6'4""",76.0,77.93,"6'6""",1.93,plays_taller,77.93,"6'6""",1.93,plays_taller
2021,Oliver Hayes-Brown,UC Riverside,73278,6-10,"6'10""",82.0,81.07,"6'9""",-0.93,plays_shorter,81.07,"6'9""",-0.93,plays_shorter
2021,Tai'Reon Joseph,Austin Peay,73288,6-1,"6'1""",73.0,74.23,"6'2""",1.23,plays_taller,74.23,"6'2""",1.23,plays_taller
2021,Jaden Ivey,Purdue,73289,6-4,"6'4""",76.0,78.09,"6'6""",2.09,plays_taller,78.09,"6'6""",2.09,plays_taller
2021,Ethan Morton,Purdue,73290,6-6,"6'6""",78.0,73.75,"6'2""",-4.25,plays_shorter,73.75,"6'2""",-4.25,plays_shorter
2021,Anthony Blunt,UMass Lowell,73291,6-2,"6'2""",74.0,75.06,"6'3""",1.06,plays_taller,75.06,"6'3""",1.06,plays_taller
2021,Micah Peavy,Texas Tech,73292,6-7,"6'7""",79.0,78.04,"6'6""",-0.96,plays_shorter,78.04,"6'6""",-0.96,plays_shorter
2021,Dylan O'Hearn,NJIT,73294,6-4,"6'4""",76.0,74.9,"6'3""",-1.1,plays_shorter,74.9,"6'3""",-1.1,plays_shorter
2021,Kareem Thompson,Oral Roberts,73297,6-6,"6'6""",78.0,75.83,"6'4""",-2.17,plays_shorter,75.83,"6'4""",-2.17,plays_shorter
2021,Sheldon Stevens,Oral Roberts,73298,6-3,"6'3""",75.0,73.59,"6'2""",-1.41,plays_shorter,73.59,"6'2""",-1.41,plays_shorter
2021,Ahamadou Fofana,Canisius,73300,6-1,"6'1""",73.0,74.59,"6'3""",1.59,plays_taller,74.59,"6'3""",1.59,plays_taller
2021,Siem Uijtendaal,Canisius,73301,6-6,"6'6""",78.0,74.69,"6'3""",-3.31,plays_shorter,74.69,"6'3""",-3.31,plays_shorter
2021,Bryce Monroe,Sam Houston St.,73309,5-11,"5'11""",71.0,73.69,"6'2""",2.69,plays_taller,73.69,"6'2""",2.69,plays_taller
2021,Xavier Bell,Drexel,73310,6-3,"6'3""",75.0,73.96,"6'2""",-1.04,plays_shorter,73.96,"6'2""",-1.04,plays_shorter
2021,Iyen Enaruna,Evansville,73311,6-9,"6'9""",81.0,78.34,"6'6""",-2.66,plays_shorter,78.34,"6'6""",-2.66,plays_shorter
2021,Kieffer Punter,Troy,73313,6-5,"6'5""",77.0,74.46,"6'2""",-2.54,plays_shorter,74.46,"6'2""",-2.54,plays_shorter
2021,Ja'Quavian Florence,Charleston Southern,73314,6-4,"6'4""",76.0,76.59,"6'5""",0.59,plays_at_height,76.59,"6'5""",0.59,plays_at_height
2021,Baylor Hebb,Loyola Chicago,73316,6-2,"6'2""",74.0,76.68,"6'5""",2.68,plays_taller,76.68,"6'5""",2.68,plays_taller
2021,Antwan Burnett,Troy,73317,6-5,"6'5""",77.0,75.11,"6'3""",-1.89,plays_shorter,75.11,"6'3""",-1.89,plays_shorter
2021,Nick Brennen,Manhattan,73319,6-5,"6'5""",77.0,74.68,"6'3""",-2.32,plays_shorter,74.68,"6'3""",-2.32,plays_shorter
2021,Bryce Beamer,Binghamton,73322,6-6,"6'6""",78.0,76.95,"6'5""",-1.05,plays_shorter,76.95,"6'5""",-1.05,plays_shorter
2021,Devin Tillis,UNLV,73324,6-6,"6'6""",78.0,76.45,"6'4""",-1.55,plays_shorter,76.45,"6'4""",-1.55,plays_shorter
2021,Colton Sandage,Western Illinois,73328,6-2,"6'2""",74.0,74.94,"6'3""",0.94,plays_taller,74.94,"6'3""",0.94,plays_taller
2021,David Strother,Old Dominion,73330,6-2,"6'2""",74.0,74.35,"6'2""",0.35,plays_at_height,74.35,"6'2""",0.35,plays_at_height
2021,Eddie Davis,Portland,73333,6-6,"6'6""",78.0,76.01,"6'4""",-1.99,plays_shorter,76.01,"6'4""",-1.99,plays_shorter
2021,De'Lazarus Keys,Texas A&M Corpus Chris,73334,6-8,"6'8""",80.0,78.56,"6'7""",-1.44,plays_shorter,78.56,"6'7""",-1.44,plays_shorter
2021,Nick Jourdain,Temple,73335,6-8,"6'8""",80.0,79.36,"6'7""",-0.64,plays_at_height,79.36,"6'7""",-0.64,plays_at_height
2021,David N'Guessan,Virginia Tech,73338,6-9,"6'9""",81.0,79.35,"6'7""",-1.65,plays_shorter,79.35,"6'7""",-1.65,plays_shorter
2021,Eric Gaines,LSU,73340,6-2,"6'2""",74.0,76.65,"6'5""",2.65,plays_taller,76.65,"6'5""",2.65,plays_taller
2021,Dante Maddox Jr.,Cal St. Fullerton,73341,6-2,"6'2""",74.0,74.97,"6'3""",0.97,plays_taller,74.97,"6'3""",0.97,plays_taller
2021,Nikola Zizic,South Dakota,73345,6-11,"6'11""",83.0,81.52,"6'10""",-1.48,plays_shorter,81.52,"6'10""",-1.48,plays_shorter
2021,Darius Lee,Houston Christian,73347,6-6,"6'6""",78.0,77.42,"6'5""",-0.58,plays_at_height,77.42,"6'5""",-0.58,plays_at_height
2021,Henry Abraham,Eastern Illinois,73349,6-0,"6'0""",72.0,74.31,"6'2""",2.31,plays_taller,74.31,"6'2""",2.31,plays_taller
2021,Carson Towt,Northern Arizona,73350,6-7,"6'7""",79.0,79.2,"6'7""",0.2,plays_at_height,79.2,"6'7""",0.2,plays_at_height
2021,Zimi Nwokeji,Dayton,73352,6-7,"6'7""",79.0,76.55,"6'5""",-2.45,plays_shorter,76.55,"6'5""",-2.45,plays_shorter
2021,Bayron Matos,New Mexico,73353,6-9,"6'9""",81.0,78.53,"6'7""",-2.47,plays_shorter,78.53,"6'7""",-2.47,plays_shorter
2021,Dishon Jackson,Washington St.,73354,6-10,"6'10""",82.0,79.99,"6'8""",-2.01,plays_shorter,79.99,"6'8""",-2.01,plays_shorter
2021,Josh Smith,Stetson,73355,6-8,"6'8""",80.0,78.79,"6'7""",-1.21,plays_shorter,78.79,"6'7""",-1.21,plays_shorter
2021,Logan Bracamonte,Incarnate Word,73358,6-5,"6'5""",77.0,74.26,"6'2""",-2.74,plays_shorter,74.26,"6'2""",-2.74,plays_shorter
2021,Junior Madut,Hawaii,73359,6-6,"6'6""",78.0,77.01,"6'5""",-0.99,plays_shorter,77.01,"6'5""",-0.99,plays_shorter
2021,David Jones,Sacramento St.,73360,6-8,"6'8""",80.0,80.83,"6'9""",0.83,plays_taller,80.83,"6'9""",0.83,plays_taller
2021,Juan Felix Rodriguez,Stony Brook,73361,6-0,"6'0""",72.0,74.66,"6'3""",2.66,plays_taller,74.66,"6'3""",2.66,plays_taller
2021,Obinna Anochili-Killen,Marshall,73364,6-8,"6'8""",80.0,79.47,"6'7""",-0.53,plays_at_height,79.47,"6'7""",-0.53,plays_at_height
2021,David Early,Marshall,73365,6-4,"6'4""",76.0,74.57,"6'3""",-1.43,plays_shorter,74.57,"6'3""",-1.43,plays_shorter
2021,Pelle Larsson,Utah,73366,6-5,"6'5""",77.0,77.32,"6'5""",0.32,plays_at_height,77.32,"6'5""",0.32,plays_at_height
2021,Ian Martinez,Utah,73368,6-3,"6'3""",75.0,78.02,"6'6""",3.02,plays_taller,78.02,"6'6""",3.02,plays_taller
2021,Aidan Prukop,Cal Poly,73369,6-4,"6'4""",76.0,74.51,"6'3""",-1.49,plays_shorter,74.51,"6'3""",-1.49,plays_shorter
2021,Luke Appel,South Dakota St.,73370,6-8,"6'8""",80.0,78.04,"6'6""",-1.96,plays_shorter,78.04,"6'6""",-1.96,plays_shorter
2021,Jeremiah Pope,Rider,73371,6-4,"6'4""",76.0,74.67,"6'3""",-1.33,plays_shorter,74.67,"6'3""",-1.33,plays_shorter
2021,Anthony Thomas,Tennessee Martin,73374,6-7,"6'7""",79.0,76.25,"6'4""",-2.75,plays_shorter,76.25,"6'4""",-2.75,plays_shorter
2021,Dusan Mahorcic,Illinois St.,73375,6-10,"6'10""",82.0,80.31,"6'8""",-1.69,plays_shorter,80.31,"6'8""",-1.69,plays_shorter
2021,Marque English II,Northern Colorado,73377,6-6,"6'6""",78.0,75.83,"6'4""",-2.17,plays_shorter,75.83,"6'4""",-2.17,plays_shorter
2021,Marcus Watson Jr.,Western Illinois,73378,6-0,"6'0""",72.0,74.62,"6'3""",2.62,plays_taller,74.62,"6'3""",2.62,plays_taller
2021,Jaden House,High Point,73379,6-4,"6'4""",76.0,76.69,"6'5""",0.69,plays_at_height,76.69,"6'5""",0.69,plays_at_height
2021,Ahmil Flowers,High Point,73384,6-3,"6'3""",75.0,76.81,"6'5""",1.81,plays_taller,76.81,"6'5""",1.81,plays_taller
2021,Alex Holt,High Point,73385,6-8,"6'8""",80.0,78.0,"6'6""",-2.0,plays_shorter,78.0,"6'6""",-2.0,plays_shorter
2021,Bryson Childress,High Point,73386,5-8,"5'8""",68.0,73.08,"6'1""",5.08,plays_taller,73.08,"6'1""",5.08,plays_taller
2021,Gabriel Wuor,Stetson,73389,7-1,"7'1""",85.0,78.67,"6'7""",-6.33,plays_shorter,78.67,"6'7""",-6.33,plays_shorter
2021,Adam Anhold,Western Illinois,73392,6-8,"6'8""",80.0,79.56,"6'8""",-0.44,plays_at_height,79.56,"6'8""",-0.44,plays_at_height
2021,Andrej Jakimovski,Washington St.,73393,6-8,"6'8""",80.0,75.65,"6'4""",-4.35,plays_shorter,75.65,"6'4""",-4.35,plays_shorter
2021,Cam Hayes,N.C. State,73399,6-3,"6'3""",75.0,75.61,"6'4""",0.61,plays_at_height,75.61,"6'4""",0.61,plays_at_height
2021,Shakeel Moore,N.C. State,73400,6-1,"6'1""",73.0,77.57,"6'6""",4.57,plays_taller,77.57,"6'6""",4.57,plays_taller
2021,A.J. Hoggard,Michigan St.,73402,6-3,"6'3""",75.0,75.78,"6'4""",0.78,plays_taller,75.78,"6'4""",0.78,plays_taller
2021,Evan Joyner,Tennessee St.,73405,6-8,"6'8""",80.0,78.21,"6'6""",-1.79,plays_shorter,78.21,"6'6""",-1.79,plays_shorter
2021,Trevor Lakes,Nebraska,73409,6-7,"6'7""",79.0,75.58,"6'4""",-3.42,plays_shorter,75.58,"6'4""",-3.42,plays_shorter
2021,Tyler Kolek,George Mason,73416,6-3,"6'3""",75.0,75.57,"6'4""",0.57,plays_at_height,75.57,"6'4""",0.57,plays_at_height
2021,Pier-Olivier Racine,Fairleigh Dickinson,73417,6-8,"6'8""",80.0,79.64,"6'8""",-0.36,plays_at_height,79.64,"6'8""",-0.36,plays_at_height
2021,Joe Munden Jr.,Fairleigh Dickinson,73418,6-4,"6'4""",76.0,78.15,"6'6""",2.15,plays_taller,78.15,"6'6""",2.15,plays_taller
2021,Lincoln Ball,George Washington,73421,6-6,"6'6""",78.0,75.55,"6'4""",-2.45,plays_shorter,75.55,"6'4""",-2.45,plays_shorter
2021,Carter Mahaney,Northern Arizona,73422,6-2,"6'2""",74.0,73.34,"6'1""",-0.66,plays_at_height,73.34,"6'1""",-0.66,plays_at_height
2021,Jared Garcia,Charlotte,73424,6-8,"6'8""",80.0,79.56,"6'8""",-0.44,plays_at_height,79.56,"6'8""",-0.44,plays_at_height
2021,Marques Watson,Manhattan,73425,6-5,"6'5""",77.0,76.82,"6'5""",-0.18,plays_at_height,76.82,"6'5""",-0.18,plays_at_height
2021,Jalen Moore,Oakland,73428,5-11,"5'11""",71.0,75.25,"6'3""",4.25,plays_taller,75.25,"6'3""",4.25,plays_taller
2021,Trey Townsend,Oakland,73429,6-6,"6'6""",78.0,78.94,"6'7""",0.94,plays_taller,78.94,"6'7""",0.94,plays_taller
2021,Micah Parrish,Oakland,73431,6-6,"6'6""",78.0,78.64,"6'7""",0.64,plays_at_height,78.64,"6'7""",0.64,plays_at_height
2021,Konstantin Dotsenko,Tarleton St.,73437,6-7,"6'7""",79.0,74.35,"6'2""",-4.65,plays_shorter,74.35,"6'2""",-4.65,plays_shorter
2021,Tyler McGhie,Western Carolina,73438,6-5,"6'5""",77.0,74.03,"6'2""",-2.97,plays_shorter,74.03,"6'2""",-2.97,plays_shorter
2021,Khristian Lander,Indiana,73439,6-2,"6'2""",74.0,74.34,"6'2""",0.34,plays_at_height,74.34,"6'2""",0.34,plays_at_height
2021,Sin'Cere McMahon,Western Carolina,73440,6-1,"6'1""",73.0,74.04,"6'2""",1.04,plays_taller,74.04,"6'2""",1.04,plays_taller
2021,Javonte Johnson,New Mexico,73442,6-6,"6'6""",78.0,75.45,"6'3""",-2.55,plays_shorter,75.45,"6'3""",-2.55,plays_shorter
2021,Barlow Alleruzzo IV,Eastern Illinois,73447,6-9,"6'9""",81.0,76.21,"6'4""",-4.79,plays_shorter,76.21,"6'4""",-4.79,plays_shorter
2021,Jamon Kemp,Southeastern Louisiana,73448,6-6,"6'6""",78.0,77.69,"6'6""",-0.31,plays_at_height,77.69,"6'6""",-0.31,plays_at_height
2021,DJ Steward,Duke,73449,6-2,"6'2""",74.0,77.39,"6'5""",3.39,plays_taller,77.39,"6'5""",3.39,plays_taller
2021,Evan Johnson,Georgia St.,73450,6-0,"6'0""",72.0,75.22,"6'3""",3.22,plays_taller,75.22,"6'3""",3.22,plays_taller
2021,Cameron Thomas,LSU,73451,6-4,"6'4""",76.0,76.19,"6'4""",0.19,plays_at_height,76.19,"6'4""",0.19,plays_at_height
2021,"Jamal Mashburn, Jr.",Minnesota,73453,6-2,"6'2""",74.0,74.4,"6'2""",0.4,plays_at_height,74.4,"6'2""",0.4,plays_at_height
2021,Hunter Dickinson,Michigan,73454,7-1,"7'1""",85.0,82.58,"6'11""",-2.42,plays_shorter,82.58,"6'11""",-2.42,plays_shorter
2021,Vinnie Viana,Tennessee Martin,73455,6-1,"6'1""",73.0,74.5,"6'2""",1.5,plays_taller,74.5,"6'2""",1.5,plays_taller
2021,Jaden McClanahan,Utah Valley,73457,5-10,"5'10""",70.0,74.57,"6'3""",4.57,plays_taller,74.57,"6'3""",4.57,plays_taller
2021,Johnell Davis,Florida Atlantic,73459,6-3,"6'3""",75.0,77.48,"6'5""",2.48,plays_taller,77.48,"6'5""",2.48,plays_taller
2021,Gideon George,BYU,73462,6-6,"6'6""",78.0,77.8,"6'6""",-0.2,plays_at_height,77.8,"6'6""",-0.2,plays_at_height
2021,Keegan Murray,Iowa,73465,6-8,"6'8""",80.0,81.66,"6'10""",1.66,plays_taller,81.66,"6'10""",1.66,plays_taller
2021,Jerroda Briscoe,Prairie View A&M,73467,6-8,"6'8""",80.0,82.29,"6'10""",2.29,plays_taller,82.29,"6'10""",2.29,plays_taller
2021,Kellen Tynes,Montana St.,73468,6-3,"6'3""",75.0,77.42,"6'5""",2.42,plays_taller,77.42,"6'5""",2.42,plays_taller
2021,Jadin Booth,Nebraska Omaha,73470,6-2,"6'2""",74.0,73.78,"6'2""",-0.22,plays_at_height,73.78,"6'2""",-0.22,plays_at_height
2021,Emeka Udenyi,Seattle,73472,6-6,"6'6""",78.0,78.09,"6'6""",0.09,plays_at_height,78.09,"6'6""",0.09,plays_at_height
2021,Jalen Celestine,California,73474,6-6,"6'6""",78.0,77.24,"6'5""",-0.76,plays_shorter,77.24,"6'5""",-0.76,plays_shorter
2021,Zahir Porter,Weber St.,73478,6-6,"6'6""",78.0,76.09,"6'4""",-1.91,plays_shorter,76.09,"6'4""",-1.91,plays_shorter
2021,Osayi Osifo,Florida,73481,6-7,"6'7""",79.0,79.68,"6'8""",0.68,plays_at_height,79.68,"6'8""",0.68,plays_at_height
2021,Darius Hannah,Bradley,73489,6-8,"6'8""",80.0,81.31,"6'9""",1.31,plays_taller,81.31,"6'9""",1.31,plays_taller
2021,Kobe Sanders,Cal Poly,73493,6-6,"6'6""",78.0,75.56,"6'4""",-2.44,plays_shorter,75.56,"6'4""",-2.44,plays_shorter
2021,Dionte Bostick,Murray St.,73494,6-2,"6'2""",74.0,75.0,"6'3""",1.0,plays_taller,75.0,"6'3""",1.0,plays_taller
2021,Howard Fleming Jr.,Illinois St.,73495,6-5,"6'5""",77.0,76.87,"6'5""",-0.13,plays_at_height,76.87,"6'5""",-0.13,plays_at_height
2021,Eden Holt,Tennessee Martin,73496,5-10,"5'10""",70.0,73.7,"6'2""",3.7,plays_taller,73.7,"6'2""",3.7,plays_taller
2021,Dyson Koehler,Cal Poly,73498,6-7,"6'7""",79.0,77.12,"6'5""",-1.88,plays_shorter,77.12,"6'5""",-1.88,plays_shorter
2021,Boden Skunberg,North Dakota St.,73499,6-5,"6'5""",77.0,74.64,"6'3""",-2.36,plays_shorter,74.64,"6'3""",-2.36,plays_shorter
2021,Sam Hines Jr.,Denver,73501,6-6,"6'6""",78.0,78.42,"6'6""",0.42,plays_at_height,78.42,"6'6""",0.42,plays_at_height
2021,Derek Fountain,Mississippi St.,73504,6-9,"6'9""",81.0,77.8,"6'6""",-3.2,plays_shorter,77.8,"6'6""",-3.2,plays_shorter
2021,Darrion Trammell,Seattle,73505,5-10,"5'10""",70.0,75.39,"6'3""",5.39,plays_taller,75.39,"6'3""",5.39,plays_taller
2021,Jaylin Williams,Arkansas,73506,6-10,"6'10""",82.0,80.8,"6'9""",-1.2,plays_shorter,80.8,"6'9""",-1.2,plays_shorter
2021,Myles Stute,Vanderbilt,73509,6-7,"6'7""",79.0,75.19,"6'3""",-3.81,plays_shorter,75.19,"6'3""",-3.81,plays_shorter
2021,Joseph Bamisile,Virginia Tech,73517,6-4,"6'4""",76.0,76.81,"6'5""",0.81,plays_taller,76.81,"6'5""",0.81,plays_taller
2021,Day'Ron Sharpe,North Carolina,73518,6-11,"6'11""",83.0,83.32,"6'11""",0.32,plays_at_height,83.32,"6'11""",0.32,plays_at_height
2021,Isaiah Jackson,Kentucky,73524,6-10,"6'10""",82.0,84.95,"7'1""",2.95,plays_taller,84.95,"7'1""",2.95,plays_taller
2021,Isiah Dasher,Portland,73525,6-3,"6'3""",75.0,76.76,"6'5""",1.76,plays_taller,76.76,"6'5""",1.76,plays_taller
2021,Thomas Webley,Hartford,73526,6-10,"6'10""",82.0,76.81,"6'5""",-5.19,plays_shorter,76.81,"6'5""",-5.19,plays_shorter
2021,Davonte Davis,Arkansas,73528,6-3,"6'3""",75.0,77.68,"6'6""",2.68,plays_taller,77.68,"6'6""",2.68,plays_taller
2021,Isaiah Rivera,Colorado St.,73530,6-5,"6'5""",77.0,76.57,"6'5""",-0.43,plays_at_height,76.57,"6'5""",-0.43,plays_at_height
2021,Dre Davis,Louisville,73531,6-5,"6'5""",77.0,76.9,"6'5""",-0.1,plays_at_height,76.9,"6'5""",-0.1,plays_at_height
2021,JJ Traynor,Louisville,73534,6-8,"6'8""",80.0,78.32,"6'6""",-1.68,plays_shorter,78.32,"6'6""",-1.68,plays_shorter
2021,Terrence Clarke,Kentucky,73536,6-7,"6'7""",79.0,75.63,"6'4""",-3.37,plays_shorter,75.63,"6'4""",-3.37,plays_shorter
2021,Justin Brookens,Western Illinois,73539,5-9,"5'9""",69.0,73.82,"6'2""",4.82,plays_taller,73.82,"6'2""",4.82,plays_taller
2021,Jarod Greene,Utah Tech,73542,6-9,"6'9""",81.0,77.24,"6'5""",-3.76,plays_shorter,77.24,"6'5""",-3.76,plays_shorter
2021,Hunter Schofield,Utah Tech,73543,6-8,"6'8""",80.0,77.9,"6'6""",-2.1,plays_shorter,77.9,"6'6""",-2.1,plays_shorter
2021,Devontae Blanton,Eastern Kentucky,73548,6-6,"6'6""",78.0,77.37,"6'5""",-0.63,plays_at_height,77.37,"6'5""",-0.63,plays_at_height
2021,Tafari Simms,Milwaukee,73549,6-7,"6'7""",79.0,76.52,"6'5""",-2.48,plays_shorter,76.52,"6'5""",-2.48,plays_shorter
2021,Selton Miguel,Kansas St.,73550,6-4,"6'4""",76.0,76.53,"6'5""",0.53,plays_at_height,76.53,"6'5""",0.53,plays_at_height
2021,Dom London,Florida Gulf Coast,73554,6-1,"6'1""",73.0,74.75,"6'3""",1.75,plays_taller,74.75,"6'3""",1.75,plays_taller
2021,Tyler Brelsford,George Washington,73555,6-4,"6'4""",76.0,74.67,"6'3""",-1.33,plays_shorter,74.67,"6'3""",-1.33,plays_shorter
2021,Supreme Cook,Fairfield,73556,6-9,"6'9""",81.0,80.54,"6'9""",-0.46,plays_at_height,80.54,"6'9""",-0.46,plays_at_height
2021,Amound Anderson,Cal St. Northridge,73561,6-3,"6'3""",75.0,75.42,"6'3""",0.42,plays_at_height,75.42,"6'3""",0.42,plays_at_height
2021,Jamahri Harvey,UNC Wilmington,73564,6-5,"6'5""",77.0,73.8,"6'2""",-3.2,plays_shorter,73.8,"6'2""",-3.2,plays_shorter
2021,Melvin Edwards Jr.,Charleston Southern,73565,6-6,"6'6""",78.0,77.62,"6'6""",-0.38,plays_at_height,77.62,"6'6""",-0.38,plays_at_height
2021,Duke Miles,Troy,73566,6-2,"6'2""",74.0,76.99,"6'5""",2.99,plays_taller,76.99,"6'5""",2.99,plays_taller
2021,Clarence Jackson,Wichita St.,73567,6-7,"6'7""",79.0,79.15,"6'7""",0.15,plays_at_height,79.15,"6'7""",0.15,plays_at_height
2021,Jordan Geronimo,Indiana,73569,6-6,"6'6""",78.0,79.13,"6'7""",1.13,plays_taller,79.13,"6'7""",1.13,plays_taller
2021,Ricky Council IV,Wichita St.,73571,6-6,"6'6""",78.0,77.7,"6'6""",-0.3,plays_at_height,77.7,"6'6""",-0.3,plays_at_height
2021,Max Brooks,UMass Lowell,73573,6-7,"6'7""",79.0,81.21,"6'9""",2.21,plays_taller,81.21,"6'9""",2.21,plays_taller
2021,Chris Youngblood,Kennesaw St.,73574,6-4,"6'4""",76.0,76.59,"6'5""",0.59,plays_at_height,76.59,"6'5""",0.59,plays_at_height
2021,"Lamar Oden, Jr.",Drexel,73578,6-6,"6'6""",78.0,74.91,"6'3""",-3.09,plays_shorter,74.91,"6'3""",-3.09,plays_shorter
2021,La-Quiem Walker,Tennessee Martin,73582,6-9,"6'9""",81.0,79.07,"6'7""",-1.93,plays_shorter,79.07,"6'7""",-1.93,plays_shorter
2021,John Square Jr.,Fairleigh Dickinson,73586,6-6,"6'6""",78.0,77.54,"6'6""",-0.46,plays_at_height,77.54,"6'6""",-0.46,plays_at_height
2021,Wynton Brown,Northern Arizona,73587,6-8,"6'8""",80.0,78.55,"6'7""",-1.45,plays_shorter,78.55,"6'7""",-1.45,plays_shorter
2021,Christian Turner,Troy,73588,6-7,"6'7""",79.0,78.06,"6'6""",-0.94,plays_shorter,78.06,"6'6""",-0.94,plays_shorter
2021,Sam Mennenga,Davidson,73589,6-9,"6'9""",81.0,77.88,"6'6""",-3.12,plays_shorter,77.88,"6'6""",-3.12,plays_shorter
2021,Nicholas Boyd,Florida Atlantic,73590,6-3,"6'3""",75.0,75.74,"6'4""",0.74,plays_at_height,75.74,"6'4""",0.74,plays_at_height
2021,Tyler Patterson,Montana St.,73592,6-8,"6'8""",80.0,72.58,"6'1""",-7.42,plays_shorter,72.58,"6'1""",-7.42,plays_shorter
2021,Wendell Green Jr.,Eastern Kentucky,73595,5-11,"5'11""",71.0,75.1,"6'3""",4.1,plays_taller,75.1,"6'3""",4.1,plays_taller
2021,Trey Bonham,VMI,73596,6-0,"6'0""",72.0,75.33,"6'3""",3.33,plays_taller,75.33,"6'3""",3.33,plays_taller
2021,Dwayne Koroma,Iona,73599,6-7,"6'7""",79.0,77.23,"6'5""",-1.77,plays_shorter,77.23,"6'5""",-1.77,plays_shorter
2021,Dylan Branson,Southeast Missouri St.,73600,6-5,"6'5""",77.0,76.11,"6'4""",-0.89,plays_shorter,76.11,"6'4""",-0.89,plays_shorter
2021,Devin Evans,Nebraska Omaha,73603,6-9,"6'9""",81.0,78.73,"6'7""",-2.27,plays_shorter,78.73,"6'7""",-2.27,plays_shorter
2021,Nate Robinson,Seattle,73604,6-4,"6'4""",76.0,74.93,"6'3""",-1.07,plays_shorter,74.93,"6'3""",-1.07,plays_shorter
2021,Bryce Johnson,Sacred Heart,73606,6-6,"6'6""",78.0,79.19,"6'7""",1.19,plays_taller,79.19,"6'7""",1.19,plays_taller
2021,Grant Nelson,North Dakota St.,73609,6-10,"6'10""",82.0,79.18,"6'7""",-2.82,plays_shorter,79.18,"6'7""",-2.82,plays_shorter
2021,Isaiah Pope,Utah Tech,73610,6-5,"6'5""",77.0,75.57,"6'4""",-1.43,plays_shorter,75.57,"6'4""",-1.43,plays_shorter
2021,Demaree King,Jacksonville St.,73611,6-0,"6'0""",72.0,74.33,"6'2""",2.33,plays_taller,74.33,"6'2""",2.33,plays_taller
2021,DeAndre Heckard,Stephen F. Austin,73613,6-1,"6'1""",73.0,74.16,"6'2""",1.16,plays_taller,74.16,"6'2""",1.16,plays_taller
2021,Jayson Kent,Bradley,73616,6-7,"6'7""",79.0,75.92,"6'4""",-3.08,plays_shorter,75.92,"6'4""",-3.08,plays_shorter
2021,Jamal West,South Alabama,73618,6-5,"6'5""",77.0,79.83,"6'8""",2.83,plays_taller,79.83,"6'8""",2.83,plays_taller
2021,A.J. McGinnis,UNC Greensboro,73621,6-3,"6'3""",75.0,74.07,"6'2""",-0.93,plays_shorter,74.07,"6'2""",-0.93,plays_shorter
2021,JaCobi Wood,Belmont,73622,6-2,"6'2""",74.0,75.06,"6'3""",1.06,plays_taller,75.06,"6'3""",1.06,plays_taller
2021,Kadary Richmond,Syracuse,73625,6-5,"6'5""",77.0,77.92,"6'6""",0.92,plays_taller,77.92,"6'6""",0.92,plays_taller
2021,Even Brauns,Belmont,73626,6-9,"6'9""",81.0,79.64,"6'8""",-1.36,plays_shorter,79.64,"6'8""",-1.36,plays_shorter
2021,Cameron Sheffield,Rice,73627,6-6,"6'6""",78.0,76.61,"6'5""",-1.39,plays_shorter,76.61,"6'5""",-1.39,plays_shorter
2021,Meikkel Murray,Central Michigan,73628,6-6,"6'6""",78.0,77.01,"6'5""",-0.99,plays_shorter,77.01,"6'5""",-0.99,plays_shorter
2021,Anthony D'Avanzo,Southern Illinois,73629,6-8,"6'8""",80.0,78.76,"6'7""",-1.24,plays_shorter,78.76,"6'7""",-1.24,plays_shorter
2021,Greg Brown III,Texas,73630,6-9,"6'9""",81.0,80.36,"6'8""",-0.64,plays_at_height,80.36,"6'8""",-0.64,plays_at_height
2021,Kendal Coleman,Northwestern St.,73633,6-8,"6'8""",80.0,81.97,"6'10""",1.97,plays_taller,81.97,"6'10""",1.97,plays_taller
2021,Marcus Hopkins,Tennessee Tech,73634,7-0,"7'0""",84.0,78.55,"6'7""",-5.45,plays_shorter,78.55,"6'7""",-5.45,plays_shorter
2021,Damaria Franklin,Tennessee Tech,73635,6-4,"6'4""",76.0,77.2,"6'5""",1.2,plays_taller,77.2,"6'5""",1.2,plays_taller
2021,Kerwin Walton,North Carolina,73638,6-5,"6'5""",77.0,74.96,"6'3""",-2.04,plays_shorter,74.96,"6'3""",-2.04,plays_shorter
2021,Dwon Odom,Xavier,73640,6-1,"6'1""",73.0,76.81,"6'5""",3.81,plays_taller,76.81,"6'5""",3.81,plays_taller
2021,Edoardo Del Cadia,UNLV,73641,6-7,"6'7""",79.0,78.7,"6'7""",-0.3,plays_at_height,78.7,"6'7""",-0.3,plays_at_height
2021,Tre Coleman,Nevada,73643,6-7,"6'7""",79.0,77.11,"6'5""",-1.89,plays_shorter,77.11,"6'5""",-1.89,plays_shorter
2021,Marcus Williams,Wyoming,73646,6-2,"6'2""",74.0,76.01,"6'4""",2.01,plays_taller,76.01,"6'4""",2.01,plays_taller
2021,Ronald Polite,George Mason,73647,6-2,"6'2""",74.0,74.45,"6'2""",0.45,plays_at_height,74.45,"6'2""",0.45,plays_at_height
2021,Jonte Coleman,Tennessee Martin,73648,6-4,"6'4""",76.0,75.0,"6'3""",-1.0,plays_shorter,75.0,"6'3""",-1.0,plays_shorter
2021,Jake Lieppert,Rice,73654,6-3,"6'3""",75.0,73.92,"6'2""",-1.08,plays_shorter,73.92,"6'2""",-1.08,plays_shorter
2021,Mekhi Gray,NJIT,73656,6-4,"6'4""",76.0,76.54,"6'5""",0.54,plays_at_height,76.54,"6'5""",0.54,plays_at_height
2021,Xavier Fuller,South Dakota,73657,6-4,"6'4""",76.0,77.7,"6'6""",1.7,plays_taller,77.7,"6'6""",1.7,plays_taller
2021,Dalton Banks,Southern Illinois,73659,6-2,"6'2""",74.0,77.27,"6'5""",3.27,plays_taller,77.27,"6'5""",3.27,plays_taller
2021,Ramean Hinton,Western Illinois,73660,6-5,"6'5""",77.0,76.09,"6'4""",-0.91,plays_shorter,76.09,"6'4""",-0.91,plays_shorter
2021,Andre Curbelo,Illinois,73661,6-1,"6'1""",73.0,78.18,"6'6""",5.18,plays_taller,78.18,"6'6""",5.18,plays_taller
2021,Kaleb Thornton,Northern Illinois,73662,6-0,"6'0""",72.0,75.87,"6'4""",3.87,plays_taller,75.87,"6'4""",3.87,plays_taller
2021,Will Pruitt,Lipscomb,73663,6-3,"6'3""",75.0,75.06,"6'3""",0.06,plays_at_height,75.06,"6'3""",0.06,plays_at_height
2021,Braden Lamar,Western Illinois,73664,6-5,"6'5""",77.0,74.09,"6'2""",-2.91,plays_shorter,74.09,"6'2""",-2.91,plays_shorter
2021,Chinedu Okanu,Northern Illinois,73667,6-7,"6'7""",79.0,78.95,"6'7""",-0.05,plays_at_height,78.95,"6'7""",-0.05,plays_at_height
2021,Marko Andric,Little Rock,73669,6-2,"6'2""",74.0,75.17,"6'3""",1.17,plays_taller,75.17,"6'3""",1.17,plays_taller
2021,Marcus Niblack,East Tennessee St.,73671,6-1,"6'1""",73.0,73.99,"6'2""",0.99,plays_taller,73.99,"6'2""",0.99,plays_taller
2021,Kamari Brown,Georgia Southern,73672,6-3,"6'3""",75.0,77.6,"6'6""",2.6,plays_taller,77.6,"6'6""",2.6,plays_taller
2021,Bennedict Mathurin,Arizona,73674,6-7,"6'7""",79.0,78.45,"6'6""",-0.55,plays_at_height,78.45,"6'6""",-0.55,plays_at_height
2021,Fredelin De La Cruz,UT Arlington,73676,6-7,"6'7""",79.0,79.28,"6'7""",0.28,plays_at_height,79.28,"6'7""",0.28,plays_at_height
2021,Bradley Akhile,Incarnate Word,73677,6-7,"6'7""",79.0,76.67,"6'5""",-2.33,plays_shorter,76.67,"6'5""",-2.33,plays_shorter
2021,Darnell Brodie,Drake,73680,6-10,"6'10""",82.0,80.18,"6'8""",-1.82,plays_shorter,80.18,"6'8""",-1.82,plays_shorter
2021,Leon Ayers III,Mercer,73681,6-6,"6'6""",78.0,77.0,"6'5""",-1.0,plays_shorter,77.0,"6'5""",-1.0,plays_shorter
2021,Jadrian Tracey,Saint Joseph's,73683,6-5,"6'5""",77.0,76.69,"6'5""",-0.31,plays_at_height,76.69,"6'5""",-0.31,plays_at_height
2021,Keon Johnson,Tennessee,73686,6-5,"6'5""",77.0,78.08,"6'6""",1.08,plays_taller,78.08,"6'6""",1.08,plays_taller
2021,Montre' Gipson,Tarleton St.,73688,5-11,"5'11""",71.0,75.08,"6'3""",4.08,plays_taller,75.08,"6'3""",4.08,plays_taller
2021,Shahada Wells,UT Arlington,73690,6-0,"6'0""",72.0,76.23,"6'4""",4.23,plays_taller,76.23,"6'4""",4.23,plays_taller
2021,Brock Gilbert,Utah Tech,73693,5-10,"5'10""",70.0,72.93,"6'1""",2.93,plays_taller,72.93,"6'1""",2.93,plays_taller
2021,Emon Washington,Illinois St.,73695,6-6,"6'6""",78.0,77.31,"6'5""",-0.69,plays_at_height,77.31,"6'5""",-0.69,plays_at_height
2021,Rongie Gordon,UAB,73696,6-8,"6'8""",80.0,80.19,"6'8""",0.19,plays_at_height,80.19,"6'8""",0.19,plays_at_height
2021,Caleb Lohner,BYU,73697,6-8,"6'8""",80.0,79.17,"6'7""",-0.83,plays_shorter,79.17,"6'7""",-0.83,plays_shorter
2021,Nana Antwi-Boasiako,Stephen F. Austin,73700,6-9,"6'9""",81.0,80.64,"6'9""",-0.36,plays_at_height,80.64,"6'9""",-0.36,plays_at_height
2021,Nick Gazelas,Montana St.,73702,6-4,"6'4""",76.0,73.92,"6'2""",-2.08,plays_shorter,73.92,"6'2""",-2.08,plays_shorter
2021,Noah Taitz,Stanford,73704,6-3,"6'3""",75.0,75.61,"6'4""",0.61,plays_at_height,75.61,"6'4""",0.61,plays_at_height
2021,Jay Pal,Jacksonville St.,73706,6-9,"6'9""",81.0,78.27,"6'6""",-2.73,plays_shorter,78.27,"6'6""",-2.73,plays_shorter
2021,Jalen Finch,Jacksonville St.,73710,6-1,"6'1""",73.0,76.38,"6'4""",3.38,plays_taller,76.38,"6'4""",3.38,plays_taller
2021,Jacob Ognacevic,Valparaiso,73714,6-8,"6'8""",80.0,76.84,"6'5""",-3.16,plays_shorter,76.84,"6'5""",-3.16,plays_shorter
2021,Brandon Angel,Stanford,73716,6-8,"6'8""",80.0,75.0,"6'3""",-5.0,plays_shorter,75.0,"6'3""",-5.0,plays_shorter
2021,Sheldon Edwards,Valparaiso,73717,6-4,"6'4""",76.0,76.58,"6'5""",0.58,plays_at_height,76.58,"6'5""",0.58,plays_at_height
2021,Gediminas Mokseckas,Campbell,73718,6-4,"6'4""",76.0,77.57,"6'6""",1.57,plays_taller,77.57,"6'6""",1.57,plays_taller
2021,Jacksen Greco,Mercer,73719,6-3,"6'3""",75.0,75.15,"6'3""",0.15,plays_at_height,75.15,"6'3""",0.15,plays_at_height
2021,Kobe Williamson,Seattle,73720,6-8,"6'8""",80.0,78.93,"6'7""",-1.07,plays_shorter,78.93,"6'7""",-1.07,plays_shorter
2021,Justin Amadi,James Madison,73722,6-7,"6'7""",79.0,79.3,"6'7""",0.3,plays_at_height,79.3,"6'7""",0.3,plays_at_height
2021,Brandon Boston Jr.,Kentucky,73723,6-7,"6'7""",79.0,76.95,"6'5""",-2.05,plays_shorter,76.95,"6'5""",-2.05,plays_shorter
2021,Daylan Hamilton,Western Michigan,73726,6-3,"6'3""",75.0,74.13,"6'2""",-0.87,plays_shorter,74.13,"6'2""",-0.87,plays_shorter
2021,Pierce Spencer,Nicholls St.,73727,6-3,"6'3""",75.0,77.7,"6'6""",2.7,plays_taller,77.7,"6'6""",2.7,plays_taller
2021,Jacob Washington,Bowling Green,73728,6-8,"6'8""",80.0,77.45,"6'5""",-2.55,plays_shorter,77.45,"6'5""",-2.55,plays_shorter
2021,Josiah Freeman,Western Michigan,73729,6-4,"6'4""",76.0,75.06,"6'3""",-0.94,plays_shorter,75.06,"6'3""",-0.94,plays_shorter
2021,Isaiah Richards,Louisiana,73730,6-10,"6'10""",82.0,80.27,"6'8""",-1.73,plays_shorter,80.27,"6'8""",-1.73,plays_shorter
2021,James Jordan,Kent St.,73733,6-5,"6'5""",77.0,75.36,"6'3""",-1.64,plays_shorter,75.36,"6'3""",-1.64,plays_shorter
2021,Mylyjael Poteat,Rice,73735,6-9,"6'9""",81.0,80.7,"6'9""",-0.3,plays_at_height,80.7,"6'9""",-0.3,plays_at_height
2021,Vuk Vulikic,UTEP,73739,6-4,"6'4""",76.0,72.58,"6'1""",-3.42,plays_shorter,72.58,"6'1""",-3.42,plays_shorter
2021,Paris Taylor,Green Bay,73740,6-6,"6'6""",78.0,77.44,"6'5""",-0.56,plays_at_height,77.44,"6'5""",-0.56,plays_at_height
2021,Caden Boser,UMKC,73745,6-8,"6'8""",80.0,73.74,"6'2""",-6.26,plays_shorter,73.74,"6'2""",-6.26,plays_shorter
2021,Reece Brown,UNLV,73747,6-9,"6'9""",81.0,79.15,"6'7""",-1.85,plays_shorter,79.15,"6'7""",-1.85,plays_shorter
2021,William Dunn,Youngstown St.,73748,6-8,"6'8""",80.0,76.94,"6'5""",-3.06,plays_shorter,76.94,"6'5""",-3.06,plays_shorter
2021,Bakari LaStrap,IU Indy,73751,6-0,"6'0""",72.0,75.86,"6'4""",3.86,plays_taller,75.86,"6'4""",3.86,plays_taller
2021,Kenny White Jr.,Tennessee Tech,73753,6-7,"6'7""",79.0,77.12,"6'5""",-1.88,plays_shorter,77.12,"6'5""",-1.88,plays_shorter
2021,Carvell Teasett,Northwestern St.,73754,6-1,"6'1""",73.0,74.13,"6'2""",1.13,plays_taller,74.13,"6'2""",1.13,plays_taller
2021,Austin Harvell,Tennessee Tech,73758,6-6,"6'6""",78.0,77.77,"6'6""",-0.23,plays_at_height,77.77,"6'6""",-0.23,plays_at_height
2021,Jayden Stone,Grand Canyon,73761,6-4,"6'4""",76.0,74.31,"6'2""",-1.69,plays_shorter,74.31,"6'2""",-1.69,plays_shorter
2021,Dalen Terry,Arizona,73763,6-7,"6'7""",79.0,78.3,"6'6""",-0.7,plays_at_height,78.3,"6'6""",-0.7,plays_at_height
2021,Azuolas Tubelis,Arizona,73765,6-11,"6'11""",83.0,80.53,"6'9""",-2.47,plays_shorter,80.53,"6'9""",-2.47,plays_shorter
2021,Max Klesmit,Wofford,73766,6-3,"6'3""",75.0,75.48,"6'3""",0.48,plays_at_height,75.48,"6'3""",0.48,plays_at_height
2021,Sam Godwin,Wofford,73767,6-9,"6'9""",81.0,81.21,"6'9""",0.21,plays_at_height,81.21,"6'9""",0.21,plays_at_height
2021,Kerr Kriisa,Arizona,73770,6-3,"6'3""",75.0,71.87,"6'0""",-3.13,plays_shorter,71.87,"6'0""",-3.13,plays_shorter
2021,Lachlan Bofinger,UTSA,73773,6-6,"6'6""",78.0,78.3,"6'6""",0.3,plays_at_height,78.3,"6'6""",0.3,plays_at_height
2021,Kyler Filewich,Southern Illinois,73776,6-9,"6'9""",81.0,79.36,"6'7""",-1.64,plays_shorter,79.36,"6'7""",-1.64,plays_shorter
2021,Luke Kasubke,Kansas St.,73778,6-5,"6'5""",77.0,74.61,"6'3""",-2.39,plays_shorter,74.61,"6'3""",-2.39,plays_shorter
2021,Myles Tate,Butler,73780,6-0,"6'0""",72.0,75.58,"6'4""",3.58,plays_taller,75.58,"6'4""",3.58,plays_taller
2021,Darius Harding,Northern Kentucky,73783,6-4,"6'4""",76.0,76.79,"6'5""",0.79,plays_taller,76.79,"6'5""",0.79,plays_taller
2021,Nimari Burnett,Texas Tech,73788,6-4,"6'4""",76.0,77.86,"6'6""",1.86,plays_taller,77.86,"6'6""",1.86,plays_taller
2021,RJ Davis,North Carolina,73790,6-0,"6'0""",72.0,75.87,"6'4""",3.87,plays_taller,75.87,"6'4""",3.87,plays_taller
2021,Justin Powell,Auburn,73792,6-6,"6'6""",78.0,76.43,"6'4""",-1.57,plays_shorter,76.43,"6'4""",-1.57,plays_shorter
2021,Devon Hancock,Milwaukee,73794,6-3,"6'3""",75.0,74.37,"6'2""",-0.63,plays_at_height,74.37,"6'2""",-0.63,plays_at_height
2021,C.J. Wilcher,Xavier,73795,6-5,"6'5""",77.0,75.26,"6'3""",-1.74,plays_shorter,75.26,"6'3""",-1.74,plays_shorter
2021,Dylan Cardwell,Auburn,73796,6-11,"6'11""",83.0,81.26,"6'9""",-1.74,plays_shorter,81.26,"6'9""",-1.74,plays_shorter
2021,Alex Merkviladze,Cal St. Northridge,73797,6-9,"6'9""",81.0,77.67,"6'6""",-3.33,plays_shorter,77.67,"6'6""",-3.33,plays_shorter
2021,Atin Wright,Cal St. Northridge,73800,6-1,"6'1""",73.0,73.49,"6'1""",0.49,plays_at_height,73.49,"6'1""",0.49,plays_at_height
2021,Jeff Woodward,Colgate,73805,6-11,"6'11""",83.0,80.66,"6'9""",-2.34,plays_shorter,80.66,"6'9""",-2.34,plays_shorter
2021,Kyle Jenkins,Lafayette,73806,6-7,"6'7""",79.0,76.8,"6'5""",-2.2,plays_shorter,76.8,"6'5""",-2.2,plays_shorter
2021,Mikeal Brown-Jones,VCU,73808,6-8,"6'8""",80.0,79.37,"6'7""",-0.63,plays_at_height,79.37,"6'7""",-0.63,plays_at_height
2021,Johnny Brown,Florida A&M,73809,6-9,"6'9""",81.0,77.68,"6'6""",-3.32,plays_shorter,77.68,"6'6""",-3.32,plays_shorter
2021,Sam Thomson,Colgate,73810,6-9,"6'9""",81.0,77.55,"6'6""",-3.45,plays_shorter,77.55,"6'6""",-3.45,plays_shorter
2021,Ronnie DeGray III,Massachusetts,73811,6-7,"6'7""",79.0,77.23,"6'5""",-1.77,plays_shorter,77.23,"6'5""",-1.77,plays_shorter
2021,Frantisek Barton,Mount St. Mary's,73812,6-7,"6'7""",79.0,78.73,"6'7""",-0.27,plays_at_height,78.73,"6'7""",-0.27,plays_at_height
2021,Adrian Baldwin Jr.,VCU,73814,6-0,"6'0""",72.0,75.72,"6'4""",3.72,plays_taller,75.72,"6'4""",3.72,plays_taller
2021,Deuce Turner,Bucknell,73818,6-2,"6'2""",74.0,75.83,"6'4""",1.83,plays_taller,75.83,"6'4""",1.83,plays_taller
2021,Josh Reaves,Mount St. Mary's,73819,6-4,"6'4""",76.0,73.29,"6'1""",-2.71,plays_shorter,73.29,"6'1""",-2.71,plays_shorter
2021,Dyondre Dominguez,Massachusetts,73821,6-8,"6'8""",80.0,77.02,"6'5""",-2.98,plays_shorter,77.02,"6'5""",-2.98,plays_shorter
2021,Cairo McCrory,Massachusetts,73822,6-5,"6'5""",77.0,79.45,"6'7""",2.45,plays_taller,79.45,"6'7""",2.45,plays_taller
2021,Andre Screen,Bucknell,73829,7-0,"7'0""",84.0,81.86,"6'10""",-2.14,plays_shorter,81.86,"6'10""",-2.14,plays_shorter
2021,Dakota Leffew,Mount St. Mary's,73830,6-5,"6'5""",77.0,76.04,"6'4""",-0.96,plays_shorter,76.04,"6'4""",-0.96,plays_shorter
2021,Kaodirichi Akobundu-Ehiog,UT Arlington,73831,6-9,"6'9""",81.0,83.62,"7'0""",2.62,plays_taller,83.62,"7'0""",2.62,plays_taller
2021,Javohn Garcia,Massachusetts,73832,6-2,"6'2""",74.0,75.87,"6'4""",1.87,plays_taller,75.87,"6'4""",1.87,plays_taller
2021,DaJion Humphrey,Holy Cross,73835,6-4,"6'4""",76.0,74.48,"6'2""",-1.52,plays_shorter,74.48,"6'2""",-1.52,plays_shorter
2021,Judson Martindale,Holy Cross,73839,6-6,"6'6""",78.0,76.35,"6'4""",-1.65,plays_shorter,76.35,"6'4""",-1.65,plays_shorter
2021,Miles Brewster,Boston University,73841,6-3,"6'3""",75.0,73.92,"6'2""",-1.08,plays_shorter,73.92,"6'2""",-1.08,plays_shorter
2021,Jalin Sinclair,Lehigh,73843,5-10,"5'10""",70.0,74.3,"6'2""",4.3,plays_taller,74.3,"6'2""",4.3,plays_taller
2021,R.J. Johnson,Holy Cross,73844,6-1,"6'1""",73.0,73.65,"6'2""",0.65,plays_at_height,73.65,"6'2""",0.65,plays_at_height
2021,Bo Montgomery,Holy Cross,73845,6-5,"6'5""",77.0,74.21,"6'2""",-2.79,plays_shorter,74.21,"6'2""",-2.79,plays_shorter
2021,Christian Lorng,American,73848,6-9,"6'9""",81.0,78.17,"6'6""",-2.83,plays_shorter,78.17,"6'6""",-2.83,plays_shorter
2021,Johnny O'Neil,American,73849,6-9,"6'9""",81.0,79.08,"6'7""",-1.92,plays_shorter,79.08,"6'7""",-1.92,plays_shorter
2021,Matt Rogers,American,73850,6-9,"6'9""",81.0,79.06,"6'7""",-1.94,plays_shorter,79.06,"6'7""",-1.94,plays_shorter
2021,Jalen Rucker,Army,73854,5-10,"5'10""",70.0,74.44,"6'2""",4.44,plays_taller,74.44,"6'2""",4.44,plays_taller
2021,Nehemie Kabeya,North Carolina Central,73864,6-9,"6'9""",81.0,78.0,"6'6""",-3.0,plays_shorter,78.0,"6'6""",-3.0,plays_shorter
2021,Charlie Peterson,Army,73866,6-9,"6'9""",81.0,79.17,"6'7""",-1.83,plays_shorter,79.17,"6'7""",-1.83,plays_shorter
2021,Jared Cross,Army,73867,6-3,"6'3""",75.0,74.67,"6'3""",-0.33,plays_at_height,74.67,"6'3""",-0.33,plays_at_height
2021,Nigel Scantlebury,Central Connecticut,73871,6-0,"6'0""",72.0,74.74,"6'3""",2.74,plays_taller,74.74,"6'3""",2.74,plays_taller
2021,Jamir Watkins,VCU,73872,6-7,"6'7""",79.0,77.31,"6'5""",-1.69,plays_shorter,77.31,"6'5""",-1.69,plays_shorter
2021,Alonso Faure,Loyola MD,73877,6-10,"6'10""",82.0,79.22,"6'7""",-2.78,plays_shorter,79.22,"6'7""",-2.78,plays_shorter
2021,Wade Jackson,Loyola MD,73882,6-3,"6'3""",75.0,74.77,"6'3""",-0.23,plays_at_height,74.77,"6'3""",-0.23,plays_at_height
2021,Quadry Adams,Wake Forest,73883,6-3,"6'3""",75.0,76.26,"6'4""",1.26,plays_taller,76.26,"6'4""",1.26,plays_taller
2021,Tre Mitchell,Central Connecticut,73884,6-3,"6'3""",75.0,74.51,"6'3""",-0.49,plays_at_height,74.51,"6'3""",-0.49,plays_at_height
2021,Dominic Parolin,Lehigh,73885,6-8,"6'8""",80.0,78.59,"6'7""",-1.41,plays_shorter,78.59,"6'7""",-1.41,plays_shorter
2021,Ben Li,Lehigh,73887,6-6,"6'6""",78.0,77.43,"6'5""",-0.57,plays_at_height,77.43,"6'5""",-0.57,plays_at_height
2021,Emmanuel Okpomo,Wake Forest,73889,6-10,"6'10""",82.0,82.01,"6'10""",0.01,plays_at_height,82.01,"6'10""",0.01,plays_at_height
2021,Lorenzo Donadio,American,73890,6-4,"6'4""",76.0,74.78,"6'3""",-1.22,plays_shorter,74.78,"6'3""",-1.22,plays_shorter
2021,Josh Banks,VCU,73891,6-5,"6'5""",77.0,75.64,"6'4""",-1.36,plays_shorter,75.64,"6'4""",-1.36,plays_shorter
2021,Floyd Rideau Jr.,South Carolina St.,74024,6-5,"6'5""",77.0,76.29,"6'4""",-0.71,plays_at_height,76.29,"6'4""",-0.71,plays_at_height
2021,Stephan Swenson,Stetson,74051,6-2,"6'2""",74.0,74.31,"6'2""",0.31,plays_at_height,74.31,"6'2""",0.31,plays_at_height
2021,Latavian Lawrence,South Carolina St.,74060,6-6,"6'6""",78.0,77.63,"6'6""",-0.37,plays_at_height,77.63,"6'6""",-0.37,plays_at_height
2021,Dylan Penn,Bellarmine,74063,6-3,"6'3""",75.0,76.43,"6'4""",1.43,plays_taller,76.43,"6'4""",1.43,plays_taller
2021,Alec Pfriem,Bellarmine,74066,6-5,"6'5""",77.0,76.92,"6'5""",-0.08,plays_at_height,76.92,"6'5""",-0.08,plays_at_height
2021,Jamille Reynolds,UCF,74068,6-9,"6'9""",81.0,79.36,"6'7""",-1.64,plays_shorter,79.36,"6'7""",-1.64,plays_shorter
2021,Isaiah Adams,UCF,74069,6-6,"6'6""",78.0,78.06,"6'6""",0.06,plays_at_height,78.06,"6'6""",0.06,plays_at_height
2021,Malik Edmead,Merrimack,74071,5-10,"5'10""",70.0,75.84,"6'4""",5.84,plays_taller,75.84,"6'4""",5.84,plays_taller
2021,Nick Thelen,Bellarmine,74073,6-7,"6'7""",79.0,78.27,"6'6""",-0.73,plays_at_height,78.27,"6'6""",-0.73,plays_at_height
2021,CJ Fleming,Bellarmine,74074,6-0,"6'0""",72.0,75.12,"6'3""",3.12,plays_taller,75.12,"6'3""",3.12,plays_taller
2021,Bash Wieland,Bellarmine,74077,6-6,"6'6""",78.0,75.87,"6'4""",-2.13,plays_shorter,75.87,"6'4""",-2.13,plays_shorter
2021,Jemal Davis,South Carolina St.,74079,6-9,"6'9""",81.0,80.65,"6'9""",-0.35,plays_at_height,80.65,"6'9""",-0.35,plays_at_height
2021,Themus Fulks,South Carolina St.,74080,6-1,"6'1""",73.0,74.29,"6'2""",1.29,plays_taller,74.29,"6'2""",1.29,plays_taller
2021,Sebastian Guitian,South Carolina St.,74084,6-10,"6'10""",82.0,76.42,"6'4""",-5.58,plays_shorter,76.42,"6'4""",-5.58,plays_shorter
2021,Vuk Stevanic,St. Francis NY,74086,6-8,"6'8""",80.0,76.69,"6'5""",-3.31,plays_shorter,76.69,"6'5""",-3.31,plays_shorter
2021,David Muenkat,St. Francis NY,74087,6-7,"6'7""",79.0,78.59,"6'7""",-0.41,plays_at_height,78.59,"6'7""",-0.41,plays_at_height
2021,DeLonnie Hunt,Wagner,74096,6-0,"6'0""",72.0,74.85,"6'3""",2.85,plays_taller,74.85,"6'3""",2.85,plays_taller
2021,Zahree Harrison,Saint Francis,74099,6-0,"6'0""",72.0,74.1,"6'2""",2.1,plays_taller,74.1,"6'2""",2.1,plays_taller
2021,Ronell Giles Jr.,Saint Francis,74100,6-4,"6'4""",76.0,75.19,"6'3""",-0.81,plays_shorter,75.19,"6'3""",-0.81,plays_shorter
2021,Maxwell Land,Saint Francis,74101,6-4,"6'4""",76.0,76.65,"6'5""",0.65,plays_at_height,76.65,"6'5""",0.65,plays_at_height
2021,Treylan Smith,Mississippi Valley St.,74109,6-4,"6'4""",76.0,75.0,"6'3""",-1.0,plays_shorter,75.0,"6'3""",-1.0,plays_shorter
2021,Alex Perry,Mississippi Valley St.,74110,6-6,"6'6""",78.0,73.84,"6'2""",-4.16,plays_shorter,73.84,"6'2""",-4.16,plays_shorter
2021,Carlos Rosario,McNeese St.,74111,6-8,"6'8""",80.0,77.17,"6'5""",-2.83,plays_shorter,77.17,"6'5""",-2.83,plays_shorter
2021,Joseph Octave,Air Force,74114,6-4,"6'4""",76.0,77.86,"6'6""",1.86,plays_taller,77.86,"6'6""",1.86,plays_taller
2021,Glen McClintock,Air Force,74115,6-2,"6'2""",74.0,75.21,"6'3""",1.21,plays_taller,75.21,"6'3""",1.21,plays_taller
2021,Sion James,Tulane,74127,6-5,"6'5""",77.0,77.42,"6'5""",0.42,plays_at_height,77.42,"6'5""",0.42,plays_at_height
2021,Elijah Allen,Wagner,74128,6-2,"6'2""",74.0,73.87,"6'2""",-0.13,plays_at_height,73.87,"6'2""",-0.13,plays_at_height
2021,Majok Madol,South Carolina St.,74129,6-10,"6'10""",82.0,76.56,"6'5""",-5.44,plays_shorter,76.56,"6'5""",-5.44,plays_shorter
2021,Keiondre Jefferson,Mississippi Valley St.,74131,6-6,"6'6""",78.0,77.1,"6'5""",-0.9,plays_shorter,77.1,"6'5""",-0.9,plays_shorter
2021,Ronald Williams,Mississippi Valley St.,74132,6-8,"6'8""",80.0,75.0,"6'3""",-5.0,plays_shorter,75.0,"6'3""",-5.0,plays_shorter
2021,Donalson Fanord,Mississippi Valley St.,74133,6-9,"6'9""",81.0,79.28,"6'7""",-1.72,plays_shorter,79.28,"6'7""",-1.72,plays_shorter
2021,Terry Collins,Mississippi Valley St.,74134,6-3,"6'3""",75.0,74.98,"6'3""",-0.02,plays_at_height,74.98,"6'3""",-0.02,plays_at_height
2021,Devin Gordon,Mississippi Valley St.,74135,6-4,"6'4""",76.0,74.72,"6'3""",-1.28,plays_shorter,74.72,"6'3""",-1.28,plays_shorter
2021,Kam'ron Cunningham,Mississippi Valley St.,74137,6-7,"6'7""",79.0,75.41,"6'3""",-3.59,plays_shorter,75.41,"6'3""",-3.59,plays_shorter
2021,Hezekiah Quinlan,Jackson St.,74142,6-7,"6'7""",79.0,74.25,"6'2""",-4.75,plays_shorter,74.25,"6'2""",-4.75,plays_shorter
2021,Heri Ngalamulume,Tarleton St.,74146,6-9,"6'9""",81.0,79.21,"6'7""",-1.79,plays_shorter,79.21,"6'7""",-1.79,plays_shorter
2021,Austin Patterson,Wofford,74165,6-3,"6'3""",75.0,74.67,"6'3""",-0.33,plays_at_height,74.67,"6'3""",-0.33,plays_at_height
2021,Ty Harper,Louisiana,74169,6-3,"6'3""",75.0,75.02,"6'3""",0.02,plays_at_height,75.02,"6'3""",0.02,plays_at_height
2021,Ambaka Le Gregam,Presbyterian,74182,6-4,"6'4""",76.0,74.1,"6'2""",-1.9,plays_shorter,74.1,"6'2""",-1.9,plays_shorter
2021,Mustapha Amzil,Dayton,74187,6-10,"6'10""",82.0,77.41,"6'5""",-4.59,plays_shorter,77.41,"6'5""",-4.59,plays_shorter
2021,Carter Whitt,Wake Forest,74190,6-4,"6'4""",76.0,74.28,"6'2""",-1.72,plays_shorter,74.28,"6'2""",-1.72,plays_shorter
2021,Leandre Howard,Mississippi Valley St.,74194,7-1,"7'1""",85.0,78.8,"6'7""",-6.2,plays_shorter,78.8,"6'7""",-6.2,plays_shorter
2021,Karl Nicholas,Texas Southern,74202,6-8,"6'8""",80.0,81.0,"6'9""",1.0,plays_taller,81.0,"6'9""",1.0,plays_taller
2021,Franck Kepnang,Oregon,74203,6-11,"6'11""",83.0,82.28,"6'10""",-0.72,plays_at_height,82.28,"6'10""",-0.72,plays_at_height
2021,David Jones,DePaul,74217,6-6,"6'6""",78.0,77.12,"6'5""",-0.88,plays_shorter,77.12,"6'5""",-0.88,plays_shorter
2021,Mac Etienne,UCLA,74218,6-9,"6'9""",81.0,79.65,"6'8""",-1.35,plays_shorter,79.65,"6'8""",-1.35,plays_shorter
