season,player,team,source_conference,class,A10,ACC,AE,AMER,ASUN,B10,B12,BE,BSKY,BSTH,BW,CAA,CUSA,GWC,HORZ,IND,Ivy,MAAC,MAC,MEAC,Mountain West,MVC,NEC,OVC,P10,P12,PAT,SB,SC,SEC,SLND,SUM,SWAC,WAC,WCC
2026,Cade Hornecker,Abilene Christian,WAC,Junior,C-,D+,C+,C-,C+,D+,D+,D+,C+,B-,C+,C+,C,B+,C+,B-,C+,C+,C,B,C-,C,B-,C+,C-,D+,B-,C+,C+,D+,B-,C+,B,C,C-
2026,Cbo Newton,Abilene Christian,WAC,Sophomore,C,C,C+,C,C+,C,C,C,C+,B-,C+,C+,C+,B+,C+,B-,B-,C+,C,B-,C+,C+,C+,C+,C-,C+,C+,C+,C+,C,C+,C+,B-,C+,C+
2026,Christian Alston,Abilene Christian,WAC,Sophomore,D+,D,C,D,C-,D,D,D,C-,C,C-,D+,D+,C+,D+,C,C-,C-,D+,C+,D,D+,C,C-,D,D,C,C-,C-,D,C,D+,C+,D+,D
2026,Isaac Dye,Abilene Christian,WAC,Freshman,D+,D+,C,C-,C-,D+,D+,D+,C,C,C-,C-,C-,C+,D+,C+,C,C-,D+,C,C-,D+,C-,C-,D-,D+,C-,C-,C,D+,C,C-,C+,C-,C-
2026,Joseph Scott,Abilene Christian,WAC,Junior,C-,C-,C,C-,C+,C-,D+,C-,C,C,C,C-,C,C+,C-,C+,C+,C,C-,C+,C,C-,C,C,D,C-,C,C,C,C-,C+,C-,C+,C,C-
2026,Ma'Shy Hill,Abilene Christian,WAC,Junior,D+,D+,C-,D+,C-,D,D+,D+,C-,C-,D+,D+,D+,D,D+,C,C-,C-,D+,C,D+,D+,C-,D+,F,D+,C-,D+,C,D+,C-,D+,C,C-,D+
2026,Yaniel Rivera,Abilene Christian,WAC,Junior,D+,D+,C+,D+,C,D,D,D,C,C+,C,C,C-,A-,C-,B-,C,C,C-,B-,D+,C-,C+,C,C,D,C+,C-,C,D+,C+,C,B-,C-,D+
2026,AJ Patterson,Air Force,MWC,Sophomore,D-,D-,D,D-,D,D-,D-,D-,D,D,D,D,D,D,D-,D+,D,D,D-,D+,D-,D-,D,D,F,D-,D,D-,D,D-,D,D-,D+,D-,D-
2026,Caleb Walker,Air Force,MWC,Junior,D+,D+,C+,D+,C+,D,D,D,C,C+,C,C,C-,B+,C,B-,C,C,C-,B-,D+,D+,C+,C+,C-,D+,C+,C,C,D+,C+,C,B-,C-,D+
2026,Chris Catchings,Air Force,MWC,Freshman,C,C-,C+,C-,C,C-,D+,D+,C,C+,C,C,C-,C+,C-,C+,C+,C,C,C+,C,C-,C,C,D,C-,C,C,C,C-,C,C,C+,C,C-
2026,Eli Robinson,Air Force,MWC,Sophomore,D,D,C-,D,D+,D,D,D-,D+,C-,D+,D+,D+,B,D+,C,C-,D+,D+,C+,D,D,C-,D+,D+,D,C-,D+,D+,D,C,D+,C,D+,D
2026,Ethan Greenberg,Air Force,MWC,Freshman,D,D,D+,D,D+,D-,D-,D-,D+,C-,D+,D+,D+,B-,D+,C,D+,D+,D,C,D,D,C-,D+,D,D,C-,D,D+,D-,C-,D+,C,D,D
2026,Justin Hinds,Air Force,MWC,Freshman,D-,D-,D,D-,D,D-,D-,D-,D,D,D,D,D,D,D,D+,D,D,D,D+,D-,D-,D+,D,D-,D-,D+,D,D+,D-,D+,D,C-,D,D-
2026,Kam Sanders,Air Force,MWC,Freshman,D+,D+,C+,D+,C,D,D,D,C,C+,C-,C,C-,B+,C-,B-,C,C,C-,B-,D+,D+,C+,C,C-,D+,C+,C-,C,D,C+,C-,B-,C-,D+
2026,Kolby Gilles,Air Force,MWC,Junior,D-,D-,D-,D-,D,D-,D-,D-,D-,D,D-,D-,D-,D-,D-,D+,D,D,D-,D,D-,D-,D,D-,F,D-,D,D-,D,D-,D,D-,D,D-,D-
2026,Lucas Hobin,Air Force,MWC,Freshman,D,D,D+,D,D+,D-,D-,D-,D+,D+,D+,D+,D,C+,D,C,D+,D+,D,C-,D,D,D+,D,D,D,D+,D,D+,D-,D+,D,C,D,D
2026,Riley Dering,Air Force,MWC,Freshman,C+,C+,C+,C+,B-,C,C,C,B-,B-,C+,C+,C+,B+,C+,B-,B-,C+,C,B-,C+,C,B-,C+,C-,C+,B-,C+,B-,C,B-,C+,B,C+,C+
2026,Wesley Celichowski,Air Force,MWC,Junior,D,D,D+,D,D+,D-,D-,D-,D+,D+,D,D+,D,C,D,C-,D+,D+,D,C-,D-,D,D+,D,D-,D,D+,D,D+,D-,D+,D,C,D,D-
2026,Eric Mahaffey,Akron,MAC,Sophomore,B+,B-,A,B+,A,B-,B-,B,A,A,A,A-,B+,A+,A,A+,A,A,A-,A+,B+,B+,A,A,B,B,A,A-,A-,B,A,A,A+,A-,B+
2026,Marvin Musiime-Kamali,Akron,MAC,Junior,C+,C+,B-,C+,B-,C+,C,C+,B-,B-,C+,B-,C+,A,C+,B-,B-,B-,C+,B,C+,C+,B-,C+,C,C+,B-,B-,B-,C,B-,B-,B,B-,C+
2026,Sharron Young,Akron,MAC,Sophomore,B-,C+,B+,B-,B,C,C,C,B,B+,B,B,B-,A+,B,B+,B,B,B,A-,B-,B-,B+,B+,B-,C+,B+,B,B,C,B+,B+,A-,B,C+
2026,Zach Halligan,Akron,MAC,Junior,C+,C-,B,C+,B,C-,D+,C-,B-,B,B-,B-,C+,B+,B-,B+,B-,B-,C+,B+,C+,C+,B,B-,C,C,B,B-,B-,C-,B,B-,B+,B-,C
2026,Aden Holloway,Alabama,SEC,Junior,A+,A,A+,A+,A+,A,A+,A,A+,A+,A+,A+,A+,A+,A+,A+,A+,A+,A+,A+,A+,A+,A+,A+,A+,A,A+,A+,A+,A+,A+,A+,A+,A+,A+
2026,Aiden Sherrell,Alabama,SEC,Sophomore,A,A,A+,A,A+,A,A,A,A+,A+,A+,A+,A+,A+,A+,A+,A+,A+,A+,A+,A+,A+,A+,A+,A+,A,A+,A+,A+,A,A+,A+,A+,A+,A
2026,Amari Allen,Alabama,SEC,Freshman,A-,B+,A+,A-,A+,B+,B+,B+,A+,A+,A+,A,A,A+,A+,A+,A+,A+,A,A+,A,A,A+,A+,A,A-,A+,A+,A,B+,A+,A+,A+,A,A-
2026,Davion Hannah,Alabama,SEC,Freshman,C+,C,B-,C+,B-,C,C,C,B-,B-,C+,C+,C+,A-,C+,B-,B-,C+,C+,B-,C+,C+,C+,C+,C,C+,B-,C+,B-,C,B-,C+,B,C+,C+
2026,Jacob Martin,Alabama,SEC,Freshman,A-,B+,A,B+,A,B+,B+,B+,A,A,A,A-,A-,A+,A,A,A-,A-,A-,A,A-,B+,A,A-,A+,B+,A-,A-,A-,B+,A,A,A+,A,B+
2026,Jalil Bethea,Alabama,SEC,Sophomore,C+,C+,B-,C+,B-,C+,C+,C+,B-,B,B-,B-,C+,A+,C+,B,B,B-,C+,B,B-,C+,B-,B-,B-,C+,B-,B-,B-,C+,B,B-,B,B-,C+
2026,Keitenn Bristow,Alabama,SEC,Sophomore,C+,C+,B-,C+,B-,C,C,C,B-,B-,C+,C+,C+,B+,C+,B-,B-,B-,C,B-,C+,C+,B-,C+,C,C+,B-,B-,B-,C,B-,C+,B,B-,C+
2026,Labaron Philon,Alabama,SEC,Sophomore,A+,A+,A+,A+,A+,A+,A+,A+,A+,A+,A+,A+,A+,A+,A+,A+,A+,A+,A+,A+,A+,A+,A+,A+,A+,A+,A+,A+,A+,A+,A+,A+,A+,A+,A+
2026,London Jemison,Alabama,SEC,Freshman,B+,B-,A,B,A,B-,B-,B-,A-,A,A-,A-,B+,A+,A-,A,A-,A-,B+,A,B+,B+,A,A-,B,B,A,A-,A-,B-,A-,A-,A+,A-,B
2026,Preston Murphy Jr.,Alabama,SEC,Junior,D+,D+,C-,D+,C-,D+,D,D+,D+,C-,C-,C-,D+,D+,D+,C,C,C-,D+,C-,C-,D+,D+,D+,D-,D+,C-,D+,C-,D+,D+,D+,C,C-,D+
2026,Taylor Bol Bowen,Alabama,SEC,Junior,B,B-,A,B,A-,B-,B-,B-,A-,A,A-,B+,B+,A+,A-,A,A-,A-,B+,A,B,B+,A,A-,B+,B,A-,A-,B+,B-,A-,A-,A+,B+,B
2026,Angok Anyang,Alabama A&M,SWAC,Junior,D+,D+,C-,D+,C,D+,D+,D+,C-,C-,C-,C-,D+,C-,C-,C,C,C-,D+,C,D+,D+,C-,C-,D-,D+,C-,C-,C-,D+,C,D+,C+,C-,D+
2026,Bilal Abdur-Rahman,Alabama A&M,SWAC,Junior,C+,C,B,C+,B,C-,C-,C,B,B,B,B-,B-,A,B-,B+,B,B,B-,B+,C+,C+,B+,B,C,C,B,B-,B,C,B,B,A-,B-,C+
2026,Gabe Kincy,Alabama A&M,SWAC,Junior,D,D,D+,D,D+,D-,D-,D-,D+,D+,D+,D+,D,C-,D,C,D+,D+,D,C,D,D,C-,D,D-,D,D+,D,D+,D-,C-,D,C,D,D
2026,Jalen Carruth,Alabama A&M,SWAC,Junior,C,C-,C+,C-,C+,C-,C-,C-,C+,C+,C,C,C,B,C-,B-,C+,C+,C-,C+,C,C-,C,C,D+,C-,C,C,C+,C-,C+,C,B-,C,C-
2026,James Graham,Alabama A&M,SWAC,Junior,D+,D+,C+,D+,C+,D,D,D,C,C+,C-,C,C-,B,C,B-,C+,C,C-,B-,D+,D+,C+,C+,D+,D+,C+,C,C,D,C+,C,B-,C-,D+
2026,Koron Davis,Alabama A&M,SWAC,Junior,D+,D+,C,D+,C,D,D,D,C,C+,C-,C-,C-,B,C-,B-,C,C,C-,B-,D+,D+,C+,C,D+,D+,C+,C,C,D,C+,C-,B-,C-,D+
2026,Louis Hutchinson,Alabama A&M,SWAC,Junior,D+,D,C,D+,C-,D,D,D,C-,C,C-,D+,D+,B-,C-,C+,C-,C-,D+,C+,D,D+,C,C-,D,D,C,D+,C,D,C,C-,C+,D+,D+
2026,Samuel Onu,Alabama A&M,SWAC,Junior,D+,D+,C-,D+,D+,D,D,D,D+,C-,D+,D+,D+,D,D+,C,C-,D+,D,C-,D+,D,D+,D+,F,D+,D+,D+,C-,D+,C-,D+,C,D+,D+
2026,Cam Palesse,Alabama St.,SWAC,Junior,D,D,D+,D,D+,D-,D-,D-,D+,C-,D+,D+,D+,C+,D+,C,D+,D+,D,C,D,D,C-,D+,D,D,D+,D,D+,D,C-,D,C,D,D
2026,Damarien Yates,Alabama St.,SWAC,Junior,C+,C+,B-,C+,B-,C+,C+,C+,B-,B-,B-,B-,C+,A,C+,B,B,B-,C+,B,B-,C+,B-,B-,C+,C+,B-,B-,B-,C+,B-,B-,B,B-,C+
2026,Jerquarius Stanback,Alabama St.,SWAC,Sophomore,C-,D+,C+,C-,C+,D+,D+,D+,C+,C+,C+,C+,C,B+,C+,B,C+,C+,C,B,C-,C,B-,C+,C-,D+,B-,C+,C+,D+,B-,C+,B,C,C-
2026,R'Chaun King,Alabama St.,SWAC,Freshman,C-,D+,C+,D+,C+,D,D,D,C+,C+,C,C,C-,B-,C,B-,C+,C+,C-,B-,C-,C-,C+,C+,D,D+,C+,C,C+,D+,C+,C,B-,C,D+
2026,Tyler Byrd,Alabama St.,SWAC,Junior,C,C-,B-,C,B-,D+,D+,D+,B-,B-,C+,B-,C+,A,C+,B,B-,B-,C+,B,C,C+,B-,B-,C,C-,B-,B-,B-,C-,B,B-,B+,C+,C
2026,Tyler Mason,Alabama St.,SWAC,Junior,D+,C-,C,C-,C,D+,D+,D+,C,C,C-,C-,C-,C+,C-,C+,C,C-,D+,C+,C-,D+,C-,C-,D-,C-,C-,C-,C,D+,C,C-,C+,C-,C-
2026,Abdoulaye Fall,Albany,AE,Junior,C-,C-,C,C-,C,C-,C-,D+,C,C,C,C-,C-,C+,C-,C+,C+,C,C-,C+,C,C-,C,C-,D,C-,C,C-,C,C-,C,C-,C+,C,C-
2026,Amir Lindsey,Albany,AE,Sophomore,C,C-,B-,C-,C+,D+,D+,D+,B-,B-,C+,C+,C,A-,C+,B,C+,C+,C+,B,C,C,B-,B-,C,D+,B-,C+,C+,D+,B-,C+,B,C,C-
2026,Jaden Kempson,Albany,AE,Junior,D,D,D+,D,D+,D-,D-,D-,D+,C-,D+,D+,D+,C+,D+,C,D+,D+,D,C,D,D,C-,D+,D,D,D+,D+,D+,D,C-,D+,C,D,D
2026,Ma'Kye Taylor,Albany,AE,Sophomore,D-,D-,D,D-,D,D-,D-,D-,D,D,D,D,D,D,D,D+,D,D,D,D+,D-,D-,D,D,F,D-,D,D,D,D-,D,D-,D+,D-,D-
2026,Miles Rose,Albany,AE,Sophomore,D-,D-,D-,D-,D-,D-,D-,D-,D-,D,D-,D-,D-,D-,D-,D,D,D-,D-,D,F,D-,D,D-,F,D-,D,D-,D-,D-,D-,D-,D,D-,D-
2026,Nasir Muhammad,Albany,AE,Junior,D+,C-,C,C-,C-,D+,D+,D+,C-,C,C-,C-,C-,C,D+,C,C,C-,C-,C,C-,C-,C-,C-,D-,C-,C,C-,C,D+,C-,C-,C,C-,C-
2026,Tarique Foster,Albany,AE,Junior,D,D,C-,D,C-,D,D,D,D+,C-,D+,D+,D+,B,D+,C+,C-,C-,D+,C,D,D,C-,D+,D,D,C-,D+,C-,D,C,D+,C+,D+,D
2026,Zach Matulu,Albany,AE,Junior,C-,D+,C+,C-,C+,D+,D+,D+,C+,B-,C+,C+,C,B+,C+,B,C+,C+,C,B,C-,C,B-,C+,C,D+,B-,C+,C+,D+,B-,C+,B,C,C-
2026,Bryson Calamese,Alcorn St.,SWAC,Junior,D-,D-,D,D-,D,D-,D-,D-,D-,D,D-,D,D-,D-,D-,D+,D,D,D-,D,D-,D-,D,D-,F,D-,D,D-,D,D-,D,D-,D,D-,D-
2026,Davian Williams,Alcorn St.,SWAC,Sophomore,D-,D-,D,D-,D,D-,D-,D-,D,D+,D,D,D,C+,D,C-,D,D,D,D+,D-,D-,D+,D,D,D-,D,D,D+,D-,D+,D,D+,D,D-
2026,Jameel Morris,Alcorn St.,SWAC,Junior,D+,D+,C,D+,C,D,D,D,C,C+,C-,C-,C-,B,C-,B-,C,C,C-,B-,D+,D+,C+,C,D+,D,C,C-,C,D,C+,C-,B-,D+,D+
2026,Jeremy Ellis,Alcorn St.,SWAC,Junior,D+,D+,C,D+,C-,D+,D+,D+,C-,C,C-,C-,D+,C-,D+,C,C,C-,D+,C,C-,D+,C-,C-,D-,D+,C-,C-,C,D+,C,C-,C+,C-,D+
2026,Mike Jones,Alcorn St.,SWAC,Freshman,D+,D+,C-,D+,C,D+,D+,D+,C-,C,C-,C-,C-,C-,C-,C,C,C-,D+,C+,C-,D+,C-,C-,D-,D+,C,C-,C,D+,C,C-,C+,C-,C-
2026,Nick Woodard,Alcorn St.,SWAC,Junior,D-,D-,D,D-,D,D-,D-,D-,D,D,D,D,D,C,D,C-,D,D,D,C-,D-,D-,D+,D,D-,D-,D,D,D,D-,D+,D,D+,D,D-
2026,Shane Lancaster,Alcorn St.,SWAC,Junior,D+,D,C,D+,C,D,D,D,C,C,C-,C-,D+,B+,C-,C+,C,C-,C-,C+,D+,D+,C+,C-,C-,D,C,C-,C,D,C+,C-,C+,D+,D+
2026,Tycen McDaniels,Alcorn St.,SWAC,Junior,D+,D,C-,D,C-,D,D,D,C-,C-,C-,C-,D+,B,C-,C+,C-,C-,D+,C+,D+,D+,C,C-,D+,D,C,C-,C-,D,C,C-,C+,D+,D
2026,William Henderson,Alcorn St.,SWAC,Junior,D,D,D+,D,D+,D,D,D,D+,D+,D+,D+,D+,D-,D,C-,C-,D+,D,C-,D+,D,D+,D+,F,D,D+,D,C-,D,D+,D,C-,D+,D
2026,Chris Eagan,American,Pat,Freshman,D-,D-,D-,D-,D-,D-,D-,D-,D-,D,D-,D-,D-,F,D-,D,D,D-,D-,D,F,D-,D,D-,F,D-,D,D-,D,D-,D,D-,D,D-,D-
2026,Dean Hogans,American,Pat,Freshman,D+,D+,D+,D,D+,D+,D,D,D+,C-,D+,D+,D+,D,D+,C,C-,D+,D,C-,D+,D+,D+,D+,F,D+,D+,D+,D+,D,D+,D+,C,D+,D+
2026,Greg Jones,American,Pat,Junior,C-,D+,C+,C-,C+,D+,D+,D+,C+,B-,C+,C+,C,B,C,B,C+,C+,C,B,C-,C,B-,C+,D+,D+,B-,C+,C+,D+,B-,C+,B,C,C-
2026,Jack Anderson,American,Pat,Freshman,D,D,D,D-,D,D,D-,D-,D,D,D,D,D,F,D-,D,D,D,D-,D,D,D-,D,D-,F,D,D,D-,D,D,D,D-,D+,D-,D-
2026,Julen Iturbe,American,Pat,Sophomore,C,C-,B-,C,B-,D+,D+,D+,B-,B-,C+,C+,C+,A-,C+,B,B-,B-,C+,B,C,C,B-,B-,C,C-,B-,B-,B-,C-,B,B-,B,C+,C
2026,Kade Sebastian,American,Pat,Freshman,C,C-,B-,C,B-,D+,D+,D+,B-,B-,B-,C+,C+,B+,C+,B+,B-,B-,C+,B,C,C+,B,B-,C-,C-,B-,C+,B-,C-,B,B-,B+,C+,C
2026,Madden Collins,American,Pat,Freshman,B-,C+,B,C+,B,C,C,C,B,B+,B,B,B-,A+,B,B+,B,B,B,A-,B-,B-,B+,B,B+,C+,B+,B,B,C,B+,B,A-,B-,C+
2026,Matt Mayock,American,Pat,Junior,C-,D+,C+,C-,C+,D+,D,D,C+,C+,C,C,C,B+,C,B-,C+,C+,C,B-,C-,C-,C+,C+,C,D+,C+,C,C+,D+,B-,C,B-,C,D+
2026,Matthew Casey,American,Pat,Freshman,D-,D-,D-,D-,D-,D-,D-,D-,D-,D-,D-,D-,D-,F,D-,D-,D,D-,D-,D-,D-,D-,D-,D-,F,D-,D-,D-,D-,D-,D-,D-,D,D-,D-
2026,Wyatt Nausadis,American,Pat,Sophomore,D,D,C-,D,C-,D,D,D,C-,C,D+,C-,D+,B-,D+,C+,C-,C-,D+,C+,D,D+,C,C-,D,D,C-,D+,C-,D,C,D+,C+,D+,D
2026,Andrin Njock,Appalachian St.,SB,Freshman,C+,C+,B-,C+,B-,C,C,C,B-,B-,C+,C+,C+,A-,C+,B-,B-,C+,C+,B-,C+,C+,C+,C+,C,C+,B-,C+,B-,C,B-,C+,B,C+,C+
2026,Chad Moodie,Appalachian St.,SB,Junior,D+,D,C,D,C-,D,D,D,C-,C,D+,D+,D+,B,C-,C+,C-,C-,D+,C+,D+,D+,C,C-,D,D,C,C-,C,D,C+,C-,C+,D+,D
2026,Eren Banks,Appalachian St.,SB,Junior,D+,D,C,D+,C,D,D,D,C,C,C-,C-,D+,C+,C-,C+,C-,C-,D+,C+,D+,D+,C,C-,D,D,C,D+,C,D,C,C-,C+,D+,D
2026,Jacari Brim,Appalachian St.,SB,Freshman,D+,D+,C-,D+,C-,D+,D+,D+,C-,C-,C-,C-,D+,C-,D+,C,C,C-,D+,C,D+,D+,C-,D+,D-,D+,C-,D+,C-,D+,D+,C-,C,C-,D+
2026,Jason Clarke Jr.,Appalachian St.,SB,Sophomore,C-,C-,C+,C,C+,C-,C-,D+,C,C+,C+,C,C,B,C-,C+,C+,C,C,C+,C,C,C,C,D,C-,C+,C,C+,C-,C+,C,C+,C,C-
2026,Luke Wilson,Appalachian St.,SB,Sophomore,B,C+,B+,B-,B+,C+,C+,C+,B+,B+,B+,B+,B,A+,B+,A,B+,B+,B,A,B,B,A-,B+,B,B-,A-,B+,B+,C+,A-,B+,A,B,B-
2026,Michael Marcus Jr.,Appalachian St.,SB,Sophomore,C+,C,B,C+,B,C-,C-,C-,B,B,B-,B-,C+,B+,B-,B+,B,B-,C+,B+,C+,C+,B,B,C-,C,B,B-,B-,C-,B,B-,B+,B-,C
2026,Brayden Burries,Arizona,B12,Freshman,A+,A+,A+,A+,A+,A+,A+,A+,A+,A+,A+,A+,A+,A+,A+,A+,A+,A+,A+,A+,A+,A+,A+,A+,A+,A+,A+,A+,A+,A+,A+,A+,A+,A+,A+
2026,Dwayne Aristode,Arizona,B12,Freshman,A-,B+,A+,A-,A+,B+,B+,B+,A+,A+,A,A,A,A+,A,A+,A+,A+,A,A+,A-,A,A+,A,A,A-,A,A,A,B+,A+,A+,A+,A,A-
2026,Ivan Kharchenkov,Arizona,B12,Freshman,A,A-,A+,A,A+,A-,A-,A-,A+,A+,A+,A+,A,A+,A+,A+,A+,A+,A+,A+,A,A,A+,A+,A+,A,A+,A+,A+,A-,A+,A+,A+,A+,A
2026,Jackson Cook,Arizona,B12,Junior,D,D,D,D,D,D-,D-,D-,D,D,D,D,D,F,D-,D+,D,D,D,D,D,D,D,D-,F,D,D,D,D,D,D,D,D+,D,D
2026,Koa Peat,Arizona,B12,Freshman,A,A,A+,A,A+,A-,A,A,A+,A+,A+,A+,A+,A+,A+,A+,A+,A+,A+,A+,A+,A,A+,A+,A,A,A+,A+,A+,A,A+,A+,A+,A+,A
2026,Motiejus Krivas,Arizona,B12,Junior,A+,A,A+,A+,A+,A,A+,A+,A+,A+,A+,A+,A+,A+,A+,A+,A+,A+,A+,A+,A+,A+,A+,A+,A+,A+,A+,A+,A+,A+,A+,A+,A+,A+,A+
2026,Andrija Grbovic,Arizona St.,B12,Junior,B-,C+,B+,B-,B+,C,C,C+,B+,B+,B,B,B-,A,B,A-,B+,B,B,A-,B-,B-,B+,B+,C,C+,B+,B,B,C+,B+,B+,A-,B,B-
2026,Bryce Ford,Arizona St.,B12,Junior,C+,C,B,C+,B,C-,C-,C-,B,B,B-,B-,C+,B+,B-,B+,B,B-,B-,B+,C+,C+,B,B,C-,C,B,B-,B-,C-,B,B-,B+,B-,C+
2026,Kash Polk,Arizona St.,B12,Freshman,C,C-,C,C-,C,C-,D+,D+,C,C,C-,C-,C-,B-,C-,C+,C+,C,C-,C+,C,C-,C,C-,D,C-,C,C,C,D+,C,C-,B-,C-,C-
2026,Marcus Adams Jr.,Arizona St.,B12,Sophomore,C,C,C+,C,C+,C,C-,C-,C+,C+,C+,C+,C+,B+,C,B-,B-,C+,C,B-,C+,C,C+,C+,C-,C,C+,C+,C+,C,B-,C+,B,C+,C
2026,Massamba Diop,Arizona St.,B12,Freshman,B+,B,A,B+,A,B,B-,B,A,A,A,A-,A-,A+,A,A+,A,A,A-,A+,B+,B+,A,A,A-,B,A,A,A-,B,A,A,A+,A-,B+
2026,Noah Meeusen,Arizona St.,B12,Sophomore,B-,C+,B+,B-,B+,C+,C+,C+,B+,A-,B+,B+,B,A+,B+,A-,B+,B+,B,A,B-,B,A-,B+,B,C+,B+,B,B+,C+,B+,B+,A,B,B-
2026,Santiago Trouet,Arizona St.,B12,Junior,B-,C+,B+,B-,B,C,C,C+,B,B+,B,B,B-,A+,B,B+,B,B,B,A-,B-,B-,B+,B+,B-,C+,B+,B,B,C+,B+,B,A-,B,C+
2026,Trevor Best,Arizona St.,B12,Sophomore,D+,D+,C-,D+,C-,D+,D,D,D+,C-,D+,D+,D+,D+,D+,C,C,C-,D+,C-,D+,D+,D+,D+,D-,D+,D+,D+,C-,D+,D+,D+,C,D+,D+
2026,Amere Brown,Arkansas,SEC,Freshman,D-,D-,F,F,F,D-,D-,D-,F,D-,F,D-,D-,F,F,F,D-,D-,F,F,F,F,D-,F,F,D-,D-,F,D-,D-,F,F,D-,F,F
2026,Ayden Kelley,Arkansas,SEC,Sophomore,C,C,C+,C,C+,C-,D+,C-,C+,C+,C,C,C-,B+,C,B-,C+,C+,C,B-,C,C,C+,C,C-,C,C+,C,C+,C-,C+,C+,B-,C+,C
2026,Billy Richmond III,Arkansas,SEC,Sophomore,A-,B,A+,A-,A,B+,B,B+,A,A+,A,A,A,A+,A,A+,A,A+,A,A+,A-,A,A+,A,A-,B+,A,A,A,B+,A+,A,A+,A,A-
2026,D.J. Wagner,Arkansas,SEC,Junior,B,B-,A-,B,A-,C+,C+,C+,B+,A-,A-,B+,B,A+,B+,A,B+,B+,B+,A,B,B,A,A-,B,B-,A-,B+,B+,C+,A-,A-,A,B+,B
2026,Darius Acuff Jr.,Arkansas,SEC,Freshman,A+,A+,A+,A+,A+,A,A+,A+,A+,A+,A+,A+,A+,A+,A+,A+,A+,A+,A+,A+,A+,A+,A+,A+,A+,A+,A+,A+,A+,A+,A+,A+,A+,A+,A+
2026,Isaiah Sealy,Arkansas,SEC,Freshman,B-,C+,B,B-,B,C+,C+,C+,B,B,B,B-,B-,A+,B-,B,B,B,B-,B,B-,B-,B-,B,B,B-,B,B,B,C+,B,B-,B+,B-,B-
2026,Karter Knox,Arkansas,SEC,Sophomore,B,B-,A-,B,A-,B-,C+,B-,A-,A-,A-,B+,B+,A+,A-,A,A-,A-,B+,A,B,B,A,A-,B+,B-,A-,B+,B+,B-,A-,A-,A,B+,B
2026,Meleek Thomas,Arkansas,SEC,Freshman,A,B+,A+,A,A+,B+,B+,B+,A+,A+,A+,A+,A,A+,A+,A+,A+,A+,A,A+,A,A,A+,A+,A,A-,A+,A+,A,B+,A+,A+,A+,A+,A
2026,Jai’chaunn Hayes,Arkansas Pine Bluff,SWAC,Freshman,D+,D+,C-,D+,C-,D+,D+,D,C-,C-,C-,D+,D+,C-,D+,C,C,C-,D+,C,D+,D+,C-,D+,D-,D+,C-,D+,C-,D+,C-,C-,C,C-,D+
2026,Milhan Charles,Arkansas Pine Bluff,SWAC,Freshman,D+,D+,C,D+,C+,D,D,D,C,C+,C,C,C-,B,C,B-,C+,C,C-,B-,D+,C-,C+,C,D+,D+,C+,C,C,D+,C+,C,B-,C-,D+
2026,Ramel Lloyd Jr.,Arkansas Pine Bluff,SWAC,Freshman,D,D,C-,D,C-,D,D,D,D+,C-,D+,D+,D+,C+,D+,C+,C-,D+,D+,C,D,D,C-,D+,D-,D,C-,D+,C-,D,C,D+,C,D+,D
2026,Trevon Payton,Arkansas Pine Bluff,SWAC,Junior,D+,D,C,D,C-,D,D,D,C-,C,C-,C-,D+,B,C-,C+,C,C-,D+,C+,D+,D+,C,C-,D+,D,C,D+,C-,D,C+,C-,C+,D+,D
2026,Aly Tounkara,Arkansas St.,SB,Sophomore,C,C-,B-,C,B-,D+,D+,D+,B-,B-,C+,C+,C+,B+,B-,B+,B-,B-,C+,B+,C,C,B,B-,C-,C-,B,B-,B-,C-,B,B-,B+,C+,C
2026,Christian Harmon,Arkansas St.,SB,Junior,B-,C+,B+,B-,B+,C,C,C,B+,B+,B,B,B,A+,B,A-,B+,B,B,A-,B-,B,B+,B+,B-,C+,B+,B,B,C+,B+,B+,A-,B,B-
2026,Chudi Dioramma,Arkansas St.,SB,Sophomore,C,C-,B-,C,B-,D+,D+,D+,B-,B-,C+,C+,C,B,C+,B,B-,C+,C+,B,C,C,B-,B-,D+,C-,B-,C+,C+,D+,B-,C+,B,C+,C-
2026,Fredy-Salam Sylla,Arkansas St.,SB,Sophomore,C-,C-,C,C-,C+,C-,D+,D+,C,C,C,C,C-,B-,C-,C+,C+,C,C-,C+,C,C-,C,C-,D,C-,C,C,C,C-,C,C,C+,C,C-
2026,Joey Chammaa,Arkansas St.,SB,Sophomore,B-,C+,B+,B-,B,C,C,C,B,B+,B,B,B-,A+,B,B+,B,B,B,A-,B-,B-,B+,B+,B,C+,B+,B,B,C+,B+,B,A-,B,C+
2026,Royal Blue Smith,Arkansas St.,SB,Freshman,C-,D+,C+,D+,C+,D,D,D,C+,C+,C,C,C-,B,C,B-,C+,C,C-,B-,C-,C-,C+,C,D+,D+,C+,C,C+,D+,C+,C,B-,C,D+
2026,TJ Caldwell,Arkansas St.,SB,Junior,C,C-,B-,C,B-,D+,D+,D+,B-,B-,C+,C+,C,A-,C+,B,B-,B-,C+,B,C,C,B-,B-,C,C-,B-,C+,C+,C-,B-,C+,B,C+,C-
2026,Alex Engro,Army,Pat,Sophomore,D,D,D+,D,D+,D,D,D,D+,D+,D+,D+,D+,D-,D,C-,D+,D+,D,D+,D+,D,D+,D,F,D,D+,D,D+,D,D+,D,C-,D+,D+
2026,Brendon O'Keefe,Army,Pat,Sophomore,B,B-,B+,B,B+,B,B,B-,B+,A-,A-,B+,B,A+,B+,B+,B+,B+,B,A-,B,B,B+,B+,A+,B,B+,B+,B+,B,B+,B+,A-,B+,B
2026,Dillon Watt,Army,Pat,Freshman,D,D+,D+,D+,D+,D,D,D,D+,D+,D+,D+,D+,D,D,C,C-,D+,D,D+,D+,D,D+,D+,F,D,D+,D+,C-,D+,D+,D+,C-,D+,D
2026,Dylan Benner,Army,Pat,Freshman,D,D,D+,D,D+,D,D,D,D+,D+,D+,D+,D+,D-,D,C-,C-,D+,D,D+,D,D,D+,D,F,D,D,D+,D+,D,D+,D,C-,D+,D
2026,Jacen Holloway,Army,Pat,Sophomore,D+,D,C-,D+,C-,D,D,D,C-,C,C-,C-,D+,B-,C-,C+,C,C-,D+,C+,D+,D+,C,C-,D,D,C,D+,C-,D,C+,C-,C+,D+,D
2026,Jackson Furman,Army,Pat,Freshman,D-,D-,D-,D-,D-,D-,D-,D-,D-,D,D-,D-,D,D+,D-,D,D,D,D-,D+,D-,D-,D,D-,D-,D-,D,D-,D,D-,D,D-,D,D-,D-
2026,Jaxson Bell,Army,Pat,Sophomore,D+,D+,C,D+,C,D,D,D,C,C+,C-,C,C-,B+,C-,B-,C,C,C-,B-,D+,D+,C+,C,C-,D+,C+,C,C,D,C+,C-,B-,C-,D+
2026,Joshua Eli,Army,Pat,Sophomore,C,C-,B-,C,B-,D+,D+,D+,B-,B-,C+,C+,C,B,C+,B,B-,C+,C+,B,C,C,B-,B-,D+,C-,B-,C+,C+,D+,B-,C+,B,C+,C
2026,Kevin McCarthy,Army,Pat,Sophomore,D,D-,D+,D-,D+,D-,D-,D-,D,D+,D,D,D,C+,D,C-,D+,D,D,C-,D-,D,D+,D,D-,D-,D+,D,D+,D-,D+,D,C-,D,D-
2026,Ryan Curry,Army,Pat,Junior,D+,D,C,D,C-,D,D,D,C-,C,C-,C-,D+,B,C-,C+,C-,C-,C-,C+,D+,D+,C,C-,D+,D,C,D+,C-,D,C,C-,C+,D+,D
2026,Tate Laczkowski,Army,Pat,Junior,C-,D+,C+,C-,C+,D+,D+,D+,C+,C+,C,C+,C,B,C+,B-,C+,C+,C,B,C-,C-,B-,C+,C-,D+,B-,C+,C+,D+,B-,C+,B,C,C-
2026,Blake Muschalek,Auburn,SEC,Junior,C-,C-,C+,C-,C+,C-,C-,C-,C+,C+,C,C,C,B,C-,C+,C+,C+,C-,C+,C,C,C+,C,D,C-,C,C,C,C-,C+,C,B-,C,C
2026,Elyjah Freeman,Auburn,SEC,Sophomore,B+,B,A,B+,A,B,B,B,A,A,A,A-,A-,A+,A,A+,A,A,A-,A+,B+,B+,A,A,B+,B,A,A,A,B,A,A,A+,A-,B+
2026,Filip Jovic,Auburn,SEC,Freshman,B+,B-,A,B,A,B-,B-,B-,A-,A,A,A-,B+,A+,A-,A,A-,A-,B+,A,B+,B+,A,A-,B-,B,A,A-,A-,B,A,A,A+,A-,B
2026,Kaden Magwood,Auburn,SEC,Freshman,C+,C,B-,C+,C+,C,C,C,B-,B-,B-,C+,C+,A-,C+,B-,B-,C+,C+,B-,C+,C+,C+,C+,C,C+,B-,C+,B-,C+,B-,C+,B,C+,C+
2026,Kevin Overton,Auburn,SEC,Junior,A-,B,A+,A-,A,B,B,B,A,A+,A,A,A-,A+,A,A+,A,A,A,A+,A-,A-,A+,A,B+,B+,A,A,A,B,A,A,A+,A,B+
2026,Sebastian Williams-Adams,Auburn,SEC,Freshman,B,C+,A-,B-,B+,C+,C+,C+,B+,A-,B+,B+,B,A+,B+,A,B+,B+,B,A,B,B,A-,B+,B,B-,A-,B+,B+,C+,A-,B+,A,B+,B-
2026,Tahaad Pettiford,Auburn,SEC,Sophomore,B+,B,A,B+,A,B,B,B,A,A,A,A,A-,A+,A,A+,A,A,A-,A+,B+,A-,A,A,B,B,A,A,A,B,A,A,A+,A-,B+
2026,Ja'Corey Robinson,Austin Peay,ASun,Freshman,C,C-,B-,C,B-,C-,D+,D+,B-,B,B-,B-,C+,A,B-,B+,B-,B-,C+,B+,C+,C+,B,B-,C,C-,B,B-,B-,C-,B,B-,B+,C+,C
2026,Rashaud Marshall,Austin Peay,ASun,Junior,B+,B,A,B+,A,B,B-,B,A,A,A,A-,A-,A+,A,A+,A,A,A-,A+,B+,B+,A,A,B+,B,A,A,A,B,A,A,A+,A-,B+
2026,Tate McCubbin,Austin Peay,ASun,Sophomore,C-,C-,C+,C-,C+,D+,D+,D+,C+,B-,C+,C+,C,B+,C+,B,C+,C+,C,B,C-,C,B-,C+,C,D+,B-,C+,C+,D+,B-,C+,B,C+,C-
2026,Travis Torain,Austin Peay,ASun,Sophomore,C-,C-,C+,C-,C+,C-,D+,C-,C,C+,C,C,C,B-,C,C+,C+,C+,C-,C+,C,C-,C,C,D,C,C,C,C+,C-,C+,C-,B-,C,C-
2026,Tyler Wagner,Austin Peay,ASun,Freshman,D+,D+,C-,D+,C-,D+,D,D+,C-,C-,C-,D+,D+,C,D+,C,C,C-,D+,C,D+,D+,C-,D+,D-,D+,C-,D+,C-,D+,C-,C-,C+,D+,D+
2026,Zyree Collins,Austin Peay,ASun,Freshman,C,C-,B-,C-,B-,D+,D+,D+,B-,B-,C+,C+,C,A-,C+,B,B-,C+,C+,B,C,C,B-,B-,C,C-,B-,C+,C+,D+,B-,C+,B,C+,C-
2026,Armoni Zeigler,Ball St.,MAC,Junior,D+,D+,C,D+,C,D,D,D,C,C,C-,C-,C-,B,C-,C+,C,C,C-,C+,D+,D+,C+,C,C-,D,C+,C-,C,D,C+,C-,C+,D+,D+
2026,Davion Hill,Ball St.,MAC,Sophomore,B-,C+,B+,C+,B,C,C,C,B+,B+,B,B,B-,A+,B,B+,B,B,B,A-,B-,B-,B+,B+,B+,C+,B+,B,B,C+,B+,B,A-,B,C+
2026,Kayden Fish,Ball St.,MAC,Sophomore,D+,D+,C,D+,C+,D,D,D,C,C+,C,C-,C-,B,C,B-,C,C,C-,B-,D+,D+,C+,C,D,D+,C+,C,C,D,C+,C,B-,C-,D+
2026,Mason Jones,Ball St.,MAC,Junior,D+,D,C,D+,C,D,D,D,C,C,C-,C-,C-,B,C-,C+,C,C,C-,C+,D+,D+,C+,C,D+,D,C+,C-,C,D,C+,C-,B-,C-,D+
2026,Preston Copeland,Ball St.,MAC,Freshman,D+,D+,C,D+,C+,D,D,D,C,C,C-,C-,C-,C+,C,B-,C,C,C-,B-,D+,D+,C+,C,D,D+,C+,C,C,D,C+,C,B-,C-,D+
2026,Cameron Carr,Baylor,B12,Sophomore,A,A-,A+,A,A+,A-,A-,A-,A+,A+,A+,A+,A+,A+,A+,A+,A+,A+,A+,A+,A,A,A+,A+,A+,A,A+,A+,A+,A,A+,A+,A+,A+,A
2026,Isaac Williams,Baylor,B12,Sophomore,B,B-,A,B,A,B-,B-,B-,A-,A,A,A-,B+,A+,A-,A,A-,A-,A-,A,B+,B+,A,A,B+,B,A,A-,A-,B-,A,A-,A+,A-,B
2026,James Nnaji,Baylor,B12,Freshman,B-,C+,B,B-,B,C+,C+,C+,B,B,B-,B-,B-,A+,B,B,B,B,B-,B+,B-,B-,B-,B-,B-,B-,B,B,B,C+,B,B-,B+,B-,B-
2026,Tounde Yessoufou,Baylor,B12,Freshman,B+,B,A,B+,A,B,B,B,A,A,A,A,A-,A+,A,A+,A,A,A-,A+,A-,A-,A,A,A-,B+,A,A,A,B,A,A,A+,A,B+
2026,Donovan Hunter,Bellarmine,ASun,Junior,D,D-,D+,D-,D+,D-,D-,D-,D,D+,D,D,D,D+,D,C-,D+,D,D,C-,D-,D,D+,D,D-,D-,D+,D,D+,D-,D+,D,C-,D,D-
2026,Grant Whitaker,Bellarmine,ASun,Junior,D,D+,D+,D,D+,D,D,D,D+,D+,D+,D+,D+,D,D,C,C-,D+,D,C-,D+,D,D+,D,F,D+,D+,D+,D+,D,D+,D+,C-,D+,D+
2026,Jack Karasinski,Bellarmine,ASun,Junior,B,C+,A-,B-,B+,C+,C+,C+,B+,A-,B+,B+,B,A+,B+,A,B+,B+,B,A,B,B,A-,B+,B+,B-,A-,B+,B+,C+,B+,B+,A,B,B-
2026,Jacob Wassler,Bellarmine,ASun,Freshman,D+,D+,C-,D+,C-,D+,D+,D+,C-,C-,C-,C-,D+,D+,D+,C,C,C-,D+,C,C-,D+,C-,D+,D-,D+,C-,C-,C,D+,C-,D+,C+,C-,D+
2026,Kenyon Goodin,Bellarmine,ASun,Junior,C-,D+,C+,C-,C+,D+,D+,D,C+,C+,C+,C+,C-,B,C,B,C+,C+,C,B-,C-,C,B-,C+,D+,D+,C+,C,C+,D+,B-,C+,B,C,C-
2026,Michael Wilson Jr.,Bellarmine,ASun,Sophomore,D,D,D+,D-,D,D-,D-,D-,D,D+,D,D,D,C,D,C-,D+,D,D,C-,D-,D,D+,D,D-,D-,D+,D,D+,D-,D+,D,C-,D,D-
2026,Sam Donald,Bellarmine,ASun,Freshman,C-,D+,C+,C-,C+,D+,D+,D+,C+,B-,C+,C+,C,B,C,B,C+,C+,C,B,C-,C-,B-,C+,D+,D+,B-,C,C+,D+,B-,C+,B,C,C-
2026,Tyler Doyle,Bellarmine,ASun,Sophomore,D+,D,C-,D,C-,D,D,D,C-,C,C-,C-,D+,C+,D+,C+,C-,C-,D+,C+,D+,D+,C,C-,D,D,C,D+,C-,D,C,C-,C+,D+,D
2026,Brigham Rogers,Belmont,MVC,Junior,B+,B,A,B+,A,B,B,B,A,A,A,A,A-,A+,A,A+,A,A,A-,A+,B+,A-,A+,A,B+,B,A,A,A,B,A,A,A+,A,B+
2026,Drew Scharnowski,Belmont,MVC,Sophomore,B+,B,A,B+,A,B,B-,B,A,A,A,A-,A-,A+,A,A,A,A,A-,A+,B+,B+,A,A,A,B,A,A,A,B,A,A,A+,A-,B+
2026,Eoin Dillon,Belmont,MVC,Freshman,B+,B,A,B+,A,B,B-,B,A,A,A,A-,B+,A+,A,A+,A,A,A-,A+,B+,B+,A,A,A,B,A,A,A,B,A,A,A+,A-,B+
2026,Isaiah West,Belmont,MVC,Junior,C,C-,B-,C,B-,D+,D+,D+,B-,B-,C+,C+,C+,B+,C+,B,B-,B-,C+,B,C,C,B-,B-,C-,C-,B-,C+,B-,C-,B-,C+,B,C+,C
2026,Jabez Jenkins,Belmont,MVC,Freshman,B-,C,B,C+,B,C,C,C,B,B+,B,B,B-,B+,B,B+,B,B,B-,A-,B-,B-,B+,B,C,C+,B+,B,B,C,B+,B,A-,B,C+
2026,Jack Smiley,Belmont,MVC,Freshman,B,B-,A,B,A-,B-,B-,B-,A-,A,A-,A-,B+,A+,A-,A,A-,A-,B+,A,B,B+,A,A-,B,B,A,A-,A-,B-,A-,A-,A+,A-,B
2026,Sam Orme,Belmont,MVC,Sophomore,B+,B,A+,B+,A,B,B,B,A,A,A,A,A-,A+,A,A+,A,A,A,A+,A-,A-,A+,A,A,B+,A,A,A,B,A,A,A+,A,B+
2026,Win Miller,Belmont,MVC,Junior,D+,D+,C,D+,C-,D+,D+,D+,C-,C,C-,C-,C-,C+,D+,C+,C,C-,D+,C,C-,C-,C-,C-,D-,D+,C-,C-,C,D+,C-,C-,C+,C-,C-
2026,Arterio Morris,Bethune Cookman,SWAC,Junior,D,D,D+,D,D+,D-,D-,D-,D+,D+,D,D+,D,C+,D,C,D+,D+,D,C,D,D,D+,D+,D,D,D+,D,D+,D-,D+,D,C-,D,D
2026,Jordan Johnson,Bethune Cookman,SWAC,Junior,D,D,D+,D,D+,D-,D-,D-,D,D+,D+,D,D,C,D,C-,D+,D+,D,C-,D-,D,D+,D,D-,D,D+,D,D+,D-,D+,D,C,D,D-
2026,Quentin Heady,Bethune Cookman,SWAC,Junior,C,C-,C+,C-,C+,D+,D+,D+,C+,B-,C+,C+,C,B+,C+,B-,C+,C+,C,B,C-,C,B-,B-,C,C-,B-,C+,C+,D+,B-,C+,B,C+,C-
2026,Rickey Mitchell Jr.,Bethune Cookman,SWAC,Junior,D+,D+,C-,D+,C-,D+,D+,D+,C-,C,C-,C-,D+,C,D+,C,C,C-,D+,C,C-,D+,C-,D+,D-,D+,C-,D+,C,D+,C-,C-,C+,C-,D+
2026,Bryson Wilson,Binghamton,AE,Junior,D-,D-,D,D-,D,D-,D-,D-,D,D,D,D,D,C,D,D+,D,D,D-,D+,D-,D-,D,D,D-,D-,D,D,D,D-,D,D-,D+,D-,D-
2026,Jake Blackburn,Binghamton,AE,Freshman,D+,D+,C-,D+,C-,D+,D+,D,D+,C-,D+,D+,D+,D+,D+,C,C,D+,D+,C,D+,D+,D+,D+,D-,D+,D+,D+,C-,D+,D+,D+,C,D+,D+
2026,Jeremiah Quigley,Binghamton,AE,Junior,D,D,D+,D-,D+,D-,D-,D-,D+,D+,D,D+,D,C+,D,C,D+,D,D,C-,D,D,D+,D,D,D-,D+,D,D+,D-,D+,D,C-,D,D-
2026,Ryan Richardson,Binghamton,AE,Junior,D-,D-,D-,F,D-,D-,D-,D-,D-,D-,D-,D-,D-,D-,D-,D,D-,D-,D-,D,F,F,D,D-,F,D-,D-,D-,D-,D-,D-,D-,D,D-,F
2026,Stephan Snagg,Binghamton,AE,Junior,D,D,D+,D,D+,D-,D-,D-,D+,D+,D,D,D,C,D,C,D+,D+,D,C-,D-,D,D+,D,D-,D,D+,D,D+,D-,D+,D,C-,D,D-
2026,Zyier Beverly,Binghamton,AE,Junior,D,D,D+,D,D+,D-,D-,D-,D+,D+,D+,D+,D,C+,D+,C,D+,D+,D,C,D,D,C-,D+,D,D,C-,D+,D+,D-,C-,D,C-,D,D
2026,Aginaldo Neto,Boise St.,MWC,Freshman,C-,D+,C+,C-,C+,D+,D+,D,C+,B-,C+,C+,C,B-,C+,B-,C+,C+,C,B-,C-,C,B-,C+,D,D+,B-,C,C+,D+,B-,C+,B,C,C-
2026,Andrew Meadow,Boise St.,MWC,Junior,B+,B,A,B+,A,B,B-,B-,A,A,A,A-,B+,A+,A-,A,A,A,A-,A+,B+,B+,A,A,B+,B,A,A-,A-,B,A,A,A+,A-,B+
2026,Drew Fielder,Boise St.,MWC,Junior,A,B+,A+,A-,A+,B+,B+,B+,A+,A+,A+,A,A,A+,A+,A+,A+,A+,A,A+,A,A,A+,A+,A,A-,A+,A+,A,B+,A+,A+,A+,A,A-
2026,Pearson Carmichael,Boise St.,MWC,Sophomore,B-,C+,B+,B-,B+,C+,C+,C+,B+,B+,B+,B,B-,A,B+,A-,B+,B+,B,A-,B-,B,B+,B+,C,B-,B+,B+,B+,C+,B+,B+,A,B,B-
2026,Rayzhon Bergersen,Boise St.,MWC,Junior,B-,C+,B,B-,B,C+,C+,C+,B,B,B,B,C+,A+,B-,B+,B,B,B-,B+,B-,B-,B,B-,A-,B-,B,B-,B-,C+,B,B,B+,B,B-
2026,Spencer Ahrens,Boise St.,MWC,Freshman,C+,C,B,C+,B,C-,C-,C,B,B,B-,B-,C+,A,B-,B+,B,B-,B-,B+,C+,C+,B,B,C+,C+,B,B,B-,C,B,B,B+,B-,C+
2026,Boden Kapke,Boston College,ACC,Junior,B-,C+,B,C+,B,C,C,C,B,B+,B,B,B-,A,B,B+,B,B,B-,A-,B-,B-,B+,B,B-,C+,B+,B,B,C,B+,B,A-,B-,C+
2026,Caleb Steger,Boston College,ACC,Freshman,C-,D+,C+,C-,C+,D+,D+,D+,C+,B-,C+,C+,C,B,C,B-,C+,C+,C,B-,C-,C,B-,C+,D+,D+,B-,C,C+,D+,B-,C+,B,C+,C-
2026,Donald Hand Jr.,Boston College,ACC,Junior,D+,D+,C+,D+,C,D,D,D,C,C+,C,C,C-,B,C,B-,C,C+,C-,B-,D+,C-,C+,C,D+,D+,C+,C,C,D+,C+,C,B-,C-,D+
2026,Fred Payne,Boston College,ACC,Sophomore,B,C+,A-,B-,B+,C+,C+,C+,B+,A-,B+,B+,B,A+,B+,A-,B+,B+,B+,A,B,B,A-,B+,B+,B-,B+,B+,B+,C+,A-,B+,A,B,B-
2026,Jason Asemota,Boston College,ACC,Sophomore,B-,C+,B,B-,B,C+,C+,C+,B,B,B-,B-,B-,A+,B-,B,B,B,C+,B,B-,B-,B-,B,B-,B-,B,B,B,C+,B,B-,B+,B-,C+
2026,Jayden Hastings,Boston College,ACC,Sophomore,B,B-,A,B,A-,B-,C+,B-,A-,A-,A-,B+,B+,A+,A-,A,A-,A-,B+,A,B,B,A,A-,B-,B-,A,A-,A-,B-,A-,A-,A+,B+,B
2026,Luka Toews,Boston College,ACC,Sophomore,C,C-,B-,C,B-,C-,D+,D+,B-,B,B-,B-,C+,B+,C+,B,B-,B-,C+,B+,C,C+,B,B-,C-,C-,B,C+,B-,C-,B,B-,B+,C+,C
2026,Marko Radunovic,Boston College,ACC,Freshman,D,D,D+,D,D+,D,D,D,D+,D+,D+,D+,D+,D-,D,C,C-,D+,D,D+,D+,D,D+,D+,F,D,D+,D+,D+,D,D+,D,C,D+,D
2026,Azmar Abdullah,Boston University,Pat,Sophomore,D,D,C-,D,C-,D,D,D-,D+,C-,D+,D+,D+,B-,D+,C+,C-,C-,D+,C,D,D,C-,D+,D,D,C-,D+,C-,D,C,D+,C+,D+,D
2026,Ben Defty,Boston University,Pat,Sophomore,B,C+,B+,B-,B+,C+,C+,C+,B+,B+,B+,B+,B,A+,B+,A,B+,B+,B,A,B,B,A-,B+,B-,B-,A-,B+,B+,C+,B+,B+,A,B,B-
2026,Chance Gladden,Boston University,Pat,Freshman,D+,D+,C+,D+,C,D,D,D,C,C+,C,C,C-,B,C-,B-,C,C,C-,B-,D+,D+,C+,C,D+,D+,C+,C-,C,D,C+,C-,B-,C-,D+
2026,Donte Tisinger Jr.,Boston University,Pat,Freshman,D+,D+,C,D+,C,D,D,D,C,C+,C-,C-,C-,B,C-,B-,C,C,C-,B-,D+,C-,C+,C,D+,D+,C+,C-,C,D,C+,C,B-,C-,D+
2026,Michael McNair,Boston University,Pat,Junior,B-,C,B+,C+,B,C,C,C,B,B+,B,B,B-,A+,B,B+,B,B,B-,A-,B-,B-,B+,B,B,C+,B+,B,B,C,B+,B,A-,B-,C+
2026,Quinn Nielsen,Boston University,Pat,Junior,D+,D+,C,D+,C,D+,D+,D+,C-,C-,C-,C-,D+,C-,C-,C,C-,C-,D+,C,D+,D+,C-,C-,D-,D+,C-,C-,C-,D+,C,D+,C+,C-,D+
2026,Sam Hughes,Boston University,Pat,Freshman,D,D,C-,D,C-,D,D,D,C-,C-,D+,D+,D+,C+,D+,C+,C-,C-,D+,C+,D,D,C-,D+,D,D,C-,D+,C-,D,C,D+,C+,D+,D
2026,Aiden Goins,Bowling Green,MAC,Junior,D+,D+,D+,D+,D+,D,D,D,D+,C-,D+,D+,D+,D,D,C,C-,D+,D,C-,D+,D,D+,D+,F,D+,D+,D+,C-,D,D+,D+,C-,D+,D+
2026,Josiah Shackelford,Bowling Green,MAC,Sophomore,C+,C,B,C+,B,C-,C-,C-,B,B,B-,B-,C+,A-,B-,B+,B,B-,C+,B+,C+,C+,B,B,C,C,B,B-,B-,C,B,B-,B+,B-,C+
2026,Makhi Leach,Bowling Green,MAC,Freshman,D+,D+,C-,D+,C-,D+,D+,D+,C-,C,C-,C-,D+,C,D+,C,C,C-,D+,C,C-,D+,C-,D+,D-,D+,C-,D+,C-,D+,C-,C-,C+,C-,D+
2026,Mayar Wol,Bowling Green,MAC,Junior,B-,C+,B,C+,B,C,C,C,B,B+,B,B,B-,A+,B,B+,B,B,B-,A-,B-,B-,B+,B,B,C+,B+,B,B,C,B+,B,A-,B,C+
2026,Demarion Burch,Bradley,MVC,Junior,C-,D+,C+,D+,C+,D,D,D,C+,C+,C,C,C-,B-,C,B-,C+,C+,C,B-,D+,C-,C+,C+,D,D+,C+,C,C+,D+,C+,C,B-,C,D+
2026,Dietrich Richardson,Bradley,MVC,Freshman,D,D,D+,D,D+,D,D,D,D+,D+,D+,D+,D+,D-,D,C-,C-,D+,D,C-,D+,D,D+,D,F,D,D+,D,D+,D,D+,D,C-,D+,D
2026,Gus Rugaard,Bradley,MVC,Sophomore,D,D,D+,D,D,D,D,D,D,D+,D,D,D,F,D,D+,D+,D,D,D+,D,D,D,D,F,D,D+,D,D,D,D,D,C-,D,D
2026,Jaquan Johnson,Bradley,MVC,Sophomore,A-,B+,A+,A-,A+,B+,B+,B+,A+,A+,A+,A,A,A+,A,A+,A+,A+,A,A+,A,A,A+,A+,A,A-,A+,A,A,B+,A+,A+,A+,A,A-
2026,Kai Yu,Bradley,MVC,Sophomore,C-,C-,C+,C,C+,C-,C-,C-,C+,C+,C,C,C,B,C,C+,C+,C+,C,B-,C,C-,C+,C,D,C,C+,C,C+,C-,C+,C,B-,C,C-
2026,Montana Wheeler,Bradley,MVC,Freshman,C+,C,B,C+,B,C-,C-,C-,B,B,B-,B-,C+,B,B-,B+,B,B,B-,B+,C+,C+,B,B,C-,C,B,B-,B-,C,B,B,B+,B-,C+
2026,Timoty van der Knaap,Bradley,MVC,Sophomore,C-,D+,C+,C-,C+,D+,D+,D+,C+,C+,C+,C,C,B,C+,B-,C+,C+,C,B,C-,C-,B-,C+,D,D+,B-,C+,C+,D+,B-,C+,B,C,C-
2026,Adrian Uchidiuno,Brown,Ivy,Junior,D,D,D+,D,D+,D-,D-,D-,D+,D+,D,D+,D,C+,D,C-,D+,D+,D,C-,D,D,D+,D,D,D-,D+,D,D+,D-,D+,D,C-,D,D
2026,Brady Loughlin,Brown,Ivy,Freshman,C-,C-,C+,C,C+,C-,C-,D+,C+,C+,C,C,C,B,C,C+,C+,C,C-,C+,C,C-,C,C,D,C,C+,C,C+,C-,C+,C,B-,C,C
2026,Charlie OSullivan,Brown,Ivy,Freshman,C,C-,C+,C,C+,C-,C-,C-,C+,C+,C+,C,C,B,C,C+,C+,C,C,C+,C,C-,C+,C,D+,C-,C+,C,C+,C-,C+,C,B-,C+,C-
2026,David Rochester,Brown,Ivy,Sophomore,D+,D+,C,D+,C,D,D,D,C,C+,C-,C-,C-,C+,C-,B-,C,C,C-,B-,D+,D+,C+,C,D,D+,C+,C-,C,D,C+,C-,B-,C-,D+
2026,Isaiah Langham,Brown,Ivy,Freshman,D,D,D+,D,D+,D-,D-,D-,D+,D+,D,D+,D,C+,D,C,D+,D+,D,C-,D,D,D+,D,D,D,D+,D,D+,D-,D+,D,C-,D,D
2026,Jeremiah Jenkins,Brown,Ivy,Sophomore,D+,D+,C+,D+,C,D,D,D,C,C+,C,C,C-,B+,C-,B-,C,C,C-,B-,D+,D+,C+,C,C-,D+,C+,C-,C,D,C+,C,B-,C-,D+
2026,Luke Paragon,Brown,Ivy,Junior,C+,C,B,C+,B,C-,C-,C-,B,B,B-,B-,C+,A-,B-,B+,B,B-,C+,B+,C+,C+,B,B,C,C,B,B-,B-,C-,B,B-,B+,B-,C+
2026,Malcolm Wrisby-Jefferson,Brown,Ivy,Junior,D,D,C-,D,C-,D,D,D,C-,C-,D+,D+,D+,B-,D+,C+,C-,C-,D+,C+,D,D+,C,C-,D,D,C-,D+,C-,D,C,D+,C+,D+,D
2026,N'famara Dabo,Brown,Ivy,Junior,C+,C,B,C+,B,C,C-,C,B,B,B-,B-,B-,A,B,B+,B,B,B-,B+,C+,B-,B+,B,C,C+,B+,B,B,C,B,B,B+,B-,C+
2026,Wyatt DeGraaf,Brown,Ivy,Sophomore,C,C,C+,C,C+,C-,C-,C,C+,C+,C,C+,C,B,C,C+,C+,C+,C-,C+,C,C,C+,C+,D,C,C+,C+,C+,C-,C+,C,B-,C+,C
2026,Aaron Davis,Bryant,AE,Junior,D,D,D+,D,D+,D-,D-,D-,D+,D+,D+,D+,D+,B,D+,C,D+,D+,D,C,D,D,D+,D+,D,D,D+,D,D+,D,C-,D,C,D,D
2026,"Ashley Sims, II",Bryant,AE,Freshman,D,D,D+,D,D+,D-,D-,D-,D+,C-,D+,D+,D,C+,D+,C,D+,D+,D,C,D,D,D+,D+,D,D,D+,D,D+,D,C-,D,C,D,D
2026,Daniel Akoue,Bryant,AE,Freshman,D+,C-,C-,D+,C-,D+,D+,D+,C-,C,C-,C-,C-,C-,C-,C,C,C-,D+,C+,C-,D+,C-,C-,D-,D+,C-,C-,C,D+,C,C-,C+,C-,D+
2026,Ethane Bourgade,Bryant,AE,Freshman,D+,D+,C-,D+,C-,D+,D+,D+,C-,C-,C-,D+,D+,D+,D+,C,C-,C-,D+,C,C-,D+,C-,D+,D-,D+,D+,D+,C-,D+,C-,D+,C+,D+,D+
2026,Frankie Vassalluzzo,Bryant,AE,Sophomore,D-,D-,D-,D-,F,D-,D-,D-,D-,D-,F,D-,D-,F,F,F,D-,D-,F,D-,F,F,D-,F,F,D-,D-,D-,D-,D-,F,F,D-,F,F
2026,Gio Sanford,Bryant,AE,Freshman,D+,D+,D+,D+,D+,D,D,D,D+,D+,D+,D+,D+,D,D+,C,C-,D+,D,C-,D+,D,D+,D+,F,D+,D+,D+,D+,D,D+,D+,C-,D+,D+
2026,Khalil Williams,Bryant,AE,Sophomore,D,D,D,D,D,D,D,D-,D,D,D,D,D,F,D,D+,D+,D,D,D+,D,D,D,D,F,D,D,D,D,D,D,D,D+,D,D
2026,Langston Bailey,Bryant,AE,Sophomore,B-,C+,B,C+,B,C+,C+,C+,B-,B,B-,B-,C+,A+,C+,B,B,B-,B-,B,B-,B-,B-,B-,B,C+,B-,B-,B-,C+,B,B-,B+,B-,C+
2026,Timofei Rudovskii,Bryant,AE,Freshman,D,D,C-,D,C-,D,D,D,D+,C-,D+,D+,D+,B,D+,C+,C-,C-,D+,C+,D,D,C-,D+,D+,D,C-,D+,C-,D,C,D+,C+,D+,D
2026,Ty Tabales,Bryant,AE,Freshman,D-,D-,D-,D-,D-,D-,D-,D-,D-,D,D-,D-,D-,D+,D-,D,D,D-,D-,D,D-,D-,D,D-,D-,D-,D,D-,D,D-,D,D-,D,D-,D-
2026,Aleksander Pachucki,Bucknell,Pat,Freshman,D,D,D+,D,D+,D-,D-,D-,D+,D+,D+,D+,D,B-,D+,C,D+,D+,D,C,D,D,C-,D+,D,D,C-,D,D+,D,C-,D,C,D,D
2026,Amon Dörries,Bucknell,Pat,Freshman,C,C,C+,C,C+,C,C,C,C+,B-,C+,C+,C+,B,C+,B-,B-,C+,C,B-,C+,C+,C+,C+,D+,C+,C+,C+,C+,C,B-,C+,B-,C+,C+
2026,Brandon McCreesh,Bucknell,Pat,Junior,C+,C,B-,C+,C+,C,C,C,B-,B-,B-,C+,C+,A-,C+,B-,B-,C+,C+,B-,C+,C+,C+,C+,C,C+,B-,C+,B-,C,B-,C+,B,C+,C+
2026,Grgur Brcic,Bucknell,Pat,Junior,C,C,C+,C,C+,C,C-,C-,C+,C+,C+,C+,C,B-,C+,C+,C+,C+,C,B-,C,C-,C+,C+,D,C,C+,C+,C+,C,C+,C,B-,C+,C
2026,Jacob Meachem,Bucknell,Pat,Freshman,D,D,D+,D,D+,D,D,D,D+,D+,D+,D+,D,D-,D,C-,D+,D,D,D+,D,D,D,D,F,D,D,D,D+,D,D,D,D+,D+,D
2026,Jayden Williams,Bucknell,Pat,Sophomore,D,D,C-,D,C-,D,D,D,D+,C-,D+,D+,D+,C+,D+,C+,C-,C-,D+,C,D,D,C,C-,D,D,C-,D+,C-,D,C-,D+,C+,D+,D
2026,Pat Curtin,Bucknell,Pat,Freshman,D+,D+,C+,D+,C+,D,D,D,C,C+,C,C,C-,B+,C,B-,C+,C+,C,B-,D+,C-,C+,C+,C-,D+,C+,C,C,D,C+,C,B-,C-,D+
2026,Patrick O'Brien,Bucknell,Pat,Junior,D+,D+,C-,D+,D+,D,D+,D,D+,C-,D+,D+,D+,D,D+,C,C-,C-,D+,C-,D+,D+,D+,D+,F,D+,D+,D+,C-,D+,C-,D+,C,D+,D+
2026,Daniel Freitag,Buffalo,MAC,Sophomore,B,C+,A-,B-,B+,C+,C+,C+,B+,A-,B+,B+,B,A+,B+,A,B+,B+,B+,A,B,B,A-,A-,B+,B-,A-,B+,B+,C+,A-,B+,A,B+,B-
2026,Mikhail Pocknett,Buffalo,MAC,Junior,C-,C-,C,C-,C+,C-,C-,C-,C,C,C,C,C,C+,C,C+,C+,C,C-,C+,C,C-,C,C,D,C-,C+,C,C+,C-,C+,C,B-,C,C-
2026,Ryan Sabol,Buffalo,MAC,Junior,C+,C,B,C+,B,C-,C-,C-,B,B,B,B,C+,A,B-,B+,B,B,B-,B+,C+,B-,B+,B,C,C,B,B-,B-,C,B,B,B+,B-,C+
2026,Tim Oboh,Buffalo,MAC,Sophomore,C-,D+,C+,D+,C+,D,D,D,C+,C+,C,C,C-,B,C,B-,C+,C,C-,B-,D+,C-,C+,C+,D+,D+,C+,C+,C+,D+,B-,C,B-,C,D+
2026,Azavier Robinson,Butler,BE,Freshman,C+,C+,B-,C+,B-,C+,C+,C+,B-,B,B-,B-,B-,A,C+,B,B-,B-,B-,B,B-,C+,B-,B-,B-,C+,B-,B-,B-,C+,B-,B-,B,B-,C+
2026,Drayton Jones,Butler,BE,Junior,A-,B,A+,A-,A,B+,B,B+,A,A+,A,A,A,A+,A,A+,A,A,A,A+,A-,A-,A+,A,A-,B+,A,A,A,B,A+,A,A+,A,B+
2026,Efeosa Oliogu-Elabor,Butler,BE,Freshman,C+,C,B,C+,B,C-,C-,C-,B,B,B-,B-,C+,A-,B-,B,B-,B-,B-,B+,C+,C+,B,B,C,C,B,B-,B-,C,B,B,B+,B-,C
2026,Ethan McComb,Butler,BE,Junior,A,A,A+,A+,A+,A,A+,A+,A+,A+,A+,A+,A+,A+,A+,A+,A+,A+,A+,A+,A+,A+,A+,A+,A+,A,A+,A+,A+,A+,A+,A+,A+,A+,A+
2026,Evan Haywood,Butler,BE,Sophomore,C+,C,B,C+,B,C,C-,C,B,B,B,B-,B-,A+,B-,B+,B,B,B-,B+,C+,B-,B+,B,B-,C+,B,B-,B,C,B,B,A-,B-,C+
2026,Finley Bizjack,Butler,BE,Junior,B,B-,A,B,A-,B-,B-,B-,A-,A,A-,A-,B+,A+,A-,A,A-,A-,B+,A,B,B+,A,A-,B,B,A-,B+,A-,B-,A-,A-,A+,B+,B
2026,Jackson Keith,Butler,BE,Freshman,C,C,C+,C,C+,C-,C-,C-,C+,C+,C+,C,C,B+,C,B-,C+,C+,C,B-,C,C,C+,C+,D+,C,C+,C+,C+,C-,C+,C+,B-,C+,C
2026,"Jamie Kaiser, Jr.",Butler,BE,Sophomore,B,C+,A-,B-,B+,C+,C+,C+,B+,A-,B+,B+,B,A+,B+,A,B+,B+,B,A,B,B,A-,B+,B,B-,A-,B+,B+,C+,B+,B+,A,B+,B-
2026,Abdullah Ahmed,BYU,B12,Sophomore,B-,B-,B,B-,B,C+,C+,C+,B,B,B-,B-,B-,A,B-,B,B-,B-,C+,B,B-,C+,B,B-,B-,C+,B-,B-,B,C+,B,B-,B+,B-,B-
2026,AJ Dybantsa,BYU,B12,Freshman,A+,A+,A+,A+,A+,A+,A+,A+,A+,A+,A+,A+,A+,A+,A+,A+,A+,A+,A+,A+,A+,A+,A+,A+,A+,A+,A+,A+,A+,A+,A+,A+,A+,A+,A+
2026,Aleksej Kostić,BYU,B12,Freshman,C,C-,C+,C,C+,C-,C-,C-,C+,C+,C+,C,C,B,C-,C+,C+,C+,C,C+,C,C,C,C,D+,C-,C+,C,C+,C-,C+,C+,B-,C+,C
2026,Dominique Diomande,BYU,B12,Freshman,B-,C+,B,B-,B,C+,C+,C+,B,B,B,B-,B-,A+,B,B,B,B,B-,B,B-,B-,B,B,B+,B-,B,B,B,B-,B,B,B+,B,B-
2026,Kennard Davis Jr.,BYU,B12,Junior,B,C+,A-,B-,B+,C+,C+,C+,B+,A-,B+,B+,B,A+,B+,A,B+,B+,B,A,B,B,A-,B+,B-,B-,A-,B+,B+,C+,B+,B+,A,B+,B-
2026,Khadim Mboup,BYU,B12,Sophomore,B,C+,B+,B-,B+,C+,C+,C+,B+,B+,B+,B+,B,A-,B+,A-,B+,B+,B,A,B-,B,A-,B+,C,B-,A-,B+,B+,C+,B+,B+,A,B,B-
2026,Mihailo Boskovic,BYU,B12,Junior,C+,C,B,C+,B,C-,C-,C-,B,B,B-,B-,C+,A-,B-,B,B,B-,B-,B+,C+,C+,B,B,C,C,B,B-,B-,C-,B,B-,B+,B-,C+
2026,Robert Wright III,BYU,B12,Sophomore,A,A-,A+,A,A+,A-,A-,A-,A+,A+,A+,A+,A,A+,A+,A+,A+,A+,A+,A+,A,A,A+,A+,A-,A-,A+,A+,A+,A-,A+,A+,A+,A+,A
2026,Tyler Mrus,BYU,B12,Junior,C,C,C+,C,C+,C,C-,C,C+,B-,C+,C+,C,B+,C,B-,B-,C+,C,B-,C+,C,C+,C+,C-,C,C+,C+,C+,C,B-,C+,B-,C+,C
2026,Bradey Henige,Cal Baptist,WAC,Sophomore,B-,C,B,C+,B,C,C-,C,B,B,B-,B-,B-,A-,B,B+,B,B,B-,B+,C+,B-,B+,B,C,C+,B+,B,B,C,B+,B,A-,B-,C+
2026,Jonathan Griman,Cal Baptist,WAC,Junior,B-,C+,B+,B-,B+,C+,C,C+,B+,B+,B,B,B,A,B+,A-,B+,B+,B,A-,B-,B-,B+,B+,C,C+,B+,B+,B,C+,B+,B+,A-,B,B-
2026,Jordan Muller,Cal Baptist,WAC,Freshman,D+,D,C,D,C-,D,D,D,C-,C,C-,C-,D+,B-,C-,C+,C-,C-,D+,C+,D,D+,C,C-,D,D,C,D+,C,D,C,C-,C+,D+,D
2026,Rene D'Amelio,Cal Baptist,WAC,Freshman,C+,C+,B-,C+,B-,C+,C,C+,B-,B-,B-,B-,C+,A,B-,B-,B-,B-,C+,B,B-,C+,B-,B-,C,C+,B-,B-,B-,C+,B,B-,B,B-,C+
2026,Thomas Ndong,Cal Baptist,WAC,Junior,B-,C+,B+,C+,B,C,C,C,B,B+,B,B,B-,A+,B,B+,B,B,B-,A-,B-,B-,B+,B+,B-,C+,B+,B,B,C+,B+,B,A-,B,C+
2026,BJ Fisher,California,ACC,Sophomore,D-,D-,F,F,F,D-,F,F,F,D-,F,F,D-,F,F,F,D-,F,F,F,F,F,F,F,F,D-,D-,F,F,D-,F,F,F,F,F
2026,Dai Dai Ames,California,ACC,Junior,B,C+,A-,B-,B+,C+,C+,C+,B+,A-,B+,B+,B,A,B+,A-,B+,B+,B,A,B,B,A-,B+,B-,B-,A-,B+,B+,C+,B+,B+,A,B+,B-
2026,Justin Pippen,California,ACC,Sophomore,B+,B,A,B+,A,B-,B-,B-,A,A,A,A-,A-,A+,A,A,A,A,A-,A+,B+,B+,A,A,A-,B,A,A-,A-,B,A,A,A+,A-,B
2026,Luke Butler,California,ACC,Freshman,B,B-,B+,B-,B,B-,B-,B-,B,B+,B,B,B,A+,B,B+,A-,B,B,B+,B,B-,B+,B,A-,B-,B,B,B,B-,B,B,A-,B,B
2026,Mantas Kocanas,California,ACC,Sophomore,C-,C-,C,C-,C+,D+,D+,D+,C,C,C,C-,C-,B-,C-,C+,C+,C,C-,C+,C-,C-,C,C-,D,C-,C,C,C,D+,C,C,B-,C,C-
2026,Semetri (TT) Carr,California,ACC,Freshman,B-,C+,B+,B-,B+,C+,C+,C+,B+,A-,B+,B+,B,A,B+,A-,B+,B+,B,A-,B-,B,A-,B+,C,B-,B+,B+,B+,C+,B+,B+,A,B,B-
2026,Ali Assran,Cal Poly,BW,Freshman,D,D,C-,D,C-,D,D,D,C-,C-,D+,D+,D+,C+,C-,C+,C-,C-,D+,C+,D,D,C,C-,D,D,C,D+,C-,D,C,D+,C+,D+,D
2026,Austin Goode,Cal Poly,BW,Freshman,D+,D+,C+,D+,C+,D,D,D,C,C+,C,C,C-,B,C,B-,C+,C,C-,B-,D+,C-,C+,C,D+,D+,C+,C,C,D,C+,C,B-,C,D+
2026,Cayden Ward,Cal Poly,BW,Sophomore,C-,D+,C+,C-,C+,D+,D+,D+,C+,C+,C,C+,C,B,C+,B,C+,C+,C,B,C-,C,B-,C+,C-,D+,B-,C+,C+,D+,B-,C+,B,C,C-
2026,Guzman Vasilic,Cal Poly,BW,Sophomore,C,C-,B-,C,B-,D+,D+,D+,B-,B-,C+,C+,C,B+,C+,B,B-,C+,C+,B,C,C,B-,B-,C-,C-,B-,C+,B-,C-,B-,B-,B,C+,C
2026,Hamad Mousa,Cal Poly,BW,Sophomore,B,C+,A-,B-,B+,C+,C+,C+,B+,A-,B+,B+,B,A+,B+,A,B+,B+,B,A,B,B,A-,B+,B+,B-,A-,B+,B+,C+,A-,B+,A,B+,B-
2026,Jackson Mosley,Cal Poly,BW,Junior,C-,C-,C,C-,C,D+,D+,D+,C,C,C,C-,C-,C+,C-,C+,C+,C-,C-,C+,C-,C-,C,C-,D,C-,C,C-,C,C-,C,C,C+,C,C-
2026,Jake Davis,Cal Poly,BW,Junior,C-,D+,C+,C-,C+,D+,D,D,C+,C+,C,C,C,B,C,B-,C+,C+,C,B-,C-,C-,B-,C+,D+,D+,C+,C,C+,D+,B-,C,B,C,C-
2026,Jess Esso Essis,Cal Poly,BW,Freshman,B-,C+,B,B-,B,C+,C+,C+,B,B,B,B-,B-,A+,B-,B,B,B-,B-,B+,B-,B-,B-,B-,B-,B-,B,B-,B-,C+,B,B-,B,B-,B-
2026,Kieran Elliott,Cal Poly,BW,Junior,C,C,C+,C,C+,C,C,C-,C+,B-,C+,C+,C,B+,C+,B-,B-,C+,C,B-,C+,C,C+,C+,C-,C,C+,C+,C+,C,B-,C+,B-,C+,C
2026,Peter Bandelj,Cal Poly,BW,Sophomore,C+,C-,B,C,B,C-,C-,C-,B-,B,B-,B-,C+,A-,B-,B+,B-,B-,B-,B+,C+,C+,B,B,C,C,B,B-,B-,C-,B,B-,B+,C+,C
2026,Troy Plumtree,Cal Poly,BW,Freshman,D+,D+,C+,D+,C+,D,D,D,C,C+,C,C-,C-,B,C,B-,C+,C,C-,B-,D+,D+,C+,C,D+,D+,C+,C,C,D,C+,C,B-,C-,D+
2026,Bentley Waller,Cal St. Bakersfield,BW,Freshman,D+,D+,D+,D+,D+,D+,D+,D,D+,C-,C-,D+,D+,D,D+,C,C-,D+,D+,C-,D+,D+,D+,D+,D-,D+,D+,D+,C-,D+,D+,D+,C,D+,D+
2026,Dylan Purnell,Cal St. Bakersfield,BW,Sophomore,D,D+,D+,D,D+,D,D,D,D+,D+,D+,D+,D+,D,D,C,C-,D+,D,C-,D+,D,D+,D+,F,D,D+,D+,D+,D,D+,D+,C,D+,D+
2026,Jaden Alexander,Cal St. Bakersfield,BW,Junior,C+,C-,B-,C+,B,C-,D+,C-,B-,B,B-,B-,C+,B,B-,B+,B,B-,C+,B+,C+,C+,B,B-,D+,C,B,B-,B-,C-,B,B-,B+,B-,C
2026,Mike Price,Cal St. Bakersfield,BW,Freshman,D-,D-,D,D-,D,D-,D-,D-,D,D+,D,D,D,D+,D,D+,D,D,D,D+,D-,D-,D+,D,D-,D-,D,D-,D+,D-,D+,D,D+,D,D-
2026,Ronald Jessamy,Cal St. Bakersfield,BW,Junior,C-,D+,C+,C-,C+,D+,D,D+,C+,C+,C,C+,C,A-,C+,B,C+,C+,C,B,C-,C-,B-,C+,C,D+,B-,C+,C+,D+,B-,C+,B,C,C-
2026,Bailey Nunn,Cal St. Fullerton,BW,Junior,C,C-,B-,C,B-,D+,D+,D+,B-,B-,C+,C+,C+,B,C+,B,B-,B-,C+,B,C,C+,B-,B-,C-,C-,B,C+,B-,C-,B,B-,B+,C+,C
2026,Bryce Cofield,Cal St. Fullerton,BW,Freshman,D+,D+,C+,D+,C+,D,D,D,C+,C+,C,C,C-,B-,C,B-,C+,C+,C-,B-,C-,C-,C+,C+,D,D+,C+,C,C,D+,C+,C,B-,C-,D+
2026,Christian Williams,Cal St. Fullerton,BW,Freshman,C+,C-,B,C,B,C-,C-,C-,B-,B,B-,B-,C+,A,B-,B+,B-,B-,B-,B+,C+,C+,B,B,C,C,B,B-,B-,C-,B,B-,B+,C+,C
2026,Davis White,Cal St. Fullerton,BW,Junior,D,D,D+,D,D+,D-,D-,D-,D+,D+,D,D,D,C+,D,C-,D+,D+,D,C-,D,D,C-,D,D-,D,D+,D,D+,D-,D+,D,C,D,D
2026,Kendrick De Luna,Cal St. Fullerton,BW,Junior,C-,D+,C+,D+,C+,D,D,D,C+,C+,C,C,C-,B,C,B-,C+,C,C,B-,C-,C-,B-,C+,D+,D+,B-,C,C+,D+,B-,C,B-,C,D+
2026,Kiwane Garris Jr,Cal St. Fullerton,BW,Freshman,B-,C+,B+,B-,B+,C+,C+,C+,B+,B+,B+,B,B,A+,B+,A-,B+,B+,B,A-,B-,B,A-,B+,B-,B-,B+,B+,B,C+,B+,B+,A,B,B-
2026,Matthew Quinlan,Cal St. Fullerton,BW,Freshman,C-,C-,C,C-,C,C-,D+,D+,C,C,C,C-,C-,B-,C-,C+,C+,C,C-,C+,C-,C-,C,C-,D,C-,C,C-,C,C-,C,C,C+,C,C-
2026,Aleks Szymczyk,Cal St. Northridge,BW,Junior,C+,C,B-,C+,B-,C,C,C,B-,B-,C+,B-,C+,A-,C+,B-,B-,B-,C+,B,C+,C+,B-,C+,C,C+,B-,B-,B-,C,B-,C+,B,B-,C+
2026,Davius Loury,Cal St. Northridge,BW,Sophomore,D,D,C-,D,C-,D,D,D,D+,C-,D+,D+,D+,C+,D+,C+,C-,C-,D+,C,D,D,C-,D+,D,D,C-,D+,C-,D,C-,D+,C+,D+,D
2026,Greg Gazarian,Cal St. Northridge,BW,Freshman,D-,D-,F,F,F,D-,F,F,F,D-,F,F,D-,F,F,F,D-,F,F,F,F,F,F,F,F,D-,D-,F,F,D-,F,F,F,F,F
2026,Jai Chisolm,Cal St. Northridge,BW,Junior,C,C-,C+,C,C+,C-,C-,C-,C+,C+,C,C,C,B,C-,B-,C+,C+,C,C+,C,C,C+,C,D+,C-,C+,C,C+,C-,C+,C,B-,C+,C
2026,James Evans Jr.,Cal St. Northridge,BW,Freshman,C-,D+,C+,C-,B-,D+,D+,D+,C+,B-,C+,C+,C,B,C+,B,C+,C+,C,B,C-,C,B-,C+,D+,C-,B-,C+,C+,D+,B-,C+,B,C+,C-
2026,Chris Fields Jr.,Campbell,CAA,Junior,C,C-,B-,C,B-,D+,D+,D+,B-,B-,C+,C+,C+,A-,C+,B,B-,B-,C+,B,C,C,B-,B-,C,C-,B-,B-,C+,D+,B,C+,B,C+,C-
2026,Dominykas Butka,Campbell,CAA,Freshman,D+,D+,C,C-,C,D+,D+,D+,C-,C,C-,C-,C-,C+,D+,C+,C,C-,D+,C,C-,D+,C-,C-,D-,D+,C-,C-,C,D+,C,C-,C+,C-,C-
2026,Dovydas Butka,Campbell,CAA,Sophomore,C,C-,B-,C,B-,C-,C-,C-,B-,B,B-,B-,C+,A-,B-,B,B-,B-,C+,B+,C+,C+,B,B-,C,C-,B,B-,B-,C-,B,B-,B+,C+,C
2026,Jeremiah Johnson,Campbell,CAA,Sophomore,C+,C,B,C+,B,C-,C-,C,B,B,B,B,B-,B+,B,B+,B,B,B-,B+,C+,B-,B+,B,C,C,B,B,B,C,B,B,A-,B-,C+
2026,Anthony Benard,Canisius,MAAC,Junior,D,D,D+,D+,D+,D,D,D,D+,D+,D+,D+,D+,D,D+,C,C-,D+,D,C-,D+,D,D+,D,F,D+,D+,D+,D+,D,D+,D+,C-,D+,D
2026,Brendan Oliver,Canisius,MAAC,Freshman,D+,C-,C,C-,C,D+,D+,D+,C-,C,C-,C-,C-,C+,D+,C+,C,C-,D+,C,C-,D+,C-,C-,D-,D+,C,C-,C,D+,C,C-,C+,C-,C-
2026,Bryan Ndjonga,Canisius,MAAC,Junior,D,D,D+,D,D+,D,D-,D-,D+,C-,D+,D+,D+,B-,D+,C,D+,D+,D,C+,D,D,C-,D+,D,D,C-,D+,D+,D,C-,D+,C,D+,D
2026,Chris Kumu,Canisius,MAAC,Freshman,D-,D-,D,D-,D,D-,D-,D-,D-,D,D,D-,D,D+,D-,D+,D,D,D-,D,D-,D-,D,D-,D-,D-,D,D-,D,D-,D,D-,D+,D-,D-
2026,Evan van der Plas,Canisius,MAAC,Sophomore,D+,D+,C-,D+,C-,D+,D+,D+,C-,C,C-,C-,D+,C,D+,C+,C,C-,D+,C,C-,D+,C-,C-,D-,D+,C-,C-,C,D+,C-,C-,C+,C-,D+
2026,Javante Edwards,Canisius,MAAC,Freshman,D-,D-,D,D-,D,D-,D-,D-,D,D,D,D,D,C-,D,D+,D,D,D,D+,D-,D-,D,D,D-,D-,D,D-,D,D-,D,D,D+,D-,D-
2026,Kahlil Singleton,Canisius,MAAC,Junior,C-,D+,C+,C-,C+,D+,D+,D+,C+,C+,C+,C+,C,B+,C+,B,C+,C+,C,B,C-,C,B-,C+,C-,D+,B-,C,C+,D+,B-,C+,B,C,C-
2026,Mike Evbagharu,Canisius,MAAC,Junior,D,D,C-,D,C-,D,D,D,C-,C,C-,C-,D+,B,D+,C+,C-,C-,D+,C+,D,D+,C,C-,D+,D,C-,D+,C-,D,C,D+,C+,D+,D
2026,Cole McCormick,Central Arkansas,ASun,Sophomore,C+,C-,B-,C,B,C-,D+,C-,B-,B,B-,B-,C+,A-,B-,B+,B-,B-,C+,B+,C+,C+,B,B-,C,C,B,B-,B-,C-,B,B-,B+,B-,C
2026,Harrison Beauchamp,Central Arkansas,ASun,Freshman,D+,D+,C+,D+,C+,D,D,D,C,C+,C,C-,C-,B,C,B-,C+,C,C-,B-,D+,C-,C+,C,D,D+,C+,C,C+,D,C+,C,B-,C,D+
2026,Javion Guy-King,Central Arkansas,ASun,Junior,C,C-,B-,C,B-,D+,D+,D+,B-,B-,C+,C+,C,B+,C+,B,B-,B-,C+,B,C,C+,B-,B-,C-,C-,B-,C+,B-,D+,B,C+,B,C+,C-
2026,Luke Moore,Central Arkansas,ASun,Freshman,C,C-,B-,C,B-,D+,D+,D+,B-,B,B-,B-,C+,B+,C+,B,B-,B-,C+,B+,C,C+,B,B-,C-,C-,B-,C+,B-,C-,B,B-,B+,C+,C
2026,Malchiah Marable,Central Arkansas,ASun,Freshman,C-,D+,C+,D+,C+,D+,D,D+,C+,C+,C,C,C-,B-,C,B-,C+,C+,C,B-,C-,C-,C+,C+,D,D+,C+,C,C+,D+,B-,C,B-,C,D+
2026,Parker Applegate,Central Arkansas,ASun,Junior,D+,D+,D+,D+,D+,D,D,D,D+,D+,D+,D+,D+,D,D+,C,C-,D+,D,C-,D+,D+,D+,D+,F,D+,D+,D+,C-,D,D+,D+,C,D+,D+
2026,Truman Byrne,Central Arkansas,ASun,Freshman,C-,D+,C+,C-,C+,D+,D,D,C+,C+,C+,C,C-,B,C,B-,C+,C+,C,B-,C-,C-,B-,C+,D+,D+,B-,C,C+,D+,B-,C+,B,C,C-
2026,Ty Robinson,Central Arkansas,ASun,Sophomore,B,B-,A,B,A-,B-,B-,B-,A-,A,A-,A-,B+,A+,A-,A,A-,A-,A-,A,B+,B+,A,A,A-,B,A,A-,A-,B-,A,A-,A+,A-,B
2026,Tyler Lee,Central Arkansas,ASun,Sophomore,C,C,C+,C,C+,C,C-,C-,C+,B-,C+,C+,C,B+,C,B-,B-,C+,C,B-,C+,C,C+,C+,C-,C,C+,C+,C+,C,C+,C+,B-,C+,C
2026,Ashton Reynolds,Central Connecticut,NEC,Freshman,C,C-,C+,C-,C+,C-,C-,C-,C+,C+,C,C,C,B,C,C+,C+,C,C-,C+,C,C-,C+,C+,D,C,C+,C,C+,C-,C+,C,B-,C+,C
2026,Daniel Etiosa James,Central Connecticut,NEC,Sophomore,D,D,C-,D,C-,D,D,D,C-,C-,D+,D+,D+,C+,D+,C+,C-,C-,D+,C+,D,D,C,C-,D,D,C,D+,C-,D,C,D+,C+,D+,D
2026,"Darin Smith, Jr.",Central Connecticut,NEC,Sophomore,C,C-,B-,C,B-,C-,D+,D+,B-,B-,B-,B-,C+,A-,B-,B+,B-,B-,C+,B+,C,C+,B,B-,C,C-,B,B-,B-,C-,B,B-,B+,C+,C
2026,Elijah Parker,Central Connecticut,NEC,Freshman,D-,D-,D,D-,D,D-,D-,D-,D,D,D,D,D,C-,D,D+,D,D,D,D+,D-,D-,D+,D,D-,D-,D,D,D,D-,D,D,C-,D,D-
2026,James Jones,Central Connecticut,NEC,Sophomore,D+,D,C-,D,C-,D,D,D,C-,C,C-,C-,D+,B-,C-,C+,C-,C-,D+,C+,D+,D+,C,C-,D,D,C,C-,C-,D,C,C-,C+,D+,D
2026,Jayden Mott,Central Connecticut,NEC,Sophomore,D,D,D+,D,D+,D,D,D,D,D+,D,D,D,F,D,D+,D+,D,D,D+,D,D,D,D,F,D,D,D,D+,D,D+,D,D+,D,D
2026,Max Frazier,Central Connecticut,NEC,Junior,C,C-,B-,C-,C+,D+,D+,D+,B-,B-,C+,C+,C,A,C+,B,B-,C+,C,B,C,C,B-,B-,C+,C-,B-,C+,C+,D+,B,C+,B,C+,C-
2026,Roddy Jones,Central Connecticut,NEC,Freshman,C-,C-,C+,C,C+,C-,C-,C-,C+,C+,C+,C,C,B,C-,C+,C+,C,C,C+,C,C,C+,C,D+,C-,C+,C,C+,C-,C+,C,B-,C,C
2026,Jalen Kampen,Central Michigan,MAC,Freshman,D+,D+,C,C-,C-,D+,D+,D+,C-,C,C-,C-,C-,C+,D+,C+,C,C-,D+,C,C-,D+,C-,C-,D-,D+,C-,C-,C,D+,C,C-,C+,C-,C-
2026,Jaxson Whitaker,Central Michigan,MAC,Sophomore,D,D-,D+,D,D+,D-,D-,D-,D,D+,D,D,D,B-,D,C-,D+,D,D,C-,D-,D,D+,D,D,D,D+,D,D+,D-,D+,D,C-,D,D-
2026,Keenan Garner,Central Michigan,MAC,Sophomore,D+,D+,C+,D+,C+,D,D,D,C,C+,C,C,C-,B,C,B-,C+,C,C-,B-,D+,C-,C+,C,D+,D+,C+,C,C,D,C+,C,B-,C-,D+
2026,Phat Phat Brooks,Central Michigan,MAC,Sophomore,D+,D,C,D,C-,D,D,D,C-,C,C-,C-,D+,B-,D+,C+,C-,C-,D+,C+,D+,D+,C,C-,D,D,C,D+,C-,D,C,C-,C+,D+,D
2026,Will Ashford,Central Michigan,MAC,Sophomore,D,D+,D+,D+,D+,D,D,D,D+,C-,D+,D+,D+,D,D+,C,C-,D+,D,C-,D+,D,D+,D+,F,D+,D+,D+,C-,D,D+,D+,C,D+,D+
2026,Chadlyn Traylor,Charleston,CAA,Freshman,C,C-,B-,C,B-,D+,D+,D+,B-,B-,C+,C+,C,B,C+,B,B-,C+,C+,B,C,C,B-,B-,D+,C-,B-,C+,C+,D+,B-,C+,B,C+,C-
2026,Chol Machot,Charleston,CAA,Sophomore,C+,C,B,C+,B,C,C-,C,B,B,B-,B-,B-,A+,B,B+,B,B,B-,B+,C+,C+,B+,B,B-,C,B,B,B,C,B+,B,B+,B-,C+
2026,Chris Davis Jr,Charleston,CAA,Freshman,C+,C,B,C+,B,C-,C-,C-,B,B,B-,B-,C+,A-,B-,B+,B,B-,B-,B+,C+,C+,B,B,C,C,B,B-,B-,C,B,B,B+,B-,C+
2026,Christian Reeves,Charleston,CAA,Junior,B+,B,A,B+,A,B,B,B,A,A,A,A,A-,A+,A,A+,A,A,A-,A+,B+,B+,A+,A,B+,B,A,A,A,B,A,A,A+,A,B+
2026,Colby Duggan,Charleston,CAA,Junior,C-,D+,C+,C-,C+,D+,D+,D,C+,B-,C,C+,C-,B,C,B-,C+,C+,C,B-,C-,C,B-,C+,D+,D+,B-,C,C+,D+,B-,C+,B,C,C-
2026,Jaxon Prunty,Charleston,CAA,Sophomore,C,D+,B-,C-,B-,D+,D+,D+,C+,B-,C+,C+,C,B,C+,B,B-,C+,C,B,C,C,B-,C+,D,C-,B-,C+,B-,D+,B-,C+,B,C+,C-
2026,Martin Kalu,Charleston,CAA,Freshman,D+,D+,C+,D+,C+,D,D,D,C,C+,C,C-,C-,B,C,B-,C,C,C-,B-,D+,C-,C+,C,D+,D+,C+,C,C,D,C+,C,B-,C-,D+
2026,A'lahn Sumler,Charleston Southern,BSth,Junior,B-,C+,A-,B-,B+,C+,C+,C+,B+,A-,B+,B+,B,A+,B+,A-,B+,B+,B,A,B-,B,A-,B+,B,C+,B+,B+,B+,C+,B+,B+,A,B,B-
2026,Armari Carraway,Charleston Southern,BSth,Junior,D,D-,D,D-,D,D-,D-,D-,D,D+,D,D,D,D,D,D+,D,D,D,D+,D-,D-,D+,D,D-,D-,D+,D,D+,D-,D+,D,C-,D,D-
2026,Brycen Blaine,Charleston Southern,BSth,Junior,C,C-,B-,C,B-,C-,D+,D+,B-,B-,C+,B-,C+,A,C+,B,B-,B-,C+,B,C,C+,B,B-,B-,C-,B-,B-,B-,C-,B,B-,B+,C+,C
2026,Devin Brafford,Charleston Southern,BSth,Sophomore,C+,C+,B-,C+,B-,C+,C+,C+,B-,B-,B-,B-,B-,A,B-,B-,B-,B-,C+,B,B-,C+,B-,B-,C,C+,B-,B-,B-,C+,B,B-,B,B-,C+
2026,Jacob Taylor,Charleston Southern,BSth,Freshman,D,D,C-,D,C-,D,D,D,D+,C-,D+,D+,D+,C+,D+,C+,C-,C-,D+,C,D,D,C-,D+,D-,D,C-,D+,C-,D,C,D+,C+,D+,D
2026,Lase Olalere,Charleston Southern,BSth,Sophomore,C-,C-,C+,C-,C+,D+,D+,D+,C+,B-,C+,C+,C,B,C+,B,C+,C+,C,B,C-,C-,B-,C+,D+,C-,B-,C+,C+,D+,B-,C+,B,C+,C-
2026,Anton Bonke,Charlotte,Amer,Junior,B,C+,A-,B-,B+,C+,C+,B-,B+,A-,B+,B+,B,A+,A-,A,B+,B+,B,A,B,B,A-,B+,B,B-,A-,B+,B+,B-,A-,B+,A,B+,B
2026,Arden Conyers,Charlotte,Amer,Junior,C,C-,B-,C-,C+,D+,D+,D+,C+,B-,C+,C+,C,A-,C+,B,B-,C+,C,B,C-,C,B-,C+,C,C-,B-,C+,C+,D+,B-,C+,B,C+,C-
2026,Ben Bradford,Charlotte,Amer,Sophomore,C+,C,B,C+,B,C-,C-,C-,B,B,B-,B-,C+,A-,B-,B+,B,B-,B-,B+,C+,C+,B,B,C,C,B,B-,B-,C,B,B-,B+,B-,C+
2026,Jarne Elouna Eyenga,Charlotte,Amer,Freshman,D+,D+,C,D+,C,D,D,D,C,C,C-,C-,D+,B-,C-,C+,C,C-,D+,C+,D+,D+,C+,C-,D,D+,C+,C-,C,D,C+,C-,C+,C-,D+
2026,Nick Richart,Charlotte,Amer,Junior,C,C-,C+,C,C+,C-,C-,C-,C+,C+,C,C+,C,B,C,C+,C+,C+,C-,B-,C,C-,C+,C,D,C,C+,C,C+,C-,C+,C,B-,C,C
2026,Raúl Villar,Charlotte,Amer,Freshman,C+,C,B-,C+,B-,C,C,C,B-,B-,B-,C+,C+,A,C+,B-,B-,C+,C+,B-,C+,C+,B-,C+,C,C+,B-,C+,B-,C+,B-,C+,B,C+,C+
2026,Spencer Elliott,Charlotte,Amer,Junior,C,C-,B-,C-,B-,D+,D+,D+,B-,B-,C+,C+,C,B,C+,B,B-,C+,C,B,C-,C,B-,B-,D+,C-,B-,C+,C+,D+,B-,C+,B,C+,C-
2026,Collin Mulholland,Chattanooga,SC,Sophomore,D+,D,C-,D,C-,D,D,D,D+,C-,D+,D+,D+,B-,C-,C+,C-,C-,D+,C+,D,D+,C-,C-,D,D,C,D+,C-,D,C,D+,C+,D+,D
2026,Houston Holland,Chattanooga,SC,Sophomore,C-,C-,C+,C-,C,C-,C-,D+,C,C+,C,C,C-,B-,C-,C+,C+,C,C-,C+,C,C-,C,C,D,C-,C,C,C+,C-,C+,C,C+,C,C-
2026,Jordan Frison,Chattanooga,SC,Junior,C+,C,B,C+,B,C,C-,C-,B,B,B,B,B-,A,B,B+,B,B,B-,B+,C+,B-,B+,B,B-,C,B,B-,B,C,B,B,A-,B-,C+
2026,Josh Bowman,Chattanooga,SC,Freshman,C-,C-,C,C-,C,D+,D+,D+,C,C,C,C-,C-,C+,C-,C+,C+,C-,C-,C+,C-,C-,C,C,D,C-,C,C,C,C-,C+,C-,C+,C,C-
2026,Parker Robison,Chattanooga,SC,Sophomore,D+,D+,C-,D+,C-,D+,D+,D,D+,C-,C-,C-,D+,D+,D+,C,C,D+,D+,C-,D+,D+,C-,D+,D-,D+,C-,D+,C-,D+,C-,D+,C,C-,D+
2026,Sebastian Hartmann,Chattanooga,SC,Junior,C,C,C+,C+,C+,C,C,C,C+,B-,C+,C+,C+,B+,C+,B-,B-,C+,C,B-,C+,C+,C+,C+,C-,C+,C+,C+,C+,C,B-,C+,B-,C+,C+
2026,Tate Darner,Chattanooga,SC,Freshman,D+,D+,C+,D+,C+,D,D,D,C+,C+,C,C,C-,B,C,B-,C+,C,C-,B-,D+,C-,C+,C,C-,D+,C+,C,C,D+,C+,C,B-,C-,D+
2026,Chauncey Gibson,Chicago St.,NEC,Junior,C-,C-,C,C-,C,C-,D+,D+,C,C,C,C-,C-,C+,C-,C+,C,C,C-,C+,C,C-,C,C-,D,C-,C,C-,C,C-,C,C,C+,C,C-
2026,Daniel Zatsepin,Chicago St.,NEC,Junior,D+,D+,C-,D+,C-,D+,D,D,C-,C-,C-,D+,D+,C-,D+,C,C-,C-,D+,C-,D+,D+,D+,D+,D-,D+,C-,D+,C-,D+,C-,D+,C,D+,D+
2026,Doyel Cockrill III,Chicago St.,NEC,Junior,C-,D+,B-,C-,C+,D+,D+,D+,C+,B-,C+,C+,C,A,C+,B,C+,C+,C+,B,C,C,B-,B-,B-,D+,B-,C+,C+,D+,B-,C+,B,C,C-
2026,Lionel Larvadain,Chicago St.,NEC,Sophomore,D+,D+,D+,D+,D+,D+,D+,D,D+,C-,C-,D+,D+,D,D+,C,C-,D+,D,C-,D+,D+,D+,D+,F,D+,D+,D+,C-,D+,D+,D+,C,D+,D+
2026,Malek Robinson,Chicago St.,NEC,Freshman,D,D,D+,D,D+,D-,D-,D-,D+,C-,D+,D+,D+,B-,D+,C,D+,D+,D,C,D,D,C-,D+,D,D,C-,D,D+,D,C-,D+,C,D,D
2026,Halvine Dzellat,Cincinnati,B12,Sophomore,C+,C,B-,C+,B-,C,C,C,B-,B-,C+,C+,C+,B+,C+,B-,B-,C+,C,B,C+,C,C+,C+,C-,C,C+,C+,B-,C,B-,C+,B,C+,C
2026,Jizzle James,Cincinnati,B12,Junior,B-,C+,B+,B-,B+,C+,C+,C+,B+,A-,B+,B+,B,A,B+,A,B+,B+,B,A,B,B,A-,B+,B-,B-,B+,B+,B+,C+,B+,B+,A,B+,B-
2026,Jordi Rodriguez,Cincinnati,B12,Freshman,C,C,C+,C,C+,C,C-,C-,C+,C+,C+,C+,C,B+,C,B-,B-,C+,C,C+,C+,C,C+,C+,C-,C,C+,C+,C+,C,C+,C+,B-,C+,C
2026,Keyshuan Tillery,Cincinnati,B12,Freshman,B-,C,B+,C+,B,C,C,C,B,B+,B,B,B-,A-,B,B+,B,B,B,A-,B-,B-,B+,B,C,C+,B+,B,B,C+,B+,B,A-,B,C+
2026,Moustapha Thiam,Cincinnati,B12,Sophomore,B+,B,A,B+,A,B,B,B,A,A,A,A,A-,A+,A,A+,A,A,A-,A+,B+,B+,A+,A,A-,B,A,A,A,B,A,A,A+,A,B+
2026,Sencire Harris,Cincinnati,B12,Junior,B,B-,A-,B,A-,C+,C+,B-,B+,A-,A-,B+,B,A+,B+,A,B+,B+,B+,A,B,B,A-,A-,B-,B-,A-,B+,B+,B-,A-,A-,A,B+,B
2026,Shon Abaev,Cincinnati,B12,Freshman,C+,C,B,C+,B,C-,C-,C-,B-,B,B-,B-,C+,A,B-,B,B-,B-,B-,B+,C+,C+,B,B-,C,C,B,B-,B-,C,B,B-,B+,B-,C
2026,Tyler McKinley,Cincinnati,B12,Sophomore,C+,C+,B-,C+,B-,C,C,C,B-,B-,C+,C+,C+,A,C+,B-,B-,B-,C+,B,C+,C+,B-,C+,C,C+,B-,B-,B-,C,B-,C+,B,B-,C+
2026,Ace Buckner,Clemson,ACC,Sophomore,B,B-,A,B,A,B-,B-,B-,A-,A,A,A-,B+,A+,A-,A,A-,A-,A-,A,B+,B+,A,A,A-,B,A,A-,A-,B,A,A,A+,A-,B
2026,Carter Welling,Clemson,ACC,Junior,A-,B,A+,A-,A,B+,B,B+,A,A,A,A,A,A+,A,A+,A,A,A,A+,A-,A-,A+,A,A,B+,A,A,A,B+,A+,A,A+,A,B+
2026,Chase Thompson,Clemson,ACC,Freshman,B-,C+,B,B-,B,C+,C+,C+,B,B,B-,B-,C+,A+,B-,B,B,B-,C+,B,B-,B-,B-,B-,B,C+,B-,B-,B-,C+,B,B-,B,B-,B-
2026,Jake Wahlin,Clemson,ACC,Junior,B,C+,A-,B,B+,C+,C+,C+,B+,A-,B+,B+,B,A,B+,A,B+,B+,B,A,B,B,A-,B+,C+,B-,A-,B+,B+,C+,A-,B+,A,B+,B-
2026,Zac Foster,Clemson,ACC,Freshman,C,C,C+,C,C+,C,C,C,C+,B-,C+,C+,C+,B,C,B-,C+,C+,C,B-,C+,C,C+,C+,D+,C,C+,C+,C+,C,C+,C+,B-,C+,C
2026,Chevalier Emery,Cleveland St.,Horz,Junior,D,D,D+,D,D+,D-,D-,D-,D+,C-,D+,D+,D,C+,D,C,D+,D+,D,C,D,D,C-,D+,D-,D,D+,D,D+,D,C-,D,C,D,D
2026,David Giddens,Cleveland St.,Horz,Junior,D+,D+,C-,D+,C-,D+,D+,D,C-,C-,C-,D+,D+,C-,D+,C,C,C-,D+,C,D+,D+,C-,D+,D-,D+,C-,D+,C-,D+,C-,D+,C,C-,D+
2026,Dayan Nessah,Cleveland St.,Horz,Sophomore,C,C-,B-,C,B-,C-,D+,D+,B-,B-,C+,B-,C+,B+,B-,B+,B-,B-,C+,B+,C+,C+,B,B-,C,C,B,B-,B-,C-,B,B-,B+,C+,C
2026,Holden Pierre-Louis,Cleveland St.,Horz,Sophomore,D-,D-,D,D-,D,D-,D-,D-,D,D,D,D,D,D+,D,C-,D,D,D,C-,D-,D-,D+,D,D-,D-,D+,D,D+,D-,D+,D,C-,D,D-
2026,Ivan Spirov,Cleveland St.,Horz,Junior,D,D,D+,D,D+,D,D,D,D+,D+,D,D,D,D-,D,C-,D+,D,D,D+,D,D,D,D,F,D,D,D,D+,D,D+,D,C-,D,D
2026,Josiah Harris,Cleveland St.,Horz,Junior,D+,D+,C,D+,C,D,D,D,C,C,C-,C-,C-,B,C-,B-,C,C-,C-,B-,D+,D+,C+,C,D+,D+,C+,C-,C,D,C+,C-,C+,C-,D+
2026,Kamari Jones,Cleveland St.,Horz,Sophomore,D+,D+,C-,D+,D+,D+,D+,D,D+,C-,C-,D+,D+,D+,D+,C,C-,D+,D+,C-,D+,D+,D+,D+,D-,D+,D+,D+,C-,D+,D+,D+,C,D+,D+
2026,Preist Ryan,Cleveland St.,Horz,Junior,D,D,D+,D,D+,D-,D-,D-,D+,D+,D+,D+,D,C,D+,C,D+,D+,D,C,D,D,C-,D+,D-,D,C-,D+,D+,D,C-,D,C,D,D
2026,AJ Dancler,Coastal Carolina,SB,Junior,C,C-,B-,C-,B-,D+,D+,D+,B-,B-,C+,C+,C+,A,C+,B,B-,B-,C+,B,C,C,B-,B-,C,C-,B-,C+,C+,D+,B-,C+,B,C+,C-
2026,Braeden MacVicar,Coastal Carolina,SB,Junior,D+,D+,C,D+,C,D+,D+,D+,C-,C,C-,C-,C-,C,D+,C+,C,C-,D+,C,C-,D+,C-,C-,D-,D+,C-,C-,C,D+,C,D+,C+,C-,C-
2026,DaJohn Craig,Coastal Carolina,SB,Sophomore,C-,D+,C+,C-,C+,D,D,D,C+,C+,C,C,C-,B+,C,B-,C+,C+,C-,B-,C-,C-,C+,C+,C-,D+,C+,C,C+,D+,C+,C,B-,C,C-
2026,Derrick Green,Coastal Carolina,SB,Sophomore,D+,D+,C,D+,C,D+,D+,D+,C-,C,C-,C-,C-,C-,C-,C,C,C-,D+,C+,D+,D+,C-,C-,D-,C-,C-,C-,C,D+,C,C-,C+,C-,D+
2026,RaSheed Jones,Coastal Carolina,SB,Junior,C+,C-,B,C,B-,C-,D+,C-,B-,B,B-,B-,C+,A,B-,B+,B-,B-,B-,B+,C+,C+,B,B,B-,C-,B,B-,B-,C-,B,B-,B+,C+,C
2026,Tristan Thompson,Coastal Carolina,SB,Freshman,D+,D+,C+,D+,C+,D,D,D,C,C+,C,C-,C-,B-,C,B-,C,C,C-,B-,D+,D+,C+,C,D,D+,C+,C-,C,D,C+,C,B-,C-,D+
2026,Andrew Alekseyenko,Colgate,Pat,Freshman,C,C-,B-,C,B-,C-,D+,D+,B-,B,B-,B-,C+,A-,B-,B+,B-,B-,C+,B+,C,C+,B,B-,C,C-,B,B-,B-,C-,B,B-,B+,C+,C
2026,Ayomi Odetoyinbo,Colgate,Pat,Freshman,C+,C+,C+,C,C+,C,C,C,C+,B-,C+,C+,C+,B,C+,B-,C+,C+,C,B-,C+,C,C+,C+,D+,C,C+,C+,C+,C,B-,C+,B-,C+,C+
2026,Ben Tweedy,Colgate,Pat,Sophomore,D+,D+,C,D+,C,D,D,D,C,C+,C-,C-,C-,B,C-,B-,C,C,C-,B-,D+,D+,C+,C,D,D+,C+,C-,C,D,C+,C-,B-,C-,D+
2026,Charles Pugh,Colgate,Pat,Freshman,D+,D+,D+,D,D+,D,D,D,D+,D+,D+,D+,D,D,D,C-,C-,D+,D,D+,D+,D,D+,D,F,D+,D+,D,D+,D,D+,D+,C,D+,D+
2026,Cooper Wright,Colgate,Pat,Junior,C-,D+,C+,C-,C+,D+,D+,D+,C+,C+,C,C,C-,B,C,B-,C+,C+,C,B-,C-,C-,B-,C+,D+,D+,B-,C,C+,D+,B-,C+,B-,C,C-
2026,Ethan Brown,Colgate,Pat,Sophomore,D+,D+,C,C-,C-,D+,D+,D+,C,C,C-,C-,C-,C+,C-,C+,C,C,D+,C,C-,D+,C,C-,D-,D+,C-,C-,C,D+,C,C-,C+,C,C-
2026,Jalen Cox,Colgate,Pat,Junior,B,B-,A,B,A-,C+,C+,B-,A-,A,A-,A-,B+,A+,A-,A,A-,A-,B+,A,B,B+,A,A-,B+,B-,A-,A-,B+,B-,A-,A-,A,B+,B
2026,Jonathan Niv,Colgate,Pat,Freshman,C,C-,C+,C,C+,C-,C-,C-,C+,C+,C,C+,C,B+,C,B-,B-,C+,C,B-,C,C,C+,C+,C-,C,C+,C+,C+,C-,C+,C+,B-,C+,C
2026,Josh Ahayere,Colgate,Pat,Sophomore,C-,D+,B-,C-,C+,D+,D+,D+,C+,B-,C+,C+,C,B,C+,B,B-,C+,C,B,C-,C,B-,C+,D+,C-,B-,C+,C+,D+,B-,C+,B,C+,C-
2026,Sam Wright,Colgate,Pat,Junior,C-,D+,C+,C-,C+,D+,D,D,C+,C+,C,C,C-,B,C,B-,C+,C+,C,B-,C-,C-,C+,C+,D+,D+,C+,C+,C+,D+,B-,C,B-,C,D+
2026,Alon Michaeli,Colorado,B12,Freshman,C,C-,B-,C,B-,C-,D+,D+,B-,B-,C+,C+,C+,B+,C+,B,B-,B-,C+,B+,C,C,B-,B-,C-,C-,B,C+,B-,C-,B,B-,B,C+,C
2026,Bangot Dak,Colorado,B12,Junior,B,B-,A-,B,A-,B-,C+,B-,A-,A-,A-,B+,B+,A+,A-,A,A-,A-,B+,A,B,B,A,A-,B+,B-,A-,A-,B+,B-,A-,A-,A,B+,B
2026,Barrington Hargress,Colorado,B12,Junior,A-,B+,A+,A-,A+,B+,B+,B+,A+,A+,A+,A,A,A+,A,A+,A+,A+,A,A+,A,A,A+,A+,A-,A-,A+,A,A,B+,A+,A+,A+,A,A-
2026,"Fawaz ""Tacko"" Ifaola",Colorado,B12,Freshman,C+,C,B-,C+,B-,C,C,C,B-,B-,C+,C+,C+,A-,C+,B-,B-,B-,C,B,C+,C+,C+,C+,C,C+,C+,B-,B-,C,B-,C+,B,B-,C+
2026,Felix Kossaras,Colorado,B12,Sophomore,C+,C-,B,C+,B,C-,C-,C-,B-,B,B-,B-,C+,A,B-,B+,B,B-,C+,B+,C+,C+,B,B-,C,C,B,B-,B-,C-,B,B-,B+,B-,C
2026,Ian Inman,Colorado,B12,Freshman,C+,C,B-,C+,B-,C+,C,C,B-,B-,B-,B-,C+,A,C+,B-,B-,B-,C+,B,C+,C+,B-,C+,C+,C+,B-,C+,B-,C,B-,B-,B,B-,C+
2026,Isaiah Johnson,Colorado,B12,Freshman,A,B+,A+,A-,A+,B+,B+,B+,A+,A+,A+,A,A,A+,A+,A+,A+,A+,A,A+,A,A,A+,A+,A,A-,A+,A+,A,B+,A+,A+,A+,A,A-
2026,Jalin Holland,Colorado,B12,Freshman,C-,D+,C+,C-,C+,D+,D+,D+,C+,B-,C+,C+,C,B,C+,B,C+,C+,C,B-,C-,C,B-,C+,D+,D+,B-,C+,C+,D+,B-,C+,B,C+,C-
2026,Josiah Sanders,Colorado,B12,Freshman,C+,C,B,C+,B,C,C-,C,B,B,B,B-,B-,A-,B,B+,B,B,B-,B+,C+,B-,B+,B,C,C+,B,B,B,C,B,B,A-,B-,C+
2026,Sebastian Rancik,Colorado,B12,Sophomore,B,B-,A-,B,A-,C+,C+,B-,A-,A-,A-,B+,B,A+,A-,A,B+,A-,B+,A,B,B,A-,A-,B,B-,A-,B+,B+,B-,A-,A-,A,B+,B
2026,Augustinas Kiudulas,Colorado St.,MWC,Junior,B-,C+,B+,B-,B+,C+,C,C+,B+,B+,B,B,B-,A,B+,A-,B+,B,B,A-,B-,B,B+,B+,C+,C+,B+,B+,B,C+,B+,B+,A,B,B-
2026,Brandon Rechsteiner,Colorado St.,MWC,Junior,B-,C+,A-,B-,B+,C+,C+,C+,B+,A-,B+,B+,B,A+,B+,A-,B+,B+,B,A,B-,B,A-,B+,B-,B-,B+,B+,B+,C+,B+,B+,A,B,B-
2026,Carey Booth,Colorado St.,MWC,Junior,B+,B-,A,B,A,B-,B-,B-,A,A,A-,A-,B+,A+,A-,A,A-,A-,B+,A,B+,B+,A,A,B+,B,A,A-,A-,B-,A,A,A+,A-,B
2026,Darnez Slater,Colorado St.,MWC,Sophomore,D,D+,D+,D,D+,D+,D,D,D+,C-,D+,D+,D+,D,D,C,C-,D+,D,D+,D+,D+,D+,D+,F,D,D+,D+,D+,D,D+,D+,C-,D+,D
2026,Jase Butler,Colorado St.,MWC,Sophomore,B,B-,A-,B,A-,C+,C+,C+,B+,A-,B+,B+,B,A+,B+,A,B+,B+,B+,A,B,B,A-,B+,B-,B-,A-,B+,B+,C+,A-,B+,A,B+,B-
2026,Jojo McIver,Colorado St.,MWC,Freshman,D+,D+,C,D+,C,D,D,D,C,C+,C,C-,C-,C+,C-,C+,C,C,C-,C+,D+,D+,C+,C,D-,D+,C+,C-,C,D,C+,C,B-,C-,D+
2026,Josh Pascarelli,Colorado St.,MWC,Junior,C+,C+,B+,C+,B,C,C-,C,B,B+,B,B,B-,A+,B,B+,B,B,B-,A-,B-,B-,B+,B,B-,C+,B+,B,B,C,B+,B,A-,B,C+
2026,Kyle Jorgensen,Colorado St.,MWC,Sophomore,B+,B,A,B+,A,B,B-,B,A,A,A,A-,A-,A+,A,A+,A,A,A-,A+,B+,B+,A,A,A-,B,A,A,A,B,A,A,A+,A-,B+
2026,Nikola Djapa,Colorado St.,MWC,Junior,C-,C-,C+,C-,C+,C-,D+,C-,C+,C+,C,C,C,B-,C,C+,C+,C,C-,C+,C,C-,C,C,D,C-,C,C,C+,C-,C+,C,C+,C,C-
2026,Rashaan Mbemba,Colorado St.,MWC,Junior,B-,C,B,C+,B,C,C-,C,B,B,B,B,B-,A,B,B+,B,B,B-,A-,C+,B-,B+,B,C,C+,B+,B,B,C,B+,B,A-,B-,C+
2026,Connor Igoe,Columbia,Ivy,Freshman,B-,C+,B+,B-,B+,C+,C+,C+,B+,B+,B,B,B-,A+,B+,A-,B+,B,B,A-,B-,B-,B+,B+,B-,C+,B+,B,B,C+,B+,B+,A-,B,B-
2026,Gerard O'Keefe,Columbia,Ivy,Sophomore,C-,D+,C+,C-,C+,D+,D+,D+,C+,B-,C+,C+,C,B+,C+,B,C+,C+,C,B-,C-,C,B-,C+,C-,C-,B-,C+,C+,D+,B-,C+,B,C+,C-
2026,Hampton Sanders,Columbia,Ivy,Junior,C,C-,B-,C,B-,D+,D+,D+,B-,B-,B-,C+,C+,B,C+,B,B-,B-,C+,B,C,C+,B,B-,D+,C-,B,C+,B-,C-,B,B-,B+,C+,C
2026,Mason Ritter,Columbia,Ivy,Sophomore,D+,D+,C,D+,C+,D,D,D,C,C+,C,C,C-,B-,C,C+,C,C,C-,B-,D+,D+,C+,C,D,D+,C+,C,C,D,C+,C,B-,C-,D+
2026,Miles Franklin,Columbia,Ivy,Freshman,C,C-,B-,C-,B-,D+,D+,D+,C+,B-,C+,C+,C,B,C+,B,B-,C+,C+,B,C,C,B-,B-,D+,C-,B-,C+,C+,D+,B-,C+,B,C+,C-
2026,Richard Nweke,Columbia,Ivy,Junior,C+,C,C+,C,C+,C,C,C,B-,B-,C+,C+,C+,B+,C+,B-,B-,C+,C,B-,C+,C,C+,C+,C-,C,B-,C+,C+,C,B-,C+,B,C+,C+
2026,Ryan Soulis,Columbia,Ivy,Sophomore,C+,C-,B-,C,B,C-,D+,C-,B-,B,B-,B-,C+,A-,B-,B+,B-,B-,C+,B+,C,C+,B,B,C,C,B,B-,B-,C-,B,B-,B+,C+,C
2026,Baasil Saunders,Coppin St.,MEAC,Junior,D-,D-,D,D-,D,D-,D-,D-,D,D,D,D-,D,D,D-,D+,D,D,D-,D+,D-,D-,D,D-,D-,D-,D,D-,D,D-,D,D-,D+,D-,D-
2026,Camaren Sparrow,Coppin St.,MEAC,Junior,C,C,C+,C+,C+,C,C,C,C+,B-,C+,C+,C+,B,C+,B-,B-,C+,C,B-,C+,C,C+,C+,D+,C+,C+,C+,C+,C,B-,C+,B-,C+,C
2026,Daveyon Lydner,Coppin St.,MEAC,Freshman,D,D,D+,D,D+,D,D,D,D+,D+,D+,D+,D+,D-,D,C-,D+,D+,D,D+,D+,D,D+,D,F,D,D+,D,D+,D,D+,D,C-,D+,D
2026,Hassan Perkins,Coppin St.,MEAC,Junior,D,D-,D+,D-,D,D-,D-,D-,D,D+,D,D,D,C,D,C-,D+,D,D,C-,D-,D,D+,D,D-,D-,D+,D,D+,D-,D+,D,C-,D,D-
2026,Hussain Williams,Coppin St.,MEAC,Junior,D,D,D+,D,D+,D-,D-,D-,D+,D+,D+,D,D,C+,D,C,D+,D+,D,C-,D,D,D+,D,D,D,D+,D,D+,D-,D+,D,C-,D,D-
2026,Jamari Piercy,Coppin St.,MEAC,Junior,D,D,D+,D-,D+,D-,D-,D-,D,D+,D,D,D,C,D,C-,D+,D,D,C,D-,D,D+,D,D-,D-,D+,D,D+,D-,D+,D,C-,D,D-
2026,Khali Horton,Coppin St.,MEAC,Junior,D-,D-,D,D-,D,D-,D-,D-,D,D,D,D-,D,C+,D-,D,D,D,D-,D+,D-,D-,D,D-,D,D-,D,D-,D,D-,D,D-,D+,D-,D-
2026,Nelson Lamizana,Coppin St.,MEAC,Freshman,D-,D-,D,D-,D,D-,D-,D-,D,D,D,D,D,D,D,D+,D,D,D-,D+,D-,D-,D,D,D-,D-,D,D-,D,D-,D,D-,D+,D-,D-
2026,Tyler Koenig,Coppin St.,MEAC,Junior,D,D,D+,D,D+,D-,D-,D-,D,D+,D,D,D,C+,D,C-,D+,D+,D,C-,D-,D-,D+,D,D-,D-,D+,D,D+,D-,D+,D,C-,D,D-
2026,Anthony Nimani,Cornell,Ivy,Sophomore,C,C-,B-,C,B-,D+,D+,D+,B-,B-,C+,C+,C,B,C+,B,B-,C+,C+,B,C,C,B-,B-,D+,C-,B-,C+,B-,C-,B-,C+,B+,C+,C
2026,DaMaryon Fishburn,Cornell,Ivy,Junior,C,C-,C+,C,C+,C,C-,C-,C+,C+,C+,C+,C,B,C,B-,C+,C+,C,B-,C,C,C+,C+,D+,C,C+,C,C+,C-,C+,C+,B-,C+,C
2026,Gioacchino Panzini,Cornell,Ivy,Sophomore,C-,C-,C+,C-,C+,C-,C-,C-,C+,C+,C,C,C,B-,C,C+,C+,C,C-,C+,C,C-,C,C,D,C-,C+,C,C+,C-,C+,C,B-,C,C-
2026,Jacob Beccles,Cornell,Ivy,Junior,C,C-,B-,C,B-,D+,D+,D+,B-,B-,C+,C+,C,B+,C+,B,B-,C+,C+,B,C,C+,B,B-,C-,C-,B-,C+,B-,D+,B,B-,B,C+,C
2026,Jake Fiegen,Cornell,Ivy,Junior,A-,B+,A+,A-,A,B+,B,B,A,A+,A,A,A,A+,A,A+,A,A+,A,A+,A-,A-,A+,A,A-,B+,A,A,A,B+,A+,A,A+,A,B+
2026,Kaspar Sepp,Cornell,Ivy,Junior,C-,C-,C+,C-,C+,D+,D+,D+,C+,B-,C+,C+,C,B+,C+,B-,C+,C+,C,B,C-,C,B-,C+,C-,C-,B-,C+,C+,D+,B-,C+,B,C,C-
2026,Mateen Rafiq,Cornell,Ivy,Sophomore,B-,C+,B,B-,B,C+,C+,C+,B,B,B,B-,B-,A+,B-,B,B,B-,B-,B,B-,B-,B-,B-,B,C+,B,B-,B,C+,B-,B,B,B-,B-
2026,Austin Swartz,Creighton,BE,Sophomore,B,B-,A-,B-,B+,C+,C+,C+,B+,A-,B+,B+,B,A+,B+,A-,B+,B+,B,A,B,B,A-,B+,B+,B-,A-,B+,B+,C+,B+,B+,A,B+,B-
2026,Blake Harper,Creighton,BE,Sophomore,B-,C+,B+,B-,B+,C+,C+,C+,B+,B+,B+,B,B,A,B+,A-,B+,B+,B,A-,B-,B,A-,B+,C,B-,B+,B+,B+,C+,B+,B+,A,B,B-
2026,Fedor Zugic,Creighton,BE,Junior,C,C-,B-,C,B-,D+,D+,D+,B-,B-,C+,C+,C,B+,C+,B,B-,C+,C+,B,C,C,B-,B-,C-,C-,B-,C+,B-,C-,B,C+,B,C+,C-
2026,Hudson Greer,Creighton,BE,Freshman,C+,C+,B-,C+,B-,C+,C+,C+,B-,B,B-,B-,C+,A,C+,B,B-,B-,C+,B,B-,C+,B-,B-,B-,C+,B-,B-,B-,C+,B-,B-,B,B-,C+
2026,Isaac Traudt,Creighton,BE,Junior,B-,C+,B+,B-,B+,C,C,C,B,B+,B,B,B-,A,B,A-,B+,B,B-,A-,B-,B-,B+,B+,C,C+,B+,B,B,C+,B+,B+,A-,B,B-
2026,Jasen Green,Creighton,BE,Junior,B+,B,A,B+,A,B,B,B,A,A,A,A,A-,A+,A,A+,A,A,A-,A+,B+,A-,A,A,A-,B,A,A,A,B,A,A,A+,A,B+
2026,Kerem Konan,Creighton,BE,Sophomore,C+,C+,B-,C+,B-,C+,C,C+,B-,B-,B-,B-,C+,A,B-,B-,B-,B-,C+,B,C+,C+,B-,B-,C,C+,B-,B-,B-,C+,B-,B-,B,B-,C+
2026,Owen Freeman,Creighton,BE,Junior,B,B,B+,B,B+,B+,B,B,B+,B+,B+,B+,B+,A+,B+,B+,B+,B+,B,A-,B+,B,B+,B+,A,B,B+,B+,B+,B,B+,B+,A-,B+,B
2026,Ty Davis,Creighton,BE,Sophomore,C,C-,B-,C,B-,D+,D+,D+,B-,B-,C+,C+,C,B,C+,B,B-,B-,C+,B,C,C,B-,C+,D+,C-,B-,C+,B-,D+,B-,C+,B,C+,C
2026,Anton Strelnikov,Dartmouth,Ivy,Freshman,C+,C+,B-,C+,B-,C+,C,C+,B-,B-,C+,B-,C+,A,B-,B-,B-,B-,C+,B,C+,C+,B-,B-,C,C+,B-,B-,B-,C+,B,B-,B,B-,C+
2026,Ben Brown,Dartmouth,Ivy,Junior,D+,D+,C-,D+,D+,D+,D,D,D+,C-,D+,D+,D+,D,D,C,C-,D+,D,D+,D+,D+,D+,D+,F,D+,D+,D+,C-,D,D+,D+,C-,D+,D+
2026,Cameron Hiatt,Dartmouth,Ivy,Freshman,D+,D,C,D+,C,D,D,D,C-,C,C-,C-,D+,C+,C-,C+,C,C-,D+,C+,D+,D+,C+,C-,D,D,C+,C-,C,D,C+,C-,C+,C-,D+
2026,Cameron McNamee,Dartmouth,Ivy,Sophomore,D+,D+,C,D+,C+,D,D,D,C,C+,C,C-,C-,B,C,B-,C,C,C-,B-,D+,C-,C+,C,D+,D+,C+,C-,C,D,C+,C,B-,C-,D+
2026,Connor Amundsen,Dartmouth,Ivy,Sophomore,D+,D,C,D,C-,D,D,D,C-,C,C-,C-,D+,C+,D+,C+,C-,C-,D+,C+,D+,D+,C,C-,D,D,C,D+,C-,D,C+,C-,C+,D+,D
2026,Kareem Thomas,Dartmouth,Ivy,Sophomore,C-,D+,C+,C-,C+,D+,D+,D+,C+,B-,C+,C+,C,B,C+,B,C+,C+,C,B,C-,C,B-,C+,D+,D+,B-,C+,C+,D+,B-,C+,B,C,C-
2026,Khai Lockwood,Dartmouth,Ivy,Sophomore,D+,D+,D+,D+,D+,D+,D,D,D+,C-,D+,D+,D+,D,D,C,C-,D+,D+,C-,D+,D+,D+,D+,F,D+,D+,D+,C-,D,D+,D+,C,D+,D+
2026,Niko Abusara,Dartmouth,Ivy,Junior,C,D+,C+,C-,B-,D+,D+,D+,C+,B-,C+,C+,C,B+,C+,B,C+,C+,C,B,C,C,B-,C+,C-,C-,B-,C+,C+,D+,B-,C+,B,C+,C-
2026,Devin Brown,Davidson,A10,Freshman,C,C-,B-,C,B,C-,D+,C-,B-,B,B-,B-,C+,B+,B-,B,B-,B-,C+,B+,C,C+,B,B-,C-,C,B,B-,B-,C-,B,B-,B+,C+,C
2026,Hunter Adam,Davidson,A10,Junior,B,B-,A,B,A-,B-,B-,B-,A-,A,A-,B+,B+,A+,A-,A,A-,A-,B+,A,B,B+,A,A-,B+,B,A-,A-,A-,B-,A-,A-,A,B+,B
2026,Ian Platteeuw,Davidson,A10,Freshman,C+,C,B-,C+,B,C-,C-,C-,B,B,B-,B-,C+,A,B-,B,B-,B-,C+,B+,C+,C+,B,B-,C+,C,B,B-,B-,C,B,B-,B+,C+,C
2026,"JaQualon ""JQ"" Roberts",Davidson,A10,Junior,C,C-,B-,C,B-,D+,D+,C-,B-,B-,C+,C+,C,B+,C+,B,B-,B-,C+,B,C,C,B-,B-,C-,C-,B-,B-,B-,C-,B,B-,B,C+,C
2026,Josh Scovens,Davidson,A10,Junior,B,B-,A,B,A-,B-,B-,B-,A-,A,A-,A-,B+,A+,A-,A,A-,A-,B+,A,B+,B+,A,A-,B+,B,A,A-,A-,B-,A-,A-,A+,A-,B
2026,Manie Joses,Davidson,A10,Sophomore,B-,B-,B,B-,B,C+,C+,B-,B,B,B,B-,B-,A+,B,B,B,B,B-,B+,B,B-,B,B,B+,B-,B,B,B,B-,B,B,B+,B,B-
2026,Nick Coval,Davidson,A10,Sophomore,C+,C,B,C+,B,C-,C-,C-,B,B,B-,B-,C+,B+,B-,B+,B,B-,B-,B+,C+,C+,B+,B,C-,C,B,B-,B,C,B,B,A-,B-,C+
2026,Parker Friedrichsen,Davidson,A10,Junior,B-,C+,B+,C+,B,C,C,C,B,B+,B,B,B-,A+,B,B+,B,B,B,A-,B-,B-,B+,B,B-,C+,B+,B,B,C,B+,B,A-,B,C+
2026,Roberts Blums,Davidson,A10,Sophomore,B+,B,A,B+,A,B-,B-,B,A,A,A,A-,B+,A+,A-,A+,A,A-,A-,A+,B+,B+,A,A-,A-,B,A,A-,A-,B,A,A,A+,A-,B
2026,Sam Brown,Davidson,A10,Junior,C-,D+,B-,C-,C+,D+,D+,D+,C+,B-,C+,C+,C,B-,C+,B-,C+,C+,C,B,C-,C,B-,C+,D,D+,B-,C+,C+,D+,B-,C+,B,C,C-
2026,Amael L'Etang,Dayton,A10,Sophomore,B,B-,A,B,A-,B-,B-,B-,A-,A,A-,A-,B+,A+,A-,A,A-,A-,B+,A,B,B+,A,A-,B+,B,A,A-,A-,B-,A,A-,A+,A-,B
2026,Bryce Heard,Dayton,A10,Sophomore,C+,C,B,C+,B,C-,C-,C,B,B,B,B-,C+,B+,B,B+,B,B,B-,B+,C+,C+,B,B,C,C+,B,B-,B,C,B,B,A-,B-,C+
2026,De'Shayne Montgomery,Dayton,A10,Junior,B+,B,A,B+,A,B,B,B,A,A,A,A,A-,A+,A,A+,A,A,A-,A+,B+,A-,A,A,A-,B+,A,A,A,B,A,A,A+,A,B+
2026,Jaiun Simon,Dayton,A10,Junior,B-,C+,B+,B-,B+,C+,C+,C+,B+,B+,B+,B+,B,A+,B+,A-,B+,B+,B,A-,B-,B,A-,B+,B-,B-,A-,B+,B+,C+,B+,B+,A,B,B-
2026,Makai Grant,Dayton,A10,Junior,C+,C+,B-,C+,B-,C+,C,C,B-,B-,B-,B-,C+,A+,C+,B,B-,B-,C+,B-,B-,C+,B-,B-,B-,C+,B-,C+,B-,C+,B-,B-,B,B-,C+
2026,Malcolm Thomas,Dayton,A10,Freshman,C+,C+,B-,C+,B-,C,C,C,B-,B-,C+,C+,C+,A-,C+,B-,B-,C+,C+,B-,C+,C,B-,B-,C,C+,B-,C+,B-,C,B-,C+,B,C+,C+
2026,Will Maxwell,Dayton,A10,Junior,D-,D,D-,D-,D-,D-,D-,D-,D-,D,D-,D-,D-,F,D-,D,D,D-,D-,D,D-,D-,D-,D-,F,D-,D,D-,D-,D-,D-,D-,D,D-,D-
2026,Alex Kazanecki,Delaware,CUSA,Freshman,D,D,C-,D,C-,D,D,D,C-,C-,D+,D+,D+,B-,D+,C+,C-,D+,D+,C,D,D,C-,D+,D,D,C,D+,C-,D,C,D+,C+,D+,D
2026,Christian Bliss,Delaware,CUSA,Junior,C+,C-,B,C,B,C-,C-,C-,B,B,B-,B-,C+,A,B-,B+,B,B-,B-,B+,C+,C+,B,B,C+,C,B,B-,B-,C-,B,B-,B+,B-,C+
2026,Jayden Taylor,Delaware,CUSA,Freshman,D,D,C-,D,C-,D-,D,D,C-,C-,D+,D+,D+,C+,D+,C+,C-,C-,D+,C+,D,D,C,C-,D,D,C,D+,C-,D,C,D+,C+,D+,D
2026,Macon Emory,Delaware,CUSA,Sophomore,D+,D,C-,D,C-,D,D,D,C-,C,C-,C-,D+,B-,C-,C+,C,C-,D+,C+,D+,D+,C,C-,D,D,C,C-,C-,D,C+,C-,C+,D+,D
2026,Mason Ellison,Delaware,CUSA,Freshman,D,D,D,D,D,D,D,D,D,D+,D,D,D,F,D,D+,D+,D,D,D,D,D,D,D,F,D,D,D,D+,D,D,D,D+,D,D
2026,Ademar Santos,Delaware St.,MEAC,Freshman,D-,D-,D,D-,D,D-,D-,D-,D,D,D,D,D,C,D,D+,D,D,D-,D+,D-,D-,D+,D,D-,D-,D,D,D,D-,D+,D-,D+,D,D-
2026,Cyril Obasogie,Delaware St.,MEAC,Junior,D,D,D+,D-,D+,D-,D-,D-,D,D+,D,D,D,C-,D,C-,D,D+,D,C-,D-,D-,D+,D,D-,D-,D+,D,D+,D-,D+,D,C-,D,D-
2026,Dean Shepherd,Delaware St.,MEAC,Junior,D+,D+,C,D+,C+,D,D,D,C,C+,C,C,C-,B,C-,B-,C,C,C-,B-,D+,C-,C+,C,D,D+,C+,C-,C+,D+,C+,C,B-,C-,D+
2026,Jalen StClair,Delaware St.,MEAC,Freshman,D-,D-,D,D-,D,D-,D-,D-,D,D,D,D,D,D+,D-,D+,D,D,D-,D+,D-,D-,D,D-,D-,D-,D,D-,D,D-,D,D-,D+,D-,D-
2026,John Clemmons,Delaware St.,MEAC,Sophomore,D+,D+,C-,D+,D+,D,D,D,D+,C-,D+,D+,D+,D,D+,C,C-,D+,D,C-,D+,D+,D+,D+,F,D+,D+,D+,C-,D,C-,D+,C,D+,D+
2026,Kareem Watson,Delaware St.,MEAC,Junior,D+,D+,C-,D+,C-,D+,D+,D+,C-,C-,C-,C-,D+,D+,D+,C,C,C-,D+,C,C-,D+,C-,D+,D-,D+,C-,C-,C-,D+,C-,D+,C+,C-,D+
2026,Muazibini Adamu,Delaware St.,MEAC,Junior,D-,D-,D,D-,D-,D-,D-,D-,D-,D,D-,D-,D-,D-,D-,D,D,D-,D-,D,F,D-,D,D-,F,D-,D,D-,D,D-,D,D-,D+,D-,D-
2026,Ponce James,Delaware St.,MEAC,Sophomore,D,D,D+,D,D+,D-,D-,D-,D+,C-,D+,D+,D+,B+,D+,C,D+,D+,D,C,D,D,C-,D+,C-,D,D+,D,D+,D,C-,D,C,D,D
2026,Zion Bethea,Delaware St.,MEAC,Junior,D-,D-,D-,D-,D-,D-,D-,D-,D-,D-,D-,D-,D-,D+,D-,D-,D-,D-,D-,D-,F,D-,D-,D-,D-,D-,D-,D-,D-,D-,D-,D-,D,D-,F
2026,Carson Johnson,Denver,Sum,Sophomore,C+,C-,B,C,B-,C-,D+,D+,B-,B,B-,B-,C+,A-,B-,B,B-,B-,C+,B+,C+,C+,B,B-,C,C-,B,B-,B-,C-,B,B-,B+,C+,C
2026,Didier Maleng,Denver,Sum,Junior,D+,D+,C-,D+,C-,D+,D+,D,C-,C-,C-,D+,D+,D+,D+,C,C-,C-,D+,C-,D+,D+,C-,D+,D-,D+,D+,D+,C-,D+,C-,D+,C+,D+,D+
2026,Gabe Oldham,Denver,Sum,Junior,C+,C-,B-,C,B-,C-,D+,C-,B-,B,C+,B-,C+,B+,B-,B+,B-,B-,C+,B+,C,C+,B,B-,C,C,B,B-,B-,C-,B,B-,B+,C+,C
2026,Shaun Wysocki,Denver,Sum,Sophomore,D+,D,C-,D,C-,D,D,D,C-,C,C-,C-,D+,B,D+,C+,C-,C-,D+,C+,D,D+,C,C-,D,D,C,C-,C-,D,C,D+,C+,D+,D
2026,Fabian Flores,DePaul,BE,Freshman,B,B,B+,B,B+,B,B-,B,B+,B+,B+,B,B,A+,B+,B+,B+,B+,B,A-,B,B,B+,B,A-,B,B+,B+,B+,B,B+,B+,A-,B+,B
2026,Ilija Milijasevic,DePaul,BE,Freshman,C+,C,B-,C+,C+,C,C,C,B-,B-,C+,C+,C+,A,C+,B-,B-,C+,C+,B-,C+,C+,C+,C+,C,C+,C+,C+,B-,C,B-,B-,B,C+,C+
2026,Kruz McClure,DePaul,BE,Freshman,C-,D+,C+,C-,C+,D+,D+,D+,C+,C+,C,C+,C,B,C,B-,C+,C+,C,B-,C-,C,B-,C+,D+,D+,B-,C,C+,D+,B-,C+,B,C,C-
2026,Layden Blocker,DePaul,BE,Junior,B-,C+,B+,B-,B+,C+,C+,C+,B+,A-,B+,B+,B,A,B+,A-,B+,B+,B,A,B-,B,A-,B+,C+,C+,B+,B+,B+,C+,B+,B+,A,B,B-
2026,Nate Kasher,DePaul,BE,Sophomore,C,C-,C+,C-,C+,C-,D+,D+,C,C+,C+,C,C,B,C-,C+,C+,C+,C,C+,C,C-,C,C,D,C-,C+,C,C+,C-,C+,C,B-,C+,C
2026,RJ Smith,DePaul,BE,Junior,B-,C+,B+,B-,B,C,C,C,B,B+,B,B,B-,A,B,B+,B,B,B,A-,B-,B-,B+,B,C,C+,B+,B,B,C,B+,B,A-,B,C+
2026,Théo Pierre-Justin,DePaul,BE,Sophomore,C+,C+,B-,C+,B-,C+,C+,C,B-,B-,B-,B-,C+,A,C+,B,B-,B-,C+,B,C+,C+,B-,B-,C+,C+,B-,C+,B-,C,B-,B-,B,B-,C+
2026,Ayden Carter,Detroit Mercy,Horz,Junior,B-,B-,B,B-,B,B-,B-,B-,B,B,B,B,B-,A+,B-,B,B,B,B-,B+,B,B-,B,B,B,B-,B,B,B,B-,B,B,B+,B,B-
2026,Je'kel Cotton,Detroit Mercy,Horz,Freshman,C-,C-,C,C-,C,D+,D+,D+,C,C,C-,C-,C-,C+,C-,C+,C,C,D+,C+,C-,D+,C-,C-,D-,C-,C,C-,C,C-,C,C-,C+,C,C-
2026,Keshawn Fisher,Detroit Mercy,Horz,Freshman,C,C,C+,C,C+,C-,C-,C-,C+,C+,C+,C,C,B,C,B-,C+,C+,C,B-,C,C,C+,C+,D+,C,C+,C+,C+,C,B-,C,B-,C+,C
2026,Lance Stone,Detroit Mercy,Horz,Freshman,D,D,C-,D,C-,D,D,D-,D+,C-,D+,D+,D+,C+,D+,C+,C-,C-,D+,C,D,D,C,D+,D,D,C-,D+,C-,D,C,D+,C+,D+,D
2026,London Maiden,Detroit Mercy,Horz,Junior,D+,D+,C,D+,C,D,D,D,C,C,C-,C-,D+,C+,C-,B-,C,C,C-,B-,D+,D+,C+,C,D,D+,C+,C,C,D,C+,C-,B-,C-,D+
2026,Nate Johnson,Detroit Mercy,Horz,Sophomore,C+,C-,B,C,B,C-,D+,C-,B-,B,B-,B-,C+,C-,C+,B+,B,B-,B-,B+,C+,C+,B,B,D-,C,B,B-,B-,C-,B,B-,B+,B-,C
2026,Ryan Kalambay,Detroit Mercy,Horz,Sophomore,B-,C+,B+,B-,B+,C+,C,C+,B+,B+,B,B,B,A+,B+,A-,B+,B+,B,A-,B-,B-,B+,B+,B-,C+,B+,B+,B,C+,B+,B+,A,B,B-
2026,TJ Nadeau,Detroit Mercy,Horz,Sophomore,B-,C+,B+,B-,B+,C+,C+,C+,B+,B+,B+,B,B,A+,B+,A-,B+,B+,B,A-,B-,B,B+,B+,B,C+,B+,B+,B+,C+,B+,B+,A,B,B-
2026,Tyler Spratt,Detroit Mercy,Horz,Freshman,C+,C,B,C+,B,C-,C-,C-,B,B,B-,B-,C+,A,B-,B+,B,B-,B-,B+,C+,C+,B,B,B-,C,B,B-,B-,C,B,B-,B+,B-,C+
2026,Xavier Istomin-Monroe,Detroit Mercy,Horz,Freshman,C-,C-,C+,C-,C+,D+,D+,D+,C,C,C-,C,C-,C+,C,C+,C,C,C-,C+,C-,C-,C,C,D,C-,C,C,C+,D+,C+,C-,C+,C,C-
2026,Andrew Alia,Drake,MVC,Junior,C,C-,B-,C,B-,D+,D+,D+,B-,B-,C+,C+,C+,B+,C+,B,B-,B-,C+,B,C,C,B,B-,C-,C-,B-,C+,B-,C-,B-,C+,B,C+,C
2026,Braden Appelhans,Drake,MVC,Junior,C-,D+,C+,C-,C+,D+,D+,D+,C+,C+,C+,C,C,B,C,B-,C+,C+,C,B-,C-,C-,B-,C+,D+,D+,B-,C,C+,D+,B-,C+,B,C+,C-
2026,Eli Shetlar,Drake,MVC,Junior,B-,C+,B+,B-,B,C,C,C,B,B+,B,B,B-,A,B,B+,B,B,B,A-,B-,B-,B+,B,B-,C+,B+,B,B,C,B+,B,A-,B,C+
2026,Griffen Goodbary,Drake,MVC,Freshman,B-,C+,B+,C+,B,C,C,C,B,B+,B,B,B-,A,B,A-,B,B,B-,A-,B-,B-,B+,B,C+,C+,B+,B,B,C,B+,B,A-,B,C+
2026,Okku Federiko,Drake,MVC,Sophomore,C,C-,C+,C-,B-,D+,D+,D+,C+,B-,C+,C+,C,A-,C+,B,C+,C+,C,B,C,C,B-,C+,C,C-,B-,C+,C+,D+,B-,C+,B,C+,C-
2026,Owen Larson,Drake,MVC,Sophomore,C-,D+,C+,D+,C+,D+,D,D,C+,C+,C,C+,C-,B,C,B-,C+,C+,C,B-,C-,C-,B-,C+,D+,D+,C+,C,C+,D+,B-,C+,B,C,C-
2026,Wilguens Jr. Exacte,Drake,MVC,Junior,C,C,C+,C,C+,C-,C-,C-,C+,C+,C+,C,C,B,C,C+,C+,C+,C,B-,C,C,C+,C,D,C,C+,C,C+,C,C+,C,B-,C+,C
2026,Dillon Tingler,Drexel,CAA,Sophomore,C+,C,B-,C+,B-,C,C,C,B-,B-,C+,C+,C+,A-,C+,B-,B-,B-,C+,B-,C+,C+,C+,C+,C,C+,B-,C+,B-,C,B-,C+,B,C+,C+
2026,Josh Reed,Drexel,CAA,Sophomore,D+,D,C-,D+,C-,D,D,D,C-,C,C-,C-,D+,C+,C-,C+,C-,C-,C-,C+,D+,D+,C,C-,D,D,C,C-,C,D,C+,C-,C+,D+,D
2026,Kevon Vanderhorst,Drexel,CAA,Junior,C-,D+,B-,C-,C+,D+,D+,D+,B-,B-,C+,C+,C,B+,C+,B,C+,C+,C+,B,C,C,B-,C+,C-,C-,B-,C+,C+,D+,B-,C+,B,C,C-
2026,Martin de Laporterie,Drexel,CAA,Junior,D,D,D+,D,D+,D-,D-,D-,D+,D+,D,D,D,C,D,C-,D+,D+,D,C,D,D-,D+,D+,D-,D,D+,D,D+,D-,C-,D,C,D,D-
2026,Ralph Akuta,Drexel,CAA,Sophomore,C-,C-,C,C-,C+,D+,D+,C-,C,C,C-,C,C-,C+,C,C+,C,C,C-,C+,C-,D+,C,C,D-,C-,C,C,C+,C-,C+,C-,C+,C,C-
2026,Shane Blakeney,Drexel,CAA,Junior,C+,C,B,C+,B,C-,C-,C-,B,B,B-,B-,C+,A,B-,B+,B,B-,B-,B+,C+,C+,B,B,B-,C,B,B-,B-,C-,B,B-,B+,C+,C
2026,Villiam Garcia Adsten,Drexel,CAA,Junior,D,D,D+,D,D+,D-,D-,D-,D+,C-,D+,D+,D+,C+,D+,C,D+,D+,D,C,D,D,C-,D+,D,D,C-,D+,C-,D,C-,D+,C,D+,D
2026,Caleb Foster,Duke,ACC,Junior,A-,B+,A+,A-,A+,B+,B+,B+,A+,A+,A+,A,A,A+,A,A+,A+,A+,A,A+,A,A,A+,A+,B+,A-,A+,A,A,B+,A+,A+,A+,A,A-
2026,Cameron Boozer,Duke,ACC,Freshman,A+,A+,A+,A+,A+,A+,A+,A+,A+,A+,A+,A+,A+,A+,A+,A+,A+,A+,A+,A+,A+,A+,A+,A+,A+,A+,A+,A+,A+,A+,A+,A+,A+,A+,A+
2026,Cayden Boozer,Duke,ACC,Freshman,A,B+,A+,A,A+,B+,A-,A-,A+,A+,A+,A+,A,A+,A+,A+,A+,A+,A+,A+,A,A,A+,A+,A-,A-,A+,A+,A+,A-,A+,A+,A+,A+,A
2026,Dame Sarr,Duke,ACC,Freshman,A-,B,A+,A-,A,B,B,B,A,A+,A,A,A-,A+,A,A+,A,A,A,A+,A-,A-,A+,A,B+,B+,A,A,A,B,A,A,A+,A,B+
2026,Darren Harris,Duke,ACC,Sophomore,B-,C+,B,B-,B-,C+,C+,C+,B,B,B,B-,B-,A+,B-,B,B,B-,C+,B,B-,B-,B-,B-,B,C+,B-,B-,B,C+,B,B,B,B-,B-
2026,Isaiah Evans,Duke,ACC,Sophomore,A+,A,A+,A+,A+,A,A+,A,A+,A+,A+,A+,A+,A+,A+,A+,A+,A+,A+,A+,A+,A+,A+,A+,A+,A,A+,A+,A+,A+,A+,A+,A+,A+,A+
2026,Nikolas Khamenia,Duke,ACC,Freshman,A-,B,A+,A-,A,B+,B,B+,A,A+,A,A,A-,A+,A,A+,A+,A,A,A+,A-,A,A+,A,B+,B+,A,A,A,B+,A+,A,A+,A,B+
2026,Patrick Ngongba,Duke,ACC,Sophomore,A+,A,A+,A+,A+,A,A,A+,A+,A+,A+,A+,A+,A+,A+,A+,A+,A+,A+,A+,A+,A+,A+,A+,A+,A,A+,A+,A+,A+,A+,A+,A+,A+,A+
2026,Jake DiMichele,Duquesne,A10,Junior,C-,D+,C+,C-,C+,D+,D+,D+,C+,B-,C+,C,C,B+,C,B-,C+,C+,C,B-,C-,C,B-,C+,C-,C-,B-,C+,C+,D+,B-,C+,B,C+,C-
2026,Jakub Necas,Duquesne,A10,Junior,B-,C+,B+,B-,B+,C,C,C,B+,B+,B,B,B-,A,B,A-,B+,B,B-,A-,B-,B-,B+,B+,C,C+,B+,B,B,C,B+,B,A-,B,B-
2026,Jimmie Williams,Duquesne,A10,Junior,B,B-,A,B,A-,B-,B-,B-,A-,A,A-,A-,B+,A+,A-,A,A-,A-,B+,A,B,B+,A,A-,B+,B,A-,A-,A-,B-,A-,A-,A+,B+,B
2026,Corey Caulker,East Carolina,Amer,Junior,D+,D,C,D,C-,D,D,D,C-,C,C-,C-,D+,C+,D+,C+,C-,C-,D+,C+,D+,D+,C,C-,D,D,C,D+,C-,D,C,C-,C+,D+,D
2026,Eli DeLaurier,East Carolina,Amer,Sophomore,D,D,D+,D,D+,D-,D-,D-,D+,D+,D+,D+,D,D+,D+,C,D+,D+,D,C,D,D,C-,D+,D-,D,C-,D+,D+,D,C-,D+,C,D+,D
2026,Isaiah Mbeng,East Carolina,Amer,Sophomore,D,D,C-,D,D+,D,D,D-,D+,C-,D+,D+,D+,C+,D+,C,C-,C-,D+,C,D,D,C,D+,D,D,C-,D+,C-,D,C-,D+,C+,D+,D
2026,Patrick D'Arcy,East Carolina,Amer,Freshman,D+,C-,C,C-,C,D+,D+,D+,C,C,C,C-,C-,C+,C-,C+,C+,C-,C-,C,C-,C-,C-,C-,D,D+,C,C-,C,D+,C-,C-,C+,C,C-
2026,Reid Cason,East Carolina,Amer,Sophomore,D+,D+,C+,D+,C+,D,D,D,C,C+,C,C,C-,B+,C,B-,C+,C,C-,B-,D+,D+,C+,C+,C-,D+,C+,C,C+,D+,C+,C,B-,C-,D+
2026,Tybo Bailey,East Carolina,Amer,Sophomore,D,D,C-,D,C-,D,D,D-,D+,C-,D+,D+,D+,C,D+,C,C-,C-,D+,C,D,D,C-,D+,D-,D,C-,D+,C-,D,C-,D+,C+,D+,D
2026,Vito Perkovic,East Carolina,Amer,Freshman,D+,D+,C,D+,C-,D+,D+,D+,C-,C,C-,C-,C-,C,D+,C+,C,C-,D+,C,C-,D+,C-,C-,D-,D+,C-,C-,C,D+,C,C-,C+,C-,C-
2026,Andrew Austin,Eastern Illinois,OVC,Sophomore,D+,D+,D+,D+,D+,D,D,D,D+,D+,D+,D+,D+,D,D+,C,C-,D+,D+,C-,D+,D+,D+,D+,F,D+,D+,D+,C-,D,D+,D+,C-,D+,D
2026,Malik Olafioye,Eastern Illinois,OVC,Sophomore,D,D,D+,D+,D+,D,D,D,D+,D+,D+,D+,D+,D,D+,C,C-,D+,D,C-,D+,D,D+,D+,F,D+,D+,D+,C-,D,D+,D+,C-,D+,D+
2026,Markus Blackwell,Eastern Illinois,OVC,Freshman,D,D,D+,D,D+,D-,D-,D-,D+,C-,D+,D+,D+,C-,D+,C,D+,D+,D,C,D,D,C-,D+,D-,D,C-,D,C-,D,C-,D+,C,D+,D
2026,Meechie White,Eastern Illinois,OVC,Junior,C-,D+,C+,C-,C+,D+,D+,D+,C+,B-,C+,C+,C,A-,C+,B,C+,C+,C,B,C-,C,B-,C+,C,D+,B-,C+,C+,D+,B-,C+,B,C,C-
2026,Preston Turner,Eastern Illinois,OVC,Junior,D+,D+,C,D+,C,D,D,D,C,C+,C-,C-,C-,B,C-,C+,C,C,C-,C+,D+,D+,C+,C,D+,D+,C+,C-,C,D,C+,C-,B-,C-,D+
2026,Prince Johnson,Eastern Illinois,OVC,Junior,C-,C-,C,D+,C,D+,D+,D+,C,C,C-,C-,C-,C+,C-,C+,C,C,D+,C+,C-,D+,C,C-,D-,C-,C,C,C,D+,C,C-,C+,C-,C-
2026,Terry McMorris,Eastern Illinois,OVC,Sophomore,C-,D+,C+,C-,C+,D+,D+,D+,C+,C+,C,C+,C,B+,C+,B-,C+,C+,C,B,C-,C-,B-,C+,C-,D+,B-,C+,C+,D+,B-,C+,B-,C,C-
2026,Asa White,Eastern Kentucky,ASun,Junior,C-,D+,C,C-,C,D+,D+,D+,C,C,C-,C-,C-,C+,C-,C+,C,C,D+,C+,C-,D+,C,C-,D-,C-,C-,C,C,D+,C+,C-,C+,C-,C-
2026,Austin Ball,Eastern Kentucky,ASun,Junior,D+,D,C,D+,C,D,D,D,C-,C,C-,C-,D+,B,C-,C+,C,C-,D+,C+,D+,D+,C,C-,D,D,C,C-,C,D,C+,C-,C+,C-,D+
2026,Jackson Holt,Eastern Kentucky,ASun,Junior,D+,D+,C+,D+,C,D,D,D,C,C+,C-,C-,C-,B+,C-,B-,C,C,C-,B-,D+,C-,C+,C,C-,D+,C+,C-,C,D,C+,C-,B-,C-,D+
2026,Jayden Harris,Eastern Kentucky,ASun,Freshman,C,C,C+,C,C+,C-,C-,C-,C+,C+,C+,C,C,B,C,B-,C+,C+,C,B-,C,C,C+,C+,D+,C,C+,C+,C+,C-,C+,C,B-,C+,C
2026,"Juan Cranford, Jr.",Eastern Kentucky,ASun,Sophomore,D,D,C-,D,C-,D,D-,D-,D+,C-,D+,D+,D+,B-,D+,C,C-,C-,D+,C,D,D,C-,D+,D,D,C-,D+,C-,D,C-,D+,C+,D+,D
2026,MJ Williams,Eastern Kentucky,ASun,Freshman,C-,D+,C+,C-,C+,D+,D+,D+,C+,B-,C+,C+,C,B+,C+,B,C+,C+,C,B,C-,C,B-,C+,C-,D+,B-,C+,C+,D+,B-,C+,B,C,C-
2026,Tyler Jackson,Eastern Kentucky,ASun,Freshman,C,C,C+,C,C+,C,C,C,C+,C+,C+,C+,C,B+,C+,B-,B-,C+,C,B-,C+,C+,C+,C+,C-,C,C+,C+,C+,C,B-,C+,B-,C+,C
2026,Yvens Paul,Eastern Kentucky,ASun,Junior,D+,D,C-,D,C-,D,D,D,C-,C-,D+,D+,D+,C+,C-,C+,C-,C-,D+,C+,D,D,C,C-,D,D,C,D+,C-,D,C,C-,C+,D+,D
2026,Braelon Green,Eastern Michigan,MAC,Junior,D,D,C-,D,C-,D,D,D,D+,C-,D+,D+,D+,C+,D+,C+,C-,C-,D+,C,D,D,C-,D+,D,D,C-,D+,C-,D,C,D+,C+,D+,D
2026,Godslove Nwabude,Eastern Michigan,MAC,Sophomore,C+,C,B,C+,B,C-,C-,C-,B,B,B-,B-,C+,A,B,B+,B,B-,B-,B+,C+,C+,B,B,C,C,B,B,B-,C,B,B,B+,B-,C+
2026,Gregory Lawson,Eastern Michigan,MAC,Freshman,C-,D+,C+,C-,C+,D+,D+,D+,C+,B-,C+,C+,C,B+,C+,B,C+,C+,C,B-,C-,C,B-,C+,C-,C-,B-,C+,C+,D+,B-,C+,B,C+,C-
2026,Merritt Alderink,Eastern Michigan,MAC,Sophomore,D+,D+,C-,D+,C-,D+,D+,D+,C-,C-,D+,D+,D+,D+,D+,C,C,C-,D+,C,D+,D+,C-,D+,D-,D+,D+,C-,C-,D+,C-,D+,C+,D+,D+
2026,Mohammad Habhab,Eastern Michigan,MAC,Freshman,C-,D+,C+,C-,C+,D+,D+,D+,C+,B-,C+,C+,C,A-,C+,B,C+,C+,C,B,C-,C,B-,C+,C,D+,B-,C+,C+,D+,B-,C+,B,C,C-
2026,Alton Hamilton IV,Eastern Washington,BSky,Junior,B,B-,A-,B,A-,C+,C+,B-,A-,A-,A-,B+,B+,A+,A-,A,A-,A-,B+,A,B,B,A,A-,B,B-,A-,A-,B+,B-,A-,A-,A,B+,B
2026,Cole Scherer,Eastern Washington,BSky,Freshman,C-,C-,C+,C-,C,C-,C-,D+,C,C+,C,C,C-,B-,C-,C+,C+,C,C-,C+,C,C-,C,C,D,C-,C,C,C+,C-,C,C,C+,C,C-
2026,Emmett Marquardt,Eastern Washington,BSky,Junior,C-,D+,C+,C-,C+,D+,D+,D+,C+,C+,C+,C,C-,A,C+,B-,C+,C+,C,B,C-,C-,B-,C+,C,D+,B-,C,C+,D+,B-,C+,B,C,C-
2026,Blake Barkley,East Tennessee St.,SC,Sophomore,B-,C+,B+,B-,B+,C+,C,C+,B+,B+,B,B,B-,A+,B,B+,B+,B,B,A-,B-,B-,B+,B+,B-,C+,B+,B,B,C+,B+,B+,A-,B,B-
2026,Brayden Crump,East Tennessee St.,SC,Sophomore,C,C,C+,C-,C+,C-,C-,C-,C+,C+,C,C,C,B,C,C+,C+,C+,C-,B-,C,C-,C+,C,D,C,C+,C+,C+,C-,C+,C,B-,C+,C
2026,Gabe Sisk,East Tennessee St.,SC,Junior,C+,C+,B-,C+,B-,C+,C,C+,B-,B-,B-,C+,C+,A,C+,B-,B-,B-,C+,B,B-,C+,B-,B-,C,C+,B-,B-,B-,C+,B-,B-,B,B-,C+
2026,Henry Sisemore,East Tennessee St.,SC,Freshman,C,C-,C+,C-,C+,C-,C-,D+,C+,C+,C+,C,C,B,C-,C+,C+,C+,C,B-,C,C-,C,C,D,C-,C+,C,C+,C-,C+,C,B-,C,C-
2026,Isaiah Sutherland,East Tennessee St.,SC,Freshman,C-,C-,C+,C-,C+,C-,C-,C-,C+,C+,C,C,C,B,C-,C+,C+,C,C-,C+,C,C-,C,C,D,C-,C+,C,C+,C-,C+,C,B-,C,C
2026,Jaylen Smith,East Tennessee St.,SC,Junior,C,C-,B-,C-,B-,D+,D+,D+,B-,B-,C+,C+,C,B+,C+,B,B-,C+,C+,B,C,C,B-,B-,C-,C-,B-,C+,C+,D+,B-,C+,B,C+,C-
2026,Jordan McCullum,East Tennessee St.,SC,Sophomore,C+,C,B,C+,B,C-,C-,C-,B,B,B-,B-,C+,A-,B-,B+,B,B-,B-,B+,C+,C+,B,B,C,C,B,B-,B-,C,B,B,B+,B-,C+
2026,Joseph Carter,East Tennessee St.,SC,Freshman,D,D,D,D-,D,D,D-,D-,D,D,D,D,D,F,D-,D,D,D,D-,D,D,D-,D,D-,F,D,D,D-,D,D,D-,D-,D+,D,D-
2026,Maki Johnson,East Tennessee St.,SC,Junior,C+,C,B,C+,B,C-,C-,C,B,B,B-,B-,C+,A,B-,B+,B,B,B-,B+,C+,C+,B+,B,C,C,B,B-,B-,C,B,B,B+,B-,C+
2026,Alex McCray,East Texas A&M,Slnd,Junior,D,D,D+,D,D+,D,D,D,D+,D+,D+,D+,D+,D,D,C,C-,D+,D,C-,D+,D,D+,D,F,D+,D+,D,D+,D,D+,D+,C-,D+,D
2026,Evan Phelps,East Texas A&M,Slnd,Junior,D-,D-,D,D-,D-,D-,D-,D-,D-,D,D-,D-,D-,D,D-,D,D,D-,D-,D,D-,D-,D,D-,F,D-,D,D-,D,D-,D,D-,D,D-,D-
2026,London Fields,East Texas A&M,Slnd,Junior,D,D,D+,D,D+,D-,D-,D-,D,D+,D+,D,D,C,D,C-,D+,D+,D,C-,D-,D,C-,D,D-,D-,D+,D,D+,D-,D+,D,C-,D,D
2026,Noah Pagotto,East Texas A&M,Slnd,Junior,C+,C,B,C+,B,C,C-,C,B,B,B,B,B-,A,B,B+,B,B,B-,A-,C+,B-,B+,B,C,C+,B+,B,B,C,B,B,A-,B-,C+
2026,Ronnie Harrison,East Texas A&M,Slnd,Junior,C-,D+,C+,D+,C+,D+,D,D,C+,C+,C,C,C-,A-,C,B-,C+,C+,C,B-,C-,C-,C+,C+,C,D+,C+,C,C+,D+,B-,C,B-,C-,D+
2026,Vinny Sigona,East Texas A&M,Slnd,Junior,D,D,C-,D,D+,D,D-,D-,D+,C-,D+,D+,D+,B-,D+,C,C-,D+,D+,C,D,D,C-,D+,D,D,C-,D+,C-,D,C-,D+,C+,D+,D
2026,Bryson Cokley,Elon,CAA,Sophomore,C-,C-,C+,C-,C+,D+,D+,D+,C+,B-,C+,C+,C,B+,C+,B-,C+,C+,C,B,C-,C,B-,C+,C-,D+,B-,C+,C+,D+,B-,C+,B,C+,C-
2026,Caleb Middleton,Elon,CAA,Sophomore,C,C,C+,C,C+,C,C-,C,C+,C+,C+,C+,C,B,C+,B-,C+,C+,C,B-,C,C,C+,C+,D,C,C+,C+,C+,C,C+,C,B-,C+,C
2026,DeMarco Johnson,Elon,CAA,Freshman,D+,D+,C+,D+,C+,D,D,D,C+,C+,C,C,C-,B,C,B-,C+,C,C,B-,D+,C-,C+,C+,D+,D+,C+,C,C+,D+,C+,C,B-,C-,D+
2026,Isaac Harrell,Elon,CAA,Junior,C-,D+,C+,C-,C+,D+,D+,D,C+,C+,C,C,C-,B+,C+,B,C+,C+,C,B-,C-,C-,B-,C+,C-,D+,B-,C,C+,D+,B-,C+,B,C,C-
2026,Ned Hull,Elon,CAA,Sophomore,C-,D+,C+,C-,C+,D+,D+,D+,C+,C+,C,C,C,B-,C,B-,C+,C+,C,B-,C-,C-,B-,C+,D,D+,B-,C,C+,D+,B-,C+,B,C,C-
2026,Randall Pettus II,Elon,CAA,Junior,D+,D+,C,D+,C,D,D,D,C,C,C-,C-,C-,B-,C-,C+,C,C,C-,C+,D+,D+,C+,C,D,D,C,C-,C,D,C+,C-,B-,C-,D+
2026,Bryce Quinet,Evansville,MVC,Freshman,D,D,C-,D,C-,D,D,D,C-,C,C-,C-,D+,C+,D+,C+,C-,C-,D+,C+,D,D+,C,C-,D-,D,C,D+,C-,D,C,C-,C+,D+,D
2026,Connor Turnbull,Evansville,MVC,Junior,B-,B-,B,B-,B,B-,C+,C+,B,B,B,B-,B-,A,B-,B,B,B-,B-,B,B-,B-,B-,B-,B-,B-,B,B,B,B-,B,B-,B,B-,B-
2026,James Dyson-Merwe,Evansville,MVC,Freshman,D+,D+,C-,D+,C-,D+,D+,D+,C-,C-,C-,C-,C-,D+,C-,C,C,C-,D+,C+,D+,D+,C-,D+,D-,D+,C-,C-,C,D+,C-,D+,C+,C-,D+
2026,Joshua Hughes,Evansville,MVC,Junior,C-,D+,C+,C-,C+,D+,D,D+,C+,C+,C,C,C,B+,C,B,C+,C+,C,B,C-,C-,B-,C+,C-,D+,B-,C+,C+,D+,B-,C+,B,C,C-
2026,Kaia Berridge,Evansville,MVC,Sophomore,D+,D+,C-,D+,C-,D+,D+,D,C-,C-,C-,D+,D+,D+,D+,C,C,D+,D+,C-,D+,D+,D+,D+,D-,D+,C-,D+,C-,D+,C-,D+,C,D+,D+
2026,Leif Moeller,Evansville,MVC,Freshman,D,D,C-,D,C-,D,D,D,C-,C,C-,C-,D+,B,D+,C+,C-,C-,D+,C+,D+,D+,C,C-,D,D,C,D+,C-,D,C,D+,C+,D+,D
2026,Brandon Benjamin,Fairfield,MAAC,Freshman,B-,C+,B+,B-,B,C,C,C+,B,B+,B,B,B-,A+,B,B+,B,B,B,A-,B-,B-,B+,B+,B-,C+,B+,B,B,C+,B+,B,A-,B,C+
2026,Cam Estevez,Fairfield,MAAC,Junior,D+,D+,C,C-,C-,D+,D+,D+,C-,C,C,C-,C-,C+,D+,C+,C,C-,D+,C,C-,C-,C-,C-,D-,C-,C-,C-,C,D+,C-,C-,C+,C-,C-
2026,Declan Wucherpfennig,Fairfield,MAAC,Freshman,B-,C,B,C+,B,C,C,C,B,B+,B,B,B-,A,B,B+,B,B,B-,A-,B-,B-,B+,B,C+,C+,B+,B,B,C,B+,B,A-,B-,C+
2026,Eric Mejia,Fairfield,MAAC,Sophomore,D,D,C-,D,D+,D-,D-,D-,D+,C-,D+,D+,D+,C+,D+,C,D+,D+,D+,C,D,D,C-,D+,D-,D,C-,D,C-,D,C-,D+,C+,D+,D
2026,Halon Rawlins,Fairfield,MAAC,Freshman,D+,D,C-,D,C-,D,D,D,C-,C-,D+,D+,D+,C+,D+,C+,C-,C-,D+,C,D,D,C,D+,D,D,C,D+,C-,D,C,D+,C+,D+,D
2026,Isaac Munkadi,Fairfield,MAAC,Sophomore,C+,C+,C+,C+,C+,C,C,C,B-,B-,C+,C+,C+,B+,C+,B-,B-,C+,C,B-,C+,C,B-,C+,D+,C+,B-,C+,B-,C,B-,C+,B,C+,C+
2026,Nasir Rodriguez,Fairfield,MAAC,Freshman,D+,D+,D+,D+,D+,D,D,D,D+,C-,D+,D+,D+,D,D+,C,C-,D+,D+,C-,D+,D+,D+,D+,F,D+,D+,D+,C-,D,D+,D+,C,D+,D+
2026,Ryan Zan,Fairfield,MAAC,Junior,D,D+,D+,D,D+,D,D,D,D+,D+,D+,D+,D+,D,D,C,C-,D+,D,C-,D+,D,D+,D+,F,D,D+,D+,D+,D,D+,D+,C-,D+,D
2026,Tony Williams,Fairfield,MAAC,Freshman,D+,D+,C+,D+,C+,D,D,D,C,C+,C,C,C-,B,C,B-,C,C+,C,B-,D+,C-,C+,C+,D+,D+,C+,C,C+,D+,C+,C,B-,C-,D+
2026,David Jevtic,Fairleigh Dickinson,NEC,Freshman,D,D,D+,D,D+,D,D-,D-,D+,C-,D+,D+,D+,B-,D+,C,D+,D+,D+,C+,D,D,C-,D+,D,D,C-,D+,D+,D,C-,D+,C,D+,D
2026,Noah Melson,Fairleigh Dickinson,NEC,Junior,D-,D-,D-,D-,D-,D-,D-,D-,D-,D,D-,D-,D-,D,D-,D,D,D-,D-,D,F,D-,D,D-,F,D-,D,D-,D,D-,D-,D-,D,D-,D-
2026,Ras Elijah Godbolt,Fairleigh Dickinson,NEC,Freshman,D,D,D+,D,D+,D-,D-,D-,D+,C-,D+,D+,D,D,D+,C,D+,D+,D,C-,D,D,C-,D+,F,D,D+,D,C-,D,D+,D+,C,D,D
2026,Raysean Johnson,Fairleigh Dickinson,NEC,Sophomore,D,D,D+,D,D+,D-,D-,D-,D,D+,D,D,D,C-,D,C-,D+,D,D,C-,D-,D,D+,D,D-,D-,D+,D,D+,D-,D+,D,C-,D,D-
2026,Ashton Williamson,FIU,CUSA,Sophomore,D+,D,C-,D,C-,D,D,D,C-,C,C-,C-,D+,C+,D+,C+,C-,C-,D+,C+,D+,D+,C,C-,D,D,C,D+,C-,D,C,C-,C+,D+,D
2026,Eric Dibami,FIU,CUSA,Freshman,C+,C,B,C+,B,C-,C-,C,B,B,B-,B-,B-,A,B,B+,B,B,B-,B+,C+,C+,B+,B,C,C,B,B,B,C,B,B,B+,B-,C+
2026,Ibrahim Olajuwon,FIU,CUSA,Junior,D+,D+,C,D+,C,D,D,D,C,C,C-,C-,D+,B,C-,C+,C,C-,D+,B-,D+,D+,C,C-,D,D,C+,C-,C,D,C+,C-,C+,C-,D
2026,Thiago Sucatzky,FIU,CUSA,Freshman,D,D,C-,D,D+,D,D,D-,D+,C-,D+,D+,D+,C+,D+,C,D+,D+,D+,C,D,D,C-,D+,D,D,C-,D+,C-,D,C-,D+,C+,D+,D
2026,Alex Condon,Florida,SEC,Junior,A+,A,A+,A+,A+,A,A,A,A+,A+,A+,A+,A+,A+,A+,A+,A+,A+,A+,A+,A+,A+,A+,A+,A+,A,A+,A+,A+,A,A+,A+,A+,A+,A+
2026,Boogie Fland,Florida,SEC,Sophomore,A,A-,A+,A,A+,A-,A-,A-,A+,A+,A+,A+,A+,A+,A+,A+,A+,A+,A+,A+,A,A,A+,A+,A,A,A+,A+,A+,A-,A+,A+,A+,A+,A
2026,CJ Ingram II,Florida,SEC,Freshman,B-,C+,B,B-,B,C+,C+,C+,B,B,B,B,B-,A+,B,B+,B,B,B-,B+,B-,B-,B,B,A-,B-,B,B,B,B-,B,B,B+,B,B-
2026,Isaiah Brown,Florida,SEC,Sophomore,A,B+,A+,A-,A+,B+,B+,B+,A+,A+,A+,A,A,A+,A+,A+,A+,A+,A,A+,A,A,A+,A+,A,A-,A+,A+,A,B+,A+,A+,A+,A,A-
2026,Rueben Chinyelu,Florida,SEC,Junior,A+,A,A+,A+,A+,A,A,A+,A+,A+,A+,A+,A+,A+,A+,A+,A+,A+,A+,A+,A+,A+,A+,A+,A,A,A+,A+,A+,A,A+,A+,A+,A+,A+
2026,Thomas Haugh,Florida,SEC,Junior,A+,A,A+,A+,A+,A,A,A,A+,A+,A+,A+,A+,A+,A+,A+,A+,A+,A+,A+,A+,A+,A+,A+,A+,A,A+,A+,A+,A,A+,A+,A+,A+,A+
2026,Urban Klavzar,Florida,SEC,Junior,A,A-,A+,A,A+,A-,A-,A-,A+,A+,A+,A+,A,A+,A+,A+,A+,A+,A+,A+,A,A,A+,A+,A,A,A+,A+,A+,A-,A+,A+,A+,A+,A
2026,Amir Rahman,Florida A&M,SWAC,Freshman,D,D,D+,D,D+,D,D,D,D+,D+,D+,D+,D,D-,D,C-,C-,D+,D,C-,D,D,D+,D,F,D,D+,D,D+,D,D+,D,C-,D+,D
2026,Anquan Boldin Jr.,Florida A&M,SWAC,Junior,D+,D+,C,D+,C,D,D,D,C,C,C-,C-,C-,B,C-,C+,C,C,C-,B-,D+,D+,C+,C,D+,D+,C+,C-,C,D,C+,C-,B-,C-,D+
2026,Anthony Knowles,Florida A&M,SWAC,Freshman,D,D,D,D,D,D,D,D-,D,D,D,D,D,F,D-,D+,D,D,D,D,D,D,D,D,F,D,D,D,D,D,D,D,D+,D,D
2026,Antonio Baker,Florida A&M,SWAC,Junior,D+,D+,C+,D+,C+,D,D,D,C,C+,C,C,C-,B,C,B-,C+,C,C-,B-,D+,C-,C+,C+,D,D+,C+,C,C,D+,C+,C,B-,C-,D+
2026,Miles Ndalama,Florida A&M,SWAC,Junior,D+,D,C,D,C-,D,D,D,C-,C-,C-,C-,D+,C+,C-,C+,C,C-,D+,C+,D+,D+,C,C-,D-,D,C,C-,C-,D,C+,C-,C+,D+,D
2026,Tyler Shirley,Florida A&M,SWAC,Junior,D,D,D+,D,D+,D,D-,D-,D+,C-,D+,D+,D+,B-,D+,C,C-,D+,D+,C,D,D,C-,D+,D,D,C-,D+,C-,D,C-,D+,C,D+,D
2026,Amar Amkou,Florida Atlantic,Amer,Freshman,B-,C+,B,B-,B,C+,C+,C+,B,B,B-,B-,C+,A+,B-,B,B,B-,C+,B,B-,C+,B-,B-,B-,C+,B,B-,B,C+,B,B-,B,B-,C+
2026,Devin Vanterpool,Florida Atlantic,Amer,Sophomore,B,B-,A-,B,A-,B-,B-,B-,A-,A-,A-,A-,B+,A+,A-,A,A-,A-,B+,A,B,B+,A,A-,B+,B-,A-,A-,B+,B-,A-,A-,A,B+,B
2026,Devin Williams,Florida Atlantic,Amer,Sophomore,B-,C+,B+,B-,B,C,C,C+,B,B+,B,B,B-,A+,B,B+,B,B,B,A-,B-,B-,B+,B+,B+,C+,B+,B,B,C+,B+,B,A-,B,C+
2026,Isaiah Elohim,Florida Atlantic,Amer,Sophomore,B-,C+,B+,B-,B,C,C,C,B,B+,B,B,B-,A,B,B+,B,B,B,A-,B-,B-,B+,B+,C,C+,B+,B,B,C,B+,B+,A-,B,C+
2026,Josiah Parker,Florida Atlantic,Amer,Freshman,C+,C,B,C+,B,C,C-,C,B,B,B,B,B-,A,B,B+,B,B,B-,A-,C+,B-,B+,B,C+,C+,B+,B,B,C,B,B,B+,B-,C+
2026,Kanaan Carlyle,Florida Atlantic,Amer,Junior,B-,C+,B+,B-,B+,C+,C,C+,B+,B+,B+,B,B,A,B+,A-,B+,B+,B,A-,B-,B,B+,B+,C,C+,B+,B+,B,C+,B+,B+,A,B,B-
2026,Max Langenfeld,Florida Atlantic,Amer,Freshman,D+,D+,C,C-,C-,D+,D+,D+,C-,C,C-,C-,C-,C+,D+,C+,C,C-,D+,C,C-,D+,C-,C-,D-,D+,C-,C-,C,D+,C-,C-,C+,C-,C-
2026,Maxim Logue,Florida Atlantic,Amer,Sophomore,B-,B-,B,B-,B,B-,C+,C+,B,B,B,B,B,A+,B,B,B,B,B-,B+,B-,B-,B,B,B,B-,B,B,B,B-,B,B,B+,B,B-
2026,Niccolo Moretti,Florida Atlantic,Amer,Junior,C,C-,B-,C-,B-,D+,D+,D+,B-,B-,C+,C+,C,B,C+,B,C+,C+,C+,B,C-,C,B-,B-,D,C-,B-,C+,C+,D+,B-,C+,B,C+,C-
2026,Xander Pintelon,Florida Atlantic,Amer,Junior,B-,C+,B+,B-,B,C,C,C,B,B+,B,B,B-,A,B,B+,B,B,B-,A-,B-,B-,B+,B+,B-,C+,B+,B,B,C,B+,B,A-,B,C+
2026,Yohann Sissoko,Florida Atlantic,Amer,Freshman,C-,C-,C+,C,C,C-,C-,D+,C,C+,C+,C,C,B,C-,C+,C+,C,C-,C+,C,C-,C,C,D,C-,C+,C,C+,C-,C+,C,C+,C,C-
2026,Darren Williams,Florida Gulf Coast,ASun,Sophomore,D+,D+,C,D+,C,D,D,D,C,C+,C-,C-,D+,B,C-,B-,C,C,C-,C+,D+,D+,C+,C,D+,D+,C+,C-,C,D,C+,C-,B-,C-,D+
2026,Gabe Tanner,Florida Gulf Coast,ASun,Freshman,C+,C,B-,C+,B-,C+,C,C,B-,B-,B-,C+,C+,A,C+,B-,B-,B-,C+,B-,C+,C+,B-,C+,C,C+,B-,C+,B-,C,B-,B-,B,B-,C+
2026,George Washington III,Florida Gulf Coast,ASun,Sophomore,D,D,D,D,D,D,D-,D-,D,D,D,D,D,F,D-,D+,D+,D,D,D,D,D,D,D-,F,D,D,D,D,D,D,D,D+,D,D
2026,Isaiah Malone,Florida Gulf Coast,ASun,Junior,C+,C,B,C+,B,C-,D+,C-,B,B,B-,B-,C+,A,B-,B+,B,B-,C+,B+,C+,C+,B,B,C+,C,B,B,B-,C,B,B-,B+,B-,C+
2026,Jack Reddick,Florida Gulf Coast,ASun,Sophomore,C-,D+,C,C-,C,D+,D+,D+,C,C,C,C-,C-,C+,C-,C+,C,C-,D+,C,C-,C-,C-,C-,D-,C-,C,C-,C,D+,C,C-,C+,C-,C-
2026,Jordan Ellerbee,Florida Gulf Coast,ASun,Freshman,C,C-,B-,C,B-,D+,D+,D+,B-,B-,C+,C+,C,A-,C+,B,B-,B-,C+,B,C,C+,B-,B-,C,C-,B-,C+,C+,D+,B-,C+,B,C+,C
2026,Rahmir Barno,Florida Gulf Coast,ASun,Junior,C-,D+,C+,C-,C+,D,D,D,C+,C+,C+,C+,C,B,C,B-,C+,C+,C,B-,C-,C-,B-,C+,D+,D+,C+,C,C+,D+,B-,C+,B,C-,C-
2026,Rory Stewart,Florida Gulf Coast,ASun,Junior,D+,D+,C+,D+,C+,D,D,D,C,C+,C,C-,C-,B,C-,B-,C,C,C-,B-,D+,D+,C+,C,D+,D+,C+,C-,C,D,C+,C,B-,C-,D+
2026,Tristen Guillouette,Florida Gulf Coast,ASun,Sophomore,C+,C,C+,C,B-,C,C,C,B-,B-,C+,C+,C+,B+,C+,B-,B-,C+,C+,B-,C+,C+,B-,C+,C-,C+,B-,C+,B-,C,B-,C+,B,C+,C+
2026,AJ Swinton,Florida St.,ACC,Sophomore,B-,C+,B+,B-,B+,C+,C+,C+,B+,B+,B,B,B-,A+,B+,A-,B+,B,B,A-,B-,B,B+,B+,B+,B-,B+,B+,B+,C+,B+,B+,A,B,B-
2026,Alier Maluk,Florida St.,ACC,Sophomore,C,C-,C+,C,C+,C-,C-,C-,C+,C+,C+,C,C,B,C,B-,C+,C+,C,B-,C+,C,C+,C+,D+,C,C+,C+,C+,C,C+,C,B-,C+,C
2026,Cam Miles,Florida St.,ACC,Freshman,D+,D+,C+,D+,C+,D+,D,D,C,C+,C,C,C-,B+,C-,C+,C+,C+,C,B-,C-,C-,C+,C+,C-,D+,C+,C,C+,D+,C+,C,B-,C-,D+
2026,Jalen Crawford,Florida St.,ACC,Sophomore,D+,D+,C-,D+,D+,D+,D,D,D+,C-,C-,D+,D+,D+,D+,C,C,C-,D+,C,D+,D+,C-,D+,D-,D+,D+,D+,C-,D+,D+,D+,C,D+,D+
2026,Martin Somerville,Florida St.,ACC,Sophomore,B+,B-,A,B,A,B-,B-,B-,A-,A,A,A-,B+,A+,A-,A,A-,A,A-,A,B+,B+,A,A,B-,B,A,A-,A-,B-,A,A,A+,A-,B
2026,Thomas Bassong,Florida St.,ACC,Freshman,C+,C,B,C+,B,C-,C-,C-,B,B,B-,B-,C+,B+,B-,B+,B,B-,B-,B+,C+,C+,B,B,C-,C,B,B-,B-,C-,B,B-,B+,B-,C
2026,Abass Bodija,Fordham,A10,Freshman,C+,C-,B-,C,B-,C-,D+,C-,B-,B-,B-,B-,C+,A-,B-,B,B-,B-,C+,B+,C,C+,B,B-,C,C,B,B-,B-,C-,B,B-,B,C+,C
2026,Akira Jacobs,Fordham,A10,Junior,C,C-,B-,C,B-,D+,D+,D+,B-,B-,C+,C+,C+,B+,B-,B,B-,B-,C+,B,C,C+,B,B-,C-,C-,B,C+,B-,C-,B,B-,B+,C+,C
2026,Jack Whitbourn,Fordham,A10,Sophomore,C+,C+,B-,C+,B-,C+,C+,C+,B-,B-,B-,B-,C+,A,C+,B-,B-,B-,C+,B,B-,C+,B-,B-,C,C+,B-,B-,B-,C+,B-,C+,B,B-,C+
2026,Kingston Price,Fordham,A10,Sophomore,D+,D+,C-,D+,C-,D+,D+,D+,C-,C,C-,C-,C-,C+,D+,C+,C,C-,D+,C,C-,D+,C-,C-,D-,D+,C-,C-,C,D+,C-,C-,C+,C-,C-
2026,Rikus Schulte,Fordham,A10,Junior,B,B-,A-,B,A-,C+,C+,B-,A-,A-,B+,B+,B,A+,A-,A,B+,A-,B+,A,B,B,A-,A-,B-,B-,A-,B+,B+,C+,A-,A-,A,B+,B
2026,Roor Akhuar,Fordham,A10,Freshman,C+,C,B-,C,B,C-,D+,C-,B-,B,B-,B-,C+,A,B-,B+,B-,B-,C+,B+,C+,C+,B,B-,C,C,B,B-,B-,C-,B,B-,B+,B-,C
2026,Aram Soqui Urbano,Fresno St.,MWC,Freshman,D+,D+,D+,D+,D+,D+,D,D,D+,C-,D+,D+,D+,D+,D+,C,C-,D+,D+,C-,D+,D+,D+,D+,D-,D+,D+,D+,C-,D,D+,D+,C-,D+,D+
2026,Bastien Rieber,Fresno St.,MWC,Freshman,D+,D+,C+,D+,C+,D,D,D,C,C+,C,C-,C-,C+,C-,B-,C,C,C-,B-,D+,C-,C+,C,D,D+,C+,C-,C,D,C+,C,B-,C-,D+
2026,David Douglas Jr.,Fresno St.,MWC,Junior,B,C+,B+,B-,B+,C+,C+,C+,B+,A-,B+,B+,B,A+,B+,A-,B+,B+,B,A,B,B,A-,B+,B,B-,A-,B+,B+,C+,B+,B+,A,B+,B-
2026,DeShawn Gory,Fresno St.,MWC,Freshman,B-,C+,B+,B-,B+,C+,C,C+,B+,B+,B,B,B,A+,B+,A-,B+,B+,B,A-,B-,B-,B+,B+,B+,C+,B+,B+,B,C+,B+,B+,A-,B,B-
2026,DJ Stickman,Fresno St.,MWC,Freshman,C+,C+,B-,C+,B-,C+,C+,C+,B-,B-,B-,B-,C+,A,C+,B,B-,B-,C+,B,B-,C+,B-,B-,C+,C+,B-,B-,B-,C+,B-,B-,B,B-,C+
2026,Gasper Kocevar,Fresno St.,MWC,Freshman,C+,C,B,C+,B,C-,C-,C-,B,B,B-,B-,C+,A,B-,B+,B,B-,B-,B+,C+,C+,B,B,B-,C,B,B-,B-,C,B,B,B+,B-,C+
2026,Jac Mani,Fresno St.,MWC,Sophomore,C,C,C+,C,C+,C,C,C,C+,B-,C+,C+,C+,B+,C+,B-,B-,C+,C,B-,C+,C,C+,C+,C-,C,B-,C+,C+,C,B-,C+,B,C+,C+
2026,Wilson Jacques,Fresno St.,MWC,Freshman,B-,C,B,C+,B,C,C,C,B,B+,B,B,B-,A,B,B+,B,B,B-,A-,B-,B-,B+,B+,C,C+,B+,B,B,C,B+,B,A-,B-,C+
2026,Zaon Collins,Fresno St.,MWC,Junior,B-,C,B+,C+,B,C,C,C,B,B+,B,B,B-,A,B,B+,B,B,B,A-,B-,B-,B+,B+,B-,C+,B+,B,B,C,B+,B,A-,B-,C+
2026,Abijah Franklin,Furman,SC,Freshman,C-,C-,C+,C,C+,C-,C-,C-,C+,C+,C+,C,C,B,C,C+,C+,C+,C,C+,C,C,C+,C,D+,C,C+,C,C+,C-,C+,C,B-,C+,C
2026,Alex Wilkins,Furman,SC,Freshman,C-,D+,C+,C-,C+,D+,D,D,C+,C+,C,C+,C,B,C,B-,C+,C+,C,B-,C-,C-,B-,C+,D+,D+,C+,C,C+,D+,B-,C+,B,C,C-
2026,Asa Thomas,Furman,SC,Sophomore,C+,C,B,C+,B,C-,C-,C-,B,B,B,B-,B-,A+,B,B+,B,B,B-,B+,C+,B-,B+,B,B-,C,B,B-,B,C,B,B,A-,B-,C+
2026,Cole Bowser,Furman,SC,Freshman,C-,D+,C+,C-,C+,D+,D+,D+,C+,B-,C+,C+,C,B,C+,B,C+,C+,C,B,C-,C-,B-,C+,D+,C-,B-,C+,C+,D+,B-,C+,B,C,C-
2026,Collin O'Neal,Furman,SC,Freshman,D+,D+,C-,C-,C,D+,D+,D+,C-,C,C-,C-,C-,C+,D+,C+,C,C-,D+,C,C-,D+,C-,C-,D-,D+,C-,C-,C,D+,C,C-,C+,C-,C-
2026,Cooper Bowser,Furman,SC,Junior,B+,B-,A,B,A,B-,B-,B-,A-,A,A-,A-,B+,A+,A-,A,A-,A-,A-,A+,B+,B+,A,A-,A-,B,A,A-,A-,B-,A,A-,A+,A-,B
2026,Eddrin Bronson,Furman,SC,Sophomore,D+,D,C-,D+,C-,D,D,D,C-,C,C-,C-,D+,B-,D+,C+,C-,C-,D+,C+,D,D+,C,C-,D,D,C,D+,C-,D,C,C-,C+,D+,D
2026,Ace Talbert,Gardner Webb,BSth,Junior,D-,D-,D,D-,D,D-,D-,D-,D,D+,D,D,D,C-,D,C-,D,D,D,D+,D-,D-,D+,D,D-,D-,D,D,D+,D-,D+,D,C-,D,D-
2026,Colin Hawkins,Gardner Webb,BSth,Sophomore,D-,D-,D-,D-,D-,D-,D-,D-,D-,D-,D-,D-,D-,D,D-,D-,D-,D-,D-,D-,F,F,D-,D-,F,D-,D-,D-,D-,D-,D-,D-,D,F,F
2026,Curtis Williams,Gardner Webb,BSth,Junior,D-,D-,D,D-,D,D-,D-,D-,D,D+,D,D,D,D+,D,C-,D,D,D,C-,D-,D-,D+,D,D-,D-,D+,D,D,D-,D+,D,D+,D,D-
2026,D.J. Jefferson,Gardner Webb,BSth,Junior,D,D,D+,D,D+,D-,D-,D-,D+,D+,D,D,D,B-,D,C-,D+,D+,D,C,D-,D,D+,D,D,D,D+,D,D+,D-,D+,D,C-,D,D-
2026,Jacob Hogarth,Gardner Webb,BSth,Sophomore,D,D,D+,D,D+,D-,D-,D-,D+,D+,D,D,D,C+,D,C,D+,D+,D,C,D-,D,D+,D+,D,D,D+,D,D+,D-,D+,D,C-,D,D-
2026,Jacob Hudson,Gardner Webb,BSth,Sophomore,D+,D,C-,D,C-,D,D,D,C-,C-,C-,C-,D+,B,D+,C+,C-,C-,D+,C+,D+,D+,C,C-,D+,D,C,D+,C-,D,C,D+,C+,D+,D
2026,Jamias Ferere,Gardner Webb,BSth,Freshman,D-,D-,D,D-,D,D-,D-,D-,D-,D,D,D-,D,D+,D-,D+,D,D,D-,D+,D-,D-,D,D-,D-,D-,D,D-,D,D-,D,D-,D+,D-,D-
2026,Julius Clark,Gardner Webb,BSth,Junior,D+,D+,C-,D+,C,D+,D+,D+,C-,C,C-,C-,C-,C,C-,C+,C,C-,D+,C+,C-,D+,C-,C-,D-,D+,C-,C-,C,D+,C-,C-,C+,C-,D+
2026,Paul Lindberg,Gardner Webb,BSth,Junior,B-,C+,B,B-,B,C+,C+,C+,B,B,B-,B-,B-,A+,B-,B,B,B,C+,B,B-,C+,B,B,B,C+,B-,B,B,C+,B,B,B+,B-,B-
2026,Spence Sims,Gardner Webb,BSth,Freshman,D,D-,D,D-,D,D-,D-,D-,D,D+,D,D,D,C+,D,C-,D,D,D,D+,D-,D-,D+,D,D,D-,D+,D,D+,D-,D+,D,D+,D,D-
2026,Devin Booker,George Mason,A10,Freshman,D+,D+,C,C-,C-,D+,D+,D+,C,C,C-,C-,C-,C+,D+,C+,C,C-,D+,C,C-,C-,C-,C-,D-,D+,C-,C-,C,D+,C,C-,C+,C-,C-
2026,Emmanuel Kanga,George Mason,A10,Freshman,B+,B,A,B+,A,B,B,B,A,A,A,A-,A-,A+,A,A+,A,A,A-,A+,B+,B+,A,A,B+,B,A,A,A,B,A,A,A+,A-,B+
2026,Kory Mincy,George Mason,A10,Junior,B,B-,A,B,A-,C+,C+,B-,A-,A-,A-,B+,B+,A+,A-,A,A-,A-,B+,A,B,B+,A,A-,B,B-,A-,B+,B+,B-,A-,A-,A,B+,B
2026,Malik Presley,George Mason,A10,Junior,C-,D+,C+,C-,C+,D+,D+,D+,C+,C+,C+,C,C-,B,C,B-,C+,C+,C,B-,C-,C-,B-,C+,D+,D+,B-,C,C+,D+,B-,C+,B,C,C-
2026,Riley Allenspach,George Mason,A10,Junior,B,B-,A,B,A-,B-,C+,B-,A-,A-,A-,B+,B+,A+,A-,A,A-,A-,B+,A,B,B,A,A-,A-,B,A-,A-,B+,B-,A-,A-,A,B+,B
2026,Stas Sivka,George Mason,A10,Sophomore,C,C,C+,C,C+,C,C-,C,C+,C+,C+,C+,C,B+,C,B-,B-,C+,C,B-,C+,C,C+,C+,C-,C,C+,C+,C+,C,B-,C+,B-,C+,C
2026,T.J. Prosise,George Mason,A10,Sophomore,D-,D,D,D-,D-,D-,D-,D-,D-,D,D-,D-,D,F,D-,D,D,D,D-,D,D-,D-,D-,D-,F,D-,D,D-,D,D-,D-,D-,D,D-,D-
2026,Caleb Williams,Georgetown,BE,Sophomore,B-,C+,B+,B-,B+,C+,C,C+,B+,B+,B,B,B-,A+,B,B+,B+,B,B,A-,B-,B-,B+,B+,B-,C+,B+,B,B,C+,B+,B+,A-,B,B-
2026,Isaiah Abraham,Georgetown,BE,Sophomore,C+,C,B,C+,B,C-,C-,C-,B,B,B-,B-,C+,A-,B-,B+,B,B-,B-,B+,C+,C+,B,B,C,C,B,B-,B-,C,B,B,B+,B-,C+
2026,Jayden Fort,Georgetown,BE,Sophomore,B-,C+,B+,B-,B+,C,C,C+,B,B+,B,B,B-,A-,B,B+,B,B,B,A-,B-,B-,B+,B+,C,C+,B+,B,B,C+,B+,B+,A-,B,B-
2026,Julius Halaifonua,Georgetown,BE,Sophomore,B+,B,A,B+,A,B,B,B,A,A,A,A,A-,A+,A,A+,A,A,A-,A+,B+,A-,A+,A,A,B+,A,A,A,B,A,A,A+,A,B+
2026,Kayvaun Mulready,Georgetown,BE,Sophomore,B-,C+,B+,B-,B+,C+,C+,C+,B+,B+,B+,B,B,A+,B+,A-,B+,B+,B,A-,B,B,A-,B+,B+,B-,B+,B+,B+,C+,B+,B+,A,B,B-
2026,KJ Lewis,Georgetown,BE,Junior,B+,B-,A,B,A,B-,B-,B-,A,A,A,A-,B+,A+,A-,A,A-,A,A-,A+,B+,B+,A,A,A-,B,A,A-,A-,B-,A,A,A+,A-,B
2026,Malik Mack,Georgetown,BE,Junior,B,B-,A-,B,A-,C+,C+,C+,B+,A-,A-,B+,B,A,B+,A,B+,A-,B+,A,B,B,A-,B+,B-,B-,A-,B+,B+,C+,A-,B+,A,B+,B-
2026,Bubu Benjamin,George Washington,A10,Junior,C+,C,B,C+,B,C,C-,C,B,B,B,B-,B-,A-,B,B+,B,B,B-,B+,C+,B-,B+,B,C,C+,B,B,B,C,B,B,A-,B-,C+
2026,Christian Jones,George Washington,A10,Sophomore,B-,C+,B+,C+,B+,C,C,C,B,B+,B,B,B-,A,B,B+,B,B,B,A-,B-,B-,B+,B+,C,C+,B+,B,B,C,B+,B+,A-,B,B-
2026,Garrett Johnson,George Washington,A10,Junior,B-,C+,B,B-,B,C,C,C,B,B+,B,B,B-,A,B,B+,B,B,B-,A-,B-,B-,B+,B,B-,C+,B+,B,B,C,B+,B,A-,B,C+
2026,Jean Aranguren,George Washington,A10,Junior,B,C+,A-,B-,B+,C+,C+,C+,B+,A-,B+,B+,B,A+,B+,A,B+,B+,B+,A,B,B,A-,B+,B,B-,A-,B+,B+,C+,A-,B+,A,B+,B-
2026,Trey Autry,George Washington,A10,Junior,B,C+,B+,B-,B+,C+,C+,C+,B+,A-,B+,B+,B,A+,B+,A-,B+,B+,B,A,B,B,A-,B+,B-,B-,A-,B+,B+,C+,B+,B+,A,B+,B-
2026,Blue Cain,Georgia,SEC,Junior,A,A-,A+,A,A+,A-,A-,A-,A+,A+,A+,A+,A+,A+,A+,A+,A+,A+,A+,A+,A,A,A+,A+,A,A,A+,A+,A+,A-,A+,A+,A+,A+,A
2026,Brandon Klatsky,Georgia,SEC,Junior,A,A-,A+,A,A+,A,A,A,A+,A+,A+,A,A,A+,A,A+,A+,A+,A,A+,A,A,A+,A,A+,A,A,A,A,A,A+,A+,A+,A+,A
2026,Dylan James,Georgia,SEC,Junior,B-,C+,B,C+,B,C,C,C,B,B,B,B,B-,A,B,B+,B,B,B-,A-,B-,B-,B+,B,C+,C+,B+,B,B,C,B+,B,A-,B,C+
2026,Jaden Newell,Georgia,SEC,Junior,D+,D+,C-,D+,D+,D+,D,D,D+,C-,D+,D+,D+,D,D,C,C,C-,D+,C-,D+,D+,D+,D+,D-,D+,C-,D+,C-,D,D+,D+,C,D+,D+
2026,Jake Wilkins,Georgia,SEC,Freshman,B,B-,B,B-,B,B-,B-,B-,B,B,B,B,B-,A+,B,B+,B,B,B-,B+,B,B-,B,B,B+,B-,B,B,B,B-,B,B,B+,B,B-
2026,Jeremiah Wilkinson,Georgia,SEC,Sophomore,A-,B+,A+,A-,A,B,B+,B+,A,A+,A,A,A,A+,A,A+,A,A+,A,A+,A-,A,A+,A,A,B+,A,A,A,B+,A+,A,A+,A,B+
2026,Jordan Ross,Georgia,SEC,Junior,B,B-,A-,B,A-,C+,C+,B-,A-,A-,A-,B+,B+,A,A-,A,A-,A-,B+,A,B,B+,A,A-,C+,B-,A-,B+,A-,B-,A-,A-,A,B+,B
2026,Kanon Catchings,Georgia,SEC,Sophomore,B+,B,A,B+,A,B-,B-,B,A,A,A,A-,B+,A+,A,A+,A,A,A-,A+,B+,B+,A,A,B+,B,A,A,A-,B,A,A,A+,A-,B
2026,Kareem Stagg,Georgia,SEC,Freshman,B,C+,B+,B-,B+,C+,C+,C+,B+,A-,B+,B+,B,A+,B+,A,B+,B+,B,A-,B,B,A-,B+,B-,B-,A-,B+,B+,C+,A-,B+,A,B+,B-
2026,Marcus Millender,Georgia,SEC,Junior,A-,B+,A+,A-,A+,B+,B+,B+,A+,A+,A+,A,A,A+,A,A+,A+,A+,A,A+,A,A,A+,A+,B+,B+,A+,A,A,B+,A+,A+,A+,A,A-
2026,Somto Cyril,Georgia,SEC,Sophomore,A,A-,A+,A,A+,A-,A-,A-,A+,A+,A+,A+,A,A+,A+,A+,A+,A+,A,A+,A,A,A+,A+,A,A-,A+,A+,A+,A-,A+,A+,A+,A+,A
2026,Dwayne Williams Jr.,Georgia Southern,SB,Freshman,D,D,C-,D,D+,D-,D-,D-,D+,C-,D+,D+,D+,C+,D+,C,C-,D+,D,C,D,D,C-,D+,D,D,C-,D+,C-,D,C-,D+,C,D+,D
2026,Jayden Williams,Georgia Southern,SB,Freshman,D,D,D+,D,D+,D,D,D,D+,D+,D+,D+,D+,D-,D,C-,D+,D+,D,D+,D,D,D+,D,F,D,D,D,D+,D,D+,D,C-,D+,D
2026,Khayri Dunn,Georgia Southern,SB,Sophomore,D,D,D+,D,D+,D-,D-,D-,D+,D+,D+,D+,D,C-,D,C-,D+,D+,D,C-,D,D,D+,D,D-,D,D+,D,D+,D-,D+,D,C-,D,D
2026,Tsvet Sotirov,Georgia Southern,SB,Sophomore,D+,D,C,D+,C,D,D,D,C,C,C-,C-,D+,C,C-,C+,C,C-,C-,C,D+,D+,C+,C-,D-,D,C+,C-,C,D,C,C-,B-,C-,D+
2026,Anthony Enoh,Georgia St.,SB,Junior,C,C,C+,C,C+,C-,C-,C-,C+,C+,C,C,C,B-,C,C+,C+,C,C-,C+,C,C-,C+,C,D,C,C+,C,C+,C-,C+,C,B-,C+,C
2026,Christian Beam,Georgia St.,SB,Sophomore,D,D,C-,D,C-,D,D,D,D+,C-,D+,D+,D+,C+,D+,C,C-,C-,D+,C+,D,D,C-,D+,D-,D,C-,D+,C-,D,C-,D+,C+,D+,D
2026,Christopher Jones,Georgia St.,SB,Freshman,D+,D+,C,D+,C-,D+,D+,D+,C-,C,C-,C-,D+,C,D+,C+,C,C-,D+,C,D+,D+,C-,C-,D-,D+,C-,D+,C,D+,C-,C-,C+,C-,C-
2026,Isaiah Sherrard,Georgia St.,SB,Junior,D+,D+,C-,D+,C-,D+,D+,D,D+,C-,D+,D+,D+,D+,D+,C,C-,D+,D+,C-,D+,D+,D+,D+,D-,D+,D+,D+,C-,D+,C-,D+,C,D+,D+
2026,Jakai Newton,Georgia St.,SB,Sophomore,D+,D+,C+,D+,C+,D,D,D,C+,C+,C,C,C-,B,C,B-,C+,C+,C-,B-,C-,C-,C+,C+,D+,D+,C+,C,C,D+,C+,C,B-,C-,D+
2026,Jelani Hamilton,Georgia St.,SB,Sophomore,B-,C,B+,C+,B,C,C,C,B,B+,B,B,B-,A+,B,B+,B,B,B,A-,B-,B-,B+,B+,B,C+,B,B,B,C,B+,B,A-,B-,C+
2026,Joah Chappelle,Georgia St.,SB,Sophomore,D+,D+,C,D+,C,D,D,D,C-,C,C-,C-,D+,B,C-,C+,C,C-,D+,C+,D+,D+,C,C-,D+,D,C,C-,C-,D,C+,C-,C+,D+,D
2026,Malachi Brown,Georgia St.,SB,Junior,D,D,C-,D,C-,D,D,D,C-,C,C-,C-,D+,B+,D+,C+,C-,C-,D+,C+,D+,D+,C,C-,C-,D,C,D+,C-,D,C,D+,C+,D+,D
2026,Micah Tucker,Georgia St.,SB,Freshman,D+,D+,C+,D+,C,D,D,D,C,C+,C-,C,C-,B,C-,B-,C,C,C-,B-,D+,C-,C+,C,D+,D+,C+,C-,C,D,C+,C-,B-,C-,D+
2026,Trey Scott III,Georgia St.,SB,Sophomore,D+,D,C,D+,C,D,D,D,C-,C,C-,C-,D+,C+,C-,C+,C,C-,D+,C+,D+,D+,C,C-,D,D,C,D+,C-,D,C+,C-,C+,C-,D+
2026,Akai Fleming,Georgia Tech,ACC,Freshman,C-,D+,C+,C-,C+,D+,D+,D+,C+,B-,C+,C+,C,B,C+,B,C+,C+,C,B,C-,C,B-,C+,D+,D+,B-,C+,C+,D+,B-,C+,B,C+,C-
2026,Baye Ndongo,Georgia Tech,ACC,Junior,B,B-,A-,B,A-,B-,C+,B-,A-,A-,A-,B+,B+,A+,A-,A,A-,A-,B+,A,B,B+,A,A-,B,B-,A-,A-,B+,B-,A-,A-,A,B+,B
2026,Cole Kirouac,Georgia Tech,ACC,Freshman,C+,C,B-,C+,B-,C,C,C,B-,B-,C+,C+,C+,A-,C+,B-,B-,C+,C,B-,C+,C,B-,C+,C,C+,C+,C+,B-,C,B-,C+,B,C+,C+
2026,Davi Remagen,Georgia Tech,ACC,Freshman,C-,D+,C,C-,C,D+,D+,D+,C,C,C-,C-,C-,C+,D+,C+,C,C-,C-,C,C-,C-,C-,C-,D,C-,C,C-,C,D+,C,C-,C+,C-,C-
2026,Eric Chatfield Jr,Georgia Tech,ACC,Freshman,C-,C-,C,C-,C,D+,D+,D+,C,C,C,C-,C-,C+,C-,C+,C,C-,C-,C,C-,C-,C,C-,D,C-,C,C-,C,D+,C,C,C+,C-,C-
2026,Jaeden Mustaf,Georgia Tech,ACC,Sophomore,C+,C,B,C+,B,C,C-,C,B,B,B,B,B-,A-,B,B+,B,B,B-,A-,C+,B-,B+,B,C,C+,B,B,B,C,B+,B,A-,B-,C+
2026,Kam Craft,Georgia Tech,ACC,Junior,C,C-,B-,C-,B-,D+,D+,D+,C+,B-,C+,C+,C,A-,C+,B,B-,C+,C,B,C,C,B-,C+,C,C-,B-,C+,C+,D+,B-,C+,B,C+,C-
2026,Mouhamed Sylla,Georgia Tech,ACC,Freshman,C,C-,B-,C,B-,C-,D+,C-,B-,B-,C+,B-,C+,A,B-,B,B-,B-,C+,B+,C,C+,B,B-,C,C-,B,B-,B-,C-,B,B-,B+,C+,C
2026,Peyton Marshall,Georgia Tech,ACC,Sophomore,C,C,C+,C,C+,C,C-,C,C+,C+,C+,C+,C,B,C+,C+,C+,C+,C,B-,C+,C,C+,C+,D,C,C+,C+,C+,C,B-,C+,B-,C+,C
2026,Braden Huff,Gonzaga,WCC,Junior,A+,A+,A+,A+,A+,A+,A+,A+,A+,A+,A+,A+,A+,A+,A+,A+,A+,A+,A+,A+,A+,A+,A+,A+,A+,A+,A+,A+,A+,A+,A+,A+,A+,A+,A+
2026,Braeden Smith,Gonzaga,WCC,Junior,A-,B+,A+,A-,A+,B+,B+,B+,A+,A+,A+,A,A,A+,A,A+,A+,A+,A,A+,A,A,A+,A+,A,B+,A+,A,A,B+,A+,A+,A+,A,A-
2026,Davis Fogle,Gonzaga,WCC,Freshman,A,A,A+,A,A+,A,A,A,A+,A+,A+,A+,A+,A+,A+,A+,A+,A+,A+,A+,A+,A+,A+,A+,A+,A,A+,A+,A+,A,A+,A+,A+,A+,A
2026,Emmanuel Innocenti,Gonzaga,WCC,Junior,A-,B+,A+,A-,A+,B+,B+,B+,A+,A+,A+,A,A,A+,A,A+,A+,A+,A,A+,A,A,A+,A,A-,B+,A+,A,A,B+,A+,A+,A+,A,A-
2026,Ismaila Diagne,Gonzaga,WCC,Sophomore,C+,C+,B-,C+,B-,C+,C,C+,B-,B-,B-,B-,C+,A,B-,B-,B-,B-,C+,B,B-,C+,B-,B-,C,C+,B-,B-,B-,C+,B,B-,B,B-,C+
2026,Mario Saint-Supery,Gonzaga,WCC,Freshman,A,A-,A+,A,A+,B+,A-,A-,A+,A+,A+,A+,A,A+,A+,A+,A+,A+,A+,A+,A,A,A+,A+,A,A-,A+,A+,A+,A-,A+,A+,A+,A+,A
2026,Antonio Munoz,Grambling St.,SWAC,Freshman,D+,D,C,D+,C,D,D,D,C-,C,C-,C-,D+,B-,C-,C+,C,C-,C-,C+,D+,D+,C,C-,D,D,C,C-,C-,D,C+,C-,C+,D+,D
2026,Mekhi Fitts,Grambling St.,SWAC,Junior,D+,C-,C,C-,C,D+,D+,D+,C,C,C-,C-,C-,C,C-,C+,C,C-,D+,C+,C-,D+,C-,C-,D-,C-,C,C-,C,D+,C,C-,C+,C-,C-
2026,Cole Pepe,Grand Canyon,MWC,Freshman,D+,C-,C,D+,C,D+,D+,D+,C,C,C-,C-,C-,C+,C-,C+,C+,C-,D+,C+,C-,D+,C-,C-,D-,C-,C-,C-,C,D+,C,C-,C+,C-,C-
2026,Dennis Evans,Grand Canyon,MWC,Junior,B,B,B+,B,B+,B,B-,B,B+,B+,B+,B+,B,A+,B+,B+,B+,B+,B,A-,B,B,B+,B+,A,B,B+,B+,B+,B,B+,B+,A-,B+,B
2026,Dusty Stromer,Grand Canyon,MWC,Junior,C+,C-,B-,C+,B-,C-,D+,D+,B-,B,B-,C+,C+,B+,C+,B,B-,B-,C+,B,C,C+,B,B-,C,C-,B,B-,B-,C-,B,B-,B+,B-,C
2026,Efe Demirel,Grand Canyon,MWC,Freshman,B,B-,A-,B,B+,C+,C+,B-,B+,A-,B+,B+,B,A+,A-,A,B+,B+,B,A,B,B,A-,A-,B,B-,A-,B+,B+,C+,A-,B+,A,B+,B-
2026,Kaleb Smith,Grand Canyon,MWC,Junior,D+,D+,C-,D+,C-,D+,D+,D,C-,C-,C-,D+,D+,D+,D+,C,C,C-,D+,C-,D+,D+,D+,D+,D-,D+,C-,D+,C-,D+,D+,D+,C,D+,D+
2026,Makaih Williams,Grand Canyon,MWC,Junior,A-,B+,A+,A-,A+,B+,B+,B+,A+,A+,A,A,A,A+,A,A+,A,A+,A,A+,A-,A,A+,A+,A-,B+,A,A,A,B+,A+,A+,A+,A,A-
2026,C.J. O'Hara,Green Bay,Horz,Sophomore,C+,C,B-,C,B,C-,D+,C-,B-,B,B-,B-,C+,A-,B-,B+,B-,B-,C+,B+,C+,C+,B,B-,C,C,B,B-,B-,C-,B,B-,B+,C+,C
2026,Caden Wilkins,Green Bay,Horz,Freshman,C-,D+,C+,C-,C+,D,D,D,C+,C+,C,C,C-,B,C,B-,C+,C+,C,B-,C-,C-,C+,C+,D+,D+,C+,C,C+,D+,B-,C,B-,C,D+
2026,Keegan Van Kauwenberg,Green Bay,Horz,Freshman,C,C-,C+,C,C+,C-,C-,C-,C+,C+,C+,C+,C,B+,C,B-,C+,C+,C,B-,C,C,C+,C,C-,C,C+,C,C+,C-,C+,C+,B-,C+,C
2026,LeBron Thomas,Green Bay,Horz,Junior,D+,D,C-,D+,C,D,D,D,C-,C,C-,C-,D+,B-,C-,C+,C-,C-,D+,C+,D+,D+,C,C-,D,D,C,D+,C-,D,C,C-,C+,D+,D
2026,Mac Wrecke,Green Bay,Horz,Sophomore,C-,C-,C,C-,C+,C-,D+,D+,C,C+,C,C,C-,B-,C-,C+,C+,C,C-,C+,C,C-,C,C,D,C-,C,C,C,C-,C+,C,C+,C,C-
2026,Marcus Hall,Green Bay,Horz,Junior,C+,C,B,C+,B,C-,C-,C-,B,B,B-,B-,C+,A,B-,B+,B,B-,B-,B+,C+,C+,B,B,B-,C,B,B-,B-,C-,B,B-,B+,B-,C
2026,Maruan Cicic,Green Bay,Horz,Freshman,D+,D+,C-,D+,C-,D+,D+,D,C-,C-,C-,D+,D+,D+,D+,C,C-,C-,D+,C,D+,D+,C-,D+,D-,D+,D+,D+,C-,D+,C-,D+,C,C-,D+
2026,Ramel Bethea,Green Bay,Horz,Sophomore,C-,D+,B-,C-,C+,D+,D+,D+,C+,C+,C+,C+,C,A,C+,B,C+,C+,C,B,C-,C-,B-,C+,C,C-,B-,C+,C+,D+,B-,C+,B,C,C-
2026,Vukasin Todorovic,Green Bay,Horz,Freshman,C-,C-,C,C-,C,D+,D+,D+,C,C,C,C-,C-,C+,C-,C+,C,C,C-,C+,C-,C-,C-,C-,D,C-,C,C-,C,D+,C,C-,C+,C,C-
2026,Aidan Haskins,Hampton,CAA,Freshman,C-,C-,C+,C-,C+,C-,D+,C-,C,C+,C+,C,C,B,C-,C+,C+,C,C-,C+,C,C-,C,C,D+,C-,C+,C,C+,C-,C,C,C+,C,C
2026,Daniel Johnson,Hampton,CAA,Sophomore,C-,D+,C+,C-,C+,D+,D+,D+,C+,C+,C,C+,C,B+,C+,B-,C+,C+,C,B,C-,C-,B-,C+,C-,D+,B-,C+,C+,D+,B-,C+,B,C,C-
2026,Etienne Strothers,Hampton,CAA,Junior,D+,D+,C+,D+,C+,D,D,D,C,C+,C,C,C-,B,C,B-,C,C,C,B-,D+,C-,C+,C+,D+,D+,C+,C,C+,D+,C+,C,B-,C-,D+
2026,Eunique Rink,Hampton,CAA,Sophomore,D,D,C-,D,D+,D-,D-,D,D+,D+,D+,D+,D,C+,D+,C,D+,D+,D,C,D,D,C-,D+,D,D,C-,D+,C-,D,C-,D+,C,D+,D
2026,Jalyke Gaines-Wyatt,Hampton,CAA,Junior,D,D,C-,D,C-,D,D,D,C-,C,D+,C-,D+,B-,D+,C,C-,C-,D+,C+,D,D+,C,D+,D,D,C-,D+,C-,D,C,D+,C+,D+,D
2026,Quintin Cooper,Hampton,CAA,Freshman,D,D,D+,D,D+,D,D,D,D+,D+,D+,D+,D,D-,D,C-,D+,D+,D,D+,D,D,D+,D,F,D,D,D,D+,D,D+,D,C-,D+,D
2026,Austin Hunt,Harvard,Ivy,Sophomore,C-,C-,C+,C-,C+,D+,D+,D+,C+,B-,C+,C+,C,B+,C+,B,B-,C+,C,B,C-,C,B-,C+,C-,C-,B-,C+,C+,D+,B-,C+,B,C+,C-
2026,Ben Eisendrath,Harvard,Ivy,Sophomore,D+,D,C-,D,C-,D,D,D,C-,C,C-,C-,D+,B,D+,C+,C-,C-,D+,C+,D,D+,C,C-,D+,D,C,D+,C-,D,C,C-,C+,D+,D
2026,Frankie Mannino,Harvard,Ivy,Freshman,C+,C,B-,C+,C+,C,C,C,B-,B-,C+,C+,C+,A-,C+,B-,B-,C+,C+,B-,C+,C+,C+,C+,C,C,C+,C+,C+,C,B-,C+,B-,C+,C+
2026,Kenan Parrish,Harvard,Ivy,Freshman,D+,D+,C-,D+,D+,D,D,D,D+,C-,D+,D+,D+,D,D+,C,C-,D+,D,C,D+,D+,D+,D+,F,D+,D+,D+,C-,D,D+,D+,C,D+,D+
2026,Luca Ace-Nasteski,Harvard,Ivy,Junior,C-,C-,C+,C-,C,C-,D+,D+,C,C+,C,C,C-,B-,C-,C+,C+,C,C-,C+,C-,C-,C,C,D,C-,C,C-,C,C-,C+,C,B-,C,C-
2026,Robert Hinton,Harvard,Ivy,Sophomore,C+,C,B,C+,B,C,C-,C,B,B,B,B,B-,A,B,B+,B,B,B-,B+,C+,B-,B+,B,C+,C,B,B,B,C,B,B,A-,B-,C+
2026,Ryan Sullivan,Harvard,Ivy,Freshman,B-,C+,B-,C+,B-,C+,C+,C+,B,B,B-,B-,B-,A,B-,B,B-,B-,C+,B,B-,C+,B-,B-,C,C+,B-,B-,B-,C+,B,B-,B,B-,B-
2026,Tey Barbour,Harvard,Ivy,Sophomore,B-,C+,B+,B-,B+,C+,C,C+,B+,B+,B+,B,B,A+,B+,A-,B+,B+,B,A-,B-,B,B+,B+,B-,B-,B+,B+,B,C+,B+,B+,A,B,B-
2026,Thomas Batties II,Harvard,Ivy,Junior,B-,C+,B+,B-,B+,C+,C+,C+,B+,B+,B+,B+,B,A+,B+,A-,B+,B+,B,A,B-,B,A-,B+,B,B-,B+,B+,B+,C+,B+,B+,A,B,B-
2026,Xavier Nesbitt,Harvard,Ivy,Junior,D,D,D+,D,D,D,D,D,D,D+,D,D,D,F,D,D+,D+,D,D,D+,D,D,D,D,F,D,D,D,D+,D,D,D,D+,D,D
2026,Aaron Hunkin-Claytor,Hawaii,BW,Sophomore,C+,C,B,C+,B,C-,C-,C-,B,B,B,B-,C+,B+,B,B+,B,B,B-,B+,C+,C+,B+,B,C-,C,B,B-,B,C,B,B,A-,B-,C+
2026,AJ Economou,Hawaii,BW,Sophomore,D,D,D+,D,D+,D,D,D,D+,D+,D+,D+,D+,D-,D,C-,C-,D+,D,D+,D,D,D+,D,F,D,D+,D+,D+,D,D+,D,C-,D+,D
2026,Isaac Finlinson,Hawaii,BW,Junior,B-,C+,B,C+,B,C,C,C,B,B+,B,B,B-,A,B,B+,B,B,B-,B+,B-,B-,B+,B,C+,C+,B+,B,B,C,B+,B,A-,B,C+
2026,Isaiah Kerr,Hawaii,BW,Junior,C+,C,B,C+,B,C,C-,C,B,B,B,B-,C+,A-,B-,B+,B,B,B-,B+,C+,B-,B+,B,C,C+,B,B-,B,C,B,B,B+,B-,C+
2026,Birgir Irving,High Point,BSth,Sophomore,F,F,F,F,F,F,F,F,F,F,F,F,F,F,F,F,F,F,F,F,F,F,F,F,F,F,F,F,F,F,F,F,F,F,F
2026,Braden Hausen,High Point,BSth,Sophomore,B-,C+,B+,B-,B+,C,C+,C+,B+,B+,B+,B,B,A+,B,A-,B+,B+,B,A-,B-,B,B+,B+,B-,C+,B+,B,B+,C+,B+,B+,A,B,B-
2026,Caden Miller,High Point,BSth,Freshman,C+,C+,B-,C+,B-,C,C,C,B-,B-,C+,B-,C+,A-,C+,B-,B-,B-,C+,B,C+,C+,B-,C+,C,C+,B-,B-,B-,C,B-,C+,B,C+,C+
2026,Conrad Martinez,High Point,BSth,Junior,B,C+,A-,B-,B+,C+,C+,C+,B+,A-,B+,B+,B,A+,B+,A-,B+,B+,B+,A,B,B,A-,B+,B-,B-,A-,B+,B+,C+,A-,B+,A,B+,B-
2026,Youssouf Singare,High Point,BSth,Junior,C-,C-,C,C-,C,D+,D+,D+,C,C,C-,C-,C-,C+,C-,C+,C,C,C-,C+,C-,D+,C,C,D-,C-,C,C,C,C-,C,C-,C+,C,C-
2026,A.J. Wills,Hofstra,CAA,Junior,D+,D+,C,C-,C-,D+,D+,D+,C,C,C,C-,C-,C+,C-,C+,C+,C-,C-,C,C-,C-,C-,C-,D,C-,C-,C-,C,D+,C-,C-,C+,C-,C-
2026,Jaeden Roberts,Hofstra,CAA,Freshman,B-,B-,B,B-,B,B-,B-,B-,B,B,B,B,B-,A+,B-,B+,B,B,B,B+,B-,B-,B,B,A-,B-,B,B,B,B-,B,B,B+,B,B-
2026,Joshua DeCady,Hofstra,CAA,Sophomore,C+,C,B,C+,B,C-,C-,C-,B,B,B-,B-,C+,B+,B-,B+,B,B-,C+,B+,C+,C+,B,B,C-,C,B,B-,B-,C-,B,B-,B+,B-,C+
2026,Preston Edmead,Hofstra,CAA,Freshman,B+,B,A,B+,A,B,B,B,A,A,A,A,A-,A+,A,A+,A,A,A-,A+,B+,A-,A,A,B+,B,A,A-,A,B,A,A,A+,A-,B+
2026,Victory Onuetu,Hofstra,CAA,Freshman,C+,C,B,C,B,C-,D+,C-,B,B,B-,B-,C+,A-,B-,B+,B-,B-,C+,B+,C+,C+,B,B,C,C,B,B-,B-,C-,B,B-,B+,B-,C
2026,Aidan Richard,Holy Cross,Pat,Sophomore,D,D-,D+,D-,D,D-,D-,D-,D,D+,D,D,D,C-,D,C-,D,D,D,C-,D-,D-,D+,D,D-,D-,D+,D,D,D-,D+,D,C-,D,D-
2026,Aiden Disu,Holy Cross,Pat,Freshman,D,D,D+,D,D+,D-,D-,D-,D+,D+,D+,D+,D+,B-,D+,C,D+,D+,D,C,D,D,D+,D+,D,D,C-,D+,D+,D,C-,D,C,D,D
2026,Austin Mejia,Holy Cross,Pat,Sophomore,D-,D,D,D-,D,D,D-,D-,D-,D,D,D-,D-,F,D-,D,D,D,D-,D,D-,D-,D,D-,F,D-,D,D-,D,D-,D-,D-,D,D-,D-
2026,Chuck Hare,Holy Cross,Pat,Sophomore,D+,D+,C-,D+,C-,D+,D+,D+,C-,C-,C-,C-,D+,D+,D+,C,C,C-,D+,C,D+,D+,C-,D+,D-,D+,C-,C-,C-,D+,C-,D+,C+,C-,D+
2026,DeAndre Williams,Holy Cross,Pat,Junior,D,D,D+,D,D,D-,D-,D-,D,D+,D,D,D,C+,D,C-,D+,D,D,C-,D-,D,D+,D,D-,D-,D+,D,D+,D-,D+,D,C-,D,D-
2026,Declan Ryan,Holy Cross,Pat,Junior,D,D,D+,D,D+,D-,D-,D-,D+,D+,D,D,D,C,D,C,D+,D+,D,C-,D-,D,D+,D,D-,D,D+,D,D+,D-,D+,D,C-,D,D-
2026,Ethan Clark,Holy Cross,Pat,Freshman,D+,D+,D+,D,D+,D,D,D,D+,D+,D,D,D+,D-,D,C-,C-,D+,D,D+,D,D,D+,D,F,D,D+,D,D+,D,D+,D,C-,D,D
2026,Gabe Warren,Holy Cross,Pat,Junior,C-,D+,C+,C-,C+,D+,D+,D+,C+,C+,C+,C+,C,B+,C+,B,C+,C+,C,B-,C-,C-,B-,C+,C,D+,C+,C+,C+,D+,B-,C+,B,C,C-
2026,Joe Nugent,Holy Cross,Pat,Junior,C,C-,B-,C,B-,D+,D+,D+,B-,B-,C+,C+,C+,A,C+,B,B-,B-,C+,B,C,C,B-,B-,C,C-,B-,C+,B-,C-,B,B-,B,C+,C
2026,John St. Germain III,Holy Cross,Pat,Junior,D,D,C-,D,D+,D-,D-,D-,D+,C-,D+,D+,D+,C+,D+,C+,C-,D+,D+,C,D,D,C-,D+,D-,D,C-,D+,C-,D,C-,D+,C,D+,D
2026,Tyler Boston,Holy Cross,Pat,Sophomore,C-,D+,B-,C-,C+,D+,D+,D+,C+,B-,C+,C+,C,B+,C+,B,C+,C+,C+,B,C,C,B-,C+,C-,D+,B-,C+,C+,D+,B-,C+,B,C,C-
2026,Will Aljancic,Holy Cross,Pat,Junior,D,D,D+,D,D+,D,D,D,D+,D+,D+,D+,D+,D,D,C,C-,D+,D,C-,D+,D,D+,D+,F,D+,D+,D+,D+,D,D+,D+,C,D+,D
2026,Chase McCarty,Houston,B12,Freshman,A-,B+,A+,A-,A+,B+,B+,B+,A,A+,A,A,A,A+,A,A+,A+,A,A,A+,A-,A,A+,A,A,B+,A,A,A,B+,A+,A,A+,A,A-
2026,Chris Cenac Jr,Houston,B12,Freshman,A,B+,A+,A,A+,A-,B+,A-,A+,A+,A+,A,A,A+,A+,A+,A+,A+,A,A+,A,A,A+,A+,A,A-,A+,A+,A,A-,A+,A+,A+,A+,A
2026,Isiah Harwell,Houston,B12,Freshman,B,B-,A,B,A-,B-,B-,B-,A-,A-,A-,B+,B,A+,A-,A,A-,A-,B+,A,B,B,A,A-,B-,B-,A-,A-,B+,B-,A-,A-,A,A-,B
2026,Joseph Tugler,Houston,B12,Junior,A+,A,A+,A+,A+,A,A,A,A+,A+,A+,A+,A+,A+,A+,A+,A+,A+,A+,A+,A+,A+,A+,A+,A+,A,A+,A+,A+,A,A+,A+,A+,A+,A+
2026,Kingston Flemings,Houston,B12,Freshman,A+,A+,A+,A+,A+,A+,A+,A+,A+,A+,A+,A+,A+,A+,A+,A+,A+,A+,A+,A+,A+,A+,A+,A+,A+,A+,A+,A+,A+,A+,A+,A+,A+,A+,A+
2026,Mercy Miller,Houston,B12,Sophomore,A-,B,A+,A-,A+,B+,B+,B+,A,A+,A,A,A-,A+,A,A+,A,A,A,A+,A-,A,A+,A,A+,B+,A,A,A,B+,A+,A,A+,A,B+
2026,Caleb Gaston,Houston Christian,Slnd,Junior,D+,D+,C-,D,D+,D,D,D,D+,C-,D+,D+,D+,D,D+,C,C-,D+,D,C-,D+,D,D+,D+,F,D+,D+,D+,D+,D+,C-,D+,C,D+,D+
2026,D'Aundre Samuels,Houston Christian,Slnd,Junior,C-,D+,C+,C-,C+,D+,D,D,C+,C+,C,C+,C,B+,C,B-,C+,C+,C,B-,C-,C-,B-,C+,C-,D+,C+,C+,C+,D+,B-,C+,B,C,C-
2026,Demari Williams,Houston Christian,Slnd,Junior,C,C-,B-,C,B-,C-,D+,D+,B-,B-,C+,B-,C+,A-,B-,B,B-,B-,C+,B+,C,C+,B,B-,C,C-,B,B-,B-,C-,B,B-,B+,C+,C
2026,Mambourou Mara,Houston Christian,Slnd,Junior,C-,D+,C+,C-,C+,D+,D+,D+,C+,C+,C+,C+,C,B,C+,B,C+,C+,C,B,C-,C-,B-,C+,D+,D+,B-,C+,C+,D+,B-,C+,B,C,C-
2026,Alex Cotton,Howard,MEAC,Junior,C-,D+,C+,C-,C+,D+,D+,D+,C+,B-,C+,C+,C,B+,C+,B,C+,C+,C,B,C-,C,B-,C+,C-,D+,B-,C+,C+,D+,B-,C+,B,C,C-
2026,Calvin Robins Jr.,Howard,MEAC,Sophomore,D+,D+,C,D+,C,D+,D+,D+,C,C,C-,C-,D+,C,C-,C,C,C-,D+,C,C-,D+,C-,C-,D-,D+,C-,C-,C,D+,C,C-,C+,C-,D+
2026,Cam Gillus,Howard,MEAC,Junior,C+,C,B,C+,B,C-,C-,C,B,B+,B,B,B-,A,B,B+,B,B,B-,B+,C+,B-,B+,B,C,C,B,B,B,C,B+,B,A-,B-,C+
2026,Cedric Taylor III,Howard,MEAC,Junior,C+,C,B,C+,B,C,C-,C,B,B,B,B,B-,A+,B,B+,B,B,B-,A-,B-,B-,B+,B,B-,C+,B,B,B,C,B+,B,A-,B-,C+
2026,Danas Kazakevicius,Howard,MEAC,Freshman,D+,D,C-,D,C-,D,D,D,C-,C-,C-,D+,D+,C+,D+,C+,C-,C-,D+,C+,D,D+,C,C-,D,D,C,D+,C-,D,C+,D+,C+,C-,D
2026,Isaiah Brown,Howard,MEAC,Freshman,B-,C+,B+,B-,B+,C+,C+,C+,B+,B+,B+,B+,B,C-,B,A-,B+,B+,B,A-,B,B-,A-,B+,D-,C+,A-,B+,B+,C+,B+,B+,A,B+,B-
2026,Jeremiah Johnson,Howard,MEAC,Freshman,C+,C,B,C+,B,C-,C-,C,B,B,B,B-,B-,B+,B-,B+,B,B,B-,B+,C+,C+,B+,B,C-,C,B,B-,B,C,B,B,A-,B-,C+
2026,River Smith,Howard,MEAC,Freshman,D-,D-,D-,D-,D-,D-,D-,D-,D-,D-,D-,D-,D-,F,D-,D,D,D-,D-,D,D-,D-,D-,D-,F,D-,D-,D-,D-,D-,D,D-,D,D-,D-
2026,Travelle Bryson,Howard,MEAC,Sophomore,C,C-,B-,C,B-,D+,D+,D+,B-,B-,C+,B-,C+,A-,C+,B,B-,B-,C+,B,C,C,B,B-,C,C-,B,B-,B-,C-,B,B-,B,C+,C
2026,Jack Payne,Idaho,BSky,Junior,C,C-,B-,C,B-,D+,D+,D+,B-,B-,C+,C+,C+,A,C+,B,B-,B-,C+,B,C,C,B,B-,C,C-,B-,C+,B-,C-,B,B-,B,C+,C
2026,Jackson Rasmussen,Idaho,BSky,Freshman,C+,C,B,C+,B,C-,C-,C-,B,B,B-,B-,C+,B+,B,B+,B,B-,B-,B+,C+,C+,B,B,C-,C,B,B,B-,C,B,B,B+,B-,C+
2026,Kolton Mitchell,Idaho,BSky,Sophomore,B-,C+,B+,C+,B,C,C,C,B+,B+,B,B,B-,A+,B,B+,B,B,B,A-,B-,B-,B+,B+,B-,C+,B+,B,B,C,B+,B,A-,B,C+
2026,Miles Klapper,Idaho,BSky,Junior,C,C,C+,C+,C+,C,C,C-,C+,B-,C+,C+,C,B+,C,B-,B-,C+,C,B-,C+,C,C+,C+,C-,C,C+,C+,C+,C,B-,C+,B-,C+,C+
2026,Seth Joba,Idaho,BSky,Junior,C,C-,B-,C-,B-,D+,D+,D+,B-,B-,C+,C+,C,B+,C+,B,B-,C+,C+,B,C,C,B-,B-,C-,C-,B-,C+,C+,D+,B,C+,B,C+,C-
2026,Evan Otten,Idaho St.,BSky,Sophomore,D+,D+,C+,D+,C,D,D,D,C,C,C-,C-,D+,B,C,B-,C,C,C-,B-,D+,D+,C+,C,D,D+,C+,C,C,D,C+,C,B-,C-,D+
2026,Lachlan Brewer,Idaho St.,BSky,Sophomore,D+,D+,C,D+,C,D,D,D,C,C,C-,C-,D+,B,C-,B-,C,C-,C-,C+,D+,D+,C+,C,D,D+,C+,C-,C,D,C+,C-,B-,C-,D+
2026,Louis Bond,Idaho St.,BSky,Freshman,C-,D+,C+,C-,C+,D+,D,D,C+,C+,C,C,C-,B,C,B-,C+,C+,C,B-,C-,C-,C+,C+,D+,D+,B-,C,C+,D+,B-,C+,B-,C,C-
2026,Martin Kheil,Idaho St.,BSky,Sophomore,D+,D+,C+,D+,C+,D,D,D,C,C+,C,C,C-,B,C,B-,C+,C+,C-,B-,D+,C-,C+,C+,D+,D+,C+,C,C,D+,C+,C,B-,C-,D+
2026,Quin Patterson,Idaho St.,BSky,Junior,D+,D+,C-,D+,D+,D+,D,D,D+,C-,D+,D+,D+,D+,D+,C,C,C-,D+,C-,D+,D+,D+,D+,D-,D+,D+,D+,D+,D+,D+,D+,C,D+,D+
2026,Andrej Stojakovic,Illinois,B10,Junior,A,A-,A+,A,A+,A-,A-,A-,A+,A+,A+,A+,A+,A+,A+,A+,A+,A+,A+,A+,A,A,A+,A+,A-,A,A+,A+,A+,A-,A+,A+,A+,A+,A
2026,David Mirkovic,Illinois,B10,Freshman,A,A,A+,A,A+,A,A,A,A+,A+,A+,A+,A+,A+,A+,A+,A+,A+,A+,A+,A+,A+,A+,A+,A+,A,A+,A+,A+,A,A+,A+,A+,A+,A+
2026,Jake Davis,Illinois,B10,Junior,A-,B+,A+,A-,A+,B+,B+,B+,A,A+,A,A,A,A+,A,A+,A+,A,A,A+,A-,A,A+,A,A,B+,A,A,A,B+,A+,A,A+,A,A-
2026,Keaton Wagler,Illinois,B10,Freshman,A+,A+,A+,A+,A+,A+,A+,A+,A+,A+,A+,A+,A+,A+,A+,A+,A+,A+,A+,A+,A+,A+,A+,A+,A+,A+,A+,A+,A+,A+,A+,A+,A+,A+,A+
2026,Tomislav Ivisic,Illinois,B10,Junior,A-,B+,A+,A-,A+,B+,B+,B+,A+,A+,A,A,A,A+,A,A+,A+,A+,A,A+,A-,A,A+,A,A,B+,A+,A,A,B+,A+,A+,A+,A,A-
2026,Zvonimir Ivisic,Illinois,B10,Junior,A,A,A+,A,A+,A-,A-,A,A+,A+,A+,A+,A+,A+,A+,A+,A+,A+,A+,A+,A,A,A+,A+,A+,A,A+,A+,A+,A,A+,A+,A+,A+,A
2026,Ahmad Henderson II,Illinois Chicago,MVC,Junior,C+,C,B,C+,B,C-,C-,C,B,B,B,B,B-,A-,B-,B+,B,B,B-,B+,C+,B-,B+,B,C,C,B,B-,B,C,B,B,A-,B-,C+
2026,Andy Johnson,Illinois Chicago,MVC,Freshman,C+,C,B,C+,B,C-,C-,C-,B,B,B-,B-,C+,A-,B-,B+,B,B-,B-,B+,C+,C+,B,B,C,C,B,B-,B-,C,B,B-,B+,B-,C+
2026,Ante Beljan,Illinois Chicago,MVC,Junior,D+,D+,C-,D+,C-,D+,D+,D+,C-,C-,C-,C-,D+,C-,D+,C,C,C-,D+,C,D+,D+,C-,C-,D-,D+,C-,C-,C-,D+,C-,D+,C+,C-,D+
2026,Elijah Crawford,Illinois Chicago,MVC,Sophomore,B+,B,A,B+,A,B,B,B,A,A,A,A,A-,A+,A,A+,A,A,A,A+,B+,A-,A+,A,B+,B,A,A,A,B,A,A,A+,A-,B+
2026,Jayce Nathaniel,Illinois Chicago,MVC,Freshman,B-,C+,B,C+,B,C,C,C,B,B,B,B,B-,A,B,B+,B,B,B-,A-,C+,B-,B+,B,C,C+,B+,B,B,C,B+,B,A-,B,C+
2026,Mekhi Lowery,Illinois Chicago,MVC,Junior,B-,C+,B,C+,B,C,C,C,B,B,B,B,B-,A,B,B+,B,B,B-,A-,B-,B-,B+,B,C+,C+,B+,B,B,C,B+,B,A-,B-,C+
2026,Rashund Washington Jr,Illinois Chicago,MVC,Freshman,B-,C+,B+,B-,B+,C+,C,C+,B+,B+,B,B,B-,A,B,A-,B+,B,B,A-,B-,B-,B+,B+,B-,C+,B+,B,B,C+,B+,B+,A-,B,B-
2026,Chase Walker,Illinois St.,MVC,Junior,A-,B+,A+,A-,A,B+,B+,B+,A+,A+,A,A,A,A+,A+,A+,A+,A+,A,A+,A,A,A+,A,A,A-,A,A,A,B+,A+,A+,A+,A,A-
2026,Jack Daugherty,Illinois St.,MVC,Sophomore,D+,D+,C,D+,C-,D+,D+,D+,C-,C-,C-,C-,C-,C,D+,C,C,C-,D+,C-,C-,D+,C-,D+,D-,D+,C-,C-,C,D+,C-,C-,C+,C-,D+
2026,Johnny Kinziger,Illinois St.,MVC,Junior,C+,C,B,C+,B,C-,C-,C-,B,B,B,B,B-,A-,B-,B+,B,B,B-,B+,C+,B-,B+,B,C,C,B,B-,B,C,B,B,A-,B-,C+
2026,Mason Klabo,Illinois St.,MVC,Freshman,B-,C+,B+,B-,B+,C+,C+,C+,B+,B+,B+,B,B,A+,B+,A-,B+,B+,B,A-,B-,B,A-,B+,B-,B-,B+,B,B+,C+,B+,B+,A,B,B-
2026,Ty Pence,Illinois St.,MVC,Junior,B,B-,A,B,A,B-,B-,B-,A,A,A,A-,B+,A+,A-,A,A-,A-,B+,A,B+,B+,A,A-,B+,B,A,A-,A-,B-,A,A-,A+,A-,B
2026,Ty'Reek Coleman,Illinois St.,MVC,Freshman,B,B-,A,B,A-,B-,B-,B-,A-,A,A-,A-,B+,A+,A-,A,A-,A-,B+,A,B,B+,A,A-,B,B,A,A-,B+,B-,A-,A-,A+,B+,B
2026,Esteban Mann,Incarnate Word,Slnd,Junior,D,D,D+,D,D+,D,D,D,D+,D+,D,D,D+,D-,D,C-,D+,D+,D,D+,D+,D,D,D,F,D,D,D,D+,D,D+,D,C-,D+,D
2026,Harrison Reede,Incarnate Word,Slnd,Junior,C,C-,C+,C-,C+,C-,C-,C-,C+,C+,C+,C,C-,B,C,B-,C+,C,C-,C+,C,C,C+,C,D+,C-,C+,C,C+,C-,C+,C+,B-,C+,C
2026,Jayden Williams,Incarnate Word,Slnd,Sophomore,C,C,C+,C,C+,C,C-,C,C+,C+,C+,C+,C,B,C+,C+,C+,C+,C,B-,C,C,C+,C+,D,C,C+,C+,C+,C,B-,C,B-,C+,C
2026,Jordan Pyke,Incarnate Word,Slnd,Junior,C+,C,B,C+,B,C-,C-,C-,B,B,B-,B-,C+,A,B-,B+,B,B-,B-,B+,C+,C+,B,B,C+,C,B,B-,B-,C-,B,B-,B+,B-,C
2026,Mihael Tomic,Incarnate Word,Slnd,Freshman,C-,C-,C,C-,C,D+,D+,D+,C,C,C-,C,C-,C+,C-,C+,C,C,C-,C+,C-,D+,C,C,D-,C-,C,C,C,D+,C,C-,C+,C,C-
2026,Tahj Staveskie,Incarnate Word,Slnd,Junior,C,C-,B-,C,B-,D+,D+,D+,B-,B,B-,B-,C+,A-,C+,B,B-,B-,C+,B,C,C+,B,B-,C,C-,B-,B-,B-,C-,B,B-,B+,C+,C
2026,Jasai Miles,Indiana,B10,Junior,C-,C-,C+,C-,C+,C-,D+,D+,C,C+,C,C,C,B-,C-,C+,C+,C,C-,C+,C,C-,C,C,D,C-,C,C,C,C-,C,C,B-,C,C-
2026,Nick Dorn,Indiana,B10,Junior,B-,C+,B+,B-,B+,C+,C,C+,B+,B+,B,B,B-,A+,B,A-,B+,B+,B,A-,B-,B,B+,B+,B-,C+,B+,B,B,C+,B+,B+,A-,B,B-
2026,Trent Sisley,Indiana,B10,Freshman,B-,C,B,C+,B,C,C-,C,B,B,B,B-,C+,A-,B,B+,B,B,B-,B+,C+,B-,B,B,C,C+,B,B,B-,C,B,B,A-,B,C+
2026,Bruno Alocen,Indiana St.,MVC,Sophomore,C-,C-,C+,C-,B-,D+,D+,D+,C+,B-,C+,C+,C,B+,C+,B,C+,C+,C,B,C-,C,B-,C+,C-,C-,B-,C+,C+,D+,B-,C+,B,C+,C-
2026,Camp Wagner,Indiana St.,MVC,Junior,C-,D+,C+,C-,C+,D+,D,D,C+,C+,C,C,C,A-,C,B-,C+,C+,C,B-,C-,C-,B-,C+,C,D+,C+,C,C+,D+,B-,C,B,C,C-
2026,Derek Vorst,Indiana St.,MVC,Junior,C,C-,B-,C,B,C-,D+,C-,B-,B-,B-,B-,C+,A,B-,B,B-,B-,C+,B+,C,C+,B,B-,C,C,B,B-,B-,C-,B,B-,B+,C+,C
2026,Enel St. Bernard,Indiana St.,MVC,Junior,B-,C+,B+,B-,B+,C+,C,C+,B+,B+,B,B,B,A+,B+,A-,B+,B+,B,A-,B-,B-,B+,B+,B-,C+,B+,B+,B,C+,B+,B+,A-,B,B-
2026,Ian Scott,Indiana St.,MVC,Sophomore,B,B-,A-,B,A-,C+,C+,B-,A-,A-,B+,B+,B+,A+,A-,A,B+,A-,B+,A,B,B,A-,A-,A-,B-,A-,B+,B+,B-,A-,A-,A,B+,B
2026,Jo Van Buggenhout,Indiana St.,MVC,Junior,C-,D+,C+,D+,C+,D+,D,D,C+,C+,C,C+,C-,B,C,B-,C+,C+,C,B-,C-,C-,B-,C+,D+,D+,C+,C,C+,D+,B-,C,B-,C-,D+
2026,Alliou Fall,Iona,MAAC,Freshman,C-,D+,C+,C-,C+,D+,D+,D+,C+,C+,C,C+,C,B-,C+,B-,C+,C+,C,B-,C-,C-,B-,C+,D,D+,B-,C+,C+,D+,B-,C+,B,C,C-
2026,Chase Cormier,Iona,MAAC,Junior,C-,D+,C,C-,C-,D+,D+,D+,C,C,C,C-,C-,C+,C-,C+,C+,C-,C-,C,C-,C-,C-,C-,D,C-,C,C-,C,D+,C,C-,C+,C,C-
2026,Connor Horan,Iona,MAAC,Sophomore,D-,D-,D-,D-,D-,D-,D-,D-,D-,D-,D-,D-,D-,F,F,D-,D,D-,D-,D-,D-,D-,D-,D-,F,D-,D-,D-,D-,D-,D-,D-,D,D-,D-
2026,Denver Anglin,Iona,MAAC,Junior,D+,D,C,D+,C-,D,D,D,C-,C,C-,C-,D+,B-,C-,C+,C,C-,D+,C+,D+,D+,C+,C-,D,D,C,D+,C,D,C+,C-,C+,D+,D+
2026,Khalil Badru,Iona,MAAC,Sophomore,C-,C-,C,C-,C,D+,D+,D+,C,C,C-,C-,C-,C+,C-,C+,C,C,C-,C+,C-,C-,C,C,D-,C-,C+,C,C+,C-,C+,C-,C+,C,C-
2026,Kosy Akametu,Iona,MAAC,Junior,C-,D+,C+,D+,C+,D,D,D,C,C+,C,C,C-,B,C,B-,C+,C,C-,B-,D+,C-,C+,C+,D,D+,C+,C,C,D+,C+,C,B-,C,D+
2026,Matt Reed,Iona,MAAC,Junior,D+,D+,C-,D+,C-,D+,D+,D,C-,C-,C-,D+,D+,D+,D+,C,C,C-,D+,C,D+,D+,D+,D+,D-,D+,D+,D+,C-,D+,C-,D+,C,D+,D+
2026,Oscar Hourruitiner,Iona,MAAC,Freshman,D-,D-,D-,D-,D-,D-,D-,D-,D-,D-,D-,D-,D-,F,F,D-,D,D-,D-,D-,D-,F,D-,D-,F,D-,D-,D-,D-,D-,D-,D-,D-,D-,D-
2026,Alvaro Folgueiras,Iowa,B10,Junior,A-,B+,A+,A-,A+,B+,B+,B+,A+,A+,A,A,A,A+,A,A+,A+,A+,A,A+,A-,A,A+,A,A,B+,A,A,A,B+,A+,A+,A+,A,A-
2026,Cam Manyawu,Iowa,B10,Junior,A,B+,A+,A-,A+,B+,B+,B+,A+,A+,A+,A,A,A+,A+,A+,A+,A+,A,A+,A,A,A+,A,A,A-,A+,A+,A,B+,A+,A+,A+,A,A-
2026,Cooper Koch,Iowa,B10,Sophomore,B+,B,A,B+,A,B,B,B,A,A,A,A,A-,A+,A,A+,A,A,A-,A+,B+,A-,A,A,A-,B+,A,A,A,B,A,A,A+,A,B+
2026,Isaia Howard,Iowa,B10,Sophomore,B+,B-,A,B+,A,B-,B-,B-,A-,A,A,A-,B+,A+,A-,A,A,A-,A-,A,B+,B+,A,A,B+,B,A,A-,A-,B-,A,A,A+,A-,B
2026,Jacob Koch,Iowa,B10,Sophomore,D,D,D+,D,D+,D+,D,D,D+,D+,D+,D+,D+,D-,D,C-,C-,D+,D,D+,D+,D,D+,D,F,D,D+,D,D+,D,D,D,C-,D+,D
2026,Kael Combs,Iowa,B10,Junior,B,B-,A-,B,A-,C+,C+,B-,B+,A-,A-,B+,B,A+,A-,A,A-,A-,B+,A,B,B+,A,A-,B-,B-,A-,B+,B+,B-,A-,A-,A,B+,B
2026,Tate Sage,Iowa,B10,Freshman,B,B-,A,B,A,B-,B-,B-,A-,A,A-,A-,B+,A+,A-,A,A-,A-,B+,A,B+,B+,A,A-,B+,B,A,A-,A-,B-,A,A-,A+,A-,B
2026,Tavion Banks,Iowa,B10,Junior,A-,B,A+,A-,A,B,B,B,A,A,A,A,A-,A+,A,A+,A,A,A,A+,A-,A-,A+,A,B+,B+,A,A,A,B,A,A,A+,A,B+
2026,Trevin Jirak,Iowa,B10,Freshman,C-,C-,C+,C,C+,C-,C-,C-,C+,C+,C+,C,C,B,C,C+,C+,C+,C,C+,C,C,C+,C,D+,C,C+,C,C+,C-,C+,C,B-,C+,C-
2026,Anthony Rise,Iowa St.,B12,Freshman,D,D,D,D,D,D,D-,D-,D,D,D,D,D,F,D-,D+,D+,D,D-,D+,D,D-,D,D-,F,D,D,D,D,D,D,D,D+,D,D
2026,Blake Buchanan,Iowa St.,B12,Junior,A,A-,A+,A,A+,A-,A-,A-,A+,A+,A+,A+,A,A+,A+,A+,A+,A+,A,A+,A,A,A+,A+,A,A,A+,A+,A+,A-,A+,A+,A+,A+,A
2026,Dominykas Pleta,Iowa St.,B12,Freshman,B+,B,A,B+,A,B,B,B,A,A,A,A,A-,A+,A,A+,A,A,A-,A+,B+,A-,A,A,B+,B+,A,A,A,B,A,A,A+,A,B+
2026,Jamarion Batemon,Iowa St.,B12,Freshman,B,B-,A,B,A-,B-,B-,B-,A-,A,A-,A-,B+,A+,A-,A,A-,A-,B+,A,B,B+,A,A-,B-,B,A,A-,A-,B-,A-,A-,A+,A-,B
2026,Killyan Toure,Iowa St.,B12,Freshman,A-,B+,A+,A-,A+,B+,B+,B+,A+,A+,A,A,A,A+,A,A+,A+,A+,A,A+,A-,A,A+,A,B+,B+,A,A,A,B+,A+,A+,A+,A,A-
2026,Milan Momcilovic,Iowa St.,B12,Junior,A+,A+,A+,A+,A+,A+,A+,A+,A+,A+,A+,A+,A+,A+,A+,A+,A+,A+,A+,A+,A+,A+,A+,A+,A+,A+,A+,A+,A+,A+,A+,A+,A+,A+,A+
2026,Aiden Miller,IU Indy,Horz,Sophomore,D,D,C-,D,C-,D,D,D,C-,C-,D+,D+,D+,C+,D+,C,C-,C-,D+,C+,D,D,C-,D+,D,D,C,D+,C-,D,C,D+,C+,D+,D
2026,JP Dragas,IU Indy,Horz,Sophomore,C-,C-,C,C-,C,C-,C-,D+,C,C,C,C,C-,C+,C-,C+,C+,C,C-,C+,C,C-,C,C-,D,C-,C,C-,C,C-,C,C,C+,C,C-
2026,Kameron Tinsley,IU Indy,Horz,Sophomore,D+,D,C-,D+,C-,D,D,D,C-,C,C-,C-,D+,B-,C-,C+,C,C-,D+,C+,D+,D+,C,C-,D,D,C,D+,C-,D,C,C-,C+,D+,D
2026,Kyler D'Augustino,IU Indy,Horz,Junior,C,C-,B-,C-,B-,D+,D+,D+,B-,B-,C+,C+,C,A-,C+,B,B-,C+,C+,B,C,C,B-,B-,C,C-,B-,C+,C+,D+,B-,C+,B,C+,C-
2026,Maguire Mitchell,IU Indy,Horz,Freshman,D+,D+,C+,D+,C+,D,D,D,C+,C+,C,C,C-,B,C,B-,C+,C,C-,B-,D+,C-,C+,C+,D+,D+,C+,C,C,D+,C+,C,B-,C-,D+
2026,Micah Davis,IU Indy,Horz,Sophomore,D,D,D+,D,D+,D-,D-,D-,D+,C-,D+,D+,D+,B-,D+,C,D+,D+,D,C,D,D,C-,D+,D,D,D+,D,D+,D,C-,D+,C,D,D
2026,Reece Hagy,IU Indy,Horz,Freshman,C-,D+,C,C-,C,D+,D+,D+,C,C,C,C-,C-,C+,C-,C+,C+,C-,C-,C,C-,C-,C-,C-,D,C-,C,C-,C,D+,C,C-,C+,C-,C-
2026,Delyle Williams,Jackson St.,SWAC,Junior,D,D-,D+,D-,D,D-,D-,D-,D,D+,D,D,D,C,D,C-,D,D,D,D+,D-,D-,D+,D,D-,D-,D+,D,D+,D-,D+,D,C-,D,D-
2026,Deyan Kolev,Jackson St.,SWAC,Freshman,D+,D+,C-,D+,C-,D+,D+,D+,C-,C-,D+,D+,D+,C-,D+,C,C-,C-,D+,C,D+,D+,C-,D+,D-,D+,D+,D+,C-,D+,C-,D+,C,D+,D+
2026,Dionjahe Thomas,Jackson St.,SWAC,Junior,D-,D-,D,D-,D,D-,D-,D-,D,D,D,D,D,D,D,C-,D,D,D,C-,D-,D-,D+,D,D-,D-,D+,D,D,D-,D+,D,C-,D,D-
2026,Dorian McMillian,Jackson St.,SWAC,Sophomore,D,D,D+,D,D+,D-,D-,D-,D+,D+,D,D+,D+,B-,D,C,D+,D+,D,C,D,D,D+,D+,D,D,D+,D,D+,D-,D+,D,C-,D,D
2026,Ebo Wilson,Jackson St.,SWAC,Sophomore,D,D,D+,D,D+,D,D,D,D+,D+,D,D,D,D-,D,C-,D+,D,D,D+,D,D,D,D,F,D,D+,D,D+,D,D,D,C-,D,D
2026,Jalen Tatum,Jackson St.,SWAC,Junior,C-,C-,C,C-,C-,D+,D+,D+,C,C,C-,C-,C-,C+,C-,C+,C,C-,C-,C+,C-,C-,C-,C-,D-,C-,C,C-,C,D+,C,C-,C+,C-,C-
2026,Jayme Mitchell Jr.,Jackson St.,SWAC,Junior,D,D,D+,D,D+,D-,D-,D-,D+,D+,D+,D+,D+,B,D+,C,D+,D+,D,C,D,D,C-,D+,D+,D,D+,D+,D+,D,C-,D,C,D,D
2026,Kobe Butler,Jackson St.,SWAC,Freshman,D+,D+,C-,D+,C-,D+,D,D,D+,C-,D+,D+,D+,D,D+,C,C-,D+,D,C-,D+,D+,D+,D+,F,D+,D+,D+,C-,D+,C-,D+,C,D+,D+
2026,Mike Williams,Jackson St.,SWAC,Freshman,C,D+,B-,C-,B-,D+,D+,D+,C+,B-,C+,C+,C,D,C+,B,B-,B-,C,B-,C,C,B,B-,D-,C-,B-,C+,B-,D+,B-,C+,B,C+,C-
2026,Tamarion Hoover,Jackson St.,SWAC,Sophomore,D,D,D+,D,D+,D-,D-,D-,D+,D+,D+,D,D,B-,D,C,D+,D+,D,C,D,D,D+,D+,D,D,D+,D,D+,D-,C-,D,C,D,D
2026,Charles Caporaso,Jacksonville,ASun,Sophomore,C,C,C+,C,C+,C,C-,C-,C+,C+,C+,C+,C,B,C+,B-,C+,C+,C,B-,C+,C,C+,C+,D+,C,C+,C+,C+,C,C+,C,B-,C+,C
2026,Chris Arias,Jacksonville,ASun,Sophomore,D+,D+,C,D+,C+,D,D,D,C,C+,C,C-,C-,B+,C,B-,C,C,C-,B-,D+,C-,C+,C,C-,D+,C+,C-,C,D,C+,C,B-,C-,D+
2026,Chris Lockett,Jacksonville,ASun,Sophomore,C-,D+,B-,C-,C+,D+,D+,D+,C+,B-,C+,C+,C,B+,C+,B,C+,C+,C,B,C-,C,B-,C+,C-,D+,B-,C+,C+,D+,B-,C+,B,C,C-
2026,Donovan Rivers,Jacksonville,ASun,Junior,D,D,C-,D,D+,D,D-,D-,D+,C-,D+,D+,D+,C+,D+,C,D+,D+,D,C,D,D,C-,D+,D,D,C-,D+,D+,D,C-,D+,C,D+,D
2026,Enrico Borio,Jacksonville,ASun,Sophomore,C-,D+,C,C-,C,D+,D+,D+,C,C,C-,C-,C-,C+,C-,C+,C+,C-,C-,C,C-,C-,C,C-,D,C-,C-,C-,C,D+,C,C-,C+,C-,C-
2026,Evan Sterck,Jacksonville,ASun,Freshman,D,D,C,D,C-,D,D,D,C-,C,C-,C-,D+,B-,D+,C+,C-,C-,D+,C+,D+,D+,C,C-,D,D,C,D+,C-,D,C,C-,C+,D+,D
2026,Hayden Wood,Jacksonville,ASun,Freshman,C+,C,B-,C+,B,C-,D+,C-,B-,B,B-,B-,C+,A,B-,B+,B,B-,C+,B+,C+,C+,B,B-,C,C,B,B-,B-,C-,B,B-,B+,B-,C
2026,Jaylen Jones,Jacksonville,ASun,Junior,D,D,C-,D,C-,D,D,D,C-,C-,D+,C-,D+,B,D+,C,C-,C-,D+,C+,D,D,C,D+,D+,D,C-,D+,C-,D,C,D+,C+,D+,D
2026,AC Bryant,Jacksonville St.,CUSA,Junior,B-,C+,B,C+,B,C,C,C,B,B+,B,B,B-,A+,B,B+,B,B,B-,A-,B-,B-,B+,B,B,C+,B+,B,B,C,B+,B,A-,B,C+
2026,Emondrek Erkins-Ford,Jacksonville St.,CUSA,Junior,C+,C+,B,C+,B,C,C-,C,B,B,B,B,B-,A,B,B+,B,B,B-,A-,C+,B-,B+,B,C+,C+,B+,B,B,C,B+,B,A-,B-,C+
2026,Jacoby Hill,Jacksonville St.,CUSA,Freshman,C,C-,B-,C,B-,D+,D+,D+,B-,B-,C+,B-,C+,A-,C+,B,B-,B-,C+,B,C,C+,B,B-,C,C-,B-,C+,B-,C-,B-,B-,B,C+,C
2026,Jaye Nash,Jacksonville St.,CUSA,Sophomore,D+,D+,C+,D+,C,D,D,D,C,C+,C,C,C-,B-,C-,B-,C,C,C-,B-,D+,C-,C+,C+,D,D+,C+,C-,C,D,C+,C,B-,C-,D+
2026,Christian Brown,James Madison,SB,Freshman,D+,D+,C,D+,C,D,D,D,C,C,C-,C-,D+,B,C-,C+,C,C,C-,B-,D+,D+,C+,C,D+,D+,C+,C-,C,D,C+,C-,C+,C-,D+
2026,Eddie Ricks III,James Madison,SB,Junior,C+,C,B,C+,B,C-,C-,C-,B,B,B-,B-,C+,A,B-,B+,B,B-,B-,B+,C+,C+,B,B,B-,C,B,B-,B-,C,B,B,B+,B-,C+
2026,Eli Wilborn,James Madison,SB,Junior,C-,C-,C,C-,C+,C-,D+,C-,C,C+,C,C,C,C+,C,C+,C+,C,C-,C+,C,C-,C,C,D,C-,C+,C,C+,C-,C+,C,B-,C,C-
2026,Justin McBride,James Madison,SB,Junior,C+,C-,B-,C,B,C-,D+,C-,B-,B,B-,B-,C+,A,B-,B+,B-,B-,C+,B+,C,C+,B,B-,B-,C,B,B-,B-,C-,B,B-,B+,C+,C
2026,Paul Jones III,James Madison,SB,Sophomore,D+,D+,D+,D+,D+,D+,D+,D,D+,C-,C-,D+,D+,D,D+,C,C-,D+,D+,C-,D+,D+,D+,D+,D-,D+,D+,D+,C-,D+,D+,D+,C,D+,D+
2026,Paul Lewis,James Madison,SB,Junior,D+,D+,C-,D+,D+,D+,D+,D,D+,C-,C-,D+,D+,D,D+,C,C-,D+,D+,C-,D+,D+,D+,D+,F,D+,D+,D+,C-,D+,D+,D+,C,D+,D+
2026,Preston Fowler,James Madison,SB,Freshman,C,C-,B-,C,B-,C-,D+,C-,B-,B,C+,B-,C,B+,C+,B+,B-,B-,C+,B+,C,C,B,B-,C-,C,B,C+,B-,C-,B,B-,B,C+,C
2026,Bryson Tiller,Kansas,B12,Freshman,B,C+,A-,B-,B+,C+,C+,C+,B+,A-,B+,B+,B,A+,A-,A,B+,B+,B,A,B,B,A-,B+,B-,B-,A-,B+,B+,C+,A-,B+,A,B+,B-
2026,Darryn Peterson,Kansas,B12,Freshman,A+,A,A+,A+,A+,A,A+,A+,A+,A+,A+,A+,A+,A+,A+,A+,A+,A+,A+,A+,A+,A+,A+,A+,A+,A,A+,A+,A+,A+,A+,A+,A+,A+,A+
2026,Elmarko Jackson,Kansas,B12,Junior,B,C+,A-,B,B+,C+,C+,C+,B+,A-,B+,B+,B,A+,B+,A,B+,B+,B,A,B,B,A-,B+,B-,B-,A-,B+,B+,C+,A-,B+,A,B+,B-
2026,Flory Bidunga,Kansas,B12,Sophomore,A+,A+,A+,A+,A+,A,A+,A+,A+,A+,A+,A+,A+,A+,A+,A+,A+,A+,A+,A+,A+,A+,A+,A+,A+,A+,A+,A+,A+,A+,A+,A+,A+,A+,A+
2026,Jamari McDowell,Kansas,B12,Junior,B,B-,A-,B,A-,C+,C+,B-,A-,A-,A-,B+,B,A+,A-,A,A-,A-,B+,A,B,B,A,B+,B-,B-,A-,B+,A-,B-,A-,A-,A,B+,B
2026,Kohl Rosario,Kansas,B12,Freshman,C+,C+,B-,C+,B-,C+,C+,C,B-,B-,B-,B-,C+,A,C+,B,B,B-,C+,B,C+,C+,B-,B-,B-,C+,B-,B-,B-,C+,B-,B-,B,B-,C+
2026,Will Thengvall,Kansas,B12,Sophomore,D,D,D+,D,D+,D,D,D,D+,D+,D,D,D,F,D,D+,D+,D+,D,D+,D,D,D,D,F,D,D+,D,D+,D,D+,D,C-,D,D
2026,Abdi Bashir Jr.,Kansas St.,B12,Junior,B,B-,A,B,A,B-,B-,B-,A-,A,A-,A-,B+,A+,A-,A,A-,A-,A-,A,B+,B+,A,A-,A-,B,A,A-,A-,B-,A,A-,A+,A-,B
2026,Andrej Kostic,Kansas St.,B12,Freshman,C,C-,B-,C,B-,D+,D+,D+,B-,B-,C+,C+,C+,A-,C+,B,B-,B-,C+,B,C,C+,B-,B-,C,C-,B-,C+,B-,C-,B,B-,B,C+,C
2026,David Castillo,Kansas St.,B12,Sophomore,C,C-,B-,C,B,C-,D+,D+,B-,B,B-,B-,C+,B,B-,B,B-,B-,C+,B+,C+,C+,B,B-,D+,C,B,B-,B-,C-,B,B-,B+,C+,C
2026,Dorin Buca,Kansas St.,B12,Junior,C+,C-,B-,C,B-,C-,D+,C-,B-,B-,C+,B-,C+,B,B-,B,B-,B-,C+,B+,C,C,B,B-,D+,C-,B,B-,B-,C-,B,B-,B+,C+,C
2026,Elias Rapieque,Kansas St.,B12,Junior,C+,C+,B-,C+,B-,C+,C+,C,B-,B-,B-,B-,C+,A,C+,B-,B-,C+,C+,B,B-,C+,B-,C+,C,C+,B-,C+,B-,C+,B-,B-,B,B-,C+
2026,Mobi Ikegwuruka,Kansas St.,B12,Junior,C+,C,C+,C,C+,C,C,C,C+,B-,C+,C+,C+,B+,C+,B-,B-,C+,C,B-,C+,C,C+,C+,C-,C,C+,C+,B-,C,B-,C+,B,C+,C
2026,PJ Haggerty,Kansas St.,B12,Junior,B,B-,A,B,A-,B-,B-,B-,A-,A,A-,A-,B+,A+,A-,A,A-,A-,B+,A,B,B+,A,A-,B,B-,A-,A-,B+,B-,A-,A-,A,B+,B
2026,Taj Manning,Kansas St.,B12,Junior,B-,C+,B+,B-,B+,C+,C,C+,B+,B+,B,B,B,A,B+,A-,B+,B+,B,A-,B-,B-,B+,B+,B-,C+,B+,B+,B,C+,B+,B+,A,B,B-
2026,Amir Taylor,Kennesaw St.,CUSA,Freshman,B,B-,A-,B,A-,C+,C+,B-,A-,A-,A-,B+,B,A+,A-,A,A-,A-,B+,A,B,B,A-,A-,B-,B-,A-,B+,B+,B-,A-,A-,A,B+,B
2026,Braedan Lue,Kennesaw St.,CUSA,Sophomore,C+,C-,B-,C,B,C-,D+,C-,B-,B,B-,B-,C+,A-,B-,B+,B-,B-,C+,B+,C+,C+,B,B,C,C,B,B-,B-,C-,B,B-,B+,C+,C
2026,Darius Washington III,Kennesaw St.,CUSA,Freshman,C-,C-,C,C-,C,C-,D+,D+,C,C,C,C-,C,B-,C-,C+,C+,C,C-,C+,C,C-,C,C-,D,C-,C,C-,C,C-,C,C,C+,C,C-
2026,Frankquon Sherman,Kennesaw St.,CUSA,Junior,B-,C+,B+,B-,B+,C+,C,C+,B+,B+,B,B,B,A+,B+,A-,B+,B+,B,A,B-,B,A-,B+,B-,C+,B+,B+,B,C+,B+,B+,A,B,B-
2026,Kaden Rickard,Kennesaw St.,CUSA,Freshman,D+,D+,C,D+,C,D,D,D,C,C+,C-,C-,C-,B,C-,C+,C,C,C-,B-,D+,D+,C+,C,D+,D+,C+,C-,C+,D,C+,C-,B-,C-,D+
2026,Ramone Seals,Kennesaw St.,CUSA,Sophomore,C+,C,B,C+,B,C-,C-,C,B,B,B-,B-,C+,A,B,B+,B,B-,B-,B+,C+,C+,B,B,C,C,B,B,B-,C,B,B,B+,B-,C+
2026,RJ Johnson,Kennesaw St.,CUSA,Junior,B-,C+,A-,B-,B+,C+,C+,C+,B+,A-,B+,B+,B,A+,B+,A-,B+,B+,B+,A,B,B,A-,B+,B-,B-,B+,B+,B+,C+,A-,B+,A,B,B-
2026,Trey Simpson,Kennesaw St.,CUSA,Freshman,C,C-,B-,C,B-,C-,D+,C-,B-,B-,B-,B-,C+,A,B-,B,B-,B-,C+,B+,C+,C+,B,B-,C,C,B,B-,B-,C-,B,B-,B,C+,C
2026,Cian Medley,Kent St.,MAC,Junior,D+,D+,C+,D+,C+,D,D,D,C+,C+,C,C,C-,B,C,B-,C+,C+,C,B-,C-,C-,B-,C+,D,D+,C+,C,C+,D,B-,C,B-,C-,D+
2026,Deandre Jones,Kent St.,MAC,Sophomore,C-,C-,C+,C-,C+,C-,D+,C-,C,C+,C,C,C,B-,C,C+,C+,C,C-,B-,C,C-,C+,C,D,C-,C,C,C+,C-,C+,C,B-,C+,C-
2026,Dezmon Briscoe,Kent St.,MAC,Freshman,C,C,C+,C,C+,C,C-,C,C+,C+,C+,C+,C+,B,C+,B-,C+,C+,C,B-,C+,C,C+,C+,D+,C,C+,C+,B-,C,C+,C+,B-,C+,C
2026,Jahari Williamson,Kent St.,MAC,Junior,B,B-,A-,B,A-,C+,C+,C+,A-,A-,A-,B+,B,A+,A-,A,A-,A-,B+,A,B,B+,A,B+,B,B-,A-,B+,B+,C+,A-,A-,A,B+,B
2026,Magnus Entenmann,Kent St.,MAC,Junior,C,C-,B-,C-,B-,D+,D+,D+,B-,B-,C+,C+,C,B+,C+,B,B-,C+,C,B,C,C,B-,B-,C-,C-,B-,C+,C+,D+,B-,C+,B,C+,C-
2026,Omer Hamama,Kent St.,MAC,Freshman,D+,D+,C,C-,C-,D+,D+,D+,C,C,C,C-,C-,C+,C-,C+,C,C-,C-,C,C-,C-,C-,C-,D-,C-,C,C-,C,D+,C,C-,C+,C-,C-
2026,Quinn Woidke,Kent St.,MAC,Freshman,B-,C+,B+,B-,B+,C+,C,C+,B+,B+,B+,B,B,A+,B,A-,B+,B+,B,A-,B-,B,B+,B+,B,C+,B+,B,B+,C+,B+,B+,A,B,B-
2026,Rayvon Griffith,Kent St.,MAC,Sophomore,D+,D+,C+,D+,C+,D,D,D,C,C+,C,C-,C-,B,C,C+,C,C,C,B-,D+,C-,C+,C,D+,D+,C+,C,C,D+,C+,C,B-,C,D+
2026,Andrija Jelavic,Kentucky,SEC,Freshman,B,C+,A-,B-,B+,C+,C+,C+,B+,B+,B,B,B,A+,B+,B+,B+,B+,B,A,B-,B-,A-,B+,B,B-,A-,B+,B+,C+,B+,B+,A,B,B-
2026,Brandon Garrison,Kentucky,SEC,Junior,B,B-,A-,B-,A-,C+,C+,B-,B+,A-,B+,B+,B,A+,A-,A,B+,B+,B,A,B,B,A-,B+,B,B-,A-,B+,B+,B-,A-,B+,A,B+,B-
2026,Collin Chandler,Kentucky,SEC,Sophomore,B+,B,A,B+,A,B,B,B,A,A,A,A,A-,A+,A,A+,A,A,A-,A+,B+,A-,A,A,A-,B,A,A,A,B,A,A,A+,A,B+
2026,Jaland Lowe,Kentucky,SEC,Junior,B-,B-,B,B-,B,C+,B-,C+,B,B,B,B-,B-,A+,B-,B,B,B-,B-,B,B-,B-,B-,B,B,B-,B,B-,B,B-,B,B,B+,B,B-
2026,Jasper Johnson,Kentucky,SEC,Freshman,B-,C+,B+,B-,B,C,C,C,B,B+,B,B,B-,A-,B,B+,B,B,B-,A-,B-,B-,B+,B,C,C+,B+,B,B,C,B+,B,A-,B,C+
2026,Kam Williams,Kentucky,SEC,Sophomore,B+,B-,A,B+,A,B,B-,B,A,A,A,A-,B+,A+,A-,A+,A,A,A-,A,B+,B+,A,A,B+,B,A,A-,A,B,A,A,A+,A-,B+
2026,Malachi Moreno,Kentucky,SEC,Freshman,A,B+,A+,A-,A+,B+,B+,B+,A+,A+,A+,A,A,A+,A+,A+,A+,A+,A,A+,A,A,A+,A+,A,A-,A+,A+,A,B+,A+,A+,A+,A,A-
2026,Mouhamed Dioubate,Kentucky,SEC,Junior,A,A-,A+,A,A+,A-,A-,A-,A+,A+,A+,A+,A,A+,A+,A+,A+,A+,A,A+,A,A,A+,A+,A,A,A+,A+,A+,A-,A+,A+,A+,A+,A
2026,Trent Noah,Kentucky,SEC,Sophomore,B-,C+,B,B-,B,C+,C+,C+,B,B,B,B-,B-,A+,B-,B,B,B-,B-,B,B-,B-,B-,B,B+,B-,B,B-,B,C+,B,B,B+,B,B-
2026,Andrew Phillips,Lafayette,Pat,Junior,D+,D,C-,D,C-,D,D,D,C-,C,C-,C-,D+,B,D+,C+,C-,C-,D+,C+,D,D+,C,C-,D+,D,C-,D+,C-,D,C,D+,C+,D+,D
2026,Caleb Williams,Lafayette,Pat,Sophomore,D+,D+,C+,D+,C,D,D,D,C,C+,C-,C,C-,B,C-,C+,C,C,C-,B-,D+,C-,C+,C,C-,D+,C+,C-,C,D,C+,C-,B-,C-,D+
2026,Christian Humphrey-Rembert,Lafayette,Pat,Freshman,D+,D,C-,D,C-,D,D,D,C-,C,C-,C-,D+,B,C-,C+,C-,C-,D+,C+,D+,D+,C,C-,D+,D,C,C-,C-,D,C,C-,C+,D+,D
2026,KaiMani Murdock,Lafayette,Pat,Sophomore,C-,C-,C,C-,C,C-,D+,D+,C,C,C,C-,C-,B-,C-,C+,C+,C,C-,C+,C,C-,C,C,D,C-,C,C,C,C-,C,C,C+,C,C-
2026,Luke Azzinaro,Lafayette,Pat,Freshman,D,D,D,D-,D,D-,D-,D-,D,D,D,D,D,F,D-,D,D,D,D-,D,D,D-,D,D-,F,D,D,D-,D,D,D,D-,D+,D-,D-
2026,Luke Bevilacqua,Lafayette,Pat,Freshman,D+,D+,C-,D+,C-,D+,D+,D+,C-,C-,D+,C-,D+,D+,D+,C,C,C-,D+,C,D+,D+,C-,D+,D-,D+,C-,C-,C,D+,C-,D+,C+,C-,D+
2026,Mark Butler,Lafayette,Pat,Junior,D+,D,C,D+,C-,D,D,D,C-,C,C-,C-,D+,C+,C-,C+,C,C-,C-,C+,D+,D+,C+,C-,D,D,C,C-,C,D,C+,C-,C+,D+,D+
2026,Misha Bednostin,Lafayette,Pat,Junior,D+,D+,C-,D+,C,D+,D+,D+,C-,C,C-,C-,C-,C,C-,C,C,C-,D+,C,D+,D+,C-,C-,D-,C-,C-,C-,C,D+,C,C-,C+,C-,C-
2026,Shareef Jackson,Lafayette,Pat,Freshman,D+,D+,C,D+,C,D,D,D,C-,C,C-,C-,D+,B,C-,C+,C,C-,C-,B-,D+,D+,C+,C,D+,D,C+,C-,C-,D,C+,C-,C+,D+,D+
2026,B.B. Knight,Lamar,Slnd,Junior,D,D,D+,D,D,D,D,D,D,D+,D+,D,D,D-,D,C-,D+,D,D,D+,D,D,D,D,F,D,D,D,D+,D,D,D,D+,D,D
2026,Braden East,Lamar,Slnd,Sophomore,B-,C+,B+,B-,B+,C+,C,C+,B+,B+,B,B,B,A,B+,A-,B+,B+,B,A,B-,B,A-,B+,B-,C+,B+,B+,B+,C+,B+,B+,A,B,B-
2026,Eian Lowe,Lamar,Slnd,Freshman,C-,D+,C+,D+,C+,D,D,D,C+,C+,C,C,C-,B,C,B-,C+,C+,C,B-,C-,C-,B-,C+,D+,D+,C+,C,C+,D+,B-,C,B,C-,D+
2026,Jayden Gambrell,Lamar,Slnd,Sophomore,D+,D+,C-,D+,C-,D+,D+,D+,C-,C,C-,C-,D+,C,D+,C,C,C-,D+,C,C-,D+,C-,D+,D-,D+,C-,C-,C-,D+,C-,C-,C,C-,D+
2026,King-Njhsanni Wilhite,Lamar,Slnd,Junior,D,D,C-,D,C-,D,D,D,C-,C,C-,C-,D+,C+,D+,C+,C-,C-,D+,C+,D,D+,C,C-,D-,D,C,D+,C-,D,C,D+,C+,D+,D
2026,"Rob Lee, Jr.",Lamar,Slnd,Junior,B-,C+,B+,B-,B+,C+,C+,C+,B+,B+,B+,B+,B,A,B+,A-,B+,B+,B,A-,B-,B,B+,B+,B-,C+,B+,B+,B,C+,B+,B+,A,B,B-
2026,Spencer Ezewiro,Lamar,Slnd,Junior,D+,D+,C-,D+,C-,D+,D+,D,C-,C-,C-,C-,D+,D+,D+,C,C,C-,D+,C,D+,D+,C-,D+,D-,D+,C-,D+,C-,D+,C-,D+,C+,D+,D+
2026,Ashton Walker,La Salle,A10,Freshman,C,C-,B-,C,B-,D+,D+,D+,B-,B,B-,B-,C+,B+,C+,B,B-,B-,C+,B,C,C+,B,B-,C-,C-,B-,C+,B-,C-,B,B-,B+,C+,C
2026,Edwin Daniel,La Salle,A10,Junior,C-,D+,C+,D+,C+,D,D,D+,C+,C+,C,C,C,B,C+,B-,C+,C+,C,B-,C-,C-,B-,C+,D+,D+,B-,C+,C+,D+,B-,C+,B,C,C-
2026,Eric Acker,La Salle,A10,Junior,D+,D+,C+,D+,C+,D,D,D,C+,C+,C,C,C-,B,C,B-,C+,C,C-,B-,D+,C-,C+,C+,D+,D+,C+,C-,C+,D+,C+,C,B-,C-,D+
2026,Jaden Johnson,La Salle,A10,Sophomore,D+,D,C,D,C-,D,D,D,C-,C,C-,C-,D+,C+,D+,C+,C-,C-,D+,C+,D+,D+,C,C-,D,D,C,D+,C-,D,C,C-,C+,D+,D
2026,Nas Hart,La Salle,A10,Freshman,D+,D+,C,D+,C-,D+,D+,D+,C-,C,C-,C-,C-,C,D+,C,C,C-,D+,C,C-,D+,C-,C-,D-,D+,C-,C-,C-,D+,C-,C-,C+,C-,D+
2026,Rob Dockery,La Salle,A10,Sophomore,B-,C+,B+,B-,B,C,C,C,B+,B+,B,B,B,A+,B,A-,B,B,B,A-,B-,B-,B+,B+,B,C+,B+,B,B,C+,B+,B,A-,B,B-
2026,Alfredo Addesa,Lehigh,Pat,Sophomore,D+,D+,D+,D+,D+,D,D,D,D+,C-,D+,D+,D+,D,D+,C,C-,D+,D+,C-,D+,D+,D+,D+,F,D+,D+,D+,C-,D,D+,D+,C,D+,D+
2026,Andrew Urosevic,Lehigh,Pat,Freshman,D,D,C-,D,C-,D,D-,D,D+,C-,D+,D+,D+,C,D+,C+,C-,D+,D,C,D,D,C-,D+,D-,D,C-,D+,C-,D,C-,D+,C+,D+,D
2026,Caleb Thomas,Lehigh,Pat,Freshman,D-,D-,D-,D-,D-,D-,D-,D-,D-,D,D-,D-,D-,D+,D-,D,D,D-,D-,D,D-,D-,D,D-,D-,D-,D,D-,D,D-,D,D-,D,D-,D-
2026,Edouard Benoit,Lehigh,Pat,Sophomore,D,D,D+,D,D+,D-,D-,D-,D+,D+,D+,D+,D,C+,D+,C,D+,D+,D,C,D,D,C-,D+,D-,D,D+,D,D+,D,C-,D,C,D,D
2026,Hank Alvey,Lehigh,Pat,Sophomore,B,C+,A-,B-,B+,C+,C+,C+,B+,A-,B+,B+,B,A+,A-,A,B+,B+,B,A,B,B,A-,B+,B+,B-,A-,B+,B+,C+,A-,B+,A,B+,B-
2026,Jake Pike,Lehigh,Pat,Junior,D+,D+,C,D+,C,D+,D+,D+,C,C,C-,C-,C-,C,C-,C+,C,C-,D+,C+,C-,D+,C-,C-,D-,C-,C-,C-,C,D+,C,C-,C+,C-,C-
2026,Jalen Vazquez,Lehigh,Pat,Junior,D,D-,D+,D-,D+,D-,D-,D-,D,D+,D,D,D,C+,D,C-,D+,D+,D,C-,D-,D,D+,D,D,D-,D+,D,D+,D-,D+,D,C-,D,D-
2026,Joshua Ingram,Lehigh,Pat,Junior,C,C-,B-,C,B-,C-,C-,D+,B-,B,B-,B-,C+,A,B-,B+,B-,B-,C+,B+,C+,C+,B,B-,C,C-,B,B-,B-,C-,B,B-,B+,C+,C
2026,Nasir Whitlock,Lehigh,Pat,Junior,C-,D+,C+,C-,C+,D+,D+,D+,C+,B-,C+,C+,C,A-,C+,B,C+,C+,C,B,C-,C,B-,C+,C,D+,B-,C+,C+,D+,B-,C+,B,C,C-
2026,Peter Kramer,Lehigh,Pat,Sophomore,D+,D,C,D+,C,D,D,D,C,C,C-,C-,D+,B-,C-,C+,C,C-,D+,C+,D+,D+,C,C-,D,D+,C+,C-,C,D,C+,C-,C+,C-,D+
2026,Deng Garang,Le Moyne,NEC,Sophomore,D+,D,C-,D+,C-,D,D,D,C-,C,C-,C-,D+,B,C-,C+,C,C-,D+,C+,D+,D+,C,C-,D+,D,C,C-,C-,D,C+,C-,C+,D+,D
2026,Eli Greenberg,Le Moyne,NEC,Freshman,D,D,D+,D,D+,D-,D-,D-,D+,D+,D+,D+,D,D+,D,C,D+,D+,D,C-,D,D,C-,D,D-,D,D+,D,D+,D,D+,D,C,D,D
2026,Isaac Nyakundi,Le Moyne,NEC,Sophomore,C-,C-,C,C-,C,D+,D+,D+,C,C,C-,C-,C-,C+,C-,C+,C+,C,C-,C+,C-,D+,C,C-,D-,C-,C,C,C,D+,C,C-,C+,C-,C-
2026,Jakai Sanders,Le Moyne,NEC,Sophomore,D,D,C-,D,C-,D,D,D,C-,C,C-,C-,D+,B-,D+,C+,C-,C-,D+,C+,D+,D+,C,C-,D,D,C,D+,C-,D,C,D+,C+,D+,D
2026,Jakob Blakley,Le Moyne,NEC,Sophomore,D,D-,D+,D-,D,D-,D-,D-,D,D+,D,D,D,C-,D,D+,D,D,D,D+,D-,D,D+,D,D-,D-,D+,D,D+,D-,D+,D,C-,D,D-
2026,Samuel Hincapie,Le Moyne,NEC,Junior,D,D,D+,D,D+,D-,D-,D-,D+,C-,D+,D+,D,C,D+,C,D+,D+,D,C,D,D,C-,D+,D-,D,C-,D,D+,D,C-,D+,C,D+,D
2026,Tennessee Rainwater,Le Moyne,NEC,Junior,C,C-,B,C,B,C-,D+,C-,B-,B,B-,B-,C+,B+,B-,B+,B-,B-,C+,B+,C+,C+,B,B-,C-,C,B,B-,B-,C-,B,B-,B+,C+,C
2026,Trevor Roe,Le Moyne,NEC,Sophomore,C,C-,C+,C,C+,C-,C-,C-,C+,C+,C+,C,C,B,C,B-,C+,C+,C,C+,C,C,C+,C,D+,C,C+,C,C+,C-,C+,C+,B-,C+,C
2026,Brett Decker Jr.,Liberty,CUSA,Sophomore,B,C+,A-,B-,B+,C+,C+,C+,B+,A-,B+,B+,B,A,B+,A,B+,B+,B,A,B,B,A-,B+,B-,B-,A-,B+,B+,C+,B+,B+,A,B+,B-
2026,JC Shirer Jr.,Liberty,CUSA,Junior,D-,D-,D-,D-,D-,D-,D-,D-,D-,D-,D-,D-,D-,F,D-,D,D,D-,D-,D-,D-,D-,D-,D-,F,D-,D-,D-,D-,D-,D-,D-,D-,D-,D-
2026,Ryan Jones Jr.,Liberty,CUSA,Freshman,D,D,D,D,D,D,D,D,D,D+,D,D,D,F,D,D+,D+,D,D,D+,D,D,D,D,F,D,D,D,D+,D,D,D,C-,D,D
2026,Torr Sorensen,Liberty,CUSA,Freshman,D+,D+,C-,D,D+,D+,D,D,D+,D+,D+,D+,D+,D,D+,C,C,D+,D+,C-,D+,D+,D+,D+,F,D+,D+,D+,D+,D+,D+,D+,C,D+,D+
2026,Zander Carter,Liberty,CUSA,Freshman,C+,C-,B,C+,B,C-,C-,C-,B,B,B-,B-,C+,B+,B-,B+,B,B-,B-,B+,C+,C+,B,B,C-,C,B,B-,B-,C-,B,B,B+,B-,C+
2026,Clayton Jackson,Lindenwood,OVC,Sophomore,D,D,D+,D,D+,D-,D-,D-,D+,C-,D+,D+,D+,C-,D+,C,D+,D+,D,C,D,D,C-,D+,D-,D,C-,D,D+,D,C-,D+,C,D,D
2026,Dontrez Williams,Lindenwood,OVC,Sophomore,C,C-,B-,C-,B-,D+,D+,D+,B-,B-,C+,C+,C+,A-,C+,B,B-,C+,C+,B,C,C,B-,B-,C,C-,B-,C+,C+,D+,B-,C+,B,C+,C-
2026,Jadis Jones,Lindenwood,OVC,Sophomore,B-,C+,B+,B-,B+,C+,C,C+,B+,B+,B,B,B,A+,B+,A-,B+,B+,B,A-,B-,B-,B+,B+,B-,C+,B+,B+,B,C+,B+,B+,A-,B,B-
2026,Jeremiah Talton,Lindenwood,OVC,Junior,C,C,C+,C,C+,C-,C-,C-,C+,C+,C+,C+,C,B,C,B-,B-,C+,C,C+,C+,C,C+,C+,D+,C,C+,C,C+,C,C+,C+,B-,C+,C
2026,Kevin Anthony,Lindenwood,OVC,Junior,D+,D+,C-,D+,C-,D+,D,D,D+,C-,D+,D+,D+,D,D+,C,C-,C-,D,C,D+,D+,C-,D+,F,D+,D+,D+,C-,D+,C,D+,C,D+,D+
2026,Mekhi Cooper,Lindenwood,OVC,Junior,D-,D-,D,D-,D,D-,D-,D-,D,D+,D,D,D,C-,D,D+,D,D,D,D+,D-,D-,D+,D,D-,D-,D,D,D+,D-,D+,D,D+,D-,D-
2026,Robert Lewis,Lindenwood,OVC,Junior,D+,D,C,D,C-,D,D,D,C-,C-,D+,D+,D+,C+,C-,C+,C-,C-,D+,C+,D,D,C,C-,D,D,C,C-,C-,D,C,D+,C+,D+,D
2026,Ethan Duncan,Lipscomb,ASun,Junior,C,C-,B,C,B,C-,D+,C-,B-,B,B-,B-,C+,A,B-,B+,B-,B-,C+,B+,C+,C+,B,B-,C,C,B,B-,B-,C-,B,B-,B+,B-,C
2026,Kennedy Okpara,Lipscomb,ASun,Freshman,C-,D+,C+,D+,C+,D,D,D,C+,C+,C,C,C-,C+,C,B-,C+,C+,C-,B-,C-,D+,C+,C+,D-,D+,C+,C,C+,D+,C+,C,B-,C,D+
2026,Mateo Esmeraldo,Lipscomb,ASun,Junior,B-,C+,B+,B-,B+,C+,C,C+,B+,B+,B+,B+,B,A,B+,A-,B+,B+,B,A,B-,B,A-,B+,B-,C+,B+,B+,B+,C+,B+,B+,A,B,B-
2026,Or Ashkenazi,Lipscomb,ASun,Freshman,C-,D+,C+,C-,C+,D+,D+,D+,C+,B-,C+,C+,C,B,C+,B,C+,C+,C,B-,C-,C,B-,C+,D+,D+,B-,C+,C+,D+,B-,C+,B,C+,C-
2026,Titas Sargiunas,Lipscomb,ASun,Junior,D+,D+,C+,D+,C+,D,D,D,C,C+,C,C,C-,B-,C-,B-,C,C,C-,B-,D+,C-,C+,C,D,D+,C+,C-,C,D,C+,C,B-,C-,D+
2026,Caleb Pennyfeather,Little Rock,OVC,Sophomore,D,D,D+,D,D+,D-,D-,D-,D+,C-,D+,D+,D+,B-,D+,C,D+,D+,D+,C,D,D,C-,D+,D,D,C-,D+,C-,D,C-,D+,C,D,D
2026,Cameron Wallace,Little Rock,OVC,Junior,C-,D+,C+,C-,C+,D+,D+,D,C+,C+,C,C+,C,B-,C,B-,C+,C+,C,B-,C-,C-,B-,C+,D,D+,C+,C+,C+,D+,B-,C+,B-,C,C-
2026,Christian Hughes,Little Rock,OVC,Sophomore,D+,D+,D+,D,D+,D,D,D,D+,D+,D+,D+,D+,D-,D,C-,D+,D+,D,D+,D+,D,D+,D,F,D,D+,D,D+,D,D+,D+,C-,D+,D
2026,Joseph Thomas,Little Rock,OVC,Sophomore,D+,D+,C-,D+,D+,D+,D+,D,C-,C-,C-,D+,D+,D+,D+,C,C,C-,D+,C-,D+,D+,D+,D+,D-,D+,C-,D+,C-,D+,C-,D+,C,D+,D+
2026,Kachi Nzeh,Little Rock,OVC,Junior,D+,D+,C,D+,C,D,D,D,C,C+,C-,C,C-,B,C,B-,C,C,C-,B-,D+,D+,C+,C,D+,D+,C+,C,C,D+,C+,C,B-,C-,D+
2026,Terrion Burgess,Little Rock,OVC,Freshman,C+,C+,B-,C+,C+,C,C,C,B-,B-,B-,C+,C+,A-,C+,B-,B-,C+,C+,B,C+,C+,C+,C+,C,C+,B-,C+,B-,C,B-,C+,B,C+,C+
2026,Truman Claytor IV,Little Rock,OVC,Junior,D-,D-,D,D-,D,D-,D-,D-,D,D,D,D,D,D+,D-,D+,D,D,D-,D+,D-,D-,D,D-,D-,D-,D,D-,D,D-,D,D-,D+,D-,D-
2026,Faheim Meran,LIU,NEC,Junior,C,C-,C+,C,C+,C-,C-,C-,C+,C+,C+,C+,C,B,C,B-,C+,C+,C,B-,C+,C,C+,C,D+,C,C+,C,C+,C-,C+,C+,B-,C+,C
2026,Jomo Goings,LIU,NEC,Junior,D+,D+,C+,D+,C+,D,D,D,C,C+,C,C,C-,B,C,B-,C,C,C-,B-,D+,C-,C+,C+,D+,D+,C+,C,C+,D+,C+,C,B-,C-,D+
2026,Mason Porter-Brown,LIU,NEC,Junior,C,C-,B-,C,B-,D+,D+,D+,B-,B-,C+,C+,C+,B+,C+,B,B-,B-,C+,B,C,C,B,B-,C-,C-,B,B-,B-,C-,B,B-,B,C+,C
2026,Shadrak Lasu,LIU,NEC,Sophomore,C,C-,B-,C-,C+,D+,D+,D+,C+,B-,C+,C+,C,B,C+,B-,C+,C+,C,B,C-,C,B-,C+,D+,C-,B-,C+,C+,D+,B-,C+,B,C+,C-
2026,Tre'shawn Sheppard,LIU,NEC,Junior,C,C,C+,C,C+,C,C-,C,C+,C+,C+,C+,C+,B,C+,B-,B-,C+,C,B-,C+,C,C+,C+,D+,C,C+,C+,C+,C,C+,C+,B-,C+,C
2026,Christian Jones,Long Beach St.,BW,Sophomore,C+,C+,B-,C+,B-,C+,C+,C+,B-,B,B-,B-,C+,A,C+,B,B,B-,C+,B,B-,C+,B-,B-,B-,C+,B-,B-,B-,C+,B,B-,B,B-,C+
2026,Cole Farrell,Long Beach St.,BW,Junior,D,D,D+,D,D+,D-,D-,D-,D+,D+,D+,D+,D,C+,D,C,D+,D+,D,C-,D,D,D+,D,D,D,D+,D,D+,D-,D+,D,C,D,D
2026,Dallas Washington,Long Beach St.,BW,Freshman,D,D+,D+,D,D+,D,D,D,D+,D+,D+,D+,D+,D,D,C,C-,D+,D,C-,D+,D,D+,D+,F,D,D+,D+,D+,D,D+,D+,C-,D+,D+
2026,Derrick Michael Xzavierro,Long Beach St.,BW,Junior,D+,D+,C-,D+,C-,D+,D+,D+,C-,C,C-,C-,C-,D+,D+,C,C,C-,D+,C,C-,D+,C-,C-,D-,D+,C,C-,C,D+,C-,D+,C+,C-,D+
2026,Gavin Sykes,Long Beach St.,BW,Freshman,B-,C+,B+,B-,B+,C+,C+,C+,B+,B+,B+,B+,B,A+,B+,A-,B+,B+,B,A,B-,B,A-,B+,B-,B-,B+,B+,B+,C+,B+,B+,A,B,B-
2026,Isaiah Lewis,Long Beach St.,BW,Junior,D+,D,C,D+,C-,D,D,D,C-,C,C-,C-,D+,B-,C-,C+,C,C-,D+,C+,D+,D+,C+,C-,D,D,C,D+,C,D,C,C-,C+,D+,D
2026,JJ Chaikovsky,Long Beach St.,BW,Sophomore,C-,D+,C,D+,C-,D+,D+,D+,C,C,C-,C-,C-,C+,D+,C+,C,C-,D+,C,C-,C-,C-,C-,D-,D+,C-,C-,C,D+,C+,C-,C+,C-,C-
2026,Leopold Levillain,Long Beach St.,BW,Freshman,D+,D+,C,D+,C,D,D,D,C,C,C-,C-,D+,B-,C-,B-,C,C-,C-,B-,D+,D+,C+,C,D,D,C+,C,C-,D,C+,C-,C+,C-,D+
2026,Petar Majstorovic,Long Beach St.,BW,Sophomore,B-,C+,B+,B-,B+,C+,C+,C+,B+,B+,B,B,B,A,B+,A-,B+,B+,B,A,B-,B,B+,B+,B-,C+,B+,B+,B,C+,B+,B+,A,B,B-
2026,Rob Diaz,Long Beach St.,BW,Junior,C+,C+,B,C+,B,C,C,C,B,B+,B,B,B-,A+,B,B+,B,B,B,A-,B-,B-,B+,B,B,C+,B+,B,B,C,B+,B,A-,B-,C+
2026,Alphonzo Billups III,Longwood,BSth,Junior,C-,D+,C+,C-,C+,D+,D+,D+,C+,B-,C+,C+,C,A,C+,B,C+,C+,C,B,C-,C,B-,C+,C,D+,B-,C+,C+,D+,B-,C+,B,C,C-
2026,Elijah Kelly,Longwood,BSth,Freshman,C,C,C+,C,C+,C,C,C,C+,B-,C+,C+,C,B+,C,B-,B-,C+,C,B-,C+,C,C+,C+,C-,C,C+,C+,C+,C,C+,C+,B-,C+,C+
2026,Emanuel Richards,Longwood,BSth,Junior,D,D,D+,D,D+,D-,D-,D-,D+,C-,D+,D+,D+,B-,D+,C,D+,D+,D,C,D,D,C-,D+,D,D,D+,D,D+,D,C-,D,C,D,D
2026,Jacoi Hutchinson,Longwood,BSth,Junior,C,C-,B,C,B-,C-,D+,C-,B-,B,B-,B-,C+,A-,B-,B+,B-,B-,B-,B+,C+,C+,B,B,C,C-,B,B-,B-,C-,B,B-,B+,C+,C
2026,Jaylen Benard,Longwood,BSth,Junior,C-,D+,C+,C-,C+,D+,D+,D+,C+,C+,C,C,C-,B+,C+,B-,C+,C+,C,B,C-,C-,C+,C+,C-,D+,C+,C,C+,D+,B-,C+,B-,C,D+
2026,Jaylin Payne,Longwood,BSth,Junior,D+,D+,C,D+,C,D+,D+,D+,C-,C,C-,C-,D+,C-,D+,C,C,C-,D+,C,C-,D+,C-,C-,D-,D+,C-,C-,C-,D+,C-,C-,C+,C-,D+
2026,Redd Thompson Jr.,Longwood,BSth,Sophomore,C-,D+,B-,C-,B-,D+,D+,D+,C+,B-,C+,C+,C,B,C+,B,C+,C+,C+,B,C-,C,B-,B-,D+,C-,B-,C+,C+,D+,B-,C+,B,C,C-
2026,De'Vion Lavergne,Louisiana,SB,Sophomore,D+,D,C,D+,C,D,D,D,C,C+,C-,C-,C-,B,C-,C+,C,C,C-,C+,D+,D+,C+,C,D,D,C,C-,C,D,C+,C-,C+,D+,D+
2026,Dorian Finister,Louisiana,SB,Junior,C+,C,B,C+,B,C-,C-,C-,B,B,B-,B-,C+,A+,B-,B+,B,B-,B-,B+,C+,C+,B,B,B-,C,B,B-,B-,C-,B,B-,B+,B-,C
2026,Jaxon Olvera,Louisiana,SB,Sophomore,D,D,D+,D,D+,D-,D-,D-,D+,D+,D+,D+,D+,B,D+,C,D+,D+,D,C,D,D,C-,D+,D,D,D+,D,D+,D,C-,D,C,D,D
2026,Jeremiah Evans,Louisiana,SB,Sophomore,D,D,C-,D,C-,D,D,D,D+,C-,D+,D+,D+,D+,D+,C+,C-,C-,D+,C+,D,D,C-,C-,D-,D,C,D+,C-,D,C,D+,C+,D+,D
2026,Joshua Lewis,Louisiana,SB,Freshman,C,C-,B-,C,B-,D+,D+,D+,B-,B-,C+,C+,C,B+,C+,B,B-,C+,C+,B,C,C,B-,B-,C,C-,B-,C+,C+,D+,B-,C+,B,C+,C-
2026,Karris Bilal,Louisiana,SB,Freshman,D,D,D+,D,D+,D-,D-,D-,D+,C-,D+,D+,D,C,D+,C,D+,D+,D,C,D,D,C-,D+,D-,D,D+,D,C-,D,C-,D+,C,D+,D
2026,Kyran Ratliff,Louisiana,SB,Junior,C-,C-,C+,C-,C+,C-,D+,D+,C,C+,C,C,C,B-,C-,C+,C+,C,C-,C+,C,C-,C,C,D,C-,C,C,C+,C-,C+,C,B-,C,C-
2026,Michael Collins,Louisiana,SB,Freshman,D+,D+,C,C-,C-,D+,D+,D+,C,C,C,C-,C-,C+,D+,C+,C,C-,D+,C,C-,C-,C-,C-,D-,D+,C,C-,C,D+,C-,C-,C+,C-,C-
2026,Todd Jones Jr.,Louisiana,SB,Sophomore,C-,D+,C+,D+,C+,D+,D,D+,C+,C+,C,C,C-,B,C+,B-,C+,C+,C,B-,C-,C-,B-,C+,D,D+,C+,C+,C+,D+,B-,C+,B,C,C-
2026,Alex Huguet Carrasco,Louisiana Monroe,SB,Sophomore,D+,D+,C,D+,C,D+,D+,D+,C,C,C-,C-,C-,C+,D+,C+,C,C-,D+,C,C-,D+,C-,C-,D-,D+,C-,C-,C-,D+,C-,C-,C+,C-,C-
2026,Alex Molofeev,Louisiana Monroe,SB,Freshman,D-,D-,D,D-,D,D-,D-,D-,D,D+,D,D,D,C,D,D+,D,D,D,D+,D-,D-,D+,D,D-,D-,D,D,D+,D-,D+,D,D+,D,D-
2026,Ayomide Bamisile,Louisiana Monroe,SB,Sophomore,C-,C-,C,D+,C,D+,D+,D+,C,C,C-,C-,C-,C,C-,C+,C,C-,D+,C+,C-,D+,C,C-,D-,C-,C,C-,C,D+,C,C-,C+,C-,C-
2026,Cam Campbell,Louisiana Monroe,SB,Sophomore,D,D,D,D,D,D,D-,D-,D,D,D,D,D,F,D-,D+,D+,D,D-,D,D,D-,D,D-,F,D,D,D,D,D,D,D-,D+,D,D
2026,Dylan Diaz,Louisiana Monroe,SB,Junior,D,D,D+,D,D+,D-,D-,D-,D+,C-,D+,D+,D,C+,D+,C,D+,D+,D,C,D,D,C-,D+,D,D,C-,D,D+,D,C-,D+,C,D,D
2026,Krystian Lewis,Louisiana Monroe,SB,Sophomore,D,D,D+,D,D+,D-,D-,D-,D+,C-,D+,D+,D+,B-,D+,C,D+,D+,D,C,D,D,C-,D+,D,D,D+,D,D+,D,C-,D,C,D,D
2026,Micah Caster,Louisiana Monroe,SB,Sophomore,D-,D-,D-,D-,D-,D-,D-,D-,D-,D-,D-,D-,D-,D,D-,D,D-,D-,D-,D,F,D-,D,D-,F,D-,D-,D-,D-,D-,D-,D-,D,D-,F
2026,MJ Russell,Louisiana Monroe,SB,Junior,D,D,D+,D,D+,D-,D-,D-,D+,D+,D,D+,D+,B-,D,C,D+,D+,D,C,D,D,D+,D+,D,D,D+,D,D+,D-,D+,D,C-,D,D
2026,Przemek Hartman,Louisiana Monroe,SB,Freshman,D,D,D+,D,D,D,D,D,D,D+,D,D,D,F,D,D+,D+,D,D,D+,D,D,D,D,F,D,D,D,D+,D,D,D,D+,D,D
2026,Renars Sondors,Louisiana Monroe,SB,Sophomore,D,D,D+,D,C-,D,D,D-,D+,C-,D+,D+,D+,C+,D+,C+,C-,D+,D+,C+,D,D,C-,D+,D-,D,C-,D+,C-,D,C-,D+,C+,D+,D
2026,William Ball,Louisiana Monroe,SB,Freshman,D+,D+,C-,D+,D+,D+,D+,D,D+,C-,C-,D+,D+,D,D+,C,C-,D+,D+,C-,D+,D+,D+,D+,D-,D+,D+,D+,C-,D+,D+,D+,C,D+,D+
2026,AJ Bates,Louisiana Tech,CUSA,Sophomore,C,C-,B-,C-,B-,D+,D+,D+,B-,B-,C+,C+,C,B+,C+,B,B-,B-,C+,B,C,C,B-,B-,C-,C-,B-,C+,B-,D+,B,C+,B,C+,C
2026,Avery Thomas II,Louisiana Tech,CUSA,Sophomore,C+,C,B,C+,B,C-,C-,C-,B,B,B-,B-,C+,A-,B,B+,B,B,B-,B+,C+,C+,B,B,C,C,B,B-,B-,C,B,B,B+,B-,C+
2026,DJ Dudley,Louisiana Tech,CUSA,Junior,C-,C-,B-,C-,C+,D+,D+,D+,C+,B-,C+,C+,C,A-,C+,B,C+,C+,C,B,C-,C,B-,C+,C,D+,B-,C+,C+,D+,B-,C+,B,C,C-
2026,Jaylen Fenner,Louisiana Tech,CUSA,Freshman,C-,D+,C+,C-,C+,D+,D+,D+,C+,C+,C+,C+,C,B,C,B-,C+,C+,C,B-,C-,C,B-,C+,D+,D+,B-,C,C+,D+,B-,C+,B,C,C-
2026,Kaden Cooper,Louisiana Tech,CUSA,Junior,C+,C,B,C+,B,C-,C-,C,B,B,B-,B-,B-,A+,B,B+,B,B,B-,B+,C+,C+,B+,B,B-,C,B,B,B,C,B,B,B+,B-,C+
2026,Kylan Howze,Louisiana Tech,CUSA,Junior,C,C,C+,C,B-,C-,C-,C,C+,C+,C+,C+,C+,B,C+,B-,C+,C+,C,B-,C+,C,C+,C+,D+,C,C+,C+,B-,C,B-,C+,B,C+,C
2026,Melian Martinez,Louisiana Tech,CUSA,Junior,B-,C,B,C+,B,C,C-,C,B,B,B-,B-,B-,A+,B,B+,B,B,B-,B+,C+,C+,B+,B,B-,C+,B+,B,B,C,B+,B,A-,B-,C+
2026,Adrian Wooley,Louisville,ACC,Sophomore,A-,B+,A+,A-,A+,B+,B+,B+,A+,A+,A+,A,A,A+,A,A+,A+,A+,A,A+,A,A,A+,A+,B+,A-,A+,A,A,B+,A+,A+,A+,A,A-
2026,Khani Rooths,Louisville,ACC,Sophomore,B+,B,A,B+,A,B,B,B,A,A,A,A-,A-,A+,A,A+,A,A,A-,A+,B+,B+,A,A,B+,B,A,A,A-,B,A,A,A+,A-,B+
2026,Mikel Brown Jr.,Louisville,ACC,Freshman,A-,B+,A+,A-,A+,B+,B+,B+,A,A+,A,A,A,A+,A,A+,A,A+,A,A+,A-,A,A+,A,A-,B+,A,A,A,B+,A+,A,A+,A,B+
2026,Sananda Fru,Louisville,ACC,Junior,A,A,A+,A,A+,A-,A-,A,A+,A+,A+,A+,A+,A+,A+,A+,A+,A+,A+,A+,A,A,A+,A+,A+,A,A+,A+,A+,A,A+,A+,A+,A+,A
2026,Vangelis Zougris,Louisville,ACC,Junior,C+,C+,B-,C+,B,C+,C+,C+,B,B,B-,B-,B-,A+,B-,B,B,B-,C+,B,B-,B-,B-,B-,B-,C+,B,B-,B-,C+,B,B-,B+,B-,B-
2026,Will Hanke,Louisville,ACC,Freshman,B-,C+,B,C+,B,C+,C+,C+,B,B,B-,B-,B-,A+,B-,B,B,B-,C+,B,B-,C+,B,B,B-,C+,B-,B,B-,C+,B,B-,B+,B-,C+
2026,Chuck Love III,Loyola Chicago,A10,Freshman,C,C,C+,C,C+,C,C-,C-,C+,C+,C+,C+,C,B,C,B-,C+,C+,C,C+,C,C,C+,C,D+,C,C+,C,C+,C-,C+,C+,B-,C+,C
2026,Daniil Glazkov,Loyola Chicago,A10,Sophomore,D+,D+,C+,D+,C,D,D,D,C,C+,C,C-,D+,B-,C-,B-,C,C,C-,C+,D+,D+,C+,C,D,D+,C+,C-,C,D,C+,C,B-,C-,D+
2026,Deywilk Tavarez,Loyola Chicago,A10,Junior,D+,D+,C,D+,C,D,D,D,C,C+,C-,C-,D+,B,C-,C+,C,C,C-,C+,D+,D+,C+,C,D+,D,C+,C-,C,D,C+,C-,B-,C-,D+
2026,Justin Moore,Loyola Chicago,A10,Junior,D,D,D+,D,D+,D-,D-,D-,D+,C-,D+,D+,D,C+,D+,C,D+,D+,D,C,D,D,C-,D+,D,D,D+,D,D+,D,C-,D,C,D,D
2026,Kayde Dotson,Loyola Chicago,A10,Sophomore,C,C-,B-,C-,B-,D+,D+,D+,B-,B-,C+,C+,C,B+,C+,B,B-,C+,C+,B,C,C,B-,C+,C-,C-,B-,C+,C+,D+,B-,C+,B,C+,C-
2026,Miles Rubin,Loyola Chicago,A10,Junior,B-,C+,B+,C+,B,C,C,C+,B,B+,B,B,B-,A+,B,B+,B,B,B-,A-,B-,B-,B+,B+,B+,C+,B+,B,B,C+,B+,B,A-,B,C+
2026,Nicolus Anderson,Loyola Chicago,A10,Freshman,D,D,C-,D,C-,D,D,D,C-,C,C-,D+,D+,B-,D+,C+,C-,C-,D+,C+,D,D,C,C-,D,D,C,D+,C-,D,C,D+,C+,D+,D
2026,Xavier Amos,Loyola Chicago,A10,Junior,C+,C-,B-,C,B,C-,D+,C-,B-,B,B-,B-,C+,B+,B-,B+,B-,B-,C+,B+,C+,C+,B,B-,C-,C,B,B-,B-,C-,B,B-,B+,C+,C
2026,Ben Menker,Loyola MD,Pat,Sophomore,D-,D-,F,F,F,D-,D-,F,F,D-,F,F,D-,F,F,F,D-,D-,F,F,F,F,D-,F,F,D-,D-,F,D-,D-,F,F,D-,F,F
2026,Braeden Speed,Loyola MD,Pat,Sophomore,C,C-,B-,C,B-,D+,D+,D+,B-,B-,C+,B-,C+,A-,C+,B,B-,B-,C+,B,C,C+,B,B-,C,C-,B-,C+,B-,D+,B,C+,B,C+,C
2026,Carter Berg-McLean,Loyola MD,Pat,Freshman,D,D,D+,D,D+,D-,D-,D-,D+,C-,D+,D+,D+,C,D+,C,D+,D+,D,C,D,D,C-,D+,D-,D,C-,D+,C-,D,C-,D+,C+,D+,D
2026,Emmett Adair,Loyola MD,Pat,Freshman,D+,D+,C,D+,C,D,D,D,C,C+,C-,C-,C-,B,C-,B-,C,C,C-,B-,D+,D+,C+,C,D+,D+,C+,C,C,D,C+,C-,B-,C-,D+
2026,Everett Barnes,Loyola MD,Pat,Freshman,D+,D+,C-,D+,D+,D,D,D,D+,C-,D+,D+,D+,D,D+,C,C-,D+,D,C-,D+,D,D+,D+,F,D+,D+,D+,C-,D,C-,D+,C,D+,D+
2026,Jacob Theodosiou,Loyola MD,Pat,Junior,D+,D+,C+,D+,C,D,D,D,C,C+,C,C,C-,A-,C-,B-,C,C,C-,B-,D+,C-,C+,C,C,D+,C+,C,C,D,C+,C-,B-,C-,D+
2026,Jonas Sirtautas,Loyola MD,Pat,Junior,C,C,C+,C,C+,C,C-,C,C+,C+,C+,C+,C+,B,C+,B-,C+,C+,C,B-,C+,C,C+,C+,D+,C,C+,C+,C+,C,C+,C+,B-,C+,C
2026,Jordan Stiemke,Loyola MD,Pat,Junior,D,D,D+,D,D+,D-,D-,D-,D+,C-,D+,D+,D,B-,D+,C,D+,D+,D,C,D,D,C-,D+,D,D,C-,D,D+,D,C-,D,C,D,D
2026,Sam Springer,Loyola MD,Pat,Sophomore,D-,D-,D,D-,D,D-,D-,D-,D,D+,D,D,D,D+,D,D+,D,D,D,D+,D-,D-,D+,D,D-,D-,D,D,D,D-,D,D,D+,D,D-
2026,Sebastien Emenalo,Loyola MD,Pat,Freshman,D,D,D+,D,D+,D-,D-,D-,D+,D+,D+,D+,D,C+,D+,C,D+,D+,D,C,D,D,C-,D+,D-,D,C-,D+,D+,D,C-,D,C,D,D
2026,Troy Cicero Jr.,Loyola MD,Pat,Junior,C-,D+,C+,C-,C+,D+,D+,D+,C+,B-,C+,C+,C,B+,C+,B,B-,C+,C,B,C,C,B-,C+,C,C-,B-,C+,C+,D+,B-,C+,B,C+,C-
2026,Aaron McBride,Loyola Marymount,WCC,Junior,B-,C+,B+,B-,B+,C+,C,C+,B+,B+,B+,B,B,A,B+,A-,B+,B+,B,A,B-,B,B+,B+,C+,C+,B+,B+,B+,C+,B+,B+,A,B,B-
2026,AJ Thomas,Loyola Marymount,WCC,Freshman,D+,D+,C+,D+,C+,D,D,D,C,C+,C,C,C-,B,C-,B-,C,C,C,B-,D+,C-,C+,C,D+,D+,C+,C-,C+,D+,C+,C,B-,C-,D+
2026,Jael Martin,Loyola Marymount,WCC,Freshman,C,C,C+,C,C+,C,C-,C,C+,B-,C+,C+,C,B+,C+,B-,B-,C+,C,B-,C+,C,C+,C+,C-,C,C+,C+,C+,C,C+,C+,B,C+,C
2026,Jalen Shelley,Loyola Marymount,WCC,Sophomore,B-,C+,B+,C+,B,C,C,C,B,B+,B,B,B-,A,B,B+,B,B,B,A-,B-,B-,B+,B+,B-,C+,B+,B,B,C,B+,B,A-,B-,C+
2026,Jan Vide,Loyola Marymount,WCC,Junior,C,C-,B-,C-,B-,D+,D+,D+,B-,B-,C+,C+,C,B,C+,B,B-,B-,C+,B,C,C+,B-,B-,D+,C-,B-,C+,C+,D+,B,C+,B,C+,C
2026,Joshua Dalton,Loyola Marymount,WCC,Freshman,C-,D+,C+,C-,C+,D+,D+,D+,C+,B-,C+,C,C-,B+,C+,B-,C+,C+,C,B-,C-,C-,B-,C+,C-,C-,B-,C+,C+,D+,B-,C+,B,C+,C-
2026,Rodney Brown Jr.,Loyola Marymount,WCC,Junior,C+,C,B,C,B,C-,D+,C-,B-,B,B-,B-,C+,A,B-,B+,B-,B-,B-,B+,C+,C+,B,B,C,C,B,B-,B-,C-,B,B-,B+,B-,C
2026,Dedan Thomas Jr.,LSU,SEC,Junior,A-,B+,A+,A-,A+,B+,B+,B+,A+,A+,A,A,A,A+,A,A+,A,A+,A,A+,A,A,A+,A+,A,B+,A,A,A,B+,A+,A+,A+,A,A-
2026,Jalen Reece,LSU,SEC,Freshman,C+,C,B,C+,B,C-,C-,C-,B,B,B-,B-,C+,A-,B-,B,B-,B-,B-,B+,C+,C+,B,B,C,C,B,B-,B-,C-,B,B-,B+,B-,C+
2026,Mazi Mosley,LSU,SEC,Freshman,C,C,C+,C,C+,C-,C-,C-,C+,C+,C+,C+,C,A-,C,B-,B-,C+,C,B-,C,C,C+,C+,C,C,C+,C,C+,C-,C+,C+,B-,C+,C
2026,Michael Nwoko,LSU,SEC,Junior,A-,B,A+,B+,A,B,B,B,A,A,A,A,A-,A+,A,A+,A,A,A-,A+,A-,A-,A+,A,B+,B+,A,A,A,B,A,A,A+,A,B+
2026,Robert Miller III,LSU,SEC,Sophomore,B+,B,A,B+,A,B,B,B,A,A,A,A-,A-,A+,A,A+,A,A,A-,A+,B+,B+,A,A,A-,B,A,A,A,B,A,A,A+,A,B+
2026,Ace Flagg,Maine,AE,Freshman,D,D,C-,D,C-,D,D,D,C-,C-,D+,D+,D+,B,D+,C+,C-,D+,D+,C,D,D,C-,C-,D,D,C-,D+,C-,D,C-,D+,C+,D+,D
2026,Amare Allen,Maine,AE,Sophomore,D-,D-,D,D-,D-,D-,D-,D-,D-,D,D-,D-,D,D,D-,D,D,D-,D-,D,D-,D-,D,D-,F,D-,D,D-,D,D-,D-,D-,D+,D-,D-
2026,Bashir N'Galang,Maine,AE,Freshman,D+,D+,D+,D+,C-,D+,D+,D,D+,C-,C-,D+,D+,D+,D+,C,C-,C-,D+,C,D+,D+,D+,D+,D-,D+,C-,D+,C-,D+,D+,D+,C,D+,D+
2026,Caleb Crawford,Maine,AE,Sophomore,D,D,D+,D,D+,D-,D-,D-,D+,D+,D,D+,D,C,D,C,D+,D+,D,C-,D,D,C-,D,D-,D-,D+,D,D+,D,D+,D,C,D,D
2026,Isaac Bonilla,Maine,AE,Junior,D+,D+,C-,D+,C-,D+,D+,D+,C-,C-,C-,C-,D+,C,D+,C,C,C-,D+,C,D+,D+,C-,D+,D-,D+,C-,D+,C-,D+,C-,C-,C+,C-,D+
2026,Keelan Steele,Maine,AE,Sophomore,D,D,D+,D,D+,D-,D-,D-,D+,C-,D+,D+,D+,B-,D+,C,D+,D+,D+,C+,D,D,C-,D+,D,D,C-,D+,D+,D,C-,D+,C,D+,D
2026,Logan Carey,Maine,AE,Junior,D+,D+,C+,D+,C+,D,D,D,C,C+,C,C,C-,B,C,B-,C+,C,C,B-,D+,C-,C+,C+,D+,D+,C+,C,C,D,C+,C,B-,C-,D+
2026,Yanis Bamba,Maine,AE,Junior,D+,D+,C-,D+,C-,D+,D+,D+,C-,C-,C-,D+,D+,C-,D+,C,C,C-,D+,C,D+,D+,C-,D+,D-,D+,C-,C-,C-,D+,C-,D+,C,C-,D+
2026,Anthony Isaac,Manhattan,MAAC,Junior,C-,D+,C+,C-,C+,D+,D,D+,C+,C+,C,C,C-,B,C,B-,C+,C+,C,B-,C-,C-,C+,C+,D,D+,C+,C+,C+,D+,B-,C,B-,C,D+
2026,Erik Oliver-Bush,Manhattan,MAAC,Sophomore,D,D,D+,D,D+,D-,D-,D,D+,C-,D+,D+,D,C+,D+,C,D+,D+,D,C,D,D,C-,D+,D-,D,C-,D+,C-,D,C-,D+,C,D+,D
2026,Fraser Roxburgh,Manhattan,MAAC,Sophomore,D,D,D+,D,D+,D-,D-,D-,D+,C-,D+,D+,D,C+,D+,C,D+,D+,D,C+,D,D,C-,D+,D,D,C-,D+,D+,D,C-,D+,C,D,D
2026,Jaden Winston,Manhattan,MAAC,Junior,C-,D+,C+,D+,C+,D,D,D,C+,C+,C,C,C,A-,C,B-,C+,C+,C,B-,C-,C-,B-,C+,C,D+,C+,C,C+,D,B-,C,B,C-,D+
2026,Marko Ljubicic,Manhattan,MAAC,Sophomore,D,D,D+,D,D+,D-,D-,D-,D+,D+,D+,D+,D,C+,D+,C,D+,D+,D,C,D,D,C-,D+,D-,D,C-,D+,D+,D-,C-,D,C,D,D
2026,Quron Elliott,Manhattan,MAAC,Freshman,D,D,D+,D,D+,D-,D-,D-,D+,C-,D+,D+,D,C-,D+,C,D+,D+,D,C,D,D,C-,D+,D-,D,C-,D,D+,D,D+,D+,C,D,D
2026,Jadin Collins-Roberts,Marist,MAAC,Junior,C-,D+,C+,C-,C+,D+,D+,D+,C+,B-,C+,C+,C,B,C,B-,C+,C+,C,B-,C-,C,B-,C+,D+,D+,C+,C,C+,D+,B-,C+,B,C,C-
2026,Jason Schofield,Marist,MAAC,Sophomore,B-,C+,B+,B-,B+,C+,C,C+,B+,B+,B,B,B-,A+,B+,A-,B+,B,B,A-,B-,B-,B+,B+,B+,C+,B+,B,B,C+,B+,B+,A-,B,B-
2026,Jordan Gabriel,Marist,MAAC,Freshman,C,C,C+,C,C+,C-,C-,C,C+,C+,C+,C+,C,B,C+,B-,C+,C+,C,B-,C+,C,C+,C+,D+,C,C+,C+,C+,C,C+,C+,B-,C+,C
2026,Justin Menard,Marist,MAAC,Sophomore,B-,C,B+,C+,B,C,C,C,B,B+,B,B,B-,A+,B,B+,B,B,B,A-,B-,B-,B+,B,B-,C+,B+,B,B,C,B+,B,A-,B-,C+
2026,Myles Parker,Marist,MAAC,Freshman,C+,C,B,C+,B,C-,C-,C,B,B,B-,B-,C+,A+,B-,B+,B,B-,B-,B+,C+,C+,B,B,B-,C+,B,B-,B-,C,B,B,B+,B-,C+
2026,Parby Kabamba,Marist,MAAC,Sophomore,C+,C-,B-,C,B,C-,D+,C-,B-,B,B-,B-,C+,A-,B-,B+,B-,B-,C+,B+,C,C+,B,B-,C,C,B,B-,B-,C-,B,B-,B+,B-,C
2026,Tarik Watson,Marist,MAAC,Sophomore,C-,C-,C,C-,C,D+,D+,D+,C,C,C,C-,C-,C+,C-,C+,C,C,C-,C+,C-,C-,C,C-,D,C-,C,C,C,C-,C+,C-,C+,C,C-
2026,Adrien Stevens,Marquette,BE,Freshman,B,B-,A,B,A-,B-,B-,B-,A-,A,A-,A-,B+,A+,A-,A,A-,A-,B+,A,B,B+,A,A-,B,B,A-,B+,A-,B-,A-,A-,A+,B+,B
2026,Caedin Hamilton,Marquette,BE,Sophomore,C+,C-,B-,C,B-,D+,D+,C-,B-,B-,B-,B-,C+,B,B-,B,B-,B-,C+,B,C,C,B-,B-,D+,C-,B,B-,B-,C-,B,B-,B+,B-,C
2026,Damarius Owens,Marquette,BE,Sophomore,B-,C+,B,C+,B,C,C,C,B,B+,B,B-,B-,A,B,B+,B,B,B-,B+,B-,B-,B+,B,C,C+,B,B,B,C,B+,B,A-,B,C+
2026,Josh Clark,Marquette,BE,Freshman,C+,C+,B-,C+,B-,C,C,C+,B-,B-,C+,B-,C+,A-,C+,B-,B-,B-,C+,B,C+,C+,B-,B-,C,C+,B-,B-,B-,C+,B-,C+,B,B-,C+
2026,Michael Phillips II,Marquette,BE,Freshman,C-,C-,C+,C-,C+,C-,C-,C-,C+,C+,C,C,C,B,C-,C+,C+,C,C-,C+,C,C-,C,C,D,C-,C,C,C+,C-,C+,C,B-,C,C-
2026,Nigel James Jr.,Marquette,BE,Freshman,A-,B,A+,B+,A,B,B,B,A,A+,A,A,A,A+,A,A+,A,A,A,A+,A-,A-,A+,A,A,B+,A,A,A,B,A+,A,A+,A,B+
2026,Royce Parham,Marquette,BE,Sophomore,B,B-,A,B,A-,B-,B-,B-,A-,A,A-,A-,B+,A+,A-,A,A-,A-,B+,A,B,B+,A,A-,B,B,A,A-,A-,B-,A-,A-,A,A-,B
2026,Sean Jones,Marquette,BE,Junior,C,C,C+,C,C+,C,C,C,C+,C+,C+,C+,C+,B,C,B-,C+,C+,C,B-,C+,C,C+,C+,D+,C,C+,C,C+,C,C+,C+,B-,C+,C
2026,Tre Norman,Marquette,BE,Junior,C,C,C+,C,C+,C,C-,C,C+,C+,C+,C+,C,B+,C,B-,C+,C+,C,B-,C+,C,C+,C,C-,C,C+,C+,C+,C,C+,C+,B-,C+,C
2026,Zaide Lowery,Marquette,BE,Junior,C+,C+,B-,C+,B-,C,C+,C,B-,B-,B-,C+,C+,A-,C+,B-,B-,C+,C+,B-,C+,C+,B-,C+,C,C+,B-,C+,B-,C+,B-,C+,B,C+,C+
2026,Bryce Slay,Marshall,SB,Freshman,C-,C-,C+,C-,C,C-,D+,D+,C,C+,C,C-,C-,B-,C-,C+,C+,C,C-,C+,C,C-,C,C,D,C-,C,C-,C,C-,C,C,C+,C,C-
2026,Drew Fuquay,Marshall,SB,Junior,C,C,C+,C,C+,C,C-,C,C+,B-,C+,C+,C,B+,C+,B-,B-,C+,C,B-,C+,C,C+,C+,C-,C,C+,C+,B-,C,B-,C+,B-,C+,C+
2026,Erich Harding,Marshall,SB,Sophomore,D+,D+,C,D+,C,D,D,D,C,C,C-,C-,D+,B-,C-,C+,C,C-,C-,C+,D+,D+,C+,C-,D,D,C+,C-,C,D,C+,C-,C+,C-,D
2026,Landen Joseph,Marshall,SB,Freshman,B-,C+,B,C+,B,C,C,C,B,B+,B,B,B-,A+,B,B+,B,B,B,A-,B-,B-,B+,B,B,C+,B+,B,B,C,B+,B,A-,B-,C+
2026,Shamarrie Hugie,Marshall,SB,Junior,D+,D+,C+,D+,C+,D,D,D,C+,C+,C,C,C-,B,C,B-,C+,C,C-,B-,D+,C-,C+,C,D,D+,C+,C,C+,D+,C+,C,B-,C,D+
2026,Aleks Alston,Maryland,B10,Freshman,C,C-,C+,C,C+,C,C-,C-,C+,C+,C+,C+,C,B,C,B-,C+,C+,C,C+,C+,C,C+,C+,D+,C,C+,C+,C+,C,C+,C+,B-,C+,C
2026,Andre Mills,Maryland,B10,Sophomore,B,B-,A-,B-,B+,C+,C+,C+,B+,A-,B+,B+,B,A+,B+,A,B+,B+,B,A,B,B,A-,B+,B,B-,A-,B+,B+,C+,A-,B+,A,B+,B-
2026,Darius Adams,Maryland,B10,Freshman,C-,D+,C+,C-,C+,D+,D+,D+,C+,C+,C+,C+,C,B,C,B-,C+,C+,C,B-,C-,C,B-,C+,D+,D+,C+,C+,C+,D+,B-,C+,B,C,C-
2026,George Turkson Jr.,Maryland,B10,Sophomore,C-,D+,C,C-,C,D+,D+,D+,C,C,C-,C-,C-,C+,C-,C+,C,C,D+,C,C-,C-,C,C-,D-,C-,C-,C-,C,D+,C,C-,C+,C-,C-
2026,Guillermo Del Pino,Maryland,B10,Freshman,C-,C-,C+,C-,C,C-,D+,D+,C,C,C,C-,C,B-,C-,C+,C+,C,C-,C,C-,C-,C,C,D,C-,C,C-,C,C-,C,C,C+,C,C-
2026,Isaiah Watts,Maryland,B10,Junior,C+,C,B,C+,B,C-,C,C,B,B,B,B-,B-,A-,B-,B+,B,B,B-,B+,C+,B-,B,B,C,C+,B,B,B,C,B,B,A-,B-,C+
2026,Myles Rice,Maryland,B10,Junior,C+,C+,B-,C+,B-,C,C+,C,B-,B-,B-,C+,C+,A,C+,B-,B-,C+,C+,B-,C+,C+,B-,C+,C,C+,B-,C+,B-,C+,B-,B-,B,B-,C+
2026,Jaden Johnson,Maryland Eastern Shore,MEAC,Junior,D-,D-,D,D-,D,D-,D-,D-,D,D,D,D,D,F,D,D+,D,D,D,D+,D-,D-,D+,D,F,D-,D,D,D,D-,D,D,D+,D,D-
2026,Javoy Thompson,Maryland Eastern Shore,MEAC,Junior,D,D+,D+,D,D+,D,D,D,D+,D+,D+,D+,D+,D,D,C,C-,D+,D,D+,D+,D,D+,D,F,D,D+,D+,D+,D,D+,D+,C-,D+,D
2026,Justin Monden,Maryland Eastern Shore,MEAC,Junior,D-,D-,D,D-,D,D-,D-,D-,D-,D,D,D-,D-,D+,D-,D,D,D,D-,D,D-,D-,D,D-,D-,D-,D,D-,D,D-,D,D-,D+,D-,D-
2026,Levi Beckwith,Maryland Eastern Shore,MEAC,Freshman,D-,D-,D,D-,D,D-,D-,D-,D,D,D,D,D,D+,D-,D+,D,D,D-,D+,D-,D-,D,D-,D-,D-,D,D-,D,D-,D,D-,D+,D-,D-
2026,Maurice Vassel,Maryland Eastern Shore,MEAC,Sophomore,D+,D+,C-,D+,C-,D,D,D,D+,C-,D+,D+,D+,D,D+,C,C-,C-,D+,C,D+,D,C-,D+,F,D+,D+,D+,C-,D+,C-,D+,C,D+,D+
2026,Maurio Hanson Jr.,Maryland Eastern Shore,MEAC,Sophomore,C-,C-,C+,C-,C+,C-,C-,C-,C+,C+,C,C,C,B-,C,C+,C+,C+,C-,B-,C,C-,C,C,D,C-,C+,C,C+,C-,C+,C,B-,C+,C-
2026,Trey Brown,Maryland Eastern Shore,MEAC,Junior,D,D-,D+,D-,D+,D-,D-,D-,D,D+,D,D,D,C-,D,C-,D,D,D,C-,D-,D,D+,D,D-,D-,D+,D,D+,D-,D+,D,C-,D,D-
2026,Danny Carbuccia,Massachusetts,MAC,Freshman,C-,D+,C+,D+,C+,D,D,D,C+,C+,C,C,C-,B,C,B-,C+,C+,C,B-,C-,C-,B-,C+,D+,D+,C+,C,C+,D+,B-,C+,B,C,C-
2026,Dimitri Clerc,Massachusetts,MAC,Junior,C,C-,C+,C,C+,C-,C-,C-,C+,C+,C,C+,C,B,C+,C+,C+,C+,C,B-,C,C-,C+,C+,D,C,C+,C+,C+,C,C+,C,B-,C+,C
2026,"Dwayne Wimbley, Jr.",Massachusetts,MAC,Freshman,D,D,D+,D,D+,D-,D-,D-,D+,D+,D,D,D+,C,D,C-,D+,D+,D,C-,D,D,C-,D,D-,D,D+,D,D+,D-,D+,D,C,D,D
2026,Jayden Ndjigue,Massachusetts,MAC,Junior,B-,C+,B+,C+,B,C,C,C,B,B+,B,B,B-,A,B,B+,B,B,B-,A-,B-,B-,B+,B,C,C+,B+,B,B,C,B+,B,A-,B,C+
2026,K'Jei Parker,Massachusetts,MAC,Junior,C+,C,B,C+,B,C-,C-,C-,B,B,B,B,B-,A+,B,B+,B,B,B-,B+,C+,B-,B+,B,B-,C,B,B-,B,C,B,B,A-,B-,C+
2026,Luka Damjanac,Massachusetts,MAC,Sophomore,C,C,C+,C,C+,C,C-,C-,C+,B-,C+,C+,C,B+,C+,B-,B-,C+,C,B-,C+,C,C+,C+,D+,C,C+,C+,C+,C,C+,C+,B-,C+,C+
2026,Carl Cherenfant,McNeese St.,Slnd,Junior,B-,C+,B+,B-,B,C,C,C,B+,B+,B,B,B-,A,B,A-,B+,B,B,A-,B-,B-,B+,B+,C+,C+,B+,B,B,C+,B+,B,A-,B,B-
2026,Garwey Dual,McNeese St.,Slnd,Junior,B+,B,A,B+,A,B-,B-,B,A,A,A,A-,A-,A+,A,A,A,A,A-,A+,B+,B+,A,A,B+,B,A,A-,A,B,A,A,A+,A-,B
2026,Jacolb Fredson-Cole,McNeese St.,Slnd,Sophomore,C+,C,B,C+,B,C,C,C,B,B,B,B-,B-,A,B,B+,B,B,B-,B+,C+,B-,B+,B,C,C+,B,B,B,C,B,B,A-,B-,C+
2026,Larry Johnson,McNeese St.,Slnd,Freshman,A-,B+,A+,A-,A+,B+,B+,B+,A+,A+,A,A,A,A+,A,A+,A+,A+,A,A+,A,A,A+,A,A,B+,A,A,A,B+,A+,A+,A+,A,A-
2026,Peitok Machar,McNeese St.,Slnd,Sophomore,B+,B-,A,B,A,B-,B-,B-,A-,A,A-,A-,B+,A+,A-,A,A-,A-,B+,A,B,B+,A,A-,B-,B,A,A-,A-,B-,A,A-,A+,A-,B
2026,Tyshawn Archie,McNeese St.,Slnd,Junior,A-,B,A+,A-,A,B,B,B,A,A+,A,A,A,A+,A,A+,A,A,A,A+,A-,A,A+,A,A,B+,A,A,A,B,A+,A,A+,A,B+
2026,Yanis Ndjonga,McNeese St.,Slnd,Junior,C+,C+,B-,C+,B-,C+,C,C+,B-,B-,B-,B-,C+,A,B-,B-,B-,B-,C+,B,B-,C+,B-,B-,C,C+,B-,B-,B-,C+,B-,C+,B,B-,C+
2026,Aaron Bradshaw,Memphis,Amer,Junior,B-,C+,B+,B-,B+,C+,C,C+,B+,B+,B+,B,B,A,B+,A-,B+,B+,B,A,B-,B,A-,B+,C,B-,B+,B+,B+,C+,B+,B+,A,B,B-
2026,Ashton Hardaway,Memphis,Amer,Junior,C+,C-,B-,C,B,C-,D+,C-,B-,B,B-,B-,C+,A,B-,B,B-,B-,C+,B+,C+,C+,B,B-,B-,C,B,B-,B-,C-,B,B-,B+,B-,C
2026,Curtis Givens III,Memphis,Amer,Sophomore,C+,C,B,C+,B,C-,C-,C-,B,B,B-,B-,C+,A,B-,B+,B,B-,B-,B+,C+,C+,B,B,C,C,B,B-,B-,C,B,B-,B+,B-,C+
2026,Julius Thedford,Memphis,Amer,Sophomore,B,B-,A,B,A-,B-,B-,B-,A-,A-,A-,B+,B+,A+,A-,A,A-,A-,B+,A,B,B,A,A-,B+,B,A-,A-,B+,B-,A-,A-,A+,B+,B
2026,Quante Berry,Memphis,Amer,Junior,C+,C,B,C+,B,C-,C-,C-,B,B,B-,B-,C+,A,B-,B+,B,B-,B-,B+,C+,C+,B,B,C,C,B,B-,B,C,B,B,A-,B-,C+
2026,Simon Majok,Memphis,Amer,Freshman,C+,C,C+,C+,B-,C,C,C,C+,B-,C+,C+,C+,B+,C+,B-,B-,C+,C,B-,C+,C,C+,C+,C-,C+,C+,C+,B-,C,B-,C+,B,C+,C+
2026,William Whorton,Memphis,Amer,Sophomore,C+,C,C+,C,C+,C-,C-,C,C+,B-,C+,C+,C,B,C+,B-,C+,C+,C,B-,C+,C,C+,C+,D+,C,C+,C+,B-,C,B-,C+,B,C+,C
2026,Armani Mighty,Mercer,SC,Junior,B,C+,A-,B-,B+,C+,C+,C+,B+,A-,B+,B+,B,A,A-,A,B+,B+,B,A,B,B,A-,B+,C+,B-,A-,B+,B+,C+,A-,B+,A,B+,B-
2026,Baraka Okojie,Mercer,SC,Junior,B-,C,B,C+,B,C,C-,C,B,B+,B,B,B-,A,B,B+,B,B,B-,A-,C+,B-,B+,B,B-,C+,B,B,B,C,B+,B,A-,B-,C+
2026,Brady Shoulders,Mercer,SC,Sophomore,C-,C-,C+,C-,C+,D+,D+,D+,C+,B-,C+,C+,C,A-,C+,B-,C+,C+,C,B,C,C,B-,C+,C,D+,B-,C+,C+,D+,B-,C+,B,C,C-
2026,Braeden Carlsen,Mercer,SC,Freshman,B-,C+,B,B-,B,C+,B-,B-,B,B,B,B-,B-,A+,B-,B,B,B,B-,B+,B-,B-,B,B,B+,B-,B,B,B,B-,B,B,B+,B,B-
2026,Quinton Perkins II,Mercer,SC,Sophomore,C-,C-,B-,C-,B-,D+,D+,D+,C+,B-,C+,C+,C,B,C+,B,C+,C+,C,B,C,C,B-,C+,D+,C-,B-,C+,C+,D+,B-,C+,B,C+,C-
2026,Tristan Gross,Mercer,SC,Junior,C,D+,B-,C-,B-,D+,D+,D+,C+,B-,C+,C+,C,B+,C+,B,B-,C+,C,B,C-,C,B-,C+,C-,C-,B-,C+,C+,D+,B-,C+,B,C+,C-
2026,Cameron Johnson,Mercyhurst,NEC,Junior,D,D,D+,D,D+,D-,D-,D-,D+,C-,D+,D+,D+,D+,D+,C,D+,D+,D,C,D,D,C-,D+,D-,D,C-,D+,D+,D,C-,D+,C,D+,D
2026,Deshaun Jackson Jr.,Mercyhurst,NEC,Sophomore,D+,D+,C+,D+,C+,D,D,D,C+,C+,C,C,C-,B-,C,B-,C+,C,C,B-,D+,C-,C+,C+,D,D+,C+,C,C+,D+,C+,C,B-,C-,D+
2026,Jake Lemelman,Mercyhurst,NEC,Sophomore,C-,D+,C+,D+,C+,D,D,D,C+,C+,C,C,C-,A-,C,B-,C+,C+,C,B-,C-,C-,B-,C+,C,D+,C+,C,C+,D+,C+,C,B-,C-,D+
2026,Mykolaus Ivanauskas,Mercyhurst,NEC,Sophomore,D+,D,C,D,C-,D,D,D,C-,C,C-,C-,D+,C+,C-,C+,C,C-,D+,C+,D+,D+,C,C-,D,D,C,C-,C-,D,C+,C-,C+,D+,D
2026,Qadir Martin,Mercyhurst,NEC,Sophomore,C+,C,B,C+,B,C,C-,C,B,B,B,B,B-,A,B,B+,B,B,B-,A-,C+,B-,B+,B,B-,C+,B,B,B,C,B+,B,B+,B-,C+
2026,Dylan Veillette,Merrimack,MAAC,Freshman,C-,C-,C,C-,C+,C-,D+,C-,C,C+,C,C,C,C+,C,C+,C+,C,C-,C+,C,C-,C,C,D,C-,C+,C,C+,C-,C+,C,B-,C,C-
2026,Ernest Shelton,Merrimack,MAAC,Junior,C+,C,B,C+,B,C-,C-,C-,B,B,B-,B-,C+,A,B-,B,B,B,B-,B+,C+,C+,B,B,C,C,B,B-,B-,C,B,B,B+,B-,C+
2026,KC Ugwuakazi,Merrimack,MAAC,Junior,B,C+,A-,B-,B+,C+,C+,C+,B+,A-,B+,B+,B,A,B+,A,B+,B+,B,A,B,B,A-,B+,C+,B-,A-,B+,B+,C+,A-,B+,A,B+,B-
2026,Kevair Kennedy,Merrimack,MAAC,Freshman,B-,C+,B+,C+,B,C,C,C,B,B+,B,B,B-,A,B,B+,B,B,B,A-,B-,B-,B+,B+,B-,C+,B+,B,B,C,B+,B,A-,B,C+
2026,Todd Brogna,Merrimack,MAAC,Junior,C-,D+,C+,C-,C+,D+,D+,D+,C+,B-,C+,C+,C,A-,C+,B,C+,C+,C,B,C-,C,B-,C+,C,D+,B-,C,C+,D+,B-,C+,B,C,C-
2026,Tye Dorset,Merrimack,MAAC,Sophomore,C,C-,B-,C-,B-,D+,D+,D+,B-,B-,C+,C+,C+,A-,C+,B,B-,B-,C+,B,C,C,B-,B-,C,C-,B-,C+,C+,D+,B,C+,B,C+,C
2026,Dante Allen,Miami FL,ACC,Freshman,B,C+,B+,B-,B+,C+,C+,C+,B+,A-,B+,B+,B,A+,B+,A-,B+,B+,B,A,B-,B,A-,B+,B,B-,A-,B+,B+,C+,B+,B+,A,B+,B-
2026,Marcus Allen,Miami FL,ACC,Sophomore,C+,C+,B-,C+,B-,C+,C+,C,B-,B,B-,C+,C+,A,C+,B-,B-,B-,C+,B,C+,C+,B-,C+,C,C+,B-,C+,B-,C,B-,B-,B,B-,C+
2026,Noam Dovrat,Miami FL,ACC,Junior,B-,B-,B,B,B,B-,B-,B-,B,B+,B,B,B,A+,B-,B+,B,B,B,B+,B,B,B,B,A-,B-,B,B,B,B-,B,B,B+,B,B
2026,Salih Altuntas,Miami FL,ACC,Freshman,C+,C,C+,C,B-,C,C,C,B-,B-,C+,C+,C+,B+,C+,B-,C+,C+,C,B-,C+,C,C+,C+,D+,C+,C+,C+,B-,C,B-,C+,B,C+,C+
2026,Shelton Henderson,Miami FL,ACC,Freshman,A-,B,A+,B+,A,B,B,B,A,A,A,A,A-,A+,A,A+,A,A,A,A+,A-,A-,A+,A,B+,B+,A,A,A,B,A,A,A+,A,B+
2026,Timotej Malovec,Miami FL,ACC,Freshman,C+,C,B,C+,B,C-,C-,C,B,B,B,B-,C+,B+,B-,B+,B,B-,B-,B+,C+,C+,B,B,C-,C,B,B-,B,C,B,B,B+,B-,C+
2026,Tru Washington,Miami FL,ACC,Junior,B+,B,A,B+,A,B,B,B,A,A,A,A,A-,A+,A,A+,A,A,A,A+,A-,A-,A+,A,B+,B+,A,A,A,B,A,A,A+,A,B+
2026,Almar Atlason,Miami OH,MAC,Junior,C,C-,B-,C,B-,D+,D+,D+,B-,B,B-,C+,C+,A-,C+,B,B-,B-,C+,B,C,C+,B,B-,C,C,B,B-,B-,C-,B,B-,B+,C+,C
2026,Brant Byers,Miami OH,MAC,Sophomore,B-,C+,B+,B-,B,C,C,C,B+,B+,B,B,B-,A,B,A-,B+,B,B,A-,B-,B-,B+,B+,C+,C+,B+,B,B,C+,B+,B+,A-,B,B-
2026,Eian Elmer,Miami OH,MAC,Junior,B,B-,A-,B,A-,C+,C+,B-,A-,A-,B+,B+,B,A+,A-,A,B+,A-,B+,A,B,B,A-,A-,B+,B-,A-,B+,B+,B-,A-,A-,A,B+,B
2026,Evan Ipsaro,Miami OH,MAC,Junior,B-,B-,B,B-,B,B-,B-,B-,B,B,B,B,B,A+,B,B,B,B,B,B+,B,B,B,B,B+,B,B,B,B,B-,B,B,B+,B,B-
2026,Justin Kirby,Miami OH,MAC,Freshman,B-,C+,B+,B-,B+,C,C,C+,B+,B+,B,B,B-,A,B,A-,B+,B,B,A-,B-,B-,B+,B+,B-,C+,B+,B,B,C+,B+,B+,A-,B,B-
2026,Luke Skaljac,Miami OH,MAC,Sophomore,B-,C+,B+,B-,B+,C+,C,C+,B+,B+,B+,B,B,A,B+,A-,B+,B+,B,A,B-,B,A-,B+,B-,C+,B+,B,B+,C+,B+,B+,A,B,B-
2026,Trey Perry,Miami OH,MAC,Freshman,C,D+,C+,C-,C+,D+,D+,D+,C+,B-,C+,C+,C,B+,C+,B-,B-,C+,C,B,C-,C,B-,C+,C-,C-,B-,C+,C+,D+,B-,C+,B,C+,C-
2026,Tyler Robbins,Miami OH,MAC,Freshman,C,C,C+,C,C+,C,C-,C-,C+,C+,C+,C+,C,B,C,C+,C+,C+,C,B-,C,C-,C+,C+,D,C,C+,C+,C+,C,C+,C+,B-,C+,C
2026,Aday Mara,Michigan,B10,Junior,A+,A+,A+,A+,A+,A+,A+,A+,A+,A+,A+,A+,A+,A+,A+,A+,A+,A+,A+,A+,A+,A+,A+,A+,A+,A+,A+,A+,A+,A+,A+,A+,A+,A+,A+
2026,Elliot Cadeau,Michigan,B10,Junior,A,A-,A+,A,A+,A-,A-,A-,A+,A+,A+,A+,A+,A+,A+,A+,A+,A+,A+,A+,A,A,A+,A+,A-,A,A+,A+,A+,A,A+,A+,A+,A+,A
2026,Howard Eisley Jr.,Michigan,B10,Sophomore,D+,D+,C-,D+,C-,D+,D+,D+,C-,C,C-,D+,D+,C,D+,C,C,C-,D+,C-,C-,D+,C-,D+,D-,D+,C-,C-,C-,D+,C-,D+,C+,C-,C-
2026,L.J. Cason,Michigan,B10,Sophomore,A,A-,A+,A,A+,A-,A-,A-,A+,A+,A+,A+,A,A+,A+,A+,A+,A+,A+,A+,A,A,A+,A+,A,A,A+,A+,A+,A-,A+,A+,A+,A+,A
2026,Morez Johnson Jr.,Michigan,B10,Sophomore,A+,A+,A+,A+,A+,A+,A+,A+,A+,A+,A+,A+,A+,A+,A+,A+,A+,A+,A+,A+,A+,A+,A+,A+,A+,A+,A+,A+,A+,A+,A+,A+,A+,A+,A+
2026,Trey McKenney,Michigan,B10,Freshman,A,A-,A+,A,A+,A-,A-,A-,A+,A+,A+,A+,A,A+,A+,A+,A+,A+,A+,A+,A,A,A+,A+,A,A,A+,A+,A+,A,A+,A+,A+,A+,A
2026,Cameron Ward,Michigan St.,B10,Freshman,B,B-,A,B,A-,B-,C+,B-,A-,A-,A-,B+,B+,A+,A-,A,A-,A-,B+,A,B,B,A,A-,B-,B-,A,A-,A-,B-,A-,A-,A,B+,B
2026,Coen Carr,Michigan St.,B10,Junior,A-,B,A,B+,A,B,B,B,A,A,A,A,A-,A+,A,A+,A,A,A-,A+,A-,A-,A+,A,A-,B+,A,A,A,B,A,A,A+,A,B+
2026,Divine Ugochukwu,Michigan St.,B10,Sophomore,B-,B-,B,B-,B,B-,C+,C+,B,B,B,B,B-,A+,B-,B,B,B,B-,B+,B-,B-,B,B,B+,B-,B,B,B,B-,B,B,B+,B,B-
2026,Jeremy Fears Jr.,Michigan St.,B10,Junior,A+,A+,A+,A+,A+,A+,A+,A+,A+,A+,A+,A+,A+,A+,A+,A+,A+,A+,A+,A+,A+,A+,A+,A+,A+,A+,A+,A+,A+,A+,A+,A+,A+,A+,A+
2026,Jesse McCulloch,Michigan St.,B10,Sophomore,B-,B-,B,B-,B,B-,B-,B-,B,B+,B,B,B-,A+,B,B+,B,B,B-,B+,B,B-,B,B,A-,B-,B,B,B,B-,B+,B,B+,B,B-
2026,Jordan Scott,Michigan St.,B10,Freshman,A-,B,A,B+,A,B,B,B,A,A,A,A,A-,A+,A,A+,A,A,A,A+,A-,A-,A,A,A,B+,A,A,A,B,A,A,A+,A,B+
2026,Kur Teng,Michigan St.,B10,Sophomore,B+,B-,A,B+,A,B,B-,B,A-,A,A,A-,B+,A+,A-,A+,A,A,A-,A+,B+,B+,A,A,B-,B,A,A-,A-,B,A,A,A+,A-,B
2026,Trey Fort,Michigan St.,B10,Junior,C+,C+,B-,C+,B-,C+,C+,C+,B-,B,B-,B-,C+,A,C+,B,B-,B-,C+,B,B-,C+,B-,B-,B-,C+,B-,B-,B-,C+,B-,B-,B,B-,C+
2026,Chris Loofe,Middle Tennessee,CUSA,Junior,D+,D+,C,D+,C,D,D,D,C,C,C-,C-,C-,B-,C,B-,C,C,C-,B-,D+,D+,C+,C,D,D+,C+,C,C,D,C+,C-,B-,C-,D+
2026,Jahvin Carter,Middle Tennessee,CUSA,Sophomore,C+,C,B,C,B,C-,C-,C-,B,B,B-,B-,C+,A-,B-,B,B-,B-,B-,B+,C+,C+,B,B,C,C,B,B-,B-,C-,B,B-,B+,C+,C
2026,Luka Jovanovic,Middle Tennessee,CUSA,Freshman,C+,C-,B-,C,B-,D+,D+,C-,B-,B-,C+,B-,C+,A-,B-,B+,B-,B-,C+,B,C,C,B,B-,C,C,B,B-,B-,C-,B,B-,B+,C+,C
2026,Marcus Whitlock,Middle Tennessee,CUSA,Sophomore,B-,B-,B,B-,B,B-,B-,B-,B,B,B,B,B-,A+,B-,B+,B,B,B-,B+,B,B,B,B,A-,B-,B,B,B,B-,B,B,B+,B,B-
2026,Torey Alston,Middle Tennessee,CUSA,Sophomore,B-,C+,B+,B-,B,C,C,C+,B,B+,B,B,B-,A,B+,B+,B,B,B-,A-,B-,B-,B+,B+,C,C+,B+,B,B,C+,B+,B,A-,B,C+
2026,Chandler Jackson,Milwaukee,Horz,Junior,B-,C,B,C+,B,C,C-,C,B,B+,B,B,B-,A,B,B+,B,B,B-,B+,C+,B-,B+,B,C+,C+,B+,B,B,C,B,B,A-,B-,C+
2026,Esyah Pippa-White,Milwaukee,Horz,Junior,D,D,D+,D,D+,D-,D-,D-,D+,C-,D+,D+,D+,D+,D+,C,D+,D+,D,C,D,D,C-,D+,D-,D,D+,D,D+,D,D+,D+,C,D,D
2026,Isaiah Dorceus,Milwaukee,Horz,Junior,D,D,D+,D,D+,D-,D-,D-,D+,D+,D+,D+,D,C+,D,C,D+,D+,D,C-,D,D,C-,D+,D-,D,D+,D,D+,D,D+,D,C,D,D
2026,Josh Dixon,Milwaukee,Horz,Freshman,D,D,D+,D,D+,D-,D-,D-,D+,C-,D+,D+,D+,C+,D+,C,D+,D+,D,C,D,D,C-,D+,D,D,D+,D,D+,D,C-,D,C,D,D
2026,Sekou Konneh,Milwaukee,Horz,Freshman,C+,C,B,C+,B,C-,C-,C-,B,B,B-,B-,C+,A,B,B+,B,B-,B-,B+,C+,C+,B,B,C,C,B,B,B-,C,B,B,B+,B-,C+
2026,Stevie Elam,Milwaukee,Horz,Freshman,C,C-,B-,C,B-,D+,D+,D+,B-,B-,C+,C+,C+,A,C+,B,B-,B-,C+,B,C,C+,B-,B-,C,C-,B-,C+,B-,C-,B,B-,B,C+,C
2026,Tate MacKenzie,Milwaukee,Horz,Junior,D+,D+,C-,D+,C-,D+,D+,D+,C-,C-,D+,C-,D+,D,D+,C,C-,C-,D+,C,D+,D+,C-,D+,D-,D+,D+,D+,C-,D+,C,D+,C,C-,D+
2026,Bobby Durkin,Minnesota,B10,Junior,B,B-,A-,B,A-,C+,C+,B-,A-,A-,A-,B+,B,A+,A-,A,A-,A-,B+,A,B,B+,A,A-,B+,B-,A-,B+,B+,B-,A-,A-,A,B+,B
2026,Chansey Willis Jr.,Minnesota,B10,Junior,B-,C+,B-,C+,B-,C+,C+,C+,B-,B-,B-,B-,B-,A,C+,B,B-,B-,B-,B,B-,C+,B-,B-,C+,C+,B-,B-,B-,C+,B-,B-,B,B-,C+
2026,Grayson Grove,Minnesota,B10,Sophomore,B,B-,A,B,A-,B-,B-,B-,A-,A-,A-,B+,B+,A+,A-,A,A-,A-,B+,A,B,B,A,A-,B+,B-,A-,B+,A-,B-,A-,A-,A,B+,B
2026,Isaac Asuma,Minnesota,B10,Sophomore,B-,C+,B+,B-,B+,C,C,C+,B+,B+,B,B,B,A,B,A-,B+,B,B,A-,B-,B-,B+,B+,B-,C+,B+,B,B,C+,B+,B+,A,B,B-
2026,Jaylen Crocker-Johnson,Minnesota,B10,Junior,B-,C+,B+,B-,B+,C+,C+,C+,B+,B+,B,B,B,A,B+,A-,B+,B+,B,A,B-,B-,B+,B+,B-,C+,B+,B+,B+,C+,B+,B+,A,B,B-
2026,Kai Shinholster,Minnesota,B10,Freshman,C+,C-,B,C,B,C-,C-,C-,B-,B,B-,B-,C+,B+,C+,B,B-,B-,C+,B,C+,C+,B,B-,C-,C,B,B-,B-,C-,B,B-,B+,B-,C
2026,Augusto Cassia,Mississippi,SEC,Junior,C,C,C+,C,C+,C,C,C,C+,B-,C+,C+,C,B+,C+,B-,B-,C+,C,B-,C+,C,C+,C+,C-,C,C+,C+,C+,C,B-,C+,B-,C+,C
2026,Corey Chest,Mississippi,SEC,Sophomore,B,B-,A,B,A-,B-,C+,B-,A-,A-,A-,B+,B+,A+,A-,A,A-,A-,B+,A,B,B,A,A-,B+,B-,A-,A-,B+,B-,A-,A-,A,B+,B
2026,Eduardo Klafke,Mississippi,SEC,Sophomore,B+,B,A,B+,A,B,B,B,A,A,A,A-,A-,A+,A,A+,A,A,A-,A+,B+,A-,A,A,B+,B,A,A-,A,B,A,A,A+,A,B+
2026,James Scott,Mississippi,SEC,Junior,B+,B,A,B+,A,B-,B-,B,A,A,A,A-,A-,A+,A,A+,A,A,A-,A+,B+,B+,A,A,A-,B,A,A,A,B,A,A,A+,A-,B
2026,Koren Johnson,Mississippi,SEC,Junior,C,C,C+,C,C+,C,C,C-,C+,B-,C+,C+,C+,B+,C,B-,B-,C+,C,B-,C+,C,C+,C+,C-,C,C+,C+,C+,C,C+,C+,B-,C+,C
2026,Patton Pinkins,Mississippi,SEC,Freshman,B+,B,A,B+,A,B-,B-,B-,A,A,A,A-,B+,A+,A-,A+,A,A,A-,A+,B+,B+,A,A,B+,B,A,A-,A-,B,A,A,A+,A-,B
2026,Travis Perry,Mississippi,SEC,Sophomore,B,C+,A-,B-,B+,C+,C+,C+,B+,A-,B+,B+,B,A+,B+,A-,B+,B+,B,A-,B,B,A-,B+,B,B-,B+,B+,B+,C+,B+,B+,A,B+,B-
2026,Zach Day,Mississippi,SEC,Freshman,C,C-,C+,C-,C+,C-,C-,C-,C+,C+,C,C,C,B,C-,C+,C+,C+,C,C+,C,C,C+,C,D,C-,C,C,C+,C,C+,C,B-,C,C
2026,Dellquan Warren,Mississippi St.,SEC,Sophomore,D+,D+,C-,D+,C-,D+,D+,D+,C-,C,C-,C-,C-,C+,D+,C+,C,C-,D+,C,C-,D+,C-,C-,D-,D+,C-,C-,C,D+,C-,C-,C+,C-,D+
2026,Jamarion Davis-Fleming,Mississippi St.,SEC,Freshman,C+,C,B,C+,B,C,C-,C,B,B,B-,B-,B-,A+,B,B+,B,B,B-,B+,C+,C+,B+,B,B-,C+,B+,B,B,C,B+,B,A-,B-,C+
2026,Josh Hubbard,Mississippi St.,SEC,Junior,B+,B,A,B+,A,B,B,B,A,A,A,A,A-,A+,A,A+,A,A,A,A+,B+,A-,A,A,A-,B,A,A,A,B,A,A,A+,A-,B+
2026,King Grace,Mississippi St.,SEC,Freshman,C+,C+,B-,B-,B-,C+,C+,C+,B-,B,B-,B-,B-,A+,C+,B,B,B-,C+,B,B-,C+,B-,B-,B-,C+,B-,B-,B-,C+,B,B-,B,B-,C+
2026,Sergej Macura,Mississippi St.,SEC,Sophomore,B-,C+,B+,B-,B+,C+,C+,C+,B+,B+,B+,B,B,A+,B+,A,B+,B+,B,A-,B-,B,B+,B+,B-,B-,B+,B+,B+,C+,B+,B+,A,B,B-
2026,Chance Sutton,Mississippi Valley St.,SWAC,Junior,D,D,D+,D,D+,D,D,D,D+,D+,D+,D+,D+,D-,D,C-,D+,D+,D,C-,D+,D,D+,D,F,D,D+,D+,D+,D,D+,D,C-,D+,D
2026,Delkedric Holmes,Mississippi Valley St.,SWAC,Junior,D-,D-,F,F,F,F,F,F,F,D-,F,D-,D-,F,F,F,D-,D-,F,D-,F,F,D-,F,F,F,D-,F,D-,F,D-,F,D-,F,F
2026,Michael James,Mississippi Valley St.,SWAC,Junior,D,D,C-,D,D+,D-,D-,D-,D+,C-,D+,D+,D+,A-,D+,C,C-,D+,D+,C,D,D,C-,D+,C,D,C-,D+,D+,D,C-,D+,C,D,D
2026,Mussa Mzein,Mississippi Valley St.,SWAC,Junior,D-,D-,D-,D-,D-,D-,D-,D-,D-,D-,D-,D-,D-,D-,D-,D,D-,D-,D-,D,F,D-,D,D-,F,D-,D-,D-,D-,D-,D-,D-,D,D-,F
2026,Patrick Punch,Mississippi Valley St.,SWAC,Junior,D-,D-,D-,D-,D-,D-,D-,D-,D-,D,D-,D-,D-,D,D-,D,D-,D-,D-,D,F,D-,D,D-,D-,D-,D-,D-,D-,D-,D,D-,D,D-,F
2026,Samuel Murray,Mississippi Valley St.,SWAC,Junior,C-,C-,C+,C-,C+,C-,C-,C-,C+,C+,C,C,C,B-,C,C+,C+,C,C-,C+,C,C-,C,C,D,C-,C+,C,C,C-,C+,C,C+,C,C-
2026,Tyrone Iroghama,Mississippi Valley St.,SWAC,Junior,D,D,D+,D,D+,D,D,D,D,D+,D,D,D,F,D,D+,D+,D,D,D+,D,D,D,D,F,D,D,D,D+,D,D+,D,D+,D,D
2026,Xzayvion Childress,Mississippi Valley St.,SWAC,Junior,D-,D-,D,D-,D,D-,D-,D-,D,D,D,D,D,D,D-,D+,D,D,D-,D+,D-,D-,D,D-,F,D-,D,D-,D,D-,D,D-,D+,D-,D-
2026,X’Zaevion Barnett,Mississippi Valley St.,SWAC,Junior,D-,D-,D-,D-,D-,D-,D-,D-,D-,D,D-,D-,D-,D+,D-,D,D,D-,D-,D,D-,D-,D,D-,D-,D-,D,D-,D,D-,D,D-,D,D-,D-
2026,Annor Boateng,Missouri,SEC,Sophomore,D+,D+,C-,D+,C-,D+,D+,D+,C-,C-,C-,D+,D+,C-,D+,C,C-,C-,D+,C-,C-,D+,C-,D+,D-,D+,C-,C-,C-,D+,C-,D+,C+,C-,D+
2026,Anthony Robinson II,Missouri,SEC,Junior,B,B-,A-,B-,B+,C+,C+,C+,B+,A-,B+,B+,B,A+,B+,A,B+,B+,B+,A,B,B,A-,B+,B,B-,A-,B+,B+,C+,A-,B+,A,B+,B-
2026,Luke Northweather,Missouri,SEC,Junior,C+,C+,B-,C+,B,C+,C+,C+,B,B,B-,B-,C+,A+,B-,B,B,B-,C+,B,B-,C+,B-,B-,B-,C+,B-,B-,B-,C+,B-,B-,B,B-,B-
2026,Nicholas Randall,Missouri,SEC,Freshman,D+,D+,C,D+,C-,D+,D+,D+,C-,C,C-,C-,C-,C,D+,C+,C,C-,D+,C,C-,D+,C-,C-,D-,D+,C-,C-,C-,D+,C,C-,C+,C-,D+
2026,Sebastian Mack,Missouri,SEC,Junior,C-,C-,C,C-,C,C-,C-,D+,C,C+,C,C-,C,B-,C-,C+,C+,C,C-,C+,C,C-,C,C,D,C-,C,C,C+,C-,C+,C,C+,C,C-
2026,T.O. Barrett,Missouri,SEC,Sophomore,B-,C+,B+,B-,B+,C+,C+,C+,B+,A-,B+,B+,B,A+,B+,A-,B+,B+,B,A,B,B,A-,B+,B-,C+,B+,B+,B+,C+,B+,B+,A,B,B-
2026,Trent Burns,Missouri,SEC,Freshman,C+,C,B-,C+,B-,C,C,C,B-,B-,C+,C+,C+,A-,C+,B-,B-,B-,C+,B-,C+,C,B-,C+,C,C,C+,B-,B-,C,B-,C+,B,C+,C+
2026,Trent Pierce,Missouri,SEC,Junior,B+,B,A,B+,A,B,B,B,A,A,A,A,A-,A+,A,A+,A,A,A-,A+,B+,A-,A,A,A,B+,A,A,A,B,A,A,A+,A,B+
2026,Cameron Boone,Missouri St.,CUSA,Junior,C,C,C+,C,C+,C-,C-,C-,C+,C+,C,C+,C,B,C+,C+,C+,C+,C,B-,C,C-,C+,C+,D,C,C+,C+,C+,C,C+,C,B-,C+,C
2026,Darrion Sutton,Missouri St.,CUSA,Sophomore,C+,C-,B,C,B-,C-,D+,C-,B-,B-,B-,B-,C+,A,B-,B,B-,B-,C+,B+,C+,C+,B,B-,C,C,B,B-,B-,C-,B,B-,B+,C+,C
2026,Kobi Williams,Missouri St.,CUSA,Junior,C,C-,B-,C,B-,D+,D+,D+,B-,B-,C+,C+,C+,A-,C+,B,B-,B-,C+,B,C,C+,B,B-,C,C-,B-,C+,B-,C-,B,B-,B+,C+,C
2026,Melakih Cunningham,Missouri St.,CUSA,Freshman,C,C,C+,C+,C+,C,C,C,C+,B-,C+,C+,C+,B+,C+,B-,B-,C+,C,B-,C+,C,C+,C+,C-,C,C+,C+,C+,C,B-,C+,B-,C+,C+
2026,Trey Williams Jr,Missouri St.,CUSA,Freshman,C-,D+,C+,C-,C+,D+,D+,D+,C+,B-,C+,C+,C,B+,C,B-,C+,C+,C,B-,C-,C,B-,C+,C-,D+,B-,C,C+,D+,B-,C+,B,C,C-
2026,Tyrique Brooks,Missouri St.,CUSA,Sophomore,D+,D+,C-,D+,C-,D+,D+,D+,C-,C-,C-,D+,D+,C-,D+,C,C,C-,D+,C,D+,D+,C-,D+,D-,D+,C-,D+,C-,D+,C-,D+,C,C-,D+
2026,Zaxton King,Missouri St.,CUSA,Sophomore,C,C-,B-,C-,B-,D+,D+,D+,B-,B-,C+,C+,C,B,C+,B-,C+,C+,C,B,C,C,B-,C+,C-,C-,B-,C+,C+,D+,B-,C+,B,C+,C-
2026,Anthony Martinez,Monmouth,CAA,Freshman,D,D,D+,D+,D+,D,D,D,D+,D+,D+,D+,D+,D,D,C,C-,D+,D,D+,D+,D+,D+,D+,F,D,D+,D+,D+,D,D+,D+,C-,D+,D+
2026,Corey Miller,Monmouth,CAA,Junior,C,C-,C+,C,C+,C,C-,C-,C+,C+,C+,C+,C,B+,C,B-,C+,C+,C,B-,C,C,C+,C,C-,C,C+,C,C+,C-,C+,C+,B-,C+,C
2026,Cornelius Robinson Jr.,Monmouth,CAA,Junior,D+,D+,C,D+,C+,D,D,D,C,C+,C,C,C-,B-,C,C+,C,C,C-,B-,D+,C-,C+,C,D,D+,C+,C,C,D+,C+,C,B-,C-,D+
2026,Jack Leahy,Monmouth,CAA,Junior,D-,D-,D-,D-,D-,D-,D-,D-,D-,D-,D-,D-,D-,F,F,D-,D,D-,D-,D-,D-,D-,D-,D-,F,D-,D-,D-,D-,D-,D-,D-,D-,D-,D-
2026,Jason Rivera-Torres,Monmouth,CAA,Junior,B,B-,A,B,A-,B-,B-,B-,A-,A,A-,A-,B+,A+,A-,A,A-,A-,B+,A,B+,B+,A,A-,A-,B,A-,A-,A-,B-,A,A-,A+,B+,B
2026,Justin Ray,Monmouth,CAA,Sophomore,B-,C+,B+,B-,B+,C,C,C,B+,B+,B,B,B-,A,B,A-,B+,B,B,A-,B-,B,B+,B+,C,C+,B+,B,B,C+,B+,B+,A-,B,B-
2026,Lucas Orchard,Monmouth,CAA,Sophomore,C+,C+,B-,C+,C+,C-,C-,C,B-,B-,C+,C+,C+,A,C,B-,B,C+,C,B-,C+,C,B-,C+,C,C,C+,C+,C+,C,C+,C+,B,C+,C+
2026,Quinn Peters,Monmouth,CAA,Junior,D,D,D,D,D,D,D,D,D,D+,D,D,D,F,D,D+,D+,D,D,D+,D,D,D,D,F,D,D,D,D,D,D,D,C-,D,D
2026,Stefanos Spartalis,Monmouth,CAA,Freshman,C-,D+,C+,D+,C+,D,D,D,C,C+,C,C,C-,B-,C,B-,C+,C,C-,B-,D+,C-,C+,C+,D,D+,C+,C,C,D+,C+,C,B-,C-,D+
2026,Amari Jedkins,Montana,BSky,Junior,C,C-,C+,C-,C+,C-,C-,C-,C+,C+,C,C,C,B,C-,C+,C+,C,C-,C+,C,C-,C+,C,D,C-,C,C,C+,C-,C+,C,B-,C,C
2026,Brooklyn Hicks,Montana,BSky,Junior,C,C-,B-,C,B-,D+,D+,D+,B-,B-,C+,C+,C,A-,C+,B,B-,C+,C+,B,C,C,B-,B-,C,C-,B-,C+,C+,D+,B-,C+,B,C+,C-
2026,Chase Henderson,Montana,BSky,Junior,D+,D+,C-,D+,C-,D+,D+,D,C-,C,C-,D+,D+,C-,D+,C,C,C-,D+,C,D+,D+,C-,D+,D-,D+,C-,D+,C-,D+,C-,C-,C,C-,D+
2026,Connor Dick,Montana,BSky,Junior,C,C-,C+,C-,C+,C-,C-,C-,C+,C+,C,C,C,B,C-,C+,C+,C+,C-,C+,C,C,C+,C,D+,C-,C+,C,C+,C-,C+,C,B-,C+,C
2026,Grant Kepley,Montana,BSky,Sophomore,D+,D,C,D,C-,D,D,D,C-,C,C-,C-,D+,B-,C-,C+,C-,C-,D+,C+,D+,D+,C,C-,D,D,C,D+,C-,D,C+,C-,C+,D+,D
2026,Kenyon Aguino,Montana,BSky,Freshman,C+,C,B,C+,B,C,C-,C,B,B,B,B,C+,A,B,B+,B,B,B-,B+,C+,C+,B+,B,C,C+,B,B,B,C,B,B,A-,B-,C+
2026,Money Williams,Montana,BSky,Junior,B-,C+,A-,B-,B+,C+,C+,C+,B+,A-,B+,B+,B,A+,B+,A-,B+,B+,B,A,B,B,A-,B+,B-,B-,B+,B+,B+,C+,B+,B+,A,B,B-
2026,Tyler Isaak,Montana,BSky,Junior,C-,D+,C+,C-,C+,D+,D+,D,C+,C+,C+,C+,C,B+,C,B-,C+,C+,C,B-,C-,C,B-,C+,C-,D+,B-,C,C+,D+,B-,C+,B,C,C-
2026,Tyler Thompson,Montana,BSky,Sophomore,C,C-,B-,C,B-,C-,D+,C-,B-,B,B-,B-,C+,A,B-,B+,B-,B-,C+,B+,C+,C+,B,B-,C,C,B,B-,B-,C-,B,B-,B+,B-,C
2026,Cavin Holden,Montana St.,BSky,Junior,C,C,C+,C,C+,C,C,C,C+,B-,C+,C+,C+,B+,C,B-,B-,C+,C,B-,C+,C,C+,C+,C-,C,C+,C+,C+,C,C+,C+,B-,C+,C
2026,Christian King,Montana St.,BSky,Sophomore,D+,D+,C,D+,C,D,D,D,C,C+,C-,C,C-,B,C,B-,C,C,C-,B-,D+,C-,C+,C,D+,D+,C+,C,C,D+,C+,C,B-,C-,D+
2026,Howie Keene,Montana St.,BSky,Freshman,C-,C-,C+,C-,C,C-,C-,D+,C,C+,C,C,C-,B-,C-,C+,C+,C,C-,C+,C,C-,C,C,D,C-,C,C,C+,C-,C+,C,C+,C,C
2026,Jaden Steppe,Montana St.,BSky,Sophomore,C-,D+,C+,C-,C+,D+,D+,D+,C+,C+,C,C,C-,B,C,B-,C+,C+,C,B-,C-,C-,B-,C+,D,D+,B-,C+,C+,D+,B-,C+,B,C,D+
2026,Jeremiah Davis,Montana St.,BSky,Junior,B-,C+,B+,B-,B+,C+,C+,C+,B+,B+,B+,B,B-,A+,B+,A-,B+,B+,B,A-,B-,B,B+,B+,B,C+,B+,B+,B,C+,B+,B+,A,B,B-
2026,Seth Amunrud,Montana St.,BSky,Junior,C+,C,B,C+,B,C,C-,C,B,B,B,B,B-,A,B,B+,B,B,B-,B+,C+,B-,B+,B,B-,C+,B+,B,B,C,B,B,A-,B-,C+
2026,Waka Mbatch,Montana St.,BSky,Sophomore,B-,C+,B,C+,B,C+,C+,C+,B,B,B-,B-,B-,A+,B-,B,B,B-,B-,B,B-,C+,B-,B-,B-,B-,B,B-,B,C+,B,B-,B,B-,B-
2026,Chase Dawson,Morehead St.,OVC,Sophomore,D,D,C-,D,C-,D,D,D,D+,C-,D+,D+,D+,C+,D+,C,C-,C-,D+,C,D,D,C-,D+,D,D,C-,D+,C-,D,C,D+,C+,D+,D
2026,Clayton Parker,Morehead St.,OVC,Freshman,D+,D+,C-,D+,C-,D+,D+,D,C-,C-,C-,D+,D+,D+,D+,C,C,C-,D+,C-,D+,D+,D+,D+,D-,D+,C-,D+,C-,D+,C-,D+,C,C-,D+
2026,Davion Cunningham,Morehead St.,OVC,Junior,D+,D,C-,D,C-,D,D,D,C-,C,C-,C-,D+,B-,C-,C+,C-,C-,D+,C+,D,D+,C,C-,D,D,C,C-,C-,D,C,D+,C+,D+,D
2026,Jon Carroll,Morehead St.,OVC,Junior,C+,C-,B,C,B-,C-,D+,C-,B-,B,B-,B-,C+,B+,B-,B+,B-,B-,C+,B+,C+,C+,B,B,C,C,B,B-,B-,C-,B,B-,B+,C+,C
2026,Josiah LeGree,Morehead St.,OVC,Sophomore,D+,D+,C+,D+,C,D,D,D,C,C+,C,C,C-,B-,C-,B-,C,C,C-,B-,D+,C-,C+,C+,D,D+,C+,C-,C,D,C+,C,B-,C-,D+
2026,Tyonne Farrell,Morehead St.,OVC,Sophomore,D+,D,C,D+,C,D,D,D,C-,C,C-,C-,D+,B-,C-,C+,C,C-,C-,C+,D+,D+,C,C,D,D,C,C-,C,D,C+,C-,C+,C-,D+
2026,Vince Dawson III,Morehead St.,OVC,Freshman,D+,D+,C+,D+,C,D,D,D,C,C+,C,C-,C-,B,C-,B-,C,C,C-,C+,D+,D+,C+,C,D+,D+,C+,C-,C,D,C+,C,B-,C-,D+
2026,Christian Meeks,Morgan St.,MEAC,Junior,D,D,D+,D,D+,D-,D-,D-,D+,D+,D+,D+,D,C+,D+,C,D+,D+,D,C,D,D,D+,D+,D-,D,C-,D+,D+,D,D+,D,C,D,D
2026,David Bumpass,Morgan St.,MEAC,Freshman,D+,D+,C-,D+,C-,D,D+,D,D+,C-,D+,D+,D+,D,D+,C,C-,D+,D+,C-,D+,D+,D+,D+,D-,D+,D+,D+,C-,D+,D+,D+,C,D+,D+
2026,Eugene Alvin,Morgan St.,MEAC,Junior,D,D,D+,D,D+,D-,D-,D-,D+,D+,D+,D+,D,B,D+,C,D+,D+,D,C,D,D,D+,D+,D,D,C-,D,D+,D,C-,D,C,D,D
2026,Manok Lual,Morgan St.,MEAC,Junior,D,D,D+,D,D+,D,D,D,D+,D+,D,D,D,D-,D,C-,D+,D,D,D+,D,D,D,D,F,D,D,D,D+,D,D+,D,C-,D,D
2026,Matar Wade,Morgan St.,MEAC,Sophomore,D+,D+,C-,D+,C-,D+,D+,D+,C-,C-,C-,D+,D+,D+,C-,C,C,C-,D+,C,D+,D+,C-,C-,D-,D+,C-,C-,C,D+,C-,D+,C+,C-,D+
2026,Abdou Khadre Kébé,Mount St. Mary's,MAAC,Sophomore,C+,C,C+,C+,C+,C,C,C,C+,B-,C+,C+,C+,B+,C+,B-,B-,C+,C,B-,C+,C+,C+,C+,C-,C+,C+,C+,C+,C,B-,C+,B-,C+,C+
2026,Anastasios Rozakeas,Mount St. Mary's,MAAC,Sophomore,D,D,D+,D,D+,D-,D-,D-,D+,D+,D+,D+,D,B-,D,C,D+,D+,D,C-,D-,D,C-,D,D,D,D+,D,D+,D-,D+,D,C-,D,D
2026,"Anthony Arrington, Jr.",Mount St. Mary's,MAAC,Junior,D-,D-,D,D-,D,D-,D-,D-,D-,D,D,D-,D,D-,D-,D,D,D,D-,D,D-,D-,D,D-,F,D-,D,D-,D,D-,D,D-,D+,D-,D-
2026,Luke McEldon,Mount St. Mary's,MAAC,Junior,C+,C,B,C+,B,C-,C-,C,B,B,B-,B-,B-,A,B,B+,B,B-,B-,B+,C+,C+,B+,B,B-,C,B,B,B-,C,B,B,B+,B-,C+
2026,Mason So,Mount St. Mary's,MAAC,Junior,D+,D,C,D+,C-,D,D,D,C-,C,C-,C-,D+,C+,C-,C+,C-,C-,D+,C+,D+,D+,C,C-,D-,D,C,D+,C-,D,C+,C-,C+,D+,D
2026,Patrick Haigh,Mount St. Mary's,MAAC,Junior,C-,C-,C,C-,C,C-,D+,D+,C,C,C,C-,C-,B-,C-,C+,C+,C,C-,C+,C-,C-,C,C-,D,C-,C,C-,C,D+,C,C,C+,C,C-
2026,Yakhya Diop,Mount St. Mary's,MAAC,Freshman,C-,C-,C,C-,C,C-,D+,D+,C,C,C,C-,C-,C+,C,C+,C,C,D+,C+,C-,D+,C,C,D-,C-,C,C,C+,C-,C+,C-,C+,C,C-
2026,Brayden Shorter,Murray St.,MVC,Junior,C-,D+,C+,C-,C+,D,D,D,C+,C+,C+,C,C-,B,C,B-,C+,C+,C,B-,C-,C-,C+,C+,D+,D+,C+,C,C+,D+,B-,C,B-,C,C-
2026,Brock Vice,Murray St.,MVC,Freshman,B-,C+,B,C+,B,C+,C+,C+,B,B,B-,B-,B-,A,B-,B,B,B-,C+,B+,B-,C+,B-,B-,B-,B-,B-,B-,B-,C+,B,B-,B+,B-,B-
2026,Dylan Anderson,Murray St.,MVC,Junior,C-,C-,C,C-,C,C-,D+,D+,C,C,C,C-,C-,C+,C-,C+,C+,C,C-,C+,C-,C-,C,C,D,C-,C,C,C+,C-,C,C,C+,C,C-
2026,KJ Tenner,Murray St.,MVC,Sophomore,C+,C,B,C+,B,C-,C-,C,B,B,B,B,B-,B+,B-,B+,B,B,B-,B+,C+,B-,B+,B,C-,C,B,B-,B,C,B,B,A-,B-,C+
2026,Layne Taylor,Murray St.,MVC,Sophomore,B-,C+,B+,B-,B+,C,C+,C+,B+,B+,B+,B,B,A,B,A-,B+,B+,B,A,B-,B,B+,B+,C+,C+,B+,B,B,C+,B+,B+,A,B,B-
2026,Mathis Courbon,Murray St.,MVC,Freshman,C+,C-,B-,C+,B,C-,D+,C-,B-,B,B-,B-,C+,A-,B-,B+,B-,B-,C+,B,C,C+,B,B-,C,C,B,B-,B-,C-,B,B-,B+,B-,C
2026,Roman Domon,Murray St.,MVC,Freshman,B+,B,A,B+,A,B,B-,B,A,A,A,A-,A-,A+,A,A+,A,A,A-,A+,B+,B+,A,A,A-,B,A,A,A-,B,A,A,A+,A-,B+
2026,Cam Cole,Navy,Pat,Junior,C+,C-,B,C+,B,C-,C-,C-,B,B,B-,B-,C+,A-,B-,B+,B,B-,B-,B+,C+,C+,B,B,C,C,B,B-,B-,C-,B,B,B+,B-,C+
2026,David Burnett,Navy,Pat,Sophomore,C,C-,C+,C-,C+,C-,C-,C-,C+,C+,C,C,C,B,C,C+,C+,C+,C,C+,C,C-,C,C,D,C-,C+,C,C+,C-,C+,C,B-,C+,C-
2026,Jinwoo Kim,Navy,Pat,Junior,C,C-,B-,C,B-,D+,D+,D+,B-,B-,C+,C+,C,B+,C+,B,B-,B-,C+,B,C,C,B-,B-,C-,C-,B-,C+,B-,D+,B-,C+,B,C+,C-
2026,Jordan Pennick,Navy,Pat,Junior,D,D,C-,D,C-,D,D,D,D+,C,D+,D+,D+,C+,D+,C,C-,C-,D+,C,D,D+,C-,D+,D,D,C-,D+,C-,D,C,D+,C+,D+,D
2026,Julian Gabbidon,Navy,Pat,Junior,D+,C-,C,C-,C-,D+,D+,D+,C,C,C-,C-,C-,C+,D+,C+,C,C,D+,C+,C-,C-,C-,C-,D-,C-,C,C-,C,D+,C,C-,C+,C-,C-
2026,Matt Able,N.C. State,ACC,Freshman,B,B-,A-,B,A-,C+,C+,B-,A-,A-,A-,B+,B,A+,A-,A,A-,A-,B+,A,B,B,A,A-,B,B-,A-,B+,B+,B-,A-,A-,A,B+,B
2026,Musa Sagnia,N.C. State,ACC,Freshman,B+,B-,A,B,A-,B-,C+,B-,A-,A,A-,B+,B+,A,A-,A,A-,A-,B+,A,B,B,A,A-,B-,B,A-,A-,B+,B-,A-,A-,A,B+,B
2026,"Paul McNeil, Jr.",N.C. State,ACC,Sophomore,A,B+,A+,A,A+,B+,A-,A-,A+,A+,A+,A,A,A+,A+,A+,A+,A+,A,A+,A,A,A+,A+,A,A-,A+,A+,A,A-,A+,A+,A+,A+,A
2026,Berke Buyuktuncel,Nebraska,B10,Junior,A-,B,A+,B+,A,B,B,B,A,A,A,A,A-,A+,A,A+,A,A,A,A+,A-,A-,A+,A,A-,B+,A,A,A,B,A,A,A+,A,B+
2026,Braden Frager,Nebraska,B10,Freshman,A-,B+,A+,A-,A+,B+,B+,B+,A+,A+,A+,A,A,A+,A,A+,A+,A+,A,A+,A,A,A+,A+,A,A-,A+,A,A,B+,A+,A+,A+,A,A-
2026,Cale Jacobsen,Nebraska,B10,Junior,B+,B-,A,B+,A,B-,B-,B,A,A,A,A-,B+,A+,A-,A+,A,A-,A-,A,B+,B+,A,A,B+,B,A,A-,A-,B,A,A,A+,A-,B+
2026,Pryce Sandfort,Nebraska,B10,Junior,A+,A+,A+,A+,A+,A+,A+,A+,A+,A+,A+,A+,A+,A+,A+,A+,A+,A+,A+,A+,A+,A+,A+,A+,A+,A+,A+,A+,A+,A+,A+,A+,A+,A+,A+
2026,Brock Scholl,Nebraska Omaha,Sum,Freshman,D+,D+,C+,D+,C,D,D,D,C,C,C-,C-,D+,B-,C-,C+,C,C,C-,B-,D+,D+,C+,C,D,D+,C+,C-,C,D,C+,C-,B-,C-,D+
2026,Grant Stubblefield,Nebraska Omaha,Sum,Junior,C+,C,B,C+,B,C-,C-,C-,B,B,B,B-,C+,A-,B-,B+,B,B-,B-,B+,C+,B-,B+,B,C,C,B,B-,B-,C,B,B,B+,B-,C+
2026,Julian Margrave,Nebraska Omaha,Sum,Junior,C,C,C+,C,C+,C-,C-,C-,C+,C+,C+,C,C,B+,C,B-,C+,C+,C,B-,C,C,C+,C+,C-,C,C+,C+,C+,C,C+,C+,B-,C+,C
2026,Khamani Cooper,Nebraska Omaha,Sum,Junior,D,D,D+,D,D+,D-,D-,D-,D+,C-,D+,D+,D,C,D+,C,D+,D+,D,C,D,D,C-,D+,D-,D,C-,D,D+,D,D+,D+,C,D,D
2026,Paul Djobet,Nebraska Omaha,Sum,Junior,C+,C,B,C+,B,C,C,C,B,B+,B,B,B-,A+,B,B+,B,B,B-,A-,B-,B-,B+,B,B,C+,B+,B,B,C,B+,B,A-,B-,C+
2026,Amire Robinson,Nevada,MWC,Junior,C+,C,B-,C+,B-,C+,C,C,B-,B-,B-,C+,C+,A,C+,B-,B-,C+,C+,B-,C+,C+,B-,C+,C,C+,B-,C+,B-,C,B-,B-,B,B-,C+
2026,Chuck Bailey III,Nevada,MWC,Junior,C+,C,B,C+,B,C,C-,C,B,B+,B,B-,B-,A-,B,B+,B,B,B-,B+,B-,B-,B+,B,C,C+,B+,B,B,C,B,B,A-,B,C+
2026,Elijah Price,Nevada,MWC,Sophomore,B+,B,A,B+,A,B-,B-,B,A,A,A,A-,A-,A+,A,A+,A-,A,A-,A+,B+,B+,A,A,B+,B,A,A,A-,B,A,A,A+,A-,B+
2026,Myles Walker,Nevada,MWC,Freshman,C+,C+,B-,C+,B-,C+,C+,C,B-,B-,B-,B-,C+,A,C+,B-,B-,C+,C+,B-,C+,C+,B-,C+,C+,C+,B-,C+,B-,C+,B-,B-,B,B-,C+
2026,Peyton White,Nevada,MWC,Freshman,C+,C-,B-,C+,B-,D+,D+,C-,B-,B,B-,B-,C+,B+,B-,B,B-,B-,C+,B,C+,C+,B,B-,C-,C,B,B-,B-,C-,B,B-,B+,B-,C
2026,Tyler Rolison,Nevada,MWC,Junior,B-,C+,B+,B-,B+,C+,C+,C+,B+,A-,B+,B+,B,A,B+,A-,B+,B+,B,A,B-,B,A-,B+,C,C+,A-,B,B+,C+,B+,B+,A,B,B-
2026,Vaughn Weems,Nevada,MWC,Junior,B+,B,A,B+,A,B,B,B,A,A,A,A-,A-,A+,A,A+,A,A,A-,A+,B+,A-,A,A,A-,B+,A,A,A,B,A,A,A+,A,B+
2026,Belal El Shakery,New Hampshire,AE,Junior,D,D,D+,D,D+,D-,D-,D-,D+,D+,D,D+,D,C+,D+,C,D+,D+,D,C,D,D,D+,D+,D,D,D+,D+,D+,D,C-,D,C-,D,D
2026,Comeh Emuobor,New Hampshire,AE,Junior,D,D-,D+,D-,D,D-,D-,D-,D,D+,D,D,D,C-,D,C-,D,D,D,C-,D-,D-,D+,D,D-,D-,D+,D,D,D-,D+,D,C-,D,D-
2026,Davide Poser,New Hampshire,AE,Junior,D,D,D+,D,D+,D-,D-,D-,D+,C-,D+,D+,D+,B-,D+,C,D+,D+,D,C,D,D,C-,D+,D,D,C-,D,C-,D,C-,D+,C,D,D
2026,Giannos Xanthopoulos,New Hampshire,AE,Freshman,D+,D+,C-,D+,C-,D+,D+,D,D+,C-,D+,D+,D+,D,D+,C,C-,C-,D+,C,D+,D+,D+,D+,D-,D+,D+,D+,C-,D+,C-,D+,C+,D+,D+
2026,Jack Graham,New Hampshire,AE,Junior,D,D,D+,D,D+,D-,D-,D-,D+,D+,D+,D+,D+,B,D+,C,D+,D+,D,C,D,D,C-,D+,D+,D,D+,D,D+,D,C-,D+,C,D,D
2026,John Squire,New Hampshire,AE,Sophomore,D+,D,C,D,C-,D,D,D,C-,C,C-,C-,D+,B,C-,C+,C,C-,D+,C+,D+,D+,C,C-,D,D,C,C-,C-,D,C+,C-,C+,D+,D
2026,KiJan Robinson,New Hampshire,AE,Junior,D,D-,D,D-,D,D-,D-,D-,D,D+,D,D,D,C+,D,C-,D,D,D,D+,D-,D-,D+,D,D-,D-,D,D,D,D-,D+,D,C-,D,D-
2026,Nick Sanford,New Hampshire,AE,Sophomore,D-,D-,D-,D-,D-,D-,D-,D-,D-,D-,D-,D-,D-,F,F,D-,D,D-,D-,D-,D-,D-,D-,D-,F,D-,D-,D-,D-,D-,D-,D-,D-,D-,D-
2026,R.J. Kennedy,New Hampshire,AE,Freshman,D-,D-,D,D-,D,D-,D-,D-,D,D+,D,D,D,D+,D,C-,D,D,D,D+,D-,D-,D+,D,D-,D-,D,D,D,D-,D+,D,D+,D,D-
2026,Tyler Bike,New Hampshire,AE,Freshman,C-,D+,C+,D+,C+,D,D,D,C+,C+,C,C,C-,B,C,B-,C+,C+,C,B-,C-,C-,C+,C+,D,D+,C+,C,C+,D+,C+,C,B,C,C-
2026,Aidan Losiewicz,New Haven,NEC,Freshman,D+,C-,C,C-,C,C-,D+,D+,C,C,C,C-,C-,B-,C-,C+,C+,C-,C-,C+,C-,C-,C,C-,D,C-,C,C-,C,D+,C,C,C+,C,C-
2026,Andre Pasha,New Haven,NEC,Sophomore,D+,D+,C,D+,C,D,D,D,C,C,C-,C-,C-,B+,C-,B-,C,C,C-,B-,D+,D+,C+,C,C-,D+,C+,C-,C,D,C+,C-,B-,C-,D+
2026,Jabri Fitzpatrick,New Haven,NEC,Junior,C-,D+,C+,C-,C+,D+,D+,D,C+,C+,C,C+,C,A-,C,B-,C+,C+,C,B-,C-,C-,B-,C+,C,D+,C+,C+,C+,D+,B-,C+,B,C,C-
2026,Najimi George,New Haven,NEC,Sophomore,D,D,D+,D,D+,D-,D-,D-,D+,C-,D+,D+,D+,C+,D+,C,D+,D+,D,C,D,D,C-,D+,D,D,D+,D+,D+,D-,C-,D,C,D,D
2026,Teshaun Steele,New Haven,NEC,Freshman,D+,D,C,D,C-,D,D,D,C-,C,C-,C-,D+,B-,C-,C+,C,C-,D+,C+,D+,D+,C,C-,D,D,C,D+,C-,D,C,D+,C+,D+,D
2026,Tristan Burth,New Haven,NEC,Freshman,D+,D+,C-,D,D+,D,D,D,D+,D+,D+,D+,D+,D,D,C,C-,D+,D,C-,D+,D,D+,D+,F,D+,D+,D+,C-,D,D+,D+,C,D+,D+
2026,Vere Anthony,New Haven,NEC,Freshman,C-,C-,C,C-,C,C-,D+,D+,C,C,C,C-,C-,C+,C-,C+,C,C-,C-,C+,C,C-,C,C-,D,C-,C,C-,C,C-,C,C,C+,C,C-
2026,Zoumana Traore,New Haven,NEC,Freshman,D,D+,D+,D,D+,D,D,D,D+,D+,D+,D+,D+,D,D,C,C-,D+,D,D+,D+,D,D+,D+,F,D,D+,D+,D+,D,D+,D,C,D+,D+
2026,Antonio Chol,New Mexico,MWC,Junior,B-,C+,B,B-,B,C,C,C,B,B+,B,B,B-,A,B,B+,B,B,B-,A-,B-,B-,B+,B,C,C+,B+,B,B,C,B+,B,A-,B,C+
2026,Jake Hall,New Mexico,MWC,Freshman,A-,B+,A+,A-,A+,B+,B+,B+,A+,A+,A+,A,A,A+,A+,A+,A+,A+,A,A+,A,A,A+,A+,A,A-,A+,A,A,B+,A+,A+,A+,A,A-
2026,JT Rock,New Mexico,MWC,Sophomore,A-,B+,A+,A-,A,B+,B,B+,A,A+,A,A,A,A+,A,A+,A,A+,A,A+,A-,A-,A+,A,A,B+,A,A,A,B+,A+,A,A+,A,B+
2026,Tomislav Buljan,New Mexico,MWC,Freshman,A-,B,A+,B+,A,B,B,B,A,A,A,A,A-,A+,A,A+,A,A,A,A+,A-,A-,A+,A,A-,B+,A,A,A,B,A,A,A+,A,B+
2026,Uriah Tenette,New Mexico,MWC,Freshman,A-,B,A+,B+,A,B,B,B,A,A+,A,A,A,A+,A,A+,A,A,A,A+,A-,A-,A+,A,B+,B+,A,A,A,B,A,A,A+,A,B+
2026,Augustine Ekwe,New Mexico St.,CUSA,Freshman,C,C,C+,C,C+,C,C-,C-,C+,C+,C+,C+,C,B,C+,C+,C+,C+,C,B-,C,C,C+,C+,D,C,C+,C+,C+,C,C+,C,B-,C+,C
2026,Cyr Malonga,New Mexico St.,CUSA,Junior,C+,C+,B-,C+,B-,C,C,C,B-,B-,C+,B-,C+,A-,B-,B-,B-,B-,C+,B,C+,C+,B-,B-,C,C+,B-,B-,B-,C,B-,C+,B,B-,C+
2026,Gabe Pickens,New Mexico St.,CUSA,Sophomore,D,D,C-,D,C-,D,D,D,C-,C,D+,C-,D+,C+,D+,C+,C-,C-,D+,C+,D,D+,C,C-,D-,D,C-,D+,C-,D,C,D+,C+,D+,D
2026,Jae'Coby Osborne,New Mexico St.,CUSA,Sophomore,C+,C,B,C+,B,C-,C-,C,B,B,B-,B-,C+,A-,B,B+,B,B,B-,B+,C+,C+,B+,B,C,C,B,B,B-,C,B,B,B+,B-,C+
2026,Churchill Abass,New Orleans,Slnd,Junior,C,C-,B-,C,B-,C-,D+,C-,B-,B-,C+,B-,C+,A,B-,B,B-,B-,C+,B+,C,C+,B,B-,C+,C-,B,B-,B-,C-,B,B-,B+,C+,C
2026,Enzo Boudouma,New Orleans,Slnd,Freshman,C,C-,B-,C,B-,D+,D+,D+,B-,B-,C+,C+,C,B,C+,B,B-,C+,C,B,C,C,B-,B-,D+,C-,B-,C+,C+,D+,B-,C+,B,C+,C-
2026,Irish Coquia,New Orleans,Slnd,Junior,C-,C-,C+,C,C,C-,C-,D+,C+,C+,C+,C,C,B,C-,C+,C+,C,C-,C+,C,C,C,C,D,C-,C,C,C+,C-,C,C,C+,C,C-
2026,Jamal Chretien II,New Orleans,Slnd,Freshman,D+,C-,C,D+,C-,C-,D+,D+,C-,C,C-,C-,D+,C+,D+,C+,C,C-,D+,C,C-,D+,C-,C-,D-,D+,C-,C-,C,D+,C-,C-,C+,C-,C-
2026,Kedrick Osby,New Orleans,Slnd,Junior,C,C-,B-,C-,B-,D+,D+,D+,B-,B-,C+,C+,C,B+,C+,B,B-,C+,C+,B,C,C,B-,B-,C-,C-,B-,C+,B-,D+,B-,C+,B,C+,C
2026,MJ Thomas,New Orleans,Slnd,Sophomore,B-,C,B,C+,B,C,C-,C,B,B,B,B,B-,A,B,B+,B,B,B-,A-,B-,B-,B+,B,B-,C+,B+,B,B,C,B+,B,A-,B-,C+
2026,Panagiotis Pagonis,New Orleans,Slnd,Freshman,C-,D+,C+,D+,C+,D,D,D,C,C+,C,C,C-,B-,C-,B-,C,C+,C-,B-,D+,C-,C+,C,D,D+,C+,C,C,D+,C+,C,B-,C,D+
2026,Tavaj Cope,New Orleans,Slnd,Junior,C,C-,B-,C,B-,D+,D+,D+,B-,B-,C+,C+,C,B+,C+,B,B-,C+,C+,B,C,C,B-,B-,C,C-,B-,C+,B-,D+,B-,B-,B,C+,C
2026,Brian Griffith,Niagara,MAAC,Junior,D-,D-,D,D-,D,D-,D-,D-,D,D,D,D,D,D+,D,D+,D,D,D,D+,D-,D-,D+,D,D-,D-,D,D,D,D-,D,D,D+,D,D-
2026,Drew Larson,Niagara,MAAC,Junior,C,C,C+,C,C+,C,C-,C-,C+,C+,C+,C+,C,B+,C+,B-,B-,C+,C,B-,C+,C,C+,C+,C-,C,C+,C+,C+,C,C+,C+,B-,C+,C
2026,Josiah Sabino,Niagara,MAAC,Junior,D+,D,C-,D,C-,D,D,D,C-,C,C-,D+,D+,B-,C-,C+,C-,C-,D+,C+,D,D+,C,C-,D,D,C,D+,C-,D,C,D+,C+,D+,D
2026,Justin Page,Niagara,MAAC,Junior,D,D,D+,D,D+,D-,D-,D-,D+,D+,D,D+,D,B-,D,C,D+,D+,D,C-,D,D,D+,D,D,D-,D+,D,D+,D-,D+,D,C-,D,D
2026,Landon Williams,Niagara,MAAC,Freshman,D,D,D+,D,C-,D,D-,D-,D+,C-,D+,D+,D+,B-,D+,C+,C-,D+,D+,C,D,D,C-,D+,D,D,C-,D+,C-,D,C-,D+,C,D+,D
2026,Trenton Walters,Niagara,MAAC,Junior,D,D,D+,D,D+,D-,D-,D-,D+,D+,D+,D+,D,C+,D,C,D+,D+,D,C,D,D,C-,D+,D,D,D+,D,D+,D-,C-,D,C,D,D
2026,Vice Zanki,Niagara,MAAC,Junior,D+,D+,C,D+,C+,D,D,D,C,C+,C,C-,D+,B+,C,B-,C,C,C-,B-,D+,C-,C+,C,C-,D+,C+,C-,C,D,C+,C,B-,C-,D+
2026,Will Shortt,Niagara,MAAC,Sophomore,D+,D+,C,D+,C,D,D,D,C,C,C-,C-,D+,B,C-,C+,C,C-,D+,B-,D+,D+,C+,C,D,D+,C+,C-,C-,D,C+,C-,C+,C-,D+
2026,Jalik Dunkley,Nicholls St.,Slnd,Sophomore,C+,C,B,C+,B,C-,D+,C-,B,B,B-,B-,C+,A-,B-,B+,B-,B-,C+,B+,C+,C+,B,B,C,C,B,B-,B-,C-,B,B-,B+,C+,C
2026,Nick Krass,Nicholls St.,Slnd,Junior,D+,D+,C-,D+,C-,D+,D+,D,C-,C-,C-,D+,D+,C-,D+,C,C,C-,D+,C,D+,D+,C-,D+,D-,D+,C-,D+,C-,D+,C-,D+,C,C-,D+
2026,Ari Fulton,NJIT,AE,Sophomore,D+,D+,C,D+,C,D,D,D,C,C,C-,C-,C-,B,C-,B-,C,C,C-,B-,D+,D+,C+,C,D+,D+,C+,C,C,D,C+,C-,B-,C-,D+
2026,David Bolden,NJIT,AE,Freshman,D,D,D+,D,D+,D-,D-,D-,D+,D+,D+,D+,D+,B,D+,C,D+,D+,D,C,D,D,C-,D+,D+,D,D+,D,D+,D-,D+,D,C,D,D
2026,Jeffrey Akintolu,NJIT,AE,Junior,D+,D+,C-,D+,C-,D+,D,D,D+,C-,D+,D+,D+,D,D,C,C-,D+,D+,C-,D+,D+,D+,D+,D-,D+,D+,D+,D+,D+,C-,D+,C,D+,D+
2026,Jeremy Clayville,NJIT,AE,Sophomore,D+,D+,C-,C-,C-,D+,D+,D+,C-,C,C-,C-,C-,C,D+,C+,C,C-,D+,C,C-,C-,C-,C-,D-,C-,C-,D+,C,D+,C-,C-,C+,C-,D+
2026,John Kelly,NJIT,AE,Sophomore,D+,D,C-,D,C-,D,D,D,C-,C,C-,D+,D+,C+,D+,C,C-,C-,D+,C+,D,D+,C,C-,D,D,C,D+,C-,D,C,D+,C+,D+,D
2026,Jordan Rogers,NJIT,AE,Sophomore,D+,D+,C,D+,C,D,D,D,C,C,C-,C-,C-,B,C-,B-,C,C,C-,B-,D+,D+,C+,C,D+,D+,C+,C-,C,D,C+,C-,B-,C-,D+
2026,Malachi Arrington,NJIT,AE,Sophomore,D+,D+,C,D+,C,D,D,D,C-,C,C-,C-,D+,C+,C-,C+,C,C-,D+,B-,D+,D+,C,C-,D-,D,C+,C-,C-,D,C+,C-,C+,C-,D+
2026,Quentin Duncan,NJIT,AE,Sophomore,D+,D,C-,D,C-,D,D,D,C-,C,C-,D+,D+,B,D+,C+,C-,C-,D+,C,D,D+,C,C-,D,D,C,D+,C-,D,C,D+,C+,D+,D
2026,Rocco Awad,NJIT,AE,Freshman,D-,D-,D,D-,D,D-,D-,D-,D,D+,D,D,D,C-,D,D+,D,D,D,D+,D-,D-,D+,D,D-,D-,D,D,D+,D-,D+,D,C-,D,D-
2026,Sebastian Robinson,NJIT,AE,Junior,D,D,C-,D,C-,D,D,D,C-,C,D+,C-,D+,B,D+,C+,C-,C-,D+,C+,D,D+,C,C-,D+,D,C-,D+,C-,D,C,D+,C+,D+,D
2026,Zack Scherler,NJIT,AE,Freshman,C-,C-,C,C-,C,C-,D+,D+,C,C,C-,C-,C-,C+,C-,C+,C,C-,D+,C+,C-,D+,C,C-,D-,C-,C-,C-,C,D+,C+,C,C+,C,C-
2026,Adrean Newton,Norfolk St.,MEAC,Freshman,D-,D-,D,D-,D,D-,D-,D-,D,D+,D,D,D,C-,D,C-,D,D,D,D+,D-,D-,D+,D,D-,D-,D,D,D+,D-,D,D,D+,D,D-
2026,Jordan Leaks,Norfolk St.,MEAC,Junior,D,D,D+,D,D+,D-,D-,D-,D+,C-,D+,D+,D,C+,D+,C,D+,D+,D,C,D,D,C-,D+,D,D,D+,D,D+,D,C-,D,C,D,D
2026,Melo Baines,Norfolk St.,MEAC,Sophomore,D+,D+,C-,D+,C-,D,D+,D,C-,C-,D+,D+,D+,D+,D+,C,C-,C-,D+,C,D+,D+,C-,D+,D-,D+,D+,D+,C-,D+,C-,D+,C,C-,D+
2026,My'kel Jenkins,Norfolk St.,MEAC,Sophomore,D+,D,C,D+,C-,D,D,D,C-,C,C-,C-,D+,B,C-,C+,C-,C-,D+,C+,D+,D+,C,C-,D,D,C,C-,C-,D,C+,C-,C+,D+,D
2026,Braylon Patton,North Alabama,ASun,Freshman,D-,D-,D-,D-,D-,D-,D-,D-,D-,D-,D-,D-,D-,D,D-,D,D,D-,D-,D,F,D-,D,D-,F,D-,D-,D-,D-,D-,D-,D-,D,D-,F
2026,Canin Jefferson,North Alabama,ASun,Junior,D,D,C-,D,D+,D,D,D,D+,C-,D+,D+,D+,C+,D+,C+,C-,C-,D+,C,D,D,C-,D+,D,D,C-,D+,C-,D,C-,D+,C+,D+,D
2026,Corneilous Williams,North Alabama,ASun,Junior,D+,D+,C,D+,C,D,D,D,C,C,C-,C-,C-,B,C-,B-,C,C,D+,B-,D+,D+,C+,C,D,D+,C+,C,C,D,C+,C-,C+,C-,D+
2026,Cortez Graham-Howard,North Alabama,ASun,Freshman,D,D-,D+,D-,D,D-,D-,D-,D,D+,D,D,D,C+,D,C-,D+,D,D,C-,D-,D,D+,D,D-,D-,D+,D,D+,D-,D+,D,C-,D,D-
2026,DarKaun King,North Alabama,ASun,Sophomore,C,C,C+,C,C+,C,C-,C-,C+,C+,C+,C+,C,B+,C,B-,C+,C+,C,B-,C+,C,C+,C+,C-,C,C+,C+,C+,C,B-,C+,B-,C+,C
2026,Kedar Bodie,North Alabama,ASun,Junior,D+,D+,C-,D+,C-,D+,D+,D,D+,C-,C-,D+,D+,D+,D+,C,C,C-,D+,C-,C-,D+,D+,D+,D-,D+,C-,D+,C-,D+,D+,D+,C,C-,D+
2026,Kevin de Kovachich,North Alabama,ASun,Sophomore,D,D,D+,D,D+,D-,D-,D-,D+,C-,D+,D+,D+,B-,D+,C,D+,D+,D,C,D,D,C-,D+,D,D,D+,D,D+,D,C-,D+,C,D,D
2026,Caleb Wilson,North Carolina,ACC,Freshman,A+,A+,A+,A+,A+,A+,A+,A+,A+,A+,A+,A+,A+,A+,A+,A+,A+,A+,A+,A+,A+,A+,A+,A+,A+,A+,A+,A+,A+,A+,A+,A+,A+,A+,A+
2026,Derek Dixon,North Carolina,ACC,Freshman,B,C+,A-,B,A-,C+,C+,C+,B+,A-,A-,B+,B,A+,B+,A,B+,B+,B+,A,B,B,A-,B+,B-,B-,A-,B+,B+,C+,A-,B+,A,B+,B-
2026,Evan Smith,North Carolina,ACC,Junior,A+,A,A+,A+,A+,A,A+,A+,A+,A+,A+,A+,A+,A+,A+,A+,A+,A+,A+,A+,A+,A+,A+,A+,A+,A,A+,A+,A+,A+,A+,A+,A+,A+,A+
2026,Henri Veesaar,North Carolina,ACC,Junior,A+,A+,A+,A+,A+,A+,A+,A+,A+,A+,A+,A+,A+,A+,A+,A+,A+,A+,A+,A+,A+,A+,A+,A+,A+,A+,A+,A+,A+,A+,A+,A+,A+,A+,A+
2026,Jarin Stevenson,North Carolina,ACC,Junior,B+,B,A,B+,A,B,B,B,A,A,A,A-,A-,A+,A,A+,A,A,A-,A+,B+,A-,A,A,B+,B,A,A,A,B,A,A,A+,A,B+
2026,Jaydon Young,North Carolina,ACC,Junior,C,C,C+,C,C+,C-,C-,C-,C+,C+,C+,C,C,B,C,B-,C+,C+,C,C+,C,C,C+,C,D+,C,C+,C,C+,C-,C+,C+,B-,C+,C
2026,John Holbrook,North Carolina,ACC,Sophomore,C-,C-,C,D+,C-,D+,D+,D+,C-,C,C-,C-,C-,C,D+,C,C,C-,D+,C+,C-,D+,C-,C-,D-,D+,C-,C-,C-,D+,C-,D+,C+,C-,D+
2026,Jonathan Powell,North Carolina,ACC,Sophomore,B,B-,A-,B,A-,B-,C+,B-,B+,A-,A-,B+,B,A+,A-,A,A-,A-,B+,A,B,B,A,B+,B,B-,A-,B+,B+,B-,A-,A-,A,B+,B
2026,Kyan Evans,North Carolina,ACC,Junior,C+,C,B,C+,B,C-,C-,C-,B,B,B,B-,C+,B,B-,B+,B,B,B-,B+,C+,C+,B+,B,C-,C,B,B-,B,C,B,B,A-,B-,C+
2026,Luka Bogavac,North Carolina,ACC,Junior,B,B-,A,B+,A,B-,B-,B-,A-,A,A,A-,B+,A+,A-,A,A-,A-,A-,A,B+,B+,A,A-,B-,B,A,A-,A-,B-,A-,A-,A+,A-,B
2026,Zayden High,North Carolina,ACC,Sophomore,B-,B-,B,B-,B,C+,C+,C+,B,B,B,B-,B-,A+,B-,B,B,B,B-,B+,B-,B-,B,B,B,B-,B,B,B,B-,B,B,B+,B,B-
2026,Amadou Doumbia,North Carolina A&T,CAA,Sophomore,C-,D+,C+,C-,C+,D+,D,D+,C+,C+,C,C,C,B+,C+,B-,C+,C+,C,B,C-,C-,B-,C+,C-,D+,B-,C+,C+,D+,B-,C+,B,C,C-
2026,Brooklyn Vick,North Carolina A&T,CAA,Freshman,D-,D-,D,D-,D,D-,D-,D-,D,D+,D,D,D,D+,D,C-,D,D,D,D+,D-,D-,D+,D,D-,D-,D,D,D+,D-,D+,D,C-,D,D-
2026,Bryson Ogletree,North Carolina A&T,CAA,Junior,D+,D,C-,D,C-,D,D,D,C-,C-,D+,D+,D+,C+,D+,C+,C-,C-,D+,C,D,D,C,D+,D,D,C,D+,C-,D,C,C-,C+,D+,D
2026,Dwayne Pierce,North Carolina A&T,CAA,Sophomore,D-,D-,D,D-,D,D-,D-,D-,D-,D,D-,D,D,D+,D-,D,D,D,D-,D,D-,D-,D,D-,D-,D-,D,D-,D,D-,D,D-,D+,D-,D-
2026,Lewis Walker,North Carolina A&T,CAA,Freshman,B-,C+,B+,B-,B+,C+,C,C,B+,B+,B,B,B-,A,B,A-,B+,B+,B,A-,B-,B-,B+,B+,C+,C+,B+,B,B,C+,B+,B+,A-,B,B-
2026,Mujahiid Burton,North Carolina A&T,CAA,Junior,D+,D,C,D+,C,D,D,D,C-,C,C-,C-,D+,B-,C-,C+,C,C-,D+,C+,D+,D+,C,C-,D,D,C+,C-,C,D,C,C-,C+,C-,D+
2026,Trent Middleton Jr.,North Carolina A&T,CAA,Junior,C-,D+,C+,D+,C+,D+,D,D,C+,C+,C,C+,C,B,C,B-,C+,C+,C,B-,C-,C-,B-,C+,D+,D+,C+,C,C+,D+,B-,C+,B,C-,C-
2026,Zamoku Weluche-Ume,North Carolina A&T,CAA,Sophomore,D,D,C-,D,C-,D,D,D,D+,C-,D+,D+,D+,C+,D+,C+,C-,C-,D+,C+,D,D,C-,C-,D,D,C-,D+,C-,D,C,D+,C+,D+,D
2026,Camren Daniels,North Carolina Central,MEAC,Freshman,D-,D-,D-,D-,D-,D-,D-,D-,D-,D-,D-,D-,D-,F,F,D-,D,D-,D-,D-,D-,D-,D-,D-,F,D-,D-,D-,D-,D-,D-,D-,D-,D-,D-
2026,Gage Lattimore,North Carolina Central,MEAC,Sophomore,D,D,C-,D,C-,D,D,D,D+,C-,D+,D+,D+,B,D+,C+,C-,C-,D+,C,D,D,C,C-,D,D,C-,D+,C-,D,C,D+,C+,D+,D
2026,Jonathan Dunn,North Carolina Central,MEAC,Junior,D,D,D,D,D,D,D,D,D,D,D,D,D,F,D,D+,D+,D,D,D,D,D,D,D,F,D,D,D,D,D,D,D,D+,D,D
2026,Ryan Archey,North Carolina Central,MEAC,Sophomore,D,D+,D+,D+,D+,D,D,D,D+,D+,D+,D+,D+,D,D+,C,C-,D+,D,C-,D+,D,D+,D+,F,D+,D+,D+,D+,D+,D+,D+,C-,D+,D
2026,Anthony Smith lll,North Dakota,Sum,Freshman,D+,D+,C+,D+,C+,D,D,D,C+,C+,C,C,C-,B,C-,B-,C+,C+,C-,B-,D+,C-,C+,C+,D+,D+,C+,C,C+,D+,C+,C,B-,C-,D+
2026,George Natsvlishvili,North Dakota,Sum,Junior,C-,C-,C,C,C+,C-,C-,C-,C+,C+,C,C,C,B-,C,C+,C+,C+,C-,B-,C,C,C+,C,D,C,C+,C,C+,C-,C+,C,B-,C+,C
2026,Greyson Uelmen,North Dakota,Sum,Freshman,C+,C,B,C+,B,C-,C-,C-,B,B,B-,B-,C+,A,B-,B+,B,B-,B-,B+,C+,C+,B,B,C+,C,B,B-,B-,C,B,B-,B+,B-,C+
2026,Josh Jones,North Dakota,Sum,Junior,D,D,D+,D,D+,D-,D-,D-,D+,D+,D+,D+,D,D+,D+,C,D+,D+,D,C,D,D,C-,D+,D-,D,C-,D+,D+,D,C-,D+,C,D+,D
2026,Marley Curtis,North Dakota,Sum,Freshman,D,D,D+,D,D+,D-,D-,D-,D+,D+,D+,D+,D+,C,D+,C,D+,D+,D,C,D,D,C-,D+,D-,D,C-,D+,D+,D,C-,D+,C,D,D
2026,Wylee Delorme,North Dakota,Sum,Sophomore,D+,D+,C,D+,C-,D+,D+,D+,C-,C,C-,C-,D+,C,C-,C,C,C-,D+,C,D+,D+,C-,C-,D-,D+,C-,C-,C-,D+,C-,C-,C+,C-,D+
2026,Zach Kraft,North Dakota,Sum,Sophomore,C-,D+,C+,C-,C+,D+,D,D,C+,C+,C,C,C-,B+,C,B-,C+,C+,C,B-,C-,C-,B-,C+,C-,D+,B-,C,C+,D+,B-,C+,B,C,C-
2026,Andy Stefonowicz,North Dakota St.,Sum,Sophomore,C+,C,B,C+,B,C-,C-,C-,B,B,B,B-,C+,A,B-,B+,B,B,B-,B+,C+,B-,B+,B,C+,C,B,B-,B,C,B,B,A-,B-,C+
2026,Caleb Schoenrock,North Dakota St.,Sum,Freshman,C,C-,B-,C,C+,C,C-,C-,C+,C+,C,C+,C,B+,C+,B-,C+,C+,C,B-,C+,C,C+,C+,C-,C,C+,C+,C+,C-,C+,C+,B,C+,C
2026,Carson Smith,North Dakota St.,Sum,Freshman,D+,D+,C,D+,C-,D+,D+,D+,C-,C,C-,C-,D+,C,D+,C,C,C-,D+,C,D+,D+,C-,C-,D-,D+,C-,D+,C-,D+,C-,D+,C+,C-,D+
2026,Damari Wheeler-Thomas,North Dakota St.,Sum,Junior,C+,C,B+,C+,B,C,C,C,B,B+,B,B,B-,A,B,B+,B,B,B,A-,B-,B-,B+,B,C+,C+,B,B,B,C,B+,B,A-,B-,C+
2026,Emil Skytta,North Dakota St.,Sum,Junior,C,C-,C+,C,C+,C,C-,C-,C+,C+,C+,C+,C,B,C,B-,C+,C+,C,B-,C,C,C+,C,D+,C,C+,C,C+,C-,C+,C+,B-,C+,C
2026,Noah Feddersen,North Dakota St.,Sum,Junior,B-,C+,B+,B-,B+,C+,C,C+,B+,B+,B,B,B-,A,B+,A-,B+,B,B,A-,B-,B-,B+,B+,B-,C+,B+,B+,B,C+,B+,B+,A-,B,B-
2026,Riley Massey,North Dakota St.,Sum,Freshman,C-,C-,C+,C-,C,C-,D+,D+,C,C+,C,C-,C-,B-,C-,C+,C+,C,C-,C+,C,C-,C,C,D,C-,C,C,C,D+,C,C,C+,C,C
2026,Trevian Carson,North Dakota St.,Sum,Junior,B+,B,A,B+,A,B-,B,B,A,A,A,A-,A-,A+,A,A+,A,A,A-,A+,B+,B+,A,A,B+,B,A,A,A,B,A,A,A+,A-,B+
2026,Treyson Anderson,North Dakota St.,Sum,Sophomore,B,B-,A-,B,A-,C+,C+,B-,B+,A-,B+,B+,B+,A+,A-,A,B+,A-,B+,A,B,B,A,A-,B+,B-,A-,A-,B+,B-,A-,A-,A,B+,B
2026,JB Frankel,Northeastern,CAA,Junior,D,D,D+,D,D+,D-,D-,D-,D+,D+,D+,D+,D,C+,D,C,D+,D+,D,C,D,D,C-,D+,D,D,D+,D,D+,D,D+,D,C,D,D
2026,Liam Koelsch,Northeastern,CAA,Freshman,C-,C-,C,C-,C+,C-,D+,D+,C,C,C-,C,C-,C+,C,C+,C+,C,C-,C+,C-,C-,C,C,D,C-,C,C,C,C-,C+,C-,C+,C,C-
2026,Luca Soroa Schaller,Northeastern,CAA,Sophomore,D,D,D+,D,D+,D-,D-,D-,D+,D+,D+,D+,D,C+,D+,C,D+,D+,D,C,D,D,C-,D+,D,D,D+,D+,D+,D,C-,D,C,D,D
2026,Mike Loughnane,Northeastern,CAA,Junior,D+,D+,C+,D+,C+,D,D,D,C+,C+,C,C,C-,B,C,B-,C+,C,C,B-,C-,C-,C+,C+,D+,D+,C+,C,C+,D,C+,C,B-,C-,D+
2026,Miles Newton,Northeastern,CAA,Freshman,C,C,C+,C+,C+,C,C,C-,C+,C+,C+,C+,C,B+,C,B-,B-,C+,C,B-,C+,C+,C+,C+,C-,C,C+,C+,C+,C,C+,C+,B-,C+,C
2026,Petar Pinter,Northeastern,CAA,Freshman,D,D,D+,D,D+,D-,D-,D-,D+,D+,D,D+,D,D+,D,C,D+,D+,D,C-,D-,D,D+,D,D-,D,D+,D,D+,D-,D+,D,C-,D,D-
2026,Ryan Williams,Northeastern,CAA,Sophomore,C+,C,B+,C+,B,C,C,C,B,B+,B,B,B-,A+,B,B+,B,B,B-,A-,B-,B-,B+,B,B+,C+,B+,B,B,C,B+,B,A-,B-,C+
2026,Ty Francis,Northeastern,CAA,Freshman,D,D,D+,D,D+,D-,D-,D-,D+,D+,D,D,D,C+,D+,C-,D+,D+,D,C-,D,D,D+,D+,D-,D,D+,D,D+,D-,D+,D,C,D,D-
2026,William Kermoury,Northeastern,CAA,Junior,C,C-,B-,C,B-,D+,D+,D+,B-,B,B-,B-,C+,A,B-,B,B-,B-,C+,B,C,C+,B,B-,C,C-,B-,B-,B-,C-,B,B-,B+,C+,C
2026,Xander Alarie,Northeastern,CAA,Freshman,C,C,C+,C,C+,C,C,C,C+,C+,C+,C+,C+,B,C+,B-,C+,C+,C,B-,C+,C,C+,C+,D+,C+,C+,C+,C+,C,B-,C+,B-,C+,C+
2026,Xavier Abreu,Northeastern,CAA,Freshman,C-,D+,C+,C-,C+,D+,D,D,C+,C+,C,C,C,B,C,B-,C+,C+,C,B-,C-,C-,B-,C+,D+,D+,C+,C,C+,D+,B-,C+,B,C,D+
2026,Arne Osojnik,Northern Arizona,BSky,Junior,D,D,D+,D,D+,D-,D-,D-,D+,D+,D+,D+,D,C+,D+,C,D+,D+,D,C,D,D,C-,D+,D,D,D+,D,D+,D,C-,D,C,D,D
2026,Brennan Peterson,Northern Arizona,BSky,Freshman,D,D,C-,D,D+,D,D,D-,D+,C-,D+,D+,D+,C,D+,C+,C-,D+,D+,C,D,D,C-,D+,D-,D,C-,D+,C-,D,C-,D+,C+,D+,D
2026,Chris Komin,Northern Arizona,BSky,Freshman,C-,D+,C+,C-,C+,D+,D+,D+,C+,B-,C+,C+,C,A-,C+,B,C+,C+,C,B,C-,C,B-,C+,C,D+,B-,C,C+,D+,B-,C+,B,C,C-
2026,Isaiah Shaw,Northern Arizona,BSky,Junior,D+,D,C,D+,C,D,D,D,C-,C,C-,C-,D+,B,C-,C+,C,C,D+,C+,D+,D+,C,C-,D,D+,C+,C-,C,D,C+,C-,C+,C-,D+
2026,Karl Poom,Northern Arizona,BSky,Sophomore,D,D,D+,D,D+,D-,D-,D-,D+,D+,D+,D+,D,C-,D+,C,D+,D+,D,C,D,D,D+,D+,D-,D,D+,D,D+,D-,D+,D,C-,D,D-
2026,Kavon Bradford,Northern Arizona,BSky,Sophomore,D-,D-,D,D-,D,D-,D-,D-,D,D+,D,D,D,D+,D,C-,D,D,D,D+,D-,D-,D+,D,D-,D-,D,D,D+,D-,D+,D,D+,D,D-
2026,Ryan Abelman,Northern Arizona,BSky,Junior,C-,D+,C+,C-,C+,D+,D+,D,C+,C+,C+,C+,C,B+,C,B-,C+,C+,C,B-,C-,C,B-,C+,C-,D+,C+,C+,C+,D+,B-,C+,B,C,C-
2026,Zack Davidson,Northern Arizona,BSky,Sophomore,C,C-,B-,C,B-,D+,D+,D+,B-,B-,C+,C+,C+,B+,C+,B,B-,C+,C+,B,C,C,B-,B-,C-,C-,B-,B-,C+,C-,B,B-,B,C+,C-
2026,Ariik Mawien,Northern Colorado,BSky,Sophomore,D+,D+,C,D+,C,D+,D+,D+,C-,C,C-,C-,C-,C,C-,C+,C,C-,D+,C,C-,D+,C-,C-,D-,D+,C-,C-,C,D+,C,C-,C+,C-,D+
2026,Egan Shields,Northern Colorado,BSky,Junior,C+,C,B,C+,B,C,C-,C,B,B,B,B-,B-,A-,B,B+,B,B,B-,B+,C+,C+,B+,B,C,C+,B,B,B,C,B+,B,A-,B-,C+
2026,Ring Nyeri,Northern Colorado,BSky,Sophomore,C,C-,B-,C-,B-,D+,D+,D+,B-,B-,C+,C+,C,A-,C+,B,C+,C+,C,B,C,C,B-,B-,C,C-,B-,C+,C+,D+,B,C+,B,C+,C-
2026,Vincent Delano,Northern Colorado,BSky,Sophomore,D+,D,C,D+,C-,D,D,D,C-,C,C-,C-,D+,B-,C-,C+,C-,C-,D+,C+,D,D+,C,C-,D,D,C,D+,C-,D,C,C-,C+,D+,D
2026,Carlos Coronado Jr.,Northern Illinois,MAC,Freshman,D,D,D+,D,D+,D,D,D,D+,D+,D+,D+,D+,D,D,C,C-,D+,D,C-,D+,D,D+,D+,F,D,D+,D+,D+,D,D+,D+,C-,D+,D
2026,Daemar Kelly,Northern Illinois,MAC,Junior,D-,D-,D,D-,D,D-,D-,D-,D,D,D,D,D,C,D-,D,D,D,D-,D+,D-,D-,D,D-,D-,D-,D,D-,D,D-,D,D-,D+,D-,D-
2026,Dylan Ducommun,Northern Illinois,MAC,Freshman,D-,D-,D,D-,D,D-,D-,D-,D,D+,D,D,D,C+,D,C-,D,D,D,D+,D-,D-,D+,D,D-,D-,D,D,D,D-,D+,D,D+,D-,D-
2026,Gianni Cobb,Northern Illinois,MAC,Sophomore,D+,D,C,D,C-,D,D,D,C-,C,C-,C-,D+,B-,C-,C+,C-,C-,C-,C+,D+,D+,C,C-,D,D,C,D+,C-,D,C,C-,C+,D+,D
2026,Gustav Winther,Northern Illinois,MAC,Freshman,D+,D+,C,D+,C,D,D,D,C,C,C-,C-,D+,B,C-,B-,C,C-,D+,C+,D+,D+,C+,C,D+,D,C+,C-,C-,D,C+,C-,C+,C-,D+
2026,Hassan Washington,Northern Illinois,MAC,Junior,D-,D-,D,D-,D,D-,D-,D-,D,D,D,D,D-,D-,D,D+,D,D,D-,D+,D-,D-,D,D-,F,D-,D,D-,D,D-,D,D-,D+,D-,D-
2026,Isaiah Washington,Northern Illinois,MAC,Freshman,D,D,D+,D,D+,D,D,D,D+,D+,D+,D+,D+,D-,D,C-,C-,D+,D,D+,D,D,D+,D,F,D,D+,D+,D+,D,D+,D+,C-,D+,D
2026,Jao Ituka,Northern Illinois,MAC,Junior,C,C,C+,C+,C+,C,C,C,C+,B-,C+,C+,C+,B+,C+,B-,B-,C+,C+,B-,C+,C+,C+,C+,C,C+,B-,C+,B-,C,B-,C+,B-,C+,C+
2026,Jaylen Wharton,Northern Illinois,MAC,Junior,D+,D+,C-,D+,C-,D+,D+,D+,C-,C-,D+,D+,D+,D+,D+,C,C-,C-,D+,C,D+,D+,C-,D+,D-,D+,D+,D+,C-,D+,C-,D+,C+,D+,D+
2026,Ladji Kante,Northern Illinois,MAC,Freshman,D+,D+,C-,D+,C-,D+,D+,D+,C-,C,C-,C-,D+,C,D+,C,C,C-,D+,C,D+,D+,C-,C-,D-,D+,C-,D+,C-,D+,C-,C-,C+,C-,D+
2026,Makhai Valentine,Northern Illinois,MAC,Sophomore,C,C-,C+,C-,C+,D+,D+,D+,C+,B-,C+,C+,C,A,C+,B-,C+,C+,C,B,C-,C,B-,C+,B-,C-,B-,C+,C+,D+,B-,C+,B,C+,C-
2026,Max Laskey,Northern Illinois,MAC,Freshman,C+,C,B-,C+,B-,C+,C,C,B-,B-,B-,B-,C+,A,C+,B,B-,C+,C+,B,C+,C+,B-,C+,B-,C+,B-,C+,B-,C,B-,B-,B,B-,C+
2026,Taj Walters,Northern Illinois,MAC,Freshman,D+,D+,C,D+,C,D,D,D,C,C+,C,C,C-,B,C,B-,C,C,C-,B-,D+,D+,C+,C,D+,D+,C+,C,C,D,C+,C,B-,C-,D+
2026,Geon Hutchins,Northern Iowa,MVC,Freshman,C-,C-,C+,C-,C,C-,D+,D+,C,C,C,C-,C-,B-,C-,C+,C,C,C-,C,C-,C-,C,C-,D,C-,C,C-,C,D+,C,C-,C+,C,C-
2026,Kyle Pock,Northern Iowa,MVC,Junior,B-,C+,B+,B-,B,C,C,C,B,B+,B,B,B-,A,B,B+,B,B,B-,A-,B-,B-,B+,B,C,C+,B+,B,B,C,B+,B,A-,B,B-
2026,Leon Bond III,Northern Iowa,MVC,Junior,B,C+,B+,B-,B+,C+,C+,C+,B+,A-,B+,B+,B,A+,B+,A,B+,B+,B,A,B,B,A-,B+,B-,B-,A-,B+,B+,C+,A-,B+,A,B,B-
2026,RJ Taylor,Northern Iowa,MVC,Sophomore,C,C,C+,C+,C+,C,C,C-,C+,B-,C+,C+,C,B+,C,B-,B-,C+,C,B-,C+,C+,C+,C+,C-,C,C+,C+,C+,C,C+,C+,B-,C+,C+
2026,Will Hornseth,Northern Iowa,MVC,Sophomore,B,B-,A,B,A-,B-,B-,B-,A-,A,A-,A-,B+,A+,A-,A,A-,A-,B+,A,B,B+,A,A-,B+,B,A,A-,A-,B-,A-,A-,A,A-,B
2026,Addison Archer,Northern Kentucky,Horz,Junior,D+,D+,C,D+,C-,D+,D+,D+,C-,C,C-,C-,D+,C+,D+,C+,C,C-,D+,C+,C-,D+,C-,C-,D-,D+,C-,C-,C,D+,C,C-,C+,C-,D+
2026,Bryce Darbyshire,Northern Kentucky,Horz,Junior,D+,D+,C-,D+,C-,D+,D+,D+,C-,C-,C-,D+,D+,C,D+,C,C,C-,D+,C-,C-,D+,C-,D+,D-,D+,C-,D+,C-,D+,C-,C-,C+,C-,D+
2026,Donovan Rakotonanahary,Northern Kentucky,Horz,Sophomore,C+,C,B,C+,B,C-,C-,C-,B,B,B-,B-,C+,A-,B-,B+,B,B-,B-,B+,C+,C+,B,B,C,C,B,B-,B-,C-,B,B,B+,B-,C+
2026,Ethan Elliott,Northern Kentucky,Horz,Freshman,D+,D,C,D+,C,D,D,D,C,C,C-,C-,D+,C+,C-,C+,C,C-,C-,C+,D+,D+,C+,C-,D,D,C,C-,C,D,C+,C-,B-,D+,D
2026,Ryan Tolliver,Northern Kentucky,Horz,Freshman,C-,C-,C,C-,C,D+,D+,D+,C,C,C-,C-,C-,C+,C-,C+,C,C,D+,C+,C-,C-,C-,C-,D-,C-,C,C-,C,C-,C,C-,C+,C-,C-
2026,BJ Plummer,North Florida,ASun,Freshman,D,D,D,D-,D+,D-,D-,D-,D,D+,D,D,D,C,D,C-,D,D,D,C-,D-,D-,D+,D,D-,D-,D+,D,D+,D-,D+,D,C-,D,D-
2026,Dante Oliver,North Florida,ASun,Sophomore,D,D,C-,D,D+,D-,D-,D-,D+,C-,D+,D+,D,C,D+,C,C-,D+,D,C,D,D,C-,D+,D-,D,C-,D+,C-,D,C-,D+,C,D+,D
2026,Kent Jackson,North Florida,ASun,Sophomore,D,D,D+,D-,D,D-,D-,D-,D,D+,D,D,D,B-,D,C-,D+,D,D,C-,D-,D,D+,D,D,D-,D+,D,D+,D-,D+,D,C-,D,D-
2026,Mason Lee,North Florida,ASun,Sophomore,D,D,C-,D,C-,D,D,D,C-,C-,D+,D+,D+,B,D+,C+,C-,C-,D+,C+,D,D,C,C-,D,D,C,D+,C-,D,C,D+,C+,D+,D
2026,Trey Cady,North Florida,ASun,Freshman,D,D,D+,D,D+,D-,D-,D-,D,D+,D,D,D,C+,D,C-,D+,D+,D,C-,D-,D,D+,D,D-,D,D+,D,D+,D-,D+,D,C-,D,D-
2026,Buddy Hammer Jr.,North Texas,Amer,Junior,B-,C+,B,C+,B,C,C,C,B,B+,B,B,B-,A-,B,B+,B,B,B-,B+,C+,B-,B+,B,C,C+,B+,B,B,C,B+,B,A-,B,C+
2026,Cahmai Crosby,North Texas,Amer,Junior,C-,C-,C,C-,C,D+,D+,D+,C,C,C,C-,C-,B-,C-,C+,C+,C,C-,C,C-,C-,C,C-,D,C-,C,C-,C,D+,C,C,C+,C,C-
2026,Cole Franklin,North Texas,Amer,Junior,C,C-,B-,C,B-,D+,D+,D+,B-,B-,C+,C+,C+,A,C+,B,B-,B-,C+,B,C,C,B-,B-,C,C-,B-,C+,B-,C-,B,C+,B,C+,C
2026,Curtis Stinson Jr.,North Texas,Amer,Freshman,D+,D+,C-,D+,C-,D+,D+,D,C-,C-,C-,C-,D+,C-,D+,C,C,C-,D+,C-,D+,D+,C-,D+,D-,D+,C-,D+,C-,D+,C-,C-,C,C-,D+
2026,David Terrell Jr.,North Texas,Amer,Junior,B,C+,A-,B-,B+,C+,C+,C+,B+,A-,B+,B+,B,A+,A-,A,B+,B+,B+,A,B,B,A-,B+,B,B-,A-,B+,B+,C+,A-,B+,A,B+,B-
2026,EJ Horton,North Texas,Amer,Freshman,C-,C-,C+,C-,C,C-,C-,C-,C,C+,C,C,C,B-,C-,C+,C+,C,C-,C+,C,C-,C,C,D,C-,C,C,C+,C-,C+,C,B-,C,C-
2026,Je'Shawn Stevenson,North Texas,Amer,Sophomore,B+,B,A,B+,A,B-,B-,B-,A,A,A,A-,B+,A+,A,A,A-,A,A-,A+,B+,B+,A,A,A-,B,A,A-,A-,B,A,A,A+,A-,B+
2026,Reece Robinson,North Texas,Amer,Sophomore,B,C+,B+,B-,B+,C+,C+,C+,B+,B+,B+,B,B,A-,B+,A,B+,B+,B,A,B-,B,A-,B+,C,B-,B+,B+,B+,C+,B+,B+,A,B,B-
2026,Angelo Ciaravino,Northwestern,B10,Sophomore,B,B-,A-,B,A-,C+,C+,B-,A-,A-,B+,B+,B,A+,A-,A,A-,B+,B+,A,B,B,A-,B+,B-,B-,A-,B+,B+,B-,A-,A-,A,B+,B
2026,Arrinten Page,Northwestern,B10,Junior,B+,B,A,B+,A,B,B,B,A,A,A,A,A-,A+,A,A+,A,A,A-,A+,B+,B+,A,A,A,B,A,A,A,B,A,A,A+,A-,B+
2026,Jake West,Northwestern,B10,Freshman,B-,C+,B+,B-,B+,C,C,C+,B+,B+,B,B,B-,A-,B,A-,B+,B,B,A-,B-,B-,B+,B+,C,C+,B+,B,B,C+,B+,B+,A,B,B-
2026,Jayden Reid,Northwestern,B10,Junior,B-,C+,B+,B-,B+,C+,C,C+,B+,B+,B+,B,B,A,B,B+,B+,B+,B,A-,B-,B,A-,B+,B-,C+,B+,B,B+,C+,B+,B+,A,B,B-
2026,Jordan Clayton,Northwestern,B10,Junior,B,C+,A-,B-,B+,C+,C+,C+,B+,B+,B+,B+,B,A,B+,A,B+,B+,B,A-,B-,B,A-,B+,C+,B-,B+,B,B+,C+,B+,B+,A,B+,B-
2026,K.J. Windham,Northwestern,B10,Sophomore,B-,C+,B,B-,B,B-,B-,C+,B,B,B,B,B-,A+,B-,B,B,B-,B-,B,B-,B-,B,B-,B+,B-,B,B-,B,B-,B,B,B+,B,B-
2026,Max Green,Northwestern,B10,Sophomore,C+,C,B,C+,B,C,C-,C,B,B,B,B-,B-,A+,B-,B+,B,B,B-,B+,C+,C+,B+,B,B-,C,B,B,B,C,B,B,A-,B-,C+
2026,Tre Singleton,Northwestern,B10,Freshman,B-,C+,B+,B-,B+,C,C,C+,B+,B+,B,B,B-,A,B,B+,B+,B,B,A-,B-,B-,B+,B+,C+,C+,B+,B,B,C+,B+,B+,A-,B,B-
2026,Tyler Kropp,Northwestern,B10,Freshman,C+,C,B,C+,B,C-,C-,C,B,B,B-,B-,C+,A,B-,B+,B,B-,B-,B+,C+,C+,B,B,C,C,B,B-,B-,C,B,B,B+,B-,C+
2026,Chip Brunt,Northwestern St.,Slnd,Junior,D+,D,C,D+,C,D,D,D,C-,C,C-,C-,D+,B,C-,C+,C-,C-,D+,C+,D,D+,C,C-,D+,D,C,D+,C,D,C,C-,C+,D+,D
2026,Chris Mubiru,Northwestern St.,Slnd,Junior,C,C-,B-,C,B-,D+,D+,D+,B-,B-,C+,C+,C,A-,C+,B,B-,C+,C+,B,C,C,B-,B-,C,C-,B-,C+,C+,C-,B-,C+,B,C+,C
2026,CJ Larry,Northwestern St.,Slnd,Freshman,D,D-,D+,D-,D,D-,D-,D-,D,D+,D,D,D,D,D,C-,D+,D,D,D+,D-,D-,D+,D,F,D-,D,D,D+,D-,D+,D,C-,D,D-
2026,Izzy Miles,Northwestern St.,Slnd,Junior,D+,D+,C,D+,C,D,D,D,C,C,C-,C-,C-,B,C-,C+,C,C-,C-,C+,D+,D+,C+,C-,D+,D,C,C-,C,D,C+,C-,C+,D+,D+
2026,Justin Redmond,Northwestern St.,Slnd,Sophomore,D,D,C-,D,D+,D,D-,D-,D+,C-,D+,D+,D+,C+,D+,C,C-,D+,D+,C,D,D,C-,D+,D,D,C-,D+,C-,D,C-,D+,C+,D+,D
2026,Kordrick Turner,Northwestern St.,Slnd,Junior,D+,D+,C+,D+,C+,D,D,D,C,C,C-,C-,C-,B,C-,C+,C,C,C-,B-,D+,D+,C+,C,D,D+,C+,C-,C,D,C+,C-,B-,C-,D+
2026,Moustapha Loum,Northwestern St.,Slnd,Sophomore,C-,C-,C,C-,C,D+,D+,D+,C,C,C-,C,C-,C+,C-,C+,C,C,C-,C+,C-,C-,C,C,D-,C-,C,C,C+,D+,C+,C,C+,C,C-
2026,Omar Adegbola,Northwestern St.,Slnd,Sophomore,C-,C-,C,C-,C,D+,D+,D+,C,C,C,C-,C-,C+,C-,C+,C,C,C-,C+,C,C-,C,C-,D,C-,C,C-,C,C-,C,C,C+,C,C-
2026,Brady Koehler,Notre Dame,ACC,Freshman,C+,C,B,C+,B,C-,C-,C,B,B,B-,B-,C+,A,B,B+,B,B-,B-,B+,C+,C+,B,B,B-,C,B,B,B-,C,B,B,B+,B-,C+
2026,Brady Stevens,Notre Dame,ACC,Sophomore,D,D,D+,D,D+,D,D,D,D+,D+,D+,D+,D+,D-,D,C-,D+,D+,D,D+,D+,D,D,D,F,D,D+,D,D+,D,D,D,C-,D+,D
2026,Braeden Shrewsberry,Notre Dame,ACC,Junior,B,B-,A-,B,A-,C+,C+,C+,B+,A-,B+,B+,B,A+,B+,A,B+,A-,B+,A,B,B,A-,B+,B-,B-,A-,B+,B+,C+,A-,B+,A,B+,B-
2026,Cole Certa,Notre Dame,ACC,Sophomore,B-,C+,B+,B-,B+,C+,C+,C+,B+,B+,B+,B+,B,A+,B+,A-,B+,B+,B,A-,B-,B,A-,B+,B-,C+,B+,B,B+,C+,B+,B+,A,B,B-
2026,Garrett Sundra,Notre Dame,ACC,Sophomore,B-,C+,B+,C+,B,C,C,C,B,B+,B,B,B-,A,B,B+,B,B,B-,B+,B-,B-,B+,B,C+,C+,B+,B,B,C,B+,B,A-,B,C+
2026,Jalen Haralson,Notre Dame,ACC,Freshman,B,B-,A-,B,A-,B-,C+,B-,A-,A-,A-,B+,B+,A+,A-,A-,B+,B+,B+,A,B,B,A-,A-,B+,B-,A-,A-,B+,B-,A-,A-,A,B+,B
2026,Logan Imes,Notre Dame,ACC,Junior,C+,C,B,C+,B,C-,C-,C-,B-,B,B-,B-,C+,A-,B-,B+,B-,B-,B-,B+,C+,C+,B,B,C,C,B,B-,B-,C-,B,B-,B+,B-,C
2026,Markus Burton,Notre Dame,ACC,Junior,B,B,B+,B,B+,B,B,B,B+,B+,B+,B+,B+,A+,B+,B+,B+,B+,B+,A-,B+,B+,B+,B+,A,B,B+,B+,B+,B,B+,B+,A-,B+,B
2026,Ryder Frost,Notre Dame,ACC,Freshman,C+,C+,B-,B-,B,C+,C+,C+,B,B,B-,B-,C+,A+,C+,B,B,B-,B-,B,B-,C+,B-,B-,B,C+,B-,B-,B-,C+,B,B-,B,B-,B-
2026,Sir Mohammed,Notre Dame,ACC,Sophomore,C-,D+,C+,C-,C+,D+,D+,D+,C+,C+,C,C+,C,B,C,B-,C+,C+,C,B-,C-,C-,C+,C+,D+,D+,C+,C,C+,D+,B-,C+,B,C,C-
2026,Isaac Garrett,Oakland,Horz,Junior,B-,C+,B+,C+,B,C,C,C,B,B+,B,B,B-,A+,B,B+,B,B,B,A-,B-,B-,B+,B+,B-,C+,B+,B,B,C,B+,B,A-,B,C+
2026,Khoi Thurmon,Oakland,Horz,Junior,D,D-,D+,D,D+,D-,D-,D-,D,D+,D,D,D,C-,D,C-,D+,D+,D,C-,D,D,D+,D,D-,D-,D+,D,D+,D-,D+,D,C-,D,D
2026,Nassim Mashhour,Oakland,Horz,Sophomore,C,C,C+,C+,C+,C,C+,C,C+,B-,C+,C+,C+,B+,C+,B-,B-,C+,C+,B-,C+,C+,C+,C+,C,C+,C+,C+,B-,C,B-,C+,B-,C+,C+
2026,Warren Marshall IV,Oakland,Horz,Sophomore,D+,D+,C+,D+,C+,D,D,D,C,C+,C,C,C-,B,C,B-,C,C,C,B-,D+,D+,C+,C,D+,D+,C+,C,C+,D,C+,C,B-,C,D+
2026,Elijah Elliott,Ohio,MAC,Sophomore,C-,D+,C+,C-,C+,D,D,D,C+,C+,C,C,C-,C+,C,B-,C+,C+,C,B-,C-,C-,B-,C+,D-,D+,C+,C,C+,D+,C+,C,B,C,C-
2026,Javan Simmons,Ohio,MAC,Junior,B,B-,A-,B,A-,C+,C+,B-,A-,A-,A-,B+,B,A,A-,A,B+,A-,B+,A,B,B,A,A-,B-,B-,A-,B+,B+,B-,A-,A-,A,B+,B
2026,Jesse Burris,Ohio,MAC,Freshman,D+,D+,C-,D+,D+,D,D,D,D+,C-,D+,D+,D+,D,D+,C,C-,D+,D+,C-,D+,D+,D+,D+,D-,D+,D+,D+,C-,D+,D+,D+,C,D+,D+
2026,JJ Kelly,Ohio,MAC,Freshman,C-,D+,C+,C-,C+,D+,D+,D+,C+,C+,C,C,C-,A-,C+,B,C+,C+,C,B-,C-,C-,B-,C+,C,D+,B-,C+,C+,D+,B-,C+,B-,C,C-
2026,Kiir Kuany,Ohio,MAC,Freshman,C,C,C+,C,C+,C-,C-,C-,C+,C+,C+,C+,C,B,C,B-,C+,C+,C,B-,C,C,C+,C+,D+,C,C+,C+,C+,C-,C+,C+,B-,C+,C
2026,Amare Bynum,Ohio St.,B10,Freshman,B+,B-,A,B,A-,B-,B-,B-,A,A,A-,A-,B+,A+,A-,A,A-,A-,B+,A,B+,B+,A,A,B+,B,A,A-,A-,B-,A,A,A+,A-,B
2026,Braylen Nash,Ohio St.,B10,Sophomore,C+,C+,B-,C+,C+,C+,C-,C,B-,B-,B-,C+,C+,A,C+,B-,B-,C+,C+,B-,C+,C+,B-,C+,C,C+,B-,C+,B-,C,C+,C+,B,C+,C+
2026,Colin White,Ohio St.,B10,Sophomore,C+,C,B-,C+,B-,C+,C,C,B-,B-,C+,C+,C+,A,C+,B-,B-,C+,C+,B-,C+,C+,B-,C+,C,C+,B-,C+,B-,C+,B-,B-,B,B-,C+
2026,Devin Royal,Ohio St.,B10,Junior,B+,B,A,B+,A,B-,B-,B-,A,A,A,A-,B+,A+,A-,A,A,A,A-,A+,B+,B+,A,A,B,B,A,A-,A-,B,A,A,A+,A-,B
2026,Gabe Cupps,Ohio St.,B10,Sophomore,C+,C-,B,C+,B,C-,C-,C-,B-,B,B-,B-,C+,A-,B-,B+,B,B-,C+,B+,C+,C+,B,B-,C,C,B,B-,B-,C-,B,B,B+,B-,C+
2026,Ivan Njegovan,Ohio St.,B10,Sophomore,B-,B-,B,B-,B,B-,C+,B-,B,B,B,B,B-,A+,B,B,B,B,B-,B+,B-,B-,B,B,B,B-,B,B,B,B-,B,B,B+,B,B-
2026,John Mobley Jr.,Ohio St.,B10,Sophomore,B+,B,A+,B+,A,B,B,B,A,A+,A,A,A-,A+,A,A+,A,A,A,A+,A-,A-,A+,A,A-,B+,A,A,A,B,A,A,A+,A,B+
2026,Taison Chatman,Ohio St.,B10,Junior,B,C+,A-,B,A-,C+,C+,B-,B+,A-,B+,B+,B,A+,B+,A,A-,B+,B+,A,B,B,A-,B+,B,B-,A-,B+,B+,C+,A-,A-,A,B+,B
2026,Dayton Forsythe,Oklahoma,SEC,Sophomore,C+,C,B,C+,B,C-,C-,C-,B,B,B-,B-,C+,B+,B-,B+,B,B,B-,B+,C+,C+,B,B,C-,C,B,B-,B,C,B,B,B+,B-,C+
2026,Derrion Reid,Oklahoma,SEC,Sophomore,B+,B,A,B+,A,B-,B-,B-,A,A,A,A-,B+,A+,A-,A,A,A-,A-,A,B+,B+,A,A,B+,B,A,A-,A-,B,A,A,A+,A-,B
2026,Kai Rogers,Oklahoma,SEC,Freshman,B-,C+,B,C+,B,C+,C+,C+,B,B,B-,B-,B-,A+,B,B,B,B-,B-,B,B-,C+,B-,B-,B-,B-,B-,B-,B-,C+,B,B-,B+,B-,B-
2026,Kuol Atak,Oklahoma,SEC,Freshman,B,B-,B+,B,B,B-,B-,B-,B+,B+,B,B,B,A+,B,B+,B,B,B,B+,B,B,B,B,A,B,B,B,B+,B-,B,B,A-,B,B
2026,Xzayvier Brown,Oklahoma,SEC,Junior,B+,B,A,B+,A,B,B,B,A,A,A,A,A-,A+,A,A,A,A,A,A+,B+,A-,A,A,A-,B,A,A,A,B,A,A,A+,A-,B+
2026,Andrija Vukovic,Oklahoma St.,B12,Sophomore,B,C+,A-,B,A-,C+,C+,C+,B+,A-,B+,B+,B,A+,B+,A,B+,B+,B,A,B,B,A-,B+,B+,B-,A-,B+,B+,C+,A-,B+,A,B+,B-
2026,Benjamin Ahmed,Oklahoma St.,B12,Freshman,C+,C+,B-,C+,B-,C,C,C,B-,B-,C+,C+,C+,B+,C+,B-,B-,B-,C,B,C+,C,B-,C+,C-,C+,B-,B-,B-,C,B-,C+,B,B-,C+
2026,Isaiah Coleman,Oklahoma St.,B12,Junior,C,C-,B-,C,B-,D+,D+,D+,B-,B-,C+,C+,C+,A-,C+,B,B-,B-,C+,B,C,C,B-,B-,C,C-,B-,B-,B-,C-,B,B-,B,C+,C-
2026,Jaylen Curry,Oklahoma St.,B12,Junior,B,B-,A,B,A-,B-,B-,B-,A-,A,A-,A-,B+,A+,A-,A,A-,A-,A-,A,B+,B+,A,A,B,B,A,A-,A-,B-,A,A-,A+,A-,B
2026,Kanye Clary,Oklahoma St.,B12,Junior,B,B-,A,B,A-,B-,B-,B-,A-,A,A-,A-,B+,A+,A-,A,A-,A-,B+,A,B,B+,A,A-,B-,B-,A,A-,A-,B-,A-,A-,A+,B+,B
2026,Lefteris Mantzoukas,Oklahoma St.,B12,Freshman,C-,C-,C+,C-,C+,C-,C-,C-,C+,C+,C,C,C,B,C,C+,C+,C+,C-,B-,C,C-,C+,C,D,C,C+,C,C+,C-,C+,C,B-,C+,C
2026,Ryan Crotty,Oklahoma St.,B12,Freshman,C,C-,C+,C,C+,C-,C-,C-,C+,C+,C+,C,C,B,C,B-,C+,C+,C,C+,C,C,C+,C,D+,C,C+,C,C+,C-,C+,C+,B-,C+,C
2026,Vyctorius Miller,Oklahoma St.,B12,Sophomore,B-,C+,B+,B-,B+,C,C,C,B+,B+,B,B,B-,A+,B,B+,B,B,B,A-,B-,B,B+,B+,B-,C+,B+,B,B,C+,B+,B+,A-,B,B-
2026,Donovan Raymond,Old Dominion,SB,Sophomore,C,C-,C+,C,C+,C-,C-,C-,C+,C+,C,C+,C,B,C+,C+,C+,C+,C,B-,C,C-,C+,C+,D,C,C+,C+,C+,C,C+,C,B-,C+,C
2026,Drew McKenna,Old Dominion,SB,Sophomore,C,C,C+,C,C+,C,C-,C,C+,C+,C+,C+,C,B,C,B-,C+,C+,C,B-,C+,C,C+,C+,D+,C,C+,C+,C+,C,B-,C+,B-,C+,C
2026,Jared Turner,Old Dominion,SB,Junior,C+,C,B,C+,B,C-,C-,C-,B,B,B-,B-,C+,A,B-,B+,B,B-,C+,B+,C+,C+,B,B,C,C,B,B-,B-,C-,B,B,B+,B-,C+
2026,Robert Davis Jr.,Old Dominion,SB,Junior,D,D,D+,D,D+,D-,D-,D-,D+,C-,D+,D+,D+,B-,D+,C,D+,D+,D,C,D,D,C-,D+,D,D,C-,D,C-,D,C-,D+,C,D,D
2026,Scottie Hubbard,Old Dominion,SB,Sophomore,D+,D+,C+,D+,C+,D,D,D,C+,C+,C,C,C-,B-,C,B-,C+,C,C-,B-,D+,C-,C+,C+,D,D+,C+,C,C,D,C+,C,B-,C,D+
2026,Zacch Wiggins,Old Dominion,SB,Freshman,C,C-,B-,C,B-,D+,D+,D+,B-,B-,C+,C+,C,B+,C+,B,B-,C+,C+,B,C,C,B-,B-,C,C-,B-,C+,B-,D+,B-,C+,B,C+,C
2026,Baron Smith Jr.,Oral Roberts,Sum,Sophomore,D+,D+,C,D+,C-,D+,D+,D+,C-,C-,C-,C-,C-,C-,D+,C,C,C-,D+,C,C-,D+,C-,D+,D-,D+,C-,C-,C-,D+,C-,C-,C+,C-,D+
2026,Cal Furnish,Oral Roberts,Sum,Freshman,D+,D+,C,D+,C+,D,D,D,C,C+,C,C-,C-,B-,C-,B-,C,C,C-,B-,D+,D+,C+,C,D,D+,C+,C-,C,D,C+,C,B-,C-,D+
2026,Connor Dow,Oral Roberts,Sum,Junior,D+,D+,C+,D+,C+,D,D,D,C+,C+,C,C,C-,A-,C,B-,C+,C,C,B-,D+,C-,C+,C+,C,D+,C+,C,C+,D+,C+,C,B-,C-,D+
2026,Jack Turner,Oral Roberts,Sum,Sophomore,D-,D-,D,D-,D,D-,D-,D-,D,D,D,D,D,D,D-,D+,D,D,D-,D+,D-,D-,D,D-,F,D-,D,D-,D,D-,D,D-,D+,D-,D-
2026,Luke Gray,Oral Roberts,Sum,Sophomore,C-,C-,C+,C-,C+,D+,D+,D+,C+,C+,C,C+,C,B,C+,B,C+,C+,C,B,C-,C-,B-,C+,D+,D+,B-,C+,C+,D+,B-,C+,B,C,C-
2026,Martins Kilups,Oral Roberts,Sum,Freshman,D+,D+,C,D+,C,D,D,D,C,C,C-,C-,D+,B-,C-,B-,C,C-,C-,C+,D+,D+,C+,C-,D,D+,C+,C-,C,D,C+,C-,B-,C-,D+
2026,Ofri Naveh,Oral Roberts,Sum,Sophomore,C,C-,B-,C-,C+,D+,D+,D+,B-,B-,C+,C+,C,B+,C+,B,B-,C+,C,B,C,C,B-,B-,C-,C-,B-,C+,C+,D+,B-,C+,B,C+,C-
2026,Yuto Yamanouchi-Williams,Oral Roberts,Sum,Junior,D,D,D+,D,D+,D-,D-,D-,D+,D+,D,D+,D,C+,D+,C-,D+,D+,D,C,D,D,D+,D+,D,D,D+,D,D+,D,C-,D,C,D,D
2026,Devon Pryor,Oregon,B10,Junior,C+,C+,B-,C+,B-,C+,C,C,B-,B-,B-,C+,C+,A,C+,B-,B-,C+,C+,B,C+,C+,B-,C+,C,C+,B-,C+,B-,C,B-,B-,B,B-,C+
2026,Ege Demir,Oregon,B10,Junior,C,C,C+,C,C+,C,C-,C,C+,C+,C+,C+,C,B,C+,B-,C+,C+,C,B-,C+,C,C+,C+,D+,C,C+,C+,C+,C,B-,C+,B-,C+,C
2026,Jackson Shelstad,Oregon,B10,Junior,B,B-,A,B,A-,C+,C+,B-,A-,A-,A-,B+,B+,A+,A-,A,B+,A-,B+,A,B,B+,A,A-,B-,B-,A-,B+,B+,B-,A-,A-,A,B+,B
2026,Jamari Phillips,Oregon,B10,Sophomore,C-,C-,C,C-,C,D+,D+,D+,C,C,C,C-,C-,C+,C-,C+,C,C,C-,C,C-,C-,C-,C-,D,C-,C,C-,C,D+,C,C-,C+,C,C-
2026,Kwame Evans Jr.,Oregon,B10,Junior,B+,B,A,B+,A,B,B,B,A,A,A,A,A-,A+,A,A+,A,A,A-,A+,B+,B+,A,A,A,B,A,A,A,B,A,A,A+,A-,B+
2026,Sean Stewart,Oregon,B10,Junior,B-,C,B,C+,B,C,C-,C,B,B,B,B,B-,A,B,B+,B,B,B-,B+,C+,B-,B+,B,C,C+,B+,B,B,C,B+,B,A-,B-,C+
2026,Wei Lin,Oregon,B10,Sophomore,C-,D+,C+,C-,C+,D+,D+,D,C+,B-,C+,C+,C,B,C,B-,C+,C+,C,B-,C-,C,B-,C+,D+,D+,C+,C,C+,D+,B-,C+,B,C,C-
2026,Dez White,Oregon St.,WCC,Junior,C-,D+,C+,C-,C+,D+,D+,D+,C+,B-,C+,C+,C,A-,C,B-,C+,C+,C,B,C-,C,B-,C+,C,D+,B-,C,C+,D+,B-,C+,B,C,C-
2026,Isaiah Sy,Oregon St.,WCC,Junior,C,C-,B-,C,B-,C-,D+,D+,B-,B,B-,B-,C+,A-,B-,B,B-,B-,C+,B,C,C+,B,B-,C,C-,B,B-,B-,C-,B,B-,B+,C+,C
2026,Johan Munch,Oregon St.,WCC,Sophomore,C,C-,B-,C-,B-,D+,D+,D+,B-,B-,C+,C+,C+,B+,C+,B,B-,C+,C+,B,C,C,B-,B-,C,C-,B-,B-,C+,D+,B,C+,B,C+,C-
2026,Josiah Lake II,Oregon St.,WCC,Junior,B,B-,A,B,A-,C+,C+,B-,A-,A,A-,B+,B+,A+,A-,A,A-,A-,B+,A,B,B+,A,A-,B,B-,A-,B+,B+,B-,A-,A-,A,B+,B
2026,Keziah Ekissi,Oregon St.,WCC,Sophomore,D+,D+,C+,D+,C+,D,D,D,C,C+,C,C,C-,B,C,B-,C+,C+,C,B-,D+,C-,C+,C+,D,D+,C+,C,C+,D+,C+,C,B,C,D+
2026,Matija Samar,Oregon St.,WCC,Freshman,D+,D+,C+,D+,C,D,D,D,C,C+,C,C,C-,B,C-,C+,C,C,C-,C+,D+,C-,C+,C,D,D+,C+,C-,C+,D,C+,C,B-,C-,D+
2026,Noah Amenhauser,Oregon St.,WCC,Junior,C+,C,B,C+,B,C-,C-,C-,B,B,B-,B-,C+,B+,B-,B+,B,B-,B-,B+,C+,C+,B,B,C-,C,B,B-,B-,C,B,B-,B+,B-,C+
2026,Olavi Suutela,Oregon St.,WCC,Freshman,C,C-,B-,C,B-,D+,D+,D+,B-,B-,C+,C+,C,B+,C+,B,B-,C+,C+,B,C,C,B-,B-,C-,C-,B,C+,B-,D+,B-,B-,B,C+,C
2026,Yaak Yaak,Oregon St.,WCC,Junior,C+,C,B,C+,B,C-,C-,C-,B,B,B-,B-,C+,A-,B-,B+,B,B-,B-,B+,C+,C+,B,B,C,C,B,B-,B-,C,B,B,B+,B-,C+
2026,Jaion Pitt,Pacific,WCC,Freshman,B-,C+,B+,B-,B+,C,C,C,B+,B+,B,B,B-,A+,B,B+,B+,B,B,A-,B-,B-,B+,B+,B,C+,B+,B,B,C+,B+,B+,A-,B,C+
2026,Kajus Kublickas,Pacific,WCC,Sophomore,D+,D+,C+,D+,C+,D,D,D,C,C+,C,C,C-,B-,C-,C+,C,C,C-,B-,D+,C-,C+,C,D,D+,C+,C-,C+,D+,C+,C,B-,C-,D+
2026,AJ Levine,Penn,Ivy,Sophomore,C,C-,B-,C,B-,D+,D+,D+,B-,B-,C+,B-,C+,A,C+,B,B-,B-,C+,B,C,C+,B,B-,C,C-,B-,C+,B-,D+,B,C+,B,C+,C
2026,Augustus Gerhart,Penn,Ivy,Junior,C+,C,B,C,B,C-,D+,C-,B,B,B-,B-,C+,B+,B-,B+,B,B-,C+,B+,C+,C+,B,B,C,C,B,B-,B-,C-,B,B-,B+,B-,C
2026,Dalton Scantlebury,Penn,Ivy,Freshman,B-,C+,B+,B-,B+,C,C,C+,B+,B+,B,B,B-,A,B+,A-,B+,B,B,A-,B-,B-,B+,B+,C,C+,B+,B,B,C+,B+,B+,A-,B,B-
2026,Jay Jones,Penn,Ivy,Freshman,C,C-,B-,C,B-,D+,D+,D+,B-,B-,C+,C+,C,B,C+,B,B-,C+,C+,B,C,C,B-,B-,D+,C-,B-,C+,B-,C-,B-,C+,B,C+,C
2026,Lucas-Allan Lueth,Penn,Ivy,Sophomore,C,C-,B-,C-,B-,D+,D+,D+,B-,B-,C+,C+,C,B,C+,B,B-,C+,C+,B,C,C,B-,B-,D+,C-,B-,C+,C+,D+,B,C+,B,C+,C-
2026,Niklas Polonowski,Penn,Ivy,Junior,C-,C-,C,C-,C,D+,D+,D+,C,C,C,C-,C-,B-,C-,C+,C+,C,C-,C+,C-,C-,C,C-,D,C-,C,C-,C,D+,C,C,C+,C,C-
2026,TJ Power,Penn,Ivy,Junior,B,C+,B+,B-,B+,C+,C+,C+,B+,B+,B+,B+,B,A+,B+,A-,B+,B+,B,A,B,B,A-,B+,B+,B-,B+,B+,B+,C+,B+,B+,A,B,B-
2026,Dominick Stewart,Penn St.,B10,Sophomore,C,C-,B-,C,B-,D+,D+,D+,B-,B,B-,B-,C+,A-,C+,B,B-,B-,C+,B,C,C+,B,B-,C,C-,B,C+,B-,C-,B,B-,B+,C+,C
2026,Eli Rice,Penn St.,B10,Sophomore,C+,C-,B,C+,B,C-,D+,C-,B-,B,B-,B-,C+,B+,B-,B+,B-,B-,C+,B,C+,C+,B,B-,C,C,B,B-,B-,C-,B,B-,B+,B-,C+
2026,Freddie Dilione V,Penn St.,B10,Junior,B,B-,A,B,A-,C+,C+,B-,A-,A-,A-,B+,B+,A+,A-,A,B+,A-,B+,A,B,B,A,A-,B+,B-,A-,B+,B+,B-,A-,A-,A,B+,B
2026,Ivan Juric,Penn St.,B10,Freshman,C+,C,B,C+,B,C-,C-,C-,B,B,B-,B-,C+,B,B-,B+,B,B-,C+,B+,C+,C+,B,B,D+,C,B,B-,B-,C-,B,B-,B+,B-,C+
2026,Justin Houser,Penn St.,B10,Freshman,C-,C-,C+,C-,C+,C-,D+,C-,C+,C+,C,C,C,B-,C,C+,C+,C,C-,C+,C,C-,C,C,D,C-,C+,C,C+,C-,C+,C,B-,C,C-
2026,Kayden Mingo,Penn St.,B10,Freshman,B-,C+,B+,B-,B+,C,C,C+,B+,B+,B+,B+,B,A+,B+,B+,B+,B+,B,A-,B-,B,B+,B+,B,C+,B+,B+,B,C+,B+,B+,A,B,B-
2026,Mason Blackwood,Penn St.,B10,Freshman,C-,C-,C+,C-,C+,C-,C-,C-,C+,C+,C,C,C,B,C,B-,C+,C+,C,C+,C,C,C+,C,D+,C,C+,C,C+,C-,C+,C,B-,C+,C
2026,Melih Tunca,Penn St.,B10,Freshman,C+,C,B,C+,B,C-,C-,C-,B,B,B-,B-,C+,A-,B-,B+,B,B-,B-,B+,C+,C+,B,B,C,C,B,B-,B-,C,B,B,B+,B-,C+
2026,Sasa Ciani,Penn St.,B10,Junior,C-,C-,C,C-,C,D+,D+,D+,C,C,C-,C-,C-,C+,C-,C+,C,C,D+,C+,C-,C-,C,C-,D,C-,C,C-,C,D+,C,C-,C+,C-,C-
2026,Tibor Mirtic,Penn St.,B10,Freshman,C,C,C+,C,C+,C,C-,C-,C+,C+,C+,C+,C,B,C+,B-,C+,C+,C,B-,C+,C,C+,C+,D+,C,C+,C+,C+,C,C+,C+,B-,C+,C
2026,Aaron Clark,Pepperdine,WCC,Junior,C-,D+,B-,C-,C+,D+,D+,D+,C+,B-,C+,C+,C,B+,C+,B,C+,C+,C+,B,C-,C,B-,C+,C-,D+,B-,C+,C+,D+,B-,C+,B,C,C-
2026,Danilo Dozic,Pepperdine,WCC,Sophomore,D+,D+,C,D+,C,D,D,D,C,C+,C-,C-,D+,B,C-,B-,C,C,C-,C+,D+,D+,C+,C,C-,D+,C+,C-,C,D,C+,C-,B-,C-,D+
2026,Luka Vudragovic,Pepperdine,WCC,Freshman,D,D,D+,D,D+,D-,D-,D-,D+,C-,D+,D+,D,C,D,C,D+,D+,D,C-,D,D,C-,D+,D-,D,D+,D,D+,D-,D+,D+,C,D,D
2026,Pavle Stosic,Pepperdine,WCC,Sophomore,C,C-,B-,C-,B-,D+,D+,D+,B-,B-,C+,C+,C,B,C+,B,B-,C+,C,B,C,C,B-,B-,D,C-,B-,C+,C+,D+,B,C+,B,C+,C-
2026,Stefan Cicic,Pepperdine,WCC,Freshman,D+,D+,C,D+,C,D,D,D,C,C,C-,C-,C-,B-,C-,C+,C,C,C-,B-,D+,D+,C+,C,D,D+,C+,C-,C,D,C+,C-,B-,C-,D+
2026,Styles Phipps,Pepperdine,WCC,Sophomore,C+,C-,B,C,B-,C-,D+,C-,B-,B,B-,B-,C+,A,B-,B+,B-,B-,B-,B+,C+,C+,B,B,C,C-,B,B-,B-,C-,B,B-,B+,C+,C
2026,Yonatan Levy,Pepperdine,WCC,Sophomore,D+,D+,C,D+,C,D,D,D,C,C+,C-,C-,C-,B,C,B-,C,C,C-,B-,D+,D+,C+,C,D,D+,C+,C-,C,D,C+,C,B-,C-,D+
2026,Brandin Cummings,Pittsburgh,ACC,Sophomore,B,C+,A-,B-,B+,C+,C+,C+,B+,A-,B+,B+,B,A,B+,A-,B+,B+,B,A,B,B,A-,B+,C+,B-,A-,B+,B+,C+,B+,B+,A,B+,B-
2026,Kieran Mullen,Pittsburgh,ACC,Freshman,D+,D+,C,D+,C,D+,D+,D+,C,C,C-,C-,C-,C+,C-,C+,C,C-,D+,C+,C-,D+,C-,C-,D-,D+,C-,C-,C,D+,C,C-,C+,C-,C-
2026,Macari Moore,Pittsburgh,ACC,Freshman,C,C,C+,C,C+,C-,C,C-,C+,C+,C+,C+,C,B+,C,B-,B-,C+,C,B-,C+,C,C+,C+,C-,C,C+,C+,C+,C,C+,C+,B-,C+,C
2026,Nojus Indrusaitis,Pittsburgh,ACC,Sophomore,C+,C,B,C+,B,C-,C-,C-,B,B,B,B-,C+,A,B-,B+,B,B,B-,B+,C+,B-,B+,B,B-,C,B,B-,B,C,B,B,A-,B-,C+
2026,Omari Witherspoon,Pittsburgh,ACC,Freshman,C-,D+,C+,C-,C+,D+,D+,D+,C+,B-,C+,C+,C,B,C+,B-,C+,C+,C,B,C-,C,B-,C+,D+,D+,B-,C,C+,D+,B-,C+,B,C,C-
2026,Papa Amadou Kante,Pittsburgh,ACC,Sophomore,C+,C+,B-,C+,B-,C,C,C,B-,B-,C+,C+,C+,A-,C+,B-,B-,B-,C+,B,C+,C+,B-,C+,C,C+,B-,B-,B-,C+,B-,C+,B,B-,C+
2026,Roman Siulepa,Pittsburgh,ACC,Freshman,B-,C+,B+,B-,B+,C+,C+,C+,B+,B+,B+,B,B,A+,B+,A-,B+,B+,B,A,B-,B,B+,B+,B-,B-,A-,B+,B+,C+,B+,B+,A,B,B-
2026,Cameron Williams,Portland,WCC,Junior,C,C-,C+,C-,C+,D+,D+,D+,C+,B-,C+,C+,C,B,C+,B-,C+,C+,C,B,C-,C,B-,C+,D+,C-,B-,C+,C+,D+,B-,C+,B,C,C-
2026,Dante Censori-Hercules,Portland,WCC,Freshman,C+,C,B,C+,B,C,C-,C,B,B,B,B-,B-,A,B,B+,B,B,B-,B+,C+,B-,B+,B,C,C+,B,B,B,C,B,B,B+,B-,C+
2026,Garrett Nuckolls,Portland,WCC,Junior,D+,D+,C,D+,C,D,D,D,C,C+,C-,C-,C-,B-,C-,C+,C,C,C-,C+,D+,D+,C+,C,D,D,C,C-,C,D,C+,C-,B-,D+,D+
2026,James O'Donnell,Portland,WCC,Sophomore,C,C-,B-,C,B-,D+,D+,D+,B-,B-,C+,C+,C+,B+,B-,B,B-,B-,C+,B,C,C,B,B-,C-,C-,B,B-,B-,C-,B,B-,B,C+,C
2026,Joel Foxwell,Portland,WCC,Freshman,C+,C,B,C+,B,C-,C-,C-,B,B,B-,B-,C+,A,B-,B+,B,B,B-,B+,C+,C+,B,B,C+,C,B,B-,B-,C-,B,B,B+,B-,C+
2026,Mikah Ballew,Portland,WCC,Sophomore,D+,D,C-,D,C-,D,D,D,C-,C,C-,C-,D+,B-,C-,C+,C-,C-,D+,C+,D+,D+,C,C-,D,D,C,D+,C,D,C,C-,C+,D+,D
2026,NaVaughn Long,Portland,WCC,Sophomore,C-,D+,C,C-,C,D+,D+,D+,C,C,C-,C-,C-,C+,C-,C+,C,C-,D+,C+,C-,C-,C-,C-,D,C-,C-,C-,C,D+,C-,C-,C+,C-,C-
2026,Preston Lee,Portland,WCC,Sophomore,C,C-,C+,C,C+,C-,C-,C-,C+,C+,C+,C+,C,B+,C,B-,C+,C+,C,B-,C+,C,C+,C,C-,C,C+,C,C+,C-,C+,C+,B-,C+,C
2026,Timo George,Portland,WCC,Freshman,B,B-,B,B-,B,B,B-,B-,B,B+,B,B,B,A+,B,B,B,B,B,B+,B,B,B,B,B+,B,B,B,B,B-,B,B,B+,B,B
2026,Alex Dupre,Portland St.,BSky,Freshman,D+,D+,C+,D+,C,D,D,D,C,C+,C,C-,C-,C+,C-,C+,C,C,C-,C+,D+,D+,C+,C,D,D+,C+,C-,C,D,C+,C-,B-,C-,D+
2026,Kelcy Phipps,Portland St.,BSky,Junior,C,C-,B-,C-,B-,D+,D+,D+,C+,B-,C+,C+,C,B+,C+,B,B-,C+,C,B,C,C,B-,B-,C-,C-,B-,C+,C+,D+,B-,C+,B,C+,C-
2026,Keyon Kensie Jr.,Portland St.,BSky,Junior,C+,C,B-,C,B-,C-,C-,C-,B-,B,B-,B-,C+,A,B-,B,B-,B-,C+,B+,C+,C+,B,B-,C,C,B,B-,B-,C-,B,B-,B+,C+,C
2026,Sebastian Tidor,Portland St.,BSky,Junior,C,C-,B-,C,B-,D+,D+,D+,B-,B-,C+,C+,C+,B,C+,B,B-,B-,C+,B,C,C,B-,B-,D+,C-,B-,C+,B-,D+,B-,C+,B,C+,C
2026,Elijah Mitchell,Prairie View A&M,SWAC,Sophomore,C-,C-,C,C-,C,C-,D+,D+,C,C+,C,C,C-,B-,C-,C+,C+,C,C-,C+,C-,C-,C,C-,D,C-,C,C-,C,D+,C,C,C+,C,C-
2026,Hassane Diallo,Prairie View A&M,SWAC,Junior,C-,C-,C+,C-,C+,C-,D+,C-,C,C+,C,C,C,C+,C,C+,C+,C,C-,B-,C,C-,C,C,D,C-,C+,C,C+,C-,C+,C,B-,C,C-
2026,Jannoy Thomas,Prairie View A&M,SWAC,Junior,C-,C-,C+,C-,C,C-,D+,D+,C,C+,C,C,C-,B-,C-,C+,C+,C,C-,C+,C,C-,C,C,D,C-,C,C,C,C-,C,C,C+,C,C-
2026,Marcel Bryant,Prairie View A&M,SWAC,Junior,C,C,C+,C,C+,C,C-,C-,C+,C+,C+,C+,C,B,C+,B-,C+,C+,C,B-,C+,C,C+,C+,D+,C,C+,C+,C+,C,C+,C+,B-,C+,C
2026,Carl Parrish,Presbyterian,BSth,Junior,C,C-,B-,C,B-,D+,D+,D+,B-,B,B-,B-,C+,B+,C+,B,B-,B-,C+,B+,C,C+,B,B-,C,C-,B-,C+,B-,C-,B,B-,B+,C+,C
2026,Chidi Chiakwelu,Presbyterian,BSth,Freshman,C+,C-,B-,C,B-,C-,D+,C-,B-,B-,C+,C+,C+,A,B-,B+,B-,B-,C+,B+,C,C+,B,B-,C,C,B,B-,B-,C-,B,B-,B+,C+,C
2026,Erik Taylor,Presbyterian,BSth,Sophomore,C+,C+,B-,C+,B-,C+,C+,C,B-,B-,B-,B-,C+,A,C+,B-,B-,B-,C+,B-,C+,C+,B-,C+,C,C+,B-,C+,B-,C+,B-,B-,B,B-,C+
2026,Iverson King,Presbyterian,BSth,Sophomore,D-,D-,D,D-,D,D-,D-,D-,D,D,D,D,D,D+,D,D+,D,D,D,D+,D-,D-,D+,D,D-,D-,D,D,D,D-,D,D,C-,D,D-
2026,Jaylen Peterson,Presbyterian,BSth,Junior,C,C-,B-,C-,B-,D+,D+,D+,B-,B-,C+,C+,C,A,C+,B,B-,C+,C,B,C,C,B-,B-,C,C-,B-,C+,C+,D+,B,C+,B,C+,C-
2026,JD Bowden,Presbyterian,BSth,Freshman,D+,D+,C-,D+,D+,D+,D+,D,D+,C-,C-,D+,D+,D+,D+,C,C,C-,D+,C-,D+,D+,D+,D+,D-,D+,D+,D+,C-,D+,D+,D+,C,C-,D+
2026,Josh Pickett,Presbyterian,BSth,Sophomore,D,D,D+,D,D+,D-,D-,D-,D,D+,D,D,D,C+,D,C-,D+,D+,D,C-,D,D,D+,D,D-,D-,D+,D,D+,D-,D+,D,C-,D,D-
2026,Khalon Hudson,Presbyterian,BSth,Sophomore,C+,C,B-,C+,C+,C,C,C,B-,B-,C+,C+,C+,A-,C+,B-,B-,C+,C+,B-,C+,C+,C+,C+,C,C+,B-,C+,B-,C,B-,C+,B,C+,C+
2026,Luke Allison,Presbyterian,BSth,Sophomore,D-,D,D-,D-,D-,D-,D-,D-,D-,D,D-,D-,D-,F,D-,D,D,D-,D-,D,D-,D-,D-,D-,F,D-,D-,D-,D-,D-,D-,D-,D,D-,D-
2026,Triston Wilson,Presbyterian,BSth,Sophomore,C-,C-,B-,C-,B-,D+,D+,D+,B-,B-,C+,C+,C,B,C+,B,C+,C+,C+,B,C,C,B-,B-,D+,C-,B-,C+,C+,D+,B-,C+,B,C+,C-
2026,CJ Happy,Princeton,Ivy,Sophomore,D-,D-,D,D-,D,D-,D-,D-,D,D+,D,D,D,C+,D,D+,D,D,D,C-,D-,D-,D+,D,D,D-,D+,D,D+,D-,D+,D,D+,D,D-
2026,Dalen Davis,Princeton,Ivy,Junior,D+,D+,C,D+,C,D,D,D,C,C+,C-,C,C-,B,C-,C+,C,C,C-,C+,D+,D+,C+,C,D+,D+,C+,C-,C,D,C+,C-,B-,C-,D+
2026,Jack Stanton,Princeton,Ivy,Sophomore,C+,C,B,C+,B,C,C,C,B,B+,B,B,B-,A,B,B+,B,B,B-,A-,C+,B-,B+,B,C+,C+,B,B,B,C,B+,B,A-,B-,C+
2026,Jackson Hicke,Princeton,Ivy,Junior,C+,C,B,C+,B,C,C,C,B,B,B,B,B-,A,B,B+,B,B,B-,A-,B-,B-,B+,B,B-,C+,B,B,B,C,B+,B,A-,B-,C+
2026,Jacob Hammond,Princeton,Ivy,Freshman,D+,D+,C-,D+,C-,D+,D+,D,C-,C-,D+,D+,D+,D+,D+,C,C,C-,D+,C,D+,D+,D+,D+,D-,D+,D+,D+,C-,D+,C-,D+,C,D+,D+
2026,Jacob Huggins,Princeton,Ivy,Junior,C,C-,B-,C,B-,D+,D+,D+,B-,B-,C+,C+,C,B+,C+,B,B-,B-,C+,B,C,C,B-,B-,C-,C-,B,C+,B-,C-,B,B-,B,C+,C
2026,Jake Sussberg,Princeton,Ivy,Freshman,C-,C-,C,C-,C,D+,D+,D+,C,C,C,C-,C-,B-,C-,C+,C+,C,C-,C+,C-,C-,C,C-,D,C-,C,C-,C,D+,C,C-,C+,C,C-
2026,Landon Clark,Princeton,Ivy,Freshman,D+,D+,C,D+,C,D,D,D,C,C+,C-,C-,C-,B+,C-,B-,C,C,C-,B-,D+,D+,C+,C,C-,D+,C+,C-,C,D,C+,C-,B-,C-,D+
2026,Malik Abdullahi,Princeton,Ivy,Sophomore,D+,D+,C+,D+,C+,D,D,D,C+,C+,C,C,C-,B,C,B-,C+,C,C-,B-,D+,C-,C+,C+,D+,D+,C+,C,C,D+,C+,C,B-,C-,D+
2026,Peyton Seals,Princeton,Ivy,Sophomore,D+,D+,C-,D+,C-,D+,D+,D+,C-,C-,C-,C-,D+,C,D+,C,C,C-,D+,C,C-,D+,C-,D+,D-,D+,C-,D+,C-,D+,C-,C-,C,C-,C-
2026,Ryan Mandes,Princeton,Ivy,Freshman,D+,D+,C,D+,C,D+,D,D+,C,C,D+,C-,D+,C+,D+,C,C,C-,D+,C+,C-,D+,C-,D+,D-,D+,C-,C-,C-,D+,C,C-,C+,C-,D+
2026,Sebastian Whitfield,Princeton,Ivy,Freshman,D-,D-,D+,D-,D,D-,D-,D-,D,D+,D,D,D,C,D,D+,D,D,D,D+,D-,D,D+,D,D-,D-,D,D,D+,D-,D+,D,C-,D,D-
2026,Zio Kim,Princeton,Ivy,Sophomore,C-,C-,C+,C-,C+,C-,D+,D+,C,C,C,C,C-,B,C-,C+,C+,C,C-,C+,C,C-,C,C,D,C-,C,C,C,D+,C,C,B-,C,C-
2026,Jamier Jones,Providence,BE,Freshman,B,B-,A,B,A,B-,B-,B-,A-,A,A-,A-,B+,A+,A-,A,A-,A-,B+,A,B+,B+,A,A,B-,B,A,A-,A-,B-,A-,A-,A+,A-,B
2026,Nilavan Daniels,Providence,BE,Sophomore,C+,C+,B-,C+,B-,C+,C,C,B-,B-,B-,B-,C+,A,C+,B-,B-,C+,C+,B-,C+,C+,B-,C+,C+,C+,B-,C+,B-,C,B-,B-,B,B-,C+
2026,Oswin Erhunmwunse,Providence,BE,Sophomore,B,B-,A-,B,A-,C+,C+,B-,A-,A-,A-,B+,B+,A+,A-,A,B+,A-,B+,A,B,B,A,A-,B,B-,A-,A-,B+,B-,A-,A-,A,B+,B
2026,Ryan Mela,Providence,BE,Sophomore,B,B-,A-,B,A-,C+,C+,B-,A-,A-,A-,B+,B,A+,A-,A,A-,A-,B+,A,B,B,A-,A-,B,B-,A-,B+,B+,B-,A-,A-,A,B+,B
2026,Stefan Vaaks,Providence,BE,Freshman,B,B-,A,B,A,B-,B-,B-,A-,A,A-,A-,B+,A+,A-,A,A-,A-,A-,A,B+,B+,A,A-,B+,B,A,A-,A-,B-,A,A-,A+,A-,B
2026,C.J. Cox,Purdue,B10,Sophomore,A,B+,A+,A,A+,B+,B+,A-,A+,A+,A+,A,A,A+,A+,A+,A+,A+,A,A+,A,A,A+,A+,A,A-,A+,A+,A,A-,A+,A+,A+,A+,A
2026,Daniel Jacobsen,Purdue,B10,Sophomore,B+,B,A,B+,A,B-,B-,B,A,A,A,A-,B+,A+,A,A,A,A,A-,A+,B+,B+,A,A,A-,B,A,A-,A-,B,A,A,A+,A-,B
2026,Gicarri Harris,Purdue,B10,Sophomore,B,B-,A,B,A-,B-,B-,B-,A-,A-,A-,B+,B,A+,A-,A,A-,A-,B+,A,B,B+,A,A-,A,B,A-,B+,A-,B-,A-,A-,A,B+,B
2026,Jace Rayl,Purdue,B10,Junior,D,D,D,D,D,D,D,D,D,D+,D,D,D,F,D,D+,D+,D,D,D+,D,D,D,D,F,D,D,D,D,D,D,D,C-,D,D
2026,Jack Benter,Purdue,B10,Freshman,B+,B-,A,B+,A,B-,B-,B-,A,A,A-,A-,B+,A+,A-,A,A,A-,A-,A+,B+,B+,A,A-,A-,B,A,A-,A-,B-,A,A,A+,A-,B
2026,Omer Mayer,Purdue,B10,Freshman,B-,C+,B,B-,B,C,C,C,B,B+,B,B,B-,A,B,B+,B,B,B,A-,B-,B-,B+,B,C,C+,B+,B,B,C,B+,B,A-,B,C+
2026,Chris Morgan,Purdue Fort Wayne,Horz,Junior,D,D,C-,D,D+,D-,D-,D-,D+,C-,D+,D+,D+,C-,D+,C,D+,D+,D,C,D,D,C-,D+,D-,D,C-,D,C-,D,C-,D+,C,D+,D
2026,Corey Hadnot II,Purdue Fort Wayne,Horz,Junior,B,C+,A-,B-,B+,C+,C+,C+,B+,A-,B+,B+,B,A+,B+,A,B+,B+,B+,A,B,B,A-,B+,B+,B-,B+,B+,B+,C+,A-,B+,A,B,B-
2026,DeAndre Craig,Purdue Fort Wayne,Horz,Junior,C-,D+,B-,C-,C+,D+,D+,D+,C+,B-,C+,C+,C,B+,C+,B,C+,C+,C+,B,C,C,B-,C+,C-,D+,B-,C+,C+,D+,B-,C+,B,C,C-
2026,Ebrahim Kaba,Purdue Fort Wayne,Horz,Freshman,D+,D+,C-,D+,C-,D+,D+,D,C-,C-,C-,D+,D+,D+,D+,C,C-,C-,D+,C,C-,D+,C-,D+,D-,D+,C-,D+,C-,D+,C-,D+,C,C-,D+
2026,EJ Mosley,Purdue Fort Wayne,Horz,Freshman,D+,D,C+,D+,C,D,D,D,C,C+,C-,C-,D+,C,C-,C+,C,C,C-,C+,D+,D+,C+,C-,D-,D,C+,C-,C,D,C+,C-,B-,C-,D+
2026,Yuval Levin,Purdue Fort Wayne,Horz,Freshman,C,C-,C+,C,C+,C-,C-,C-,C+,C+,C+,C+,C,B+,C,B-,C+,C+,C,B-,C+,C,C+,C+,C-,C,C+,C+,C+,C,C+,C+,B-,C+,C
2026,Avantae Parker,Queens,ASun,Junior,B-,C+,B+,C+,B,C,C,C,B,B+,B,B,B-,A,B,B+,B,B,B-,A-,B-,B-,B+,B+,B-,C+,B+,B,B,C,B+,B,A-,B-,C+
2026,Carson Schwieger,Queens,ASun,Sophomore,C+,C-,B-,C+,B,C-,D+,C-,B-,B,B-,B-,C+,A-,B-,B+,B-,B-,C+,B+,C,C+,B,B-,C,C,B,B-,B-,C-,B,B-,B+,B-,C
2026,Isaiah Henry,Queens,ASun,Freshman,C-,C-,C,C-,C,C-,D+,D+,C,C,C-,C-,C-,C+,C-,C+,C,C-,C-,C+,C-,D+,C-,C-,D,C-,C,C-,C,D+,C,C-,C+,C,C-
2026,Jordan Watford,Queens,ASun,Freshman,B,B-,A-,B,A-,C+,C+,B-,A-,A-,A-,B+,B+,A+,A-,A,A-,A-,B+,A,B,B,A,A-,B-,B-,A-,B+,B+,B-,A-,A-,A,B+,B
2026,Kam Clark,Queens,ASun,Junior,D+,D+,C-,D+,C-,D+,D+,D+,C-,C-,C-,C-,D+,C-,D+,C,C,C-,D+,C,C-,D+,C-,D+,D-,D+,C-,C-,C-,D+,C,D+,C,C-,D+
2026,Maban Jabriel,Queens,ASun,Sophomore,C,C-,B-,C,B-,D+,D+,C-,B-,B,B-,B-,C+,A,C+,B,B-,B-,C+,B+,C,C+,B,B-,B-,C,B,B-,B-,C-,B,B-,B+,C+,C
2026,Tyler Crider,Queens,ASun,Freshman,D-,D-,F,F,F,D-,D-,F,F,D-,F,F,D-,F,F,F,D-,D-,F,F,F,F,D-,F,F,D-,D-,F,D-,D-,F,F,F,F,F
2026,Yoav Berman,Queens,ASun,Sophomore,C,C-,B-,C,B-,C-,D+,D+,B-,B,B-,B-,C+,B+,B-,B+,B-,B-,C+,B+,C+,C+,B,B,C,C-,B,B-,B-,C-,B,B-,B+,C+,C
2026,Grant Randall,Quinnipiac,MAAC,Sophomore,B-,C+,B,C+,B,C,C-,C,B,B,B,B,B-,A,B,B+,B,B,B-,A-,B-,B-,B+,B,C+,C+,B+,B,B,C,B+,B,A-,B-,C+
2026,Jaden Zimmerman,Quinnipiac,MAAC,Sophomore,D+,D+,C,D+,C,D,D,D,C,C+,C-,C-,C-,B-,C-,C+,C,C,C-,C+,D+,D+,C+,C,D,D,C+,C-,C,D,C+,C-,B-,C-,D+
2026,Keith McKnight,Quinnipiac,MAAC,Freshman,B-,C+,B,C+,B,C,C,C,B,B+,B,B,B-,A+,B,B+,B,B,B-,A-,B-,B-,B+,B,B-,C+,B+,B,B,C,B+,B,A-,B-,C+
2026,Nate Guerengomba,Quinnipiac,MAAC,Sophomore,D+,D,C+,D+,C,D,D,D,C,C,C-,C-,D+,C+,C-,C+,C,C,C-,C+,D+,D+,C+,C-,D-,D,C+,C-,C,D,C+,C-,C+,C-,D+
2026,Samson Reilly,Quinnipiac,MAAC,Freshman,C,C,C+,C+,C+,C,C,C,C+,B-,C+,C+,C+,A-,C+,B-,B-,C+,C,B-,C+,C+,C+,C+,C,C,C+,C+,C+,C,B-,C+,B-,C+,C+
2026,Samuel Nosakhare,Quinnipiac,MAAC,Freshman,C+,C,B-,C+,B-,C,C,C,B-,B-,C+,C+,C+,A-,C+,B-,B-,C+,C+,B-,C+,C+,B-,C+,C,C+,B-,C+,B-,C,B-,C+,B,C+,C+
2026,Spence Wewe,Quinnipiac,MAAC,Sophomore,C-,D+,C+,D+,C+,D+,D,D+,C+,C+,C,C,C,B,C+,B-,C+,C+,C,B,C-,C-,B-,C+,D+,D+,C+,C+,C,D+,B-,C,B-,C,C-
2026,Tai Turnage,Quinnipiac,MAAC,Freshman,C,C-,B-,C,B-,D+,D+,D+,B-,B,B-,B-,C+,B,C+,B,B-,B-,C+,B,C,C+,B,B-,D+,C-,B,C+,B-,C-,B,B-,B+,C+,C
2026,Del Jones,Radford,BSth,Sophomore,D+,D,C,D+,C,D,D,D,C,C,C-,C-,C-,B,C-,C+,C,C,C-,C+,D+,D+,C+,C,D+,D,C,C-,C,D,C+,C-,C+,D+,D+
2026,"Dennis Parker, Jr.",Radford,BSth,Junior,B-,C,B,C+,B,C,C,C,B,B,B,B,B-,A+,B,B+,B,B,B-,A-,B-,B-,B+,B,B-,C+,B,B,B,C,B+,B,A-,B-,C+
2026,Frederik Erichsen,Radford,BSth,Freshman,D+,D+,C,D+,C,D,D,D,C,C,C-,C-,D+,C+,C-,C+,C,C,C-,C+,D+,D+,C+,C,D-,D+,C+,C-,C,D,C+,C-,B-,C-,D+
2026,Lukas Walls,Radford,BSth,Junior,C+,C-,B,C+,B,C-,D+,C-,B,B,B-,B-,C+,B+,B-,B+,B,B-,C+,B+,C+,C+,B,B,C,C,B,B-,B-,C-,B,B-,B+,B-,C+
2026,Mari Jordan,Radford,BSth,Sophomore,C+,C-,B-,C,B,C-,D+,C-,B-,B,B-,B-,C+,B+,B-,B+,B,B-,C+,B+,C+,C+,B,B,C-,C,B,B-,B-,C-,B,B-,B+,B-,C
2026,Damone King,Rhode Island,A10,Freshman,C-,C-,C+,C,C+,C-,C-,C-,C+,C+,C+,C,C,B,C,B-,C+,C+,C,C+,C,C,C+,C,D+,C-,C+,C,C+,C-,C+,C,B-,C+,C
2026,Jahmere Tripp,Rhode Island,A10,Junior,B,B-,A,B,A-,B-,B-,B-,A-,A,A-,A-,B+,A+,A-,A,A-,A-,A-,A,B+,B+,A,A,B,B,A,A-,A-,B-,A,A-,A+,A-,B
2026,Jalen Harper,Rhode Island,A10,Freshman,D+,D+,C,C-,C-,D+,D+,D+,C,C,C-,C-,C-,C+,D+,C+,C,C-,D+,C,C-,D+,C-,C-,D-,D+,C-,C-,C,D+,C,C-,C+,C-,C-
2026,Jonah Hinton,Rhode Island,A10,Junior,C+,C,B,C+,B,C-,C-,C-,B,B,B-,B-,C+,A-,B-,B+,B,B-,B-,B+,C+,C+,B,B,C,C,B,B-,B-,C,B,B,B+,B-,C+
2026,Bodey Howell,Rice,Amer,Freshman,D+,D+,C-,D+,C-,D+,D+,D+,C-,C,C-,C-,C-,C+,D+,C+,C,C-,D+,C,C-,D+,C-,C-,D-,D+,C-,C-,C,D+,C-,C-,C+,C-,C-
2026,Cam Carroll,Rice,Amer,Freshman,D,D,C-,D,C-,D,D,D,C-,C,C-,C-,D+,C+,D+,C+,C-,C-,D+,C+,D,D+,C,C-,D,D,C,D+,C-,D,C,C-,C+,D+,D
2026,Dallas Hobbs,Rice,Amer,Junior,D+,D+,D+,D+,D+,D+,D+,D,D+,C-,C-,D+,D+,D,D+,C,C-,D+,D+,C,D+,D+,C-,D+,F,D+,D+,D+,C-,D+,C-,D+,C-,D+,D+
2026,Eternity Eguagie,Rice,Amer,Sophomore,D+,D,C,D+,C,D,D,D,C-,C,C-,C-,D+,C+,C-,C+,C-,C-,D+,C+,D+,D+,C,C-,D,D,C,D+,C-,D,C+,C-,C+,C-,D
2026,Jimmy Oladokun Jr.,Rice,Amer,Junior,D+,D+,C+,D+,C,D,D,D,C,C,C-,C-,C-,B-,C-,B-,C,C,C-,B-,D+,D+,C+,C,D,D+,C+,C,C,D,C+,C-,B-,C-,D+
2026,Jordan Williams,Rice,Amer,Junior,D,D,D+,D,D+,D,D,D,D+,D+,D+,D+,D+,D-,D,C-,D+,D+,D,D+,D,D,D+,D,F,D,D+,D,D+,D,D+,D,C-,D+,D
2026,Aiden Argabright,Richmond,A10,Freshman,B,B-,A-,B,A-,C+,C+,B-,A-,A-,A-,B+,B+,A+,A-,A,B+,A-,B+,A,B,B,A,A-,B-,B-,A-,B+,B+,C+,A-,A-,A,B+,B
2026,Collin Tanner,Richmond,A10,Junior,C-,D+,C+,C-,C+,D+,D+,D+,C+,C+,C,C,C-,B,C,B-,C+,C+,C,B-,C-,C-,B-,C+,D+,D+,B-,C,C+,D+,B-,C+,B,C,C-
2026,David Thomas,Richmond,A10,Junior,C,C-,B-,C,B-,D+,D+,D+,B-,B,B-,C+,C+,B+,C+,B+,B-,B-,C+,B,C,C+,B,B-,C-,C,B,C+,B-,C-,B,B-,B+,C+,C
2026,Jaden Daughtry,Richmond,A10,Junior,B-,C+,B+,B-,B+,C+,C,C+,B+,B+,B,B,B-,A-,B+,A-,B+,B,B,A-,B-,B-,B+,B+,C,C+,B+,B,B,C,B+,B+,A,B,B-
2026,Jaylen Robinson,Richmond,A10,Freshman,C,C,C+,C,C+,C,C-,C,C+,B-,C+,C+,C+,B+,C+,B-,B-,C+,C,B-,C+,C,C+,C+,C-,C,C+,C+,C+,C,B-,C+,B-,C+,C
2026,Mikkel Tyne,Richmond,A10,Junior,D+,D+,C,D+,C,D,D,D,C,C+,C-,C-,C-,B,C-,C+,C,C,C-,C+,D+,D+,C+,C,D,D,C+,C-,C,D,C+,C-,B-,C-,D+
2026,Will Harper III,Richmond,A10,Freshman,C-,C-,C,C-,C,C-,D+,D+,C,C+,C,C,C,B-,C-,C+,C+,C,C-,C+,C,C-,C,C,D,C-,C,C,C+,C-,C+,C,C+,C,C-
2026,AB Coulibaly,Rider,MAAC,Freshman,D,D,D+,D-,D+,D-,D-,D-,D,D+,D,D,D,C,D,C-,D+,D+,D,C-,D-,D,D+,D,D-,D-,D+,D,D+,D-,D+,D,C-,D,D-
2026,Antwan Wilson,Rider,MAAC,Junior,D-,D-,D,D-,D,D-,D-,D-,D,D,D,D-,D,D,D-,D+,D,D,D-,D+,D-,D-,D,D-,F,D-,D,D-,D,D-,D,D-,D+,D-,D-
2026,Caleb Smith,Rider,MAAC,Junior,D,D,C-,D,D+,D,D,D,D+,C-,D+,D+,D+,C+,D+,C,C-,C-,D+,C+,D,D,C-,D+,D,D,C-,D+,C-,D,C,D+,C+,D+,D
2026,Cole McCabe,Rider,MAAC,Sophomore,D-,D-,D+,D-,D,D-,D-,D-,D,D+,D,D,D,D+,D,D+,D,D,D,D+,D-,D-,D+,D,D-,D-,D+,D,D+,D-,D+,D,C-,D,D-
2026,Davis Bynum,Rider,MAAC,Sophomore,D,D,D+,D,D+,D-,D-,D-,D+,D+,D,D,D,C,D,C,D+,D+,D,C,D,D,D+,D,D-,D,D+,D,D+,D-,D+,D,C-,D,D-
2026,Flash Burton,Rider,MAAC,Sophomore,D,D,D+,D,D+,D-,D-,D-,D+,D+,D+,D+,D+,B,D,C,D+,D+,D,C,D,D,C-,D+,D+,D,D+,D,D+,D,C-,D,C,D,D
2026,Jamir McNeil,Rider,MAAC,Freshman,D+,D+,D+,D+,D+,D+,D,D,D+,C-,D+,D+,D+,D,D+,C,C-,D+,D+,C-,D+,D+,D+,D+,D-,D+,D+,D+,C-,D,D+,D+,C-,D+,D+
2026,Kristupas Kepezinskas,Rider,MAAC,Freshman,D,D,D+,D,D,D,D,D,D,D+,D,D,D,F,D,C-,D+,D,D,D+,D,D,D,D,F,D,D,D,D,D,D,D,D+,D,D
2026,Darius Livingston,Robert Morris,Horz,Freshman,D+,D+,C+,D+,C+,D,D,D,C+,C+,C,C,C-,B+,C,B-,C,C,C,B-,C-,C-,C+,C+,C-,D+,C+,C,C+,D+,C+,C,B-,C-,D+
2026,DeSean Goode,Robert Morris,Horz,Sophomore,A-,B,A+,A-,A,B,B,B,A,A+,A,A,A-,A+,A,A+,A,A,A,A+,A-,A-,A+,A,A,B+,A,A,A,B,A,A,A+,A,B+
2026,Eddie Cooke III,Robert Morris,Horz,Freshman,C+,C+,B-,C+,B-,C+,C+,C+,B-,B,B-,B-,C+,A,B-,B,B,B-,B-,B,B-,C+,B-,B-,B-,C+,B,B-,B-,C+,B-,B-,B,B-,C+
2026,Josh Hill,Robert Morris,Horz,Sophomore,D,D,D+,D,D+,D-,D-,D-,D,D+,D,D,D,C-,D,C-,D+,D+,D,C-,D-,D,D+,D,D-,D-,D+,D,D+,D-,D+,D,C-,D,D-
2026,Nikolaos Chitikoudis,Robert Morris,Horz,Junior,C+,C,B-,C+,B,C-,C-,C-,B,B,B-,B-,C+,A-,B-,B+,B-,B-,C+,B+,C+,C+,B,B,C,C,B,B-,B-,C-,B,B-,B+,B-,C+
2026,Ryan Prather Jr.,Robert Morris,Horz,Junior,B+,B,A,B+,A,B,B,B,A,A,A,A,A-,A+,A-,A+,A,A,A-,A+,B+,B+,A,A,A-,B,A,A,A,B,A,A,A+,A-,B+
2026,Samuel Obenjo,Robert Morris,Horz,Freshman,C,C-,C+,C,C+,C-,C-,C-,C+,C+,C,C+,C,B,C,B-,C+,C+,C,B-,C,C,C+,C,D+,C,C+,C,C+,C-,C+,C+,B-,C+,C
2026,Ta'Zir Smith,Robert Morris,Horz,Sophomore,C-,D+,C+,C-,C+,D+,D,D,C+,C+,C,C,C-,B+,C,B-,C+,C+,C,B-,C-,C-,B-,C+,C-,D+,C+,C,C+,D+,B-,C,B-,C,D+
2026,Bryce Dortch,Rutgers,B10,Sophomore,B-,C+,B+,B-,B+,C+,C,C+,B+,B+,B,B,B,A-,B+,A-,B+,B+,B,A-,B-,B-,A-,B+,C,C+,B+,B+,B,C+,B+,B+,A,B,B-
2026,Christopher Nwuli,Rutgers,B10,Freshman,C-,C-,C,C-,C,C-,D+,D+,C,C,C,C,C-,B-,C-,C+,C+,C,C-,C+,C,C-,C,C,D,C-,C,C,C,C-,C+,C,C+,C,C-
2026,Darren Buchanan Jr.,Rutgers,B10,Junior,C+,C,B-,C+,B,C-,C-,C-,B-,B,B-,B-,C+,A-,B-,B+,B-,B-,C+,B+,C+,C+,B,B-,C,C,B,B-,B-,C-,B,B-,B+,B-,C
2026,Denis Badalau,Rutgers,B10,Freshman,C,C-,C+,C,C+,C-,C-,C-,C+,C+,C+,C,C,B,C-,C+,C+,C,C,C+,C,C,C,C,D+,C-,C+,C,C+,C-,C+,C,B-,C,C
2026,Dylan Grant,Rutgers,B10,Sophomore,C+,C,B,C+,B,C-,C-,C,B,B,B-,B-,C+,A-,B,B+,B,B-,B-,B+,C+,C+,B,B,C,C+,B,B,B-,C,B,B,B+,B-,C+
2026,Harun Zrno,Rutgers,B10,Freshman,C,C-,B-,C,B-,D+,D+,D+,B-,B-,C+,C+,C,A-,C+,B,B-,C+,C,B,C,C,B-,C+,C,C-,B-,C+,B-,D+,B-,C+,B,C+,C-
2026,Jamichael Davis,Rutgers,B10,Junior,B-,C+,B+,B-,B+,C+,C+,C+,B+,B+,B+,B,B,A+,B,B+,B+,B+,B,A,B-,B,B+,B+,B-,C+,B+,B,B+,C+,B+,B+,A,B,B-
2026,Kaden Powers,Rutgers,B10,Freshman,C,C-,B-,C,B-,D+,D+,D+,B-,B-,C+,C+,C+,B+,C+,B,B-,B-,C+,B,C,C,B-,B-,C-,C-,B-,C+,B-,C-,B,C+,B,C+,C
2026,Lino Mark,Rutgers,B10,Freshman,C+,C+,B-,C+,B-,C,C+,C,B-,B-,B-,C+,C+,A,C+,B-,B-,C+,C+,B-,C+,C+,B-,C+,C,C+,B-,C+,B-,C+,B-,B-,B,B-,C+
2026,Tariq Francis,Rutgers,B10,Junior,A-,B+,A+,A-,A+,B+,B+,B+,A,A+,A,A,A,A+,A,A+,A,A+,A,A+,A-,A,A+,A,A,B+,A,A,A,B+,A+,A,A+,A,A-
2026,Arman Madi,Sacramento St.,BSky,Sophomore,C,C-,B-,C,B-,D+,D+,D+,B-,B-,C+,C+,C+,A-,C+,B,B-,B-,C+,B,C,C+,B,B-,C,C-,B-,C+,B-,C-,B,B-,B,C+,C
2026,Brandon Gardner,Sacramento St.,BSky,Sophomore,C-,C-,C,C-,C,D+,D+,D+,C,C,C-,C-,C-,C+,C-,C+,C,C-,D+,C+,C-,D+,C,C-,D-,C-,C,C-,C,D+,C,C-,C+,C,C-
2026,Jahni Summers,Sacramento St.,BSky,Junior,D+,D,C-,D,C-,D,D,D,C-,C,C-,D+,D+,B,C-,C+,C-,C-,D+,C+,D,D+,C,C-,D,D,C,D+,C-,D,C,D+,C+,D+,D
2026,Jayden Teat,Sacramento St.,BSky,Sophomore,D,D,D+,D,D+,D-,D-,D-,D+,D+,D+,D+,D,C+,D,C,D+,D+,D,C-,D,D,D+,D,D-,D,D+,D,D+,D-,D+,D,C-,D,D
2026,Mark Lavrenov,Sacramento St.,BSky,Freshman,C-,D+,C+,C-,C+,D,D+,D+,C+,C+,C,C,C,B-,C+,B-,C+,C+,C,B-,C-,C-,B-,C+,D,D+,B-,C+,C+,D+,B-,C+,B-,C,C-
2026,Mikey Williams,Sacramento St.,BSky,Sophomore,C-,D+,C+,D+,C+,D,D,D,C+,C+,C,C,C,B,C,B-,C+,C+,C,B-,C-,C-,B-,C+,D+,D+,C+,C,C+,D+,C+,C,B-,C-,D+
2026,Romari Robinson,Sacramento St.,BSky,Freshman,D+,D+,C-,C-,C-,D+,D+,D+,C-,C,C-,C-,D+,C,D+,C+,C,C-,D+,C,C-,D+,C-,C-,D-,D+,C-,C-,C,D+,C-,C-,C+,C-,C-
2026,Taj Glover,Sacramento St.,BSky,Freshman,C,D+,B-,C-,B-,D+,D+,D+,C+,B-,C+,C+,C,B,C+,B,C+,C+,C,B,C-,C,B-,C+,D+,C-,B-,C+,C+,D+,B-,C+,B,C+,C-
2026,Abdou Yadd,Sacred Heart,MAAC,Freshman,D-,D-,D-,D-,D-,D-,D-,D-,D-,D-,D-,D-,D-,D,D-,D-,D-,D-,D-,D,F,D-,D-,D-,F,D-,D-,D-,D-,D-,D-,D-,D,D-,F
2026,Fallou Gueye,Sacred Heart,MAAC,Sophomore,D,D,D+,D,D+,D-,D-,D-,D+,D+,D+,D+,D,C+,D,C,D+,D+,D,C-,D,D,C-,D,D-,D,D+,D,D+,D,D+,D,C,D,D
2026,Jaden Slaughter,Sacred Heart,MAAC,Junior,D+,D,C-,D,C-,D,D,D,C-,C,C-,D+,D+,B-,C-,C+,C-,C-,D+,C+,D,D+,C,C-,D,D,C,D+,C-,D,C,C-,C+,D+,D
2026,Lucius Gibson-Savadel,Sacred Heart,MAAC,Junior,D+,D+,C,D+,C,D+,D+,D+,C,C,C-,C-,C-,C-,C-,C,C,C-,D+,C+,C-,D+,C-,C-,D-,C-,C-,C-,C,D+,C,C-,C+,C-,C-
2026,Mekhi Conner,Sacred Heart,MAAC,Sophomore,D,D,D+,D,D+,D-,D-,D-,D+,D+,D,D+,D,C+,D,C,D+,D+,D,C,D,D,C-,D+,D-,D,D+,D,D+,D-,D+,D,C,D,D
2026,Nyle Ralph-Beyer,Sacred Heart,MAAC,Sophomore,C,C-,B-,C,B-,D+,D+,D+,B-,B-,C+,C+,C,A-,C+,B,B-,B-,C+,B,C,C,B-,B-,C,C-,B-,C+,C+,D+,B-,C+,B,C+,C-
2026,Taj Bryant,Sacred Heart,MAAC,Sophomore,D+,D+,C-,D+,C-,D+,D+,D+,C-,C,C-,C-,D+,C-,D+,C,C,C-,D+,C,C-,D+,C-,D+,D-,D+,C-,D+,C-,D+,C-,C-,C+,C-,D+
2026,Brandon Russell,Saint Francis,NEC,Freshman,D,D,D+,D,D,D,D,D,D,D+,D,D,D,F,D,D+,D+,D,D,D+,D,D,D,D,F,D,D,D,D+,D,D,D,D+,D,D
2026,Paris Papadatos,Saint Francis,NEC,Freshman,D,D,D,D,D,D,D,D,D,D+,D,D,D,F,D,D+,D+,D,D,D+,D,D,D,D,F,D,D,D,D+,D,D,D,D+,D,D
2026,Ralph Martino Jr.,Saint Francis,NEC,Sophomore,C,C-,B-,C,B-,D+,D+,D+,B-,B-,C+,C+,C+,A-,C+,B,B-,B-,C+,B,C,C+,B,B-,C,C-,B-,C+,B-,C-,B-,B-,B+,C+,C
2026,Victor Payne,Saint Francis,NEC,Sophomore,D,D,C-,D,C-,D,D,D-,D+,C-,D+,D+,D+,C+,D+,C+,C-,D+,D+,C,D,D,C-,D+,D,D,C-,D+,C-,D,C-,D+,C,D+,D
2026,Anthony Finkley,Saint Joseph's,A10,Junior,D+,D+,C+,D+,C+,D,D,D,C,C+,C,C,C-,B,C,B-,C,C+,C-,B-,D+,C-,C+,C,D+,D+,C+,C,C+,D+,C+,C,B-,C-,D+
2026,Austin Williford,Saint Joseph's,A10,Freshman,C+,C,B,C+,B,C-,C-,C,B,B,B,B-,B-,A,B,B+,B,B,B-,B+,C+,B-,B+,B,C,C,B,B,B-,C,B,B,A-,B-,C+
2026,Dasear Haskins,Saint Joseph's,A10,Junior,B-,C+,B+,B-,B+,C+,C+,C+,B+,B+,B+,B+,B,A+,B+,A-,B+,B+,B,A,B-,B,A-,B+,B-,B-,B+,B+,B+,C+,B+,B+,A,B,B-
2026,Deuce Jones II,Saint Joseph's,A10,Sophomore,B-,B-,B,B-,B,B-,B-,B-,B,B,B,B,B,A+,B,B,B,B-,B-,B+,B,B-,B,B,B+,B-,B,B,B,B-,B,B,B+,B,B-
2026,Jaden Smith,Saint Joseph's,A10,Sophomore,C-,C-,C,C-,C,D+,D+,D+,C,C,C-,C-,C-,C+,C-,C+,C+,C,C-,C+,C-,D+,C,C,D,C-,C,C,C+,D+,C+,C-,C+,C,C-
2026,Jaiden Glover-Toscano,Saint Joseph's,A10,Sophomore,B-,C+,B+,B-,B+,C+,C+,C+,B+,B+,B+,B+,B,A+,B+,A-,B+,B+,B,A-,B-,B,B+,B+,B-,C+,B+,B+,B,C+,B+,B+,A,B,B-
2026,Khaafiq Myers,Saint Joseph's,A10,Freshman,C-,D+,C+,C-,C+,D+,D+,D+,C+,B-,C+,C+,C,B+,C,B-,C+,C+,C,B,C-,C,B-,C+,C,D+,B-,C,C+,D+,B-,C+,B,C,C-
2026,Amari McCottry,Saint Louis,A10,Sophomore,B,C+,A-,B-,B+,C+,C+,C+,B+,A-,B+,B+,B,A+,B+,A-,B+,B+,B+,A,B,B,A-,B+,B,B-,A-,B+,B+,C+,A-,B+,A,B,B-
2026,Brady Dunlap,Saint Louis,A10,Junior,B,B-,A,B+,A,B-,B-,B-,A-,A,A-,A-,B+,A+,A-,A,A-,A-,B+,A,B+,B+,A,A-,B-,B,A,A-,A-,B-,A-,A,A+,A-,B
2026,Ishan Sharma,Saint Louis,A10,Sophomore,A-,B,A+,A-,A,B,B,B,A,A+,A,A,A-,A+,A,A+,A,A,A,A+,A-,A-,A+,A,A-,B+,A,A,A,B,A,A,A+,A,B+
2026,Kellen Thames,Saint Louis,A10,Junior,A,A,A+,A,A+,A,A,A,A+,A+,A+,A+,A+,A+,A+,A+,A+,A+,A+,A+,A+,A+,A+,A+,A+,A,A+,A+,A+,A,A+,A+,A+,A+,A+
2026,Quentin Jones,Saint Louis,A10,Junior,B,B-,A-,B,A-,C+,C+,B-,A-,A-,A-,B+,B+,A+,A-,A,A-,A-,B+,A,B,B,A-,A-,B-,B-,A-,B+,B+,B-,A-,A-,A,B+,B
2026,Trey Green,Saint Louis,A10,Sophomore,A-,B+,A+,A-,A+,B+,B+,B+,A+,A+,A+,A,A,A+,A,A+,A+,A+,A,A+,A,A,A+,A+,A,A-,A+,A,A,B+,A+,A+,A+,A,A-
2026,Andrew McKeever,Saint Mary's,WCC,Junior,B+,B,A,B+,A,B,B-,B,A,A,A,A-,A-,A+,A,A,A,A,A-,A+,B+,B+,A,A,B+,B,A,A,A-,B,A,A,A+,A-,B
2026,Dillan Shaw,Saint Mary's,WCC,Freshman,B+,B,A,B+,A,B,B,B,A,A,A,A-,B+,A+,A,A+,A,A,A-,A+,B+,B+,A,A,A-,B,A,A,A,B,A,A,A+,A-,B+
2026,Joshua Dent,Saint Mary's,WCC,Sophomore,A,A-,A+,A,A+,A-,A-,A-,A+,A+,A+,A+,A,A+,A+,A+,A+,A+,A+,A+,A,A,A+,A+,A,A-,A+,A+,A+,A-,A+,A+,A+,A+,A
2026,Liam Campbell,Saint Mary's,WCC,Sophomore,B+,B-,A,B+,A,B-,B-,B-,A,A,A,A-,B+,A+,A-,A+,A,A-,A-,A+,B+,B+,A,A-,B+,B,A,A-,A-,B,A,A,A+,A-,B
2026,Mantas Juzenas,Saint Mary's,WCC,Freshman,B-,B-,B+,B,B,B-,B-,B-,B,B+,B,B,B,A+,B,B+,B,B,B-,B+,B,B,B,B,A,B-,B,B,B,B-,B,B,A-,B,B-
2026,Mikey Lewis,Saint Mary's,WCC,Sophomore,B+,B,A+,B+,A,B,B,B,A,A,A,A,A-,A+,A,A+,A,A,A,A+,A-,A-,A+,A,B+,B+,A,A,A,B,A,A,A+,A,B+
2026,Paulius Murauskas,Saint Mary's,WCC,Junior,A,A-,A+,A,A+,A-,A-,A-,A+,A+,A+,A+,A,A+,A+,A+,A+,A+,A+,A+,A,A,A+,A+,A,A,A+,A+,A+,A,A+,A+,A+,A+,A
2026,Rory Hawke,Saint Mary's,WCC,Junior,C+,C-,B,C,B,C-,D+,C-,B-,B,B-,B-,C+,B+,C+,B,B,B-,C+,B,C+,C+,B,B-,C-,C,B,C+,B-,C-,B,B-,B+,B-,C
2026,Tony Duckett,Saint Mary's,WCC,Sophomore,C+,C+,B-,B-,B-,C+,C+,C+,B-,B-,B-,B-,C+,A+,C+,B,B,B-,C+,B,B-,C+,B-,B-,B-,C+,B-,B-,B-,C+,B,B-,B,B-,C+
2026,Bol Agu,Saint Peter's,MAAC,Junior,C+,C,B-,C+,C+,C,C,C,B-,B-,C+,C+,C+,A-,C+,B-,B-,B-,C+,B-,C+,C+,C+,C+,C,C+,B-,C+,B-,C,B-,C+,B,B-,C+
2026,Bryce Eaton,Saint Peter's,MAAC,Sophomore,C-,D+,C+,D+,C+,D,D,D,C+,C+,C,C,C,B+,C,B-,C+,C+,C,B-,C-,C-,B-,C+,C-,D+,C+,C,C+,D+,B-,C,B,C-,C-
2026,Jahki Gupton,Saint Peter's,MAAC,Junior,D+,D,C,D+,C,D,D,D,C-,C,C-,C-,D+,C+,C-,C+,C,C-,D+,C+,D+,D+,C,C-,D,D,C,C-,C-,D,C+,C-,C+,D+,D
2026,Lucas Scroggins,Saint Peter's,MAAC,Sophomore,B,B-,A,B,A-,B-,C+,B-,A-,A,A-,A-,B+,A+,A-,A,A-,A-,B+,A,B,B+,A,A-,B-,B,A,A-,A-,B-,A,A-,A+,A-,B
2026,Shaedon Simpson,Saint Peter's,MAAC,Sophomore,C-,C-,C,C-,C,D+,D+,D+,C,C,C,C-,C-,B-,C-,C+,C+,C,C-,C+,C-,C-,C,C-,D,C-,C,C,C,D+,C+,C-,C+,C,C-
2026,TJ Robinson,Saint Peter's,MAAC,Freshman,D+,D,C,D,C-,D,D,D,C-,C,C-,C-,D+,B-,C-,C+,C-,C-,D+,C+,D+,D+,C,C-,D,D,C,D+,C,D,C,C-,C+,D+,D
2026,Cade Norris,Samford,SC,Sophomore,C,C-,B-,C,B-,D+,D+,D+,B-,B-,C+,C+,C,B+,C+,B,B-,B-,C+,B,C,C,B-,B-,C-,C-,B-,C+,B-,D+,B,B-,B,C+,C
2026,Dylan Faulkner,Samford,SC,Junior,B+,B,A,B+,A,B,B-,B,A,A,A,A-,A-,A+,A,A+,A-,A,A-,A+,B+,B+,A,A,A,B,A,A,A-,B,A,A,A+,A-,B
2026,Isaiah Campbell-Finch,Samford,SC,Freshman,D,D,C-,D,C-,D,D,D,D+,C,C-,D+,D+,C+,D+,C+,C-,C-,D+,C+,D,D+,C,D+,D,D,C,D+,C-,D,C,D+,C+,D+,D
2026,Judson Bjornstad,Samford,SC,Sophomore,D+,D+,C,D+,C-,D+,D+,D+,C-,C,C-,C-,D+,C,D+,C,C,C-,D+,C,C-,D+,C-,C-,D-,D+,C-,C-,C-,D+,C-,C-,C+,C-,D+
2026,Kam Martin,Samford,SC,Sophomore,D+,D,C-,D,C-,D,D,D,C-,C,C-,D+,D+,B-,D+,C+,C-,C-,D+,C+,D,D+,C,D+,D,D,C,D+,C-,D,C,D+,C+,D+,D
2026,Will Shaver,Samford,SC,Sophomore,C-,C-,C,C-,C,C-,D+,D+,C,C,C,C,C,C+,C-,C+,C+,C,C-,C+,C,C-,C,C,D,C-,C,C,C+,C-,C+,C,C+,C,C-
2026,Zion Wilburn,Samford,SC,Sophomore,D,D,D+,D,D+,D-,D-,D-,D+,C-,D+,D+,D,C-,D+,C,D+,D+,D,C,D,D,C-,D+,D-,D,C-,D,D+,D,C-,D+,C,D+,D
2026,CJ Beaumont,Sam Houston St.,CUSA,Junior,C,C,C+,C,C+,C-,C-,C,C+,B-,C+,C+,C,B+,C+,B-,C+,C+,C,B-,C+,C,C+,C+,C-,C,C+,C+,C+,C,B-,C+,B,C+,C
2026,Isaiah Manning,Sam Houston St.,CUSA,Sophomore,C+,C+,B-,C+,B-,C+,C+,C+,B-,B-,B-,B-,C+,A,C+,B,B,B-,C+,B,B-,C+,B-,B-,C+,C+,B-,B-,B-,C+,B-,B-,B,B-,C+
2026,Jacob Walker,Sam Houston St.,CUSA,Freshman,C,C-,B-,C,B-,C-,D+,D+,B-,B,B-,B-,C+,B+,C+,B,B-,B-,C+,B,C,C+,B,B-,C,C-,B,C+,B-,C-,B,B-,B+,C+,C
2026,Jacobe Coleman,Sam Houston St.,CUSA,Freshman,C+,C-,B,C+,B,C-,D+,C-,B-,B,B-,B-,C+,A-,B-,B,B-,B-,C+,B+,C+,C+,B,B-,C,C,B,B-,B-,C-,B,B-,B+,B-,C
2026,Jaxson Ford,Sam Houston St.,CUSA,Sophomore,C-,D+,C,C-,C,D+,D+,D+,C,C,C-,C-,C-,C,C-,C+,C,C-,D+,C+,C-,D+,C-,C-,D-,C-,C,C-,C,D+,C,C-,C+,C-,C-
2026,Justin Begg,Sam Houston St.,CUSA,Sophomore,D+,D+,C+,D+,C+,D,D,D,C+,C+,C,C,C-,B-,C,B-,C+,C+,C,B-,D+,C-,C+,C+,D,D+,C+,C,C,D+,C+,C,B-,C-,D+
2026,Matt Dann,Sam Houston St.,CUSA,Freshman,B-,B-,B,B-,B,C+,C+,C+,B,B,B-,B-,B-,A+,B,B,B,B,B-,B,B-,B-,B,B,B-,B-,B,B,B,C+,B,B,B+,B-,B-
2026,Po'Boigh King,Sam Houston St.,CUSA,Junior,B-,C+,B+,C+,B,C,C,C,B,B+,B,B,B-,A+,B,B+,B,B,B-,A-,B-,B-,B+,B,B-,C+,B+,B,B,C,B+,B,A-,B,C+
2026,Alejandro Aviles,San Diego,WCC,Freshman,C-,C-,C+,C-,C,C-,C-,C-,C,C+,C,C,C,B-,C-,C+,C+,C,C-,C+,C,C-,C,C,D,C-,C+,C,C,C-,C+,C,B-,C,C-
2026,Assane Diop,San Diego,WCC,Junior,D+,D+,C,D+,C+,D,D,D,C,C,C-,C-,D+,B-,C-,B-,C,C-,C-,B-,D+,D+,C+,C,D,D+,C+,C,C,D,C+,C-,C+,C-,D+
2026,Brandon Benjamin,San Diego,WCC,Freshman,C+,C,B,C+,B,C,C,C,B,B,B,B-,B-,A,B,B+,B,B,B-,B+,C+,B-,B+,B,B-,C+,B,B-,B,C,B,B,A-,B-,C+
2026,Darrae Goodwin,San Diego,WCC,Freshman,C-,C-,C+,C-,C+,C-,C-,C-,C+,C+,C,C,C,B-,C,C+,C+,C,C-,C+,C,C-,C,C,D,C-,C+,C,C+,C-,C+,C,B-,C,C-
2026,Emmanuel Callas,San Diego,WCC,Junior,C-,C-,C,C-,C,D+,D+,D+,C,C,C-,C-,C-,C+,C-,C+,C,C,C-,C,C-,C-,C,C-,D,C-,C,C,C,C-,C,C-,C+,C,C-
2026,Gavin Ripp,San Diego,WCC,Freshman,D+,D+,C,D+,C,D,D,D,C,C,C-,C-,D+,C+,C-,C+,C,C-,D+,C+,D+,D+,C+,C-,D,D+,C+,C-,C,D,C+,C-,C+,C-,D+
2026,Josh Hecht,San Diego,WCC,Junior,D-,D-,D-,F,D-,D-,D-,D-,D-,D-,F,D-,D-,F,F,F,D-,D-,F,D-,F,F,D-,F,F,D-,D-,D-,D-,D-,F,F,D-,F,F
2026,Neel Beniwal,San Diego,WCC,Junior,D,D+,D+,D,D+,D,D,D,D+,D+,D+,D+,D+,D,D+,C,C-,D+,D,C-,D+,D,D+,D,F,D,D+,D,D+,D,D+,D+,C-,D+,D
2026,Nick Del Bosque,San Diego,WCC,Sophomore,F,D-,F,F,F,F,F,F,F,F,F,F,F,F,F,F,D-,F,F,F,F,F,F,F,F,F,F,F,F,F,F,F,F,F,F
2026,Ty-Laur Johnson,San Diego,WCC,Junior,C,C-,B,C,B-,C-,D+,C-,B-,B,B-,B-,C+,A,B-,B+,B-,B-,B-,B+,C+,C+,B,B-,C+,C-,B,B-,B-,C-,B,B-,B+,C+,C
2026,Vuk Boskovic,San Diego,WCC,Junior,D+,D+,C-,D+,C,D,D,D,C,C,C-,C-,D+,B-,C-,C+,C,C-,D+,C+,D+,D+,C,C-,D,D,C,C-,C-,D,C+,C-,C+,D+,D
2026,BJ Davis,San Diego St.,MWC,Junior,A,B+,A+,A,A+,B+,A-,A-,A+,A+,A+,A,A,A+,A+,A+,A+,A+,A,A+,A,A,A+,A+,A,A-,A+,A+,A,A-,A+,A+,A+,A+,A
2026,Cam Lawin,San Diego St.,MWC,Junior,C+,C,B-,C+,B-,C+,C,C,B-,B-,B-,B-,C+,A+,C+,B,B-,B-,C+,B,C+,C+,B-,C+,B-,C+,B-,C+,B-,C+,B-,B-,B,B-,C+
2026,Elzie Harrington,San Diego St.,MWC,Freshman,B-,C+,B+,B-,B+,C+,C+,C+,B+,B+,B+,B,B,A,B+,A-,B+,B+,B,A,B-,B,A-,B+,C+,C+,B+,B,B+,C+,B+,B+,A,B,B-
2026,Magoon Gwath,San Diego St.,MWC,Sophomore,B+,B,A,B+,A,B,B-,B,A,A,A,A-,B+,A+,A,A,A-,A,A-,A+,B+,B+,A,A,B+,B,A,A-,A-,B,A,A,A+,A-,B
2026,Miles Byrd,San Diego St.,MWC,Junior,A-,B,A+,A-,A,B,B+,B,A,A+,A,A,A,A+,A,A+,A,A,A,A+,A-,A-,A+,A,A,B+,A,A,A,B,A+,A,A+,A,B+
2026,Miles Heide,San Diego St.,MWC,Junior,B,C+,A-,B-,B+,C+,C+,C+,B+,A-,B+,B+,B,A,B+,A-,B+,B+,B,A,B,B,A-,B+,B-,B-,A-,B+,B+,C+,A-,B+,A,B+,B-
2026,Pharaoh Compton,San Diego St.,MWC,Sophomore,A,A-,A+,A,A+,A-,B+,A-,A+,A+,A+,A+,A,A+,A+,A+,A+,A+,A,A+,A,A,A+,A+,A,A-,A+,A+,A+,A-,A+,A+,A+,A+,A
2026,Tae Simmons,San Diego St.,MWC,Freshman,A-,B,A+,B+,A,B+,B,B,A,A+,A,A,A-,A+,A,A+,A,A,A-,A+,A-,A-,A+,A,B,B+,A,A,A,B,A,A,A+,A,B+
2026,Taj DeGourville,San Diego St.,MWC,Sophomore,B-,C+,B+,B-,B+,C+,C+,C+,B+,B+,B+,B,B,A,B,A-,B+,B+,B,A,B-,B,B+,B+,C,C+,B+,B,B+,C+,B+,B+,A,B,B-
2026,David Fuchs,San Francisco,WCC,Junior,B,B-,A-,B,B+,C+,C+,C+,B+,A-,B+,B+,B,A+,A-,A-,B+,B+,B,A,B,B,A-,B+,B,B-,A-,B+,B+,B-,A-,B+,A,B+,B-
2026,Junjie Wang,San Francisco,WCC,Junior,C+,C-,B-,C+,B,C-,D+,C-,B,B,B-,B-,C+,A,B-,B+,B,B-,C+,B+,C+,C+,B,B,C,C,B,B-,B-,C-,B,B-,B+,B-,C
2026,Legend Smiley,San Francisco,WCC,Freshman,C+,C,B,C+,B,C-,C-,C-,B,B,B,B-,C+,A,B-,B+,B,B-,B-,B+,C+,C+,B,B,C,C+,B,B-,B,C,B,B,B+,B-,C+
2026,Mookie Cook,San Francisco,WCC,Junior,C+,C,B,C+,B,C,C-,C,B,B,B,B-,B-,A,B,B+,B,B,B-,B+,C+,B-,B+,B,B-,C+,B+,B,B,C,B+,B,A-,B-,C+
2026,Ryan Beasley,San Francisco,WCC,Junior,B-,C+,B+,B-,B+,C+,C+,C+,B+,B+,B+,B+,B,A+,B+,B+,B+,B+,B,A,B-,B,A-,B+,B-,C+,B+,B+,B+,C+,B+,B+,A,B,B-
2026,Tyrone Riley IV,San Francisco,WCC,Sophomore,B,B-,A-,B,A-,C+,C+,B-,A-,A-,A-,B+,B+,A+,A-,A,A-,A-,B+,A,B,B,A-,A-,B-,B-,A-,B+,B+,B-,A-,A-,A,B+,B
2026,Veniamin Abosi,San Francisco,WCC,Sophomore,C+,C,B,C+,B,C-,C-,C-,B,B,B-,B-,C+,A-,B-,B+,B,B-,C+,B+,C+,C+,B,B,C,C,B,B-,B-,C,B,B-,B+,B-,C+
2026,Adrian Myers,San Jose St.,MWC,Sophomore,C,C-,B-,C,B-,D+,D+,D+,B-,B-,C+,C+,C+,A,C+,B,B-,B-,C+,B,C,C,B-,B-,B-,C-,B-,C+,B-,C-,B,C+,B,C+,C-
2026,Ben Roseborough,San Jose St.,MWC,Freshman,C+,C+,C+,C+,C+,C,C,C,B-,B-,C+,C+,C+,A-,C+,B-,B-,C+,C+,B-,C+,C+,C+,C+,C,C+,C+,C+,B-,C+,B-,C+,B,C+,C+
2026,Colby Garland,San Jose St.,MWC,Junior,B+,B,A,B+,A,B,B-,B,A,A,A,A-,A-,A+,A,A+,A,A,A-,A+,B+,B+,A,A,B+,B,A,A-,A,B,A,A,A+,A-,B+
2026,Douglas Langford,San Jose St.,MWC,Freshman,C-,C-,C+,C-,C+,C-,D+,C-,C,C+,C-,C-,C,C+,C,C+,C+,C,C-,C+,C,C-,C,C,D,C-,C+,C,C+,C-,C+,C,B-,C,C-
2026,Japhet Moupadele,San Jose St.,MWC,Freshman,D+,D+,C-,D+,C-,D+,D+,D,D+,C-,D+,D+,D+,D+,D+,C,C,C-,D+,C-,D+,D+,C-,D+,D-,D+,C-,D+,C-,D+,C-,D+,C,D+,D+
2026,Jermaine Washington,San Jose St.,MWC,Sophomore,C-,D+,C+,D+,C+,D,D,D,C+,C+,C,C+,C-,B,C,B-,C+,C+,C,B-,C-,C-,B-,C+,D+,D+,C+,C,C+,D+,B-,C,B,C-,D+
2026,Marcus Overstreet,San Jose St.,MWC,Junior,C,C,C+,C,C+,C-,C-,C-,C+,C+,C,C+,C,B,C+,B-,C+,C+,C,B-,C+,C,C+,C+,D+,C,C+,C+,C+,C,C+,C+,B-,C+,C
2026,Melvin Bell Jr.,San Jose St.,MWC,Freshman,D+,D+,C,D+,C,D,D,D,C,C,C-,C-,D+,B-,C-,C+,C,C,D+,B-,D+,D+,C,C,D,D+,C,C-,C,D,C+,C-,C+,C-,D+
2026,Pasha Goodarzi,San Jose St.,MWC,Sophomore,C-,D+,C+,C-,C+,D,D,D,C+,C+,C,C,C-,B+,C,B-,C+,C+,C,B-,C-,C-,C+,C+,C-,D+,C+,C,C+,D+,C+,C,B,C,C-
2026,Allen Graves,Santa Clara,WCC,Freshman,A+,A,A+,A+,A+,A,A,A,A+,A+,A+,A+,A+,A+,A+,A+,A+,A+,A+,A+,A+,A+,A+,A+,A+,A,A+,A+,A+,A,A+,A+,A+,A+,A+
2026,Bukky Oboye,Santa Clara,WCC,Sophomore,B+,B-,A,B,A-,B-,B-,B,A-,A,A-,A-,B+,A+,A-,A,A-,A-,B+,A,B+,B+,A,A,B+,B,A,A-,A-,B-,A,A-,A+,A-,B
2026,Christian Hammond,Santa Clara,WCC,Sophomore,B+,B,A,B+,A,B,B,B,A,A,A,A,A-,A+,A,A+,A,A,A,A+,B+,A-,A+,A,B+,B,A,A,A,B,A,A,A+,A,B+
2026,Francis Chukwudebelu,Santa Clara,WCC,Freshman,B-,C+,B,B-,B,C+,C+,C+,B,B,B-,B-,B-,A+,B-,B,B,B-,B-,B,B-,B-,B-,B-,B,B-,B-,B-,B,C+,B,B,B+,B,B-
2026,Jake Ensminger,Santa Clara,WCC,Junior,A-,B,A+,A-,A,B,B+,B+,A,A+,A,A,A,A+,A,A+,A,A,A,A+,A-,A-,A+,A,A-,B+,A,A,A,B,A,A,A+,A,A-
2026,KJ Cochran,Santa Clara,WCC,Freshman,C+,C,B,C+,B,C-,C-,C,B,B,B-,B-,C+,A,B-,B+,B,B-,B-,B+,C+,C+,B,B,C,C,B,B-,B-,C,B,B,B+,B-,C+
2026,Sash Gavalyugov,Santa Clara,WCC,Freshman,B-,C+,B,B-,B,C+,C+,C+,B,B,B,B-,B-,A+,B-,B,B,B-,B-,B,B-,B-,B-,B-,B-,B-,B,B-,B-,C+,B,B-,B,B-,B-
2026,Thierry Darlan,Santa Clara,WCC,Junior,C+,C,B,C+,B,C-,C-,C,B,B,B-,B-,C+,B+,B,B+,B,B-,B-,B+,C+,C+,B,B,C,C,B,B,B-,C,B,B,B+,B-,C+
2026,Austin Maurer,Seattle,WCC,Sophomore,B,B-,A,B,A-,B-,B-,B-,A-,A-,A-,A-,B+,A,A-,A,A-,A-,B+,A,B,B+,A,A-,B-,B,A,A-,A-,B-,A-,A-,A+,B+,B
2026,Brock Felder,Seattle,WCC,Junior,C+,C,B-,C+,B-,C,C,C,B-,B-,C+,B-,C+,B+,C+,B-,B-,C+,C+,B,C+,C,B-,C+,C-,C+,C+,C+,B-,C,B-,C+,B,C+,C+
2026,Houran Dan,Seattle,WCC,Sophomore,C,C-,B-,C-,B-,D+,D+,D+,B-,B-,C+,C+,C,B,C+,B,B-,C+,C+,B,C,C,B-,B-,D+,C-,B-,C+,B-,D+,B-,C+,B,C+,C-
2026,Miles Amos,Seattle,WCC,Junior,C-,C-,C,C-,C+,C-,D+,D+,C,C+,C,C,C-,B-,C-,C+,C+,C,C-,C+,C-,C-,C,C,D,C-,C,C,C,D+,C+,C,C+,C,C-
2026,Will Heimbrodt,Seattle,WCC,Sophomore,C+,C,B,C+,B,C,C-,C,B,B,B,B,B-,A+,B,B+,B,B,B-,A-,C+,B-,B+,B,B,C,B,B,B,C,B+,B,A-,B-,C+
2026,Adam Clark,Seton Hall,BE,Junior,B+,B,A,B+,A,B,B,B,A,A,A,A,A-,A+,A,A+,A,A,A,A+,B+,A-,A+,A,B,B,A,A,A,B,A,A,A+,A,B+
2026,Assane Mbaye,Seton Hall,BE,Sophomore,D-,D-,F,F,F,D-,F,F,F,D-,F,F,D-,F,F,F,D-,F,F,F,F,F,D-,F,F,D-,D-,F,F,D-,F,F,F,F,F
2026,Jacob Dar,Seton Hall,BE,Junior,B-,B-,B,B-,B,C+,C+,B-,B,B,B,B,B-,A+,B,B,B,B,B-,B+,B-,B-,B,B,B+,B-,B,B,B,B-,B,B,B+,B,B-
2026,Mike Williams III,Seton Hall,BE,Junior,B,B-,A-,B-,B+,C+,C+,C+,B+,A-,B+,B+,B,A+,B+,A-,B+,B+,B,A,B,B,A-,B+,B-,B-,A-,B+,B+,C+,B+,B+,A,B+,B-
2026,Najai Hines,Seton Hall,BE,Freshman,A,A-,A+,A,A+,A-,B+,A-,A+,A+,A+,A,A,A+,A+,A+,A+,A+,A,A+,A,A,A+,A+,A,A-,A+,A+,A+,A-,A+,A+,A+,A+,A
2026,Tajuan Simpkins,Seton Hall,BE,Sophomore,B-,B-,B,B-,B,B-,B-,B-,B,B,B,B,B,A+,B,B,B,B,B-,B+,B,B-,B,B,B+,B-,B,B,B,B-,B,B,B+,B,B-
2026,Trey Parker,Seton Hall,BE,Sophomore,B,C+,A-,B,A-,C+,C+,C+,B+,A-,B+,B+,B,A,B+,A-,B+,B+,B+,A,B,B,A-,B+,B-,B-,A-,B+,B+,B-,A-,B+,A,B+,B-
2026,Chris Torres,Siena,MAAC,Sophomore,D,D,D,D,D,D,D-,D-,D,D,D,D,D,F,D-,D+,D,D,D-,D,D,D-,D,D-,F,D,D,D,D,D,D-,D-,D,D,D-
2026,Christian Jones,Siena,MAAC,Freshman,D,D,D+,D,D+,D-,D-,D-,D+,C-,D+,D+,D+,C+,D+,C,D+,D+,D,C,D,D,C-,D+,D,D,C-,D,C-,D,C-,D+,C,D,D
2026,Francis Folefac,Siena,MAAC,Freshman,B-,C+,B+,B-,B+,C+,C,C+,B+,B+,B,B,B,A+,B,A-,B,B,B,A-,B-,B-,B+,B+,B-,C+,B+,B,B,C+,B+,B,A-,B,B-
2026,Gavin Doty,Siena,MAAC,Sophomore,B+,B,A,B+,A,B,B,B,A,A,A,A,A-,A+,A,A+,A,A,A-,A+,B+,B+,A,A,A-,B,A,A,A,B,A,A,A+,A-,B+
2026,Isaiah Henderson,Siena,MAAC,Freshman,D,D,C-,D,D+,D,D,D,D+,C-,D+,D+,D+,B-,D+,C,C-,C-,D+,C,D,D,C-,D+,D,D,C-,D+,C-,D,C-,D+,C+,D+,D
2026,Tasman Goodrick,Siena,MAAC,Junior,B,B,B+,B,B,B,B-,B,B+,B+,B+,B,B,A+,B,B+,B+,B,B,A-,B,B,B+,B+,A-,B,B+,B+,B,B,B+,B,A-,B,B
2026,Corentin Efono,SIU Edwardsville,OVC,Freshman,D+,D+,D+,D,D+,D,D,D,D+,C-,D+,D+,D+,D,D+,C,C-,D+,D+,C-,D+,D+,D+,D+,F,D+,D+,D+,C-,D+,D+,D+,C-,D+,D+
2026,Darrion Baker,SIU Edwardsville,OVC,Sophomore,D+,D+,C+,D+,C+,D,D,D,C,C+,C,C,C-,B+,C,B-,C+,C,C-,B-,D+,D+,C+,C+,C-,D+,C+,C,C,D,C+,C,B-,C,D+
2026,Harrison Alexander,SIU Edwardsville,OVC,Sophomore,C,C,C+,C,C+,C,C-,C-,C+,C+,C+,C+,C,B+,C,B-,B-,C+,C,B-,C+,C,C+,C+,C-,C,C+,C+,C+,C,C+,C+,B-,C+,C
2026,Iwo Baganc,SIU Edwardsville,OVC,Freshman,D,D,D+,D,D,D,D,D,D,D+,D,D,D,D-,D,C-,D+,D+,D,D+,D,D,D,D,F,D,D,D,D+,D,D,D,C-,D,D
2026,Jordan Pickett,SIU Edwardsville,OVC,Junior,D,D,D+,D,D+,D-,D-,D-,D+,D+,D,D,D,C,D,C-,D+,D+,D,C-,D,D,D+,D,D-,D-,D+,D,D+,D-,D+,D,C-,D,D-
2026,Tyler King,SIU Edwardsville,OVC,Junior,C,C-,B-,C,B-,C-,D+,D+,B-,B-,B-,B-,C+,A,C+,B,B-,B-,C+,B,C,C+,B,B-,C,C-,B-,C+,B-,C-,B,B-,B+,C+,C
2026,B.J. Davis-Ray,SMU,ACC,Freshman,C,C-,C+,C,C+,C-,C-,C-,C+,C+,C+,C,C,B,C,B-,C+,C+,C,C+,C,C,C+,C,D+,C,C+,C,C+,C-,C+,C+,B-,C+,C
2026,Jaden Toombs,SMU,ACC,Freshman,B+,B,A,B,A,B-,B-,B-,A,A,A-,A-,B+,A+,A-,A,A-,A-,B+,A,B+,B+,A,A-,A-,B,A,A-,A-,B-,A,A,A+,A-,B
2026,Jermaine O'Neal Jr.,SMU,ACC,Freshman,C+,C,B,C+,B,C,C,C,B,B+,B,B-,B-,A,B,B+,B,B,B-,B+,C+,B-,B+,B,C,C+,B+,B,B,C,B+,B,A-,B,C+
2026,Mitchell Holmes,SMU,ACC,Freshman,C+,C,B-,C+,B-,C+,C,C,B-,B,C+,B-,C+,A,C+,B-,B-,B-,C+,B,C+,C+,B-,B-,C+,C+,B-,B-,B-,C,B-,B-,B,B-,C+
2026,Sam Walters,SMU,ACC,Junior,C-,C-,C+,C-,C+,C-,D+,C-,C,C+,C,C,C-,B,C-,C+,C+,C,C-,C+,C,C-,C,C,D+,C-,C,C,C+,C-,C+,C,B-,C,C-
2026,Samet Yigitoglu,SMU,ACC,Sophomore,B+,B-,A,B,A-,B-,B-,B-,A,A,A-,A-,B+,A+,A,A,A-,A-,B+,A,B+,B+,A,A-,B-,B,A,A-,A-,B-,A,A-,A+,A-,B
2026,Adam Olsen,South Alabama,SB,Junior,C+,C,B,C+,B,C,C-,C,B,B,B,B-,B-,A,B,B+,B,B,B-,B+,C+,B-,B+,B,C+,C,B,B-,B,C,B,B,A-,B-,C+
2026,Brian Hawthorne,South Alabama,SB,Sophomore,D,D+,D+,D+,D+,D,D,D,D+,D+,D+,D+,D+,D,D,C,C-,D+,D,C-,D+,D+,D+,D+,F,D,D+,D+,C-,D,D+,D+,C-,D+,D+
2026,Jayden Cooper,South Alabama,SB,Junior,C-,D+,C+,C-,C+,D+,D+,D,C+,C+,C,C,C,B,C,B-,C+,C+,C,B-,C-,C-,B-,C+,D+,D+,C+,C,C+,D+,B-,C+,B,C,C-
2026,John Broom,South Alabama,SB,Junior,C-,D+,C+,D+,C+,D,D,D,C+,C+,C,C,C-,B+,C,B-,C+,C+,C,B-,C-,C-,C+,C+,C-,D+,C+,C,C+,D+,C+,C,B-,C,D+
2026,Stephen Williams,South Alabama,SB,Sophomore,B,B-,A-,B,A-,B-,C+,B-,A-,A-,A-,B+,B+,A+,A-,A,A-,A-,B+,A,B,B,A,A-,B-,B-,A-,A-,B+,B-,A-,A-,A,B+,B
2026,Christ Essandoko,South Carolina,SEC,Junior,C-,C-,C+,C-,C+,C-,D+,D+,C,C+,C,C,C,B-,C-,C+,C+,C,C-,C+,C,C-,C,C,D,C-,C,C,C+,C-,C+,C,B-,C,C-
2026,EJ Walker,South Carolina,SEC,Freshman,D+,D+,C+,D+,C+,D,D,D,C+,C+,C,C,C-,B-,C,B-,C+,C+,C,B-,C-,C-,C+,C+,D,D+,C+,C,C+,D+,C+,C,B-,C,D+
2026,Eli Ellis,South Carolina,SEC,Freshman,C+,C,B,C+,B,C-,C-,C,B,B+,B,B-,B-,A-,B,B+,B,B,B-,B+,C+,B-,B+,B,C,C,B,B-,B,C,B,B,A-,B-,C+
2026,Elijah Strong,South Carolina,SEC,Junior,C+,C,B,C+,B,C-,C-,C-,B,B,B-,B-,C+,A,B-,B+,B,B-,B-,B+,C+,C+,B,B,C,C,B,B-,B-,C,B,B,B+,B-,C+
2026,Grant Polk,South Carolina,SEC,Freshman,C+,C-,B,C,B-,D+,D+,C-,B-,B,B-,C+,C,A-,C+,B,B-,B-,C+,B,C,C+,B,B-,C,C,B,C+,B-,C-,B,B-,B+,C+,C
2026,Hayden Assemian,South Carolina,SEC,Freshman,C+,C,B-,C,B-,C,C,C,B-,B-,C+,C+,C+,B+,C+,B-,B-,B-,C,B,C+,C,B-,C+,C-,C+,B-,C+,B-,C,B-,C+,B,C+,C+
2026,Jordan Butler,South Carolina,SEC,Junior,C+,C+,B-,C+,B-,C,C,C,B-,B-,C+,C+,C+,A-,C+,B-,B-,C+,C+,B-,C+,C,B-,C+,C,C+,B-,B-,B-,C,B-,C+,B,C+,C+
2026,Christopher Parker,South Carolina St.,MEAC,Junior,D,D,D+,D,D+,D-,D-,D-,D,D+,D,D,D,C+,D,C-,D+,D,D,C-,D-,D,D+,D,D-,D-,D+,D,D+,D-,D+,D,C-,D,D-
2026,D'Shay Knights Wright,South Carolina St.,MEAC,Sophomore,D+,D+,C-,D+,C-,D+,D+,D+,C-,C,C-,C-,C-,C,D+,C,C,C-,D+,C,C-,D+,C-,D+,D-,D+,C-,C-,C-,D+,C-,D+,C+,C-,D+
2026,Derwin Hodge,South Carolina St.,MEAC,Freshman,D-,D-,D,D-,D,D-,D-,D-,D,D,D,D,D,D,D,D+,D,D,D,D+,D-,D-,D,D,D-,D-,D,D,D,D-,D,D,D+,D,D-
2026,Jamal Miles,South Carolina St.,MEAC,Sophomore,D,D,D+,D,D+,D,D,D,D,D+,D,D+,D,D-,D,C-,D+,D,D,D+,D,D,D,D,F,D,D,D,D+,D,D+,D,D+,D,D
2026,James Morrow,South Carolina St.,MEAC,Junior,D+,D+,C,D+,C,D,D,D,C,C,C-,C-,C-,B,C-,B-,C,C-,C-,B-,D+,D+,C+,C,D+,D+,C+,C-,C,D,C+,C-,C+,C-,D+
2026,Jayden Johnson,South Carolina St.,MEAC,Sophomore,D+,D,C,D,C-,D,D,D,C-,C,C-,C-,D+,B+,C-,C+,C-,C-,D+,C+,D+,D+,C,C-,C-,D,C,D+,C-,D,C,C-,C+,D+,D
2026,Noah Treadwell,South Carolina St.,MEAC,Freshman,D,D,D+,D-,D+,D-,D-,D-,D,D+,D,D,D,C+,D,C-,D+,D,D,C-,D-,D,D+,D,D,D,D+,D,D+,D-,D+,D,C-,D,D-
2026,"Owen Bronston, Jr.",South Carolina St.,MEAC,Junior,D+,D,C-,D+,C-,D,D,D,C-,C,C-,C-,D+,B+,C-,C+,C,C-,D+,C+,D,D+,C,C-,C-,D,C,D+,C-,D,C,C-,C+,D+,D
2026,Rayniel Wright,South Carolina St.,MEAC,Junior,D-,D-,D-,D-,D-,D-,D-,D-,D-,D-,D-,D-,D-,D,D-,D-,D-,D-,D-,D-,F,F,D-,D-,F,D-,D-,D-,D-,D-,D-,D-,D,D-,F
2026,Teon Tindal,South Carolina St.,MEAC,Freshman,D+,D+,C-,D+,C-,D+,D+,D+,C-,C-,D+,D+,D+,D,D+,C,C-,C-,D+,C,D+,D+,C-,D+,F,D+,C-,C-,C-,D+,C-,D+,C,C-,D+
2026,Tim Okojie,South Carolina St.,MEAC,Junior,D+,D+,C,D+,C,D+,D+,D+,C-,C,C-,C-,C-,C,C-,C,C,C-,D+,C,C-,D+,C,C-,D-,D+,C-,C-,C,D+,C,C-,C+,C-,C-
2026,Ethan Kizer,South Dakota,Sum,Sophomore,D,D,C-,D,C-,D,D,D,C-,C-,D+,D+,D+,B,D+,C,C-,C-,D+,C,D,D,C,D+,D,D,C-,D+,C-,D,C-,D+,C+,D+,D
2026,Evan Anderson,South Dakota,Sum,Freshman,D+,D,C,D+,C,D,D,D,C,C,C-,C-,D+,B-,C-,C+,C,C-,D+,C+,D+,D+,C,C-,D,D,C+,C-,C,D,C,C-,C+,C-,D+
2026,Isaac Bruns,South Dakota,Sum,Junior,C-,D+,C+,C-,C+,D+,D+,D+,C+,C+,C,C+,C,A-,C+,B-,C+,C+,C,B-,C-,C,B-,C+,C,D+,B-,C+,C+,D+,B-,C+,B,C,C-
2026,Jake Brack,South Dakota,Sum,Junior,D+,D+,C+,D+,C+,D,D,D,C,C+,C-,C-,D+,B-,C,B-,C,C,C-,B-,D+,D+,C+,C,D,D+,C+,C,C,D,C+,C,B-,C-,D+
2026,Jesse Mcintosh,South Dakota,Sum,Freshman,C-,D+,C+,C-,C+,D,D,D,C+,C+,C,C,C-,B+,C,B-,C+,C+,C,B-,C-,C-,C+,C+,C-,D+,C+,C,C+,D+,C+,C,B-,C,D+
2026,Jordan Crawford,South Dakota,Sum,Junior,C-,D+,C+,D+,C+,D,D,D,C+,C+,C,C,C,B+,C,B-,C+,C+,C,B-,C-,C-,B-,C+,C,D+,C+,C,C+,D+,B-,C,B,C,C-
2026,Shey Eberwein,South Dakota,Sum,Sophomore,C-,C-,C,C-,C,C-,C-,D+,C+,C+,C,C,C,B-,C-,C+,C+,C,C-,C+,C,C,C,C,D,C-,C+,C,C+,C-,C+,C,C+,C,C-
2026,Uzziah Buntyn,South Dakota,Sum,Freshman,C-,D+,C+,C-,C+,D+,D+,D+,C+,B-,C+,C+,C,B,C,B-,C+,C+,C,B,C-,C,B-,C+,D+,D+,C+,C+,C+,D+,B-,C+,B,C,C-
2026,Vince Buzelis,South Dakota,Sum,Freshman,D+,D+,C+,D+,C+,D,D,D,C,C+,C,C,C-,B,C,B-,C+,C,C-,B-,D+,D+,C+,C,D+,D+,C+,C,C,D,C+,C,B-,C-,D+
2026,Alec Squires,South Dakota St.,Sum,Freshman,C-,D+,C+,C-,C+,D+,D,D,C+,C+,C,C,C-,B,C,B-,C+,C+,C,B-,C-,C-,B-,C+,D,D+,B-,C+,C+,D+,B-,C+,B,C,D+
2026,Bubz Alvarez,South Dakota St.,Sum,Sophomore,C-,C-,C,C-,C,C-,D+,D+,C,C,C,C-,C-,C+,C-,C+,C+,C,C-,C+,C,C-,C,C-,D,C-,C,C,C,C-,C,C,C+,C,C-
2026,Damon Wilkinson,South Dakota St.,Sum,Sophomore,B,C+,A-,B-,B+,C+,C+,C+,B+,A-,B+,B+,B,A+,A-,A,B+,B+,B,A,B,B,A-,B+,B-,B-,A-,B+,B+,C+,A-,B+,A,B+,B-
2026,Jaden Jackson,South Dakota St.,Sum,Sophomore,C,C-,B-,C,B-,D+,D+,D+,B-,B,B-,B-,C+,A-,C+,B,B-,B-,C+,B,C,C+,B,B-,C,C-,B-,C+,B-,C-,B,B-,B+,C+,C
2026,Jaden Rogers,South Dakota St.,Sum,Freshman,C-,C-,C+,C-,C+,C-,D+,D+,C,C+,C,C,C-,B-,C,C+,C+,C,C-,C+,C,C-,C,C,D,C-,C,C,C+,C-,C+,C,B-,C,C-
2026,Joe Sayler,South Dakota St.,Sum,Sophomore,C,C-,B-,C-,B-,D+,D+,D+,B-,B-,C+,C+,C,B+,C+,B,B-,C+,C+,B,C,C,B-,B-,C-,C-,B-,C+,C+,D+,B-,C+,B,C+,C-
2026,Kalen Garry,South Dakota St.,Sum,Junior,C,C-,B-,C-,C+,D+,D+,D+,B-,B-,C+,C+,C,A-,C+,B,C+,C+,C+,B,C,C,B-,B-,C,C-,B-,C+,C+,D+,B-,C+,B,C,C-
2026,Luke Haertle,South Dakota St.,Sum,Junior,D+,D,C,D+,C,D,D,D,C-,C,C-,C-,D+,B,C-,C+,C-,C-,D+,C+,D+,D+,C,C-,D,D,C,C-,C,D,C+,C-,C+,D+,D
2026,Trey Buchanan,South Dakota St.,Sum,Freshman,C,C,C+,C,C+,C,C-,C-,C+,C+,C+,C+,C,B+,C,B-,B-,C+,C,B-,C+,C,C+,C+,C-,C,C+,C+,C+,C,C+,C+,B-,C+,C
2026,C.J. Booker,Southeastern Louisiana,Slnd,Sophomore,D,D,C-,D,C-,D,D,D,C-,C,C-,D+,D+,B-,D+,C+,C-,C-,D+,C+,D,D+,C,C-,D,D,C,D+,C-,D,C,D+,C+,D+,D
2026,Garrett Shoemaker,Southeastern Louisiana,Slnd,Freshman,D+,D+,C,D+,C,D+,D+,D+,C-,C,C-,C-,C-,C,D+,C+,C,C-,D+,C,C-,D+,C-,C-,D-,D+,C-,C-,C-,D+,C-,C-,C+,C-,C-
2026,Jaiden Lawrence,Southeastern Louisiana,Slnd,Junior,D+,D+,C,D+,C,D,D,D,C,C,C-,C-,D+,B,C-,C+,C,C,D+,C+,D+,D+,C,C-,D,D,C+,C-,C,D,C+,C-,C+,C-,D+
2026,Jalen Forrest,Southeastern Louisiana,Slnd,Junior,C,C-,B-,C,B-,D+,D+,D+,B-,B-,C+,C+,C,A-,C+,B,B-,C+,C+,B,C,C,B-,B-,C,C-,B-,C+,C+,D+,B-,C+,B,C+,C-
2026,Jeremy Elyzee,Southeastern Louisiana,Slnd,Sophomore,C,C-,B-,C-,C+,D+,D+,D+,B-,B-,C+,C+,C,B+,C+,B,B-,C+,C+,B,C,C,B-,B-,C,C-,B-,C+,C+,D+,B-,C+,B,C,C-
2026,Kyle Edison,Southeastern Louisiana,Slnd,Sophomore,C,C,C+,C,C+,C,C-,C-,C+,C+,C+,C+,C,B,C,B-,C+,C+,C,B-,C+,C,C+,C,D+,C,C+,C+,C+,C,C+,C+,B-,C+,C
2026,Makhi Myles,Southeastern Louisiana,Slnd,Sophomore,B-,C+,B,C+,B,C,C,C,B,B+,B,B,B-,A+,B,B+,B,B,B-,A-,B-,B-,B+,B,B-,C+,B+,B,B,C,B+,B,A-,B-,C+
2026,Peter Hemschemeier,Southeastern Louisiana,Slnd,Junior,D,D,D+,D,D+,D-,D-,D-,D+,C-,D+,D+,D+,C,D+,C,D+,D+,D+,C,D,D,C-,D+,D-,D,C-,D,C-,D,C-,D+,C,D,D
2026,Seth Jones,Southeastern Louisiana,Slnd,Junior,D+,C-,C,C-,C-,D+,D+,D+,C,C,C-,C-,C-,C,C-,C+,C,C-,D+,C+,C-,C-,C-,C-,D-,C-,C,C-,C,D+,C,C-,C+,C-,C-
2026,BJ Ward,Southeast Missouri St.,OVC,Junior,D+,D+,C+,D+,C,D,D,D,C,C+,C-,C,C-,B,C-,B-,C,C,C-,B-,D+,D+,C+,C,D,D+,C+,C-,C,D,C+,C-,B-,C-,D+
2026,Landren Blocker,Southeast Missouri St.,OVC,Sophomore,C,C-,B-,C,B-,D+,D+,D+,B-,B-,C+,C+,C,B+,C+,B,B-,C+,C+,B,C,C,B-,B-,C-,C-,B-,C+,C+,D+,B,C+,B,C+,C-
2026,Luke Almodovar,Southeast Missouri St.,OVC,Junior,B-,C+,B,C+,B,C,C,C,B,B+,B,B,B-,A,B,B+,B,B,B-,A-,B-,B-,B+,B,B-,C+,B+,B,B,C,B+,B,A-,B,C+
2026,Marqueas Bell,Southeast Missouri St.,OVC,Junior,C,C-,B-,C,B-,C-,D+,D+,B-,B-,C+,B-,C+,A-,C+,B,B-,B-,C+,B+,C,C+,B,B-,C,C-,B,B-,B-,C-,B,B-,B,C+,C
2026,PJ Farmer,Southeast Missouri St.,OVC,Freshman,C-,D+,C-,C-,C,D+,D+,D+,C-,C,C-,C-,C-,C+,D+,C+,C,C-,C-,C,C-,D+,C-,C-,D-,D+,C-,C-,C,D+,C-,C-,C+,C-,C-
2026,Ashton Magee,Southern,SWAC,Freshman,D+,D+,C-,D+,C-,D+,D+,D+,C-,C-,C-,C-,D+,C-,D+,C,C,C-,D+,C,C-,D+,C-,D+,D-,D+,C-,C-,C,D+,C-,C-,C+,C-,D+
2026,Brandon Hardy,Southern,SWAC,Junior,D,D,D+,D,D+,D-,D-,D-,D+,C-,D+,D+,D+,B-,D+,C,D+,D+,D,C,D,D,C-,D+,D,D,C-,D,C-,D,C-,D+,C,D+,D
2026,Fazl Oshodi,Southern,SWAC,Sophomore,C-,D+,C+,C-,C+,D+,D+,D+,C+,B-,C+,C+,C,A,C,B,C+,C+,C,B-,C-,C,B-,C+,C,D+,B-,C,C+,D+,B-,C+,B,C,C-
2026,Drew Steffe,Southern Illinois,MVC,Sophomore,C+,C,B,C+,B,C-,C-,C-,B,B,B,B-,C+,A-,B-,B+,B,B-,B-,B+,C+,C+,B,B,C,C,B,B-,B-,C,B,B,B+,B-,C+
2026,Jaheem Webber,Southern Illinois,MVC,Sophomore,B-,C+,B-,C+,B,C+,C+,C+,B-,B,B-,B-,B-,A,B-,B,B,B-,B-,B,B-,C+,B,B-,B-,C+,B,B-,B-,C+,B,B-,B,B-,B-
2026,Jalen Haynes,Southern Illinois,MVC,Freshman,B-,C+,B+,C+,B,C,C,C,B,B+,B,B,B-,A,B,B+,B,B,B,A-,B-,B-,B+,B+,B-,C+,B+,B,B,C+,B+,B,A-,B,C+
2026,Max Pikaar,Southern Illinois,MVC,Sophomore,C+,C+,B-,C+,B-,C,C,C,B-,B-,C+,C+,C+,A,C+,B-,B-,C+,C+,B-,C+,C+,B-,C+,C,C+,B-,C+,B-,C,B-,C+,B,B-,C+
2026,Quel'Ron House,Southern Illinois,MVC,Sophomore,B,C+,A-,B-,B+,C+,C+,C+,B+,A-,B+,B+,B,A+,B+,A-,B+,B+,B+,A,B,B,A-,B+,B-,B-,A-,B+,B+,C+,A-,B+,A,B+,B-
2026,Rolyns Aligbe,Southern Illinois,MVC,Sophomore,C+,C,B,C+,B,C,C-,C,B,B,B,B-,B-,A,B,B+,B,B,B-,A-,B-,B-,B+,B,B-,C+,B+,B,B,C,B+,B,A-,B-,C+
2026,Alem Fejzic,Southern Indiana,OVC,Sophomore,D,D,D+,D,D,D,D,D,D,D+,D+,D,D,D-,D,C-,D+,D,D,D+,D,D,D,D,F,D,D,D,D+,D,D,D,D+,D,D
2026,Amaree Brown,Southern Indiana,OVC,Junior,D,D,D+,D,D+,D-,D-,D-,D+,D+,D,D+,D,B-,D,C-,D+,D+,D,C,D,D,D+,D,D,D,D+,D,D+,D-,C-,D,C-,D,D-
2026,Devin Curtis,Southern Indiana,OVC,Junior,C-,C-,C,C-,C,D+,D+,C-,C,C,C-,C,C,C+,C,C+,C,C,C-,C+,C-,D+,C,C,D-,C-,C,C,C+,C-,C+,C-,C+,C,C-
2026,Josiah Dunham,Southern Indiana,OVC,Sophomore,D,D,D+,D,D+,D-,D-,D-,D+,C-,D+,D+,D+,C+,D+,C,D+,D+,D,C,D,D,C-,D+,D,D,C-,D,D+,D,C-,D+,C,D+,D
2026,Kaden Brown,Southern Indiana,OVC,Junior,D,D,D+,D,D+,D-,D-,D-,D+,D+,D,D+,D,C+,D,C-,D+,D+,D,C-,D,D,D+,D,D,D-,D+,D,D+,D-,D+,D,C-,D,D-
2026,Sheridan Sharp,Southern Indiana,OVC,Junior,D,D-,D+,D-,D+,D-,D-,D-,D,D+,D,D+,D,C,D,C-,D+,D+,D,C-,D,D,D+,D,D-,D-,D+,D,D+,D-,D+,D,C-,D,D-
2026,Tolu Samuels,Southern Indiana,OVC,Junior,D+,D+,C,D+,C,D,D,D,C,C,C-,C-,C-,B-,C,B-,C,C,C-,B-,D+,D+,C+,C,D,D+,C+,C,C,D,C+,C-,B-,C-,D+
2026,Brewer Carruth,Southern Miss,SB,Sophomore,D+,D+,C,C-,C-,D+,D+,D+,C,C,C-,C-,C-,C+,D+,C+,C,C-,C-,C,C-,D+,C-,C-,D-,D+,C-,C-,C,D+,C,C-,C+,C-,C-
2026,Chiante Tramble,Southern Miss,SB,Sophomore,C-,D+,C+,D+,C+,D,D,D,C,C+,C,C,C-,B,C,B-,C+,C,C-,B-,D+,C-,C+,C,D+,D+,C+,C,C+,D,C+,C,B-,C,D+
2026,Dylan Brumfield,Southern Miss,SB,Sophomore,C-,D+,C+,C-,C+,D+,D+,D+,C+,B-,C+,C+,C,B,C+,B,C+,C+,C,B,C-,C,B-,C+,D+,D+,B-,C+,C+,D+,B-,C+,B,C,C-
2026,Isaac Taveras,Southern Miss,SB,Junior,B-,C,B,C+,B,C,C,C,B,B+,B,B,B-,A+,B,B+,B,B,B-,A-,B-,B-,B+,B,B,C+,B+,B,B,C,B+,B,A-,B-,C+
2026,Tylik Weeks,Southern Miss,SB,Junior,B-,C+,B+,B-,B,C,C,C,B+,B+,B,B,B-,A,B,B+,B,B,B,A-,B-,B-,B+,B+,C+,C+,B+,B,B,C+,B+,B,A-,B,B-
2026,Cale Barclay,Southern Utah,WAC,Freshman,D,D,D+,D,D+,D-,D-,D-,D+,D+,D+,D+,D,C,D+,C,D+,D+,D,C,D,D,C-,D+,D-,D,C-,D,D+,D,C-,D+,C,D+,D
2026,Elijah Duval,Southern Utah,WAC,Freshman,D+,D+,C+,D+,C,D,D,D,C,C+,C,C,C-,B,C,B-,C,C,C,B-,D+,C-,C+,C+,D+,D+,C+,C,C,D,C+,C,B-,C-,D+
2026,Jalen Lee,Southern Utah,WAC,Sophomore,D,D,C-,D,C-,D,D,D,D+,C-,D+,D+,D+,C+,D+,C,C-,C-,D+,C,D,D,C,D+,D,D,C-,D+,C-,D,C-,D+,C+,D+,D
2026,Tanner Hayhurst,Southern Utah,WAC,Junior,C+,C,B,C+,B,C-,C-,C-,B,B,B-,B-,B-,B+,B-,B+,B,B-,B-,B+,C+,B-,B,B,C-,C,B,B-,B-,C,B,B,A-,B-,C+
2026,Zach Bell,Southern Utah,WAC,Junior,D,D+,D+,D+,D+,D,D,D,D+,C-,D+,D+,D+,D,D+,C,C-,D+,D+,C-,D+,D+,D+,D+,F,D+,D+,D+,C-,D+,D+,D+,C-,D+,D+
2026,Adriel Nyorha,South Florida,Amer,Freshman,C+,C+,B-,C+,B-,C+,C+,C,B-,B-,B-,C+,C+,A,C+,B-,B-,C+,C+,B-,C+,C+,B-,C+,C,C+,B-,C+,B-,C+,B-,B-,B,B-,C+
2026,CJ Brown,South Florida,Amer,Sophomore,B,C+,A-,B-,B+,C+,C+,C+,B+,A-,B+,B+,B,A,B+,A-,B+,B+,B+,A,B,B,A-,B+,C,B-,A-,B+,B+,C+,A-,B+,A,B+,B-
2026,Gavin Hightower,South Florida,Amer,Freshman,C+,C+,B-,C+,B-,C+,C+,C+,B,B-,B-,B-,B-,A,C+,B,B,B-,B-,B,B-,C+,B-,B-,B-,C+,B-,B-,B-,C+,B-,B-,B,B-,C+
2026,Tristan Beckford,South Florida,Amer,Freshman,B-,C+,B,B-,B,C+,C+,C+,B,B,B-,B-,B-,A+,B-,B,B,B-,B-,B,B-,B-,B-,B-,B-,B-,B,B-,B,C+,B,B-,B+,B-,B-
2026,Wes Enis,South Florida,Amer,Junior,B,B-,A,B,A-,B-,B-,B-,A-,A,A-,A-,B+,A+,A-,A,A-,A-,B+,A,B,B+,A,A-,B-,B-,A-,A-,B+,B-,A-,A-,A,B+,B
2026,Aidan Cammann,Stanford,ACC,Sophomore,B-,C+,B+,B-,B+,C+,C,C+,B+,B+,B+,B,B,A+,B+,A-,B+,B+,B,A-,B-,B-,B+,B+,B-,C+,B+,B+,B,C+,B+,B+,A,B,B-
2026,Cameron Grant,Stanford,ACC,Sophomore,C-,C-,C+,C-,C,C-,C-,C-,C,C+,C,C,C-,B,C-,C+,C+,C,C-,C+,C,C-,C,C,D,C-,C,C,C+,C-,C+,C,B-,C,C
2026,Donavin Young,Stanford,ACC,Sophomore,C+,C+,B-,C+,B-,C,C,C+,B-,B-,B-,B-,C+,A,C+,B,B-,B-,C+,B-,B-,C+,B-,B-,C,C+,B-,B-,B-,C+,B-,B-,B,B-,C+
2026,Ebuka Okorie,Stanford,ACC,Freshman,A+,A+,A+,A+,A+,A,A+,A+,A+,A+,A+,A+,A+,A+,A+,A+,A+,A+,A+,A+,A+,A+,A+,A+,A+,A+,A+,A+,A+,A+,A+,A+,A+,A+,A+
2026,Jaylen Thompson,Stanford,ACC,Junior,C,C-,C+,C,C+,C-,C-,C-,C+,C+,C+,C+,C,B,C,B-,C+,C+,C,B-,C,C,C+,C,D+,C,C+,C+,C+,C-,C+,C+,B-,C+,C
2026,Oskar Giltay,Stanford,ACC,Freshman,B,B-,A-,B-,A-,C+,C+,B-,B+,A-,B+,B+,B,A+,A-,A,B+,B+,B,A,B,B,A-,B+,B+,B-,A-,B+,B+,C+,A-,B+,A,B+,B-
2026,Ryan Agarwal,Stanford,ACC,Junior,C,C-,B-,C,B-,D+,D+,D+,B-,B-,C+,C+,C,B+,C+,B,B-,B-,C+,B,C,C,B-,B-,C-,C-,B,C+,C+,D+,B,C+,B,C+,C
2026,Achille Lonati,St. Bonaventure,A10,Freshman,C-,C-,C+,C-,C,C-,C-,C-,C,C+,C+,C,C,B,C-,C+,C+,C,C,C+,C,C-,C,C,D,C-,C+,C,C+,C-,C+,C,B-,C,C
2026,Andrew Osasuyi,St. Bonaventure,A10,Freshman,B-,C+,B+,B-,B+,C+,C,C+,B+,B+,B,B,B,A+,B+,A-,B+,B+,B,A-,B-,B-,B+,B+,B-,C+,B+,B+,B+,C+,B+,B+,A,B,B-
2026,Darryl Simmons II,St. Bonaventure,A10,Junior,B-,C+,B+,C+,B,C,C,C,B,B+,B,B,B-,A-,B,B+,B,B,B,A-,B-,B-,B+,B+,C,C+,B+,B,B,C,B+,B,A-,B,C+
2026,Dasonte Bowen,St. Bonaventure,A10,Junior,C-,C-,B-,C-,B-,D+,D+,D+,B-,B-,C+,C+,C,B,C+,B,C+,C+,C+,B,C,C,B-,B-,D+,C-,B-,C+,C+,D+,B-,C+,B,C+,C-
2026,Joseph Grahovac,St. Bonaventure,A10,Sophomore,C+,C,B,C,B,C-,D+,C-,B,B,B-,B-,C+,A,B-,B+,B-,B-,C+,B+,C+,C+,B,B,C+,C,B,B-,B-,C-,B,B-,B+,B-,C
2026,Christian Green,Stephen F. Austin,Slnd,Junior,C-,C-,C+,C-,C+,C-,D+,C-,C,C+,C,C,C,B,C-,C+,C+,C+,C-,C+,C,C-,C+,C,D,C-,C,C,C+,C-,C+,C,B-,C,C-
2026,Gediminas Alisas,Stephen F. Austin,Slnd,Sophomore,C+,C,B,C+,B,C-,C-,C-,B-,B,B-,B-,C+,A,B-,B,B,B-,B-,B+,C+,C+,B,B-,C+,C,B,B-,B-,C-,B,B,B+,B-,C+
2026,Harris Dar,Stephen F. Austin,Slnd,Sophomore,C-,D+,C,D+,C,D+,D+,D+,C,C,C-,C-,D+,C+,D+,C+,C,C-,D+,C,C-,C-,C-,C-,D,D+,C-,C-,C-,D+,C,C-,C+,C-,D+
2026,Kam Burton,Stephen F. Austin,Slnd,Junior,B-,C+,B+,B-,B+,C+,C,C+,B+,B+,B,B,B,A+,B+,A-,B+,B+,B,A-,B-,B,B+,B+,B,C+,B+,B,B+,C+,B+,B+,A,B,B-
2026,Lateef Patrick Jr,Stephen F. Austin,Slnd,Junior,B-,C+,B+,B-,B+,C+,C+,C+,B+,B+,B+,B+,B,A,B+,A-,B+,B+,B,A-,B-,B,A-,B+,B-,C+,B+,B+,B,C+,B+,B+,A,B,B-
2026,Marcus Scurry,Stephen F. Austin,Slnd,Freshman,D+,D+,C-,D+,C-,D+,D+,D+,C-,C-,C-,C-,D+,C,D+,C+,C,C-,D+,C,C-,D+,C-,D+,D-,D+,C-,D+,C,D+,C-,C-,C,C-,D+
2026,Narit Chotikavanic,Stephen F. Austin,Slnd,Sophomore,B-,C+,A-,B-,B+,C+,C+,C+,B+,A-,B+,B+,B,A+,B+,A,B+,B+,B,A,B,B,A-,B+,B+,B-,A-,B+,B+,C+,B+,B+,A,B+,B-
2026,Alex Doyle,Stetson,ASun,Junior,D,D,D+,D,D+,D-,D-,D-,D+,C-,D+,D+,D,B,D+,C,D+,D+,D,C,D,D,C-,D+,D+,D,C-,D,C-,D,C-,D+,C,D+,D
2026,Calvin Sirmans III,Stetson,ASun,Junior,D,D,D+,D,D+,D-,D-,D-,D+,D+,D,D+,D,C+,D,C,D+,D+,D,C-,D,D,D+,D,D-,D-,D+,D,D+,D-,D+,D,C-,D,D-
2026,Collin Kuhl,Stetson,ASun,Junior,C+,C,B,C+,B,C,C-,C,B,B,B-,B-,B-,A-,B,B+,B,B,B-,B+,C+,C+,B+,B,C,C+,B,B,B-,C,B,B,B+,B-,C+
2026,Daniel Macgregor,Stetson,ASun,Sophomore,D-,D-,D+,D-,D,D-,D-,D-,D,D+,D,D,D,C+,D,C-,D,D,D,C-,D-,D,D+,D,D-,D-,D+,D,D+,D-,D+,D,C-,D,D-
2026,Ethan Copeland,Stetson,ASun,Junior,C,C-,B-,C,B-,D+,D+,D+,B-,B,B-,B-,C+,A,C+,B,B-,B-,C+,B,C,C+,B,B-,B-,C-,B-,C+,B-,C-,B,B-,B+,C+,C
2026,Finley Sheridan,Stetson,ASun,Junior,D+,D+,C,D+,C+,D,D,D,C,C,C-,C-,D+,B-,C-,B-,C,C-,C-,B-,D+,D+,C+,C,D,D+,C+,C,C,D,C+,C,B-,C-,D+
2026,Isaac Jones,Stetson,ASun,Junior,D-,D-,D-,D-,D-,D-,D-,D-,D-,D-,D-,D-,D-,F,F,D-,D,D-,D-,D-,D-,D-,D-,D-,F,D-,D-,D-,D-,D-,D-,D-,D-,D-,D-
2026,J.R. Leonard,Stetson,ASun,Freshman,D+,D+,D+,D+,D+,D,D,D,D+,C-,D+,D+,D+,D,D+,C,C-,D+,D+,C-,D+,D+,D+,D+,F,D+,D+,D+,D+,D+,D+,D+,C,D+,D+
2026,Jamie Phillips Jr.,Stetson,ASun,Sophomore,D+,D+,C+,D+,C+,D,D,D,C+,C+,C,C,C-,B+,C,B-,C+,C+,C,B-,C-,C-,C+,C+,C-,D+,C+,C,C,D+,C+,C,B-,C-,D+
2026,Janusz Ratowski,Stetson,ASun,Freshman,C-,C-,C+,C-,C+,C-,D+,C-,C,C+,C,C,C-,B-,C,C+,C+,C,C-,C+,C,C-,C,C,D,C-,C+,C,C+,C-,C+,C,B-,C,C-
2026,Matar Diop,Stetson,ASun,Junior,D-,D-,D+,D-,D,D-,D-,D-,D,D,D,D,D,C,D,D+,D,D,D,C-,D-,D-,D+,D,D-,D-,D+,D,D+,D-,D+,D,C-,D,D-
2026,Sean Morgan,Stetson,ASun,Freshman,D+,D+,C-,D+,D+,D+,D,D,D+,C-,C-,D+,D+,D+,D+,C,C-,D+,D+,C-,D+,D+,D+,D+,D-,D+,D+,D+,C-,D+,D+,D+,C,D+,D+
2026,Dylan Darling,St. John's,BE,Junior,A-,B+,A+,A-,A+,B+,B+,B+,A,A+,A,A,A,A+,A,A+,A,A+,A,A+,A-,A,A+,A,B+,B+,A,A,A,B+,A+,A+,A+,A,A-
2026,Fotis Konstantinidis,St. John's,BE,Freshman,B-,B-,B+,B-,B,B-,C+,B-,B,B,B,B,B-,A+,B,B+,B,B,B-,B+,B,B,B,B,A,B-,B,B,B,C+,B,B+,B+,B,B-
2026,Ian Jackson,St. John's,BE,Sophomore,B,B-,A,B,A-,B-,B-,B-,A-,A,A-,B+,B+,A+,A-,A,A-,A-,B+,A,B,B+,A,A-,B+,B-,A-,A-,A-,B-,A-,A-,A+,A-,B
2026,Joson Sanon,St. John's,BE,Sophomore,C+,C,B,C+,B,C-,C-,C,B,B,B,B-,B-,A-,B-,B+,B,B,B-,B+,C+,B-,B+,B,C,C,B,B,B,C,B,B,B+,B-,C+
2026,Lefteris Liotopoulos,St. John's,BE,Sophomore,C,C,C+,C+,C+,C,C,C,C+,B-,C+,C+,C+,A-,C,B-,B-,C+,C,B-,C+,C+,C+,C+,C,C,C+,C+,B-,C,B-,C+,B-,C+,C+
2026,Rubén Prey,St. John's,BE,Sophomore,B+,B,B+,B,B+,B,B,B,B+,A-,B+,B+,B+,A+,B+,B+,B+,B+,B+,A-,B+,B,B+,B+,A+,B,B+,B+,B+,B,B+,B+,A-,B+,B
2026,Davante Hackett,Stonehill,NEC,Junior,C,C-,B-,C-,B-,D+,D+,D+,B-,B-,C+,C+,C,A,C+,B,B-,C+,C+,B,C,C,B-,B-,C,C-,B-,C+,C+,D+,B-,C+,B,C+,C-
2026,Hermann Koffi,Stonehill,NEC,Sophomore,D,D,C-,D,C-,D,D,D,D+,C,D+,D+,D+,B-,D+,C+,C-,C-,D+,C,D,D,C-,D+,D,D,C-,D+,C-,D,C,D+,C+,D+,D
2026,Pearse McGuinn,Stonehill,NEC,Sophomore,D+,D+,C-,D+,D+,D,D,D,D+,C-,D+,D+,D+,D,D+,C,C-,D+,D+,C-,D+,D+,D+,D+,F,D+,D+,D+,C-,D,D+,D+,C,D+,D+
2026,Ridvan Tutic,Stonehill,NEC,Junior,C,C-,B-,C-,B-,D+,D+,D+,B-,B-,C+,C+,C,B,C+,B,B-,C+,C,B,C,C,B-,B-,D+,C-,B-,C+,C+,D+,B-,C+,B,C+,C-
2026,Trenton Ruth,Stonehill,NEC,Sophomore,D-,D-,D,D-,D,D-,D-,D-,D,D,D,D,D,D,D,D+,D,D,D-,D+,D-,D-,D+,D-,F,D-,D,D-,D,D-,D,D-,D+,D-,D-
2026,Andrej Shoshkikj,Stony Brook,CAA,Freshman,C+,C,B,C+,B,C-,C-,C-,B,B,B,B-,C+,A,B-,B+,B,B,B-,B+,C+,B-,B+,B,C,C,B,B-,B-,C,B,B,B+,B-,C+
2026,Collin O'Connor,Stony Brook,CAA,Sophomore,C+,C+,B-,C+,C+,C+,C,C,B-,B-,B-,C+,C+,A-,C+,B-,B-,C+,C+,B-,C+,C+,C+,C+,C,C+,B-,C+,B-,C+,B-,C+,B,C+,C+
2026,Jonah Butler,Stony Brook,CAA,Freshman,C+,C,B,C+,B,C-,C,C,B,B,B,B-,C+,A,B,B+,B,B-,B-,B+,B-,B-,B+,B,C+,C+,B,B,B,C,B,B,A-,B-,C+
2026,Quin Gorman,Stony Brook,CAA,Sophomore,C,C-,B-,C,B-,D+,D+,D+,B-,B-,C+,C+,C,A-,C+,B,B-,C+,C+,B,C,C,B-,B-,C,C-,B,B-,B-,C-,B,B-,B,C+,C
2026,Richard Goods,Stony Brook,CAA,Sophomore,C-,D+,C+,C-,C+,D+,D+,D+,C+,C+,C,C,C,B+,C+,B-,C+,C+,C,B-,C-,C-,C+,C+,C,D+,C+,C+,C+,D+,B-,C+,B-,C,C-
2026,Tomas Valentiny,Stony Brook,CAA,Freshman,C-,D+,C+,D+,C+,D,D,D,C+,C+,C,C,C-,B,C,B-,C+,C+,C,B-,D+,C-,C+,C+,D+,D+,C+,C,C+,D+,B-,C,B-,C,D+
2026,Austin Herro,St. Thomas,Sum,Sophomore,B,B-,A,B,A-,B-,B-,B-,A,A,A-,A-,B+,A+,A-,A,A-,A-,A-,A,B+,B+,A,A,A-,B,A,A-,A-,B-,A,A,A+,A-,B
2026,Ben Oosterbaan,St. Thomas,Sum,Sophomore,C+,C,B,C+,B,C-,C-,C-,B,B,B,B-,C+,A,B,B+,B,B,B-,B+,C+,C+,B+,B,B-,C,B,B,B,C,B,B,B+,B-,C+
2026,Carter Bjerke,St. Thomas,Sum,Junior,B-,C+,B+,B-,B+,C,C,C+,B+,B+,B,B,B-,A,B,A-,B+,B,B,A-,B-,B-,B+,B+,C,C+,B+,B,B,C+,B+,B+,A-,B,B-
2026,Hayden Tibbits,St. Thomas,Sum,Sophomore,C,C,C+,C,C+,C,C-,C-,C+,C+,C+,C+,C,B+,C,B-,C+,C+,C,B-,C,C,C+,C+,C-,C,C+,C+,C+,C,C+,C+,B-,C+,C
2026,Isaiah Johnson-Arigu,St. Thomas,Sum,Sophomore,C,C-,B-,C,B-,C-,D+,C-,B-,B-,C+,B-,C+,A-,B-,B,B-,B-,C+,B+,C,C+,B,B-,C,C,B,B-,B-,C-,B,B-,B+,C+,C
2026,Jermaine Coleman,St. Thomas,Sum,Sophomore,D+,D,C-,D,C-,D,D,D,C-,C,C-,D+,D+,B-,D+,C,C-,C-,D+,C,D,D+,C,C-,D,D,C,D+,C-,D,C,D+,C+,D+,D
2026,Nick Janowski,St. Thomas,Sum,Freshman,B-,C+,B+,C+,B,C,C,C,B,B+,B,B,B-,A,B,B+,B,B,B,A-,B-,B-,B+,B,B-,C+,B+,B,B,C,B+,B,A-,B-,C+
2026,Nolan Minessale,St. Thomas,Sum,Sophomore,B+,B,A,B+,A,B,B,B,A,A,A,A,A-,A+,A,A+,A,A,A-,A+,B+,B+,A,A,B+,B,A,A,A,B,A,A,A+,A-,B+
2026,Ryan Lafferty,St. Thomas,Sum,Sophomore,D+,D+,C-,D+,C-,D+,D+,D+,C-,C,C-,C-,C-,C+,D+,C+,C,C-,D+,C,C-,D+,C-,C-,D-,D+,C-,C-,C,D+,C,C-,C+,C-,C-
2026,Donnie Freeman,Syracuse,ACC,Sophomore,B,B-,A-,B,A-,B-,C+,B-,A-,A-,A-,B+,B+,A+,A-,A,A-,A-,B+,A,B,B,A,A-,B-,B-,A-,B+,B+,B-,A-,A-,A,B+,B
2026,Ibrahim Souare,Syracuse,ACC,Sophomore,C+,C+,B-,C+,B-,C,C,C,B-,B-,C+,C+,C+,B+,C+,B-,B-,C+,C,B-,C+,C,B-,C+,C-,C+,B-,C+,B-,C,B-,C+,B,C+,C+
2026,Kiyan Anthony,Syracuse,ACC,Freshman,C,C-,B-,C,B-,D+,D+,D+,B-,B-,C+,C+,C,B+,C+,B,B-,B-,C+,B,C,C,B-,B-,C-,C-,B-,C+,B-,C-,B,C+,B,C+,C
2026,Naithan George,Syracuse,ACC,Junior,B,B-,A-,B,A-,C+,C+,B-,A-,A-,A-,B+,B+,A,A-,A,B+,A-,B+,A,B,B,A,A-,B-,B-,A-,B+,B+,B-,A-,A-,A,B+,B
2026,Sadiq White Jr.,Syracuse,ACC,Freshman,C+,C,B,C+,B,C-,C-,C-,B,B,B-,B-,C+,A,B-,B+,B,B-,B-,B+,C+,C+,B,B,C+,C,B,B,B-,C,B,B,B+,B-,C+
2026,Tyler Betsey,Syracuse,ACC,Sophomore,B-,C+,B+,B-,B+,C+,C+,C+,B+,B+,B,B,B,A+,B+,A-,B+,B+,B,A-,B-,B-,B+,B+,B-,C+,B+,B,B,C+,B+,B+,A-,B,B-
2026,Andy Sigiscar,Tarleton St.,WAC,Freshman,B,C+,A-,B-,B+,C+,C+,C+,B+,B+,B+,B+,B,A+,B+,A-,B+,B+,B,A,B-,B,A-,B+,B,B-,A-,B+,B+,C+,B+,B+,A,B+,B-
2026,Damion Porter Jr.,Tarleton St.,WAC,Freshman,D+,D+,C-,D+,C-,D+,D,D,C-,C-,D+,D+,D+,D+,D+,C,C,C-,D+,C-,D+,D+,D+,D+,D-,D+,D+,D+,C-,D+,D+,D+,C,D+,D+
2026,Dior Johnson,Tarleton St.,WAC,Junior,A,A,A+,A,A+,A,A,A,A+,A+,A+,A+,A+,A+,A+,A+,A+,A+,A+,A+,A+,A+,A+,A+,A+,A,A+,A+,A+,A,A+,A+,A+,A+,A
2026,DJ Dormu,Tarleton St.,WAC,Sophomore,D,D,D+,D,D+,D-,D-,D-,D+,C-,D+,D+,D+,C+,D,C,D+,D+,D,C-,D,D,C-,D+,D-,D,D+,D,C-,D,D+,D,C,D,D
2026,Jordan Mizell,Tarleton St.,WAC,Sophomore,C-,D+,B-,C-,C+,D+,D+,D+,C+,B-,C+,C+,C,B,C+,B,C+,C+,C,B,C-,C,B-,C+,D+,D+,B-,C+,C+,D+,B-,C+,B,C,C-
2026,Kade Douglas,Tarleton St.,WAC,Junior,D+,D+,C,D+,C,D,D,D,C,C+,C-,C-,D+,B-,C-,C+,C,C,C-,C+,D+,D+,C+,C,D,D+,C+,C-,C,D,C+,C,B-,C-,D+
2026,Kaia Isaac,Tarleton St.,WAC,Junior,D+,D+,C+,D+,C+,D,D,D,C,C+,C,C-,C-,B,C,B-,C,C,C-,B-,D+,C-,C+,C,D,D+,C+,C-,C,D,C+,C,B-,C-,D+
2026,Leroy Kelly IV,Tarleton St.,WAC,Freshman,C,C-,B-,C,B-,C-,D+,D+,B-,B,B-,B-,C+,A-,C+,B,B-,B-,C+,B,C,C+,B,B-,C,C-,B,C+,B-,C-,B,B-,B+,C+,C
2026,Brock Harding,TCU,B12,Junior,B,B-,A,B,A-,C+,B-,B-,A-,A,A-,A-,B+,A+,A-,A,A-,A-,B+,A,B,B+,A,A-,B-,B-,A-,A-,A-,B-,A-,A-,A+,B+,B
2026,David Punch,TCU,B12,Sophomore,A,B+,A+,A-,A+,B+,B+,B+,A+,A+,A+,A,A,A+,A+,A+,A+,A+,A,A+,A,A,A+,A+,A,A-,A+,A+,A,B+,A+,A+,A+,A,A-
2026,Jace Posey,TCU,B12,Sophomore,C+,C,B-,C,C+,C,C-,C,B-,B-,C+,C+,C+,B+,C+,B-,B-,C+,C,B-,C+,C,C+,C+,C-,C,B-,C+,C+,C,B-,C+,B,C+,C
2026,Liutauras Lelevicius,TCU,B12,Junior,B+,B,A,B+,A,B-,B-,B-,A,A,A,A-,B+,A+,A-,A+,A,A,A-,A,B+,B+,A,A,B+,B,A,A-,A-,B,A,A,A+,A-,B+
2026,Micah Robinson,TCU,B12,Sophomore,B+,B-,A,B,A,B-,B-,B-,A,A,A,A-,B+,A+,A-,A,A-,A-,A-,A+,B+,B+,A,A,B+,B,A,A-,A-,B-,A,A,A+,A-,B
2026,Tanner Toolson,TCU,B12,Junior,B,C+,B+,B-,B+,C+,C+,C+,B+,A-,B+,B+,B,A+,B+,A-,B+,B+,B,A,B,B,A-,B+,B-,B-,A-,B+,B+,C+,B+,B+,A,B+,B-
2026,Xavier Edmonds,TCU,B12,Junior,A,A-,A+,A,A+,A-,A-,A-,A+,A+,A+,A+,A,A+,A+,A+,A+,A+,A,A+,A,A,A+,A+,A,A-,A+,A+,A+,A-,A+,A+,A+,A+,A
2026,Aiden Tobiason,Temple,Amer,Sophomore,B-,C+,B+,B-,B+,C+,C,C+,B+,B+,B,B,B,A+,B+,A-,B+,B+,B,A-,B-,B,B+,B+,B,C+,B+,B,B,C+,B+,B+,A-,B,B-
2026,Ayuba Bryant Jr.,Temple,Amer,Freshman,C,C-,C+,C-,C+,C-,C-,C-,C+,C+,C,C,C,B-,C,C+,C+,C+,C-,B-,C,C-,C+,C,D,C-,C+,C+,C+,C-,C+,C,B-,C+,C-
2026,Babatunde Durodola,Temple,Amer,Sophomore,C,C-,B-,C,B-,D+,D+,D+,B-,B-,B-,B-,C+,B,C+,B,B-,B-,C+,B,C,C+,B,B-,D+,C-,B,C+,B-,C-,B,B-,B,C+,C
2026,Cam Wallace,Temple,Amer,Freshman,C-,C-,C,C-,C,D+,D+,D+,C,C,C,C-,C-,C+,C-,C+,C,C-,C-,C,C-,C-,C,C-,D,C-,C,C-,C,D+,C,C-,C+,C,C-
2026,Gavin Griffiths,Temple,Amer,Junior,C+,C,B,C+,B,C,C-,C,B,B,B,B-,B-,A+,B,B+,B,B,B-,B+,C+,B-,B,B,B+,C,B,B,B,C,B,B,B+,B-,C+
2026,Jamai Felt,Temple,Amer,Sophomore,C+,C,B,C+,B,C-,C-,C,B,B,B-,B-,C+,B+,B,B+,B,B-,B-,B+,C+,C+,B+,B,C-,C,B,B,B-,C,B,B,B+,B-,C+
2026,Amari Evans,Tennessee,SEC,Freshman,B+,B,A,B+,A,B,B,B,A,A,A,A-,A-,A+,A,A+,A,A,A-,A+,B+,B+,A,A,A-,B,A,A,A-,B,A,A,A+,A-,B+
2026,Bishop Boswell,Tennessee,SEC,Sophomore,B+,B,A,B+,A,B,B,B,A,A,A,A-,A-,A+,A,A+,A,A,A-,A+,B+,B+,A,A,A-,B,A,A-,A,B,A,A,A+,A-,B+
2026,Cade Phillips,Tennessee,SEC,Junior,B-,B-,B,B-,B,B-,C+,B-,B,B,B,B,B-,A+,B,B,B,B,B-,B+,B-,B-,B,B,B,B-,B,B,B,B-,B,B,B+,B,B-
2026,DeWayne Brown II,Tennessee,SEC,Freshman,B+,B,A,B+,A,B,B-,B,A,A,A,A-,A-,A+,A,A+,A,A,A-,A+,B+,B+,A,A,B+,B,A,A,A-,B,A,A,A+,A-,B+
2026,Ethan Burg,Tennessee,SEC,Sophomore,C+,C,B-,C+,B-,C+,C+,C,B-,B-,B-,B-,C+,A,C+,B-,B,B-,C+,B,C+,C+,B-,C+,C+,C+,B-,C+,B-,C,B-,B-,B,B-,C+
2026,J.P. Estrella,Tennessee,SEC,Sophomore,A,A,A+,A,A+,A,A,A,A+,A+,A+,A+,A+,A+,A+,A+,A+,A+,A+,A+,A+,A,A+,A+,A,A,A+,A+,A+,A,A+,A+,A+,A+,A
2026,Jaylen Carey,Tennessee,SEC,Junior,B+,B,A,B+,A,B,B,B,A,A,A,A,A-,A+,A,A+,A,A,A-,A+,B+,A-,A,A,B+,B,A,A,A,B,A,A,A+,A,B+
2026,Nate Ament,Tennessee,SEC,Freshman,A,A-,A+,A,A+,A-,A-,A-,A+,A+,A+,A+,A+,A+,A+,A+,A+,A+,A+,A+,A,A,A+,A+,A,A,A+,A+,A+,A-,A+,A+,A+,A+,A
2026,Troy Henderson,Tennessee,SEC,Freshman,B-,C+,B,B-,B-,C+,C+,C+,B,B,B,B-,B-,A+,C+,B,B,B-,B-,B,B-,B-,B-,B-,B,C+,B-,B-,B,C+,B-,B,B,B-,B-
2026,Afan Trnka,Tennessee Martin,OVC,Junior,D+,D,C,D+,C,D,D,D,C,C,C-,C-,C-,B,C-,C+,C,C,C-,C+,D+,D+,C+,C,D,D,C+,C-,C,D,C+,C-,B-,D+,D+
2026,Andrija Bukumirović,Tennessee Martin,OVC,Junior,B-,B-,B,B-,B,B-,B-,B-,B,B,B,B,B,A+,B,B,B,B,B-,B+,B,B-,B,B,B+,B,B,B,B,B-,B,B,B+,B,B-
2026,Damien King,Tennessee Martin,OVC,Freshman,B,C+,A-,B,B+,C+,C+,C+,B+,A-,B+,B+,B,A+,B+,A,B+,B+,B+,A,B,B,A-,B+,B-,B-,A-,B+,B+,B-,B+,B+,A,B+,B-
2026,Dragos Lungu,Tennessee Martin,OVC,Sophomore,B-,C+,B-,B-,B-,C+,C+,C+,B,B,B-,B-,B-,A,B-,B,B,B-,B-,B,B-,B-,B-,B-,B-,B-,B-,B-,B-,C+,B,B-,B,B-,B-
2026,Filip Petkovski,Tennessee Martin,OVC,Freshman,D,D,C-,D,C-,D,D,D,C-,C-,D+,D+,D+,C+,D+,C+,C-,C-,D+,C+,D,D,C,C-,D-,D,C-,D+,C-,D,C,D+,C+,D+,D
2026,Filip Radaković,Tennessee Martin,OVC,Sophomore,C-,C-,C,C-,C,C-,C-,D+,C,C,C,C,C,C+,C-,C+,C+,C,C-,C+,C,C-,C,C,D,C,C,C,C,C-,C+,C,C+,C,C-
2026,Lamine Niang,Tennessee Martin,OVC,Junior,C,C-,C+,C-,C+,C-,D+,C-,C,C+,C,C,C,C+,C,C+,C+,C,C-,C+,C,C-,C+,C,D,C-,C+,C,C+,C-,C+,C,C+,C,C
2026,Matas Deniusas,Tennessee Martin,OVC,Freshman,B-,C,B,C+,B,C,C,C,B,B,B,B,B-,A,B,B+,B,B,B-,A-,B-,B-,B+,B,B-,C+,B+,B,B,C,B+,B,A-,B-,C+
2026,Pedro Santos,Tennessee Martin,OVC,Freshman,C,C-,B-,C,B-,C-,D+,D+,B-,B-,C+,C+,C+,A-,C+,B,B-,B-,C+,B,C,C+,B,B-,C,C-,B-,C+,B-,C-,B,B-,B,C+,C
2026,Vladimir Khryapa,Tennessee Martin,OVC,Freshman,D+,D,C,D+,C,D,D,D,C-,C,C-,C-,D+,B-,C-,C+,C,C-,D+,C+,D+,D+,C+,C-,D,D,C,C-,C,D,C+,C-,C+,C-,D
2026,Antoine Lorick III,Tennessee St.,OVC,Junior,C+,C,B,C+,B,C-,C-,C,B,B,B-,B-,B-,A,B,B+,B,B-,B-,B+,C+,C+,B+,B,C+,C,B,B,B-,C,B,B,B+,B-,C+
2026,Damon Howard Jr,Tennessee St.,OVC,Freshman,D+,D+,C-,D+,D+,D+,D+,D,D+,C-,C-,D+,D+,D+,D+,C,C-,D+,D+,C-,D+,D+,D+,D+,D-,D+,D+,D+,C-,D+,D+,D+,C,D+,D+
2026,Jalen Pitre,Tennessee St.,OVC,Junior,C+,C,B,C+,B,C-,C-,C,B,B,B-,B-,C+,A-,B,B+,B,B,C+,B+,C+,C+,B,B,C,C,B,B,B-,C,B,B,B+,B-,C+
2026,JC Brooks,Tennessee St.,OVC,Sophomore,D+,D+,C-,D+,C-,D+,D+,D,C-,C-,C-,D+,D+,C-,D+,C,C,C-,D+,C,D+,D+,C-,D+,D-,D+,C-,C-,C-,D+,C-,D+,C+,D+,D+
2026,Kavien Jones,Tennessee St.,OVC,Sophomore,C-,C-,C+,C-,C+,C-,D+,D+,C,C+,C,C,C-,B-,C,C+,C+,C,C-,C+,C,C-,C,C,D,C-,C,C,C+,C-,C,C-,B-,C,C-
2026,Khalil London,Tennessee St.,OVC,Junior,D,D,D+,D,D+,D-,D-,D-,D+,D+,D+,D,D,D+,D,C-,D+,D+,D,C-,D-,D,D+,D,D-,D,D+,D,D+,D-,D+,D,C-,D,D-
2026,C.J. McPherson,Tennessee Tech,OVC,Junior,C-,C-,C+,C,C,C-,C-,C-,C,C+,C,C,C,B,C-,C+,C+,C,C-,C+,C,C,C,C,D,C,C+,C,C+,C-,C+,C,C+,C,C
2026,Dani Pounds,Tennessee Tech,OVC,Junior,C-,D+,C+,D+,C+,D+,D,D,C+,C+,C,C,C-,B,C,B-,C+,C+,C-,B-,C-,C-,C+,C+,D+,D+,C+,C+,C,D+,B-,C,B-,C,D+
2026,Jacobe Whitted,Tennessee Tech,OVC,Freshman,D+,D+,C+,D+,C+,D,D,D,C,C+,C,C,C-,B,C,B-,C,C,C-,B-,D+,D+,C+,C,D+,D+,C+,C,C,D+,C+,C,B-,C-,D+
2026,Jah'Kim Payne,Tennessee Tech,OVC,Junior,D+,D+,D+,D+,C-,D+,D+,D,D+,C-,C-,D+,D+,D+,D+,C,C-,D+,D+,C,D+,D+,D+,D+,D-,D+,C-,D+,C-,D+,D+,D+,C,C-,D+
2026,JaJuan Nicholls,Tennessee Tech,OVC,Junior,B,B-,A,B,A-,B-,C+,B-,A-,A-,A-,B+,B+,A+,A-,A,A-,A-,B+,A,B,B,A,A-,B+,B-,A-,A-,B+,B-,A-,A-,A,B+,B
2026,Malik Ferguson,Tennessee Tech,OVC,Junior,D-,D-,D,D-,D,D-,D-,D-,D,D+,D,D,D,C-,D,D+,D,D,D,D+,D-,D-,D+,D,D-,D-,D,D,D+,D-,D+,D,D+,D,D-
2026,Mekhi Turner,Tennessee Tech,OVC,Sophomore,C+,C,C+,C+,B-,C,C,C,B-,B-,C+,C+,C+,B+,C+,B-,B-,C+,C,B,C+,C+,C+,C+,C-,C+,B-,C+,B-,C,B-,C+,B,C+,C+
2026,Ty Owens,Tennessee Tech,OVC,Junior,D,D,C-,D,C-,D,D,D,C-,C,D+,C-,D+,C+,D+,C+,C-,C-,D+,C+,D,D+,C,C-,D-,D,C,D+,C-,D,C,D+,C+,D+,D
2026,Camden Heide,Texas,SEC,Junior,B,B-,A-,B,A-,C+,C+,B-,A-,A-,A-,B+,B,A+,A-,A,A-,B+,B+,A,B,B,A-,B+,B+,B-,A-,B+,B+,B-,A-,A-,A,B+,B
2026,Dailyn Swain,Texas,SEC,Junior,A+,A,A+,A+,A+,A,A,A,A+,A+,A+,A+,A+,A+,A+,A+,A+,A+,A+,A+,A+,A+,A+,A+,A+,A,A+,A+,A+,A,A+,A+,A+,A+,A+
2026,Matas Vokietaitis,Texas,SEC,Sophomore,A-,B+,A+,A-,A,B+,B+,B+,A,A+,A,A,A,A+,A,A+,A,A+,A,A+,A-,A-,A+,A,B+,B+,A,A,A,B+,A+,A,A+,A,A-
2026,Nic Codie,Texas,SEC,Sophomore,B-,C+,B+,C+,B+,C,C,C,B,B+,B,B,B-,A+,B,B+,B,B,B,A-,B-,B-,B+,B,B-,C+,B+,B,B,C,B+,B,A-,B,C+
2026,Simeon Wilcher,Texas,SEC,Junior,B-,C+,B+,B-,B+,C+,C+,C+,B+,B+,B+,B,B,A,B,A-,B+,B+,B,A-,B-,B,B+,B+,C,C+,B+,B,B+,C+,B+,B+,A,B,B-
2026,Jamie Vinson,Texas A&M,SEC,Sophomore,B-,C+,B-,C+,B,C+,C+,C+,B,B,B-,B-,B-,A,B-,B,B,B-,C+,B,B-,C+,B,B-,C+,C+,B,B,B-,C+,B,B-,B,B-,B-
2026,Josh Holloway,Texas A&M,SEC,Junior,B-,C+,B+,B-,B+,C+,C+,C+,B+,B+,B+,B,B-,A,B,A-,B+,B+,B,A-,B-,B,A-,B+,B-,C+,B+,B,B,C+,B+,B+,A,B,B-
2026,Mackenzie Mgbako,Texas A&M,SEC,Junior,C,C,C+,C+,C+,C,C,C,C+,C+,C+,C+,C+,B+,C+,B-,B-,C+,C,B-,C+,C+,C+,C+,C-,C+,C+,C+,C+,C,B-,C+,B-,C+,C
2026,Pop Isaacs,Texas A&M,SEC,Junior,B,B-,A-,B,A-,C+,C+,C+,B+,A-,A-,B+,B,A+,A-,A,B+,A-,B+,A,B,B+,A,A-,B+,B-,A-,B+,B+,B-,A-,A-,A,B+,B
2026,Ruben Dominguez,Texas A&M,SEC,Sophomore,B+,B,A,B+,A,B-,B-,B,A,A,A,A-,B+,A+,A-,A,A,A,A-,A+,B+,B+,A,A,A-,B,A,A-,A,B,A,A,A+,A-,B+
2026,Bryson Wheatfall,Texas A&M Corpus Chris,Slnd,Freshman,C,C-,C+,C,C+,C-,C-,C-,C+,C+,C,C,C,B,C,C+,C+,C,C,C+,C,C,C+,C,D,C-,C+,C,C+,C-,C+,C,B-,C,C
2026,Cenker Evran,Texas A&M Corpus Chris,Slnd,Junior,B-,C+,B+,C+,B+,C,C,C,B,B+,B,B,B-,A-,B,B+,B,B,B-,A-,B-,B-,B+,B,C,C+,B+,B,B,C,B+,B,A-,B,C+
2026,Daniel Michelini-Jackson,Texas A&M Corpus Chris,Slnd,Junior,C,C-,B-,C,B-,D+,D+,D+,B-,B-,C+,C+,C+,B+,C+,B,B-,B-,C+,B,C,C,B-,B-,C-,C-,B-,C+,B-,C-,B,B-,B,C+,C
2026,Devon Kobi Pearson,Texas A&M Corpus Chris,Slnd,Freshman,C-,C-,C+,C-,C+,C-,C-,C-,C+,C+,C,C,C,B,C,C+,C+,C+,C-,B-,C,C-,C,C,D,C-,C+,C+,C+,C-,C+,C,B-,C,C-
2026,Jaden Haire,Texas A&M Corpus Chris,Slnd,Junior,D+,D+,C,D+,C-,D+,D+,D+,C-,C,C-,C-,C-,C,D+,C,C,C-,D+,C,C-,D+,C-,C-,D-,D+,C-,C-,C-,D+,C-,C-,C+,C-,D+
2026,Ahmed Nedal Abdelrahman,Texas Southern,SWAC,Freshman,C-,C-,C,C-,C,D+,D+,D+,C,C,C,C-,C-,C+,C-,C+,C,C,C-,C,C-,C-,C-,C-,D,C-,C,C-,C,D+,C-,C-,C+,C-,C-
2026,Anthony Andrews,Texas Southern,SWAC,Freshman,D,D,D+,D,D+,D-,D-,D-,D+,D+,D,D,D,C+,D,C,D+,D+,D,C-,D-,D,D+,D,D,D,D+,D,D+,D-,D+,D,C-,D,D
2026,Cameron Patterson,Texas Southern,SWAC,Freshman,C,C,C+,C+,C+,C,C,C,C+,B-,C+,C+,C,B+,C+,B-,B-,C+,C,B-,C+,C+,C+,C+,C-,C+,C+,C+,C+,C,B-,C+,B-,C+,C+
2026,Josh Akpovwa,Texas Southern,SWAC,Junior,D+,D+,D+,D,C-,D,D,D,D+,D+,D+,D+,D+,D-,D+,C,C-,D+,D,C-,D+,D,D+,D+,F,D+,D+,D+,C-,D,C-,D+,C,D+,D
2026,Dimp Pernell,Texas St.,SB,Junior,C+,C+,B-,C+,B-,C+,C+,C,B-,B-,B-,C+,C+,A-,C+,B-,B-,C+,C+,B-,C+,C+,C+,C+,C,C+,B-,C+,B-,C+,B-,C+,B,C+,C+
2026,DJ Hall,Texas St.,SB,Freshman,B,B-,A-,B,B+,C+,C+,B-,A-,A-,B+,B+,B+,A+,A-,A,B+,B+,B+,A,B,B,A-,A-,B+,B-,A-,B+,B+,B-,A-,B+,A,B+,B
2026,Franck Emmou,Texas St.,SB,Junior,C,C-,B-,C,B,C-,D+,C-,B-,B,B-,B-,C+,B+,B-,B+,B-,B-,C+,B,C,C+,B,B-,C-,C,B,B-,B-,C-,B,B-,B+,C+,C
2026,Jaelyn Lee,Texas St.,SB,Junior,C+,C+,B-,C+,B-,C+,C,C+,B-,B-,B-,B-,C+,A,C+,B-,B-,B-,C+,B,C+,C+,B-,B-,C,C+,B-,B-,B-,C+,B-,B-,B,B-,C+
2026,Kaden Gumbs,Texas St.,SB,Junior,D+,D,C,D+,C,D,D,D,C,C,C-,C-,C-,B,C-,C+,C,C-,C-,C+,D+,D+,C+,C,D+,D,C,D+,C,D,C+,C-,C+,D+,D+
2026,Robert Fields,Texas St.,SB,Freshman,C+,C,B,C+,B,C-,C-,C,B,B,B-,B-,C+,B+,B,B+,B,B,B-,B+,C+,C+,B+,B,C-,C,B,B,B,C,B,B,B+,B-,C+
2026,Christian Anderson,Texas Tech,B12,Sophomore,A+,A,A+,A+,A+,A,A,A,A+,A+,A+,A+,A+,A+,A+,A+,A+,A+,A+,A+,A+,A+,A+,A+,A+,A,A+,A+,A+,A,A+,A+,A+,A+,A+
2026,Jaylen Petty,Texas Tech,B12,Freshman,B+,B,A,B+,A,B,B,B,A,A,A,A-,A-,A+,A,A+,A,A,A-,A+,B+,A-,A,A,B,B,A,A-,A,B,A,A,A+,A-,B+
2026,Josiah Moseley,Texas Tech,B12,Sophomore,B+,B,A-,B+,A-,B+,B,B,A-,A-,A-,B+,B+,A+,A-,B+,B+,A-,B+,A,B+,B+,B+,B+,A+,B+,A-,A-,B+,B,A-,B+,A,B+,B+
2026,JT Toppin,Texas Tech,B12,Junior,A+,A,A+,A+,A+,A,A,A,A+,A+,A+,A+,A+,A+,A+,A+,A+,A+,A+,A+,A+,A+,A+,A+,A+,A,A+,A+,A+,A,A+,A+,A+,A+,A+
2026,LeJuan Watts,Texas Tech,B12,Junior,B,B-,A-,B,B+,C+,C+,C+,B+,A-,B+,B+,B,A+,B+,A-,B+,B+,B+,A,B,B,A-,B+,B-,B-,A-,B+,B+,C+,A-,B+,A,B+,B-
2026,Leon Horner,Texas Tech,B12,Sophomore,B-,C+,B,B-,B,C+,C+,C+,B,B,B,B-,B-,A+,B-,B,B,B-,B-,B+,B-,B-,B-,B,B+,B-,B,B,B,C+,B,B,B+,B,B-
2026,Luke Bamgboye,Texas Tech,B12,Sophomore,B,B-,A-,B,A-,C+,C+,B-,A-,A-,A-,B+,B+,A+,A-,A,A-,A-,B+,A,B,B,A,A-,B,B-,A-,A-,B+,B-,A-,A-,A,B+,B
2026,Nolan Groves,Texas Tech,B12,Freshman,C+,C+,B,C+,B-,C+,C,C,B-,B,B-,B-,C+,A,C+,B,B-,B-,C+,B-,C+,C+,B-,B-,B-,C+,B-,C+,B-,C+,B-,B-,B,B-,B-
2026,Carter Kingsbury,The Citadel,SC,Junior,D,D,D+,D,D+,D-,D-,D-,D+,D+,D,D,D,C,D,C-,D+,D,D,C-,D-,D,D+,D,D-,D-,D+,D,D+,D-,D+,D,C-,D,D-
2026,Christian Moore,The Citadel,SC,Sophomore,D+,D+,C,D+,C,D,D,D,C,C,C-,C-,C-,B,C-,B-,C,C,C-,B-,D+,D+,C+,C,D+,D+,C+,C-,C,D,C+,C-,B-,C-,D+
2026,Dante Kearse,The Citadel,SC,Sophomore,C-,D+,C,C-,C,D+,D+,D+,C,C,C-,C-,C-,C+,C-,C+,C,C-,C-,C,C-,D+,C-,C-,D-,C-,C,C-,C,D+,C,C-,C+,C-,C-
2026,Eze Wali,The Citadel,SC,Sophomore,D-,D-,D,D-,D,D-,D-,D-,D,D+,D,D,D,C,D,C-,D,D,D,C-,D-,D-,D+,D,D-,D-,D,D,D+,D-,D+,D,C-,D,D-
2026,Gabe Hernandez,The Citadel,SC,Junior,D,D+,D+,D,D+,D,D,D,D+,D+,D+,D+,D+,D,D,C,C-,D+,D,C-,D+,D+,D+,D+,F,D,D+,D+,D+,D,D+,D+,C-,D+,D+
2026,Keynan Davis,The Citadel,SC,Junior,D,D-,D+,D-,D+,D-,D-,D-,D,D+,D,D,D,D,D,C-,D+,D,D,C-,D-,D,D+,D,F,D-,D+,D,D+,D-,D+,D,C-,D,D-
2026,Logan Menefee,The Citadel,SC,Freshman,D-,D-,D-,D-,D-,D-,D-,D-,D-,D-,D-,D-,D-,F,F,D-,D,D-,D-,D-,D-,D-,D-,D-,F,D-,D-,D-,D-,D-,F,D-,D-,D-,F
2026,Marcos Gonzales,The Citadel,SC,Freshman,D-,D-,D-,D-,D-,D-,D-,D-,D-,D-,D-,D-,D-,D-,D-,D-,D-,D-,D-,D,F,D-,D-,D-,F,D-,D-,D-,D-,D-,D-,D-,D,D-,F
2026,Austin Parks,Toledo,MAC,Junior,B-,C+,B+,B-,B,C,C,C,B,B+,B,B,B-,A,B,B+,B,B,B,A-,B-,B-,B+,B+,B-,C+,B+,B,B,C+,B+,B,A-,B,C+
2026,Jaylan Ouwinga,Toledo,MAC,Sophomore,D+,D+,C+,D+,C+,D,D,D,C,C+,C,C,C-,B+,C,C+,C,C,C-,B-,D+,C-,C+,C+,C-,D+,C+,C,C,D,C+,C,B-,C,D+
2026,Leroy Blyden Jr.,Toledo,MAC,Freshman,B,B-,A,B,A-,C+,C+,B-,A-,A,A-,B+,B+,A+,A-,A,A-,A-,B+,A,B,B+,A,A-,B+,B-,A-,A-,B+,B-,A-,A-,A,B+,B
2026,Mynor Strong,Toledo,MAC,Sophomore,C,C-,B-,C,B-,D+,D+,D+,B-,B-,C+,C+,C+,B,C+,B,B-,B-,C+,B,C,C+,B,B-,D+,C-,B,C+,B-,C-,B-,B-,B+,C+,C
2026,Sean Craig,Toledo,MAC,Junior,B-,C+,B+,B-,B,C,C,C,B+,B+,B,B,B-,A,B,A-,B+,B,B,A-,B-,B-,B+,B+,C,C+,B+,B,B,C+,B+,B+,A-,B,B-
2026,Sonny Wilson,Toledo,MAC,Junior,B-,C+,B+,B-,B+,C,C,C,B+,B+,B+,B,B-,A+,B,B+,B,B+,B,A-,B-,B,B+,B+,B-,C+,B+,B,B,C+,B+,B+,A-,B,B-
2026,"Will James, Jr.",Toledo,MAC,Freshman,C,C,C+,C+,C+,C,C,C-,C+,C+,C+,C+,C,B+,C,B-,B-,C+,C,B-,C+,C,C+,C+,C-,C,C+,C+,C+,C,C+,C+,B-,C+,C
2026,Caleb Embeya,Towson,CAA,Sophomore,C,C-,B-,C-,B-,D+,D+,D+,B-,B-,C+,C+,C+,B+,C+,B,B-,B-,C+,B,C,C,B-,B-,C-,C-,B-,B-,C+,C-,B,C+,B,C+,C-
2026,Chike Ndefo,Towson,CAA,Sophomore,C-,D+,C+,C-,C+,D+,D+,D+,C+,C+,C,C,C,B-,C,B-,C+,C+,C,B,C-,C-,C+,C+,D,D+,B-,C+,C+,D+,B-,C+,B,C,C-
2026,Jaquan Womack,Towson,CAA,Freshman,C,C-,B-,C,B-,D+,D+,D+,B-,B-,C+,C+,C,A-,C+,B,B-,B-,C+,B,C,C,B-,B-,C,C-,B-,B-,C+,C-,B,C+,B,C+,C-
2026,Ryan Skerry,Towson,CAA,Junior,D-,D,D-,D-,D-,D-,D-,D-,D-,D,D-,D-,D-,F,D-,D,D,D-,D-,D,D-,D-,D,D-,F,D-,D,D-,D-,D-,D-,D-,D,D-,D-
2026,Tyler Tejada,Towson,CAA,Junior,B,B-,A-,B-,B+,C+,C+,C+,B+,A-,B+,B+,B,A+,B+,A-,B+,B+,B+,A,B,B,A-,B+,B+,B-,A-,B+,B+,C+,A-,B+,A,B+,B-
2026,Austin Cross,Troy,SB,Freshman,D+,D+,C+,D+,C,D,D,D,C,C,C,C-,D+,C+,C-,C+,C,C,C-,C+,D+,D+,C+,C,D-,D+,C+,C-,C,D,C+,C,B-,C-,D+
2026,Cooper Campbell,Troy,SB,Sophomore,B,C+,A-,B,A-,C+,C+,C+,B+,A-,B+,B+,B,A+,B+,A,B+,B+,B+,A,B,B,A-,A-,B-,B-,A-,B+,B+,C+,A-,B+,A,B+,B-
2026,Hikaru Awata,Troy,SB,Freshman,F,F,F,F,F,F,F,F,F,F,F,F,F,F,F,F,F,F,F,F,F,F,F,F,F,F,F,F,F,F,F,F,F,F,F
2026,Kerrington Kiel,Troy,SB,Sophomore,C,C-,B-,C,B-,C-,D+,C-,B-,B,B-,B-,C+,B+,C+,B,B-,B-,C+,B,C+,C+,B,B-,C,C-,B,B-,B-,C-,B,B-,B+,C+,C
2026,Thomas Dowd,Troy,SB,Junior,B,C+,B+,B-,B+,C+,C+,C+,B+,A-,B+,B+,B,A+,B+,A,B+,B+,B,A,B,B,A-,B+,B+,B-,A-,B+,B+,C+,A-,B+,A,B,B-
2026,Victor Valdes,Troy,SB,Junior,C,C-,B-,C,B-,D+,D+,D+,B-,B,C+,B-,C+,A-,C+,B,B-,B-,C+,B,C,C+,B,B-,C,C-,B-,B-,B-,C-,B,B-,B+,C+,C
2026,Curtis Williams Jr.,Tulane,Amer,Junior,C,C-,C+,C-,C+,D+,D+,D+,C+,B-,C+,C+,C,A-,C+,B,C+,C+,C,B,C,C,B-,C+,C,C-,B-,C+,C+,D+,B-,C+,B,C,C-
2026,Jake Shapiro,Tulane,Amer,Junior,A+,A+,A+,A+,A+,A+,A+,A+,A+,A+,A+,A+,A+,A+,A+,A+,A+,A+,A+,A+,A+,A+,A+,A+,A+,A+,A+,A+,A+,A+,A+,A+,A+,A+,A+
2026,Josiah Moore,Tulane,Amer,Sophomore,C,C-,B-,C-,B-,D+,D+,D+,C+,B-,C+,C+,C,B+,C+,B,C+,C+,C,B,C,C,B-,C+,C-,C-,B-,C+,C+,D+,B-,C+,B,C+,C-
2026,KJ Greene,Tulane,Amer,Sophomore,C-,D+,C+,D+,C+,D,D,D,C+,C+,C,C,C-,B-,C,B-,C+,C+,C,B-,C-,C-,C+,C+,D,D+,C+,C,C+,D+,C+,C+,B,C,C-
2026,Luke Rasmussen,Tulane,Amer,Junior,C-,C-,C+,C-,C+,C-,C-,C-,C+,C+,C,C,C,B-,C-,C+,C+,C,C,C+,C,C-,C,C,D,C-,C+,C,C+,C-,C+,C,C+,C,C-
2026,Rowan Brumbaugh,Tulane,Amer,Junior,B-,C+,A-,B-,B+,C+,C+,C+,B+,A-,B+,B+,B,A+,B+,A-,B+,B+,B+,A,B,B,A-,B+,B+,B-,B+,B+,B+,C+,A-,B+,A,B,B-
2026,Scotty Middleton,Tulane,Amer,Junior,C-,D+,C+,C-,C+,D+,D+,D+,C+,B-,C+,C+,C-,B+,C+,B-,C+,C+,C,B,C-,C-,B-,C+,C-,C-,B-,C+,C+,D+,B-,C+,B,C+,C-
2026,Tyler Ringgold,Tulane,Amer,Sophomore,C,C-,C+,C-,C+,D+,D+,D+,C+,B-,C+,C+,C,B+,C+,B,C+,C+,C,B,C,C,B-,C+,C-,C-,B-,C+,C+,D+,B-,C+,B,C+,C-
2026,Ade Popoola,Tulsa,Amer,Junior,B,B-,A-,B,A-,C+,C+,C+,B+,A-,B+,B+,B,A+,B+,A,B+,B+,B+,A,B,B,A-,B+,B+,B-,A-,B+,B+,C+,A-,B+,A,B+,B-
2026,Cal Conroy,Tulsa,Amer,Sophomore,D,D,D,D,D,D,D,D,D,D+,D,D,D,F,D,D+,D+,D,D,D+,D,D,D,D,F,D,D,D,D,D,D,D,D+,D,D
2026,Ian Smikle,Tulsa,Amer,Sophomore,C,C-,B-,C-,B-,D+,D+,D+,B-,B-,C+,C+,C,B+,C+,B,B-,C+,C+,B,C,C,B-,C+,C-,C-,B-,C+,C+,D+,B-,C+,B,C+,C-
2026,Jaylen Lawal,Tulsa,Amer,Freshman,B+,B,A,B+,A,B,B,B,A,A,A,A-,A-,A+,A,A+,A,A,A-,A+,B+,B+,A,A,B-,B,A,A-,A-,B,A,A,A+,A,B+
2026,KJ Martin Jr.,Tulsa,Amer,Freshman,C+,C+,B-,C+,B-,C+,C+,C+,B-,B,B-,B-,C+,A+,C+,B,B,B-,C+,B,B-,C+,B-,B-,B-,C+,B-,B-,B-,C+,B-,B-,B,B-,C+
2026,Myles Rigsby,Tulsa,Amer,Junior,B,B-,A-,B,B+,C+,C+,C+,B+,A-,B+,B+,B,A+,B+,A,B+,B+,B+,A,B,B,A-,B+,B+,B-,A-,B+,B+,C+,A-,B+,A,B+,B-
2026,Tylen Riley,Tulsa,Amer,Junior,B,B-,A,B,A-,B-,B-,B-,A-,A,A-,A-,B+,A+,A-,A,A-,A-,A-,A,B+,B+,A,A,B-,B,A-,A-,A-,B-,A,A-,A+,A-,B
2026,Tyler Behrend,Tulsa,Amer,Junior,B,B-,A,B,A-,B-,B-,B-,A-,A,A-,A-,B+,A+,A-,A,A-,A-,B+,A,B,B+,A,A-,B,B,A,A-,A-,B-,A-,A-,A+,A-,B
2026,Ari Gooch,UAB,Amer,Sophomore,C+,C,C+,C+,C+,C,C,C,C+,B-,C+,C+,C+,A-,C+,B-,B-,C+,C+,B-,C+,C,C+,C+,C,C,C+,C+,C+,C,B-,C+,B-,C+,C+
2026,Chance Westry,UAB,Amer,Sophomore,B+,B,A+,B+,A,B,B,B,A,A,A,A,A-,A+,A,A+,A,A,A,A+,A-,A-,A+,A,A,B+,A,A,A,B,A,A,A+,A,B+
2026,Dayjaun Anderson,UAB,Amer,Sophomore,C-,D+,C+,C-,C+,D+,D+,D+,C+,B-,C+,C+,C,B+,C,B,C+,C+,C,B-,C-,C,B-,C+,C-,D+,B-,C+,C+,D+,B-,C+,B,C+,C-
2026,Evan Chatman,UAB,Amer,Junior,B-,C+,B+,B-,B+,C+,C+,C+,B+,B+,B,B,B,A+,B+,A-,B+,B+,B,A,B-,B-,B+,B+,B-,C+,B+,B+,B+,C+,B+,B+,A-,B,B-
2026,Jacob Meyer,UAB,Amer,Junior,C-,D+,C+,D+,C+,D+,D,D,C+,C+,C,C,C-,B,C,B-,C+,C+,C,B-,D+,C-,C+,C+,D+,D+,C+,C,C+,D+,B-,C,B-,C,D+
2026,KyeRon Lindsay-Martin,UAB,Amer,Junior,B,C+,A-,B-,B+,C+,C+,C+,B+,B+,B+,B+,B,A,B+,A,B+,B+,B,A,B-,B,A-,B+,C+,B-,A-,B+,B+,C+,A-,B+,A,B+,B-
2026,Lance Carr,UAB,Amer,Freshman,C+,C,B-,C+,B-,C,C,C,B-,B-,C+,C+,C+,A-,C+,B-,C+,C+,C,B,C+,C,B-,C+,C,C,C+,B-,B-,C,B-,C+,B,C+,C+
2026,Quaran McPherson,UAB,Amer,Junior,C,C,C+,C+,C+,C,C,C-,C+,B-,C+,C+,C,B+,C,B-,B-,C+,C,B-,C+,C,C+,C+,C-,C,C+,C+,C+,C,B-,C+,B-,C+,C
2026,Salim London,UAB,Amer,Freshman,C+,C-,B,C+,B,C-,C-,C-,B,B,B-,B-,C+,B+,B-,B+,B,B-,B-,B+,C+,C+,B,B,C-,C,B,B-,B,C,B,B,B+,B-,C+
2026,Brayden Fagbemi,UC Davis,BW,Junior,C+,C,B,C+,B,C-,C-,C,B,B,B,B,B-,A,B,B+,B,B,B-,B+,C+,B-,B+,B,B-,C,B,B-,B,C,B,B,A-,B-,C+
2026,Connor Sevilla,UC Davis,BW,Junior,C+,C-,B-,C,B,C-,D+,D+,B-,B,B-,B-,C+,B+,B-,B,B-,B-,C+,B,C+,C+,B,B-,C-,C,B,B-,B-,C-,B,B-,B+,B-,C
2026,Cyril Franklin Jr.,UC Davis,BW,Sophomore,D+,D+,C,D+,C-,D+,D+,D+,C-,C,C-,C-,C-,C,D+,C+,C,C-,D+,C,C-,D+,C-,C-,D-,D+,C-,D+,C,D+,C-,C-,C+,C-,D+
2026,Isaiah Chappell,UC Davis,BW,Sophomore,C-,D+,C+,C-,C+,D+,D,D,C+,C+,C,C,C-,B+,C,B-,C+,C+,C-,B-,C-,C-,C+,C+,C-,D+,C+,C,C+,D+,C+,C,B-,C,D+
2026,Jalen Stokes,UC Davis,BW,Freshman,C-,D+,C+,C-,C+,D+,D+,D+,C+,C+,C+,C,C,B-,C,B,C+,C+,C,B-,C-,C-,B-,C+,D,D+,B-,C+,C+,D+,B-,C+,B,C,C-
2026,Marcus Wilson,UC Davis,BW,Freshman,C+,C,B,C+,B,C-,C-,C,B,B,B,B,B-,A,B,B+,B,B,B-,B+,C+,B-,B+,B,C,C,B,B,B-,C,B,B,A-,B-,C+
2026,Nils Cooper,UC Davis,BW,Junior,B-,C+,B+,B-,B+,C+,C+,C+,B+,A-,B+,B+,B,A+,B+,A-,B+,B+,B,A,B,B,A-,B+,B,B-,B+,B+,B+,C+,B+,B+,A,B,B-
2026,Omer Suljanovic,UC Davis,BW,Freshman,D,D,C-,D,C-,D,D,D,C-,C-,D+,D+,D+,C,D+,C,C-,C-,D+,C+,D,D,C-,C-,D-,D,C,D+,C-,D,C,D+,C+,D+,D
2026,Carmelo Pacheco,UCF,B12,Junior,B,C+,B+,B-,B+,C+,C+,C+,B+,B+,B+,B,B,A+,B+,A-,B+,B+,B,A-,B-,B,A-,B+,B,B-,B+,B,B+,C+,B+,B+,A,B,B-
2026,Chris Johnson,UCF,B12,Junior,B+,B,A,B+,A,B,B-,B,A,A,A,A-,B+,A+,A-,A,A,A,A-,A+,B+,B+,A,A,B+,B,A,A-,A,B,A,A,A+,A-,B+
2026,Jeremy Foumena,UCF,B12,Junior,C+,C,B-,C+,B-,C,C,C,B-,B-,C+,C+,C+,A-,C+,B-,B-,B-,C+,B,C+,C,B-,C+,C,C+,B-,B-,B-,C,B-,C+,B,B-,C+
2026,John Bol,UCF,B12,Sophomore,B,B-,A-,B,A-,B-,C+,B-,A-,A-,A-,B+,B+,A+,A-,A,A-,A-,B+,A,B,B,A,A-,B,B-,A-,A-,B+,B-,A-,A-,A,B+,B
2026,Jordan Burks,UCF,B12,Junior,B+,B,A,B+,A,B,B,B,A,A,A,A-,A-,A+,A,A+,A,A,A-,A+,B+,B+,A,A,A,B,A,A,A-,B,A,A,A+,A-,B+
2026,Kris Parker,UCF,B12,Sophomore,D+,D+,C-,D+,C-,D+,D+,D+,C-,C-,C-,C-,D+,C-,D+,C,C,C-,D+,C,D+,D+,C-,D+,D-,D+,C-,D+,C-,D+,C-,C-,C+,C-,D+
2026,Akiva McBirney-Griffin,UC Irvine,BW,Junior,C-,D+,C,C-,C,D+,D+,D+,C,C,C-,C-,C-,C+,C-,C+,C,C,C-,C+,C-,C-,C,C-,D-,C-,C,C-,C,D+,C,C-,C+,C,C-
2026,Derin Saran,UC Irvine,BW,Sophomore,C+,C,B,C+,B,C-,C-,C-,B,B,B-,B-,B-,A-,B-,B+,B,B,B-,B+,C+,C+,B,B,C,C,B,B-,B-,C,B,B,B+,B-,C+
2026,Elijah Chol,UC Irvine,BW,Junior,B-,C+,B+,B-,B+,C,C,C+,B+,B+,B,B,B-,A-,B,A-,B+,B,B,A-,B-,B-,B+,B+,C,C+,B+,B,B,C+,B+,B+,A-,B,B-
2026,Harrison Carrington,UC Irvine,BW,Junior,B-,C+,B+,B-,B+,C+,C+,C+,B+,B+,B+,B,B,A+,B+,A-,B+,B+,B,A,B-,B,A-,B+,B-,B-,B+,B+,B+,C+,B+,B+,A,B,B-
2026,Jovan Jester Jr.,UC Irvine,BW,Freshman,C+,C,B,C+,B,C-,C-,C-,B,B,B-,B-,C+,A+,B-,B+,B,B-,B-,B+,C+,C+,B,B,B-,C,B,B-,B-,C,B,B,B+,B-,C+
2026,Jurian Dixon,UC Irvine,BW,Sophomore,B,B-,A,B,A-,C+,C+,B-,A-,A-,A-,B+,B+,A+,A-,A,A-,A-,B+,A,B,B+,A,A-,B,B-,A-,B+,B+,B-,A-,A-,A,B+,B
2026,Nes Emeneke,UC Irvine,BW,Freshman,C,C-,C+,C,C+,C-,C-,C-,C+,C+,C,C+,C,B,C,C+,C+,C+,C-,B-,C+,C,C+,C+,D,C,C+,C+,C+,C,B-,C,B-,C+,C
2026,Tama Isaac,UC Irvine,BW,Freshman,C-,D+,B-,C-,B-,D+,D+,D+,B-,B-,C+,C+,C,B,C+,B,C+,C+,C+,B,C,C,B-,B-,D,C-,B-,C+,C+,D+,B-,C+,B,C+,C-
2026,Tishan Ahir,UC Irvine,BW,Sophomore,B-,C+,B,B-,B,B-,C+,C+,B,B,B,B,B-,A+,B-,B+,B,B,B-,B+,B-,B-,B,B,A-,B-,B,B-,B,C+,B,B,B+,B,B-
2026,Brandon Williams,UCLA,B10,Sophomore,B,C+,B+,B-,B+,C+,C+,C+,B+,B+,B,B,B,A,B+,A-,B+,B+,B,A-,B-,B,B+,B+,C+,B-,B+,B+,B+,C+,B+,B+,A,B,B-
2026,Eric Dailey Jr.,UCLA,B10,Junior,B+,B-,A,B+,A,B-,B-,B-,A-,A,A,A-,B+,A+,A-,A,A-,A-,A-,A+,B+,B+,A,A,B+,B,A,A-,A-,B-,A,A,A+,A-,B
2026,Eric Freeny,UCLA,B10,Freshman,C+,C,B-,C+,B-,C+,C,C,B-,B-,B-,C+,C+,A,C+,B,B-,B-,C+,B-,C+,C+,B-,B-,B-,C+,B-,B-,B-,C,B-,B-,B,B-,C+
2026,Jack Seidler,UCLA,B10,Junior,D-,F,F,F,F,F,F,F,F,F,F,F,F,F,F,F,D-,F,F,F,F,F,F,F,F,F,F,F,F,F,F,F,F,F,F
2026,Trent Perry,UCLA,B10,Sophomore,A-,B+,A+,A-,A+,B+,B+,B+,A+,A+,A+,A,A,A+,A,A+,A+,A+,A,A+,A,A,A+,A+,A-,B+,A+,A,A,B+,A+,A+,A+,A,A-
2026,Xavier Booker,UCLA,B10,Junior,B+,B,A,B,A-,B-,B-,B-,A-,A,A-,A-,B+,A+,A-,A,A-,A-,B+,A,B,B+,A,A-,A,B,A,A-,A-,B-,A,A-,A+,A-,B
2026,Braylon Mullins,Connecticut,BE,Freshman,A-,B+,A+,A-,A,B+,B+,B+,A,A+,A,A,A,A+,A,A+,A,A+,A,A+,A-,A,A+,A,A-,B+,A,A,A,B+,A+,A,A+,A,A-
2026,Eric Reibe,Connecticut,BE,Freshman,B+,B,A,B+,A,B,B,B,A,A,A,A,A-,A+,A,A,A,A,A-,A+,B+,B+,A+,A,A,B+,A,A,A,B,A,A,A+,A,B+
2026,Jayden Ross,Connecticut,BE,Junior,A,B+,A+,A,A+,B+,B+,B+,A+,A+,A+,A,A,A+,A+,A+,A+,A+,A,A+,A,A,A+,A+,A,A-,A+,A,A,B+,A+,A+,A+,A,A
2026,Jaylin Stewart,Connecticut,BE,Junior,B,B-,A-,B,A-,C+,B-,B-,A-,A-,A-,B+,B,A+,A-,A,A-,B+,B+,A,B,B,A-,A-,B+,B-,A-,B+,B+,B-,A-,A-,A,B+,B
2026,Silas Demary Jr.,Connecticut,BE,Junior,A+,A,A+,A+,A+,A,A,A,A+,A+,A+,A+,A+,A+,A+,A+,A+,A+,A+,A+,A+,A+,A+,A+,A+,A,A+,A+,A+,A,A+,A+,A+,A+,A+
2026,Solo Ball,Connecticut,BE,Junior,B+,B,A,B+,A,B,B,B,A,A,A,A,A-,A+,A,A+,A,A,A-,A+,B+,A-,A,A,B,B,A,A,A,B,A,A,A+,A,B+
2026,Uroš Paunović,Connecticut,BE,Junior,C,C-,C+,C-,C+,C,D+,C-,C+,C+,C+,C,C,B+,C,B-,C+,C+,C,C+,C,C,C,C,D+,C-,C+,C,C+,C-,C+,C+,B-,C+,C
2026,Ben Waller,UC Riverside,BW,Freshman,C,D+,C+,C-,C+,D+,D+,D+,C+,B-,C+,C+,C,B,C+,B-,C+,C+,C,B-,C-,C,B-,C+,D+,C-,B-,C+,C+,D+,B-,C+,B,C+,C-
2026,De'Undrae Perteete,UC Riverside,BW,Sophomore,C,C-,B-,C-,B-,D+,D+,D+,B-,B-,C+,C+,C,B+,C+,B,B-,C+,C+,B,C,C,B-,B-,C-,C-,B-,C+,C+,D+,B-,C+,B,C+,C-
2026,Dylan Godfrey,UC Riverside,BW,Junior,D+,D+,C,C-,C,D+,D+,D+,C-,C,C,C-,C-,C+,D+,C+,C,C-,D+,C,C-,D+,C-,C-,D-,C-,C,C-,C,D+,C,C-,C+,C-,C-
2026,Marqui Worthy,UC Riverside,BW,Junior,C-,D+,B-,C-,C+,D+,D+,D+,C+,B-,C+,C+,C,B+,C+,B,C+,C+,C,B,C-,C,B-,B-,C,D+,B-,C+,C+,D+,B-,C+,B,C,C-
2026,Osiris Grady,UC Riverside,BW,Junior,D,D,C-,D,C-,D,D,D,D+,C-,D+,D+,D+,B-,D+,C,C-,C-,D+,C+,D,D,C-,D+,D,D,C,D+,C-,D,C,D+,C+,D+,D
2026,Tyler Jones,UC Riverside,BW,Sophomore,C-,D+,C+,D+,C+,D,D,D,C,C+,C,C,C-,C+,C-,B-,C+,C,C-,B-,D+,C-,C+,C,D,D+,C+,C-,C+,D+,C+,C,B-,C-,D+
2026,Aidan Burke,UC San Diego,BW,Junior,C+,C,B,C+,B,C,C-,C,B,B,B,B-,C+,A-,B,B+,B,B-,B-,B+,C+,B-,B+,B,C,C+,B,B-,B,C,B,B,A-,B-,C+
2026,Alex Chaikin,UC San Diego,BW,Sophomore,C+,C-,B-,C+,B,C-,D+,C-,B-,B,B-,B-,C+,A-,B-,B,B-,B-,C+,B,C+,C+,B,B-,C,C,B,B-,B-,C-,B,B-,B+,B-,C
2026,Bol Dengdit,UC San Diego,BW,Junior,C+,C,B,C+,B,C,C-,C,B,B,B-,B-,B-,A,B,B+,B,B,B-,B+,C+,C+,B+,B,C+,C,B,B,B-,C,B,B,B+,B-,C+
2026,Dimitrije Vukicevic,UC San Diego,BW,Freshman,C,C,B-,C,B-,C,C,C,B-,B-,C+,C+,C+,B+,C+,B-,B-,C+,C,B-,C+,C,C+,C+,C-,C,B-,C+,B-,C,B-,C+,B,C+,C+
2026,Hudson Mayes,UC San Diego,BW,Freshman,B,B-,A,B,A-,B-,B-,B-,A-,A,A-,A-,B+,A+,A-,A,A-,A-,B+,A,B+,B+,A,A-,B+,B,A,A-,A-,B-,A,A-,A+,A-,B
2026,Jaden Vance,UC San Diego,BW,Freshman,C+,C+,B-,C+,B-,C+,C+,C,B-,B-,B-,B-,C+,A,C+,B-,B-,B-,C+,B,B-,C+,B-,B-,C,C+,B-,B-,B-,C+,B-,B-,B,B-,C+
2026,Leo Beath,UC San Diego,BW,Junior,C+,C,B-,C+,B,C-,C-,C-,B,B,B-,B-,C+,A-,B-,B+,B,B-,C+,B+,C+,C+,B,B-,C,C,B,B-,B-,C-,B,B-,B+,C+,C
2026,Tom Beattie,UC San Diego,BW,Junior,B,B-,A-,B-,B+,C+,C+,C+,B+,A-,B+,B+,B,A+,B+,A,B+,B+,B+,A,B,B,A-,B+,B-,B-,A-,B+,B+,C+,A-,B+,A,B+,B-
2026,Trap Johnson,UC San Diego,BW,Freshman,C-,C-,C,C-,C,D+,D+,D+,C,C,C,C-,C-,B-,C-,C+,C+,C,C-,C+,C-,C-,C,C,D,C-,C,C-,C,D+,C,C-,C+,C,C-
2026,CJ Shaw,UC Santa Barbara,BW,Freshman,B-,C+,B+,B-,B+,C+,C,C,B+,B+,B,B,B-,A,B,A-,B+,B+,B,A-,B-,B,B+,B+,B-,C+,B+,B,B,C+,B+,B+,A,B,B-
2026,Marvin McGhee IV,UC Santa Barbara,BW,Junior,B-,C+,B+,B-,B+,C+,C,C+,B+,B+,B,B,B-,A+,B,A-,B+,B+,B,A-,B-,B-,B+,B+,B,C+,B+,B+,B,C+,B+,B+,A-,B,B-
2026,Michael Simcoe,UC Santa Barbara,BW,Freshman,C,C,C+,C,C+,C,C-,C-,C+,C+,C+,C+,C,B+,C,B-,C+,C+,C,B-,C,C,C+,C+,D+,C,C+,C+,C+,C,C+,C+,B-,C+,C
2026,Miro Little,UC Santa Barbara,BW,Junior,B,B-,A,B,A-,B-,B-,B-,A-,A,A-,A-,B+,A+,A-,A,A-,A-,A-,A,B+,B+,A,A,A-,B,A,A-,A-,B-,A,A-,A+,A-,B
2026,Zachiah Clark,UC Santa Barbara,BW,Sophomore,D+,D+,C,C-,C-,D+,D+,D+,C-,C,C-,C-,C-,C+,D+,C+,C,C-,D+,C+,C-,D+,C-,C-,D-,C-,C,C-,C,D+,C,C-,C+,C-,C-
2026,Zion Sensley,UC Santa Barbara,BW,Sophomore,C+,C,B,C+,B,C,C-,C,B,B,B-,B-,B-,A,B,B+,B,B,B-,B+,C+,C+,B+,B,C+,C+,B,B,B-,C,B,B,A-,B-,C+
2026,Angel Montas Jr.,UMass Lowell,AE,Junior,C+,C-,B-,C,B-,C-,D+,C-,B-,B-,B-,B-,C+,A,B-,B+,B-,B-,C+,B+,C,C+,B,B-,C,C,B,B-,B-,C-,B,B-,B+,C+,C
2026,Darrel Yepdo,UMass Lowell,AE,Junior,D,D,D+,D-,D,D-,D-,D-,D,D+,D,D,D,C+,D,C-,D+,D,D,C-,D-,D,D+,D,D,D-,D+,D,D+,D-,D+,D,C-,D,D-
2026,Jared Frey,UMass Lowell,AE,Junior,C-,D+,C,C-,C-,C-,D+,D+,C-,C,C,C-,C-,C+,C-,C+,C+,C-,D+,C,C-,C-,C-,C-,D,C-,C,C-,C,D+,C,C-,C+,C-,C-
2026,JJ Massaquoi,UMass Lowell,AE,Freshman,D,D,D+,D,D+,D-,D-,D-,D+,D+,D+,D+,D+,C+,D+,C,D+,D+,D,C,D,D,C-,D+,D,D,C-,D+,D+,D,C-,D,C,D,D
2026,Keenan Bey,UMass Lowell,AE,Sophomore,D,D,D+,D,D,D,D,D,D,D+,D,D,D,F,D,D+,D+,D,D,D,D,D,D+,D,F,D,D,D,D+,D,D,D,D+,D,D
2026,Khalil Farmer,UMass Lowell,AE,Junior,D,D-,D+,D-,D,D-,D-,D-,D,D+,D,D,D,C,D,C-,D+,D,D,C-,D-,D,D+,D,D-,D-,D+,D,D+,D-,D+,D,C-,D,D-
2026,Shawn Simmons II,UMass Lowell,AE,Junior,D+,D+,C,D,C,D,D,D,C-,C,C-,C-,D+,B,C-,C+,C,C-,D+,C+,D+,D+,C,C-,D+,D,C,C-,C-,D,C+,C-,C+,D+,D
2026,Victor Okojie,UMass Lowell,AE,Freshman,D,D,D+,D,D+,D-,D-,D-,D+,D+,D+,D+,D,C,D+,C,D+,D+,D,C,D,D,C-,D+,D-,D,C-,D,D+,D,D+,D,C,D,D
2026,Xavier Spencer,UMass Lowell,AE,Junior,D+,D+,C+,D+,C,D,D,D,C,C+,C,C,C-,B+,C,B-,C,C,C-,B-,D+,C-,C+,C,C-,D+,C+,C-,C,D,C+,C,B-,C-,D+
2026,Ace Valentine,UMBC,AE,Junior,C+,C,B+,C+,B,C,C,C,B,B+,B,B,B-,A,B,B+,B,B,B-,A-,B-,B-,B+,B,C+,C+,B,B,B,C,B+,B,A-,B-,C+
2026,Caden Diggs,UMBC,AE,Sophomore,C+,C,B-,C+,B,C-,D+,C-,B-,B,B-,B-,C+,A-,B-,B+,B,B-,C+,B+,C+,C+,B,B,C,C,B,B-,B-,C-,B,B-,B+,B-,C
2026,Daylon Dickerson,UMBC,AE,Junior,C+,C+,B-,C+,B-,C+,C+,C+,B-,B-,B-,B-,C+,A,C+,B-,B-,B-,C+,B,B-,C+,B-,B-,C,C+,B-,B-,B-,C+,B-,B-,B,B-,C+
2026,Jah'Likai King,UMBC,AE,Junior,D+,D+,C,D+,C,D,D,D,C,C,C-,C-,C-,B,C-,C+,C,C,C-,C+,D+,D+,C+,C,D+,D,C+,C-,C,D,C+,C-,B-,C-,D+
2026,Jose Roberto Tanchyn,UMBC,AE,Junior,B-,C,B,C+,B,C,C-,C,B,B,B,B,B-,A,B,B+,B,B,B-,A-,B-,B-,B+,B,B-,C+,B+,B,B,C,B+,B,A-,B-,C+
2026,Riley Jacobs,UMBC,AE,Freshman,D+,D+,C,D+,C,D,D,D,C,C,C-,C-,D+,B,C-,C+,C,C,C-,B-,D+,D+,C,C,D,D,C+,C-,C,D,C+,C-,C+,C-,D+
2026,Babacar Mbengue,UMKC,Sum,Sophomore,D+,D+,C-,D+,C-,D+,D+,D+,C-,C-,D+,C-,C-,D+,D+,C,C,C-,D+,C,C-,D+,C-,C-,D-,D+,C-,D+,C,D+,C-,D+,C+,C-,D+
2026,Chris Dockery,UMKC,Sum,Junior,D,D,D+,D,D+,D-,D-,D-,D+,C-,D+,D+,D+,C+,D+,C,D+,D+,D,C,D,D,C-,D+,D,D,C-,D+,D+,D,C-,D+,C,D+,D
2026,CJ Evans,UMKC,Sum,Junior,C-,C-,C-,C-,C-,D+,D+,D+,C,C,C-,C-,C-,C-,C-,C,C,C-,C-,C,C-,C-,C-,C-,D-,C-,C-,C-,C,D+,C,C-,C,C-,C-
2026,Jamaria Clark,UMKC,Sum,Junior,D-,D-,D,D-,D,D-,D-,D-,D,D,D,D,D,D,D,D+,D,D,D,D+,D-,D-,D+,D,F,D-,D,D,D+,D-,D,D,D+,D,D-
2026,Jayson Petty,UMKC,Sum,Junior,D,D,C-,D,C-,D,D,D-,D+,C-,D+,D+,D+,B-,D+,C+,C-,C-,D+,C,D,D,C-,D+,D,D,C-,D+,C-,D,C,D+,C+,D+,D
2026,Karmello Branch,UMKC,Sum,Junior,D,D-,D,D-,D,D-,D-,D-,D,D+,D,D,D,C+,D,C-,D,D,D,C-,D-,D,D+,D,D-,D-,D+,D,D+,D-,D+,D,C-,D,D-
2026,Trey Booker-Lowery,UMKC,Sum,Junior,D+,D+,D+,D,D+,D,D,D,D+,C-,D+,D+,D+,D,D+,C,C-,D+,D,C-,D+,D,D+,D+,F,D+,D+,D+,C-,D,D+,D+,C,D+,D+
2026,Corey Jones,UNC Asheville,BSth,Junior,D+,D+,C-,D,D+,D+,D,D,D+,C-,D+,D+,D+,D,D+,C,C-,D+,D+,C-,D+,D+,D+,D+,F,D+,D+,D+,C-,D+,D+,D+,C-,D+,D+
2026,Daniel Thomas,UNC Asheville,BSth,Sophomore,D+,D,C,D,C-,D,D,D,C-,C-,C-,C-,D+,C+,C-,C+,C-,C-,D+,C+,D,D+,C,C-,D,D,C,C-,C-,D,C+,C-,C+,D+,D
2026,Julian Clarke,UNC Asheville,BSth,Sophomore,D+,D+,C-,D+,C-,D+,D+,D+,C-,C,C-,C-,D+,C,D+,C+,C,C-,D+,C,D+,D+,C-,D+,D-,D+,C-,D+,C-,D+,C-,C-,C,C-,D+
2026,Kameron Taylor,UNC Asheville,BSth,Sophomore,C+,C,B,C,B,C-,D+,C-,B,B,B-,B-,C+,A,B-,B+,B-,B-,B-,B+,C+,C+,B,B,B-,C,B,B-,B-,C-,B,B-,B+,C+,C
2026,Myles Mayfield,UNC Asheville,BSth,Freshman,D,D,C-,D,C-,D,D,D,C-,C-,D+,D+,D+,C+,D+,C+,C-,C-,D+,C+,D,D,C-,D+,D,D,C,D+,C-,D,C,D+,C+,D+,D
2026,Sage Tolentino,UNC Asheville,BSth,Junior,C-,C-,C,C-,C,C-,D+,D+,C,C+,C,C,C-,C+,C-,C+,C+,C,C-,C+,C-,C-,C,C,D,C-,C,C,C+,C-,C+,C,C+,C,C-
2026,Assane Mandian,UNC Greensboro,SC,Freshman,C,C,C+,C,C+,C-,C-,C-,C+,C+,C+,C+,C,B+,C,B-,C+,C+,C,B-,C+,C,C+,C+,C-,C,C+,C,C+,C-,C+,C+,B-,C+,C
2026,Clinton Efinda,UNC Greensboro,SC,Junior,D,D,C-,D,C-,D-,D,D-,D+,C-,D+,D+,D+,C+,D+,C,C-,C-,D+,C,D,D,C-,D+,D,D,C-,D+,C-,D,C-,D+,C+,D+,D
2026,Domas Kauzonas,UNC Greensboro,SC,Junior,D+,D+,C-,D+,C-,D,D,D,D+,C-,D+,D+,D+,D,D+,C,C-,D+,D+,C,D+,D,D+,D+,F,D+,D+,D+,C-,D+,C-,D+,C,D+,D+
2026,KJ Younger,UNC Greensboro,SC,Freshman,C-,C-,C+,C-,C+,D+,D+,D+,C+,B-,C+,C+,C,A-,C+,B,C+,C+,C,B,C-,C,B-,C+,C,D+,B-,C+,C+,D+,B-,C+,B,C,C-
2026,Landon King,UNC Greensboro,SC,Junior,D+,D+,C-,D+,C-,D+,D+,D,D+,C-,C-,D+,D+,D+,D+,C,C,D+,D+,C-,D+,D+,C-,D+,D-,D+,C-,D+,C-,D+,C-,D+,C,D+,D+
2026,Lilian Marville,UNC Greensboro,SC,Freshman,D+,D,C,D+,C,D,D,D,C,C,C-,C-,D+,B,C-,C+,C,C,C-,C+,D+,D+,C+,C-,D,D,C,D+,C,D,C+,C-,C+,D+,D+
2026,Noah Norgaard,UNC Greensboro,SC,Freshman,D,D,D+,D,D+,D-,D-,D-,D+,C-,D+,D+,D,C+,D+,C,D+,D+,D,C,D,D,C-,D+,D-,D,D+,D,D+,D,C-,D+,C,D,D
2026,Gavin Walsh,UNC Wilmington,CAA,Junior,B-,C+,B+,B-,B+,C+,C+,C+,B+,B+,B+,B+,B,A,B+,A-,B+,B+,B,A,B-,B,B+,B+,B-,C+,B+,B+,B,C+,B+,B+,A,B,B-
2026,Grady Whitt,UNC Wilmington,CAA,Sophomore,D+,D+,D+,D,D+,D+,D,D,D+,D+,D+,D+,D+,D-,D,C-,C-,D+,D,D+,D+,D,D+,D,F,D+,D+,D,D+,D,D,D+,C-,D+,D
2026,Jahnathan Lamothe,UNC Wilmington,CAA,Junior,C,C,C+,C+,C+,C,C,C,C+,B-,C+,C+,C+,A-,C,B-,B-,C+,C,B-,C+,C+,C+,C+,C,C+,C+,C+,B-,C,B-,C+,B-,C+,C+
2026,Makoi Mabor Makoi,UNC Wilmington,CAA,Sophomore,D+,C-,C,C-,C,D+,D+,D+,C,C,C-,C-,C-,C+,C-,C+,C,C,D+,C+,C-,D+,C-,C-,D-,C-,C,C,C+,D+,C,C-,C+,C,C-
2026,Patrick Wessler,UNC Wilmington,CAA,Junior,B+,B-,A,B,A-,B-,B-,B-,A-,A,A-,A-,B+,A+,A-,A,A-,A-,B+,A,B+,B+,A,A-,B,B,A,A-,A-,B-,A,A-,A+,A-,B
2026,Dra Gibbs-Lawhorn,UNLV,MWC,Junior,B+,B,A,B+,A,B,B,B,A,A,A,A,A-,A+,A,A+,A,A,A,A+,B+,A-,A+,A,A-,B+,A,A,A,B,A,A,A+,A,B+
2026,Emmanuel Stephen,UNLV,MWC,Sophomore,C,C,C+,C,C+,C-,C-,C-,C+,C+,C,C+,C,B,C+,C+,C+,C+,C,B-,C,C,C+,C,D,C,C+,C+,C+,C,C+,C,B-,C+,C
2026,Issac Williamson,UNLV,MWC,Freshman,D+,D+,C+,D+,C+,D,D,D,C,C+,C,C,C-,B,C,B-,C+,C+,C-,B-,D+,C-,C+,C+,D,D+,C+,C,C+,D+,C+,C,B-,C-,D+
2026,Jacob Bannarbie,UNLV,MWC,Sophomore,C+,C,B,C+,B,C,C-,C,B,B,B,B,B-,A,B,B+,B,B,B-,A-,C+,B-,B+,B,C,C+,B+,B,B,C,B,B,A-,B-,C+
2026,Jalen Cunningham,UNLV,MWC,Sophomore,C+,C+,B-,C+,B-,C+,C,C,B-,B,B-,B-,C+,A+,C+,B,B-,B-,C+,B,C+,C+,B-,B-,B-,C+,B-,B-,B-,C+,B,B-,B,B-,C+
2026,Naas Cunningham,UNLV,MWC,Freshman,C-,C-,C+,C,C+,C-,C-,D+,C+,C+,C+,C,C,B,C-,C+,C+,C+,C,C+,C,C,C,C,D+,C,C+,C,C+,C-,C+,C,B-,C+,C
2026,Tyrin Jones,UNLV,MWC,Freshman,B,B-,A,B,A-,B-,B-,B-,A-,A,A-,A-,B+,A+,A-,A,A-,A-,B+,A,B,B+,A,A-,A,B,A,A-,A-,B-,A-,A-,A,B+,B
2026,Alijah Arenas,USC,B10,Freshman,C,C-,B-,C,B-,C-,D+,D+,B-,B,B-,B-,C+,B,C+,B,B-,B-,C+,B,C+,C+,B,B-,C-,C-,B-,B-,B-,C-,B,B-,B+,C+,C
2026,Gabe Dynes,USC,B10,Junior,B-,C+,B+,B-,B+,C+,C,C+,B+,B+,B,B,B-,A+,B+,A-,B+,B,B,A-,B-,B-,B+,B+,B-,C+,B+,B+,B,C+,B+,B+,A,B,B-
2026,Jacob Cofie,USC,B10,Sophomore,B+,B,A,B+,A,B,B-,B,A,A,A,A-,A-,A+,A,A+,A,A,A-,A+,B+,B+,A,A,B+,B,A,A,A,B,A,A,A+,A-,B+
2026,Jerry Easter II,USC,B10,Freshman,C+,C-,B-,C,B-,C-,D+,C-,B-,B,B-,C+,C+,A-,C+,B,B-,B-,C+,B,C,C+,B,B-,C,C,B,C+,B-,C-,B,B-,B+,C+,C
2026,Jordan Marsh,USC,B10,Junior,B-,C,B,C+,B,C,C,C,B,B+,B,B,B-,A,B,B+,B,B,B-,A-,B-,B-,B+,B,C+,C+,B+,B,B,C,B+,B,A-,B,C+
2026,Rodney Rice,USC,B10,Junior,B,B-,B,B,B,B-,B-,B-,B,B+,B,B,B,A+,B,B+,B,B,B,B+,B,B,B,B,B+,B,B,B,B,B-,B,B,B+,B,B-
2026,Carmelo Adkins,USC Upstate,BSth,Sophomore,D+,D+,C,D+,C,D,D,D,C,C+,C-,C,C-,B,C-,C+,C,C,C-,C+,D+,D+,C+,C,D+,D+,C+,C-,C,D,C+,C-,B-,C-,D+
2026,Coen Collier,USC Upstate,BSth,Junior,D+,D,C-,D,C-,D,D,D,C-,C-,D+,D+,D+,B,D+,C+,C-,C-,D+,C+,D+,D,C,C-,D,D,C,C-,C-,D,C,C-,C+,D+,D
2026,Jafeth Martinez,USC Upstate,BSth,Junior,C+,C-,B,C,B,C-,D+,C-,B-,B,B-,B-,C+,B+,B-,B+,B-,B-,C+,B+,C+,C+,B,B,C-,C,B,B-,B-,C-,B,B-,B+,B-,C
2026,Kanye Jones,USC Upstate,BSth,Junior,D+,D+,D+,D+,D+,D+,D,D,D+,C-,D+,D+,D+,D,D+,C,C-,D+,D+,C-,D+,D+,D+,D+,F,D+,D+,D+,C-,D,D+,D+,C-,D+,D+
2026,Karmani Gregory,USC Upstate,BSth,Junior,C-,D+,C+,D+,C+,D+,D,D,C+,C+,C,C+,C,A-,C,B-,C+,C+,C,B-,C-,C-,B-,C+,C,D+,C+,C,C+,D+,B-,C,B,C-,C-
2026,Learic Davis,USC Upstate,BSth,Junior,C,C-,B-,C-,B-,D+,D+,D+,B-,B-,C+,C+,C,B+,C+,B,B-,C+,C,B,C,C,B-,B-,C-,C-,B-,C+,C+,D+,B-,C+,B,C+,C-
2026,Mason Bendinger,USC Upstate,BSth,Junior,D,D,D+,D,D+,D-,D-,D-,D+,C-,D+,D+,D+,C+,D+,C,D+,D+,D,C,D,D,C-,D+,D-,D,C-,D+,D+,D,C-,D,C,D,D
2026,Tyler Smith,USC Upstate,BSth,Junior,D,D,D+,D,D+,D,D-,D-,D+,C-,D+,D+,D+,C+,D+,C,D+,D+,D+,C,D,D,C-,D+,D,D,C-,D+,C-,D,C-,D+,C+,D,D
2026,Jacob Patrick,Utah,B12,Junior,C+,C,B-,C+,B-,C,C,C,B-,B-,B-,B-,C+,A,C+,B-,B-,C+,C+,B-,C+,C+,B-,C+,C,C+,B-,C+,B-,C,B-,C+,B,B-,C+
2026,Josh Hayes,Utah,B12,Junior,C,C-,B-,C,B-,D+,D+,D+,B-,B-,C+,C+,C+,B+,C+,B,B-,B-,C+,B,C,C,B,B-,C-,C-,B,B-,B-,C-,B-,B-,B+,C+,C
2026,Keanu Dawes,Utah,B12,Junior,B+,B-,A,B,A-,B-,B-,B-,A,A,A,A-,B+,A+,A-,A,A-,A-,A-,A+,B+,B+,A,A,B+,B,A,A-,A-,B-,A,A,A+,A-,B
2026,Kendyl Sanders,Utah,B12,Freshman,C+,C-,B-,C,B,D+,D+,C-,B-,B,B-,C+,C,B+,B-,B,B-,B-,C+,B,C,C+,B,B-,C,C,B,B-,B-,C-,B,B-,B+,B-,C
2026,Obomate Abbey,Utah,B12,Freshman,C-,D+,C+,C-,C+,D+,D+,D,C+,C+,C+,C+,C,C-,C,B-,C+,C+,C,B-,C-,C-,B-,C+,D-,D+,B-,C,C+,D+,B-,C+,B,C,C-
2026,Seydou Traore,Utah,B12,Junior,C,C-,B-,C-,B-,D+,D+,D+,B-,B-,C+,C+,C,A-,C+,B,B-,C+,C+,B,C,C,B-,B-,C,C-,B-,C+,C+,C-,B-,C+,B,C+,C-
2026,Terrence Brown,Utah,B12,Junior,B,B-,A,B,A-,B-,B-,B-,A-,A,A-,A-,B+,A+,A-,A,A-,A-,A-,A,B,B+,A,A-,B,B-,A-,A-,A-,B-,A-,A-,A+,B+,B
2026,Adlan Elamin,Utah St.,MWC,Freshman,B,B-,A,B,A-,B-,B-,B-,A-,A,A-,B+,B,A+,A-,A,A-,A-,B+,A,B,B+,A,A-,B+,B,A,A-,B+,B-,A-,A-,A,B+,B
2026,Elijah Perryman,Utah St.,MWC,Freshman,B,B-,A-,B,A-,C+,C+,C+,B+,A-,A-,B+,B,A+,B+,A-,B+,B+,B+,A,B,B,A,A-,B,B-,A-,B+,B+,B-,A-,A-,A,B+,B-
2026,Karson Templin,Utah St.,MWC,Junior,B+,B,A,B+,A,B,B-,B,A,A,A,A-,A-,A+,A,A+,A,A,A-,A+,B+,B+,A,A,B+,B,A,A,A-,B,A,A,A+,A-,B+
2026,Mason Falslev,Utah St.,MWC,Junior,A,A,A+,A+,A+,A,A,A,A+,A+,A+,A+,A+,A+,A+,A+,A+,A+,A+,A+,A+,A+,A+,A+,A+,A,A+,A+,A+,A,A+,A+,A+,A+,A+
2026,Tucker Anderson,Utah St.,MWC,Junior,B-,C+,B,B-,B,C+,C+,C+,B,B,B,B-,B-,A+,B-,B,B,B-,B-,B,B-,B-,B-,B-,B,C+,B-,B-,B-,C+,B,B-,B,B-,B-
2026,Chance Trujillo,Utah Tech,WAC,Sophomore,C,C-,B-,C,B-,D+,D+,D+,B-,B,C+,B-,C+,B+,C+,B,B-,B-,C+,B,C,C+,B,B-,C,C-,B-,C+,B-,C-,B,B-,B+,C+,C
2026,Dallin Grant,Utah Tech,WAC,Sophomore,C-,D+,C,D+,C,D+,D+,D+,C,C,C-,C-,C-,C+,C-,C+,C,C-,D+,C+,C-,C-,C-,C-,D,C-,C-,C-,C,D+,C,C-,C+,C-,C-
2026,Madiba Owona,Utah Tech,WAC,Sophomore,C-,C-,B-,C-,C+,D+,D+,D+,C+,B-,C+,C+,C,B,C+,B,C+,C+,C+,B,C-,C,B-,C+,D+,D+,B-,C+,C+,D+,B-,C+,B,C+,C-
2026,Noah Bolanga,Utah Tech,WAC,Sophomore,C-,D+,C+,C-,C+,D+,D+,D+,C+,C+,C,C+,C,B+,C,B-,C+,C+,C,B-,C-,C-,B-,C+,C-,D+,B-,C+,C+,D+,B-,C+,B,C,C-
2026,Preston Vandermyde,Utah Tech,WAC,Sophomore,D,D,D,D,D,D,D-,D-,D,D,D,D,D,F,D-,D+,D+,D,D,D,D,D,D,D-,F,D,D,D,D,D,D,D,D+,D,D
2026,Tanner Davis,Utah Tech,WAC,Freshman,C,C-,B-,C,B-,D+,D+,D+,B-,B-,C+,C+,C+,A-,C+,B,B-,C+,C+,B,C,C,B-,B-,C,C-,B-,C+,B-,C-,B-,C+,B,C+,C
2026,Braden Housley,Utah Valley,WAC,Sophomore,C-,D+,C+,C-,C+,D+,D+,D+,C+,B-,C+,C+,C,B-,C+,B,C+,C+,C+,B,C-,C,B-,C+,D,D+,B-,C+,C+,D+,B-,C+,B,C,C-
2026,Isaac Davis,Utah Valley,WAC,Sophomore,B,B-,A-,B,A-,C+,C+,B-,A-,A-,A-,B+,B,A,A-,A,A-,A-,B+,A,B,B,A,A-,C+,B-,A-,B+,B+,B-,A-,A-,A,B+,B
2026,Isaac Hawkins,Utah Valley,WAC,Junior,A-,B,A+,B+,A,B,B,B,A,A,A,A,A-,A+,A,A+,A,A,A-,A+,A-,A-,A+,A,A-,B+,A,A,A,B,A,A,A+,A,B+
2026,Jackson Holcombe,Utah Valley,WAC,Sophomore,A-,B+,A+,A-,A,B+,B+,B+,A,A+,A,A,A,A+,A,A+,A,A+,A,A+,A-,A,A+,A,A,B+,A,A,A,B+,A+,A,A+,A,A-
2026,Sherman Weatherspoon IV,Utah Valley,WAC,Junior,C,C-,B-,C,B-,D+,D+,D+,B-,B-,C+,C+,C,B+,C+,B,B-,B-,C+,B,C,C,B-,B-,C-,C-,B-,C+,B-,D+,B,B-,B,C+,C
2026,Trevan Leonhardt,Utah Valley,WAC,Junior,B,B-,A,B,A-,B-,B-,B-,A-,A,A-,A-,B+,A+,A-,A,A-,A-,A-,A,B+,B+,A,A,A-,B,A,A-,A-,B-,A,A-,A+,A-,B
2026,Tyler Hendricks,Utah Valley,WAC,Junior,B+,B,A,B+,A,B-,B-,B,A,A,A,A-,B+,A+,A,A+,A,A,A-,A+,B+,B+,A,A,B,B,A,A-,A-,B,A,A,A+,A-,B+
2026,Tyler Weaver,Utah Valley,WAC,Freshman,C,C,C+,C,C+,C-,C-,C-,C+,C+,C+,C+,C,B+,C,B-,C+,C+,C,B-,C+,C,C+,C+,C-,C,C+,C+,C+,C,C+,C+,B-,C+,C
2026,Amari Reed,UT Arlington,WAC,Freshman,C+,C,B,C,B,C-,D+,C-,B,B,B-,B-,C+,B+,B-,B+,B,B-,C+,B+,C+,C+,B,B,C-,C,B,B-,B-,C-,B,B-,B+,B-,C+
2026,Bahsil Laster,UT Arlington,WAC,Sophomore,C+,C,B,C+,B,C-,C-,C-,B,B,B-,B-,C+,B,B-,B+,B,B-,B-,B+,C+,C+,B,B,D+,C,B,B-,B-,C,B,B,B+,B-,C+
2026,Cameron Jackson,UT Arlington,WAC,Sophomore,C+,C,B,C,B,C-,D+,C-,B,B,B-,B-,C+,A-,B-,B+,B-,B-,C+,B+,C+,C+,B,B,C,C,B,B-,B-,C-,B,B-,B+,C+,C
2026,Casmir Chavis,UT Arlington,WAC,Freshman,C,C-,B-,C-,B-,D+,D+,D+,B-,B-,C+,C+,C,B+,C+,B,C+,C+,C+,B,C,C,B-,B-,C-,C-,B-,C+,C+,D+,B-,C+,B,C,C-
2026,Jayden Smoot,UT Arlington,WAC,Freshman,C,C,C+,C,C+,C-,C-,C-,C+,C+,C+,C+,C,B,C,B-,C+,C+,C,B-,C+,C,C+,C+,D+,C,C+,C+,C+,C-,C+,C+,B-,C+,C
2026,Jordan Lowery,UT Arlington,WAC,Freshman,C,D+,B-,C-,C+,D+,D+,D+,C+,B-,C+,C+,C,B,C+,B,C+,C+,C,B,C-,C,B-,C+,D+,C-,B-,C+,B-,D+,B-,C+,B,C+,C-
2026,Marcus Rigsby Jr.,UT Arlington,WAC,Junior,D+,D+,C,D+,C,D,D,D,C-,C,C-,C-,D+,B,C-,C+,C,C-,D+,C+,D+,D+,C,C-,D+,D,C,C-,C,D,C+,C-,C+,C-,D
2026,Miles Goodman,UT Arlington,WAC,Sophomore,D,D,D+,D,D+,D-,D-,D-,D+,D+,D+,D+,D+,C+,D+,C,D+,D+,D+,C,D,D,C-,D+,D-,D,C-,D+,C-,D,C-,D+,C,D+,D
2026,Tyran Mason,UT Arlington,WAC,Sophomore,C+,C,B,C+,B,C-,C-,C-,B,B,B-,B-,C+,A,B-,B+,B,B-,C+,B+,C+,C+,B,B,C,C,B,B-,B-,C-,B,B-,B+,B-,C
2026,Caleb Blackwell,UTEP,CUSA,Junior,C,C-,B-,C-,C+,D+,D+,D+,B-,B-,C+,C+,C,B+,C+,B,C+,C+,C+,B,C,C,B-,B-,C-,D+,B-,C+,C+,D+,B-,C+,B,C,C-
2026,Elijah Jones,UTEP,CUSA,Junior,C+,C,B,C+,B,C,C-,C,B,B,B-,B-,B-,A,B,B+,B,B,B-,B+,C+,C+,B+,B,B-,C+,B,B,B-,C,B,B,B+,B-,C+
2026,Kaseem Watson,UTEP,CUSA,Junior,D+,D+,C+,D+,C+,D,D,D,C+,C+,C,C,C-,B+,C,B-,C+,C+,C,B-,D+,C-,C+,C+,C-,D+,C+,C,C+,D+,B-,C,B-,C-,D+
2026,KJ Thomas,UTEP,CUSA,Sophomore,D+,D,C,D+,C,D,D,D,C-,C,C-,C-,D+,C+,C-,C+,C,C-,C-,C+,D+,D+,C+,C,D,D,C,C-,C,D,C+,C-,C+,D+,D+
2026,LA Hayes,UTEP,CUSA,Junior,C+,C+,B-,C+,B-,C+,C+,C,B-,B-,B-,B-,B-,A,C+,B,B-,B-,C+,B,B-,C+,B-,B-,C+,C+,B-,B-,B-,C+,B-,B-,B,B-,C+
2026,Mouhamed Mbaye,UTEP,CUSA,Junior,C-,C-,C,C-,C,D+,D+,D+,C,C,C-,C,C-,C+,C-,C+,C,C,D+,C+,C-,D+,C,C,D-,C-,C,C,C+,D+,C+,C-,C+,C,C-
2026,Trey Horton,UTEP,CUSA,Junior,D,D,D+,D,D+,D-,D-,D-,D+,D+,D+,D+,D,C+,D,C,D+,D+,D,C-,D,D,C-,D,D,D,D+,D,D+,D-,C-,D,C,D,D
2026,Always Wright,UT Rio Grande Valley,Slnd,Junior,D+,D,C,D+,C-,D,D,D,C-,C,C-,C-,D+,C+,C-,C+,C,C-,D+,C+,D+,D+,C+,C-,D,D,C,D+,C,D,C,C-,C+,D+,D+
2026,Dane Christensen,UT Rio Grande Valley,Slnd,Sophomore,C-,D+,C+,D+,C+,D,D,D,C,C+,C,C,C-,B,C,B-,C,C+,C-,B-,D+,C-,C+,C,D+,D+,C+,C,C+,D,C+,C,B-,C,D+
2026,Demarris Winters,UT Rio Grande Valley,Slnd,Freshman,C-,C-,C+,C-,C,C-,C-,D+,C,C+,C,C,C-,B,C-,C+,C+,C,C-,C+,C-,C-,C,C,D,C-,C,C-,C+,C-,C+,C,C+,C,C
2026,Filip Brankovic,UT Rio Grande Valley,Slnd,Junior,B,C+,A-,B-,B+,C+,C+,C+,B+,A-,B+,B+,B,A+,B+,A,B+,B+,B,A,B,B,A-,B+,B+,B-,A-,B+,B+,C+,A-,B+,A,B+,B-
2026,Jaylen Washington,UT Rio Grande Valley,Slnd,Sophomore,B,B-,A-,B,A-,C+,C+,C+,B+,A-,A-,B+,B,A+,B+,A,B+,B+,B+,A,B,B,A,A-,B-,B-,A-,B+,B+,C+,A-,A-,A,B+,B
2026,Julien Gomez,UT Rio Grande Valley,Slnd,Freshman,C+,C,B,C+,B,C,C-,C,B,B,B,B,B-,A,B,B+,B,B,B-,B+,C+,B-,B+,B,C,C+,B,B,B,C,B,B,A-,B-,C+
2026,Koree Cotton,UT Rio Grande Valley,Slnd,Junior,B,B-,A-,B,A-,C+,C+,B-,A-,A-,A-,B+,B+,A+,A-,A,B+,A-,B+,A,B,B,A-,A-,B+,B-,A-,B+,B+,B-,A-,A-,A,B+,B
2026,Marshal Destremau,UT Rio Grande Valley,Slnd,Junior,C,C,C+,C,C+,C-,C-,C,C+,C+,C+,C+,C,B+,C,B-,C+,C+,C,B-,C+,C,C+,C+,C-,C,C+,C+,C+,C,B-,C+,B-,C+,C
2026,Austin Nunez,UTSA,Amer,Junior,D-,D-,D-,D-,D-,D-,D-,D-,D-,D,D-,D-,D-,D+,D-,D,D-,D-,D-,D,F,D-,D,D-,D-,D-,D-,D-,D-,D-,D,D-,D,D-,F
2026,Baboucarr Njie,UTSA,Amer,Sophomore,D+,D,C-,D,C-,D,D,D,D+,C-,D+,C-,D+,C+,D+,C+,C-,C-,D+,C+,D,D,C,C-,D,D,C,C-,C-,D,C,C-,C+,D+,D
2026,Brent Moss,UTSA,Amer,Junior,C-,D+,C+,D+,C+,D,D,D,C+,C+,C,C,C,B+,C,B-,C+,C+,C,B-,C-,C-,C+,C+,C-,D+,C+,C,C+,D+,B-,C,B-,C,D+
2026,Dorian Hayes,UTSA,Amer,Freshman,D-,D-,D,D-,D,D-,D-,D-,D,D,D,D,D,C,D,D+,D,D,D,D+,D-,D-,D+,D,D-,D-,D,D-,D,D-,D+,D,D+,D-,D-
2026,Kaidon Rayfield,UTSA,Amer,Freshman,D+,D,C-,D,C-,D,D,D,C-,C,C-,C-,D+,B-,C-,C+,C-,C-,D+,C+,D+,D+,C,C-,D,D,C,C-,C-,D,C,C-,C+,D+,D
2026,Macaleab Rich,UTSA,Amer,Junior,C,C,C+,C,C+,C,C-,C-,C+,C+,C+,C+,C,B,C,B-,C+,C+,C,B-,C+,C,C+,C+,D+,C,C+,C+,C+,C,C+,C+,B-,C+,C
2026,Matheo Coffi,UTSA,Amer,Freshman,D+,D,C-,D,C-,D,D,D,C-,C-,C-,D+,D+,B-,C-,C+,C-,C-,D+,C+,D,D+,C,C-,D,D,C,C-,C-,D,C,C-,C+,D+,D
2026,Carter Hopoi,Valparaiso,MVC,Freshman,C,C-,B-,C-,B-,D+,D+,D+,B-,B-,C+,C+,C,B+,C+,B,B-,C+,C+,B,C,C,B-,B-,C-,C-,B-,C+,C+,C-,B-,C+,B,C+,C-
2026,JT Pettigrew,Valparaiso,MVC,Freshman,C+,C-,B-,C,B,C-,C-,C-,B-,B,B-,B-,C+,A,B-,B+,B-,B-,C+,B+,C+,C+,B,B-,C,C,B,B-,B-,C-,B,B-,B+,C+,C
2026,Justus McNair,Valparaiso,MVC,Sophomore,C,C-,B-,C,B-,C-,D+,D+,B-,B,C+,C+,C+,A-,C+,B,B-,B-,C+,B,C,C+,B,B-,C,C-,B-,C+,B-,C-,B,B-,B+,C+,C
2026,Mark Brown,Valparaiso,MVC,Junior,C-,C-,C,C-,C,C-,D+,D+,C,C+,C,C,C-,B-,C-,C+,C+,C,C-,C+,C,C-,C,C-,D,C-,C,C-,C,C-,C,C,C+,C,C-
2026,Rakim Chaney,Valparaiso,MVC,Freshman,B-,C+,B+,C+,B,C,C,C,B,B+,B,B,B-,A+,B,B+,B,B,B,A-,B-,B-,B+,B+,B-,C+,B+,B,B,C,B+,B,A-,B,C+
2026,Sader Servilus,Valparaiso,MVC,Freshman,B-,C+,B,B-,B,C+,C+,C+,B,B,B-,B-,B-,A+,B-,B,B,B-,B-,B,B-,B-,B-,B-,B-,C+,B-,B-,B-,C+,B,B-,B,B-,B-
2026,Shon Tupuola,Valparaiso,MVC,Junior,C+,C,B,C,B-,C-,D+,C-,B-,B,B-,B-,C+,A,B-,B,B-,B-,C+,B+,C+,C+,B,B-,B-,C,B,B-,B-,C-,B,B-,B+,C+,C
2026,Tucker Tornatta,Valparaiso,MVC,Sophomore,C-,C-,C,C-,C,D+,D+,D+,C,C,C-,C-,C-,C+,C-,C+,C,C-,D+,C+,C-,D+,C-,C-,D-,C-,C,C-,C,D+,C,C-,C+,C-,C-
2026,Chandler Bing,Vanderbilt,SEC,Freshman,B-,C+,B+,B-,B+,C,C,C+,B+,B+,B,B,B-,A,B,B+,B+,B,B,A-,B-,B-,B+,B,C,C+,B+,B,B,C+,B+,B+,A-,B,C+
2026,Coleson Messer,Vanderbilt,SEC,Junior,D-,D-,D-,D-,D-,D-,D-,D-,D-,D-,D-,D-,D-,F,F,F,D-,D-,F,D-,F,F,D-,F,F,D-,D-,D-,D-,D-,F,F,D-,F,F
2026,Mike James,Vanderbilt,SEC,Junior,C,C-,C+,C,C+,C-,C-,C-,C+,C+,C+,C,C,B,C-,C+,C+,C+,C-,C+,C,C-,C+,C,D+,C-,C+,C,C+,C-,C+,C,B-,C+,C
2026,Tyler Harris,Vanderbilt,SEC,Junior,B,C+,B+,B-,B+,C+,C+,C+,B+,B+,B,B,B-,A-,B+,A-,B+,B+,B,A-,B-,B-,A-,B+,C,B-,B+,B+,B+,C+,B+,B+,A,B,B-
2026,Tyler Tanner,Vanderbilt,SEC,Sophomore,A+,A+,A+,A+,A+,A+,A+,A+,A+,A+,A+,A+,A+,A+,A+,A+,A+,A+,A+,A+,A+,A+,A+,A+,A+,A+,A+,A+,A+,A+,A+,A+,A+,A+,A+
2026,Ahmad Nowell,VCU,A10,Sophomore,C+,C+,B-,B-,B-,C+,C+,C+,B-,B,B-,B-,C+,A+,C+,B,B,B-,C+,B,B-,B-,B-,B-,B-,C+,B-,B-,B-,C+,B-,B-,B,B-,C+
2026,Brandon Jennings,VCU,A10,Sophomore,B+,B,A,B+,A,B,B,B,A,A,A,A,A-,A+,A,A+,A,A,A-,A+,B+,A-,A,A,A-,B,A,A,A,B,A,A,A+,A-,B+
2026,Keyshawn Mitchell,VCU,A10,Junior,C,C,C+,C,C+,C,C-,C-,C+,C+,C+,C+,C,B,C,B-,B-,C+,C,B-,C+,C,C+,C+,D+,C,C+,C+,C+,C,C+,C+,B-,C+,C
2026,Lazar Djokovic,VCU,A10,Junior,A-,B,A+,A-,A,B+,B,B+,A,A+,A,A,A,A+,A,A+,A,A,A,A+,A-,A-,A+,A,B+,B+,A,A,A,B+,A+,A,A+,A,B+
2026,Michael Belle,VCU,A10,Junior,B+,B-,A,B+,A,B-,B-,B-,A,A,A-,A-,B+,A+,A-,A,A-,A-,B+,A,B+,B+,A,A,B,B,A,A-,A-,B-,A,A-,A+,A-,B
2026,Nyk Lewis,VCU,A10,Freshman,B+,B,A,B+,A,B,B,B,A,A,A,A,A-,A+,A,A+,A,A,A-,A+,B+,A-,A+,A,B+,B+,A,A,A,B,A,A,A+,A,B+
2026,Terrence Hill Jr.,VCU,A10,Sophomore,A,A-,A+,A,A+,A-,A-,A-,A+,A+,A+,A+,A+,A+,A+,A+,A+,A+,A+,A+,A,A+,A+,A+,A,A,A+,A+,A+,A,A+,A+,A+,A+,A
2026,Tyrell Ward,VCU,A10,Junior,B-,C+,B+,B-,B+,C,C,C,B,B+,B,B,B-,A+,B,B+,B,B,B,A-,B-,B-,B+,B,B-,C+,B+,B,B,C+,B+,B,A-,B,C+
2026,Ben Michaels,Vermont,AE,Sophomore,D,D,C-,D,D+,D-,D-,D-,D+,D+,D,D+,D+,C,D+,C-,D+,D+,D,C-,D,D,C-,D+,D-,D,D+,D+,C-,D,C-,D,C,D,D
2026,Ben Wesson,Vermont,AE,Sophomore,D,D+,C-,D,D+,D+,D,D,D+,C-,D+,D+,D+,D,D,C,C-,D+,D+,C-,D+,D+,D+,D+,F,D+,D+,D+,C-,D+,D+,D+,C,D+,D+
2026,David Simon,Vermont,AE,Sophomore,C+,C,B-,C+,C+,C,C,C,B-,B-,C+,C+,C+,B+,C+,B-,C+,C+,C,B-,C+,C,C+,C+,C-,C,B-,C+,B-,C,B-,C+,B,C+,C+
2026,Gus Yalden,Vermont,AE,Sophomore,B,C+,B+,B-,B+,C+,C+,C+,B+,B+,B+,B+,B,A+,B+,A-,B+,B+,B,A,B,B,A-,B+,B+,B-,A-,B+,B+,C+,B+,B+,A,B,B-
2026,Lucas Mari,Vermont,AE,Freshman,D,D,C-,D,C-,D,D,D,D+,C-,D+,D+,D+,C+,D+,C,D+,C-,D+,C,D,D,C-,D+,D,D,C-,D+,C-,D,C,D+,C+,D+,D
2026,Momo Nkugwa,Vermont,AE,Freshman,C-,D+,C+,C-,C+,D+,D+,D+,C+,C+,C,C,C-,B,C,B-,C+,C+,C,B-,C-,C-,C+,C+,D+,D+,C+,C,C+,D+,C+,C,B-,C,D+
2026,Noah Barnett,Vermont,AE,Junior,B-,C+,B+,C+,B,C,C,C,B,B+,B,B,B-,A-,B,A-,B,B,B-,A-,B-,B-,B+,B,C,C+,B+,B,B,C,B+,B,A-,B,C+
2026,Sean Blake,Vermont,AE,Sophomore,D+,D,C,D+,C,D,D,D,C,C,C-,C-,D+,B-,C-,C+,C,C-,C-,C+,D+,D+,C+,C,D,D,C,C-,C-,D,C+,C-,C+,D+,D+
2026,Sincere Clemons,Vermont,AE,Sophomore,F,F,F,F,F,F,F,F,F,F,F,F,F,F,F,F,F,F,F,F,F,F,F,F,F,F,F,F,F,F,F,F,F,F,F
2026,Acaden Lewis,Villanova,BE,Freshman,B+,B,A,B+,A,B,B,B,A,A,A,A,A-,A+,A,A,A,A,A-,A+,B+,A-,A,A,A-,B,A,A,A,B,A,A,A+,A-,B+
2026,Braden Pierce,Villanova,BE,Sophomore,B-,C+,B,C+,B,C+,C+,C+,B,B,B-,B-,C+,A+,B-,B,B,B-,B-,B,B-,B-,B-,B-,B-,B-,B-,B-,B,C+,B,B-,B,B-,B-
2026,Bryce Lindsay,Villanova,BE,Sophomore,B,B-,A,B,A-,B-,B-,B-,A-,A,A-,A-,B+,A+,A-,A,A-,A-,B+,A,B,B+,A,A-,B-,B-,A-,B+,A-,B-,A-,A-,A+,B+,B
2026,Christian Jeffrey,Villanova,BE,Freshman,B,B-,B+,B,B+,B,B,B,B+,B+,B+,B+,B,A+,B,B+,B+,B+,B,B+,B,B,B+,B+,A,B,B+,B+,B+,B,B+,B+,A-,B+,B
2026,Malachi Palmer,Villanova,BE,Sophomore,B-,C+,A-,B-,B+,C+,C+,C+,B+,B+,B+,B,B,A,B+,A,B+,B+,B,A,B-,B,A-,B+,B-,B-,B+,B,B+,C+,B+,B+,A,B,B-
2026,Matt Hodge,Villanova,BE,Sophomore,B,B-,A,B,A-,B-,B-,B-,A-,A,A-,B+,B+,A+,A-,A,A-,A-,B+,A,B,B+,A,A-,B,B,A,A-,B+,B-,A-,A-,A+,A-,B
2026,Tyler Perkins,Villanova,BE,Junior,A-,B+,A+,A-,A+,B+,B+,B+,A+,A+,A+,A,A,A+,A+,A+,A+,A+,A,A+,A,A,A+,A+,A,A-,A+,A+,A,B+,A+,A+,A+,A,A-
2026,Chance Mallory,Virginia,ACC,Freshman,A,A-,A+,A,A+,A-,A,A-,A+,A+,A+,A+,A+,A+,A+,A+,A+,A+,A+,A+,A,A,A+,A+,A+,A,A+,A+,A+,A-,A+,A+,A+,A+,A
2026,Johann Grünloh,Virginia,ACC,Freshman,B,B,B+,B,B+,B,B,B,B+,B+,B+,B+,B+,A+,B+,B+,B+,B+,B,A-,B,B,B+,B+,A,B,B+,B+,B+,B,B+,B+,A-,B+,B
2026,Owen Odom,Virginia,ACC,Freshman,B-,C+,B,C+,B-,C+,C+,C+,B,B,B-,B-,B-,A+,B-,B,B,B-,B-,B,B-,C+,B-,B-,B-,C+,B-,B-,B,C+,B,B-,B+,B-,C+
2026,Sam Lewis,Virginia,ACC,Junior,B+,B,A,B+,A,B,B,B,A,A,A,A,A-,A+,A,A+,A,A,A-,A+,B+,A-,A+,A,B+,B,A,A,A,B,A,A,A+,A,B+
2026,Thijs De Ridder,Virginia,ACC,Freshman,A,A-,A+,A,A+,A-,A-,A-,A+,A+,A+,A+,A+,A+,A+,A+,A+,A+,A+,A+,A,A,A+,A+,A,A,A+,A+,A+,A,A+,A+,A+,A+,A
2026,Amani Hansberry,Virginia Tech,ACC,Junior,A-,B+,A+,A-,A,B+,B+,B+,A+,A+,A,A,A,A+,A,A+,A,A+,A,A+,A-,A,A+,A,A,B+,A,A,A,B+,A+,A+,A+,A,A-
2026,Antonio Dorn,Virginia Tech,ACC,Freshman,C+,C,B-,C+,B-,C,C,C,B-,B-,C+,C+,C+,B+,C+,B-,B-,C+,C,B-,C+,C,C+,C+,C-,C+,C+,C+,B-,C,B-,C+,B,C+,C+
2026,Ben Hammond,Virginia Tech,ACC,Sophomore,A-,B,A+,A-,A,B,B,B,A,A+,A,A,A,A+,A,A+,A,A+,A,A+,A-,A,A+,A,A,B+,A,A,A,B+,A+,A,A+,A,B+
2026,Christian Gurdak,Virginia Tech,ACC,Freshman,B+,B-,A,B,A,B-,B-,B-,A,A,A-,A-,B+,A+,A,A,A,A-,B+,A,B+,B+,A,A-,B,B,A,A-,A-,B,A,A,A+,A-,B
2026,Izaiah Pasha,Virginia Tech,ACC,Sophomore,C-,D+,C,C-,C,C-,D+,D+,C,C,C,C-,C-,B-,C-,C+,C+,C,C-,C,C,C-,C,C-,D,C-,C,C-,C,C-,C,C,C+,C,C-
2026,Jaden Schutt,Virginia Tech,ACC,Junior,B,B-,A-,B,A-,C+,C+,C+,B+,A-,B+,B+,B,A+,B+,A,A-,B+,B,A,B,B,A-,B+,B-,B-,A-,B+,B+,C+,B+,A-,A,B+,B
2026,Neoklis Avdalas,Virginia Tech,ACC,Freshman,B,B-,A-,B,A-,C+,C+,C+,A-,A-,A-,B+,B,A,A-,A,B+,B+,B+,A,B,B,A-,B+,B-,B-,A-,B+,B+,C+,A-,A-,A,B+,B-
2026,Tyler Johnson,Virginia Tech,ACC,Sophomore,B,C+,A-,B-,B+,C+,C+,C+,B+,A-,B+,B+,B,A+,B+,A,B+,B+,B,A,B,B,A-,B+,B+,B-,A-,B+,B+,C+,B+,B+,A,B,B-
2026,AJ Clark,VMI,SC,Junior,D,D,D+,D,D+,D,D,D-,D+,C-,D+,D+,D+,B-,D+,C,D+,D+,D,C+,D,D,C-,D+,D,D,C-,D+,D+,D,C-,D+,C,D+,D
2026,Cal Liston,VMI,SC,Sophomore,D-,D-,D,D-,D,D-,D-,D-,D-,D,D-,D-,D-,D,D-,D,D,D,D-,D+,D-,D-,D,D-,F,D-,D,D-,D,D-,D,D-,D+,D-,D-
2026,Jaylen Pazon,VMI,SC,Sophomore,D,D,D+,D,D+,D,D,D,D+,D+,D+,D+,D+,D-,D,C-,D+,D+,D,C-,D,D,D+,D,F,D,D+,D,D+,D,D+,D,C-,D+,D
2026,Kaden Stuckey,VMI,SC,Sophomore,D-,D-,D-,D-,D-,D-,D-,D-,D-,D,D-,D-,D-,D-,D-,D,D,D,D-,D+,D-,D-,D,D-,F,D-,D,D-,D-,D-,D,D-,D,D-,D-
2026,Linus Holmstrom,VMI,SC,Sophomore,D,D,D+,D,D+,D-,D-,D-,D+,C-,D+,D+,D+,C+,D+,C,D+,D+,D,C,D,D,C-,D+,D,D,D+,D+,D+,D,C-,D+,C,D,D
2026,"Mario Tatum, Jr.",VMI,SC,Freshman,D-,D-,D,D-,D,D-,D-,D-,D,D+,D,D,D,D+,D,C-,D,D,D,D+,D-,D-,D+,D,D-,D-,D,D,D+,D-,D+,D,D+,D,D-
2026,Tan Yildizoglu,VMI,SC,Junior,D-,D-,D,D-,D-,D-,D-,D-,D-,D,D-,D-,D-,C-,D-,D+,D,D-,D-,D,D-,D-,D,D-,D-,D-,D,D-,D,D-,D,D-,D,D-,D-
2026,TJ Johnson,VMI,SC,Junior,D+,D,C-,D,C-,D,D,D,C-,C,C-,C-,D+,A-,C-,C+,C-,C-,D+,C+,D+,D+,C,C-,C,D,C,C-,C-,D,C,C-,C+,D+,D
2026,Walker Andrews,VMI,SC,Sophomore,D,D,D+,D,D+,D-,D-,D-,D+,C-,D+,D+,D,C,D,C,D+,D+,D,C-,D,D,C-,D+,D-,D,D+,D,D+,D-,D+,D,C,D,D
2026,Binael Basil,Wagner,NEC,Sophomore,C-,C-,C+,C-,C+,D+,D+,D+,C+,B-,C+,C+,C,B,C+,B,C+,C+,C,B,C-,C,B-,C+,D+,C-,B-,C+,C+,D+,B-,C+,B,C,C-
2026,Bryan Akanmu,Wagner,NEC,Junior,D,D,D+,D,D+,D,D-,D-,D+,C-,D+,D+,D,C+,D+,C,D+,D+,D,C,D,D,C-,D+,D-,D,C-,D+,D+,D,C-,D+,C,D+,D
2026,Eddie Placer,Wagner,NEC,Junior,D+,D+,C+,D+,C,D,D,D,C,C+,C-,C-,C-,B,C-,C+,C,C,C-,B-,D+,D+,C+,C,D+,D+,C+,C-,C,D,C+,C-,B-,C-,D+
2026,Elijah Brown,Wagner,NEC,Freshman,D,D+,D+,D+,D+,D+,D,D,D+,C-,D+,D+,D+,D,D+,C,C-,D+,D,C,D+,D+,D+,D+,D-,D+,D+,D+,D+,D,D+,D+,C,D+,D+
2026,John Awoke,Wagner,NEC,Junior,D,D,C-,D,C-,D-,D,D-,D+,C-,D+,D+,D+,C+,D+,C+,C-,D+,D+,C,D,D,C-,D+,D,D,C-,D+,C-,D,C-,D+,C+,D+,D
2026,Makhai Anderson,Wagner,NEC,Sophomore,C-,C-,C,C-,C,D+,D+,D+,C,C,C,C-,C-,C+,C-,C+,C,C,C-,C+,C-,C-,C,C-,D,C-,C,C,C,D+,C+,C-,C+,C,C-
2026,Michael Cooper,Wagner,NEC,Junior,C-,D+,C+,C-,C+,D,D,D,C+,C+,C,C,C-,B,C,B-,C+,C+,C-,B-,C-,C-,C+,C+,D+,D+,C+,C,C+,D+,B-,C,B-,C,D+
2026,Nick Jones,Wagner,NEC,Junior,C-,C-,B-,C-,C+,D+,D+,D+,B-,B-,C+,C+,C,B+,C+,B,C+,C+,C+,B,C,C,B-,B-,C,D+,B-,C+,C+,D+,B-,C+,B,C,C-
2026,Zavier Fitch,Wagner,NEC,Sophomore,C,C-,B-,C-,B-,D+,D+,D+,B-,B-,C+,C+,C,B,C+,B,C+,C+,C,B,C-,C,B-,B-,D+,C-,B-,C+,C+,D+,B-,C+,B,C+,C-
2026,Cooper Schwieger,Wake Forest,ACC,Junior,C+,C,B,C+,B,C-,C-,C,B,B,B,B-,C+,A,B-,B+,B,B-,B-,B+,C+,C+,B,B,C,C+,B,B,B,C,B,B,B+,B-,C+
2026,Isaac Carr,Wake Forest,ACC,Freshman,C,C-,C+,C,C+,C-,C-,C-,C+,C+,C+,C,C,B,C,B-,C+,C+,C,C+,C,C,C+,C,D+,C,C+,C,C+,C-,C+,C+,B-,C+,C
2026,Juke Harris,Wake Forest,ACC,Sophomore,A,B+,A+,A,A+,B+,B+,B+,A+,A+,A+,A,A,A+,A+,A+,A+,A+,A,A+,A,A,A+,A+,A,A-,A+,A+,A,A-,A+,A+,A+,A,A-
2026,Marqus Marion,Wake Forest,ACC,Junior,C+,C+,B-,C+,B-,C+,C+,C+,B-,B-,B-,B-,C+,A,C+,B,B,B-,C+,B,B-,C+,B-,B-,C+,C+,B-,B-,B-,C+,B,B-,B,B-,C+
2026,Myles Colvin,Wake Forest,ACC,Junior,B-,C+,B+,B-,B+,C+,C+,C+,B+,B+,B+,B,B,A+,B+,B+,B+,B+,B,A,B-,B,B+,B+,B-,C+,B+,B+,B+,C+,B+,B+,A,B,B-
2026,Omaha Biliew,Wake Forest,ACC,Junior,B-,C+,B,C+,B,C,C,C,B,B+,B,B,B-,A,B,B+,B,B,B-,B+,B-,B-,B+,B,C,C+,B+,B,B,C,B+,B,A-,B,C+
2026,Sebastian Akins,Wake Forest,ACC,Sophomore,C,C-,B-,C,B-,C-,D+,D+,B-,B,B-,B-,C+,B,C+,B,B-,B-,C+,B,C,C+,B,B-,D+,C-,B-,C+,B-,C-,B,B-,B+,C+,C
2026,Brandon Roy Jr,Washington,B10,Freshman,C,C,B-,C,C+,C,C-,C-,C+,C+,C+,C+,C,A-,C,B-,B-,C+,C,B-,C+,C,C+,C+,C,C,C+,C+,B-,C,C+,C+,B,C+,C
2026,Bryson Tucker,Washington,B10,Sophomore,B-,C+,B,C+,B,C,C,C,B,B+,B,B-,B-,A,B,B+,B,B,B-,A-,C+,B-,B+,B,C,C+,B+,B,B,C,B+,B,A-,B,C+
2026,Courtland Muldrew,Washington,B10,Freshman,C+,C,B-,C+,C+,C,C,C,C+,B-,C+,C+,C+,A-,C+,B-,B-,C+,C+,B-,C+,C,C+,C+,C,C+,B-,C+,B-,C,B-,C+,B-,C+,C+
2026,Hannes Steinbach,Washington,B10,Freshman,A+,A,A+,A+,A+,A,A,A+,A+,A+,A+,A+,A+,A+,A+,A+,A+,A+,A+,A+,A+,A+,A+,A+,A+,A,A+,A+,A+,A,A+,A+,A+,A+,A+
2026,JJ Mandaquit,Washington,B10,Freshman,B-,C+,B+,B-,B+,C+,C,C+,B+,B+,B+,B+,B,A,B,B+,B+,B+,B,A,B-,B,A-,B+,C+,C+,B+,B,B+,C+,B+,B+,A,B,B-
2026,Lathan Sommerville,Washington,B10,Sophomore,C,C,C+,C-,C+,C-,C-,C-,C+,C+,C,C,C,B-,C,C+,C+,C+,C-,C+,C,C-,C,C+,D,C-,C+,C,C+,C-,C+,C,B-,C+,C-
2026,Nikola Dzepina,Washington,B10,Freshman,C+,C+,B-,C+,B-,C+,C,C+,B-,B-,B-,B-,C+,A,C+,B,B,B-,C+,B-,B-,C+,B-,B-,B-,C+,B-,B-,B-,C+,B-,B-,B,B-,C+
2026,Wesley Yates III,Washington,B10,Sophomore,B-,C+,B+,B-,B+,C,C,C+,B+,B+,B,B,B,A,B,B+,B+,B,B,A-,B-,B,B+,B+,B-,C+,B+,B,B,C+,B+,B+,A-,B,B-
2026,Zoom Diallo,Washington,B10,Sophomore,A-,B+,A+,A-,A+,B+,B+,B+,A+,A+,A+,A,A,A+,A,A+,A+,A+,A,A+,A,A,A+,A+,B+,B+,A,A,A,B+,A+,A+,A+,A,A-
2026,Ace Glass lll,Washington St.,WCC,Freshman,B-,C+,A-,B-,B+,C+,C+,C+,B+,A-,B+,B+,B,A,B+,A-,B+,B+,B,A,B-,B,A-,B+,B-,B-,B+,B+,B+,C+,B+,B+,A,B,B-
2026,Dio Blakely,Washington St.,WCC,Freshman,B-,C+,B,C+,B-,C+,C+,C+,B,B,B,B-,B-,A+,B-,B,B,B-,B-,B,B-,B-,B-,B,B,C+,B-,B-,B,C+,B,B-,B+,B,B-
2026,Eemeli Yalaho,Washington St.,WCC,Junior,C+,C,B,C+,B,C,C-,C,B,B,B,B-,B-,A,B,B+,B,B,B-,B+,C+,C+,B,B,B-,C+,B,B,B,C,B,B,B+,B-,C+
2026,Jerone Morton,Washington St.,WCC,Junior,C+,C,B,C+,B,C-,C-,C-,B,B,B-,B-,C+,A,B-,B+,B,B-,B-,B+,C+,C+,B+,B,C,C,B,B-,B-,C,B,B,B+,B-,C+
2026,ND Okafor,Washington St.,WCC,Junior,B-,C,B,C+,B,C,C-,C,B,B,B,B,B-,A-,B,B+,B,B,B-,B+,C+,B-,B+,B,C,C+,B+,B,B,C,B+,B,A-,B-,C+
2026,Parker Gerrits,Washington St.,WCC,Sophomore,C+,C,B-,C+,C+,C+,C,C,B-,B-,B-,B-,C+,A,C+,B-,B-,C+,C+,B-,C+,C+,B-,C+,C,C+,B-,C+,B-,C,B-,B-,B,C+,C+
2026,Rihards Vavers,Washington St.,WCC,Junior,B,B-,A-,B,A-,C+,C+,C+,A-,A-,B+,B+,B,A+,A-,A,B+,B+,B,A,B,B,A-,A-,B+,B-,A-,B+,B+,B-,A-,A-,A,B+,B
2026,Tomas Thrastarson,Washington St.,WCC,Sophomore,C+,C,B,C+,B,C,C-,C,B,B,B,B-,B-,A-,B,B+,B,B,B-,B+,C+,C+,B+,B,C,C+,B,B,B,C,B+,B,A-,B-,C+
2026,ArDarius Grayson,Weber St.,BSky,Freshman,D+,D,C,D,C-,D,D,D,C-,C,C-,C-,D+,C+,C-,C+,C-,C-,D+,C+,D+,D+,C,C-,D,D,C,D+,C,D,C,C-,C+,D+,D
2026,Bourgeois Tshilobo,Weber St.,BSky,Freshman,D+,D+,C-,D+,C-,D+,D+,D+,D+,C-,D+,C-,D+,D+,D+,C,C,C-,D+,C,D+,D+,D+,D+,D-,D+,C-,D+,C-,D+,D+,D+,C,D+,D+
2026,Brady Smith,Weber St.,BSky,Junior,D+,D+,D+,D,D+,D,D,D,D+,D+,D+,D+,D+,D-,D,C-,C-,D+,D,C-,D+,D,D+,D,F,D,D+,D,D+,D,D+,D,C-,D+,D
2026,David Hansen,Weber St.,BSky,Freshman,D+,C-,C,C-,C,D+,D+,D+,C,C,C-,C-,C-,C+,C-,C+,C+,C,D+,C,C-,D+,C-,C-,D,C-,C,C-,C,D+,C,C-,C+,C-,C-
2026,Declan Cutler,Weber St.,BSky,Sophomore,C,C,C+,C,C+,C-,C-,C-,C+,C+,C,C+,C,B,C+,C+,C+,C+,C,B-,C,C-,C+,C,D,C,C+,C+,C+,C-,C+,C,B-,C+,C
2026,Duce Paschal,Weber St.,BSky,Freshman,C-,D+,C+,C-,C+,D+,D+,D+,C+,C+,C,C,C,B-,C,B-,C+,C+,C,B-,C-,C-,B-,C+,D,D+,C+,C,C+,D+,B-,C+,B,C,C-
2026,Edwin Suarez Jr.,Weber St.,BSky,Junior,C-,D+,C+,C-,C+,D+,D+,D+,C+,C+,C+,C+,C,B+,C+,B,C+,C+,C,B,C-,C,B-,C+,C-,D+,B-,C+,C+,D+,B-,C+,B,C,C-
2026,Jace Whiting,Weber St.,BSky,Junior,C,C-,B-,C-,B-,D+,D+,D+,B-,B-,C+,C+,C+,B+,C+,B,B-,B-,C+,B,C,C+,B-,B-,C,C-,B-,C+,C+,D+,B,C+,B,C+,C
2026,Malek Gomma,Weber St.,BSky,Junior,C+,C,B,C+,B,C-,C-,C-,B,B,B-,B-,C+,B,B-,B+,B,B-,C+,B+,C+,C+,B,B,D+,C,B,B-,B-,C-,B,B-,B+,B-,C
2026,Tijan Saine Jr.,Weber St.,BSky,Junior,B-,C+,B+,B-,B+,C+,C+,C+,B+,A-,B+,B+,B,A+,B+,B+,B+,B+,B,A,B-,B,A-,B+,B,C+,B+,B+,B+,C+,B+,B+,A,B,B-
2026,Trevor Hennig,Weber St.,BSky,Sophomore,D+,D+,C,D+,C+,D,D,D,C,C+,C,C,C-,B,C-,B-,C,C,C-,B-,D+,C-,C+,C,D,D+,C+,C-,C,D+,C+,C,B-,C-,D+
2026,Viljami Vartiainen,Weber St.,BSky,Junior,B-,C+,B+,B-,B+,C,C,C,B+,B+,B,B,B-,A+,B,A-,B,B,B,A-,B-,B-,B+,B+,B-,C+,B+,B,B,C,B+,B,A-,B,B-
2026,Abdulai Fanta Kabba,Western Carolina,SC,Sophomore,C-,D+,C+,D+,C+,D+,D,D+,C+,C+,C,C,C,B+,C,B-,C+,C+,C,B,C-,C-,B-,C+,C-,D+,B-,C+,C+,D+,B-,C+,B-,C,C-
2026,CJ Hyland,Western Carolina,SC,Sophomore,D+,D+,C-,C-,C-,D+,D+,D+,C-,C,C-,C-,C-,C+,D+,C+,C,C-,D+,C,C-,C-,C-,C-,D-,C-,C-,C-,C,D+,C-,C-,C+,C-,C-
2026,Justin Johnson,Western Carolina,SC,Sophomore,D+,D,C,D+,C,D,D,D,C-,C,C-,C-,D+,B-,C-,C+,C,C-,C-,C+,D+,D+,C,C-,D,D,C,C-,C,D,C+,C-,C+,C-,D+
2026,Samuel Dada,Western Carolina,SC,Freshman,B-,C+,B+,B-,B+,C+,C,C+,B+,B+,B,B,B,A+,B+,A-,B+,B+,B,A-,B-,B-,B+,B+,B-,C+,B+,B+,B,C+,B+,B+,A-,B,B-
2026,Tahlan Pettway,Western Carolina,SC,Freshman,B-,C,B+,C+,B,C,C,C,B,B+,B,B,B-,A,B,B+,B,B,B,A-,B-,B-,B+,B+,C+,C+,B+,B,B,C,B+,B,A-,B-,C+
2026,Tayeshaun Smith,Western Carolina,SC,Freshman,C-,D+,C,C-,C-,D+,D+,D+,C,C,C-,C-,C-,C+,D+,C+,C,C,D+,C,C-,C-,C,C-,D,C-,C,C-,C,D+,C,C-,B-,C,C-
2026,Danny Stephens,Western Illinois,OVC,Freshman,D+,D+,C-,D+,C-,D+,D+,D,C-,C-,C-,D+,D+,D+,D+,C,C-,D+,D+,C,D+,D+,D+,D+,D-,D+,C-,D+,C-,D+,C-,D+,C,C-,D+
2026,Ifiok Peter,Western Illinois,OVC,Junior,D+,D+,D+,D,D+,D,D,D,D+,C-,D+,D+,D+,D,D+,C,C-,D+,D,C-,D+,D,D+,D+,F,D+,D+,D+,C-,D+,D+,D+,C,D+,D+
2026,Lucas Lorenzen,Western Illinois,OVC,Junior,D,D,D,D-,D,D-,D-,D-,D,D+,D,D,D,B-,D,C-,D,D,D,C-,D-,D,D+,D,D,D-,D+,D,D+,D-,D+,D,C-,D,D-
2026,Makai Kvamme,Western Illinois,OVC,Freshman,D-,D-,D,D-,D,D-,D-,D-,D-,D,D,D,D-,D+,D-,D+,D,D,D-,D,D-,D-,D,D-,D-,D-,D,D-,D,D-,D,D-,D+,D-,D-
2026,Marcus Pigram,Western Illinois,OVC,Freshman,D,D,D,D,D,D,D,D,D,D,D,D,D,F,D,D+,D+,D,D,D,D,D,D,D,F,D,D,D,D,D,D,D,D+,D,D
2026,Tyran Cook,Western Illinois,OVC,Sophomore,D-,D-,D-,D-,D-,D-,D-,D-,D-,D-,D-,D-,D-,D,D-,D,D,D-,D-,D,F,D-,D,D-,F,D-,D-,D-,D-,D-,D-,D-,D,D-,D-
2026,Armelo Boone,Western Kentucky,CUSA,Freshman,C-,D+,C+,C-,C+,D+,D+,D+,C+,C+,C,C+,C,A-,C,B-,C+,C+,C,B,C-,C-,B-,C+,C,D+,C+,C+,C+,D+,B-,C+,B,C,C-
2026,Cade Stinnett,Western Kentucky,CUSA,Junior,D+,C-,C+,C-,C,C-,D+,D+,C,C,C-,C-,C-,C+,C-,C+,C+,C,C-,C,C-,D+,C-,C-,D,C-,C-,C,C,D+,C,C-,C+,C-,C-
2026,Jack Edelen,Western Kentucky,CUSA,Junior,C-,C-,C,C-,C,D+,D+,D+,C-,C,C,C-,C-,C+,C-,C+,C,C-,C-,C,C-,C-,C-,C-,D,C-,C,C-,C,D+,C-,C-,C+,C,C-
2026,Kade Unseld,Western Kentucky,CUSA,Freshman,C-,C-,C+,C-,C,C-,D+,D+,C,C,C,C-,C-,B-,C-,C+,C+,C,C-,C+,C-,C-,C,C,D,C-,C,C-,C,C-,C+,C-,C+,C,C-
2026,LJ Hackman,Western Kentucky,CUSA,Junior,C+,C,B,C+,B,C-,C-,C,B,B,B,B-,B-,A,B,B+,B,B,B-,B+,C+,B-,B+,B,C,C,B,B-,B,C,B,B,A-,B-,C+
2026,Teagan Moore,Western Kentucky,CUSA,Sophomore,A,A-,A+,A,A+,A-,A-,A-,A+,A+,A+,A+,A,A+,A+,A+,A+,A+,A+,A+,A,A,A+,A+,A,A,A+,A+,A+,A-,A+,A+,A+,A+,A
2026,Brady Swartz,Western Michigan,MAC,Freshman,C-,D+,C+,C-,C+,D+,D+,D+,C+,C+,C,C,C-,B,C,B-,C+,C+,C,B,C-,C-,B-,C+,D+,D+,B-,C+,C+,D+,B-,C+,B,C,C-
2026,Carson Vis,Western Michigan,MAC,Freshman,D+,D+,C,D+,C+,D,D,D,C,C+,C,C-,C-,B+,C,B-,C,C,C-,B-,D+,C-,C+,C,C,D+,C+,C-,C,D,C+,C,B-,C-,D+
2026,EJ Ryans,Western Michigan,MAC,Sophomore,D+,D,C,D+,C,D,D,D,C-,C,C-,C-,D+,C+,C-,C+,C,C-,D+,C+,D+,D+,C,C-,D,D,C,D+,C,D,C+,C-,C+,D+,D+
2026,Hudson Ward,Western Michigan,MAC,Sophomore,C+,C+,B-,C+,B-,C,C,C,B-,B-,C+,C+,C+,A,C+,B-,B-,C+,C+,B,C+,C+,B-,C+,C,C+,B-,C+,B-,C,B-,C+,B,B-,C+
2026,Jalen Griffith,Western Michigan,MAC,Junior,C,C-,B-,C-,B-,D+,D+,D+,B-,B-,C+,C+,C,A-,C+,B,B-,B-,C+,B,C,C,B-,B-,C,C-,B-,C+,C+,D+,B-,C+,B,C+,C-
2026,Max Burton,Western Michigan,MAC,Junior,D+,D+,C,D+,C,D,D,D,C-,C,C-,C-,D+,B,C-,C+,C,C-,D+,C+,D+,D+,C,C-,D,D,C+,C-,C,D,C+,C-,C+,C-,D+
2026,Michael Sulaka,Western Michigan,MAC,Sophomore,C-,C-,C+,C-,C+,C-,C-,C-,C+,C+,C,C,C-,B-,C,C+,C+,C,C-,C+,C,C-,C,C,D,C-,C+,C,C+,C-,C+,C,B-,C,C-
2026,Sharod Barnes,Western Michigan,MAC,Freshman,D-,D-,D,D-,D,D-,D-,D-,D,D,D,D,D,D+,D-,D+,D,D,D-,D+,D-,D-,D,D-,D-,D-,D,D-,D,D-,D,D-,D+,D-,D-
2026,Trey Lewis,Western Michigan,MAC,Junior,C,C-,B-,C,B-,D+,D+,D+,B-,B-,C+,C+,C,A-,C+,B,B-,C+,C,B,C,C,B-,B-,C,C-,B-,C+,C+,D+,B,C+,B,C+,C-
2026,Brady Hardewig,West Georgia,ASun,Sophomore,D+,D,C-,D,C-,D,D,D,C-,C,C-,D+,D+,C+,D+,C+,C-,C-,D+,C,D,D+,C,D+,D,D,C,D+,C-,D,C,C-,C+,D+,D
2026,Chas Lewless,West Georgia,ASun,Freshman,C,C,C+,C,C+,C,C,C-,C+,C+,C+,C+,C,B,C,B-,C+,C+,C,B-,C+,C,C+,C+,D+,C,C+,C,C+,C,C+,C+,B-,C+,C
2026,JaVar Daniel,West Georgia,ASun,Junior,B-,C,B,C+,B,C,C-,C,B,B,B,B,B-,A+,B,B+,B,B,B-,A-,C+,B-,B+,B,B-,C+,B+,B,B,C,B+,B,A-,B-,C+
2026,Josh Smith,West Georgia,ASun,Junior,D+,D+,C+,D+,C,D,D,D,C,C+,C,C,C-,B,C-,B-,C,C,C-,B-,D+,C-,C+,C,D+,D+,C+,C-,C,D,C+,C,B-,C-,D+
2026,Kenneth Chime,West Georgia,ASun,Sophomore,C-,D+,C+,C-,C+,D+,D+,D+,C+,B-,C+,C+,C,B+,C+,B,C+,C+,C,B,C-,C,B-,C+,D+,D+,B-,C+,C+,D+,B-,C+,B,C+,C-
2026,Xavier Shegog,West Georgia,ASun,Sophomore,D+,D+,D+,D+,D+,D,D,D,D+,C-,D+,D+,D+,D,D+,C,C-,D+,D,C-,D+,D,D+,D+,F,D+,D+,D+,C-,D,D+,D+,C,D+,D+
2026,Amir Jenkins,West Virginia,B12,Freshman,C+,C,B,C+,B,C-,C-,C-,B,B,B,B-,B-,A-,B-,B+,B,B,B-,B+,C+,B-,B+,B,C,C,B,B-,B,C,B,B,A-,B-,C+
2026,DJ Thomas,West Virginia,B12,Freshman,B,C+,B+,B-,B+,C+,C+,C+,B+,B+,B+,B+,B,A+,B+,A-,B+,B+,B,A-,B-,B,B+,B+,B-,B-,B+,B+,B+,C+,B+,B+,A,B,B-
2026,Morris Ugusuk,West Virginia,B12,Junior,C,C-,C+,C-,C+,C-,D+,C-,C,C+,C,C,C,B,C-,C+,C+,C,C,C+,C,C-,C+,C,D,C-,C,C,C+,C-,C+,C,B-,C,C
2026,Niyol Hauet,West Virginia,B12,Freshman,D-,D-,D-,D-,D-,D-,D-,D-,D-,D-,D-,D-,D-,F,F,D-,D,D-,D-,D-,D-,D-,D-,D-,F,D-,D-,D-,D-,D-,D-,D-,D,D-,D-
2026,Brian Amuneke,Wichita St.,Amer,Sophomore,C,C,C+,C,C+,C-,C-,C-,C+,C+,C+,C,C,B+,C,B-,C+,C+,C,C+,C,C,C+,C+,C-,C,C+,C,C+,C-,C+,C+,B-,C+,C
2026,Dillon Battie,Wichita St.,Amer,Sophomore,B+,B,A,B+,A,B-,B-,B,A,A,A,A-,B+,A+,A,A,A-,A,A-,A+,B+,B+,A,A,A-,B,A,A-,A-,B,A,A,A+,A-,B
2026,Dre Kindell,Wichita St.,Amer,Junior,B-,C+,B+,B-,B+,C+,C+,C+,B+,B+,B+,B,B,A,B,A-,B+,B+,B,A-,B-,B,A-,B+,C+,C+,B+,B,B+,C+,B+,B+,A,B,B-
2026,Jaret Valencia,Wichita St.,Amer,Junior,C,C-,C+,C,C+,C-,C-,C-,C+,C+,C,C,C,B,C,C+,C+,C,C-,C+,C,C,C+,C,D+,C-,C+,C,C+,C-,C+,C,B-,C,C
2026,TJ Williams,Wichita St.,Amer,Freshman,B-,C+,B+,B-,B+,C+,C+,C+,B+,B+,B+,B+,B,A+,B+,A-,B+,B+,B,A,B-,B,A-,B+,B-,B-,A-,B+,B+,C+,B+,B+,A,B,B-
2026,Will Berg,Wichita St.,Amer,Junior,A-,B,A+,B+,A,B,B,B,A,A,A,A,A,A+,A,A+,A,A,A-,A+,A-,A-,A+,A,B+,B+,A,A,A,B,A,A,A+,A,B+
2026,Kilian Brockhoff,William & Mary,CAA,Junior,D+,D+,C+,D+,C+,D,D,D,C,C+,C,C,C-,B,C,B-,C,C,C,B-,D+,C-,C+,C+,D+,D+,C+,C,C+,D+,C+,C,B-,C-,D+
2026,Reese Miller,William & Mary,CAA,Junior,C-,C-,C+,C-,C+,D+,D+,D+,C+,B-,C+,C+,C,B+,C+,B,C+,C+,C,B,C-,C,B-,C+,C-,D+,B-,C+,C+,D+,B-,C+,B,C,C-
2026,"Ryan Jackson, Jr.",William & Mary,CAA,Sophomore,B-,C+,B+,B-,B+,C,C,C,B+,B+,B,B,B-,A,B,A-,B+,B,B-,A-,B-,B-,B+,B+,C,C+,B+,B,B,C,B+,B,A-,B,B-
2026,Tunde Vahlberg Fasasi,William & Mary,CAA,Junior,B-,C+,B+,B-,B+,C+,C+,C+,B+,B+,B+,B,B,A+,B+,A-,B+,B+,B,A,B-,B,B+,B+,B,C+,B+,B+,B+,C+,B+,B+,A,B,B-
2026,Henry Harrison,Winthrop,BSth,Junior,D-,D-,F,F,F,F,F,F,F,F,F,F,F,F,F,F,D-,F,F,F,F,F,F,F,F,F,F,F,F,F,F,F,F,F,F
2026,Seifeldin Hendawy,Winthrop,BSth,Sophomore,C,C-,B-,C-,B-,D+,D+,D+,C+,B-,C+,C+,C,B,C+,B,B-,C+,C+,B,C-,C,B-,C+,D,C-,B-,C+,C+,D+,B,C+,B,C+,C-
2026,Tai Hamilton,Winthrop,BSth,Junior,C-,C-,C,C-,C,C-,D+,D+,C,C,C-,C-,C,C+,C,C+,C,C,C-,C+,C-,C-,C,C,D-,C-,C,C,C+,C-,C+,C-,C+,C,C-
2026,Aleksas Bieliauskas,Wisconsin,B10,Freshman,B-,C+,B+,B-,B+,C,C,C+,B+,B+,B,B,B-,A,B+,A-,B+,B,B,A-,B-,B-,B+,B+,C+,C+,B+,B,B,C+,B+,B+,A,B,B-
2026,Austin Rapp,Wisconsin,B10,Sophomore,B+,B,A,B+,A,B,B,B,A,A,A,A,A-,A+,A,A+,A,A,A-,A+,B+,A-,A+,A,A-,B+,A,A,A,B,A,A,A+,A,B+
2026,Hayden Jones,Wisconsin,B10,Freshman,C,C-,C+,C,C+,C-,C-,C-,C+,C+,C,C+,C,B+,C,B-,C+,C+,C,B-,C,C,C+,C+,C-,C,C+,C+,C+,C-,C+,C+,B-,C+,C
2026,Jack Janicki,Wisconsin,B10,Sophomore,C+,C,B,C+,B,C-,C-,C-,B,B,B-,B-,C+,A,B-,B,B-,B-,B-,B+,C+,C+,B,B-,C,C,B,B-,B-,C-,B,B-,B+,B-,C+
2026,John Blackwell,Wisconsin,B10,Junior,A,A-,A+,A,A+,A-,A-,A-,A+,A+,A+,A+,A+,A+,A+,A+,A+,A+,A+,A+,A,A,A+,A+,A,A,A+,A+,A+,A-,A+,A+,A+,A+,A
2026,Nolan Winter,Wisconsin,B10,Junior,A,A-,A+,A,A+,A-,A-,A-,A+,A+,A+,A+,A+,A+,A+,A+,A+,A+,A+,A+,A,A,A+,A+,A+,A,A+,A+,A+,A-,A+,A+,A+,A+,A
2026,Will Garlock,Wisconsin,B10,Freshman,C+,C,B-,C,B-,C,C-,C,B-,B-,C+,C+,C,A-,C+,B-,B-,C+,C,B-,C+,C+,C+,C+,C,C,C+,C+,B-,C,C+,C+,B,C+,C+
2026,Brendan Rigsbee,Wofford,SC,Junior,D+,D,C,D,C-,D,D,D,C-,C,C-,D+,D+,C+,D+,C+,C-,C-,D+,C+,D,D+,C,C-,D,D,C,D+,C-,D,C,C-,C+,D+,D
2026,Brian Sumpter,Wofford,SC,Freshman,D+,D+,C,D+,C,D,D,D,C,C,C-,C-,D+,B,C,C+,C,C,C-,B-,D+,D+,C+,C,D+,D+,C+,C,C,D,C+,C-,B-,C-,D+
2026,Cayden Vasko,Wofford,SC,Junior,C,C-,B,C,B-,C-,D+,C-,B-,B,B-,B-,C+,A-,B-,B+,B-,B-,B-,B+,C+,C+,B,B,C,C,B,B-,B-,C-,B,B-,B+,C+,C
2026,Chace Watley,Wofford,SC,Freshman,D,D,D+,D,D+,D-,D-,D-,D+,C-,D+,D+,D+,C+,D+,C,D+,D+,D,C,D,D,C-,D+,D,D,D+,D,C-,D,C-,D,C,D,D
2026,Grayson Collins,Wofford,SC,Sophomore,D,D,D,D,D,D,D,D,D,D+,D,D,D,F,D-,D+,D+,D,D,D+,D,D,D,D,F,D,D,D,D,D,D,D,D+,D,D
2026,Jayden Tyler,Wofford,SC,Freshman,D+,D,C-,D,C-,D,D,D,C-,C,C-,D+,D+,C+,D+,C+,C-,C-,D+,C,D,D+,C,C-,D,D,C,D+,C-,D,C,C-,C+,D+,D
2026,Kahmare Holmes,Wofford,SC,Sophomore,B-,C+,B+,B-,B,C,C,C+,B+,B+,B,B,B,A+,B,A-,B,B,B,A-,B-,B-,B+,B+,B+,C+,B+,B,B,C+,B+,B+,A-,B,B-
2026,Luke Flynn,Wofford,SC,Sophomore,D+,D+,C+,D+,C+,D,D,D,C,C+,C,C,C-,B-,C,B-,C+,C+,C-,B-,D+,C-,C+,C,D,D+,C+,C,C,D+,C+,C,B-,C,D+
2026,Maximo Ortega,Wofford,SC,Freshman,D+,D+,C-,D+,C-,D+,D+,D,C-,C-,C-,C-,D+,C-,D+,C,C,C-,D+,C,D+,D+,C-,D+,D-,D+,C-,D+,C-,D+,C-,C-,C,C-,D+
2026,Nils Machowski,Wofford,SC,Junior,C+,C-,B-,C,B,C-,D+,C-,B,B,B-,B-,C+,A,B-,B+,B-,B-,C+,B+,C+,C+,B,B,C+,C,B,B-,B-,C-,B,B-,B+,C+,C
2026,Rex Stirling,Wofford,SC,Junior,D+,D+,C,D+,C+,D,D,D,C,C+,C-,C-,D+,C+,C-,B-,C,C,C-,B-,D+,D+,C+,C,D,D+,C+,C,C,D,C+,C,B-,C-,D+
2026,Andrea Holden,Wright St.,Horz,Sophomore,C+,C+,B,C+,B,C,C-,C,B,B,B,B-,B-,A,B,B+,B,B,B-,A-,C+,B-,B+,B,C+,C+,B+,B,B,C,B+,B,A-,B-,C+
2026,Dominic Pangonis,Wright St.,Horz,Sophomore,C+,C,B,C+,B,C-,D+,C-,B,B,B-,B-,C+,B+,B-,B+,B,B-,C+,B+,C+,C+,B,B,C-,C,B,B-,B-,C-,B,B-,B+,B-,C+
2026,Kellen Pickett,Wright St.,Horz,Freshman,B-,C,B+,C+,B,C,C,C,B,B,B,B,B-,A,B,B+,B,B,B-,A-,B-,B-,B+,B,B-,C+,B+,B,B,C,B+,B,A-,B,C+
2026,Logan Woods,Wright St.,Horz,Junior,C-,D+,C+,C-,C+,D+,D,D,C+,C+,C,C,C-,B,C,B-,C+,C+,C,B-,C-,C-,B-,C+,D+,D+,C+,C,C+,D+,B-,C+,B,C,D+
2026,Michael Cooper,Wright St.,Horz,Freshman,B-,C+,B+,B-,B+,C,C,C,B+,B+,B,B,B-,A,B,A-,B+,B,B,A-,B-,B,B+,B+,B-,C+,B+,B,B,C+,B+,B+,A-,B,B-
2026,Solomon Callaghan,Wright St.,Horz,Sophomore,C+,C-,B,C,B,C-,D+,D+,B-,B,B-,B-,C+,A-,C+,B,B-,B-,C+,B+,C+,C+,B,B-,C,C,B,B-,B-,C-,B,B-,B+,B-,C
2026,TJ Burch,Wright St.,Horz,Sophomore,B,C+,A-,B-,B+,C+,C+,C+,B+,A-,B+,B+,B,A+,B+,A-,B+,B+,B+,A,B,B,A-,B+,B+,B-,A-,B+,B+,C+,A-,B+,A,B,B-
2026,Abou Magassa,Wyoming,MWC,Sophomore,C,C-,C+,C-,C+,C-,C-,C-,C,C+,C,C,C,B-,C,C+,C+,C+,C-,B-,C,C-,C,C,D,C,C+,C+,C+,C-,C+,C,B-,C,C
2026,Adam Harakow,Wyoming,MWC,Junior,B-,C+,B+,B-,B,C,C,C,B,B+,B,B,B-,A,B,A-,B,B,B-,A-,B-,B-,B+,B,C+,C+,B+,B,B,C,B+,B,A-,B,C+
2026,Damarion Dennis,Wyoming,MWC,Sophomore,B+,B,A,B+,A,B,B,B,A,A,A,A,A-,A+,A,A+,A,A,A-,A+,B+,A-,A,A,A,B,A,A,A,B,A,A,A+,A-,B+
2026,Gavin Gores,Wyoming,MWC,Freshman,B-,C+,B+,B-,B+,C,C,C,B+,B+,B,B,B-,A,B,A-,B+,B,B-,A-,B-,B-,B+,B+,C,C+,B+,B,B,C+,B+,B,A-,B,C+
2026,Jared Harris,Wyoming,MWC,Sophomore,B-,C+,B,B-,B-,C+,C+,C+,B,B,B,B-,B-,A+,B-,B,B,B-,B-,B,B-,B-,B-,B-,B,C+,B-,B,B-,C+,B,B-,B+,B-,B-
2026,Khaden Bennett,Wyoming,MWC,Junior,B,B-,A,B,A-,B-,B-,B-,A-,A,A-,A-,B+,A+,A-,A,A-,A-,A-,A,B,B+,A,A-,B+,B,A,A-,A-,B-,A,A-,A+,A-,B
2026,Nasir Meyer,Wyoming,MWC,Freshman,B,B-,A,B,A-,B-,B-,B-,A-,A,A-,A-,B+,A+,A-,A,A-,A-,B+,A,B,B+,A,A-,B+,B-,A-,A-,B+,B-,A,A-,A+,B+,B
2026,Simm Saadi,Wyoming,MWC,Freshman,C-,C-,C+,C,C,C-,C-,C-,C,C+,C,C,C,B,C-,C+,C+,C,C-,C+,C,C-,C,C,D,C-,C,C,C+,C-,C+,C,B-,C,C
2026,Uriyah Rojas,Wyoming,MWC,Junior,B-,C+,B+,B-,B+,C+,C,C+,B+,B+,B+,B,B-,A,B,A-,B+,B+,B,A-,B-,B,B+,B+,C+,C+,B+,B,B+,C+,B+,B+,A-,B,B-
2026,All Wright,Xavier,BE,Sophomore,B-,C+,B+,B-,B,C,C,C,B,B+,B,B,B-,A,B,B+,B,B,B,A-,B-,B-,B+,B,C,C+,B+,B,B,C,B+,B,A-,B,C+
2026,Anthony Robinson,Xavier,BE,Sophomore,C+,C,B,C+,B,C-,C-,C,B,B,B-,B-,C+,B,B,B+,B,B,B-,B+,C+,C+,B+,B,D+,C,B,B,B,C,B,B,B+,B-,C+
2026,Henry Thole,Xavier,BE,Sophomore,C+,C,B-,C+,B-,C,C-,C,B-,B-,C+,C+,C,A,C+,B-,B-,C+,C,B-,C+,C+,B-,C+,C+,C+,C+,C+,C+,C,B-,B-,B,B-,C+
2026,Jovan Milicevic,Xavier,BE,Sophomore,B-,C+,B+,B-,B+,C+,C,C+,B+,B+,B+,B,B,A,B+,A-,B+,B+,B,A-,B-,B,B+,B+,B-,C+,B+,B+,B+,C+,B+,B+,A,B,B-
2026,Pape N'Diaye,Xavier,BE,Sophomore,B-,C+,B,C+,B,C+,C+,C+,B,B,B-,B-,B-,A,B-,B,B,B-,C+,B,B-,C+,B-,B-,B-,C+,B-,B-,B-,C+,B,B-,B+,B-,B-
2026,Isaac Celiscar,Yale,Ivy,Sophomore,B+,B,A+,B+,A,B,B,B,A,A+,A,A,A,A+,A,A+,A,A,A,A+,A-,A-,A+,A,A-,B+,A,A,A,B,A,A,A+,A,B+
2026,Jack Sullivan,Yale,Ivy,Freshman,C,C,B-,C,C+,C,C,C-,B-,C+,C+,C+,C,B+,C,B-,B-,C+,C,B-,C+,C,C+,C+,C-,C,C+,C+,C+,C,B-,C+,B-,C+,C+
2026,Jordan Brathwaite,Yale,Ivy,Sophomore,C+,C-,B-,C,B-,C-,D+,C-,B-,B,B-,B-,C+,A-,C+,B+,B-,B-,C+,B,C+,C+,B,B-,C,C,B,B-,B-,C-,B,B-,B+,B-,C
2026,Riley Fox,Yale,Ivy,Sophomore,C+,C,B,C+,B,C,C,C,B,B+,B,B,B-,A,B,B+,B,B,B-,B+,B-,B-,B+,B,C,C+,B+,B,B,C,B+,B,A-,B,C+
2026,Samson Aletan,Yale,Ivy,Junior,B-,C+,B+,B-,B+,C+,C,C+,B+,B+,B,B,B-,A+,B+,A-,B,B,B,A-,B-,B-,B+,B+,B-,C+,B+,B+,B,C+,B+,B+,A-,B,B-
2026,Trevor Mullin,Yale,Ivy,Junior,B,C+,A-,B,A-,C+,C+,C+,B+,A-,B+,B+,B,A,B+,A,B+,B+,B+,A,B,B,A-,B+,C+,B-,A-,B+,B+,C+,B+,B+,A,B+,B-
2026,Andrew King,Youngstown St.,Horz,Junior,D+,D+,C+,D+,C+,D,D,D,C+,C+,C,C,C-,B,C,B-,C+,C,C-,B-,D+,C-,C+,C+,D+,D+,C+,C,C,D+,C+,C,B-,C-,D+
2026,Jaiden Haynes,Youngstown St.,Horz,Freshman,D+,D,C-,D,C-,D,D,D,C-,C,C-,D+,D+,B-,D+,C+,C-,C-,D+,C,D,D+,C,C-,D,D,C,D+,C-,D,C,C-,C+,D+,D
2026,Rich Rolf,Youngstown St.,Horz,Junior,C+,C,B,C+,B,C,C-,C,B,B+,B,B,B-,A,B,B+,B,B,B-,B+,B-,B-,B+,B,B-,C+,B,B,B,C,B,B,A-,B-,C+
2026,Rontavious Blackshear,Youngstown St.,Horz,Junior,D+,D+,C,D+,C+,D,D,D,C,C+,C-,C-,D+,B,C-,B-,C,C,C-,B-,D+,C-,C+,C,D+,D+,C+,C-,C,D,C+,C,B-,C-,D+
