Rimfluence Rank,year,Player name,team,height_inches,class,possessions,O Rimfluence,D Rimfluence,Rimfluence
1,2026,Amir Jenkins,West Virginia,74,Fr,1347.0,17.73389370698647,22.365054235322958,40.09894794230943
2,2026,Flory Bidunga,Kansas,81,So,2603.0,17.89034923849358,16.336146529988078,34.226495768481655
3,2026,Sebastian Williams-Adams,Auburn,80,Fr,2309.0,14.332460918168055,18.21141443965893,32.543875357826984
4,2026,Aiden Sherrell,Alabama,82,So,2048.0,8.14840776489753,20.529871497889012,28.678279262786543
5,2026,Rob Dockery,La Salle,78,So,2005.0,16.248588352035746,11.812127950559404,28.06071630259515
6,2026,Aday Mara,Michigan,87,Jr,2005.0,7.768206068330983,20.08673674592833,27.854942814259314
7,2026,Sananda Fru,Louisville,83,Jr,1841.0,15.369977649016874,10.950131762655083,26.320109411671957
8,2026,Elyjah Freeman,Auburn,80,So,2097.0,12.002184210725432,13.568422870471226,25.570607081196655
9,2026,Austin Rapp,Wisconsin,82,So,1446.0,11.47886546573197,12.863716312019754,24.342581777751725
10,2026,Nolan Winter,Wisconsin,84,Jr,2574.0,8.714500769631147,15.205717473807498,23.920218243438647
11,2026,Kalifa Sakho,Houston,83,Sr,848.0,11.278951197970224,12.558229881690078,23.837181079660304
12,2026,JT Toppin,Texas Tech,81,Jr,2714.0,2.9196122332876624,20.87957340778496,23.799185641072622
13,2026,Bryson Tiller,Kansas,82,Fr,2227.0,10.386394683341656,13.06019141910678,23.446586102448435
14,2026,Tre Carroll,Xavier,79,Sr,2927.0,12.127961711366545,11.295840213362355,23.4238019247289
15,2026,Jasper Floyd,West Virginia,75,Sr,2563.0,13.393374169871421,9.81642095261847,23.209795122489894
16,2026,Nick Pringle,Arkansas,82,Sr,1716.0,6.301891923513279,16.842775184438743,23.14466710795202
17,2026,Zvonimir Ivisic,Illinois,86,Jr,1438.0,8.188734759890469,14.909787646753882,23.09852240664435
18,2026,Percy Daniels,Tulane,81,Sr,1284.0,11.954959084493783,11.11284523775564,23.067804322249422
19,2026,RJ Godfrey,Clemson,80,Sr,2474.0,12.726436210173972,9.991725193310412,22.718161403484384
20,2026,Matas Vokietaitis,Texas,84,So,2112.0,10.474534868264609,11.840534192493637,22.315069060758248
21,2026,Emmanuel Ogbole,Rutgers,82,Sr,1486.0,1.9668359937747801,20.101331930627737,22.068167924402516
22,2026,Tre Singleton,Northwestern,80,Fr,1915.0,10.847589818873853,11.023076452701936,21.87066627157579
23,2026,Dan Skillings Jr.,Baylor,78,Sr,1852.0,14.898902251766785,6.388505411641575,21.28740766340836
24,2026,Frank Mitchell,St. Bonaventure,80,Sr,2965.0,15.35717075262969,5.6781531518232775,21.035323904452966
25,2026,C.J. Cox,Purdue,75,So,1980.0,8.609505620838503,12.394923531106144,21.00442915194465
26,2026,Mohamed Wague,Oklahoma,82,Sr,1583.0,10.314797276797158,10.634476039934416,20.949273316731574
27,2026,Oscar Cluff,Purdue,83,Sr,1918.0,11.076181825428613,9.634467846684723,20.710649672113334
28,2026,Michael Rataj,Baylor,80,Sr,2118.0,13.372902224206847,7.3055549738202075,20.678457198027054
29,2026,Pharrel Payne,Maryland,81,Sr,887.0,15.660181282588962,4.74335579941633,20.403537082005293
30,2026,Andre Mills,Maryland,76,So,2129.0,13.293262786877898,7.052053132861866,20.345315919739765
31,2026,Jamari McDowell,Kansas,76,Jr,1531.0,11.880852853104857,8.372976150516484,20.25382900362134
32,2026,Christian Anderson,Texas Tech,75,So,2901.0,12.492316558036896,7.644576335348861,20.136892893385756
33,2026,Keyshawn Hall,Auburn,79,Sr,2574.0,2.829144007872845,17.107514607066232,19.936658614939077
34,2026,Treysen Eaglestaff,West Virginia,78,Sr,2652.0,9.626964135112996,10.183492319545937,19.810456454658933
35,2026,Jamichael Stillwell,UCF,80,Sr,2048.0,6.890897189904868,12.811154817585093,19.70205200748996
36,2026,Caden Powell,Baylor,81,Sr,2005.0,10.56378593811963,8.849926383549239,19.413712321668868
37,2026,Darrion Williams,NC State,78,Sr,2273.0,3.7172417704704204,15.691318175427721,19.40855994589814
38,2026,Quadir Copeland,NC State,78,Sr,2281.0,6.215795098007824,13.163788696342486,19.37958379435031
39,2026,Tre'Von Spillers,Wake Forest,79,Sr,2437.0,4.5948485313185765,14.745591037558194,19.34043956887677
40,2026,Andrew Rohde,Wisconsin,78,Sr,1941.0,11.533829797329432,7.739401961503386,19.273231758832818
41,2026,Jamier Jones,Providence,78,Fr,1899.0,13.769098701964465,5.3385083135498315,19.107607015514297
42,2026,BJ Kolly,UC Riverside,82,Sr,1999.0,8.048584290931286,10.966931664581608,19.015515955512896
43,2026,Sam Alexis,Indiana,81,Sr,1473.0,7.609401208339886,11.367537612328906,18.976938820668792
44,2026,Cameron Boozer,Duke,81,Fr,2754.0,10.565282387316438,8.40545739614945,18.970739783465888
45,2026,Yaxel Lendeborg,Michigan,81,Sr,2501.0,10.343786881013923,8.597447848225377,18.941234729239298
46,2026,Kobe Knox,South Carolina,77,Sr,2409.0,8.722051876168141,10.196434971400844,18.918486847568985
47,2026,Jaden Henley,Grand Canyon,79,Sr,2301.0,13.437477439640771,5.395374396584239,18.83285183622501
48,2026,Brenton Knapper,Santa Clara,72,Sr,1905.0,11.065257178284195,7.708057084958165,18.773314263242362
49,2026,Joseph Tugler,Houston,80,Jr,1683.0,5.729166415427879,12.954978338867232,18.68414475429511
50,2026,Malique Ewin,Arkansas,82,Sr,1582.0,11.548995227562912,7.111068593073127,18.66006382063604
51,2026,Tyler Ringgold,Tulane,80,So,1996.0,10.85839679021545,7.691188280041898,18.549585070257347
52,2026,Aidan Cammann,Stanford,82,So,1726.0,5.423078624196053,13.121508524837356,18.54458714903341
53,2026,Nate Bittle,Oregon,84,Sr,1748.0,3.454266528234285,15.061070847910896,18.51533737614518
54,2026,Edwin Daniel,La Salle,81,Jr,1149.0,9.799042837785464,8.628973826126781,18.428016663912246
55,2026,Malachi Palmer,Villanova,78,So,1352.0,8.714801887096062,9.680954020902242,18.395755907998304
56,2026,Billy Richmond III,Arkansas,78,So,2079.0,9.576972130008095,8.774567812534352,18.351539942542445
57,2026,Khani Rooths,Louisville,82,So,1254.0,9.170978906767793,9.15161629631471,18.322595203082503
58,2026,Henri Veesaar,North Carolina,84,Jr,2209.0,9.34272307954231,8.928458630610612,18.271181710152923
59,2026,Wei Lin,Oregon,76,So,1369.0,11.748861945879119,6.507564080364732,18.25642602624385
60,2026,Efeosa Oliogu-Elabor,Butler,78,Fr,952.0,9.541967977372016,8.5626448158158,18.104612793187815
61,2026,Takai Simpkins,Oregon,76,Sr,2386.0,11.697646219487673,6.3333820808645145,18.031028300352187
62,2026,Reed Bailey,Indiana,82,Sr,1461.0,10.441807089737289,7.572640629844384,18.01444771958167
63,2026,Donovan Atwell,Texas Tech,77,Sr,2669.0,7.239575221850887,10.588701740064536,17.828276961915424
64,2026,Mike Sharavjamts,South Carolina,81,Sr,2412.0,7.222402843308191,10.583450161452165,17.805853004760355
65,2026,Patrick Ngongba II,Duke,83,So,1869.0,6.850685611168156,10.944050119441114,17.79473573060927
66,2026,Alon Michaeli,Colorado,81,Fr,1406.0,4.478649597504286,13.186256648764324,17.66490624626861
67,2026,Elijah Duval,Southern Utah,75,Fr,2209.0,23.806311266413868,-6.141951555164213,17.664359711249656
68,2026,Zach Clemence,Texas A&M,83,Sr,1215.0,8.030068904243334,9.634241996837444,17.66431090108078
69,2026,Tobi Lawal,Virginia Tech,80,Sr,1610.0,8.840791677367378,8.756976121109032,17.59776779847641
70,2026,Ja'Kobi Gillespie,Tennessee,73,Sr,2734.0,8.878929193849594,8.710943089538459,17.589872283388054
71,2026,Aly Khalifa,Louisville,84,Sr,1107.0,9.42421977990511,8.11812199373557,17.54234177364068
72,2026,Cam Manyawu,Iowa,81,Jr,1179.0,4.435402193303714,13.104399823774367,17.53980201707808
73,2026,Matt Hodge,Villanova,80,So,2282.0,7.646027803653361,9.845923919539022,17.491951723192383
74,2026,Ven-Allen Lubin,NC State,80,Sr,2255.0,13.668090496696088,3.7895705157584856,17.457661012454572
75,2026,Markus Burton,Notre Dame,72,Jr,1038.0,11.205007790231662,6.217854647415216,17.422862437646877
76,2026,Angelo Ciaravino,Northwestern,78,So,1628.0,12.526184995552965,4.787729746086801,17.313914741639767
77,2026,Jayden Stone,Missouri,76,Sr,1918.0,6.994029610420973,10.27057594598801,17.264605556408984
78,2026,Trevon Brazile,Arkansas,82,Sr,2508.0,7.629024255252835,9.629931955672376,17.258956210925213
79,2026,Robert Wright III,BYU,73,So,3043.0,9.298041868241054,7.908098418259959,17.20614028650101
80,2026,KeShawn Murphy,Auburn,82,Sr,1874.0,8.03958203990122,9.12138077644543,17.16096281634665
81,2026,Jadon Jones,Oklahoma,77,Sr,1187.0,5.11549613654963,12.031782899888292,17.147279036437922
82,2026,Mouhamed Dioubate,Kentucky,79,Jr,1275.0,6.226251744147254,10.919834506026465,17.146086250173717
83,2026,Caleb Foster,Duke,77,Jr,2198.0,10.224207138966886,6.86523689449681,17.089444033463696
84,2026,Jacob Hudson,Gardner-Webb,74,So,2041.0,11.623714073802446,5.362183167864887,16.985897241667335
85,2026,Kyan Evans,North Carolina,74,Jr,1419.0,8.951714580344694,7.934983510074397,16.88669809041909
86,2026,Justice Ajogbor,Saint Joseph's,82,Sr,1996.0,-0.8236402261809016,17.690219561559005,16.866579335378102
87,2026,Ivan Kharchenkov,Arizona,79,Fr,2343.0,12.38926657174851,4.460287911400632,16.84955448314914
88,2026,Arrinten Page,Northwestern,83,Jr,1673.0,7.234883092618977,9.5335726005199,16.768455693138876
89,2026,Rueben Chinyelu,Florida,83,Jr,2115.0,1.4333861550037712,15.178490628653272,16.611876783657042
90,2026,Brayden Burries,Arizona,76,Fr,2567.0,5.630684305966157,10.97905979930271,16.609744105268867
91,2026,Steven Jamerson II,UCLA,82,Sr,1042.0,3.9643931375295107,12.601763672911314,16.566156810440823
92,2026,Jalen Haralson,Notre Dame,79,Fr,1945.0,11.35750507630502,5.130415681232737,16.487920757537758
93,2026,Dylan Faulkner,Samford,81,Jr,2159.0,7.59659256778518,8.71486712039139,16.31145968817657
94,2026,Peyton White,Nevada,78,Fr,9301.0,9.942961408506996,6.361050660028518,16.304012068535513
95,2026,Kevin Overton,Auburn,77,So,2483.0,7.334039033445603,8.854088231493447,16.18812726493905
96,2026,Keanu Dawes,Utah,81,Jr,2397.0,5.40611438477188,10.746930136826448,16.15304452159833
97,2026,Aden Holloway,Alabama,73,Jr,2175.0,5.364407579389739,10.69229508469472,16.056702664084458
98,2026,Kam Williams,Kentucky,80,Fr,1174.0,7.776160322726307,8.252552287874042,16.02871261060035
99,2026,Denzel Aberdeen,Kentucky,77,Sr,2251.0,8.443480161732355,7.577661368203929,16.021141529936283
100,2026,John Bol,UCF,86,So,1366.0,3.492979746053267,12.505122346965841,15.998102093019108
101,2026,Alex Condon,Florida,83,Jr,2578.0,8.049753565295712,7.935785675051304,15.985539240347016
102,2026,Baba Miller,Cincinnati,83,Sr,2423.0,9.514539998179103,6.438719214867337,15.95325921304644
103,2026,Josh Rivera,Seton Hall,79,Jr,871.0,10.484761748943729,5.457660632116406,15.942422381060135
104,2026,Samet Yigitoglu,SMU,86,So,2860.0,4.777303713439203,11.158169510430888,15.93547322387009
105,2026,AJ Dybantsa,BYU,81,Fr,2876.0,10.763013971102023,5.081365410983826,15.84437938208585
106,2026,Braden Frager,Nebraska,79,Fr,1828.0,8.366292363620033,7.460286152735245,15.826578516355278
107,2026,B.J. Edwards,SMU,75,Sr,3193.0,13.99788234023089,1.7207733614001581,15.718655701631047
108,2026,Felix Okpara,Tennessee,83,Sr,1879.0,3.381117032974433,12.328532869667686,15.70964990264212
109,2026,Alyn Breed,NC State,75,Sr,935.0,4.399848150840105,11.198142307429286,15.597990458269392
110,2026,Cayden Boozer,Duke,76,Fr,1683.0,5.277904033294657,10.268877520786862,15.54678155408152
111,2026,Timo George,Portland,80,Fr,1025.0,14.508505025513248,0.9207582256127576,15.429263251126006
112,2026,Christian Richardson,Omaha,85,Sr,1299.0,5.329881759426332,10.065207915831012,15.395089675257344
113,2026,Nic McClain,Belmont,75,Sr,1325.0,8.192404803350472,7.170012348983015,15.362417152333487
114,2026,Andrew Osasuyi,St. Bonaventure,81,Fr,1199.0,8.002226570731679,7.222071426655276,15.224297997386955
115,2026,Franck Kepnang,Washington,83,Sr,3393.0,4.582014100596111,10.595737198760308,15.17775129935642
116,2026,Justice Shoats,Siena,71,Sr,2731.0,13.020364490205345,2.134795910811375,15.15516040101672
117,2026,Duke Brennan,Villanova,82,Sr,2315.0,-2.517355265002588,17.597107284549548,15.079752019546959
118,2026,Langston Reynolds,Minnesota,76,Jr,2741.0,12.137085616570461,2.908748089467143,15.045833706037605
119,2026,Royce Parham,Marquette,80,So,2497.0,8.079232110377832,6.94925112549681,15.028483235874642
120,2026,Jace Posey,TCU,77,So,876.0,8.73693172183772,6.254458359236252,14.991390081073973
121,2026,Daniel Jacobsen,Purdue,88,So,1241.0,7.285249777727455,7.6011995475796255,14.88644932530708
122,2026,Boogie Fland,Florida,75,So,2591.0,7.701563435225369,7.178937428975702,14.880500864201071
123,2026,Bangot Dak,Colorado,83,Jr,2273.0,4.925067411530683,9.943071187186273,14.868138598716957
124,2026,JT Rock,New Mexico,85,So,1061.0,5.116494102604923,9.749929382469148,14.86642348507407
125,2026,Terrence Brown,Utah,75,Jr,2471.0,16.273471022308115,-1.425774771265294,14.847696251042821
126,2026,Moustapha Thiam,Cincinnati,86,So,2012.0,3.0764774564588064,11.747557289894388,14.824034746353195
127,2026,Jaylen Crocker-Johnson,Minnesota,80,Jr,2443.0,-2.002034025809621,16.780346463754803,14.778312437945182
128,2026,Tucker DeVries,Indiana,79,Sr,2444.0,7.825330128106759,6.905611902269453,14.730942030376212
129,2026,Koa Peat,Arizona,80,Fr,2321.0,12.796594749513117,1.9203598650748521,14.71695461458797
130,2026,Jermaine Ballisager Webb,Portland,85,Sr,1594.0,-1.1107189869126386,15.811657386243658,14.700938399331019
131,2026,Taylor Bol Bowen,Alabama,82,Jr,1398.0,7.347673330256068,7.292591952410321,14.64026528266639
132,2026,Blue Cain,Georgia,77,Jr,2463.0,7.783767454857045,6.829590002393026,14.613357457250071
133,2026,Amari Allen,Alabama,79,Fr,2448.0,8.08105601909537,6.42639107782936,14.50744709692473
134,2026,Jayden Hastings,Boston College,81,So,1697.0,4.1481638487868695,10.350671579978261,14.49883542876513
135,2026,Silas Demary Jr.,UConn,76,Jr,2304.0,7.257903958592394,7.228576108857643,14.486480067450037
136,2026,Nick Ellington,George Mason,79,Sr,948.0,5.006609289626816,9.471011713458427,14.477621003085243
137,2026,Oskar Giltay,Stanford,82,Fr,1139.0,5.392246459271541,9.044329422247193,14.436575881518735
138,2026,Nimari Burnett,Michigan,77,Sr,1645.0,5.822255181364598,8.583545845407558,14.405801026772156
139,2026,Grayson Grove,Minnesota,81,So,1342.0,2.845437638432849,11.555747304341192,14.40118494277404
140,2026,Jaylen Searles,Nicholls,80,Sr,3091.0,5.097131487751747,9.261285571448806,14.358417059200551
141,2026,Bryce Dortch,Rutgers,81,So,1156.0,4.835393348438371,9.513351605111918,14.34874495355029
142,2026,Elijah Chol,UC Irvine,84,Jr,1153.0,11.681639101223329,2.63962239795238,14.321261499175709
143,2026,Elmarko Jackson,Kansas,75,Jr,1487.0,2.5594647092325404,11.708977467842743,14.268442177075283
144,2026,Patton Pinkins,Ole Miss,77,Fr,1850.0,3.3842712936198818,10.875480403264536,14.259751696884418
145,2026,Nate Kingz,Syracuse,77,Sr,2738.0,5.700523758230626,8.559147593032717,14.259671351263343
146,2026,Troy Plumtree,Cal Poly,78,Fr,1097.0,8.850068227048299,5.388530455404902,14.238598682453201
147,2026,Addarin Scott,Kansas City,81,Sr,1094.0,2.2801650812373264,11.946269406181887,14.226434487419214
148,2026,Aleksas Bieliauskas,Wisconsin,82,Fr,1660.0,7.085740590238364,7.017797964547866,14.10353855478623
149,2026,Eric Dailey Jr.,UCLA,80,Jr,2140.0,10.795393352567931,3.295793794595209,14.09118714716314
150,2026,Sir Mohammed,Notre Dame,78,So,1452.0,3.249024622975501,10.836878715252478,14.085903338227979
151,2026,Niko Rocak,UC Davis,81,Sr,1999.0,7.131605292107761,6.943764371349809,14.07536966345757
152,2026,Tayton Conerway,Indiana,75,Sr,1537.0,12.044242622061878,2.0175603078325204,14.061802929894398
153,2026,Melvin Council Jr.,Kansas,76,Sr,2868.0,3.13283556573234,10.90848010016979,14.041315665902129
154,2026,Otega Oweh,Kentucky,76,Sr,2446.0,9.02102221552462,5.015756364778653,14.036778580303274
155,2026,Caleb Walker,Air Force,81,Jr,1253.0,14.641596462573247,-0.6149416121569906,14.026654850416257
156,2026,Cameron Fens,South Dakota,82,Sr,2335.0,-1.6697314880892677,15.695856849091665,14.026125361002398
157,2026,AK Okereke,Vanderbilt,79,Sr,4463.0,2.13525505215358,11.887204450112465,14.022459502266045
158,2026,Baye Ndongo,Georgia Tech,81,Jr,1973.0,7.9668659261052825,5.94338625380717,13.910252179912453
159,2026,Jaylin Stewart,UConn,79,Jr,1383.0,7.426231083741756,6.477028416857511,13.903259500599267
160,2026,Jaden Toombs,SMU,82,Fr,1150.0,7.122805738254528,6.717747747302864,13.840553485557393
161,2026,Aaron Bradshaw,Memphis,85,Jr,1419.0,1.2447523778268126,12.459633067011657,13.704385444838469
162,2026,Dailyn Swain,Texas,80,So,2623.0,10.820077686801353,2.8806985274026755,13.700776214204028
163,2026,Morez Johnson Jr.,Michigan,81,So,2127.0,5.132178980145389,8.520072619335766,13.652251599481154
164,2026,Seth Trimble,North Carolina,75,Sr,1610.0,11.056337160198911,2.544232311832099,13.60056947203101
165,2026,Sebastian Akins,Wake Forest,74,So,1189.0,12.277765400556492,1.319407917877128,13.597173318433619
166,2026,Simon Majok,Memphis,85,Fr,889.0,2.7611162002860996,10.77223491866693,13.53335111895303
167,2026,London Jemison,Alabama,80,Fr,1270.0,5.206412848833758,8.224974925372143,13.431387774205902
168,2026,AJ Rohosy,Stanford,81,Sr,1566.0,6.854288725463055,6.576189234428579,13.430477959891634
169,2026,Roman Siulepa,Pittsburgh,78,Fr,2330.0,6.718157065837071,6.710925858682867,13.429082924519937
170,2026,Tyler Harris,Vanderbilt,80,Jr,1727.0,9.923847180437795,3.5027923692977856,13.42663954973558
171,2026,Dezayne Mingo,Charlotte,76,Sr,2054.0,14.50967072536863,-1.1819812969432342,13.327689428425396
172,2026,Honor Huff,West Virginia,70,Sr,3174.0,3.288927232808093,10.031251864243334,13.320179097051426
173,2026,Chris Johnson,UCF,77,Jr,1118.0,7.04497274876975,6.1886539173698765,13.233626666139626
174,2026,Houston Mallette,Alabama,77,Sr,2170.0,-1.098221648799786,14.279565398635368,13.181343749835582
175,2026,Josh Dix,Creighton,78,Sr,2795.0,8.080099206713685,5.07943673991461,13.159535946628296
176,2026,Kendyl Sanders,Utah,80,Fr,1517.0,1.8380841234377168,11.294865835503527,13.132949958941245
177,2026,Jaden Bradley,Arizona,75,Sr,2576.0,3.6718958778518687,9.44416706213253,13.116062939984399
178,2026,Zach Davis,Memphis,79,Sr,1496.0,9.2835304757063,3.8202113644370397,13.10374184014334
179,2026,Cameron Carr,Baylor,77,So,2809.0,12.512856216647855,0.5898428930213147,13.10269910966917
180,2026,David Punch,TCU,79,So,2281.0,11.199279712993135,1.8933836810285447,13.092663394021681
181,2026,Kwame Evans Jr.,Oregon,82,Jr,2216.0,8.175501808779293,4.909588785066397,13.08509059384569
182,2026,Cooper Bowser,Furman,83,Jr,2015.0,6.975250786709475,6.073030074164513,13.048280860873987
183,2026,Elijah Fisher,Seton Hall,78,Jr,1591.0,4.82974762644411,8.179794267076495,13.009541893520606
184,2026,Jake West,Northwestern,75,Fr,1526.0,5.4270470249569955,7.573396183677671,13.000443208634668
185,2026,Khadim Mboup,BYU,81,So,1298.0,0.9125820217950187,12.069445463837003,12.98202748563202
186,2026,Julius Halaifonua,Georgetown,84,So,1608.0,8.658785460828831,4.317703360849551,12.976488821678382
187,2026,Jayden Pierre,TCU,72,Sr,2360.0,2.835065976046761,10.079454613214304,12.914520589261066
188,2026,Emanuel Sharp,Houston,75,Sr,2188.0,0.5565296271468103,12.355127607921517,12.911657235068327
189,2026,Ryan Mela,Providence,79,So,2032.0,3.2482964849186433,9.640716935564152,12.889013420482796
190,2026,Hannes Steinbach,Washington,83,Fr,2401.0,13.619625636651353,-0.736745914794465,12.882879721856888
191,2026,Malik Dia,Ole Miss,81,Sr,1934.0,5.484151521817619,7.397052881313186,12.881204403130806
192,2026,Anthony Dell'Orso,Arizona,78,Sr,1861.0,7.802001931047894,5.072245784567601,12.874247715615494
193,2026,Brandon Williams,UCLA,79,So,971.0,7.086409684945327,5.7642200961498595,12.850629781095186
194,2026,Alvaro Folgueiras,Iowa,82,Jr,1340.0,5.556376839311299,7.294088859341382,12.85046569865268
195,2026,Xander Alarie,Northeastern,80,Fr,853.0,6.044215297311034,6.753324568292914,12.797539865603948
196,2026,Kylan Boswell,Illinois,74,Sr,1759.0,10.718975324966532,2.0593178476154654,12.778293172581998
197,2026,Jahmere Tripp,Rhode Island,78,Jr,1628.0,8.585789130927457,4.171571144313857,12.757360275241314
198,2026,Myles Corey,Rhode Island,73,Sr,2115.0,4.316719326934061,8.376511065517747,12.693230392451808
199,2026,Michael Ajayi,Butler,79,Sr,2996.0,3.68958091018236,9.002597222264097,12.692178132446458
200,2026,Berke Buyuktuncel,Nebraska,81,Jr,1800.0,0.8685963930826279,11.792706701590443,12.661303094673071
201,2026,Jordan Burks,UCF,81,Jr,2170.0,10.647037610267162,1.9403592881804537,12.587396898447615
202,2026,Mikhail Pocknett,Buffalo,78,Jr,947.0,8.406940172620095,4.126482719158327,12.533422891778422
203,2026,Jean Aranguren,George Washington,75,Jr,1899.0,9.928027801227506,2.5840996981652498,12.512127499392756
204,2026,Tyler Behrend,Tulsa,82,Jr,1637.0,8.431877521455625,4.05415806189595,12.486035583351576
205,2026,Spencer Elliott,Charlotte,81,Jr,1218.0,2.333913430057444,10.143515258359745,12.477428688417188
206,2026,Rashad King,LSU,78,Sr,1328.0,5.3231687050338214,7.148011742149146,12.471180447182967
207,2026,Isaac Traudt,Creighton,82,Jr,1624.0,3.6487587188821893,8.77737549719943,12.426134216081618
208,2026,Austin Maurer,Seattle U,84,So,1550.0,2.901811392557594,9.51919116643682,12.421002558994413
209,2026,Joshua Hughes,Evansville,82,Jr,2311.0,4.68683400808866,7.709690994418588,12.396525002507246
210,2026,DeWayne Brown II,Tennessee,80,Fr,1256.0,2.6478478316064455,9.727394611299852,12.375242442906298
211,2026,Riley Kugel,UCF,77,Sr,2294.0,9.463803558919437,2.9096953396690597,12.373498898588497
212,2026,Braden Smith,Purdue,72,Sr,2776.0,6.0107384462360915,6.354703072252655,12.365441518488748
213,2026,Amani Hansberry,Virginia Tech,80,Jr,4962.0,5.613011882943804,6.746909218877542,12.359921101821346
214,2026,Jaden Schutt,Virginia Tech,77,Jr,2721.0,5.393690020720385,6.937435834800134,12.331125855520519
215,2026,Darryn Peterson,Kansas,77,Fr,1334.0,2.751661557262236,9.575860072778411,12.327521630040646
216,2026,J'Vonne Hadley,Louisville,79,Sr,2105.0,4.852307860402551,7.467937014679064,12.320244875081615
217,2026,Vukasin Masic,San Francisco,77,Sr,1869.0,6.548766856448805,5.739118192867928,12.287885049316733
218,2026,Junjie Wang,San Francisco,81,Jr,1626.0,2.9168648454917343,9.300124166079456,12.21698901157119
219,2026,Eduardo Klafke,Ole Miss,77,So,1004.0,5.7020597554636865,6.464325267298849,12.166385022762537
220,2026,Dylan Grant,Rutgers,79,So,1955.0,10.928673933572483,1.1982500647227217,12.126923998295204
221,2026,Miles Rubin,Loyola Chicago,82,Jr,2341.0,1.5829412305306108,10.498098578444393,12.081039808975005
222,2026,Faizon Fields,Milwaukee,82,Sr,1257.0,-4.696253063926234,16.728996905253673,12.03274384132744
223,2026,Collin Chandler,Kentucky,77,So,1974.0,2.180541768415627,9.847196593501545,12.027738361917173
224,2026,Seydou Traore,Utah,79,Jr,2071.0,2.828942302413822,9.180574026855433,12.009516329269255
225,2026,Nick Dorn,Indiana,79,Jr,1644.0,6.741649857243344,5.266369290520479,12.008019147763822
226,2026,Caleb Wilson,North Carolina,82,Fr,2123.0,7.0035981810380585,4.862040588892158,11.865638769930216
227,2026,Xavier Booker,UCLA,83,Jr,1685.0,2.0705804854207472,9.784665010211047,11.855245495631793
228,2026,Chisom Okpara,Stanford,80,Sr,1427.0,12.21749046160876,-0.38594501123373437,11.831545450375025
229,2026,Emmanuel Stephen,UNLV,84,So,1050.0,0.16161703613127187,11.56969464118299,11.731311677314261
230,2026,Oswin Erhunmwunse,Providence,82,So,2077.0,-1.5481499082285346,13.244120704169713,11.695970795941179
231,2026,Sam Hoiberg,Nebraska,72,Sr,2607.0,1.994315992154633,9.69011424146282,11.684430233617453
232,2026,Jaylen Carey,Tennessee,80,Jr,1492.0,4.413090551307375,7.223919633477846,11.637010184785222
233,2026,Solomon Washington,Maryland,79,Sr,1758.0,5.207313674969163,6.352589770126658,11.55990344509582
234,2026,Sencire Harris,Cincinnati,76,Jr,1459.0,8.573700366128843,2.9538218159473737,11.527522182076217
235,2026,Jaylen Petty,Texas Tech,73,Fr,2192.0,3.447288518354744,8.065667168503401,11.512955686858145
236,2026,Adam Miller,Gonzaga,75,Sr,1819.0,5.918455844700437,5.551904436585381,11.470360281285817
237,2026,Thierry Darlan,Santa Clara,80,Jr,1727.0,-4.437869005667516,15.885646414818206,11.447777409150689
238,2026,Houran Dan,Seattle U,82,So,1257.0,1.692904118274487,9.655962368330515,11.348866486605003
239,2026,Austin Goode,Cal Poly,79,Fr,1425.0,6.921391733192569,4.4068949817128855,11.328286714905454
240,2026,Kennard Davis Jr.,BYU,78,Jr,2193.0,1.2807746926353172,9.979241126507457,11.260015819142774
241,2026,Tyrin Jones,UNLV,81,Fr,1911.0,9.573107529282636,1.6805939178765974,11.253701447159234
242,2026,Drayton Jones,Butler,83,Jr,1746.0,-2.6745707211791094,13.920896550206404,11.246325829027295
243,2026,Musa Sagnia,NC State,82,Fr,1119.0,3.4903395219857782,7.697120883052816,11.187460405038594
244,2026,Javontae Campbell,Bowling Green,74,Sr,3150.0,9.574568637906928,1.5821255464137347,11.156694184320664
245,2026,Christian Jones,George Washington,74,So,2018.0,9.420694079523257,1.7175013218750275,11.138195401398285
246,2026,Elijah Mahi,Santa Clara,79,Sr,2582.0,6.8835867530280686,4.235499586117377,11.119086339145445
247,2026,Zoom Diallo,Washington,76,So,3828.0,3.578419123684177,7.536699374077919,11.115118497762097
248,2026,Myles Stute,South Carolina,78,Sr,1743.0,2.2662383509387034,8.830923093783774,11.097161444722477
249,2026,Chance Mallory,Virginia,70,Fr,2126.0,5.668218306236291,5.389508674024443,11.057726980260734
250,2026,Kael Combs,Iowa,76,Jr,1662.0,3.4331506448165583,7.601565644379626,11.034716289196185
251,2026,Xaivian Lee,Florida,75,Sr,2398.0,1.661756701947478,9.35593549193145,11.01769219387893
252,2026,Tyler McKinley,Cincinnati,81,So,918.0,3.708572425711017,7.27650495198543,10.985077377696447
253,2026,Armani Mighty,Mercer,82,Jr,2904.0,1.447441229922389,9.521010986026809,10.968452215949199
254,2026,Najai Hines,Seton Hall,82,Fr,1188.0,-1.138305232990084,12.076733472181882,10.938428239191797
255,2026,Robbie Avila,Saint Louis,82,Jr,2302.0,4.073827600248492,6.824053450301426,10.897881050549918
256,2026,Acaden Lewis,Villanova,74,Fr,2454.0,13.84575987948543,-2.994099197955288,10.851660681530142
257,2026,Chris Howell,New Mexico,78,Sr,836.0,5.1135915188829415,5.735438260131955,10.849029779014897
258,2026,Jamichael Davis,Rutgers,73,Jr,2083.0,0.5292661322105441,10.264241298411573,10.793507430622117
259,2026,Isaiah Brown,Florida,76,So,966.0,4.12477781616391,6.641192240022973,10.765970056186884
260,2026,Darius Adams,Maryland,77,Fr,2079.0,4.203990749386366,6.5505253277762225,10.754516077162588
261,2026,Brock Harding,TCU,72,Jr,2502.0,6.48017623671371,4.27395718674214,10.754133423455851
262,2026,Isaiah Watts,Maryland,75,So,1501.0,4.24089814005415,6.495830293706961,10.736728433761112
263,2026,Cameron Corhen,Pittsburgh,82,Sr,2838.0,0.9471595637909034,9.781619523598408,10.728779087389311
264,2026,Alex Karaban,UConn,80,Sr,2586.0,-0.6126499409838555,11.331509733117805,10.71885979213395
265,2026,Walter Brown,UNLV,77,Sr,1251.0,6.426443315609369,4.2673818005402815,10.69382511614965
266,2026,Brody Rowbury,Idaho,83,Sr,1986.0,1.7379240945450927,8.950893896941666,10.68881799148676
267,2026,Jake Wahlin,Clemson,82,Jr,2105.0,2.510906246534204,8.1717100964994,10.682616343033605
268,2026,Omari Witherspoon,Pittsburgh,76,Fr,2194.0,5.389220856326785,5.27705975832571,10.666280614652496
269,2026,Trey McKenney,Michigan,76,Fr,1875.0,2.2325087728153257,8.430135794570415,10.66264456738574
270,2026,Wilguens Jr. Exacte,Drake,78,Jr,965.0,9.980429998784839,0.6782004075950328,10.65863040637987
271,2026,Chas Kelley III,Georgia Tech,75,Sr,1369.0,6.034467432612358,4.60983069194404,10.644298124556398
272,2026,Bishop Boswell,Tennessee,76,So,1754.0,-1.5695196591736282,12.20785944460999,10.638339785436361
273,2026,Matt Able,NC State,78,Fr,1704.0,6.391368813215866,4.2461111213621345,10.637479934578
274,2026,Malachi Moreno,Kentucky,84,Fr,1787.0,3.994474851657814,6.6047146239263315,10.599189475584145
275,2026,Roddy Gayle Jr.,Michigan,77,Sr,1782.0,7.399355790706257,3.1749074465735214,10.574263237279778
276,2026,Nikolas Khamenia,Duke,80,Fr,1605.0,6.1274061377021525,4.426791086607786,10.554197224309938
277,2026,Tyler Perkins,Villanova,76,Jr,2334.0,0.9618527486858404,9.578640430220265,10.540493178906106
278,2026,Cooper Schwieger,Wake Forest,82,Jr,1732.0,0.8930120549797298,9.613208731566345,10.506220786546075
279,2026,Kingston Flemings,Houston,76,Fr,2382.0,12.55767935539545,-2.135620917848727,10.422058437546724
280,2026,Jayden Ross,UConn,79,Jr,1179.0,6.497597483447892,3.9147921990731644,10.412389682521056
281,2026,Carter Welling,Clemson,82,Jr,2040.0,11.72139515934019,-1.3103248441702489,10.41107031516994
282,2026,Jordan Gorecki,Texas Southern,82,Sr,1126.0,-6.330725053638427,16.70343432381982,10.372709270181392
283,2026,Guillermo Diaz Graham,San Francisco,84,Sr,1379.0,3.814955841014232,6.536050486350294,10.351006327364527
284,2026,Labaron Philon Jr.,Alabama,76,So,2697.0,5.383585511656675,4.887652073056171,10.271237584712846
285,2026,Eric Reibe,UConn,85,Fr,1237.0,0.3196496280812653,9.946239128497918,10.265888756579184
286,2026,Karter Knox,Arkansas,78,So,1569.0,2.185762291452931,8.064195597585,10.249957889037931
287,2026,Efe Demirel,Grand Canyon,85,Fr,1769.0,0.4771020173614313,9.759928987715577,10.237031005077009
288,2026,Malik Thomas,Virginia,77,Sr,1927.0,1.4772653676558187,8.740343515081513,10.21760888273733
289,2026,Jaylin Sellers,Providence,77,Sr,2346.0,4.61091293928422,5.604198914617729,10.215111853901949
290,2026,Finley Bizjack,Butler,76,Jr,2949.0,-1.6266302961369936,11.819486041941879,10.192855745804884
291,2026,Raysean Seamster,UT Arlington,80,Sr,2475.0,17.303918072031383,-7.1235760429011705,10.180342029130212
292,2026,Marcus Hill,Texas A&M,75,Sr,1953.0,11.066248432420846,-0.9077591700289052,10.15848926239194
293,2026,Kashie Natt,Sam Houston,75,Sr,2401.0,14.807560861449204,-4.670063581208342,10.137497280240861
294,2026,Josh Hayes,Utah,81,Jr,977.0,3.216339989046321,6.893217234808045,10.109557223854367
295,2026,Gavin Gores,Wyoming,82,Fr,1206.0,7.759098955417069,2.3435548143369016,10.102653769753971
296,2026,James Okonkwo,Utah,80,Sr,1455.0,-3.6465387294663287,13.745899868498125,10.099361139031796
297,2026,Amari Evans,Tennessee,77,Fr,947.0,3.8383935145528745,6.23021303792809,10.068606552480965
298,2026,Mambourou Mara,Houston Christian,78,Jr,1380.0,-1.6391494397083863,11.63867657730674,9.999527137598353
299,2026,Milos Uzan,Houston,76,Sr,2442.0,-0.5642652457826758,10.552346318082058,9.988081072299384
300,2026,T.O. Barrett,Missouri,76,So,1785.0,8.955699839519848,1.0110334017838358,9.966733241303684
301,2026,Ryan Kalambay,Detroit Mercy,81,So,1414.0,-0.5807153228407467,10.535150776374156,9.95443545353341
302,2026,Logan Imes,Notre Dame,76,Jr,1680.0,5.420679903005439,4.5319591405954585,9.952639043600897
303,2026,Derek Dixon,North Carolina,77,Fr,1651.0,3.9904497849746488,5.944737819191771,9.935187604166419
304,2026,Andrej Stojakovic,Illinois,79,Jr,1907.0,1.0496997337829184,8.865789682052036,9.915489415834955
305,2026,Kruz McClure,DePaul,78,Fr,1001.0,6.964901741968135,2.938137801401314,9.903039543369449
306,2026,Urban Klavzar,Florida,73,Jr,1863.0,3.660239874990517,6.230036077747917,9.890275952738435
307,2026,Kacper Klaczek,Elon,80,Sr,1830.0,2.8409650119154453,7.001445992023944,9.84241100393939
308,2026,Day Day Thomas,Cincinnati,73,Sr,2467.0,2.842195862856304,6.98603944447994,9.828235307336243
309,2026,Damarion Dennis,Wyoming,73,So,1708.0,6.826172887938707,2.997331927543118,9.823504815481826
310,2026,Barry Dunning Jr.,Pittsburgh,78,Sr,2567.0,4.721137738719943,5.1002560711418266,9.82139380986177
311,2026,Connor Turnbull,Evansville,82,Jr,968.0,5.849507942555195,3.967817259265436,9.81732520182063
312,2026,Ahmet Jonovic,Bradley,85,Sr,2230.0,3.50568057802947,6.302362644552322,9.808043222581793
313,2026,Max Mackinnon,LSU,78,Sr,2184.0,9.616188714577017,0.160423277544246,9.776611992121264
314,2026,Ben Gold,Marquette,83,Sr,2405.0,2.946133785176251,6.801624867725594,9.747758652901844
315,2026,Jacob Crews,Missouri,80,Sr,1797.0,3.3459827044801544,6.369677089776222,9.715659794256377
316,2026,Rashaun Agee,Texas A&M,79,Sr,2211.0,0.5418917660572049,9.166194878082024,9.708086644139229
317,2026,Collin Kuhl,Stetson,80,Jr,2056.0,4.608584049686462,5.096931995467932,9.705516045154393
318,2026,Ben Bradford,Charlotte,77,So,2087.0,12.298418935173354,-2.6319769091834866,9.666442025989866
319,2026,Christian Gurdak,Virginia Tech,82,Fr,1819.0,8.643988371230408,1.009151141950929,9.653139513181337
320,2026,Jeremiah Williams,Georgetown,76,Sr,1475.0,8.075298128118662,1.536372678594614,9.611670806713276
321,2026,Trey Kaufman-Renn,Purdue,81,Sr,2193.0,1.9743530628933463,7.636807274050437,9.611160336943783
322,2026,Derrion Reid,Oklahoma,80,So,2130.0,5.44978324660419,4.130735547702621,9.58051879430681
323,2026,Jonathan Griman,California Baptist,83,Jr,1812.0,8.696943150679086,0.8824405628005154,9.5793837134796
324,2026,Motiejus Krivas,Arizona,86,Jr,2203.0,-9.462666941916659,19.014712052698606,9.552045110781947
325,2026,Josiah Sanders,Colorado,77,Fr,1382.0,7.509062065661176,2.0157080593955925,9.524770125056769
326,2026,Deyton Albury,New Mexico,74,Sr,1974.0,6.301230685615358,3.2100031911141316,9.51123387672949
327,2026,Jamal West Jr.,UTEP,78,Sr,2713.0,0.1831467913563843,9.29211894956084,9.475265740917223
328,2026,Garrett Nuckolls,Portland,78,Jr,2173.0,6.5486149446242745,2.921001606736546,9.46961655136082
329,2026,Jaden Daughtry,Richmond,79,Jr,1469.0,7.2392508576157475,2.2263054737274226,9.46555633134317
330,2026,Dame Sarr,Duke,80,Fr,1821.0,7.202451790464848,2.2487263224583023,9.45117811292315
331,2026,Mekhi Mason,Wake Forest,77,Sr,1684.0,3.2156731977870914,6.2040115984145645,9.419684796201656
332,2026,Sekou Konneh,Milwaukee,81,Fr,1153.0,-0.02067263677443476,9.412381956492537,9.391709319718101
333,2026,Elijah Price,Nevada,81,So,16163.0,2.7467886345054495,6.631862267724045,9.378650902229495
334,2026,Keaton Wagler,Illinois,78,Fr,2657.0,1.2742324725454948,8.08567128215368,9.359903754699175
335,2026,Luka Toews,Boston College,73,So,1468.0,0.4210394378454665,8.934263374257203,9.35530281210267
336,2026,Harrison Carrington,UC Irvine,79,Jr,1462.0,8.377237338053524,0.9635113824535995,9.340748720507124
337,2026,L.J. Cason,Michigan,74,So,1636.0,8.32511631474261,1.014782041127524,9.339898355870133
338,2026,Dezdrick Lindsay,Oregon,78,Sr,1627.0,2.1016553630413455,7.228992863053386,9.33064822609473
339,2026,Ugonna Onyenso,Virginia,84,Sr,1422.0,0.8016922583047372,8.510721743654091,9.312414001958828
340,2026,Maliq Brown,Duke,81,Sr,1604.0,4.755224629754421,4.550509362610743,9.305733992365164
341,2026,Chase Ross,Marquette,77,Sr,2975.0,2.139955245102299,7.116295921838421,9.25625116694072
342,2026,Fletcher Loyer,Purdue,76,Sr,2376.0,0.827307952312621,8.406376482596297,9.233684434908918
343,2026,Chaze Harris,South Alabama,78,Sr,2620.0,9.098747849203102,0.11468545963404653,9.213433308837148
344,2026,Jake Ensminger,Santa Clara,81,Jr,2279.0,3.6431114528868402,5.56875429117748,9.211865744064319
345,2026,Filip Borovicanin,Xavier,81,Sr,2741.0,2.68426172546172,6.460278168200962,9.144539893662682
346,2026,Keishon Porter,Evansville,77,Sr,1036.0,6.441226895143517,2.6713430973404524,9.11256999248397
347,2026,James Scott,Ole Miss,82,Jr,1298.0,3.4708092641347195,5.615470843690709,9.086280107825427
348,2026,Jason Edwards,Providence,73,Sr,1563.0,3.844981942332533,5.151591252804204,8.996573195136737
349,2026,Justin Abson,Georgia,81,Sr,965.0,-3.188473820332347,12.169899012411085,8.981425192078738
350,2026,Jacob Meachem,Bucknell,68,Fr,944.0,11.360173078571432,-2.412624129176541,8.947548949394891
351,2026,Rienk Mast,Nebraska,82,Sr,2251.0,-4.940357077833598,13.884699949411376,8.944342871577778
352,2026,Neoklis Avdalas,Virginia Tech,81,Fr,5046.0,3.692151181925198,5.251737735114293,8.94388891703949
353,2026,Marcus Millender,Georgia,71,Jr,2205.0,1.89250198405483,6.971164444261923,8.863666428316753
354,2026,Ofri Naveh,Oral Roberts,78,So,2730.0,-2.8492672233919034,11.709265618830406,8.859998395438502
355,2026,Isaiah Manning,Sam Houston,80,So,1403.0,3.478192228274672,5.314411766236564,8.792603994511236
356,2026,Obomate Abbey,Utah,72,Fr,1165.0,-0.7324427350732101,9.52364271272176,8.79119997764855
357,2026,Nigel James Jr.,Marquette,72,Fr,2613.0,4.542433690770198,4.245582720074161,8.78801641084436
358,2026,Luke Haupt,New Mexico,78,Sr,2203.0,1.5083351050921436,7.272995294584305,8.781330399676449
359,2026,Jonathan Beagle,Richmond,82,Jr,1097.0,5.236733822059009,3.528276420290643,8.765010242349653
360,2026,Jaron Pierre Jr.,SMU,78,Sr,3061.0,6.359462275555534,2.4051056464064,8.764567921961934
361,2026,Colin Hawkins,Gardner-Webb,75,So,2368.0,7.181188215477253,1.5643721079783353,8.745560323455589
362,2026,Ilias Kamardine,Ole Miss,77,Sr,2417.0,1.2810551374786172,7.434148616252331,8.715203753730949
363,2026,Blake Harper,Creighton,80,So,1641.0,7.806815344619929,0.9056480892962964,8.712463433916225
364,2026,Malik Mack,Georgetown,74,Jr,2627.0,3.5528730221700493,5.153335505260287,8.706208527430336
365,2026,Donnie Freeman,Syracuse,81,So,1851.0,9.843862407715507,-1.1871043487437927,8.656758058971715
366,2026,Cale Barclay,Southern Utah,80,Fr,1292.0,4.9266779497545805,3.72508892672474,8.651766876479321
367,2026,Isaiah Carr,Drake,83,Sr,993.0,0.33751785774732834,8.30307519860668,8.640593056354007
368,2026,AJ Storr,Ole Miss,79,Sr,2047.0,5.154137129044797,3.4693184683170344,8.623455597361831
369,2026,Al Green,UNLV,75,Sr,1056.0,4.735824023050594,3.8758769748539685,8.611700997904563
370,2026,Mookie Cook,San Francisco,78,Jr,1320.0,5.699947726948156,2.9066472165104855,8.606594943458642
371,2026,Robert Miller III,LSU,82,So,1356.0,1.693033021663199,6.901056885025378,8.594089906688577
372,2026,Eli Shetlar,Drake,78,Jr,2409.0,5.367867643928692,3.203213902431652,8.571081546360343
373,2026,Corey Floyd Jr.,Providence,76,Sr,1906.0,3.928215346857374,4.6300948924349745,8.558310239292348
374,2026,Duke Miles,Vanderbilt,74,Sr,3709.0,1.6371962829659006,6.838984755986167,8.476181038952067
375,2026,Adam Harakow,Wyoming,79,Jr,1646.0,5.737408025551895,2.7243903358532053,8.461798361405101
376,2026,Felix Kossaras,Colorado,77,So,1444.0,5.103865315985008,3.354497412732048,8.458362728717056
377,2026,Isaac Williams IV,Baylor,73,So,2001.0,6.238419385618473,2.194361903017638,8.43278128863611
378,2026,Graham Ike,Gonzaga,81,Sr,2330.0,2.5461480090224318,5.8837463181460885,8.42989432716852
379,2026,Tre White,Kansas,79,Sr,2612.0,9.236790431990864,-0.8083233158814132,8.42846711610945
380,2026,Samson Aletan,Yale,82,Jr,1993.0,3.858258132597145,4.56452811595707,8.422786248554214
381,2026,Mario Saint-Supery,Gonzaga,75,Fr,2138.0,6.071493415912301,2.3082586675620336,8.379752083474335
382,2026,Max Green,Northwestern,78,So,1002.0,7.481656932540709,0.8846426926701945,8.366299625210903
383,2026,Elijah Kennedy,Hampton,75,Sr,875.0,9.536059325173648,-1.1898697980808923,8.346189527092756
384,2026,Quimari Peterson,Washington,73,Sr,4098.0,3.232600115299084,5.105087425152894,8.337687540451979
385,2026,Kylin Green,Houston Christian,72,Sr,2473.0,6.3509500563940255,1.9673769838676112,8.318327040261636
386,2026,Tomislav Ivisic,Illinois,85,Jr,1697.0,-0.46111869381100323,8.768735183325296,8.307616489514292
387,2026,Chase Forte,Boston College,76,Sr,1750.0,6.951398660734049,1.3450723409561933,8.296471001690243
388,2026,Will Tschetter,Michigan,80,Sr,1243.0,3.7821681539160537,4.507809114589859,8.289977268505913
389,2026,Jovan Milicevic,Xavier,82,So,2249.0,2.3314349885920524,5.930163796941205,8.261598785533257
390,2026,Grant Kepley,Montana,76,So,1387.0,0.932844626306522,7.298168077025676,8.231012703332198
391,2026,Shawn Phillips Jr.,Missouri,84,Sr,1468.0,0.6891195704265667,7.447106145993283,8.13622571641985
392,2026,Kimani Hamilton,UNLV,80,Sr,2350.0,0.9134188656766347,7.186390575458647,8.099809441135282
393,2026,Kaidon Rayfield,UTSA,80,Fr,1553.0,-0.3706292044438666,8.469007851201994,8.098378646758126
394,2026,N'famara Dabo,Brown,80,Jr,1704.0,-0.4093482252075784,8.501686815596848,8.09233859038927
395,2026,Jordan Ross,Georgia,75,Jr,1854.0,3.733646273955433,4.298625524652227,8.03227179860766
396,2026,Isaac Harrell,Elon,80,Jr,2225.0,2.0385660924482876,5.991911407286988,8.030477499735277
397,2026,Jabez Jenkins,Belmont,76,Fr,2356.0,4.082081631307746,3.9339064362925695,8.015988067600315
398,2026,Dwayne Aristode,Arizona,80,Fr,1218.0,3.4246436125995996,4.590689732262427,8.015333344862027
399,2026,Emmanuel Innocenti,Gonzaga,77,Jr,2079.0,6.902531185729444,1.0920921652752242,7.994623351004668
400,2026,KJ Lewis,Georgetown,76,Jr,2546.0,3.9501029962834124,4.044491568441803,7.994594564725215
401,2026,Abdul Momoh,UIC,80,Sr,2065.0,-1.6529335000412317,9.546343424833784,7.893409924792553
402,2026,Sebastian Mack,Missouri,75,Jr,864.0,4.491110651424548,3.3810989501065016,7.87220960153105
403,2026,Corey Washington,SMU,78,Sr,2563.0,5.602027162792478,2.264345909795373,7.866373072587851
404,2026,Wilhelm Breidenbach,Grand Canyon,82,Sr,954.0,-4.279021125823728,12.135028570537793,7.8560074447140655
405,2026,Kaden Powers,Rutgers,76,Fr,1133.0,0.942136505130283,6.899037000830061,7.841173505960344
406,2026,Dillon Hunter,Clemson,76,Sr,2873.0,2.875751465020264,4.9430518324786386,7.818803297498903
407,2026,Luke McEldon,Mount St. Mary's,82,Jr,1980.0,6.758131654842362,1.0539561286237866,7.812087783466149
408,2026,Isaiah Cottrell,Southern Utah,83,Sr,2326.0,-2.0483617944869765,9.857896536557687,7.809534742070711
409,2026,Jalin Holland,Colorado,77,Fr,1370.0,3.7026380246822046,4.099363352413441,7.802001377095646
410,2026,Chike Ndefo,Towson,79,So,1106.0,9.98652816624748,-2.21056737559859,7.77596079064889
411,2026,Stephen Giwa,Rice,81,Sr,1234.0,-1.2566443415438728,9.024945519154507,7.768301177610634
412,2026,Kohl Rosario,Kansas,77,Fr,908.0,5.741181534660157,2.0228745347763075,7.764056069436465
413,2026,Joshua DeCady,Hofstra,80,So,1774.0,3.551792482288186,4.180320697865842,7.732113180154028
414,2026,Caelum Swanton-Rodger,Old Dominion,84,Sr,1850.0,2.5214598438298848,5.205175644556057,7.726635488385941
415,2026,Danny Carbuccia,Massachusetts,71,Fr,2382.0,10.734959238225155,-3.0301685425997977,7.704790695625357
416,2026,Don McHenry,Utah,73,Sr,2370.0,1.2450364191025316,6.459469584643119,7.704506003745651
417,2026,Adrian Wooley,Louisville,76,So,1764.0,3.8738355701559737,3.8143723466134833,7.688207916769457
418,2026,Wesley Yates III,Washington,76,So,3554.0,1.9501566157071881,5.720710935275437,7.670867550982625
419,2026,Jason Rivera-Torres,Monmouth,79,Jr,2809.0,5.483895902893345,2.1851639641190532,7.669059867012399
420,2026,Luka Vudragovic,Pepperdine,78,Fr,1434.0,3.8391195298002723,3.81212464950006,7.651244179300332
421,2026,Jordan Derkack,Dayton,77,Sr,1682.0,4.4768349147819375,3.1649710156545385,7.641805930436476
422,2026,Terrance Arceneaux,NC State,78,Jr,1128.0,5.161142887164966,2.4749376739654076,7.636080561130374
423,2026,Tay Mosher,East Texas A&M,79,Sr,1608.0,5.867652073438303,1.7375736322726993,7.605225705711002
424,2026,Pryce Sandfort,Nebraska,79,So,2675.0,5.843969284926705,1.7439981062001344,7.587967391126839
425,2026,Keba Keita,BYU,80,Sr,1807.0,0.8327005128733065,6.739613855771657,7.572314368644964
426,2026,Jake DiMichele,Duquesne,76,Jr,1001.0,2.882750774957523,4.668466204702074,7.551216979659598
427,2026,Isaia Howard,Iowa,77,So,1259.0,3.944342862950647,3.5648485579453073,7.509191420895954
428,2026,Jo'el Emanuel,William & Mary,78,Sr,1983.0,7.824685187785459,-0.32122454815341434,7.503460639632045
429,2026,Jasper Johnson,Kentucky,77,Fr,1104.0,5.595614156692295,1.907368747568878,7.502982904261173
430,2026,Sadiq White Jr.,Syracuse,81,Fr,1299.0,5.788860668205957,1.712949162898318,7.501809831104275
431,2026,Chendall Weaver,Texas,75,Sr,1739.0,4.64936164063021,2.8512591935581435,7.500620834188354
432,2026,Micah Handlogten,Florida,85,Sr,1266.0,2.925386185415763,4.48837112095468,7.413757306370442
433,2026,Brandon Jennings,VCU,76,So,13023.0,0.5683852164236395,6.801161078850237,7.369546295273876
434,2026,Anthony Robinson II,Missouri,75,Jr,2188.0,-1.2088684537259837,8.549969385406168,7.3411009316801845
435,2026,Justin Hinds,Air Force,77,Fr,948.0,3.5151180486928304,3.8004756324315956,7.315593681124426
436,2026,Tavion Banks,Iowa,79,Jr,1496.0,1.5448357718142836,5.766254969585436,7.3110907413997195
437,2026,Dovydas Butka,Campbell,81,So,2585.0,9.30478385879812,-2.0150660245341303,7.289717834263989
438,2026,Roberts Blums,Davidson,76,So,1855.0,4.590765744602802,2.684250570712196,7.275016315314998
439,2026,Isaiah Evans,Duke,78,So,2336.0,2.4376625592375185,4.836778218359408,7.274440777596926
440,2026,Ebuka Okorie,Stanford,74,Fr,2589.0,2.6222769764119587,4.601921945791144,7.224198922203103
441,2026,Jaiun Simon,Dayton,78,Jr,1274.0,2.779377305337501,4.434995166800967,7.214372472138468
442,2026,Corey Camper Jr.,Nevada,77,Sr,15796.0,3.6735119957922047,3.529299853209621,7.202811849001826
443,2026,Bryce Heard,Dayton,78,Fr,1616.0,1.1985394269672514,5.987226465110112,7.185765892077363
444,2026,Baboucarr Njie,UTSA,78,So,1998.0,6.88664116423074,0.2934467456311314,7.1800879098618715
445,2026,Josh Taylor,East Texas A&M,80,Sr,1794.0,7.1642697630645955,-0.05132705674280025,7.112942706321795
446,2026,Lamar Wilkerson,Indiana,78,Sr,2450.0,-1.0668306477834335,8.172154967854848,7.105324320071414
447,2026,Tuburu Naivalurua,Oakland,78,Sr,2815.0,2.023651039844782,5.0641962231634015,7.087847263008183
448,2026,Shon Tupuola,Valparaiso,82,Jr,2178.0,2.8884459677489422,4.178808105526296,7.0672540732752385
449,2026,Malik Messina-Moore,Xavier,77,Sr,2896.0,4.36036885484416,2.685232031941835,7.045600886785995
450,2026,Jake Wilkins,Georgia,81,Fr,1020.0,2.807172539528878,4.187247121883086,6.994419661411964
451,2026,Kezza Giffa,Ole Miss,73,Sr,1136.0,4.862071222404831,2.1109656520960822,6.973036874500913
452,2026,Braylon Mullins,UConn,78,Fr,1708.0,-0.557811887727313,7.516074213934822,6.9582623262075085
453,2026,Myles Rice,Maryland,75,Jr,828.0,-0.1740475107900803,7.105961158162664,6.931913647372584
454,2026,Bryce Lindsay,Villanova,75,So,2271.0,4.3011236069843015,2.6124044835247786,6.913528090509081
455,2026,Shane Blakeney,Drexel,77,Jr,2729.0,5.30872852263612,1.5985535410826035,6.907282063718723
456,2026,Meleek Thomas,Arkansas,77,Fr,2496.0,1.2973388489807451,5.599140016098172,6.896478865078917
457,2026,Conor Enright,Indiana,73,Sr,2171.0,1.9887867804076507,4.891353197959644,6.8801399783672945
458,2026,Barry Evans,VCU,80,Jr,12974.0,1.895796942898882,4.975831733909304,6.871628676808186
459,2026,Jackson Holcombe,Utah Valley,79,So,2295.0,2.8453533446993093,4.024069226195214,6.869422570894523
460,2026,Gicarri Harris,Purdue,75,So,1349.0,4.657958021950229,2.209290521790333,6.867248543740562
461,2026,Lazar Djokovic,VCU,82,Jr,13267.0,1.3247289312168462,5.53776541095749,6.862494342174336
462,2026,Bubu Benjamin,George Washington,79,Jr,1571.0,1.1719164994425622,5.667496511272259,6.839413010714821
463,2026,Eternity Eguagie,Rice,78,So,1747.0,0.3691347881682454,6.460057437376786,6.8291922255450315
464,2026,Wesley Celichowski,Air Force,84,Jr,1565.0,-0.9257608135073148,7.725923261518647,6.800162448011331
465,2026,J.P. Estrella,Tennessee,83,So,1191.0,3.998170082177482,2.7884876863656913,6.786657768543174
466,2026,Jordan Pope,Texas,73,Sr,2342.0,0.14661485162495147,6.630933225124743,6.777548076749694
467,2026,David Terrell Jr.,North Texas,76,Jr,2476.0,4.138580323762596,2.632870556359828,6.7714508801224245
468,2026,Jalen Washington,Vanderbilt,82,Sr,3028.0,6.938739532795982,-0.1830019627077668,6.755737570088216
469,2026,Devin Brown,Davidson,78,Fr,1795.0,0.11276860515095422,6.637576916428282,6.750345521579236
470,2026,Jeff Nwankwo,Oklahoma,78,Sr,821.0,3.018303544410165,3.71978732396508,6.738090868375245
471,2026,Caedin Hamilton,Marquette,81,So,1185.0,-4.8572730313227,11.577865853856704,6.7205928225340035
472,2026,Nate Calmese,Wake Forest,74,Sr,1858.0,3.9024675448474055,2.7983209692217814,6.7007885140691865
473,2026,Trey Autry,George Washington,76,Jr,2270.0,-2.647911627304377,9.34692732599484,6.699015698690464
474,2026,JaJuan Nicholls,Tennessee Tech,80,Jr,1588.0,8.850368627633967,-2.1981771121933273,6.65219151544064
475,2026,Miles Ndalama,Florida A&M,83,Jr,1342.0,-4.941757027659927,11.578729103731764,6.636972076071837
476,2026,Myles Colvin,Wake Forest,77,Jr,2420.0,2.1533968220478683,4.4743579402409654,6.627754762288834
477,2026,Ashton Walker,La Salle,77,Fr,2085.0,4.590372213250447,1.9922671495938384,6.582639362844286
478,2026,William Kyle III,Syracuse,81,Sr,2523.0,2.832708111308385,3.7278578485685654,6.56056595987695
479,2026,Nojus Indrusaitis,Pittsburgh,77,So,1894.0,5.5521257139166895,0.982448112011371,6.53457382592806
480,2026,David Fuchs,San Francisco,81,Jr,1720.0,6.478961001342074,0.0528711967896936,6.5318321981317675
481,2026,Miles Franklin,Columbia,77,Fr,1763.0,5.124201211135981,1.394862896835614,6.5190641079715945
482,2026,Biggie Patterson,Hofstra,79,Sr,1438.0,2.8065137965492943,3.6939146803618925,6.500428476911187
483,2026,Chris Bell,California,79,Sr,2341.0,5.256407077024344,1.2186707005173982,6.475077777541742
484,2026,LeJuan Watts,Texas Tech,78,Jr,2202.0,6.10918789624288,0.3387396576906223,6.447927553933503
485,2026,Brandon Maclin,DePaul,75,Sr,1622.0,5.835464121440967,0.5429658927657599,6.378430014206726
486,2026,Ben Humrichous,Illinois,81,Sr,1772.0,-0.8485370607131797,7.225886495268705,6.3773494345555255
487,2026,Maximus Edwards,Duquesne,77,Sr,1071.0,1.5753300625199187,4.773177753897335,6.3485078164172535
488,2026,Isaac Taveras,Southern Miss,77,Jr,1058.0,9.59830247172101,-3.265141326559833,6.333161145161176
489,2026,Lucas Hobin,Air Force,80,Fr,2333.0,-1.0415846354301572,7.369140788208288,6.327556152778131
490,2026,Braeden Shrewsberry,Notre Dame,76,Jr,2812.0,5.756322659329323,0.541250053487627,6.297572712816949
491,2026,Troy Glover II,Bowling Green,82,Sr,1986.0,0.17589445567574735,6.10309055695941,6.278985012635157
492,2026,Nick Townsend,Yale,79,Sr,2523.0,1.7501413996745048,4.510053261757345,6.26019466143185
493,2026,Mike Walz,Richmond,83,Sr,1779.0,-1.4495394043195777,7.701949062364032,6.252409658044455
494,2026,Tyler Betsey,Syracuse,80,So,1554.0,3.89223915647497,2.3555517768297705,6.24779093330474
495,2026,Chris Fields Jr.,Campbell,79,Jr,1307.0,7.405173470871065,-1.1841685552491557,6.22100491562191
496,2026,Casey Simmons,Yale,78,Sr,1967.0,3.3475594094741865,2.8348590021002726,6.182418411574459
497,2026,Tyler Nickel,Vanderbilt,79,Sr,4992.0,6.686932986728783,-0.5175538070752852,6.169379179653498
498,2026,Eli Ellis,South Carolina,72,Fr,1859.0,5.597786394400656,0.5273185879991162,6.1251049823997725
499,2026,Andrew Ball,Monmouth,80,Sr,1620.0,7.395425386668123,-1.2799258916272782,6.115499495040845
500,2026,Thomas Haugh,Florida,81,Jr,2932.0,4.20784790974839,1.8956521193053728,6.103500029053762
501,2026,Richie Saunders,BYU,77,Sr,2587.0,5.237554981458926,0.8586709231965033,6.096225904655429
502,2026,Mark Mitchell,Missouri,81,Sr,2677.0,4.688322317780171,1.3648441038074162,6.053166421587587
503,2026,Jakub Necas,Duquesne,80,Jr,2014.0,2.4616601897051282,3.566382145774516,6.028042335479644
504,2026,Matt Van Komen,Marshall,88,Sr,1473.0,-6.076662650553648,12.070096263323611,5.993433612769963
505,2026,Ali Dibba,Texas A&M,77,Sr,1161.0,8.366286437944483,-2.3803355670824216,5.9859508708620615
506,2026,Seth Joba,Idaho,81,Jr,1497.0,-1.3576069751888178,7.334815332946958,5.9772083577581405
507,2026,Dallin Hall,Virginia,75,Sr,2366.0,2.8231548171686556,3.131691965311709,5.954846782480365
508,2026,Zavier Fitch,Wagner,79,So,963.0,5.137306131885121,0.8028999618315549,5.940206093716676
509,2026,KC Ugwuakazi,Merrimack,80,Jr,1480.0,9.44568348408221,-3.515519952127652,5.930163531954557
510,2026,Braeden Smith,Gonzaga,72,Jr,1695.0,0.5893478515102346,5.337346290703844,5.926694142214079
511,2026,Jacob Bannarbie,UNLV,81,So,1136.0,7.67561241265335,-1.7782441083948994,5.897368304258451
512,2026,Daniel Thomas,UNC Asheville,80,So,1435.0,1.7571373655360931,4.126152936105034,5.883290301641127
513,2026,Sean Logan,Davidson,82,Sr,836.0,-2.981574420380725,8.848007704501743,5.866433284121018
514,2026,Isaac Jack,Pacific,83,Sr,1921.0,3.9409553389716905,1.921123679163264,5.8620790181349545
515,2026,Andrew Akuchie,Rice,81,Sr,1299.0,-2.2784863319738413,8.138554559089831,5.86006822711599
516,2026,Tyeree Bryan,Texas Tech,77,Sr,1365.0,-1.4643349071759637,7.315004634246238,5.850669727070274
517,2026,Luke Gray,Oral Roberts,79,So,1498.0,-0.6866416580984032,6.515053568628874,5.828411910530471
518,2026,Antonio Chandler,Siena,78,Sr,1709.0,5.579151208875469,0.22264927155642944,5.801800480431899
519,2026,Chandler Pigge,Harvard,77,Sr,2378.0,2.853864908772888,2.947925024889547,5.801789933662435
520,2026,Eli Robinson,Air Force,78,So,2141.0,6.004290342949346,-0.23964920809916257,5.764641134850184
521,2026,Hudson Mayes,UC San Diego,77,Fr,1963.0,6.103212472996604,-0.35650887417899946,5.7467035988176045
522,2026,Trent Pierce,Missouri,82,Jr,1162.0,0.571001395382666,5.172034406340442,5.743035801723108
523,2026,Kaden Cooper,Louisiana Tech,77,Jr,1862.0,4.219955477413696,1.4979982775893212,5.717953755003017
524,2026,Braeden Carrington,Wisconsin,77,Sr,1395.0,4.554575587471398,1.1472632403209877,5.701838827792385
525,2026,Evan Chatman,UAB,80,Jr,2357.0,-6.501891404270435,12.191023242604242,5.6891318383338065
526,2026,Jasen Green,Creighton,80,Jr,2349.0,1.2134685611237481,4.444000459232156,5.657469020355904
527,2026,Kajus Kublickas,Pacific,74,So,1789.0,5.168097101647535,0.4892404685318147,5.65733757017935
528,2026,Silas Sunday,Hofstra,84,Sr,1491.0,-2.6602299170279626,8.298655555487553,5.638425638459591
529,2026,Chandler Cuthrell,Elon,80,Sr,2414.0,10.92771964304772,-5.296789762956214,5.6309298800915055
530,2026,Tounde Yessoufou,Baylor,77,Fr,2732.0,7.219535749481382,-1.615920213251143,5.603615536230239
531,2026,Uriah Tenette,New Mexico,70,Fr,2154.0,-0.11009709013153879,5.7081379653413205,5.598040875209781
532,2026,Elliot Cadeau,Michigan,73,So,2152.0,3.711584500122929,1.8705914525191032,5.582175952642032
533,2026,Jack Collins,Monmouth,77,Sr,2414.0,9.550733099066623,-3.9839096994275445,5.566823399639079
534,2026,Tayshawn Comer,Nevada,73,Sr,15486.0,0.5316455130093849,5.005697410020954,5.537342923030339
535,2026,Brady Koehler,Notre Dame,82,Fr,1496.0,2.230907256732214,3.3044951457954657,5.53540240252768
536,2026,Tim Moore Jr.,San Diego,78,Sr,1408.0,1.4647600912600613,4.068626333662537,5.533386424922599
537,2026,Xavier Edmonds,TCU,80,Jr,1736.0,1.0680713992964268,4.447604984021772,5.5156763833181985
538,2026,Dai Dai Ames,California,73,Jr,2661.0,-0.7137096922816837,6.2275792837951744,5.51386959151349
539,2026,Nyk Lewis,VCU,73,Fr,13062.0,-0.958382944283108,6.45717090323436,5.498787958951252
540,2026,Jared Turner,Old Dominion,80,Jr,2035.0,-0.8839114985393765,6.34012552189063,5.4562140233512535
541,2026,Kaspar Sepp,Cornell,79,So,1420.0,4.000088121523217,1.4431196088274572,5.443207730350674
542,2026,Travis Perry,Ole Miss,73,So,1216.0,3.9532861872821385,1.477242246475499,5.430528433757638
543,2026,Tyler Kropp,Northwestern,81,Fr,827.0,-3.172165785533041,8.598637762495063,5.426471976962022
544,2026,Aidan Kehoe,Navy,82,Sr,3027.0,-0.7740067241696309,6.177294317685034,5.403287593515403
545,2026,Lassina Traore,Texas,81,Sr,1208.0,-6.055208201972405,11.43589732776362,5.380689125791214
546,2026,Isaac McKneely,Louisville,76,Sr,2346.0,-0.7614455643466487,6.132729611605104,5.371284047258455
547,2026,Justin Bailey,Georgia,75,Sr,1113.0,0.1161157531378369,5.239768485575555,5.355884238713392
548,2026,Rylan Griffen,Texas A&M,77,Sr,1920.0,6.563887812166159,-1.22793330772154,5.335954504444619
549,2026,Sean Stewart,Oregon,81,Jr,1761.0,4.271359059791797,1.0516360189551772,5.322995078746974
550,2026,Josh Baldwin,Cornell,77,Sr,1294.0,-0.7196687876140104,6.033464295293228,5.313795507679217
551,2026,Fedor Zugic,Creighton,78,Jr,1334.0,1.8962819191119453,3.381716548649143,5.277998467761089
552,2026,C.J. O'Hara,Green Bay,76,So,2885.0,0.534005164934249,4.736306188744778,5.270311353679027
553,2026,Mor Seck,Towson,85,Jr,1165.0,-3.2915389882552417,8.539974122855579,5.248435134600337
554,2026,Nik Graves,Creighton,74,Sr,2233.0,-7.100007593802092,12.307221226794745,5.207213632992653
555,2026,Garrett Sundra,Notre Dame,83,So,1708.0,-1.8683786647153768,7.0673947729816105,5.199016108266234
556,2026,Jermaine O'Neal Jr.,SMU,77,Fr,1351.0,7.181337222686212,-1.9832060629471764,5.198131159739035
557,2026,Rex Stirling,Wofford,80,Jr,1191.0,4.755345612035335,0.4128833570761723,5.168228969111507
558,2026,Malik Abdullahi,Princeton,79,So,2069.0,3.0312473760702128,2.135898145702288,5.1671455217725
559,2026,Devan Cambridge,UCF,78,Sr,1452.0,0.6869166529129895,4.474589152369398,5.1615058052823874
560,2026,JJ Harper,Liberty,77,Sr,2468.0,6.243763983122285,-1.0918633348169817,5.151900648305304
561,2026,Rikus Schulte,Fordham,81,Jr,2501.0,-1.1071065555235462,6.2488693908343755,5.141762835310829
562,2026,Ashton Hardaway,Memphis,80,Jr,1473.0,1.4393162497354537,3.675839882905743,5.1151561326411965
563,2026,Keonte Jones,Dayton,78,Sr,2482.0,2.1353870025095976,2.9583650528381407,5.093752055347738
564,2026,Ty Davis,Creighton,76,So,1120.0,-6.2044578983552565,11.296447868525568,5.091989970170312
565,2026,Jake Hall,New Mexico,76,Fr,2449.0,0.5204402733557423,4.567766596219363,5.088206869575106
566,2026,Sean Craig,Toledo,79,Jr,2484.0,4.413409510114466,0.6725085620294455,5.085918072143912
567,2026,Skyy Clark,UCLA,75,Sr,1262.0,6.044392201621119,-0.9972253696236613,5.047166831997458
568,2026,Aidan Shaw,Boston College,81,Sr,1958.0,-1.6198702473682824,6.666441804897358,5.0465715575290755
569,2026,Nadjrick Peat,Coastal Carolina,82,Sr,2066.0,-3.4378003433322477,8.479942214677873,5.042141871345626
570,2026,Jonathan Powell,North Carolina,78,So,1266.0,0.5821004763590159,4.442707225426483,5.024807701785499
571,2026,Joel Foxwell,Portland,73,Fr,3086.0,-2.04328587111004,7.064623268345221,5.021337397235181
572,2026,Jalen Stokes,UC Davis,77,Fr,1406.0,-0.6312369177870887,5.649705499416025,5.0184685816289365
573,2026,Donovan Dent,UCLA,74,Sr,2635.0,1.7375612053250538,3.2762822566495773,5.013843461974631
574,2026,Brandon Mitchell-Day,Dartmouth,80,Sr,2758.0,-1.7683805334161609,6.778067980122372,5.009687446706211
575,2026,Isaiah Brickner,Idaho,76,Sr,1518.0,6.1254267784900325,-1.120443140086192,5.00498363840384
576,2026,Josiah Moore,Tulane,77,So,1124.0,2.3916646896697875,2.593979841017414,4.9856445306872015
577,2026,Trent Perry,UCLA,76,So,2194.0,4.027081750668072,0.9579304961915733,4.985012246859645
578,2026,Josiah Harris,La Salle,81,Sr,1432.0,5.211971766838918,-0.26569593740992836,4.9462758294289895
579,2026,Curtis Givens III,Memphis,75,So,1486.0,7.091718984525199,-2.1575027949862315,4.934216189538968
580,2026,Money Williams,Montana,76,Jr,2777.0,-2.356908858917228,7.285143001208341,4.928234142291113
581,2026,David Dixon,Duquesne,81,Sr,1786.0,4.246770052603056,0.6719170632854475,4.9186871158885035
582,2026,Tarris Reed Jr.,UConn,82,Sr,1700.0,4.265087003645356,0.643337868508361,4.908424872153717
583,2026,Tahaad Pettiford,Auburn,73,So,2642.0,2.186181707531086,2.700359924269736,4.886541631800823
584,2026,Omer Mayer,Purdue,76,Fr,1150.0,-1.675149107733187,6.554167058209096,4.879017950475909
585,2026,Deshaun Jackson Jr.,Mercyhurst,74,So,2031.0,-1.156464277648034,6.03522360292474,4.878759325276706
586,2026,Jack Benter,Purdue,78,Fr,1205.0,0.7733003831816654,4.103106092146172,4.876406475327837
587,2026,Isaiah West,Belmont,74,Jr,1630.0,7.220378225094468,-2.3547159841191476,4.86566224097532
588,2026,Emmanuel Kanga,George Mason,81,Fr,1020.0,-1.9605093323829184,6.804754237804258,4.8442449054213395
589,2026,Tre Holloman,NC State,74,Sr,1889.0,5.253289489851542,-0.41422670274395834,4.839062787107584
590,2026,Carson Towt,Notre Dame,80,Sr,2256.0,-0.7090048897464305,5.527222802549716,4.818217912803285
591,2026,Jaquan Womack,Towson,78,Fr,1589.0,0.6013794915857091,4.169557303709659,4.770936795295368
592,2026,Tate Sage,Iowa,79,Fr,1131.0,1.6502186661568032,3.1169244319671576,4.767143098123961
593,2026,Jack Janicki,Wisconsin,77,So,1415.0,1.5580614995030997,3.206316063837189,4.764377563340289
594,2026,Isaiah Walker,Xavier,77,Sr,1406.0,6.560201791164716,-1.8000620054624008,4.760139785702315
595,2026,Lee Dort,California,82,Sr,1432.0,3.8105279196408453,0.9460461470000776,4.756574066640923
596,2026,Victory Onuetu,Hofstra,82,Fr,1523.0,-1.9713016826291647,6.71014013084001,4.738838448210846
597,2026,Churchill Abass,New Orleans,82,Jr,1714.0,2.122059230962361,2.6075383320343595,4.72959756299672
598,2026,Lucas Scroggins,Saint Peter's,81,So,1102.0,-0.5221822849913722,5.251415326998405,4.729233042007033
599,2026,Adrien Stevens,Marquette,76,Fr,2354.0,2.781408765918992,1.9472744817547505,4.728683247673743
600,2026,Jerrell Bellamy,Troy,81,Sr,1189.0,2.3378810146324387,2.3836897829561163,4.721570797588555
601,2026,Ben Hammond,Virginia Tech,71,So,5002.0,-1.2401359827790523,5.950207029561014,4.7100710467819615
602,2026,Salim London,UAB,76,Fr,1651.0,1.3343189165648957,3.3665807813466944,4.70089969791159
603,2026,Isaiah Mbeng,East Carolina,73,So,2157.0,3.2221390456066565,1.4704317425277562,4.692570788134413
604,2026,Luka Bogavac,North Carolina,78,Jr,1878.0,-3.394799499856335,8.079092127604213,4.684292627747878
605,2026,Tyler Doyle,Bellarmine,77,So,2505.0,-3.5467432951763427,8.222040412800158,4.675297117623815
606,2026,Jack Doumbia Jr.,Towson,78,Sr,1779.0,2.0708258164454127,2.5575822574648552,4.628408073910268
607,2026,Chas Stinson,Stonehill,76,Sr,2253.0,8.278044665622907,-3.712710224242551,4.565334441380356
608,2026,Kellen Thames,Saint Louis,78,Jr,1364.0,8.389086727220954,-3.8379138399433153,4.551172887277639
609,2026,Yuto Yamanouchi-Williams,Oral Roberts,82,Jr,1638.0,1.5429649390886429,2.9922003424025463,4.535165281491189
610,2026,Elijah Strong,South Carolina,80,Jr,1429.0,-6.134158618161607,10.667794169450794,4.533635551289187
611,2026,Javon Bennett,Dayton,70,Sr,2842.0,0.9297520769360773,3.5951940580939867,4.524946135030064
612,2026,Tyrone Marshall Jr.,George Washington,80,Sr,1862.0,9.290563857497084,-4.7879400785459545,4.502623778951129
613,2026,Tanner Toolson,TCU,77,Jr,1714.0,5.649208863583021,-1.1817478845812674,4.467460979001753
614,2026,Corey Chest,Ole Miss,80,So,1082.0,-1.5063995015533465,5.935640768211187,4.429241266657841
615,2026,Jimmy Oladokun Jr.,Rice,81,Jr,1600.0,0.8246356941760034,3.5703983772441665,4.39503407142017
616,2026,Marqui Worthy Jr.,UC Riverside,75,So,3103.0,6.436666595800991,-2.0896659712257475,4.347000624575244
617,2026,Tae Davis,Oklahoma,81,Jr,2229.0,5.85519127147964,-1.5084962664417851,4.346695005037855
618,2026,Djahi Binet,Southern Miss,79,Sr,2180.0,0.813712943388865,3.5200952309409175,4.333808174329782
619,2026,Devin Hines,North Florida,76,Sr,1534.0,6.373385859779173,-2.049139492314303,4.32424636746487
620,2026,Bol Dengdit,UC San Diego,83,Jr,2026.0,-0.8370785173183348,5.150148484467038,4.313069967148703
621,2026,De'Shayne Montgomery,Dayton,76,So,2428.0,1.3021446364499507,2.9860649751589894,4.28820961160894
622,2026,Camden Heide,Texas,79,Jr,1920.0,-1.0592104695211884,5.274807632098389,4.2155971625772
623,2026,Malcolm Wrisby-Jefferson,Brown,76,Jr,1577.0,-0.951998540605322,5.157388559363556,4.205390018758234
624,2026,Simeon Wilcher,Texas,76,Jr,1733.0,3.003334146304763,1.1954579312300977,4.198792077534861
625,2026,Daylon Dickerson,UMBC,78,Jr,934.0,0.019404976521778305,4.171051295003689,4.190456271525468
626,2026,Darius Acuff Jr.,Arkansas,75,Fr,2967.0,-0.08397241649268317,4.26414076878405,4.180168352291367
627,2026,Desmond Claude,Washington,77,Jr,2742.0,2.7986548593197287,1.343664887887134,4.142319747206862
628,2026,Corey Caulker,East Carolina,72,Jr,2621.0,6.20066035567312,-2.0945419620251715,4.106118393647948
629,2026,Jake Davis,Illinois,78,Jr,1505.0,-4.588681585445054,8.684498511542056,4.095816926097003
630,2026,Myles Mayfield,UNC Asheville,81,Fr,1907.0,0.4116976097407763,3.682362025686091,4.094059635426867
631,2026,Jaquan Johnson,Bradley,69,So,2703.0,8.623256492212054,-4.567702130653148,4.055554361558906
632,2026,Sola Adebisi,The Citadel,79,Sr,2473.0,4.015738669870501,0.0386769586344915,4.054415628504993
633,2026,Tomislav Buljan,New Mexico,81,Fr,1970.0,9.212191139662206,-5.169411156322688,4.042779983339518
634,2026,Jadrian Tracey,VCU,78,Sr,12879.0,0.022684509314579104,3.9896409282345906,4.01232543754917
635,2026,Assane Diop,San Diego,81,Jr,1417.0,2.8525707071439,1.1585574483591543,4.011128155503054
636,2026,Brooklyn Hicks,Montana,75,Jr,1775.0,2.1329856990040756,1.8106643295593985,3.943650028563474
637,2026,Garwey Dual,McNeese,77,Jr,2003.0,1.1153871990563329,2.8076148548106934,3.9230020538670263
638,2026,Raul Villar,Charlotte,75,Fr,831.0,5.121235909315944,-1.208878080834873,3.912357828481071
639,2026,Lorenzo Abellar,Southern Utah,72,Sr,1167.0,5.769497834106656,-1.8599496136710802,3.9095482204355756
640,2026,Nestor Dyachok,North Florida,81,Sr,1338.0,3.7476817034940613,0.14924336923095288,3.896925072725014
641,2026,Dayton Forsythe,Oklahoma,74,So,992.0,0.3190708040931307,3.574877167543625,3.8939479716367558
642,2026,Gavin Griffiths,Temple,80,Jr,2249.0,1.4838002127674288,2.3992795176411015,3.8830797304085305
643,2026,Wyatt Fricks,Marshall,81,Sr,2590.0,1.803192606400331,2.0789210373205282,3.882113643720859
644,2026,Stephen Williams,South Alabama,81,So,1330.0,0.931887283183308,2.941723830111969,3.873611113295277
645,2026,Micah Robinson,TCU,78,So,2021.0,-3.682376525857949,7.547618558339366,3.865242032481417
646,2026,Asim Jones,Quinnipiac,74,Sr,2476.0,6.237238329640128,-2.392584128683794,3.844654200956334
647,2026,Kody Williams,Hampton,72,Sr,1077.0,9.841484012190021,-5.998065497400297,3.8434185147897235
648,2026,Solo Ball,UConn,75,Jr,2226.0,1.8964916110803696,1.9466932877276406,3.84318489880801
649,2026,Nick Martinelli,Northwestern,79,Sr,2587.0,1.1232729428170805,2.7082243834294166,3.831497326246497
650,2026,Jeremiah Wilkinson,Georgia,73,So,2098.0,0.6168739958237202,3.2042424969357595,3.8211164927594794
651,2026,Jackson Shelstad,Oregon,73,Jr,1253.0,2.970815057645562,0.7784834052582399,3.749298462903802
652,2026,Dedan Thomas Jr.,LSU,73,Jr,1258.0,2.933792938103073,0.7980430387809445,3.7318359768840175
653,2026,Rafael Castro,George Washington,83,Sr,1725.0,4.089118981456627,-0.35907290314112683,3.7300460783155005
654,2026,Hasan Abdul Hakim,Memphis,80,Sr,923.0,2.3133421004293826,1.407850186647525,3.7211922870769074
655,2026,Jamie Kaiser Jr.,Butler,78,So,2373.0,1.249292609809065,2.470388284402873,3.719680894211938
656,2026,Darren Buchanan Jr.,Rutgers,79,Jr,1823.0,4.533724070698363,-0.8282569124957808,3.705467158202582
657,2026,Trey Parker,Seton Hall,73,Fr,1217.0,3.8317834412710674,-0.14828535780079477,3.6834980834702726
658,2026,Duncan Powell,Providence,80,Sr,1092.0,3.0964947617231346,0.562128802388564,3.6586235641116986
659,2026,Jacari Lane,Texas A&M,72,Sr,1797.0,-3.952014143722417,7.60063443509057,3.648620291368153
660,2026,Christian Hammond,Santa Clara,76,So,2516.0,1.1558035842409577,2.4844093679511623,3.64021295219212
661,2026,Sam Silverstein,UIC,78,Sr,1944.0,3.513452897781794,0.12277836101855388,3.636231258800348
662,2026,Zy Wright,Abilene Christian,77,Sr,1399.0,3.3974142329013657,0.23526360604790852,3.632677838949274
663,2026,Ned Hull,Elon,75,So,1439.0,0.8339887562490822,2.7951368366281955,3.6291255928772777
664,2026,Chandler Bing,Vanderbilt,77,Fr,1577.0,1.4099855360809257,2.185265129149549,3.5952506652304748
665,2026,Tey Barbour,Harvard,76,So,2411.0,7.533881271794277,-3.95042220000064,3.5834590717936368
666,2026,Matheo Coffi,UTSA,80,Fr,1404.0,0.8616130673614026,2.7212543423687747,3.582867409730177
667,2026,Kyle Evans,UC Irvine,82,Sr,2372.0,0.39617236579463966,3.1855706199305907,3.5817429857252305
668,2026,Jailen Daniel-Dalton,UC Riverside,78,Sr,1834.0,-0.011487113546167077,3.586472432983985,3.5749853194378183
669,2026,Isiah Harwell,Houston,78,Fr,1176.0,-1.6485538943895062,5.210397720273974,3.561843825884468
670,2026,Elijah Lewis,Marist,77,Sr,2148.0,-0.35213552543230975,3.8719094545674597,3.51977392913515
671,2026,Jojo Murphy,Seattle U,74,Sr,1210.0,-0.5014543408974652,4.0057283454700245,3.5042740045725593
672,2026,Jaylen Lawal,Tulsa,75,Fr,1138.0,4.90244798213211,-1.4049844978302195,3.497463484301891
673,2026,Ariel Bland,Bethune-Cookman,79,Sr,1742.0,0.41620705939291947,3.0775594925645064,3.493766551957426
674,2026,Madiba Owona,Utah Tech,76,So,1177.0,4.552146764923184,-1.0750197129721029,3.477127051951081
675,2026,Chuck Bailey III,Nevada,76,Jr,15166.0,-0.07054424885475319,3.541090620766197,3.470546371911444
676,2026,Cole Certa,Notre Dame,77,So,2243.0,0.5467239526748857,2.9122910810684193,3.459015033743305
677,2026,Antonio Chol,New Mexico,81,Jr,2186.0,-0.44390536683681425,3.896785302828941,3.4528799359921267
678,2026,Juke Harris,Wake Forest,79,So,2877.0,-4.015437326729867,7.465994453402488,3.4505571266726216
679,2026,Ian Smikle,Tulsa,82,So,1209.0,1.787925354801974,1.652465247360647,3.440390602162621
680,2026,Aidan Burke,UC San Diego,75,Jr,2098.0,0.9412140858655857,2.4635779310875012,3.404792016953087
681,2026,Muneer Newton,Campbell,77,Sr,1837.0,2.9330290980322125,0.47129425355453747,3.4043233515867497
682,2026,Brayden Maldonado,Seattle U,72,Sr,2533.0,2.6427490816664125,0.7494729303001546,3.392222011966567
683,2026,Trent Hundley,Evansville,78,Sr,1482.0,5.336873594676696,-1.9570813502719546,3.3797922444047415
684,2026,Kai Shinholster,Minnesota,77,Fr,1066.0,4.660992191809098,-1.3063011519605494,3.3546910398485483
685,2026,Jayden Fort,Georgetown,81,So,1210.0,-2.7380981932063797,6.085123324467738,3.3470251312613586
686,2026,Josh Holloway,Texas A&M,73,Jr,1192.0,-1.1100147644730236,4.4068021998632645,3.296787435390241
687,2026,Kiani Saxon,Wyoming,80,Sr,1295.0,0.351921721668631,2.919573186096696,3.271494907765327
688,2026,Malachi Smith,UConn,72,Sr,1239.0,3.4255483924207515,-0.15540412400903936,3.270144268411712
689,2026,Boden Kapke,Boston College,83,Jr,2027.0,-2.407514551948678,5.67258233529803,3.2650677833493518
690,2026,Noah Otshudi,Marshall,74,Sr,2894.0,3.1761075145984243,0.055371175870071676,3.231478690468496
691,2026,Nick Coval,Davidson,74,So,1593.0,8.42589285024093,-5.233784568748058,3.192108281492871
692,2026,Jayden Reid,Northwestern,70,Jr,1902.0,5.054852104769535,-1.8725018497771746,3.18235025499236
693,2026,Tyler Isaak,Montana,75,Jr,2053.0,-3.392479512665288,6.562931246065578,3.1704517334002906
694,2026,Jamar Brown,UCLA,77,Sr,1375.0,5.962000791597206,-2.796218345159293,3.1657824464379134
695,2026,Emanuel Prospere II,UC San Diego,77,Sr,1705.0,-1.3650740375355048,4.507676852592243,3.142602815056738
696,2026,Kolby Gilles,Air Force,77,Jr,1037.0,-0.012436141188834071,3.131348586738642,3.118912445549808
697,2026,Naithan George,Syracuse,75,Jr,2796.0,2.924025651139506,0.1331346169747305,3.0571602681142367
698,2026,Duane Posey,Texas Southern,79,Sr,1464.0,-2.8114780903202945,5.862819807466507,3.0513417171462125
699,2026,Damian Garcia,East Texas A&M,77,Sr,2715.0,1.442387315680734,1.6015081935796132,3.0438955092603472
700,2026,Jacolb Fredson-Cole,McNeese,79,So,1492.0,5.917530585866133,-2.8923728902008863,3.0251576956652464
701,2026,Sincere Parker,Memphis,75,Sr,1479.0,2.6206641460378766,0.3971533594051726,3.017817505443049
702,2026,Jalen Reece,LSU,72,Fr,1556.0,0.09651169122778036,2.9068400961398506,3.003351787367631
703,2026,Trae English,Nicholls,72,Sr,3227.0,-2.0750334164097164,5.041199469888797,2.9661660534790806
704,2026,Trae Broadnax,Rice,76,Sr,2606.0,-0.8859514895467633,3.8372553436892485,2.951303854142485
705,2026,David Coit,Maryland,71,Sr,2270.0,-4.082436341263419,7.03222630636326,2.949789965099841
706,2026,Jeremy Dent-Smith,Stanford,73,Sr,1739.0,3.408991759157526,-0.4610888483175164,2.9479029108400097
707,2026,Ace Talbert,Gardner-Webb,72,Jr,2150.0,-2.2904762657812507,5.237334309782881,2.94685804400163
708,2026,Styles Phipps,Pepperdine,74,So,3253.0,-1.8648269976797214,4.8071657672011305,2.942338769521409
709,2026,RJ Johnson,Rhode Island,73,Sr,1807.0,-4.23000816335768,7.160806768195266,2.9307986048375856
710,2026,Tybo Bailey,East Carolina,74,So,1430.0,4.344294047653216,-1.4201773338245225,2.9241167138286936
711,2026,Hosana Kitenge,UC Santa Barbara,80,Sr,1636.0,1.970707498934503,0.9508049122054083,2.9215124111399113
712,2026,Ziare Wells,Oakland,78,Sr,2381.0,-1.4958796798684713,4.4117901328735085,2.9159104530050373
713,2026,Jaeden Mustaf,Georgia Tech,77,So,2079.0,4.153089956179069,-1.245979286321644,2.907110669857425
714,2026,Lamar Washington,Georgia Tech,76,Sr,2357.0,4.999718643217626,-2.097476114190467,2.902242529027159
715,2026,Devon Pryor,Oregon,79,Jr,815.0,3.1818660965836543,-0.2822878816661589,2.8995782149174953
716,2026,Austin Swartz,Creighton,76,So,1751.0,4.079978228519284,-1.1969312533809786,2.8830469751383054
717,2026,Isaac Hawkins,Utah Valley,82,Jr,1105.0,3.159467700664514,-0.27651428346797635,2.882953417196538
718,2026,D.J. Wagner,Arkansas,76,Jr,1819.0,-7.158045380973139,9.993064915074104,2.835019534100965
719,2026,Stefan Vaaks,Providence,79,Fr,2653.0,6.05864374275027,-3.2323149768290698,2.8263287659212004
720,2026,Tyran Mason,UT Arlington,78,So,1404.0,9.000792648345909,-6.194310013497503,2.8064826348484058
721,2026,Devin McGlockton,Vanderbilt,79,Sr,3328.0,-1.521688641940969,4.309896071394947,2.788207429453978
722,2026,Khaden Bennett,Wyoming,76,Jr,2315.0,-1.1510339823153957,3.922823917743158,2.7717899354277624
723,2026,Antonio Munoz,Grambling,78,Fr,1609.0,10.198064263575228,-7.438688629075147,2.7593756345000813
724,2026,Justin Rochelin,Pacific,77,Sr,2282.0,1.5418974630236173,1.1962076358226787,2.738105098846296
725,2026,Tajavis Miller,New Mexico,76,Sr,1207.0,0.9098002435718087,1.8116621146591683,2.721462358230977
726,2026,Gabe Oldham,Denver,80,Jr,2243.0,-0.21401274070067355,2.914518914686992,2.7005061739863185
727,2026,Jimel Lane,Grambling,79,Sr,1409.0,7.063784493024357,-4.365001021975629,2.6987834710487286
728,2026,Elijah Malone,Colorado,82,Sr,1185.0,-1.1208238132026795,3.799188126310612,2.6783643131079327
729,2026,Stephon Payne,Seton Hall,81,Jr,1589.0,0.2588414855026122,2.4193436416278735,2.6781851271304857
730,2026,John Hugley IV,Duquesne,82,Sr,1224.0,2.4861844149713868,0.18976043269136322,2.67594484766275
731,2026,Brandon Garrison,Kentucky,82,Jr,1248.0,0.3927902546662949,2.275637153674583,2.668427408340878
732,2026,Jalik Dunkley,Nicholls,79,So,3319.0,5.945545414667512,-3.279963314647773,2.665582100019739
733,2026,Ethan Potter,Utah Tech,80,Sr,2636.0,7.348344180276181,-4.687276219245117,2.6610679610310637
734,2026,Malachi Arrington,NJIT,83,So,1124.0,-5.5521155558932564,8.202638692543987,2.6505231366507305
735,2026,Jayden Ndjigue,Massachusetts,76,Jr,2333.0,0.06675069616421192,2.5794596721800085,2.6462103683442204
736,2026,Steele Venters,Gonzaga,79,Sr,1280.0,0.05189620655966243,2.588316576122876,2.6402127826825383
737,2026,Dani Pounds,Tennessee Tech,80,Jr,1418.0,3.4166970236989407,-0.7802128611251415,2.636484162573799
738,2026,James O'Donnell,Portland,82,So,1804.0,-3.9208410721996625,6.543870156795834,2.6230290845961717
739,2026,Howie Fleming Jr.,UNLV,77,Sr,2099.0,3.3740222231139727,-0.7844924672549736,2.589529755858999
740,2026,Or Ashkenazi,Lipscomb,77,Fr,2578.0,-1.020015997117662,3.5973684645836475,2.5773524674659853
741,2026,Mynor Strong,Toledo,75,So,1180.0,-2.6624615214094858,5.235006971382715,2.572545449973229
742,2026,Jailen Bedford,Virginia Tech,76,Sr,3837.0,-2.8722857427198534,5.358441304781943,2.4861555620620894
743,2026,Joseph Scott,Abilene Christian,81,Jr,890.0,0.043908025093173375,2.439289008178349,2.4831970332715225
744,2026,Bryce Quinet,Evansville,75,Fr,2321.0,5.3755597980558925,-2.901358934491452,2.4742008635644406
745,2026,Omaha Biliew,Wake Forest,80,Jr,1697.0,-1.959924777423689,4.425897103547166,2.4659723261234774
746,2026,Zaakir Williamson,Saint Peter's,79,Sr,1517.0,-1.5389168467403058,3.9900147815257103,2.4510979347854045
747,2026,Dion Brown,Saint Louis,75,Sr,2090.0,3.8686017227550913,-1.4310290588174488,2.4375726639376425
748,2026,Bobby Durkin,Minnesota,79,Jr,2683.0,-2.304529059542199,4.7382740421610485,2.4337449826188493
749,2026,Rashaud Marshall,Austin Peay,80,Jr,2359.0,1.0367495056850533,1.3843453657367535,2.421094871421807
750,2026,Thijs De Ridder,Virginia,81,Fr,2353.0,-2.7685040770961713,5.183463552464165,2.4149594753679935
751,2026,Kyler Vanderjagt,Toledo,76,Sr,1983.0,2.098137106142181,0.3031880274369555,2.4013251335791366
752,2026,Eli DeLaurier,East Carolina,82,So,1117.0,-4.15717274380519,6.5373375103024705,2.3801647664972805
753,2026,Jacobe Coleman,Sam Houston,75,Fr,1856.0,11.060038505277506,-8.692231440937487,2.3678070643400186
754,2026,Jayden Williams,Bucknell,70,So,2698.0,0.8769069976503294,1.4755733631713723,2.3524803608217018
755,2026,Tunde Vahlberg Fasasi,William & Mary,79,Jr,2399.0,0.10311540462620505,2.246945039793193,2.350060444419398
756,2026,Cam Gregory,Campbell,77,Sr,3097.0,-3.6775886675451686,6.022255383717094,2.3446667161719255
757,2026,Latrell Wrightsell,Alabama,75,Sr,1792.0,-8.510964742448717,10.85554096002411,2.3445762175753924
758,2026,Grant Sanders,Nicholls,82,Sr,1884.0,1.0255742158263126,1.2762482908849146,2.3018225067112272
759,2026,Randy Brady,South Alabama,77,Sr,2258.0,-1.170895717663577,3.472567169582689,2.3016714519191117
760,2026,Erik Oliver-Bush,Manhattan,77,So,1211.0,5.727658532202052,-3.428680425488165,2.298978106713887
761,2026,Collin Mulholland,Chattanooga,82,So,978.0,-2.706593037247127,4.956879053406634,2.2502860161595066
762,2026,Jonah Butler,Stony Brook,78,Fr,953.0,-0.03666564685963247,2.286098768771703,2.2494331219120705
763,2026,De'Undrae Perteete Jr.,UC Riverside,77,So,1978.0,5.229340368326617,-2.983757372511094,2.2455829958155227
764,2026,Riley Allenspach,George Mason,83,Jr,1947.0,1.3007374876659625,0.9420060011593461,2.2427434888253086
765,2026,Carter Hopoi,Valparaiso,83,Fr,1361.0,4.806999168095627,-2.567273706331543,2.2397254617640843
766,2026,Dylan James,Georgia,81,Jr,1438.0,-2.710075574420169,4.934411776310447,2.224336201890278
767,2026,Davide Poser,New Hampshire,76,Jr,2277.0,6.599307376961891,-4.3981847370354314,2.201122639926459
768,2026,Calvin Sirmans III,Stetson,68,Jr,2156.0,-0.6023027887739332,2.758768449550237,2.1564656607763037
769,2026,Mike Loughnane,Northeastern,76,Jr,2336.0,1.5206731175485206,0.6357608202830223,2.156433937831543
770,2026,Kameron Taylor,UNC Asheville,79,So,2751.0,9.83377039972556,-7.7033806225395365,2.130389777186024
771,2026,Davis Bynum,Rider,81,So,1351.0,-2.891317900219963,5.013168511768557,2.121850611548594
772,2026,Jestin Porter,Clemson,73,Sr,2545.0,-0.4733700833205656,2.5940090843481434,2.1206390010275777
773,2026,Barrington Hargress,Colorado,72,Jr,2779.0,-1.7145355162788753,3.8312920626828495,2.116756546403974
774,2026,Nick Boyd,Wisconsin,75,Sr,2531.0,2.3623029288715327,-0.2553076960649303,2.1069952328066024
775,2026,Marvin McGhee IV,UC Santa Barbara,79,Jr,1436.0,-1.8857740720857217,3.9904597452283532,2.1046856731426313
776,2026,Chase Martin,Oral Roberts,77,Sr,1852.0,-3.5002354778059286,5.60411126624783,2.103875788441901
777,2026,Bennett Stirtz,Iowa,76,Sr,2380.0,1.569605256889301,0.5264686506746896,2.0960739075639907
778,2026,Dasear Haskins,Saint Joseph's,80,Jr,2347.0,1.0598614907052997,1.0358566277400645,2.0957181184453644
779,2026,Tye Dorset,Merrimack,75,So,3015.0,-3.271406143456348,5.363292188846385,2.091886045390037
780,2026,Denis Badalau,Rutgers,81,Fr,843.0,6.293497974717005,-4.255085711939069,2.0384122627779364
781,2026,Jaden Clayton,Pacific,73,Sr,2616.0,-2.6792403419439155,4.6878704654346555,2.00863012349074
782,2026,Tyler Bilodeau,UCLA,81,Sr,2254.0,-4.541715632743706,6.523222709423912,1.9815070766802059
783,2026,Zion Cruz,Rider,77,Sr,2296.0,0.15304850064770048,1.8188967546731654,1.9719452553208658
784,2026,John Camden,California,80,Sr,2638.0,1.029170071530399,0.9375382391964451,1.9667083107268442
785,2026,Jonah Hinton,Rhode Island,75,Jr,2331.0,0.527820847650039,1.4178462467973927,1.9456670944474317
786,2026,Evan Phelps,East Texas A&M,72,Jr,1259.0,0.23394822605684418,1.7101628875293289,1.944111113586173
787,2026,Vaughn Weems,Nevada,77,Jr,10552.0,11.170255574189516,-9.243965411790144,1.926290162399372
788,2026,Pablo Tamba,LSU,79,Sr,2050.0,0.6407107255100377,1.284620122221333,1.9253308477313706
789,2026,Thomas Batties III,Harvard,79,Jr,2344.0,-2.7282874667958095,4.6494707292283906,1.921183262432581
790,2026,Adrian McIntyre,San Diego,75,Sr,2067.0,-3.3458829617009194,5.259287330106749,1.9134043684058293
791,2026,Brian Moore Jr.,Grand Canyon,73,Sr,1890.0,3.1234296805201374,-1.2105818146127065,1.9128478659074308
792,2026,Jalen Warley,Gonzaga,79,Sr,2046.0,-4.141308730174194,6.0478478373220375,1.906539107147843
793,2026,Joseph Venzant,Abilene Christian,75,Sr,2056.0,-2.3699571234102295,4.272346559130903,1.9023894357206736
794,2026,Anthony Nimani,Cornell,76,So,981.0,5.853737151971163,-3.9594680687508124,1.894269083220351
795,2026,Cale Jacobsen,Nebraska,76,Jr,1711.0,-4.68688810474163,6.548885948230636,1.8619978434890054
796,2026,Keelan Steele,Maine,82,Sr,1174.0,3.142441467763607,-1.2812280540974164,1.8612134136661909
797,2026,Tuongthach Gatkek,Little Rock,81,Sr,2431.0,5.644927984882301,-3.80665124763323,1.8382767372490711
798,2026,Kobe Rodgers,Louisville,75,Sr,1133.0,0.969987606173766,0.8493355312665856,1.8193231374403516
799,2026,Scottie Hubbard,Old Dominion,78,So,1253.0,1.2242197517992617,0.5737478155310183,1.79796756733028
800,2026,Ryan Conwell,Louisville,75,Sr,2406.0,2.920861953017684,-1.1239015456413108,1.796960407376373
801,2026,Te'Jon Sawyer,Montana,80,Sr,2392.0,-1.1555866182358105,2.9505897018404417,1.7950030836046311
802,2026,Tylen Riley,Tulsa,75,Jr,2127.0,7.31028572321289,-5.5401961193650635,1.7700896038478264
803,2026,Kedrick Osby,New Orleans,79,Jr,1316.0,3.8207731595386436,-2.057434671235881,1.7633384883027627
804,2026,Curt Lewis,Southern Miss,77,Sr,2007.0,-4.0761148813845605,5.832073431893415,1.7559585505088542
805,2026,Greyson Uelmen,North Dakota,74,Fr,3001.0,4.851193630024282,-3.0987829442613846,1.7524106857628974
806,2026,Timoty van der Knaap,Bradley,80,So,2085.0,0.5819157677415304,1.1665051646030546,1.748420932344585
807,2026,Nils Cooper,UC Davis,78,Jr,2185.0,4.937749574078713,-3.2129567932243894,1.7247927808543233
808,2026,NaVuan Peterson,Gardner-Webb,78,Sr,1035.0,1.3979070801100595,0.3246599309713863,1.7225670110814457
809,2026,Connor Igoe,Columbia,79,Fr,1504.0,-1.040813149217422,2.7480129577870476,1.7071998085696256
810,2026,Drew Scharnowski,Belmont,81,So,1957.0,-2.3559325530978232,4.043384931304688,1.687452378206865
811,2026,Brody Whitaker,Valparaiso,75,Sr,2146.0,0.0860765290871921,1.5622355570985786,1.6483120861857707
812,2026,Domas Kauzonas,UNC Greensboro,82,Jr,863.0,-5.914366332761983,7.551278030244736,1.6369116974827538
813,2026,Layden Blocker,DePaul,74,Jr,2114.0,2.758657649401104,-1.128546833399715,1.6301108160013889
814,2026,Avery Thomas II,Louisiana Tech,79,So,1923.0,-2.2893940671256345,3.9128861295739057,1.6234920624482712
815,2026,Xavier Amos,Loyola Chicago,79,Jr,1084.0,3.446412716562667,-1.8393696658287881,1.6070430507338789
816,2026,Jamarques Lawrence,Nebraska,75,Sr,2257.0,1.082815243121193,0.523715744236946,1.606530987358139
817,2026,Kiyan Anthony,Syracuse,77,Fr,1595.0,3.016016374330897,-1.4135668383389235,1.6024495359919735
818,2026,Sam Brown,Davidson,75,Jr,1706.0,4.094601361989975,-2.4940925519768586,1.6005088100131162
819,2026,David Mirkovic,Illinois,81,Fr,2253.0,-4.2407910923994105,5.824415963472006,1.5836248710725958
820,2026,Fallou Gueye,Sacred Heart,78,So,1090.0,4.884210926760089,-3.3066326256425183,1.5775783011175704
821,2026,Nick Jones,Wagner,74,Jr,2276.0,1.4822531079986616,0.0756180751254707,1.5578711831241323
822,2026,Dok Muordar,Monmouth,83,Sr,939.0,0.12394356784923788,1.4276128647951807,1.5515564326444187
823,2026,Tom House,Furman,79,Sr,2345.0,-2.487296850689238,4.027999998605224,1.5407031479159858
824,2026,Tyler Johnson,Virginia Tech,77,So,3051.0,0.2106178604138238,1.3186918703759498,1.5293097307897736
825,2026,Jamie Phillips Jr.,Stetson,77,So,1667.0,4.902453556767839,-3.423487768674327,1.4789657880935123
826,2026,Xzayvier Brown,Oklahoma,74,Jr,2449.0,-3.2038023438871237,4.6566041949292005,1.4528018510420768
827,2026,Brody Robinson,Oakland,71,Sr,3169.0,-4.604714512726358,6.051138474406352,1.4464239616799945
828,2026,Dante Censori-Hercules,Portland,79,Fr,1590.0,2.7167281371776917,-1.317362915193709,1.3993652219839827
829,2026,Ace Buckner,Clemson,74,So,1664.0,-0.42048448401252525,1.8127936958341406,1.3923092118216154
830,2026,Akai Fleming,Georgia Tech,76,Fr,2001.0,2.877310095194844,-1.498904212913501,1.378405882281343
831,2026,Jaylen Jones,Jacksonville,72,Jr,2187.0,-0.5659703092571506,1.9343254426768186,1.368355133419668
832,2026,TJ Wainwright,Pacific,75,Sr,2790.0,8.899116684826916,-7.550253209992426,1.3488634748344905
833,2026,Donald Hand Jr.,Boston College,77,Jr,2270.0,5.839324625356553,-4.499605295553657,1.3397193298028958
834,2026,Jerrell Colbert,McNeese,82,Sr,1504.0,-0.42747275686489994,1.7668941905853313,1.3394214337204313
835,2026,Anton Bonke,Charlotte,86,Jr,1842.0,-2.0380496877421335,3.3709564865713326,1.3329067988291992
836,2026,Isaac Davis,Utah Valley,80,So,1386.0,2.515113799187324,-1.182643054422839,1.3324707447644848
837,2026,Vuk Boskovic,San Diego,79,Jr,1888.0,-3.1941224073153025,4.515598867885618,1.3214764605703158
838,2026,Melvyn Ebonkoli,NJIT,80,Sr,1294.0,2.8596940776505395,-1.542126996644054,1.3175670810064855
839,2026,DJ Patrick,UNC Asheville,78,Sr,2615.0,-0.45127952072107735,1.7440729040199314,1.292793383298854
840,2026,Alex Kazanecki,Delaware,78,Fr,2632.0,0.0013327894941386198,1.2713882003848056,1.2727209898789442
841,2026,LeBron Thomas,Green Bay,75,Jr,997.0,-2.767498348214562,4.0396647191966615,1.2721663709820996
842,2026,Valentino Pinedo,UNC Greensboro,80,Sr,1924.0,-3.9268686131196207,5.182074545279213,1.2552059321595923
843,2026,Bryson Tucker,Washington,79,So,1359.0,1.6808189377389309,-0.43528808059018154,1.2455308571487493
844,2026,Ryan Agarwal,Stanford,78,Jr,1886.0,3.839679684450638,-2.5982696306968274,1.2414100537538104
845,2026,Jahari Long,George Mason,77,Sr,2964.0,2.110116091168776,-0.871026669643782,1.2390894215249943
846,2026,Meechie Johnson,South Carolina,74,Sr,2507.0,-3.3209053542315656,4.536783992641606,1.2158786384100404
847,2026,Andrew Alia,Drake,74,Jr,2856.0,0.9677376831343929,0.238897969841119,1.2066356529755118
848,2026,Mason Lee,North Florida,79,So,2521.0,-4.480852220652862,5.68704013386169,1.2061879132088285
849,2026,Ronnie Harrison,East Texas A&M,78,Jr,2869.0,-0.7983107125983999,1.9755000160970022,1.1771893034986023
850,2026,Zach Kraft,North Dakota,74,So,2586.0,0.6765118741544223,0.49929011643282495,1.1758019905872472
851,2026,Jalen Lee,Southern Utah,79,So,1161.0,-2.3620654344355465,3.529717309877722,1.1676518754421754
852,2026,Rakim Chaney,Valparaiso,75,Fr,2522.0,-3.852473682832261,5.0152511677438625,1.1627774849116013
853,2026,Eric Acker,La Salle,74,Jr,1180.0,5.4066789951176215,-4.27100599911521,1.1356729960024117
854,2026,Isaiah Dorceus,Milwaukee,72,Jr,2018.0,4.092888803849932,-2.9849774352499865,1.1079113685999453
855,2026,Giovanni Emejuru,East Carolina,82,Sr,2901.0,-2.4712905099193785,3.5578502942920305,1.086559784372652
856,2026,CJ Happy,Princeton,81,So,1303.0,-0.7625289149191787,1.819917580713498,1.0573886657943192
857,2026,Dante Oliver,North Florida,77,So,1226.0,2.2946564402926004,-1.2415694313485273,1.0530870089440731
858,2026,Brady Dunlap,Saint Louis,79,So,1457.0,2.1447864395536467,-1.0962455787399572,1.0485408608136895
859,2026,Nijel Pack,Oklahoma,70,Sr,2306.0,-11.82990164354241,12.858150255125333,1.0282486115829226
860,2026,Tyon Grant-Foster,Gonzaga,79,Sr,1989.0,5.984268492283731,-5.000969417584395,0.9832990746993362
861,2026,Zee Hamoda,Nicholls,79,Sr,1587.0,-0.5265518221894318,1.4959941743200735,0.9694423521306418
862,2026,Francis Folefac,Siena,79,Fr,2073.0,1.754560799343758,-0.7927526496226474,0.9618081497211106
863,2026,Logan Carey,Maine,75,Jr,1973.0,4.390643069937443,-3.5095175691980796,0.8811255007393637
864,2026,Legend Smiley,San Francisco,77,Fr,1698.0,0.4429901609813902,0.4319445410573194,0.8749347020387096
865,2026,Comeh Emuobor,New Hampshire,77,Jr,1463.0,4.038039689245343,-3.179590845071015,0.8584488441743279
866,2026,Tom Beattie,UC San Diego,76,Jr,2709.0,-3.5004760120380034,4.326058366444366,0.8255823544063627
867,2026,Boopie Miller,SMU,72,Sr,3166.0,0.36255481437495884,0.4544296290840011,0.8169844434589599
868,2026,Nick Davidson,Clemson,82,Sr,1930.0,2.1390901952886896,-1.327716894398045,0.8113733008906445
869,2026,Stefan Cicic,Pepperdine,84,Fr,1271.0,0.018970069501363263,0.7630377811685181,0.7820078506698813
870,2026,Jake Davis,Cal Poly,76,Jr,2024.0,-1.9179667119515278,2.6991115262693244,0.7811448143177966
871,2026,Grant Asman,Lipscomb,82,Sr,3914.0,0.31141433898593984,0.4669252047592285,0.7783395437451683
872,2026,Will Heimbrodt,Seattle U,79,So,2581.0,-3.9089503483689603,4.641346665036043,0.7323963166670824
873,2026,Bradey Henige,California Baptist,84,So,1644.0,-5.865255500367067,6.587990910440773,0.7227354100737058
874,2026,Reggie Prudhomme,Niagara,72,Sr,2067.0,-7.49739790695704,8.186333475311052,0.6889355683540126
875,2026,Obi Agbim,Baylor,75,Sr,2662.0,2.0168894075027666,-1.3292869350476382,0.6876024724551284
876,2026,Tyler Schmidt,Towson,76,Sr,1205.0,4.0121269928110195,-3.3327173197708637,0.6794096730401558
877,2026,London Maiden,Detroit Mercy,80,Jr,1315.0,-7.5049282371701445,8.170577516255761,0.665649279085617
878,2026,Ja'Sean Glover,Omaha,77,Sr,2211.0,2.560804230842397,-1.9030936756601855,0.6577105551822113
879,2026,Kareem Thomas,Dartmouth,77,So,2668.0,3.3489651583127706,-2.7190068062892947,0.6299583520234759
880,2026,Declan Wucherpfennig,Fairfield,79,Fr,2686.0,6.267317152744873,-5.638048580148659,0.6292685725962137
881,2026,Christian Winborne,Nicholls,75,Sr,2593.0,-0.9430376315399398,1.5652347874962715,0.6221971559563317
882,2026,Tyler Tanner,Vanderbilt,72,So,4760.0,4.537557876316138,-3.9215423974967685,0.6160154788193699
883,2026,Kam Sanders,Air Force,75,Fr,2375.0,2.5890927834010995,-2.012844016312876,0.5762487670882237
884,2026,Allen Graves,Santa Clara,81,Fr,2012.0,5.102122279090181,-4.5698843255974095,0.5322379534927713
885,2026,Brian Sumpter,Wofford,80,Fr,2132.0,-0.27552616377507544,0.8010909825741839,0.5255648187991084
886,2026,James Graham III,Alabama A&M,79,Jr,1679.0,5.160531772690678,-4.635830695482588,0.52470107720809
887,2026,Roddie Anderson III,Xavier,75,Sr,2086.0,4.653957893941532,-4.143756141930393,0.5102017520111382
888,2026,Caleb Embeya,Towson,81,So,1753.0,-1.2703468281619335,1.7794520722600273,0.5091052440980939
889,2026,Isaac Asuma,Minnesota,75,So,2856.0,-4.656760355724573,5.142614755686863,0.48585439996229063
890,2026,Victor Valdes,Troy,79,Jr,2338.0,6.4187752639717734,-5.955961301663792,0.46281396230798144
891,2026,Quante Berry,Memphis,76,Jr,1337.0,-2.8391006935804137,3.295682413960635,0.45658172038022116
892,2026,Mike Williams,Seton Hall,75,So,1535.0,2.991909923750249,-2.5408673102751598,0.4510426134750891
893,2026,Tyson Brown,Radford,81,Sr,2628.0,-4.667370208250034,5.080935504581904,0.41356529633186945
894,2026,Ian Platteeuw,Davidson,84,Fr,1192.0,6.582890996272687,-6.183851205760846,0.399039790511841
895,2026,Jerome Brewer Jr.,La Salle,81,Sr,1505.0,-3.896049704422775,4.294942092351089,0.3988923879283144
896,2026,Hamad Mousa,Cal Poly,80,So,2958.0,-1.019985617104966,1.408256704480877,0.388271087375911
897,2026,Leroy Blyden Jr.,Toledo,73,Fr,2650.0,-8.830957354927643,9.19930544375527,0.36834808882762715
898,2026,Kasheem Grady II,Kansas City,77,Sr,2286.0,-3.1907910963890265,3.553444603949095,0.36265350756006853
899,2026,Themus Fulks,UCF,74,Sr,2543.0,-0.06499316715347181,0.42065967373079083,0.355666506577319
900,2026,Damarius Owens,Marquette,79,So,1148.0,0.2997775787474959,0.04830964459875453,0.3480872233462504
901,2026,Angelo Brizzi,Buffalo,75,Sr,2337.0,3.1803077561463944,-2.8453593775314703,0.3349483786149241
902,2026,Paul McNeil Jr.,NC State,77,So,2253.0,1.0118188423537164,-0.6823212842686592,0.3294975580850572
903,2026,Damarco Minor,Pittsburgh,72,Sr,2666.0,5.302882871717011,-5.006523327301165,0.29635954441584555
904,2026,Jordan Clayton,Northwestern,74,Jr,1224.0,-1.4338975902185211,1.696917026552505,0.26301943633398395
905,2026,Nate Guerengomba,Quinnipiac,77,So,1107.0,1.6123838361552658,-1.351584247539543,0.26079958861572283
906,2026,Tai Turnage,Quinnipiac,72,Fr,1054.0,6.04718458049957,-5.799612158652942,0.24757242184662775
907,2026,Chance Westry,UAB,78,So,2451.0,6.952827981628206,-6.720255425320995,0.2325725563072112
908,2026,Marquel Sutton,LSU,79,Sr,2342.0,0.34682655448642885,-0.12000560576153241,0.22682094872489644
909,2026,Trent Johnson,Houston Christian,78,Sr,2398.0,-5.28399168157733,5.504917105754275,0.22092542417694538
910,2026,Evan Mahaffey,Akron,78,Sr,2719.0,-1.135196880850859,1.3265139309025313,0.19131705005167232
911,2026,Isaiah Langham,Brown,77,Fr,1601.0,3.613927278366024,-3.424788056365734,0.1891392220002901
912,2026,Carmelo Pacheco,UCF,77,Jr,1198.0,1.2423570195979075,-1.0781203559018886,0.16423666369601886
913,2026,Braden Appelhans,Drake,79,Jr,1111.0,-0.09490533964604708,0.2383420914234493,0.14343675177740223
914,2026,Ryan Soulis,Columbia,82,So,1575.0,-5.109072119153625,5.240262667936062,0.1311905487824374
915,2026,Javon Cooley,Pepperdine,77,Sr,2858.0,0.13807507712510225,-0.021382620909940808,0.11669245621516144
916,2026,Esyah Pippa-White,Milwaukee,74,Jr,1541.0,1.0221276986683927,-0.9435721773143233,0.0785555213540694
917,2026,Carson Johnson,Denver,72,So,2975.0,-2.5165498596309726,2.5942761833199333,0.07772632368896071
918,2026,Sebastian Rancik,Colorado,83,So,2490.0,0.8211303164259625,-0.7441300552792809,0.07700026114668157
919,2026,Yonatan Levy,Pepperdine,81,So,1851.0,-3.5967370615334247,3.6098399903679463,0.013102928834521688
920,2026,Dariyus Woodson,Louisiana,79,Sr,1520.0,2.5585208769333585,-2.5508136898896154,0.007707187043743069
921,2026,Chris Dockery,Kansas City,78,Jr,2073.0,-2.004709320031893,1.9994084768132312,-0.005300843218661866
922,2026,Todd Jones Jr.,Louisiana,81,So,1385.0,0.3465273981894428,-0.36643699064647084,-0.019909592457028058
923,2026,Miro Little,UC Santa Barbara,75,Jr,1321.0,-2.4219735381980265,2.4011781167525594,-0.020795421445467088
924,2026,Jordan Lowery,UT Arlington,73,Fr,997.0,-5.5447095743526225,5.506659026181564,-0.03805054817105802
925,2026,Sharron Young,Akron,72,So,1849.0,-0.7482411502748261,0.6792856308324293,-0.06895551944239675
926,2026,Andrej Shoshkikj,Stony Brook,74,Fr,2139.0,-4.3895758825493445,4.277686980233752,-0.11188890231559245
927,2026,Sam Orme,Belmont,81,So,2202.0,0.8269411600483607,-0.9708826172392542,-0.14394145719089346
928,2026,Montana Wheeler,Bradley,70,Fr,2062.0,4.902266936205791,-5.062137861658251,-0.15987092545246018
929,2026,Je'Shawn Stevenson,North Texas,74,Fr,2492.0,2.479948228451082,-2.659885605018381,-0.1799373765672989
930,2026,Carl Cherenfant,McNeese,77,Jr,1356.0,2.072478017606193,-2.2527229350272693,-0.18024491742107607
931,2026,Roor Akhuar,Fordham,79,Fr,1214.0,-0.3845551952749271,0.2034613409100383,-0.18109385436488878
932,2026,Josh Jones,North Dakota,81,Jr,1559.0,-1.703154667637467,1.462917227292409,-0.240237440345058
933,2026,Tyler Rolison,Nevada,72,Jr,11882.0,7.412469940232388,-7.672707394686306,-0.2602374544539181
934,2026,Trent Mosquera,Le Moyne,76,Sr,2948.0,-1.2775827211475739,1.0052356398096718,-0.2723470813379021
935,2026,Liutauras Lelevicius,TCU,79,Jr,1774.0,-5.1714807561181075,4.880298165685003,-0.29118259043310424
936,2026,Louis Lesmond,Fordham,78,Sr,1414.0,-1.2263672053973378,0.9204665089052189,-0.30590069649211893
937,2026,Jackson Paveletzke,Ohio,74,Sr,3042.0,-0.16831646917460674,-0.14516908672346496,-0.3134855558980717
938,2026,Andrew Henderson,UC Riverside,77,Sr,3029.0,2.307411488556278,-2.621247472197524,-0.3138359836412459
939,2026,Bahsil Laster,UT Arlington,76,So,1515.0,3.9341983232938644,-4.252765174090496,-0.3185668507966315
940,2026,Brandon Hall,Duquesne,75,Sr,970.0,-0.7393775551421364,0.3575616562327377,-0.3818158989093987
941,2026,Milos Ilic,California,82,Sr,1487.0,4.567372255978539,-4.949732943262989,-0.38236068728445005
942,2026,KJ Thomas,UTEP,73,So,2528.0,-1.9731410269754859,1.586922546331878,-0.386218480643608
943,2026,Deangelo Elisee,Purdue Fort Wayne,81,Sr,1128.0,-6.101623187716243,5.694161767007391,-0.4074614207088514
944,2026,Justin Thomas,Bowling Green,79,Sr,2215.0,-0.07896536876262772,-0.32949426852689756,-0.4084596372895253
945,2026,Richard Goods,Stony Brook,81,So,2121.0,1.278661385897922,-1.6942577990764924,-0.4155964131785703
946,2026,Binael Basil,Wagner,79,So,1656.0,7.7783768041217005,-8.223714566155266,-0.44533776203356545
947,2026,Isaiah Johnson,Colorado,73,Fr,2642.0,-0.3181951505261109,-0.13347266009473113,-0.45166781062084205
948,2026,Rowan Brumbaugh,Tulane,76,Jr,2908.0,-1.4690233212584576,1.0156358507374978,-0.45338747052095973
949,2026,Fatt Hill,George Mason,77,Sr,1588.0,3.876091466258378,-4.349327232877947,-0.473235766619569
950,2026,Kosy Akametu,Iona,77,Jr,1793.0,-2.618773004878002,2.1378183434461935,-0.48095466143180854
951,2026,Jonas Sirtautas,Loyola Maryland,81,Jr,1230.0,6.213536015170341,-6.702744351854281,-0.4892083366839399
952,2026,Malik Presley,George Mason,78,Jr,1640.0,-2.870291394515847,2.3810108637182497,-0.48928053079759737
953,2026,Kareem Stagg,Georgia,80,Fr,1025.0,-0.6560803695007629,0.15323790109354762,-0.5028424684072152
954,2026,Quentin Heady,Bethune-Cookman,78,Jr,2127.0,1.3053214538335305,-1.8104619760870246,-0.5051405222534942
955,2026,Kilian Brockhoff,William & Mary,80,Jr,1989.0,-2.644512248094568,2.137502976894988,-0.5070092711995802
956,2026,Caleb Steger,Boston College,77,Fr,864.0,-1.4154638310536134,0.877781009090828,-0.5376828219627854
957,2026,Jamai Felt,Temple,82,So,1031.0,-1.3800928971878423,0.8276534713732904,-0.552439425814552
958,2026,Curtis Williams III,Gardner-Webb,78,Jr,1740.0,-1.631466322795934,1.0537998477332455,-0.5776664750626885
959,2026,Nikolaos Chitikoudis,Robert Morris,78,Jr,2161.0,-2.460894664593912,1.8668699829579514,-0.5940246816359607
960,2026,Chris Cenac Jr.,Houston,83,Fr,1858.0,3.825643046288022,-4.421660348709084,-0.5960173024210618
961,2026,LJ Thomas,Old Dominion,74,Sr,2188.0,1.8177814642972057,-2.435438646952349,-0.6176571826551434
962,2026,Yohan Traore,Butler,83,Sr,1824.0,0.6051624547647121,-1.2448925452671116,-0.6397300905023995
963,2026,Eoin Dillon,Belmont,81,Fr,1527.0,-5.180345491031623,4.506588199129112,-0.6737572919025112
964,2026,Xavier Abreu,Northeastern,75,Fr,1675.0,3.159081761463044,-3.8582480975996254,-0.6991663361365812
965,2026,DeSean Goode,Robert Morris,80,Fr,2640.0,0.1848823433851834,-0.8875599012725528,-0.7026775578873694
966,2026,Linus Holmstrom,VMI,75,So,2315.0,-2.4553794235270696,1.7282115783266456,-0.727167845200424
967,2026,Noah Pagotto,East Texas A&M,79,Jr,2603.0,-1.7665256586559033,1.0157101274020213,-0.750815531253882
968,2026,Chris Lockett Jr.,Jacksonville,76,So,1986.0,-4.5112155948295385,3.7561118824670006,-0.7551037123625379
969,2026,Benny Gealer,Stanford,73,Sr,2309.0,2.806094356221502,-3.575626585019859,-0.769532228798357
970,2026,Demarion Burch,Bradley,76,Jr,1841.0,-0.9184644288643912,0.14534030233919815,-0.773124126525193
971,2026,Brett White II,Oakland,78,Sr,2073.0,-3.2724618988449645,2.490838533019155,-0.7816233658258094
972,2026,Jack Turner,Oral Roberts,75,So,1762.0,-6.32062522086369,5.529487794966908,-0.7911374258967818
973,2026,Tennessee Rainwater,Le Moyne,78,Jr,2159.0,2.5898076556583103,-3.3955050882200584,-0.8056974325617481
974,2026,Karmello Branch,Kansas City,76,Jr,2511.0,-5.431751153644429,4.617092217073129,-0.8146589365713002
975,2026,Justin Allen,Green Bay,76,Sr,2223.0,2.1779807285503834,-3.0020929557458285,-0.8241122271954451
976,2026,Nana Owusu-Anane,Grand Canyon,80,Sr,2532.0,-4.254212643606764,3.396423655598607,-0.8577889880081573
977,2026,Wilson Dubinsky,Marshall,75,Sr,1647.0,2.446007854694277,-3.307293175448495,-0.8612853207542179
978,2026,Erich Harding,Marshall,82,So,1361.0,-6.9176859666968245,6.048281713471628,-0.8694042532251967
979,2026,Truth Harris,La Salle,74,Sr,1165.0,1.1680466074628644,-2.037499350345956,-0.8694527428830918
980,2026,Nate Ament,Tennessee,82,Fr,2428.0,-8.651383964686651,7.779334689759848,-0.8720492749268036
981,2026,AJ Smith,Bradley,78,Sr,2179.0,-2.3753671103482366,1.4843285138838977,-0.8910385964643388
982,2026,German Plotnikov,Hofstra,77,Sr,2459.0,2.2590950199965754,-3.1802970505808164,-0.921202030584241
983,2026,Yame Butler,Butler,77,Sr,1288.0,-0.41998806963685453,-0.5077466273462576,-0.9277346969831122
984,2026,Tobe Awaka,Arizona,80,Sr,1831.0,-5.768633775854502,4.832548659689024,-0.9360851161654775
985,2026,Hunter Adam,Davidson,79,Jr,1158.0,-5.226713354328365,4.290077282519389,-0.9366360718089757
986,2026,Tomas Valentiny,Stony Brook,78,Fr,1654.0,1.2723384643378055,-2.237435696227884,-0.9650972318900783
987,2026,Trevan Leonhardt,Utah Valley,76,Jr,2640.0,4.661570549809287,-5.659110582071699,-0.9975400322624122
988,2026,Griffen Goodbary,Drake,82,Fr,1036.0,1.4832621566610604,-2.4946729830637815,-1.011410826402721
989,2026,Ja'Corey Robinson,Austin Peay,78,Fr,1417.0,0.49436614853023286,-1.5367915258348515,-1.0424253773046186
990,2026,Rashund Washington Jr.,UIC,77,Fr,2074.0,2.715871294121657,-3.7614434799877214,-1.0455721858660643
991,2026,Landon Williams,Niagara,76,So,1464.0,1.015842232330865,-2.068952272623517,-1.053110040292652
992,2026,John Blackwell,Wisconsin,76,Jr,2642.0,-5.136208003449148,4.0828865239408385,-1.05332147950831
993,2026,Javan Simmons,Ohio,79,Jr,2260.0,2.674363604883422,-3.7388822241224937,-1.0645186192390717
994,2026,Tristan Thompson,Coastal Carolina,77,Fr,1854.0,0.9892591325665285,-2.0606547903565757,-1.0713956577900472
995,2026,Bradyn Hubbard,Abilene Christian,79,Sr,2208.0,-1.726075669457516,0.6243585689995999,-1.101717100457916
996,2026,KyeRon Lindsay-Martin,UAB,80,Jr,1684.0,-2.4753390881922894,1.3735116358675525,-1.101827452324737
997,2026,Devin Tillis,Virginia,79,Sr,1199.0,-4.439610274429551,3.3309020785799826,-1.1087081958495686
998,2026,Jaxon Pollard,Samford,79,Sr,918.0,0.19075201085713545,-1.3017722947032175,-1.111020283846082
999,2026,Reggie Hill,Coastal Carolina,79,Sr,2203.0,0.9378011348356421,-2.0588937849632227,-1.1210926501275806
1000,2026,Jalen Celestine,Cincinnati,79,Sr,1785.0,-1.033496169378341,-0.09348143761522376,-1.1269776069935649
1001,2026,Jordan Muller,California Baptist,72,Fr,2154.0,3.423486175587474,-4.5507636098634014,-1.1272774342759275
1002,2026,Davis Fogle,Gonzaga,79,Fr,1130.0,2.0976433762248266,-3.2908988152122443,-1.1932554389874177
1003,2026,Ethan Butler,Charlotte,79,Sr,1010.0,-7.867736331211374,6.663727415564605,-1.204008915646769
1004,2026,Caleb Blackwell,UTEP,73,Jr,2425.0,2.169846962044597,-3.3957501277588267,-1.2259031657142296
1005,2026,Ben Johnson,Vermont,75,Sr,1680.0,-0.21777515967167194,-1.0209779569627546,-1.2387531166344266
1006,2026,Mari Jordan,Radford,80,So,1263.0,-1.8538131956284274,0.6130026738392402,-1.2408105217891872
1007,2026,Bukky Oboye,Santa Clara,85,So,1715.0,4.484713664909154,-5.732090398156754,-1.2473767332476005
1008,2026,Michael Houge,Oakland,79,Sr,2055.0,-2.247138277200726,0.9621546063842197,-1.2849836708165063
1009,2026,Kymany Houinsou,Loyola Chicago,79,Jr,1365.0,0.8014343611038673,-2.08802081933905,-1.286586458235183
1010,2026,Naas Cunningham,UNLV,79,Fr,876.0,2.989552654815794,-4.28539138741011,-1.2958387325943161
1011,2026,Christian Humphrey-Rembert,Lafayette,81,Fr,2504.0,-2.3191406885906454,1.020332438087193,-1.2988082505034524
1012,2026,Caleb Williams,Georgetown,79,So,2444.0,-6.971367388741827,5.662007851660576,-1.3093595370812512
1013,2026,Braden Sparks,Fairfield,72,Sr,2715.0,3.700315798803321,-5.012569239017541,-1.3122534402142199
1014,2026,Dior Conners,Ohio,75,Sr,978.0,-3.5415123151984322,2.204443849860727,-1.3370684653377052
1015,2026,Reggie Thomas,North Dakota,73,Sr,1059.0,-0.3655256621090026,-0.9745251663385361,-1.3400508284475388
1016,2026,Shon Abaev,Cincinnati,80,Fr,1137.0,4.579994322733642,-5.923460938566311,-1.3434666158326696
1017,2026,All Wright,Xavier,75,So,2109.0,4.245975006397558,-5.590127201038726,-1.3441521946411683
1018,2026,Leonardo Bettiol,Massachusetts,81,Sr,2563.0,0.2543705784136203,-1.598951302484771,-1.3445807240711507
1019,2026,Jizzle James,Cincinnati,,,1531.0,3.8807305227148046,-5.232370535551347,-1.3516400128365422
1020,2026,Mikkel Tyne,Richmond,70,Jr,1594.0,-3.571023529963785,2.2080117891982782,-1.363011740765507
1021,2026,Trent Sisley,Indiana,80,Fr,1046.0,1.136355655138595,-2.5039530562935033,-1.3675974011549084
1022,2026,Dashon Gittens,Sacred Heart,75,Sr,2918.0,-2.1786363986877184,0.7823314532826062,-1.3963049454051122
1023,2026,Jacob Walker,Sam Houston,73,Fr,2261.0,-1.9335670820308954,0.5367321160350162,-1.3968349659958792
1024,2026,Jack Smiley,Belmont,74,Fr,1626.0,6.703804683224118,-8.109778131545317,-1.4059734483211992
1025,2026,Brigham Rogers,Belmont,81,Jr,1783.0,-0.4056242750767137,-1.036092851727393,-1.441717126804107
1026,2026,Eric Mahaffey,Akron,76,So,2352.0,-3.512957909056442,2.068377214090846,-1.444580694965596
1027,2026,Okku Federiko,Drake,81,So,2086.0,1.7668394406639303,-3.2173960595561546,-1.4505566188922243
1028,2026,Miles Goodman,UT Arlington,83,Fr,871.0,-6.966257578805224,5.512057463131362,-1.4542001156738618
1029,2026,Brendan Rigsbee,Wofford,75,Jr,1222.0,-0.4846814297725235,-0.9769695918063508,-1.4616510215788743
1030,2026,Finley Sheridan,Stetson,82,Jr,1544.0,-1.9796340660058869,0.5080505307544807,-1.4715835352514062
1031,2026,Alex Hemenway,Evansville,76,Sr,2212.0,1.909276218532375,-3.4078498587086297,-1.4985736401762546
1032,2026,MJ Thomas,New Orleans,80,So,2203.0,3.003758407936009,-4.508061811191016,-1.5043034032550073
1033,2026,Mikel Brown Jr.,Louisville,77,Fr,1731.0,-2.071631639443276,0.5397575988745986,-1.5318740405686775
1034,2026,Kevair Kennedy,Merrimack,74,Fr,3006.0,1.1379606591880012,-2.6725644566825024,-1.5346037974945013
1035,2026,Khoi Thurmon,Oakland,73,Jr,1047.0,-1.4465804258178956,-0.10625770231789433,-1.55283812813579
1036,2026,Mekhi Lowery,UIC,79,Jr,2268.0,1.7831706992878749,-3.343637017386231,-1.560466318098356
1037,2026,Matas Deniusas,UT Martin,81,Fr,2382.0,1.3902821855576057,-2.9606364837605135,-1.5703542982029077
1038,2026,Israel Hart,Southern Miss,75,Sr,1683.0,1.2256962936727516,-2.816278713086991,-1.5905824194142393
1039,2026,Evan Haywood,Butler,76,So,1731.0,-6.156545167187286,4.5545895534485945,-1.6019556137386912
1040,2026,Noah Bolanga,Utah Tech,80,So,2777.0,-4.0108018647250425,2.399785127389416,-1.6110167373356266
1041,2026,Melian Martinez,Louisiana Tech,84,Jr,1003.0,-0.10225629989061091,-1.524344798196955,-1.6266010980875658
1042,2026,Asa Thomas,Furman,79,So,2144.0,-5.2489383217742915,3.582377549976786,-1.6665607717975055
1043,2026,Brandin Cummings,Pittsburgh,75,So,1413.0,2.4118212274584696,-4.0851583919585375,-1.6733371645000679
1044,2026,Austin Parks,Toledo,82,Jr,1979.0,-2.6903655217525544,1.0064081916820555,-1.6839573300704989
1045,2026,Jaiden Glover-Toscano,Saint Joseph's,78,So,2358.0,-0.8367228490921552,-0.8473638720634094,-1.6840867211555646
1046,2026,Youri Fritz,Northeastern,80,Sr,1481.0,-2.9858225071200715,1.3001493581007204,-1.685673149019351
1047,2026,Derek Simpson,Saint Joseph's,75,Sr,2801.0,-2.0388242208403193,0.34450552035879856,-1.6943187004815208
1048,2026,Jusaun Holt,Utah Tech,79,Sr,2493.0,2.9645345475363327,-4.668699409481525,-1.7041648619451926
1049,2026,Zytarious Mortle,Texas Southern,74,Sr,1677.0,7.361730259543245,-9.10277713246509,-1.741046872921844
1050,2026,Tim Oboh,Buffalo,83,So,1614.0,1.1827662502333252,-2.945508113076902,-1.7627418628435767
1051,2026,Daylen Berry,Winthrop,76,Sr,1605.0,-0.7322835195594786,-1.054858198034715,-1.7871417175941935
1052,2026,Harun Zrno,Rutgers,79,Fr,1632.0,1.6123231253339316,-3.4043802075868594,-1.7920570822529278
1053,2026,Roderick Coffee III,Grambling,76,Sr,2493.0,-2.9153329333543367,1.1127588342502719,-1.8025740991040649
1054,2026,Adam Clark,Seton Hall,70,Jr,2287.0,-4.2373173389104055,2.4059610292402587,-1.8313563096701468
1055,2026,Brayden Fagbemi,UC Davis,72,Jr,2307.0,-2.5675899368813795,0.7139361704258902,-1.8536537664554893
1056,2026,Tyler Lundblade,Belmont,77,Sr,3237.0,0.3775382484285779,-2.248434715522072,-1.870896467093494
1057,2026,Justin Menard,Marist,75,So,2328.0,5.564404241910742,-7.439625398834451,-1.8752211569237094
1058,2026,Dasonte Bowen,St. Bonaventure,74,Jr,2875.0,2.6328665507470395,-4.54207098510461,-1.9092044343575707
1059,2026,Jalen Breath,Ohio,80,Sr,1012.0,-1.6603442595810647,-0.2569130965780855,-1.9172573561591502
1060,2026,Jack Whitbourn,Fordham,82,So,768.0,-0.3909730289500266,-1.526796844567138,-1.9177698735171647
1061,2026,Kaseem Watson,UTEP,81,Jr,2661.0,-1.3531758139465513,-0.5744766329275834,-1.9276524468741347
1062,2026,Reece Robinson,North Texas,80,So,1686.0,0.7809772407140889,-2.7197597916424443,-1.9387825509283554
1063,2026,Antwone Woolfolk,Miami (OH),81,Sr,1836.0,-4.176244968468052,2.229260359139543,-1.946984609328509
1064,2026,Cooper Noard,Cornell,74,Sr,2127.0,0.8366890205295019,-2.8206528310176084,-1.9839638104881065
1065,2026,Deywilk Tavarez,Loyola Chicago,74,So,1806.0,-3.837900026260132,1.8377310040199157,-2.0001690222402164
1066,2026,Luke Jungers,Iona,81,Sr,1183.0,-3.5626982578808315,1.5546087566135416,-2.00808950126729
1067,2026,Jalyke Gaines-Wyatt,Hampton,72,Jr,2077.0,-0.09463903246908578,-1.9245503608172365,-2.0191893932863225
1068,2026,Arterio Morris,Bethune-Cookman,75,Jr,2204.0,7.313456218792291,-9.334441464775118,-2.0209852459828266
1069,2026,Justus McNair,Valparaiso,75,So,1620.0,2.024785178475886,-4.0744010639809725,-2.0496158855050863
1070,2026,Keeyan Itejere,Rhode Island,81,Sr,2305.0,0.22732461967941725,-2.282761275129893,-2.0554366554504755
1071,2026,Cole McCabe,Rider,80,So,953.0,-2.7017595944665524,0.6419265662792957,-2.0598330281872568
1072,2026,Garfield Turner,Drexel,80,Sr,1362.0,-7.979994998809264,5.91885066821221,-2.0611443305970543
1073,2026,Dominique Ford,San Diego,77,Sr,1740.0,1.0436628915134905,-3.107823253576081,-2.0641603620625903
1074,2026,Demitri Gardner,East Carolina,,,1300.0,-0.9244773487329966,-1.1402821271083194,-2.064759475841316
1075,2026,Kieran Elliott,Cal Poly,78,Jr,1088.0,-1.732619754332466,-0.34542258209670285,-2.078042336429169
1076,2026,Kaleb Banks,DePaul,80,Sr,1156.0,-1.2566056211469552,-0.8287603348715873,-2.0853659560185425
1077,2026,Sam Lewis,Virginia,79,Jr,2175.0,-2.0114741465255053,-0.08386628958328446,-2.0953404361087897
1078,2026,Dalton Gayman,North Florida,79,Sr,2312.0,-0.6831445358832526,-1.417853312991273,-2.100997848874526
1079,2026,Jackson Benigni,Binghamton,73,Sr,2488.0,-2.5913298475819766,0.48690164091195687,-2.1044282066700197
1080,2026,John Kelly,NJIT,80,So,1343.0,0.8899051413791246,-3.030676250380047,-2.1407711090009225
1081,2026,Connor Serven,Mercer,80,Sr,1617.0,2.4366409521646046,-4.587359846633552,-2.1507188944689473
1082,2026,Eli King,North Dakota,76,Sr,3290.0,-2.928265086184946,0.7507191107153379,-2.177545975469608
1083,2026,Jack Graham,New Hampshire,75,Jr,2292.0,-0.811654675968789,-1.3664027561906025,-2.1780574321593917
1084,2026,EJ Mosley,Purdue Fort Wayne,72,Fr,1181.0,-0.31045951259067617,-1.8755876390818393,-2.1860471516725157
1085,2026,Zane Nelson,Denver,76,Sr,2041.0,-1.9764715692153227,-0.21652539440766727,-2.1929969636229902
1086,2026,Austin Green,UMass Lowell,80,Sr,2122.0,0.16921340566888254,-2.4108226380831743,-2.2416092324142918
1087,2026,Sincere Malone,Nicholls,80,Sr,3788.0,-5.894676230243854,3.632427646922568,-2.262248583321286
1088,2026,Dalen Davis,Princeton,72,Jr,1389.0,-0.8643637252037089,-1.40628686693519,-2.2706505921388986
1089,2026,Daniel Rouzan,Bethune-Cookman,80,Sr,1961.0,-2.394880835779382,0.11478440653455113,-2.2800964292448307
1090,2026,Larry Johnson,McNeese,76,Fr,1971.0,6.672856697133489,-8.953609473572131,-2.280752776438642
1091,2026,Chuck Love,Loyola Chicago,79,Fr,787.0,-0.4582599368671929,-1.822837363493698,-2.2810973003608908
1092,2026,Pat Curtin,Bucknell,75,Fr,1553.0,1.2323968381089436,-3.5213213515173245,-2.288924513408381
1093,2026,Amani Lyles,Akron,79,Sr,2654.0,-1.5449532837574091,-0.7470184129867965,-2.2919716967442056
1094,2026,Legend Geeter,Detroit Mercy,80,Sr,1735.0,-1.4928996464776039,-0.8418949044616552,-2.334794550939259
1095,2026,Makaih Williams,Grand Canyon,73,Jr,1951.0,-1.6474606165448513,-0.6893581605342902,-2.3368187770791415
1096,2026,Alonzo Dodd,App State,73,Sr,2708.0,-3.5605533684955297,1.2228735536146154,-2.3376798148809144
1097,2026,Ramon Walker Jr.,Houston,77,Sr,828.0,1.9982548681906502,-4.352172002066524,-2.353917133875874
1098,2026,Mason Ritter,Columbia,80,So,1971.0,-4.394602646772287,2.0358890049693614,-2.3587136418029258
1099,2026,Ben Vander Wal,Furman,79,Sr,2702.0,-5.069867304544906,2.700628852365239,-2.369238452179667
1100,2026,Ty Harper,Oral Roberts,75,Sr,2740.0,0.8338721984664934,-3.20750329178769,-2.3736310933211966
1101,2026,Curtis Williams Jr.,Tulane,78,Jr,2537.0,3.9581482422970526,-6.334223286775061,-2.3760750444780085
1102,2026,Tyler Houser,Delaware,81,Sr,3180.0,-0.44614514804138516,-1.9415667624281252,-2.3877119104695104
1103,2026,Jeremiah Burke,Denver,79,Sr,2673.0,-3.2922595298050616,0.8933577610757286,-2.398901768729333
1104,2026,Devon Malcolm,California Baptist,77,Sr,1209.0,3.4233957551981735,-5.836608458573164,-2.413212703374991
1105,2026,Jacob Beccles,Cornell,75,Jr,1791.0,-0.6811501586563451,-1.750537078632954,-2.431687237289299
1106,2026,Isaac Abidde,UAlbany,81,Jr,2168.0,-6.364046033238541,3.8918784080878766,-2.4721676251506643
1107,2026,Cameron Jackson,UT Arlington,80,So,1474.0,-7.346055367884089,4.867967647336872,-2.478087720547217
1108,2026,JJ Massaquoi,UMass Lowell,78,Fr,1359.0,4.565989019056063,-7.054338633680392,-2.4883496146243296
1109,2026,Kamrin Oriol,North Florida,74,Sr,3495.0,-3.149494731413503,0.6542178503763503,-2.4952768810371526
1110,2026,Issac Williamson,UNLV,72,Fr,1939.0,-3.0519894023785463,0.5481245035419899,-2.5038648988365564
1111,2026,Tyler Hendricks,Utah Valley,78,Jr,2355.0,-2.0475577779077576,-0.4706961749457703,-2.518253952853528
1112,2026,Jordan Riley,East Carolina,76,Sr,3190.0,-2.0904888661348715,-0.4507514997138029,-2.541240365848674
1113,2026,Lamin Sabally,Iona,80,Sr,2623.0,2.2227527218220056,-4.764887231876465,-2.542134510054459
1114,2026,Maximus Nelson,Purdue Fort Wayne,80,Sr,2329.0,-0.6346808620632576,-1.9099099545414462,-2.5445908166047038
1115,2026,Owen Dease,Valparaiso,80,Sr,2452.0,3.9171383768049615,-6.4921312945988205,-2.574992917793859
1116,2026,Aaron Franklin,Milwaukee,77,Sr,2227.0,-6.213158246861324,3.633734820331908,-2.579423426529416
1117,2026,Damon Nicholas Jr.,Sam Houston,76,Sr,2547.0,1.825711838107233,-4.412344633908848,-2.586632795801615
1118,2026,Khaafiq Myers,Saint Joseph's,70,Fr,1174.0,1.8917147734499973,-4.4941790706019695,-2.6024642971519723
1119,2026,John Awoke,Wagner,75,Jr,1796.0,-4.226379393660843,1.6194381124369723,-2.606941281223871
1120,2026,Caleb Pennyfeather,Little Rock,81,So,977.0,1.1976647194556254,-3.8665935749520615,-2.668928855496436
1121,2026,Mouhamed Sylla,Georgia Tech,82,Fr,889.0,0.009349285005000096,-2.6791150125982415,-2.6697657275932416
1122,2026,Ishan Sharma,Saint Louis,77,So,1891.0,-1.9329390137042939,-0.7456203533454622,-2.678559367049756
1123,2026,Peter Bandelj,Cal Poly,76,So,2970.0,-2.66203721148237,-0.03693868926282495,-2.698975900745195
1124,2026,Dylan Jones,Southern Utah,77,Sr,2212.0,2.2235213507277156,-4.936765314130669,-2.7132439634029537
1125,2026,Peter Kramer,Lehigh,77,So,1716.0,-0.45332924697998367,-2.266215590380291,-2.719544837360275
1126,2026,Caleb Shaw,Grand Canyon,78,Sr,1329.0,0.25297797657405385,-2.9849510520480234,-2.7319730754739693
1127,2026,Luke Paragon,Brown,76,Jr,1107.0,2.7890391476074123,-5.524357786803246,-2.7353186391958335
1128,2026,Josh Scovens,Davidson,78,Jr,1984.0,-8.779725084142282,6.018423977198348,-2.7613011069439333
1129,2026,Pop Isaacs,Texas A&M,74,Jr,1772.0,-8.931411363370655,6.158153847157433,-2.7732575162132225
1130,2026,Isaiah Wilson,Winthrop,73,Sr,1797.0,-4.029919185229273,1.2478583572270123,-2.782060828002261
1131,2026,Isaac Garrett,Oakland,80,Jr,2216.0,-0.6413762793732256,-2.174846839985512,-2.8162231193587375
1132,2026,Dra Gibbs-Lawhorn,UNLV,73,Jr,2762.0,-3.7971737027018735,0.9789608343642828,-2.8182128683375907
1133,2026,Panagiotis Pagonis,New Orleans,81,Fr,1563.0,-5.338114303054375,2.5179514487639776,-2.820162854290398
1134,2026,Cam Wilds,Robert Morris,78,Sr,901.0,-4.005734380444933,1.1845337506669524,-2.82120062977798
1135,2026,Parker Friedrichsen,Davidson,76,Jr,2074.0,6.405571262633528,-9.234361662524014,-2.8287903998904858
1136,2026,JJ Kelly,Ohio,78,Fr,2309.0,-3.5012170523542134,0.6463691717808882,-2.8548478805733253
1137,2026,Nasir Whitlock,Lehigh,74,Jr,2910.0,-0.8828851173303072,-1.9749285154798173,-2.8578136328101245
1138,2026,Theo Seng,Troy,81,Sr,2408.0,-3.942471251756291,1.0830123232418996,-2.8594589285143917
1139,2026,Chandler Jackson,Milwaukee,78,Jr,1379.0,-2.0383587846151503,-0.8302055073788743,-2.8685642919940246
1140,2026,Logan Applegate,The Citadel,74,Sr,1479.0,0.04411925672770867,-2.994613285681809,-2.9504940289541004
1141,2026,Collin Tanner,Richmond,78,Jr,1312.0,-5.460229948045071,2.492786967449935,-2.967442980595136
1142,2026,Titas Sargiunas,Lipscomb,76,Jr,3591.0,-5.070312269758289,2.0401111188019065,-3.0302011509563824
1143,2026,Apostolos Roumoglou,Richmond,80,Sr,1246.0,-5.985409902305899,2.9514373775802154,-3.0339725247256837
1144,2026,CJ Gunn,DePaul,79,Sr,2026.0,-1.6253013099631697,-1.4193559561791882,-3.044657266142358
1145,2026,Elijah Crawford,UIC,75,So,1208.0,-3.3958219694576384,0.3505989925969253,-3.045222976860713
1146,2026,Justin McBride,James Madison,79,So,2303.0,-5.37311294472245,2.3263936441328914,-3.046719300589559
1147,2026,Dylan Williamson,Towson,73,Sr,2880.0,-3.6349067611979713,0.5752193344576239,-3.0596874267403473
1148,2026,Justin Pippen,California,75,So,2346.0,-3.9660613150206654,0.8882913983809182,-3.077769916639747
1149,2026,Victor Panov,Drexel,79,Sr,2108.0,-3.4345297163053683,0.3482396030338597,-3.0862901132715086
1150,2026,Seifeldin Hendawy,Winthrop,80,So,1521.0,-10.013150656516217,6.906127506331956,-3.1070231501842613
1151,2026,Dylan Arnett,North Texas,81,Jr,2173.0,-3.2964054604201887,0.17982860153125435,-3.1165768588889344
1152,2026,Jakai Sanders,Le Moyne,75,So,2325.0,-0.6807248468458602,-2.43602346652968,-3.11674831337554
1153,2026,Brock Scholl,Omaha,80,Fr,1494.0,-6.779882229415449,3.6460482360995115,-3.1338339933159376
1154,2026,Miles Rose,UAlbany,76,So,1102.0,0.524976263250557,-3.661601183678073,-3.136624920427516
1155,2026,Luke Hunger,George Washington,82,Sr,1533.0,-0.8401071213742943,-2.3083504009721825,-3.148457522346477
1156,2026,Cam Carroll,Rice,74,Fr,2175.0,1.2001061323314717,-4.3736434352092886,-3.1735373028778167
1157,2026,AJ Casey,Evansville,81,Sr,2471.0,1.8153561240445193,-5.040025332600627,-3.224669208556108
1158,2026,Dusty Stromer,Grand Canyon,78,Jr,1853.0,-1.2322053985692452,-2.041382948266769,-3.2735883468360143
1159,2026,Devin Askew,Villanova,77,Sr,1792.0,3.5021407487050493,-6.776132814759997,-3.2739920660549475
1160,2026,Quinton Perkins II,Mercer,73,So,1952.0,-1.3608074793369398,-1.9273503066718582,-3.288157786008798
1161,2026,Leo Beath,UC San Diego,80,Jr,2574.0,4.666863356365355,-7.965018645439601,-3.298155289074246
1162,2026,DaJohn Craig,Coastal Carolina,73,So,1159.0,-1.7985015832589513,-1.52445608249861,-3.3229576657575612
1163,2026,DJ Richards Jr.,McNeese,76,Sr,1711.0,-1.824631235818611,-1.541808112950706,-3.366439348769317
1164,2026,Vince Buzelis,South Dakota,76,Fr,1385.0,-4.913173791229969,1.5389090599621502,-3.374264731267819
1165,2026,Tariq Francis,Rutgers,73,Jr,2153.0,-2.919149362075662,-0.4649565202628807,-3.3841058823385426
1166,2026,Uzziah Buntyn,South Dakota,73,Fr,2896.0,-0.5790765204184996,-2.841739552468316,-3.4208160728868156
1167,2026,Quin Gorman,Stony Brook,80,So,1591.0,0.5345553178507938,-3.956231779924589,-3.4216764620737954
1168,2026,Josh Ahayere,Colgate,76,So,2168.0,-1.1826648941041142,-2.2430752008673087,-3.425740094971423
1169,2026,Kowacie Reeves Jr.,Georgia Tech,78,Sr,2328.0,-7.139473667730158,3.7083808528271502,-3.4310928149030078
1170,2026,Belal El Shakery,New Hampshire,80,Jr,2062.0,0.012173516216467117,-3.4513475168242382,-3.439174000607771
1171,2026,Daniel Rivera,UAB,79,Sr,2399.0,-3.109975188657465,-0.3438977541143008,-3.453872942771766
1172,2026,David Rochester,Brown,80,So,1414.0,-6.699196119403579,3.245053411170809,-3.4541427082327703
1173,2026,Cameron Wallace,Little Rock,80,Jr,2445.0,0.5515465325563538,-4.007074326015115,-3.455527793458761
1174,2026,Caden Wilkins,Green Bay,78,Fr,1995.0,-6.281230282613476,2.8224213958371367,-3.458808886776339
1175,2026,Sir Issac Herron,Louisiana Tech,80,Sr,936.0,2.9718223068884333,-6.444971935070032,-3.4731496281815986
1176,2026,Lance Waddles,Omaha,76,Sr,2729.0,-3.197229270230713,-0.2789039232059314,-3.4761331934366444
1177,2026,Brant Byers,Miami (OH),80,So,2496.0,-0.8164556195156507,-2.6793902384701975,-3.4958458579858482
1178,2026,JJ Mandaquit,Washington,73,Fr,1388.0,2.467315668423242,-5.994694528238968,-3.5273788598157263
1179,2026,Cooper Koch,Iowa,80,Fr,1716.0,-0.2944930339761713,-3.2478808965954595,-3.542373930571631
1180,2026,Quincy Allen,Bryant,80,Sr,1107.0,1.75454044464926,-5.330430797499022,-3.575890352849762
1181,2026,Myles Rigsby,Tulsa,78,Jr,1302.0,-3.494844140709741,-0.10731433814131458,-3.6021584788510554
1182,2026,Ashley Sims II,Bryant,80,Fr,2453.0,-2.178019817695987,-1.4364167889419113,-3.614436606637898
1183,2026,Cooper Campbell,Troy,74,So,2881.0,-5.124310140390613,1.5070776101600787,-3.6172325302305346
1184,2026,Joshua Ola-Joseph,Loyola Chicago,79,Jr,1598.0,3.020619875315272,-6.645533539004763,-3.6249136636894908
1185,2026,JT Pettigrew,Valparaiso,80,Fr,2481.0,-1.4193229193022923,-2.2132284817715044,-3.6325514010737967
1186,2026,Kyle Cuffe Jr.,Mercer,74,Sr,1637.0,-0.3167712719773439,-3.3242142184743373,-3.640985490451681
1187,2026,Jacob Hogarth,Gardner-Webb,81,So,2287.0,-0.015962645339203774,-3.6259348392614057,-3.6418974846006096
1188,2026,TJ Hurley,Vermont,77,Sr,2780.0,-4.564712269728621,0.9223797812698189,-3.642332488458802
1189,2026,Troy Hupstead,Texas Southern,79,Sr,3092.0,-7.248370111882294,3.5868434100899114,-3.6615267017923827
1190,2026,Preston Fowler,James Madison,80,Fr,1992.0,-7.389470508928155,3.7178281468543757,-3.6716423620737793
1191,2026,Marley Curtis,North Dakota,80,Fr,1827.0,-2.8481306922710585,-0.8662415691627467,-3.7143722614338053
1192,2026,Jalin Rice,Nicholls,75,Sr,1521.0,-2.2578109472284016,-1.462335926745403,-3.7201468739738046
1193,2026,Jake Fiegen,Cornell,76,Jr,1625.0,5.8251380303580875,-9.56427966685378,-3.7391416364956926
1194,2026,Tylik Weeks,Southern Miss,79,Jr,2576.0,-2.7672143425719895,-0.9915222872870735,-3.758736629859063
1195,2026,Cade Haskins,William & Mary,78,Sr,1674.0,-2.9149887331732836,-0.8832358356848728,-3.7982245688581564
1196,2026,Triston Wilson,Presbyterian,78,So,2752.0,-4.939185041363094,1.139015255946049,-3.8001697854170455
1197,2026,Jack Payne,Idaho,78,Jr,1726.0,-3.3909058646801076,-0.4097156935096068,-3.8006215581897145
1198,2026,Bryson Cokley,Elon,78,So,2356.0,-5.715051415093987,1.8970350279989106,-3.818016387095076
1199,2026,Marcell McCreary,UT Arlington,76,Sr,2542.0,-1.0662174931032655,-2.78991815253249,-3.8561356456357556
1200,2026,Jerome Palm,Kansas City,82,Sr,2455.0,-0.7130094995225718,-3.1438120402395144,-3.856821539762086
1201,2026,Christian Watson,Hampton,79,Sr,1209.0,-1.5422377769796358,-2.3464833147971946,-3.8887210917768305
1202,2026,Marcus Wilson,UC Davis,75,Fr,2390.0,-2.132121449111483,-1.7836305893915303,-3.915752038503013
1203,2026,Quin Berger,Bucknell,74,Sr,1285.0,-7.1493522359762025,3.1810758165445465,-3.968276419431656
1204,2026,De'Vion Lavergne,Louisiana,75,So,2472.0,-4.052069375251483,0.07847022907938328,-3.9735991461720994
1205,2026,Logan Kinsey,Denver,78,Sr,2421.0,-6.463339439993956,2.458390449162728,-4.004948990831228
1206,2026,Hampton Sanders,Columbia,72,Jr,1225.0,-4.290077337426089,0.24393694601474306,-4.046140391411346
1207,2026,Alliou Fall,Iona,,,1535.0,-7.7520531465265545,3.6940209169889062,-4.058032229537648
1208,2026,Austin Nunez,UTSA,74,Sr,1979.0,0.9436490547805825,-5.002459680236929,-4.0588106254563465
1209,2026,AJ Lopez,Richmond,77,Sr,2192.0,1.8538611519167771,-5.932090832616638,-4.078229680699861
1210,2026,RJ Smith,DePaul,75,Jr,2061.0,-1.7571897015978628,-2.331054986751183,-4.088244688349046
1211,2026,Jackson Rasmussen,Idaho,79,Fr,2437.0,-1.3732662332597338,-2.7392700208000313,-4.112536254059766
1212,2026,Jarin Stevenson,North Carolina,82,Jr,1838.0,2.8394077073681547,-6.959281424445784,-4.119873717077629
1213,2026,Fred Payne,Boston College,73,So,2660.0,6.272898876525802,-10.393106323286245,-4.1202074467604435
1214,2026,Kaden Stuckey,VMI,80,So,1265.0,-5.8340666656286615,1.6934268998149915,-4.14063976581367
1215,2026,Ryan Jackson Jr.,William & Mary,78,So,1660.0,-0.13343360462935017,-4.058839347494069,-4.192272952123419
1216,2026,Kamryn Thomas,Omaha,80,Sr,1717.0,-6.203509461197488,2.007755221829658,-4.1957542393678295
1217,2026,Bryan Ndjonga,Canisius,81,Jr,2692.0,-2.7726610302692114,-1.4571609520735636,-4.229821982342775
1218,2026,Julius Thedford,Memphis,76,So,1339.0,0.9734610160208264,-5.21201483693393,-4.238553820913104
1219,2026,Isaiah Abraham,Georgetown,79,So,1559.0,-1.6703596553972329,-2.578611179795967,-4.2489708351932
1220,2026,Brett Decker Jr.,Liberty,75,So,3060.0,-2.9754256517640516,-1.2757346599292114,-4.251160311693263
1221,2026,Cameron Williams,Portland,80,Jr,2192.0,-3.625670038337316,-0.657644611892167,-4.283314650229483
1222,2026,Dominique Daniels Jr.,California Baptist,70,Sr,2882.0,-4.314405537392035,0.027477428161172934,-4.286928109230862
1223,2026,Babatunde Durodola,Temple,80,So,1602.0,1.0762149068166473,-5.3750306577375095,-4.298815750920863
1224,2026,Tyrell Ward,VCU,78,Jr,9574.0,5.571511352061039,-9.880360443707778,-4.308849091646739
1225,2026,Julius Rollins,Denver,79,Sr,1502.0,0.01824487367624328,-4.329766857692568,-4.311521984016324
1226,2026,Hank Alvey,Lehigh,81,So,2488.0,-1.0896966282027791,-3.2348310824918123,-4.324527710694591
1227,2026,Joshua Lewis,Louisiana,79,Fr,1203.0,1.2998621308539504,-5.653234435158076,-4.353372304304125
1228,2026,Sebastian Whitfield,Princeton,78,Fr,969.0,-0.9287926067070835,-3.4724228857594706,-4.401215492466554
1229,2026,Cornelius Robinson III,Monmouth,78,Jr,2146.0,-4.0963418701803835,-0.3146522206339979,-4.410994090814381
1230,2026,Shilo Jackson,Le Moyne,81,Sr,2338.0,-6.1888348565779,1.770038953836094,-4.418795902741806
1231,2026,David Thomas,Richmond,74,Jr,1300.0,-4.579432366648849,0.14644762010393486,-4.432984746544914
1232,2026,Coleton Benson,New Orleans,74,Sr,2906.0,-1.5188873770471627,-2.944151302642444,-4.463038679689607
1233,2026,Keynan Davis,The Citadel,77,Jr,1061.0,5.001657244312021,-9.476978219847593,-4.475320975535572
1234,2026,Ta'Zir Smith,Robert Morris,75,So,1473.0,0.956760100320512,-5.432969770734467,-4.476209670413955
1235,2026,Milan Mejia,Louisiana,74,Sr,1636.0,-3.0953954735952114,-1.395613604698789,-4.491009078294001
1236,2026,Braden Huff,Gonzaga,82,Jr,1492.0,-5.053607870491418,0.5303121943788196,-4.523295676112598
1237,2026,Ty Tabales,Bryant,74,Fr,2076.0,-0.8715893872963709,-3.661829757207874,-4.533419144504245
1238,2026,Martel Williams,California Baptist,75,Sr,2828.0,3.9557778974029616,-8.496522176177393,-4.540744278774431
1239,2026,Josiah Sabino,Niagara,76,Jr,1513.0,2.6388266347741585,-7.183150327568348,-4.5443236927941895
1240,2026,Michael Marcus Jr.,App State,81,So,2055.0,-6.572363735591969,2.0253748022510845,-4.546988933340884
1241,2026,Cayden Charles,St. Bonaventure,75,Sr,2787.0,-2.339781060790719,-2.207545252302381,-4.5473263130931
1242,2026,Mario Tatum Jr.,VMI,75,Fr,2141.0,-3.859361195129127,-0.704634328334817,-4.5639955234639435
1243,2026,Cade Tyson,Minnesota,79,Sr,2879.0,2.1587942062925953,-6.729537758440825,-4.57074355214823
1244,2026,Zach Halligan,Akron,76,Jr,1320.0,-8.868164306774556,4.294296291593198,-4.573868015181358
1245,2026,Aaron Clark,Pepperdine,78,Jr,3148.0,2.1760617452955957,-6.772407908201531,-4.5963461629059355
1246,2026,Miles Barnstable,Tulsa,74,Sr,2384.0,-2.4286658491723805,-2.1937551177297343,-4.622420966902115
1247,2026,Ezra McKenna,Buffalo,80,Sr,1373.0,-3.405668023238779,-1.2180301202622021,-4.623698143500981
1248,2026,John Broom,South Alabama,77,Jr,1146.0,-13.926980407283455,9.290406626343346,-4.636573780940109
1249,2026,Jeremiah Johnson,Campbell,,,2946.0,-0.5832199786272543,-4.062559377989665,-4.645779356616919
1250,2026,Jayden Taylor,Delaware,80,Fr,1390.0,-6.612853336124824,1.9539117255476577,-4.658941610577166
1251,2026,Ace Flagg,Maine,79,Fr,1901.0,-2.1697068451929145,-2.5404417501783096,-4.7101485953712245
1252,2026,Aidan Hadaway,Ohio,80,Sr,2732.0,1.5613082782844736,-6.29631326555297,-4.735004987268496
1253,2026,Christian Moore,The Citadel,78,So,1992.0,-7.552367353703724,2.8123446707837116,-4.740022682920013
1254,2026,Corey Thomas,Bradley,81,Sr,1622.0,-7.2703241190717565,2.5277163691510625,-4.742607749920694
1255,2026,DeAndre Craig Jr.,Purdue Fort Wayne,72,Jr,2509.0,-0.560980604719866,-4.1828224309881445,-4.7438030357080105
1256,2026,Uriyah Rojas,Wyoming,75,Jr,1325.0,-2.752466983313669,-2.0062888195873225,-4.758755802900991
1257,2026,Justin Moore,Loyola Chicago,75,Jr,1826.0,2.1765150108015376,-6.935289316817109,-4.758774306015571
1258,2026,KJ Cochran,Santa Clara,76,Fr,1196.0,1.5754063609900015,-6.337745343543945,-4.762338982553944
1259,2026,Hantz Louis-Jeune,South Alabama,78,Sr,1863.0,-7.385735971439671,2.6180800218595435,-4.767655949580128
1260,2026,Abass Bodija,Fordham,82,Fr,1298.0,-9.675571515455143,4.884281227131233,-4.791290288323911
1261,2026,Ma'Kye Taylor,UAlbany,80,So,1132.0,-2.344989416224085,-2.4520148505839154,-4.797004266808001
1262,2026,Ethan Duncan,Lipscomb,72,Jr,2558.0,-6.179809287615512,1.3516962543140032,-4.828113033301509
1263,2026,Elijah Saunders,Maryland,80,Sr,2389.0,0.2701719153332176,-5.130761599685458,-4.860589684352241
1264,2026,Makai Richards,Chattanooga,82,Sr,1070.0,-6.355726587768391,1.491760292417219,-4.863966295351172
1265,2026,Amar Augillard,Milwaukee,77,Sr,1900.0,-4.203290916134993,-0.673905097966282,-4.8771960141012745
1266,2026,Will Allen,Louisiana Tech,79,Sr,1103.0,-3.3247330608757646,-1.5645876398855751,-4.88932070076134
1267,2026,Ryan Pettit,Lafayette,73,Sr,1442.0,-4.0727794152463614,-0.8178751624654934,-4.890654577711855
1268,2026,Connor Dow,Oral Roberts,78,Jr,3066.0,-5.035476766325205,0.11129436304501672,-4.924182403280188
1269,2026,Gianni Hunt,East Texas A&M,76,Sr,3125.0,-3.2095125233984354,-1.7249667861623135,-4.934479309560749
1270,2026,Randall Pettus II,Elon,75,Jr,2399.0,2.747428172837852,-7.699132864642848,-4.951704691804996
1271,2026,Ahmad Robinson,UAB,70,Sr,1888.0,-7.9421296926346585,2.9841118188455744,-4.958017873789084
1272,2026,Amarri Monroe,Quinnipiac,79,Sr,2804.0,-3.32663263290348,-1.6381367917464424,-4.964769424649923
1273,2026,Jonah Pierce,Presbyterian,82,Sr,3001.0,-0.7120081482899168,-4.25870370583353,-4.970711854123447
1274,2026,Nick Krass,Nicholls,76,Jr,1936.0,-0.5191734607029393,-4.454696681900618,-4.973870142603557
1275,2026,Dorian Finister,Louisiana,77,Jr,2709.0,1.2051111445302296,-6.185656127931873,-4.980544983401643
1276,2026,Thomas Dowd,Troy,80,Jr,3039.0,-6.100074872611516,1.1143903788122933,-4.985684493799223
1277,2026,Tyler Coleman,Towson,79,Sr,1534.0,4.001410407753875,-9.00387104029315,-5.002460632539275
1278,2026,Shareef Jackson,Lafayette,80,Fr,1678.0,-2.0119901508716307,-2.996474455363297,-5.008464606234927
1279,2026,Milos Nenadic,Lindenwood,82,Sr,2627.0,5.25370478715402,-10.268080683497622,-5.014375896343602
1280,2026,Josh Meo,Winthrop,76,Sr,1724.0,0.5062432365568657,-5.524660609736237,-5.018417373179371
1281,2026,Micah Octave,Florida A&M,77,Sr,1621.0,0.8052135810701087,-5.831467197708196,-5.026253616638088
1282,2026,Jalen Cox,Colgate,75,Jr,3018.0,3.968364798626612,-8.995496766491161,-5.027131967864549
1283,2026,Paul Otieno,Saint Louis,81,Sr,1325.0,-3.592943847104875,-1.4421705082795988,-5.035114355384474
1284,2026,Abdou Yadd,Sacred Heart,81,Fr,1066.0,-6.962980527119358,1.8626670255930593,-5.100313501526299
1285,2026,Veniamin Abosi,San Francisco,78,So,1257.0,-3.047567198281828,-2.059503729033455,-5.107070927315283
1286,2026,Jeremiah Evans,Louisiana,82,So,847.0,-5.963248526534369,0.8261584433079552,-5.137090083226414
1287,2026,Christian Henry,Fordham,75,Sr,2225.0,-2.831510158738763,-2.333692349434729,-5.165202508173492
1288,2026,Ty Francis,Northeastern,79,Fr,859.0,-2.9901598661954045,-2.1765274360735227,-5.166687302268928
1289,2026,Kanon Catchings,Georgia,81,So,1924.0,-3.490290795551953,-1.6799200097000657,-5.170210805252019
1290,2026,Jaden Johnson,La Salle,74,So,1180.0,1.2401412513096828,-6.430559193741994,-5.190417942432311
1291,2026,Luke Wilson,App State,81,So,2393.0,-6.163061673800044,0.9661285594820885,-5.196933114317956
1292,2026,Raymond Espinal-Guzman,Stonehill,80,Sr,2211.0,-6.173950577928402,0.9502342877447738,-5.223716290183628
1293,2026,Anthony Andrews,Texas Southern,79,Fr,1262.0,-1.7916177152638375,-3.453164268929622,-5.244781984193459
1294,2026,Josh Hill,Robert Morris,83,So,1197.0,-1.3144333216594397,-3.9308843332997148,-5.2453176549591545
1295,2026,Zion Wilburn,Samford,77,So,1446.0,-7.430946661478345,2.1838062284831143,-5.247140432995231
1296,2026,Ali Assran,Cal Poly,81,Fr,1276.0,1.571212895583134,-6.821621098768923,-5.250408203185789
1297,2026,D'Aundre Samuels,Houston Christian,74,Jr,1775.0,-0.19292927045867447,-5.104398397064574,-5.297327667523248
1298,2026,Caleb Smith,Rider,77,Jr,2260.0,-4.084193228677802,-1.2282831812039947,-5.312476409881796
1299,2026,Nick Anderson,Rice,75,Sr,2643.0,-2.7711700044356604,-2.560541685428693,-5.3317116898643535
1300,2026,DJ Nix,Cornell,78,Sr,981.0,-2.566167863356317,-2.801280513739928,-5.367448377096245
1301,2026,Isaiah Campbell-Finch,Samford,72,Fr,1928.0,-4.684412728493907,-0.7024570539616135,-5.386869782455521
1302,2026,David Green,Tulsa,79,Sr,2241.0,-6.316740937718355,0.9287348419939454,-5.38800609572441
1303,2026,Etienne Strothers,Hampton,74,Jr,1582.0,3.411185435147978,-8.809688972862155,-5.398503537714177
1304,2026,Zander Carter,Liberty,78,Fr,1452.0,-0.760634747391555,-4.643986960903542,-5.404621708295097
1305,2026,London Fields,East Texas A&M,77,Jr,1219.0,0.018572966804284052,-5.425497133953653,-5.406924167149368
1306,2026,Justin Amadi,Mount St. Mary's,79,Sr,1710.0,1.2539894308686241,-6.663239786524293,-5.409250355655669
1307,2026,Tyler Andrews,Bethune-Cookman,78,Sr,1377.0,-4.284260277149764,-1.1315487931027786,-5.415809070252543
1308,2026,Tasos Cook,Campbell,74,Sr,2310.0,-4.7134492014075455,-0.7073148203055535,-5.420764021713099
1309,2026,Justin Neely,UNC Greensboro,78,Sr,2803.0,-5.481359312281767,0.041145259527818556,-5.440214052753948
1310,2026,Omer Suljanovic,UC Davis,80,Fr,1315.0,4.196987198882245,-9.665199167540655,-5.46821196865841
1311,2026,Macon Emory,Delaware,80,So,3542.0,-3.3721142350453888,-2.105277335667057,-5.477391570712445
1312,2026,Ethan Copeland,Stetson,74,Jr,2919.0,-7.944351748965695,2.443969195817683,-5.500382553148012
1313,2026,Akira Jacobs,Fordham,81,Jr,2369.0,-5.827245608025359,0.3192460387107734,-5.5079995693145865
1314,2026,Amari McCottry,Saint Louis,78,So,1957.0,-2.1851175503977025,-3.346813905048525,-5.5319314554462276
1315,2026,Adam Hinton,Cornell,77,Sr,1926.0,-8.826854933065615,3.264645399683519,-5.562209533382096
1316,2026,Mikale Stevenson,Purdue Fort Wayne,74,Sr,2574.0,-8.685735562326759,3.084155103875691,-5.601580458451068
1317,2026,Colin Porter,Liberty,70,Sr,2389.0,-1.4711449182758247,-4.131080874304402,-5.602225792580227
1318,2026,Peitok Machar,McNeese,82,So,1128.0,-4.190580879094677,-1.425276866903281,-5.615857745997958
1319,2026,Cliff Davis,James Madison,74,Sr,2756.0,-2.1294466417530495,-3.4902505473498495,-5.619697189102899
1320,2026,Reid Cason,East Carolina,82,So,1275.0,-7.008079642536621,1.3717820945831782,-5.6362975479534425
1321,2026,Trevon Blassingame,Idaho,76,Sr,1364.0,-6.508055917123479,0.8503109562446025,-5.657744960878876
1322,2026,Shemani Fuller,Rider,81,Sr,1605.0,-4.9279547500833,-0.7323008789543968,-5.660255629037697
1323,2026,Landon Lewis,Brown,79,Sr,1694.0,-4.351222104049444,-1.3126587863318226,-5.663880890381266
1324,2026,Enzo Boudouma,New Orleans,81,Fr,1592.0,-7.625274504834813,1.9582303401885373,-5.667044164646276
1325,2026,TJ Biel,Maine,81,Sr,2705.0,-10.944619667224472,5.276328174089144,-5.668291493135328
1326,2026,Jaeden Marshall,La Salle,76,Sr,2013.0,-4.87628360304114,-0.7983935879186945,-5.674677190959834
1327,2026,Tanner Hayhurst,Southern Utah,78,Jr,2535.0,-1.0791150042433317,-4.595666502354432,-5.674781506597764
1328,2026,Nasir Meyer,Wyoming,79,Fr,2055.0,0.8190027726717275,-6.51399174525549,-5.694988972583762
1329,2026,Jaden Daughtry,Marist,79,Sr,1736.0,-4.249186712176237,-1.4458620434833973,-5.695048755659634
1330,2026,Ben Tweedy,Colgate,76,So,2614.0,-2.0958253272159597,-3.608699165864894,-5.704524493080854
1331,2026,Travelle Bryson,Howard,77,So,1877.0,-1.8486214643235286,-3.8625212652520444,-5.711142729575573
1332,2026,Ari Fulton,NJIT,79,So,2470.0,-4.1453155322907005,-1.5754899198085601,-5.720805452099261
1333,2026,Josh Ogundele,Hampton,84,Sr,1150.0,-3.8867340022674024,-1.8370042692987214,-5.723738271566123
1334,2026,Jaylan Ouwinga,Toledo,80,So,1486.0,-6.371676925870653,0.6341865275540034,-5.737490398316649
1335,2026,Aiden Argabright,Richmond,71,Fr,1977.0,-0.20323096350175823,-5.542942731492607,-5.746173694994365
1336,2026,TJ Robinson,Saint Peter's,76,Fr,1342.0,1.043751151388669,-6.8728438791815325,-5.8290927277928635
1337,2026,Landon Clark,Princeton,80,Fr,2246.0,-3.2828955860257665,-2.5758155294369587,-5.858711115462725
1338,2026,KJ Younger,UNC Greensboro,76,Fr,2387.0,-4.664819333925328,-1.2103468171097824,-5.87516615103511
1339,2026,Jakai Robinson,Bryant,77,Sr,1076.0,-1.2842973851167532,-4.621497662448535,-5.905795047565288
1340,2026,Ahmad Henderson II,UIC,70,Jr,1973.0,-7.558543484074255,1.644201583368522,-5.9143419007057325
1341,2026,Jacob Huggins,Princeton,80,Jr,1628.0,-9.913777357813327,3.9891571186660197,-5.924620239147307
1342,2026,Mark Brown Jr.,Valparaiso,72,Jr,919.0,-6.642659775222826,0.7126647943553426,-5.929994980867483
1343,2026,Elijah Perkins,Saint Peter's,76,Sr,1315.0,1.8365366142465147,-7.792035778408897,-5.955499164162382
1344,2026,Terrance Jones,Manhattan,75,Sr,2451.0,-3.2740610393975422,-2.681988982735974,-5.956050022133516
1345,2026,Jack Stanton,Princeton,74,So,2152.0,-5.0076201121564,-0.977632228369219,-5.985252340525619
1346,2026,Kerrington Kiel,Troy,78,So,1368.0,-2.9659587384461434,-3.051236322166591,-6.0171950606127345
1347,2026,Trey Cady,North Florida,80,Fr,1178.0,-9.070107792611914,3.0451000113030275,-6.0250077813088865
1348,2026,Tyler Jones,UC Riverside,74,So,1216.0,-1.554598558282859,-4.470463541577651,-6.025062099860509
1349,2026,Austin Hunt,Harvard,76,So,866.0,2.08889604253374,-8.12754886584499,-6.038652823311249
1350,2026,Cam'Ron Fletcher,High Point,79,Sr,1425.0,1.5897568683140504,-7.635624830350952,-6.045867962036902
1351,2026,Osiris Grady,UC Riverside,81,Jr,2807.0,-0.9875777295973824,-5.065914921270721,-6.053492650868104
1352,2026,Elijah Jones,UTEP,80,Jr,2492.0,-4.724960735971705,-1.3455307677085822,-6.070491503680287
1353,2026,Kenyon Aguino,Montana,79,Fr,2067.0,-6.605046408360366,0.5337844858746286,-6.071261922485737
1354,2026,Mekhi Gray,Maine,76,Sr,1802.0,4.76407467876647,-10.860667794468645,-6.096593115702175
1355,2026,Trey Horton III,UTEP,77,Jr,1149.0,-0.8589922201307314,-5.241163664300111,-6.100155884430842
1356,2026,Isaac Celiscar,Yale,78,So,2401.0,-3.504156192674616,-2.630132611272425,-6.13428880394704
1357,2026,Braxton Williams,The Citadel,78,Sr,2511.0,-1.6982032026059328,-4.438882413394125,-6.137085616000057
1358,2026,Juanse Gorosito,San Diego,72,Sr,2180.0,-4.319064599745047,-1.8310776860617195,-6.150142285806767
1359,2026,Christian Jones,Siena,71,Fr,1449.0,-8.460620376911953,2.2878157877186798,-6.172804589193273
1360,2026,Buddy Hammer Jr.,North Texas,79,Jr,840.0,-5.1397562866133075,-1.0375272454874804,-6.1772835321007875
1361,2026,Jaden Baker,Wagner,74,Sr,2205.0,-2.8980126387398677,-3.283639487509244,-6.181652126249112
1362,2026,Justin Page,Niagara,77,Jr,1802.0,1.6041747974340979,-7.795583249139723,-6.191408451705625
1363,2026,CJ Shaw,UC Santa Barbara,77,Fr,2326.0,-0.1606825838649388,-6.039262935937639,-6.199945519802578
1364,2026,Leland Walker,Wyoming,73,Sr,2334.0,-2.9263492420264132,-3.2825355417365625,-6.208884783762976
1365,2026,Kenyon Goodin,Bellarmine,75,Jr,3725.0,-12.700051640301583,6.47945508845969,-6.220596551841893
1366,2026,Cayden Vasko,Wofford,78,Jr,3028.0,-5.9805697512647935,-0.28218730495860944,-6.262757056223403
1367,2026,Jayce Nathaniel,UIC,80,Fr,1833.0,-6.064327662348635,-0.20892641011199437,-6.273254072460629
1368,2026,Zach Cleveland,Liberty,79,Sr,2897.0,-4.696638994676346,-1.6074846075255218,-6.304123602201868
1369,2026,Darius Duffy,Purdue Fort Wayne,80,Sr,1903.0,-9.43343815095345,3.128695722039135,-6.304742428914315
1370,2026,Donovan Draper,Navy,77,Sr,2314.0,1.8728180335240197,-8.185878711992299,-6.313060678468279
1371,2026,Rocco Awad,NJIT,73,Fr,1149.0,-1.3404120411209974,-4.9958744716711045,-6.3362865127921015
1372,2026,Brian Griffith,Niagara,70,Jr,853.0,-0.0794219755068557,-6.286700949481937,-6.366122924988793
1373,2026,Colin Smith,UC Santa Barbara,80,Sr,2242.0,-4.26571715439297,-2.1121530293590793,-6.37787018375205
1374,2026,Sam Wright,Colgate,81,Jr,2380.0,-4.996322969539223,-1.3839872122221237,-6.380310181761347
1375,2026,Austin Williford,Saint Joseph's,76,Fr,2018.0,-8.430957717466793,2.042714904994687,-6.388242812472106
1376,2026,Tan Yildizoglu,VMI,76,Jr,2526.0,-4.580391362210776,-1.834134080538496,-6.414525442749271
1377,2026,Andrew Alekseyenko,Colgate,80,Fr,2733.0,-4.452611496947727,-1.9662945723096674,-6.418906069257394
1378,2026,Cam Gillus,Howard,71,Jr,2955.0,-7.214509363465691,0.7796353322999465,-6.434874031165744
1379,2026,Alex Crawford,Rhode Island,80,Sr,1617.0,-6.119060337183934,-0.328656365969084,-6.447716703153018
1380,2026,Eddie Ricks III,James Madison,79,Jr,2291.0,0.08274493956744333,-6.534903505257339,-6.452158565689896
1381,2026,AJ Bates,Louisiana Tech,75,So,2612.0,-3.5349165969528915,-2.925216185245879,-6.46013278219877
1382,2026,Damoni Harrison,Charlotte,77,Sr,1331.0,-2.795540354553879,-3.6793999369183488,-6.474940291472228
1383,2026,Brenen Lorient,West Virginia,81,Sr,2531.0,-1.75331072338036,-4.727943139336504,-6.481253862716864
1384,2026,Spence Sims,Gardner-Webb,73,Fr,2184.0,-5.025389388711295,-1.476210470700822,-6.501599859412117
1385,2026,Owen Larson,Drake,73,So,1736.0,-1.5243733646256272,-5.041684921336666,-6.566058285962293
1386,2026,Jakevion Buckley,New Orleans,74,Sr,2833.0,-4.5695043328484735,-2.0043151748875907,-6.573819507736064
1387,2026,Grant Stubblefield,Omaha,73,Jr,1990.0,-0.11535316228242198,-6.463362381032701,-6.578715543315123
1388,2026,Tyler Cochran,Rhode Island,74,Sr,2473.0,-1.8880447928189803,-4.6943325630168395,-6.58237735583582
1389,2026,Emmett Adair,Loyola Maryland,81,Fr,2412.0,-3.5465821741320767,-3.0371915111454824,-6.583773685277559
1390,2026,Derrick Talton Jr.,Buffalo,70,Sr,1925.0,-4.652170470861636,-1.9609790216777356,-6.613149492539371
1391,2026,Tate Darner,Chattanooga,76,Fr,2085.0,-4.304292851005193,-2.358063942147915,-6.662356793153108
1392,2026,Zyier Beverly,Binghamton,81,Jr,1883.0,-3.007199541086293,-3.660891143607076,-6.668090684693369
1393,2026,Frederik Erichsen,Radford,81,Fr,1208.0,2.0147947917714673,-8.713259474461292,-6.698464682689825
1394,2026,Dennis Parker Jr.,Radford,78,Jr,2868.0,-1.9422949619115075,-4.771002867731938,-6.713297829643445
1395,2026,Jacari White,Virginia,75,Sr,1173.0,-7.723738286263924,1.008498749707179,-6.715239536556744
1396,2026,Tyler Shirley,Florida A&M,80,Jr,2364.0,3.438587421026205,-10.161515243656705,-6.7229278226305
1397,2026,Ty-Laur Johnson,San Diego,72,Jr,2273.0,-0.8309224142072948,-5.912646865388382,-6.743569279595677
1398,2026,Riley Jacobs,UMBC,80,Fr,1249.0,-1.6114197151524512,-5.145142837257967,-6.7565625524104185
1399,2026,R.J. Kennedy,New Hampshire,73,Fr,1674.0,-1.4499059192736525,-5.3423789953094385,-6.792284914583091
1400,2026,KiJan Robinson,New Hampshire,75,Jr,1639.0,-3.575923983186682,-3.217966911021945,-6.7938908942086265
1401,2026,Cole Franklin,North Texas,76,Jr,1926.0,-3.9888064608850513,-2.806351173982408,-6.79515763486746
1402,2026,Andrew Urosevic,Lehigh,75,Fr,1351.0,-2.8509446933695717,-3.9455479934533297,-6.796492686822901
1403,2026,Terrence Hill Jr.,VCU,75,So,9335.0,11.927201374769673,-18.77797012671057,-6.8507687519408975
1404,2026,Braden Housley,Utah Valley,76,So,1503.0,-0.33639161282218,-6.5270373730002085,-6.863428985822388
1405,2026,Kerr Kriisa,Cincinnati,75,Sr,1261.0,3.690184864576511,-10.58193473664128,-6.891749872064769
1406,2026,JJ Wheat,South Alabama,72,Sr,1189.0,-5.742190317944514,-1.153288064412985,-6.895478382357499
1407,2026,Tanner Davis,Utah Tech,77,Fr,2284.0,5.445122133334808,-12.347496221577309,-6.902374088242501
1408,2026,Jacob Conner,Dayton,82,Sr,1437.0,-5.446722107278994,-1.4558318738959257,-6.90255398117492
1409,2026,Darrius Bolden,Bellarmine,73,Sr,1074.0,6.1250336294392,-13.039577727021518,-6.9145440975823185
1410,2026,Demarco Bethea,Houston Christian,79,Sr,1997.0,-3.126109433556093,-3.8166643559037556,-6.9427737894598485
1411,2026,Jaden Zimmerman,Quinnipiac,77,So,2224.0,-1.105059126785205,-5.865906898694514,-6.970966025479719
1412,2026,Jadin Collins-Roberts,Marist,73,Jr,2387.0,-0.023852242864305317,-6.992034297782219,-7.015886540646524
1413,2026,Kasen Jennings,App State,75,Sr,2778.0,-8.626748364416109,1.592621922855984,-7.034126441560125
1414,2026,Jackson Hicke,Princeton,77,Jr,2635.0,0.043449392996769864,-7.08914739791741,-7.04569800492064
1415,2026,Corey Hadnot II,Purdue Fort Wayne,75,Jr,2849.0,-0.0930353988714332,-6.979170908196224,-7.072206307067657
1416,2026,Jalen Speer,Marshall,73,Sr,3055.0,-9.292361331898295,2.168182970691011,-7.124178361207284
1417,2026,Ryan Beasley,San Francisco,71,Jr,2547.0,-5.259484316474241,-1.8652854663504495,-7.124769782824691
1418,2026,Evan Sterck,Jacksonville,73,Fr,2227.0,-7.264720149766231,0.12823433048376653,-7.1364858192824645
1419,2026,Guzman Vasilic,Cal Poly,76,So,2046.0,-2.731379130499577,-4.410077214394578,-7.141456344894155
1420,2026,Caleb Hollenbeck,Marshall,76,Sr,1688.0,1.4828374681516565,-8.62577935665532,-7.142941888503664
1421,2026,Chase Lowe,William & Mary,77,Sr,2078.0,-5.836300876904916,-1.3221786870631467,-7.158479563968063
1422,2026,Keegan Harvey,Bryant,83,Sr,1956.0,-5.7547702833794485,-1.409169582457383,-7.163939865836832
1423,2026,Demarion Watson,North Texas,79,Sr,1216.0,-9.318401599788267,2.146407425421346,-7.171994174366921
1424,2026,Shaun Wysocki,Denver,78,So,1543.0,0.9637196983834504,-8.15606138646765,-7.1923416880842
1425,2026,Isaiah Henderson,Siena,78,Fr,906.0,-6.043109274099045,-1.1599767451903142,-7.203086019289359
1426,2026,Arden Conyers,Charlotte,79,Jr,1427.0,-4.037013259231148,-3.1730629315747145,-7.210076190805863
1427,2026,Ajay Sheldon,Ohio,73,Sr,2667.0,-5.531798078157458,-1.691886920075076,-7.2236849982325335
1428,2026,Daniel Hankins-Sanford,Massachusetts,80,Sr,2529.0,-6.938559731630478,-0.30464215754996804,-7.243201889180446
1429,2026,Jordan Chatman,Florida A&M,77,Sr,2113.0,-3.0168618851547864,-4.229043978913227,-7.245905864068013
1430,2026,Braden Hausen,High Point,79,So,1835.0,-9.883672859602516,2.620372903704812,-7.263299955897704
1431,2026,Tramon Mark,Texas,77,Sr,2259.0,-3.0413393962181914,-4.290328070636873,-7.331667466855064
1432,2026,Billy Smith,Chattanooga,79,Sr,1900.0,-7.845002385829417,0.49526137916787216,-7.349741006661545
1433,2026,Kachi Nzeh,Little Rock,80,Jr,2421.0,-6.5707213730803735,-0.7791756012898992,-7.349896974370273
1434,2026,Cole Hargrove,Providence,80,Sr,851.0,-9.621796947749797,2.2628176904933746,-7.358979257256422
1435,2026,Rich Smith,Abilene Christian,76,Sr,2274.0,-2.147368577394413,-5.247291546245261,-7.3946601236396745
1436,2026,Demetrius Lilley,Binghamton,81,Sr,916.0,-2.6452810092696497,-4.752942328412386,-7.398223337682036
1437,2026,Chad Moodie,App State,80,Jr,1067.0,-5.160904651009483,-2.2552776219631445,-7.416182272972628
1438,2026,Ryan Richardson,Binghamton,77,Jr,1551.0,-5.1004826970040025,-2.3444013250657862,-7.444884022069789
1439,2026,Isaiah Chappell,UC Davis,81,So,2135.0,-2.1285813102777236,-5.318178930942093,-7.446760241219817
1440,2026,Okechukwu Okeke,UAlbany,82,Sr,2524.0,-4.769225240645288,-2.69563289355094,-7.464858134196229
1441,2026,Kent Jackson,North Florida,75,So,3123.0,-2.7964599536956447,-4.67542885548789,-7.471888809183534
1442,2026,Tony Osburn,Omaha,74,Sr,2658.0,-3.9882797316660294,-3.484821758115552,-7.473101489781581
1443,2026,Tyrone Riley IV,San Francisco,78,So,2410.0,-2.8083017749414845,-4.673538770775495,-7.481840545716979
1444,2026,Tarence Guinyard,Duquesne,74,Sr,2629.0,-9.423988054496368,1.924716818309607,-7.499271236186761
1445,2026,Caden Diggs,UMBC,79,So,1777.0,-3.3556797499794495,-4.15395422774697,-7.50963397772642
1446,2026,Kolton Mitchell,Idaho,73,So,2518.0,-3.0876427930685217,-4.430481741387088,-7.51812453445561
1447,2026,Kody Clouet,Winthrop,77,Sr,2535.0,-9.600704015138378,2.0822204516463394,-7.518483563492039
1448,2026,Jordan Mason,Temple,76,Sr,2759.0,-3.875282905745581,-3.6472261514990767,-7.522509057244658
1449,2026,Randarius Jones,Grambling,79,Sr,846.0,-3.4132450907125746,-4.13025312572361,-7.543498216436184
1450,2026,Michael Eley,Hampton,76,Sr,1116.0,3.9188311725333023,-11.476715002822761,-7.557883830289459
1451,2026,Joshua Ingram,Lehigh,76,Jr,2896.0,-4.438847221450794,-3.1260861756875364,-7.56493339713833
1452,2026,Masiah Gilyard,Temple,75,Sr,1377.0,-4.811882876341884,-2.754604232538667,-7.566487108880551
1453,2026,Cal Liston,VMI,77,So,2033.0,-8.398386635941284,0.8284479167470211,-7.569938719194263
1454,2026,Christian Bliss,Delaware,76,Jr,3777.0,-6.195409116231999,-1.3854184690899163,-7.580827585321915
1455,2026,Reese Miller,William & Mary,76,Jr,2127.0,-3.4524849429938875,-4.186779311193869,-7.639264254187757
1456,2026,William Kermoury,Northeastern,77,Jr,1983.0,-9.790503862548706,2.1467432554905335,-7.643760607058172
1457,2026,Kayde Dotson,Loyola Chicago,74,So,1657.0,-6.290729438439377,-1.3827076558720002,-7.673437094311377
1458,2026,Tommy Kamarad,Winthrop,80,Sr,1617.0,-0.45097643819938305,-7.2357701207631555,-7.686746558962539
1459,2026,Truman Claytor IV,Little Rock,78,Jr,1323.0,-5.6774888025497585,-2.0131563990171735,-7.690645201566932
1460,2026,Javante Edwards,Canisius,73,Fr,1633.0,-4.5105136377955155,-3.190004245534128,-7.700517883329644
1461,2026,Jeremy Clayville,NJIT,72,So,920.0,-2.1954957356827594,-5.536227098550485,-7.731722834233245
1462,2026,Toyaz Solomon,UNC Asheville,81,Sr,2658.0,-6.414551397918874,-1.3304650373716391,-7.7450164352905135
1463,2026,Noah Norgaard,UNC Greensboro,74,Fr,2080.0,-3.5958891992176043,-4.158910847030831,-7.754800046248436
1464,2026,Anthony Finkley,Saint Joseph's,78,Jr,1580.0,-6.997891545545554,-0.7847304115976287,-7.782621957143182
1465,2026,Toby Harris,Iona,80,Sr,2229.0,-1.251920575955132,-6.543203497152119,-7.79512407310725
1466,2026,Grant Polk,South Carolina,78,Fr,1027.0,-4.4849026324457695,-3.315803382795206,-7.8007060152409755
1467,2026,Stevie Elam,Milwaukee,75,Fr,1750.0,-6.96986973896584,-0.8354576426615259,-7.805327381627365
1468,2026,Jah'Likai King,UMBC,74,Jr,2497.0,0.15158182159279043,-7.962865293345177,-7.811283471752387
1469,2026,KJ Greene,Tulane,75,So,1184.0,2.209703909018521,-10.028048278362744,-7.818344369344223
1470,2026,Devyn Franklin,Grambling,80,Sr,1306.0,-6.046751323907906,-1.7743994681887005,-7.821150792096606
1471,2026,Seneca Willoughby,Bethune-Cookman,75,Sr,1853.0,-5.014040018991146,-2.8377424364678383,-7.851782455458984
1472,2026,Dug McDaniel,Memphis,71,Sr,2728.0,-5.1008716975952835,-2.769623342752923,-7.870495040348207
1473,2026,Logan Duncomb,Winthrop,82,Sr,2230.0,0.6490503972456838,-8.573701888235458,-7.924651490989774
1474,2026,Qadir Martin,Mercyhurst,77,So,2751.0,-3.7425262246361717,-4.1871832766312815,-7.929709501267453
1475,2026,Mike Evbagharu,Canisius,76,Jr,2638.0,-6.9650199436357205,-0.9728247660799081,-7.937844709715629
1476,2026,Darryl Simmons II,St. Bonaventure,70,Jr,3165.0,0.2882778981072072,-8.226568417487762,-7.938290519380555
1477,2026,Nils Machowski,Wofford,75,Jr,3164.0,-15.156870585785088,7.182052133161136,-7.974818452623952
1478,2026,Anquan Boldin Jr,Florida A&M,76,Jr,1272.0,0.6898051418526534,-8.670403950970373,-7.980598809117719
1479,2026,Kayvaun Mulready,Georgetown,76,So,1057.0,-4.446137373243758,-3.5788374514898678,-8.024974824733626
1480,2026,Bryce Roberts,Texas Southern,73,Sr,2873.0,-1.212223648611254,-6.814603627551107,-8.026827276162361
1481,2026,Jake Johnson,Stetson,77,Sr,2449.0,-3.5970733635729006,-4.434781056160843,-8.031854419733744
1482,2026,Tyler Thompson,Montana,78,So,2479.0,-2.6462268391769017,-5.40892655931735,-8.055153398494252
1483,2026,Christian Brown,James Madison,80,Fr,1169.0,-10.277654381776637,2.2216733236961432,-8.055981058080494
1484,2026,Lance Stone,Detroit Mercy,68,Fr,1653.0,-4.1958413489982345,-3.874443968006669,-8.070285317004902
1485,2026,Jamir Simpson,UTSA,77,Sr,2782.0,-7.0569304223751494,-1.0339961895076701,-8.09092661188282
1486,2026,Tavari Johnson,Akron,71,Sr,3267.0,1.605890615462207,-9.708553042741553,-8.102662427279345
1487,2026,Brent Moss,UTSA,78,Jr,2037.0,-5.232835660965704,-2.892391160702292,-8.125226821667995
1488,2026,Ethan Simmon,Stony Brook,77,Sr,1083.0,0.8523541703271535,-8.998806857174841,-8.146452686847688
1489,2026,Alex Anderson,Texas Southern,78,Sr,2410.0,1.27088655111061,-9.468147277364672,-8.197260726254061
1490,2026,Ruot Bijiek,Bucknell,81,Sr,1025.0,-5.673340087402717,-2.538815830037718,-8.212155917440434
1491,2026,Bernie Blunt III,Mercyhurst,71,Sr,2660.0,-6.23580912909948,-1.9930893734858985,-8.228898502585379
1492,2026,Martins Kilups,Oral Roberts,76,Fr,1465.0,-5.191421516856261,-3.040221203167853,-8.231642720024114
1493,2026,Cassius Brooks,UTEP,72,Sr,1191.0,-0.5492246324066528,-7.688247234309061,-8.237471866715714
1494,2026,Po'Boigh King,Sam Houston,76,Jr,2850.0,1.4778618214368708,-9.716025786610185,-8.238163965173314
1495,2026,Villiam Garcia Adsten,Drexel,80,Jr,1546.0,-1.535599861041952,-6.711999241484188,-8.24759910252614
1496,2026,Sherman Weatherspoon IV,Utah Valley,75,Jr,846.0,-3.1129349128130697,-5.136856379952427,-8.249791292765497
1497,2026,Gabe Kincy,Alabama A&M,79,Jr,1454.0,-3.1190244159960727,-5.191324609770897,-8.31034902576697
1498,2026,Teddy Washington Jr.,Chattanooga,74,Sr,1772.0,-3.9799844520708705,-4.375540264607634,-8.355524716678504
1499,2026,Jacobe Whitted,Tennessee Tech,79,Fr,994.0,-3.176410345983781,-5.193026791734435,-8.369437137718215
1500,2026,Ethan Kizer,South Dakota,77,So,1496.0,-10.368435665499701,1.986179930470115,-8.382255735029586
1501,2026,Jaiden Feroah,Southern Utah,81,Sr,2571.0,-7.704392820660466,-0.682557485466346,-8.386950306126812
1502,2026,Sam Donald,Bellarmine,80,Fr,2849.0,-2.823080257625518,-5.59051972535924,-8.413599982984758
1503,2026,Anthony Isaac,Manhattan,78,Jr,2114.0,1.8596330716871412,-10.279993666098637,-8.420360594411495
1504,2026,Carl Parrish,Presbyterian,75,Jr,3044.0,-1.4783223713190736,-6.957205060589132,-8.435527431908206
1505,2026,Ridvan Tutic,Stonehill,83,Jr,1680.0,-2.1913627954231703,-6.24959797832726,-8.44096077375043
1506,2026,Kaleb Brown,Robert Morris,79,Jr,1708.0,-6.491184097591457,-2.0108892678942314,-8.502073365485689
1507,2026,Harlan Obioha,West Virginia,84,Sr,1997.0,-5.520149743632979,-2.995373409972072,-8.515523153605052
1508,2026,Andy Johnson,UIC,78,Fr,2534.0,-7.977545245436428,-0.5403549588659813,-8.517900204302409
1509,2026,Isaiah Barnes,Valparaiso,79,Sr,1146.0,-2.7828677019919463,-5.748663148645729,-8.531530850637676
1510,2026,Zion Sensley,UC Santa Barbara,80,So,2101.0,-6.927886141405934,-1.6191997430943434,-8.547085884500277
1511,2026,Dwayne Wimbley Jr.,Massachusetts,78,Fr,1120.0,-4.497974612382447,-4.05308973643979,-8.551064348822237
1512,2026,Jaylen Peterson,Presbyterian,80,Jr,2724.0,-4.161259374729908,-4.400711794681638,-8.561971169411546
1513,2026,Devon Arlington,Yale,75,Sr,1087.0,2.170086331017756,-10.75925524944679,-8.589168918429035
1514,2026,Marcus Banks Jr.,Massachusetts,75,Sr,2878.0,-3.8494013855413964,-4.741925933703974,-8.59132731924537
1515,2026,Khamani Cooper,Omaha,76,Jr,1349.0,-3.1515144621715123,-5.44855048180567,-8.600064943977182
1516,2026,Kevon Vanderhorst,Drexel,74,Jr,2424.0,-0.4250133312186877,-8.182097813291636,-8.607111144510323
1517,2026,Britton Berrett,Utah Tech,77,Sr,1813.0,-0.18598692100925707,-8.427465259069393,-8.61345218007865
1518,2026,TJ Long,Vermont,76,Sr,2268.0,-0.8990426765920851,-7.723843238805376,-8.622885915397461
1519,2026,Tyler Spratt,Detroit Mercy,77,Fr,1982.0,-5.907139332587786,-2.7259603009877154,-8.633099633575501
1520,2026,Fraser Roxburgh,Manhattan,79,So,2620.0,-6.2031499412091975,-2.4344931075527385,-8.637643048761936
1521,2026,Thomas Ndong,California Baptist,82,Jr,1295.0,-5.136472625982144,-3.5464952479341822,-8.682967873916326
1522,2026,Garrett Johnson,George Washington,80,Jr,1765.0,-4.761775922504364,-3.9462969933652516,-8.708072915869614
1523,2026,Quentin Jones,Saint Louis,77,Jr,2279.0,-5.286373385834574,-3.5296591657864473,-8.81603255162102
1524,2026,Albert Vargas,Robert Morris,70,Sr,1955.0,-10.587688096559255,1.7250060849711497,-8.862682011588106
1525,2026,Will Johnston,Richmond,75,Sr,2347.0,-8.37375691025042,-0.5154153676372222,-8.889172277887642
1526,2026,BJ Plummer,North Florida,78,Fr,2623.0,-5.712629037338056,-3.1784061898461866,-8.891035227184243
1527,2026,Kam Craft,Georgia Tech,78,Jr,1751.0,-2.6837363194694444,-6.210095034592233,-8.893831354061678
1528,2026,Derrius Ward,Grambling,78,Sr,2175.0,0.8785660127193826,-9.777473756544506,-8.898907743825124
1529,2026,Tre Dinkins,George Washington,74,Sr,1903.0,-4.837320266382496,-4.0722555496411434,-8.90957581602364
1530,2026,Ethan Meuser,Stonehill,80,Sr,905.0,-11.987107271398653,3.0076226549225886,-8.979484616476064
1531,2026,Dylan Brumfield,Southern Miss,77,So,2511.0,4.531893227771316,-13.521641290029544,-8.98974806225823
1532,2026,Marcos Gonzales,The Citadel,75,Fr,1007.0,-1.2105206927269552,-7.787276344649843,-8.997797037376799
1533,2026,Leif Moeller,Evansville,79,Fr,2651.0,-2.5508274765902073,-6.44777890122447,-8.998606377814678
1534,2026,Luca Soroa Schaller,Northeastern,79,So,1731.0,-6.102681766478851,-2.9165938625636785,-9.019275629042529
1535,2026,Jimmie Williams,Duquesne,77,Jr,2390.0,-7.581765932723428,-1.4386887172584533,-9.02045464998188
1536,2026,Kam Martin,Samford,76,So,1567.0,-7.087615353387088,-1.974901509810884,-9.062516863197972
1537,2026,Darius Livingston,Robert Morris,74,Fr,1672.0,-8.660274208364708,-0.406182262442367,-9.066456470807076
1538,2026,Edouard Benoit,Lehigh,80,So,1486.0,-3.097341718777068,-5.97661711592486,-9.073958834701928
1539,2026,Matar Diop,Stetson,82,Jr,1027.0,-11.517617547686854,2.4318985208177697,-9.085719026869084
1540,2026,Xavier Lipscomb,Mount St. Mary's,74,Sr,2648.0,-2.169219796222495,-6.954947855488206,-9.124167651710701
1541,2026,Trey Green,Saint Louis,72,So,1999.0,-3.5436746302838737,-5.6436847302400945,-9.187359360523969
1542,2026,Anton Brookshire,Austin Peay,74,Sr,1931.0,-8.131141136093447,-1.0570263394148542,-9.188167475508301
1543,2026,Derrian Ford,Temple,75,Sr,2798.0,-7.01816701514716,-2.2027811682323906,-9.220948183379551
1544,2026,Ace Valentine,UMBC,75,Jr,2490.0,-6.6241654023820065,-2.5989242266517243,-9.22308962903373
1545,2026,Cade Norris,Samford,76,So,2724.0,-4.641681725939697,-4.648654828550676,-9.290336554490374
1546,2026,Achile Spadone,Bucknell,76,Sr,2851.0,-4.562829439389531,-4.729496361895837,-9.292325801285369
1547,2026,Yaniel Rivera,Abilene Christian,76,Jr,1652.0,2.6919779469433314,-11.993973822193354,-9.301995875250022
1548,2026,TJ Johnson,VMI,79,Jr,2891.0,-10.729046950126467,1.425934066726842,-9.303112883399624
1549,2026,Kyle Carlesimo,Colgate,74,Sr,2242.0,0.5229264723369083,-9.829346715068457,-9.306420242731548
1550,2026,Ja'Quavian Florence,Tennessee Tech,76,Sr,1542.0,-2.82031581551214,-6.509942715704834,-9.330258531216973
1551,2026,Brandon Benjamin,Fairfield,80,Fr,2705.0,-2.1251358692775137,-7.229446271106911,-9.354582140384425
1552,2026,Justin Begg,Sam Houston,72,So,2051.0,-9.538716294857574,0.16912365656096445,-9.36959263829661
1553,2026,Mikah Ballew,Portland,77,So,2098.0,-9.794800216682036,0.41484711657596773,-9.379953100106068
1554,2026,Keaton Norris,Samford,72,Sr,2530.0,-10.62865560929019,1.2433959938566996,-9.38525961543349
1555,2026,Zacch Wiggins,Old Dominion,76,Fr,1628.0,-0.3128821568842104,-9.081968211733201,-9.394850368617412
1556,2026,Ben Eisendrath,Harvard,74,So,1955.0,0.19094796511899803,-9.599971350430897,-9.4090233853119
1557,2026,Luca Colceag,UT Martin,80,Sr,1133.0,-0.7371690231104155,-8.695638212380613,-9.43280723549103
1558,2026,Josiah Hammons,UIC,74,Sr,1412.0,-8.362688544524296,-1.079562569750436,-9.442251114274733
1559,2026,Redd Thompson Jr.,Longwood,72,So,2107.0,0.5740480718969971,-10.020446851835233,-9.446398779938235
1560,2026,Veljko Ilic,Sam Houston,82,Sr,2260.0,-12.340257378642612,2.8436658556708716,-9.496591522971741
1561,2026,Demari Williams,Houston Christian,77,Jr,1680.0,-2.6156689374313693,-6.907303100828253,-9.522972038259622
1562,2026,Jeremiah Quigley,Binghamton,71,Jr,2940.0,-2.280793512270817,-7.263635377241514,-9.544428889512332
1563,2026,Jayden Cooper,South Alabama,74,Jr,2355.0,-6.2935040930348105,-3.2561878669491575,-9.549691959983967
1564,2026,Bradley Douglas,James Madison,73,Sr,2371.0,-1.4152821987611672,-8.149855754850256,-9.565137953611423
1565,2026,Jordan Battle,Old Dominion,74,Sr,3090.0,-1.4396037044823808,-8.127007344391291,-9.566611048873671
1566,2026,Shammah Scott,Akron,74,Sr,2655.0,-8.86385368855619,-0.7268482389729926,-9.590701927529183
1567,2026,Orlando Lovejoy,Detroit Mercy,75,Sr,2364.0,-7.50930731870332,-2.0972987503491587,-9.606606069052479
1568,2026,Mason So,Mount St. Mary's,74,Jr,1628.0,-2.3813383088136995,-7.225511437314333,-9.606849746128033
1569,2026,Sebastian Robinson,NJIT,73,Jr,2123.0,-3.2553064096981434,-6.395594108579834,-9.650900518277977
1570,2026,Charles Johnston,Furman,83,Sr,2850.0,-10.009750968380061,0.35071427561297375,-9.659036692767087
1571,2026,Carl Daughtery Jr.,UC Davis,75,Sr,1845.0,-9.07695836785188,-0.5829817614830632,-9.659940129334943
1572,2026,Robert Lewis,Lindenwood,81,Jr,1615.0,-3.107729437369975,-6.556750441585734,-9.66447987895571
1573,2026,Jason Thirdkill Jr.,Jacksonville,79,Sr,1804.0,-5.617885549930613,-4.058946272438368,-9.676831822368982
1574,2026,Major Freeman,Charlotte,75,Sr,1218.0,-0.9039576560861684,-8.77692081272765,-9.680878468813818
1575,2026,Cedric Taylor III,Howard,79,Jr,1629.0,-7.807569978740728,-1.9045100101779768,-9.712079988918704
1576,2026,Connor Sevilla,UC Davis,72,Jr,2791.0,-9.676873843783994,-0.09850159993462038,-9.775375443718614
1577,2026,Brent Bland,Saint Peter's,75,Sr,2402.0,-4.519982468019806,-5.26709557375868,-9.787078041778486
1578,2026,Brady Shoulders,Mercer,78,So,2848.0,-7.113984535957204,-2.7268334076825207,-9.840817943639724
1579,2026,Jordan Johnson,Bethune-Cookman,76,Jr,1457.0,-8.614950669222047,-1.2335563281935906,-9.848506997415637
1580,2026,Gabe Newhof,James Madison,81,Sr,1674.0,-1.495414537837026,-8.35577585071172,-9.851190388548746
1581,2026,Isaiah Brown,Howard,73,So,1078.0,-0.9784140487850674,-8.886881996112878,-9.865296044897946
1582,2026,Anias Futrell,Lindenwood,77,Sr,2995.0,-1.7107388764327274,-8.19023437908829,-9.900973255521016
1583,2026,Jack Karasinski,Bellarmine,79,Jr,3239.0,-5.7649120072404685,-4.138326815738733,-9.903238822979201
1584,2026,Trenton Ruth,Stonehill,75,So,959.0,-0.8999326605327207,-9.007934576270472,-9.907867236803192
1585,2026,Jordan Frison,Chattanooga,72,Jr,2515.0,-3.6067531813978224,-6.307627653849409,-9.914380835247233
1586,2026,Justin Wright,UNC Asheville,74,Sr,2599.0,-7.328071487729881,-2.6209037520946845,-9.948975239824566
1587,2026,Daniel Johnson,Hampton,77,So,2020.0,-4.885991949167289,-5.078018112241756,-9.964010061409045
1588,2026,Kaden Metheny,Liberty,71,Sr,2955.0,-2.1444987783719287,-7.821694464597033,-9.966193242968961
1589,2026,Justin Hawkins,Niagara,79,Sr,2013.0,-6.843509164604022,-3.1369656207096366,-9.980474785313659
1590,2026,Chris Morgan,Purdue Fort Wayne,74,Jr,1067.0,-7.524836859069536,-2.479778440531406,-10.004615299600943
1591,2026,Mayar Wol,Bowling Green,80,So,1997.0,-7.6222050474109535,-2.3983112840929746,-10.020516331503927
1592,2026,Masai Troutman,George Mason,76,Sr,1976.0,-5.444707434550464,-4.591296178821147,-10.036003613371612
1593,2026,K'Jei Parker,Massachusetts,74,Jr,1971.0,-8.990758162776052,-1.0718972655027503,-10.062655428278802
1594,2026,Elias Ralph,Pacific,79,Sr,2971.0,-5.67498554907408,-4.39105076786255,-10.06603631693663
1595,2026,Zaire Williams,Mercer,76,Sr,2825.0,-4.391940492781892,-5.68396441708361,-10.075904909865502
1596,2026,Keith Mcknight,Quinnipiac,79,Fr,2129.0,-2.8232103154881267,-7.258285517472828,-10.081495832960954
1597,2026,Austin Cross,Troy,75,Fr,1400.0,-10.346800406854708,0.2442626209404135,-10.102537785914295
1598,2026,Koron Davis,Alabama A&M,78,Jr,2570.0,-9.215905651887574,-0.8922816678906651,-10.108187319778239
1599,2026,Wes Peterson Jr.,Binghamton,78,Sr,2529.0,0.019102571114896882,-10.14032440064196,-10.121221829527062
1600,2026,Jordan Rogers,NJIT,78,So,2338.0,-1.9451432116419949,-8.188400198315573,-10.133543409957568
1601,2026,Jaden Slaughter,Sacred Heart,77,Jr,1766.0,-3.251821736568826,-7.009888525440244,-10.261710262009071
1602,2026,Eli Greenberg,Le Moyne,76,Fr,1410.0,-0.30589505354762636,-9.995822159334507,-10.301717212882133
1603,2026,Toneari Lane,San Diego,77,Sr,2389.0,-2.8725563555790274,-7.434525179674397,-10.307081535253424
1604,2026,Christian Gamble,Mercyhurst,73,Sr,1996.0,-7.956525858733165,-2.357551969356752,-10.314077828089918
1605,2026,Eze Wali,The Citadel,73,So,2164.0,-9.832106538593214,-0.48347015644914615,-10.31557669504236
1606,2026,Landen Joseph,Marshall,74,Fr,1501.0,1.989738085554583,-12.313824379904327,-10.324086294349744
1607,2026,Evan Anderson,South Dakota,76,Fr,1592.0,-9.830721615563824,-0.5005638593068105,-10.331285474870635
1608,2026,Mateo Esmeraldo,Lipscomb,72,Jr,4250.0,-5.288206799278438,-5.065242250641326,-10.353449049919764
1609,2026,Jacoi Hutchinson,Longwood,75,Jr,2772.0,-9.519834193607235,-0.8929813973943617,-10.412815591001596
1610,2026,Riley Fox,Yale,78,So,1560.0,-7.490471032841571,-2.925390289525059,-10.41586132236663
1611,2026,Ryan Williams,Northeastern,76,So,968.0,-4.297596800768972,-6.148013403103171,-10.445610203872143
1612,2026,Preston Edmead,Hofstra,73,Fr,2685.0,-8.46617886417198,-2.0008673464827798,-10.46704621065476
1613,2026,Tyson Commander,Loyola Maryland,76,Sr,2544.0,-4.386800890797924,-6.082947001576119,-10.469747892374043
1614,2026,Clayton Jackson,Lindenwood,74,So,2437.0,-2.765300044471023,-7.716812830529612,-10.482112875000634
1615,2026,Ethan Greenberg,Air Force,76,Fr,2137.0,-8.178436311175739,-2.3078141509504264,-10.486250462126165
1616,2026,Robert Hinton,Harvard,77,So,2379.0,-12.968996007207544,2.460192900656451,-10.508803106551092
1617,2026,Jamias Ferere,Gardner-Webb,78,Fr,1410.0,-0.42165252614602067,-10.089681438702858,-10.511333964848879
1618,2026,Jacob Theodosiou,Loyola Maryland,76,Jr,2452.0,2.41907110065958,-12.942646874454859,-10.52357577379528
1619,2026,Chiante' Tramble,Southern Miss,74,So,973.0,-11.117419599595198,0.5614211579722017,-10.555998441622997
1620,2026,Cal Furnish,Oral Roberts,70,Fr,2034.0,-8.515741587013444,-2.070578700216336,-10.58632028722978
1621,2026,Antwan Wilson,Rider,77,Jr,851.0,-7.284415176297611,-3.310395070527727,-10.594810246825338
1622,2026,Blair Thompson,Columbia,79,Sr,2458.0,-7.3310465447040185,-3.3094471022488974,-10.640493646952915
1623,2026,AJ Dancler,Coastal Carolina,74,Jr,2954.0,-8.777050681699642,-1.8965339835920891,-10.673584665291731
1624,2026,Eren Banks,App State,76,Jr,2053.0,0.10653246374196312,-10.796663430223838,-10.690130966481874
1625,2026,Jayden Jackson,California Baptist,76,Sr,1847.0,-1.8603974153652894,-8.860313150785505,-10.720710566150794
1626,2026,Emanuel Richards,Longwood,76,Jr,2642.0,-2.193873503652653,-8.562785645579556,-10.75665914923221
1627,2026,Ryan Sabol,Buffalo,74,Jr,2901.0,-10.595935570576742,-0.19073688737543382,-10.786672457952175
1628,2026,Eddie Placer,Wagner,77,Jr,2037.0,-4.834975720913658,-5.973108750290284,-10.80808447120394
1629,2026,Alex Huibregtse,Bradley,75,Sr,2781.0,-4.761679124798736,-6.05590801641485,-10.817587141213586
1630,2026,Clinton Efinda,UNC Greensboro,77,Jr,1164.0,-8.092197926790242,-2.737417497145146,-10.829615423935387
1631,2026,Isaac Bruns,South Dakota,77,Jr,2306.0,-2.759450781246953,-8.142013234653184,-10.901464015900137
1632,2026,Jovan Jester Jr.,UC Irvine,76,Fr,1363.0,-1.4567849886531636,-9.446881562901629,-10.903666551554792
1633,2026,Ose Okojie,Howard,77,Sr,2287.0,0.5343505134964559,-11.460680138621612,-10.926329625125156
1634,2026,Cameron Johnson,Mercyhurst,77,Jr,1076.0,-6.410084715804698,-4.522643133217371,-10.932727849022069
1635,2026,Scotty Middleton,Tulane,78,Jr,2098.0,-6.10697778816548,-4.838466188679648,-10.945443976845128
1636,2026,Jaylen Fenner,Louisiana Tech,77,Fr,1538.0,-3.809616016442961,-7.1497007395860335,-10.959316756028993
1637,2026,Chance Trujillo,Utah Tech,76,So,2606.0,-5.430852754582777,-5.53845443146528,-10.969307186048058
1638,2026,Ben Waller,UC Riverside,78,Fr,1038.0,-5.348606947617676,-5.662673280228379,-11.011280227846054
1639,2026,Arlandus Keyes,Mount St. Mary's,74,Sr,2325.0,-2.924539197877351,-8.091374337205036,-11.015913535082387
1640,2026,Filip Petkovski,UT Martin,77,Fr,2068.0,-5.742460307719654,-5.282441809928794,-11.024902117648448
1641,2026,Justin Ray,Monmouth,75,So,2338.0,-10.75361769211281,-0.27562079788144356,-11.029238489994253
1642,2026,Jaehshon Thomas,Drake,75,Sr,1837.0,-3.9704789744290396,-7.094205490807423,-11.064684465236462
1643,2026,Scotty Washington,High Point,76,Sr,1648.0,-10.398417507188714,-0.6871878822825037,-11.085605389471219
1644,2026,Ryan Prather Jr.,Robert Morris,77,Jr,2903.0,-10.229916868227072,-0.8722641092015306,-11.102180977428603
1645,2026,Anastasios Rozakeas,Mount St. Mary's,79,So,975.0,-0.3326320332176047,-10.774726162449689,-11.107358195667294
1646,2026,Lukas Walls,Radford,77,Jr,2325.0,-4.318925268245344,-6.82119821337634,-11.140123481621684
1647,2026,Brian Waddell,Bellarmine,79,Sr,3432.0,-2.0041794212756905,-9.14563419422824,-11.14981361550393
1648,2026,Brewer Carruth,Southern Miss,76,So,981.0,-7.602625486879739,-3.566020219433512,-11.168645706313251
1649,2026,Khalil Farmer,UMass Lowell,75,Jr,1336.0,-3.870456586534795,-7.304396020589316,-11.17485260712411
1650,2026,Alex Doyle,Stetson,81,Jr,1581.0,-14.206650362570873,3.0187414850804117,-11.187908877490461
1651,2026,Marcus Rigsby Jr.,UT Arlington,75,Jr,1562.0,-8.64296694329851,-2.5474400872702643,-11.190407030568775
1652,2026,Jalen Smith,Rice,74,Sr,3008.0,-3.618588105396519,-7.607412657046001,-11.22600076244252
1653,2026,Luke Flynn,Wofford,73,So,1629.0,-8.630931556637702,-2.611894041633918,-11.242825598271619
1654,2026,Noah Barnett,Vermont,81,Jr,1736.0,-4.414980099085708,-6.905012249535908,-11.319992348621616
1655,2026,Ade Popoola,Tulsa,77,Jr,2264.0,-6.293057912693798,-5.038590029839287,-11.331647942533085
1656,2026,Rex Sunderland,Stonehill,77,Sr,2172.0,-6.0401898287362865,-5.299378872201961,-11.339568700938248
1657,2026,Noah Batchelor,Buffalo,78,Sr,2433.0,-2.6510836017827826,-8.691169701105604,-11.342253302888388
1658,2026,Jalen Quinn,Drake,75,Sr,2946.0,-6.79156741471967,-4.554059698467239,-11.345627113186909
1659,2026,Jose Roberto Tanchyn,UMBC,82,Jr,1330.0,-7.8963192590413005,-3.5064564611798703,-11.402775720221172
1660,2026,Chris Kumu,Canisius,76,Fr,1060.0,-5.256558640722696,-6.147219976560185,-11.403778617282882
1661,2026,Anquan Hill,Sacred Heart,81,Sr,2287.0,-5.062985410840944,-6.344085643045172,-11.407071053886117
1662,2026,Jacob Meyer,UAB,74,Jr,1977.0,-5.679062993565252,-5.746345464900984,-11.425408458466237
1663,2026,Cade Hornecker,Abilene Christian,84,Jr,1340.0,-7.551621229545738,-3.8771554589486703,-11.428776688494409
1664,2026,Jaden Kempson,UAlbany,75,Jr,2321.0,-5.866668469638199,-5.572352914772562,-11.439021384410761
1665,2026,Jason Schofield,Marist,82,So,1335.0,-4.662581900572607,-6.779489976838584,-11.442071877411191
1666,2026,Jaylen Benard,Longwood,74,Jr,1945.0,-6.949218949706889,-4.5378430685705755,-11.487062018277465
1667,2026,Tama Isaac,UC Irvine,74,Fr,2495.0,-11.755164179882778,0.2535048174206409,-11.501659362462137
1668,2026,Tate McCubbin,Austin Peay,80,So,2439.0,-14.058353062817268,2.415010326849637,-11.643342735967632
1669,2026,Jahki Gupton,Saint Peter's,79,Jr,1818.0,-3.1014249015388016,-8.5541079740342,-11.655532875573002
1670,2026,Timofei Rudovskii,Bryant,81,Fr,2452.0,-5.660131708851338,-6.020138837990652,-11.68027054684199
1671,2026,Victor Okojie,UMass Lowell,80,Fr,1453.0,-10.112944433299194,-1.567946517415458,-11.680890950714652
1672,2026,Cam Cole,Navy,73,Jr,1756.0,-7.525711018418356,-4.182934899979601,-11.708645918397957
1673,2026,Cruz Davis,Hofstra,75,Sr,3079.0,-0.10539595445345293,-11.607156682663286,-11.712552637116739
1674,2026,Ben Michaels,Vermont,80,So,1473.0,-5.750898383075761,-5.9882987743116916,-11.739197157387451
1675,2026,Maleek Arington,Seattle U,75,Sr,2529.0,-6.585555550698818,-5.208377764418996,-11.793933315117815
1676,2026,Romad Dean,Tulsa,79,Sr,1213.0,-6.062544243231701,-5.735554204443711,-11.798098447675413
1677,2026,Jaxon Olvera,Louisiana,77,So,2421.0,-5.447812374502677,-6.388443438399655,-11.836255812902332
1678,2026,Donovan Rivers,Jacksonville,81,Jr,1816.0,-4.7761865960102305,-7.065014077104651,-11.841200673114882
1679,2026,Caleb Thomas,Lehigh,70,Fr,1430.0,-3.3747150974925018,-8.477923825598136,-11.852638923090637
1680,2026,Jayden Williams,Dartmouth,78,Sr,2693.0,-6.276825071337674,-5.604708015795256,-11.88153308713293
1681,2026,Dorian Hayes,UTSA,77,Fr,2004.0,-13.126039595093264,1.2420412733437234,-11.88399832174954
1682,2026,Jayden Tyler,Wofford,70,Fr,1142.0,-8.838583967335317,-3.054086002188419,-11.892669969523737
1683,2026,Dejour Reaves,Fordham,72,Sr,2693.0,-6.591466477300991,-5.309885283205839,-11.90135176050683
1684,2026,Stefanos Spartalis,Monmouth,81,Fr,1678.0,-6.4596651239542355,-5.465708112093092,-11.925373236047328
1685,2026,Gerard O'Keefe,Columbia,75,So,1806.0,-6.309106476209617,-5.6230454146771995,-11.932151890886818
1686,2026,Danilo Jovanovich,Milwaukee,80,Sr,1596.0,-11.934989830289048,-0.0077753995474552084,-11.942765229836503
1687,2026,Afan Trnka,UT Martin,74,Jr,1862.0,-5.5361109391927705,-6.408858288286379,-11.944969227479149
1688,2026,Mekhi Conner,Sacred Heart,73,So,2516.0,-4.067840790015831,-7.91293078904135,-11.98077157905718
1689,2026,Stephan Snagg,Binghamton,79,Jr,1380.0,-6.977606247675345,-5.007474967481897,-11.98508121515724
1690,2026,Scooter Williams,Louisiana Tech,77,Sr,1682.0,-6.002600441621136,-6.018819471521074,-12.02141991314221
1691,2026,Jakobi Heady,Bethune-Cookman,78,Sr,2896.0,-3.8511119176330224,-8.197827640696818,-12.048939558329842
1692,2026,Grant Slatten,Tennessee Tech,77,Sr,1177.0,2.3939115856524094,-14.443509654405368,-12.049598068752958
1693,2026,Daniel Macgregor,Stetson,72,So,1018.0,-3.9321074636348072,-8.132130221111057,-12.064237684745864
1694,2026,Jordan Pennick,Navy,71,Jr,2220.0,-5.846142329641658,-6.241490953782506,-12.087633283424164
1695,2026,Hayden Welling,Utah Valley,81,Sr,1418.0,-2.211775075450051,-9.946221078840331,-12.157996154290382
1696,2026,Elijah Tucker,Longwood,80,Sr,2831.0,-6.289877565150987,-5.889317935820167,-12.179195500971154
1697,2026,Bryce Harris,Howard,76,Sr,3023.0,-6.600678040075686,-5.6086671572022295,-12.209345197277916
1698,2026,Jaion Pitt,Pacific,79,Fr,1549.0,-5.098953391928644,-7.2053649787933365,-12.30431837072198
1699,2026,DeMarco Johnson,Elon,76,Fr,1278.0,-6.791943553994082,-5.5137649165209215,-12.305708470515004
1700,2026,Jadis Jones,Lindenwood,77,So,2595.0,-5.452085595039623,-6.9014482474551455,-12.35353384249477
1701,2026,Rob Brown III,Stony Brook,76,Sr,2608.0,-5.0388371379755945,-7.360017559473216,-12.398854697448812
1702,2026,Kareem Rozier,Winthrop,69,Sr,2553.0,-8.641957903309494,-3.7598053764878285,-12.401763279797322
1703,2026,Conrad Martinez,High Point,72,Jr,2192.0,-3.416398718077885,-9.016602778253484,-12.433001496331368
1704,2026,Josh Pickett,Presbyterian,77,So,2501.0,-5.5990079750865736,-6.846433477907915,-12.445441452994489
1705,2026,Baraka Okojie,Mercer,75,Jr,3146.0,-6.283182433424216,-6.19768180661739,-12.480864240041605
1706,2026,Dontrez Williams,Lindenwood,77,So,2660.0,-5.634173214890307,-6.870050193030974,-12.50422340792128
1707,2026,Donald Whitehead Jr.,UNC Greensboro,70,Sr,2267.0,-4.987860160942081,-7.526516655573322,-12.514376816515403
1708,2026,Sam Towns,Bowling Green,81,Sr,2891.0,-8.13691748995762,-4.404626491303744,-12.541543981261363
1709,2026,Kaleb Washington,Florida A&M,80,Sr,1435.0,-2.685254655442986,-9.873450997434414,-12.5587056528774
1710,2026,Caleb Williams,Lafayette,72,So,2678.0,-3.9308975864520477,-8.639116767020779,-12.570014353472827
1711,2026,Luke Skaljac,Miami (OH),74,So,2249.0,-4.059849675350403,-8.547186551736717,-12.60703622708712
1712,2026,Jayson Petty,Kansas City,76,Jr,2870.0,-8.478892577148999,-4.131352478692042,-12.610245055841041
1713,2026,Javon Ruffin,Bowling Green,77,Sr,2144.0,-8.57332946504048,-4.054514671809111,-12.62784413684959
1714,2026,Halon Rawlins,Fairfield,78,Fr,1480.0,-8.943175478214542,-3.696495674926791,-12.639671153141332
1715,2026,John Christofilis,Seattle U,75,Sr,1369.0,-12.11045225455326,-0.5553467697920609,-12.665799024345322
1716,2026,Derin Saran,UC Irvine,77,So,2556.0,-4.1368968059317,-8.545084642415247,-12.681981448346948
1717,2026,Carter Kingsbury,The Citadel,77,Jr,2351.0,-8.061304787947675,-4.743982870457134,-12.805287658404808
1718,2026,Asher Woods,Tulane,75,Sr,2373.0,-5.6557539985934895,-7.153368075681852,-12.809122074275342
1719,2026,Anthony Arrington,Mount St. Mary's,74,Jr,1049.0,-5.945157691364022,-6.883019470481457,-12.82817716184548
1720,2026,Marcus Hall,Green Bay,78,Jr,2520.0,-6.500686901262427,-6.33843699331288,-12.839123894575307
1721,2026,Bashir N'Galang,Maine,75,Fr,816.0,-4.320006801071729,-8.537789459031016,-12.857796260102745
1722,2026,Zyree Collins,Austin Peay,72,Fr,2385.0,-11.146668022213621,-1.7140124929000768,-12.860680515113698
1723,2026,Owen Aquino,High Point,80,Sr,2407.0,-3.406501950626385,-9.475978969091308,-12.882480919717693
1724,2026,Brendan Coyle,Siena,79,Sr,2267.0,-7.96531546506564,-4.921352137633612,-12.886667602699251
1725,2026,Kahlil Singleton,Canisius,75,Jr,2683.0,-6.0357317902041565,-6.940731831471228,-12.976463621675386
1726,2026,Ernest Shelton,Merrimack,77,Jr,3031.0,-9.294188991219304,-3.746875489253481,-13.041064480472786
1727,2026,Jackson Munro,Dartmouth,80,Sr,2358.0,-9.587693755135527,-3.455376306141917,-13.043070061277444
1728,2026,Del Jones,Radford,75,So,3027.0,-5.268138997408206,-7.779852996616725,-13.047991994024931
1729,2026,Jason Clarke Jr.,App State,72,So,862.0,1.3714415693698179,-14.443968239445399,-13.07252667007558
1730,2026,Karris Bilal,Louisiana,74,Fr,990.0,-4.74895343073982,-8.389632757971066,-13.138586188710885
1731,2026,Biko Johnson,Idaho,74,Sr,2279.0,-6.348799273011273,-6.792770347867339,-13.141569620878613
1732,2026,Ross Candelino,Lipscomb,77,Sr,3231.0,-13.90988417640125,0.7564595098739257,-13.153424666527325
1733,2026,Pedro Santos,UT Martin,79,Fr,1692.0,-7.3097781123361845,-5.8505321980099545,-13.160310310346139
1734,2026,Michael Cooper,Wagner,78,Jr,1037.0,-6.484006414115284,-6.686561345649114,-13.170567759764399
1735,2026,Rhyjon Blackwell,Marist,72,Sr,2419.0,-11.356050040049977,-1.8268294250939285,-13.182879465143905
1736,2026,Khalon Hudson,Presbyterian,78,So,1040.0,-6.494708511217788,-6.696708875743409,-13.191417386961197
1737,2026,AB Coulibaly,Rider,77,Fr,896.0,-3.261128737727131,-9.950405261214936,-13.211533998942066
1738,2026,Javohn Garcia,McNeese,75,Sr,2188.0,-13.91216335247392,0.7004103435938842,-13.211753008880036
1739,2026,Eunique Rink,Hampton,82,Fr,1017.0,-14.9293868632309,1.7146277004086379,-13.214759162822261
1740,2026,Erik Pratt,Stony Brook,77,Sr,2788.0,-0.23200072125700988,-12.987634402623252,-13.219635123880263
1741,2026,Devin Dinkins,Manhattan,70,Sr,2971.0,-5.414481406092472,-7.925879628465745,-13.340361034558217
1742,2026,Eian Elmer,Miami (OH),78,Jr,2392.0,-5.981185857271951,-7.369635899528707,-13.35082175680066
1743,2026,JB Frankel,Northeastern,75,Jr,1536.0,-4.821950079100143,-8.539920017150777,-13.36187009625092
1744,2026,Xzavier Long,Hampton,79,Sr,2644.0,-10.94705500427066,-2.519340714950877,-13.466395719221536
1745,2026,Evan Ipsaro,Miami (OH),72,Jr,890.0,-5.591509723764977,-7.876310408340313,-13.46782013210529
1746,2026,Daniel Egbuniwe,St. Bonaventure,79,Sr,1874.0,-6.807562123349058,-6.688908910527415,-13.496471033876473
1747,2026,Bowen Hardman,Akron,75,Sr,1780.0,-12.973403949110955,-0.5602837468527224,-13.533687695963676
1748,2026,Josiah Shackelford,Bowling Green,76,So,2083.0,-8.148796345917273,-5.3889454939300325,-13.537741839847305
1749,2026,Terry Anderson,High Point,78,Sr,2386.0,-1.5859877732871444,-11.980496908403886,-13.56648468169103
1750,2026,Josh Odunowo,UMBC,78,Sr,1592.0,-6.1830523747088675,-7.390613016426961,-13.57366539113583
1751,2026,Alex Chaikin,UC San Diego,76,So,2114.0,-5.945950882696081,-7.636042864961183,-13.581993747657265
1752,2026,Antonio Baker Jr.,Florida A&M,,,1913.0,-12.92023392619319,-0.6728840035551196,-13.59311792974831
1753,2026,Corbin Zentner,Cornell,70,Sr,771.0,-6.609917997799031,-6.990221752996544,-13.600139750795575
1754,2026,Noah Taitz,Utah Valley,76,Sr,1592.0,-2.607287747084514,-11.118045056518621,-13.725332803603136
1755,2026,Andrew Phillips,Lafayette,76,Jr,2656.0,-1.3122302533075216,-12.41430400921551,-13.726534262523032
1756,2026,Kaleb Lowery,Nevada,80,Sr,4660.0,-5.919971686057217,-7.808123275960488,-13.728094962017705
1757,2026,Preston Ruedinger,Green Bay,74,Sr,3124.0,-14.401498946935792,0.6276314858337568,-13.773867461102036
1758,2026,Trey Perry,Miami (OH),74,Fr,956.0,-7.2554666418302265,-6.53574845305207,-13.791215094882297
1759,2026,Sebastien Emenalo,Loyola Maryland,78,Fr,1504.0,-6.333228849524396,-7.468266334633583,-13.801495184157979
1760,2026,Chance Moore,West Virginia,78,Sr,1731.0,-0.5551997030017981,-13.273850048676081,-13.829049751677879
1761,2026,Danas Kazakevicius,Howard,82,Fr,1401.0,-8.872627195821416,-4.9572791138953365,-13.829906309716751
1762,2026,Amir Lindsey,UAlbany,71,So,2979.0,-10.535574086283273,-3.3195548032263016,-13.855128889509574
1763,2026,Braeden Speed,Loyola Maryland,75,So,3486.0,-12.257914445843038,-1.598746176855001,-13.85666062269804
1764,2026,AJ Clark,VMI,76,Jr,1699.0,-7.715385089075914,-6.141760269601496,-13.85714535867741
1765,2026,Jikari Johnson,Chattanooga,76,Sr,1156.0,-5.918663464180095,-8.011688850590659,-13.930352314770754
1766,2026,Adam Olsen,South Alabama,80,Jr,2874.0,-5.184340480055221,-8.799183479467509,-13.98352395952273
1767,2026,Sean Lang,Mercyhurst,75,Sr,1086.0,-5.375287931477231,-8.615901727176615,-13.991189658653845
1768,2026,Jaylen Wysinger,Texas Southern,72,Sr,2361.0,-3.016404278432911,-10.981893067509645,-13.998297345942557
1769,2026,Deuce Jones,Saint Joseph's,74,So,832.0,0.05572503026703124,-14.087311976150717,-14.031586945883687
1770,2026,Josh Reed,Drexel,74,So,1605.0,-5.885801736306881,-8.153491892876445,-14.039293629183327
1771,2026,Chris Arias,Jacksonville,78,So,1527.0,-5.59706486738915,-8.4938470458485,-14.090911913237651
1772,2026,Myles Wilmoth,Canisius,82,Sr,1963.0,-6.8677381809052225,-7.281838326954039,-14.149576507859262
1773,2026,Mike Woods,Navy,75,Sr,2097.0,-9.97815030940907,-4.205319612151333,-14.183469921560404
1774,2026,Brennan Rigsby Jr.,Radford,75,Sr,1835.0,-13.620779878422686,-0.6351718093360081,-14.255951687758694
1775,2026,Joshua Beadle,Coastal Carolina,75,Sr,2918.0,-1.961404399050514,-12.319052514084508,-14.280456913135021
1776,2026,Jamil Muttilib,Grambling,78,Sr,2093.0,-6.977018432839822,-7.34634736800912,-14.323365800848942
1777,2026,Will Shortt,Niagara,80,So,1390.0,-9.680987865767431,-4.770129793803779,-14.45111765957121
1778,2026,Tarique Foster,UAlbany,80,Jr,1057.0,-5.0950065745809106,-9.359803288921043,-14.454809863501954
1779,2026,Silas Bennion,South Dakota,,,1521.0,-12.221743761481957,-2.23617537770629,-14.457919139188247
1780,2026,Andre Henry,UC Irvine,76,Sr,1579.0,-13.968477266589348,-0.4985375472636362,-14.467014813852984
1781,2026,Dayjaun Anderson,UAB,74,So,1113.0,-8.733434491362868,-5.733914611948594,-14.467349103311463
1782,2026,Yann Farell,Sacred Heart,79,Jr,2620.0,-7.044087530289599,-7.474231108785317,-14.518318639074916
1783,2026,Flash Burton,Rider,75,So,2425.0,-3.145070080999691,-11.381805463318706,-14.526875544318397
1784,2026,Jake Brack,South Dakota,81,Jr,965.0,-12.945587248896471,-1.5967070706370026,-14.542294319533474
1785,2026,Kyle Pulliam,William & Mary,76,Sr,2064.0,-8.824440716761249,-5.781514193503426,-14.605954910264675
1786,2026,Deng Garang,Le Moyne,78,So,2803.0,-6.080734780922277,-8.530289590110124,-14.6110243710324
1787,2026,Jeremiah Jenkins,Brown,72,So,2218.0,-8.50224780566586,-6.1826122864587445,-14.684860092124605
1788,2026,Spence Wewe,Quinnipiac,84,So,1381.0,-10.303667944942177,-4.388902484540499,-14.692570429482675
1789,2026,Jurian Dixon,UC Irvine,77,So,2578.0,-7.823370767977801,-6.890852726531319,-14.71422349450912
1790,2026,Malik Ferguson,Tennessee Tech,76,Jr,1174.0,-0.1375597207096284,-14.577265740161137,-14.714825460870765
1791,2026,Vinny Sigona,East Texas A&M,73,Jr,1613.0,-7.677694908256152,-7.0729446358296535,-14.750639544085805
1792,2026,Damien King,UT Martin,76,Fr,1144.0,-3.947324141082315,-10.85798274316533,-14.805306884247646
1793,2026,Lilian Marville,UNC Greensboro,73,Fr,1787.0,-8.875826839226974,-6.012817481833324,-14.888644321060298
1794,2026,Samuel Hincapie,Le Moyne,77,Jr,1241.0,-9.19617028664266,-5.798721993364056,-14.994892280006717
1795,2026,Shawn Simmons II,UMass Lowell,78,Jr,1756.0,-5.028542097802716,-9.982497895492314,-15.011039993295029
1796,2026,Gus Yalden,Vermont,81,So,2162.0,-11.132233556977198,-3.8817219496351187,-15.013955506612316
1797,2026,Josh Smith,Liberty,81,Sr,1558.0,-8.982706479412075,-6.036776066745418,-15.019482546157493
1798,2026,Kahmare Holmes,Wofford,75,So,2191.0,-7.894988719203095,-7.144046336735052,-15.039035055938147
1799,2026,Jalen Vazquez,Lehigh,75,Jr,1491.0,-6.201543924081933,-8.854194984027103,-15.055738908109035
1800,2026,Kintavious Dozier,Alabama A&M,73,Sr,2766.0,-7.304299905462224,-7.784205441683098,-15.088505347145322
1801,2026,Vladimir Khryapa,UT Martin,80,Fr,1048.0,-5.295443771089989,-9.857536874385827,-15.152980645475816
1802,2026,Quron Elliott,Manhattan,74,Fr,938.0,-2.38132803633879,-12.77737579446579,-15.15870383080458
1803,2026,Garrett Anderson,North Dakota,78,Sr,2863.0,-10.47780428134316,-4.7295432744811325,-15.207347555824292
1804,2026,Quentin Duncan,NJIT,76,So,1096.0,-7.203706597933983,-8.01029733384386,-15.214003931777842
1805,2026,Michael Wilson Jr.,Bellarmine,78,So,1422.0,-12.670370132456089,-2.577132396584464,-15.247502529040553
1806,2026,Jaylon Johnson,Radford,72,Sr,2783.0,-5.454359204321021,-9.795716484519257,-15.250075688840278
1807,2026,Braxton Bayless,Little Rock,74,Sr,2883.0,-9.068312474811762,-6.279947856344995,-15.348260331156757
1808,2026,Marcus Greene,Fordham,74,Sr,1356.0,-10.477906324311716,-4.9076656604420155,-15.385571984753732
1809,2026,Almar Atlason,Miami (OH),80,Jr,1526.0,-14.00088538977729,-1.410264196810464,-15.411149586587754
1810,2026,Alex Williams,Duquesne,77,Sr,1224.0,-6.022274487394537,-9.423531626366945,-15.445806113761481
1811,2026,Iverson King,Presbyterian,78,So,1072.0,-10.527631104763906,-4.930936906553606,-15.458568011317512
1812,2026,Alphonzo Billups III,Longwood,79,Jr,2432.0,-6.988630970427311,-8.476312041908358,-15.464943012335668
1813,2026,Myles Parker,Marist,80,Fr,1195.0,-9.31961852253453,-6.21784733410094,-15.53746585663547
1814,2026,Jared Frey,UMass Lowell,78,Jr,1065.0,-6.751183546388229,-8.826623270889417,-15.577806817277647
1815,2026,DJ Dudley,Louisiana Tech,76,Jr,2482.0,-13.665814239317077,-1.9381463538671573,-15.603960593184235
1816,2026,Cayden Ward,Cal Poly,77,So,2823.0,-7.4251065242142715,-8.210716720512732,-15.635823244727003
1817,2026,Sonny Wilson,Toledo,73,Jr,2844.0,-6.377429333392959,-9.269600540230057,-15.647029873623016
1818,2026,Zaire Hayes,Texas Southern,74,Sr,2900.0,-2.1439757596637654,-13.517906445087004,-15.66188220475077
1819,2026,Trevor Mullin,Yale,72,Jr,2203.0,-2.4642790310477687,-13.21661637759597,-15.680895408643739
1820,2026,Cameron McNamee,Dartmouth,78,So,1899.0,0.9483792398731246,-16.728052701431785,-15.77967346155866
1821,2026,Brandon Muntu,Tennessee Tech,76,Sr,2210.0,-9.215214784068436,-6.58621862640545,-15.801433410473887
1822,2026,Jaquan Sanders,Florida A&M,76,Sr,2322.0,-12.691525770854222,-3.1112710964903934,-15.802796867344615
1823,2026,Peter Suder,Miami (OH),77,Sr,2358.0,-6.949295665075724,-8.882009635613011,-15.831305300688735
1824,2026,Jalen Tot,App State,72,Sr,2017.0,-7.511061877676909,-8.320938980389196,-15.832000858066104
1825,2026,Brennan Watkins,Chattanooga,71,Sr,2133.0,-13.956959008247148,-1.9064658120255453,-15.863424820272694
1826,2026,Trenton Walters,Niagara,69,Jr,1392.0,-10.355215415038636,-5.68456200240236,-16.039777417440995
1827,2026,John Squire,New Hampshire,80,So,2078.0,-10.823125029387779,-5.217539928268514,-16.040664957656293
1828,2026,Kory Mincy,George Mason,74,Jr,2994.0,-8.7844891030012,-7.261672242236537,-16.046161345237735
1829,2026,Sami Pissis,Alabama A&M,75,Sr,2350.0,-11.326433530554322,-4.744802207710712,-16.071235738265035
1830,2026,Charlie Williams,Lipscomb,82,Sr,2689.0,-10.988713933591804,-5.085158015093703,-16.073871948685508
1831,2026,Keshawn Williams,Iona,76,Sr,1217.0,-3.736088655635127,-12.371639285302468,-16.107727940937593
1832,2026,Tyler Tejada,Towson,80,Jr,2562.0,-10.77134228646234,-5.344623199974359,-16.1159654864367
1833,2026,Paul Djobet,Omaha,79,So,1455.0,-9.112595447482859,-7.103878445259297,-16.216473892742155
1834,2026,Hayden Wood,Jacksonville,76,Fr,2156.0,-11.069096248977605,-5.192407816122248,-16.261504065099853
1835,2026,Bryan Akanmu,Wagner,,,1556.0,-3.291142046030224,-13.008662364852896,-16.29980441088312
1836,2026,Mekhi Cooper,Lindenwood,73,Jr,2818.0,-8.897320991327653,-7.420791057772364,-16.318112049100016
1837,2026,Alex Wilkins,Furman,77,Fr,2945.0,-8.983916530269653,-7.377013510241656,-16.36093004051131
1838,2026,TJ Nadeau,Detroit Mercy,77,So,2026.0,-6.318890937397119,-10.142944239485336,-16.461835176882456
1839,2026,Josh Dixon,Milwaukee,73,Fr,1780.0,-6.3711686529224245,-10.113279524940122,-16.484448177862546
1840,2026,Troy Cicero Jr.,Loyola Maryland,73,Jr,1685.0,-13.040929274457637,-3.486155856954058,-16.527085131411695
1841,2026,Collin Parker,Austin Peay,80,Sr,2469.0,-8.794411419909924,-7.766099832539295,-16.560511252449217
1842,2026,Darrel Yepdo,UMass Lowell,72,Jr,2776.0,-9.48817324176727,-7.168748984672435,-16.656922226439704
1843,2026,DJ Thomas,West Virginia,79,Fr,1772.0,-6.7225636158527635,-9.945769696019937,-16.6683333118727
1844,2026,Jordan Stiemke,Loyola Maryland,77,Jr,3092.0,-3.6040451537656515,-13.293356367490118,-16.89740152125577
1845,2026,Vice Zanki,Niagara,80,Jr,1566.0,-5.0289864520052046,-11.977625962544437,-17.006612414549643
1846,2026,Cole Bowser,Furman,78,Fr,1014.0,-12.39567099007521,-4.682069092801083,-17.077740082876293
1847,2026,Ryan Mabrey,Maine,77,Sr,2133.0,-8.537942153371652,-8.552645395393853,-17.090587548765505
1848,2026,Daniel Freitag,Buffalo,74,So,2238.0,-6.9141030757417195,-10.180154117958807,-17.09425719370053
1849,2026,Matt Enright,Austin Peay,73,Sr,1201.0,-8.03413480495923,-9.114444082296266,-17.148578887255496
1850,2026,Jadin Booth,Samford,74,Sr,2981.0,-5.860867015615712,-11.393315922837086,-17.2541829384528
1851,2026,Sean Blake,Vermont,74,So,2642.0,-5.382733551304415,-11.874163778763682,-17.2568973300681
1852,2026,Kennedy Okpara,Lipscomb,80,Fr,2421.0,-10.388327537796773,-6.935245618457658,-17.32357315625443
1853,2026,Tyshawn Archie,McNeese,73,Jr,1949.0,-11.2027159545176,-6.160382862657665,-17.363098817175263
1854,2026,Jordan Brathwaite,Yale,76,So,1460.0,-11.732822451436267,-5.6443025457618585,-17.377124997198123
1855,2026,Jhei-R Jones,William & Mary,72,Sr,1190.0,-6.028211590762261,-11.383137425282719,-17.41134901604498
1856,2026,Ryan Bartley,Houston Christian,78,Sr,2293.0,-8.924531428405992,-8.51882034621651,-17.4433517746225
1857,2026,Marko Ljubicic,Manhattan,82,So,1725.0,-9.424370811202385,-8.052958837278664,-17.47732964848105
1858,2026,Mark Butler,Lafayette,70,Jr,2757.0,-13.489159671694003,-4.034015077686326,-17.523174749380328
1859,2026,Alex Cotton,Howard,77,Jr,2320.0,-4.423002386346984,-13.139959280277482,-17.562961666624467
1860,2026,Davante Hackett,Stonehill,75,Jr,2238.0,-4.300013757760498,-13.311684501853119,-17.61169825961362
1861,2026,Sam Springer,Loyola Maryland,79,So,2055.0,-8.756479818143815,-9.193286164329232,-17.949765982473046
1862,2026,Vincent Brady II,High Point,75,Sr,1136.0,-7.577753584385453,-10.61302291203141,-18.190776496416863
1863,2026,Jamaria Clark,Kansas City,74,Jr,949.0,-14.07405180515811,-4.124727144319858,-18.19877894947797
1864,2026,Eli Beard,Drexel,71,Sr,2123.0,-6.730160529868392,-11.549614674466113,-18.279775204334506
1865,2026,Kaden Fuhrmann,Mercyhurst,77,Sr,1002.0,-8.943740660612251,-9.472256608491172,-18.41599726910342
1866,2026,Adrian Uchidiuno,Brown,74,Jr,1931.0,-6.05685279880427,-12.371643102612358,-18.42849590141663
1867,2026,Eddrin Bronson,Furman,76,So,1841.0,-11.233364527845993,-7.204879887517137,-18.43824441536313
1868,2026,Jordan Crawford,South Dakota,75,Jr,2858.0,-9.65840795643589,-8.789407364176462,-18.44781532061235
1869,2026,Xavier Spencer,UMass Lowell,73,Jr,3006.0,-14.339804686852013,-4.114010083350404,-18.453814770202417
1870,2026,Aaron Davis III,Bryant,79,Jr,1803.0,-8.420917073899274,-10.13783607876998,-18.558753152669254
1871,2026,Tristan Gross,Mercer,78,So,1140.0,-10.271054081756695,-8.326327424139176,-18.59738150589587
1872,2026,David Bolden,NJIT,72,Fr,2573.0,-7.848968554596644,-10.892132794993872,-18.741101349590515
1873,2026,Lucas Mari,Vermont,78,Fr,1691.0,-8.567337387870634,-10.202615731429496,-18.76995311930013
1874,2026,Aiden Tobiason,Temple,77,So,2881.0,-7.4754666292965934,-11.300163938725735,-18.77563056802233
1875,2026,Ty Owens,Tennessee Tech,72,Jr,2387.0,-17.12848952363031,-1.8438474964158873,-18.972337020046197
1876,2026,Mekhi Cameron,Tennessee Tech,76,Sr,2354.0,-7.05536703383807,-11.969755629113825,-19.025122662951894
1877,2026,Parby Kabamba,Marist,78,So,1154.0,-11.901430434795586,-7.127232526727593,-19.028662961523178
1878,2026,Martin de LaPorterie,Drexel,85,Jr,1086.0,-15.02828611112823,-4.184415361736468,-19.212701472864698
1879,2026,Chace Watley,Wofford,74,Fr,2334.0,-9.173873840571588,-10.108356907792455,-19.282230748364043
1880,2026,Eric Mejia,Fairfield,75,So,1728.0,-3.5637327313521423,-15.727824004347935,-19.291556735700077
1881,2026,Kenny Noland,Columbia,76,Sr,2550.0,-14.618470145018868,-4.743116277856539,-19.36158642287541
1882,2026,Tony Williams,Fairfield,73,Fr,1765.0,-9.762996203060695,-9.64150584751921,-19.404502050579907
1883,2026,Todd Brogna,Merrimack,79,Jr,2358.0,-11.393848669034062,-8.231687182154294,-19.625535851188356
1884,2026,Jaden Winston,Manhattan,72,Jr,3084.0,-7.481431315312465,-12.257142231179337,-19.7385735464918
1885,2026,Aidan Mahaney,UC Santa Barbara,75,Sr,2662.0,-13.087651327394694,-6.654995863971694,-19.742647191366387
1886,2026,Donovan Hunter,Bellarmine,80,Jr,1529.0,-21.769266177759018,1.9535550880273225,-19.815711089731696
1887,2026,Chase Johnston,High Point,75,Sr,1104.0,-16.772610165203346,-3.060736849350844,-19.83334701455419
1888,2026,Nyle Ralph-Beyer,Sacred Heart,76,So,2465.0,-9.521290147833232,-10.318472179749186,-19.83976232758242
1889,2026,Carter Berg-McLean,Loyola Maryland,76,Fr,1187.0,-9.54598907629156,-10.304310860374887,-19.850299936666445
1890,2026,Ja'Juan Carr,Elon,74,Sr,2273.0,-10.991937865439173,-8.901626237894567,-19.893564103333738
1891,2026,Justyn Fernandez,Delaware,77,Sr,3246.0,-6.74840749434791,-13.186032913318172,-19.93444040766608
1892,2026,Caleb Crawford,Maine,70,So,1620.0,-8.409540182002102,-11.575114398028026,-19.984654580030128
1893,2026,Gavin Doty,Siena,77,So,2806.0,-12.70437518830368,-7.337889769380965,-20.042264957684644
1894,2026,DJ Armstrong Jr.,UMBC,76,Sr,2582.0,-12.304932750197713,-7.960361276688707,-20.26529402688642
1895,2026,Elijah Jones,Longwood,79,Sr,1414.0,-15.73963198304791,-4.626403341784124,-20.366035324832033
1896,2026,Grant Randall,Quinnipiac,81,So,2801.0,-12.082424343957905,-8.456777174564575,-20.539201518522482
1897,2026,Angel Montas Jr.,UMass Lowell,78,Jr,2314.0,-2.3571967502699955,-18.260468357018567,-20.617665107288563
1898,2026,Austin Benigni,Navy,70,Sr,3279.0,-15.470160559626532,-5.17410651550253,-20.64426707512906
1899,2026,Rob Martin,High Point,70,Sr,2318.0,-5.353533928236526,-15.32252955859187,-20.676063486828397
1900,2026,Johnathan Lawson,Little Rock,79,Sr,3184.0,-5.468911409431928,-15.270487111357037,-20.739398520788964
1901,2026,Jake Lemelman,Mercyhurst,74,So,2575.0,-7.969329176296614,-12.944341375057892,-20.913670551354507
1902,2026,Cougar Downing,UMBC,74,Sr,952.0,-11.862816433499788,-9.349954957283,-21.212771390782788
1903,2026,Deuce Turner,Fairfield,74,Sr,1670.0,-14.42953325013046,-6.994007390295123,-21.423540640425582
1904,2026,Jakob Blakley,Le Moyne,72,So,1577.0,-14.030892420479297,-8.62289532379503,-22.653787744274325
1905,2026,Hermann Koffi,Stonehill,76,So,2998.0,-11.136011071313952,-11.753151430624952,-22.889162501938905
1906,2026,Cobi Campbell,Troy,74,Sr,2165.0,-9.405755108043433,-13.60575436898481,-23.01150947702824
1907,2026,Bryce Eaton,Saint Peter's,72,So,1928.0,-12.291320363055089,-10.790532257641926,-23.081852620697013
1908,2026,Robert Davis Jr.,Old Dominion,78,Jr,2524.0,-11.608327149715315,-11.613181548078096,-23.22150869779341
1909,2026,Trey Deveaux,Mount St. Mary's,77,Sr,1960.0,-11.771450899703668,-11.488474807181188,-23.259925706884857
1910,2026,Travis Gray,Wagner,,,1022.0,-14.446069085675092,-9.032157236933763,-23.478226322608855
1911,2026,Denver Anglin,Iona,73,Jr,2427.0,-15.274120955860935,-8.477311242512638,-23.75143219837357
1912,2026,Rickey Ballard,Grambling,79,Sr,1850.0,-12.932639395697144,-10.848282177225382,-23.780921572922527
1913,2026,Rasheed Jones,Coastal Carolina,78,Jr,3284.0,-13.877085493614434,-10.011390361619222,-23.888475855233658
1914,2026,Jinwoo Kim,Navy,74,Jr,2843.0,-10.855186349873483,-13.740832076607493,-24.596018426480974
1915,2026,Tyler Bike,New Hampshire,70,Fr,1789.0,-14.34485040410147,-10.492255800357196,-24.837106204458664
1916,2026,Aleksander Pachucki,Bucknell,77,Fr,1604.0,-15.676841577727345,-10.14047205951344,-25.817313637240787
1917,2026,Johan Nziemi,Longwood,78,Sr,2479.0,-11.577115941381427,-16.075833983223013,-27.652949924604442
1918,2026,Bryson Wilson,Binghamton,77,Jr,2183.0,-13.75343533002773,-14.244495374252285,-27.997930704280016
1919,2026,Connor Amundsen,Dartmouth,71,So,2302.0,-21.308263112367435,-10.522402525145232,-31.830665637512666
1920,2026,Michael Belle,VCU,80,Jr,6770.0,-18.723687274120543,-16.93967583732567,-35.663363111446216
