Rimfluence Rank,year,Player name,team,height_inches,class,possessions,Opp Net Rating,O Rimfluence,D Rimfluence,Rimfluence
1,2024,Donovan Clingan,UConn,86,So,2696.0,11.240399999999994,12.303674602212304,24.991701605420833,37.29537620763314
2,2024,Zach Edey,Purdue,88,Sr,3635.0,14.8378,14.017752860842318,19.774040025881433,33.791792886723755
3,2024,N'Faly Dante,Oregon,83,Sr,1933.0,13.6798,15.310075480340148,14.856107902266478,30.166183382606626
4,2024,Tyler Wahl,Wisconsin,81,Sr,2874.0,13.477499999999992,9.482660370676676,19.142702322581172,28.62536269325785
5,2024,Amari Williams,Drexel,84,Sr,3844.0,-2.219300000000004,13.82955421214931,13.056769198443618,26.88632341059293
6,2024,Oso Ighodaro,Marquette,81,Sr,3406.0,12.8609,6.6764382800255655,20.09741758494451,26.773855864970074
7,2024,PJ Hall,Clemson,82,Sr,2384.0,11.285200000000003,10.696094699378866,14.251660972237197,24.947755671616065
8,2024,Dain Dainja,Illinois,81,Jr,1208.0,7.27239999999999,9.32455419408436,15.026284299483605,24.350838493567963
9,2024,Harlan Obioha,Niagara,84,So,4940.0,-7.945999999999998,6.011347033376074,18.237801542645403,24.249148576021476
10,2024,Chase Ross,Marquette,76,So,1986.0,13.224800000000002,8.44063408488924,15.7801592054161,24.22079329030534
11,2024,Oumar Ballo,Arizona,84,Sr,3090.0,11.5295,5.465238664626044,18.36823109696242,23.83346976158846
12,2024,Keba Keita,Utah,80,So,1744.0,8.574600000000004,11.023561147246944,12.700688311126685,23.724249458373627
13,2024,Shemarri Allen,UCF,76,Sr,2399.0,7.540499999999994,8.471691334963372,14.79068052802244,23.262371862985812
14,2024,Quinten Post,Boston College,84,Sr,3276.0,8.0,12.15644673115375,11.033434620994273,23.18988135214802
15,2024,Curtis Williams,Pepperdine,78,Fr,780.0,10.179000000000002,15.784829481880278,7.0327155337653835,22.817545015645663
16,2024,Tae Davis,Notre Dame,81,So,4807.0,8.331699999999998,15.24504029865908,7.333364772944662,22.578405071603743
17,2024,Pharrel Payne,Minnesota,81,So,2561.0,9.925200000000004,6.973938365112472,15.581824370064774,22.555762735177247
18,2024,Andrew Carr,Wake Forest,83,Sr,9085.0,8.607700000000008,7.792866332242333,14.657636421424344,22.450502753666676
19,2024,KC Ibekwe,Oregon State,82,So,3255.0,7.695800000000005,5.814019436334034,16.623835068628047,22.437854504962083
20,2024,Donta Scott,Maryland,80,Sr,5759.0,9.527899999999988,6.72923313621459,15.585932183513616,22.315165319728205
21,2024,David N'Guessan,Kansas State,81,Sr,5140.0,10.093699999999998,3.5950884188743784,18.61007928462456,22.20516770349894
22,2024,Logan Imes,Notre Dame,76,Fr,3227.0,10.8677,12.315725992888794,9.80210304295646,22.117829035845254
23,2024,Aubin Gateretse,Stetson,83,Jr,2737.0,-2.9838000000000022,3.2983810878092843,18.77955641477376,22.07793750258304
24,2024,Frankie Collins,Arizona State,74,Jr,8605.0,9.745100000000008,9.812729909279518,12.181350406395552,21.99408031567507
25,2024,Bensley Joseph,Miami,74,Jr,6452.0,8.114900000000006,8.525376866423684,13.409307928213154,21.934684794636837
26,2024,Fardaws Aimaq,California,83,Sr,5809.0,8.248800000000003,7.467080541585641,14.424424822329932,21.891505363915577
27,2024,Collin Murray-Boyles,South Carolina,80,Fr,1692.0,11.651700000000003,12.228809534840163,9.630059644831466,21.85886917967163
28,2024,Nate Tshimanga,Utah Valley,82,Jr,2720.0,0.8179999999999978,10.004299330959842,11.47504940537147,21.47934873633131
29,2024,Shakeel Moore,Mississippi State,73,Sr,4434.0,11.980800000000002,9.873224187803377,11.605780245684,21.479004433487376
30,2024,Ryan Kalkbrenner,Creighton,85,Sr,3558.0,12.434399999999997,-2.391184641379599,23.67801104371214,21.28682640233254
31,2024,Jalen Thomas,Tarleton State,82,Sr,109.0,9.869599999999991,12.18955760453282,9.057936429712548,21.247494034245367
32,2024,Tafara Gapare,Georgia Tech,81,So,5443.0,10.067799999999991,6.651782526858222,14.369244288618084,21.021026815476304
33,2024,Andre Screen,Butler,85,Sr,1201.0,11.005200000000002,9.72083190917259,11.013794146616991,20.734626055789583
34,2024,Drew Cisse,Western Illinois,83,Jr,5344.0,-7.524699999999996,6.043314447208429,14.641258250033443,20.684572697241876
35,2024,Motiejus Krivas,Arizona,86,Fr,1453.0,8.1734,1.9790144085986148,18.667651490446165,20.64666589904478
36,2024,Jalen Warley,Florida State,79,Jr,4997.0,10.752899999999997,12.48145770524016,8.103429466703254,20.584887171943414
37,2024,Austin Williams,Rutgers,76,Sr,2497.0,12.239400000000003,9.297716077409309,11.067657594956,20.36537367236531
38,2024,Jordan Geronimo,Maryland,78,Sr,4312.0,7.887,7.150636600205154,13.159355886365187,20.309992486570344
39,2024,Solomon Washington,Texas A&M,79,So,2259.0,11.7179,6.529154456243086,13.725061167035188,20.254215623278274
40,2024,Julian Roper II,Notre Dame,76,Jr,4233.0,8.446399999999997,11.13081961246068,9.112970148091584,20.243789760552264
41,2024,Hamed Olayinka,Utah Tech,81,So,3969.0,-0.2330000000000041,7.146998102915848,13.08962025389234,20.236618356808187
42,2024,Hassan Diarra,UConn,74,Sr,2986.0,10.587500000000006,7.886412008318847,12.323449608603852,20.209861616922694
43,2024,Jesus Carralero Martin,Missouri,79,Sr,1941.0,11.382900000000006,5.680074737360104,14.385911664325912,20.065986401686015
44,2024,Moussa Cisse,Ole Miss,84,Sr,2775.0,12.682299999999998,7.174873042852445,12.841169191184507,20.016042234036952
45,2024,Casey Morsell,NC State,75,Sr,5482.0,10.5111,8.365077437282741,11.615410164942467,19.98048760222521
46,2024,Kyshawn George,Miami,80,Fr,4598.0,8.857600000000005,3.494232883128646,16.45486992590161,19.949102809030254
47,2024,Isaac Johnson,Utah State,84,So,1539.0,8.082000000000008,5.700642214187864,14.183053294296936,19.8836955084848
48,2024,Jesse Edwards,West Virginia,83,Sr,3933.0,9.957300000000004,2.6193747146863964,17.236064586775846,19.855439301462244
49,2024,Lawson Lovering,Utah,85,Jr,1905.0,9.5813,5.9878934935839245,13.815596867160568,19.803490360744497
50,2024,Hakim Hart,Villanova,80,Sr,2034.0,11.916600000000004,14.185157535563476,5.616719476239631,19.801877011803107
51,2024,Trevin Dorius,Utah Valley,84,Sr,5030.0,0.7706999999999908,6.9060697674011156,12.878961093270792,19.78503086067191
52,2024,Ven-Allen Lubin,Vanderbilt,80,So,4357.0,13.257099999999994,11.612041124540983,8.150398812055528,19.762439936596515
53,2024,Shawn Phillips Jr.,Arizona State,84,So,4610.0,10.8562,7.290666338925454,12.382674468313674,19.67334080723913
54,2024,Roddy Gayle Jr.,Ohio State,77,So,3302.0,9.065600000000003,12.20204736010227,7.263028816271628,19.4650761763739
55,2024,Kyle Filipowski,Duke,84,So,3143.0,9.8455,13.709539866405583,5.450629184509283,19.160169050914867
56,2024,Robbie Beran,Virginia Tech,81,Sr,2254.0,8.860600000000005,11.02529519644831,7.991607022940467,19.016902219388776
57,2024,Daniel Rivera,Bryant,78,Jr,7113.0,-3.293300000000002,11.966289565801135,7.013836350849658,18.980125916650795
58,2024,Dylan Disu,Texas,81,Sr,1786.0,15.019099999999996,8.507622592330458,10.418735104837769,18.92635769716823
59,2024,Jamichael Davis,Rutgers,73,Fr,4417.0,11.163200000000003,7.646839192184141,11.232216495474722,18.879055687658862
60,2024,Nick Pringle,Alabama,82,Sr,1737.0,14.176199999999994,5.702290396211849,13.167202172102977,18.869492568314826
61,2024,John-Michael Wright,Oklahoma State,73,Sr,8146.0,9.919999999999987,8.097905310967304,10.735873159231009,18.83377847019831
62,2024,Miles Kelly,Georgia Tech,78,Jr,8941.0,10.110200000000006,14.967892461095223,3.6817296644233672,18.649622125518594
63,2024,Eduardo Andre,Fresno State,83,Sr,2696.0,2.3969000000000023,9.042105459456192,9.590774779405775,18.632880238861972
64,2024,Donovan Dent,New Mexico,74,So,3385.0,6.283599999999993,10.059245157761048,8.542108759535127,18.601353917296173
65,2024,Makhi Mitchell,Arkansas,81,Sr,3821.0,9.339299999999994,7.032369261913919,11.567201433351588,18.599570695265506
66,2024,Jaedon LeDee,San Diego State,81,Sr,3155.0,10.7821,9.121561617155006,9.46825214999941,18.589813767154418
67,2024,K.T. Raimey,DePaul,75,Sr,6850.0,11.77940000000001,8.17128988725893,10.416296204111546,18.587586091370476
68,2024,Cameron Hildreth,Wake Forest,76,Jr,10606.0,8.542199999999994,7.698071005301018,10.818483335604256,18.516554340905273
69,2024,Tolu Smith,Mississippi State,83,Sr,3409.0,15.5856,3.265837158295705,15.208930983763477,18.474768142059183
70,2024,Adem Bona,UCLA,82,So,4859.0,7.289600000000007,9.391192765755523,9.00231028190007,18.393503047655592
71,2024,Lamont Butler,San Diego State,74,Sr,2760.0,10.19120000000001,8.729291789090533,9.622131798110097,18.351423587200628
72,2024,AJ Storr,Wisconsin,79,So,2901.0,14.011700000000005,13.483893976419177,4.786706496370531,18.270600472789702
73,2024,Otega Oweh,Oklahoma,76,So,4755.0,7.674599999999998,15.222167797104902,3.02893339839872,18.251101195503622
74,2024,Rollie Worster,Utah,76,Sr,1676.0,8.909300000000002,11.660877903509943,6.588346137203667,18.249224040713617
75,2024,Dillon Hunter,Clemson,76,So,1130.0,9.69149999999999,9.227262938752672,9.00543543935196,18.232698378104633
76,2024,Jaden Henley,DePaul,79,So,9163.0,13.1438,10.049230350581093,7.931109418787119,17.98033976936821
77,2024,Grant Nelson,Alabama,83,Sr,2621.0,14.845700000000008,5.5058061738999164,12.471787937294708,17.977594111194623
78,2024,David Joplin,Marquette,79,Jr,2962.0,13.796000000000006,7.177469750707257,10.79060656916415,17.968076319871408
79,2024,Eric Dixon,Villanova,80,Sr,2831.0,12.042000000000002,5.25291670147658,12.643460137571417,17.896376839047996
80,2024,Johnell Davis,Florida Atlantic,75,Jr,3205.0,5.863399999999999,10.079462875392018,7.815197971607065,17.894660846999084
81,2024,Mark Sears,Alabama,73,Sr,3338.0,15.367199999999997,10.658443805648291,7.107500007163043,17.765943812811336
82,2024,Tyrin Lawrence,Vanderbilt,76,Sr,5231.0,11.611000000000004,9.837532804867326,7.909748288719156,17.74728109358648
83,2024,Dayvion McKnight,Xavier,72,Jr,3542.0,12.234399999999994,6.806264614862814,10.889161322949263,17.69542593781208
84,2024,Miles Byrd,San Diego State,79,So,1226.0,11.612099999999998,8.443561610178639,9.210478224829984,17.654039835008625
85,2024,Chisom Okpara,Harvard,80,So,4718.0,-1.7465000000000117,10.484931482273256,7.151354494913385,17.636285977186642
86,2024,Kalib Boone,UNLV,81,Sr,2355.0,7.491,8.93172660822513,8.683117759911022,17.614844368136154
87,2024,Jonas Aidoo,Tennessee,83,Jr,2717.0,12.637500000000005,0.8091498267310695,16.769713848738988,17.578863675470057
88,2024,Nick Kern Jr.,Penn State,78,Jr,4884.0,9.612899999999996,12.257961940364089,5.254322433483301,17.512284373847386
89,2024,Ty-Laur Johnson,Louisville,72,Fr,3790.0,7.1554,17.787287370220284,-0.2831991124667974,17.504088257753487
90,2024,Eddie Lampkin Jr.,Colorado,83,Jr,3048.0,9.094800000000006,7.760356304185027,9.654963882210073,17.4153201863951
91,2024,Chad Venning,St. Bonaventure,81,Jr,4672.0,2.235500000000002,1.389867757690421,15.984800529417596,17.374668287108015
92,2024,Yves Missi,Baylor,82,Fr,2127.0,13.857100000000004,7.71854157528858,9.59879786051517,17.31733943580375
93,2024,Devin McGlockton,Boston College,79,So,3189.0,8.285200000000003,9.686594764453051,7.518801362177074,17.205396126630127
94,2024,Marcus Domask,Illinois,78,Sr,3910.0,12.007999999999996,9.839089823166828,7.283293850001822,17.12238367316865
95,2024,Mason Forbes,Saint Mary's,81,Sr,1396.0,3.4381000000000057,13.870264504482687,3.225043090883194,17.095307595365885
96,2024,Aaron Clark,Wake Forest,73,Sr,446.0,-0.5613000000000028,15.90940760404309,1.1617145472686847,17.071122151311773
97,2024,Tanner Christensen,Utah Tech,82,Jr,6783.0,-0.3726999999999947,5.25217925804431,11.78917599076433,17.04135524880864
98,2024,Olivier Nkamhoua,Michigan,80,Sr,5508.0,12.26169999999999,3.9005452503932063,13.078165695842262,16.97871094623547
99,2024,Hunter Dickinson,Kansas,86,Sr,4591.0,12.8493,8.152639054104409,8.79421900731643,16.94685806142084
100,2024,Isaiah Collier,USC,77,Fr,5012.0,9.8853,11.167732481997618,5.7696503696245545,16.93738285162217
101,2024,Zach Cleveland,Liberty,79,So,5961.0,-0.1423999999999949,8.515848501677024,8.41510331085075,16.930951812527773
102,2024,Noel Brown,St. Bonaventure,83,Jr,2684.0,1.52470000000001,4.221368950885287,12.705201634657708,16.926570585542997
103,2024,Manny Obaseki,Texas A&M,76,Jr,1412.0,12.169700000000006,14.815365268387252,2.050178192985511,16.865543461372763
104,2024,Ryan Nembhard,Gonzaga,72,Jr,3713.0,5.5715,3.431733383273121,13.422994224917772,16.854727608190892
105,2024,Vince Iwuchukwu,USC,,,3071.0,11.444900000000004,-1.2903590256808064,18.12525036265237,16.83489133697156
106,2024,Qudus Wahab,Penn State,83,Sr,5139.0,8.0916,2.1419287791412716,14.689033751442643,16.830962530583918
107,2024,Dajuan Harris Jr.,Kansas,74,Jr,5089.0,12.9456,9.184433782553889,7.5965425250085,16.780976307562387
108,2024,Aamer Muhammad,Troy,73,Sr,4568.0,-1.509299999999996,8.812888983149373,7.938953290534323,16.751842273683696
109,2024,Mackenzie Mgbako,Indiana,80,Fr,5536.0,12.573700000000002,6.00981245260205,10.7353980505713,16.74521050317335
110,2024,Jalen DeLoach,Georgia,81,Jr,1227.0,9.892399999999997,9.366306594863955,7.371674885656225,16.737981480520183
111,2024,Lynn Kidd,Virginia Tech,82,Sr,2172.0,9.442499999999995,5.706523682290797,11.001844203602625,16.70836788589342
112,2024,Christian Wright,Oregon State,75,So,3011.0,6.267899999999997,12.387652924859392,4.284042618767662,16.671695543627052
113,2024,Santiago Vescovi,Tennessee,75,Sr,2665.0,11.907399999999996,5.807695878529418,10.8458425616635,16.653538440192918
114,2024,Hunter Sallis,Wake Forest,77,Jr,10887.0,8.750800000000012,7.307798722266861,9.22180105394564,16.5295997762125
115,2024,Baylor Scheierman,Creighton,79,Sr,3808.0,12.0745,8.91733480881398,7.588736916630913,16.506071725444894
116,2024,Kerr Kriisa,West Virginia,75,Sr,4784.0,14.206900000000005,12.061403176936304,4.411879009591745,16.47328218652805
117,2024,Dan Skillings Jr.,Cincinnati,78,So,2864.0,9.72059999999999,10.050787441109687,6.3997418778919615,16.45052931900165
118,2024,Churchill Abass,DePaul,82,Fr,7221.0,13.59960000000001,3.5148279916037666,12.888471737349018,16.403299728952785
119,2024,Noah Carter,Missouri,78,Sr,5033.0,7.996900000000011,1.9045595621793256,14.470376162876208,16.374935725055533
120,2024,RaeQuan Battle,West Virginia,77,Sr,3863.0,14.458300000000008,12.49966784323408,3.8543746144109328,16.354042457645015
121,2024,Tylor Perry,Kansas State,71,Sr,6585.0,10.530900000000004,7.623131682290731,8.703889517039357,16.32702119933009
122,2024,Steven Crowl,Wisconsin,84,Jr,2871.0,13.0835,6.215243538921769,10.111588370754204,16.326831909675974
123,2024,Myron Amey Jr.,San José State,74,Jr,6320.0,3.906899999999993,8.71686155596657,7.573500656015613,16.290362211982185
124,2024,Braden Smith,Purdue,72,So,3857.0,14.818399999999995,5.038159308804827,11.221916000495336,16.260075309300163
125,2024,Jae'Lyn Withers,North Carolina,81,Sr,1380.0,9.879199999999996,9.56337021551816,6.691474787925346,16.254845003443506
126,2024,Kam Jones,Marquette,76,Jr,3047.0,13.71629999999999,9.229674833997406,7.016844845228582,16.246519679225987
127,2024,Isaiah Stevens,Colorado State,72,Sr,3401.0,8.882999999999996,7.945897555570075,8.296355065257456,16.242252620827532
128,2024,Braxton Meah,Washington,85,Sr,3610.0,10.023200000000005,5.07957750668784,11.006316995426191,16.08589450211403
129,2024,C.J. Walker,UCF,80,Sr,1226.0,14.140200000000007,4.3546621960975145,11.718380781588596,16.07304297768611
130,2024,Mohamed Diarra,NC State,82,Sr,5480.0,13.731099999999998,7.818949667242247,8.227367366167375,16.046317033409622
131,2024,L.J. Cryer,Houston,73,Sr,3235.0,11.559600000000003,3.13222246754797,12.904291106724168,16.03651357427214
132,2024,Armando Bacot,North Carolina,82,Sr,3357.0,12.262999999999993,11.523492071062703,4.503749606415823,16.02724167747853
133,2024,Boo Buie,Northwestern,74,Sr,3449.0,10.217200000000004,0.8176516219794911,15.208368930177652,16.026020552157142
134,2024,Alex Karaban,UConn,80,So,4282.0,10.19019999999999,10.947978214921545,5.052503060454568,16.000481275376114
135,2024,Michael O'Connell,NC State,74,Sr,4437.0,10.4927,1.5900273643020069,14.374061503009928,15.964088867311936
136,2024,Layden Blocker,Arkansas,74,Fr,2194.0,10.669899999999998,11.149696782188071,4.79998252024231,15.94967930243038
137,2024,Warren Washington,Texas Tech,84,Sr,1980.0,6.920400000000001,4.120100352249881,11.816576857299498,15.93667720954938
138,2024,Chad Baker-Mazara,Auburn,79,Jr,2319.0,9.1507,6.924279118044705,8.99057702715611,15.914856145200815
139,2024,Kyle Sturdivant,Georgia Tech,75,Sr,6992.0,9.323499999999996,7.939168879134449,7.969301161611645,15.908470040746094
140,2024,AJ Hoggard,Michigan State,76,Sr,2815.0,13.303299999999991,7.078931049778756,8.699782169801152,15.778713219579908
141,2024,Seth Pinkney,Florida International,85,Sr,3912.0,-1.645300000000006,3.3719493959963596,12.348092796910896,15.720042192907256
142,2024,Fletcher Loyer,Purdue,76,So,3148.0,15.162899999999992,5.049562074509986,10.631498791376767,15.681060865886751
143,2024,Connor Kochera,Davidson,77,Sr,9755.0,3.2184999999999917,13.520697352031403,2.1576527326255244,15.678350084656929
144,2024,Cam Manyawu,Wyoming,81,Fr,4453.0,5.862000000000009,10.427245723561764,5.225795605164311,15.653041328726076
145,2024,Darius Johnson,UCF,73,Jr,2868.0,8.702000000000012,6.975891785682753,8.646204241424677,15.62209602710743
146,2024,Chazz Hutchison,Southern Utah,81,Jr,3434.0,2.7723000000000013,8.860016635679182,6.731261854711627,15.59127849039081
147,2024,Robert Carpenter,New Mexico State,79,Sr,2834.0,4.730400000000003,3.173877660944425,12.392652453810538,15.566530114754965
148,2024,Eric Dailey Jr.,Oklahoma State,80,Fr,8834.0,6.578600000000009,7.800574699497869,7.749757706955034,15.550332406452902
149,2024,Josh Hubbard,Mississippi State,71,Fr,5341.0,11.490800000000007,5.967828174578515,9.57097418013689,15.538802354715404
150,2024,Kamari Lands,Arizona State,80,So,5597.0,8.7397,7.127694702404158,8.410630904229293,15.538325606633451
151,2024,Kimahri Wilson,Stephen F. Austin,73,So,2379.0,-1.150500000000008,12.60438925931022,2.893671770825783,15.498061030136004
152,2024,Ben Krikke,Iowa,81,Sr,3137.0,10.66170000000001,8.603276952302236,6.822252542170785,15.425529494473022
153,2024,Ugonna Onyenso,Kentucky,83,So,3537.0,14.607200000000006,7.496073511885696,7.895939702066071,15.392013213951769
154,2024,Juhlawnei Stone,Stephen F. Austin,79,Jr,2828.0,-2.3241000000000014,3.459531632860589,11.913666035677371,15.373197668537962
155,2024,Jaelin Llewellyn,Michigan,74,Sr,2145.0,17.4422,10.313213428001331,5.003256077866157,15.31646950586749
156,2024,Tamin Lipsey,Iowa State,73,So,3156.0,8.852800000000002,4.989339465591665,10.291865333931238,15.281204799522904
157,2024,Dillon Mitchell,Texas,80,So,2882.0,9.901899999999998,8.202702237608321,7.077664647420171,15.280366885028492
158,2024,Ryan Young,Duke,82,Sr,1239.0,10.092200000000004,1.2139797445803482,14.046408718261958,15.260388462842306
159,2024,Kario Oquendo,Oregon,76,Jr,1943.0,9.3061,6.919404968956931,8.287979203068044,15.207384172024977
160,2024,Josh Oduro,Providence,81,Sr,3006.0,9.887900000000002,1.6109053940352376,13.56450149518663,15.175406889221868
161,2024,Tasos Kamateros,Vanderbilt,80,Sr,2631.0,6.326400000000007,5.0551803101591775,10.120017503488132,15.175197813647308
162,2024,Owen Freeman,Iowa,82,Fr,2412.0,11.473600000000005,6.231213668663421,8.938014846381277,15.169228515044695
163,2024,Derrian Ford,Arkansas State,75,So,3116.0,0.7236000000000047,9.725402049808356,5.414072840385787,15.139474890194142
164,2024,Riley Kugel,Florida,77,So,2458.0,9.769500000000008,7.855443927575147,7.274224628766882,15.129668556342027
165,2024,Tobe Awaka,Tennessee,80,So,1305.0,11.787599999999998,1.1092940467240502,14.006008410627189,15.11530245735124
166,2024,Johnny Furphy,Kansas,81,Fr,3586.0,13.907800000000009,7.764345667557949,7.337481033213692,15.10182670077164
167,2024,Jack Clark,Clemson,82,Sr,1398.0,14.067400000000006,3.3588416804211447,11.641978522188534,15.00082020260968
168,2024,Dre Davis,Seton Hall,78,Sr,3541.0,10.37100000000001,8.275763255761408,6.724733375335326,15.000496631096734
169,2024,Stevie Mitchell,Marquette,74,Jr,2494.0,14.550200000000004,9.461211641323729,5.52798594843617,14.989197589759897
170,2024,Charles Thompson,Towson,79,Sr,2574.0,-1.376499999999993,2.9781468753174867,11.988987028444248,14.967133903761734
171,2024,Femi Odukale,New Mexico State,78,Jr,4517.0,-0.1340000000000003,7.443756496401989,7.41345505532535,14.85721155172734
172,2024,Bryant Selebangue,Arizona State,81,Jr,3936.0,10.558300000000004,11.11564677365164,3.7353269781634584,14.8509737518151
173,2024,Quincy Ballard,Wichita State,83,Jr,4865.0,3.670900000000003,7.417256282866092,7.414112084481138,14.831368367347231
174,2024,Christian Fermin,VCU,82,So,1989.0,4.8285999999999945,2.129805880816323,12.678527532177544,14.808333412993868
175,2024,Viktor Lakhin,Cincinnati,83,Jr,1988.0,6.87530000000001,6.128362693723982,8.674133637231886,14.802496330955869
176,2024,Jaxon Edwards,Valparaiso,77,So,5441.0,2.274100000000004,7.444965413852335,7.301729922509272,14.746695336361608
177,2024,Arthur Kaluma,Kansas State,79,So,6139.0,11.3913,8.447004752124226,6.215829566381515,14.66283431850574
178,2024,Jacob Hutson,Northern Iowa,83,Jr,4434.0,5.362599999999986,2.931275136093267,11.709166869759192,14.64044200585246
179,2024,Ja'Vier Francis,Houston,80,Jr,2062.0,11.380900000000011,4.960893458661051,9.66845769159526,14.62935115025631
180,2024,Tristen Newton,UConn,77,Sr,4611.0,10.851799999999995,4.241117063216145,10.383257969353547,14.624375032569692
181,2024,Rasheer Fleming,Saint Joseph's,81,So,2592.0,3.099000000000004,6.057223204433621,8.549928682103296,14.607151886536917
182,2024,Jamarion Sharp,Ole Miss,89,Sr,2975.0,6.255300000000005,0.847689546875819,13.727440989647013,14.57513053652283
183,2024,John Blackwell,Wisconsin,76,Fr,1767.0,13.4418,7.57336010132553,6.993500790379843,14.566860891705376
184,2024,J'Wan Roberts,Houston,80,Sr,2667.0,13.514300000000006,10.012409840140975,4.508653984478973,14.521063824619947
185,2024,Jayden Nunn,Baylor,76,Jr,2870.0,12.72,9.531836982964755,4.96203124969991,14.493868232664664
186,2024,Kadary Richmond,Seton Hall,78,Sr,3344.0,10.046899999999994,9.449729094662436,4.990182874943792,14.439911969606229
187,2024,Austin Williams,Elon,76,Sr,28.0,12.239400000000003,6.667565719223908,7.76236325371179,14.4299289729357
188,2024,Kiyron Powell,Southern Indiana,82,So,2470.0,-5.1569999999999965,-1.7454730106979983,16.14441293789041,14.398939927192412
189,2024,Babatunde Akingbola,George Washington,82,Sr,5187.0,-0.8198000000000008,-5.507070888280467,19.902797520509196,14.39572663222873
190,2024,Christian Coleman,UAB,80,Jr,1884.0,4.6059999999999945,5.0035088276279005,9.28331636031969,14.28682518794759
191,2024,Joel Brown,Iona,75,Sr,4949.0,-6.248099999999994,11.922940698416864,2.342829870377404,14.265770568794268
192,2024,Jay Pal,San Diego State,81,Sr,1603.0,10.847799999999992,5.83808975987478,8.419147765991575,14.257237525866357
193,2024,Jaylon Tyson,California,78,Jr,5932.0,8.799499999999995,10.738170293041232,3.480419765357889,14.21859005839912
194,2024,Micah Parrish,San Diego State,78,Sr,2696.0,10.061099999999996,5.542380632724224,8.659736924420152,14.202117557144376
195,2024,Jamal Shead,Houston,73,Sr,3232.0,12.1032,10.477836347350454,3.6816001542819983,14.159436501632452
196,2024,Zuby Ejiofor,St. John's,81,So,2356.0,9.444400000000002,11.626420426633317,2.524715586824149,14.151136013457464
197,2024,Quadir Copeland,Syracuse,78,So,4662.0,11.1447,10.567656602827071,3.5625380235007165,14.130194626327787
198,2024,Mike Marsh,Oklahoma State,82,Sr,4412.0,4.5678999999999945,-2.853736009259153,16.952020539872017,14.098284530612863
199,2024,Nick Davidson,Nevada,82,So,2683.0,5.9565000000000055,3.620695384896917,10.472090060195598,14.092785445092517
200,2024,Jordan Dingle,St. John's,75,Sr,4955.0,10.381900000000002,4.649620018280668,9.367212039638714,14.016832057919382
201,2024,Justin Morgan,Murray State,78,So,3480.0,2.0113000000000056,2.9898545654935846,11.013130289975177,14.00298485546876
202,2024,Juwan Gary,Nebraska,78,Jr,2115.0,11.137199999999993,6.72934520586852,7.251411935409527,13.980757141278048
203,2024,Oscar Cluff,Washington State,83,Jr,2147.0,6.8740999999999985,2.6241386686341936,11.318503006674636,13.942641675308831
204,2024,Chase Martin,Wofford,77,So,3740.0,-0.0867999999999966,7.670768416425167,6.271699913205317,13.942468329630485
205,2024,Jose Perez,Arizona State,77,Sr,8746.0,9.598399999999998,6.454755297237298,7.477970030044777,13.932725327282077
206,2024,Joel Soriano,St. John's,83,Sr,5988.0,11.19149999999999,11.659132415994584,2.2633403121199964,13.92247272811458
207,2024,Beril Kabamba,Cal State Fullerton,77,Jr,3020.0,1.1033000000000044,5.005733148992693,8.908713809667773,13.914446958660466
208,2024,KJ Lewis,Arizona,76,Fr,2230.0,10.0578,7.263466381939914,6.644289019114679,13.907755401054594
209,2024,Alex Condon,Florida,83,Fr,2221.0,10.1173,3.2368871255549623,10.666591903727143,13.903479029282106
210,2024,Dai Dai Ames,Kansas State,73,Fr,3075.0,9.191299999999998,2.482817338024827,11.416527033665274,13.8993443716901
211,2024,Aaron Estrada,Alabama,75,Sr,3029.0,14.737700000000004,9.935790824332312,3.925775245782476,13.861566070114788
212,2024,Chaney Johnson,Auburn,79,Jr,1554.0,8.185900000000004,6.533702971342349,7.323205619488675,13.856908590831024
213,2024,Ola Ajiboye,Valparaiso,79,So,2829.0,0.3759999999999905,5.149495009374001,8.701105298878748,13.850600308252748
214,2024,Maliq Brown,Syracuse,81,So,6134.0,10.77900000000001,11.213566715517976,2.636331623336498,13.849898338854471
215,2024,Gytis Nemeiksa,Xavier,80,Sr,1994.0,11.2029,5.111283407970785,8.696723439755699,13.808006847726483
216,2024,Kowacie Reeves Jr.,Georgia Tech,78,Jr,10944.0,10.076100000000013,4.405884446740463,9.376461234808554,13.782345681549018
217,2024,Zakai Zeigler,Tennessee,69,Jr,3329.0,13.683700000000002,8.085594375722026,5.6882180350458595,13.773812410767883
218,2024,Anton Watson,Gonzaga,80,Sr,3280.0,5.878299999999996,9.037727875963274,4.736067878506328,13.773795754469605
219,2024,Malik Hall,Michigan State,80,Sr,2795.0,13.66510000000001,5.505391602945304,8.25501191450301,13.760403517448314
220,2024,Baba Miller,Florida State,83,So,5173.0,10.679299999999998,4.0496522354147375,9.709732634622398,13.759384870037136
221,2024,DeShawn Harris-Smith,Maryland,77,Fr,5665.0,8.740200000000002,12.791179586266413,0.947247044524218,13.73842663079063
222,2024,D.J. Jeffries,Mississippi State,79,Sr,3667.0,10.921099999999996,10.700021584789695,2.9827768350909127,13.68279841988061
223,2024,David Dixon,Duquesne,81,So,2188.0,4.7198999999999955,2.0066878023181705,11.66557084816436,13.67225865048253
224,2024,KJ Adams Jr.,Kansas,79,Jr,6283.0,12.877200000000002,4.046655211174892,9.610654369222049,13.65730958039694
225,2024,Taine Murray,Virginia,77,Jr,1116.0,5.652500000000003,6.029099374475129,7.620353807538621,13.649453182013753
226,2024,Derek Simpson,Rutgers,75,So,5148.0,8.774000000000001,3.77713220029024,9.86468287194496,13.6418150722352
227,2024,Xavier Cork,TCU,81,Sr,1325.0,6.075800000000001,12.586311391146802,1.024991033097982,13.611302424244784
228,2024,Abou Ousmane,Xavier,82,Sr,2166.0,11.7594,-1.4177366719745097,15.013234159167403,13.595497487192896
229,2024,Cormac Ryan,North Carolina,77,Sr,3248.0,12.052899999999994,6.353977859718275,7.239072279726952,13.593050139445229
230,2024,Aly Khalifa,BYU,83,Jr,1782.0,10.248499999999993,5.076764125659968,8.515698453920201,13.592462579580168
231,2024,Jamiya Neal,Arizona State,77,Jr,8884.0,9.930700000000002,2.137444734070445,11.4355820058185,13.573026739888949
232,2024,Judah Mintz,Syracuse,75,So,7007.0,10.898600000000002,6.378480849270348,7.169789551895989,13.548270401166338
233,2024,Alonzo Gaffney,Arizona State,81,Sr,7964.0,8.660399999999996,2.9299827105061675,10.607623978004856,13.537606688511024
234,2024,Kadin Shedrick,Texas,83,Sr,1638.0,7.805399999999992,10.084473779249878,3.4529385097611733,13.537412289011051
235,2024,RJ Davis,North Carolina,72,Sr,3842.0,12.152500000000003,1.9889924688427705,11.525966996716178,13.514959465558947
236,2024,Rytis Petraitis,Air Force,79,So,7564.0,6.974400000000003,7.080536637332463,6.419226387233197,13.49976302456566
237,2024,Jahmere Tripp,Fordham,78,Fr,2182.0,2.186300000000003,13.488165659738318,0.0010593074410218,13.48922496717934
238,2024,Jordan Minor,Virginia,80,Sr,1161.0,10.514899999999995,3.695790053299248,9.756381490380416,13.452171543679665
239,2024,Joshua Morgan,USC,83,Sr,3899.0,9.5942,0.0833776668788655,13.336261505595369,13.419639172474234
240,2024,Tyler Burton,Villanova,79,Sr,2409.0,10.324400000000011,3.7079502011491137,9.709599775872228,13.41754997702134
241,2024,Langston Love,Baylor,77,Jr,1687.0,10.533199999999994,11.425708988592357,1.9763882647918376,13.402097253384197
242,2024,Elliot Cadeau,North Carolina,73,Fr,2711.0,11.503,5.1162518554727425,8.20636263739169,13.322614492864432
243,2024,Mylik Wilson,Houston,75,Sr,1526.0,10.127399999999994,9.909394498708798,3.3687096797413476,13.278104178450146
244,2024,Day Day Thomas,Cincinnati,73,Jr,2865.0,8.859200000000001,11.98039020688956,1.2951245210180504,13.275514727907613
245,2024,Camden Heide,Purdue,79,Fr,1377.0,12.732000000000014,8.805609673470256,4.447397582268366,13.253007255738622
246,2024,Daniss Jenkins,St. John's,75,Sr,6144.0,12.127399999999994,0.7940954923033656,12.4431305057671,13.237225998070468
247,2024,Carson Cooper,Michigan State,83,So,1697.0,12.096400000000004,-0.3935344479484248,13.60317920683719,13.209644758888764
248,2024,Yaxel Lendeborg,UAB,81,Jr,2990.0,4.0869,2.666319052053943,10.531387021222546,13.197706073276487
249,2024,Jamir Watkins,Florida State,79,Jr,5875.0,11.168900000000008,4.906805318238552,8.26929606846948,13.176101386708032
250,2024,Jamyron Keller,Oklahoma State,75,Fr,6680.0,9.54419999999999,9.964657583026602,3.2044889387625553,13.169146521789155
251,2024,Tony Perkins,Iowa,76,Sr,3307.0,10.940600000000003,5.802708005621478,7.325045392827418,13.127753398448895
252,2024,Reese Waters,San Diego State,78,Jr,2615.0,10.790400000000004,6.853480715416056,6.272490873083772,13.125971588499828
253,2024,Malcolm Dandridge,Memphis,81,Sr,7724.0,3.839500000000001,2.9936819125572063,10.09813169069268,13.091813603249886
254,2024,Jacco Fritz,Hofstra,82,Sr,5008.0,-1.2245999999999952,1.998408057673572,11.084114548613138,13.08252260628671
255,2024,Zion Stanford,Temple,77,Fr,3103.0,1.0245000000000033,3.338218741430526,9.74225497101662,13.080473712447144
256,2024,KJ Simpson,Colorado,74,Jr,3851.0,9.4482,10.176030287092924,2.9025075600030252,13.07853784709595
257,2024,Zack Austin,Pittsburgh,79,Jr,8643.0,8.044000000000011,1.676455178309858,11.394394538885724,13.070849717195582
258,2024,Rivaldo Soares,Oklahoma,78,Sr,4288.0,8.667599999999993,2.779649935219978,10.272350137328194,13.052000072548172
259,2024,Tyrone Williams,Old Dominion,77,Sr,6303.0,-0.6611999999999938,11.074990636558685,1.9763509619332256,13.05134159849191
260,2024,Dwayne Koroma,UT Arlington,80,So,2941.0,3.524300000000011,8.351711486521548,4.685561467641869,13.037272954163416
261,2024,Jalen Thomas,Butler,82,Sr,2160.0,9.869599999999991,-1.657888201850347,14.693945958080604,13.036057756230257
262,2024,Tray Jackson,Michigan,82,Sr,2700.0,12.123400000000004,6.437875418792651,6.577067471787482,13.014942890580134
263,2024,Jarin Stevenson,Alabama,83,Fr,1690.0,14.317799999999991,0.254578268100798,12.729264393355272,12.98384266145607
264,2024,RayJ Dennis,Baylor,74,Sr,3396.0,13.29610000000001,5.552706626202447,7.404479782700969,12.957186408903416
265,2024,Brandon Garrison,Oklahoma State,82,Fr,7934.0,9.6366,6.237350877639759,6.710053154123258,12.947404031763018
266,2024,Rob Whaley Jr.,UNLV,79,Jr,1740.0,8.110800000000012,2.803812921858324,10.142407708439748,12.946220630298072
267,2024,Jaland Lowe,Pittsburgh,74,Fr,12182.0,9.412999999999997,4.663155232311504,8.259592904075099,12.922748136386602
268,2024,RJ Luis Jr.,St. John's,78,So,2998.0,13.798900000000003,9.20355639638026,3.678460522480928,12.882016918861186
269,2024,Achor Achor,Samford,81,Jr,2462.0,-1.5365000000000038,2.7848853546678387,10.057731264454947,12.842616619122786
270,2024,Reece Beekman,Virginia,75,Sr,2983.0,9.28309999999999,4.209142389779236,8.62211745379544,12.831259843574676
271,2024,JaKobe Coles,TCU,80,Jr,1904.0,5.504600000000011,9.249829882690722,3.5784824591100506,12.828312341800771
272,2024,Vasilije Vucinic,Portland,83,Jr,1984.0,2.988199999999992,1.7976555619295782,10.988035828228464,12.785691390158044
273,2024,Aaron Scott,North Texas,79,Jr,2752.0,5.385499999999993,5.599992115366755,7.163079995718203,12.763072111084956
274,2024,Trey Galloway,Indiana,77,Sr,6454.0,10.9028,7.694456359906178,5.047712006045366,12.742168365951544
275,2024,Caleb McCarty,South Carolina State,80,Fr,3984.0,-5.712400000000002,2.6685302847161276,10.06642163855124,12.734951923267367
276,2024,John Hugley IV,Oklahoma,83,Jr,2560.0,3.0901000000000067,8.386288329862216,4.332365662463878,12.718653992326091
277,2024,Isaac Jones,Washington State,81,Sr,3249.0,8.424099999999996,5.563415945734909,7.147090101299835,12.710506047034745
278,2024,Edoardo Del Cadia,Detroit Mercy,80,Sr,4886.0,-1.0601999999999947,-3.214113411060125,15.88582321054271,12.671709799482583
279,2024,Yvan Ouedraogo,California Baptist,81,Sr,9533.0,-1.6359999999999957,3.606487220999804,9.064584835203686,12.67107205620349
280,2024,Matthew Murrell,Ole Miss,76,Sr,6403.0,7.954499999999996,14.68886758995214,-2.0252895833134916,12.663578006638648
281,2024,Primo Spears,Florida State,75,Jr,3467.0,10.645200000000004,6.884028328716926,5.766800563204408,12.650828891921336
282,2024,Malik Dia,Belmont,81,So,4986.0,2.497099999999989,3.5420053323912084,9.093251125002295,12.635256457393506
283,2024,Mahamadou Diawara,Oregon,82,Sr,1134.0,6.593599999999995,0.6362628992331492,11.972402809712934,12.608665708946084
284,2024,Jalen Reed,LSU,82,So,2135.0,7.673299999999998,8.166014264240285,4.435509582802277,12.601523847042564
285,2024,Coen Carr,Michigan State,78,Fr,1199.0,10.1631,6.490209732651304,6.1053747248135215,12.595584457464826
286,2024,Dug McDaniel,Michigan,71,So,5728.0,11.389800000000008,8.19017732715514,4.404051920098283,12.594229247253423
287,2024,Dwon Odom,Georgia State,74,Jr,5894.0,-2.2572000000000116,6.451077843825107,6.138593328470653,12.58967117229576
288,2024,Aaron Bradshaw,Kentucky,85,Fr,3321.0,9.383200000000002,7.777476177570415,4.7991800252828885,12.576656202853304
289,2024,Coleman Hawkins,Illinois,82,Sr,3252.0,13.9833,6.855625233945603,5.715399333807338,12.57102456775294
290,2024,Brock Harding,Iowa,72,Fr,1181.0,8.306399999999996,11.140572824678788,1.4297775387751983,12.570350363453986
291,2024,Lance Jones,Purdue,73,Sr,3270.0,14.621500000000012,7.365027600748021,5.1998435457648675,12.564871146512887
292,2024,Delang Muon,Southern,80,Fr,1793.0,-2.7254999999999967,7.656739714330518,4.85870395587914,12.515443670209658
293,2024,Joseph Girard III,Clemson,73,Sr,2866.0,11.7864,8.732217504791887,3.773157292151234,12.50537479694312
294,2024,Sam Alajiki,Rice,79,Jr,2258.0,0.6813000000000073,5.731827543736615,6.760541551915986,12.4923690956526
295,2024,Kel'el Ware,Indiana,84,So,5945.0,11.206500000000004,-2.847734913133718,15.338903463728636,12.491168550594915
296,2024,Darlinstone Dubar,Hofstra,78,Sr,6956.0,-0.3907999999999987,13.3271213277718,-0.8378598108223332,12.489261516949464
297,2024,Josiah Harris,West Virginia,79,So,3652.0,10.025499999999994,8.979720737485914,3.4771222893397127,12.456843026825627
298,2024,Kevin McCullar Jr.,Kansas,79,Sr,3886.0,11.641000000000004,4.174838773398353,8.270376904698095,12.445215678096448
299,2024,Josiah Lake II,Oregon State,74,Fr,2636.0,7.671299999999988,12.024874703034811,0.4082262357505017,12.433100938785312
300,2024,DaRon Holmes II,Dayton,82,Jr,3105.0,6.994,4.998512789174207,7.43027996282652,12.428792752000728
301,2024,Hasan Abdul Hakim,UT Rio Grande Valley,,,7028.0,-0.0297999999999944,7.506969659235416,4.91800314131979,12.424972800555206
302,2024,Elijah Fisher,DePaul,78,So,12167.0,12.126199999999995,5.059100173029835,7.335206283613485,12.39430645664332
303,2024,Patrick Mwamba,Loyola Chicago,79,Sr,1657.0,2.2811999999999983,4.419059975154461,7.965173801078447,12.384233776232907
304,2024,Kwame Evans Jr.,Oregon,81,Fr,2312.0,9.573999999999998,3.2173967453566563,9.16681018389144,12.384206929248094
305,2024,Trey Alexander,Creighton,76,Jr,3881.0,11.683400000000006,7.096842853363741,5.285268639490747,12.382111492854488
306,2024,Joel Scott,Colorado State,79,Sr,2764.0,8.3716,4.717465906911567,7.659947559827038,12.377413466738606
307,2024,Akuel Kot,Wyoming,74,Sr,6707.0,5.530799999999999,5.497330869027913,6.8741245469562005,12.371455415984112
308,2024,Devin Carter,Providence,75,Jr,3550.0,11.257099999999994,3.13423220552093,9.21430742255773,12.348539628078662
309,2024,Reed Sheppard,Kentucky,75,Fr,8835.0,8.551299999999998,6.919056946828463,5.4069649899360686,12.326021936764532
310,2024,Kenan Blackshear,Nevada,78,Sr,2694.0,5.448099999999997,7.106449946586313,5.2184198107500475,12.32486975733636
311,2024,Darrion Williams,Texas Tech,78,So,3138.0,9.63000000000001,4.381709743684647,7.942743881793606,12.324453625478252
312,2024,RJ Melendez,Georgia,79,Jr,2254.0,9.499700000000004,8.170362318501684,4.153573304233516,12.3239356227352
313,2024,Nate Heise,Northern Iowa,77,Jr,6274.0,4.889699999999991,7.915906941074762,4.388576653589542,12.304483594664305
314,2024,Luke O'Brien,Colorado,80,Sr,2451.0,8.436499999999995,5.927950850023127,6.373908066129944,12.301858916153073
315,2024,Chris Maidoh,Stony Brook,82,Sr,4360.0,-1.022599999999997,-0.7080034170237148,12.956753742718288,12.248750325694571
316,2024,Samuell Williamson,SMU,80,Sr,2453.0,1.8238999999999947,10.49739776251418,1.7319484429484526,12.229346205462631
317,2024,Dashawn Davis,Mississippi State,74,Sr,4765.0,10.6824,1.266741269565899,10.958477752380318,12.225219021946216
318,2024,Stephon Castle,UConn,78,Fr,2634.0,12.0599,3.6166728976161866,8.533597058985652,12.15026995660184
319,2024,Ja'Kobe Walter,Baylor,77,Fr,3217.0,12.592,12.994956431572833,-0.8468280982687393,12.148128333304092
320,2024,Shannon Grant,Florida A&M,82,Sr,3640.0,-3.0219000000000023,10.375685589384902,1.716879629865896,12.092565219250798
321,2024,TJ Bamba,Villanova,77,Sr,2538.0,12.221000000000004,7.4432914266786305,4.633299093547082,12.076590520225713
322,2024,Malik Reneau,Indiana,81,So,5899.0,11.10669999999999,6.502681495143992,5.569673640101939,12.072355135245932
323,2024,Chandler Lawson,Arkansas,79,Sr,3051.0,10.981400000000008,1.0245191374967075,11.039952953896018,12.064472091392725
324,2024,Jason Murphy,North Carolina A&T,80,Jr,7038.0,-3.450000000000003,5.969499321614327,6.071930537653081,12.041429859267408
325,2024,Sean Pedulla,Virginia Tech,73,Jr,2952.0,10.919000000000011,6.5719712006307685,5.46670090722963,12.0386721078604
326,2024,Darrion Trammell,San Diego State,70,Sr,2423.0,10.838100000000011,7.00310733803136,5.00026389510156,12.00337123313292
327,2024,Joe Bamisile,VCU,76,Sr,859.0,4.940399999999997,9.045372628752965,2.942523696123338,11.987896324876305
328,2024,Myles Foster,Illinois State,79,Sr,5454.0,1.2652000000000072,4.383581490744246,7.599901393305393,11.98348288404964
329,2024,Quentin Millora-Brown,The Citadel,82,Sr,6365.0,-0.8830999999999989,0.478620139313922,11.469707670107232,11.948327809421151
330,2024,Keshon Gilbert,Iowa State,76,Jr,3264.0,9.468000000000004,5.793681517233125,6.129080771897193,11.922762289130318
331,2024,Patrick McCaffery,Iowa,81,Sr,2207.0,9.617999999999997,4.277214045628941,7.632893635783214,11.910107681412155
332,2024,Justin Wilson,Northwestern State,81,Sr,3827.0,-6.433599999999998,5.75299001954957,6.147021878791341,11.90001189834091
333,2024,Ethan Anderson,Pepperdine,73,Sr,4919.0,0.5062000000000069,9.404658613355512,2.462854475997879,11.867513089353393
334,2024,Christ Essandoko,Saint Joseph's,84,So,1363.0,3.8662000000000063,5.8074195590066235,6.011247633145489,11.818667192152112
335,2024,Dailyn Swain,Xavier,79,Fr,1771.0,11.246799999999991,7.917912141478908,3.8750320912394702,11.792944232718378
336,2024,Dallin Hall,BYU,75,So,3003.0,9.481700000000004,5.94496284018757,5.834769849817665,11.779732690005234
337,2024,Chris Felix Jr.,Prairie View A&M,77,So,4029.0,2.552599999999998,0.1351332366494819,11.629738645177742,11.764871881827224
338,2024,Kaleb Glenn,Louisville,78,Fr,2617.0,10.562799999999996,0.2757310860497117,11.481740504370723,11.757471590420437
339,2024,Jeremiah Oden,DePaul,80,Sr,12025.0,11.268500000000005,4.898860579531612,6.844446552660993,11.743307132192603
340,2024,Rob Dillingham,Kentucky,74,Fr,7391.0,7.705500000000001,8.355330373882978,3.3797206655148635,11.735051039397842
341,2024,De'Ante Green,Florida State,82,So,2292.0,9.642700000000003,3.999238915541296,7.732371457898673,11.731610373439969
342,2024,Al-Amir Dawes,Seton Hall,74,Sr,3753.0,10.022400000000005,6.858988230468112,4.858124043726435,11.717112274194548
343,2024,Trevon Brazile,Arkansas,82,So,4082.0,8.124200000000002,1.4658024606843774,10.246268237069444,11.712070697753822
344,2024,Maxime Raynaud,Stanford,85,Jr,6078.0,7.4636,7.400997859984718,4.304740372532722,11.70573823251744
345,2024,Max Klesmit,Wisconsin,76,Jr,2877.0,13.958999999999987,3.646927648459566,8.004517100275226,11.651444748734791
346,2024,Micah Peavy,TCU,80,Sr,2992.0,8.050200000000004,5.198234884244249,6.430254730856485,11.628489615100731
347,2024,Nate Santos,Dayton,79,Jr,3244.0,6.795500000000004,4.007985829628603,7.589536831522096,11.597522661150698
348,2024,Calvin Solomon,UTEP,79,Sr,4127.0,-0.8367999999999967,10.34205223644285,1.2516775263331494,11.593729762776
349,2024,Caleb Mills,Memphis,75,Sr,5638.0,5.5745000000000005,8.910724727168082,2.6553936034116,11.566118330579682
350,2024,Seth Trimble,North Carolina,75,So,1817.0,11.4131,8.73713108266131,2.8272753466944875,11.5644064293558
351,2024,Cam Carter,Kansas State,75,Jr,6234.0,10.148899999999998,7.140991763497071,4.39357481658552,11.534566580082592
352,2024,Scottie Ebube,Southern Illinois,82,Jr,2182.0,0.894599999999997,3.5086558772318788,8.01120953405763,11.519865411289508
353,2024,JaCobi Wood,Murray State,74,Jr,6972.0,2.6902000000000044,12.141970774703326,-0.6283557678308855,11.51361500687244
354,2024,Brett Thompson,Youngstown State,73,Sr,6528.0,-4.539699999999996,1.7728129813960365,9.721341941620953,11.494154923016987
355,2024,Lazar Djokovic,Xavier,82,Fr,1133.0,13.527899999999988,5.2305472500711225,6.232667948712234,11.463215198783356
356,2024,Cole Bajema,Utah,79,Sr,3214.0,10.061499999999995,5.415150428348344,6.027728356383548,11.442878784731892
357,2024,Aziz Bandaogo,Cincinnati,84,So,2034.0,12.503,4.321988063912748,7.107071997567842,11.429060061480593
358,2024,Chandler Pigge,Harvard,77,So,4618.0,-1.5534000000000106,16.198239415513644,-4.814059602812644,11.384179812701
359,2024,Darnell Brodie,Drake,81,Sr,2498.0,2.0170999999999992,2.608799848502837,8.753317753853345,11.362117602356182
360,2024,Ty Berry,Northwestern,75,Sr,2044.0,8.561300000000003,6.5325613998652,4.829323992408458,11.361885392273658
361,2024,Tre Donaldson,Auburn,75,So,1970.0,8.621099999999998,6.001923971819373,5.348750411016876,11.35067438283625
362,2024,Javontae Hopkins,Prairie View A&M,72,Sr,6794.0,-6.863900000000001,7.708825290841107,3.610840760855355,11.319666051696462
363,2024,Tamar Bates,Missouri,77,Jr,5152.0,10.42009999999999,4.2578082608994325,7.053176106369052,11.310984367268484
364,2024,Troy Hupstead,Maryland Eastern Shore,79,Jr,3933.0,-6.31519999999999,-0.2639089532778689,11.571241956337587,11.307333003059718
365,2024,Dylan Addae-Wusu,Seton Hall,76,Sr,3490.0,10.4259,4.841015077715105,6.4558482083229,11.296863286038004
366,2024,Keshad Johnson,Arizona,79,Sr,3241.0,11.511199999999988,6.858281180736084,4.426688775323051,11.284969956059134
367,2024,DJ Horne,NC State,73,Sr,5046.0,10.992899999999992,1.7884878286740706,9.460808221643171,11.24929605031724
368,2024,Justin Taylor,High Point,78,So,56.0,9.067300000000005,11.813624623453473,-0.5830299112765358,11.230594712176934
369,2024,Enrique Freeman,Akron,79,Sr,3241.0,-1.8198000000000008,1.7534019381538375,9.426375521437077,11.179777459590914
370,2024,Great Osobor,Utah State,80,Jr,3420.0,7.025600000000011,1.460731938025971,9.71807123072414,11.17880316875011
371,2024,Cody Williams,Colorado,80,Fr,1947.0,9.74629999999999,5.139988489993929,6.009467070859081,11.14945556085301
372,2024,Reed Bailey,Davidson,83,So,10550.0,3.077600000000004,6.832916255794866,4.308706658418912,11.141622914213778
373,2024,Andersson Garcia,Texas A&M,79,Sr,2983.0,10.730900000000004,2.277744745364046,8.861121437952344,11.138866183316388
374,2024,Brandon Huntley-Hatfield,Louisville,81,Jr,5095.0,9.1597,8.001935509067097,3.1185631460202052,11.120498655087305
375,2024,Dae Dae Grant,Duquesne,74,Sr,3259.0,5.508899999999997,4.689661273638176,6.424108751682751,11.113770025320928
376,2024,Spencer Johnson,BYU,77,Sr,2899.0,8.529800000000009,4.701970080179467,6.410964574361362,11.11293465454083
377,2024,Justice Ajogbor,Harvard,82,Sr,2692.0,0.6504000000000048,-3.43250789137662,14.544661474978014,11.112153583601394
378,2024,Sean East II,Missouri,75,Sr,6136.0,8.7984,3.926728136832162,7.172775629718551,11.099503766550711
379,2024,Allen Flanigan,Ole Miss,78,Sr,6027.0,8.487300000000005,5.259277338145825,5.833685425976523,11.092962764122348
380,2024,Nique Clifford,Colorado State,78,Sr,3107.0,8.500600000000006,4.0035474861790235,7.0734614102335485,11.077008896412572
381,2024,Airion Simmons,Abilene Christian,77,Sr,3873.0,-0.644999999999996,3.9384457068348993,7.119839346707629,11.058285053542528
382,2024,Tom Mark,Cal State Bakersfield,79,Jr,3755.0,-3.2676000000000016,0.8485679972498383,10.182218895543595,11.030786892793436
383,2024,Justin Vander Baan,Lafayette,84,Jr,4582.0,-6.3770000000000095,-7.897459708077346,18.91859377875307,11.021134070675725
384,2024,Dji Bailey,Richmond,77,Sr,2985.0,2.7446999999999946,9.332393572098876,1.677146388070511,11.009539960169388
385,2024,Branden Carlson,Utah,84,Sr,3385.0,10.938599999999994,2.0038138831582812,9.005566913009787,11.009380796168069
386,2024,Legend Geeter,Eastern Michigan,80,So,4622.0,-5.261200000000002,5.952464885443279,5.044449090245994,10.996913975689273
387,2024,Sam Godwin,Oklahoma,82,Sr,3333.0,9.802500000000007,0.2715558172151189,10.702447930273824,10.974003747488943
388,2024,RJ Felton,East Carolina,75,Jr,6729.0,0.8526999999999987,0.3486532568491101,10.599483614238617,10.948136871087726
389,2024,Justin Abson,App State,81,So,2702.0,-1.356899999999996,1.537511212449806,9.404626219255258,10.942137431705063
390,2024,Langdon Hatton,Bellarmine,82,Jr,5276.0,-1.8799999999999957,0.1516243084524218,10.78323044258212,10.934854751034544
391,2024,Fousseyni Drame,Duquesne,79,Sr,2285.0,5.153500000000008,8.149101363320913,2.774686681618423,10.923788044939336
392,2024,Baye Ndongo,Georgia Tech,81,Fr,7143.0,12.212700000000012,4.909582633429642,5.971723335815578,10.88130596924522
393,2024,Alex Sobel,Sacred Heart,80,Sr,4950.0,-10.1708,-0.2082180743430917,11.085041042841665,10.87682296849857
394,2024,Harlond Beverly,Wichita State,77,Jr,6422.0,3.012100000000004,9.77980151641879,1.0903717492657568,10.870173265684546
395,2024,Lars Thiemann,Loyola Marymount,85,Sr,4091.0,-0.2442999999999955,3.6040989237846928,7.244281471357425,10.84838039514212
396,2024,Desmond Claude,Xavier,77,So,3467.0,12.688100000000006,1.6076772623992688,9.237910219181924,10.845587481581193
397,2024,Souleymane Doumbia,Sam Houston,83,Sr,3545.0,-1.229299999999995,-0.1418098677566357,10.97486582265674,10.833055954900104
398,2024,Corey Floyd Jr.,Providence,76,So,2301.0,11.0552,-0.2186690026008433,11.033877020862931,10.815208018262089
399,2024,NJ Benson,Missouri State,80,So,3768.0,1.480000000000004,5.422569414112424,5.371340312540189,10.793909726652611
400,2024,Pierre Brooks II,Butler,78,Jr,3149.0,10.843400000000004,7.572782227320417,3.2091828435632004,10.781965070883617
401,2024,Carson Basham,Northern Arizona,82,Jr,4872.0,-3.7343999999999937,7.020734992199795,3.7540084876567974,10.774743479856593
402,2024,Jaden Akins,Michigan State,76,Jr,2826.0,12.8155,6.778528978453243,3.972289120599526,10.750818099052768
403,2024,Ndewedo Newbury,San Francisco,79,Jr,2517.0,0.247799999999998,-0.4942874451380034,11.24206423656014,10.747776791422138
404,2024,Jaden Bediako,Seton Hall,82,Sr,2679.0,11.112400000000008,-1.0666854781780568,11.765364584985075,10.69867910680702
405,2024,Jaemyn Brakefield,Ole Miss,80,Sr,5647.0,8.783600000000007,8.877188614912818,1.8090195889137073,10.686208203826524
406,2024,Tyson Walker,Michigan State,73,Sr,3151.0,13.725000000000009,4.785090809148514,5.868690276820754,10.653781085969268
407,2024,Jalil Beaubrun,Stephen F. Austin,81,Jr,3426.0,0.2265000000000014,1.541998853899207,9.090764253023677,10.632763106922884
408,2024,Matt Zona,Notre Dame,81,Sr,2220.0,8.2573,-5.04886464571689,15.669264777954805,10.620400132237917
409,2024,Hosana Kitenge,Louisiana,80,Jr,5639.0,-1.0618999999999943,1.9460018233467664,8.663395265070347,10.609397088417117
410,2024,Silas Demary Jr.,Georgia,77,Fr,3056.0,10.419899999999998,6.395309742990014,4.203845056720834,10.599154799710847
411,2024,Thomas Dowd,Troy,80,Fr,2718.0,-2.3515000000000015,6.906987830544709,3.6791267843027704,10.58611461484748
412,2024,Byron Brown,Air Force,76,Jr,6496.0,3.518599999999992,1.4802309152517568,9.06900624691866,10.549237162170416
413,2024,Bradley Ezewiro,Saint Louis,81,Jr,5607.0,7.160600000000002,7.345229331194093,3.1809564128419874,10.52618574403608
414,2024,Kobe Elvis,Dayton,73,Jr,2733.0,6.781199999999998,9.109679916616326,1.41228040524881,10.521960321865135
415,2024,Yanic Konan Niederhauser,Northern Illinois,84,So,3450.0,-0.277000000000001,0.4515997969969112,10.063451066334531,10.515050863331442
416,2024,Philip Alston,Loyola Chicago,78,Sr,2690.0,3.2541999999999973,5.639327740322047,4.872842640014715,10.512170380336762
417,2024,Zed Key,Ohio State,80,Sr,1679.0,7.86160000000001,4.120819523353251,6.374487171083796,10.495306694437048
418,2024,Noah Williamson,Bucknell,84,So,4837.0,-6.0257000000000005,3.735702112595748,6.745321967048065,10.481024079643811
419,2024,Tramon Mark,Arkansas,77,Jr,6188.0,8.845000000000013,2.088919519172216,8.385005013285696,10.47392453245791
420,2024,Nijel Pack,Miami,72,Jr,5151.0,8.725399999999993,4.943765418569546,5.506324399284216,10.450089817853762
421,2024,Cooper Schwieger,Valparaiso,82,Fr,6137.0,1.5829999999999984,3.9334887204480298,6.514838557609995,10.448327278058024
422,2024,Jaquel Morris,Miami (OH),80,So,3058.0,-4.0882000000000005,11.16824511968829,-0.7200516638663395,10.44819345582195
423,2024,Rashaan Mbemba,Colorado State,79,Fr,1033.0,9.120200000000011,4.376778668682055,6.070356839745027,10.44713550842708
424,2024,Trae Hannibal,LSU,74,Sr,2119.0,8.840400000000002,5.451423066432142,4.973393665348015,10.424816731780156
425,2024,Sebastian Robinson,NJIT,73,Fr,3790.0,-3.691199999999995,8.892623381779702,1.5092537591860564,10.40187714096576
426,2024,Chris Moore,Auburn,78,Sr,1323.0,7.679500000000004,2.226457236624601,8.174946432178572,10.401403668803171
427,2024,Tytan Anderson,Northern Iowa,78,Jr,5528.0,4.79310000000001,9.090606072653442,1.3091830862449747,10.399789158898416
428,2024,Jackson Munro,Dartmouth,80,So,3608.0,0.4829999999999899,3.0842503561722245,7.305226809761082,10.389477165933307
429,2024,Ben Middlebrooks,NC State,82,Jr,2996.0,10.3729,3.8983707497018303,6.446210764445231,10.344581514147064
430,2024,RJ Godfrey,Clemson,80,So,1065.0,10.867800000000004,0.3427027112724778,9.988377675056322,10.3310803863288
431,2024,Jackson Sivills,Wofford,78,Jr,4810.0,0.000399999999999,2.118922338827494,8.204450734205285,10.323373073032778
432,2024,Adrame Diongue,San José State,84,So,2464.0,1.9237000000000108,4.772595095851363,5.5400423963584675,10.31263749220983
433,2024,Clarence Rupert,Southern Illinois,80,Jr,3920.0,0.7930000000000064,4.191879229206222,6.056730774518967,10.24861000372519
434,2024,Boogie Ellis,USC,75,Sr,6029.0,10.295599999999991,4.411126614864349,5.828702357868427,10.239828972732775
435,2024,Nicolas Timberlake,Kansas,76,Sr,3088.0,11.60220000000001,0.4752137017574656,9.764480969021047,10.239694670778512
436,2024,Keeshawn Barthelemy,Oregon,73,Sr,1326.0,5.974999999999994,6.885437409072384,3.3532628903858455,10.23870029945823
437,2024,Simas Lukosius,Cincinnati,78,So,3110.0,10.592699999999994,5.649360277188215,4.570924849915797,10.220285127104011
438,2024,Hayden Hefner,Texas A&M,78,Sr,1480.0,7.082399999999993,1.9967070321443117,8.220851853872801,10.217558886017112
439,2024,Micah Handlogten,Florida,85,So,2000.0,8.159300000000002,5.194114872738992,5.001075779397396,10.195190652136388
440,2024,Frank Mitchell,Canisius,80,Jr,5451.0,-4.042599999999993,8.345613455559853,1.847844239833602,10.193457695393455
441,2024,Josh Jones,Oral Roberts,82,Fr,2330.0,-1.2830999999999904,0.1737031851062842,9.979680706729614,10.153383891835896
442,2024,Alejandro Vasquez,UAB,76,Jr,2240.0,4.297299999999993,8.812300863866053,1.3386810198123142,10.150981883678368
443,2024,Samuel Tabe,South Alabama,77,Sr,8562.0,-4.008900000000011,1.6829418089060422,8.440743392628749,10.12368520153479
444,2024,Ben Gold,Marquette,83,So,1847.0,12.028199999999998,7.040725559672852,3.0772146689045026,10.117940228577355
445,2024,Jahmyl Telfort,Butler,79,Sr,3333.0,11.350899999999996,5.532777448308415,4.573233618867968,10.106011067176382
446,2024,Chol Marial,Oregon State,86,Sr,2081.0,6.752099999999999,-0.4361214791967414,10.5391739578945,10.10305247869776
447,2024,Ibrahima Diallo,UCF,84,Sr,1592.0,8.1665,-1.959607520497424,12.050833132941513,10.091225612444088
448,2024,Andrew Morgan,North Dakota State,82,Jr,4824.0,-2.3747000000000043,-0.6624024228881713,10.735585827303565,10.073183404415392
449,2024,Francisco Caffaro,Santa Clara,85,Sr,3126.0,2.2527000000000044,1.7237989130139495,8.34337016839293,10.06716908140688
450,2024,Ryan Dunn,Virginia,80,So,2503.0,8.935999999999993,7.677220882195366,2.37251639867951,10.049737280874876
451,2024,Tom Beattie,Hawai'i,76,Fr,3400.0,-4.473299999999995,7.936188530183312,2.105173880583691,10.041362410767004
452,2024,Rich Barron,Providence,77,Fr,1606.0,10.754099999999994,3.2181650395121375,6.784953934974359,10.003118974486496
453,2024,Mylyjael Poteat,Virginia Tech,81,Sr,1440.0,9.1695,2.4741103309076657,7.50106536274645,9.975175693654116
454,2024,Daniel Foster,Nevada,78,Sr,2070.0,5.547200000000004,3.4426618175240895,6.50616667597639,9.948828493500478
455,2024,Nick Ellington,Murray State,79,Jr,5351.0,2.4022000000000077,7.999986675630325,1.9473737468157537,9.947360422446078
456,2024,Miles Rubin,Loyola Chicago,82,Fr,2091.0,2.626199999999997,0.7880457640241685,9.142205642808518,9.930251406832689
457,2024,Latrell Davis,San José State,75,Fr,2289.0,6.333100000000002,4.504244133434174,5.40058931453702,9.904833447971193
458,2024,Robert Jones,Iowa State,82,Sr,2364.0,8.591999999999999,1.5857487346917738,8.299275377803271,9.885024112495046
459,2024,Matt Cross,Massachusetts,79,Sr,4982.0,0.3543999999999982,3.830193478853985,6.020229555433576,9.85042303428756
460,2024,J.R. Konieczny,Notre Dame,79,Jr,4283.0,8.4054,7.295291371726716,2.53859887912709,9.833890250853806
461,2024,Tre King,Iowa State,79,Sr,2419.0,9.555399999999992,5.892200398539456,3.921119639542856,9.813320038082312
462,2024,Xavier Johnson,Indiana,75,Sr,3063.0,10.382800000000003,6.776034344154501,3.0351038145634166,9.811138158717917
463,2024,Ben Humrichous,Evansville,81,Sr,2395.0,-1.3664999999999878,6.140558333617586,3.658171339322786,9.798729672940372
464,2024,Scotty Middleton,Ohio State,78,Fr,1393.0,8.557699999999997,3.029937201048658,6.7644313068289135,9.794368507877572
465,2024,Caleb Fields,Arkansas State,72,Sr,3273.0,-0.2895000000000038,4.73067287344998,4.981174848452932,9.711847721902911
466,2024,Kenny Pohto,Wichita State,82,Jr,4969.0,2.582499999999996,4.3762649952788255,5.320580925435541,9.696845920714368
467,2024,Isaiah Coleman,Seton Hall,77,Fr,1773.0,7.697000000000003,7.69945153948356,1.976495479322943,9.675947018806504
468,2024,Deivon Smith,Utah,73,Sr,2582.0,10.391099999999994,6.229141704978513,3.440073938656041,9.669215643634557
469,2024,Damien Mayo Jr.,Missouri State,75,So,3812.0,0.7937000000000012,7.485338665229924,2.1807714978822323,9.666110163112156
470,2024,Ezra Ausar,East Carolina,81,So,5036.0,-0.0060000000000002,8.092548618361128,1.5668826776014475,9.659431295962577
471,2024,Felix Okpara,Ohio State,83,So,2445.0,10.162399999999993,1.7868379497420848,7.8132383932427905,9.600076342984876
472,2024,Jaden Daughtry,Indiana State,78,So,181.0,-7.476799999999997,8.839955872049837,0.7591519190217486,9.599107791071583
473,2024,Cornelius Robinson III,Monmouth,78,Fr,3226.0,-1.7871999999999986,3.625107186388188,5.937099147717377,9.562206334105564
474,2024,Nimari Burnett,Michigan,77,Sr,6157.0,13.311699999999988,-3.8724318501295016,13.43252539846378,9.56009354833428
475,2024,Josiah Harris,Radford,79,So,1940.0,10.025499999999994,3.481699243237675,6.075131637454558,9.556830880692234
476,2024,Nate Martin,Marshall,80,Jr,6654.0,-0.2227000000000032,-0.4110714417411,9.962382401899218,9.551310960158116
477,2024,Rowan Brumbaugh,Georgetown,76,Fr,4104.0,5.85860000000001,7.003748622118672,2.547078733093251,9.550827355211922
478,2024,Wooga Poplar,Miami,77,Jr,5844.0,7.2804,11.62295142087878,-2.0827349904172,9.54021643046158
479,2024,Kobe Rodgers,Charleston,75,Jr,2026.0,-1.032899999999998,1.7027391187275698,7.829460923872431,9.5322000426
480,2024,Demarion Burch,Bradley,76,Fr,1255.0,3.0442999999999927,5.130065569515272,4.401214799859488,9.53128036937476
481,2024,Jalon Moore,Oklahoma,79,Jr,4526.0,10.030500000000004,5.560542086306604,3.935985398788173,9.496527485094775
482,2024,Jamal West Jr.,Nicholls,78,Jr,6567.0,-3.432699999999997,2.4892497561958087,6.966834201544495,9.456083957740304
483,2024,Pierce Bazil,Houston Christian,74,So,4323.0,-0.6282999999999959,4.263931320246438,5.1712251283287,9.43515644857514
484,2024,Thomas Haugh,Florida,81,Fr,1610.0,9.847400000000007,5.482086544812164,3.929823355648537,9.4119099004607
485,2024,Noah Farrakhan,West Virginia,73,Sr,2788.0,13.830600000000004,10.816712182359812,-1.420936788770387,9.395775393589425
486,2024,Brock Cunningham,Texas,78,Sr,2201.0,8.993199999999987,1.4883789400363208,7.903451006795324,9.391829946831646
487,2024,Jace Whiting,Boise State,75,So,1304.0,7.689099999999996,6.587483827551081,2.802719144078587,9.390202971629668
488,2024,AJ Ferguson,Southern Illinois,78,Jr,3946.0,1.560299999999998,2.7820200799621357,6.602587237640907,9.384607317603042
489,2024,Caleb Burgess,UNC Asheville,75,Sr,5537.0,-1.4544000000000068,8.916934591526513,0.458452031814178,9.37538662334069
490,2024,Mason Madsen,Boston College,76,Sr,2373.0,8.854799999999997,5.061070749995253,4.310071446967596,9.37114219696285
491,2024,Elmarko Jackson,Kansas,75,Fr,3302.0,10.789200000000008,1.2884137372757407,8.056207768595012,9.344621505870752
492,2024,Jalen Cook,LSU,72,Jr,1163.0,9.513400000000004,3.086211375112849,6.234061858152115,9.320273233264963
493,2024,Robert Jennings II,Texas Tech,79,So,1062.0,12.22569999999999,0.0772065041683163,9.238168340457904,9.315374844626222
494,2024,Tay Knox,Western Illinois,81,So,2748.0,-6.033000000000001,-3.871374876550152,13.183777953284046,9.312403076733894
495,2024,Julius Mims,Idaho,81,Jr,5301.0,-4.491900000000001,2.5946834920716055,6.716369468922586,9.311052960994193
496,2024,Derek Fountain,LSU,82,Sr,1934.0,7.919799999999995,6.93784910494405,2.331196757084783,9.269045862028833
497,2024,Vasja Pandza,Seattle U,80,Jr,1405.0,-3.373800000000003,5.981665600422856,3.2863090232804684,9.267974623703324
498,2024,Malevy Leons,Bradley,81,Sr,3027.0,4.109399999999994,8.363984080368486,0.8434476700502777,9.207431750418763
499,2024,Damian Dunn,Houston,77,Jr,1788.0,9.7055,2.9132536090471124,6.287920406736006,9.20117401578312
500,2024,Tre Mitchell,Kentucky,81,Sr,6434.0,5.7150999999999925,-1.1071798254519205,10.291200638929238,9.184020813477318
501,2024,Ethan Potter,Utah Valley,80,So,3616.0,0.8982000000000028,3.331069341474945,5.8405530027122925,9.171622344187238
502,2024,Sion James,Tulane,78,Jr,7128.0,2.576999999999998,7.14603512367116,2.002038277774952,9.148073401446112
503,2024,Jaden Bradley,Arizona,75,So,2397.0,10.864999999999997,8.294604312560832,0.8488290547227004,9.143433367283532
504,2024,Efton Reid III,Wake Forest,84,Jr,10389.0,9.629599999999996,3.0674576505989086,6.0644834062426165,9.131941056841525
505,2024,Landon Wolf,Northern Iowa,77,So,2355.0,5.814099999999996,6.659712800396772,2.4677143889606357,9.127427189357409
506,2024,Terrance Williams II,Michigan,79,Sr,6287.0,13.248899999999992,4.470655172466336,4.656503096339302,9.127158268805635
507,2024,Payton Sandfort,Iowa,80,Jr,3275.0,11.602800000000002,2.207402566683208,6.906114302946837,9.113516869630043
508,2024,Adam Miller,Arizona State,75,Jr,4671.0,12.516400000000004,-0.595954545333246,9.691960093584568,9.096005548251322
509,2024,Wilhelm Breidenbach,Washington,82,So,3583.0,8.5321,4.977688344008177,4.116033533894691,9.093721877902867
510,2024,Andrew Laczkowski,Pennsylvania,78,Sr,2646.0,1.747,4.167809919116316,4.922073042836192,9.089882961952508
511,2024,Jordan Gainey,Tennessee,76,Jr,1954.0,12.3626,4.658202926206284,4.431613619342865,9.089816545549148
512,2024,Tyler Nickel,Virginia Tech,79,So,2323.0,9.395899999999996,7.38532966754158,1.6906835164582557,9.076013183999835
513,2024,Landon Moore,Butler,75,So,1509.0,9.459099999999992,6.4339072232010945,2.6272561701604435,9.061163393361538
514,2024,Ezra Manjon,Vanderbilt,72,Sr,5670.0,9.168599999999998,-1.1309713948352966,10.189866747299623,9.05889535246433
515,2024,Mark Armstrong,Villanova,74,So,2343.0,11.476299999999997,4.8604562180053215,4.196309279086213,9.056765497091536
516,2024,Brigham Rogers,Belmont,81,Fr,3598.0,2.6300999999999988,-1.2689014848282294,10.309749640919868,9.04084815609164
517,2024,Cesare Edwards,Missouri State,82,Jr,3419.0,1.655499999999989,4.0187202680271366,5.0046899266166625,9.023410194643798
518,2024,Skyy Clark,Louisville,75,So,4642.0,7.241,-1.7298943503902908,10.747784746546335,9.017890396156046
519,2024,Jeremy Lorenz,Wofford,80,Fr,2796.0,1.49969999999999,1.6522457015715717,7.361960066705234,9.014205768276806
520,2024,Roddie Anderson III,Boise State,75,So,2352.0,9.721100000000009,4.204848010534417,4.7878302086069695,8.992678219141386
521,2024,CJ Noland,North Texas,76,Jr,2014.0,4.865600000000001,6.47762348749897,2.5090961330764228,8.986719620575393
522,2024,Jared McCain,Duke,75,Fr,3247.0,10.4358,1.5643026094405106,7.408455482929044,8.972758092369554
523,2024,Ahmir Langlais,South Carolina Upstate,81,Sr,4448.0,-1.2450999999999937,-3.7824500920938657,12.738748398866822,8.956298306772956
524,2024,Jevon Porter,Pepperdine,83,So,3812.0,0.5285000000000082,-0.6450004390776239,9.596193140096824,8.951192701019199
525,2024,Sione Lose,UC Davis,76,So,2168.0,-4.690100000000001,8.683660541012772,0.2520092753117899,8.935669816324562
526,2024,Tyrese Samuel,Florida,82,Sr,2989.0,10.251099999999994,3.6555955811542464,5.278106204979608,8.933701786133854
527,2024,Thierno Sylla,UCF,84,So,1270.0,6.806299999999993,-2.2009464634244145,11.108687782938835,8.907741319514422
528,2024,Elijah Walsh,Campbell,77,So,4403.0,-5.495899999999992,3.467972691979524,5.426660285014184,8.894632976993709
529,2024,Robert Allen,North Texas,81,Sr,2031.0,5.490199999999987,5.175369944062362,3.701792743184503,8.877162687246866
530,2024,Keisei Tominaga,Nebraska,74,Sr,2402.0,11.077100000000002,9.002977128958944,-0.1291240208378052,8.87385310812114
531,2024,Kacper Klaczek,Saint Joseph's,80,Jr,1172.0,-0.3718000000000074,9.818155929935369,-0.9660884638562254,8.852067466079141
532,2024,Kellan Boylan,Air Force,79,So,10757.0,1.5213000000000108,-0.000417225507994,8.828570500125448,8.828153274617454
533,2024,Brayden Parker,Idaho State,80,Sr,6181.0,-4.4358,-2.052264570851592,10.879612561121396,8.827347990269804
534,2024,Connor Hickman,Bradley,75,Jr,2525.0,4.543199999999999,4.8238547673491965,3.992324471220966,8.816179238570163
535,2024,Tae Williams,Cleveland State,77,Sr,2872.0,-3.837599999999995,9.114812282783369,-0.309335848317118,8.805476434466248
536,2024,Ethan Price,Eastern Washington,82,Jr,5421.0,-2.4510000000000076,-3.0507342297703666,11.848442573640757,8.79770834387039
537,2024,Aaron Cash,UT Arlington,78,Sr,4313.0,2.4390999999999963,1.883039978022935,6.90702218807816,8.790062166101094
538,2024,Devin Tillis,UC Irvine,78,Sr,2222.0,-0.9658999999999908,4.242062333952721,4.536685394299874,8.778747728252595
539,2024,Jordan Longino,Villanova,77,Jr,1885.0,11.893600000000006,-0.6255108141182966,9.384240600664125,8.758729786545828
540,2024,Kobe Johnson,West Virginia,76,Jr,5000.0,11.104100000000004,11.226582726426614,-2.48111426680497,8.745468459621645
541,2024,Arturo Dean,Florida International,71,So,5978.0,-2.045599999999993,6.8166439521669,1.927945536469637,8.744589488636537
542,2024,Chase Beasley,Air Force,78,Jr,3353.0,-6.952500000000001,0.729837117852842,7.999097723638625,8.728934841491467
543,2024,Matthew Cleveland,Miami,79,Jr,6189.0,7.9953,6.266805502532552,2.452637422880531,8.719442925413084
544,2024,Aboubacar Traore,Long Beach State,77,Jr,3684.0,-0.6118000000000023,7.307257006540457,1.4096630956302003,8.716920102170658
545,2024,Enoch Boakye,Fresno State,83,Jr,3967.0,2.0287000000000006,2.517028868904034,6.198903999319836,8.71593286822387
546,2024,Tre Williams,Duquesne,79,Sr,1114.0,3.2900999999999954,1.0894522964708866,7.622895635507232,8.712347931978119
547,2024,Max Rice,Boise State,77,Sr,2897.0,8.765400000000014,-1.0440491698651335,9.71914564677077,8.675096476905637
548,2024,Mitchell Saxen,Saint Mary's,82,Sr,2559.0,4.494500000000002,-0.3255141724127772,8.989095544879625,8.663581372466847
549,2024,Matthew Nicholson,Northwestern,84,Sr,1879.0,7.355199999999996,-2.837074225371718,11.496498865113487,8.659424639741768
550,2024,Cyril Martynov,Eastern Michigan,84,So,3190.0,-5.0257000000000005,6.553188022022811,2.093281033631375,8.646469055654187
551,2024,Devin Royal,Ohio State,78,Fr,1028.0,8.842699999999994,3.913491056658774,4.729121541965379,8.642612598624154
552,2024,Keonte Kennedy,California,77,Sr,4967.0,11.085799999999992,2.4999713096994114,6.1388934566147615,8.638864766314173
553,2024,Nahiem Alleyne,St. John's,76,Sr,3481.0,10.5295,1.7387148484110333,6.899256700654412,8.637971549065446
554,2024,Rylan Griffen,Alabama,78,So,2613.0,15.42649999999999,3.8411355819894863,4.796768734875688,8.637904316865175
555,2024,Steven Jamerson II,San Diego,82,Jr,3986.0,-0.1234000000000037,-0.4059241183973398,9.031668754601228,8.625744636203887
556,2024,Justin Moore,Villanova,77,Sr,2311.0,11.645700000000003,1.2817695578832615,7.331262508422247,8.613032066305509
557,2024,Nick Martinelli,Northwestern,79,So,2387.0,11.110699999999994,6.622958641469969,1.968352981975116,8.591311623445085
558,2024,Parker Fox,Minnesota,80,Sr,1783.0,6.1785,6.7464385619993195,1.83729006816256,8.583728630161879
559,2024,Tanner Cuff,Evansville,79,Jr,2377.0,2.1073999999999984,6.6837927755027735,1.8844224308983837,8.568215206401158
560,2024,Rokas Jocius,La Salle,82,So,4663.0,0.5515000000000043,-2.5647935710089453,11.121834641801328,8.557041070792382
561,2024,Marquel Sutton,Omaha,79,Jr,6089.0,-4.728799999999993,2.111078895349447,6.4443509614072285,8.555429856756675
562,2024,Jayson Kent,Indiana State,80,Jr,3529.0,3.0050000000000097,5.15636620513671,3.391172792222666,8.547538997359375
563,2024,Mekhi Mason,Rice,77,So,5940.0,1.2292000000000058,4.350098311138652,4.1844835369539615,8.534581848092614
564,2024,Curtis Williams Jr.,Louisville,78,Fr,2362.0,10.179000000000002,7.792681292453782,0.7328998157575075,8.52558110821129
565,2024,DJ Rodman,USC,78,Sr,5442.0,11.57629999999999,2.3460299863035625,6.167183552653032,8.513213538956595
566,2024,Josh Dix,Iowa,78,So,2559.0,11.499900000000013,6.4463564516861585,2.0630954345594343,8.509451886245593
567,2024,Ethan Taylor,Air Force,77,Jr,10392.0,1.3519999999999897,1.8749733725328317,6.623670542464616,8.498643914997448
568,2024,German Plotnikov,Hofstra,77,Jr,3876.0,-3.5065000000000026,5.141812579100746,3.354179924065927,8.495992503166672
569,2024,Jalen Weaver,Fresno State,76,Jr,4088.0,6.3506,5.416541063956709,3.0685016182549028,8.485042682211612
570,2024,Dontae Horne,Texas State,76,Jr,2770.0,2.239699999999999,10.225494541589503,-1.760637533716734,8.46485700787277
571,2024,Chris Manon,Cornell,77,Sr,1803.0,-0.6318999999999875,0.5558993590528138,7.895103966666783,8.451003325719597
572,2024,Jaylin Sellers,UCF,76,Jr,2826.0,8.218900000000005,3.3579451506104947,5.076056211481629,8.434001362092124
573,2024,Rienk Mast,Nebraska,82,Jr,2734.0,9.9756,-5.020125555667413,13.452193007369084,8.432067451701672
574,2024,Ariel Bland,UC Santa Barbara,79,Jr,1967.0,-3.254000000000005,8.14077385199011,0.2855401429717705,8.42631399496188
575,2024,Pelle Larsson,Arizona,77,Sr,3622.0,11.439700000000002,4.354047885517469,4.070758873848115,8.424806759365584
576,2024,Brennan Rigsby Jr.,Oregon,75,Jr,2413.0,9.061000000000009,1.760975717434024,6.64316688471968,8.404142602153703
577,2024,Pop Isaacs,Texas Tech,74,So,3212.0,10.246300000000003,9.568355059439506,-1.191137916544,8.377217142895507
578,2024,Anthony Robinson II,Missouri,75,Fr,2410.0,4.421800000000005,3.4814352157296873,4.833384346438728,8.314819562168415
579,2024,Tru Washington,New Mexico,76,Fr,1905.0,4.553799999999995,6.454624410528891,1.856260078485598,8.310884489014489
580,2024,Marcus Boykin,Sam Houston,73,Jr,3595.0,-0.429000000000002,7.787209392142397,0.5034503718073133,8.29065976394971
581,2024,Unisa Turay,Utah Tech,70,Jr,3100.0,-0.363900000000001,4.740789427949758,3.537059106378412,8.27784853432817
582,2024,Bronny James,USC,76,Fr,3033.0,11.583399999999996,4.253661802802898,4.011086393498206,8.264748196301104
583,2024,Jason Wade,Old Dominion,76,Sr,3949.0,-0.3969999999999913,5.092687282541238,3.163177661307763,8.255864943849001
584,2024,Brandon Rush,Youngstown State,75,Sr,5878.0,-4.908799999999999,-0.4197338779284258,8.667215086990005,8.24748120906158
585,2024,Grant Newell,California,81,So,3733.0,7.745099999999994,1.6891630684369263,6.52921618448203,8.218379252918956
586,2024,Donovan Ivory,Southern Miss,78,Sr,4536.0,-1.0238999999999976,3.4874821084731833,4.7302269700959805,8.217709078569165
587,2024,Jimmy Oladokun Jr.,San Diego,81,Fr,2191.0,-1.7585000000000122,-2.1313050650773695,10.344093909288407,8.21278884421104
588,2024,Quinn Slazinski,West Virginia,81,Sr,5656.0,10.4114,4.824435364155616,3.3820785184842244,8.20651388263984
589,2024,Samson Johnson,UConn,82,Jr,2316.0,8.235100000000003,2.5154451496113026,5.689028545179705,8.204473694791009
590,2024,Justin Edwards,Kentucky,80,Fr,10489.0,7.680999999999997,4.337971871556977,3.859815464268168,8.197787335825145
591,2024,Sam Sherry,Elon,83,Jr,3680.0,-5.91279999999999,-3.7219159990173294,11.915359473158642,8.193443474141311
592,2024,Emanuel Sharp,Houston,75,So,2852.0,12.330200000000003,4.0312842914274665,4.108395126786398,8.139679418213865
593,2024,Luke Barrett,Saint Mary's,78,Jr,1587.0,2.6825000000000045,4.4107558395065904,3.7185533799351216,8.129309219441712
594,2024,Julien Soumaoro,Gardner-Webb,71,Jr,5592.0,0.1651999999999986,6.629902177104375,1.4859813071272776,8.115883484231652
595,2024,Isaiah Carr,Denver,83,So,3223.0,-4.887500000000003,-2.1243400153910175,10.226728406660616,8.1023883912696
596,2024,Dalton Knecht,Tennessee,78,Sr,3236.0,13.757099999999994,2.6699523894239108,5.427148977350701,8.097101366774611
597,2024,Wil Tattersall,UC Riverside,79,Sr,4400.0,0.0661999999999949,7.655167646161551,0.4363451026850573,8.09151274884661
598,2024,Jace Carter,Texas A&M,77,Jr,2601.0,11.225300000000004,4.858321051545968,3.2240803707845425,8.08240142233051
599,2024,Johni Broome,Auburn,82,Jr,2562.0,9.323700000000002,7.293462720631949,0.7839005650789836,8.077363285710932
600,2024,Blaise Threatt,Weber State,75,Jr,4789.0,-3.293300000000002,10.53867922464349,-2.469612816858057,8.069066407785433
601,2024,Kobe Johnson,USC,78,Jr,5949.0,11.651599999999988,7.809720294180304,0.2340677134618305,8.043788007642135
602,2024,Jaxson Robinson,BYU,78,Jr,2674.0,10.071700000000009,5.29760766290807,2.717715890165388,8.015323553073458
603,2024,Mason Gillis,Purdue,78,Sr,2339.0,14.93849999999999,2.3148643964954436,5.693728513419558,8.008592909915002
604,2024,J.J. Starling,Syracuse,76,So,7160.0,10.29079999999999,-2.130888570110318,10.13752884498994,8.006640274879622
605,2024,Makhel Mitchell,Little Rock,82,Sr,1287.0,-11.861099999999992,4.036454299898793,3.960416439104296,7.996870739003089
606,2024,Zavian McLean,Columbia,76,Sr,3246.0,-1.6909000000000134,12.980946951630678,-5.000822838795091,7.980124112835587
607,2024,Grant Huffman,Davidson,75,Sr,10972.0,3.818200000000005,8.979919757762055,-1.0005709536435683,7.979348804118486
608,2024,Kerwin Walton,Texas Tech,77,Sr,2300.0,11.860100000000005,4.601767770325819,3.360695691863961,7.962463462189779
609,2024,Danny Wolf,Yale,84,So,2759.0,2.724500000000006,4.211163131736356,3.74290935514986,7.954072486886216
610,2024,Avantae Parker,Georgia Southern,81,Fr,4555.0,-1.8963000000000108,1.5670983167311876,6.386668980518208,7.953767297249396
611,2024,Carey Booth,Notre Dame,82,Fr,4026.0,9.478700000000003,5.062450415550513,2.890645746273805,7.953096161824318
612,2024,Cameron Corhen,Florida State,82,So,3796.0,11.21950000000001,5.203017571040753,2.7376087010127823,7.940626272053535
613,2024,Kebba Njie,Notre Dame,82,So,4022.0,9.381799999999998,-9.73243492371328,17.665252434199946,7.932817510486664
614,2024,Hunter Erickson,Utah,75,Sr,2189.0,10.096699999999998,3.929024838751352,3.9978629552479488,7.926887793999301
615,2024,Jahvon Quinerly,Memphis,73,Sr,14178.0,4.325199999999995,5.615376275326153,2.3073369660935374,7.922713241419691
616,2024,Sam Walters,Alabama,82,Fr,1179.0,12.526199999999989,2.534407856058621,5.383102336433126,7.917510192491747
617,2024,Chance McMillian,Texas Tech,74,Jr,2614.0,10.7068,6.9691914896395115,0.859857535084303,7.8290490247238145
618,2024,Ja'Von Benson,Hampton,79,Jr,2623.0,-4.420400000000001,-3.3070987884402454,11.13078763486094,7.823688846420693
619,2024,Jalen Celestine,California,79,Sr,4494.0,9.451900000000007,1.1773503260163445,6.610588920904338,7.787939246920682
620,2024,Supreme Cook,Georgetown,81,Sr,5162.0,7.584599999999995,3.2390741673696444,4.517003710927976,7.756077878297621
621,2024,Tyler Rolison,Nevada,72,Fr,1164.0,2.5400000000000063,3.1642874981076083,4.5745642963454864,7.738851794453095
622,2024,Rodney Brown Jr.,California,78,Fr,2392.0,10.520200000000004,-1.4589764959324505,9.171305130795972,7.712328634863523
623,2024,Prince Aligbe,Boston College,79,So,1963.0,7.059899999999999,5.085411086137942,2.6231394450349153,7.7085505311728575
624,2024,Nikolaos Chitikoudis,North Carolina A&T,78,Fr,9911.0,-2.9102000000000032,2.110474442317929,5.57794854490297,7.688422987220899
625,2024,Alijah Martin,Florida Atlantic,74,Jr,3043.0,5.700199999999995,-3.5805025655859737,11.25454049268966,7.6740379271036865
626,2024,Chas Kelley III,Boston College,75,So,1339.0,7.739199999999997,6.207888746653671,1.4504700983370076,7.658358844990678
627,2024,Jeremy Roach,Duke,74,Sr,3267.0,9.8626,2.0821392023690897,5.575489663489274,7.6576288658583636
628,2024,Ian Schieffelin,Clemson,80,Jr,2337.0,12.183599999999998,4.91608255728912,2.7398044359968337,7.655886993285954
629,2024,Nikita Konstantynovskyi,Monmouth,82,Jr,4890.0,-3.0756999999999977,2.752408605540727,4.898151117139476,7.650559722680203
630,2024,Da'Sean Nelson,DePaul,80,Sr,14136.0,10.965699999999998,3.413748137099841,4.234683277713308,7.648431414813149
631,2024,Davion Everett,South Carolina State,78,Jr,3462.0,-5.440600000000003,0.0266789104496045,7.610977666426452,7.637656576876056
632,2024,Alec Pfriem,Bellarmine,77,Sr,2536.0,2.090999999999994,7.948560395935903,-0.3318628066490441,7.61669758928686
633,2024,Julian Reese,Maryland,81,Jr,6012.0,8.816400000000002,3.396938041134473,4.169980800913788,7.566918842048262
634,2024,Jalen Gaffney,Florida Atlantic,75,Sr,2452.0,6.020799999999994,4.699844398311698,2.859194533566414,7.559038931878112
635,2024,Milan Momcilovic,Iowa State,80,Fr,3210.0,8.961199999999991,6.458634821076711,1.0987926654613127,7.557427486538023
636,2024,Chase Paar,Towson,82,Sr,1027.0,-1.6661,7.289380876507737,0.2656550876978178,7.555035964205555
637,2024,Nick Jourdain,Memphis,80,Jr,17859.0,4.860900000000001,3.998212933982588,3.540477975252444,7.538690909235033
638,2024,Josiah Allick,Nebraska,80,Sr,2232.0,7.227100000000007,-1.1676718657248424,8.683500095050263,7.515828229325421
639,2024,Antonio Reeves,Kentucky,78,Sr,8499.0,8.196700000000007,0.3666160311082431,7.128906140697571,7.495522171805813
640,2024,Parker Friedrichsen,Wake Forest,75,Fr,8689.0,7.880400000000009,4.115557874491939,3.3787197118076024,7.494277586299542
641,2024,Brandyn Talbot,UT Arlington,76,Jr,3603.0,-0.1839999999999975,7.539299182935845,-0.0478664813825464,7.491432701553299
642,2024,Reginald Duhart Jr.,Charleston Southern,81,Sr,5824.0,0.382000000000005,3.646440784779813,3.843302688528961,7.489743473308773
643,2024,Daniel Batcho,Louisiana Tech,83,Jr,5305.0,-0.491500000000002,2.956117513544079,4.491620887149627,7.447738400693706
644,2024,Russel Tchewa,Georgia,84,Sr,2721.0,9.950300000000013,-0.3539720414375757,7.792751730333689,7.438779688896113
645,2024,Casey Jones,Eastern Washington,78,Jr,5656.0,-2.2226,8.025472299286694,-0.6017171211368175,7.423755178149876
646,2024,Caden Pierce,Princeton,78,So,2026.0,-0.3714999999999975,9.918628315527554,-2.4957167978093326,7.422911517718221
647,2024,Adam Cisse,Maine,82,Sr,2900.0,-3.971100000000007,3.9145133349478343,3.507823045874333,7.422336380822167
648,2024,Noah Fernandes,Rutgers,71,Sr,3960.0,7.818899999999999,3.899396243343408,3.5222108517926793,7.421607095136087
649,2024,Elijah Hawkins,Minnesota,71,Jr,4259.0,7.3553,0.8686001587749375,6.5306593151975845,7.399259473972522
650,2024,Rodney Howard,Western Kentucky,83,Sr,2324.0,-1.9696,8.065124911744443,-0.6674904450931916,7.397634466651251
651,2024,Dexter Akanno,Oregon State,77,Sr,4956.0,8.972999999999999,2.834663394245101,4.5260127809448845,7.360676175189985
652,2024,Tyler Kolek,Marquette,75,Sr,3198.0,11.625199999999992,7.262260242038273,0.0914892587785018,7.353749500816775
653,2024,Bent Leuchten,UC Irvine,84,Jr,1286.0,-1.158299999999997,-0.323009692564041,7.667660908967896,7.344651216403856
654,2024,Lazar Stefanovic,UCLA,79,Jr,6327.0,7.73490000000001,0.7968453710295011,6.5440327635770785,7.34087813460658
655,2024,Donavan Yap,Fresno State,77,Sr,3361.0,0.4028999999999882,4.38641006646125,2.9278575283211734,7.314267594782423
656,2024,Javian Davis,UAB,81,Sr,2655.0,4.284299999999988,-0.4905311205240246,7.801242475103719,7.310711354579695
657,2024,Tyrone Marshall Jr.,Western Kentucky,79,Sr,2823.0,-1.8375000000000057,6.854013947039366,0.4360831354004251,7.290097082439791
658,2024,Shane Dezonie,Temple,77,So,3551.0,2.1573999999999955,-0.9427929582964042,8.23059416754562,7.287801209249216
659,2024,Connor Withers,Bryant,79,Sr,5622.0,-0.0973999999999932,2.3700804744651527,4.912706831122569,7.282787305587721
660,2024,AJ Cajuste,Stephen F. Austin,73,Sr,3750.0,-2.068400000000011,6.287657543099749,0.9888148171921922,7.27647236029194
661,2024,Myles Rice,Washington State,75,Fr,3386.0,7.696799999999996,3.081098298784293,4.178695669453473,7.259793968237767
662,2024,Trevin Knell,BYU,77,Sr,2474.0,7.926500000000004,3.6554835609527543,3.591946637016036,7.247430197968791
663,2024,Donovan Clay,Missouri State,80,Sr,6118.0,1.7483000000000004,4.962553879935491,2.268420431569358,7.230974311504849
664,2024,Donovan Atwell,UNC Greensboro,77,So,5929.0,-1.914900000000003,0.1973242363636653,7.027228869499398,7.224553105863063
665,2024,Kareem Thompson,Oral Roberts,77,Sr,7336.0,-1.4960999999999984,-4.007790379385222,11.227196396307331,7.219406016922111
666,2024,Khalif Battle,Arkansas,77,Sr,4896.0,8.921400000000006,3.640634201305417,3.5584345967102173,7.1990687980156345
667,2024,CJ Booker,UT Rio Grande Valley,69,Fr,4490.0,1.1045000000000016,-2.2970523286200653,9.492851487382415,7.19579915876235
668,2024,Shawn Jones Jr.,Mississippi State,77,So,4706.0,10.253500000000004,2.907455765930453,4.276181161945342,7.183636927875795
669,2024,Chris Rubayo,Lafayette,81,Jr,2104.0,-6.371600000000001,-1.421253205234186,8.579567846099279,7.158314640865092
670,2024,Julius Rollins,Kent State,79,So,1819.0,-4.137999999999991,1.573393695048965,5.541607187858468,7.115000882907434
671,2024,Brendan Wenzel,Wyoming,80,Sr,6819.0,5.842100000000002,5.6179091856636125,1.4827948196784435,7.100704005342056
672,2024,MJ Collins Jr.,Virginia Tech,76,So,2695.0,9.110799999999998,5.178308257705471,1.919831698860742,7.098139956566213
673,2024,Nick Blake,Pacific,78,Sr,5411.0,3.269999999999996,4.772965317340137,2.315957204257485,7.088922521597622
674,2024,Tyson Degenhart,Boise State,80,Jr,2959.0,9.3519,0.5815627109742718,6.480525351255357,7.062088062229629
675,2024,Jamie Kaiser Jr.,Maryland,78,Fr,3773.0,8.06649999999999,1.7352249887395534,5.322824208587487,7.0580491973270405
676,2024,Ayinde Hikim,UMass Lowell,71,Sr,7372.0,-5.007199999999997,7.829535085309168,-0.7816291318284754,7.047905953480692
677,2024,Anderson Mirambeaux,Miami (OH),80,Sr,2855.0,-4.681999999999988,5.6369190110898,1.410096956727859,7.047015967817659
678,2024,Bruce Thornton,Ohio State,74,So,3455.0,9.369500000000002,0.8017568706883083,6.242000383232481,7.0437572539207896
679,2024,Amari Stroud,Long Beach State,82,Sr,1533.0,0.7956999999999965,3.4410063008064755,3.5844414506227413,7.025447751429217
680,2024,Brenden Tucker,Georgia State,75,Sr,2741.0,-0.8432000000000102,4.509671748452801,2.5135803793320695,7.02325212778487
681,2024,Jacob Groves,Virginia,81,Sr,1889.0,8.512199999999993,2.930079911799351,4.0843774857647555,7.014457397564106
682,2024,Isaiah Hill,Fresno State,72,Sr,6598.0,3.856200000000001,3.24514222912823,3.7453247566887033,6.9904669858169335
683,2024,Myles Che,Chattanooga,74,Fr,3452.0,-3.8292999999999897,4.196261566378896,2.7913694022495106,6.987630968628406
684,2024,Ryan Conwell,Indiana State,75,So,3978.0,3.281800000000004,1.5872396029359743,5.398080004962157,6.9853196078981314
685,2024,Owen Dease,Texas A&M-Corpus Christi,80,So,2231.0,-5.195700000000002,-2.7651367494886525,9.74981974874584,6.984682999257188
686,2024,Jalen Reynolds,Southern,78,Sr,2326.0,-10.888099999999994,4.273312541784826,2.7030910379786945,6.97640357976352
687,2024,Dale Bonner,Ohio State,74,Sr,2134.0,7.741399999999999,4.3763591986213415,2.58070657640568,6.957065775027022
688,2024,Shykeim Phillips,UNC Wilmington,74,Sr,4944.0,-1.3926999999999907,3.900599745340619,3.0497067292869406,6.95030647462756
689,2024,Aundre Hyatt,Rutgers,77,Sr,5111.0,9.36739999999999,7.726037313216141,-0.7767420324529049,6.949295280763236
690,2024,Tyrese Hunter,Texas,72,Jr,3091.0,10.529899999999998,4.527377253896802,2.4214681499409636,6.948845403837765
691,2024,Jameer Nelson Jr.,TCU,74,Sr,2553.0,7.792500000000004,0.3901342189380714,6.552862828484146,6.942997047422217
692,2024,Jayden Hardaway,Memphis,77,Sr,7402.0,4.037099999999995,7.641757399176662,-0.7028184152115222,6.938938983965139
693,2024,Meechie Johnson,South Carolina,74,Jr,2616.0,8.304000000000002,2.722516641901711,4.212038665652826,6.934555307554537
694,2024,Tre Holloman,Michigan State,74,So,1985.0,11.590599999999997,9.76563237194787,-2.8694640732232575,6.8961682987246125
695,2024,AK Okereke,Cornell,79,So,1366.0,0.2730999999999994,4.22587089683824,2.664925512078103,6.8907964089163425
696,2024,Avery Anderson III,TCU,74,Sr,2341.0,7.558700000000002,0.5916361729773705,6.276859334113654,6.8684955070910245
697,2024,Jadon Jones,Long Beach State,77,Jr,3290.0,-0.6157000000000039,-4.98763189306097,11.85080899003025,6.86317709696928
698,2024,Brandon Weatherspoon,Florida Atlantic,76,Sr,2305.0,6.001800000000003,-2.882148178552031,9.737078356873678,6.854930178321647
699,2024,Chendall Weaver,Texas,75,So,1787.0,12.307699999999995,5.128398285710725,1.7227280244522776,6.851126310163003
700,2024,Tarris Reed Jr.,Michigan,82,So,5197.0,13.83229999999999,6.949649245621753,-0.0995597341110112,6.850089511510742
701,2024,Caleb Robinson,Gardner-Webb,76,Sr,4790.0,-0.1081999999999965,6.885698703447834,-0.0547844803706773,6.830914223077157
702,2024,J'Vonne Hadley,Colorado,78,Sr,3641.0,9.483900000000006,4.770386855467487,2.0245471273043423,6.79493398277183
703,2024,Taje' Kelly,Charleston Southern,79,Jr,5931.0,0.3678000000000025,4.526848898744748,2.2557960660625396,6.782644964807288
704,2024,Kuany Kuany,VCU,81,Sr,1242.0,4.866,0.713049257814643,6.050388490388707,6.7634377482033505
705,2024,Marchelus Avery,UCF,80,Sr,1397.0,6.981500000000011,-0.9687494867092976,7.723182608849331,6.754433122140033
706,2024,Noah Harris,Marist,73,Jr,2022.0,-8.296400000000006,9.651516950781444,-2.8975221995018283,6.753994751279615
707,2024,Chase Hunter,Clemson,75,Sr,2771.0,11.522000000000006,5.239360220416196,1.4982439792224902,6.737604199638686
708,2024,Kalu Anya,Brown,80,So,7176.0,0.1402999999999963,1.684233281775567,5.039087624647529,6.723320906423096
709,2024,Jamahri Harvey,Presbyterian,77,Jr,1583.0,-4.8553,5.152534378424872,1.56365293751806,6.716187315942932
710,2024,Tristan da Silva,Colorado,81,Sr,3378.0,8.58059999999999,-0.3980317378013795,7.103755629543578,6.705723891742198
711,2024,Jaylin Williams,Auburn,80,Sr,2442.0,9.111099999999992,4.661417555404555,2.031332068340258,6.692749623744813
712,2024,Francis Nwaokorie,UC San Diego,79,Jr,3062.0,-3.003299999999996,0.2693008958877376,6.4080964078243685,6.677397303712106
713,2024,Grant Asman,Lipscomb,82,So,5780.0,-3.4377999999999957,4.719992420556337,1.95534385462692,6.675336275183257
714,2024,Ante Brzovic,Charleston,82,Jr,2394.0,-1.954499999999996,7.312539221776355,-0.6649947664339653,6.6475444553423895
715,2024,Des Watson,Loyola Chicago,77,Jr,4112.0,2.4629000000000048,1.7514804066481855,4.894342300867532,6.645822707515717
716,2024,Garfield Turner,Drexel,80,Jr,1996.0,-3.89200000000001,4.548420193668415,2.0821288432465237,6.630549036914939
717,2024,Daeshon Shepherd,La Salle,77,Jr,6479.0,0.3374000000000023,8.113458470275905,-1.518284310701336,6.595174159574569
718,2024,Joshua Hughes,Evansville,82,Fr,2122.0,1.8722999999999956,-1.6641701631008048,8.254584931548152,6.5904147684473475
719,2024,Sam Hoiberg,Nebraska,72,So,1947.0,7.766599999999997,-0.7220013235090326,7.292381528669773,6.570380205160741
720,2024,Christoph Tilly,Santa Clara,84,So,3742.0,-0.0910999999999973,4.955254352806474,1.606267620502289,6.561521973308762
721,2024,Aidan Shaw,Missouri,81,So,3062.0,8.189599999999999,8.034342501369954,-1.477416355890762,6.556926145479192
722,2024,Jemarl Baker Jr.,New Mexico,77,Sr,1734.0,6.3160000000000025,2.6338592717445164,3.9065762948083025,6.540435566552819
723,2024,Abdou Tsimbila,Fordham,81,Sr,3655.0,0.6188000000000073,0.6500372156275072,5.87110513215383,6.521142347781337
724,2024,Jalen Terry,DePaul,72,Sr,5580.0,15.754400000000004,0.5643326826418278,5.938340021128731,6.502672703770559
725,2024,Josh Earley,Southeast Missouri State,79,Sr,4030.0,-7.3466999999999985,4.164649561916499,2.335648439437451,6.50029800135395
726,2024,Tim Dalger,Saint Louis,79,Sr,6828.0,4.834299999999999,5.200942870245661,1.286569412515802,6.487512282761463
727,2024,Brendan Hausen,Villanova,76,So,1712.0,9.419000000000011,0.7301471854526942,5.748922775059791,6.479069960512485
728,2024,Barry Evans,St. Bonaventure,80,So,3506.0,2.0456999999999965,5.628371354253523,0.8451749124353175,6.473546266688841
729,2024,Dishon Jackson,Charlotte,83,Jr,4169.0,1.3863000000000056,-0.9040404026026344,7.376892165399824,6.472851762797189
730,2024,Collin Holloway,Tulane,78,Jr,5783.0,2.9631999999999863,-0.1305313031639638,6.5877146726719635,6.457183369508
731,2024,Jordan Wright,LSU,78,Sr,3118.0,8.357199999999992,-0.8171225094572119,7.259284644857355,6.442162135400143
732,2024,Isaiah Jones,Oakland,79,So,1977.0,-1.7556000000000012,0.5558827358302505,5.881018553935764,6.4369012897660145
733,2024,Qwanzi Samuels,IU Indianapolis,81,Sr,3542.0,-3.170100000000005,-0.1737913277796297,6.587206574687145,6.413415246907515
734,2024,Koby Brea,Dayton,79,Jr,2744.0,7.36699999999999,6.588657576411482,-0.1780150545641623,6.410642521847319
735,2024,Evan Mahaffey,Ohio State,78,So,2378.0,9.134100000000004,2.5039724097428717,3.8972512742101353,6.401223683953007
736,2024,Keion Brooks Jr.,Washington,79,Sr,7375.0,9.718500000000006,1.3601261936170923,5.033867817120516,6.393994010737608
737,2024,Anthony Holland,Washington,77,Sr,2589.0,7.071399999999997,-0.7228452622983261,7.109697722665335,6.38685246036701
738,2024,Jalen Jackson,Western Kentucky,74,So,671.0,-6.270400000000009,4.601751157884593,1.7719254695242848,6.373676627408877
739,2024,Max Abmas,Texas,72,Sr,3474.0,10.5214,0.0163467476591803,6.353728316080323,6.370075063739503
740,2024,Juslin Bodo Bodo,High Point,83,Fr,2873.0,-3.863599999999991,-1.2745833152922308,7.603788763843076,6.329205448550844
741,2024,Darius Brown II,Utah State,74,Sr,3670.0,6.532899999999998,-4.762881630206726,11.090250119584908,6.327368489378182
742,2024,Glenn Taylor Jr.,St. John's,78,Jr,3600.0,11.31710000000001,1.29720696162948,5.0301537649174115,6.327360726546892
743,2024,K.D. Johnson,Auburn,72,Sr,1821.0,9.040999999999997,4.301095924161461,2.0216525016792946,6.322748425840755
744,2024,Wade Taylor IV,Texas A&M,72,Jr,3430.0,12.03240000000001,3.414485887748485,2.901870131328238,6.316356019076723
745,2024,Will McClendon,UCLA,74,So,3903.0,7.268200000000007,4.158575154749544,2.1492312168755676,6.307806371625111
746,2024,Justin Harmon,Illinois,76,Sr,2199.0,11.250699999999997,6.678510652442506,-0.3756723424695609,6.3028383099729455
747,2024,Tre'Von Spillers,App State,79,Jr,3007.0,-1.7335000000000065,2.0277806582789135,4.2727506763618335,6.3005313346407466
748,2024,Antwan Burnett,Grambling,77,So,2153.0,-8.616799999999998,1.8842030338058888,4.412724181675827,6.296927215481716
749,2024,Keyshaun Langley,UNC Greensboro,73,Sr,5936.0,-0.8789999999999907,5.3146232675501155,0.9699567314274442,6.284579998977559
750,2024,Terrence Shannon Jr.,Illinois,78,Sr,3216.0,11.917000000000002,3.2049227463117815,3.077989459270088,6.282912205581869
751,2024,Michael Duax,Northern Iowa,78,So,2639.0,3.736699999999999,-3.585801472748149,9.860948863659358,6.275147390911209
752,2024,Darius Hannah,Bradley,81,Sr,2326.0,3.92779999999999,8.359353346660631,-2.1035907976604875,6.255762549000144
753,2024,Jackie Johnson III,UNLV,71,Jr,1357.0,6.328500000000005,6.7158890404870695,-0.4636995378511344,6.252189502635935
754,2024,Taeshaud Jackson,VMI,78,So,6249.0,-0.6269999999999953,1.0147264256501818,5.211072503296587,6.2257989289467695
755,2024,Jadrian Tracey,Oregon,77,Jr,2767.0,9.755399999999996,2.7243770414167456,3.5011949271409346,6.225571968557681
756,2024,Brooks Barnhizer,Northwestern,78,Jr,3443.0,10.051299999999998,6.73570939997664,-0.5108634045599523,6.224845995416688
757,2024,Chico Carter Jr.,DePaul,75,Sr,12211.0,9.9037,4.679044841545057,1.5145335645106126,6.19357840605567
758,2024,Dominique Daniels Jr.,California Baptist,70,So,9320.0,-3.939700000000002,5.069119602050992,1.1165798006499807,6.185699402700973
759,2024,Seydou Traore,Manhattan,79,Fr,5298.0,-3.6862999999999886,9.024298980269265,-2.83909807881755,6.185200901451713
760,2024,Damian Forrest,North Alabama,82,Sr,6256.0,-4.746000000000009,-0.4390244817196862,6.6206727704521295,6.181648288732443
761,2024,Hason Ward,Iowa State,81,Sr,1249.0,12.091699999999989,2.776867865881643,3.3983725856214204,6.175240451503063
762,2024,Gabe Cupps,Indiana,74,Fr,4466.0,10.674899999999994,3.894211586020955,2.2758560637132472,6.170067649734203
763,2024,Latrell Wrightsell,Alabama,75,Sr,1887.0,12.749200000000002,3.2374404401844203,2.929872623236151,6.167313063420572
764,2024,Jordan Pope,Oregon State,74,So,6522.0,8.151299999999992,6.819505731758918,-0.6619442966279223,6.1575614351309955
765,2024,Will Tschetter,Michigan,80,Jr,3443.0,13.016800000000003,4.607303316276404,1.5338009027973287,6.141104219073733
766,2024,Jimmy Clark III,Duquesne,75,Sr,3383.0,5.282499999999999,2.751932502732384,3.3815533781155724,6.133485880847957
767,2024,Brandon Johnson,East Carolina,80,Jr,6394.0,1.9218000000000048,-3.586619216254377,9.714394278748962,6.127775062494585
768,2024,Kolby King,Tulane,74,So,5414.0,2.1768,1.8006272971337685,4.319963415653037,6.1205907127868056
769,2024,Keller Boothby,Cornell,79,Sr,1268.0,0.1267999999999887,-0.8590891852135807,6.9684381001709985,6.109348914957418
770,2024,Andrew Meadow,Boise State,79,Fr,975.0,7.991100000000003,7.580286890493427,-1.483918293459105,6.0963685970343215
771,2024,Drew Pember,UNC Asheville,82,Sr,6003.0,-1.542500000000004,-0.8147077640518452,6.904652008369809,6.089944244317964
772,2024,Nick Caldwell,SE Louisiana,79,Sr,5466.0,-6.219400000000007,6.45641551347801,-0.3729364108834994,6.083479102594511
773,2024,Mark Mitchell,Duke,81,So,2685.0,10.3052,5.424057205941831,0.6265230540382296,6.050580259980061
774,2024,Justin Bufford,Middle Tennessee,78,Jr,6061.0,0.0618999999999942,4.918370478765972,1.1188778701757989,6.037248348941771
775,2024,Jimmy Bell Jr.,Mississippi State,82,Sr,2300.0,7.501100000000008,1.9755894207831084,3.9830235646340943,5.9586129854172025
776,2024,Camian Shell,North Carolina A&T,70,So,16662.0,-3.2513000000000005,4.182975534119714,1.7656414514067458,5.94861698552646
777,2024,Amanze Ngumezi,Mercer,81,Sr,2414.0,-2.727099999999993,-2.8794905670130886,8.821633649651249,5.94214308263816
778,2024,Jayden Pierre,Providence,74,So,2861.0,11.291200000000003,2.9185227662721873,2.998345343019047,5.916868109291235
779,2024,Woody Newton,George Mason,81,Sr,3033.0,1.1507000000000005,1.5784167473594153,4.337959747710812,5.916376495070227
780,2024,Akili Vining,UT Arlington,74,Sr,4571.0,1.7450000000000043,8.01643041522825,-2.100852662587968,5.9155777526402815
781,2024,Leo O'Boyle,Penn State,79,Sr,2162.0,6.910199999999989,4.583309824777037,1.3249280155066283,5.908237840283665
782,2024,Walter Clayton Jr.,Florida,75,Jr,3457.0,10.415899999999992,2.936518986441998,2.965228296154596,5.9017472825965935
783,2024,Jermaine Couisnard,Oregon,76,Sr,3479.0,9.665300000000002,-4.243612562332826,10.132719406139133,5.889106843806305
784,2024,Caden Powell,Wyoming,81,So,4097.0,5.4148,-2.636996377058757,8.525309382577392,5.8883130055186355
785,2024,Chris Payton Jr.,Kent State,79,Sr,3870.0,-2.0615999999999985,3.5901796066166902,2.2556655333186364,5.845845139935326
786,2024,Joseph Venzant,Liberty,75,Jr,4619.0,-0.8448999999999955,4.0425149438182775,1.8006003305395415,5.843115274357819
787,2024,Isaiah Wyatt,UTSA,76,Jr,3692.0,-2.1432000000000073,1.3681966952720417,4.460725445578082,5.828922140850123
788,2024,Stephen Olowoniyi,VMI,80,Fr,3614.0,-0.2133999999999929,2.898136750480816,2.930553271090211,5.828690021571028
789,2024,EJ Neal Jr.,Idaho,77,Jr,2854.0,-4.686000000000007,0.6787311294493383,5.142476628837632,5.82120775828697
790,2024,Victor Hart,Southern Miss,80,Sr,4029.0,-0.4144000000000005,2.966686198349257,2.8512901694498343,5.817976367799091
791,2024,Juwan Perdue,Jacksonville State,78,Sr,6004.0,-3.0087000000000046,5.914024421339524,-0.1020420646721982,5.811982356667325
792,2024,Kellen Thames,Saint Louis,78,So,10808.0,4.903999999999996,4.983108398516444,0.8229184170525927,5.806026815569037
793,2024,Malachi Ndur,Brown,80,Sr,3762.0,-0.8646999999999991,0.1778932518244711,5.626634347284933,5.804527599109404
794,2024,Mikkel Tyne,Richmond,70,Fr,1712.0,0.2553999999999945,3.499022748366157,2.30463154770524,5.803654296071397
795,2024,Dorian James,North Florida,79,Sr,5433.0,-4.474199999999996,1.2316459040490706,4.559910315761465,5.791556219810536
796,2024,Charlie Williams,William & Mary,82,So,2814.0,-6.575099999999992,11.757926991395571,-5.98309092617677,5.774836065218803
797,2024,Michael Rataj,Oregon State,80,So,4770.0,7.493499999999997,8.05181425370428,-2.2883925185472647,5.7634217351570145
798,2024,Kyler Vanderjagt,Belmont,76,So,2202.0,2.493799999999993,9.427999941423709,-3.675003089282552,5.7529968521411545
799,2024,BJ McLaurin,Queens University,80,Sr,5926.0,-2.0176000000000016,1.0665915844573677,4.679376892043335,5.745968476500702
800,2024,Prophet Johnson,Southern Utah,75,So,5890.0,0.781400000000005,5.575769428396517,0.1654650420872598,5.741234470483777
801,2024,Ethan Butler,Northern Illinois,79,So,2460.0,-2.8730000000000047,0.9072848024413318,4.828461483461338,5.73574628590267
802,2024,Brandon Murray,Ole Miss,77,Jr,2730.0,12.143200000000007,-0.7993904841261781,6.528633819421463,5.729243335295285
803,2024,Brandon Love,Texas State,82,Jr,5317.0,1.317300000000003,4.986948318035348,0.7325596591967358,5.719507977232084
804,2024,Collin Moore,Grand Canyon,76,Jr,2777.0,0.361699999999999,6.172870519651355,-0.4699282618926115,5.702942257758744
805,2024,Giovanni Santiago,Kent State,73,Sr,5554.0,-1.971499999999992,-5.082695462654124,10.777318095206269,5.694622632552143
806,2024,Quincy Guerrier,Illinois,80,Sr,2760.0,11.493899999999996,0.2214747377126356,5.45272388780098,5.674198625513616
807,2024,Dragos Lungu,San Diego,78,Fr,2926.0,-0.2830999999999903,3.2922430035745736,2.377806234451965,5.670049238026539
808,2024,Yacine Toumi,Evansville,82,Sr,2793.0,2.081800000000001,0.916620313526014,4.741197852750275,5.657818166276289
809,2024,Dylan Dawson,Texas State,75,Sr,5690.0,1.462600000000009,3.767132472595746,1.8855828893916875,5.6527153619874335
810,2024,Dominic Parolin,Lehigh,81,Sr,4524.0,-6.783100000000005,8.47821815142044,-2.826020251859454,5.652197899560987
811,2024,Joshua Wyche,Lafayette,79,Fr,1910.0,-7.1747999999999905,1.095750693944657,4.552437123789629,5.648187817734286
812,2024,Fidelis Okereke,Cal State Bakersfield,78,Jr,3414.0,-0.7523999999999944,-4.396632988230506,10.02943216040353,5.632799172173025
813,2024,Hunter Adam,Davidson,79,Fr,5883.0,4.724999999999994,8.385528578528696,-2.770904266200974,5.614624312327722
814,2024,Ileri Ayo-Faleye,Vermont,80,Jr,2205.0,-2.7199000000000098,-0.9938562969288072,6.600340339924765,5.606484042995958
815,2024,Tyrese Proctor,Duke,78,So,2775.0,10.118200000000002,2.985776699524233,2.617751087830069,5.603527787354302
816,2024,Drew Fielder,Georgetown,83,Fr,2759.0,7.194000000000003,-2.0917312487188813,7.694396232939691,5.60266498422081
817,2024,DeLonnie Hunt,Richmond,72,Sr,1994.0,3.630499999999998,5.94256197666133,-0.3401430719537239,5.602418904707606
818,2024,Enoch Cheeks,Dayton,75,Jr,2964.0,6.662300000000002,-0.1541437678371582,5.735004621322661,5.580860853485502
819,2024,Aniwaniwa Tait-Jones,UC San Diego,78,Jr,2969.0,-3.2373000000000047,7.559680027820146,-1.998540970034324,5.561139057785822
820,2024,Zeb Jackson,VCU,77,Sr,1703.0,5.572000000000003,0.0106318774033122,5.548660136914274,5.559292014317586
821,2024,Charles Lane Jr.,Prairie View A&M,77,Sr,4663.0,-8.268999999999991,-1.9367603677407577,7.490352878649121,5.553592510908364
822,2024,Javon Bennett,Dayton,71,So,2584.0,6.630600000000001,1.4567453202844738,4.096338253667625,5.553083573952099
823,2024,Henry Coleman III,Texas A&M,80,Sr,2231.0,9.825599999999994,4.469428998773221,1.083512186885225,5.5529411856584465
824,2024,Clifford Omoruyi,Rutgers,83,Sr,5347.0,9.477099999999991,-0.9770698438153458,6.523446833178252,5.546376989362906
825,2024,Naithan George,Georgia Tech,75,Fr,7004.0,12.4371,4.481131998166725,1.0648888881573164,5.546020886324041
826,2024,Marqueas Bell,Southeast Missouri State,75,Fr,1732.0,-6.1007999999999925,7.989015060633783,-2.443716809629644,5.545298251004139
827,2024,Jamarques Lawrence,Nebraska,75,So,2308.0,8.163700000000006,2.749885487791772,2.793164427439309,5.54304991523108
828,2024,Andre Lorentsson,Toledo,80,Jr,3146.0,-2.422799999999995,1.651655423793188,3.8599252331101415,5.511580656903329
829,2024,Teagan Moore,Western Kentucky,77,Fr,1178.0,-1.5908999999999909,11.045706126877167,-5.537412999958841,5.508293126918327
830,2024,Fousseyni Traore,BYU,78,Jr,1378.0,9.4178,1.7346328550219123,3.764258792952298,5.49889164797421
831,2024,Kevin Kalu,UTEP,81,Jr,3662.0,-0.695999999999998,-2.3178052940200997,7.809569828899733,5.491764534879633
832,2024,Baraka Okojie,George Mason,75,Fr,4047.0,2.461500000000001,0.222646072665832,5.266109865880149,5.488755938545981
833,2024,Xavier Bledson,Indiana State,78,Sr,2278.0,1.8867999999999936,2.97686478670613,2.506409327896484,5.483274114602613
834,2024,Marcus Fitzgerald Jr.,Tennessee State,74,Sr,4634.0,-6.091099999999997,2.152596995935454,3.3245512826642933,5.477148278599747
835,2024,Issac McBride,Oral Roberts,72,Sr,7444.0,-1.6535999999999973,3.110980788334619,2.361438330480088,5.472419118814708
836,2024,Felix Kloman,Brown,77,Sr,3192.0,-1.210099999999997,10.6493430317742,-5.18066579345791,5.468677238316289
837,2024,AC Bryant,Alabama A&M,75,So,832.0,-3.5890999999999877,-1.4684849141512482,6.916030744733112,5.447545830581864
838,2024,Josh Rivera,Fordham,79,So,2843.0,1.484400000000008,4.401473497640709,1.041522172917123,5.442995670557832
839,2024,William Kyle III,South Dakota State,81,So,2666.0,-2.9676000000000045,0.6629068760377037,4.7722842317683165,5.43519110780602
840,2024,TJ Caldwell,Ole Miss,76,So,3548.0,6.212000000000003,8.379761716167652,-2.94588130710654,5.4338804090611115
841,2024,Marquise Kennedy,UIC,73,Sr,2645.0,4.15440000000001,0.4434060953456316,4.986738421069294,5.430144516414925
842,2024,Tyrell Ward,LSU,78,So,1963.0,9.358400000000003,1.8290643539482117,3.5997755395002597,5.428839893448472
843,2024,Ernest Minton,Mississippi Valley State,77,Sr,2104.0,-1.3474999999999966,0.8514485124650211,4.57546035853329,5.426908870998311
844,2024,Keyshawn Hall,George Mason,79,So,4634.0,1.4523999999999972,-1.823088455096074,7.229263168318469,5.406174713222395
845,2024,VonCameron Davis,Kent State,77,Sr,5005.0,-2.390100000000004,7.315193836242397,-1.937912260058878,5.377281576183519
846,2024,Wyatt Fricks,Marshall,81,Jr,3370.0,-1.552899999999994,1.4317632417926611,3.941806921070137,5.373570162862798
847,2024,Cole Henry,Northern Iowa,81,Jr,2122.0,3.643500000000003,1.7079818028428086,3.662546946051842,5.3705287488946505
848,2024,Bryce Washington,Hofstra,76,Sr,3851.0,-0.3734000000000037,-0.9065804992323347,6.275768204415758,5.369187705183424
849,2024,Mawot Mag,Rutgers,79,Sr,2898.0,11.990700000000004,3.5548741359325335,1.799943129721317,5.354817265653851
850,2024,Sebastian Mack,UCLA,75,Fr,4881.0,8.087800000000001,6.450531859836211,-1.096501383901261,5.35403047593495
851,2024,Jermaine Hamlin,Eastern Illinois,82,Sr,2603.0,-4.23599999999999,-2.7596479804697553,8.110921347598198,5.351273367128443
852,2024,Javon Small,Oklahoma State,74,So,10548.0,9.135999999999996,1.999685393319819,3.350961644620052,5.350647037939871
853,2024,Quincy Olivari,Xavier,75,Jr,3309.0,12.3095,12.952112793489222,-7.626771407663886,5.325341385825336
854,2024,Dante Wilcox,Florida International,78,Sr,2247.0,-0.8571000000000026,1.859845759344841,3.4510263592270043,5.3108721185718455
855,2024,Jayson Petty,Kansas City,76,Fr,3228.0,-4.9343000000000075,-5.3099894209452785,10.606680008447675,5.296690587502397
856,2024,Michael Jones,Stanford,76,Sr,6347.0,7.045900000000003,0.9008910025814734,4.394617221587908,5.295508224169382
857,2024,B.J. Edwards,SMU,75,So,1742.0,2.338300000000004,2.5486324156682643,2.72902927742933,5.277661693097594
858,2024,Theo Hughes,Northern Colorado,84,Sr,1026.0,-3.2972000000000037,1.5523603471554577,3.7204665720094177,5.272826919164875
859,2024,Ajay Mitchell,UC Santa Barbara,76,Jr,2710.0,-2.9565999999999946,-1.2089398349186742,6.481120370437544,5.272180535518871
860,2024,Spencer Jones,Stanford,79,Sr,4567.0,7.622100000000003,-1.6754379648704614,6.938974518681578,5.263536553811116
861,2024,Basheer Jihad,Ball State,81,Jr,6208.0,-6.3125,0.5877868450388446,4.669174679982008,5.256961525020853
862,2024,Seth Wilson,West Virginia,74,Jr,2853.0,8.601100000000002,3.9864247072516785,1.268675249434378,5.255099956686056
863,2024,Jahmai Mashack,Tennessee,76,Jr,1842.0,12.992000000000004,0.6215581088115751,4.627548557154945,5.24910666596652
864,2024,Langston Reynolds,Northern Colorado,76,So,1652.0,-4.689600000000013,1.1557060624613609,4.074721614747378,5.230427677208739
865,2024,Patrick Cartier,Colorado State,80,Sr,2124.0,8.192999999999998,2.4303533913459936,2.790125803477036,5.22047919482303
866,2024,Ishmael Leggett,Pittsburgh,75,Jr,13203.0,7.691400000000002,0.1805523436647629,5.036296207211654,5.216848550876417
867,2024,Jefferson De La Cruz Monegro,Western Michigan,75,So,6055.0,-3.586500000000001,5.828511687566007,-0.6363073017928706,5.192204385773136
868,2024,Chucky Hepburn,Wisconsin,74,Jr,3236.0,13.80279999999999,1.781445427938407,3.4043747193474903,5.185820147285897
869,2024,Lincoln Ball,American University,78,Sr,5196.0,-9.7277,-0.2036082112216681,5.386355397539607,5.182747186317938
870,2024,Donovan Williams,Pacific,77,Sr,10315.0,-1.3216999999999928,7.16465745406718,-1.9828196625423915,5.181837791524789
871,2024,Tyon Grant-Foster,Grand Canyon,79,Sr,3297.0,0.972999999999999,1.6450064014221832,3.5289685266884394,5.173974928110622
872,2024,Wayne Bristol Jr.,Georgetown,78,Sr,3847.0,8.467700000000008,2.623611418381896,2.5386781908574276,5.162289609239323
873,2024,Zarique Nutter,Northern Illinois,79,Jr,4766.0,0.3769000000000062,-2.1157876334837287,7.251848695732307,5.1360610622485785
874,2024,Josh Odunowo,Columbia,78,Sr,3133.0,-3.469300000000004,-0.4781919048614031,5.602243846675618,5.124051941814215
875,2024,Will Richard,Florida,76,Jr,3296.0,9.726299999999997,2.1914388200777983,2.929237723623223,5.1206765437010215
876,2024,Deyton Albury,Queens University,74,Jr,6514.0,-1.4809000000000054,-0.3215993639638794,5.40387295842586,5.082273594461981
877,2024,Caleb Foster,Duke,77,Fr,2086.0,7.251099999999994,2.1026555961293925,2.9756557006157207,5.078311296745113
878,2024,Reece Potter,Miami (OH),85,Fr,2088.0,-4.233899999999991,4.730501041620655,0.3384944312612576,5.068995472881912
879,2024,Jarred Hyder,Cal Poly,75,Sr,5142.0,-1.8262,2.41363707137035,2.647645058002586,5.061282129372936
880,2024,Kenny Noland,Columbia,76,So,3068.0,-2.688699999999997,1.1445209558073048,3.912049961525296,5.056570917332602
881,2024,Bash Wieland,Bellarmine,78,Sr,4147.0,-2.4261999999999944,4.155899536009222,0.8528724335739843,5.008771969583206
882,2024,Ra'Heim Moss,Toledo,76,Jr,6499.0,-1.9174000000000009,-0.8926240218272004,5.896185454289012,5.003561432461812
883,2024,Fletcher Abee,UNC Asheville,76,Sr,5855.0,-2.179600000000008,-4.879653973648482,9.878240194322183,4.998586220673703
884,2024,Evan Taylor,Vanderbilt,78,Sr,4525.0,8.027500000000003,-1.952178183638332,6.94510595040237,4.992927766764038
885,2024,AD Diedhiou,UL Monroe,83,Jr,3324.0,-0.8762000000000114,-7.120626923425356,12.112843345752028,4.992216422326671
886,2024,Obinna Anochili-Killen,Marshall,80,Sr,5973.0,-0.5968999999999909,8.517491358105021,-3.5319897477244333,4.985501610380588
887,2024,Will Baker,LSU,84,Sr,2381.0,8.229799999999997,1.1901212909224268,3.784304932634937,4.974426223557364
888,2024,Anthony Walker,Indiana,80,Sr,2924.0,10.365000000000007,2.416508899817389,2.5458229519557714,4.96233185177316
889,2024,Dani Pounds,Old Dominion,79,Fr,3290.0,-1.1319000000000017,-2.126310549503403,7.071641018845687,4.945330469342284
890,2024,Jacob Holt,Sacramento State,82,Jr,3241.0,-3.2010999999999967,-0.374894228686264,5.318210681531098,4.943316452844834
891,2024,Bonke Maring,Houston Christian,82,Sr,5392.0,-3.2605000000000075,3.244336994785594,1.6960835588313414,4.940420553616935
892,2024,Posh Alexander,Butler,72,Sr,2987.0,10.179000000000002,4.547358779737446,0.3900995635364594,4.937458343273906
893,2024,Jacari White,North Dakota State,75,Jr,5753.0,-3.1807000000000016,-0.9875813502193344,5.922315620084985,4.9347342698656504
894,2024,Leslie Nkereuwem,Georgia State,79,Sr,4953.0,-1.7834000000000003,0.2888108419935045,4.641916229062709,4.930727071056214
895,2024,Victor Iwuakor,Southern Miss,79,Sr,5156.0,-1.9000000000000057,-3.3964393578866834,8.321424922259983,4.9249855643733
896,2024,Ismael Massoud,Georgetown,81,Jr,3508.0,10.909999999999997,-0.3670316285366128,5.278652572692505,4.911620944155892
897,2024,Earl Timberlake,Bryant,78,Sr,6890.0,-1.5604000000000011,0.5410278949343271,4.339679612943227,4.880707507877554
898,2024,Nate Lliteras,North Florida,78,Jr,5056.0,-4.180999999999997,3.7974576169948806,1.069848729804486,4.867306346799366
899,2024,Tyler Robertson,Portland,78,Sr,7360.0,1.231800000000007,0.6714263718570302,4.17273330637801,4.84415967823504
900,2024,Le'Tre Darthard,Oklahoma,76,Sr,4432.0,7.16749999999999,2.1656804450698335,2.6739322215205448,4.839612666590378
901,2024,Cam Martin,Boise State,81,Sr,1553.0,8.062399999999997,1.7481727869014445,3.072138325926579,4.820311112828023
902,2024,Alex Merkviladze,Loyola Marymount,80,Sr,5585.0,-0.2242999999999995,7.46397664011392,-2.6620626465846717,4.801913993529248
903,2024,Joshua O'Garro,Texas State,78,Jr,3046.0,2.676700000000011,2.5670649257737113,2.224045496618296,4.791110422392007
904,2024,Nolan Hodge,UNC Wilmington,79,So,2656.0,-1.7528000000000077,10.033359657387455,-5.2707845986574196,4.762575058730036
905,2024,Mady Sissoko,Michigan State,81,Sr,1536.0,11.507000000000003,-0.3941275494753036,5.155959626182831,4.7618320767075275
906,2024,Anwar Gill,La Salle,76,Sr,4660.0,-1.9388000000000003,0.7484092940355569,3.996056623349805,4.744465917385362
907,2024,JT Toppin,New Mexico,81,Fr,2784.0,6.982500000000002,3.732254644381454,0.9955307364431129,4.727785380824567
908,2024,John Newman III,Cincinnati,77,Sr,3186.0,9.394599999999995,6.1094851823451535,-1.3865733843328032,4.72291179801235
909,2024,Kameron Hobbs,Morgan State,70,Sr,12576.0,-5.675899999999999,4.6662703014486535,0.0351784631093581,4.701448764558012
910,2024,Brody Rowbury,SE Louisiana,83,So,4785.0,-3.8789000000000016,0.462089150083774,4.239355996243578,4.701445146327352
911,2024,Elijah Saunders,San Diego State,80,So,2026.0,10.558400000000006,0.619273584483977,4.060850333935923,4.6801239184199
912,2024,Will McNair Jr.,Kansas State,83,Sr,5375.0,12.335899999999995,1.409216976857195,3.2256747346964674,4.634891711553662
913,2024,Josh Morgan,Incarnate Word,75,Sr,9309.0,-6.897800000000004,-4.382255577606249,9.014129667690831,4.631874090084584
914,2024,Rahmir Barno,Florida Gulf Coast,72,Fr,3934.0,-0.648699999999991,1.0075683139632456,3.611090164639167,4.618658478602413
915,2024,Akrum Ahemed,UNC Greensboro,75,Sr,2246.0,-1.252200000000002,-2.279650556764909,6.894959719598219,4.61530916283331
916,2024,Jason Nelson,VCU,70,Fr,1070.0,3.023600000000002,2.1362424140472553,2.4657860848228355,4.602028498870091
917,2024,Dennis Parker Jr.,NC State,78,Fr,2849.0,3.835300000000004,5.435325336269047,-0.8356820089194987,4.599643327349549
918,2024,Nazir Williams,Cornell,75,Jr,1994.0,-0.4201999999999941,4.435699525794498,0.158970931578436,4.594670457372934
919,2024,Trey Green,Xavier,72,Fr,1412.0,13.029599999999988,5.434435413383149,-0.8561458043030763,4.578289609080072
920,2024,Blue Cain,Georgia,77,Fr,2355.0,10.242900000000006,4.882374079213085,-0.3251661679092583,4.557207911303827
921,2024,Izaiyah Nelson,Arkansas State,82,So,2417.0,0.2458999999999918,-0.7608364851974025,5.294387360991363,4.533550875793961
922,2024,DJ Dudley,Rider,76,Fr,1546.0,-0.5147999999999939,9.329795944597656,-4.80662902865355,4.523166915944106
923,2024,Jabri Abdur-Rahim,Georgia,80,Sr,2416.0,8.663200000000003,1.3444780160286636,3.171327932436226,4.515805948464889
924,2024,Greg Gordon,Iona,77,Jr,4024.0,-4.114099999999993,7.943696426317336,-3.4286015103951333,4.515094915922203
925,2024,Graham Ike,Gonzaga,81,Jr,2552.0,5.423599999999993,2.322577350874483,2.1916959210496096,4.514273271924093
926,2024,Ja'Kobi Gillespie,Belmont,73,So,5033.0,0.7530000000000001,6.352021756290791,-1.83960303296403,4.5124187233267605
927,2024,Raekwon Horton,James Madison,78,Jr,2209.0,-3.1818000000000097,9.209842350925728,-4.6977409618204415,4.512101389105286
928,2024,Gabe Wiznitzer,Ohio,83,Sr,2560.0,-5.83720000000001,-0.1545554571472802,4.656737834054216,4.502182376906935
929,2024,Jordan Johnson,New Orleans,73,Sr,6756.0,-4.733400000000003,1.9461396761330163,2.552891074702189,4.499030750835205
930,2024,Ja'Heim Hudson,SMU,79,Jr,1250.0,3.5411,1.3668647368986238,3.1259612548047606,4.492825991703384
931,2024,Jared Garcia,Tulsa,81,Jr,3280.0,-1.5996000000000097,-1.7826496848921032,6.262297471142936,4.479647786250833
932,2024,CJ Gunn,Indiana,79,So,2353.0,12.302599999999998,-0.838983555471204,5.307405589811111,4.468422034339907
933,2024,James Henderson Jr.,Bethune-Cookman,81,So,1190.0,-6.965899999999991,0.4480736510698415,4.018592453874657,4.4666661049444984
934,2024,Jayce Willingham,Belmont,77,Sr,5609.0,2.3575000000000017,-0.1850303284324186,4.64382029336044,4.458789964928021
935,2024,Cam Spencer,UConn,76,Sr,4589.0,10.169599999999988,2.5195206696512185,1.920258953829721,4.4397796234809395
936,2024,Alvaro Cardenas,San José State,73,Jr,6372.0,3.8663999999999983,-3.2879520127358592,7.709598401321447,4.421646388585588
937,2024,Mason Walters,Wyoming,81,Sr,4244.0,8.021500000000003,-1.1843657004479995,5.596628233613844,4.412262533165844
938,2024,Tomiwa Sulaiman,Towson,78,Jr,1712.0,-1.774499999999989,-4.466665054516708,8.873302579360459,4.406637524843751
939,2024,Josh Ojianwuna,Baylor,82,So,1453.0,11.03840000000001,2.2603497710584946,2.14427581244455,4.404625583503044
940,2024,Jalen Cone,California,71,Sr,6302.0,8.188900000000004,-0.5495410600350796,4.9415066275824495,4.39196556754737
941,2024,Zek Montgomery,Rhode Island,78,Jr,4947.0,3.1969999999999885,2.005882357726918,2.381828590845127,4.387710948572045
942,2024,Jeremiah Davenport,Arkansas,78,Sr,3098.0,10.22420000000001,0.4870546179858088,3.898674900497857,4.385729518483666
943,2024,Wayne McKinney III,San Diego,72,Jr,5233.0,-2.061000000000007,5.123309575566281,-0.7678962602215419,4.355413315344739
944,2024,Chauncey Wiggins,Clemson,82,So,1565.0,10.914200000000008,1.1148289074966038,3.2403355175225568,4.355164425019161
945,2024,Justin Winston,Coppin State,80,Sr,4511.0,-4.617200000000011,3.398473382662841,0.9543974179937704,4.3528708006566115
946,2024,Kaosi Ezeagu,New Mexico State,82,Sr,5161.0,1.615000000000009,6.644620923069211,-2.3090093005507883,4.335611622518423
947,2024,Sai Witt,Austin Peay,80,Sr,1824.0,-5.894099999999995,-1.3172767232153917,5.649204720095974,4.331927996880582
948,2024,Christian Shumate,McNeese,78,Jr,2465.0,-5.557400000000001,3.325892211084514,0.9980922669437264,4.32398447802824
949,2024,Noble Crawford,Chicago State,77,Jr,2261.0,-1.8917,1.0284967607380155,3.2874293612660104,4.315926122004026
950,2024,Jaylen Wysinger,Texas Southern,72,Jr,952.0,-5.2017999999999915,5.209045330802002,-0.9058132709733072,4.303232059828695
951,2024,Trey Anderson,San José State,79,Sr,5331.0,5.788799999999995,-2.073492234545198,6.371956352037005,4.2984641174918075
952,2024,Jizzle James,Cincinnati,75,Fr,2041.0,9.560100000000006,1.7896759471850792,2.502507547545597,4.292183494730676
953,2024,Donald Hand Jr.,Boston College,77,Fr,1409.0,6.549300000000002,6.72636462167041,-2.4396673070307298,4.28669731463968
954,2024,Rob Perry,Murray State,76,Sr,5910.0,2.558899999999994,0.8862893934687347,3.3930772508461886,4.279366644314924
955,2024,Leo Colimerio,Fresno State,79,Sr,5046.0,4.876000000000005,-2.5296835688489674,6.805104262197607,4.275420693348639
956,2024,KJ Cunningham,Weber State,74,Sr,3985.0,-2.4910999999999888,8.405398376584827,-4.130472686421205,4.274925690163622
957,2024,Nate Barnhart,South Dakota State,84,So,1406.0,-0.7990999999999957,-1.761445817310512,6.033028496456747,4.271582679146235
958,2024,Nika Metskhvarishvili,UL Monroe,80,Sr,5218.0,-1.7165999999999997,7.612745206360172,-3.3446010466941427,4.268144159666029
959,2024,Caleb Love,Arizona,76,Sr,3872.0,11.17110000000001,2.110794547123069,2.140664189049557,4.2514587361726255
960,2024,Ronnie DeGray III,Wichita State,78,Jr,3129.0,4.816200000000009,7.431997886153877,-3.181563936346052,4.250433949807825
961,2024,Selton Miguel,South Florida,76,Jr,2817.0,0.738900000000001,4.174137087810475,0.0622635248260973,4.236400612636572
962,2024,Jaelen House,New Mexico,72,Sr,2591.0,7.775100000000009,-0.6034345546190849,4.807823160230085,4.204388605611
963,2024,LeJuan Watts,Eastern Washington,78,Fr,4142.0,-2.1975999999999942,0.1928997878116516,3.9818639406171616,4.174763728428813
964,2024,Ta'Lon Cooper,South Carolina,76,Sr,3149.0,7.310299999999998,-1.6390714552152907,5.812511070411956,4.173439615196665
965,2024,Brandon Angel,Stanford,80,Sr,6001.0,8.0,11.286546323191889,-7.118049820008183,4.168496503183706
966,2024,Eren Banks,Georgia Southern,76,Fr,5187.0,-1.393900000000002,5.420265587512236,-1.262640594644089,4.157624992868147
967,2024,Robbie Avila,Indiana State,82,So,3484.0,2.552199999999999,-0.5549905046281836,4.701823180211319,4.146832675583135
968,2024,Kyle Pock,Northern Iowa,78,Fr,2317.0,1.9335999999999984,-1.79626710589978,5.940179431353471,4.143912325453691
969,2024,Mason Falslev,Utah State,75,Fr,2804.0,6.316699999999997,12.006996007537138,-7.885114529796725,4.121881477740413
970,2024,Mak Manciel,Detroit Mercy,75,Jr,3704.0,-3.3101999999999947,7.145688997724985,-3.0329685787910017,4.112720418933984
971,2024,Jalen Bridges,Baylor,81,Sr,3159.0,13.266100000000009,-5.0329738157191635,9.143407306649616,4.110433490930452
972,2024,Jaeden Zackery,Boston College,74,Jr,3558.0,8.412599999999998,0.8834240185129079,3.227000716771302,4.1104247352842105
973,2024,Jonathan Mogbo,San Francisco,80,Jr,2882.0,0.4043999999999954,0.3779797151809185,3.7244638011822646,4.102443516363183
974,2024,Brock Wisne,Northern Colorado,81,So,2621.0,-5.295400000000001,-0.8584005509413264,4.954538069121126,4.0961375181798
975,2024,Jo'el Emanuel,Fairleigh Dickinson,78,So,6720.0,-9.7838,3.357185224922051,0.7301650672063653,4.087350292128416
976,2024,Quion Williams,Oklahoma State,77,So,13735.0,7.686999999999998,2.84383536606546,1.240112506984419,4.083947873049879
977,2024,Joe Toussaint,Texas Tech,72,Sr,3235.0,10.1443,-0.0526729829992351,4.121011612148543,4.0683386291493076
978,2024,Freddy Hicks,Arkansas State,78,Jr,2058.0,2.3885000000000076,6.544632453156496,-2.495526297075542,4.0491061560809545
979,2024,Jamon Battle,UNC Asheville,77,Sr,3164.0,-0.4442999999999983,5.677279177858258,-1.6414974115544825,4.035781766303776
980,2024,Markus Harding,Central Michigan,82,Jr,3577.0,-5.6277999999999935,-1.2115959566421712,5.2452426471534705,4.033646690511299
981,2024,Robert McCray V,Jacksonville,76,So,5896.0,-3.9213000000000022,8.987871216912685,-4.969762713693619,4.018108503219066
982,2024,Brian Myles,Prairie View A&M,80,Jr,6218.0,-8.489000000000004,-0.1379346320393906,4.1435780131251345,4.0056433810857435
983,2024,Brandon Mitchell-Day,Dartmouth,80,So,3004.0,2.9305999999999983,6.109251093504481,-2.1095952287599165,3.9996558647445646
984,2024,Babacar Diallo,Kansas City,78,Sr,2722.0,-5.308599999999998,5.045469910882961,-1.0716304617632333,3.973839449119727
985,2024,Braden Housley,Southern Utah,76,So,8820.0,-0.0002000000000066,2.9510791749706273,1.0068826986380843,3.957961873608712
986,2024,Tre Coleman,Nevada,79,Sr,2840.0,5.549700000000001,3.3502028238835706,0.603125686179065,3.953328510062635
987,2024,Kevin Overton,Drake,77,Fr,3010.0,2.716399999999993,1.5876605907444672,2.363860907780068,3.951521498524535
988,2024,Ben Shtolzberg,UC Santa Barbara,76,So,948.0,-3.608099999999993,-3.9743857664779374,7.919330855302663,3.9449450888247255
989,2024,Akol Mawein,Sacramento State,81,Sr,3855.0,-3.0620999999999867,0.1176490434830097,3.8255941004347527,3.9432431439177624
990,2024,Kian Scroggins,Sam Houston,79,Jr,3599.0,-0.0115000000000122,-2.5818241071761436,6.5177954910272895,3.935971383851146
991,2024,Matthew Stone,North Texas,76,Jr,1114.0,2.0216000000000065,0.4556916367389582,3.474614908164699,3.930306544903657
992,2024,Makaih Williams,UT Arlington,73,Fr,5413.0,1.6325000000000074,6.991832443086251,-3.0734942605237343,3.918338182562517
993,2024,Andre Curbelo,Southern Miss,73,Jr,2099.0,-0.6182999999999907,7.665078622934125,-3.764727801918212,3.900350821015913
994,2024,Madison Durr,The Citadel,77,So,6684.0,-1.516999999999996,0.4345596269189316,3.4592877185976967,3.893847345516628
995,2024,Markus Burton,Notre Dame,72,Fr,6601.0,9.3493,5.03738513631431,-1.146052478797993,3.891332657516316
996,2024,Nik Graves,Charlotte,75,So,4538.0,2.564700000000002,2.279095124189555,1.6081760536954874,3.8872711778850424
997,2024,Jared Coleman-Jones,Middle Tennessee,82,Jr,5821.0,-0.2031000000000062,-0.8981380253872593,4.782755989689142,3.884617964301883
998,2024,Andrej Jakimovski,Washington State,80,Sr,3417.0,7.887200000000007,1.5854889877848368,2.2485754239970133,3.83406441178185
999,2024,Jack Forrest,Bucknell,77,Sr,4887.0,-6.334199999999996,1.505626351159524,2.320023221310108,3.825649572469632
1000,2024,Anthony Finkley,Saint Joseph's,78,Fr,1037.0,-0.0701000000000107,1.743825147915759,2.047809011244038,3.791634159159797
1001,2024,Milos Ilic,Loyola Maryland,82,Jr,4584.0,-6.8463999999999885,2.184374328653935,1.588824476981774,3.773198805635709
1002,2024,Ace Baldwin Jr.,Penn State,72,Sr,7305.0,9.122699999999996,2.0135392443010027,1.7491467360166184,3.762685980317621
1003,2024,Blake Hinson,Pittsburgh,79,Sr,13714.0,8.545599999999993,1.4305968724483225,2.325250445256114,3.755847317704436
1004,2024,Rubin Jones,North Texas,77,Sr,1737.0,4.190899999999999,4.151701816866291,-0.4098756354484001,3.741826181417891
1005,2024,Kobe Langley,UNC Greensboro,73,Sr,5897.0,-1.5888000000000062,8.043536690963522,-4.350312184795722,3.693224506167801
1006,2024,Rahsool Diggins,Massachusetts,74,Jr,5621.0,0.5769999999999982,2.7855731079445447,0.900895814129574,3.6864689220741185
1007,2024,DQ Cole,Oakland,75,Jr,2397.0,-0.9269000000000034,-3.853266639704208,7.522016524955547,3.6687498852513394
1008,2024,Kevon Voyles,Marshall,75,Sr,6377.0,-0.4988000000000028,5.13989522023242,-1.4716426382440964,3.668252581988323
1009,2024,Andrej Stojakovic,Stanford,79,Fr,4716.0,6.915600000000012,4.04590092564419,-0.3901512838434375,3.6557496418007527
1010,2024,Dedan Thomas Jr.,UNLV,73,Fr,3505.0,7.8182000000000045,-3.649712611417859,7.295362317442766,3.6456497060249062
1011,2024,Ernest Udeh Jr.,TCU,83,So,1459.0,6.97059999999999,1.2405939847744984,2.397641704708697,3.6382356894831953
1012,2024,Josiah-Jordan James,Tennessee,78,Sr,3090.0,13.9152,-6.902102410806128,10.53785847665746,3.635756065851332
1013,2024,Scotty Washington,California Baptist,76,Jr,12105.0,-0.771499999999989,-1.0265070873634312,4.660864223677912,3.6343571363144807
1014,2024,Lloyd McVeigh,Buffalo,78,Fr,2422.0,-2.7032000000000096,-0.4769694603302634,4.107542201616945,3.6305727412866817
1015,2024,Gavin Griffiths,Rutgers,80,Fr,3484.0,8.506900000000002,4.653235667778283,-1.0284849377801786,3.624750729998104
1016,2024,Sean Durugordon,Siena,78,Jr,2068.0,-2.624299999999991,-5.992062359779194,9.556284662445616,3.5642223026664226
1017,2024,Johnny O'Neil,Santa Clara,82,Jr,5437.0,1.8007999999999953,2.258123537035141,1.30210139996355,3.560224936998691
1018,2024,Igor Milicic Jr.,Charlotte,82,Jr,4982.0,2.762100000000004,2.185447512199978,1.364143230322484,3.549590742522462
1019,2024,Steven Ashworth,Creighton,72,Sr,3270.0,11.38300000000001,4.578549027032825,-1.0376392064113338,3.540909820621491
1020,2024,Harrison Hornery,USC,82,Jr,2332.0,7.391500000000008,3.5638593545251496,-0.0236051505058947,3.540254204019255
1021,2024,O'Mar Stanley,Boise State,80,Jr,2372.0,9.323700000000002,3.5009614365107575,0.0147087370955931,3.5156701736063507
1022,2024,Kasean Pryor,South Florida,82,Jr,2560.0,1.265900000000002,0.3649639790583298,3.135764850714323,3.5007288297726533
1023,2024,Tre White,Louisville,79,So,5257.0,7.634900000000002,6.363586964318683,-2.865541711553086,3.498045252765597
1024,2024,Jayden Taylor,NC State,76,Jr,4634.0,9.9259,3.0904981329549512,0.4019578927361955,3.4924560256911468
1025,2024,Tsotne Tsartsidze,North Dakota,81,Sr,7584.0,-6.272499999999994,3.647444572213633,-0.1658870052800023,3.4815575669336307
1026,2024,Jalun Trent,Delaware,76,Jr,5227.0,-3.604299999999995,6.183034194561561,-2.7066239778617307,3.47641021669983
1027,2024,Hunter Dean,LSU,82,Sr,1218.0,8.154700000000005,-0.3639848155020933,3.83281737075198,3.468832555249887
1028,2024,David Fuchs,Rhode Island,81,Fr,3769.0,3.3238000000000056,6.421114425066025,-2.969228981574699,3.451885443491326
1029,2024,Brandon Walker,Montana State,79,So,2204.0,-4.971400000000003,3.4225965317285594,0.0134456946524628,3.436042226381022
1030,2024,Andrew Rohde,Virginia,78,So,2283.0,7.929300000000012,3.81679158175898,-0.381058655075269,3.435732926683711
1031,2024,Dylan Cardwell,Auburn,83,Sr,1486.0,8.009299999999996,3.692199633170253,-0.2740131981285776,3.4181864350416755
1032,2024,Justin Taylor,Syracuse,78,So,4867.0,9.067300000000005,4.76065419475285,-1.3429457152882884,3.4177084794645616
1033,2024,Chandler Jackson,Florida State,77,So,2869.0,10.4482,0.2726366740855148,3.121545374342906,3.39418204842842
1034,2024,Tyson Brown,Rhode Island,81,Jr,3150.0,3.0005999999999915,-4.651025681682527,8.023981184849632,3.372955503167105
1035,2024,Jordyn Surratt,South Carolina Upstate,77,So,3260.0,-0.2269000000000005,0.9040211436136962,2.467952505758424,3.37197364937212
1036,2024,Jerome Brewer Jr.,East Texas A&M,81,So,4040.0,0.6544999999999987,-5.406673972297571,8.77119742401652,3.3645234517189495
1037,2024,Szymon Zapala,Longwood,84,Jr,2707.0,-3.3100000000000023,1.9681362031507996,1.3956978505110351,3.3638340536618347
1038,2024,Luke Hunger,Northwestern,82,So,965.0,14.472700000000003,-1.0752780487467906,4.416720136402628,3.341442087655837
1039,2024,Jeremy Foumena,Rhode Island,83,Fr,2254.0,3.0272999999999968,-5.160239300895202,8.498087025604992,3.33784772470979
1040,2024,RJ Johnson,Charleston Southern,73,So,6052.0,0.2283000000000044,0.956364019523483,2.3800899102373503,3.3364539297608333
1041,2024,Kanye Clary,Penn State,71,So,4354.0,6.366500000000002,-2.9756237621849815,6.295934811636805,3.3203110494518233
1042,2024,Keeshawn Kellman,Florida Gulf Coast,81,Sr,4748.0,-3.2306000000000097,2.490684752748,0.8185067650808237,3.3091915178288236
1043,2024,Clarence Daniels,New Hampshire,78,Sr,6692.0,-2.2295000000000016,4.625148346796364,-1.31690371281148,3.3082446339848843
1044,2024,Tegra Izay,Southern Miss,84,Jr,2736.0,-1.865400000000008,-1.1172036425637906,4.409380591806961,3.2921769492431707
1045,2024,Cooper Noard,Cornell,74,So,1738.0,0.0911000000000115,-0.6374316361411646,3.9122909177292966,3.274859281588132
1046,2024,Isaiah Bigelow,Richmond,79,Sr,2565.0,2.7480999999999938,1.421763281767751,1.8469898278569148,3.268753109624666
1047,2024,Dean Keeler,UC Irvine,81,Sr,1518.0,-0.8358999999999952,-5.2743273973407145,8.536145806978457,3.2618184096377423
1048,2024,Dame Adelekun,Loyola Chicago,80,Sr,2065.0,2.9949000000000012,3.446816013967258,-0.1866209211408314,3.260195092826427
1049,2024,Julian Margrave,South Alabama,82,So,12170.0,-3.4702000000000055,-1.20003507117305,4.441314344733847,3.241279273560797
1050,2024,Max Lorca-Lloyd,UMBC,81,Sr,4669.0,-3.9414999999999902,1.4005515127343366,1.8045289953070824,3.2050805080414193
1051,2024,Joseph Tugler,Houston,80,Fr,1305.0,7.8763,0.1917198765467551,3.004440684136883,3.196160560683638
1052,2024,Julien Wooden,James Madison,80,Sr,2508.0,-3.4337000000000018,4.055607118900394,-0.8633773558537372,3.1922297630466563
1053,2024,Jaden House,Rhode Island,76,Jr,5641.0,3.3876999999999953,5.696494654782225,-2.5118405213225383,3.184654133459687
1054,2024,Joshua Jefferson,Saint Mary's,80,So,1894.0,3.9794999999999874,1.327518887036239,1.8268635381521507,3.1543824251883903
1055,2024,Jordan Mason,Texas State,76,So,5536.0,0.3196999999999974,1.8442352962925024,1.2976518930627776,3.1418871893552796
1056,2024,Ian Martinez,Utah State,75,Sr,2957.0,7.82459999999999,5.6561850804535645,-2.516609213532165,3.1395758669213993
1057,2024,Federiko Federiko,Pittsburgh,83,Jr,16548.0,7.859200000000001,-3.311776853081976,6.4404538961124445,3.1286770430304687
1058,2024,Charles Lampten,Western Carolina,83,Sr,4625.0,-2.012199999999993,-6.436286350174436,9.56179801210996,3.1255116619355245
1059,2024,Nae'Qwan Tomlin,Memphis,82,Sr,9479.0,3.6494,4.159873537028146,-1.0430854601480355,3.11678807688011
1060,2024,Nana Antwi-Boasiako,Stephen F. Austin,81,Jr,4816.0,-1.5135000000000076,-5.06981128178656,8.162563738342318,3.0927524565557576
1061,2024,Tyrece Radford,Texas A&M,74,Sr,2899.0,12.3185,3.2000446699705822,-0.1274837171630194,3.072560952807563
1062,2024,Tahlik Chavez,Louisiana Tech,74,Sr,5809.0,-1.1150999999999982,2.4563583377261264,0.6096963211489026,3.066054658875029
1063,2024,Abdou Samb,IU Indianapolis,80,So,3078.0,-4.269599999999997,-0.4922610542358767,3.5542804122874663,3.0620193580515895
1064,2024,Josh Uduje,Utah State,77,Jr,2427.0,5.705699999999993,3.595430648670738,-0.5404189687682943,3.0550116799024436
1065,2024,Emanuel Miller,TCU,79,Sr,3282.0,8.915499999999994,-3.1933085221781816,6.2316260252720905,3.038317503093909
1066,2024,Caleb Johnson,Jacksonville State,79,Jr,5340.0,-2.5220999999999947,0.7647999210680814,2.260404698496515,3.0252046195645965
1067,2024,Diante Smith,Nicholls,79,Sr,5997.0,-5.7684,-0.2236815135525081,3.2394489921599474,3.0157674786074393
1068,2024,Vladislav Goldin,Florida Atlantic,85,Jr,2471.0,5.404300000000006,2.2478899420233396,0.7623107855525997,3.0102007275759393
1069,2024,Brice Williams,Nebraska,79,Jr,2863.0,9.190400000000013,0.0652760839912733,2.9404858483817415,3.005761932373015
1070,2024,Chris Pryor,Lamar,71,Sr,5788.0,-8.244799999999998,4.253301228079728,-1.252202121808652,3.001099106271076
1071,2024,Dane Erikstrup,Eastern Washington,83,Jr,3544.0,-2.1182999999999907,-4.616694835397396,7.580141646220074,2.9634468108226786
1072,2024,Josiah Strong,Colorado State,76,Sr,2127.0,9.338300000000004,0.672785274220959,2.284878907059262,2.957664181280221
1073,2024,Duncan Powell,Sacramento State,80,So,4610.0,-2.045099999999991,-0.4989537515158406,3.451110528232824,2.9521567767169836
1074,2024,Sean Logan,Davidson,82,So,10065.0,4.194400000000002,2.5625967900156965,0.3752392027021214,2.937835992717818
1075,2024,Tyler Perkins,Pennsylvania,76,Fr,5494.0,1.6411999999999978,5.353027945703364,-2.43761501199947,2.9154129337038936
1076,2024,Emmanuel Izunabor,North Carolina Central,80,Sr,4234.0,-8.688699999999997,0.9748211446306718,1.9285582627491775,2.9033794073798496
1077,2024,Osiris Grady,Utah Valley,81,Fr,2838.0,1.4276000000000124,5.856619756449903,-2.9597627000980444,2.8968570563518585
1078,2024,Trey Bonham,Chattanooga,72,Sr,4148.0,-0.6103999999999985,2.9459517416641536,-0.0606734569083423,2.8852782847558114
1079,2024,Tommy Bruner,Denver,73,Sr,6991.0,-4.243200000000002,-3.1271004288117523,6.009283773462929,2.882183344651177
1080,2024,Chad Moodie,Alabama A&M,80,Fr,466.0,-6.879800000000003,1.777114381263341,1.1048929421957825,2.8820073234591232
1081,2024,B.J. Mack,South Carolina,80,Sr,2299.0,7.369799999999998,1.671512687674933,1.2085017618873466,2.88001444956228
1082,2024,KiAndre Gaddy,Tarleton State,78,Sr,2797.0,-0.7480000000000047,2.2154184716713097,0.6605557123242143,2.875974183995524
1083,2024,Trey Kaufman-Renn,Purdue,81,So,1945.0,13.098399999999998,-2.3569922577340625,5.231777834578214,2.8747855768441513
1084,2024,Zid Powell,UTEP,76,Sr,5454.0,-1.1380000000000052,2.739777230226542,0.1026245681530035,2.8424017983795453
1085,2024,Kyson Rose,Idaho,81,Jr,3740.0,-4.441199999999995,-2.246847841640272,5.088800014979705,2.8419521733394326
1086,2024,Paul Otieno,Quinnipiac,80,Sr,5154.0,-7.628699999999995,-0.1846328736853704,3.026251699883261,2.8416188261978905
1087,2024,Kylan Boswell,Arizona,74,So,3294.0,11.238599999999993,1.6684966351549924,1.170812189249756,2.8393088244047484
1088,2024,Tidjiane Dioumassi,Southern,76,Jr,6084.0,-5.622600000000006,1.2630413844147437,1.5735587897958316,2.836600174210575
1089,2024,Chris Ledlum,St. John's,78,Sr,5540.0,10.8202,-0.5329320455466027,3.353197522579828,2.8202654770332254
1090,2024,Kaden Gumbs,Texas State,74,Fr,4672.0,1.9432000000000045,3.49264337671396,-0.689937100112129,2.802706276601831
1091,2024,Sam Alexis,Chattanooga,80,So,5328.0,-2.853899999999996,-0.5202475223835306,3.3192385745154613,2.798991052131931
1092,2024,Jason Jitoboh,Tennessee State,83,Sr,3985.0,-8.530600000000007,-3.492401088093804,6.281625181366161,2.7892240932723573
1093,2024,Jacob Meyer,Coastal Carolina,74,Fr,7609.0,-2.5420000000000016,-2.2491351848412107,5.0248170952777595,2.775681910436549
1094,2024,EJ Williams,Alabama A&M,82,Sr,1131.0,-6.902500000000003,1.198394111178834,1.5705157531520486,2.7689098643308827
1095,2024,Mekhi Gray,NJIT,76,Sr,5143.0,-3.3870000000000005,6.130602866434452,-3.367453284188159,2.763149582246293
1096,2024,Dalen Davis,Princeton,72,Fr,799.0,-0.5915999999999997,5.279995431432364,-2.5274368000333065,2.7525586313990575
1097,2024,C.J. Jones,UIC,77,So,6484.0,1.9037000000000008,2.3010432751930603,0.4394998966960272,2.7405431718890876
1098,2024,Niels Lane,Delaware,77,Jr,5057.0,-3.087600000000009,5.000846476800855,-2.2809447785231165,2.7199016982777384
1099,2024,Dusty Stromer,Gonzaga,78,Fr,2519.0,3.679500000000005,1.427811276234863,1.2906036627015287,2.718414938936392
1100,2024,Dian Wright-Forde,Texas A&M-Corpus Christi,75,Jr,1873.0,-7.462699999999998,4.7420058177529185,-2.053028722008556,2.6889770957443626
1101,2024,Tyler Linhardt,Idaho,79,So,2261.0,-4.6143,-5.594295082136304,8.27907316823556,2.6847780860992554
1102,2024,Ronald Polite III,George Mason,74,Sr,3949.0,0.5671999999999997,2.3106444305360405,0.3734527546899622,2.684097185226003
1103,2024,Luis Kortright,Rhode Island,75,Jr,5991.0,3.1496999999999957,-0.3126857537281453,2.9845097573030683,2.671824003574923
1104,2024,Ryan Langborg,Northwestern,76,Sr,2984.0,9.7667,1.5342489381822069,1.1281764179488434,2.6624253561310502
1105,2024,Claudell Harris Jr.,Boston College,76,Jr,3196.0,8.887599999999992,-1.3275934746333429,3.971903033770376,2.644309559137034
1106,2024,Jayden Brewer,Florida International,78,So,3603.0,-1.887100000000004,2.54452938088538,0.0947090554799512,2.639238436365331
1107,2024,Kyron Gibson,Drake,73,Sr,1675.0,1.7068000000000012,4.695958775454911,-2.0653812174526065,2.6305775580023045
1108,2024,Julian Hammond III,Colorado,75,Jr,1604.0,6.2042,3.531846265652563,-0.9078145753580218,2.624031690294541
1109,2024,Tyem Freeman,Kent State,77,Sr,2024.0,0.2742000000000075,-1.6504002152784054,4.255949101756487,2.605548886478082
1110,2024,David Skogman,Davidson,82,Sr,2184.0,1.0054999999999978,3.063239068605233,-0.4734430635444229,2.58979600506081
1111,2024,Porter Bazil,Houston Christian,79,Fr,1847.0,0.2590000000000003,5.737563950852836,-3.163802175380522,2.573761775472314
1112,2024,Braeden Shrewsberry,Notre Dame,76,Fr,5554.0,9.614800000000002,7.363874379231951,-4.800746831671374,2.563127547560577
1113,2024,Jackson Threadgill,Charlotte,78,Sr,3755.0,2.531499999999994,5.874329902036488,-3.318359930151691,2.555969971884797
1114,2024,Langston Redfield,UC Irvine,75,Jr,1274.0,-1.1223000000000098,5.581707586242322,-3.053763722382401,2.5279438638599214
1115,2024,Toto Fagbenle,Coppin State,81,Sr,3542.0,-2.2017000000000024,6.947464432196464,-4.423690249065928,2.523774183130536
1116,2024,Rashad King,Northeastern,78,So,4869.0,-2.7431000000000125,-1.437270827858401,3.95263230038186,2.515361472523459
1117,2024,Bryce Cash,Queens University,77,Fr,6690.0,-2.0955999999999904,0.8496367245243817,1.663321971407411,2.5129586959317924
1118,2024,Shiloh Robinson,Liberty,79,Sr,2355.0,-0.6784999999999997,-0.5036426469320909,3.006060415231466,2.5024177682993747
1119,2024,Barrington Hargress,UC Riverside,72,Fr,6734.0,-1.1962000000000046,1.6719078212089724,0.826674840545579,2.4985826617545515
1120,2024,KK Curry,UT Martin,78,Sr,5082.0,-5.228099999999998,6.128716886485923,-3.631229543951339,2.497487342534584
1121,2024,Paul Bruns,South Dakota,76,Jr,5596.0,-5.6875,5.160317053709145,-2.666260022452685,2.49405703125646
1122,2024,Kooper Jacobi,Eastern Illinois,78,So,3366.0,-0.0551999999999992,-3.337538644960229,5.8212624169880725,2.4837237720278433
1123,2024,CJ Fulton,Charleston,74,Jr,2657.0,-1.5726999999999975,-1.8854924088366156,4.354316166337877,2.4688237575012613
1124,2024,Rondel Walker,North Texas,78,Jr,1422.0,5.477799999999988,-2.2884480476516407,4.749312466433031,2.46086441878139
1125,2024,Aidan Hadaway,Ohio,80,So,4758.0,-4.808499999999995,-0.3283656356270037,2.763846614765873,2.435480979138869
1126,2024,Pedro Lopez-Sanvicente,Denver,80,Jr,4527.0,-3.220799999999997,-3.161940891520034,5.582664544058463,2.4207236525384284
1127,2024,Dawson Garcia,Minnesota,83,Jr,2941.0,9.361599999999996,0.3869646889426619,2.024164501520415,2.4111291904630767
1128,2024,Kobe Sanders,Cal Poly,81,Sr,5960.0,-1.808399999999992,1.3485670231097535,1.0542186564454248,2.4027856795551785
1129,2024,Da'Shawn Phillip,Bowling Green,77,Sr,2253.0,-5.186400000000006,1.0659949262363837,1.3280311292505953,2.3940260554869788
1130,2024,Ladji Dembele,Iowa,80,Fr,1089.0,9.901399999999995,-3.86060921879615,6.2162673605722025,2.355658141776053
1131,2024,Alex Tew,Weber State,83,Jr,4664.0,-2.6873999999999967,-9.730328798756332,12.085060414204149,2.3547316154478146
1132,2024,Adou Thiero,Kentucky,78,So,4751.0,8.911000000000001,2.9122752174619033,-0.5644089623433848,2.3478662551185185
1133,2024,Brooklyn Hicks,UNLV,75,Fr,958.0,5.71929999999999,0.3879818115914402,1.955560724582768,2.343542536174208
1134,2024,Naseem Gaskin,Cal State Bakersfield,76,Jr,2391.0,-2.217700000000008,4.887068629224645,-2.561610040752151,2.325458588472494
1135,2024,Wynston Tabbs,Morgan State,75,Sr,8059.0,-5.576300000000003,1.1733268026590356,1.1430925839818131,2.316419386640849
1136,2024,Robby Carmody,Mercer,76,Sr,3175.0,-0.3396000000000043,2.335029595237335,-0.0278354190562007,2.3071941761811345
1137,2024,Jamille Reynolds,Cincinnati,83,So,1147.0,12.891599999999997,-1.9987572378674656,4.283618836440434,2.2848615985729683
1138,2024,Mervin James,Rider,79,Sr,4692.0,-3.1036,9.4328802442377,-7.14961057990243,2.283269664335271
1139,2024,Frankquon Sherman,Kennesaw State,79,Fr,2770.0,-3.2978000000000094,-6.672663854865432,8.945824492163647,2.273160637298215
1140,2024,Nick Johnson,Winthrop,76,Jr,12892.0,-1.9455999999999989,2.564243308070921,-0.3078267436730478,2.256416564397873
1141,2024,Tanner Holden,Wright State,78,Sr,6970.0,-2.9993999999999943,1.261977188941191,0.9902252055413268,2.252202394482518
1142,2024,Terrence Hargrove Jr.,Saint Louis,77,Sr,13194.0,4.935199999999995,2.187380488075779,0.0302609968483393,2.217641484924119
1143,2024,Justin Williams,Tennessee State,75,Jr,2540.0,-8.7012,-1.0517572158805026,3.2682753010906076,2.216518085210105
1144,2024,Guillermo Diaz Graham,Pittsburgh,84,So,13080.0,6.7590999999999894,-4.492196834530603,6.706167545490866,2.213970710960263
1145,2024,Noah Thomasson,Georgia,76,Sr,3148.0,10.736400000000003,-3.238500919468181,5.450230479811898,2.2117295603437173
1146,2024,Tariq Francis,NJIT,73,Fr,4187.0,-3.9206000000000074,4.848659710933701,-2.6374828235313026,2.2111768874023983
1147,2024,Michael Gray Jr.,Nicholls,73,So,3538.0,-2.175200000000004,1.6019753942861588,0.6074001717346325,2.209375566020791
1148,2024,Kaspar Sepp,Valparaiso,79,Fr,3416.0,3.2226,2.7543882427370248,-0.5451072614217003,2.2092809813153247
1149,2024,Jaden Walker,East Carolina,77,Jr,4580.0,1.6234999999999928,3.6042743709626466,-1.416036893652434,2.1882374773102127
1150,2024,Keylan Boone,UNLV,80,Sr,2106.0,9.3904,1.951895988713281,0.2248525714347602,2.176748560148041
1151,2024,Aden Holloway,Auburn,73,Fr,2086.0,8.516400000000004,-0.9717852802908036,3.129851236774784,2.1580659564839806
1152,2024,Cam Estevez,Rhode Island,75,Fr,4015.0,3.7988,-1.3381355003873203,3.4951203653399725,2.156984864952652
1153,2024,Connor Christensen,Dartmouth,78,Jr,2460.0,-1.7916000000000023,3.3404826882719636,-1.192701371491053,2.1477813167809106
1154,2024,CJ Wilcher,Nebraska,77,Jr,1756.0,7.1843000000000075,4.68121726778523,-2.563590855521009,2.1176264122642205
1155,2024,Alex Holt,Mercer,80,Jr,3460.0,-0.7787000000000006,1.373978617127016,0.7422938945886087,2.1162725117156245
1156,2024,Wesley Cardet Jr.,Chicago State,78,Jr,3030.0,-1.6807999999999907,4.788789253000474,-2.672589398367759,2.116199854632715
1157,2024,Youri Fritz,Canisius,80,So,3997.0,-3.7039999999999935,3.58621624415812,-1.5002221399289115,2.0859941042292083
1158,2024,Dontrez Styles,Georgetown,78,Jr,6394.0,8.874800000000008,-0.2698829838470384,2.3345724779364927,2.0646894940894542
1159,2024,Jaylin Gibson,Eastern Illinois,76,Jr,2696.0,-5.589500000000001,3.740443340034041,-1.6788158986356865,2.0616274413983544
1160,2024,Xavier DuSell,Fresno State,77,Jr,6201.0,4.374299999999991,4.590370828474297,-2.5363894965105276,2.0539813319637696
1161,2024,Chase Claxton,Winthrop,79,Sr,11133.0,-1.7771999999999937,-3.065985173540653,5.103963950334806,2.037978776794153
1162,2024,Jestin Porter,Middle Tennessee,73,Jr,6477.0,-0.0746999999999928,2.7857210438672735,-0.7502515451537549,2.0354694987135185
1163,2024,Bryce Hopkins,Providence,79,Jr,1517.0,2.591300000000004,5.542935712469055,-3.511612970523001,2.0313227419460542
1164,2024,Max Jones,Cal State Fullerton,76,Jr,3944.0,0.0010999999999938,2.731235133344116,-0.7060518951116836,2.025183238232432
1165,2024,Cam Denson,Pacific,79,Jr,7583.0,0.1265999999999962,0.1062952393548355,1.9101544167958189,2.0164496561506544
1166,2024,Jeffrey Mills,Air Force,76,Jr,8998.0,-0.3370000000000033,-8.269426309198638,10.285441846871471,2.0160155376728337
1167,2024,Lamar Wright,SIU Edwardsville,79,Sr,5646.0,-8.052600000000012,0.650264447782738,1.3618514737230214,2.0121159215057594
1168,2024,Jason Roche,Richmond,77,Jr,1050.0,-1.1398999999999972,1.510121618231773,0.499468381405681,2.0095899996374538
1169,2024,Eli Wilborn,St. Francis (PA),80,Fr,5944.0,-9.229800000000012,4.21672003120537,-2.218265433936918,1.998454597268452
1170,2024,Blake Buchanan,Virginia,83,Fr,1408.0,7.834000000000003,-5.753800807832336,7.750133243185795,1.9963324353534588
1171,2024,AJ Braun,Wright State,81,Jr,5416.0,-2.8389000000000095,-2.9430282226432705,4.908902349125075,1.9658741264818045
1172,2024,Nate Pickens,UC Riverside,75,So,5359.0,-0.9084000000000004,1.2067592920959338,0.7573613132880146,1.9641206053839484
1173,2024,Mika Adams-Woods,St. Bonaventure,75,Sr,5990.0,1.9558000000000104,3.3357242882533433,-1.3840557597963272,1.951668528457016
1174,2024,Norchad Omier,Miami,79,Jr,6152.0,8.937799999999996,-1.3567850987565873,3.305845851855823,1.9490607530992357
1175,2024,Will Thomas,Morgan State,78,Sr,7892.0,-6.8744000000000085,-2.207158449436004,4.152337934672483,1.9451794852364783
1176,2024,Jayden Dawson,Loyola Chicago,76,So,2242.0,4.584199999999996,2.5658231642337737,-0.6359509103583347,1.929872253875439
1177,2024,John Mikey Square,Cal State Fullerton,78,Jr,3429.0,-1.8538000000000068,-3.1575817978339007,5.087210261495463,1.9296284636615624
1178,2024,Kyle LeGreair,Detroit Mercy,73,Sr,4131.0,-2.205399999999998,1.8232052859047192,0.1021720909949257,1.925377376899645
1179,2024,Matt Knowling,Yale,78,Sr,2167.0,2.871600000000001,3.116859032480362,-1.2008071048508104,1.9160519276295511
1180,2024,Jamison Battle,Ohio State,79,Sr,3219.0,8.571099999999987,-2.095912791600518,4.003775653631429,1.9078628620309113
1181,2024,Ben Knostman,Lehigh,77,Jr,2409.0,-6.421199999999999,0.3056324619467778,1.6016811965491635,1.9073136584959416
1182,2024,Carlous Williams,Tulsa,77,Jr,3730.0,-0.6373999999999995,3.083865389865867,-1.1792387253905563,1.9046266644753107
1183,2024,D'Marco Dunn,Penn State,77,Jr,3663.0,8.333699999999993,0.6934125414684353,1.2054925866405657,1.8989051281090008
1184,2024,Keanu Dawes,Rice,81,Fr,4655.0,2.148699999999991,5.608092699837944,-3.710046708814576,1.898045991023368
1185,2024,Neal Quinn,Richmond,84,Sr,2625.0,2.9380000000000024,-4.148845851063432,6.012924701434469,1.8640788503710368
1186,2024,Christian Cook,New Mexico State,74,Sr,6039.0,1.9979000000000011,0.9026444406527684,0.9592117007951078,1.8618561414478765
1187,2024,Amar Kuljuhovic,North Dakota,80,Jr,6061.0,-6.457499999999996,-4.965852090767204,6.824972623280013,1.8591205325128088
1188,2024,Treyton Thompson,Stetson,83,So,1863.0,1.2399999999999949,-6.518029296925616,8.37393397124482,1.8559046743192047
1189,2024,Carlos Marshall Jr.,Santa Clara,78,Sr,4707.0,2.5718999999999994,-0.2735310672039952,2.113038512766713,1.8395074455627176
1190,2024,Brock Felder,Southern Utah,80,Fr,4880.0,0.3196999999999974,4.886312715591117,-3.053619154992216,1.8326935605989016
1191,2024,Daniel Hankins-Sanford,Massachusetts,80,So,3409.0,0.0634000000000014,-0.9279945895133408,2.756173269143478,1.8281786796301376
1192,2024,Caleb Dorsey,William & Mary,80,Jr,4275.0,-5.495199999999997,-4.259163715044976,6.081439830515242,1.8222761154702656
1193,2024,Vasean Allette,Old Dominion,74,Fr,4312.0,-0.415700000000001,1.6924364240302243,0.1247375690088272,1.817173993039052
1194,2024,David Jones,Georgia Southern,78,Jr,982.0,4.639799999999994,-5.289877892457986,7.10469329945284,1.814815406994854
1195,2024,Ben Vander Wal,Furman,79,So,4425.0,0.0926999999999935,0.6832987416367544,1.1266797268394024,1.8099784684761568
1196,2024,Tucker Anderson,Central Arkansas,81,Fr,11322.0,-4.9010000000000105,-0.565649209496538,2.3753917506340883,1.8097425411375505
1197,2024,Judson Martindale,Pacific,79,Jr,8445.0,-0.3066999999999922,3.738570090435541,-1.9304030469311535,1.8081670435043873
1198,2024,Jake Davis,Mercer,78,Fr,5663.0,-0.9140999999999906,1.610458308692841,0.1789514036792111,1.789409712372052
1199,2024,Malik Tidwell,Georgia Southern,71,Sr,3347.0,-1.1880999999999915,1.3367499428595262,0.4511482999083516,1.7878982427678778
1200,2024,Ithiel Horton,Texas,77,Sr,1965.0,8.493099999999998,-2.8935347941542275,4.679250933132141,1.7857161389779137
1201,2024,Amahrie Simpkins,Morgan State,76,Jr,9220.0,-6.63000000000001,11.896782413038084,-10.127454925159448,1.7693274878786376
1202,2024,Anthony Selden,Rice,78,Sr,2907.0,4.7623999999999995,3.83297467382761,-2.063820216505227,1.769154457322383
1203,2024,Saliou Seye,UT Rio Grande Valley,84,So,3468.0,-1.6367000000000047,7.332479436973501,-5.574702465246677,1.757776971726824
1204,2024,Beon Riley,Utah Tech,78,Jr,5135.0,0.4448000000000007,-0.0819888037062923,1.8396403854479704,1.7576515817416782
1205,2024,George Smith,Pennsylvania,76,Jr,4581.0,1.8094000000000108,3.051261889331806,-1.3031438575141978,1.7481180318176088
1206,2024,Jorell Saterfield,Portland State,76,Sr,4870.0,-3.882800000000003,3.1142297918047293,-1.3694196894435189,1.7448101023612106
1207,2024,Cameron Steele,Abilene Christian,80,Sr,2660.0,-0.535899999999998,3.0653984199002124,-1.324540384117996,1.7408580357822163
1208,2024,Augustas Marciulionis,Saint Mary's,76,Jr,3072.0,3.8559000000000054,-1.1736720693066165,2.9142511440446044,1.740579074737988
1209,2024,Dylan Andrews,UCLA,74,So,6228.0,8.929600000000008,-4.704145757929478,6.4415717587879335,1.7374260008584557
1210,2024,Kanaan Carlyle,Stanford,75,Fr,3768.0,10.257199999999996,1.4656526252794273,0.2670482760743669,1.7327009013537942
1211,2024,Tristan Enaruna,Cleveland State,80,Sr,3244.0,-4.0137,-0.274560105305615,2.006308525571621,1.731748420266006
1212,2024,Francisco Farabello,Creighton,75,Sr,2278.0,10.857,2.1863557528155537,-0.4949115897724132,1.6914441630431405
1213,2024,Oziyah Sellers,USC,77,So,2971.0,9.273899999999998,-1.2739451440477767,2.9647608489606343,1.6908157049128576
1214,2024,Faizon Fields,Milwaukee,82,Jr,4951.0,-4.896000000000001,5.035286136472264,-3.3479945513454004,1.6872915851268635
1215,2024,Jalen Benjamin,Santa Clara,71,Sr,2525.0,0.4399000000000086,2.789362702353233,-1.106798659059514,1.682564043293719
1216,2024,Rueben Chinyelu,Washington State,83,Fr,1499.0,6.881,-2.155270562222821,3.8340833132938936,1.6788127510710726
1217,2024,Emory Lanier,SMU,75,Sr,938.0,1.7241999999999962,-0.9572994829271216,2.6157854497060775,1.6584859667789558
1218,2024,Jackson Shelstad,Oregon,72,Fr,3018.0,11.2924,0.2431297663521983,1.4118844326970983,1.6550141990492966
1219,2024,Jordan Riley,Temple,76,Jr,6122.0,1.7993000000000023,0.7783692325182932,0.8741037201925492,1.6524729527108424
1220,2024,Jemal Davis,Central Michigan,81,So,3006.0,-0.8646999999999991,-0.4139417403478046,2.065807330413287,1.6518655900654822
1221,2024,Sam Hofman,Temple,77,Sr,6747.0,1.4686999999999983,-5.313041759322471,6.963945268475373,1.6509035091529023
1222,2024,Karon Boyd,East Tennessee State,77,So,5354.0,-1.1646000000000072,-3.119293336295302,4.7701511439553785,1.6508578076600764
1223,2024,Anthony Roberts,Purdue Fort Wayne,76,Sr,3658.0,-6.021900000000002,2.357839925456962,-0.7164865411794248,1.6413533842775372
1224,2024,Jake DiMichele,Duquesne,76,Fr,1842.0,5.444000000000003,3.944607545413993,-2.309654711299057,1.634952834114936
1225,2024,Keiveon Hunt,Jackson State,71,So,1812.0,-7.9285,-1.3330701349705711,2.9676480847335363,1.634577949762965
1226,2024,Nate Johnson,Akron,75,Jr,1677.0,-0.0623999999999966,-0.211764630979338,1.8400695098844717,1.6283048789051338
1227,2024,Braxton Bayless,Niagara,74,Sr,4220.0,-6.608000000000004,3.891168910626006,-2.265789856054424,1.625379054571582
1228,2024,Justin Webster,UNLV,75,Sr,2304.0,8.438699999999997,0.6327460869826509,0.989957017333492,1.6227031043161428
1229,2024,Toby Nnadozie,Maryland Eastern Shore,75,So,2726.0,-7.8797,8.232090666781788,-6.6194590539692015,1.6126316128125868
1230,2024,Michael Houge,Saint Peter's,79,Jr,1159.0,-2.901900000000012,0.402219231346249,1.2048065262378618,1.6070257575841107
1231,2024,Sean Newman Jr.,Louisiana Tech,73,So,5072.0,0.2990999999999957,5.74817076015682,-4.17306043337138,1.57511032678544
1232,2024,Messiah Thompson,Long Beach State,68,Sr,2125.0,-0.844300000000004,1.5547178611611825,0.0203556375858249,1.5750734987470072
1233,2024,Brady Cummins,Colgate,78,So,1831.0,-7.209699999999998,5.334367434238656,-3.7655941044617647,1.568773329776891
1234,2024,Atin Wright,Drake,73,Jr,3081.0,2.6522000000000077,6.791067297130599,-5.235345206560043,1.5557220905705558
1235,2024,Davion Sykes,Texas State,78,So,3672.0,-2.5597000000000065,4.615502883582447,-3.08814996762882,1.5273529159536272
1236,2024,EJ Farmer,Youngstown State,77,Jr,3870.0,-5.288700000000006,-0.9706637427695872,2.4964269564524053,1.525763213682818
1237,2024,Anthony Arrington,Wofford,74,So,2260.0,0.2305999999999954,1.818554741159213,-0.2992225885667638,1.519332152592449
1238,2024,Chrishawn Christmas,Stephen F. Austin,77,So,3975.0,-0.210099999999997,2.2810322415708284,-0.774919394133035,1.5061128474377934
1239,2024,Jared Billups,George Mason,76,Jr,4277.0,1.5224000000000046,2.02798693096059,-0.538256427981322,1.4897305029792678
1240,2024,Alec Oglesby,Stetson,77,Sr,3519.0,-2.766300000000001,-5.9887680361472775,7.476627023699259,1.4878589875519816
1241,2024,Paul Lewis,Vanderbilt,74,So,3019.0,7.139300000000006,0.0657125013348776,1.4087387242711724,1.47445122560605
1242,2024,Jaxson Baker,New Hampshire,80,Sr,6116.0,-1.6853999999999871,2.0021008856762177,-0.5300765811248167,1.472024304551401
1243,2024,Micheal Anumba,Winthrop,77,Sr,7177.0,-3.963999999999998,-1.603332387927889,3.035331589581947,1.431999201654058
1244,2024,Luka Tekavcic,Coppin State,83,Jr,1866.0,-5.814000000000007,-1.1349280511365574,2.5658040927516916,1.4308760416151345
1245,2024,Jordan Ivy-Curry,UTSA,75,Jr,3674.0,2.099100000000007,3.0195462907839037,-1.5965638859317388,1.4229824048521649
1246,2024,Jayden Jackson,Northern Arizona,76,So,5739.0,-3.54910000000001,-2.220052070039662,3.6266564030625617,1.4066043330228997
1247,2024,Blake Peters,Princeton,73,Jr,1765.0,-0.1045000000000015,-0.4964727972603107,1.8931955758810433,1.3967227786207326
1248,2024,Isaiah Gray,Cornell,75,Sr,1826.0,-0.1300999999999987,6.595152020090429,-5.21174177382345,1.3834102462669788
1249,2024,Gabe Sisk,East Tennessee State,78,Fr,2184.0,-2.9579000000000093,1.5207976129524998,-0.1479055436900207,1.372892069262479
1250,2024,Jeremiah Hernandez,Southern Indiana,77,Jr,5802.0,-5.795300000000012,0.329308775225154,1.0422141328914298,1.3715229081165838
1251,2024,Hunter Goodrick,California Baptist,79,Sr,11187.0,-1.5835000000000008,2.961929410551821,-1.6206701812891116,1.3412592292627097
1252,2024,Nick Townsend,Yale,79,So,1639.0,2.1938999999999993,0.2580912592984625,1.0735916905077645,1.3316829498062268
1253,2024,Tan Yildizoglu,Pacific,76,Fr,4606.0,-2.5263999999999953,6.54378176796538,-5.219737359001197,1.3240444089641832
1254,2024,Jaren Johnson,Dartmouth,77,Sr,4134.0,0.6928000000000054,-1.947450595070812,3.2601990028396974,1.3127484077688854
1255,2024,Tony Toney,UAB,74,Jr,1736.0,4.410600000000002,1.7287004569164386,-0.4185755988506452,1.3101248580657934
1256,2024,Trevon Blassingame,Idaho,76,So,3937.0,-5.154899999999998,-1.4439643575473156,2.740560831103063,1.2965964735557476
1257,2024,Trazarien White,UNC Wilmington,78,Jr,5225.0,-0.4043000000000063,7.167102853773406,-5.874002137060497,1.2931007167129085
1258,2024,Shaquil Bender,Manhattan,74,Jr,4605.0,-3.612399999999994,0.1274672665863963,1.1359140253155091,1.2633812919019056
1259,2024,Colby Garland,Drake,73,Fr,1701.0,1.9839999999999949,-1.834857344338805,3.093754622322658,1.258897277983853
1260,2024,David Terrell Jr.,UTEP,76,Fr,3526.0,-0.8558000000000021,0.8392559573363889,0.4191266765637718,1.2583826339001607
1261,2024,Isaac Jones,Stetson,81,Sr,14.0,8.424099999999996,2.8571155226459917,-1.6066268516204003,1.2504886710255914
1262,2024,Luis Rodriguez,UNLV,78,Sr,3034.0,6.666300000000007,-0.8078708487103019,2.0573255986099026,1.2494547498996007
1263,2024,Logan Padgett,Manhattan,79,Sr,2752.0,-5.122799999999998,-0.7923550232227696,2.03955752523797,1.2472025020152002
1264,2024,Mason Jones,Ball State,79,Fr,5524.0,-7.0771000000000015,-3.025791283512665,4.270233989794399,1.2444427062817338
1265,2024,Winston Hill,The Citadel,79,Sr,2382.0,-1.904200000000003,-6.2455029281182854,7.486817338104499,1.241314409986214
1266,2024,Terrence Lewis,Grambling,78,Sr,1353.0,1.3087999999999909,6.911272784990961,-5.704332640462438,1.2069401445285235
1267,2024,Keon Ambrose-Hylton,SMU,80,Sr,1920.0,2.461600000000004,-3.2527372398711925,4.45211328813801,1.1993760482668177
1268,2024,Kimo Ferrari,Brown,72,Sr,6779.0,-0.6552999999999969,-5.360400042236811,6.559422654623754,1.1990226123869432
1269,2024,J.J. Howard,UT Rio Grande Valley,77,Fr,4766.0,-1.147599999999997,6.457394782121754,-5.287004216026233,1.170390566095521
1270,2024,Modestas Kancleris,Cal State Bakersfield,81,Jr,3865.0,-1.8622000000000016,-4.9272717816401554,6.095498505952399,1.1682267243122435
1271,2024,Zek Tekin,Siena,74,So,3776.0,-4.4339999999999975,0.3582557193226343,0.7949754082276241,1.1532311275502585
1272,2024,Max Fiedler,Rice,83,Sr,5816.0,1.653499999999994,1.2333047430392958,-0.108104511763552,1.125200231275744
1273,2024,Garwey Dual,Providence,77,Fr,1766.0,6.846499999999992,-4.576479041843547,5.675065829172395,1.0985867873288475
1274,2024,Jalen Johnson,Grambling,79,Jr,2176.0,-2.7150000000000034,1.699833011385989,-0.6056783379466864,1.0941546734393026
1275,2024,Cameron Matthews,Mississippi State,79,Sr,4237.0,10.603099999999998,-5.942772888954984,7.03356798084568,1.090795091890696
1276,2024,Eugene Brown III,Georgia Southern,80,Sr,3678.0,-2.7346000000000004,7.483505684519992,-6.41551640561271,1.067989278907282
1277,2024,Trey Calvin,Wright State,72,Sr,7224.0,-3.592100000000002,-0.4268559369187619,1.4759020120975084,1.0490460751787465
1278,2024,Ty Rodgers,Illinois,78,So,2626.0,10.433300000000004,-2.145539669533526,3.184534141123867,1.0389944715903412
1279,2024,Jon Sanders II,Coastal Carolina,74,Jr,4676.0,-2.133200000000002,5.891953953138692,-4.855495935265044,1.036458017873648
1280,2024,Brandon Weston,Rhode Island,77,So,3318.0,2.195899999999994,3.6952597562765743,-2.6690449134236194,1.026214842852955
1281,2024,Cam Thrower,Pennsylvania,75,So,2154.0,-0.308099999999996,3.774779882217042,-2.75215842157937,1.022621460637672
1282,2024,Nick Fiorillo,Vermont,79,Sr,1744.0,-2.6277000000000044,5.829293580769839,-4.812849169891111,1.0164444108787285
1283,2024,Frankie Fidler,Omaha,79,Jr,6774.0,-4.791799999999995,1.6837709720681096,-0.6685743076992474,1.015196664368862
1284,2024,Jadyn Parker,East Tennessee State,82,Jr,5510.0,-1.6632000000000031,-1.1755629503307934,2.185754698999782,1.0101917486689884
1285,2024,Elias King,Middle Tennessee,80,Sr,6641.0,0.3826999999999998,2.363516401731201,-1.3577399062333226,1.0057764954978785
1286,2024,Benny Gealer,Stanford,73,So,3609.0,8.408300000000011,-1.02396080822711,2.029307750393503,1.0053469421663932
1287,2024,Nick Davis,Omaha,81,Sr,5100.0,-4.808800000000005,-5.023540556588298,6.028058801509636,1.0045182449213383
1288,2024,Max Burchill,South Dakota,76,Jr,5314.0,-5.3045999999999935,-0.3832949257726046,1.3867315298614231,1.0034366040888187
1289,2024,Moses Wood,Washington,80,Jr,6873.0,9.630700000000004,-4.012110281096033,5.0077294353186765,0.9956191542226432
1290,2024,Isaiah Cozart,Eastern Kentucky,79,Sr,6360.0,-3.684399999999997,-6.675561140636374,7.669067375483111,0.9935062348467376
1291,2024,Ryan Rapp,Hawai'i,77,Sr,2735.0,-2.0430000000000064,-1.657593628757056,2.647244702423544,0.989651073666488
1292,2024,Jackson Price,Marist,80,Jr,3015.0,-7.160499999999999,-1.9966260261596136,2.977327549162787,0.9807015230031736
1293,2024,Gabe Madsen,Utah,78,Sr,3817.0,10.51530000000001,1.3676973192868678,-0.3887693781398198,0.978927941147048
1294,2024,Bernardo da Silva,Hawai'i,81,Sr,5319.0,-3.742500000000007,-0.3773810891440119,1.325942826734349,0.948561737590337
1295,2024,Isaiah Folkes,Charlotte,76,Jr,2958.0,1.3619000000000057,2.100053007120604,-1.152404962364962,0.947648044755642
1296,2024,A.J. Neal Jr.,Chicago State,74,So,1262.0,-1.0586999999999875,-1.760641779680031,2.6974078631961365,0.9367660835161054
1297,2024,Khristion Courseault,Kansas City,74,Sr,5137.0,-3.7012,3.8756112868645944,-2.9415439677816715,0.934067319082923
1298,2024,Kyrone Alexander,Boston University,76,Fr,5151.0,-9.2898,3.599509243941881,-2.6724362786020412,0.92707296533984
1299,2024,Seyi Reiley,Seattle U,78,Sr,1947.0,0.022599999999997,0.0098706798409963,0.916842865300247,0.9267135451412432
1300,2024,Blake Barker,Army,74,Jr,4434.0,-7.6710000000000065,5.089990946967156,-4.199739992434615,0.890250954532541
1301,2024,Colby Rogers,Wichita State,76,Jr,7592.0,3.3526999999999987,-3.9308477127897743,4.791179224124863,0.8603315113350885
1302,2024,Antwone Woolfolk,Rutgers,81,So,2141.0,8.534000000000006,-4.195825926257971,5.054567524097315,0.8587415978393445
1303,2024,Mike James,Louisville,77,So,5886.0,8.509899999999988,1.2193128169919485,-0.3660928653024733,0.853219951689475
1304,2024,Cam Christie,Minnesota,78,Fr,3663.0,8.057900000000004,-3.843186144052699,4.685927438692688,0.842741294639989
1305,2024,Todd Brogna,Stonehill,79,Fr,4040.0,-5.948800000000006,2.008421487683024,-1.1933238204980174,0.8150976671850065
1306,2024,Travis Evee,Rice,73,Sr,6542.0,1.9650999999999923,-3.46096178067081,4.26577630164804,0.8048145209772297
1307,2024,Marion Humphrey,Texas A&M-Corpus Christi,75,Sr,1802.0,-6.929500000000004,9.735583430926802,-8.937274762670022,0.7983086682567802
1308,2024,Brian Taylor,Central Michigan,78,Sr,6800.0,-4.5097999999999985,-1.0359304858072969,1.826290455465254,0.7903599696579573
1309,2024,Jeff Woodward,Colgate,83,Sr,1999.0,-4.7283999999999935,1.1635944462907992,-0.4085193506879885,0.7550750956028107
1310,2024,David Green,Rhode Island,79,Jr,2974.0,4.106099999999998,-2.4625142778652043,3.213016862619671,0.7505025847544666
1311,2024,Nick Spinoso,Pennsylvania,81,Jr,4981.0,1.9797999999999971,-6.0329532132918295,6.781479763104521,0.7485265498126914
1312,2024,Dusan Neskovic,Dartmouth,80,Sr,3484.0,2.4835000000000065,5.5584654254266965,-4.811748919796223,0.7467165056304736
1313,2024,Devin Hines,Lafayette,76,Jr,4788.0,-6.204899999999995,7.746216979877461,-7.009056808626033,0.7371601712514284
1314,2024,Randy Brady,Chattanooga,77,So,4057.0,-3.2438999999999965,-5.343189799319555,6.066622543811364,0.7234327444918085
1315,2024,Franco Miller Jr.,Florida Gulf Coast,75,Sr,3882.0,-3.318100000000001,-1.7347504594675305,2.448344703720841,0.7135942442533103
1316,2024,John Buggs III,North Texas,74,Jr,2203.0,5.440399999999997,-3.1717246494316003,3.8756394949315776,0.7039148454999773
1317,2024,Tayshawn Comer,Eastern Kentucky,73,So,5550.0,-4.179600000000008,1.2662226548062856,-0.5645288987122519,0.7016937560940337
1318,2024,Jalal McKie,North Carolina A&T,77,Fr,12084.0,-3.859499999999997,-2.9377278560129088,3.6309238869255056,0.6931960309125969
1319,2024,Christian Tucker,UTSA,75,Jr,6291.0,-0.6311000000000035,-1.738503734032763,2.428637271093035,0.6901335370602719
1320,2024,Denver Jones,Auburn,76,Jr,2222.0,9.062600000000003,0.3467361165233433,0.3156765303824249,0.6624126469057683
1321,2024,Jalyn McCreary,Mercer,80,Sr,3841.0,-0.729299999999995,-0.9811178532678642,1.6385478288101616,0.6574299755422974
1322,2024,Curtis Jones,Iowa State,76,Sr,2831.0,8.6999,-0.157966619674351,0.7988891901357582,0.6409225704614072
1323,2024,Gibson Jimerson,Saint Louis,77,Jr,16980.0,4.9696,-2.659747325279179,3.2990193220586184,0.6392719967794394
1324,2024,Rodney Johnson Jr.,Tennessee Tech,77,Jr,3935.0,-5.717500000000001,1.660072741369607,-1.023548707792755,0.636524033576852
1325,2024,Morrell Schramm,Florida A&M,75,Jr,2042.0,0.5949000000000098,-0.7610226229444741,1.3841358766818408,0.6231132537373667
1326,2024,Ethan Pickett,UIC,76,Jr,4307.0,1.791799999999995,0.0615305095316399,0.5446644842066488,0.6061949937382888
1327,2024,Langston Wilson,Milwaukee,81,Sr,2756.0,-3.9976999999999943,-4.744772806131635,5.336465362582356,0.5916925564507203
1328,2024,Tai'Reon Joseph,Southern,74,Jr,4590.0,0.1269000000000062,6.781937744288801,-6.21020232802305,0.5717354162657511
1329,2024,Tyler Cochran,Toledo,74,Sr,6061.0,-2.184600000000003,-0.9140548473314406,1.483710858615945,0.5696560112845047
1330,2024,Michael Belle,VCU,80,Fr,900.0,5.402499999999989,2.0410524656994573,-1.4821696333756416,0.5588828323238157
1331,2024,Keeyan Itejere,Northern Kentucky,81,So,4650.0,-2.4890999999999934,-3.502552912889863,4.056685305922816,0.5541323930329529
1332,2024,DaJuan Gordon,UT Arlington,77,Sr,6422.0,1.5822000000000005,4.808455691942749,-4.271053147114313,0.5374025448284359
1333,2024,Perry Smith Jr.,North Carolina Central,81,So,3190.0,-7.0597000000000065,-1.306237080771156,1.8431155740108096,0.5368784932396538
1334,2024,Sy Chatman,Buffalo,80,Sr,6396.0,-2.6784999999999997,-0.0705479206953656,0.5990715123789554,0.5285235916835898
1335,2024,Imo Essien,Old Dominion,71,Jr,3248.0,-0.3635000000000019,-0.8917621327350291,1.404729758781166,0.5129676260461369
1336,2024,Bijan Cortes,Wichita State,74,Jr,2747.0,4.638300000000001,-0.5486352242794565,1.0520453991902414,0.5034101749107849
1337,2024,Demetrius Davis,Chattanooga,81,Sr,3024.0,-3.3459000000000003,-2.330433959178097,2.823486496910859,0.4930525377327619
1338,2024,Jarius Hicklen,Oklahoma State,75,Sr,7276.0,7.034899999999993,-0.2246615483782772,0.6826742938353672,0.4580127454570899
1339,2024,Mike Williams,LSU,75,Fr,1919.0,6.247600000000006,-3.033923020333737,3.491479865285657,0.4575568449519198
1340,2024,Donovan Oday,Cal State Fullerton,74,So,2969.0,1.0388999999999982,3.838536222277182,-3.3996236716325763,0.4389125506446056
1341,2024,Shon Robinson,Incarnate Word,81,Sr,4820.0,-5.948400000000007,-2.890532450589696,3.30602785828318,0.4154954076934838
1342,2024,Erik Reynolds II,Saint Joseph's,75,Jr,3148.0,2.6296999999999997,2.862503373110415,-2.453289145830234,0.4092142272801808
1343,2024,Paul Bizimana,Cal Poly,81,Jr,2842.0,-2.891599999999997,-0.3285314679776074,0.732868396492171,0.4043369285145635
1344,2024,Greg Dolan,Loyola Chicago,76,Sr,2227.0,2.0382000000000033,4.42681776272566,-4.033654625735586,0.3931631369900739
1345,2024,Jeremy Robinson,North Carolina A&T,78,Sr,5212.0,-2.3996000000000066,3.2071855570263805,-2.8260899409713747,0.3810956160550058
1346,2024,Braden Norris,Loyola Chicago,72,Sr,4571.0,2.692399999999992,-3.1344123991109516,3.504016034186281,0.3696036350753293
1347,2024,Chris Youngblood,South Florida,76,Sr,2876.0,0.7001999999999953,-6.807619505797063,7.176736601105195,0.3691170953081322
1348,2024,Mason Miller,Creighton,81,So,2122.0,10.879000000000003,0.1524086779644227,0.2141640789254513,0.366572756889874
1349,2024,Rashaun Agee,Bowling Green,80,Sr,2773.0,-6.379099999999994,-2.3724927819326274,2.7354160286515103,0.362923246718883
1350,2024,Ricardo Wright,SMU,76,Sr,1346.0,0.3451000000000022,-1.7846552352879148,2.1377494682785487,0.3530942329906339
1351,2024,Demond Robinson,Kennesaw State,80,Sr,6260.0,-5.430599999999998,-6.8956598231233635,7.248650351186326,0.3529905280629624
1352,2024,Damani Claxton,Maryland Eastern Shore,72,So,2360.0,-4.631200000000007,4.095245559733343,-3.745186957374342,0.3500586023590006
1353,2024,Jamari Sibley,Southern Utah,80,Jr,4471.0,-0.7490999999999985,-3.726350295661007,4.074798890772565,0.3484485951115585
1354,2024,Jaden Ray,Sam Houston,70,Sr,4859.0,-0.5486999999999966,-0.5741943743234053,0.911615625180206,0.3374212508568008
1355,2024,Richie Saunders,BYU,77,So,2190.0,8.212499999999991,2.398329756749858,-2.070235985458969,0.3280937712908889
1356,2024,Stephon Payne,Jacksonville,81,So,4356.0,-4.251599999999996,-6.751251874979959,7.078958781808212,0.3277069068282534
1357,2024,A'lahn Sumler,Charleston Southern,76,So,5444.0,-0.3235000000000099,2.166960967913473,-1.8496887690422656,0.3172721988712075
1358,2024,Joshua Hughes,Samford,82,Fr,26.0,1.8722999999999956,0.6333775120663793,-0.3274325855607511,0.3059449265056281
1359,2024,D.J. Wagner,Kentucky,75,Fr,5951.0,7.299199999999999,7.625333949016065,-7.332193918193873,0.2931400308221921
1360,2024,Jaylin Henderson,Louisiana Tech,75,Jr,2108.0,0.8990000000000009,-0.2765371456096168,0.5655541582808989,0.2890170126712821
1361,2024,Jaxon Brenchley,Denver,77,Sr,6039.0,-4.255300000000005,0.1244464908412821,0.1635506028756435,0.2879970937169256
1362,2024,Cameron Brown,Saint Joseph's,77,Sr,2833.0,2.360200000000006,-1.8066989832199476,2.089288378446009,0.2825893952260609
1363,2024,Jaden Brownell,UIC,82,So,2694.0,1.2342000000000013,-1.4891277783472334,1.7546770599641877,0.2655492816169542
1364,2024,Jerome Palm,Valparaiso,82,Sr,2803.0,3.183099999999996,-1.5932761012695762,1.8554261339653049,0.2621500326957284
1365,2024,Maleeck Harden-Hayes,UNC Wilmington,79,Sr,3686.0,-0.895300000000006,5.089656747326382,-4.851292472309941,0.2383642750164405
1366,2024,Melvin Council Jr.,Wagner,76,Jr,3114.0,-8.480199999999996,1.1753543035122105,-0.9389619191133072,0.2363923843989033
1367,2024,DJ Nussbaum,VMI,80,Sr,4891.0,-0.9112999999999972,-1.754767678906889,1.9834429736513024,0.2286752947444137
1368,2024,Eian Elmer,Miami (OH),78,Fr,3327.0,-4.215000000000003,-5.222159208625423,5.442818228681076,0.2206590200556526
1369,2024,Eric Gaines,UAB,74,Jr,3321.0,4.393299999999996,-0.6907460971540909,0.9057571143603314,0.2150110172062405
1370,2024,Corey Washington,Saint Peter's,78,So,1954.0,-4.448300000000003,-1.2692078761992909,1.467398954747697,0.1981910785484064
1371,2024,Landon Glasper,North Carolina A&T,74,So,14458.0,-3.0664000000000016,1.635641860326353,-1.44632831697103,0.1893135433553228
1372,2024,Massal Diouf,UTSA,81,So,2154.0,1.1097999999999928,-3.491346160294968,3.674995206627142,0.183649046332174
1373,2024,Isaiah Johnson,Portland State,78,Jr,4070.0,-4.382899999999992,-2.0435409392586052,2.222926311234089,0.1793853719754836
1374,2024,Darius Burford,Illinois State,75,Sr,3618.0,-0.2172999999999945,2.023543346333192,-1.8483058168153617,0.1752375295178305
1375,2024,Cameron Jernigan,Chicago State,79,Jr,1348.0,-0.158299999999997,-3.701950534009076,3.8729398021839625,0.1709892681748863
1376,2024,Keonte Jones,Cal State Northridge,78,Jr,6699.0,-4.4140000000000015,2.680073876604552,-2.5180192775959247,0.162054599008627
1377,2024,Rylan Jones,Samford,73,Sr,3009.0,-1.8517999999999972,5.454113144885441,-5.293485229522409,0.1606279153630323
1378,2024,Garrett Hicks,Samford,72,Sr,2241.0,-2.6350999999999942,2.7181430674863183,-2.564924619975304,0.1532184475110143
1379,2024,Isaiah Walker,Belmont,77,So,5941.0,2.3232,3.53882459913074,-3.391624192782772,0.1472004063479679
1380,2024,Ben Carlson,Utah,81,Sr,2046.0,9.401200000000005,1.1688697506396428,-1.0230813835069634,0.1457883671326794
1381,2024,Harvin Ibarguen,Northern Illinois,81,Sr,3158.0,-1.8481999999999912,-8.27585777714933,8.420638787136426,0.1447810099870956
1382,2024,David Thomas,Mercer,73,Fr,3950.0,0.1176999999999992,-2.5477215520269,2.6723151911289738,0.1245936391020738
1383,2024,Marcus Hall,Green Bay,78,Fr,4074.0,-3.489399999999989,4.5481459393793715,-4.430020417462629,0.1181255219167427
1384,2024,Marcus Banks Jr.,UMBC,75,Fr,6523.0,-5.48769999999999,-3.919552386663251,4.034164516768618,0.1146121301053666
1385,2024,John Lovelace Jr.,Youngstown State,79,So,3230.0,-5.794299999999993,-0.1036192376014653,0.214027666368306,0.1104084287668407
1386,2024,Aaron Price Jr.,Cal Poly,80,So,3362.0,-1.8799000000000063,-0.7006090408103092,0.8078517010666288,0.1072426602563196
1387,2024,Justin Page,Cal Poly,77,Fr,3870.0,-2.2297999999999973,0.3535263590966568,-0.2562774326515169,0.0972489264451399
1388,2024,Marcus Foster,Furman,77,Sr,4647.0,-0.7708999999999975,-2.49577737684172,2.579853862475293,0.0840764856335729
1389,2024,Berke Buyuktuncel,UCLA,81,Fr,2415.0,11.768600000000006,2.4653340224209748,-2.3901843373324123,0.0751496850885624
1390,2024,Alonzo Dodd,East Texas A&M,73,So,5658.0,-5.250200000000007,-1.652479969667065,1.7254605821671405,0.0729806125000753
1391,2024,Chibuzo Agbo,Boise State,79,Sr,2818.0,9.482299999999997,-0.7278324376737411,0.7969045868579792,0.0690721491842381
1392,2024,Steve Settle III,Temple,82,Jr,5879.0,0.7938000000000045,-2.0098962710021686,2.0777852446720884,0.0678889736699197
1393,2024,Will Pruitt,Lipscomb,75,Jr,10718.0,-3.875199999999992,2.496011208524374,-2.4282413251976784,0.0677698833266955
1394,2024,Elijah Ormiston,South Alabama,80,Jr,11027.0,-2.4093000000000018,1.2546091443411511,-1.1924586201792122,0.0621505241619391
1395,2024,Darius Maddox,George Mason,77,Jr,5291.0,1.7520999999999989,-1.0463233279965558,1.1042015329554251,0.0578782049588695
1396,2024,Xavier Bell,Wichita State,74,Jr,6696.0,3.0272999999999968,-2.850516594952761,2.9028538295312245,0.0523372345784634
1397,2024,Elijah Hutchins-Everett,Seton Hall,83,Jr,1186.0,8.796699999999987,-8.89948850036947,8.925587010854935,0.0260985104854647
1398,2024,Stephan Swenson,Stetson,74,Sr,3612.0,-2.186300000000003,2.3891255661284356,-2.3802533006398834,0.0088722654885522
1399,2024,Sean Hansen,Cornell,81,Sr,1666.0,-0.0478999999999985,-0.8090745098569695,0.8115465162250186,0.0024720063680491
1400,2024,Khalil Brantley,La Salle,73,Jr,7195.0,1.150199999999998,0.6325101282629166,-0.6346196053557014,-0.0021094770927847
1401,2024,Jevin Muniz,Delaware State,,,6801.0,-6.6422000000000025,-0.406236241575892,0.4029896901609957,-0.0032465514148962
1402,2024,Xavier Brown,James Madison,74,So,2071.0,-3.3552999999999997,-2.3262991993893483,2.321031154058776,-0.0052680453305722
1403,2024,Noah Ross,UNC Wilmington,79,So,2899.0,-1.828000000000003,4.348392537865948,-4.361214718540173,-0.0128221806742248
1404,2024,Djahi Binet,Alcorn State,79,Jr,2890.0,-2.397500000000008,-5.26466649264463,5.233625988041776,-0.0310405046028536
1405,2024,Jah Quinones,Mercer,76,So,4733.0,-1.1667000000000058,-4.149875552822081,4.112585058880727,-0.037290493941354
1406,2024,Chuck Harris,SMU,74,Sr,2834.0,4.058199999999999,-1.417061854269218,1.377801781124001,-0.0392600731452168
1407,2024,Koby Jeffries,UT Martin,75,Jr,4085.0,-7.762599999999992,0.2078143466156157,-0.252528017002283,-0.0447136703866672
1408,2024,Justice Hill,Loyola Marymount,72,Sr,4111.0,-0.6003000000000043,-4.773398566579742,4.690383638133495,-0.0830149284462464
1409,2024,Kymany Houinsou,Washington State,79,So,2091.0,6.5672,2.054953691008358,-2.1414401037918074,-0.0864864127834494
1410,2024,DQ Nicholas,Gardner-Webb,71,Sr,6296.0,-0.1201999999999969,-2.6047865406384236,2.508482629091578,-0.0963039115468458
1411,2024,Jeremiah Kendall,Alcorn State,78,Sr,3869.0,-3.485599999999991,4.568890071472779,-4.671640066496935,-0.1027499950241557
1412,2024,Casey Simmons,Yale,78,So,1211.0,1.540199999999999,-1.9782021846706956,1.8736775293818808,-0.1045246552888148
1413,2024,Xavier Johnson,Southern Illinois,73,Sr,7028.0,0.9644999999999868,0.1947251499142777,-0.300652700064779,-0.1059275501505013
1414,2024,John Poulakidas,Yale,77,Jr,2813.0,2.6565999999999974,-5.303338338748135,5.1920777750133205,-0.1112605637348149
1415,2024,Dalton Banks,Illinois State,74,Sr,6018.0,1.1585000000000036,-0.7264329800181214,0.6029229033667816,-0.1235100766513398
1416,2024,Gerald Drumgoole Jr.,Delaware,77,Sr,5506.0,-3.746700000000004,-0.3616373432942126,0.231623099021637,-0.1300142442725755
1417,2024,Parsa Fallah,Southern Utah,81,Jr,4962.0,-0.3910000000000053,8.95966711471986,-9.089968450627952,-0.1303013359080918
1418,2024,Isaiah Griffin,Eastern Illinois,78,Jr,904.0,-4.609200000000001,-0.3260774252824601,0.1914732200087208,-0.1346042052737392
1419,2024,Hunter Cattoor,Virginia Tech,75,Sr,3125.0,9.4054,-0.6273741378969175,0.4813652317930748,-0.1460089061038427
1420,2024,Josh Pascarelli,Marist,75,Fr,4860.0,-7.862899999999996,3.9224110945609736,-4.070381488544959,-0.1479703939839858
1421,2024,Adam Hamilton,Lamar,81,Sr,5108.0,-6.995599999999996,5.9954883206361345,-6.178766219184938,-0.1832778985488037
1422,2024,Keith Lamar,Florida A&M,79,Sr,4053.0,-1.37830000000001,-0.6665795330171866,0.48313672121323,-0.1834428118039566
1423,2024,Greg Jones,American University,78,Fr,3014.0,-11.337699999999998,2.16822593076438,-2.35302460808166,-0.1847986773172802
1424,2024,Tajavis Miller,North Dakota State,76,So,4809.0,-1.6474999999999935,-0.5900051470341139,0.4017931332903596,-0.1882120137437542
1425,2024,Marcus Greene,Houston Christian,74,Jr,5929.0,-2.0105999999999966,-7.543180105891739,7.340160242189501,-0.203019863702238
1426,2024,Jahari Long,Maryland,77,Sr,3282.0,6.9602,2.506113851044518,-2.7218530354209243,-0.2157391843764062
1427,2024,Khamari McGriff,UNC Wilmington,80,Jr,3320.0,-2.0013000000000005,-3.0937218377838427,2.864098151323552,-0.2296236864602905
1428,2024,Amari Kelly,George Mason,81,Sr,4772.0,2.3198000000000008,-3.478072591499676,3.2460678973835515,-0.2320046941161244
1429,2024,Drew Thelwell,Morehead State,75,Jr,3474.0,-4.567700000000002,3.4731258293189544,-3.7202892964773264,-0.247163467158372
1430,2024,Austin Benigni,Navy,70,So,6894.0,-10.845000000000011,-1.2546343688952746,1.0011592187495584,-0.2534751501457162
1431,2024,Terrence Edwards Jr.,James Madison,78,Jr,3013.0,-2.3571999999999917,4.093258579673432,-4.3478604347648755,-0.254601855091443
1432,2024,Cian Medley,Saint Louis,71,Fr,12165.0,4.667400000000001,-0.6490286614640244,0.3617428019021789,-0.2872858595618455
1433,2024,Bostyn Holt,South Dakota,79,Sr,6256.0,-5.3940000000000055,-4.977387066448017,4.683777388111368,-0.2936096783366491
1434,2024,Myles Rigsby,Troy,78,Fr,3793.0,-2.6370000000000005,1.87965825329644,-2.184993302762632,-0.3053350494661919
1435,2024,Trey Campbell,Northern Iowa,76,So,5603.0,4.4214000000000055,-6.50074714909522,6.1784540424435015,-0.3222931066517187
1436,2024,Dez White,Austin Peay,74,Fr,3119.0,-4.383499999999998,3.2113729796759616,-3.5347598159908924,-0.3233868363149308
1437,2024,Duke Miles,High Point,74,Jr,3077.0,-4.086199999999991,-0.970695714171158,0.6403960145647409,-0.3302996996064171
1438,2024,Jayvis Harvey,Tennessee Tech,77,Sr,5767.0,-7.313599999999994,2.814658059455306,-3.1531896254824647,-0.3385315660271586
1439,2024,Christian Davis,Bradley,79,Jr,2409.0,3.615300000000005,-0.725855901615049,0.3832629032889816,-0.3425929983260674
1440,2024,Trey Townsend,Oakland,78,Jr,3875.0,-0.1216000000000008,0.5078245563062098,-0.8527297842945747,-0.3449052279883648
1441,2024,Ubong Okon,Alabama State,85,So,3694.0,-5.4277000000000015,-5.799691455765295,5.448981733030195,-0.3507097227351003
1442,2024,Eric Mulder,Purdue Fort Wayne,80,So,2773.0,-6.574300000000008,3.1033412093480512,-3.4630051047468093,-0.3596638953987581
1443,2024,Braxton Stacker,Southeast Missouri State,77,So,4277.0,-5.5009000000000015,-2.305689925081161,1.936335619510676,-0.3693543055704849
1444,2024,Jackson Fields,Troy,80,So,3839.0,-2.655000000000001,2.6749179969069177,-3.047708242962159,-0.3727902460552412
1445,2024,Andre Snoddy,Stony Brook,78,So,5091.0,-2.0686000000000035,-3.957789446805235,3.576493276785504,-0.3812961700197315
1446,2024,Khaliq Abdul-Mateen,East Texas A&M,73,Jr,3312.0,-2.8125,-3.815177946583112,3.4292522373821015,-0.3859257092010106
1447,2024,Daniel Ortiz,UAB,72,Jr,1684.0,4.263199999999998,-4.4281974029455045,4.040540096886501,-0.3876573060590038
1448,2024,Keenan Fitzmorris,Stony Brook,84,Sr,5142.0,-1.9472999999999985,-8.37095876561402,7.980941453826384,-0.390017311787636
1449,2024,Isaiah Pope,Fresno State,77,Sr,4899.0,6.025599999999997,-2.3262826628059488,1.923089491334024,-0.4031931714719248
1450,2024,Parker Jones,Colgate,78,Fr,1287.0,-6.232900000000001,-2.707484150231493,2.3009028664341766,-0.4065812837973164
1451,2024,Tucker DeVries,Drake,79,Jr,3445.0,2.998599999999996,2.3647092297633487,-2.772496510945982,-0.4077872811826331
1452,2024,Emmanuel Innocenti,Tarleton State,77,Fr,3149.0,-0.2627999999999986,2.649958649743771,-3.077163417009216,-0.4272047672654451
1453,2024,Tyler Bilodeau,Oregon State,81,So,5497.0,8.999399999999994,0.4842182982368204,-0.9140466059980712,-0.4298283077612508
1454,2024,Jahari Williamson,Valparaiso,73,Fr,3781.0,2.980699999999999,7.114910750287928,-7.546956023565317,-0.4320452732773887
1455,2024,Emanuel Richards,Longwood,76,Fr,3284.0,-3.611100000000007,2.607003661561965,-3.046729232749165,-0.4397255711871999
1456,2024,Marcus Rigsby Jr.,Troy,75,So,1226.0,-2.1977999999999867,1.683413018374435,-2.1247039983770595,-0.4412909800026248
1457,2024,DaQuan Smith,Radford,73,Sr,5906.0,-1.7275999999999954,-2.147113374141072,1.6983942897155244,-0.4487190844255475
1458,2024,Tymu Chenery,Binghamton,78,Sr,4720.0,-4.794399999999996,-2.9267084919709907,2.477821707090195,-0.4488867848807958
1459,2024,Nolan Causwell,Southern Indiana,83,Sr,2131.0,-2.3543999999999983,-3.6578215415719626,3.1940909395653874,-0.4637306020065752
1460,2024,Jake Ensminger,Santa Clara,81,So,3805.0,0.3789999999999907,-1.342549772634553,0.8786616544864215,-0.4638881181481314
1461,2024,Viljami Vartiainen,Weber State,78,Fr,2832.0,-3.6212000000000018,2.95594995151317,-3.4265223687091737,-0.4705724171960037
1462,2024,Javian McCollum,Oklahoma,74,Jr,5564.0,8.381600000000006,-2.187238713380049,1.6975914612527254,-0.4896472521273236
1463,2024,Davonte Davis,Arkansas,76,Sr,5047.0,7.83659999999999,-1.1147113579875922,0.6075033708349071,-0.5072079871526851
1464,2024,Lue Williams,Tarleton State,77,Sr,3311.0,0.0013999999999896,-3.571460067339796,3.0565997254921404,-0.5148603418476556
1465,2024,Jayland Randall,Alabama A&M,77,So,1041.0,-5.569400000000002,2.3733256424434135,-2.9022925847802186,-0.5289669423368051
1466,2024,Chuck O'Bannon Jr.,TCU,79,Sr,1327.0,7.751400000000004,-1.2491452656592923,0.7194732200198364,-0.5296720456394559
1467,2024,Elijah Gray,Fordham,80,So,3126.0,0.4868999999999914,-0.5315267137767181,-0.0009356767816254,-0.5324623905583435
1468,2024,Rayquan Brown,Mississippi Valley State,78,Sr,5915.0,-2.276500000000013,-2.1361796627025016,1.5995025489034709,-0.5366771137990307
1469,2024,Jalen Lake,Colorado State,76,Jr,1804.0,9.43140000000001,-3.2738235017802237,2.7104040326490195,-0.5634194691312042
1470,2024,Kolby Granger,Texas Southern,77,So,1141.0,-3.5193999999999903,6.1087678606930105,-6.677181521340155,-0.5684136606471446
1471,2024,Abdullah Olajuwon,Detroit Mercy,77,Fr,2003.0,-1.02709999999999,-0.8534975449835114,0.2745985853843566,-0.5788989595991547
1472,2024,John Egbuta,IU Indianapolis,78,Sr,2848.0,-2.6589000000000027,-2.2890253440193944,1.705901324555341,-0.5831240194640535
1473,2024,Japhet Medor,Fordham,71,Sr,4031.0,0.6610000000000014,2.9865313985419797,-3.598404017056421,-0.6118726185144414
1474,2024,Francesco Borra,UC Davis,84,Jr,2268.0,-2.4315,-3.887731582829076,3.269852588630033,-0.6178789941990428
1475,2024,Robert Lewis,Arkansas-Pine Bluff,81,So,4168.0,-6.515799999999999,-6.705572582117211,6.082252917002828,-0.6233196651143835
1476,2024,Phillip Russell,UT Arlington,72,Jr,4210.0,1.4453999999999922,0.2781405401252123,-0.9058744848618908,-0.6277339447366787
1477,2024,Jake Fiegen,Cornell,76,Fr,1138.0,-1.0869,-3.9076842608969207,3.2732396221981133,-0.6344446386988074
1478,2024,Jared Bynum,Stanford,70,Sr,2838.0,3.558800000000005,2.862537771018459,-3.5078443809432507,-0.6453066099247917
1479,2024,Ademide Badmus,Gardner-Webb,79,Jr,3769.0,-0.9221000000000004,0.2381627453563068,-0.8903050452733896,-0.6521422999170827
1480,2024,Jacobi Wright,South Carolina,74,Jr,2136.0,7.076300000000003,-1.1899341188304762,0.5271021369491975,-0.6628319818812787
1481,2024,Keli Leaupepe,Loyola Marymount,78,Sr,3746.0,0.541000000000011,-2.631295936573459,1.966335690316805,-0.664960246256654
1482,2024,Max Shulga,VCU,77,Sr,1884.0,5.087400000000002,1.666598705696496,-2.358855311954845,-0.6922566062583493
1483,2024,Braeden Carrington,Minnesota,77,So,2311.0,7.572099999999992,1.47773629523701,-2.1808503460113364,-0.7031140507743265
1484,2024,Vonterius Woolbright,Western Carolina,78,Sr,13086.0,-1.700499999999991,-2.4245216292387473,1.6877733719278174,-0.7367482573109299
1485,2024,Marcus Tankersley,Detroit Mercy,76,So,6726.0,-1.3920999999999992,-0.4826515631210886,-0.2557490644789075,-0.7384006275999961
1486,2024,Dyson Koehler,Weber State,79,Jr,6287.0,-3.815600000000003,4.203832930118678,-4.948843604736074,-0.7450106746173955
1487,2024,Aric Demings,Utah Tech,72,Fr,5134.0,-0.9487000000000024,2.5369141133739026,-3.297941982128063,-0.7610278687541605
1488,2024,Honor Huff,Chattanooga,70,So,6967.0,-2.3223999999999876,-5.552227731382309,4.772738680433865,-0.7794890509484436
1489,2024,Hantz Louis-Jeune,Florida A&M,,,3030.0,-1.0379999999999967,1.9907153397250703,-2.771604482387003,-0.7808891426619327
1490,2024,TJ Gadsden,Canisius,79,Jr,4132.0,-3.8434000000000026,1.7976866103261977,-2.5817444206711304,-0.7840578103449327
1491,2024,Jason Edwards,North Texas,72,So,2855.0,5.290700000000001,3.0030774552807378,-3.8037070886274886,-0.8006296333467509
1492,2024,DJ Jackson,IU Indianapolis,76,So,3418.0,-4.895400000000009,-4.287202123049569,3.482059383216094,-0.8051427398334754
1493,2024,Ocypher Owens,Le Moyne,80,Jr,3084.0,-5.489199999999997,4.2569985242047075,-5.064605808285365,-0.8076072840806576
1494,2024,Themus Fulks,Louisiana,73,Jr,5768.0,0.1277000000000043,3.757252559005763,-4.566816230719626,-0.809563671713863
1495,2024,Tra'Michael Moton,Grambling,73,Sr,3132.0,-4.204900000000009,1.333251604972156,-2.160790946176899,-0.8275393412047429
1496,2024,Bryce Thompson,Oklahoma State,78,Sr,5020.0,5.4140000000000015,-3.709545507655936,2.8780722295941947,-0.8314732780617415
1497,2024,Kylan Blackmon,Coastal Carolina,75,Sr,7208.0,-2.594999999999999,-3.62845652752916,2.77017050391838,-0.8582860236107801
1498,2024,Jakevion Buckley,Lamar,73,Jr,3105.0,-6.829599999999999,-0.9176278723255572,0.0569491470944987,-0.8606787252310584
1499,2024,Keon Thompson,Massachusetts,73,So,4966.0,0.906800000000004,4.013736507711594,-4.893423065607173,-0.879686557895579
1500,2024,Romad Dean,Fordham,79,So,3170.0,2.0083000000000055,-1.3403524133594074,0.460456891488858,-0.8798955218705493
1501,2024,Jaykwon Walton,Memphis,79,Sr,12601.0,4.149199999999993,2.0036762572403943,-2.8842842879264134,-0.8806080306860191
1502,2024,Lu'Cye Patterson,Charlotte,74,Sr,4839.0,2.940899999999999,-1.4630266359109003,0.5720474788942567,-0.8909791570166439
1503,2024,Brandton Chatfield,Seattle U,82,Jr,2568.0,-0.9784999999999968,-5.300488890803762,4.397573665298442,-0.9029152255053204
1504,2024,Stephaun Walker,Robert Morris,79,So,8194.0,-3.9672000000000054,1.518289329744543,-2.4274395634131976,-0.9091502336686546
1505,2024,Alex Schumacher,Seattle U,75,Sr,3328.0,-1.309999999999988,4.356602782692976,-5.278177468672607,-0.921574685979631
1506,2024,Te'Jon Sawyer,Montana,80,Jr,1575.0,-3.0275999999999925,-4.360368780945753,3.4297248647566843,-0.9306439161890684
1507,2024,Nick Honor,Missouri,70,Sr,5996.0,8.603099999999998,-2.609438798307508,1.678461353366553,-0.9309774449409548
1508,2024,Bol Dengdit,Portland,83,Fr,4788.0,3.722000000000008,-10.598993983736106,9.660354456377451,-0.9386395273586547
1509,2024,Sahvir Wheeler,Washington,69,Sr,6893.0,10.197199999999995,-0.7593852889019859,-0.1849036770108156,-0.9442889659128016
1510,2024,Jake Kyman,Eastern Washington,79,Sr,5754.0,-2.4328000000000003,0.0361619308510414,-0.9846026307582482,-0.9484406999072068
1511,2024,Jared Frey,Stony Brook,76,So,4584.0,-1.6717000000000013,1.695210689377633,-2.6510026698474385,-0.9557919804698054
1512,2024,Camaron Tongue,Santa Clara,79,Jr,2328.0,1.662300000000002,0.6147183676413371,-1.5798060009986967,-0.9650876333573596
1513,2024,Tavari Johnson,Akron,71,So,1122.0,-1.4345,-2.1263204099915525,1.1504798771164346,-0.9758405328751178
1514,2024,Bobby Durkin,Davidson,79,Fr,8949.0,3.3016000000000076,0.9671300526811222,-1.964673472600095,-0.9975434199189728
1515,2024,Jaylen Crocker-Johnson,Little Rock,80,Fr,2323.0,-9.184799999999996,-7.457216152039031,6.452131426573956,-1.0050847254650748
1516,2024,Bryce Butler,Charleston,77,Sr,2068.0,-1.6450000000000102,1.7041462521113626,-2.7097454186894128,-1.0055991665780502
1517,2024,Terrance Thompson,SIU Edwardsville,80,Jr,3760.0,-6.188299999999998,-6.513899873583912,5.5045671447021025,-1.0093327288818097
1518,2024,Jalen Pitre,Pepperdine,80,So,2006.0,2.6393000000000058,-2.3307764440977223,1.2977181384183174,-1.033058305679405
1519,2024,Jason Rivera-Torres,Vanderbilt,79,Fr,2778.0,9.1879,0.9288732890982554,-1.9684470938813572,-1.0395738047831018
1520,2024,Taryn Todd,Arkansas State,77,So,2888.0,0.3670000000000044,-3.4039351950853014,2.362720968220619,-1.0412142268646822
1521,2024,K.J. Hymes,Nevada,82,Sr,1397.0,5.194999999999993,-4.962973908458071,3.916217401329284,-1.0467565071287872
1522,2024,Dillon Bailey,Wofford,74,Jr,5461.0,-0.6603999999999957,1.153258568653436,-2.2046866178877,-1.0514280492342638
1523,2024,Nate Brafford,Georgia Southern,81,So,4182.0,-0.9221000000000004,0.9169317014200584,-1.9793134699538817,-1.062381768533823
1524,2024,Clark Slajchert,Pennsylvania,73,Sr,4744.0,-0.5241000000000042,1.2797173162772233,-2.3474342538277715,-1.0677169375505482
1525,2024,Sam Lewis,Toledo,78,Fr,2368.0,-1.8652999999999904,-4.355562177442305,3.2814034592287307,-1.0741587182135746
1526,2024,Austin Crowley,Southern Miss,77,Sr,6361.0,-2.0889000000000095,1.8463314880915291,-2.9320659539695217,-1.0857344658779926
1527,2024,Gediminas Mokseckas,Campbell,76,Sr,5240.0,-5.319199999999995,0.0049340434703579,-1.1196951442468532,-1.1147611007764953
1528,2024,Thomas Batties III,Harvard,79,Fr,3470.0,-1.5562999999999931,-1.3635153016926096,0.232898295892176,-1.1306170058004334
1529,2024,Luke Appel,South Dakota State,80,Sr,2721.0,-2.3001000000000005,-0.0264948622236624,-1.1140126118296925,-1.140507474053355
1530,2024,DJ Davis,Butler,73,Sr,2795.0,10.93249999999999,2.6050488624608064,-3.753250418698668,-1.1482015562378618
1531,2024,David Coit,Northern Illinois,71,Jr,6674.0,-0.5900000000000034,0.0479484481565298,-1.197363032402612,-1.149414584246082
1532,2024,Javan Simmons,Toledo,79,So,6269.0,-1.9890000000000043,1.5096699902315591,-2.6702281075795167,-1.1605581173479576
1533,2024,Tyreek Smith,SMU,80,Jr,1809.0,3.1938999999999993,-3.4150941604609035,2.212173595377496,-1.2029205650834074
1534,2024,Justin Bailey,South Carolina Upstate,75,So,5628.0,-1.691900000000004,3.3462485137285327,-4.578399805523443,-1.23215129179491
1535,2024,Raymond Espinal-Guzman,Sacred Heart,80,Jr,2104.0,-7.507999999999996,-1.2577220951336363,0.0084233137366958,-1.2492987813969405
1536,2024,Dominique Ford,Southern Utah,77,Jr,7988.0,0.4084000000000003,0.6700935286183283,-1.921668740529274,-1.2515752119109458
1537,2024,P.J. Haggerty,Tulsa,75,Fr,4273.0,-1.575400000000002,1.8046966079168656,-3.0570496545645773,-1.2523530466477115
1538,2024,Charles Pride,St. Bonaventure,76,Sr,5241.0,3.786699999999996,-2.954215646321991,1.6857614415607485,-1.2684542047612426
1539,2024,Jlynn Counter,IU Indianapolis,75,Jr,4754.0,-3.6248999999999967,-0.7164457375175153,-0.5557299423338927,-1.272175679851408
1540,2024,Elijah Jones,Green Bay,79,Jr,4220.0,-3.343599999999995,-2.4521034850542245,1.1696968037573834,-1.282406681296841
1541,2024,Lucas Taylor,Georgia State,77,So,6270.0,-1.649000000000001,-2.246109034504456,0.9567474838024947,-1.2893615507019611
1542,2024,Tunde Vahlberg Fasasi,La Salle,80,Fr,4685.0,1.968199999999996,1.4197909033822391,-2.7116819248996085,-1.2918910215173691
1543,2024,Alex Williams,Furman,77,Jr,4636.0,0.2124000000000023,-0.965784251230288,-0.3317931346432801,-1.2975773858735682
1544,2024,Corey Chesley,VMI,77,Fr,3522.0,0.0812999999999988,-3.0633810755756876,1.7645902448840485,-1.2987908306916394
1545,2024,Erik Pratt,Milwaukee,77,Jr,6144.0,-3.258899999999997,-4.918776800214728,3.610577431030423,-1.3081993691843046
1546,2024,Golden Dike,Loyola Maryland,82,Sr,4270.0,-6.529600000000002,-3.085050909392903,1.7767218382548648,-1.3083290711380382
1547,2024,August Mahoney,Yale,76,Sr,2478.0,2.4757999999999925,-2.1056165928160206,0.7871286898259475,-1.3184879029900731
1548,2024,Oakland Fort,Northern Arizona,70,So,6083.0,-3.818399999999997,-1.36668889453229,0.0333150302671358,-1.333373864265154
1549,2024,Makai Willis,UL Monroe,81,Jr,2662.0,0.4081999999999937,1.2091684690951414,-2.5500856680039323,-1.340917198908791
1550,2024,Deandre Smart,Elon,78,So,1784.0,-4.939999999999998,1.9408424634937829,-3.292665071866846,-1.3518226083730631
1551,2024,Joe Pridgen,Northeastern,77,Sr,2314.0,-0.480400000000003,5.114886081076364,-6.475777006745289,-1.360890925668925
1552,2024,Reggie Ward Jr.,Bethune-Cookman,78,Jr,2064.0,-8.144499999999994,0.409130303571017,-1.787728968864454,-1.378598665293437
1553,2024,Jaylen Murray,Ole Miss,71,Jr,6268.0,8.099199999999996,-4.275736970093814,2.8893329096779357,-1.3864040604158787
1554,2024,Julius Ellerbe III,Eastern Michigan,79,Jr,6360.0,-4.015900000000002,-1.232453013832117,-0.1545569410234042,-1.3870099548555213
1555,2024,Frank Staine,Stephen F. Austin,78,Jr,3900.0,-1.0002000000000066,2.7614991747821276,-4.149482455872732,-1.3879832810906048
1556,2024,AJ Clayton,Ohio,79,Jr,5319.0,-4.841400000000007,-2.2476212993200937,0.8444047699863644,-1.403216529333729
1557,2024,Andrew Welage,Wright State,78,Sr,2691.0,-2.096199999999996,-0.4319355811778501,-0.9770763721403066,-1.4090119533181569
1558,2024,Kalen Williams,East Texas A&M,74,Sr,6851.0,-5.00500000000001,4.395051457436615,-5.805021720008286,-1.4099702625716706
1559,2024,Alem Huseinovic,Rice,76,Sr,5216.0,1.7151000000000067,0.3793972806626431,-1.7897139070788342,-1.410316626416191
1560,2024,DJ Richards Jr.,McNeese,76,So,1893.0,-5.3292,-1.2702944175531476,-0.1526574440635268,-1.4229518616166743
1561,2024,Nobal Days,Charleston Southern,81,Sr,1881.0,-1.0388999999999982,-2.8136605727336885,1.3701930969087053,-1.4434674758249832
1562,2024,Zine Eddine Bedri,Columbia,81,So,1847.0,-3.2242999999999995,-4.431017561660466,2.9868548029497006,-1.4441627587107655
1563,2024,Kendall Campbell,Elon,80,Fr,2158.0,-3.1494,-8.24876748146569,6.80085512035654,-1.4479123611091491
1564,2024,Henry Abraham,Coastal Carolina,72,Sr,2989.0,-2.686099999999996,2.078845207061189,-3.530895877126492,-1.452050670065303
1565,2024,Trevon Reddish-Rhone,Presbyterian,76,Sr,2929.0,-4.957300000000004,-0.2619058176202502,-1.1915642154237074,-1.4534700330439576
1566,2024,Bryce Johnson,Northeastern,75,So,1330.0,-6.593699999999998,5.179314733075479,-6.6441141406432465,-1.4647994075677673
1567,2024,Cyrus Largie,Florida Gulf Coast,75,Sr,3654.0,-3.3933999999999997,-4.7257162671166135,3.2419119975587254,-1.483804269557888
1568,2024,Kristian Gonzalez,Idaho,75,Fr,2546.0,-4.969099999999997,2.7543656511215007,-4.241792707210914,-1.4874270560894134
1569,2024,Kendall Lewis,Illinois State,80,Sr,4790.0,0.442300000000003,2.680679723461634,-4.169922947848294,-1.4892432243866596
1570,2024,Houston Mallette,Pepperdine,77,Jr,6014.0,1.825400000000002,0.3797326210810192,-1.8803716940525907,-1.5006390729715715
1571,2024,Louis Bleechmore,Fairfield,78,Sr,2292.0,-5.233800000000002,0.2285029804777654,-1.737127092123683,-1.5086241116459176
1572,2024,Isaiah Griffin,Idaho State,78,Jr,6195.0,-4.609200000000001,-1.1358834779062073,-0.3818476602056038,-1.517731138111811
1573,2024,Jayden Ndjigue,Massachusetts,76,Fr,4419.0,0.7456999999999994,-5.922260553473041,4.384484566194928,-1.5377759872781134
1574,2024,Jaden Campbell,Samford,76,Sr,2326.0,-0.7464000000000084,-7.003600488205751,5.456696459336075,-1.546904028869676
1575,2024,Josh Cohen,Massachusetts,82,Sr,5288.0,0.7506999999999948,-5.991892172200385,4.439007531353343,-1.5528846408470418
1576,2024,Alden Applewhite,Murray State,79,Jr,2258.0,2.980000000000004,5.337706780067775,-6.893465742905351,-1.5557589628375768
1577,2024,Adam Moussa,Tarleton State,75,Jr,1076.0,-1.3179999999999978,-1.7766543084899475,0.206488770695699,-1.5701655377942485
1578,2024,Tuukka Jaakkola,Cal Poly,82,Sr,3372.0,-2.0224000000000046,-7.168579116866914,5.580473372049425,-1.5881057448174891
1579,2024,LJ Wells,Northern Kentucky,80,So,5415.0,-3.804699999999997,-3.1332811331447767,1.5361582020775697,-1.597122931067207
1580,2024,Kidtrell Blocker,IU Indianapolis,77,Jr,3456.0,-3.7612000000000023,0.7581002972734368,-2.35797964943697,-1.599879352163533
1581,2024,Conor Enright,Drake,74,So,2449.0,3.413799999999995,-5.804155546117225,4.198200669017455,-1.6059548770997705
1582,2024,Myles Stute,South Carolina,78,Jr,1787.0,3.859000000000009,-5.169807825686507,3.563434248828794,-1.6063735768577132
1583,2024,Chase Robinson,Cleveland State,73,Sr,1909.0,-4.369399999999999,1.1687239033926335,-2.775154622955477,-1.6064307195628436
1584,2024,Savion Lewis,Quinnipiac,73,Sr,6740.0,-7.2761,1.240523630868683,-2.848966135830898,-1.6084425049622153
1585,2024,Cli'Ron Hornbeak,Kent State,81,Jr,2118.0,-2.125,-1.6177276357962538,0.0008482424802278,-1.616879393316026
1586,2024,Enoch Kalambay,Western Kentucky,78,Jr,2121.0,-2.2689999999999912,0.0496551993290733,-1.6710768593002805,-1.6214216599712072
1587,2024,Lance Waddles,North Dakota State,76,So,2253.0,-2.5964000000000027,2.0497071869448904,-3.679916006666601,-1.6302088197217106
1588,2024,Javon Jackson,Utah State,75,So,1056.0,1.032899999999998,0.2507851830042388,-1.8819740871481625,-1.6311889041439236
1589,2024,Tuburu Naivalurua,Oakland,78,Jr,1454.0,-3.134600000000006,1.8550514877493536,-3.5117928933167177,-1.6567414055673644
1590,2024,Isiah Kirby,Portland State,76,Sr,3590.0,-5.125799999999998,3.144861505745772,-4.804625065880709,-1.6597635601349363
1591,2024,Josh Banks,UNC Asheville,77,Jr,5927.0,-1.8145000000000095,0.9876215766684115,-2.6475033005564312,-1.6598817238880197
1592,2024,Mekhi Cooper,Miami (OH),73,Fr,4793.0,-5.253799999999998,1.675010252821993,-3.350352939850326,-1.675342687028333
1593,2024,Isa Silva,Long Beach State,76,Jr,1618.0,-2.2205999999999904,3.221216412025408,-4.8978221733389695,-1.6766057613135614
1594,2024,Amar'e Marshall,UAlbany,76,So,13034.0,-4.280799999999999,0.4606815391328736,-2.1386908526503836,-1.67800931351751
1595,2024,Alex Ducas,Saint Mary's,79,Sr,2596.0,3.857199999999992,-4.942849111681434,3.2533529336851728,-1.689496177996261
1596,2024,Marquis Barnett,Presbyterian,76,Jr,3178.0,-4.822200000000009,-3.13669281892921,1.4463617896943988,-1.6903310292348106
1597,2024,K.J. Doucet,Winthrop,79,Jr,17132.0,-1.5692000000000093,-2.336511959374598,0.6457867164040678,-1.6907252429705304
1598,2024,Duane Posey,Northwestern State,79,Sr,2886.0,-7.706100000000006,-3.076836624323522,1.3849013658996698,-1.691935258423852
1599,2024,Harrison Ingram,North Carolina,79,So,3617.0,12.365499999999995,-1.1633658263599314,-0.5373369961730763,-1.7007028225330076
1600,2024,Joryam Saizonou,UNC Greensboro,75,Jr,3741.0,-2.7742999999999967,3.877533734987468,-5.5824990806675565,-1.7049653456800886
1601,2024,Sam Alamutu,Vermont,77,Jr,1566.0,-1.6169999999999902,3.589378957429692,-5.304009276436747,-1.714630319007055
1602,2024,Daniel Rouzan,Manhattan,80,So,4653.0,-3.4927000000000135,2.9297516670976687,-4.650000376002421,-1.720248708904752
1603,2024,Jordan Marsh,App State,71,Fr,1205.0,-1.917599999999993,-2.309783667108028,0.5885853953284739,-1.721198271779554
1604,2024,Zhuric Phelps,SMU,76,Jr,2829.0,3.329899999999995,2.678238284237034,-4.401227962070189,-1.7229896778331557
1605,2024,PJ Henry,Texas Southern,70,Sr,2050.0,-6.5523000000000025,1.874127008908542,-3.5992655657801804,-1.7251385568716384
1606,2024,Bryce Johnson,UMBC,75,So,2381.0,-6.593699999999998,3.9867869321349216,-5.713904287159455,-1.7271173550245331
1607,2024,Chris Conway,Oakland,81,Jr,2735.0,0.4610000000000127,-3.190922374581146,1.4567388166131643,-1.7341835579679816
1608,2024,Jamond Vincent,New Orleans,76,So,4879.0,-5.230099999999993,3.4875627359669075,-5.2279236561822415,-1.740360920215334
1609,2024,Jared Barnett,Cal State Northridge,73,Sr,3105.0,-5.875199999999992,-2.5214175030771195,0.7658379821162171,-1.7555795209609024
1610,2024,Liam Lloyd,Northern Arizona,77,Jr,5505.0,-2.7804,2.965798424883406,-4.72411092516022,-1.758312500276814
1611,2024,Darren Buchanan Jr.,George Washington,79,Fr,5653.0,-1.102000000000004,2.263860654177212,-4.024439942026456,-1.760579287849244
1612,2024,Antonio Thomas,Evansville,74,Sr,2901.0,2.0570999999999913,1.65939436414367,-3.420741055357963,-1.761346691214293
1613,2024,Ben Hendriks,Ball State,82,Jr,2806.0,-7.593900000000005,-5.244719213613596,3.4830095054901875,-1.7617097081234083
1614,2024,Elijah Buchanan,NJIT,77,Sr,4095.0,-2.5232000000000028,-2.9571916787800285,1.19209093567376,-1.7651007431062684
1615,2024,Jalyke Gaines-Wyatt,Alcorn State,72,Fr,2740.0,-5.7076999999999884,4.010122082327473,-5.798481723850525,-1.7883596415230525
1616,2024,Diante Wood,Tennessee Tech,76,Sr,3455.0,-7.324100000000001,-2.1494885486235265,0.3523123478006544,-1.797176200822872
1617,2024,Jamal Mashburn Jr.,New Mexico,74,Sr,2332.0,8.303799999999995,-0.8570216980887873,-0.952574637181332,-1.8095963352701192
1618,2024,Blondeau Tchoukuiegno,California Baptist,74,Jr,11741.0,-1.2783999999999909,2.7126000355514925,-4.5224583197830714,-1.809858284231579
1619,2024,Sir Issac Herron,Oral Roberts,81,Jr,3762.0,-1.803200000000004,-2.464057632086472,0.6514161981512875,-1.8126414339351844
1620,2024,Jack Mielke,Southern Indiana,79,Jr,6165.0,-6.630900000000011,1.1589326136557003,-2.9803281191014213,-1.8213955054457207
1621,2024,Paul Mulcahy,Washington,78,Sr,5198.0,8.983699999999999,1.1248241379175257,-2.9625828789996183,-1.8377587410820928
1622,2024,Max Brooks,UMass Lowell,79,Sr,5380.0,-5.554299999999998,3.6990120374832953,-5.537601387072538,-1.8385893495892427
1623,2024,Raymond Somerville,Delaware State,,,6785.0,-4.881200000000007,-4.931770279694907,3.092498134997922,-1.8392721446969853
1624,2024,Rex Sunderland,New Hampshire,76,So,4350.0,-2.0915999999999997,0.6378533913889008,-2.487555771143815,-1.849702379754914
1625,2024,Trejon Ware,Arkansas-Pine Bluff,69,Jr,8857.0,-9.489500000000008,-1.2647262956707652,-0.6024636412398063,-1.8671899369105716
1626,2024,Hansel Enmanuel,Austin Peay,78,So,1206.0,-2.20580000000001,-2.2275953738102108,0.3569687513609194,-1.8706266224492911
1627,2024,Walyn Napper,Longwood,73,Sr,5723.0,-3.4303000000000026,1.2353578436705202,-3.115572840764228,-1.880214997093708
1628,2024,Justus Jackson,UT Martin,73,Jr,2090.0,-2.0903999999999883,2.205413113619491,-4.095886895893106,-1.8904737822736144
1629,2024,Leo DeBruhl,UC Davis,74,Jr,3974.0,-3.1655000000000086,1.2190737828574902,-3.120299813988802,-1.9012260311313116
1630,2024,Mekhi Collins,Nicholls,80,Jr,3587.0,-4.589700000000008,-1.2830578855378474,-0.6276168857093283,-1.9106747712471757
1631,2024,Moses Flowers,St. Bonaventure,75,Sr,4695.0,1.7511999999999972,-1.165721920101744,-0.7475583829578584,-1.9132803030596024
1632,2024,Lesown Hallums Jr.,Pacific,74,Sr,12128.0,-2.1631,0.487568778198254,-2.4051735384097808,-1.9176047602115267
1633,2024,Dallas Graziani,Samford,69,Jr,2164.0,-2.4871000000000123,-1.7967580880610388,-0.121055723347681,-1.91781381140872
1634,2024,Louie Semona,Stonehill,80,Fr,3464.0,-5.107500000000002,4.138199681369405,-6.061058146978574,-1.9228584656091696
1635,2024,Kyle Rode,Liberty,79,Sr,6476.0,-0.2169999999999987,-4.423832057849003,2.4964886264197483,-1.9273434314292544
1636,2024,Sam Hines Jr.,South Florida,78,Jr,1522.0,-1.154999999999987,-3.0811351644026748,1.153480402820025,-1.9276547615826496
1637,2024,Isaiah Hawthorne,San Francisco,80,Sr,1193.0,-2.52470000000001,1.3332659251499703,-3.270039696584771,-1.9367737714348008
1638,2024,Mike Sharavjamts,San Francisco,81,So,2536.0,-0.2643000000000057,-1.7771447663328577,-0.1635257024808962,-1.940670468813754
1639,2024,Lucas Stieber,Gardner-Webb,75,Sr,5780.0,0.592400000000012,-5.09469910750067,3.153499283170729,-1.9411998243299409
1640,2024,Javonte Brown,Western Michigan,84,So,2061.0,-6.058400000000006,-1.1833236461722674,-0.7657433582060396,-1.949067004378307
1641,2024,Tevin Smith,Cleveland State,76,So,2427.0,-3.5952000000000055,-0.6340571254253589,-1.3194987026955476,-1.9535558281209064
1642,2024,Aquan Smart,Southeast Missouri State,75,Jr,4585.0,-5.348200000000006,-1.3316300329439317,-0.6225168931518898,-1.9541469260958215
1643,2024,Lorenzo Donadio,American University,76,Sr,5274.0,-9.6811,2.378995637657516,-4.342781034810908,-1.9637853971533925
1644,2024,Brian Goracke,Montana State,77,Jr,3130.0,-3.937299999999994,-0.972831578230578,-1.006575383740575,-1.9794069619711532
1645,2024,Julian Larry,Indiana State,75,Jr,4125.0,2.9061999999999983,4.719059024318053,-6.7049959827464995,-1.9859369584284463
1646,2024,Jason Fontenet II,UC Santa Barbara,78,Fr,2056.0,-3.0244,3.193760447908853,-5.182819887666438,-1.9890594397575856
1647,2024,Ivan Reynolds,Jacksonville State,76,Jr,6240.0,-2.7846000000000117,-2.7250369750171375,0.7278272441854186,-1.997209730831719
1648,2024,T.J. Weeks Jr.,Rider,76,Sr,4164.0,-2.852800000000002,4.151255776109694,-6.163162898457157,-2.0119071223474636
1649,2024,Sherif Gross-Bullock,Bryant,76,Sr,7382.0,-2.2587000000000046,-2.591231244719512,0.5686389940927858,-2.022592250626726
1650,2024,Pano Pavlidis,Stonehill,80,Sr,3670.0,-4.997900000000001,0.6148404102612435,-2.637605803476098,-2.022765393214854
1651,2024,Kyle Jenkins,Lafayette,79,Sr,5468.0,-5.7623999999999995,0.2974781794831118,-2.3251884463865427,-2.027710266903431
1652,2024,Marcus Tsohonis,Long Beach State,75,Sr,3073.0,-0.1177000000000134,1.0339410425419897,-3.0777874703161925,-2.043846427774203
1653,2024,Xavier Amos,Northern Illinois,79,So,4866.0,-0.0644000000000062,0.3705531512002207,-2.4161675460483942,-2.0456143948481733
1654,2024,Idan Tretout,Iona,76,Sr,4615.0,-5.028100000000009,1.145473538045349,-3.1918371179420864,-2.0463635798967377
1655,2024,Traivar Jackson,Tarleton State,78,Jr,1220.0,-1.1385999999999967,2.1390924470338093,-4.201992654210467,-2.0629002071766576
1656,2024,Brandon Stroud,South Florida,78,Sr,2129.0,1.1240999999999983,1.5578627763468424,-3.62791975138349,-2.0700569750366475
1657,2024,DaJion Humphrey,Bowling Green,76,Sr,2186.0,-6.7930999999999955,1.7914840122853877,-3.8643996930557254,-2.072915680770338
1658,2024,Devin Gordon,North Carolina Central,77,Jr,2956.0,-10.4191,-1.9326654012257596,-0.1538891124931938,-2.086554513718953
1659,2024,Ofure Ujadughele,UC Irvine,75,Sr,1243.0,-0.5610999999999962,-3.520860080999052,1.433328625710566,-2.0875314552884863
1660,2024,Jadin Collins,Marist,,,5095.0,-7.495400000000004,4.590604489423356,-6.7242226064874515,-2.1336181170640955
1661,2024,Rongie Gordon,Kennesaw State,80,So,3892.0,-4.723199999999991,-6.244528497594359,4.11033372925832,-2.134194768336039
1662,2024,Kyler Filewich,Wofford,81,Sr,5235.0,-0.3307999999999964,-3.0583144562255673,0.92265225117635,-2.1356622050492176
1663,2024,Wisler Sanon II,St. Francis (PA),76,So,3638.0,-4.1422000000000025,-0.0013440939697608,-2.140884333695174,-2.142228427664935
1664,2024,Jermaine Marshall,Samford,78,Sr,1397.0,-0.9869000000000056,0.2247310663601978,-2.367066867419294,-2.1423358010590965
1665,2024,Jordan O'Neal,Jackson State,79,Sr,7299.0,-6.192700000000002,5.101720670376241,-7.248061488258865,-2.146340817882624
1666,2024,Steven Kramer,South Dakota,78,Fr,3202.0,-5.153700000000001,0.0233593216798126,-2.1717978784880363,-2.1484385568082236
1667,2024,Blake Lampman,Oakland,75,Sr,2784.0,0.4376000000000033,-4.275597205139688,2.1132978555300515,-2.1622993496096363
1668,2024,Jordan McKoy,Merrimack,77,Sr,4292.0,-8.640500000000003,1.023839608569039,-3.205180671829752,-2.181341063260713
1669,2024,Trevian Tennyson,TCU,76,Sr,2523.0,8.325900000000004,0.0337733647105977,-2.2276402799871544,-2.1938669152765566
1670,2024,Xaivian Lee,Princeton,75,So,1855.0,-0.1995999999999895,-2.6361858451454143,0.4213814800494337,-2.214804365095981
1671,2024,Janko Bulajic,Lamar,,,2516.0,-8.110500000000002,6.366918655187419,-8.58199350798932,-2.2150748528019015
1672,2024,Kevin Patton Jr.,San Diego,80,Fr,4234.0,0.5061000000000035,-1.5119987788578444,-0.7166132051363023,-2.2286119839941465
1673,2024,Kalil Thomas,Morehead State,77,Sr,3294.0,-4.482699999999994,-0.5018851132519657,-1.7365063080775638,-2.2383914213295295
1674,2024,Jamar Brown,Kansas City,77,Jr,6594.0,-3.956400000000002,-2.6761471168694864,0.431401042967465,-2.2447460739020215
1675,2024,Jalin Rice,Cleveland State,73,So,1255.0,-4.9942999999999955,-2.958420717070195,0.7100481247749051,-2.24837259229529
1676,2024,Marcus Williams,San Francisco,74,Sr,3093.0,0.5375999999999976,0.6392111289134588,-2.891447373207294,-2.252236244293835
1677,2024,Kezza Giffa,High Point,74,Jr,3370.0,-4.118400000000008,-1.1853803933326486,-1.0783879599268378,-2.2637683532594863
1678,2024,Tyrell Jones,South Alabama,74,Sr,20530.0,-3.629499999999993,-0.7736949299162321,-1.4949731953740413,-2.268668125290273
1679,2024,Truth Harris,Radford,74,Jr,2794.0,-2.3031000000000006,0.4662267139307974,-2.7414161587547934,-2.275189444823996
1680,2024,Brandon Noel,Wright State,80,So,7099.0,-3.0656999999999925,3.2103848337858336,-5.490542191226982,-2.2801573574411487
1681,2024,Jourdan Smith,Grambling,79,Sr,2670.0,-8.027100000000004,-1.694910591011766,-0.5922319346445573,-2.287142525656323
1682,2024,Trent Johnson,Idaho State,78,Jr,2433.0,-4.210800000000006,-0.0387212536891876,-2.2514789765113696,-2.2902002302005573
1683,2024,Gestin Liberis,St. Francis (PA),81,So,2890.0,-4.872500000000002,-0.2996736886429318,-1.9931899494405976,-2.292863638083529
1684,2024,Caleb Hunter,Mercer,70,Jr,3417.0,-1.2741000000000042,-3.5515661989192937,1.2561663018473566,-2.295399897071938
1685,2024,Ian Motta,Bucknell,78,Jr,2443.0,-6.0154,0.8088542565153283,-3.1102891098684653,-2.301434853353137
1686,2024,Elijah Elliott,UT Rio Grande Valley,73,Jr,9278.0,0.6272999999999911,2.8194659892797036,-5.126957608788311,-2.3074916195086077
1687,2024,Drayton Jones,South Carolina State,83,Fr,3772.0,-3.359000000000009,-8.956014573876509,6.6368302046179775,-2.319184369258531
1688,2024,Isaac McKneely,Virginia,76,So,2843.0,10.128,-0.9494768523618556,-1.371855221135057,-2.3213320734969125
1689,2024,Tyler Harris,Richmond,79,Sr,1269.0,1.3809000000000111,0.919983171702468,-3.2540078962051027,-2.3340247245026347
1690,2024,Dalen Ridgnal,Wichita State,78,Sr,4461.0,3.1980000000000075,0.5268595336597443,-2.8647487609761857,-2.3378892273164413
1691,2024,Avery Wilson,SE Louisiana,76,Sr,1827.0,-3.0182000000000073,-1.7978962745984264,-0.5715905965907127,-2.369486871189139
1692,2024,Dallas Hobbs,Mount St. Mary's,73,Fr,3032.0,-7.704800000000006,2.2444180355418304,-4.619100394220977,-2.374682358679147
1693,2024,Ben Gregg,Gonzaga,82,Jr,2318.0,4.904399999999995,1.5349179348993598,-3.911066118684716,-2.3761481837853564
1694,2024,Mason Nicholson,Jacksonville State,82,Jr,4155.0,-1.8443999999999932,0.4765513786054905,-2.858204265084228,-2.3816528864787374
1695,2024,Robert Ford III,Montana State,72,Sr,3602.0,-4.580600000000004,-1.3460746038540852,-1.0370121864969135,-2.3830867903509985
1696,2024,Carlton Linguard Jr.,UTSA,84,Sr,4714.0,-1.0799999999999983,-2.5774202267803386,0.1840285495393405,-2.3933916772409978
1697,2024,Riley Abercrombie,Northern Colorado,81,Sr,2464.0,-4.980699999999999,-3.225896151604352,0.830142037993725,-2.395754113610627
1698,2024,James Scott,Charleston,83,Fr,1518.0,-2.0438000000000045,-3.327401524821112,0.9201787589114704,-2.4072227659096415
1699,2024,Myles Tate,App State,72,Sr,2541.0,-1.2015999999999991,0.9549706244796125,-3.380910312567338,-2.4259396880877255
1700,2024,Jaden Seymour,East Tennessee State,80,Jr,6490.0,-1.0074999999999932,-3.3255922382731824,0.8955733710360296,-2.4300188672371528
1701,2024,Cameron Faas,Kansas City,78,Jr,5560.0,-3.356899999999996,-6.982739755648518,4.539113739303053,-2.4436260163454646
1702,2024,Michael Teal,South Carolina State,73,Jr,4307.0,-4.615299999999991,-0.9025630064026025,-1.5426533295268323,-2.4452163359294348
1703,2024,Babacar Faye,Western Kentucky,80,Jr,2016.0,-2.4306000000000125,1.8793322936362016,-4.342310330230446,-2.462978036594244
1704,2024,AJ Smith,The Citadel,76,So,5706.0,-1.5703999999999922,-5.474404999671118,3.0080854377596524,-2.4663195619114657
1705,2024,Robert Davis Jr.,Massachusetts,78,Fr,2536.0,-0.2147999999999967,-7.2650890306951315,4.790478628268921,-2.4746104024262108
1706,2024,Tyler Millin,Chattanooga,79,Sr,4600.0,-3.480400000000003,-1.7825164919434398,-0.7155722440091921,-2.498088735952632
1707,2024,Geronimo Rubio De La Rosa,Columbia,74,Jr,4565.0,-4.5274,-2.6943063018986724,0.1955491951575947,-2.4987571067410776
1708,2024,Alex Huibregtse,Wright State,75,Jr,7034.0,-3.552900000000008,-3.7607688351417687,1.2568341598374002,-2.5039346753043685
1709,2024,Devin Ree,Louisiana Tech,80,So,2004.0,-2.8573999999999984,-1.0984127672067858,-1.407516510274215,-2.505929277481001
1710,2024,Zaakir Williamson,Buffalo,79,So,2098.0,-4.577300000000008,-4.023833021085663,1.5112461487901134,-2.5125868722955493
1711,2024,Darius Duffy,Milwaukee,80,Jr,2771.0,-3.4440999999999917,-6.378511785237022,3.8520347642711066,-2.526477020965915
1712,2024,Noel Coleman,Hawai'i,74,Sr,6388.0,-3.317299999999989,-2.932493061148472,0.4037794279169233,-2.5287136332315487
1713,2024,Killian Gribben,Siena,82,So,4567.0,-4.527299999999997,4.63529825052255,-7.172132031985484,-2.536833781462934
1714,2024,Jaret Valencia,Monmouth,81,Fr,5594.0,-2.8995999999999924,1.493923417138761,-4.083052349592526,-2.589128932453765
1715,2024,Jaylin Jackson-Posey,New Mexico State,75,Sr,3771.0,2.764099999999999,6.105638881244229,-8.702648173374278,-2.59700929213005
1716,2024,Trey Woodyard,New Hampshire,78,Jr,4922.0,-1.6461999999999932,-1.0162739980979996,-1.6102697645310726,-2.626543762629072
1717,2024,Kuluel Mading,Norfolk State,81,Jr,1875.0,-8.331099999999992,0.0777802873643755,-2.709459835415536,-2.631679548051161
1718,2024,Kaleb Thornton,Akron,72,Sr,1559.0,-2.5272999999999968,-3.1213551522496448,0.48365734122284,-2.637697811026805
1719,2024,Matthue Cotton,Hawai'i,77,Sr,2320.0,-4.344799999999992,2.088825780979726,-4.729843511618242,-2.6410177306385156
1720,2024,Ubong-Abasi Etim,Central Arkansas,81,So,8343.0,-5.601299999999995,-7.511306745687364,4.86510992929852,-2.6461968163888434
1721,2024,Christyon Eugene,Troy,75,Sr,4414.0,-2.0625,-3.469127007465707,0.7904914813769319,-2.678635526088775
1722,2024,Koren Johnson,Washington,74,So,4896.0,9.0629,1.111539995155458,-3.795694908992962,-2.684154913837504
1723,2024,Mike Bekelja,Kent State,72,Jr,2448.0,-4.267899999999997,-5.455481838038318,2.7703408456413383,-2.6851409923969793
1724,2024,Garrett Hien,Furman,81,Sr,4392.0,-0.4512999999999891,-2.7979467645797493,0.1104543715462658,-2.687492393033484
1725,2024,Cade Tyson,Belmont,79,So,6435.0,2.584299999999999,-1.7812326806788223,-0.9295606498249556,-2.710793330503778
1726,2024,Grayson Carper,Cal State Fullerton,78,Jr,4766.0,0.1646999999999963,-4.803189602024974,2.0923195420874774,-2.710870059937496
1727,2024,Michael Bradley,Northern Kentucky,72,Sr,6534.0,-3.112700000000004,0.1941924636610501,-2.9087720125470833,-2.714579548886033
1728,2024,Chase Cormier,Wofford,74,So,3728.0,0.311000000000007,-0.2857050449015406,-2.437761403624031,-2.7234664485255715
1729,2024,Jayden Reid,South Florida,70,Fr,2345.0,0.310600000000008,3.8724383696067215,-6.618152364508759,-2.745713994902038
1730,2024,Zac Ervin,Elon,77,Sr,3236.0,-4.595699999999994,-2.954146240425776,0.1818165958046531,-2.7723296446211227
1731,2024,Jakari Spence,Monmouth,72,Sr,5935.0,-2.442999999999998,-0.7925519068490154,-1.9835904418841548,-2.7761423487331705
1732,2024,Jerry Deng,Hampton,81,Fr,4234.0,-4.805699999999987,-6.673425565790065,3.896837984007534,-2.7765875817825316
1733,2024,Jarod Lucas,Nevada,76,Sr,3036.0,5.50569999999999,-0.8728383976734921,-1.969696378770891,-2.842534776444383
1734,2024,Xander Rice,Monmouth,75,Sr,7229.0,-2.0611999999999995,0.7658516377663998,-3.6129819067709823,-2.8471302690045825
1735,2024,Hunter McIntosh,Nevada,74,Sr,1650.0,3.5364000000000004,-5.376349081363042,2.5139662087673265,-2.862382872595715
1736,2024,Tibet Gorener,San José State,81,Sr,6293.0,3.772999999999996,-5.831721280379236,2.9618384040179544,-2.869882876361282
1737,2024,Malachi Poindexter,Illinois State,75,Sr,4688.0,0.6121999999999872,1.092435963005008,-3.9640598943521335,-2.8716239313471252
1738,2024,Sam Vinson,Northern Kentucky,77,Jr,2612.0,-2.256600000000006,5.129484516754298,-8.018408733952807,-2.8889242171985092
1739,2024,Nathan McGill,Stonehill,76,Jr,2176.0,-4.499499999999998,-3.0604659220639907,0.1693876622348726,-2.891078259829118
1740,2024,Jasai Miles,North Florida,78,Fr,3199.0,-3.553600000000003,-4.021728695106492,1.1293130804885316,-2.8924156146179603
1741,2024,Kimani Hamilton,High Point,80,So,3650.0,-4.040200000000013,-3.850497375227188,0.9531816228303512,-2.897315752396837
1742,2024,Chandler Cuthrell,UTSA,80,Jr,2689.0,-0.0382000000000033,-0.6777959103245461,-2.225072697677011,-2.9028686080015573
1743,2024,Noa Gonsalves,Utah Tech,73,Jr,7799.0,-0.1799000000000035,-5.0166488818787345,2.1029513313157975,-2.913697550562937
1744,2024,Zee Hamoda,Sacramento State,79,Jr,5922.0,-2.8819000000000017,-8.458325084845784,5.534967188136936,-2.923357896708848
1745,2024,Tyler Simon,Harvard,77,Jr,1886.0,-2.23360000000001,7.029800627429397,-9.95840758916428,-2.928606961734884
1746,2024,Quinlan Bennett,Western Illinois,76,Sr,5824.0,-10.1503,1.1484487590197086,-4.0904798824385695,-2.942031123418861
1747,2024,Kyle Duke,North Carolina A&T,76,Jr,10835.0,-0.948599999999999,-0.3058067294956028,-2.652896753738338,-2.9587034832339407
1748,2024,Kino Lilly Jr.,Brown,72,Jr,9414.0,-0.372499999999988,-10.243258130602992,7.262786335060273,-2.9804717955427193
1749,2024,Christian Oliver,Morgan State,82,Jr,7614.0,-2.3880999999999943,1.931915101325712,-4.925978580542978,-2.994063479217266
1750,2024,Quentin Jones,Cal Poly,77,Fr,6218.0,-1.5002000000000066,1.2026538442688368,-4.212700282764633,-3.010046438495796
1751,2024,Chris Nix,Texas State,81,Sr,2556.0,2.3596999999999895,3.1836966649137977,-6.196393913333457,-3.0126972484196597
1752,2024,Peter Suder,Bellarmine,77,So,5893.0,-1.4296000000000078,-5.300997672079525,2.2626536835403224,-3.0383439885392027
1753,2024,Elijah Jones,UTEP,79,Jr,1076.0,-3.343599999999995,-0.9011268586287272,-2.15239925722952,-3.053526115858247
1754,2024,Jordan Chatman,Florida A&M,77,Jr,3652.0,-6.040500000000009,-6.586476714948431,3.5304857571207613,-3.05599095782767
1755,2024,Jordan Nesbitt,Hampton,78,Jr,4707.0,-4.886899999999997,1.150668438951155,-4.208948100889719,-3.058279661938564
1756,2024,Kennard Davis Jr.,Southern Illinois,78,Fr,4010.0,0.3170999999999964,-4.863011149401443,1.7891066041673562,-3.073904545234087
1757,2024,Isaiah Crawford,Louisiana Tech,78,Sr,6405.0,-0.9395999999999988,-2.0127442738176287,-1.0633812059800518,-3.0761254797976805
1758,2024,Briggs McClain,Manhattan,75,Sr,2702.0,-4.709999999999994,4.510047300456622,-7.590720194676114,-3.080672894219491
1759,2024,Chris Doherty,Northeastern,79,Sr,5196.0,-2.2299000000000007,-2.3155578907656,-0.7662483359410744,-3.0818062267066746
1760,2024,Isiah Warfield,Howard,77,Jr,1655.0,-8.413699999999992,3.873925382196432,-6.9589596876948425,-3.085034305498411
1761,2024,Zion Young,Southern Utah,75,Sr,7327.0,-0.1439999999999912,-1.7337526539645451,-1.3809607247701905,-3.1147133787347356
1762,2024,Maleek Arington,Idaho State,75,So,7488.0,-4.73769999999999,-7.202790886509893,4.087631617938593,-3.1151592685713005
1763,2024,Riley Minix,Morehead State,79,Sr,3533.0,-5.240399999999994,-8.670274633906295,5.554405985236253,-3.115868648670043
1764,2024,Chas Stinson,Stonehill,76,So,2931.0,-1.9288999999999987,3.4919237740932187,-6.621787001770306,-3.1298632276770872
1765,2024,Mason Courtney,Siena,76,So,5046.0,-4.708999999999989,1.3267045667832718,-4.45684225362417,-3.130137686840898
1766,2024,Lonnell Martin Jr.,Arkansas-Pine Bluff,76,Sr,12852.0,-6.3262,1.8594441047104329,-4.995033353235561,-3.1355892485251284
1767,2024,Bube Momah,Lehigh,80,So,4025.0,-6.047600000000003,6.350208743021414,-9.491982634359449,-3.1417738913380333
1768,2024,Ali Ali,Akron,80,Sr,2465.0,-4.0916,2.1261245628643852,-5.2830412759718115,-3.1569167131074263
1769,2024,Anthony Benard,Mercer,72,Fr,2962.0,-1.795199999999994,-5.353827978270557,2.1858061148369123,-3.168021863433645
1770,2024,Xavion Brown,App State,75,Jr,1706.0,-2.051400000000001,-2.1343485727602687,-1.046477463222761,-3.1808260359830296
1771,2024,Jahsean Corbett,Chicago State,78,Jr,3212.0,-1.4591999999999956,-4.299850173706108,1.1036316045498338,-3.1962185691562746
1772,2024,Derrick Carter-Hollinger Jr.,Bethune-Cookman,78,Sr,2187.0,-8.525800000000004,-0.5713137782843956,-2.6256009056006713,-3.196914683885067
1773,2024,Raphe Ayres,Missouri State,77,Jr,3180.0,1.763200000000012,0.7285199920817067,-3.928659844739996,-3.200139852658289
1774,2024,Cayden Vasko,Central Michigan,78,Fr,4276.0,-3.403500000000008,-2.767830091409329,-0.4361759757446517,-3.2040060671539807
1775,2024,Jahlil White,Temple,79,Jr,4215.0,1.9917999999999976,-1.4566261235485334,-1.747840093147799,-3.204466216696333
1776,2024,Mahmoud Fofana,Cal State Northridge,78,Jr,4426.0,-3.5507999999999953,-1.338752732362256,-1.872908583773382,-3.211661316135638
1777,2024,Chris Austin,Portland,76,Sr,5924.0,0.6958000000000055,-5.60102655178755,2.377913846697261,-3.223112705090289
1778,2024,Moulaye Sissoko,North Texas,81,Jr,1495.0,3.930800000000005,-9.523422319874657,6.290978686618731,-3.232443633255924
1779,2024,Noah Waterman,BYU,83,Sr,2460.0,7.57289999999999,3.139809864996339,-6.373627347428757,-3.2338174824324177
1780,2024,Zach Bell,Jacksonville,74,So,2982.0,-2.4054,-3.3403528009143493,0.0946049792818592,-3.2457478216324898
1781,2024,Puff Johnson,Penn State,80,Sr,3511.0,8.586300000000008,-1.9315502667536195,-1.3229838869698316,-3.2545341537234513
1782,2024,Alston Mason,Missouri State,74,Jr,5853.0,2.006999999999991,-5.187080232675599,1.9199739826662408,-3.267106250009358
1783,2024,Jyare Davis,Delaware,79,Jr,6441.0,-3.1226999999999947,-5.182656176104748,1.9098238065050683,-3.27283236959968
1784,2024,Mason Jones,New Orleans,76,Fr,2661.0,-6.359400000000008,3.6935301087193713,-6.969553146583447,-3.276023037864076
1785,2024,Corey Stephenson,Cal State Bakersfield,78,So,2635.0,-1.3438000000000017,0.8199731373409196,-4.097904486937917,-3.2779313495969977
1786,2024,Bez Mbeng,Yale,76,Jr,3013.0,2.865000000000009,-0.2435737121147556,-3.0588133014991845,-3.30238701361394
1787,2024,Vincent Lee,Cal State Fullerton,81,Sr,2127.0,2.329499999999996,-2.6383499587462955,-0.6685992026039338,-3.3069491613502295
1788,2024,Jacob Johnson,Middle Tennessee,77,Jr,5543.0,0.2371000000000123,-0.3927560935112202,-2.917188494770971,-3.3099445882821916
1789,2024,Toby Okani,UIC,80,Sr,6181.0,2.465599999999995,-4.287398331107471,0.9764060836924024,-3.3109922474150686
1790,2024,Jasin Sinani,Campbell,75,Jr,5498.0,-5.319199999999995,-8.946075270084915,5.626614942359738,-3.319460327725177
1791,2024,Dean Reiber,Charlotte,82,Jr,2255.0,3.702300000000008,-5.165703466706231,1.845752366272011,-3.3199511004342197
1792,2024,Will Lovings-Watts,Northern Illinois,77,Fr,3538.0,-2.418900000000008,-3.0622028783885105,-0.2590360645260405,-3.321238942914551
1793,2024,Evan Joyner,North Carolina A&T,80,So,12756.0,-2.261499999999998,-4.4535839566568125,1.1239800255980046,-3.329603931058808
1794,2024,Emil Skytta,Sacramento State,76,Fr,3841.0,-3.543199999999999,-3.78140563168122,0.4478286162043401,-3.3335770154768793
1795,2024,Elijah Davis,Incarnate Word,73,Jr,8415.0,-7.202500000000001,-10.391791382527964,7.0558118132033325,-3.33597956932463
1796,2024,Cedric Coward,Eastern Washington,78,Jr,6357.0,-2.3645000000000067,-3.5829372043646637,0.24298312602627,-3.3399540783383936
1797,2024,R.J. Blakney,Old Dominion,78,Jr,5498.0,-0.6762000000000086,-0.5271950661089333,-2.8237454603123635,-3.350940526421297
1798,2024,Niko Rocak,UC Davis,81,Jr,4195.0,-3.1938999999999993,-4.064442917874505,0.702833555721941,-3.361609362152564
1799,2024,Nathan Johnson,Samford,79,Sr,1963.0,-2.563699999999997,0.3905091678533305,-3.757171463569942,-3.3666622957166115
1800,2024,Jakobi Heady,Bethune-Cookman,78,So,3274.0,-8.2102,-3.003696841206653,-0.3639231454146996,-3.3676199866213525
1801,2024,Brent Davis,Chicago State,75,Jr,2847.0,-2.5374999999999943,-0.6891526037823161,-2.683988648037202,-3.373141251819518
1802,2024,B. Artis White,Western Michigan,70,Jr,4576.0,-5.9452,-0.5580604068710269,-2.8164833178800905,-3.3745437247511174
1803,2024,Jordan Crawford,Louisiana Tech,75,So,2904.0,-0.8777999999999935,5.3852683058528035,-8.765822364160385,-3.380554058307582
1804,2024,Alex Timmerman,Winthrop,82,Sr,8513.0,-1.6282000000000068,-3.960264256402729,0.5712774520422215,-3.388986804360507
1805,2024,Gage Bobe,Evansville,72,Sr,2262.0,2.992500000000007,2.736754255450424,-6.13199041123128,-3.3952361557808564
1806,2024,Harold Woods,Northeastern,77,So,4781.0,-2.162000000000006,-0.6163644593987813,-2.8023959540497647,-3.418760413448546
1807,2024,Tim Smith Jr.,North Alabama,79,Sr,5385.0,-3.053200000000004,-6.322647524804561,2.9036227349375663,-3.4190247898669943
1808,2024,Jordan Stiemke,Loyola Maryland,77,Fr,2298.0,-9.200900000000004,-2.447801659959859,-0.9750536136112302,-3.422855273571089
1809,2024,Jalen Smith,SMU,74,Jr,2091.0,2.8837000000000046,-0.6750787034799499,-2.7711478750848126,-3.4462265785647626
1810,2024,Tyrese Hughey,Furman,78,Jr,3492.0,-1.1422000000000023,-4.104743654407542,0.6453271803856621,-3.4594164740218805
1811,2024,El Ellis,Arkansas,75,Sr,4064.0,8.869900000000001,1.4914817953509687,-4.956121221648742,-3.464639426297773
1812,2024,Vincent Brady II,IU Indianapolis,75,So,4678.0,-4.824399999999997,-5.130249505018204,1.658378486400507,-3.4718710186176973
1813,2024,Joe Charles,Louisiana,79,Jr,7203.0,-1.6696999999999915,-2.595113109612095,-0.8795583419240278,-3.474671451536123
1814,2024,Kaden Metheny,Liberty,71,So,6673.0,-0.5715999999999894,0.5952926791188455,-4.071838869945966,-3.476546190827121
1815,2024,Ade Adebayo,UC Davis,77,Sr,4214.0,-1.8738000000000028,-9.030657702294228,5.5535805544255625,-3.4770771478686653
1816,2024,Bobby Pettiford,East Carolina,72,Jr,5219.0,0.3954999999999984,0.4174070987964107,-3.8982094055231977,-3.480802306726787
1817,2024,Corey Hadnot II,Purdue Fort Wayne,75,Fr,1873.0,-6.476200000000006,-3.051481738452244,-0.4410128696687212,-3.4924946081209653
1818,2024,Johnny Kinziger,Illinois State,71,Fr,4648.0,1.5482000000000085,-4.033243712676118,0.5354953905019709,-3.497748322174147
1819,2024,Jalen Breazeale,South Carolina Upstate,71,Jr,3187.0,-4.1173,-4.546839527686867,1.0485571494687087,-3.4982823782181582
1820,2024,Anthony Crump,Western Michigan,80,Sr,3865.0,-3.883499999999998,-1.80507270139632,-1.6978835654256004,-3.5029562668219203
1821,2024,Tariq Balogun,Binghamton,82,Sr,3054.0,-4.979300000000009,-6.203432291768836,2.6695603109113737,-3.5338719808574623
1822,2024,Aaron Cooley,Brown,77,Jr,7559.0,-0.9338000000000052,-4.788185261114546,1.2489079635582527,-3.5392772975562936
1823,2024,Quentin Meza,Wofford,72,Fr,3348.0,0.2642000000000024,-3.3205229811801913,-0.2422058598176856,-3.562728840997877
1824,2024,Randall Pettus II,Northern Kentucky,75,Fr,2762.0,-4.494900000000001,-6.704240097109096,3.1216743964759313,-3.582565700633165
1825,2024,Justin Archer,Radford,79,Jr,5303.0,-3.168199999999999,-5.805162665224123,2.217642440425421,-3.587520224798702
1826,2024,Emmanuel Kuac,Detroit Mercy,79,Sr,2339.0,-2.265000000000001,-3.5588632119824015,-0.0309783099330817,-3.589841521915483
1827,2024,Matt Mims,South Dakota State,72,Sr,1861.0,-4.990700000000004,-1.668404969057641,-1.9229257866400296,-3.591330755697671
1828,2024,Steven Clay,UIC,76,So,2715.0,0.7210000000000036,0.6106245103160584,-4.206601942815148,-3.5959774324990894
1829,2024,Finley Bizjack,Butler,76,Fr,1355.0,8.889900000000011,-2.8784727505310483,-0.7178877368878656,-3.596360487418914
1830,2024,Daryl Banks III,St. Bonaventure,75,Sr,5671.0,1.6810000000000116,-2.0340772034009404,-1.562639436772474,-3.5967166401734145
1831,2024,Cameron Huefner,Sam Houston,79,Jr,3156.0,-2.326899999999995,1.8699008115836857,-5.476978382411341,-3.6070775708276552
1832,2024,Isiah Gaiter,South Alabama,75,Sr,19662.0,-3.072400000000002,-2.556133475296048,-1.055267982971064,-3.611401458267112
1833,2024,Nyzaiah Chambers,Norfolk State,79,Sr,1296.0,-6.157299999999992,-3.2208286666747687,-0.4045890521018584,-3.625417718776627
1834,2024,Jordan King,Richmond,72,Sr,3383.0,2.666700000000006,0.4894219006658802,-4.116173696322723,-3.6267517956568422
1835,2024,Connor Serven,Eastern Michigan,80,Sr,4660.0,-6.343800000000002,-5.721145579658296,2.0847923982591263,-3.63635318139917
1836,2024,Josh Pierre-Louis,UC Santa Barbara,76,Sr,2725.0,-3.633100000000013,1.5938922672673783,-5.235686399520879,-3.641794132253501
1837,2024,Khydarius Smith,UMBC,80,Sr,2365.0,-7.098699999999994,5.103687789609111,-8.745905742703059,-3.6422179530939474
1838,2024,Matija Belic,UC Santa Barbara,79,So,1276.0,-2.9336999999999875,2.2973550593124865,-5.9407026601915405,-3.643347600879054
1839,2024,Trey Robinson,Northern Kentucky,78,Sr,6398.0,-3.2253999999999934,-2.343193559815939,-1.3206824723368726,-3.663876032152811
1840,2024,Jr. Kevin Cross,Tulane,80,Sr,6857.0,2.9329000000000036,-0.8978502188416932,-2.7707287334359787,-3.668578952277672
1841,2024,Dre Fuller Jr.,UTSA,78,Sr,4367.0,-1.026199999999989,0.3403088588074856,-4.014294387071107,-3.673985528263622
1842,2024,Zeke Mayo,South Dakota State,76,Jr,3594.0,-2.2454000000000036,-2.9648404143145672,-0.7093512436332453,-3.6741916579478127
1843,2024,Ryan Nutter,Marshall,76,Fr,2405.0,-0.2105999999999994,-3.888558484798608,0.2045153453346479,-3.68404313946396
1844,2024,Noah Freidel,James Madison,76,Sr,3012.0,-3.0655999999999892,-6.316541600000141,2.6178665373275445,-3.6986750626725966
1845,2024,DeMarcus Sharp,Austin Peay,75,Sr,2868.0,-2.512900000000002,-9.726222587424587,6.023295674253211,-3.702926913171377
1846,2024,Lamar Wilkerson,Sam Houston,76,Jr,5777.0,-1.3976000000000113,4.740632404998259,-8.446065003316384,-3.7054325983181258
1847,2024,Corey Walker Jr.,South Florida,80,Jr,1129.0,0.8250000000000028,0.1390020392943304,-3.844629049989316,-3.705627010694985
1848,2024,Zyon Pullin,Florida,76,Sr,3391.0,12.376100000000008,-7.405459336380243,3.691869381551801,-3.7135899548284423
1849,2024,Dionte Bostick,Cal State Northridge,74,Jr,7645.0,-4.2561000000000035,-3.118654465142363,-0.5989130279536656,-3.7175674930960287
1850,2024,Jaquan Carlos,Hofstra,72,Jr,7156.0,-0.281400000000005,-0.4045372825145641,-3.3146060581840544,-3.7191433406986185
1851,2024,PJ Carter,UTSA,77,Jr,3484.0,-1.303200000000004,0.7203892538323685,-4.441501392265781,-3.721112138433413
1852,2024,Messiah Jones,Towson,78,Sr,1458.0,-1.09729999999999,-8.037890696067157,4.296377880211104,-3.741512815856053
1853,2024,Larry Hughes II,Saint Louis,76,So,18113.0,3.5678999999999945,-3.059118910291815,-0.6873159371129467,-3.7464348474047617
1854,2024,Michael Green III,James Madison,72,Sr,2183.0,-3.0276000000000067,-0.0195379039398144,-3.732654412772453,-3.752192316712267
1855,2024,Matt Mayock,American University,79,Fr,3972.0,-10.32419999999999,-3.225358992002162,-0.5394857436824907,-3.764844735684653
1856,2024,Byron Joshua,Alcorn State,70,Jr,4569.0,-6.4746000000000095,-2.1038285168285276,-1.6761302941886598,-3.7799588110171873
1857,2024,Yassine Gharram,Yale,75,Jr,1279.0,2.572500000000005,-0.3693530890849943,-3.412289320193855,-3.781642409278849
1858,2024,Keishawn Davidson,Belmont,74,Sr,6458.0,2.366500000000002,-2.874843912608102,-0.9143869770746504,-3.789230889682752
1859,2024,Lok Wur,Grand Canyon,80,Sr,1640.0,0.5037999999999982,-1.2751765054782496,-2.517068363182461,-3.79224486866071
1860,2024,Dyondre Dominguez,Arkansas State,81,Jr,2921.0,-0.2664000000000044,-1.2253400509031578,-2.5862050640384213,-3.811545114941579
1861,2024,Noah Feddersen,North Dakota State,82,Fr,4295.0,-3.132000000000005,-6.5078175195935515,2.692329562628974,-3.8154879569645774
1862,2024,Marcellus Brigham Jr.,Jacksonville State,79,Jr,6116.0,-2.584299999999999,6.527995498519216,-10.357001244819346,-3.8290057463001297
1863,2024,Kobe Julien,Louisiana,78,Jr,6814.0,-1.2697999999999894,-5.243921157458011,1.4106159987082802,-3.833305158749731
1864,2024,Jordan Rawls,New Mexico State,74,Sr,5442.0,1.074700000000007,-0.0376427510051624,-3.801496283566901,-3.839139034572063
1865,2024,Jaylen Wells,Washington State,80,Jr,2852.0,9.879100000000008,-3.9277878179044574,0.0880085081802946,-3.839779309724163
1866,2024,Bryce Harris,Howard,76,Jr,3320.0,-8.26939999999999,-2.453960847469544,-1.3934718145409004,-3.847432662010444
1867,2024,BJ Omot,North Dakota,,,10635.0,-6.038300000000007,-6.918660886997909,3.0660652132206447,-3.852595673777264
1868,2024,Rob Lawson,Morgan State,71,So,3476.0,-8.9666,-6.358091388765633,2.504065738280749,-3.854025650484884
1869,2024,Quimari Peterson,East Tennessee State,73,Jr,6685.0,-1.3453000000000088,2.770471653883116,-6.625721716686542,-3.855250062803426
1870,2024,Philmon Gebrewhit,Northern Illinois,80,Sr,2864.0,3.1097000000000037,-4.648954528504463,0.7647072747253905,-3.8842472537790727
1871,2024,Kyle Winters,Siena,75,Fr,2220.0,-4.810600000000008,4.07318947610817,-7.982862927580243,-3.909673451472073
1872,2024,Crosby James,Presbyterian,72,Sr,1319.0,-4.830199999999991,-5.1447010715030235,1.2259657778088329,-3.9187352936941906
1873,2024,Jaylen Searles,Utah Tech,80,Jr,6246.0,-0.252200000000002,-2.91668401813247,-1.0081480277335528,-3.9248320458660224
1874,2024,Jaden Harris,New Mexico State,76,Jr,4369.0,2.5168999999999926,-6.548410985174447,2.617974358716717,-3.930436626457731
1875,2024,Otis Frazier III,UTEP,78,Jr,5529.0,-0.8216999999999928,5.055979983252837,-9.001566757938825,-3.945586774685988
1876,2024,Ginika Ojiako,Coastal Carolina,82,Sr,5734.0,-2.8760000000000048,-3.8425370131959458,-0.1073568072072095,-3.9498938204031546
1877,2024,Isaiah Adams,Buffalo,78,Sr,5356.0,-4.502300000000005,0.4814552331129778,-4.453676432817717,-3.972221199704739
1878,2024,Keyontae Lewis,Wagner,81,So,1831.0,-8.149299999999997,-5.251053202854823,1.275647252251666,-3.9754059506031574
1879,2024,Brady Danielson,North Dakota,76,Sr,4502.0,-6.5120000000000005,-1.8889163179378152,-2.0870826860238076,-3.975999003961623
1880,2024,Luca Ace-Nasteski,Harvard,82,Fr,1800.0,-1.139799999999994,0.9436773416958076,-4.944912377369992,-4.001235035674184
1881,2024,Isaac Haney,Austin Peay,74,So,1992.0,-7.5899,3.5375969919143397,-7.542666229488173,-4.005069237573833
1882,2024,Jacari Lane,North Alabama,72,So,6431.0,-3.4394999999999953,-0.2355100420008482,-3.7702304030683256,-4.005740445069174
1883,2024,RJ Johnson,Kennesaw State,76,Fr,2964.0,-3.6629999999999967,-4.264019095478798,0.2455849445388287,-4.01843415093997
1884,2024,Tae Hardy,UTEP,75,Sr,6783.0,-0.9373999999999968,-4.422266722580612,0.3954186291021384,-4.026848093478473
1885,2024,Michael Christmas,Longwood,78,Sr,4243.0,-3.6650000000000063,-0.56958916874903,-3.4583160332939125,-4.027905202042943
1886,2024,Dezmond McKinney,Bellarmine,72,Jr,2393.0,0.7837999999999994,-0.2945569758348467,-3.7364258945601287,-4.0309828703949755
1887,2024,Matthew Lee,Missouri State,72,Sr,4267.0,0.7088999999999999,-1.414881278237365,-2.6218328843189336,-4.036714162556299
1888,2024,Filip Skobalj,UIC,79,Jr,4866.0,3.2005000000000052,-7.202255390169384,3.141949111293241,-4.060306278876142
1889,2024,Jay Heath,Georgetown,75,Sr,5303.0,9.218500000000006,-1.502641466593909,-2.5583373273884007,-4.06097879398231
1890,2024,Luka Sakota,Northeastern,78,Sr,4186.0,-2.93119999999999,-1.3423643362988618,-2.728934700373455,-4.071299036672317
1891,2024,James Johns Jr.,Fairfield,78,So,1545.0,-7.057900000000004,-1.7430511667384256,-2.3536064938437407,-4.096657660582166
1892,2024,Jerone Morton,Morehead State,76,Fr,1133.0,-6.2061999999999955,0.1285653157815316,-4.228177293636909,-4.0996119778553775
1893,2024,Brian Moore Jr.,Murray State,73,Jr,3791.0,1.2933999999999912,-6.628907460595271,2.5199185707313743,-4.108988889863896
1894,2024,Hysier Miller,Temple,73,Jr,8197.0,1.801099999999991,-8.194034213839377,4.076789537360271,-4.117244676479106
1895,2024,Jaden McClanahan,Utah Valley,70,Sr,4870.0,0.8654999999999973,-1.4054622292529246,-2.724710566440434,-4.130172795693358
1896,2024,Tyje Kelton,Wagner,79,Jr,1892.0,-7.096000000000004,-0.9665460598482372,-3.1699356483712835,-4.13648170821952
1897,2024,Thomas Howell,South Alabama,80,Jr,19552.0,-2.7783000000000015,-2.36648881905486,-1.770991999975874,-4.137480819030734
1898,2024,Javaunte Hawkins,Florida International,71,Sr,5918.0,-1.952300000000008,-3.1143006407178913,-1.0492343664588324,-4.163535007176724
1899,2024,Deon Stroud,Texas Southern,77,Sr,1546.0,-6.971900000000005,-3.502814986622446,-0.6623490437961355,-4.165164030418581
1900,2024,Corneilous Williams,Western Carolina,81,Fr,3199.0,-4.3977,-1.8005388500371826,-2.3833564876059325,-4.183895337643115
1901,2024,Alex Kovatchev,Sacramento State,77,Fr,4077.0,-1.856799999999993,-4.2680680645868945,0.0818859818828821,-4.186182082704012
1902,2024,Bryce Pope,UC San Diego,75,Sr,3515.0,-2.934999999999988,0.1875722753593058,-4.403554247494216,-4.2159819721349105
1903,2024,Chase Martin,Purdue,77,So,81.0,-0.0867999999999966,-2.804980285562852,-1.432839308522516,-4.237819594085368
1904,2024,Brandon Newman,Western Kentucky,77,Sr,2985.0,-3.0819000000000045,-3.70778746383738,-0.5363038576368098,-4.24409132147419
1905,2024,Carter Welling,UC Irvine,82,Fr,1241.0,0.1747000000000014,-3.357095703173462,-0.8969088568945942,-4.254004560068056
1906,2024,Alvaro Folgueiras,Robert Morris,81,Fr,7432.0,-3.3800999999999988,-2.7867474519290503,-1.4762133978076588,-4.262960849736709
1907,2024,Brennan Watkins,VMI,71,Jr,4690.0,-1.8752999999999955,-2.703531256752883,-1.5633850167366168,-4.2669162734895
1908,2024,Jackson Benigni,Stonehill,73,Sr,3872.0,-5.537299999999988,0.2657282288854823,-4.556647612104341,-4.290919383218859
1909,2024,DJ Burns,Youngstown State,79,Sr,7042.0,-5.575599999999994,-6.09385836172499,1.791599323501444,-4.302259038223546
1910,2024,Jaiden Thompson,Charleston Southern,72,Fr,1950.0,0.5083000000000055,-0.5536400924874079,-3.7501356303135784,-4.303775722800986
1911,2024,Kobe Knox,South Florida,77,So,2694.0,-0.0241000000000042,-1.5807066173375235,-2.7230978489566704,-4.303804466294194
1912,2024,Jasper Floyd,Fairfield,75,Jr,3579.0,-5.208600000000004,-0.3591424482977232,-3.9513504955254706,-4.310492943823194
1913,2024,TJ Small,Army,74,Jr,8020.0,-10.108500000000006,-1.2265646523019993,-3.095016899807535,-4.321581552109534
1914,2024,Zach Martini,Princeton,79,Sr,1860.0,-0.2087999999999965,-0.2439549794223643,-4.089698862425273,-4.333653841847637
1915,2024,Derin Saran,UC Irvine,76,Fr,1729.0,-0.0061999999999926,6.716029329858306,-11.051890239817263,-4.335860909958959
1916,2024,Nolan Hickman,Gonzaga,74,Jr,3696.0,5.153199999999998,-4.309392410072773,-0.0278162092705391,-4.337208619343312
1917,2024,Justin Hill,Georgia,72,Sr,2712.0,9.893199999999991,-3.636153934465072,-0.7201116315296625,-4.356265565994734
1918,2024,Keith Higgins Jr.,Lehigh,76,Jr,3874.0,-1.6814999999999998,-3.723639353816009,-0.6332186774448316,-4.35685803126084
1919,2024,Kalib Clinton,Charleston Southern,76,Jr,1697.0,-0.8669999999999902,-4.719138968641266,0.3513484742875001,-4.367790494353766
1920,2024,Gabe Dynes,Youngstown State,89,Fr,3362.0,-4.45450000000001,2.572864336834254,-6.9425347524717855,-4.369670415637532
1921,2024,Angelo Stuart,Milwaukee,73,Sr,2326.0,-4.514499999999998,-5.641836757838213,1.2525089460358825,-4.389327811802331
1922,2024,Amarr Knox,Alabama State,75,So,2984.0,-7.327699999999993,6.8577397721993485,-11.251312786081296,-4.393573013881948
1923,2024,Chase Forte,Northwestern State,76,Jr,6033.0,-6.090900000000005,3.5262720464882715,-7.928020856674409,-4.401748810186137
1924,2024,Lucas Monroe,Drexel,78,Sr,3359.0,-3.454900000000009,1.5802456576656367,-5.989760040779546,-4.40951438311391
1925,2024,Andre Henry,UC Irvine,76,Sr,2668.0,-0.4660000000000082,1.6812197484878466,-6.092556003004393,-4.411336254516547
1926,2024,AJ Clark,VMI,76,Fr,3085.0,0.566900000000004,1.622236374069907,-6.069563670680118,-4.4473272966102115
1927,2024,Sam Mervis,Southern Indiana,71,Jr,2562.0,-3.967199999999991,-2.6733730891841176,-1.7805377078284932,-4.453910797012611
1928,2024,Elias Cato,Central Arkansas,81,Jr,9700.0,-6.856200000000001,-5.743400969632702,1.2856075676553718,-4.45779340197733
1929,2024,Damon Nicholas Jr.,Sam Houston,76,Jr,5167.0,-0.7881,2.511858873626853,-6.973202940452197,-4.461344066825344
1930,2024,Kyle Rose,Fordham,76,Sr,5339.0,1.5905000000000058,-1.9877990838537705,-2.510794198801317,-4.498593282655087
1931,2024,Isaac Ondekane,Lindenwood,80,Jr,2038.0,-8.718999999999994,-9.456046113016823,4.955111390092178,-4.500934722924647
1932,2024,Ben Burnham,Charleston,79,Jr,2382.0,-1.8915999999999968,-1.1750259971059591,-3.3291614305359336,-4.5041874276418925
1933,2024,Bryan Ndjonga,Cal State Northridge,81,Fr,2128.0,-3.704900000000009,-0.390122006177745,-4.126312771213842,-4.516434777391587
1934,2024,Tyler Henry,Louisiana Tech,75,Sr,2589.0,2.7494000000000085,-5.154443984667497,0.6355215869714875,-4.51892239769601
1935,2024,AJ Smith,Southern Indiana,78,So,5490.0,-5.906099999999995,3.772393200124381,-8.307718079334304,-4.535324879209923
1936,2024,Justin Hohn,UC Irvine,73,Sr,2693.0,-0.2168000000000063,-2.1915579938294867,-2.356827371571372,-4.548385365400859
1937,2024,Christian Turner,Texas State,79,Jr,5132.0,1.522599999999997,-8.789388308437859,4.238476836545143,-4.550911471892716
1938,2024,Darin Green Jr.,Florida State,76,Sr,6073.0,10.732899999999988,-3.589096901311536,-0.9914461265990432,-4.580543027910579
1939,2024,Jovan Blacksher Jr.,Grand Canyon,71,Sr,1230.0,0.835000000000008,-1.1806274342147116,-3.400574759780569,-4.5812021939952805
1940,2024,Jack Collins,Monmouth,77,So,7058.0,-2.462699999999998,-3.210732612483987,-1.3708086444870493,-4.581541256971036
1941,2024,Alex Anderson,Incarnate Word,78,Jr,6120.0,-11.822999999999992,-3.601198337344899,-0.9809304453722536,-4.582128782717152
1942,2024,Greg Spurlock,Coppin State,77,Jr,5839.0,-6.1644000000000005,-7.323918305978136,2.732039934439584,-4.591878371538552
1943,2024,Eddie Turner III,Montana State,74,Sr,2546.0,-4.0904000000000025,-6.610694723044247,2.0055060117110792,-4.605188711333168
1944,2024,Jalen Quinn,Loyola Chicago,75,So,1957.0,2.2432999999999907,1.4286014356045793,-6.043668689995979,-4.615067254391399
1945,2024,JaVaughn Hannah,Western Michigan,76,So,4847.0,-4.265000000000001,1.4809061160337809,-6.109900023311864,-4.628993907278083
1946,2024,Jaylin Hunter,Ohio,71,Sr,6261.0,-4.953500000000005,-4.812088631230823,0.1756634910054479,-4.636425140225375
1947,2024,Uchenna Kellman-Nicholes,North Carolina A&T,76,Fr,12183.0,-2.4780999999999977,2.6994677322937566,-7.338317331138483,-4.638849598844726
1948,2024,Petar Krivokapic,Florida International,76,Jr,4465.0,-1.2569999999999908,3.694207178909914,-8.338493959561863,-4.6442867806519486
1949,2024,Sam Lecholat,Montana State,79,Jr,2285.0,-4.148899999999998,-5.688538674467695,1.0426187438511434,-4.645919930616552
1950,2024,Michael Graham,Loyola Marymount,80,Sr,2360.0,-0.9835000000000064,-3.598823492296623,-1.0592341711681956,-4.6580576634648185
1951,2024,Brycen Goodine,Fairfield,76,Sr,2499.0,-5.994100000000003,-3.08138372302374,-1.5916207331259375,-4.673004456149678
1952,2024,Joe French,Arkansas-Pine Bluff,77,Sr,13116.0,-6.153599999999997,-0.160213862204243,-4.514363852371742,-4.674577714575985
1953,2024,Stephon Roberts,Saint Peter's,82,Sr,1163.0,-4.850499999999997,-3.4930626627497356,-1.1891286129842902,-4.682191275734025
1954,2024,Tristan Gross,Stetson,77,Fr,1990.0,-1.131299999999996,-5.653049980201786,0.96825438061559,-4.684795599586196
1955,2024,Owen McCormack,Lipscomb,81,Sr,7501.0,-4.262999999999991,-6.123429604953271,1.4378866376272923,-4.685542967325979
1956,2024,Julian Mackey,Georgia State,74,Jr,1854.0,0.1884000000000014,-2.46448092368881,-2.2293841680150805,-4.69386509170389
1957,2024,Shammah Scott,Akron,74,Jr,1837.0,-1.098800000000011,-3.8904911985283976,-0.8292328836578924,-4.71972408218629
1958,2024,Ryan Hall,Southern Indiana,77,So,2970.0,-5.649900000000002,0.4681788358580574,-5.211310888772362,-4.743132052914304
1959,2024,Malik Thomas,San Francisco,77,Jr,2001.0,-0.5103000000000009,-2.40190512502407,-2.353490412835493,-4.755395537859563
1960,2024,Peyton Smith,Fairfield,82,Fr,2025.0,-4.817400000000006,2.211906924180771,-6.969399666707497,-4.757492742526726
1961,2024,Dearon Tucker,Cal State Northridge,82,Sr,3340.0,-4.491100000000003,-4.632846107723449,-0.1328274763100889,-4.765673584033538
1962,2024,Kentrell Garnett,Louisiana,73,Jr,6661.0,-1.2098999999999904,-2.334614613189838,-2.437757403071085,-4.772372016260924
1963,2024,Jayden Epps,Georgetown,74,So,6037.0,9.7115,2.4700577049391477,-7.244569440034429,-4.774511735095281
1964,2024,Steven Verplancken,Weber State,76,Sr,6665.0,-3.419399999999996,-5.194485367442253,0.4106569206664758,-4.783828446775777
1965,2024,Sean Smith,Alabama State,75,Jr,3173.0,-5.098700000000008,-3.659537542264139,-1.1363523680125498,-4.795889910276689
1966,2024,Cavan Reilly,Delaware,76,So,5569.0,-3.3811000000000035,-3.450155129149335,-1.3467447795976089,-4.796899908746944
1967,2024,Bryce Monroe,IU Indianapolis,71,Sr,5052.0,-4.268299999999996,-2.61747608344644,-2.179920953656882,-4.797397037103321
1968,2024,Jonnivius Smith,Buffalo,81,Sr,4488.0,-2.1584000000000003,-7.672691759461815,2.8668843769731343,-4.80580738248868
1969,2024,Garrett Johnson,George Washington,80,Fr,4456.0,-2.1625000000000085,0.7287428460063703,-5.537081722591752,-4.808338876585382
1970,2024,Jaden Clayton,Maine,73,So,6116.0,-3.556699999999992,-7.722563271355739,2.8760514968614155,-4.846511774494323
1971,2024,Keegan Records,Colgate,82,Sr,2424.0,-5.394999999999996,-3.3068164828181215,-1.55691130019921,-4.863727783017332
1972,2024,Josh Vazquez,Montana,75,Sr,2853.0,-4.864000000000004,-4.307788947480028,-0.5604401117994404,-4.868229059279469
1973,2024,Tyler Whitney-Sidney,Lehigh,74,Jr,5934.0,-7.122700000000009,-1.5563828904595187,-3.316405516651729,-4.872788407111248
1974,2024,Nick Alves,South Carolina Upstate,78,Sr,4389.0,-1.4292999999999978,-1.4916784160959613,-3.3845931971973777,-4.876271613293339
1975,2024,Leland Walker,Eastern Kentucky,73,So,6040.0,-3.2413999999999987,-4.345311175232452,-0.5377329473684623,-4.883044122600914
1976,2024,DeAndre Craig Jr.,Denver,72,Fr,4531.0,-3.5575999999999937,-2.2854550684707595,-2.6229535129610166,-4.908408581431776
1977,2024,Alexis Reyes,Quinnipiac,79,Jr,6717.0,-7.204399999999993,2.8782481491724647,-7.8008477172369135,-4.922599568064449
1978,2024,Stephen Byard,Alcorn State,,,2978.0,-6.0946,-3.974797920244708,-0.9509791837856943,-4.925777104030402
1979,2024,AJ George,Long Beach State,78,So,3062.0,-0.495599999999996,-1.5605077397591942,-3.381212611257741,-4.941720351016935
1980,2024,Miguel Ayesa,South Carolina Upstate,77,Sr,3671.0,-1.1239999999999952,-0.2153248684921811,-4.747263898973828,-4.962588767466009
1981,2024,Deywilk Tavarez,Delaware State,,,6003.0,-6.685100000000006,-0.4882785232228723,-4.480893124688,-4.969171647910873
1982,2024,Clarence Cummings III,Green Bay,77,Jr,3146.0,-4.557199999999995,-5.675949654217179,0.7045919034344816,-4.971357750782698
1983,2024,Mike Mitchell Jr.,Minnesota,74,Jr,4070.0,7.402699999999996,-4.2534640663827705,-0.7333838419500189,-4.9868479083327895
1984,2024,Elijah Hulsewe,Bethune-Cookman,84,So,1304.0,-8.266099999999994,-3.1223939999449795,-1.8804572000934527,-5.002851200038432
1985,2024,Jonathan Cisse,Texas Southern,73,Sr,2293.0,-6.825699999999998,3.605243698306241,-8.610390475779,-5.00514677747276
1986,2024,Tanner Toolson,Utah Valley,77,Fr,5639.0,1.8933999999999995,-2.8714805247419974,-2.1415656800435525,-5.0130462047855495
1987,2024,Dallion Johnson,Florida Gulf Coast,75,Jr,5348.0,-3.478999999999999,-11.046030353448614,6.02936091341942,-5.016669440029195
1988,2024,D'Angelo Minnis,Idaho,70,Sr,4582.0,-3.4562000000000097,-5.504553614188776,0.4878213572629757,-5.0167322569258
1989,2024,Ace Valentine,UMBC,75,Fr,5396.0,-4.463400000000007,0.206065274693035,-5.254296788146669,-5.048231513453634
1990,2024,Gianni Hunt,Cal State Northridge,76,Sr,4652.0,-1.348300000000009,-9.282611939854451,4.229117550128405,-5.053494389726047
1991,2024,Tyler Patterson,Montana State,80,Jr,3718.0,-3.781800000000004,-3.317722662810014,-1.7429176095041576,-5.0606402723141715
1992,2024,Nils Cooper,Pepperdine,78,Fr,3761.0,-0.0544000000000011,1.8749214179735385,-6.949242778110627,-5.074321360137089
1993,2024,Noah Shelby,Rice,75,So,2337.0,2.1255999999999915,-5.694610642984451,0.6147996944218153,-5.079810948562637
1994,2024,Josiah Davis,Tennessee Tech,75,So,5615.0,-5.666299999999993,1.4903133721616912,-6.570458176298623,-5.080144804136932
1995,2024,Tyson Acuff,Eastern Michigan,76,Sr,8746.0,-5.875,-2.21536952293987,-2.874034035975717,-5.089403558915587
1996,2024,Robert Braswell IV,Charlotte,79,Sr,2345.0,2.8008999999999986,-0.3696859195567678,-4.72542223119491,-5.0951081507516784
1997,2024,Dion Brown,UMBC,75,So,7351.0,-4.781900000000007,-7.326969479338036,2.2183560980212063,-5.10861338131683
1998,2024,Dylan Hayman,Incarnate Word,77,Jr,9858.0,-7.200400000000002,-5.39479270094396,0.2820088877386437,-5.112783813205316
1999,2024,Evan Phelps,East Texas A&M,72,Fr,2540.0,-4.301399999999987,6.471499779996668,-11.5901552144398,-5.118655434443131
2000,2024,Ahmad Robinson,New Hampshire,70,Jr,5942.0,-2.0899,-0.1521875739721833,-4.981564445555583,-5.133752019527766
2001,2024,AJ McKee,Queens University,74,Jr,7212.0,-1.9920000000000044,-6.624206110101731,1.4827260278229697,-5.141480082278761
2002,2024,Ibbe Klintman,Central Arkansas,81,Jr,5910.0,-5.231200000000001,2.64309781849414,-7.789443845797581,-5.146346027303441
2003,2024,Kaleb Smith,UC Riverside,82,Fr,3833.0,-1.811400000000006,-6.201305421515891,1.0131658234306662,-5.188139598085225
2004,2024,Dezi Jones,Austin Peay,70,Sr,3003.0,-4.690400000000011,-2.304343578511082,-2.887331443273184,-5.191675021784266
2005,2024,Armoni Zeigler,Saint Peter's,76,Fr,1787.0,-5.359999999999999,-2.205167286851874,-2.992076720755514,-5.197244007607388
2006,2024,Josiah Fulcher,North Alabama,76,Jr,3426.0,-4.653900000000007,-1.3117756269474117,-3.892300191295387,-5.204075818242799
2007,2024,Aaron Reddish,UAlbany,79,Jr,13358.0,-4.078900000000004,-4.685686150284705,-0.5286514467859544,-5.21433759707066
2008,2024,Johnathan Massie,Longwood,78,So,4611.0,-3.9636,-4.848690922019631,-0.3844853594030222,-5.233176281422653
2009,2024,Brenton Knapper,Santa Clara,72,So,2660.0,4.663600000000002,-3.66619071376924,-1.5812772057917703,-5.24746791956101
2010,2024,Chika Nduka,Montana State,77,Jr,1294.0,-4.009700000000009,-8.855985137108698,3.5905767471473897,-5.265408389961308
2011,2024,Matt Veretto,Vermont,80,Sr,1906.0,-2.64139999999999,-4.356496603081389,-0.9107795406996548,-5.267276143781044
2012,2024,Johannes Kirsipuu,Central Arkansas,74,So,13658.0,-4.809899999999999,-3.262989484918051,-2.01275318242936,-5.275742667347411
2013,2024,Marcus Jackson,UAlbany,74,So,5144.0,-6.313199999999995,-0.9079235197157168,-4.3787851490303975,-5.2867086687461144
2014,2024,Shawn Walker Jr.,Murray State,78,Sr,2426.0,1.325800000000001,0.4634701354047926,-5.751290259446836,-5.287820124042043
2015,2024,Isaiah Moses,UC Riverside,73,So,6452.0,-1.3856000000000108,-2.795015230856264,-2.5071458176784005,-5.302161048534664
2016,2024,Cobie Montgomery,Southern Miss,75,Jr,3915.0,-2.0668999999999897,0.6972484965540271,-6.004346631196423,-5.307098134642396
2017,2024,Kobe Williamson,Seattle U,80,Jr,2635.0,-0.7206999999999937,-5.467102430358671,0.1564396077566683,-5.310662822602003
2018,2024,Sebastian Hartmann,Eastern Washington,77,Fr,2236.0,-3.3866000000000014,-5.251708323945751,-0.0711433912403287,-5.322851715186079
2019,2024,Aa'Reyon Munir-Jones,Coppin State,75,Fr,4567.0,-8.800799999999995,-5.129952094163555,-0.1942728618424594,-5.324224956006014
2020,2024,Lynn Greer III,Saint Joseph's,74,Jr,2553.0,1.713399999999993,-4.4387613220838364,-0.8945508034816823,-5.333312125565518
2021,2024,Jaylen Carey,James Madison,80,Fr,1515.0,-3.4523999999999972,-2.3271472192878786,-3.0091757422763203,-5.336322961564199
2022,2024,Detalian Brown,North Alabama,75,Jr,2662.0,-3.2280999999999977,-3.295121003374022,-2.0543605911372316,-5.3494815945112535
2023,2024,Jalen Breath,UNC Greensboro,80,So,4516.0,-1.390100000000004,-7.729500939464827,2.361105337212108,-5.368395602252718
2024,2024,Marcus Millender,South Alabama,71,Fr,10972.0,-4.034300000000002,-4.015381275552679,-1.358885202274762,-5.374266477827441
2025,2024,Jamel King,Kennesaw State,79,Jr,4622.0,-4.891100000000009,-5.720108264069573,0.3357460655721793,-5.384362198497394
2026,2024,Byron Ireland,Nicholls,73,Jr,4726.0,-5.595800000000011,1.388430617179385,-6.7891695101783505,-5.400738892998966
2027,2024,Aanen Moody,Montana,75,Sr,3622.0,-4.014799999999994,-5.8145930915952215,0.3976990294981632,-5.416894062097058
2028,2024,Tyren Moore,Georgia Southern,71,Sr,5467.0,-0.879400000000004,-2.8879639551783645,-2.530886803156726,-5.418850758335091
2029,2024,Evan Ipsaro,Miami (OH),72,Fr,4388.0,-3.750399999999999,-2.4049517925553525,-3.0166363817108444,-5.421588174266197
2030,2024,Elijah Jamison,Milwaukee,75,So,6264.0,-4.5345999999999975,-7.365714952244118,1.9355239401677435,-5.430191012076374
2031,2024,Avery Felts,Arkansas State,74,Jr,2357.0,-1.1444999999999936,-1.032991727963072,-4.398510448345778,-5.43150217630885
2032,2024,Mike Sixsmith,Sacred Heart,72,Sr,2590.0,-10.051699999999997,-6.389637683800458,0.9534419368607736,-5.436195746939684
2033,2024,Harry Rouhliadeff,Hawai'i,81,So,2114.0,-2.912300000000002,1.9754276805126143,-7.432832079220978,-5.457404398708363
2034,2024,Marcus Glover,Incarnate Word,80,So,4405.0,-9.2175,3.1443017435573157,-8.63729152012673,-5.492989776569415
2035,2024,Geoff Sprouse,American University,72,So,3146.0,-8.016599999999997,-2.406083498459352,-3.1042676675098035,-5.510351165969155
2036,2024,Jacob Wilson,UL Monroe,78,So,2707.0,-1.2602000000000118,-5.77306467185323,0.2408378870227194,-5.5322267848305104
2037,2024,Tanahj Pettway,New Mexico State,74,Sr,1773.0,-0.2006000000000085,4.003192661292788,-9.5389442338173,-5.5357515725245126
2038,2024,Jaxon Pollard,Queens University,79,Jr,2862.0,-2.463400000000007,-6.969653840120688,1.431373500151262,-5.538280339969425
2039,2024,Roderick Coffee III,Florida A&M,76,So,3084.0,-2.8615000000000066,-0.5088658206596318,-5.050943948048236,-5.559809768707868
2040,2024,Trey Thomas,Bowling Green,72,Sr,2689.0,-6.610900000000001,-6.341707260130724,0.7813493629118149,-5.560357897218909
2041,2024,Frankie Policelli,Charleston,79,Sr,2302.0,-2.022599999999997,-7.574149436651146,2.012120095230427,-5.562029341420718
2042,2024,Roy Clarke,Saint Peter's,76,Jr,2179.0,-4.635800000000003,-1.9425144982788876,-3.621348729945153,-5.56386322822404
2043,2024,Jeremiah Quigley,Iona,71,Fr,5459.0,-5.764499999999998,-5.207934097169757,-0.3634858389959801,-5.5714199361657375
2044,2024,Billy Smith,Bellarmine,79,So,3448.0,0.839500000000001,-0.151600951367788,-5.421961328292847,-5.573562279660635
2045,2024,Micah Octave,Alabama State,77,Jr,5410.0,-7.760400000000004,2.297854724142053,-7.8775410148139695,-5.5796862906719165
2046,2024,Bryson Langdon,Youngstown State,69,Sr,5600.0,-5.078299999999999,-2.3285276150845116,-3.27258509700758,-5.601112712092092
2047,2024,Justin McKoy,Hawai'i,80,Sr,6088.0,-3.337599999999995,3.359055299561607,-8.964529650414732,-5.605474350853125
2048,2024,Reginald Reynolds,Mississippi Valley State,77,Sr,3283.0,-4.106200000000001,-4.863526949764205,-0.7432442246844739,-5.60677117444868
2049,2024,Jalen Leach,Fairfield,76,Sr,3216.0,-6.985400000000013,0.3073282251019527,-5.94572767703437,-5.6383994519324165
2050,2024,Christian Moore,North Texas,73,So,146.0,-2.182299999999998,0.419445094205206,-6.066682224440453,-5.647237130235247
2051,2024,Giordan Williams,Montana,76,Sr,1353.0,-1.5981000000000023,-7.859754501359593,2.210975343392472,-5.6487791579671205
2052,2024,Tariq Ingraham,Rider,81,Sr,4508.0,-1.9909999999999997,-0.1532877350076498,-5.498622448546984,-5.651910183554634
2053,2024,Duke Brennan,Grand Canyon,82,So,2436.0,0.6672999999999973,-3.752750243507437,-1.90411460078105,-5.656864844288487
2054,2024,Collin Cooper,Eastern Kentucky,74,Sr,4492.0,-2.795599999999993,-4.807747571219265,-0.860620049410719,-5.668367620629984
2055,2024,Sincere Parker,Saint Louis,75,Jr,6864.0,3.366500000000002,2.7276325825727348,-8.39972384465245,-5.672091262079714
2056,2024,Kam Summers,Navy,74,Jr,2548.0,-7.450400000000002,-0.0487029711502602,-5.6250951800740765,-5.673798151224337
2057,2024,Sheldon Edwards Jr.,Loyola Chicago,76,Sr,2688.0,2.965999999999994,-2.41389062240805,-3.2706483926921344,-5.684539015100184
2058,2024,Leonardo Bettiol,Abilene Christian,81,So,3110.0,-0.5108000000000033,3.2855290452565797,-8.970517330871042,-5.6849882856144625
2059,2024,Tyler Mack,Maryland Eastern Shore,77,Jr,2384.0,-5.134199999999993,2.6826880210013924,-8.3846448062809,-5.701956785279507
2060,2024,Mac MacDonald,Navy,73,Jr,4768.0,-10.594099999999996,-5.194448301217033,-0.509245483864091,-5.703693785081124
2061,2024,Omar Payne,UCF,82,Sr,1401.0,7.8289999999999935,-5.173271485244346,-0.5373162622661116,-5.710587747510457
2062,2024,Christian Moore,New Hampshire,73,So,2605.0,-2.182299999999998,3.3826902585198915,-9.097263467279449,-5.714573208759555
2063,2024,Luke Goode,Illinois,79,Jr,2295.0,10.87870000000001,-7.493414834418544,1.768452326063136,-5.724962508355409
2064,2024,Stephen Giwa,Texas A&M-Corpus Christi,81,Jr,2322.0,-6.198999999999998,-6.706382272865458,0.9783308516704912,-5.728051421194967
2065,2024,Bryan Antoine,Radford,77,Sr,5351.0,-2.2897000000000105,1.2019907423540863,-6.932863202593209,-5.730872460239123
2066,2024,Trey Edmonds,UTSA,82,Jr,4090.0,-0.7184000000000026,-2.035863545573135,-3.704038187613032,-5.7399017331861675
2067,2024,Ryan Moffatt,Colgate,78,Sr,2924.0,-5.288499999999999,-5.480624991730968,-0.2775882233225171,-5.758213215053486
2068,2024,Peter Filipovity,Maine,79,Sr,5059.0,-3.4928000000000026,-1.4823328152994957,-4.282981463161033,-5.765314278460528
2069,2024,Tayton Conerway,Troy,75,Jr,1346.0,-2.038800000000009,-7.882525230333504,2.1162485133867346,-5.766276716946769
2070,2024,Braden Huff,Gonzaga,82,Fr,1433.0,1.337699999999998,-0.3214925874972594,-5.44589688099869,-5.767389468495949
2071,2024,Riley Allenspach,Samford,83,Fr,1326.0,-3.234099999999998,-6.662094605189495,0.8896188935123464,-5.772475711677148
2072,2024,Cody Head,Lipscomb,75,Fr,8923.0,-6.05619999999999,-2.233772954409105,-3.550440412747496,-5.784213367156601
2073,2024,Trent Stephney,UNC Asheville,74,Sr,2697.0,-2.5825999999999993,-2.4969135453549347,-3.288694079870181,-5.785607625225116
2074,2024,Matt Allocco,Princeton,76,Sr,1997.0,-0.1020999999999929,-3.2662420565266315,-2.538857687582681,-5.805099744109313
2075,2024,AJ McGinnis,Lipscomb,75,Jr,15796.0,-4.2043000000000035,-4.111238884612771,-1.6940171786440843,-5.805256063256856
2076,2024,Joshua Strong,Howard,72,Sr,1461.0,-4.5959,-3.588344608182838,-2.2317540599879417,-5.82009866817078
2077,2024,Will Richardson,Fordham,75,So,4874.0,1.7565000000000026,-1.2993727005023212,-4.532050559012386,-5.831423259514707
2078,2024,Tyler Beard,Pacific,74,Jr,7175.0,1.0609999999999928,-3.4142804081705895,-2.425290238365142,-5.839570646535732
2079,2024,Miles Brewster,Boston University,75,Sr,5508.0,-9.090500000000006,-0.0003900662360378,-5.8479712423972385,-5.848361308633276
2080,2024,Dieonte Miles,Morehead State,84,Sr,2080.0,-4.664900000000003,-8.626409796736557,2.7563416591439873,-5.870068137592569
2081,2024,Maximus Edwards,George Washington,77,So,5552.0,-0.7595000000000027,2.738011495934396,-8.61384318485326,-5.875831688918865
2082,2024,Camaren Sparrow,Coppin State,76,Fr,5060.0,-6.905199999999994,-10.52276170905136,4.645165317558073,-5.877596391493286
2083,2024,Kasen Harrison,Winthrop,74,Sr,13196.0,-1.5704000000000065,-3.6822979588298246,-2.198085882694052,-5.8803838415238765
2084,2024,Juan Munoz,Hawai'i,72,Sr,3906.0,-3.5300999999999902,-3.5178565431854443,-2.3664991063457776,-5.884355649531222
2085,2024,Jaylani Darden,Norfolk State,77,Jr,2029.0,-9.205300000000008,-1.0948708171123482,-4.7900611549611645,-5.884931972073513
2086,2024,Cam Hayes,East Carolina,75,Jr,3377.0,3.631699999999995,-3.405076911515139,-2.484154754283357,-5.889231665798496
2087,2024,Matthew Mors,South Dakota State,79,So,885.0,-3.1736999999999966,-6.673613795194214,0.7735269950471999,-5.900086800147014
2088,2024,Josh Kunen,San Francisco,80,Sr,1138.0,-2.3641000000000076,-9.491277684606713,3.586804258588761,-5.90447342601795
2089,2024,Ziggy Reid,Youngstown State,78,Sr,6770.0,-4.2517,-1.6653933772671534,-4.241328015738514,-5.906721393005667
2090,2024,Jordan Jones,Central Connecticut,72,Sr,5546.0,-11.71759999999999,-0.6023759046476926,-5.316813396872563,-5.919189301520255
2091,2024,Abdoulaye Thiam,High Point,76,Jr,3462.0,-4.341700000000003,-2.0374638240225056,-3.8870637220982824,-5.924527546120788
2092,2024,Jaylen Curry,Massachusetts,72,Fr,3389.0,0.0300000000000011,-3.297961869651911,-2.633445343968699,-5.931407213620609
2093,2024,Bowyn Beatty,Sacramento State,84,Fr,3212.0,-3.031499999999994,-4.211690784680626,-1.7280887316296751,-5.939779516310301
2094,2024,Shy Odom,Howard,78,So,1464.0,-6.284400000000005,3.7783683265986534,-9.7183000305255,-5.939931703926848
2095,2024,Elijah Stephens,American University,69,Jr,5096.0,-8.97460000000001,1.424288789161415,-7.366566139644775,-5.9422773504833595
2096,2024,Joe Palmer,Colorado State,76,Sr,1510.0,8.458600000000004,-1.50351481355432,-4.454280325562786,-5.957795139117106
2097,2024,Nehemiah Benson,Binghamton,79,Jr,4010.0,-4.431300000000007,-0.306453447061578,-5.655422655757262,-5.961876102818841
2098,2024,Isaac Harrell,Elon,80,Fr,2284.0,-5.163000000000011,-4.415479753359084,-1.5549706352942132,-5.970450388653298
2099,2024,Chance Moore,Missouri State,78,Jr,4785.0,1.798599999999993,-2.9515458698959063,-3.0201581899449153,-5.971704059840821
2100,2024,De'Shayne Montgomery,Mount St. Mary's,77,Fr,4191.0,-6.6858999999999895,2.826877983395991,-8.802833944466354,-5.975955961070363
2101,2024,Max Allen II,Marist,81,So,3517.0,-8.064400000000006,-0.1958244402144862,-5.797239071107736,-5.993063511322222
2102,2024,JaRonn Wilkens,Southern,81,Sr,2478.0,2.5915999999999997,9.088282755940767,-15.081865748052332,-5.993582992111564
2103,2024,Masai Olowokere,Central Arkansas,77,Sr,10507.0,-5.627300000000005,-1.154132658156882,-4.849797081276627,-6.003929739433509
2104,2024,Mate Okros,Drexel,78,Sr,3621.0,-3.275800000000004,2.6268720363402167,-8.640699400912823,-6.013827364572606
2105,2024,Dontaie Allen,Western Kentucky,78,Sr,2265.0,-2.5775999999999897,0.7852959467052651,-6.80340971043121,-6.018113763725945
2106,2024,LA Pratt,Elon,77,So,3791.0,-5.040300000000002,-0.1416725987070917,-5.8781145564865165,-6.019787155193608
2107,2024,Darius DeAveiro,Valparaiso,72,Jr,7058.0,1.912000000000006,-2.512247630731932,-3.518253862699627,-6.030501493431559
2108,2024,Ellis Magnuson,Eastern Washington,73,Sr,5345.0,-2.373599999999996,-6.47500307527973,0.4348008950242517,-6.040202180255479
2109,2024,Dalph Panopio,Cal State Bakersfield,73,Jr,1499.0,-4.649100000000004,0.3368306070032365,-6.386656005355674,-6.0498253983524375
2110,2024,Sean Bairstow,VCU,80,Sr,1306.0,5.403599999999997,-5.303367023073742,-0.7546681302163094,-6.058035153290051
2111,2024,Jalen Bolden,UL Monroe,76,So,4494.0,-1.6464,-3.273040834089899,-2.7869888314312803,-6.06002966552118
2112,2024,Nate Ferguson,Drake,80,Sr,1353.0,3.307299999999998,-6.021449808320604,-0.048081514122777,-6.069531322443381
2113,2024,Jared Turner,Northeastern,79,So,4132.0,-1.7249999999999943,-5.411856646433695,-0.6636297167809622,-6.075486363214657
2114,2024,Allen Udemadu,Morgan State,82,Jr,8475.0,-6.757899999999992,3.7286764508843913,-9.81193290466524,-6.08325645378085
2115,2024,Carter Whitt,Furman,75,Jr,5134.0,-1.0274,1.699392152709203,-7.831613675012116,-6.132221522302913
2116,2024,Roger McFarlane,SE Louisiana,76,Jr,6405.0,-5.4055000000000035,-2.3626070098271663,-3.7720450079371064,-6.134652017764273
2117,2024,Israel Yaw,Maryland Eastern Shore,81,So,1688.0,-4.790800000000004,1.3810617791023692,-7.531316832940243,-6.150255053837874
2118,2024,Armon Harried,Binghamton,77,Sr,5388.0,-4.784999999999997,-0.2509720531964667,-5.899423495782026,-6.1503955489784925
2119,2024,Diego Campisano,Northern Arizona,77,Jr,3629.0,-3.9444000000000017,-5.027531606148839,-1.129248204845581,-6.15677981099442
2120,2024,Jahmar Young Jr.,Texas Southern,81,Sr,829.0,1.6754999999999995,-1.6879910535022002,-4.479723557349107,-6.1677146108513075
2121,2024,Corey Sawyer Jr.,Eastern Illinois,76,Jr,4028.0,-8.322900000000004,4.404816532104418,-10.589321214493577,-6.184504682389159
2122,2024,Marcus Niblack,Jacksonville,74,Sr,3788.0,-2.719300000000004,-6.630024156641966,0.4419768569561725,-6.188047299685794
2123,2024,TY Johnson,UC Davis,75,Jr,5953.0,-3.1159999999999997,4.395156474865303,-10.586793424023002,-6.191636949157699
2124,2024,Bobby Harvey,Portland State,76,Sr,4883.0,-4.200100000000006,-2.064359364957,-4.13773180543205,-6.202091170389051
2125,2024,Jahmir Young,Maryland,74,Sr,6614.0,10.174399999999991,-4.073460418335067,-2.1431770278565994,-6.216637446191666
2126,2024,CJ Huntley,App State,83,Sr,2617.0,-1.419499999999999,-7.107223741498247,0.8895164098833148,-6.217707331614932
2127,2024,Ian Granja,Coastal Carolina,79,Fr,3013.0,-2.6281999999999925,-5.451352793426471,-0.7819404877526076,-6.233293281179079
2128,2024,Bernard Pelote,Western Carolina,80,Jr,9154.0,-2.8105000000000047,-2.0706056546851954,-4.168947457777979,-6.239553112463175
2129,2024,Cooper Bowser,Furman,83,Fr,2294.0,0.3693999999999988,-5.701091678676002,-0.5391418973662483,-6.24023357604225
2130,2024,Justin Wright,Loyola Marymount,74,Sr,4607.0,-0.3023000000000024,-3.78689732266708,-2.466636137926982,-6.2535334605940625
2131,2024,Quinn Denker,Idaho,75,Jr,6278.0,-4.4726,-3.694974445098408,-2.5731874915648296,-6.268161936663238
2132,2024,Andres Burney,Jacksonville State,81,Jr,2852.0,-2.084299999999999,5.839832222843193,-12.118047467504653,-6.278215244661459
2133,2024,Rob Higgins,Elon,73,Sr,3688.0,-5.195399999999992,-3.2163895539552723,-3.06786167742212,-6.284251231377392
2134,2024,David Early,Tennessee Tech,76,Jr,3600.0,-0.2712000000000074,0.1903150884206463,-6.474880119605789,-6.284565031185142
2135,2024,Vukasin Masic,Portland,77,Sr,7092.0,1.7989000000000033,-0.9225821858980284,-5.373848636220326,-6.296430822118355
2136,2024,Kentrell Pullian,Milwaukee,72,Jr,6256.0,-4.143599999999992,-2.935353284728821,-3.36673259605857,-6.302085880787391
2137,2024,Brent Bland,Saint Peter's,75,So,2169.0,-5.362099999999998,-0.7263485672132503,-5.5782538472492025,-6.304602414462453
2138,2024,Shereef Mitchell,Ohio,73,Sr,5779.0,-5.445499999999996,-3.5407302337786724,-2.7653034695491048,-6.306033703327778
2139,2024,Donovan Gregory,App State,77,Sr,3032.0,-0.9194999999999992,-0.8159153768287176,-5.490895948714423,-6.306811325543141
2140,2024,Julian Lual,Arkansas State,78,Jr,1241.0,-1.4806999999999988,-1.6018053789501825,-4.721436045063516,-6.323241424013698
2141,2024,Pablo Tamba,UC Davis,79,Jr,2269.0,-3.5930000000000035,-7.034804908938466,0.6947962822023981,-6.3400086267360685
2142,2024,Zeke Cook,Jackson State,78,Jr,7952.0,-4.991799999999998,-4.864530395229377,-1.4788724280198489,-6.343402823249225
2143,2024,Omar Croskey,South Carolina State,78,Jr,4389.0,-4.523300000000006,-3.255178726824311,-3.1221892468567853,-6.377367973681096
2144,2024,Almar Atlason,Bradley,80,Fr,1773.0,3.4638999999999953,-5.757756089051438,-0.6213962006385316,-6.379152289689969
2145,2024,Nick Boyd,Florida Atlantic,75,Jr,1856.0,3.35390000000001,-3.1761242347137477,-3.2065712816909953,-6.382695516404743
2146,2024,Luka Savicevic,Lafayette,75,Jr,2670.0,-6.5565,-4.908806665454127,-1.4796503175010267,-6.388456982955153
2147,2024,Always Wright,Rhode Island,75,So,2428.0,1.668599999999998,-4.712196215954342,-1.6764699342093796,-6.388666150163722
2148,2024,Jake van der Heijden,North Florida,81,Sr,3389.0,-3.979700000000008,-7.870285715365191,1.477249558984639,-6.393036156380552
2149,2024,DeeJuan Pruitt,Jacksonville,80,Jr,3730.0,-2.5109000000000066,-6.0349249439973285,-0.3740812066883239,-6.409006150685652
2150,2024,Kyle Owens,UC Riverside,80,Sr,4022.0,-0.9607000000000028,-4.955297354445255,-1.4600560113748229,-6.415353365820078
2151,2024,Dischon Thomas,Montana,81,Sr,3115.0,-4.277600000000007,-8.463902622864936,2.0443116865091104,-6.419590936355825
2152,2024,Michael Moreno,Eastern Kentucky,79,Sr,6126.0,-3.8023000000000025,-2.629592185278799,-3.802592341100661,-6.43218452637946
2153,2024,Chris Fields Jr.,Norfolk State,79,Fr,757.0,-10.5235,-3.777421483241479,-2.6570828916494333,-6.4345043748909125
2154,2024,Siem Uijtendaal,Canisius,78,Sr,4596.0,-3.032200000000003,-0.5712233432083805,-5.869015913858965,-6.440239257067345
2155,2024,Jalen White,Nicholls,76,Sr,4899.0,-1.5581000000000105,-1.9621360920001825,-4.483705543290498,-6.44584163529068
2156,2024,Kylen Milton,Arkansas-Pine Bluff,76,Sr,12946.0,-7.310400000000001,-2.8605012359742563,-3.5856673257542946,-6.446168561728551
2157,2024,Jack Gohlke,Oakland,75,Sr,3356.0,0.463799999999992,-4.996189256756956,-1.465913131148454,-6.462102387905411
2158,2024,Brandon Davis,Southern,73,Sr,5916.0,-5.746600000000001,-10.842151350259387,4.37935158060256,-6.462799769656828
2159,2024,Javion Guy-King,Central Arkansas,78,Fr,9142.0,-5.905199999999994,-3.292435114910826,-3.1767978478815184,-6.469232962792344
2160,2024,Trey Autry,George Washington,76,Fr,3763.0,-1.809200000000004,-3.556774663533473,-2.912973182126721,-6.469747845660194
2161,2024,Josh Smith,Stetson,76,So,970.0,-8.115800000000007,0.8454274756302738,-7.321445638854748,-6.476018163224475
2162,2024,Chuck Bailey III,Evansville,76,Fr,1895.0,0.5630000000000024,-2.6705392400060264,-3.8056003311750968,-6.476139571181124
2163,2024,Maurice Wright Jr.,VMI,74,Fr,2038.0,0.4363000000000028,-7.086549474244604,0.6028727180490471,-6.483676756195557
2164,2024,Kane Milling,UC Davis,76,Sr,6386.0,-2.8704000000000036,0.4836646800950914,-6.970105545354405,-6.486440865259314
2165,2024,Rob Brown III,Nicholls,76,Jr,6522.0,-2.7954000000000008,-5.015188676218866,-1.4764445690798067,-6.491633245298672
2166,2024,Gabe McGlothan,Grand Canyon,80,Sr,3239.0,0.6086999999999989,-8.485693266016431,1.9926126736402057,-6.493080592376225
2167,2024,Kobe Stewart,Presbyterian,79,Sr,2441.0,-4.915700000000001,-7.69648017733709,1.1970226532183357,-6.499457524118755
2168,2024,Quest Aldridge,Gardner-Webb,76,Sr,4692.0,-0.9465000000000005,-4.005714379121595,-2.5010090035847496,-6.506723382706344
2169,2024,C.J. Ford,Northern Arizona,73,So,2382.0,-2.8182000000000045,-9.197135747554295,2.690199547068243,-6.506936200486052
2170,2024,Nico Galette,Sacred Heart,78,Sr,5324.0,-8.479,4.4336892609791905,-10.962454421015693,-6.528765160036502
2171,2024,T.J. Bickerstaff,James Madison,81,Sr,2323.0,-2.685999999999993,-0.7085409801443028,-5.828092388921862,-6.536633369066164
2172,2024,KyKy Tandy,Jacksonville State,74,Sr,7990.0,-2.4321000000000055,-10.787441762246845,4.24977608388945,-6.537665678357395
2173,2024,Aaron Deloney,Vermont,72,Sr,2569.0,-2.6236999999999995,-4.256413906086702,-2.2833905880336935,-6.539804494120395
2174,2024,Jakorie Smith,Tarleton State,78,Sr,3040.0,0.1414000000000044,-0.989516431074228,-5.557165980466803,-6.546682411541031
2175,2024,Giovanni Emejuru,Siena,82,So,5485.0,-4.4208,-0.3908121089500225,-6.174666933577544,-6.565479042527567
2176,2024,Nana Owusu-Anane,Brown,80,Jr,7898.0,-0.3218999999999994,-8.033388419762197,1.4657149672445462,-6.567673452517651
2177,2024,Michael Ojo,Siena,79,Fr,2658.0,-4.970600000000005,-9.431402407069864,2.853046640844415,-6.5783557662254495
2178,2024,Luke House,Drexel,76,Sr,4871.0,-2.5456999999999965,-6.879352014388574,0.3000823941251531,-6.579269620263421
2179,2024,Anquan Boldin Jr,Buffalo,76,Fr,4042.0,-0.8195999999999941,-0.3811045676040129,-6.201370057152249,-6.582474624756262
2180,2024,Colby Duggan,Campbell,79,Fr,2198.0,-5.307199999999995,-8.569521065542354,1.9837435195100095,-6.585777546032344
2181,2024,Josh Adoh,Bucknell,75,Sr,1532.0,-7.688299999999998,-4.846289863242223,-1.7409088325827695,-6.587198695824993
2182,2024,Quinn Strander,Nicholls,70,Sr,2008.0,-10.746300000000003,-5.189759369993371,-1.4040880287777862,-6.593847398771157
2183,2024,Laolu Oke,Montana,80,Sr,2407.0,-2.9686000000000092,-8.057241573620857,1.4626391156597425,-6.594602457961114
2184,2024,Marvin McGhee III,Cal State Bakersfield,76,Sr,4814.0,-1.6663000000000068,-6.403262111850757,-0.19867342930767,-6.601935541158427
2185,2024,Drey Carter,Wright State,80,Fr,2335.0,-2.7509999999999906,-2.886771826815186,-3.7317752194590184,-6.618547046274204
2186,2024,Jerry Ngopot,UL Monroe,83,So,3393.0,-0.8715000000000117,-8.578253932316416,1.9492649491447651,-6.62898898317165
2187,2024,Kendrick De Luna,Cal State Fullerton,82,Fr,1855.0,-1.553200000000004,-14.75943053827976,8.12024220852426,-6.6391883297555
2188,2024,Reggie Bass,Kent State,75,So,2590.0,-2.452600000000004,-1.616735726321489,-5.039240033895426,-6.655975760216915
2189,2024,Reyne Smith,Charleston,74,Jr,2623.0,-1.9797999999999971,-8.450307050106582,1.7930778820594808,-6.657229168047102
2190,2024,Jalin Billingsley,Eastern Michigan,79,Jr,4712.0,-5.735600000000005,-6.103167096369767,-0.5604744133470385,-6.663641509716806
2191,2024,Masai Troutman,Northeastern,76,So,5306.0,-2.4366999999999877,-5.181174035771462,-1.4833577666377995,-6.664531802409261
2192,2024,Owen Lobsinger,Western Michigan,81,Jr,4983.0,-3.484899999999996,-4.773637919102461,-1.9039237336115695,-6.67756165271403
2193,2024,Bryan Etumnu,Merrimack,79,So,4271.0,-9.396500000000003,-3.317061477492456,-3.369450858328622,-6.686512335821078
2194,2024,Sam Griffin,Wyoming,75,Sr,6822.0,5.724900000000005,-2.920336589156202,-3.7743401795403178,-6.694676768696519
2195,2024,Jalen Jackson,Purdue Fort Wayne,74,So,3449.0,-6.270400000000009,-1.0729259593815097,-5.6564334165408265,-6.729359375922336
2196,2024,Tyler Andrews,Kansas City,78,So,2362.0,-5.427800000000005,-6.752699136087036,0.0163933259040169,-6.736305810183019
2197,2024,Andre Nunley,Prairie View A&M,70,Sr,3505.0,-4.862100000000012,4.911505071997663,-11.659988878829548,-6.748483806831885
2198,2024,Marcus Randolph,Saint Peter's,77,So,1767.0,-3.6053,2.1224800326197557,-8.875975448249317,-6.753495415629562
2199,2024,Drew Lowder,Cleveland State,73,Sr,3056.0,-3.6385999999999967,-4.479175319110279,-2.291147655463147,-6.770322974573427
2200,2024,Nendah Tarke,Towson,76,Jr,1746.0,-3.153499999999994,-5.586977040089206,-1.19546773737645,-6.782444777465656
2201,2024,Andrew Akuchie,Rice,81,So,2182.0,2.724199999999996,-5.5712608724573895,-1.2123107787577392,-6.783571651215128
2202,2024,Noah Melson,Chattanooga,78,Fr,2744.0,-1.7168000000000063,0.1000422059819408,-6.8901753894960045,-6.7901331835140635
2203,2024,Hayden Gray,UC San Diego,76,Jr,3305.0,-2.910800000000009,0.0642494698183624,-6.858876246415074,-6.794626776596711
2204,2024,Cameron Tyson,Seattle U,75,Sr,3052.0,-1.5254000000000048,-4.515084740268742,-2.2874619243616374,-6.80254666463038
2205,2024,Jean Aranguren,Iona,75,Fr,4271.0,-5.263400000000004,1.3373210807483709,-8.144048339011714,-6.806727258263344
2206,2024,Luke Kasubke,Illinois State,77,Sr,3428.0,0.1182000000000016,-2.867540796587156,-3.961512135090146,-6.829052931677302
2207,2024,Ryan Beasley,San Francisco,71,Fr,1935.0,-1.0306000000000068,-4.073692631587637,-2.7596646065610293,-6.8333572381486665
2208,2024,Isaac Bruns,South Dakota,76,Fr,2495.0,-5.113299999999995,1.093502304940432,-7.928693381368964,-6.835191076428532
2209,2024,Kwane Marble,Niagara,77,Jr,4024.0,-6.6404,2.3898554286454687,-9.2297402642721,-6.839884835626631
2210,2024,AJ Staton-McCray,Samford,76,Jr,2280.0,-1.5337999999999994,0.1874090589741094,-7.028250956032092,-6.840841897057982
2211,2024,Sean Moore,Fairleigh Dickinson,77,Sr,6838.0,-9.69059999999999,-4.973294031240251,-1.8810642343945343,-6.854358265634786
2212,2024,Mike Walz,Richmond,83,So,1066.0,0.7626999999999953,-7.935307496836995,1.0744102166353864,-6.860897280201608
2213,2024,Jan Zidek,Chattanooga,81,Sr,4324.0,-2.862399999999994,-7.66610780561663,0.7911589324013417,-6.874948873215288
2214,2024,Ny'Mire Little,UAlbany,76,Jr,9606.0,-3.211999999999989,-5.650361462878075,-1.2309881549541817,-6.881349617832257
2215,2024,Tasos Cook,Campbell,74,Jr,2509.0,-6.342399999999998,1.772906716623286,-8.655272918749366,-6.8823662021260805
2216,2024,Bryan Greenlee,Florida Atlantic,72,Sr,2540.0,4.732500000000002,-5.476440192019693,-1.4097892771816625,-6.886229469201355
2217,2024,Chris Ford,Robert Morris,77,Jr,5820.0,-5.705299999999994,-6.0199911370029255,-0.8828057667173573,-6.902796903720283
2218,2024,Kellen Tynes,Maine,75,Jr,6224.0,-3.757800000000003,-5.705956070568206,-1.1984523674772674,-6.904408438045474
2219,2024,Allen Powell,Rider,74,Sr,4837.0,-3.1414999999999935,-4.108392923908303,-2.811874238756932,-6.920267162665235
2220,2024,Kinyon Hodges,Tennessee State,74,Sr,6009.0,-6.856200000000001,2.9397140531677586,-9.866938888935913,-6.927224835768154
2221,2024,Jack Campion,Southern Indiana,70,So,4568.0,-6.4709,-7.4831104756136995,0.5468738588123987,-6.936236616801301
2222,2024,Christopher Mantis,App State,79,Jr,1770.0,-2.563999999999993,-4.969440541464197,-1.9837221595810577,-6.953162701045255
2223,2024,Rocket Watts,Oakland,74,Sr,1734.0,-1.0586000000000126,-12.903658938228771,5.946317316931084,-6.9573416212976875
2224,2024,Josh Holloway,Samford,74,Fr,1565.0,-4.182000000000002,5.64695469683985,-12.6119157693048,-6.964961072464951
2225,2024,Kristians Feierbergs,Maine,80,Jr,3860.0,-3.406499999999994,-0.6576557584669434,-6.311454632902105,-6.969110391369049
2226,2024,TJ Hurley,Vermont,77,So,2100.0,-2.565799999999996,-2.210879981750713,-4.762645327182241,-6.973525308932954
2227,2024,Sam Thomson,Colgate,80,Sr,1488.0,-4.522499999999994,-0.6521873379291405,-6.330998478431329,-6.98318581636047
2228,2024,Colin Ruffin,Lindenwood,76,Fr,4068.0,-6.797200000000004,-2.2721190849516435,-4.714611310054981,-6.986730395006624
2229,2024,DJ Patrick,Charleston Southern,78,Jr,4977.0,0.6988000000000056,-6.96484547007925,-0.0405220339220965,-7.005367504001346
2230,2024,Dallas Howell,North Alabama,79,Jr,4185.0,-5.3339,-9.80527286533662,2.7956862602469736,-7.009586605089645
2231,2024,Matteus Case,William & Mary,77,Jr,3237.0,-4.468699999999998,2.7771312964655195,-9.787647859025938,-7.010516562560419
2232,2024,Sam Brown,Pennsylvania,75,Fr,4207.0,2.222200000000001,-5.365045062745011,-1.6479194924365603,-7.012964555181572
2233,2024,Zion Russell,Northern Illinois,74,Jr,3424.0,-2.2601999999999975,-6.522075658875386,-0.5311418042752613,-7.053217463150648
2234,2024,Antavion Collum,McNeese,81,Jr,2061.0,-5.481099999999998,-0.2492872183783729,-6.830391306695382,-7.079678525073755
2235,2024,Devean Williams,Canisius,75,So,3186.0,-5.843600000000009,-3.956904713123069,-3.123183767207407,-7.080088480330476
2236,2024,Kyran Ratliff,Louisiana,80,So,2063.0,-2.437000000000012,-6.446633710839146,-0.6416146318585227,-7.088248342697669
2237,2024,Javier Ezquerra,Wagner,73,Jr,3051.0,-8.550600000000003,1.6246195431355677,-8.71692588325186,-7.092306340116293
2238,2024,Daniel Egbuniwe,Tennessee Tech,79,So,5103.0,-6.440899999999999,-6.719050986436873,-0.3764446832019272,-7.0954956696388
2239,2024,Roscoe Eastmond,SE Louisiana,69,Sr,6107.0,-5.688100000000006,-0.8900963601957366,-6.208970526501971,-7.099066886697708
2240,2024,Bradley Dean,Miami (OH),74,Jr,2631.0,-4.376500000000007,-3.8282573338014783,-3.2748529264541113,-7.1031102602555904
2241,2024,Brandon Williams,UCLA,79,Fr,3148.0,8.1143,-5.8763066306438585,-1.2426831123267403,-7.118989742970599
2242,2024,Levi Lawal,NJIT,79,Fr,3174.0,-4.6891000000000105,-7.172137313142285,0.0375751616696717,-7.134562151472613
2243,2024,Chris Bell,Syracuse,79,So,5645.0,10.4482,-4.089073664689398,-3.057556342946855,-7.146630007636253
2244,2024,Nick McMullen,UNC Asheville,80,Sr,4468.0,-0.9571000000000112,0.4992159555530233,-7.671264935617344,-7.1720489800643215
2245,2024,Michael Ajayi,Pepperdine,79,Jr,6863.0,0.5597000000000065,-8.717827467085652,1.53636602816937,-7.181461438916282
2246,2024,Mike Saunders Jr.,McNeese,72,Jr,531.0,-10.119699999999996,-1.1017090352109538,-6.100471531468971,-7.202180566679925
2247,2024,Ben Roy,Boston University,72,So,4541.0,-9.347799999999992,-1.4477491291906666,-5.759891644537904,-7.207640773728571
2248,2024,Jayden Stone,Detroit Mercy,76,Sr,5337.0,-1.2589000000000112,-5.678502435223089,-1.5314400198166886,-7.209942455039777
2249,2024,Keenon Cole,Lindenwood,79,Sr,5754.0,-7.380399999999995,-4.152202581668392,-3.0685860495442796,-7.220788631212671
2250,2024,Diogo Seixas,San José State,80,Fr,2020.0,4.497100000000003,-5.3382372616149505,-1.9009301579556304,-7.239167419570581
2251,2024,Dylan Faulkner,Lipscomb,81,Fr,5510.0,-5.116100000000003,-6.799278585735472,-0.4425338421442564,-7.241812427879728
2252,2024,Tre Jackson,Western Carolina,73,Sr,12336.0,-1.5870000000000033,-2.8684854202502743,-4.386991864268776,-7.25547728451905
2253,2024,Joshua Ola-Joseph,Minnesota,79,So,2336.0,1.5544000000000011,-4.602589353392616,-2.6719963767936163,-7.274585730186232
2254,2024,Oumar Koureissi,Nicholls,83,Jr,2303.0,-6.6684999999999945,-4.420534943570432,-2.864300829778274,-7.284835773348707
2255,2024,Zach Hicks,Penn State,80,Jr,5489.0,9.046000000000006,-1.8795459978443816,-5.466802044529116,-7.3463480423734975
2256,2024,Ahren Freeman,UT Rio Grande Valley,79,Sr,4444.0,1.3220000000000027,11.369544266991124,-18.717243522160473,-7.347699255169349
2257,2024,Sonny Wilson,Toledo,73,Fr,5920.0,-1.7841999999999985,-5.6673473522194024,-1.6932482705305776,-7.36059562274998
2258,2024,Bryce Okpoh,Canisius,79,Sr,4025.0,-3.577500000000001,-3.5727051217607753,-3.7924445125762585,-7.365149634337033
2259,2024,Dean Noll,Stony Brook,74,Sr,5890.0,-1.8175999999999988,-0.4228029967936046,-6.965165654117101,-7.387968650910706
2260,2024,Jordan Davis,Illinois State,76,Sr,2026.0,1.672300000000007,-9.045107514009478,1.6544999255476516,-7.390607588461827
2261,2024,Gyasi Powell,Jacksonville,74,Jr,5790.0,-3.7172000000000054,-7.1003805842726795,-0.3006563860979521,-7.401036970370631
2262,2024,Daniel Sofield,Central Arkansas,79,Sr,8484.0,-7.898300000000006,-2.6841340155396964,-4.719719445875359,-7.403853461415055
2263,2024,Mikal Dawson,Akron,77,Sr,2047.0,-1.7043000000000037,-4.14889696539749,-3.2565035763844854,-7.405400541781975
2264,2024,Anthony Dell'Orso,Campbell,78,So,6345.0,-5.325299999999999,-1.606639145556871,-5.8200301700900585,-7.4266693156469294
2265,2024,Kevin Easley Jr.,Coastal Carolina,79,Jr,5155.0,-2.5777999999999963,-5.336549861169855,-2.0957534618501814,-7.432303323020037
2266,2024,DeShang Weaver,Oral Roberts,79,Sr,4936.0,-0.345799999999997,0.549140180164422,-7.981801023080244,-7.432660842915823
2267,2024,Greg Tribble,Akron,73,Sr,2794.0,-1.682299999999998,-7.375197666908479,-0.0663035272446032,-7.441501194153082
2268,2024,Jacoi Hutchinson,George Washington,75,Fr,5539.0,-0.2956000000000074,-2.9521931441924973,-4.494331876722443,-7.44652502091494
2269,2024,Luke Sutherland,Le Moyne,79,Sr,5571.0,-9.107399999999998,-6.608209367482265,-0.8403411925836224,-7.448550560065887
2270,2024,Paris Dawson,Seattle U,74,Jr,2471.0,-0.4221000000000003,-4.678499662430463,-2.772609203068896,-7.451108865499359
2271,2024,Jordan Simpson,South Carolina State,77,So,2778.0,-3.9337000000000018,0.1437814975916911,-7.600459911617064,-7.456678414025372
2272,2024,David Brown III,Loyola Maryland,77,Jr,5142.0,-7.295500000000004,-4.279589210953692,-3.1790187489549098,-7.458607959908602
2273,2024,Xzayvier Brown,Saint Joseph's,74,Fr,2573.0,2.937899999999999,1.48895882878931,-8.957193945624931,-7.468235116835622
2274,2024,Justice Williams,Robert Morris,76,Jr,14178.0,-3.685600000000008,-5.693439952049765,-1.7791310245864995,-7.472570976636264
2275,2024,Derrick Tezeno,Southern,77,Jr,4282.0,-8.47999999999999,-2.8854975501438913,-4.588060651601809,-7.473558201745701
2276,2024,Deshawn Jean-Charles,Chicago State,79,So,1993.0,-3.934100000000001,-10.664520890941803,3.1844622169720154,-7.480058673969788
2277,2024,B.B. Knight,Lamar,78,So,4325.0,-8.483699999999999,-2.372203410442056,-5.112761788446742,-7.484965198888798
2278,2024,Kjell de Graaf,NJIT,82,Sr,1808.0,-4.088300000000004,-5.464142761668738,-2.02125641987672,-7.485399181545458
2279,2024,Antrell Charlton,Fordham,77,Sr,5082.0,1.1766999999999967,-0.9195660048261554,-6.5707954632355365,-7.490361468061692
2280,2024,Arecko Gipson,Mississippi Valley State,79,Sr,4616.0,-1.687399999999997,-9.712194869251068,2.2007783471898237,-7.5114165220612445
2281,2024,Kwo Agwa,East Texas A&M,78,Jr,2967.0,-8.2269,2.2856652858654884,-9.79950217648739,-7.513836890621902
2282,2024,Allen Strothers,East Tennessee State,73,So,2288.0,-1.5743999999999971,-3.684738688058059,-3.843912148723867,-7.528650836781926
2283,2024,Jacob Conner,Marshall,82,So,5691.0,-0.6473999999999904,-4.669438455571678,-2.8602977606994733,-7.529736216271151
2284,2024,PJ Hayes IV,San Diego,78,Sr,4786.0,-0.4395999999999986,-5.0322250465718765,-2.5113644564434363,-7.543589503015313
2285,2024,Omari Peek,Alabama A&M,78,Sr,1549.0,-6.442900000000009,-7.550598353577371,-0.0214350167222336,-7.5720333702996045
2286,2024,Derrick Butler,Central Michigan,74,Jr,5221.0,-4.468699999999998,-1.9742295232953095,-5.6050033522753,-7.57923287557061
2287,2024,Latrell Jossell,Stephen F. Austin,71,Sr,5118.0,-1.3263999999999925,-3.0632300374775734,-4.530321729454148,-7.593551766931721
2288,2024,Russell Jones Jr.,Western Carolina,68,Sr,9691.0,-1.503999999999991,-3.04489207943568,-4.550802033428489,-7.5956941128641695
2289,2024,Troy D'Amico,Southern Illinois,79,Jr,6287.0,1.0418000000000092,1.6331893975716936,-9.239891859322942,-7.606702461751248
2290,2024,Kehlin Farooq,Texas Southern,78,Jr,891.0,2.8902999999999963,-5.514034884044435,-2.0955512017136164,-7.6095860857580515
2291,2024,Titus Wright,Western Michigan,80,Sr,3611.0,-3.2432000000000016,-1.5013325107297986,-6.12672705057625,-7.628059561306048
2292,2024,Jaeden Marshall,Omaha,76,Jr,2733.0,-2.8337999999999965,-8.20387051957191,0.5675831767508268,-7.636287342821083
2293,2024,Cam Morris III,UMass Lowell,80,Jr,4990.0,-5.1738,-0.4850201079977038,-7.16040535639419,-7.645425464391893
2294,2024,Chaz Lanier,North Florida,77,Jr,6377.0,-4.549400000000006,1.0395726288013156,-8.710206840178053,-7.670634211376737
2295,2024,Hunter Woods,Portland State,78,Sr,2126.0,-4.017600000000002,0.723533553566829,-8.401039885197093,-7.677506331630264
2296,2024,Ray Harrison,Grand Canyon,76,Jr,3238.0,0.6043000000000092,-4.6424482782677945,-3.0388668918704607,-7.681315170138255
2297,2024,Clayton Southwick,Stephen F. Austin,80,Jr,2741.0,-0.645700000000005,-4.022355198028274,-3.6731951725254817,-7.695550370553756
2298,2024,Marcus Hill,Bowling Green,76,Jr,3633.0,-5.923500000000004,-2.3007776448819763,-5.413212586552733,-7.713990231434709
2299,2024,Garrett Tipton,Bellarmine,77,Sr,5456.0,-1.043300000000002,-9.52702565100288,1.805940100664207,-7.721085550338673
2300,2024,Kareem Rozier,Duquesne,69,So,2762.0,5.073599999999999,-8.227644273904646,0.5060069929455451,-7.721637280959101
2301,2024,Desmond Williams,UT Martin,73,Sr,3680.0,-7.711199999999991,-2.462419404886987,-5.27376380423187,-7.736183209118858
2302,2024,Kamar Robertson,Western Carolina,72,Sr,6945.0,-3.7579000000000065,-7.036213187636502,-0.7041485903336406,-7.740361777970143
2303,2024,Jaden Winston,Manhattan,72,Fr,6132.0,-4.448599999999999,-9.437304395367168,1.692234960177946,-7.745069435189221
2304,2024,Isaiah Richards,Gardner-Webb,82,Jr,3218.0,0.2464000000000084,-3.296747626919154,-4.478704054810932,-7.775451681730086
2305,2024,Matteo Picarelli,Temple,74,Sr,5133.0,1.0281999999999982,-5.487225092395628,-2.2910483430373643,-7.778273435432991
2306,2024,Milos Uzan,Oklahoma,76,So,5806.0,8.619600000000005,-0.7061406342070695,-7.114790947700241,-7.820931581907311
2307,2024,DJ Burns,NC State,79,Sr,4482.0,-5.575599999999994,-2.278758776224353,-5.5558952550181875,-7.834654031242541
2308,2024,Doug Edert,Bryant,74,Sr,3082.0,-3.299999999999997,2.5140707280839565,-10.369070071221472,-7.854999343137516
2309,2024,TJ Long,Vermont,76,So,2798.0,-2.302900000000008,-1.5945697183861405,-6.293992220167517,-7.888561938553657
2310,2024,Shawn Fulcher,Buffalo,72,So,4884.0,-2.7665000000000077,-0.4609820318040316,-7.428039785097164,-7.889021816901196
2311,2024,Lassina Traore,Long Beach State,82,Jr,3398.0,-1.2964000000000055,-2.39072817084818,-5.506248678030101,-7.89697684887828
2312,2024,Christian May,Towson,77,So,2771.0,-1.1648999999999887,-0.48057145547283,-7.433882298915814,-7.914453754388644
2313,2024,Adam Clark,Merrimack,70,Fr,5955.0,-8.653800000000004,-6.726218523187249,-1.1955051196783542,-7.9217236428656035
2314,2024,Quincy Anderson,Murray State,76,Sr,4946.0,3.140100000000004,-4.459540014774564,-3.4693234094780525,-7.928863424252617
2315,2024,Chaunce Jenkins,Old Dominion,76,Jr,6635.0,-0.9749999999999944,-6.664511970318404,-1.2778508788067318,-7.942362849125136
2316,2024,Mikale Stevenson,Grambling,74,Fr,1622.0,-3.2423,-2.3389159120053544,-5.607242001213978,-7.9461579132193325
2317,2024,Michael Imariagbe,Houston Christian,79,Jr,4910.0,-3.6637000000000057,2.6425454451462667,-10.588981993167009,-7.946436548020742
2318,2024,D'Avian Houston,Longwood,,,5222.0,-3.575400000000002,-6.751166970949755,-1.2065823116109355,-7.95774928256069
2319,2024,Jalin Sinclair,Lehigh,70,Sr,2888.0,-3.2002999999999986,-5.061297179017263,-2.8971046360608264,-7.958401815078089
2320,2024,CJ Hines,Alabama State,74,Jr,5654.0,-4.404499999999999,-0.4553207113068224,-7.511085839744858,-7.966406551051681
2321,2024,Nasir DeGruy,Abilene Christian,76,So,2509.0,-0.783299999999997,-5.012204460108541,-2.954929327016898,-7.967133787125439
2322,2024,Jose Placer,South Florida,73,Sr,1463.0,1.7874000000000052,0.8493000333619672,-8.83509479656636,-7.985794763204392
2323,2024,Quincy Clark,Jacksonville State,74,Jr,6193.0,-2.6140000000000043,-7.683349567432634,-0.3399635608560731,-8.023313128288708
2324,2024,Jaron Rillie,Northern Colorado,75,Sr,2818.0,-4.9299000000000035,-0.1409760935841224,-7.905336730348977,-8.0463128239331
2325,2024,Jordan Lathon,Morehead State,76,Sr,2881.0,-5.666800000000009,-2.869061241246205,-5.180455437436699,-8.049516678682904
2326,2024,KJ Jenkins,UNC Wilmington,74,Sr,4640.0,-1.47229999999999,-6.625933336125593,-1.4547397116048475,-8.080673047730441
2327,2024,Donovan Rivers,Jacksonville,81,Fr,3388.0,-2.896500000000003,-8.821715768347119,0.7123527701215957,-8.109362998225523
2328,2024,K'Jei Parker,Florida A&M,74,Fr,4317.0,-0.5293999999999954,-3.971650104637833,-4.144500170978934,-8.116150275616768
2329,2024,Lahat Thioune,South Dakota,82,Sr,5446.0,-5.608800000000002,-10.01027027629656,1.875788723534888,-8.13448155276167
2330,2024,Ryan Sabol,Buffalo,74,Fr,5720.0,-2.5134000000000043,-6.295307914010499,-1.8753724332684245,-8.170680347278923
2331,2024,Quincy Ademokoya,Kennesaw State,78,Sr,5202.0,-4.742500000000007,-5.3298070450927915,-2.8466664071611767,-8.176473452253969
2332,2024,Ryan Pettit,Lafayette,73,So,3140.0,-7.4110999999999905,0.6445441371560654,-8.841457192281373,-8.196913055125307
2333,2024,TJ Wainwright,Robert Morris,75,So,8818.0,-4.967500000000001,-6.854874598536737,-1.3565162718767183,-8.211390870413457
2334,2024,Carlos Hart,New Orleans,78,Jr,3583.0,-4.365399999999994,-7.708508683688182,-0.5149434153364636,-8.223452099024644
2335,2024,Corey Tripp,Wofford,74,Jr,5969.0,-0.0272999999999967,-6.789159054467971,-1.4347687304988814,-8.223927784966852
2336,2024,Dominick Harris,Loyola Marymount,75,Jr,3996.0,0.517799999999994,-8.721684634815288,0.4891445370951055,-8.232540097720182
2337,2024,Kalen Garry,South Dakota State,75,Fr,2708.0,-1.8260999999999967,-5.199182488332588,-3.0499501798566047,-8.249132668189192
2338,2024,Adam Hess,NJIT,78,Sr,5197.0,-3.503700000000009,-1.422008384044164,-6.843282789780546,-8.26529117382471
2339,2024,Shemar Wilson,UT Arlington,81,Sr,6395.0,2.2031999999999954,-7.183004538877158,-1.091652400556618,-8.274656939433775
2340,2024,Jalen Jordan,Middle Tennessee,75,Sr,3059.0,0.3516999999999939,-2.8554285881853954,-5.4353804579494955,-8.290809046134891
2341,2024,Ethan Okwuosa,Boston University,75,Jr,5084.0,-8.890699999999995,-7.292093334048373,-1.0031677913172787,-8.295261125365652
2342,2024,Jaden Cooper,Columbia,75,Jr,2335.0,-2.5127000000000095,-4.913717441070762,-3.3844013298341853,-8.298118770904948
2343,2024,Mustapha Amzil,New Mexico,81,So,1936.0,7.305999999999997,-4.250670370144547,-4.047542929388243,-8.29821329953279
2344,2024,Chase Adams,Jackson State,68,Sr,8365.0,-3.5183999999999997,3.8286199683093343,-12.129866949034612,-8.301246980725278
2345,2024,Aidan Carpenter,Sacred Heart,77,Sr,4604.0,-10.433999999999996,-1.7133059141129547,-6.607534547575507,-8.320840461688462
2346,2024,Mouhamed Sow,Saint Peter's,81,So,2021.0,-4.296199999999999,-5.140271353770685,-3.1833327350209055,-8.32360408879159
2347,2024,Joshua Ingram,Lehigh,76,Fr,4511.0,-8.993200000000002,-3.876895005559723,-4.450303907538219,-8.327198913097941
2348,2024,Jay'Den Turner,Georgia State,77,Jr,6290.0,-1.5951999999999913,-10.68495867189389,2.356048158751967,-8.328910513141922
2349,2024,Jonathan Aku,Grambling,83,Sr,2361.0,-3.629799999999989,-3.027388057231832,-5.31450341693942,-8.341891474171252
2350,2024,Jalen Cobb,Mercer,73,Sr,3708.0,-2.830399999999998,-7.382873647322748,-0.9685803389431786,-8.351453986265927
2351,2024,Trae Broadnax,South Carolina Upstate,76,Jr,5895.0,-1.503999999999991,-9.24464868440268,0.8824477645844326,-8.362200919818248
2352,2024,Mickey Pearson Jr.,Ball State,80,Jr,6244.0,-7.584299999999999,-4.97478603946161,-3.4242670967655453,-8.399053136227156
2353,2024,Donovan Newby,UNC Wilmington,73,Sr,4244.0,-1.6239999999999952,-8.138007286146763,-0.2829251957535686,-8.420932481900332
2354,2024,Christian Moore,The Citadel,73,So,772.0,-2.182299999999998,0.1776440425006714,-8.599717916234567,-8.422073873733895
2355,2024,Ja'Monta Black,Austin Peay,75,Sr,3544.0,-4.309100000000001,-0.8095016923533018,-7.620653374540874,-8.430155066894176
2356,2024,Jamie Bergens,Drexel,74,Sr,1621.0,-3.0559999999999974,-4.561179074946981,-3.878322219893793,-8.439501294840774
2357,2024,Symir Torrence,Binghamton,75,Sr,4288.0,-3.612999999999999,-2.605179459541912,-5.840101358812185,-8.445280818354096
2358,2024,Bryce Baker,Old Dominion,77,So,4365.0,-0.772500000000008,-2.099145665015313,-6.370626594647401,-8.469772259662715
2359,2024,Dejour Reaves,Northern Colorado,72,Jr,2664.0,-4.4162000000000035,0.5325933436815378,-9.005528221607321,-8.472934877925784
2360,2024,Timmy Adedire,North Carolina Central,76,Jr,2950.0,-12.531099999999997,0.1456131358831642,-8.61905873256531,-8.473445596682147
2361,2024,Ametri Moss,North Florida,72,Jr,2516.0,-0.8114000000000061,-10.714779603287528,2.2368892483348253,-8.477890354952702
2362,2024,Devan Sapp,UMBC,76,Jr,4014.0,-5.7975999999999885,-1.6279148006277584,-6.889926011088374,-8.517840811716132
2363,2024,Jackson Prince,Towson,80,Jr,9.0,-7.160499999999999,-1.6152204524272893,-6.911027285384954,-8.526247737812243
2364,2024,Beau Becker,Air Force,79,Jr,7634.0,1.778800000000004,-8.649682195711955,0.1144054940509955,-8.53527670166096
2365,2024,Yuri Covington,UMass Lowell,73,Jr,5612.0,-5.4317999999999955,-1.955584981060042,-6.585564216047055,-8.541149197107096
2366,2024,Jimel Lane,Northwestern State,79,So,3659.0,-6.6610999999999905,-5.507614988110719,-3.069069501179495,-8.576684489290214
2367,2024,Martaz Robinson,Delaware State,,,6416.0,-6.018100000000004,-7.577476586366042,-1.0028265176485012,-8.580303104014543
2368,2024,Mekhi Lowery,Towson,79,Fr,1552.0,-1.2121999999999955,-4.383401821239121,-4.202973312144062,-8.586375133383182
2369,2024,Elvin Edmonds IV,Bucknell,74,Jr,3751.0,-9.595300000000009,-1.889059373974649,-6.705683304211632,-8.594742678186282
2370,2024,Jarius Cook,Jacksonville,75,Sr,4354.0,-3.999900000000011,-6.427029850676041,-2.1681287379830163,-8.595158588659057
2371,2024,Marques Warrick,Northern Kentucky,75,Sr,7352.0,-3.2132000000000005,-3.3988900251487317,-5.203978875431601,-8.602868900580333
2372,2024,Dan Petcash,Binghamton,76,Sr,5011.0,-3.433099999999996,-9.445899607006677,0.8314429009254711,-8.614456706081203
2373,2024,Caleb Blackwell,Alabama A&M,72,So,1025.0,-4.493499999999997,0.6375361416925496,-9.276168197993014,-8.638632056300464
2374,2024,Otto Landrum,Boston University,81,So,4743.0,-8.952600000000004,-0.5084570998451416,-8.13025919554469,-8.638716295389832
2375,2024,KJ Allen,Portland State,78,Sr,4655.0,-4.4983,-9.6487229245593,1.0062520219010835,-8.642470902658216
2376,2024,Danny Washington,Mississippi Valley State,72,Sr,4725.0,-5.018600000000006,-5.395665375845249,-3.249142156614798,-8.644807532460048
2377,2024,Joshua Lusane,Hampton,79,Sr,3232.0,-5.454599999999999,-6.38156005964903,-2.268251410933478,-8.649811470582508
2378,2024,Burke Chebuhar,Lehigh,80,Sr,4577.0,-8.546300000000002,-0.9379184195979816,-7.733753971033856,-8.671672390631837
2379,2024,Kaiyem Cleary,Le Moyne,78,Sr,5401.0,-9.722100000000012,-5.813119313227488,-2.8697295221243384,-8.682848835351827
2380,2024,Chandler Turner,Radford,79,Sr,5107.0,-1.9621000000000064,-5.475915037383169,-3.209354473606376,-8.685269510989546
2381,2024,Zach Bloch,Northern Colorado,74,Jr,2256.0,-4.942099999999996,-2.7553808633113586,-5.93602943735551,-8.691410300666869
2382,2024,Khristian Lander,Western Kentucky,75,Sr,1861.0,-2.7221000000000117,-6.497352379976856,-2.1989089614341046,-8.696261341410962
2383,2024,Ebby Asamoah,East Tennessee State,77,Sr,6084.0,-0.8843999999999994,-6.1044562965426294,-2.594212842108168,-8.698669138650796
2384,2024,Saint Thomas,Northern Colorado,79,Jr,3431.0,-4.335099999999997,-4.924493794108317,-3.781601502723911,-8.706095296832228
2385,2024,Devin Ceaser,Old Dominion,73,So,3753.0,-0.1996000000000037,-0.8536159512764979,-7.870318810676845,-8.723934761953343
2386,2024,Preston Ruedinger,Green Bay,74,So,3998.0,-3.4950999999999937,-7.534663590276051,-1.1926355096749313,-8.727299099950983
2387,2024,Will Eames,Green Bay,79,Sr,2386.0,-3.2412999999999954,-8.292622254445398,-0.4465811297041471,-8.739203384149546
2388,2024,Tahron Allen,Wagner,76,Jr,2327.0,-8.814800000000005,-1.8434559024806147,-6.9071369139111845,-8.7505928163918
2389,2024,Matt Hayman,Stephen F. Austin,77,Jr,5033.0,-1.0604000000000011,1.0809753820382073,-9.860391732881055,-8.779416350842848
2390,2024,Paul McMillan IV,Central Michigan,74,So,4053.0,-4.0323999999999955,-0.9159758835295372,-7.8670893283247905,-8.783065211854328
2391,2024,Adante' Holiman,UTSA,72,So,2556.0,-5.203800000000001,-2.0747053424624484,-6.711047813010699,-8.785753155473149
2392,2024,Guy Ragland Jr.,Cornell,80,Jr,1516.0,-0.1806999999999874,-7.007521044096277,-1.7817330293526843,-8.789254073448962
2393,2024,Isaiah Addo-Ankrah,Denver,79,Sr,5092.0,-4.451299999999989,-5.813634162499011,-2.977806724292809,-8.79144088679182
2394,2024,Yame Butler,Drexel,77,Sr,2575.0,-2.836500000000001,-0.5000300625101914,-8.301995445731531,-8.802025508241723
2395,2024,Isaiah Barnes,Tulsa,79,So,4297.0,-1.4227999999999952,-3.4428513196150283,-5.360059878723973,-8.802911198339002
2396,2024,Nick Dorn,Elon,79,Fr,3648.0,-5.89139999999999,-4.994542507317828,-3.831548302304838,-8.826090809622666
2397,2024,Isaiah Stafford,Valparaiso,74,Jr,6177.0,2.4720999999999975,-0.5666280510906758,-8.272523084602572,-8.839151135693248
2398,2024,Noah Reynolds,Green Bay,75,Jr,5119.0,-4.5279000000000025,-2.8736016114068557,-6.008804716151306,-8.882406327558162
2399,2024,Aaron Clarke,Stony Brook,73,Sr,6109.0,-0.5613000000000028,-2.532687556405911,-6.369962625825144,-8.902650182231055
2400,2024,Darius Beane,Lindenwood,75,Sr,5501.0,-7.500700000000009,0.1939243974839457,-9.099272063981893,-8.905347666497947
2401,2024,Muneer Newton,UAlbany,77,Jr,6450.0,-2.8155,-0.0688699944081254,-8.838803405135202,-8.907673399543327
2402,2024,Belal El Shakery,Wofford,80,Fr,2082.0,1.2831999999999937,-4.706889661116415,-4.202621307355368,-8.909510968471784
2403,2024,Trevan Leonhardt,Utah Valley,76,Fr,2583.0,2.6063999999999936,-6.096153208426875,-2.83300643078987,-8.929159639216746
2404,2024,Tyson Jackson,New Orleans,81,Sr,4747.0,-5.663700000000006,-5.255003373627952,-3.695480245038376,-8.950483618666329
2405,2024,Wesley Oba,Delaware State,,,5039.0,-7.108499999999992,-9.882630394006377,0.9152261767015402,-8.967404217304836
2406,2024,Jedy Cordilia,Mount St. Mary's,81,Jr,3310.0,-7.559200000000004,-6.661317129346013,-2.3305172961186593,-8.991834425464672
2407,2024,Jonathan Beagle,UAlbany,82,So,7562.0,-4.887500000000003,-9.898687578101924,0.9047246079471334,-8.99396297015479
2408,2024,Joe Munden Jr.,Fairleigh Dickinson,75,Sr,4844.0,-8.763599999999997,-5.927538144267289,-3.068153591438901,-8.99569173570619
2409,2024,Tyler Stephenson-Moore,Stony Brook,75,Sr,6825.0,-2.070700000000002,-4.686359704870236,-4.313430152848702,-8.999789857718937
2410,2024,Cam Bryant,Georgia Southern,79,Sr,4271.0,-0.1837999999999908,-5.929446582826121,-3.0871438414518413,-9.016590424277965
2411,2024,Jeramiah Israel,Northern Kentucky,75,Fr,2421.0,-2.5174999999999983,-6.896630340755878,-2.134619897910532,-9.03125023866641
2412,2024,Isaiah Rivera,UIC,77,Sr,6457.0,2.4099999999999966,-4.43534661585069,-4.606839925915777,-9.042186541766466
2413,2024,Jason Spurgin,Bowling Green,84,Sr,3097.0,-6.4587999999999965,-7.823943890966892,-1.2272222930711858,-9.051166184038076
2414,2024,Jaylen Stinson,Merrimack,74,Jr,3164.0,-6.048699999999997,-4.522888800175051,-4.5342939567739275,-9.05718275694898
2415,2024,Malik Mack,Harvard,74,Fr,4790.0,0.0781999999999953,-9.633083244072164,0.5641773742372862,-9.06890586983488
2416,2024,Jasman Sangha,Cal State Northridge,80,Jr,2850.0,-4.930300000000003,-3.684763819485343,-5.38657404389123,-9.071337863376574
2417,2024,Brayden Reynolds,Fairleigh Dickinson,73,So,3956.0,-10.623800000000005,1.5640793266803543,-10.662824617606397,-9.09874529092604
2418,2024,Corey McKeithan,Rider,74,Sr,4630.0,-2.951599999999999,-12.160815630473657,3.056356223876615,-9.10445940659704
2419,2024,EJ Bellinger,Tennessee State,76,Sr,5497.0,-7.112499999999997,-7.417009160039623,-1.6965997018400367,-9.113608861879658
2420,2024,Dayne Prim,Texas A&M-Corpus Christi,78,Sr,1383.0,-6.2483,-8.695266460050625,-0.4275548780603269,-9.122821338110953
2421,2024,JoVon McClanahan,Hawai'i,70,Sr,4293.0,-2.9572000000000003,-7.092052834223788,-2.0423792847588538,-9.13443211898264
2422,2024,Jaden Grant,Florida International,71,Jr,2349.0,-1.842100000000002,-0.037387425270117,-9.098090963533064,-9.13547838880318
2423,2024,Jaylen Jones,Tennessee State,72,Fr,4523.0,-7.254500000000007,1.6513310544058788,-10.78776497917084,-9.136433924764962
2424,2024,Brandon Whitney,Montana,73,Sr,3172.0,-4.401700000000005,0.3528121113543729,-9.494054519854702,-9.141242408500329
2425,2024,Jacobi Sebock,Queens University,78,So,2734.0,-2.79079999999999,-4.394520606750645,-4.791309153677855,-9.1858297604285
2426,2024,Jamir Chaplin,Little Rock,77,Sr,3387.0,-9.383899999999995,-0.3635537263237109,-8.83635011709656,-9.19990384342027
2427,2024,Jesiah West,Western Illinois,77,Sr,6052.0,-7.710699999999989,-2.5464027991792895,-6.7241568323318415,-9.27055963151113
2428,2024,Kedrick Green,Chicago State,72,Jr,873.0,-3.3880000000000052,-3.922446452901276,-5.3521196516276754,-9.274566104528953
2429,2024,Naim Miller,New Hampshire,76,Sr,4880.0,-1.7808999999999884,-7.620668239994669,-1.6644131096904726,-9.28508134968514
2430,2024,Jordan Hairston,Howard,72,Jr,1641.0,-8.754999999999995,-2.163660160975495,-7.121709630072241,-9.285369791047737
2431,2024,Jackson Last,Robert Morris,77,Jr,9388.0,-1.867999999999995,-9.437229363779782,0.1240360508508174,-9.313193312928965
2432,2024,Tyler Houser,Delaware,81,So,2950.0,-4.430700000000002,-6.432535079418149,-2.887304099481214,-9.319839178899365
2433,2024,Kelton Talford,Winthrop,79,Sr,10931.0,-1.6026000000000096,-3.7348652857374702,-5.595020037859875,-9.329885323597344
2434,2024,Eric Sondberg,Lafayette,79,Sr,4258.0,-6.1998999999999995,-4.962042147343707,-4.385093250505809,-9.347135397849517
2435,2024,Allen Betrand,Norfolk State,77,Sr,2106.0,-7.443300000000008,-6.897383827190914,-2.4543142587503977,-9.351698085941312
2436,2024,Jayden Williams,Dartmouth,78,So,3020.0,1.4488999999999947,-7.0276660322591935,-2.3240948743492056,-9.3517609066084
2437,2024,Joe Anderson,Lipscomb,72,Sr,10732.0,-4.522199999999998,-3.924034895615149,-5.429940930452769,-9.353975826067918
2438,2024,Jordan Sears,UT Martin,71,Jr,7755.0,-6.9547000000000025,-5.722667808080317,-3.6339163626363824,-9.3565841707167
2439,2024,Dionte Johnson,Maryland Eastern Shore,72,So,4035.0,-6.355500000000006,-6.370790326070997,-3.0324266738314396,-9.403216999902437
2440,2024,Anthony Pritchard,Central Michigan,75,Jr,5792.0,-3.4930999999999983,1.4917656919430562,-10.920372184652049,-9.428606492708992
2441,2024,Will Soucie,North Alabama,77,Jr,4652.0,-3.655600000000007,-4.3359177749880295,-5.109883297977185,-9.445801072965214
2442,2024,Deon Perry,Loyola Maryland,68,So,5674.0,-5.5748999999999995,-9.03776140565154,-0.4248260115158269,-9.462587417167368
2443,2024,Jalen Sullinger,Kent State,70,Jr,5636.0,-1.9702999999999944,-9.605054079807188,0.1351384025539856,-9.4699156772532
2444,2024,Tyson Garff,Denver,78,Jr,2578.0,-4.865099999999998,-5.262579455966288,-4.221637500981027,-9.484216956947314
2445,2024,Ismael Plet,Arkansas-Pine Bluff,79,Jr,13029.0,-7.459099999999992,-9.282548309539674,-0.2088701021408878,-9.491418411680565
2446,2024,Tyree Ihenacho,North Dakota,76,Jr,5611.0,-5.035499999999999,-13.389124220192771,3.880838150647043,-9.50828606954573
2447,2024,Joe Ostrowsky,Central Connecticut,72,Jr,3893.0,-11.211300000000008,4.899316614738451,-14.416795392326623,-9.517478777588172
2448,2024,Jacob Crews,UT Martin,80,Jr,7628.0,-6.626999999999995,-1.9921877374835848,-7.56833881734558,-9.560526554829163
2449,2024,Ken Evans Jr.,Jackson State,77,Jr,11554.0,-5.7851,0.0763192761602504,-9.65326608557548,-9.576946809415231
2450,2024,John Ukomadu,Eastern Kentucky,79,Sr,2564.0,-2.859800000000007,-8.633738661741646,-0.9509432407119148,-9.58468190245356
2451,2024,Jusaun Holt,Kennesaw State,79,Jr,3158.0,-5.5394000000000005,-8.492874420748336,-1.1017979506003588,-9.594672371348697
2452,2024,Samba Diallo,Merrimack,79,Sr,5405.0,-8.4576,2.4470543008621624,-12.05864347171967,-9.611589170857506
2453,2024,AJ Burgin,Idaho State,76,Jr,2967.0,-4.302000000000007,-3.958603602366403,-5.659173626002729,-9.617777228369132
2454,2024,Dashon Gittens,Florida International,75,So,4206.0,-2.5888999999999953,-5.549462861095316,-4.072857959418298,-9.622320820513616
2455,2024,Foster Wonders,Green Bay,77,So,3690.0,-3.9328,-9.771173766972426,0.1479946435866617,-9.623179123385764
2456,2024,Isaiah Range,Alabama State,75,Sr,5569.0,-7.155799999999999,-5.789052884911606,-3.841423522585088,-9.630476407496694
2457,2024,Jacob O'Connell,Merrimack,81,Sr,2910.0,-5.778700000000001,-8.755776112156223,-0.8766469853839944,-9.632423097540215
2458,2024,Boden Skunberg,North Dakota State,77,Sr,6722.0,-2.456800000000001,-12.54097595984546,2.87147653769781,-9.669499422147652
2459,2024,Kiree Huie,Idaho State,81,Jr,5458.0,-4.291899999999998,2.4495472974745995,-12.12593881634214,-9.67639151886754
2460,2024,KJ Johnson,North Alabama,75,Sr,5678.0,-4.507300000000001,-3.654070264924413,-6.031742425938705,-9.685812690863118
2461,2024,Kyrese Mullen,Hampton,79,So,4424.0,-4.415999999999997,-3.595966021361481,-6.095486097796321,-9.691452119157802
2462,2024,Alonso Faure,Loyola Maryland,82,Sr,3886.0,-7.3934,-5.177755285731701,-4.519226489475702,-9.696981775207403
2463,2024,Kenny Strawbridge Jr.,Evansville,78,Sr,3089.0,1.6731999999999942,-1.121904851157559,-8.578088326658497,-9.699993177816056
2464,2024,Po'Boigh King,North Carolina Central,76,So,6270.0,-7.0138999999999925,2.38031323742928,-12.084800797052884,-9.704487559623605
2465,2024,Trent Middleton Jr.,Ball State,75,Fr,3020.0,-7.0471,-1.8879175855667365,-7.832261209450001,-9.720178795016738
2466,2024,Dylan Arnett,Cleveland State,81,So,2154.0,-4.075800000000001,-5.5182930551042775,-4.214027092618876,-9.732320147723154
2467,2024,Bralyn Smith,Siena,77,Fr,4688.0,-4.902500000000003,-8.467009996350644,-1.3174587483378135,-9.784468744688455
2468,2024,Grayson Carter,Texas Southern,82,Sr,1712.0,-9.551699999999997,-5.490301084770677,-4.306237085756021,-9.7965381705267
2469,2024,Alec Woodard,SE Louisiana,74,Sr,5855.0,-5.665699999999987,-8.134332748391312,-1.6701668319256144,-9.804499580316929
2470,2024,Deven Dahlke,San Diego,74,Sr,1735.0,1.450099999999992,-7.480493675974766,-2.33652203174604,-9.817015707720806
2471,2024,RJ Taylor,Northern Iowa,71,Fr,2031.0,4.594200000000001,-6.385128469549241,-3.450485556785462,-9.835614026334705
2472,2024,Dailin Smith,Alabama A&M,78,Sr,1271.0,-4.323900000000009,-2.225145346372342,-7.617240959583751,-9.842386305956094
2473,2024,Brody Peebles,Liberty,74,Jr,3875.0,-0.9444999999999908,0.8069207289061764,-10.653895733996846,-9.84697500509067
2474,2024,Nico Nobili,Boston University,82,So,4959.0,-9.210099999999995,-1.824934523422172,-8.032039515324414,-9.856974038746586
2475,2024,Davon Barnes,Sam Houston,76,Jr,6350.0,-0.2331000000000074,0.6409008288271241,-10.5000314197688,-9.859130590941676
2476,2024,Zach Anderson,Florida Gulf Coast,79,Sr,6038.0,-2.6557999999999993,-11.679028280075324,1.8005922050097214,-9.878436075065602
2477,2024,Michael Shanks,Tennessee State,78,Sr,3847.0,-7.098399999999998,-3.4754632094517612,-6.404723971494943,-9.880187180946704
2478,2024,Cord Stansberry,Pepperdine,76,So,2287.0,-0.8282000000000096,-4.073442361865602,-5.850457253997253,-9.923899615862856
2479,2024,Elijah Pepper,UC Davis,76,Sr,6696.0,-3.0579000000000036,-4.667736057374453,-5.2599727911469785,-9.927708848521432
2480,2024,Tyeree Bryan,Santa Clara,77,Jr,5026.0,2.374300000000005,-4.931600069077329,-5.004315973811099,-9.93591604288843
2481,2024,Theo Seng,Troy,81,Jr,2486.0,-1.9852999999999952,-9.48738351119835,-0.4611906567142128,-9.948574167912565
2482,2024,Dante Maddox Jr.,Toledo,74,Jr,6788.0,-1.8926000000000016,-5.276892138129002,-4.674386466174337,-9.951278604303338
2483,2024,Jaylon McDaniel,Lindenwood,79,Jr,3252.0,-6.494500000000002,-4.2290827948295595,-5.73180798001745,-9.960890774847009
2484,2024,Tristan Moore,Houston Christian,79,Jr,3109.0,0.0291999999999887,-10.673396504669366,0.680315409800993,-9.993081094868373
2485,2024,Charlie Easley,South Dakota State,74,Sr,3194.0,-1.9380999999999915,-8.863360108344008,-1.1351871937917526,-9.99854730213576
2486,2024,Alston Andrews,Delaware State,,,5235.0,-6.467199999999991,-6.851126563577199,-3.1509380201420862,-10.002064583719283
2487,2024,Dola Adebayo,Mount St. Mary's,81,So,3715.0,-7.745400000000004,-6.731459402976482,-3.273186244165045,-10.004645647141526
2488,2024,Lance-Amir Paul,Texas A&M-Corpus Christi,72,Sr,1610.0,-6.369200000000006,-7.391188492533362,-2.681192290826293,-10.072380783359655
2489,2024,Kendall Munson,Portland State,80,Jr,3559.0,-3.9788000000000063,-9.822015715654269,-0.303193169917724,-10.125208885571992
2490,2024,Will Johnston,Loyola Marymount,75,Jr,5044.0,0.338799999999992,-12.77767013801494,2.6452975430921697,-10.132372594922767
2491,2024,Davion Bailey,Ball State,76,Jr,5358.0,-5.917699999999996,-5.099770016187287,-5.040040712835896,-10.139810729023184
2492,2024,Michael Thomas,Louisiana,73,Jr,3515.0,-2.6994000000000113,-4.548126229263473,-5.651497052115275,-10.199623281378749
2493,2024,Terence Harcum,App State,75,Jr,2998.0,-1.1173999999999893,-6.135449420739274,-4.07538409636408,-10.210833517103351
2494,2024,Bryce Workman,Jacksonville,79,Sr,3270.0,-5.976200000000006,-5.030932376736638,-5.190754998112701,-10.221687374849338
2495,2024,Tyran Cook,VMI,74,Fr,5933.0,-0.1595000000000084,-5.830658871325973,-4.392519010562944,-10.223177881888915
2496,2024,Jesper Granlund,Longwood,78,Sr,4654.0,-4.521699999999996,-7.467413881936705,-2.760491900748051,-10.227905782684756
2497,2024,Deuce Turner,San Diego,74,Jr,4254.0,0.0579000000000036,-2.075211832593425,-8.158156971127973,-10.233368803721396
2498,2024,Chandler Baker,Colgate,77,Sr,1166.0,-8.87639999999999,-3.221033713544368,-7.013971904012177,-10.235005617556546
2499,2024,Bailey Nunn,Sacramento State,72,Fr,2006.0,-3.4555000000000007,-4.638194467389015,-5.6044246538355855,-10.2426191212246
2500,2024,Eric Coleman,Alabama State,80,Sr,2915.0,-2.9628999999999905,-7.547706518472467,-2.71215852775913,-10.259865046231596
2501,2024,Devon Savage,Merrimack,76,Jr,5245.0,-8.426599999999993,-3.5836749674479864,-6.688010594845857,-10.271685562293843
2502,2024,Tony Osburn,Omaha,74,So,4070.0,-5.825800000000001,-10.22317105680563,-0.0511307441519772,-10.274301800957607
2503,2024,Titas Sargiunas,High Point,76,Fr,1525.0,-5.634500000000003,-2.193134416259894,-8.095604248780539,-10.288738665040432
2504,2024,Cam Gillus,Lehigh,71,Fr,4448.0,-8.023199999999989,-6.374905722279388,-3.920270312599646,-10.295176034879034
2505,2024,Rylee Samons,Tennessee Tech,79,Fr,1609.0,-7.025899999999993,-6.386532193688495,-3.9141794059365793,-10.300711599625076
2506,2024,Ford Cooper,Hampton,75,Sr,2881.0,-4.417600000000007,-5.8428471728295435,-4.47674850864589,-10.319595681475434
2507,2024,Jordan Johnson,Mississippi Valley State,73,Sr,1446.0,-4.733400000000003,-4.029257213395366,-6.2991025658283695,-10.328359779223735
2508,2024,Tyler McGhie,UC San Diego,77,Jr,1939.0,-3.0892000000000053,-4.548447988793737,-5.799911701063554,-10.34835968985729
2509,2024,Daylen Williams,UT Rio Grande Valley,80,Sr,8512.0,0.238900000000001,-10.367777739538004,0.0067707073144132,-10.36100703222359
2510,2024,Braeden MacVicar,Coastal Carolina,83,Fr,3172.0,-2.1952,-6.393667646850768,-3.981439945539472,-10.37510759239024
2511,2024,Lamar Oden Jr.,Drexel,78,Sr,3302.0,-1.252200000000002,-7.754644553134762,-2.6276556243338165,-10.38230017746858
2512,2024,George Tinsley,Mount St. Mary's,78,Sr,3824.0,-6.6905,-3.615482166710774,-6.814744693810437,-10.430226860521213
2513,2024,Seth Hubbard,Western Michigan,76,So,5981.0,-3.842500000000001,-2.495907922156605,-7.982965509790931,-10.478873431947536
2514,2024,Zion Harmon,Bethune-Cookman,72,So,2647.0,-7.212000000000003,-6.389641744577497,-4.125883584942418,-10.515525329519914
2515,2024,Heru Bligen,Fairleigh Dickinson,74,Sr,3658.0,-9.7902,-1.0890672427395502,-9.435368631764078,-10.524435874503627
2516,2024,D'Angelo Stines,Loyola Maryland,73,Jr,3848.0,-6.000199999999992,-5.572360552568716,-4.95278254339562,-10.525143095964337
2517,2024,Quinton Morton-Robertson,Purdue Fort Wayne,68,Sr,3316.0,-6.229299999999995,-9.725577404197953,-0.8175550919491785,-10.54313249614713
2518,2024,Javon Cooley,Marist,77,Sr,4322.0,-7.699100000000001,-6.649030097984713,-3.9048671844442513,-10.553897282428965
2519,2024,Melvyn Ebonkoli,Kansas City,80,Jr,3448.0,-4.259399999999999,-11.86251080633878,1.3048329364447038,-10.557677869894077
2520,2024,Isaiah Swope,Indiana State,70,Jr,3851.0,3.7994000000000057,-3.7273233511992014,-6.834125998978832,-10.561449350178034
2521,2024,Devon Barnes,Tarleton State,73,So,2800.0,-0.2358999999999866,-3.039875008542098,-7.614262510869639,-10.654137519411735
2522,2024,Dakota Leffew,Mount St. Mary's,76,Sr,5365.0,-7.3005,-1.774203862149803,-8.883683342283568,-10.657887204433372
2523,2024,Bobby Rosenberger III,St. Francis (PA),77,Fr,6444.0,-9.833399999999996,-4.8569429227505445,-5.822681364782463,-10.679624287533008
2524,2024,Ike Cornish,Ohio,78,So,1973.0,-7.574700000000007,-4.8297993349083175,-5.858929207157713,-10.68872854206603
2525,2024,Mitchell Taylor,South Carolina State,75,Fr,4574.0,-7.283299999999997,3.4838167210869644,-14.180395282599145,-10.69657856151218
2526,2024,Tommie Lewis,East Texas A&M,74,Sr,5779.0,-4.534899999999993,-8.92556313353272,-1.775365784983043,-10.700928918515762
2527,2024,Toyaz Solomon,UNC Asheville,81,Jr,2577.0,-2.548099999999991,-6.360300599900954,-4.35732040575512,-10.717621005656074
2528,2024,Raquan Brown,South Carolina State,75,Sr,2945.0,-7.201900000000009,-2.180804598377184,-8.543848932162032,-10.724653530539216
2529,2024,Ben Johnson,Bellarmine,75,So,5213.0,-1.546900000000008,-11.896016726802396,1.169585020421239,-10.726431706381156
2530,2024,Sebastian Thomas,UAlbany,73,Jr,13250.0,-4.550399999999996,-4.262147292786302,-6.4698892517909705,-10.732036544577271
2531,2024,Garry Clark,Texas A&M-Corpus Christi,79,Jr,2349.0,-7.349800000000002,-3.3181009295712043,-7.416754051798986,-10.73485498137019
2532,2024,Carlos Lopez,St. Francis (PA),74,Fr,7630.0,-9.073700000000002,-3.4542992564879773,-7.282137806347534,-10.736437062835511
2533,2024,Rasheed Bello,Purdue Fort Wayne,72,Jr,3706.0,-5.625,-11.445721462562144,0.6964684635787775,-10.749252998983366
2534,2024,Cameron Tucker,Alabama A&M,73,Sr,1457.0,-9.98599999999999,-2.7539477267261905,-8.042257068595097,-10.796204795321287
2535,2024,KK Robinson,Little Rock,72,Sr,2763.0,-9.752300000000004,-4.78328474057788,-6.01530621850205,-10.798590959079933
2536,2024,Allan Jeanne-Rose,Central Connecticut,79,Sr,5449.0,-11.762999999999993,-4.645893952072165,-6.172879901171339,-10.818773853243504
2537,2024,Luke Bumbalough,Niagara,73,Jr,6040.0,-7.283000000000001,-5.245952205964617,-5.610304033613108,-10.856256239577723
2538,2024,Julian Brown,Wagner,73,So,2595.0,-8.953699999999998,-8.1311247758122,-2.7391048548664068,-10.870229630678606
2539,2024,Cameron Wilbon,Cal State Bakersfield,77,Sr,3729.0,-1.7228999999999957,0.2702782445197005,-11.153099934742055,-10.882821690222356
2540,2024,CJ Felder,McNeese,80,Sr,839.0,-8.650400000000005,-3.4984907225273405,-7.394248234616437,-10.892738957143775
2541,2024,Josiah Hammons,Incarnate Word,74,Jr,10669.0,-6.701899999999995,-6.2333860881687615,-4.684000979318137,-10.9173870674869
2542,2024,Isaiah Brickner,Marist,76,So,3462.0,-7.9512,-3.790570495644963,-7.133971244026616,-10.92454173967158
2543,2024,Chace Davis,Maryland Eastern Shore,75,Jr,3132.0,-4.083999999999989,-7.013630427938672,-3.9220439276917674,-10.93567435563044
2544,2024,Anthony Wrzeszcz,Sam Houston,75,So,2476.0,0.724899999999991,0.3478180301431425,-11.326000956745975,-10.978182926602832
2545,2024,Kaleb Stewart,South Dakota,75,Jr,5136.0,-5.376599999999996,-7.234490392926885,-3.7538622691261834,-10.988352662053067
2546,2024,Jae Slack,Northwestern State,78,So,1855.0,-7.515600000000006,-3.9798239766393833,-7.042568286732202,-11.022392263371586
2547,2024,Latrell Reid,Saint Peter's,75,Sr,2941.0,-4.691699999999997,-1.759559491524037,-9.270649043612316,-11.030208535136351
2548,2024,Floyd Rideau Jr.,South Carolina Upstate,77,Jr,2918.0,-1.7125000000000057,1.1635960691685976,-12.203192487106785,-11.039596417938183
2549,2024,Marcus Dockery,Howard,74,Jr,3581.0,-7.825800000000001,-2.7168780810919793,-8.33674793796226,-11.05362601905424
2550,2024,Sammy Hunter,Akron,81,Sr,2576.0,-1.736699999999999,-7.8698144858195,-3.2192774129936437,-11.089091898813145
2551,2024,Walter Hamilton,Mississippi Valley State,80,Sr,2073.0,-0.5220999999999947,-1.969074482971863,-9.13984600740715,-11.108920490379012
2552,2024,Ja'Shonte Wright-McLeish,Maine,76,Sr,5251.0,-3.6200999999999937,-4.345053960433717,-6.785550217215167,-11.130604177648884
2553,2024,Tyler Tejada,Towson,80,Fr,2118.0,-0.9900000000000092,-3.6877828311634047,-7.456100013796925,-11.14388284496033
2554,2024,Mikeal Brown-Jones,UNC Greensboro,80,Sr,4876.0,-2.943000000000012,-8.696007528661244,-2.4591654199501054,-11.15517294861135
2555,2024,Luke Rasmussen,Lafayette,79,Fr,1994.0,-4.552999999999997,-2.0621587654161826,-9.110763805169508,-11.172922570585689
2556,2024,Nathan Johnson Jr.,Lindenwood,75,Jr,2336.0,-4.177500000000009,-5.8259855864362775,-5.358800431163402,-11.18478601759968
2557,2024,Colin Porter,Liberty,70,So,6499.0,-0.4540000000000077,-6.475747702873184,-4.720550237988978,-11.196297940862165
2558,2024,K'mani Doughty,Utah Valley,77,Jr,2466.0,1.7493000000000052,-8.203185329661375,-3.00521484014809,-11.208400169809464
2559,2024,Judah Brown,South Alabama,78,Sr,8868.0,-1.830299999999994,-7.687978694908794,-3.532377391862313,-11.220356086771108
2560,2024,Pierre Crockrell II,UC Irvine,72,Sr,2619.0,-0.3856999999999999,-5.231351714296278,-5.996450814548049,-11.227802528844329
2561,2024,Cameron Brown,Marquette,77,Sr,49.0,2.360200000000006,-4.694340418258399,-6.538173392900268,-11.232513811158668
2562,2024,Angelo Brizzi,Davidson,75,So,6251.0,4.4299000000000035,-4.25822511272685,-6.978596056971446,-11.236821169698295
2563,2024,Hunter Jack Madden,Abilene Christian,74,Sr,4896.0,-0.9084000000000004,-5.386474967415448,-5.853343354340071,-11.239818321755518
2564,2024,Simeon Cottle,Kennesaw State,73,So,6660.0,-4.998099999999994,-7.815441240952571,-3.424853928972958,-11.240295169925528
2565,2024,Abdul Momoh,Central Connecticut,79,Jr,2237.0,-11.800299999999991,-12.960204416009724,1.7187836085955954,-11.241420807414128
2566,2024,Dravon Mangum,Louisiana Tech,80,Sr,3207.0,-0.788800000000009,-3.85650772864179,-7.394154095960122,-11.250661824601911
2567,2024,Kaleb Scott,Presbyterian,80,Jr,2221.0,-4.759399999999999,-3.9408302453673634,-7.31707493820218,-11.257905183569545
2568,2024,AJ Dancler,Le Moyne,74,Fr,2868.0,-10.530199999999994,-3.3611538766977116,-7.911172181112931,-11.27232605781064
2569,2024,Nick Gazelas,Prairie View A&M,76,Sr,4658.0,0.6480000000000103,-4.974783534373028,-6.324921354560041,-11.299704888933068
2570,2024,PJay Smith Jr.,Furman,72,Jr,6396.0,-0.4448999999999898,-7.007788404819082,-4.319874411840183,-11.327662816659265
2571,2024,Aidan Mahaney,Saint Mary's,75,So,3043.0,4.408799999999999,-6.666771283173842,-4.661313163707455,-11.3280844468813
2572,2024,Bowen Born,Northern Iowa,71,Jr,5162.0,4.181899999999999,-9.049804085188208,-2.2838405199568133,-11.33364460514502
2573,2024,Trace Salton,Marist,78,So,2516.0,-7.8763,-5.959465222267966,-5.385273231668683,-11.34473845393665
2574,2024,Tre Dinkins,Canisius,74,Jr,6712.0,-4.239900000000006,-6.524065358601821,-4.902448613636359,-11.42651397223818
2575,2024,JJ Kalakon,Western Illinois,77,Sr,4604.0,-9.723600000000005,-4.048760973338078,-7.3777697899194115,-11.426530763257489
2576,2024,Franck Emmou,UMBC,77,Fr,2803.0,-5.457400000000007,-8.351215496103578,-3.086084603099022,-11.4373000992026
2577,2024,Damari Wheeler-Thomas,North Dakota State,72,So,6929.0,-2.308400000000006,1.787063826078409,-13.23118993868354,-11.444126112605131
2578,2024,D'Auntray Pierce,Radford,82,Sr,2659.0,-0.8973999999999904,-9.675240289555992,-1.7772917165697353,-11.452532006125727
2579,2024,Isaiah Thompson,Lafayette,73,Sr,22.0,-5.978200000000001,-6.822172836772301,-4.633533693840178,-11.45570653061248
2580,2024,Tony Felder,Stonehill,70,So,5354.0,-4.914500000000004,-8.129348755636643,-3.337145186203241,-11.466493941839884
2581,2024,Isaiah Thompson,Florida Gulf Coast,73,Sr,3744.0,-5.978200000000001,-5.857073656814801,-5.6396753417033265,-11.496748998518129
2582,2024,Darius Osborne,Alabama A&M,80,Jr,1266.0,-7.476699999999994,-14.31231066390541,2.7881329864008872,-11.524177677504523
2583,2024,Issa Muhammad,UT Martin,81,Sr,5733.0,-8.287899999999993,-11.13116708804984,-0.3966476029188683,-11.527814690968707
2584,2024,Orlando Lovejoy,Eastern Michigan,75,So,6144.0,-6.722499999999997,-0.969436285019062,-10.572263409578238,-11.5416996945973
2585,2024,Rob Martin,Southeast Missouri State,70,So,6043.0,-5.298500000000004,0.8575844747097663,-12.40585191514245,-11.548267440432683
2586,2024,Shahada Wells,McNeese,72,Sr,2499.0,-5.6932000000000045,-6.216632445001995,-5.333516886831616,-11.55014933183361
2587,2024,Kavion McClain,Abilene Christian,70,Jr,4206.0,-0.6221999999999923,-4.269301619318004,-7.280849925907967,-11.55015154522597
2588,2024,Shamar Wright,SIU Edwardsville,79,Sr,6205.0,-8.330299999999994,-3.58296986911294,-7.978528930493743,-11.561498799606683
2589,2024,Colin Smalls,American University,74,Sr,2584.0,-9.861100000000008,-3.3779230338722677,-8.188320770811645,-11.566243804683912
2590,2024,Matt Mayers,Jacksonville State,80,Sr,1802.0,-3.940100000000001,-8.799476585675988,-2.7966222692165026,-11.59609885489249
2591,2024,Seth Towns,Howard,81,Sr,3049.0,-8.467100000000002,-11.271390168191846,-0.3305198821935375,-11.601910050385383
2592,2024,AJ Lopez,Maine,77,Jr,3132.0,-3.310999999999993,-3.145334169905714,-8.479983973264849,-11.625318143170563
2593,2024,Drake Allen,Utah Valley,76,Jr,5553.0,0.9231999999999942,-1.3245489958188803,-10.334373704913007,-11.658922700731887
2594,2024,Trent Brown,Southern Illinois,74,Sr,6551.0,0.4535000000000053,-10.127784096016295,-1.5402385913746346,-11.66802268739093
2595,2024,Jailen Bedford,Oral Roberts,76,Jr,6010.0,-1.5245000000000033,-5.677678411156538,-6.0038334987567215,-11.68151190991326
2596,2024,Tyreke Locure,UL Monroe,72,Sr,5755.0,-2.254499999999993,-8.69246644678303,-2.99065881165531,-11.68312525843834
2597,2024,Dylan Thoerner,UC Irvine,78,Sr,1149.0,-1.9694999999999965,-7.871361127740707,-3.812536574060248,-11.683897701800957
2598,2024,Kendal Coleman,California Baptist,80,Jr,3271.0,-0.0030000000000001,2.6016058097236705,-14.285604726565944,-11.683998916842272
2599,2024,Aidan Harris,St. Francis (PA),79,Fr,4834.0,-8.416399999999996,-2.5724740498649155,-9.150300124173736,-11.722774174038651
2600,2024,Elijah Tucker,Longwood,80,So,2846.0,-3.82220000000001,-5.942716192988185,-5.811164940364119,-11.753881133352303
2601,2024,Dan Luers,Eastern Illinois,77,Sr,4587.0,-7.476799999999997,-5.803869737694854,-5.953242822730199,-11.757112560425051
2602,2024,Shamir Bogues,Vermont,76,Jr,2180.0,-1.4842000000000013,-8.105581238959221,-3.661992377039516,-11.767573615998735
2603,2024,Jay Alvarez,Houston Christian,77,Jr,4410.0,-3.948499999999996,-0.9080536985409884,-10.879638902301624,-11.787692600842613
2604,2024,Orlando Horton Jr.,Prairie View A&M,68,Fr,3552.0,-4.501899999999992,-5.9248061199601505,-5.876829703899537,-11.801635823859687
2605,2024,Carl Daughtery Jr.,Central Arkansas,75,So,6248.0,-3.759900000000002,-4.452855487003046,-7.360924435020966,-11.813779922024011
2606,2024,Romeo Myrthil,Dartmouth,74,Jr,3410.0,-0.3135999999999939,-11.131564225824963,-0.6892821653847618,-11.820846391209724
2607,2024,Wheza Panzo,Iona,79,Sr,6337.0,-5.427099999999996,-4.242251842984153,-7.600549333098199,-11.842801176082352
2608,2024,Ajay Sheldon,Ohio,73,So,3002.0,-5.839399999999998,-9.425583224507305,-2.429160066234142,-11.854743290741446
2609,2024,Coleton Benson,Texas State,73,So,2891.0,-1.1358999999999924,-10.288355942465708,-1.6854509738268009,-11.97380691629251
2610,2024,Sam Towns,Bowling Green,81,Sr,1175.0,-4.661699999999996,-13.084234866819909,1.0971522672046876,-11.98708259961522
2611,2024,Darweshi Hunter,Miami (OH),77,Sr,6041.0,-3.444999999999993,-5.698794753323687,-6.3294461986129,-12.028240951936588
2612,2024,Khaleb Wilson-Rouse,New Orleans,74,Sr,5021.0,-5.696399999999997,-10.450946052176452,-1.5874944159894544,-12.038440468165906
2613,2024,Lorenzo Downey,Alabama A&M,77,Jr,1280.0,-7.279499999999999,-12.133984465009894,0.0874919801282247,-12.046492484881668
2614,2024,Garrett Brennan,Loyola Maryland,76,So,2318.0,-10.71950000000001,-2.9661445578654497,-9.092505686148394,-12.058650244013844
2615,2024,Damani McEntire,Bethune-Cookman,76,Sr,1496.0,-6.835899999999995,-5.2473794376785765,-6.8136666220581015,-12.06104605973668
2616,2024,Donovan Draper,Navy,76,So,5686.0,-10.716399999999991,4.737605251651782,-16.81837740414799,-12.080772152496207
2617,2024,Keishon Porter,North Carolina Central,77,Jr,4172.0,-9.676599999999992,-0.8868863962046802,-11.245032488961373,-12.131918885166051
2618,2024,Chris Ashby,Queens University,74,Jr,6238.0,-0.999200000000002,-8.227933152935778,-3.962569028269905,-12.190502181205684
2619,2024,Christian Ings,Norfolk State,74,Sr,1562.0,-7.988,-3.0285386058453705,-9.166739444981587,-12.195278050826955
2620,2024,Jace Roquemore,Vermont,77,Sr,1305.0,-5.7154000000000025,-8.30454785758809,-3.894621775411821,-12.199169632999912
2621,2024,Donovan Sanders,Mississippi Valley State,71,Jr,4708.0,-3.636499999999998,-5.950368385755168,-6.2718209938943374,-12.222189379649508
2622,2024,Miguel Tomley,Idaho State,75,Jr,6402.0,-4.650000000000006,-6.231947156396055,-5.990810796101636,-12.222757952497693
2623,2024,Perry Cowan,Manhattan,76,Sr,3448.0,-5.024100000000004,-5.575393788925671,-6.651138617537916,-12.226532406463589
2624,2024,John Christofilis,Seattle U,75,So,2311.0,-1.1266999999999996,-4.648689291022066,-7.589562052825039,-12.238251343847104
2625,2024,Kam Burton,SE Louisiana,75,Fr,1687.0,-5.755099999999999,-7.198186607890754,-5.065935505752978,-12.264122113643731
2626,2024,Tyler Harris,Portland,80,Fr,4308.0,1.3851999999999975,-14.744358522824598,2.4712131405661464,-12.273145382258452
2627,2024,Tedrick Wilcox,Hampton,78,Sr,6002.0,-4.994699999999995,-8.777878919530552,-3.50695196817984,-12.284830887710392
2628,2024,Dominic Capriotti,Houston Christian,75,Fr,3560.0,-6.440100000000001,-12.81215373929682,0.4988731097636885,-12.313280629533132
2629,2024,Joey Reilly,Sacred Heart,72,Sr,5666.0,-10.243199999999987,-4.13274567810711,-8.189593723524,-12.32233940163111
2630,2024,Ismail Habib,Portland State,72,So,4428.0,-4.5216000000000065,-9.975849063496902,-2.3637858963406173,-12.33963495983752
2631,2024,Dylan Williamson,Towson,73,So,2413.0,-1.5574000000000012,-10.529403796744717,-1.81692790963978,-12.346331706384497
2632,2024,Ansley Almonor,Fairleigh Dickinson,79,Jr,7310.0,-9.224400000000005,-13.380488154006766,0.9954689381071526,-12.385019215899614
2633,2024,Ryan Archey,Coppin State,72,Fr,4219.0,-5.4131,-9.190513322027412,-3.21251248878363,-12.40302581081104
2634,2024,Josh Scovens,Army,76,Fr,6108.0,-9.568299999999994,-9.567183508666634,-2.918514648252431,-12.485698156919064
2635,2024,Nasir Whitlock,Lehigh,74,Fr,2571.0,-6.5212999999999965,-0.6235178437373547,-11.883855812821167,-12.507373656558524
2636,2024,Miles Brown,Ohio,73,Sr,3885.0,-4.123199999999997,-0.5935151000347152,-11.916342559383343,-12.50985765941806
2637,2024,Thatcher Stone,Stonehill,79,Sr,1953.0,-6.485799999999998,-6.350229069954813,-6.230866541877581,-12.581095611832394
2638,2024,Tyrel Bladen,Norfolk State,82,Sr,1574.0,-7.116,-4.517071590496826,-8.143747000178656,-12.660818590675484
2639,2024,Rihards Vavers,Quinnipiac,79,Fr,3943.0,-7.512,-3.1553266549482117,-9.512326033811398,-12.66765268875961
2640,2024,Denham Wojcik,Harvard,73,Jr,2102.0,-2.9898999999999916,-11.021589616403569,-1.655283824543952,-12.67687344094752
2641,2024,Errol White,Lamar,79,Jr,3097.0,-8.379599999999996,-7.873918669640499,-4.8239712993266135,-12.697889968967113
2642,2024,Kaleb Higgins,Cal State Bakersfield,70,Sr,5717.0,-1.7628999999999877,-9.507524289363976,-3.1953657857288547,-12.702890075092832
2643,2024,Sincere Malone,Eastern Illinois,80,So,2458.0,-8.596699999999998,-4.536981293178514,-8.179947820609463,-12.716929113787977
2644,2024,Keith Haymon II,Lindenwood,79,Sr,3454.0,-7.4033000000000015,-7.279299707508486,-5.4464218982113906,-12.725721605719876
2645,2024,Jalen Cox,Colgate,75,Fr,1987.0,-6.6858999999999895,-1.4680740288058725,-11.285178231783693,-12.753252260589566
2646,2024,Treyon Johnson,Jackson State,83,Sr,4747.0,-8.907800000000009,-7.605251151572988,-5.148681799813096,-12.753932951386084
2647,2024,Christian Ray,Delaware,78,Sr,5953.0,-3.5289000000000073,-2.6586801685343455,-10.110530769345392,-12.76921093787974
2648,2024,Matai Baptiste,Boston University,79,Fr,4137.0,-8.694299999999998,-2.561504284939983,-10.218490246689486,-12.77999453162947
2649,2024,Joel Armotrading,Cal Poly,82,Jr,3480.0,-1.315000000000012,-8.57875227512331,-4.206332581887278,-12.785084857010588
2650,2024,Jalin Anderson,Ball State,75,Jr,6950.0,-6.754100000000008,-6.715030067104404,-6.071553505540882,-12.786583572645286
2651,2024,Turner Buttry,Eastern Kentucky,71,So,2332.0,-4.1706999999999965,-8.30344697826181,-4.4836738302016155,-12.787120808463426
2652,2024,DeAntoni Gordon,Little Rock,80,Sr,3045.0,-9.02709999999999,-7.059793404473606,-5.750914724207058,-12.810708128680664
2653,2024,Ruot Bijiek,Bucknell,81,So,3960.0,-5.9140000000000015,-7.634602645626484,-5.212302676135145,-12.846905321761628
2654,2024,Darrick Jones Jr.,Le Moyne,77,Sr,3987.0,-10.582400000000009,-3.6555065873649664,-9.210675768861138,-12.866182356226105
2655,2024,Tre Green,Middle Tennessee,75,So,2244.0,-1.1099999999999994,-6.0063118623747584,-6.913163864021643,-12.9194757263964
2656,2024,Jordan Crawford,Charleston,75,So,1020.0,-3.317700000000002,-6.989270801991057,-5.930220915630128,-12.919491717621185
2657,2024,Seneca Willoughby,Bethune-Cookman,75,So,1329.0,-8.268699999999995,-9.020792458748804,-3.906118780367828,-12.926911239116633
2658,2024,Tyler Brelsford,Bryant,76,Sr,5295.0,-2.208500000000001,2.2508692825748566,-15.201501183576328,-12.950631901001472
2659,2024,Sebastian Mendoza,UT Martin,75,Jr,3462.0,-8.109700000000004,-4.864494070874724,-8.102039133089415,-12.96653320396414
2660,2024,Brian Taylor II,SIU Edwardsville,76,So,1933.0,-6.474400000000003,1.039885375190115,-14.021483062239962,-12.981597687049849
2661,2024,Markeese Hastings,Robert Morris,79,Sr,10126.0,-3.7734999999999985,-6.862722571413971,-6.128943863149195,-12.991666434563166
2662,2024,Seck Zongo,Wagner,79,Fr,1284.0,-9.7504,-5.508094075606647,-7.527270731349151,-13.035364806955798
2663,2024,Alex Kotov,Campbell,82,Sr,2499.0,-6.721299999999999,-9.315450729587436,-3.727484018410491,-13.042934747997927
2664,2024,Coltie Young,Jackson State,75,Jr,10510.0,-5.4136999999999915,-0.4229325865291693,-12.638178543211394,-13.061111129740564
2665,2024,Christian Brown,Tennessee State,78,Sr,4561.0,-7.2727,-5.276222759473633,-7.820291462774126,-13.09651422224776
2666,2024,Davante Dennis,Incarnate Word,79,So,5754.0,-7.2372999999999905,-13.892260349980916,0.7806735415388157,-13.111586808442102
2667,2024,Oscar Berry,North Florida,77,Jr,3634.0,-4.780000000000001,-9.73645312845165,-3.4082314815588415,-13.144684610010492
2668,2024,Tyler Bertram,UAlbany,75,Sr,10572.0,-3.73660000000001,-4.9114823067826805,-8.234725339778665,-13.146207646561344
2669,2024,Devin Butler,VMI,74,Sr,5326.0,-0.0417999999999949,-10.375414786125846,-2.7947812809850885,-13.170196067110934
2670,2024,Derrin Boyd,Lipscomb,75,Jr,7556.0,-2.91340000000001,-3.22804930314287,-10.010038966431576,-13.238088269574444
2671,2024,Kyndall Davis,Eastern Illinois,77,Jr,5016.0,-8.271299999999997,-11.649082337129617,-1.5943044628368472,-13.243386799966462
2672,2024,Elijah Morgan,The Citadel,73,Sr,6511.0,-0.6231999999999971,-7.338174246314875,-5.928927621396172,-13.267101867711046
2673,2024,David Douglas Jr.,Green Bay,77,Fr,3167.0,-2.8703000000000003,-10.418881653881904,-2.872729842312867,-13.291611496194772
2674,2024,Chris Craig,Texas Southern,76,Sr,1054.0,-9.810600000000008,-8.848362460792433,-4.45999667548581,-13.308359136278243
2675,2024,Nicolas Louis-Jacques,Colgate,76,Jr,1598.0,-2.846199999999996,-7.725458501376255,-5.633171825384178,-13.358630326760434
2676,2024,Don McHenry,Western Kentucky,73,Jr,3130.0,-1.8709999999999951,-8.087003259787634,-5.302077122390117,-13.389080382177752
2677,2024,James Bishop IV,George Washington,74,Sr,7124.0,-0.5063999999999993,0.4834431666707326,-13.886626605960608,-13.403183439289874
2678,2024,Tre' Williams,Tulane,78,Sr,3860.0,3.376099999999994,-1.8163423827858864,-11.633855518248794,-13.45019790103468
2679,2024,BJ Freeman,Milwaukee,78,Jr,5914.0,-4.622299999999996,-8.72848761887876,-4.759331880215978,-13.487819499094735
2680,2024,Yohan Traore,UC Santa Barbara,83,So,2518.0,-3.0404999999999944,1.0100351046785894,-14.504234933109649,-13.49419982843106
2681,2024,Keynan Davis,The Citadel,77,Fr,5127.0,-1.171599999999998,-6.2015586755520395,-7.31838843389731,-13.51994710944935
2682,2024,Trey Phipps,Oral Roberts,74,Sr,2336.0,-2.4887999999999977,-0.9629583027897828,-12.593070219056932,-13.556028521846716
2683,2024,Yaw Obeng-Mensah,Niagara,79,Sr,4126.0,-7.760599999999997,-1.0859652511782245,-12.511973663529435,-13.597938914707662
2684,2024,Josh Bascoe,Bucknell,72,Jr,2852.0,-3.624300000000005,-7.16162900569718,-6.4610963503301,-13.62272535602728
2685,2024,Avery Brown,Columbia,76,So,4879.0,-3.1359000000000066,-10.00402553922875,-3.661104346557346,-13.665129885786095
2686,2024,Rafael Pinzon,Bryant,78,Jr,5636.0,-1.7120999999999924,-6.613019966491406,-7.077317746395953,-13.69033771288736
2687,2024,VJ Reeves Jr.,East Texas A&M,77,So,2032.0,-8.323899999999995,-7.201090417254203,-6.494901879996297,-13.6959922972505
2688,2024,Laurynas Vaistaras,Campbell,78,Sr,4887.0,-4.954099999999997,-10.033129023496794,-3.696198644265591,-13.729327667762384
2689,2024,Jamarii Thomas,Norfolk State,71,Jr,2629.0,-7.416299999999993,-4.610564506669769,-9.19805249980011,-13.80861700646988
2690,2024,Mo Arnold,Southern Miss,73,Sr,5603.0,-1.2150000000000034,-9.99968522116391,-3.837259979861961,-13.83694520102587
2691,2024,Mike DePersia,Le Moyne,71,Sr,5150.0,-8.3904,-2.892678984242086,-10.949888112557312,-13.8425670967994
2692,2024,Arne Osojnik,Eastern Michigan,78,Fr,7922.0,-5.788499999999999,-3.496780936808687,-10.376465025439632,-13.87324596224832
2693,2024,Sean Houpt,William & Mary,76,Sr,3020.0,-6.012900000000002,-10.995537247223927,-2.9298481220148025,-13.925385369238732
2694,2024,Jared Cross,Army,75,Sr,3367.0,-9.4298,-13.349806487544278,-0.6158794960564302,-13.965685983600707
2695,2024,Devontae Blanton,Eastern Kentucky,78,Sr,6014.0,-3.490099999999998,-12.924541992264018,-1.0638692035717,-13.988411195835718
2696,2024,Jaylen Forbes,Tulane,77,Sr,6400.0,3.540300000000002,-14.74442042685779,0.7422448400485203,-14.002175586809267
2697,2024,Jhamir Brickus,La Salle,71,Sr,7341.0,0.4729000000000098,-3.843645102601843,-10.172301273960777,-14.01594637656262
2698,2024,Davonte Sweatman,Central Connecticut,68,Jr,3093.0,-10.860400000000013,-5.950683520608214,-8.090618827740647,-14.04130234834886
2699,2024,Toneari Lane,Georgia State,77,So,6317.0,-2.072800000000001,-5.833096622235862,-8.22091415680001,-14.054010779035872
2700,2024,JJ White,Omaha,73,Jr,4339.0,-5.950100000000006,-7.406277092912552,-6.654541949760108,-14.06081904267266
2701,2024,Jordan Derkack,Merrimack,78,So,6121.0,-9.760199999999998,-6.351496707401583,-7.77366828139116,-14.125164988792744
2702,2024,Tory San Antonio,Cal State Fullerton,75,Sr,4101.0,-3.4243000000000023,-5.238348648820058,-8.899801296786631,-14.138149945606688
2703,2024,Gabe Dorsey,William & Mary,78,Jr,5513.0,-5.807900000000004,-15.32632728701514,1.1787875103523389,-14.1475397766628
2704,2024,Savion Gallion,UL Monroe,76,Sr,4124.0,-1.1928999999999943,-2.7349920778449524,-11.421867810649651,-14.156859888494605
2705,2024,Osborn Shema,Iona,84,Sr,2759.0,-7.4188000000000045,-9.771648079062205,-4.386617548042667,-14.158265627104871
2706,2024,Raheem Solomon,Sacred Heart,74,Sr,4198.0,-9.891199999999998,-9.225992448687702,-4.939330256176791,-14.165322704864494
2707,2024,Quion Burns,Maine,77,Jr,3071.0,-2.7971000000000004,-12.020077215617166,-2.1561499169255387,-14.176227132542705
2708,2024,Ahmad Henderson II,Niagara,69,Fr,4990.0,-7.131399999999999,0.9296814041659442,-15.176592565800911,-14.246911161634968
2709,2024,Gavin Walsh,Binghamton,79,Fr,2742.0,-4.591799999999992,-6.111187982284662,-8.145836225795144,-14.257024208079804
2710,2024,Adam Larson,Southeast Missouri State,81,So,4690.0,-5.493900000000011,-3.9044453078026287,-10.396218034890136,-14.300663342692763
2711,2024,Trae Benham,High Point,76,Jr,3293.0,-4.2505999999999915,-9.258634951799731,-5.052742391339401,-14.311377343139135
2712,2024,Max Zegarowski,Stonehill,80,Sr,6288.0,-6.580399999999997,-13.173880416426153,-1.180354895727978,-14.35423531215413
2713,2024,Trent McLaughlin,Northern Arizona,78,Jr,6889.0,-3.6577000000000055,-0.6437839938122267,-13.744480782260968,-14.388264776073196
2714,2024,Sherman Weatherspoon IV,Valparaiso,74,Fr,3344.0,3.0690999999999917,-7.245565289114522,-7.150517822529805,-14.396083111644328
2715,2024,Jah Short,New Orleans,75,Fr,4334.0,-6.353099999999998,0.3946503254007458,-14.810731720251772,-14.416081394851028
2716,2024,Brendan McGuire,Sacred Heart,79,Sr,3680.0,-8.694000000000003,-6.693446284249378,-7.766517504167394,-14.459963788416772
2717,2024,Abdi Bashir Jr.,Monmouth,79,Fr,2917.0,-2.1940999999999917,-10.8008503536663,-3.7000070555967506,-14.500857409263048
2718,2024,Keionte Cornelius,Jackson State,72,Jr,2222.0,-9.864599999999996,3.648719160503215,-18.150307211356917,-14.501588050853702
2719,2024,Chris Walker,Binghamton,78,So,2727.0,-3.144200000000012,-4.732485124403959,-9.797370135911384,-14.52985526031534
2720,2024,Dillon Jones,Weber State,78,Jr,7035.0,-3.2934999999999945,-4.297634714171374,-10.292132637075442,-14.589767351246817
2721,2024,Kory Mincy,Presbyterian,74,Fr,1430.0,-5.986599999999996,-6.589333459997086,-8.02680199229578,-14.616135452292866
2722,2024,TJ Biel,Southeast Missouri State,79,Jr,2838.0,-5.306100000000001,-8.7981222420776,-5.824274949139381,-14.62239719121698
2723,2024,Cobe Williams,Tulsa,72,Sr,4069.0,-1.4358999999999895,-9.71056682756293,-5.0614520216743415,-14.772018849237272
2724,2024,Burke Smith,Pacific,83,Jr,4218.0,-2.546199999999999,-10.132605382846378,-4.6961627668084684,-14.828768149654849
2725,2024,Jonah Pierce,Presbyterian,82,So,1676.0,-5.316800000000001,-4.622928245161992,-10.232752383673516,-14.85568062883551
2726,2024,Grant Stubblefield,Omaha,73,Fr,2745.0,-2.7704999999999984,-10.082767724120492,-4.823937737594,-14.906705461714491
2727,2024,Kenny Hunter,Texas Southern,82,So,1745.0,-6.200400000000002,-10.02249224324404,-4.888869072660461,-14.9113613159045
2728,2024,De'Sean Allen-Eikens,Cal State Northridge,78,Sr,7333.0,-4.682299999999998,-4.222784887677233,-10.71320293047215,-14.935987818149382
2729,2024,J'Raan Brooks,UC San Diego,81,Sr,2050.0,-3.913499999999999,-9.07282525622807,-5.940161007025328,-15.012986263253396
2730,2024,Trey Moss,William & Mary,75,So,5336.0,-5.595699999999994,-5.736786257863609,-9.27875953691762,-15.015545794781229
2731,2024,Braeden Smith,Colgate,72,So,3080.0,-5.923299999999998,-6.8171974563742666,-8.199194784677584,-15.01639224105185
2732,2024,Mike Woods,Navy,75,So,3842.0,-11.651899999999998,1.007577878201995,-16.081878442438576,-15.07430056423658
2733,2024,Rashad Williams,Arkansas-Pine Bluff,74,Sr,12510.0,-5.901700000000005,-8.074324601494334,-7.023396939570924,-15.097721541065258
2734,2024,Kevin McGaskey,Prairie View A&M,72,Sr,4894.0,-8.305899999999994,-8.750442980918429,-6.349600188279617,-15.100043169198043
2735,2024,Kam Farris,Marist,75,Sr,2257.0,-7.773300000000006,-4.412515684305478,-10.716345039058172,-15.128860723363651
2736,2024,Miles Webb,St. Francis (PA),80,So,4862.0,-7.193300000000008,-2.572011602051864,-12.57729607950691,-15.149307681558774
2737,2024,Tyler Thomas,Hofstra,75,Sr,7589.0,-0.4946999999999946,-16.3981086275047,1.204069119843101,-15.1940395076616
2738,2024,Charlie Peterson,Army,81,Sr,2750.0,-9.108800000000002,-6.7988269654513545,-8.44586187514695,-15.244688840598304
2739,2024,Jalen Blackmon,Stetson,74,Jr,3783.0,-1.9278000000000048,-5.142632744056236,-10.129239627315432,-15.271872371371668
2740,2024,Eli King,North Dakota,76,So,6981.0,-5.6148000000000025,-14.021854189138311,-1.4156466976986466,-15.43750088683696
2741,2024,Tommie Williams,Lindenwood,76,So,3143.0,-8.973800000000011,-6.255630488477918,-9.244252069948738,-15.499882558426656
2742,2024,Jalen Hawkins,Alcorn State,76,Sr,4239.0,-3.885999999999996,-13.073098675797338,-2.450383633799164,-15.523482309596504
2743,2024,Nakyel Shelton,Eastern Illinois,75,Jr,5040.0,-5.6541,-4.166470197099121,-11.403263516912206,-15.569733714011328
2744,2024,Elijah Wilson,Maryland Eastern Shore,77,Jr,3572.0,-5.388099999999994,-2.8030540036162535,-12.78900448971899,-15.592058493335244
2745,2024,Mark Butler,Lafayette,70,Fr,5408.0,-6.934000000000012,-9.471756427821134,-6.147419927171488,-15.61917635499262
2746,2024,Elmore James IV,Ohio,75,So,4228.0,-4.471299999999999,-3.7374960533040538,-11.8823503682512,-15.619846421555255
2747,2024,Samage Teel,Presbyterian,74,Jr,2828.0,-4.437399999999997,-5.766142387475043,-9.86089062341494,-15.627033010889985
2748,2024,Duke Deen,Bradley,68,Sr,2971.0,3.8940999999999946,-7.806005903028364,-7.821604430470828,-15.627610333499192
2749,2024,Tim Ceaser,UNC Greensboro,81,Sr,3208.0,-1.516600000000011,-13.025895712203772,-2.6150296868203533,-15.640925399024123
2750,2024,Fred Cleveland Jr.,North Carolina Central,69,Sr,6558.0,-9.785299999999992,-11.098465118834794,-4.545436580730113,-15.643901699564909
2751,2024,Kellen Amos,Central Connecticut,78,Sr,5931.0,-11.329899999999997,-6.449399400551903,-9.234606895416633,-15.684006295968535
2752,2024,Caleb Fields,Fairfield,74,Sr,3579.0,-6.506599999999992,-8.305982274160076,-7.392748826549022,-15.698731100709098
2753,2024,Terrell Burden,Kennesaw State,70,Sr,6890.0,-4.856099999999998,-6.181359410148339,-9.55848255750923,-15.739841967657568
2754,2024,James Dent Jr.,Western Illinois,77,Jr,5352.0,-6.824499999999986,-8.003315010007425,-7.747248360074387,-15.750563370081812
2755,2024,Austin Patterson,Sacramento State,75,Jr,5433.0,-2.935200000000009,-10.517914344678308,-5.243316303039731,-15.76123064771804
2756,2024,Blair Thompson,Columbia,79,So,3839.0,-2.2018000000000058,-7.115040891245321,-8.676611043627208,-15.79165193487253
2757,2024,Matt Rogers,American University,81,Sr,5064.0,-10.9906,-9.912115420585158,-5.884148303533966,-15.796263724119123
2758,2024,Terren Frank,Idaho,80,Sr,3072.0,-4.341800000000006,-10.495210968204596,-5.3112078996212,-15.806418867825796
2759,2024,JP Pegues,Furman,74,Jr,7011.0,-0.6122000000000014,-13.014091554788886,-2.7988618309492894,-15.812953385738176
2760,2024,Tyrese Jenkins,Norfolk State,78,Sr,981.0,-10.595600000000005,-6.774357538497547,-9.11180874441469,-15.886166282912235
2761,2024,Tre Breland,Central Connecticut,76,Sr,5380.0,-11.432600000000008,-7.425009129099696,-8.468013119473728,-15.893022248573423
2762,2024,P.J. Edwards,Bowling Green,76,So,1278.0,-6.224099999999993,-6.055175818697133,-9.89749577277169,-15.952671591468825
2763,2024,Jamar Franklin,Georgia Southern,75,So,3197.0,-1.7590000000000003,-7.507492170860709,-8.449235579209052,-15.95672775006976
2764,2024,Quinton Mincey,UMass Lowell,79,Sr,5186.0,-5.32050000000001,-3.43739081051524,-12.578891052192668,-16.01628186270791
2765,2024,Atiba Taylor,South Carolina State,76,Sr,1504.0,-5.545099999999991,-14.565312034127066,-1.4773840772247355,-16.042696111351802
2766,2024,Tiger Booker,Eastern Illinois,70,Sr,5612.0,-5.643200000000007,-0.4165670381238138,-15.628785204159351,-16.045352242283165
2767,2024,Desmond Polk,SIU Edwardsville,76,Jr,3193.0,-7.0184,-5.96836409199695,-10.116096935998131,-16.084461027995083
2768,2024,Charles Smith IV,Prairie View A&M,77,Sr,6709.0,-6.824600000000004,-6.157197008020223,-10.006177546234326,-16.16337455425455
2769,2024,Ryan Curry,Army,72,Fr,6755.0,-9.642399999999997,-10.952384057368668,-5.23593307237699,-16.18831712974566
2770,2024,Anthony Morales,Boston University,80,Sr,2217.0,-11.8703,-2.070358813727204,-14.129686598069348,-16.20004541179655
2771,2024,Jaylen Smith,North Florida,71,Fr,3485.0,-4.086799999999997,-11.088879767862728,-5.115934590766518,-16.204814358629246
2772,2024,Ray'Sean Taylor,SIU Edwardsville,73,Jr,5914.0,-7.230500000000006,-1.9907488975608536,-14.229922585298374,-16.220671482859228
2773,2024,Rokas Jocys,Manhattan,77,Fr,2027.0,-1.0548000000000002,-10.139762440492056,-6.24239901108482,-16.382161451576874
2774,2024,Isaiah Salter,Le Moyne,72,Sr,4951.0,-10.125499999999988,-4.579246003820346,-11.807976156755476,-16.387222160575824
2775,2024,Terrence Brown,Fairleigh Dickinson,75,Fr,4468.0,-10.054600000000008,-4.87488212538716,-11.567889903969805,-16.442772029356966
2776,2024,Javohn Garcia,McNeese,75,Jr,2117.0,-6.097300000000004,-8.211299474948776,-8.313441330559193,-16.524740805507967
2777,2024,Cougar Downing,Little Rock,74,Sr,1314.0,-6.834699999999998,-2.290596175605629,-14.332751577632294,-16.623347753237923
2778,2024,Josh Smith,North Carolina Central,76,So,1432.0,-8.115800000000007,-4.339112456025582,-12.28448632169436,-16.62359877771994
2779,2024,Trent Mosquera,Le Moyne,76,So,2461.0,-6.747500000000002,-2.667121993974985,-13.990929888284118,-16.6580518822591
2780,2024,Chase Lowe,William & Mary,77,So,4962.0,-5.971800000000002,-8.305202841228596,-8.36317239708372,-16.668375238312315
2781,2024,Tyshawn Archie,Tulsa,72,Fr,949.0,-1.9982999999999864,-0.775466447808385,-16.021313884879824,-16.796780332688208
2782,2024,Ja'Sean Jackson,Lamar,72,Jr,3869.0,-7.616500000000002,-13.970168401827332,-2.862253272829741,-16.832421674657073
2783,2024,Kamdyn Curfman,Marshall,72,Sr,7152.0,-0.3705000000000069,-11.810600923840369,-5.037784178881822,-16.84838510272219
2784,2024,Aidan Rubio,Central Michigan,78,So,4133.0,-5.156900000000007,-10.380931330025842,-6.470957584125499,-16.851888914151342
2785,2024,James Glisson III,New Orleans,78,Sr,3297.0,-4.210900000000009,-5.250598369328202,-11.632708700693591,-16.883307070021793
2786,2024,Randy Tucker,Niagara,76,Jr,2305.0,-8.061599999999999,-6.500803915350384,-10.423052897356603,-16.92385681270699
2787,2024,Max Mackinnon,Elon,78,So,4689.0,-5.071299999999994,-9.065844474624228,-7.882761347545672,-16.9486058221699
2788,2024,Caleb Stone-Carrawell,Utah Valley,79,Sr,5789.0,1.480400000000003,-10.750694416231063,-6.239364791381037,-16.990059207612102
2789,2024,Kintavious Dozier,Grambling,73,Jr,2830.0,-4.600300000000004,-6.810066085476606,-10.20876216600162,-17.018828251478226
2790,2024,Cole Anderson,UC Santa Barbara,77,Jr,2968.0,-3.0186000000000064,-8.408628926359897,-8.638777109391325,-17.047406035751223
2791,2024,Abe Johnson,Army,80,Sr,4121.0,-9.607399999999998,2.586217364495199,-19.65950051597381,-17.073283151478613
2792,2024,Rich Byhre,Green Bay,80,Sr,3482.0,-2.975899999999996,-5.568087940334169,-11.525934252261754,-17.094022192595922
2793,2024,Dhashon Dyson,Bethune-Cookman,73,Sr,3351.0,-8.0565,-1.766953842158896,-15.358038616611696,-17.124992458770592
2794,2024,Cliff Davis,Northwestern State,74,Jr,5687.0,-5.569299999999998,-8.891619195608481,-8.252428092385632,-17.144047287994113
2795,2024,Sadaidriene Hall,Stephen F. Austin,77,Jr,2102.0,-3.2283999999999935,-5.277630274109381,-12.018832521402876,-17.296462795512255
2796,2024,Tristan Maxwell,Hampton,75,Jr,4042.0,-4.999300000000005,-8.918248660980113,-8.507553587755682,-17.425802248735796
2797,2024,Jeremiah Gambrell,Alcorn State,75,Sr,5211.0,-5.18010000000001,-7.832608211688495,-9.69371903363731,-17.526327245325803
2798,2024,Kenyon Giles,Radford,70,So,5841.0,-1.7647000000000048,-7.454447097573283,-10.076817682559916,-17.5312647801332
2799,2024,Matt Balanc,Quinnipiac,76,Sr,6818.0,-7.653099999999995,-4.399839169587661,-13.189067090944604,-17.588906260532266
2800,2024,BJ Ward,Southeast Missouri State,72,Fr,2727.0,-7.364000000000004,-7.307334066624208,-10.302779720405976,-17.610113787030183
2801,2024,Omar Cooper,McNeese,72,Jr,1061.0,-7.403400000000005,-12.913686217387635,-4.714704218542287,-17.628390435929923
2802,2024,Sin'Cere McMahon,Winthrop,73,Sr,9695.0,-2.9827000000000083,-8.364035915036233,-9.26818122047808,-17.632217135514313
2803,2024,Jalen Speer,Florida A&M,73,Sr,3591.0,-11.249700000000004,-3.4716475963607127,-14.23679908773413,-17.708446684094845
2804,2024,Jaidon Lipscomb,Florida International,77,Jr,3279.0,-1.127600000000001,-2.0231852152250775,-15.769992357364783,-17.79317757258986
2805,2024,Brantly Stevenson,California Baptist,76,Sr,12089.0,-1.735599999999991,-11.400326816068848,-6.403600942100597,-17.803927758169444
2806,2024,Terry Anderson,Lamar,78,Jr,5899.0,-7.8485999999999905,-16.790392088875148,-1.020764553647964,-17.811156642523112
2807,2024,Ja'Darius Harris,North Carolina Central,74,Sr,4760.0,-8.681700000000006,-3.8808895829703953,-13.945409106206297,-17.82629868917669
2808,2024,Ashton Reese,UMBC,77,Fr,2662.0,-5.213799999999992,-11.09471427561312,-6.755971219590226,-17.850685495203344
2809,2024,Jeremiah Talton,Lindenwood,78,So,4070.0,-8.174999999999997,-9.443501731851052,-8.44841193789945,-17.8919136697505
2810,2024,Brayden O'Connor,UMass Lowell,76,So,7186.0,-4.872399999999999,-6.294247950973409,-11.664816861538624,-17.959064812512032
2811,2024,Kobe Newton,Wyoming,74,Jr,2323.0,1.1131000000000029,-7.907414577205225,-10.125091729523286,-18.03250630672851
2812,2024,Jayson Woodrich,Cleveland State,79,Sr,2170.0,-4.825299999999999,-13.98359195173406,-4.149243274830491,-18.132835226564552
2813,2024,Chris Mubiru,Northwestern State,77,Fr,2684.0,-6.361500000000007,-9.47175199112698,-8.787755175645025,-18.259507166772003
2814,2024,Maximus Nelson,Purdue Fort Wayne,80,So,1958.0,-5.465500000000006,-14.686568521983611,-3.5925683564195405,-18.27913687840315
2815,2024,Noah Robledo,Columbia,77,Jr,2056.0,-5.052199999999999,-11.1244925276269,-7.191307327514304,-18.3157998551412
2816,2024,Jalen Miller,Oral Roberts,74,Jr,2380.0,-3.4465000000000003,-13.455912215017635,-4.925170526696128,-18.38108274171376
2817,2024,Marlon Short,UMBC,77,So,2806.0,-6.2250000000000085,-4.760366054166954,-13.733566531347218,-18.493932585514173
2818,2024,Doug Young,Quinnipiac,72,Jr,4157.0,-7.286500000000004,-9.20620654506738,-9.60369397503729,-18.80990052010467
2819,2024,Jaden Daughtry,Marist,78,So,3594.0,-7.476799999999997,-10.86246792367937,-7.972074860763362,-18.834542784442732
2820,2024,Wilson Dubinsky,South Carolina State,75,Sr,2533.0,-4.666300000000007,-8.313127775583675,-10.57144243836505,-18.884570213948727
2821,2024,Jordan Roberts,Texas A&M-Corpus Christi,76,Jr,1888.0,-7.548100000000005,-10.525129041103844,-8.396811570600672,-18.921940611704517
2822,2024,Jordan Pennick,Navy,71,Fr,2470.0,-12.00800000000001,-4.407526445821712,-14.75853715725077,-19.16606360307248
2823,2024,Touko Tainamo,Denver,81,Jr,6081.0,-4.403999999999996,-11.19986238941809,-8.073275925452668,-19.273138314870756
2824,2024,JaSteven Walker,Alabama State,82,So,2292.0,-1.1088999999999911,-9.167443790426567,-10.38070302728321,-19.548146817709775
2825,2024,Mitch Fischer,Navy,79,Jr,4482.0,-9.791200000000003,-3.9021370218184166,-15.691987282349164,-19.59412430416758
2826,2024,Eddie Ricks III,Morehead State,79,Fr,2270.0,-5.0685,-6.551780881393379,-13.054867831709652,-19.60664871310303
2827,2024,Victor Valdes,Troy,79,Fr,1882.0,-1.3399,-5.488696876139371,-14.201265475716625,-19.689962351855993
2828,2024,Corey Camper Jr.,UTEP,77,Jr,5657.0,-0.7336999999999989,-8.675783570121585,-11.093615467809238,-19.769399037930825
2829,2024,Yusuf Jihad,Eastern Michigan,79,Sr,3892.0,-4.937100000000001,-14.654678642522176,-5.427265106060672,-20.081943748582844
2830,2024,Jah Nze,North Florida,76,So,1785.0,-2.9842000000000013,-8.691123922815489,-11.47617798571524,-20.16730190853073
2831,2024,Kyle McGee,Sacred Heart,76,Sr,5042.0,-10.542699999999996,-11.350838372046912,-9.225804064302912,-20.576642436349825
2832,2024,Cam Gregory,St. Francis (PA),77,So,3296.0,-5.854900000000001,-11.8635226443425,-8.86824041319312,-20.73176305753562
2833,2024,Tyreese Watson,UL Monroe,76,Jr,3725.0,-1.1551999999999936,-10.334476994122593,-10.4759790866242,-20.81045608074679
2834,2024,Justin Moore,Drexel,75,So,4306.0,-2.543300000000002,-15.164534081901088,-6.098747536345526,-21.263281618246616
2835,2024,Braelon Bush,Northwestern State,69,So,5979.0,-6.439599999999999,-6.767558490079784,-14.49614144837111,-21.263699938450895
2836,2024,Treysen Eaglestaff,North Dakota,78,So,7956.0,-6.258099999999999,-14.809148708252126,-6.669133921238341,-21.478282629490465
2837,2024,Ryan Myers,Western Illinois,72,Jr,6041.0,-7.633300000000005,-9.25210628813266,-12.234322862386003,-21.486429150518667
2838,2024,Cody Pennebaker,Lamar,77,So,5623.0,-8.363599999999991,-4.760734175730903,-16.815917103826663,-21.576651279557566
2839,2024,Michael Eley,Siena,76,So,2793.0,-4.950199999999995,-7.806236058803881,-14.070348259752704,-21.876584318556585
2840,2024,Tyson Commander,Loyola Maryland,76,So,4428.0,-5.907200000000003,-7.21559470069546,-14.686758764660295,-21.90235346535576
2841,2024,Jordan Jefferson,Little Rock,76,Jr,2033.0,-9.367000000000004,-7.19983826479011,-14.731423981080724,-21.931262245870833
2842,2024,Sherman Brashear,UT Rio Grande Valley,77,Jr,5244.0,-0.2271999999999963,-11.008639910798198,-11.011988142918588,-22.020628053716784
2843,2024,Evan Eursher,Southeast Missouri State,74,So,3451.0,-7.533699999999996,-12.487111324267604,-9.729021172705917,-22.21613249697352
2844,2024,Jayden Brown,Central Connecticut,80,Jr,4477.0,-11.14779999999999,-12.324155544004144,-10.055940866148664,-22.38009641015281
2845,2024,Kyle Layton,Tennessee Tech,75,Fr,3486.0,-6.823499999999996,-9.601725327142866,-13.912560016993917,-23.51428534413678
2846,2024,Ryan Mabrey,Miami (OH),77,So,3049.0,-3.1751000000000005,-7.868175249153705,-16.015446870041103,-23.883622119194808
2847,2024,Austin Inge,Navy,72,Sr,4488.0,-10.499300000000003,-10.330668119355796,-13.920294990765283,-24.250963110121077
2848,2024,Bradley Douglas,Little Rock,73,Jr,2667.0,-9.114599999999996,-12.102454770798294,-12.276710325492791,-24.37916509629109
2849,2024,DeVante Jamison,Fairleigh Dickinson,68,Sr,3864.0,-6.901399999999995,-8.636743264859307,-15.892164785668928,-24.528908050528234
2850,2024,Lysander Rehnstrom,Navy,75,Sr,2642.0,-11.32180000000001,-8.933937339755396,-15.863755462505672,-24.797692802261068
2851,2024,Malik Battle,Coppin State,75,Sr,2671.0,-6.659499999999994,-17.770273456761572,-7.23292995458184,-25.003203411343417
2852,2024,Trey Thomas,Hampton,72,Sr,1222.0,-6.610900000000001,-11.13659619787035,-14.044243755504487,-25.18083995337484
2853,2024,Devon Ellis,Maryland Eastern Shore,79,So,3825.0,-5.907499999999999,-7.199491353561305,-19.02297961437356,-26.222470967934868
2854,2024,Damarco Minor,SIU Edwardsville,72,Jr,6435.0,-7.244699999999995,-6.622356955976384,-19.950567817915285,-26.57292477389167
2855,2024,Louis Lesmond,Harvard,78,Jr,5330.0,-1.3867999999999938,-21.256566033638673,-5.69632744271813,-26.9528934763568
