Rimfluence Rank,year,Player name,team,height_inches,class,possessions,Opp Net Rating,O Rimfluence,D Rimfluence,Rimfluence
1,2025,Morez Johnson Jr.,Illinois,81,Fr,1475.0,13.366,17.608968789011726,18.10587472784483,35.71484351685656
2,2025,Collin Murray-Boyles,South Carolina,80,So,2712.0,13.211399999999998,16.857324324403088,16.57356967767103,33.43089400207412
3,2025,Cameron Matthews,Mississippi State,79,Sr,2991.0,15.587400000000002,9.21007879377361,21.414734538712253,30.624813332485864
4,2025,Tomislav Ivisic,Illinois,85,So,2573.0,15.115300000000005,16.38940266232131,13.535882907934726,29.925285570256037
5,2025,Malique Ewin,Florida State,82,So,4546.0,6.460099999999997,21.398092430218664,8.46764056895215,29.865732999170817
6,2025,David N'Guessan,Kansas State,81,Sr,5676.0,11.643200000000007,12.030161869314519,17.702637317845245,29.732799187159763
7,2025,Ja'Derryus Eatmon,Florida A&M,82,Sr,3814.0,-3.6188999999999965,9.584313145634553,20.088041999287135,29.67235514492169
8,2025,Flory Bidunga,Kansas,81,Fr,2288.0,15.653899999999993,5.178634830412184,23.308784652155246,28.487419482567432
9,2025,Henri Veesaar,Arizona,84,Jr,2076.0,16.899900000000002,12.203992232003483,16.201653780013366,28.40564601201685
10,2025,Nate Bittle,Oregon,84,Sr,2652.0,14.6109,6.626030369410247,21.67180479758484,28.29783516699509
11,2025,Andersson Garcia,Texas A&M,79,Sr,2249.0,15.632000000000005,16.328870829064243,10.861746403679039,27.190617232743282
12,2025,Dre Davis,Ole Miss,78,Sr,2413.0,15.612199999999987,14.921262708233247,11.708880555989378,26.630143264222625
13,2025,Thomas Sorber,Georgetown,82,Fr,2364.0,3.9913999999999987,14.542043801515485,11.853962538961197,26.39600634047668
14,2025,Chad Baker-Mazara,Auburn,79,Sr,2701.0,18.9765,11.884672772272797,14.469570327772276,26.354243100045075
15,2025,Amari Williams,Kentucky,84,Sr,2292.0,17.86,8.694872439978306,17.299061625192586,25.99393406517089
16,2025,Clifford Omoruyi,Alabama,83,Sr,2274.0,19.832399999999993,6.712284871995905,19.145100195175385,25.85738506717129
17,2025,Efton Reid III,Wake Forest,84,Sr,4912.0,10.296000000000006,10.27676972941676,15.571074364737585,25.847844094154347
18,2025,Lamont Butler,Kentucky,74,Sr,2096.0,16.022000000000006,10.677209800106143,14.301895148272365,24.979104948378506
19,2025,Javon Small,West Virginia,74,Sr,6490.0,12.636799999999994,13.513181568769681,11.38030634686993,24.89348791563961
20,2025,Andrew Carr,Kentucky,83,Sr,2415.0,16.2731,13.207417314150398,11.632496231614217,24.839913545764617
21,2025,Solomon Washington,Texas A&M,79,Jr,1989.0,16.42,9.363694131732807,15.163100130203116,24.526794261935922
22,2025,Dylan Harper,Rutgers,78,Fr,5482.0,11.490000000000009,17.032009020132563,7.3989936692646605,24.431002689397225
23,2025,Vladislav Goldin,Michigan,85,Sr,2706.0,17.08019999999999,7.759674564784624,16.65304953444472,24.412724099229344
24,2025,Michael Osei-Bonsu,Missouri State,76,Jr,4854.0,0.835000000000008,11.938752434778712,12.452389222822456,24.391141657601167
25,2025,Isaac Asuma,Minnesota,75,Fr,4440.0,11.2012,21.976819848851335,2.3558455818842576,24.33266543073559
26,2025,Hunter Dickinson,Kansas,86,Sr,3453.0,16.347399999999993,9.055894761974287,15.077345187605815,24.1332399495801
27,2025,Aziz Bandaogo,Cincinnati,84,Sr,2588.0,10.687200000000004,7.286475076369147,16.47096978134457,23.75744485771372
28,2025,Sebastian Rancik,Colorado,81,Fr,1725.0,13.680599999999998,10.887087643170052,12.545326567726455,23.432414210896507
29,2025,Yanic Konan Niederhauser,Penn State,84,Jr,4382.0,9.162700000000001,11.178641236809291,12.243320931034397,23.421962167843688
30,2025,Grant Nelson,Alabama,83,Sr,3016.0,20.112300000000005,9.11929607592283,14.287283050692402,23.40657912661523
31,2025,VJ Edgecombe,Baylor,77,Fr,2960.0,16.27130000000001,9.61481397604989,13.785508969505912,23.4003229455558
32,2025,Basheer Jihad,Arizona State,81,Sr,2793.0,15.268899999999988,6.707627442760341,16.361697625882634,23.069325068642975
33,2025,Alex Condon,Florida,83,So,2545.0,15.710700000000003,11.310716410275637,11.568688527773691,22.879404938049326
34,2025,Trey Kaufman-Renn,Purdue,81,Jr,2830.0,16.914900000000003,12.158727876825651,10.579015800016741,22.737743676842392
35,2025,Felix Okpara,Tennessee,83,Jr,2224.0,16.808899999999994,9.578696133524577,13.129646810799233,22.70834294432381
36,2025,Graham Ike,Gonzaga,81,Sr,2314.0,8.8399,6.225842227375974,16.319885480594394,22.545727707970368
37,2025,Riley Kugel,Mississippi State,77,Jr,2529.0,13.577399999999997,11.775989015154536,10.74064147371542,22.516630488869957
38,2025,Anthony Leal,Indiana,77,Sr,3102.0,17.541999999999987,12.266999575461057,10.247583378903323,22.51458295436438
39,2025,Elijah Malone,Colorado,82,Sr,1806.0,12.1845,7.0765324965106,15.204823682815242,22.28135617932584
40,2025,Roddy Gayle Jr.,Michigan,77,Jr,2623.0,15.232500000000002,8.789374004859651,13.16964552163953,21.959019526499183
41,2025,Femi Odukale,Minnesota,78,Sr,5210.0,12.694599999999994,6.167318747016346,15.651338320807243,21.81865706782359
42,2025,Evan Mahaffey,Ohio State,78,Jr,3362.0,11.8917,8.936197136220652,12.808466649185323,21.744663785405976
43,2025,Dajuan Harris Jr.,Kansas,74,Sr,3649.0,17.1288,5.520545231003243,16.188775715964677,21.70932094696792
44,2025,Rashaun Agee,USC,80,Sr,1723.0,14.292599999999993,8.04950674409373,13.516701955489985,21.566208699583715
45,2025,Johnell Davis,Arkansas,75,Sr,3004.0,14.6597,12.3103812063885,9.135147146235205,21.445528352623704
46,2025,Maliq Brown,Duke,81,Jr,1176.0,13.429099999999991,6.9191689964882706,14.367130133850331,21.2862991303386
47,2025,Coen Carr,Michigan State,78,So,2088.0,13.273699999999991,12.712947177798668,8.429612814782786,21.142559992581454
48,2025,Danny Wolf,Michigan,84,Jr,3039.0,16.661600000000007,11.096371464134128,9.964160691859838,21.060532155993968
49,2025,Ven-Allen Lubin,North Carolina,80,Jr,1926.0,14.317799999999991,13.229136433153625,7.8291811941677185,21.058317627321344
50,2025,Jeremiah Fears,Oklahoma,76,Fr,3060.0,12.61699999999999,12.657689737663553,8.349707342914058,21.00739708057761
51,2025,Tyrin Lawrence,Georgia,76,Sr,2212.0,10.745400000000004,12.904056075670082,7.702022067127393,20.606078142797475
52,2025,Johni Broome,Auburn,82,Sr,2984.0,20.3776,7.104853953438268,13.49327016524691,20.598124118685178
53,2025,Sean Stewart,Ohio State,81,So,3228.0,14.6644,6.511876524055543,14.027705556376377,20.53958208043192
54,2025,Devin McGlockton,Vanderbilt,79,Jr,2296.0,12.0535,9.511260301967079,11.008286259799663,20.51954656176674
55,2025,Marcus Hill,NC State,76,Sr,3644.0,5.786900000000003,15.197641770232229,5.254749489865231,20.45239126009746
56,2025,Jayden Quaintance,Arizona State,81,Fr,2048.0,13.7911,8.101733191392965,12.11885751686983,20.220590708262797
57,2025,RJ Smith,Colorado,75,So,1947.0,12.430700000000002,10.412824479742241,9.797646798445832,20.210471278188074
58,2025,Stevie Mitchell,Marquette,74,Sr,2387.0,12.614400000000003,15.36847334827364,4.82642313948166,20.1948964877553
59,2025,Ben Humrichous,Illinois,81,Sr,2722.0,15.749300000000005,10.063471591888025,10.099956315286834,20.163427907174857
60,2025,Jaylen Jones,Texas State,72,So,85.0,1.8601999999999919,15.15421206001949,4.979249972070378,20.133462032089867
61,2025,Ja'Vier Francis,Houston,80,Sr,1407.0,16.44470000000001,6.8830681262887055,13.10850508360464,19.991573209893346
62,2025,Tre Donaldson,Michigan,75,Jr,3083.0,15.976699999999994,14.169284272874442,5.706118579224881,19.875402852099324
63,2025,Mouhamed Dioubate,Alabama,79,So,1793.0,20.461200000000005,10.329278972173976,9.529422520603827,19.858701492777804
64,2025,J'Wan Roberts,Houston,80,Sr,2907.0,17.629199999999997,11.675459294537585,8.041417571920714,19.7168768664583
65,2025,Malik Reneau,Indiana,81,Jr,3684.0,11.789299999999997,9.745120487555276,9.94426930274018,19.689389790295458
66,2025,Jace Carter,Texas A&M,77,Sr,1583.0,15.274500000000003,13.086274472676713,6.491291353901599,19.57756582657831
67,2025,Lathan Sommerville,Rutgers,82,Fr,3866.0,12.564599999999999,5.270564487324864,14.176193155748448,19.446757643073312
68,2025,Jeremy Fears Jr.,Michigan State,74,So,2330.0,13.792600000000007,11.97890424520071,7.4650995194687475,19.444003764669457
69,2025,Justin Mullins,Northwestern,78,Jr,3944.0,11.489599999999996,9.765788076935639,9.599907617528082,19.36569569446372
70,2025,Tae Davis,Notre Dame,81,Jr,5890.0,7.991100000000003,9.024089610335452,10.29742273041305,19.3215123407485
71,2025,Denver Jones,Auburn,76,Sr,2886.0,18.896299999999997,6.962780875876783,12.353505185580401,19.316286061457184
72,2025,Robert Miller III,LSU,82,Fr,3192.0,10.652500000000003,6.18994393396708,13.038976282428983,19.228920216396062
73,2025,Jaemyn Brakefield,Ole Miss,80,Sr,2298.0,15.710899999999995,14.64415345046946,4.498465563096198,19.142619013565657
74,2025,Mohamed Wague,Oklahoma,82,Sr,1174.0,13.423099999999991,13.084064319355843,6.053652022559655,19.1377163419155
75,2025,Khaman Maluach,Duke,86,Fr,2274.0,11.603700000000003,6.362240389282508,12.770431750478672,19.13267213976118
76,2025,Joshua Jefferson,Iowa State,80,Jr,2889.0,12.940600000000003,10.174262795859203,8.929404965972422,19.103667761831623
77,2025,John Blackwell,Wisconsin,76,So,2940.0,13.273299999999992,8.078547239105315,11.001833913994506,19.08038115309982
78,2025,Milos Uzan,Houston,76,Jr,3044.0,16.25370000000001,9.95994004058567,9.052996180249215,19.012936220834884
79,2025,Matthew Murrell,Ole Miss,76,Sr,2640.0,18.197400000000002,10.507252580069977,8.447369741989636,18.954622322059613
80,2025,Abou Ousmane,Oklahoma State,82,Sr,2244.0,11.5064,9.311229056334469,9.608804417014667,18.920033473349136
81,2025,Viktor Lakhin,Clemson,83,Sr,2121.0,8.4679,9.914411373022382,9.002144883879879,18.91655625690226
82,2025,Joseph Tugler,Houston,80,So,2120.0,16.423500000000004,5.535412104783609,13.359675365779493,18.8950874705631
83,2025,Jace Posey,TCU,77,Fr,1154.0,10.860799999999998,10.656933063116359,8.226428580370337,18.883361643486694
84,2025,Ty-Laur Johnson,Wake Forest,72,So,3894.0,8.488199999999992,8.197874278531543,10.67070415284778,18.868578431379323
85,2025,Alier Maluk,Florida State,84,Fr,1938.0,6.071100000000001,6.002095414738012,12.69605585815273,18.69815127289074
86,2025,Jordan Gainey,Tennessee,76,Sr,2392.0,16.177000000000007,10.350365908316729,8.346338638833961,18.696704547150688
87,2025,Jadrian Tracey,Oregon,77,Sr,2171.0,13.58890000000001,10.425017489039842,8.271078117049882,18.696095606089724
88,2025,Jeremiah Wilkinson,California,73,Fr,5354.0,6.576000000000008,8.646822998645632,10.046002806981909,18.692825805627542
89,2025,Vyctorius Miller,LSU,77,Fr,3164.0,5.391100000000009,9.412522024079507,9.27470822289315,18.687230246972657
90,2025,Keon Ambrose-Hylton,SMU,80,Sr,1167.0,2.894599999999997,12.345780555304161,6.306989157413183,18.652769712717344
91,2025,Josh Ojianwuna,Baylor,82,Jr,1775.0,13.712900000000005,12.645058235169333,5.9741100108068546,18.619168245976187
92,2025,Nils Machowski,UCF,75,So,976.0,10.754199999999997,11.82320733253848,6.779139613661359,18.602346946199837
93,2025,Rylan Griffen,Kansas,78,Jr,2646.0,15.51100000000001,14.45256444592993,4.0920960920195135,18.544660537949444
94,2025,Eddie Lampkin Jr.,Syracuse,83,Sr,2742.0,7.654700000000005,12.630122334047526,5.913153157889393,18.543275491936917
95,2025,Labaron Philon Jr.,Alabama,76,Fr,2877.0,20.3515,8.400595026188945,10.125759229139112,18.52635425532806
96,2025,Ben Burnham,Virginia Tech,79,Sr,3858.0,7.208699999999993,4.288904643918546,14.21026820949047,18.499172853409014
97,2025,Julius Mims,Idaho,81,Sr,3966.0,-2.9061000000000092,4.32163199512441,14.147589370417904,18.469221365542314
98,2025,Dylan Cardwell,Auburn,83,Sr,2167.0,18.029600000000002,4.052466271645337,14.394599878773313,18.44706615041865
99,2025,Tobi Lawal,Virginia Tech,80,Jr,4363.0,7.009399999999999,4.756253987251151,13.67211670386653,18.42837069111768
100,2025,Leonardo Bettiol,Abilene Christian,81,Jr,4930.0,-2.255899999999997,6.002873489626513,12.38904683103358,18.39192032066009
101,2025,Trevin Knell,BYU,77,Sr,2045.0,10.054699999999997,7.738183511522266,10.596132956185059,18.334316467707325
102,2025,Kwame Evans Jr.,Oregon,81,So,1556.0,14.189700000000002,7.586974504982029,10.682437930414293,18.269412435396323
103,2025,Aday Mara,UCLA,87,So,1119.0,10.916399999999996,3.0559689293237398,15.185828502752765,18.241797432076503
104,2025,Koby Brea,Kentucky,79,Sr,2798.0,17.253200000000007,9.956462861762203,8.210865655903694,18.167328517665897
105,2025,Miles Kelly,Auburn,78,Sr,2976.0,19.27919999999999,9.678961440666566,8.46941719931652,18.148378639983086
106,2025,Garwey Dual,Seton Hall,77,So,2099.0,11.302300000000002,12.022213345350433,6.113191524743094,18.135404870093527
107,2025,Shawn Phillips Jr.,Arizona State,84,Jr,1517.0,15.634699999999995,9.145949894329013,8.89764688700502,18.04359678133403
108,2025,Rueben Chinyelu,Florida,83,So,2159.0,14.540899999999993,8.996119572568292,9.045946894975133,18.042066467543425
109,2025,Zach Freemantle,Xavier,81,Sr,2638.0,9.469300000000004,2.925020423687946,15.108739455557961,18.033759879245906
110,2025,Chris Mpaka,Tarleton State,78,Jr,2197.0,1.7866999999999962,6.566669121459907,11.44547601113824,18.012145132598146
111,2025,Kam Jones,Marquette,76,Sr,2966.0,12.4388,3.618338567149564,14.322036703779396,17.94037527092896
112,2025,Tytan Anderson,Northern Iowa,78,Sr,2610.0,1.056999999999988,12.659358619718908,5.205419210314631,17.86477783003354
113,2025,Troy McKoy Jr.,Chicago State,77,Fr,2126.0,1.0746999999999929,11.224193003402547,6.5953409153598965,17.819533918762446
114,2025,Quincy Ballard,Wichita State,83,Sr,2615.0,2.8537000000000035,0.9266234169096457,16.869148286961856,17.7957717038715
115,2025,Otega Oweh,Kentucky,76,Jr,2829.0,17.604100000000003,9.305040660081097,8.455761448068795,17.760802108149893
116,2025,Jackson McAndrew,Creighton,82,Fr,2067.0,13.2393,5.094362765278068,12.631060693445463,17.72542345872353
117,2025,Devin Royal,Ohio State,78,So,5146.0,14.764799999999994,11.790171856650964,5.878182809253805,17.66835466590477
118,2025,Myles Rice,Indiana,75,So,5346.0,13.03909999999999,8.936307108994587,8.73018901204879,17.666496121043377
119,2025,BJ Freeman,Arizona State,78,Sr,2111.0,14.735699999999994,11.104635646653673,6.5498603709166305,17.654496017570303
120,2025,Caleb Furst,Purdue,82,Sr,1758.0,16.733599999999996,6.9692491088512165,10.681045525600007,17.650294634451225
121,2025,David Coit,Kansas,71,Sr,2097.0,14.802499999999995,10.862225804220333,6.696460291051681,17.558686095272016
122,2025,Adam Clark,Merrimack,70,So,6726.0,-5.098700000000008,3.7193375139621896,13.799744565933967,17.519082079896158
123,2025,Ryan Conwell,Xavier,75,Jr,3074.0,10.020700000000005,7.939641417488106,9.576499906922331,17.516141324410437
124,2025,Berke Buyuktuncel,Nebraska,81,So,2074.0,11.33420000000001,0.48880122089071687,17.026026712616506,17.514827933507224
125,2025,Matthew Nicholson,Northwestern,84,Sr,4426.0,12.427400000000006,1.5971935486375775,15.879443776965871,17.47663732560345
126,2025,Walter Clayton Jr.,Florida,75,Sr,3513.0,15.717099999999988,2.534282894113364,14.900856357465521,17.435139251578885
127,2025,Dishon Jackson,Iowa State,83,Sr,1797.0,10.589799999999997,2.658631096052872,14.772368933049213,17.431000029102087
128,2025,Michael Zanoni,Pennsylvania,77,Jr,1637.0,3.7545999999999964,13.53884566663031,3.888131983759946,17.426977650390256
129,2025,John Mikey Square,Cal State Fullerton,78,Sr,2826.0,0.9706000000000046,10.078999019538434,7.346194534417021,17.425193553955456
130,2025,Chris Youngblood,Alabama,76,Sr,2197.0,20.646500000000003,6.716803126111652,10.616764465680104,17.333567591791756
131,2025,Morris Ugusuk,South Carolina,76,So,1995.0,15.2808,10.390434828207972,6.920355796749774,17.310790624957747
132,2025,David Punch,TCU,79,Fr,1914.0,13.437799999999996,8.160551810073223,9.01611960640407,17.17667141647729
133,2025,Quadir Copeland,McNeese,78,Jr,1920.0,-1.2537999999999982,14.080403383855272,3.0640080932262483,17.14441147708152
134,2025,Kevin Overton,Texas Tech,77,So,1979.0,8.991199999999992,7.5163884411875195,9.61510020587539,17.13148864706291
135,2025,Steven Crowl,Wisconsin,84,Sr,2385.0,13.477500000000006,5.665796294309282,11.457366015501782,17.123162309811065
136,2025,Aubin Gateretse,Utah State,83,Sr,1612.0,6.085300000000004,10.622372297568479,6.487292295054152,17.10966459262263
137,2025,Lawson Lovering,Utah,85,Sr,1861.0,12.742000000000004,11.363901672302221,5.731000340351074,17.094902012653296
138,2025,Eric Dailey Jr.,UCLA,80,So,2135.0,10.846399999999988,6.773439838016063,10.312998395418251,17.086438233434315
139,2025,Jacob Cofie,Virginia,82,Fr,3644.0,7.285399999999996,1.461441077954086,15.550316329773423,17.011757407727508
140,2025,Alston Mason,Arizona State,74,Sr,3234.0,14.936799999999991,8.417152253975596,8.569186471021828,16.986338724997424
141,2025,Chaney Johnson,Auburn,79,Sr,2505.0,18.071200000000005,6.140195765054315,10.815720069736194,16.95591583479051
142,2025,Trazarien White,TCU,78,Sr,2336.0,12.6828,6.808061089492498,10.112941515918376,16.921002605410873
143,2025,Dawson Baker,BYU,75,Jr,1611.0,8.8951,1.3749190662472177,15.521900769212584,16.8968198354598
144,2025,Brandon Angel,Oregon,80,Sr,2309.0,13.376800000000003,12.43272034913978,4.431568212527563,16.864288561667344
145,2025,Nick Pringle,South Carolina,82,Sr,2171.0,14.279800000000009,5.995329551713688,10.694777089453911,16.6901066411676
146,2025,Jackson Holcombe,Utah Valley,79,So,1201.0,-2.7489999999999952,5.966617824677811,10.700778555410006,16.667396380087816
147,2025,Jayson Kent,Texas,80,Sr,1219.0,14.572599999999994,4.382704077078078,12.270338475303713,16.65304255238179
148,2025,Jackson Shelstad,Oregon,72,So,3229.0,14.740099999999998,5.947716824022118,10.681740512938324,16.629457336960442
149,2025,CJ Gunn,DePaul,79,Jr,2316.0,11.120000000000005,6.91811225615405,9.684946116467508,16.603058372621557
150,2025,Andrew Cook,Eastern Washington,76,Sr,5534.0,-1.1598999999999933,14.701935460483305,1.8965378602500915,16.598473320733397
151,2025,Eric Dixon,Villanova,80,Sr,3236.0,9.115000000000009,5.708904055767377,10.873521408869593,16.58242546463697
152,2025,RJ Godfrey,Georgia,80,Jr,1840.0,12.145399999999995,7.926813584107165,8.591028073241226,16.51784165734839
153,2025,Mike Mitchell Jr.,Minnesota,74,Sr,4106.0,14.203800000000001,11.58338358815361,4.891946713603684,16.475330301757296
154,2025,Mason Gillis,Duke,78,Sr,1397.0,9.017799999999994,7.202348667624433,9.253884186957986,16.456232854582417
155,2025,Emmanuel Innocenti,Gonzaga,77,So,927.0,6.443899999999999,10.82272460753726,5.629515718504502,16.45224032604176
156,2025,Billy Richmond III,Arkansas,77,Fr,1727.0,12.320300000000003,10.12100884437362,6.305799663144985,16.426808507518604
157,2025,MJ Thomas,New Orleans,80,Fr,5468.0,0.479699999999994,2.746264222430166,13.559544208289775,16.305808430719942
158,2025,Robert Vaihola,San José State,80,Jr,2385.0,3.816999999999993,6.793782858525265,9.459557757763426,16.25334061628869
159,2025,Gicarri Harris,Purdue,75,Fr,1378.0,14.780500000000004,8.697785596181332,7.501089751725332,16.198875347906665
160,2025,Miles Byrd,San Diego State,79,So,2525.0,8.835800000000006,11.273771015249649,4.909250658504067,16.183021673753714
161,2025,KJ Adams Jr.,Kansas,79,Sr,4094.0,16.025199999999998,3.3823494065158837,12.740629427856947,16.12297883437283
162,2025,Juwan Gary,Nebraska,78,Sr,3131.0,13.206800000000001,10.424414839064237,5.678855767496705,16.10327060656094
163,2025,Kobe Johnson,UCLA,78,Sr,2695.0,12.39240000000001,11.635044739896642,4.378366498941616,16.01341123883826
164,2025,Parker Fox,Minnesota,80,Sr,3334.0,10.662899999999993,2.1060392082166035,13.886112879708962,15.992152087925566
165,2025,Jaden Akins,Michigan State,76,Sr,2753.0,13.755499999999998,6.665469863580214,9.258489754042909,15.923959617623122
166,2025,Darrion Williams,Texas Tech,78,Jr,2595.0,11.3001,11.538275131200264,4.369687498637439,15.907962629837701
167,2025,Jamarii Thomas,South Carolina,71,Sr,2273.0,11.861699999999999,7.982678150944325,7.91786020093214,15.900538351876467
168,2025,NJ Benson,DePaul,80,Jr,1644.0,7.292400000000001,7.996049946565889,7.8853829565835145,15.881432903149403
169,2025,Tre Holloman,Michigan State,74,Jr,2394.0,14.0899,9.349197216157442,6.529377236140153,15.878574452297595
170,2025,Kobe Sanders,Nevada,81,Sr,5760.0,5.29310000000001,5.695504443896706,10.131440109584247,15.826944553480953
171,2025,Norchad Omier,Baylor,79,Sr,3041.0,16.722700000000003,7.468229227108138,8.338680808518248,15.806910035626386
172,2025,Derrick Michael Xzavierro,Long Beach State,81,So,3836.0,1.906400000000005,1.307835514546617,14.46786678739785,15.775702301944468
173,2025,K.J. Windham,Northwestern,75,Fr,2566.0,13.303900000000013,13.813645049167526,1.9309079698229485,15.744553018990475
174,2025,Cade Phillips,Tennessee,81,So,1284.0,13.881799999999998,3.5456544337768268,12.176164780080079,15.721819213856906
175,2025,John Tonje,Wisconsin,77,Sr,2977.0,13.790199999999999,8.069357194344882,7.636406318565553,15.705763512910433
176,2025,Carter Bryant,Arizona,80,Fr,1970.0,16.346799999999988,3.6420255446511653,12.061466240230873,15.703491784882038
177,2025,David Joplin,Marquette,79,Sr,2831.0,12.260499999999993,8.195587010974334,7.507327159270736,15.70291417024507
178,2025,Jabri Abdur-Rahim,Providence,80,Sr,2044.0,7.812700000000007,6.387556708618732,9.29284742842675,15.680404137045482
179,2025,Elijah Hawkins,Texas Tech,71,Sr,2672.0,14.415300000000002,8.782815995507097,6.887476339501705,15.670292335008803
180,2025,Mason Miller,Creighton,81,Jr,1170.0,11.349099999999993,12.135620626198703,3.5178018929715473,15.65342251917025
181,2025,Mark Mitchell,Missouri,81,Jr,2675.0,11.542599999999993,7.942756535717958,7.684411344887877,15.627167880605835
182,2025,Ja'Kobi Gillespie,Maryland,73,Jr,3315.0,12.203400000000002,10.068688809510292,5.536068826144357,15.604757635654648
183,2025,Tre'Von Spillers,Wake Forest,79,Sr,5782.0,8.768900000000002,5.021705512143658,10.558167872761718,15.579873384905376
184,2025,Jaeden Zackery,Clemson,74,Sr,3142.0,8.212500000000006,12.281904495219472,3.2835325553796695,15.56543705059914
185,2025,Thomas Haugh,Florida,81,So,2682.0,15.1948,7.434820231575632,8.116544837285058,15.55136506886069
186,2025,Tahaad Pettiford,Auburn,73,Fr,2441.0,18.170599999999993,7.312574005727413,8.189610633029764,15.502184638757177
187,2025,Wesley Celichowski,Air Force,84,So,3696.0,3.3059999999999974,-1.7378529904927613,17.150791120531007,15.412938130038246
188,2025,Trey Townsend,Arizona,78,Sr,2095.0,14.748000000000005,2.1675006479665937,13.244601743082727,15.41210239104932
189,2025,Shawn Jones Jr.,Mississippi State,77,Jr,2514.0,18.915999999999997,9.0610031719801,6.347227688724143,15.408230860704244
190,2025,Brooklyn Hicks,UNLV,75,So,3558.0,5.735600000000005,8.455110677686994,6.945393558749624,15.400504236436618
191,2025,KJ Lewis,Arizona,76,So,2701.0,16.282200000000003,10.305533422324295,5.06630007316601,15.371833495490305
192,2025,Chris Manon,Vanderbilt,77,Sr,1654.0,12.66940000000001,5.595089902181464,9.696725478053859,15.291815380235324
193,2025,Joshua Beadle,Boston College,75,Jr,3401.0,6.495099999999994,10.92086577449451,4.361630618008737,15.282496392503248
194,2025,Eduardo Andre,West Virginia,83,Sr,2912.0,11.685099999999991,6.567500343504394,8.634250584748912,15.201750928253306
195,2025,Frank Mitchell,Minnesota,80,Jr,2370.0,14.235399999999998,6.085062117622472,9.090700316718255,15.175762434340728
196,2025,Trevor Baskin,Colorado,81,Sr,2004.0,11.105599999999995,8.82423336710794,6.3304354156334846,15.154668782741425
197,2025,KeShawn Murphy,Mississippi State,82,Jr,2670.0,14.972499999999997,1.7789655359808352,13.372624289753468,15.151589825734302
198,2025,Jordan Ross,Saint Mary's,75,So,2575.0,5.938299999999998,6.910988202985641,8.18066808700873,15.091656289994372
199,2025,Dayvion McKnight,Xavier,72,Sr,3079.0,10.0141,6.509380126181746,8.56216569683006,15.071545823011807
200,2025,Dawson Garcia,Minnesota,83,Sr,6158.0,12.44720000000001,9.349588113252048,5.72129502130326,15.07088313455531
201,2025,Angelo Ciaravino,Northwestern,78,Fr,1942.0,13.55579999999999,7.313728396958581,7.747301178303961,15.061029575262541
202,2025,Corey Chest,LSU,80,Fr,3332.0,9.003799999999998,6.641071220537889,8.352902103469999,14.993973324007888
203,2025,Chase Ross,Marquette,76,Jr,2709.0,12.116299999999995,6.513508139926843,8.457926663085704,14.971434803012547
204,2025,Seydou Traore,Iowa,79,So,2926.0,13.350400000000008,8.721494066846274,6.248501436975911,14.969995503822185
205,2025,Jaden Bradley,Arizona,75,Jr,3539.0,17.3005,10.615023757436223,4.323623443619726,14.93864720105595
206,2025,AJ Storr,Kansas,79,Jr,2239.0,14.809200000000004,6.904955092616374,8.02297348590735,14.927928578523725
207,2025,Ace Baldwin Jr.,Penn State,72,Sr,6258.0,8.403300000000002,9.478078672517693,5.443907694068991,14.921986366586683
208,2025,Kyle Cuffe Jr.,Syracuse,74,Jr,598.0,8.4024,5.291951149415129,9.578847231143662,14.870798380558792
209,2025,Dalton Banks,Illinois State,74,Sr,2942.0,-0.37409999999999854,5.930114857165198,8.92091307551163,14.851027932676828
210,2025,Wilhelm Breidenbach,Washington,82,Sr,2904.0,14.259,10.350195176887379,4.48965255996634,14.83984773685372
211,2025,Taj DeGourville,San Diego State,77,Fr,1655.0,7.6640000000000015,4.817254506056917,9.948756979246689,14.766011485303606
212,2025,RJ Melendez,Mississippi State,79,Sr,2556.0,15.1147,10.991148456353583,3.7333272897619167,14.7244757461155
213,2025,Carter Gilmore,Wisconsin,79,Sr,1743.0,15.069799999999987,0.211392881892273,14.508669486066765,14.720062367959038
214,2025,Malik Dia,Ole Miss,81,Jr,2050.0,16.668099999999995,10.490673646265373,4.20352893073027,14.694202576995643
215,2025,Benny Williams,UCF,81,Sr,1416.0,10.106099999999998,10.932013453174761,3.7590019615971877,14.691015414771948
216,2025,Jalon Moore,Oklahoma,79,Sr,3067.0,13.870599999999996,2.8479265976808157,11.828538664074909,14.676465261755725
217,2025,Gabe Spinelli,Chicago State,75,Jr,5696.0,-3.4829000000000008,9.946252768324749,4.7050389225837215,14.65129169090847
218,2025,Zoom Diallo,Washington,76,Fr,4431.0,12.187600000000003,5.34778847879931,9.243522657073202,14.591311135872512
219,2025,Jaxson Robinson,Kentucky,78,Sr,2139.0,14.76379999999999,4.402815533989001,10.17648288369336,14.579298417682361
220,2025,Fidelis Okereke,Cal State Bakersfield,78,Sr,4876.0,-2.3815000000000026,0.547773268470241,14.009994878276189,14.55776814674643
221,2025,Ernest Udeh Jr.,TCU,83,Jr,2332.0,13.923600000000008,6.476702455344522,8.063459098510222,14.540161553854745
222,2025,Nique Clifford,Colorado State,78,Sr,3402.0,6.389700000000005,6.894258457927024,7.629497024272198,14.523755482199222
223,2025,Langston Love,Baylor,77,Jr,1331.0,15.561899999999994,7.231730101270264,7.290086257719136,14.521816358989401
224,2025,Petar Majstorovic,Syracuse,80,Fr,917.0,9.909999999999997,1.4236723423037656,13.084151054652457,14.507823396956223
225,2025,Jalen Leach,Northwestern,76,Sr,4312.0,10.375899999999987,6.827432015467011,7.646719375035282,14.474151390502293
226,2025,D'Marco Dunn,Penn State,77,Sr,4045.0,10.883700000000005,9.260296516735075,5.2034040398241,14.463700556559175
227,2025,J.R. Konieczny,Notre Dame,79,Sr,2954.0,7.044600000000003,12.459613459388615,1.9970030522540707,14.456616511642686
228,2025,Jalen Washington,North Carolina,82,Jr,1614.0,11.236800000000002,6.675366739499608,7.773453708410511,14.44882044791012
229,2025,Oswin Erhunmwunse,Providence,82,Fr,3656.0,10.314899999999994,3.1948780512111066,11.253506419043566,14.448384470254673
230,2025,Cole Henry,Wyoming,81,Jr,3442.0,3.5874000000000024,9.785331399828479,4.595439955445332,14.380771355273811
231,2025,Derek Fountain,LSU,82,Sr,2052.0,9.586600000000004,3.6405288712287005,10.700217104207866,14.340745975436565
232,2025,Simeon Wilcher,St. John's,76,So,5002.0,9.029899999999998,1.8348784688562012,12.459531429956336,14.294409898812537
233,2025,Coleman Hawkins,Kansas State,82,Sr,5838.0,11.109800000000007,4.807551877955933,9.413126608441914,14.220678486397848
234,2025,Owen Freeman,Iowa,82,So,3780.0,8.691400000000002,8.830569445616877,5.374477226663506,14.205046672280384
235,2025,Bent Leuchten,UC Irvine,84,Sr,2867.0,0.6000999999999976,-1.4305373160463457,15.627575102914546,14.1970377868682
236,2025,Tyree Ihenacho,Washington,76,Sr,3832.0,12.2222,6.5175016675470046,7.667949359027608,14.185451026574611
237,2025,Jaylen Carey,Vanderbilt,80,So,1964.0,12.049999999999997,7.645225431613642,6.514569616694436,14.159795048308077
238,2025,Jonas Aidoo,Arkansas,83,Sr,1586.0,16.27579999999999,3.372477204835186,10.754219759748093,14.126696964583278
239,2025,Robbie Avila,Saint Louis,82,So,2998.0,3.232600000000005,9.280163528540795,4.831966177171269,14.112129705712064
240,2025,Jahmyl Telfort,Butler,79,Sr,3229.0,10.952799999999996,12.453508727983433,1.6584006757138154,14.111909403697249
241,2025,Zakai Zeigler,Tennessee,69,Sr,2867.0,15.374299999999991,2.714681062874402,11.392531934470874,14.107212997345275
242,2025,Hassan Diarra,UConn,74,Sr,2629.0,11.266199999999998,10.745065325494084,3.3538624351053494,14.098927760599434
243,2025,Jalen Celestine,Baylor,79,Sr,1983.0,15.203300000000013,6.152762292276076,7.899287342572062,14.052049634848139
244,2025,Tre White,Illinois,79,Jr,2240.0,15.809300000000007,7.426033385473109,6.6077787261129135,14.033812111586023
245,2025,Cam Carter,LSU,75,Sr,6622.0,12.107800000000012,5.051770145675188,8.890636036718305,13.942406182393494
246,2025,Jeremy Roach,Baylor,74,Sr,2282.0,16.72850000000001,8.215551095861855,5.6969659887097635,13.912517084571618
247,2025,Zach Martini,Rutgers,79,Sr,3070.0,10.90570000000001,6.308715749177999,7.576321130280416,13.885036879458415
248,2025,Skyy Clark,UCLA,75,Jr,2417.0,12.684200000000004,5.453435199076473,8.37982403822483,13.833259237301304
249,2025,Ethan Butler,Northern Illinois,79,Jr,3386.0,-6.3999999999999915,8.158391456885935,5.635755654876492,13.794147111762427
250,2025,Aden Holloway,Alabama,73,So,2479.0,19.065699999999993,7.504125693191993,6.265902272846645,13.770027966038638
251,2025,Ansley Almonor,Kentucky,79,Sr,1482.0,15.619099999999989,7.7727846741544315,5.959567117162275,13.732351791316706
252,2025,Maurice Vassel,Maryland Eastern Shore,81,Fr,2768.0,0.18079999999999075,9.376988572370772,4.350053079833004,13.727041652203777
253,2025,Andre Screen,Butler,85,Sr,1905.0,11.708399999999997,3.891877955090266,9.81000907819813,13.701887033288395
254,2025,Kyan Evans,Colorado State,74,So,2670.0,6.309799999999996,8.490910138013088,5.205871551588526,13.696781689601615
255,2025,Arthur Kaluma,Texas,79,Sr,2695.0,11.418199999999999,3.2562727947227312,10.433563695567585,13.689836490290316
256,2025,Ty Berry,Northwestern,75,Sr,5424.0,12.542999999999992,8.47412114269678,5.214218452754567,13.688339595451348
257,2025,Arturo Dean,Oklahoma State,71,Jr,2430.0,11.422300000000007,5.5324209284563715,8.131718966670782,13.664139895127153
258,2025,Tomas Thrastarson,Washington State,78,Fr,1829.0,4.173299999999998,3.3655065046377075,10.288030999078366,13.653537503716073
259,2025,Kebba Njie,Notre Dame,82,Jr,4354.0,6.107399999999998,2.4760850827320158,11.176866169383263,13.65295125211528
260,2025,Wayne McKinney III,San Diego State,72,Sr,1609.0,8.136499999999998,10.681247841733516,2.95638513759004,13.637632979323556
261,2025,Julian Larry,Texas,75,Sr,2074.0,9.037500000000009,7.295946166002972,6.341020057000297,13.63696622300327
262,2025,Nimari Burnett,Michigan,77,Sr,2678.0,16.4054,9.128395721591549,4.497916531557204,13.626312253148752
263,2025,Dakota Leffew,Georgia,76,Sr,2383.0,12.005700000000004,7.053758013932422,6.5406801982560685,13.59443821218849
264,2025,Adrian Wooley,Kennesaw State,77,Fr,6866.0,2.710800000000006,12.078598808776723,1.5086595562016807,13.587258364978403
265,2025,Oumar Ballo,Indiana,84,Sr,5446.0,14.559300000000007,-1.4067277400210143,14.969170371448197,13.562442631427182
266,2025,Javon Ruffin,Colorado,77,Jr,2005.0,13.822400000000002,7.8729902184972556,5.679982504598165,13.55297272309542
267,2025,TJ Bamba,Oregon,77,Sr,2693.0,14.722400000000007,4.5393587894683485,9.002172699439134,13.541531488907482
268,2025,Lazar Stefanovic,UCLA,79,Sr,1581.0,11.056799999999996,3.907261493405005,9.613176090421167,13.520437583826173
269,2025,Alijah Martin,Florida,74,Sr,3160.0,14.794200000000004,0.32695980790602697,13.166122801557805,13.493082609463832
270,2025,Ian Smikle,Tulsa,82,Fr,1890.0,-2.2169999999999987,0.18482986110980004,13.300131913467649,13.48496177457745
271,2025,Enoch Boakye,Villanova,83,Sr,2026.0,7.819500000000005,0.7036106199751804,12.770185237806823,13.473795857782003
272,2025,Jared Billups,George Mason,76,Sr,2280.0,1.8337999999999965,2.427669113881038,11.041315731662964,13.468984845544002
273,2025,Chas Kelley III,Boston College,75,Jr,3413.0,2.8859999999999957,8.098153206922216,5.369553892978409,13.467707099900625
274,2025,Carson Towt,Northern Arizona,80,Sr,3458.0,-5.813900000000004,5.422698021635277,8.017443995893846,13.440142017529123
275,2025,Milan Momcilovic,Iowa State,80,So,2050.0,9.711500000000001,3.8675864566757308,9.56637086280331,13.433957319479042
276,2025,Sam Hoiberg,Nebraska,72,Jr,2335.0,12.400500000000008,8.583846241645332,4.820236671355499,13.404082913000831
277,2025,Assane Diop,Colorado,80,So,1500.0,11.170299999999997,2.194591836045978,11.190116550193071,13.38470838623905
278,2025,Mylik Wilson,Houston,75,Sr,1654.0,14.308099999999996,9.750087361633305,3.607586319220513,13.357673680853818
279,2025,Jazz Gardner,Pacific,84,So,3637.0,2.724099999999993,4.032799601878288,9.305140743025197,13.337940344903485
280,2025,Finley Bizjack,Butler,76,So,2600.0,11.526799999999994,9.740624324612114,3.585833144044905,13.326457468657019
281,2025,Zeke Mayo,Kansas,76,Sr,3872.0,16.2414,4.601692827495291,8.704967554131022,13.306660381626312
282,2025,Adou Thiero,Arkansas,78,Jr,2346.0,12.321100000000001,4.208683589435304,9.074122880450764,13.282806469886069
283,2025,Jarin Stevenson,Alabama,83,So,2139.0,19.342299999999994,6.513187999182476,6.694931617640504,13.20811961682298
284,2025,Josh Hubbard,Mississippi State,71,So,3506.0,14.432500000000005,8.361009038139594,4.840637169199843,13.201646207339437
285,2025,Kon Knueppel,Duke,79,Fr,3196.0,12.635000000000005,6.733194317960219,6.360866504574367,13.094060822534587
286,2025,Kadary Richmond,St. John's,78,Sr,6337.0,9.4332,4.115277799803327,8.94766774607085,13.062945545874179
287,2025,Malachi Smith,Dayton,72,Sr,2384.0,4.992800000000003,9.957918002940334,3.0871604906083308,13.045078493548665
288,2025,Tarris Reed Jr.,UConn,82,Jr,1927.0,9.894000000000005,8.510330420414938,4.517013306458237,13.027343726873175
289,2025,Dylan James,Georgia,81,So,1215.0,14.399200000000008,3.763303220627919,9.21504253686195,12.978345757489869
290,2025,Saint Thomas,USC,79,Sr,3283.0,12.460800000000006,5.839615922671481,7.110347799346002,12.949963722017483
291,2025,Tyler Johnson,Virginia Tech,77,Fr,4513.0,6.359899999999996,7.764946058442234,5.0836684047409015,12.848614463183136
292,2025,Kobe Elvis,Oklahoma,73,Sr,2278.0,11.089300000000009,5.434215067167224,7.374672604623111,12.808887671790334
293,2025,Manny Obaseki,Texas A&M,76,Sr,1550.0,14.7106,4.747689762814941,8.057553929568115,12.805243692383057
294,2025,Evan Otten,Idaho State,83,Fr,3998.0,-3.9950000000000045,-2.8904274032210373,15.69500562111143,12.804578217890393
295,2025,Mawot Mag,BYU,79,Sr,1691.0,14.463799999999992,10.449809269712684,2.3528951326018035,12.802704402314488
296,2025,Asa Newell,Georgia,83,Fr,2745.0,14.2132,4.496495972858341,8.298512708967152,12.795008681825493
297,2025,Dain Dainja,Memphis,81,Sr,2493.0,6.277799999999999,12.484678988423946,0.3076101902973738,12.792289178721319
298,2025,Connor Essegian,Nebraska,76,Jr,2292.0,11.10159999999999,1.5968263869599948,11.181647190629459,12.778473577589454
299,2025,Egor Demin,BYU,81,Fr,2444.0,12.603199999999987,4.529023437381747,8.24273455977908,12.771757997160828
300,2025,Jahmai Mashack,Tennessee,76,Sr,2473.0,15.438199999999995,2.0706233387017803,10.6971173769999,12.767740715701681
301,2025,Essam Mostafa,Middle Tennessee,81,Sr,2507.0,3.0161999999999978,6.439207793888745,6.313312641875334,12.75252043576408
302,2025,Zvonimir Ivisic,Arkansas,86,So,2021.0,13.06580000000001,5.549085726292306,7.198053773305717,12.747139499598024
303,2025,Boogie Fland,Arkansas,75,Fr,2061.0,7.669899999999998,6.513099947659212,6.211575191808288,12.7246751394675
304,2025,Boopie Miller,SMU,72,So,2376.0,4.872900000000001,7.266736112873892,5.455441852422987,12.72217796529688
305,2025,Connor Hollenbeck,Idaho State,79,Sr,5218.0,-4.444299999999998,2.5153244748083416,10.194371195646287,12.709695670454629
306,2025,Parsa Fallah,Oregon State,81,Jr,2133.0,1.3111999999999995,7.467683676980715,5.233668644432286,12.701352321413001
307,2025,James Scott,Louisville,83,So,2287.0,10.365300000000005,7.752506478189072,4.923536958764733,12.676043436953805
308,2025,Kalifa Sakho,Sam Houston,83,Jr,2303.0,3.515500000000003,0.4415531685808807,12.230666911156426,12.672220079737308
309,2025,Jeremiah Williams,Rutgers,76,Sr,4304.0,13.12809999999999,7.948744030975146,4.710430743315449,12.659174774290594
310,2025,Derik Queen,Maryland,82,Fr,3197.0,12.42479999999999,4.91157989017134,7.7472300278943695,12.65880991806571
311,2025,Dji Bailey,LSU,77,Sr,6188.0,11.392899999999997,5.352527266893678,7.2879637694842705,12.640491036377949
312,2025,Andrej Jakimovski,Colorado,80,Sr,2765.0,12.022099999999995,-0.04613212151307966,12.662957959772509,12.61682583825943
313,2025,Glenn Taylor Jr.,Oklahoma,78,Sr,1949.0,10.933400000000006,4.673772015281136,7.934849306876062,12.608621322157198
314,2025,Rubin Jones,Michigan,77,Sr,1846.0,17.9837,6.504576162445055,6.0512614304155905,12.555837592860644
315,2025,Davon Barnes,Ole Miss,76,Sr,1995.0,14.2594,4.955728279507598,7.594149353471539,12.549877632979136
316,2025,Mike Sharavjamts,Utah,81,Jr,2144.0,7.419300000000007,0.39146443939844655,12.15005863953471,12.541523078933157
317,2025,Jefferson Koulibaly,Pacific,75,Jr,5294.0,2.183099999999996,1.6850532250397243,10.851808941822673,12.536862166862397
318,2025,Ryan Kalkbrenner,Creighton,85,Sr,3271.0,13.09320000000001,1.5368730635676107,10.977211630661326,12.514084694228938
319,2025,Japhet Medor,Fordham,71,Sr,6344.0,0.8354999999999961,3.5863826112697454,8.922190723407455,12.508573334677202
320,2025,Toby Okani,West Virginia,80,Sr,5246.0,13.601399999999998,6.9619817395986505,5.528470838497578,12.490452578096228
321,2025,Khani Rooths,Louisville,80,Fr,1330.0,9.42049999999999,4.783101686938684,7.68614886557489,12.469250552513575
322,2025,Baye Ndongo,Georgia Tech,81,So,2913.0,6.633899999999997,2.624015899212775,9.836638493503852,12.460654392716627
323,2025,Chudi Dioramma,Sacramento State,82,Fr,2265.0,-4.173000000000002,2.075777894306137,10.31385037293016,12.389628267236297
324,2025,Mekhi Mason,Washington,77,Jr,4457.0,12.227899999999991,5.4579589474601935,6.895967275782523,12.353926223242716
325,2025,Emanuel Sharp,Houston,75,Jr,2408.0,17.308099999999996,6.460820308571293,5.852789749591732,12.313610058163025
326,2025,Nordin Kapic,UC San Diego,80,Jr,2297.0,-0.6878999999999991,4.8218791675975305,7.411166482445735,12.233045650043266
327,2025,Jamiya Neal,Creighton,77,Sr,3370.0,12.642600000000002,9.1024452501979,3.0955791516602265,12.198024401858126
328,2025,Ladji Dembele,Iowa,80,So,3226.0,10.143900000000002,2.3155887180414156,9.875985955213515,12.19157467325493
329,2025,Duke Miles,Oklahoma,74,Sr,2626.0,11.02000000000001,9.773432178593527,2.385955102879293,12.15938728147282
330,2025,Great Osobor,Washington,80,Sr,5634.0,12.164000000000001,8.657028606998997,3.5017398198227174,12.158768426821714
331,2025,Kerwin Walton,Texas Tech,77,Sr,1597.0,9.973399999999998,9.093599589389278,3.0540446483011143,12.147644237690393
332,2025,Max Klesmit,Wisconsin,76,Sr,2365.0,13.154699999999991,7.5572956663468585,4.568086427803928,12.125382094150787
333,2025,Prince Aligbe,Seton Hall,79,Jr,2033.0,9.368399999999994,8.819135577031435,3.3055125101433034,12.124648087174739
334,2025,Zaide Lowery,Marquette,77,So,1196.0,9.781299999999987,3.950970936178637,8.165121445155597,12.116092381334234
335,2025,Moustapha Thiam,UCF,86,Fr,2808.0,12.657600000000002,0.5553671823485358,11.544318469447553,12.09968565179609
336,2025,Dillon Mitchell,Cincinnati,80,Jr,2862.0,10.6554,6.290479357920835,5.755618049730429,12.046097407651263
337,2025,Tylan Pope,Texas State,78,Sr,2261.0,-2.560600000000008,-0.0483430749671101,12.081674212803799,12.033331137836688
338,2025,Tayton Conerway,Troy,75,Sr,2862.0,-0.8098000000000098,6.530696858636381,5.486135655179282,12.016832513815665
339,2025,Taje' Kelly,Charleston Southern,79,Sr,6742.0,-0.4771999999999963,17.756301041780983,-5.791461314421829,11.964839727359154
340,2025,Elliot Cadeau,North Carolina,73,So,2882.0,12.823900000000009,4.079465361723219,7.821674886110206,11.901140247833425
341,2025,Christopher Flippin,Maryland Eastern Shore,80,Jr,4874.0,-2.079099999999997,7.219037924877815,4.663303680937857,11.882341605815672
342,2025,Guillermo Diaz Graham,Pittsburgh,84,Jr,4296.0,8.131500000000003,1.3211017963376899,10.560477626504987,11.881579422842677
343,2025,Brycen Goodine,Oklahoma,76,Sr,1986.0,16.39330000000001,1.8487828558698762,9.943728523419598,11.792511379289474
344,2025,Chansey Willis Jr.,Western Michigan,74,Jr,4702.0,-3.257099999999994,5.790825506455959,5.999695103577014,11.790520610032972
345,2025,Raysean Seamster,UT Arlington,80,Jr,4376.0,-0.6389999999999958,11.634988789503343,0.15055368936828062,11.785542478871623
346,2025,Isaiah Lewis,Little Rock,75,So,5644.0,-7.6691,3.4155277383308107,8.354519134469593,11.770046872800403
347,2025,Jase Richardson,Michigan State,75,Fr,2441.0,14.2821,4.346824404649226,7.409691365820885,11.756515770470111
348,2025,C.J. O'Hara,Green Bay,76,Fr,2420.0,-1.2291000000000025,10.778333380708288,0.956578621534242,11.73491200224253
349,2025,Pharaoh Compton,San Diego State,80,Fr,1131.0,9.197900000000004,4.067892382784382,7.665589967807983,11.733482350592364
350,2025,Connor Turnbull,Evansville,82,So,4210.0,0.8376999999999981,3.135773091888296,8.591920078447377,11.727693170335673
351,2025,Jonathan Pierre,Belmont,81,Sr,5747.0,0.04550000000000409,7.03602215114196,4.683279048930806,11.719301200072767
352,2025,L.J. Cryer,Houston,73,Sr,3185.0,17.081500000000005,4.535720906638761,7.181833174135955,11.717554080774715
353,2025,O'Mar Stanley,Boise State,80,Sr,1747.0,5.520200000000003,4.206488821717152,7.439854158174162,11.646342979891315
354,2025,Luke Bamgboye,VCU,82,Fr,1505.0,1.9603000000000037,2.572777028049372,9.066914901297627,11.639691929346998
355,2025,Sam Godwin,Oklahoma,82,Sr,1859.0,10.397800000000004,7.306579393795703,4.322977870997216,11.629557264792918
356,2025,Elijah Hutchins-Everett,James Madison,83,Sr,4588.0,-1.921199999999999,4.106490465350592,7.509544454457155,11.616034919807745
357,2025,Tyler Tanner,Vanderbilt,72,Fr,1934.0,11.531900000000007,8.514546509976878,3.101364013501286,11.615910523478163
358,2025,Mor Seck,Fresno State,85,Jr,2756.0,4.6982,-0.3480581506880842,11.961798563578698,11.613740412890614
359,2025,Justice Ajogbor,Saint Joseph's,82,Sr,1958.0,1.0305000000000035,0.5832539730459334,11.014331373642808,11.59758534668874
360,2025,Matas Vokietaitis,Florida Atlantic,84,Fr,1888.0,2.6321000000000083,3.5169482080682184,8.065682603576747,11.582630811644965
361,2025,Peter Filipovity,New Mexico State,79,Sr,4828.0,2.4591999999999956,8.497975303100937,3.070897787960564,11.568873091061501
362,2025,Breon Pass,NC State,72,Sr,1589.0,2.521000000000001,6.974610859926389,4.593121315966213,11.567732175892601
363,2025,Dante Maddox Jr.,Xavier,74,Sr,1756.0,9.356200000000001,3.3843393775206962,8.161156753109516,11.545496130630212
364,2025,Moussa Cisse,Memphis,84,Sr,1712.0,6.940700000000007,2.7626279977233583,8.77770367250876,11.540331670232119
365,2025,Adam Miller,Arizona State,75,Sr,2480.0,15.096699999999998,5.045843842251621,6.48193712301236,11.52778096526398
366,2025,Luis Kortright,Washington,75,Sr,1814.0,11.804699999999997,4.589723269812128,6.925086279308292,11.514809549120422
367,2025,Trey Galloway,Indiana,77,Sr,5422.0,14.869200000000006,9.39953979463001,2.1067900477541075,11.506329842384119
368,2025,Isaac Traudt,Creighton,82,So,1746.0,10.8279,3.137200201137498,8.36060698532855,11.497807186466048
369,2025,Luke Goode,Indiana,79,Sr,5072.0,15.26570000000001,0.590340254778182,10.839191313274508,11.42953156805269
370,2025,Guy Ragland Jr.,Cornell,80,Sr,4196.0,-2.438199999999995,0.9932521236039569,10.42294899663841,11.416201120242368
371,2025,C.J. Cox,Purdue,75,Fr,1785.0,16.807599999999994,4.917316023719382,6.4834569251105645,11.400772948829946
372,2025,Silas Sunday,Hofstra,84,Jr,2674.0,-2.7741000000000042,4.5829702035714055,6.808019902358646,11.390990105930051
373,2025,Rich Smith,Abilene Christian,76,Jr,3898.0,-1.167900000000003,9.840767594723589,1.5129959518226768,11.353763546546265
374,2025,Aaron Bradshaw,Ohio State,85,So,2102.0,13.787599999999998,-0.617122109318136,11.95043116881558,11.333309059497445
375,2025,Scotty Middleton,Seton Hall,78,So,1677.0,10.045299999999997,9.546505029537634,1.786180828360433,11.332685857898067
376,2025,Ques Glover,Ohio State,72,Sr,2206.0,15.731700000000004,6.139784220632345,5.191612965380354,11.3313971860127
377,2025,Brandon Noel,Wright State,80,Jr,6799.0,-2.5263999999999953,4.521463970442722,6.791750076925873,11.313214047368596
378,2025,Tony Perkins,Missouri,76,Sr,2097.0,13.96090000000001,9.125099807847288,2.170828537465531,11.29592834531282
379,2025,Oscar Cluff,South Dakota State,83,Sr,2514.0,-1.569199999999995,-0.2015999932532253,11.497419181850969,11.295819188597743
380,2025,Rashaud Marshall,Arkansas State,80,So,1731.0,-0.4771000000000072,4.475449729271072,6.799116765849232,11.274566495120304
381,2025,Dallin Hall,BYU,75,Jr,2096.0,13.352199999999996,5.924042396909224,5.338749200584778,11.262791597494001
382,2025,Harry Wessels,Saint Mary's,85,Jr,1147.0,8.204899999999995,-0.5868233243622849,11.819912614568317,11.233089290206031
383,2025,Chaunce Jenkins,Seton Hall,76,Sr,1303.0,3.268900000000002,1.9336581881691741,9.272875795822202,11.206533983991376
384,2025,Andrej Stojakovic,California,79,So,5726.0,6.691999999999993,7.945435893959641,3.252525853017199,11.19796174697684
385,2025,Donnie Freeman,Syracuse,81,Fr,1138.0,5.254300000000001,3.226641811940086,7.971151801355664,11.197793613295751
386,2025,Chisom Okpara,Stanford,80,Jr,1483.0,3.5444999999999993,6.545244263896536,4.630488799057474,11.17573306295401
387,2025,Noah Amenhauser,Coastal Carolina,86,So,4069.0,-5.864699999999999,3.9039154105158147,7.269855280783865,11.17377069129968
388,2025,Jamai Felt,Bowling Green,82,Fr,3898.0,-5.76639999999999,0.33126456004565163,10.822170444184533,11.153435004230184
389,2025,Jaylen Washington,UT Rio Grande Valley,82,Jr,1643.0,11.236800000000002,8.790671365705299,2.353503235791397,11.144174601496696
390,2025,Pharrel Payne,Texas A&M,81,Jr,1861.0,16.6023,0.6693274241740061,10.46815157776747,11.137479001941475
391,2025,Wesley Yates III,USC,76,Fr,2859.0,14.160800000000009,5.6761621819231785,5.451545507075488,11.127707688998665
392,2025,Hunter Sallis,Wake Forest,77,Sr,6234.0,8.035300000000007,6.716031898771451,4.37105410299947,11.08708600177092
393,2025,J.J. Starling,Syracuse,76,Jr,2460.0,7.277499999999989,5.101736881014654,5.974462136983028,11.076199017997682
394,2025,Bensley Joseph,Providence,74,Sr,5596.0,8.85199999999999,1.5432056172545248,9.52061830642565,11.063823923680175
395,2025,Dylan Addae-Wusu,Seton Hall,76,Sr,1884.0,8.72250000000001,7.941475377792797,3.1210001991718017,11.062475576964598
396,2025,Jaydon Young,Virginia Tech,76,So,3885.0,6.528800000000004,3.9287912703229093,7.122548551559517,11.051339821882426
397,2025,Trey Bonham,Chattanooga,72,Sr,3347.0,-0.9095999999999975,9.911248371964636,1.1356963910545201,11.046944763019155
398,2025,Sion James,Duke,78,Jr,2702.0,12.1678,5.377099435468611,5.655945449015972,11.033044884484582
399,2025,Camden Heide,Purdue,79,So,1801.0,16.786999999999992,6.391228110609676,4.622998168356918,11.014226278966593
400,2025,Corey Camper Jr.,UTEP,77,Sr,5818.0,2.620199999999997,4.739957951379567,6.267181839397422,11.00713979077699
401,2025,Denzel Aberdeen,Florida,77,Jr,2168.0,15.116299999999995,4.1359260059258975,6.855288186861649,10.991214192787545
402,2025,Ezra Ausar,Utah,81,Jr,2101.0,9.763599999999997,4.909961514702637,6.064481946058513,10.974443460761151
403,2025,Josh Dix,Iowa,78,Jr,6588.0,12.978300000000004,6.062647591250271,4.883297964408019,10.945945555658291
404,2025,Kyle Marshall,Air Force,76,Fr,4500.0,5.839700000000008,9.81409872352771,1.1199349191256796,10.93403364265339
405,2025,Javan Buchanan,Boise State,79,Jr,2102.0,5.594400000000007,4.8030777161208,6.12321114621738,10.926288862338179
406,2025,Brice Williams,Nebraska,79,Sr,3513.0,12.478199999999987,6.419926683978774,4.472429782114597,10.892356466093371
407,2025,Elijah Saunders,Virginia,80,Jr,4240.0,8.495400000000004,-2.771296230820142,13.631849361506644,10.860553130686501
408,2025,Richie Saunders,BYU,77,Jr,2798.0,13.024199999999993,8.247840766777013,2.5563312264962863,10.8041719932733
409,2025,Amari McCottry,Saint Louis,78,Fr,1373.0,1.725999999999999,11.529280292683364,-0.744992778075818,10.784287514607545
410,2025,Karter Knox,Arkansas,78,Fr,2393.0,14.325299999999999,6.264303730194336,4.489383481509224,10.75368721170356
411,2025,Scooter Williams,East Texas A&M,77,Jr,4670.0,-0.102800000000002,5.235176346793173,5.493584899990704,10.728761246783877
412,2025,Jordan Riley,East Carolina,76,Sr,6154.0,-1.0745000000000005,4.527380024659893,6.19782535318998,10.725205377849873
413,2025,Elijah Mahi,Santa Clara,79,Jr,2148.0,4.738100000000003,5.1429584053190425,5.5783191535678665,10.721277558886909
414,2025,Treysen Eaglestaff,North Dakota,78,Jr,6930.0,-1.1510999999999996,5.156597793556726,5.549465920635361,10.706063714192087
415,2025,Joson Sanon,Arizona State,77,Fr,2126.0,14.44359999999999,4.190932428216534,6.511268422771999,10.702200850988532
416,2025,Jeff Woodward,Colgate,83,Sr,4197.0,-8.679199999999994,-1.4654946316373962,12.165974553085185,10.700479921447789
417,2025,Darius Johnson,UCF,73,Sr,3793.0,11.826999999999998,7.234280610410785,3.461508277248506,10.69578888765929
418,2025,Josh Cohen,USC,82,Sr,1242.0,10.176999999999992,2.4251067877227226,8.265809212371598,10.69091600009432
419,2025,Milos Ilic,Loyola Maryland,82,Sr,4972.0,-8.747100000000003,9.467033880337627,1.197243297396767,10.664277177734395
420,2025,Zawdie Jackson,New Mexico State,71,Sr,5060.0,1.8741999999999877,6.308277523035666,4.309238853639962,10.617516376675628
421,2025,Jabe Mullins,Montana State,78,Sr,5192.0,-2.3273999999999972,5.675737935598948,4.938326885482385,10.614064821081334
422,2025,Ian Schieffelin,Clemson,80,Sr,2932.0,8.460799999999992,-1.2114102060232446,11.824907194255546,10.613496988232303
423,2025,Errol White,Lamar,79,Sr,3742.0,-1.8538000000000068,4.142411900377441,6.460648499109027,10.603060399486468
424,2025,Tyson Degenhart,Boise State,80,Sr,3301.0,7.238399999999999,4.350369028821529,6.241814926589042,10.59218395541057
425,2025,Ryan Nembhard,Gonzaga,72,Sr,3563.0,8.440100000000001,4.110729591095302,6.462394677584976,10.573124268680278
426,2025,Tomiwa Sulaiman,Towson,78,Sr,2010.0,-1.6298999999999921,3.2496322414367764,7.318458277447316,10.568090518884093
427,2025,Trevon Brazile,Arkansas,82,Jr,1813.0,15.105900000000005,4.559601171501489,5.99390489800912,10.55350606951061
428,2025,Samson Johnson,UConn,82,Sr,1693.0,9.114099999999993,5.656354232940761,4.892379011827206,10.548733244767966
429,2025,Drew Fielder,Georgetown,83,So,2166.0,6.628600000000006,1.1829161412423035,9.359836566674431,10.542752707916735
430,2025,Caleb Love,Arizona,76,Sr,3541.0,17.004599999999996,6.80643444420561,3.709403978034776,10.515838422240385
431,2025,Matthew Cleveland,Miami,79,Sr,5141.0,6.692299999999989,8.432539605388907,2.0329401953120496,10.465479800700956
432,2025,Josh Jones,Oral Roberts,82,So,3329.0,1.0124999999999886,2.8311841063337697,7.63413546152984,10.46531956786361
433,2025,Kadin Shedrick,Texas,83,Sr,2478.0,12.24860000000001,1.1672002799568322,9.287537635898257,10.45473791585509
434,2025,Joshua Hughes,Evansville,82,So,5880.0,1.073999999999998,-6.356649052362953,16.807475893114734,10.45082684075178
435,2025,Mady Sissoko,California,81,Sr,5104.0,6.343899999999991,4.954263903839141,5.473050689636979,10.42731459347612
436,2025,Jamil Miller,Kennesaw State,78,Fr,5308.0,2.660899999999998,4.685345929444519,5.728682410907445,10.414028340351965
437,2025,Sai Witt,Austin Peay,80,Sr,2800.0,-1.8068000000000097,7.8985489010453165,2.5151383024521854,10.413687203497503
438,2025,Chance McMillian,Texas Tech,74,Sr,2931.0,10.541699999999992,3.5072467790376063,6.8915509532506904,10.398797732288298
439,2025,Nick Boyd,San Diego State,75,Sr,2583.0,8.977400000000003,11.02129037454496,-0.6762462383764403,10.345044136168521
440,2025,Josh Taylor,East Texas A&M,80,Sr,4100.0,-0.5445999999999884,3.145215341080279,7.194491942371147,10.339707283451425
441,2025,Luke Northweather,Oklahoma,83,So,968.0,15.881,-1.5127497586145822,11.829235503651281,10.3164857450367
442,2025,Boubacar Coulibaly,Pepperdine,82,Sr,5933.0,2.380600000000001,1.4407725040086885,8.86987136722389,10.310643871232578
443,2025,Sam Lewis,Toledo,78,So,3218.0,-1.7990999999999957,2.975579180590196,7.333925964526255,10.30950514511645
444,2025,Kenny White Jr.,Morehead State,79,Sr,5450.0,-6.9702000000000055,2.6422147688944495,7.6633715480604785,10.305586316954928
445,2025,Layden Blocker,DePaul,74,So,2205.0,9.493300000000005,2.619759598898267,7.685386979344781,10.305146578243047
446,2025,Ryan Mela,Providence,78,Fr,3302.0,10.225099999999998,8.346061391622598,1.947757630448827,10.293819022071425
447,2025,Yacine Toumi,Seton Hall,82,Sr,1292.0,7.267700000000005,7.035579506996535,3.252201430587592,10.287780937584127
448,2025,Darius Hannah,Bradley,81,Sr,3057.0,0.9553999999999974,1.03604033569493,9.244300017315142,10.280340353010072
449,2025,Carson Cooper,Michigan State,83,Jr,1709.0,14.875500000000002,-0.9310327937114895,11.194916934737618,10.263884141026129
450,2025,Hayden Hefner,Texas A&M,78,Sr,1401.0,15.997199999999992,4.279532561743405,5.958686327400332,10.238218889143738
451,2025,Elijah Jones,UTEP,80,So,1976.0,2.6462000000000074,5.40187727398209,4.823156927084756,10.225034201066846
452,2025,Josh Reed,Cincinnati,79,Jr,1593.0,11.684200000000004,5.584438123210737,4.5720458342910995,10.156483957501838
453,2025,Blake Buchanan,Virginia,83,So,3740.0,8.792299999999997,5.121059517941243,5.022163481178318,10.14322299911956
454,2025,Steven Ashworth,Creighton,72,Sr,3493.0,12.566099999999992,4.468429142420934,5.6557763003589026,10.124205442779836
455,2025,J'Vonne Hadley,Louisville,78,Sr,3181.0,10.4131,8.446327069338208,1.653064615694361,10.099391685032568
456,2025,Grant Huffman,Vanderbilt,75,Sr,1518.0,7.564599999999999,5.476182547417549,4.61195782516398,10.08814037258153
457,2025,Keshon Gilbert,Iowa State,76,Sr,2841.0,9.76039999999999,3.4724647200824093,6.608423932344383,10.080888652426793
458,2025,Cameron Corhen,Pittsburgh,82,Jr,5212.0,9.24600000000001,5.384201844992289,4.684954190063079,10.069156035055368
459,2025,Keba Keita,BYU,80,Jr,1977.0,13.276899999999998,3.3610015005456586,6.698333635501658,10.059335136047316
460,2025,Jacobi Wright,South Carolina,74,Sr,2562.0,14.407399999999996,2.3896799913052758,7.652267289159039,10.041947280464315
461,2025,Terrance Arceneaux,Houston,78,Jr,2054.0,13.060000000000002,8.58412665419893,1.4458203292110374,10.029946983409967
462,2025,Kolby King,Butler,74,Jr,1696.0,11.340500000000006,8.081509537138833,1.9454224434598997,10.026931980598732
463,2025,Torey Alston,Middle Tennessee,80,Fr,1996.0,2.6983000000000033,5.328104149479984,4.681534318996925,10.009638468476908
464,2025,Silas Demary Jr.,Georgia,77,So,2945.0,14.017800000000008,3.54430514051638,6.458874196083617,10.003179336599997
465,2025,Dwayne Koroma,Le Moyne,80,Jr,5384.0,-7.997399999999999,6.518488032034746,3.465273208023209,9.983761240057955
466,2025,Kyran Ratliff,Louisiana,80,So,3893.0,-0.6362999999999914,1.1017566652938118,8.859824638726762,9.961581304020573
467,2025,Nate Heise,Iowa State,77,Sr,2101.0,12.940100000000001,4.446036487165006,5.512865453301897,9.958901940466903
468,2025,Brandon Love,Nevada,82,Sr,2786.0,4.82820000000001,5.520057707374246,4.435479996158766,9.955537703533011
469,2025,Jayden Nunn,Baylor,76,Sr,2656.0,15.591799999999992,2.31899191135468,7.62721094454657,9.94620285590125
470,2025,Myles Colvin,Purdue,77,So,1642.0,16.1738,1.7378397712846754,8.20209111346805,9.939930884752727
471,2025,Kyler Filewich,Wofford,81,Sr,2750.0,-0.0549000000000035,6.499327261529446,3.432004292604136,9.931331554133582
472,2025,KJ Tenner,West Virginia,72,Fr,2188.0,9.564999999999998,3.42407741129891,6.506837292987129,9.930914704286039
473,2025,Mister Dean,South Carolina Upstate,78,Fr,4879.0,-1.8778999999999968,8.929213520029192,0.985332822394335,9.914546342423527
474,2025,Kamari McGee,Wisconsin,72,Sr,2150.0,12.951400000000007,7.2219944698048915,2.6773470927139105,9.899341562518803
475,2025,Landon Moore,Butler,75,Jr,1492.0,11.484899999999996,5.645142832226355,4.241434056472243,9.886576888698599
476,2025,Joshua Ola-Joseph,California,79,Jr,2642.0,3.214199999999991,7.266792281530001,2.584675364982534,9.851467646512535
477,2025,Jamyron Keller,Oklahoma State,75,So,2115.0,12.436299999999989,5.659960238335911,4.188228346538118,9.848188584874029
478,2025,Kylan Boswell,Illinois,74,Jr,3130.0,15.529799999999994,4.820138457222857,5.016042559335094,9.836181016557951
479,2025,Christian Henry,Eastern Michigan,75,Jr,6658.0,-4.9803,1.9240232306554113,7.842857694526803,9.766880925182214
480,2025,Madison Durr,Monmouth,77,Jr,5935.0,-1.8716000000000008,7.016272459761299,2.7483583369189484,9.764630796680247
481,2025,Tyler Perkins,Villanova,76,So,2354.0,7.0859999999999985,5.919986151967068,3.7567807404105777,9.676766892377646
482,2025,Jerald Colonel,Northwestern State,81,Jr,3420.0,0.3819000000000017,-3.135378578106912,12.740352959664564,9.604974381557653
483,2025,Christian Anderson,Texas Tech,74,Fr,2529.0,13.354799999999997,9.864937035000029,-0.2623664567100503,9.602570578289978
484,2025,Tyler Doyle,Bellarmine,77,Fr,4400.0,-4.768100000000004,11.144817589603454,-1.544317073209645,9.600500516393808
485,2025,Cooper Flagg,Duke,81,Fr,3337.0,12.0561,7.363154285368442,2.1901936669615765,9.553347952330018
486,2025,Rytis Petraitis,California,79,Jr,5380.0,5.997100000000003,7.973016433386481,1.55854762911447,9.531564062500951
487,2025,Ace Bailey,Rutgers,82,Fr,5888.0,14.578800000000001,-3.0190105408293597,12.524176872108193,9.505166331278833
488,2025,Miro Little,Utah,75,So,1703.0,6.835300000000004,0.6074193604235987,8.89606414928318,9.50348350970678
489,2025,Claudell Harris Jr.,Mississippi State,76,Sr,2482.0,13.246799999999993,5.054396422197422,4.431888560568655,9.486284982766076
490,2025,D.J. Wagner,Arkansas,75,So,3459.0,13.573999999999998,5.475419189523826,3.9865226856075893,9.461941875131416
491,2025,Robert Carpenter,New Mexico State,79,Sr,3540.0,1.7591999999999928,-1.2225625872385888,10.682967662932825,9.460405075694236
492,2025,Jaxon Kohler,Michigan State,81,Jr,2084.0,14.36800000000001,1.5608014986592469,7.895141580475791,9.455943079135038
493,2025,Henry Coleman III,Texas A&M,80,Sr,1970.0,16.211,6.139161604050595,3.275440779661275,9.41460238371187
494,2025,Nick Kern Jr.,Penn State,78,Sr,4852.0,9.483400000000003,10.488163401718122,-1.0894975817077022,9.39866582001042
495,2025,Matthew-Alexander Moncrieffe,Seattle U,80,Sr,2474.0,0.4012000000000029,5.638684609603519,3.7573264494779064,9.396011059081426
496,2025,Elijah Price,Fresno State,81,Fr,5740.0,4.330200000000005,0.9247204390425858,8.469416821638703,9.394137260681289
497,2025,Jack Collins,Monmouth,77,Jr,6657.0,-1.649000000000001,8.778000489781114,0.5941915267578759,9.372192016538989
498,2025,Jaden Daughtry,Indiana State,79,So,3744.0,0.821399999999997,10.14677191211074,-0.7833183076034573,9.363453604507283
499,2025,Rashaan Mbemba,Colorado State,79,So,1609.0,6.797000000000011,4.4833834799503975,4.87982276375878,9.363206243709177
500,2025,Will Tschetter,Michigan,80,Sr,1522.0,16.059300000000007,-0.28700290639271575,9.647354370947188,9.360351464554473
501,2025,Leland Coleman,New Orleans,80,Fr,2718.0,-1.948999999999998,3.889036780870369,5.461503645235121,9.35054042610549
502,2025,Andrew Holifield,Lamar,82,Jr,5950.0,-0.6983999999999924,2.3296987023512745,6.947159645194144,9.276858347545419
503,2025,Ben Hammond,Virginia Tech,71,Fr,3333.0,6.228200000000001,4.138851150224063,5.137667192493529,9.276518342717592
504,2025,C.J. Jones,Kansas State,77,Jr,3618.0,8.995400000000004,11.24347681115537,-1.968334763175867,9.275142047979504
505,2025,Keeshawn Barthelemy,Oregon,73,Sr,2723.0,15.054100000000005,6.716433610534093,2.5500475747206837,9.266481185254776
506,2025,Shelton Williams-Dryden,West Georgia,78,Jr,5844.0,-3.907800000000009,11.960002868877751,-2.69660824723944,9.263394621638312
507,2025,Malek Gomma,Seattle U,80,So,1166.0,2.3392000000000053,3.786099211479233,5.475219181986368,9.2613183934656
508,2025,Noah Reynolds,TCU,75,Sr,2874.0,12.908200000000008,2.122685226300809,7.113047756743269,9.235732983044077
509,2025,Isaiah Gaines,Radford,80,Sr,1934.0,-2.412000000000006,2.0209131445990067,7.189241031440663,9.21015417603967
510,2025,Dayton Forsythe,Oklahoma,74,Fr,1109.0,13.176299999999998,6.851120052096233,2.3585641012329717,9.209684153329205
511,2025,Anthony Dell'Orso,Arizona,78,Jr,1958.0,14.374099999999999,7.999513255180986,1.1378450893366736,9.13735834451766
512,2025,Andrew Morgan,Nebraska,82,Sr,1967.0,13.50609999999999,-3.351139482069689,12.478667096102527,9.127527614032838
513,2025,Alex Karaban,UConn,80,Jr,3161.0,10.9927,2.0560806183512685,7.053510687492538,9.109591305843807
514,2025,Micah Robinson,TCU,78,Fr,1326.0,12.731099999999998,6.557470568763149,2.533863460877782,9.091334029640931
515,2025,Jeffrey Langston Jr.,Southern Utah,80,Sr,1485.0,-2.5027000000000044,7.021362424213981,2.066820523522223,9.088182947736204
516,2025,Amani Hansberry,West Virginia,80,So,4084.0,12.9786,2.2938966789037423,6.781027203493965,9.074923882397707
517,2025,Yaxel Lendeborg,UAB,81,Sr,3193.0,1.0906999999999982,1.1216894729721774,7.9291792590587615,9.050868732030938
518,2025,Ben Wight,Stony Brook,81,Sr,2401.0,-3.5297000000000054,3.5436259950608715,5.501863945499011,9.045489940559882
519,2025,Jalen Weaver,Fresno State,76,Sr,5084.0,5.009500000000003,7.333159260497417,1.702091062509655,9.035250323007071
520,2025,Jordan Derkack,Rutgers,78,Jr,3206.0,10.256900000000002,8.025092033697977,0.9643924123458376,8.989484446043814
521,2025,Ben Knostman,Lehigh,77,Sr,3320.0,-5.176200000000009,7.088343780625701,1.8741650593871384,8.96250884001284
522,2025,Jordan Sears,LSU,71,Sr,4968.0,10.9512,4.060682289373538,4.887392697531777,8.948074986905315
523,2025,Owen Aquino,Liberty,80,Jr,2539.0,0.18440000000001078,2.9403083510981722,6.002950234525309,8.94325858562348
524,2025,DeShawn Harris-Smith,Maryland,77,So,1567.0,8.4191,3.9011870448099875,5.0268377379161056,8.928024782726093
525,2025,Jurian Dixon,UC Irvine,77,Fr,2751.0,0.8367000000000075,10.723064204562247,-1.8145579735044235,8.908506231057824
526,2025,Pierre Brooks II,Butler,78,Sr,3185.0,11.000100000000003,1.9487380885954004,6.935985891308332,8.884723979903733
527,2025,Divine Ugochukwu,Miami,75,Fr,3263.0,7.119500000000002,8.508659867281024,0.3684497794664443,8.877109646747467
528,2025,Will Richard,Florida,76,Sr,3511.0,15.533000000000001,0.3221305451929277,8.55484271000354,8.876973255196468
529,2025,Keonte Jones,Cal State Northridge,78,Sr,3198.0,-2.4081000000000046,7.034622069259338,1.840823609608813,8.875445678868152
530,2025,Jyare Davis,Syracuse,79,Sr,2218.0,7.0899,0.6854372794704591,8.188902699391353,8.874339978861812
531,2025,Igor Milicic Jr.,Tennessee,82,Sr,2273.0,14.648999999999987,2.9400564106395852,5.926672760173017,8.866729170812603
532,2025,Keeshawn Kellman,Florida Gulf Coast,81,Sr,2303.0,-5.178200000000004,3.1669786982244155,5.695724278106679,8.862702976331095
533,2025,Selton Miguel,Maryland,76,Sr,2895.0,12.3022,1.3446761527602233,7.502565824485298,8.847241977245522
534,2025,Myron Amey Jr.,Loyola Marymount,74,Sr,3838.0,2.303900000000013,7.944793317438111,0.8893061851362255,8.834099502574336
535,2025,Brayon Freeman,Bethune-Cookman,74,Sr,3266.0,2.8092999999999932,6.023745941254896,2.78476971321493,8.808515654469826
536,2025,Marshal Destremau,UT Rio Grande Valley,81,So,2462.0,-2.083500000000001,3.004111319909322,5.792503526928229,8.796614846837551
537,2025,Victor Panov,Drexel,79,Fr,4200.0,-5.801000000000002,0.9683534422650713,7.812295352076315,8.780648794341387
538,2025,Jonathan Powell,West Virginia,78,Fr,5408.0,12.866699999999994,8.799649539159036,-0.03384252067460203,8.765807018484434
539,2025,Josh Gray,Missouri,84,Sr,1363.0,11.956699999999998,-1.1224413689514705,9.879643239805928,8.757201870854457
540,2025,Josh Uduje,San José State,77,Sr,2976.0,3.7988,11.23664722883785,-2.491236273921135,8.745410954916714
541,2025,Yaphet Moundi,Iona,80,Jr,3580.0,-7.531499999999994,4.781616439737338,3.9447401847248695,8.726356624462207
542,2025,Day Day Thomas,Cincinnati,73,Sr,2420.0,13.494,3.2755961143330374,5.429689512188072,8.70528562652111
543,2025,Bryce Thompson,Oklahoma State,78,Sr,2727.0,10.742499999999993,6.893592781413661,1.810239607547437,8.703832388961098
544,2025,Jamine Charles,Florida A&M,83,Jr,2992.0,-2.2831000000000046,-1.4630000675232582,10.155534221752877,8.69253415422962
545,2025,Demarco Bethea,East Texas A&M,80,Jr,2654.0,0.8862000000000023,5.480593548274936,3.2099381100954583,8.690531658370395
546,2025,Zhuric Phelps,Texas A&M,76,Sr,2491.0,16.312699999999992,9.558106149736995,-0.8718025601915347,8.68630358954546
547,2025,LJ Wells,Northern Kentucky,80,Jr,4056.0,-2.322800000000001,3.7252245319781094,4.897549241988933,8.622773773967042
548,2025,Mier Panoam,North Dakota,74,So,6162.0,-1.399799999999999,3.9305353084964425,4.689105029490256,8.619640337986699
549,2025,Alvaro Cardenas,Boise State,73,Sr,3423.0,6.645200000000003,6.646345537484359,1.9630682992498245,8.609413836734184
550,2025,Jackson Greene,Idaho State,79,Jr,2668.0,-4.551299999999998,3.864115158055019,4.742904354097687,8.607019512152707
551,2025,RJ Felton,East Carolina,75,Sr,6412.0,-1.0340999999999951,3.5776883008275036,5.026192450391125,8.603880751218629
552,2025,Miles Heide,San Diego State,82,So,1329.0,7.749700000000004,2.1408050566754224,6.4601724071837205,8.600977463859143
553,2025,Isaiah Richards,Gardner-Webb,82,Sr,4011.0,-2.4634999999999962,0.01100212316605198,8.541251527684597,8.552253650850648
554,2025,Zach Riley,Fordham,77,Sr,3504.0,0.796599999999998,6.558970639270372,1.9923567171095122,8.551327356379884
555,2025,Tavion Banks,Drake,79,Jr,1355.0,2.189799999999991,6.7594131212153075,1.780339803886732,8.53975292510204
556,2025,Jaden Schutt,Virginia Tech,77,So,4602.0,6.796299999999988,2.972006689327498,5.558672708890973,8.53067939821847
557,2025,Jalen DeLoach,Loyola Chicago,81,Sr,1405.0,0.5411000000000001,3.4760835360738844,5.052585271576887,8.52866880765077
558,2025,Jayden Williams,Incarnate Word,78,Jr,1538.0,-3.3613,0.7088032071803703,7.804917641415718,8.513720848596089
559,2025,Mark Sears,Alabama,73,Sr,3762.0,20.03479999999999,4.6212768322368,3.874700277285264,8.495977109522064
560,2025,Ugnius Jarusevicius,Central Michigan,82,Jr,4754.0,-2.315399999999997,0.6540162000289746,7.834859065470665,8.48887526549964
561,2025,Touko Tainamo,Wyoming,81,Jr,2642.0,3.584300000000013,1.685292319974051,6.798991368849846,8.484283688823897
562,2025,Jasen Green,Creighton,80,So,1938.0,13.226500000000001,5.704255502964492,2.7753189343362,8.479574437300691
563,2025,Sencire Harris,West Virginia,76,So,4818.0,12.257199999999997,6.776896746460548,1.6922241436430592,8.469120890103607
564,2025,Jackson Skipper,Oral Roberts,79,So,2492.0,0.07460000000000377,3.689473942625675,4.742450304326699,8.431924246952374
565,2025,Fletcher Loyer,Purdue,76,Jr,2844.0,16.515,7.040561398458963,1.3866233147409437,8.427184713199907
566,2025,Bostyn Holt,Florida State,79,Sr,2214.0,5.1644000000000005,-0.927863112710368,9.340139731442008,8.41227661873164
567,2025,Kachi Nzeh,Penn State,80,So,2037.0,4.880899999999997,5.036755709849222,3.3673900707681534,8.404145780617377
568,2025,Jaylen Blakes,Stanford,74,Sr,2617.0,6.320300000000003,7.338442494292019,1.0643038160316058,8.402746310323625
569,2025,Ahmet Jonovic,Bradley,85,Jr,1485.0,1.437599999999989,2.633633992508612,5.768776424360215,8.402410416868827
570,2025,Blake Daberkow,Idaho State,82,Jr,1720.0,-2.578800000000001,-4.466264837191604,12.83746246893708,8.371197631745476
571,2025,Brandon Newman,Oklahoma State,77,Sr,2028.0,11.233499999999992,5.607126375186835,2.7467357624726367,8.353862137659473
572,2025,Cayden Ward,Cal Poly,77,Fr,1624.0,-0.1384000000000043,11.891426681151525,-3.558228863610476,8.333197817541048
573,2025,Matej Bosnjak,Wichita State,81,Sr,1368.0,1.8252000000000095,-0.9119464709101108,9.242882972737032,8.33093650182692
574,2025,Amaree Abram,Louisiana Tech,76,Jr,5866.0,0.5686999999999927,4.224332594681537,4.103572172294356,8.327904766975895
575,2025,Leo DeBruhl,UC Davis,74,Sr,2774.0,-1.2081999999999908,3.0366478911736143,5.288010058621069,8.324657949794684
576,2025,Magoon Gwath,San Diego State,84,So,1830.0,8.156499999999994,-1.4698567524653612,9.785856394766384,8.315999642301023
577,2025,Kendrick De Luna,Cal State Fullerton,82,So,4881.0,0.6025999999999954,0.4226145573715698,7.883291324662868,8.305905882034438
578,2025,Austin Johnson,Long Beach State,81,Sr,5276.0,0.1355000000000075,4.9186976352578835,3.381891957537521,8.300589592795404
579,2025,Sean Pedulla,Ole Miss,73,Sr,3362.0,15.0869,-1.8791121196819613,10.164298492144734,8.285186372462773
580,2025,Veniamin Abosi,San Francisco,78,Fr,932.0,5.634200000000007,1.267616997477375,7.005929138211642,8.273546135689017
581,2025,Tyrese Proctor,Duke,78,Jr,3019.0,13.133399999999995,3.576761700284954,4.653433268626829,8.230194968911782
582,2025,Marqui Worthy Jr.,Massachusetts,75,So,3422.0,0.7192999999999898,4.49313035094878,3.732076021857008,8.225206372805788
583,2025,Alvaro Folgueiras,Robert Morris,81,So,2867.0,-4.598200000000006,4.160732933914718,4.026981180387141,8.187714114301858
584,2025,Braden Huff,Gonzaga,82,So,1504.0,7.356799999999993,-1.3654752255871019,9.548551470639085,8.183076245051982
585,2025,Jamir Watkins,Florida State,79,Sr,5736.0,7.453000000000003,3.5191550408994323,4.663707294828112,8.182862335727544
586,2025,Lajae Jones,St. Bonaventure,79,Fr,2981.0,0.8336000000000041,1.445056357612379,6.715197036091646,8.160253393704025
587,2025,Curtis Jones,Iowa State,76,Sr,2966.0,11.29079999999999,4.1634033896504885,3.983124859395054,8.146528249045542
588,2025,Shaqir O'Neal,Florida A&M,80,Jr,3408.0,-2.6163000000000096,6.134675592295763,2.005653815089236,8.140329407385
589,2025,Caleb Grill,Missouri,75,Sr,1994.0,14.2243,3.28775639299554,4.844722417328747,8.132478810324287
590,2025,Josh Holloway,Samford,74,So,2259.0,-1.9347000000000065,4.087630722158982,4.034505667989868,8.12213639014885
591,2025,Cam Manyawu,Drake,81,So,1443.0,2.8278999999999996,4.220270857031477,3.892419171700351,8.112690028731828
592,2025,Amahrie Simpkins,Morgan State,76,Sr,4822.0,-8.499800000000008,4.889066654381507,3.2218351498720494,8.110901804253556
593,2025,BJ Davis,San Diego State,74,So,2055.0,8.800600000000003,6.239119272120439,1.8685431547456242,8.107662426866064
594,2025,Mason Ritter,Columbia,80,Fr,1924.0,-6.5869,2.2569625873152166,5.8431327506301525,8.100095337945369
595,2025,Jamichael Davis,Rutgers,73,So,3346.0,10.9713,8.451811351875023,-0.36665281725839804,8.085158534616625
596,2025,Tucker Anderson,Utah State,81,So,1575.0,5.84320000000001,2.033493471981706,6.043980534467015,8.077474006448721
597,2025,Niko Rocak,UC Davis,81,Sr,2458.0,-1.102800000000002,-4.680928911533766,12.741023060776026,8.06009414924226
598,2025,Corey Floyd Jr.,Providence,76,Jr,4590.0,8.7547,-0.294027603062732,8.34291283174393,8.048885228681199
599,2025,Will Riley,Illinois,80,Fr,2588.0,15.464399999999998,5.7542698607977645,2.280847043678304,8.03511690447607
600,2025,Brooks Barnhizer,Northwestern,78,Sr,3748.0,13.130499999999998,9.393486539772027,-1.3655176424773998,8.027968897294627
601,2025,Tamar Bates,Missouri,77,Sr,2491.0,13.2637,0.1097895599518921,7.913758156933886,8.023547716885778
602,2025,Colby Duggan,Campbell,79,So,5175.0,-4.092100000000002,0.9273063059933513,7.076707105251099,8.00401341124445
603,2025,Byron Ireland,Nicholls,73,Sr,4528.0,-1.609099999999998,2.493999920560324,5.493278086991543,7.987278007551867
604,2025,Jaden House,Rhode Island,76,Sr,4900.0,-1.3689000000000107,10.869780194993925,-2.886890502935631,7.982889692058294
605,2025,Tamaury Releford,West Georgia,80,Sr,2804.0,-2.9969000000000108,6.223532885872638,1.7551596306459105,7.9786925165185485
606,2025,Kaden Metheny,Liberty,71,Jr,3066.0,0.549199999999999,11.315136267340984,-3.3368169815190356,7.978319285821948
607,2025,Jason Fontenet II,UC Santa Barbara,78,So,2924.0,-2.70150000000001,-0.5476990943395342,8.525558616717685,7.977859522378151
608,2025,Michael O'Connell,NC State,74,Sr,3929.0,7.194900000000004,-0.5396454140837621,8.503972234927108,7.964326820843346
609,2025,Jed Miller,Montana State,74,Jr,3110.0,-3.9361999999999995,3.9537917976528822,4.006539888423418,7.9603316860763
610,2025,Jalen Hayes,South Dakota,80,Sr,12.0,2.076599999999999,1.2224082503484925,6.733236803132474,7.955645053480967
611,2025,Jasper Floyd,North Texas,75,Sr,2647.0,1.6500000000000057,1.480281374429175,6.452070688612216,7.932352063041391
612,2025,Damian Dunn,Pittsburgh,77,Jr,2308.0,9.769199999999998,4.744677893958416,3.167401405011198,7.912079298969614
613,2025,Tyrone Riley IV,San Francisco,78,Fr,2816.0,4.313599999999994,5.420038057475938,2.4620012171415215,7.882039274617459
614,2025,Chrishawn Christmas,Stephen F. Austin,77,Jr,6570.0,-2.0763000000000034,10.320149782938918,-2.448918520428566,7.871231262510352
615,2025,Patrick Wessler,Virginia Tech,84,So,1832.0,6.7132000000000005,-2.123510004166765,9.974311894691924,7.850801890525159
616,2025,Corey Washington,Wichita State,78,Jr,2537.0,1.4373000000000076,7.21056675148046,0.6348211161235308,7.845387867603991
617,2025,Isaiah Evans,Duke,78,Fr,1243.0,8.285399999999996,4.210997596667907,3.5798493328537155,7.7908469295216225
618,2025,Tayshawn Comer,Evansville,73,Jr,7110.0,1.0318999999999932,9.236826630953319,-1.4763759415057747,7.760450689447544
619,2025,Tyler Bilodeau,UCLA,81,Jr,2376.0,13.615499999999997,2.259443753703937,5.460018639650402,7.719462393354339
620,2025,Zachary Visentin,Cal State Fullerton,81,Sr,2761.0,2.8459000000000003,3.282599407237722,4.4312245259462,7.713823933183922
621,2025,Brandon Stroud,South Florida,78,Sr,2115.0,-0.689399999999992,2.1152372110999247,5.570319006317108,7.685556217417033
622,2025,Blue Cain,Georgia,77,So,2576.0,14.2192,2.5250451807453893,5.150457374293884,7.675502555039273
623,2025,Del Jones,Clemson,74,Fr,992.0,7.0970999999999975,6.3228755490547695,1.338079606315259,7.660955155370028
624,2025,Rodney Rice,Maryland,77,So,3122.0,12.640699999999995,2.0424580283433182,5.617927760568068,7.660385788911386
625,2025,Trent Pierce,Missouri,82,So,1580.0,12.785899999999998,3.0339050126615468,4.588495530232357,7.622400542893903
626,2025,Gabe Madsen,Utah,78,Sr,2831.0,9.441199999999995,2.9088692330390766,4.697570581368032,7.606439814407109
627,2025,Zuby Ejiofor,St. John's,81,Jr,6145.0,9.979399999999998,3.3129592690329805,4.26536218086182,7.578321449894801
628,2025,Mylyjael Poteat,Virginia Tech,81,Sr,3667.0,5.8459,3.1590943286368725,4.391247531798142,7.550341860435015
629,2025,Mustapha Amzil,New Mexico,81,Sr,2735.0,6.570399999999992,1.1566241551554377,6.389790561861242,7.546414717016679
630,2025,Josh Rivera,Fordham,79,Jr,4832.0,1.5353000000000065,4.167428001727135,3.371704707345934,7.539132709073069
631,2025,Camaren Sparrow,Coppin State,76,So,3592.0,-5.4136999999999915,-1.618158905305505,9.12394640412058,7.505787498815076
632,2025,John Mobley Jr.,Ohio State,73,Fr,5182.0,14.122299999999996,8.317643987138911,-0.8182173037285416,7.49942668341037
633,2025,Christoph Tilly,Santa Clara,84,Jr,1963.0,4.616299999999995,2.18870678769004,5.305148744191743,7.493855531881783
634,2025,Lynn Kidd,Miami,82,Sr,4604.0,7.841399999999993,-2.697048110852786,10.184491331683088,7.4874432208303014
635,2025,Jordan Burks,Georgetown,81,So,1780.0,6.063299999999998,5.3968099645924426,2.0802823990480768,7.477092363640519
636,2025,Taine Murray,Virginia,77,Sr,3118.0,7.005499999999998,6.384183627849575,1.072952657014004,7.457136284863579
637,2025,Mac Wrecke,Green Bay,77,So,3896.0,-2.1354999999999933,5.6347645365518835,1.8200432558922164,7.4548077924441
638,2025,Ze'Rik Onyema,Texas,81,Sr,997.0,9.242000000000004,2.7514879304184907,4.685341731663518,7.436829662082009
639,2025,Jaeden Mustaf,Georgia Tech,77,Fr,1741.0,5.4876000000000005,4.501587430308556,2.9070891819921565,7.408676612300712
640,2025,Jamille Reynolds,South Florida,83,Sr,2247.0,2.1222999999999956,3.2697094102549196,4.117515145196758,7.387224555451677
641,2025,Ben Middlebrooks,NC State,82,Sr,2626.0,6.665700000000001,-2.1500697249672847,9.529658889780336,7.379589164813051
642,2025,Robert Jennings II,Oklahoma State,79,Jr,1736.0,10.657399999999996,0.3689266996817073,7.0036040512944115,7.372530750976119
643,2025,Julian Rishwain,UNLV,78,Sr,5338.0,5.431700000000006,2.2907334129496384,5.015464734858067,7.306198147807706
644,2025,Nolan Winter,Wisconsin,84,So,2091.0,13.3921,3.385851255267092,3.9161592908486855,7.302010546115778
645,2025,Julian Roper II,Notre Dame,76,Sr,3146.0,6.339199999999991,4.837497993546662,2.463392273458062,7.300890267004724
646,2025,Ademide Badmus,Gardner-Webb,79,Sr,3028.0,-2.3685000000000116,-0.7812391336423117,8.07981844420152,7.298579310559208
647,2025,Junjie Wang,San Francisco,81,So,1855.0,3.8887,-1.7633447115866514,9.050507573724111,7.2871628621374605
648,2025,Lance Terry,Georgia Tech,74,Sr,2989.0,6.174099999999996,3.090531833648634,4.189959812429949,7.280491646078583
649,2025,Dedan Thomas Jr.,UNLV,73,So,5160.0,5.253,3.5916439682944725,3.6760314506092975,7.26767541890377
650,2025,PJ Fuller II,Cal State Northridge,76,Sr,2504.0,-3.1791999999999945,5.187052361175464,2.075887707866411,7.262940069041875
651,2025,Micah Parrish,Ohio State,78,Sr,5740.0,14.990400000000008,5.365801473983531,1.892576314961472,7.258377788945003
652,2025,Wade Taylor IV,Texas A&M,72,Sr,2480.0,15.895299999999992,-0.9875425296640632,8.223493761608935,7.235951231944872
653,2025,Khristian Lander,Western Kentucky,75,Sr,4514.0,2.0686000000000035,8.102040668541106,-0.927629283148955,7.174411385392151
654,2025,Jacksen Moni,North Dakota State,82,Sr,4954.0,-3.3773000000000053,-4.150093992541839,11.318916689651644,7.168822697109805
655,2025,Jalen Haynes,George Mason,80,Sr,2354.0,2.076599999999999,0.8456210050199054,6.320716311300656,7.166337316320562
656,2025,Kyle Jorgensen,Colorado State,81,Fr,1337.0,3.9380000000000024,1.2379112170600095,5.926476216116228,7.164387433176238
657,2025,Ahmad Henderson II,UIC,69,So,4917.0,1.8256000000000085,4.617775642381746,2.5318507047426895,7.1496263471244355
658,2025,Kenny Pohto,UC Santa Barbara,82,Jr,2486.0,-2.4274000000000058,6.806450070736833,0.32690645069619206,7.133356521433026
659,2025,Justin Bufford,Middle Tennessee,78,Sr,2300.0,3.6831000000000103,2.933870757890287,4.185530002435809,7.119400760326096
660,2025,Jahseem Felton,Seton Hall,77,Fr,1241.0,12.983900000000006,1.9916372118021544,5.1240302459395854,7.11566745774174
661,2025,Chase Walker,Illinois State,81,So,2306.0,-0.04609999999999559,0.04547177675946168,7.038537554316977,7.084009331076439
662,2025,Kasparas Jakucionis,Illinois,78,Fr,3057.0,15.748899999999992,4.803674699691505,2.2776107776965224,7.081285477388027
663,2025,Christ Essandoko,Providence,84,So,1912.0,6.269099999999995,-4.780778218208747,11.844922297192621,7.064144078983874
664,2025,Brock Wisne,Northern Colorado,81,Jr,2504.0,-3.8471999999999866,-1.3091578563514685,8.3726037049705,7.063445848619031
665,2025,Kendall Munson,Jacksonville,80,Sr,2297.0,-3.8108000000000004,6.6133581466419,0.4456523937187302,7.059010540360631
666,2025,Myles Stute,South Carolina,78,Sr,966.0,3.407999999999987,0.8134297503809085,6.243307463102836,7.0567372134837445
667,2025,Jack Janicki,Wisconsin,77,Fr,1134.0,12.674000000000007,9.74436223981925,-2.6894247907304667,7.054937449088783
668,2025,Sebastian Mack,UCLA,75,So,1934.0,12.717700000000008,3.5537289315288096,3.5009324395157324,7.054661371044542
669,2025,AJ Hoggard,Vanderbilt,76,Sr,2372.0,12.570700000000002,4.475711230549791,2.5663838669958055,7.042095097545596
670,2025,Barry Dunning Jr.,South Alabama,78,Jr,2910.0,-3.2099999999999937,5.4248109100156015,1.5892806093516931,7.014091519367295
671,2025,CJ Brown,South Florida,74,Fr,2118.0,0.7952999999999975,5.124408841422152,1.8890111516290342,7.013419993051187
672,2025,Grant Asman,Lipscomb,82,Jr,1151.0,-3.440899999999999,5.770766265377395,1.2348824447442173,7.005648710121612
673,2025,Christian Shumate,McNeese,78,Sr,2456.0,-0.011499999999998067,4.864035950287174,2.0960350127909515,6.960070963078126
674,2025,Brandyn Talbot,UT Arlington,76,Sr,3272.0,-1.7593999999999994,3.434909080303087,3.515057951052249,6.949967031355336
675,2025,Langston Reynolds,Northern Colorado,76,Jr,3336.0,-4.148399999999995,5.509927278527634,1.4365154016363753,6.94644268016401
676,2025,Kean Webb,San Diego,83,Fr,1120.0,3.2616000000000014,-2.7499108628083313,9.69381597159732,6.943905108788989
677,2025,Antwone Woolfolk,Miami (OH),81,Jr,4312.0,-5.5186999999999955,0.7990616429770916,6.137380208639286,6.936441851616378
678,2025,Marcus Foster,Xavier,77,Sr,2539.0,10.151800000000009,3.1506597270412042,3.7737726912528613,6.9244324182940655
679,2025,Yame Butler,Drexel,77,Sr,5826.0,-5.096999999999994,6.672634239829154,0.2443663129624598,6.917000552791614
680,2025,Willie Williams,Northwestern State,78,Jr,5253.0,-0.5553000000000026,3.3134257227255848,3.596698192741732,6.910123915467317
681,2025,Dylan Grant,Rutgers,79,Fr,2346.0,19.252899999999997,5.907272876274817,1.001680012031965,6.908952888306782
682,2025,Daniel Batcho,Louisiana Tech,83,Sr,5226.0,0.4398000000000053,1.4151550866760434,5.468647739747947,6.883802826423991
683,2025,Brennan Rigsby Jr.,Minnesota,75,Sr,2566.0,8.142600000000002,5.202184113731125,1.6705681761640374,6.872752289895162
684,2025,Chase Lowe,William & Mary,77,Jr,1634.0,-3.349900000000005,7.23282102218281,-0.36906526852732746,6.863755753655482
685,2025,Dan Skillings Jr.,Cincinnati,78,Jr,1767.0,12.28670000000001,3.0122155066384644,3.8364803193551027,6.848695825993567
686,2025,Niccolo Moretti,Florida Atlantic,73,So,2438.0,2.438199999999995,-1.2427563917954405,8.064161491528747,6.821405099733306
687,2025,Donovan Dent,New Mexico,74,Jr,3699.0,6.768199999999993,8.902762147011622,-2.098033798220758,6.804728348790864
688,2025,Jalen Lake,Colorado State,76,Sr,3028.0,5.5488,4.864248884515579,1.9355403905576893,6.799789275073268
689,2025,Robert Hinton,Harvard,77,Fr,4804.0,-2.567799999999991,4.386585496872096,2.3945214841112463,6.781106980983342
690,2025,Szymon Zapala,Michigan State,84,Sr,1418.0,12.241900000000001,-1.8365588257631256,8.61074117702531,6.774182351262185
691,2025,Chendall Weaver,Texas,75,Jr,983.0,0.6021000000000072,7.842949323840228,-1.0905491106752363,6.752400213164992
692,2025,Daniel Foster,Nevada,78,Sr,2392.0,3.8911999999999978,1.7270829044327003,5.010865762810918,6.737948667243619
693,2025,Jalen Hill,UNLV,78,Sr,5262.0,6.423699999999997,7.5973302510501295,-0.8697049979225229,6.727625253127607
694,2025,Kanon Catchings,BYU,81,Fr,1643.0,4.872299999999996,-3.0134984538897616,9.689319166400306,6.675820712510545
695,2025,Myles Corey,South Alabama,73,Sr,2817.0,-3.8514000000000124,7.444898745878692,-0.7814268700889,6.663471875789792
696,2025,Koree Cotton,Jacksonville State,78,So,2488.0,2.0504000000000104,0.8373613440306809,5.817085036392735,6.6544463804234155
697,2025,Nate Pickens,UC Riverside,75,Jr,2634.0,2.4887999999999977,2.1226965033562317,4.530253988429178,6.652950491785409
698,2025,K.J. Doucet,Winthrop,79,Sr,2885.0,-3.2369000000000057,3.9442570600009095,2.7043089302943795,6.648565990295289
699,2025,Aidan Cammann,Stanford,82,Fr,1595.0,5.627200000000002,2.3213044037784947,4.326732192236529,6.648036596015023
700,2025,Jizzle James,Cincinnati,75,So,2764.0,10.44720000000001,0.6325389027041695,6.005113745253878,6.637652647958047
701,2025,Marchelus Avery,Oklahoma State,80,Sr,2187.0,10.567400000000006,6.69525748144341,-0.07165686049724496,6.623600620946165
702,2025,B.J. Edwards,SMU,75,Jr,2856.0,5.362700000000004,8.666538620294439,-2.0707370822396163,6.595801538054823
703,2025,Latrell Davis,San José State,75,So,2500.0,4.556599999999989,6.741314428318419,-0.15217016042999476,6.5891442678884244
704,2025,Tobe Awaka,Arizona,80,So,2077.0,15.393,1.6305687383832108,4.950740158351524,6.581308896734734
705,2025,Robert Wright III,Baylor,73,Fr,2731.0,15.3369,2.1380614365845503,4.431871519085616,6.569932955670167
706,2025,Rafael Castro,George Washington,83,Jr,2827.0,-1.6032999999999902,2.4087325407742917,4.159519183849918,6.56825172462421
707,2025,Alex Crawford,Fresno State,80,Jr,5586.0,6.230400000000003,8.381415377847595,-1.8131892183491987,6.568226159498397
708,2025,David Dixon,Duquesne,81,Jr,3344.0,1.2554999999999978,3.2052043138478057,3.3302947485011924,6.535499062348999
709,2025,Justin Vander Baan,Lafayette,84,Sr,4968.0,-9.276499999999999,-3.8291952296171425,10.357782782745542,6.528587553128399
710,2025,Brandon Garrison,Kentucky,82,So,1692.0,16.486000000000004,4.242658486242941,2.2819212531809496,6.52457973942389
711,2025,Tavi Jackson,Southern Utah,74,Jr,1675.0,-1.3928999999999974,6.613282558073048,-0.09170360135040623,6.521578956722642
712,2025,Jon Sanders II,Northwestern State,74,Sr,3490.0,-0.5461999999999989,9.396846599131484,-2.887712286824555,6.509134312306929
713,2025,Jack Doumbia Jr.,Wright State,78,Sr,4506.0,-3.418700000000001,0.9206059645623452,5.579727938231002,6.500333902793347
714,2025,Karson Templin,Utah State,80,So,1637.0,5.6524,2.0946408307996442,4.392086345277006,6.48672717607665
715,2025,Carlos Stewart Jr.,Santa Clara,73,Sr,2761.0,4.5334,1.3098240046390643,5.175270863657943,6.485094868297007
716,2025,Mackenzie Mgbako,Indiana,80,So,4916.0,12.863600000000005,6.904865521409863,-0.4228857069352774,6.4819798144745855
717,2025,Noah Collier,William & Mary,80,Sr,1319.0,-3.6717000000000013,6.85577167844122,-0.3901518353791893,6.465619843062031
718,2025,Arnas Sakenis,SIU Edwardsville,83,Jr,1195.0,-3.9894999999999925,2.0833066973128633,4.373709920562511,6.457016617875375
719,2025,Money Williams,Montana,76,So,2673.0,-0.4131,5.302786340819763,1.1496230021584553,6.452409342978218
720,2025,Austin Rapp,Portland,82,Fr,5961.0,1.9789999999999992,-0.7108543444005031,7.15758548297148,6.446731138570977
721,2025,JJ Wheat,South Alabama,72,Jr,1646.0,-5.636300000000006,1.869704436670621,4.5753588381403905,6.4450632748110115
722,2025,Gabe Dynes,Youngstown State,89,So,4188.0,-4.08659999999999,-6.55907765144521,12.977757773360656,6.418680121915446
723,2025,Simas Lukosius,Cincinnati,78,Sr,2449.0,10.205100000000002,3.261874848256266,3.084085077293443,6.345959925549709
724,2025,Trey Green,Xavier,75,Jr,284.0,2.648299999999992,8.607221184841247,-2.2687862454382097,6.3384349394030375
725,2025,JJ Traynor,DePaul,81,Sr,1597.0,5.3633000000000095,2.514531476233793,3.8133794665928553,6.327910942826648
726,2025,Izaiah Pasha,Delaware,76,Fr,6162.0,-3.1114000000000033,7.405387958856872,-1.0981367542397473,6.307251204617125
727,2025,Marcus Boykin,Sam Houston,73,Sr,2146.0,3.026600000000002,8.12175534623361,-1.8173007542358617,6.3044545919977475
728,2025,Anthony Robinson,Virginia,75,So,1360.0,11.215900000000005,4.258888923830998,2.0321876097939513,6.291076533624949
729,2025,Pryce Sandfort,Iowa,79,So,4782.0,11.178699999999992,3.0036597253408908,3.2809427428171896,6.284602468158081
730,2025,Apostolos Roumoglou,Richmond,80,Jr,3876.0,1.2386000000000053,3.2682528457255158,3.0083126225267756,6.276565468252292
731,2025,Stephen Giwa,Texas A&M-Corpus Christi,81,Sr,1719.0,-1.6555000000000035,0.22484885309996944,6.045532372436098,6.270381225536067
732,2025,Zed Key,Dayton,80,Sr,1579.0,5.197400000000002,4.423494733757385,1.8055793508615618,6.229074084618947
733,2025,Chase Hunter,Clemson,75,Sr,2968.0,8.720500000000001,6.405549652762474,-0.18491516864612212,6.220634484116352
734,2025,Drew Steffe,Southern Illinois,77,Fr,2582.0,1.4572000000000003,3.7343957945924853,2.4823326421161545,6.21672843670864
735,2025,Xavier Booker,Michigan State,83,So,1228.0,11.070499999999996,-2.426170932707884,8.612116831571276,6.185945898863392
736,2025,Niels Lane,Delaware,77,Sr,6104.0,-4.009900000000002,3.6889584040077628,2.4963609182447044,6.185319322252467
737,2025,Izaiyah Nelson,Arkansas State,82,Jr,2000.0,-2.041399999999996,6.544668478111984,-0.3841439475619115,6.160524530550073
738,2025,Leeroy Odiahi,Western Kentucky,83,Jr,2780.0,2.6289000000000016,-4.595161630359798,10.749089315189522,6.153927684829724
739,2025,CJ Wilcher,Texas A&M,77,Sr,988.0,13.721400000000003,0.31549680913239,5.778443387977055,6.093940197109445
740,2025,Jamond Vincent,New Orleans,76,Sr,2978.0,1.4609999999999985,6.836727585251642,-0.7517641459964477,6.084963439255194
741,2025,Braxton Bayless,Western Kentucky,74,Sr,4668.0,2.342100000000002,4.668612986309119,1.4151407801310198,6.0837537664401395
742,2025,Prophet Johnson,Fairfield,75,Jr,5370.0,-7.254499999999993,5.441775172790926,0.6397666560655058,6.081541828856432
743,2025,Ben Shtolzberg,UC Santa Barbara,76,Jr,1263.0,-4.7117000000000075,2.4689997296218174,3.60413099967853,6.073130729300347
744,2025,Terrence Edwards Jr.,Louisville,78,Sr,3146.0,10.349000000000004,3.632536116828153,2.423226620241267,6.05576273706942
745,2025,TJ Thomas,East Texas A&M,74,Jr,3686.0,-1.704899999999995,6.078906216003447,-0.046317598973284024,6.032588617030163
746,2025,Kaden Cooper,Louisiana Tech,77,So,5196.0,0.19400000000000261,6.837575133974963,-0.80995816818178,6.027616965793182
747,2025,Giancarlo Rosado,Charlotte,80,Sr,4488.0,0.09040000000000248,2.6961344903611946,3.3264091494086108,6.022543639769806
748,2025,Luke Gray,Oral Roberts,79,Fr,2104.0,0.29879999999999995,-8.17798458776446,14.19041578518846,6.012431197424
749,2025,Federiko Federiko,Texas Tech,83,Sr,1741.0,13.532800000000009,0.8136882814111148,5.1831653591279485,5.996853640539063
750,2025,Jahmere Tripp,Fordham,78,So,3568.0,-0.27949999999999875,9.724104724042153,-3.7291113451197555,5.9949933789223975
751,2025,Jason Edwards,Vanderbilt,72,Jr,2378.0,12.191500000000005,4.620165296824463,1.3721770363987016,5.9923423332231645
752,2025,Corneilous Williams,North Alabama,81,So,3107.0,-5.098100000000002,2.7296820111724633,3.262133587187316,5.991815598359779
753,2025,Dylan Andrews,UCLA,74,Jr,2184.0,13.9281,2.7353741769094047,3.2340216916123854,5.96939586852179
754,2025,Mark Freeman,James Madison,70,Sr,5374.0,-1.6827000000000112,0.9982266824044297,4.9639217843835866,5.962148466788016
755,2025,Brendan Hausen,Kansas State,76,Jr,5392.0,10.08319999999999,1.900500857030007,4.043110108758131,5.943610965788138
756,2025,Jao Ituka,Jacksonville State,73,So,1833.0,1.3397999999999968,0.5682751625646952,5.369320601137366,5.937595763702061
757,2025,Braden Smith,Purdue,72,Jr,3417.0,16.6524,-4.13253440111767,10.045495623745822,5.912961222628152
758,2025,Javontae Campbell,Bowling Green,74,Jr,5834.0,-5.3840999999999894,9.065831113237998,-3.157675536501887,5.90815557673611
759,2025,Frankquon Sherman,Kennesaw State,79,So,2754.0,2.2979999999999876,8.037125185881994,-2.1340274957543786,5.903097690127615
760,2025,Reyne Smith,Louisville,74,Sr,2934.0,9.082499999999996,3.222191875693841,2.6800987107641325,5.9022905864579736
761,2025,Sadaidriene Hall,San José State,77,Sr,2391.0,5.000799999999998,1.2547697318768503,4.633901365322736,5.888671097199587
762,2025,Caleb Walker,Air Force,81,So,3352.0,5.0527000000000015,-0.04852536798687379,5.931062346416272,5.882536978429399
763,2025,Tyson Acuff,Rutgers,76,Sr,2844.0,14.162900000000008,1.3173344950650527,4.560949513782344,5.878284008847396
764,2025,Brock Harding,Iowa,72,So,5446.0,11.168499999999995,4.568995450039908,1.3006085726801198,5.8696040227200275
765,2025,Ryan Nutter,Marshall,76,So,1968.0,-4.334399999999988,8.46259023318669,-2.6046294282332254,5.857960804953464
766,2025,Conor Enright,DePaul,74,Jr,2049.0,4.780000000000001,2.0631500092822868,3.771127608721646,5.834277618003933
767,2025,Matt Knowling,USC,78,Sr,1268.0,9.109000000000009,-0.10893888558383447,5.912203543449706,5.803264657865871
768,2025,DeSean Goode,IU Indianapolis,80,Fr,4020.0,-3.84790000000001,-1.8311425074357117,7.611078761547866,5.779936254112154
769,2025,Josiah Lake II,Oregon State,74,So,2073.0,3.0631000000000057,3.423868118894886,2.326125671505814,5.7499937904006995
770,2025,Dug McDaniel,Kansas State,71,Jr,5956.0,13.163600000000002,6.459165318821349,-0.7225343833767832,5.736630935444566
771,2025,Dailyn Swain,Xavier,79,So,2667.0,9.603100000000012,8.791173134193652,-3.0581047227337272,5.733068411459925
772,2025,Mason Nicholson,Jacksonville State,82,Jr,2501.0,1.6499000000000024,5.658340060611017,0.06993596734002255,5.728276027951039
773,2025,Jakevion Buckley,SE Louisiana,73,Sr,2991.0,-4.0652999999999935,7.0708287660270255,-1.363102906854967,5.707725859172059
774,2025,Chance Moore,St. Bonaventure,78,Jr,2935.0,0.0327000000000055,8.310677352273904,-2.60512098398495,5.7055563682889545
775,2025,RJ Davis,North Carolina,72,Sr,3485.0,13.539100000000005,-3.4556138220420998,9.160607280578551,5.7049934585364515
776,2025,Isaiah Shaw,Valparaiso,79,So,2774.0,-0.030400000000000205,5.900416018326395,-0.2010827497963329,5.699333268530062
777,2025,Zack Austin,Pittsburgh,79,Sr,5864.0,10.115800000000007,-3.57690852582384,9.250766037621018,5.673857511797178
778,2025,Tanner Cuff,Evansville,79,Sr,6544.0,1.1063000000000045,-1.1059071021785556,6.768964819677101,5.663057717498545
779,2025,Brody Robinson,UT Arlington,71,Jr,5242.0,-2.711999999999989,4.797969449841656,0.8586073281822229,5.6565767780238785
780,2025,Steven Jamerson II,San Diego,82,Sr,2293.0,-0.08830000000000382,2.9156388355319134,2.737194757873521,5.652833593405434
781,2025,Deng Mayar,North Dakota,80,Sr,3960.0,-0.2657999999999987,8.860642482752722,-3.245452613095691,5.615189869657031
782,2025,Kwo Agwa,UT Rio Grande Valley,78,Sr,3540.0,-3.5579000000000036,5.115947357222841,0.46609779775596527,5.582045154978806
783,2025,Elijah Strong,Boston College,80,So,3763.0,2.7324999999999875,0.855745384123604,4.707825635342663,5.563571019466266
784,2025,Aaron Scott,St. John's,79,Jr,5122.0,10.988199999999992,-1.640252306375869,7.198898089795601,5.558645783419732
785,2025,Dillon Hunter,Clemson,76,Jr,1912.0,7.938699999999997,1.5705086936073056,3.987129121196887,5.557637814804193
786,2025,Rikus Schulte,UC Riverside,81,So,1359.0,2.0815999999999946,-1.086431039506453,6.636104455382109,5.549673415875656
787,2025,Cli'Ron Hornbeak,Kent State,81,Sr,1972.0,-1.2777999999999992,-0.47314338798589817,6.0210564603453935,5.547913072359496
788,2025,Jaland Lowe,Pittsburgh,74,So,6274.0,9.705300000000008,4.87761183867277,0.6625422475559741,5.540154086228744
789,2025,Keelan Steele,Maine,82,Jr,3496.0,-6.756999999999991,-1.9476450572506483,7.465701705310762,5.518056648060114
790,2025,Brigham Rogers,Belmont,81,So,4433.0,-1.254400000000004,1.7502696989364481,3.766509264317076,5.516778963253524
791,2025,Matt Cross,SMU,79,Sr,2738.0,6.912300000000002,-1.582936445823706,7.097831739902911,5.514895294079205
792,2025,Curtis Williams Jr.,Georgetown,78,So,1414.0,9.2654,2.588045520284272,2.917407706360912,5.505453226645184
793,2025,Quan Lax,Austin Peay,74,Jr,4528.0,-2.813699999999997,-1.662502095809101,7.159412929288472,5.496910833479371
794,2025,Mac Riniker,Cal Poly,77,Sr,4822.0,0.0198999999999927,-4.391160866196819,9.868154507818298,5.476993641621479
795,2025,Will Pruitt,Lipscomb,75,Sr,3380.0,-3.879800000000003,-1.0771496409770953,6.549486584113123,5.472336943136028
796,2025,Desmond Claude,USC,77,Jr,2981.0,11.311299999999989,5.89025945980566,-0.41963107164370594,5.470628388161954
797,2025,Jelani Hamilton,Georgia State,78,Fr,5141.0,-2.9317999999999955,3.74555050349227,1.6941417553724802,5.43969225886475
798,2025,Nick Woodard,Stony Brook,78,Jr,1462.0,-2.7027999999999963,4.401991738905127,1.0368847647684327,5.43887650367356
799,2025,Tyler Harris,Washington,80,So,5506.0,12.1417,2.126354927604617,3.2769736707471675,5.403328598351784
800,2025,Davion Sykes,Southern Illinois,78,So,1598.0,3.4820000000000135,2.8084787351146776,2.5691978842925036,5.377676619407181
801,2025,Trey Robinson,Northern Kentucky,78,Sr,5994.0,-2.5946,5.472271241167428,-0.11052951442686387,5.361741726740565
802,2025,Bruce Thornton,Ohio State,74,Jr,6670.0,14.7654,-2.324829458455838,7.6779782363247975,5.3531487778689595
803,2025,Gianni Thompson,Canisius,80,Jr,2313.0,-3.5101999999999975,5.0146263327131235,0.3237332174397163,5.338359550152839
804,2025,Porter Bazil,Houston Christian,79,So,2594.0,-0.7179000000000002,4.928468848622948,0.40402815032023964,5.3324969989431885
805,2025,Rahsool Diggins,Massachusetts,74,Sr,6794.0,0.12220000000000653,-2.5659247364790483,7.896402542347481,5.330477805868433
806,2025,Hunter Adam,Davidson,79,So,2624.0,0.74969999999999,6.004017259476081,-0.6899491588745843,5.314068100601497
807,2025,Malcolm Chimezie,Boston University,80,Sr,3856.0,-8.315200000000004,6.273718494415068,-0.9645549901758268,5.30916350423924
808,2025,Houran Dan,Seattle U,82,Fr,1095.0,0.6721000000000004,2.868613162253366,2.4309255972855333,5.299538759538899
809,2025,Jeffrey Mills,Air Force,76,Sr,5580.0,2.845799999999997,2.3137439600000973,2.9773587385691274,5.291102698569224
810,2025,Paul Zilinskas,IU Indianapolis,78,Sr,6194.0,-2.855800000000002,3.8550674326289904,1.4327068485078658,5.287774281136857
811,2025,Jordan Pope,Texas,74,Jr,2500.0,11.266300000000001,7.327687024801762,-2.040513528642995,5.287173496158767
812,2025,Jeremy Lorenz,Wofford,80,So,2180.0,-0.03530000000000655,1.3460274956456633,3.9246452961505334,5.270672791796197
813,2025,Jaden Henley,UNLV,79,Jr,4172.0,4.980800000000002,5.995735848004912,-0.7351875468657081,5.260548301139204
814,2025,Colin Porter,Liberty,70,Jr,3152.0,0.47589999999999577,4.221424138814161,0.9954167647689771,5.2168409035831385
815,2025,Jayshayne Woodard,East Carolina,79,Jr,3972.0,-0.7920999999999907,5.3826171161514935,-0.2265734066272231,5.156043709524271
816,2025,Donovan Oday,Cal State Fullerton,74,Jr,4792.0,0.8278000000000105,6.276872198862613,-1.134994723488956,5.141877475373657
817,2025,Daimion Collins,LSU,81,Sr,3814.0,12.295299999999997,3.118821249604492,2.0208990463463543,5.139720295950847
818,2025,Jaehshon Thomas,Charlotte,75,Jr,4652.0,-0.6372000000000071,-4.864554420362769,9.981800633778215,5.117246213415447
819,2025,Michael Graham,Hofstra,80,Sr,4214.0,-3.0135000000000076,1.914494301123741,3.183477202534621,5.097971503658362
820,2025,Abou Magassa,Wyoming,79,So,2698.0,4.665399999999991,4.462638708336632,0.6279274681180593,5.090566176454692
821,2025,Nick Davidson,Nevada,82,Jr,6098.0,5.4521000000000015,9.287994172898319,-4.197448246424555,5.090545926473764
822,2025,Cornelius Robinson III,Monmouth,78,So,4429.0,-1.6129999999999995,6.656283016219963,-1.5720055635485428,5.0842774526714205
823,2025,Isaiah Coleman,Seton Hall,77,So,2837.0,10.024900000000002,3.1044877289124555,1.976377641175263,5.080865370087718
824,2025,Addison Patterson,Northwestern State,79,Jr,5095.0,-0.17360000000000753,7.956948141355639,-2.88253660878875,5.074411532566889
825,2025,Hunter Erickson,Utah,75,Sr,1776.0,7.345799999999997,1.9980575172448987,3.050955911523025,5.049013428767924
826,2025,Chad Venning,Boston College,81,Sr,4451.0,4.354799999999997,0.8958107169474686,4.14030454619773,5.036115263145199
827,2025,Ken Evans Jr.,Florida Atlantic,77,Sr,3246.0,1.6814999999999998,0.13049993310892172,4.892591585282591,5.023091518391513
828,2025,Chaz Lanier,Tennessee,77,Sr,2774.0,15.691400000000002,-2.8229392187124294,7.836635024697534,5.013695805985105
829,2025,Davonte Davis,Oklahoma State,76,Sr,1174.0,6.586100000000002,-1.8268816732271471,6.785103121889099,4.958221448661952
830,2025,Enoch Cheeks,Dayton,75,Sr,2890.0,4.862300000000005,-1.7830148254573759,6.724846369075207,4.941831543617831
831,2025,Mac Etienne,La Salle,82,Jr,3360.0,2.0242999999999967,0.12018860288607258,4.792656188047699,4.912844790933772
832,2025,Camaron Tongue,Santa Clara,79,Sr,1440.0,3.3348000000000013,-0.3681075440660959,5.274739506964808,4.906631962898713
833,2025,Luka Tarlac,Cal Poly,79,Jr,2338.0,0.6665999999999883,2.7709189006803587,2.1276563145226572,4.8985752152030155
834,2025,Joseph Yesufu,West Virginia,72,Sr,3088.0,11.252899999999997,6.558735583006397,-1.6787915486278004,4.879944034378597
835,2025,Don McHenry,Western Kentucky,73,Sr,6040.0,2.6511999999999887,11.726445102307276,-6.852771362723493,4.873673739583783
836,2025,Nils Cooper,UC Davis,78,So,1486.0,0.3474000000000075,3.1897576975043593,1.6665953613230955,4.856353058827455
837,2025,Isaac Ondekane,Omaha,80,Sr,2007.0,-1.1721999999999895,2.0510144933960115,2.7989272373586194,4.849941730754631
838,2025,Mekhi Lowery,Towson,79,So,1963.0,-2.440400000000011,4.6191935008247,0.2294806142380479,4.848674115062748
839,2025,Michael Jacobs,Southern,74,Jr,2250.0,-9.038200000000003,10.729763078803307,-5.890938717205085,4.838824361598222
840,2025,Jalil Beaubrun,App State,81,Sr,3722.0,-3.269200000000012,-0.28458151012718647,5.1198880171651915,4.8353065070380055
841,2025,Cameron Huefner,Sam Houston,79,Sr,2671.0,2.9129999999999967,3.64567813976635,1.18286296577626,4.82854110554261
842,2025,Nehemiah Turner,Central Arkansas,82,Fr,3487.0,-2.775800000000004,4.626985469344116,0.20133471785624435,4.82832018720036
843,2025,Tamin Lipsey,Iowa State,73,Jr,3084.0,11.990400000000008,4.096135409127373,0.7107502091457993,4.8068856182731725
844,2025,Bowen Born,Colorado State,71,Jr,1529.0,4.127300000000005,5.491299731934161,-0.6952485349232895,4.796051197010872
845,2025,Jae'Lyn Withers,North Carolina,81,Sr,1691.0,12.558999999999997,2.7290179427479306,2.0602144638510422,4.789232406598973
846,2025,Harold Woods,Northeastern,77,Jr,5988.0,-4.540300000000002,7.665050989768979,-2.893888116750906,4.771162873018072
847,2025,Trent Perry,UCLA,76,Fr,986.0,8.183800000000005,4.1861617442556485,0.5834743911463236,4.7696361354019725
848,2025,K'mani Doughty,Indiana State,77,Sr,4719.0,0.017099999999999227,5.197872767512027,-0.43492072955334193,4.7629520379586845
849,2025,Mikey Lewis,Saint Mary's,75,Fr,1516.0,6.029200000000003,-0.22922378601422788,4.986980649715859,4.757756863701631
850,2025,Bennett Stirtz,Drake,76,Jr,2938.0,1.5942999999999898,2.113413446764417,2.643532937937464,4.756946384701881
851,2025,Tre Johnson,Texas,78,Fr,3046.0,14.750100000000003,-1.5749330618698583,6.324586962293611,4.749653900423753
852,2025,Ben Fox,Central Arkansas,77,Fr,4668.0,-3.0785000000000053,1.3401890639167586,3.409035697669455,4.7492247615862135
853,2025,Kanaan Carlyle,Indiana,75,So,2494.0,10.818699999999993,1.4078092603532033,3.3411960898377413,4.749005350190945
854,2025,Keitenn Bristow,Tarleton State,80,Fr,1625.0,-0.954100000000011,4.1339553463323035,0.6069005801013323,4.740855926433635
855,2025,Jayden Epps,Georgetown,74,Jr,2448.0,4.214799999999997,-0.3450875529080146,5.082345630326484,4.737258077418469
856,2025,Alex Tew,Weber State,83,Sr,3661.0,-3.302199999999999,3.4697134001420755,1.263793063603297,4.733506463745373
857,2025,Dionte Bostick,New Mexico State,74,Jr,4272.0,2.6152000000000015,7.408238455320798,-2.714242807484957,4.693995647835841
858,2025,Hasan Abdul Hakim,UT Rio Grande Valley,80,Sr,2672.0,0.5304000000000002,-1.3423248300355226,6.013957636431334,4.671632806395811
859,2025,Juke Harris,Wake Forest,79,Fr,3368.0,8.160699999999991,7.629847558231975,-2.9597479097927755,4.6700996484392
860,2025,Nick Anderson,Prairie View A&M,77,Jr,1852.0,9.503400000000013,0.31164738992299634,4.355035616314474,4.66668300623747
861,2025,Jayden Ross,UConn,79,So,1090.0,5.628399999999999,5.5354798067714945,-0.8700165248719536,4.665463281899541
862,2025,James Flippin,Grambling,82,Jr,2926.0,-5.129300000000001,1.671235537560558,2.994051609861488,4.665287147422046
863,2025,Jeremiah Jenkins,Brown,72,Fr,3550.0,-3.548000000000002,-3.4761580239370016,8.126737386185585,4.650579362248584
864,2025,Chase Forte,South Dakota,76,Sr,2926.0,-4.1299999999999955,3.8596032130536013,0.7860814110257124,4.645684624079314
865,2025,Jovan Milicevic,New Mexico,82,Fr,1269.0,5.714299999999994,0.39306907169798455,4.232635457327552,4.625704529025537
866,2025,Dylan Arnett,Cleveland State,81,Jr,2935.0,-3.7182999999999993,2.9376703195321934,1.681000044902476,4.618670364434669
867,2025,Andrew Welage,Wright State,78,Sr,2170.0,-3.1917000000000115,-3.8971865322986265,8.504742652737686,4.60755612043906
868,2025,Dra Gibbs-Lawhorn,Illinois,73,So,1672.0,13.520600000000002,5.040048962235412,-0.4422664196690338,4.597782542566378
869,2025,Keanu Dawes,Utah,81,So,1584.0,9.243700000000004,-0.0946507806721879,4.682726630651748,4.58807584997956
870,2025,Ben Schwieger,Northern Iowa,80,Jr,2648.0,1.1409999999999911,10.296526618648612,-5.733423007463678,4.563103611184934
871,2025,Caelum Swanton-Rodger,Old Dominion,84,Jr,4141.0,-4.399599999999992,-0.8948099705320762,5.457312505102223,4.562502534570147
872,2025,Sadraque NgaNga,San José State,82,Jr,1274.0,4.565399999999997,1.9871824108122553,2.5745952279866957,4.561777638798951
873,2025,Malcolm Wilson,Queens University,84,Sr,2318.0,-3.0660000000000025,-8.789384792006643,13.34859305553457,4.5592082635279265
874,2025,Michael Belle,VCU,80,So,1152.0,-0.07380000000000564,4.831935341973208,-0.292341765180403,4.539593576792805
875,2025,JT Toppin,Texas Tech,81,So,2113.0,12.516500000000008,2.0507660803726164,2.4716584390779754,4.522424519450592
876,2025,Frank Champion,Chattanooga,79,Sr,1789.0,-3.944999999999993,1.5894440281399906,2.9231745044606487,4.512618532600639
877,2025,Isaac McKneely,Virginia,76,Jr,6026.0,8.719700000000003,2.2028236934299392,2.3023668360814735,4.505190529511413
878,2025,Dashon Gittens,Florida International,75,Jr,4922.0,-0.5236000000000018,-1.0841063195580913,5.58577093628889,4.501664616730799
879,2025,Malik Abdullahi,Princeton,79,Fr,2114.0,-0.15670000000000073,2.763041767368662,1.724967879249152,4.488009646617813
880,2025,Justin Thomas,Florida State,79,Sr,4036.0,5.395700000000005,4.661772004602742,-0.18952538116814432,4.472246623434598
881,2025,Naithan George,Georgia Tech,75,So,3424.0,6.234499999999997,-4.328971825596204,8.7928123864892,4.463840560892995
882,2025,Rickey Bradley Jr.,VMI,74,Jr,6889.0,-3.644300000000001,0.09535478684238585,4.366151769143435,4.461506555985821
883,2025,David Thomas,DePaul,73,So,971.0,8.317699999999988,11.269956623260843,-6.815648744404724,4.454307878856119
884,2025,Trae English,Nicholls,72,Jr,4400.0,-2.1140999999999934,6.1825981934121375,-1.747852021002089,4.4347461724100485
885,2025,Noble Crawford,Chicago State,77,Jr,5456.0,-5.044600000000003,3.845926482447946,0.587436911651098,4.433363394099044
886,2025,Zeke Cook,Louisiana,78,Sr,2836.0,-2.663899999999998,-1.9051657064076568,6.33361274325191,4.428447036844253
887,2025,Nate Kingz,Oregon State,77,Sr,2399.0,0.9786999999999892,5.876603740639459,-1.4816502942542302,4.394953446385229
888,2025,Jayden Brewer,Florida International,78,Jr,4822.0,0.01670000000000016,9.205950802987529,-4.819847536029892,4.386103266957637
889,2025,Carlos Rosario,Oral Roberts,79,Jr,2303.0,4.715700000000012,5.0701112287196395,-0.6981268253706601,4.371984403348979
890,2025,Jamal Sumlin,Kent State,75,So,1772.0,-0.6337000000000046,4.67494822530229,-0.3042348304820174,4.370713394820273
891,2025,Jordy Barnes,Utah State,75,Fr,1072.0,4.71690000000001,1.4097443648399859,2.9565687696814296,4.366313134521415
892,2025,Brendan Wenzel,TCU,80,Sr,1935.0,12.9281,3.0422168200981337,1.319334732044295,4.361551552142428
893,2025,Cameron Hildreth,Wake Forest,76,Sr,5686.0,6.84729999999999,-0.7462783024585034,5.0978598863266855,4.351581583868182
894,2025,Byron Brown,Air Force,76,Sr,2942.0,1.3563000000000045,3.681277598483452,0.6663600697830869,4.347637668266539
895,2025,Madiba Owona,Utah Tech,76,Fr,2400.0,-3.054000000000002,2.3831631258984705,1.9626746011893852,4.345837727087856
896,2025,Akira Jacobs,Hawai'i,81,So,3410.0,0.0835000000000008,0.7588219287824143,3.5834795853368826,4.342301514119297
897,2025,Caden Powell,Rice,81,Jr,4614.0,-2.1092999999999904,-0.18628045179523978,4.522876442191532,4.336595990396293
898,2025,Juanse Gorosito,Ball State,73,Jr,5160.0,-7.808399999999992,-1.6371396180609246,5.968153504012813,4.331013885951888
899,2025,Pablo Tamba,UC Davis,79,Sr,2696.0,-0.9005999999999972,5.547058968893587,-1.2215877698681135,4.325471199025474
900,2025,Alex Merkviladze,Loyola Marymount,80,Sr,6377.0,2.429699999999997,6.255959078465942,-1.9360740814732642,4.319884996992678
901,2025,Liam McNeeley,UConn,79,Fr,2293.0,9.571400000000011,1.1085899108858595,3.174131554806447,4.2827214656923065
902,2025,Aniwaniwa Tait-Jones,UC San Diego,78,Sr,2853.0,-1.2634999999999934,12.635296096007458,-8.354845665350359,4.280450430657099
903,2025,Nana Antwi-Boasiako,Stephen F. Austin,81,Sr,5092.0,-1.7702999999999918,-1.9486649213057312,6.2258610940826244,4.277196172776893
904,2025,Kyle Evans,UC Irvine,82,Jr,1310.0,-0.19089999999999918,0.3173824881973215,3.949185421845725,4.2665679100430465
905,2025,Zek Montgomery,Bradley,78,Sr,3125.0,1.0477999999999952,1.4655267732495836,2.791649908016011,4.2571766812655945
906,2025,Nolan Hickman,Gonzaga,74,Sr,3110.0,7.662400000000005,1.3571974600792427,2.898034378881577,4.255231838960819
907,2025,Lamar Wilkerson,Sam Houston,76,Sr,3241.0,3.5755999999999943,3.193306881286737,1.0469458680154833,4.24025274930222
908,2025,Joe Manning,Southern,74,Jr,1739.0,-8.492200000000011,-0.11440006641587441,4.343193055889637,4.228792989473763
909,2025,Eric Van Der Heijden,Campbell,81,Sr,2470.0,-4.7021000000000015,0.17722725954348517,4.049138151038156,4.226365410581641
910,2025,Julian Hammond III,Colorado,75,Sr,2815.0,12.659599999999998,2.617326533113736,1.5648606083338814,4.182187141447617
911,2025,Jerome Hunter,Xavier,80,Sr,1766.0,8.815799999999996,0.3391218206489084,3.833766756618583,4.172888577267491
912,2025,Jaylin Stewart,UConn,79,So,1712.0,9.897300000000001,2.5483253601557116,1.6206223608157129,4.168947720971424
913,2025,Jake Ensminger,Santa Clara,81,So,1801.0,4.2316,2.23801407640578,1.907638538827011,4.145652615232791
914,2025,Jayden Jackson,Northern Arizona,76,Jr,3307.0,-5.712999999999994,5.500064418430231,-1.3870351498437203,4.11302926858651
915,2025,Daquan Davis,Florida State,73,Fr,4642.0,6.6373999999999995,2.1133463063956004,1.984805267857456,4.098151574253056
916,2025,Tanner Christensen,Hawai'i,82,Sr,4664.0,-1.591399999999993,-1.7826074720386262,5.875802149332917,4.09319467729429
917,2025,Hercy Miller,Southern Utah,75,Sr,1426.0,-0.1080999999999932,4.510783680096699,-0.4240779905490901,4.086705689547609
918,2025,Jlynn Counter,Middle Tennessee,75,Sr,2373.0,2.665999999999997,1.4655289449226512,2.6123199359705307,4.077848880893182
919,2025,Wesley Oba,Missouri State,80,Sr,2746.0,1.3659999999999997,4.139661241476347,-0.06231692413041623,4.077344317345931
920,2025,Xzavier Long,Hampton,79,Jr,4446.0,-3.4303000000000026,-2.0165675568977273,6.092531647943108,4.075964091045381
921,2025,Aidan Mahaney,UConn,75,Jr,1116.0,6.2849000000000075,-1.125229483802174,5.1890293061889565,4.063799822386782
922,2025,Ante Brzovic,Charleston,82,Sr,6646.0,-3.0438000000000045,2.7602019975920395,1.2971712774901198,4.05737327508216
923,2025,Sam Brown,Pennsylvania,75,So,5201.0,-2.5849000000000046,4.740936319849571,-0.6836327583594464,4.057303561490125
924,2025,Vernon Collins,Western Carolina,82,Jr,3234.0,-0.057900000000003615,-7.096763174925817,11.1537210810684,4.056957906142584
925,2025,Evan Nelson,Harvard,74,Sr,4402.0,-2.633200000000002,3.730394032319918,0.325587733724757,4.055981766044675
926,2025,Chris Bell,Syracuse,79,Jr,1989.0,7.325599999999994,-1.186752274516984,5.222623119731157,4.035870845214173
927,2025,Max Jones,Kansas State,76,Sr,5680.0,12.276399999999995,2.0051503116353917,2.0117530653069884,4.0169033769423805
928,2025,Keeyan Itejere,Northern Kentucky,81,Jr,5310.0,-2.4665000000000106,-7.436287570667282,11.448355087417799,4.012067516750516
929,2025,K.J. Hymes,Nevada,82,Sr,2254.0,5.3027000000000015,-0.25344058257419055,4.254640360801179,4.001199778226988
930,2025,Kam Martin,Long Beach State,76,Fr,5318.0,0.6263000000000005,4.79151308319637,-0.7945418489857641,3.996971234210606
931,2025,Malik Henry,UNC Greensboro,80,Sr,2994.0,-2.6037000000000035,-1.8141292526924266,5.791627078160711,3.9774978254682845
932,2025,Mason Madsen,Utah,76,Sr,1349.0,5.187100000000001,-3.759102650620356,7.7326542570293615,3.9735516064090053
933,2025,Cam Morris III,UMass Lowell,80,Sr,4694.0,-6.0077,3.6565343277292355,0.29601631920494054,3.952550646934176
934,2025,Jordan Battle,Coastal Carolina,74,Jr,5640.0,-5.645399999999995,1.1611433981287296,2.7833800922697023,3.944523490398432
935,2025,Braxton Meah,Nebraska,85,Sr,1186.0,10.130300000000005,1.4515781825003096,2.487347364714785,3.9389255472150944
936,2025,Tey Barbour,Harvard,76,Fr,2507.0,-2.5023999999999944,-4.115185259778977,8.049333962578368,3.9341487027993907
937,2025,Luke Davis,New Orleans,80,Sr,2845.0,0.756299999999996,-1.629858249359724,5.53407527072071,3.9042170213609864
938,2025,Keiveon Hunt,Jackson State,71,Jr,4052.0,-12.028199999999998,5.040793946864108,-1.1408487112413805,3.8999452356227273
939,2025,Bryan Ndjonga,Central Michigan,81,So,3312.0,-0.6082999999999998,0.9392265688778139,2.950418085789163,3.8896446546669767
940,2025,Mari Jordan,Tulane,80,Fr,1914.0,-1.6792000000000087,3.0266974853211472,0.8610030970308449,3.887700582351992
941,2025,Isaac Parson,North Carolina Central,74,Sr,3568.0,-7.944000000000003,0.6790772352672212,3.2043530998777436,3.883430335144965
942,2025,Dennis Parker Jr.,NC State,78,So,306.0,4.575100000000006,3.1497721366374005,0.7264005532966147,3.876172689934015
943,2025,AJ Staton-McCray,Miami,76,Sr,3970.0,7.4465,-0.5888353146575058,4.426453231068049,3.837617916410543
944,2025,Paul McMillan IV,Canisius,74,Jr,6336.0,-3.9239000000000033,7.211082580603094,-3.407113912820292,3.8039686677828017
945,2025,Nassim Mashhour,Oakland,76,Fr,2626.0,-5.7059,2.0129917844155942,1.7871043977206682,3.8000961821362624
946,2025,Nick Krass,Tarleton State,76,So,1661.0,2.1233000000000004,6.242553335198463,-2.4483023964274198,3.794250938771043
947,2025,Filip Borovicanin,New Mexico,81,Jr,2349.0,8.248000000000005,0.15803919587070947,3.6337849699146867,3.791824165785396
948,2025,Markus Harding,Indiana State,82,Jr,3438.0,-0.7616000000000014,-1.2665175115232368,5.055174755772612,3.788657244249375
949,2025,Nate Johnson,Akron,75,Sr,3201.0,-2.7950000000000017,2.657650544657047,1.1229325853067125,3.7805831299637593
950,2025,Josh Odunowo,UMBC,78,Sr,5197.0,-6.831100000000006,1.4783235290931844,2.29152025796612,3.7698437870593042
951,2025,Kai Johnson,Montana,76,Jr,2202.0,-0.2453000000000003,3.3332101722764005,0.4206075582999366,3.753817730576337
952,2025,Baba Miller,Florida Atlantic,83,Jr,3306.0,2.7649000000000115,4.320140012908433,-0.5744897397215849,3.7456502731868477
953,2025,Bangot Dak,Colorado,83,So,1905.0,13.303600000000003,1.141723244813969,2.586210302946615,3.7279335477605837
954,2025,Julian Reese,Maryland,81,Sr,2862.0,11.978099999999998,-0.2811075866575061,3.9816313269092727,3.7005237402517666
955,2025,Jemal Davis,UNC Asheville,81,Sr,2700.0,-3.4758000000000067,-4.366382808307743,8.05549610706621,3.6891132987584667
956,2025,Markhi Strickland,Western Michigan,80,Jr,5834.0,-3.46459999999999,5.039557901045712,-1.381484486154187,3.658073414891525
957,2025,Joel Armotrading,UC Riverside,82,Jr,2173.0,2.1230000000000047,-3.5578331724206116,7.205383903261558,3.6475507308409467
958,2025,Muneer Newton,Delaware State,77,Sr,4824.0,-11.01530000000001,2.541776261863143,1.0937693413961869,3.63554560325933
959,2025,LeJuan Watts,Washington State,78,So,3374.0,3.872899999999987,4.935748014804764,-1.3008224645011937,3.6349255503035702
960,2025,Melvyn Ebonkoli,Kansas City,80,Sr,5888.0,-2.4089000000000027,-1.5353430238030024,5.168468475031544,3.6331254512285414
961,2025,Tyler Rolison,Nevada,72,So,4038.0,5.751400000000004,1.2897872665695633,2.3430468804858835,3.632834147055447
962,2025,Delaney Heard,Kennesaw State,75,Sr,2190.0,3.5476000000000028,0.7837519134366064,2.843240432146037,3.6269923455826434
963,2025,Jack Whitbourn,UC Riverside,82,Fr,1168.0,0.7264999999999873,1.960124842054095,1.6569318891369331,3.6170567311910284
964,2025,Josiah LeGree,Indiana State,72,Fr,2311.0,2.406400000000005,2.461086556297608,1.153956027817339,3.615042584114947
965,2025,Modestas Kancleris,UIC,81,Sr,3724.0,0.3943000000000012,-1.6903173643053484,5.303053182155329,3.612735817849981
966,2025,Jamichael Stillwell,Milwaukee,80,Jr,4247.0,-2.2811000000000092,-4.484447450247179,8.094066465249039,3.6096190150018597
967,2025,Carlos Cortijo,UT Martin,72,So,1763.0,-6.9188000000000045,5.970782305544914,-2.3718539331163777,3.598928372428536
968,2025,Jordan Ivy-Curry,UCF,75,Sr,2913.0,12.066699999999997,1.8961100820035641,1.7018998539693135,3.5980099359728777
969,2025,Gregg Glenn III,Tulane,79,Jr,2556.0,0.32900000000000773,0.7758068622036955,2.816638231191408,3.5924450933951038
970,2025,David Skogman,DePaul,82,Sr,1004.0,2.6894999999999953,0.9109028419164193,2.673144992839434,3.5840478347558533
971,2025,Bradley Ezewiro,UAB,81,Sr,1691.0,-0.44650000000000034,-1.663699227675135,5.240107901109905,3.57640867343477
972,2025,Jaylan Ouwinga,Toledo,80,Fr,1211.0,1.6604000000000099,-1.3445523030798823,4.920397611878314,3.5758453087984314
973,2025,Seth Hubbard,Toledo,76,Jr,2036.0,-0.905699999999996,0.1688476737953266,3.4056107645573652,3.574458438352692
974,2025,AD Diedhiou,UL Monroe,83,Sr,3181.0,-3.5579999999999927,-9.616195369073893,13.147496462985146,3.531301093911253
975,2025,Andrew Ball,Monmouth,80,Jr,2038.0,-2.4309000000000083,3.767253449689891,-0.23632318213353787,3.5309302675563528
976,2025,Leland Walker,Florida Atlantic,73,Jr,2996.0,3.2567000000000093,1.7595692548123247,1.7598561503656696,3.5194254051779943
977,2025,Ishmael Leggett,Pittsburgh,75,Sr,6302.0,9.571300000000008,0.2439474603854661,3.260749582530744,3.5046970429162103
978,2025,Jayden Taylor,NC State,76,Sr,4057.0,6.814499999999995,-0.8575477281466539,4.356425080762053,3.498877352615399
979,2025,Max Brooks,UMass Lowell,79,Sr,6290.0,-7.345700000000008,4.755352906039633,-1.277603854656041,3.477749051383592
980,2025,Jordan Longino,Villanova,77,Sr,3094.0,8.542299999999997,5.806519475439425,-2.3474151399273318,3.4591043355120936
981,2025,Rasheer Fleming,Saint Joseph's,81,Jr,2938.0,1.1529000000000025,5.888148752825657,-2.4401036359784043,3.448045116847253
982,2025,Markeith Browning II,Lindenwood,76,Sr,6617.0,-6.980099999999993,7.29593574630643,-3.8496433456482033,3.4462924006582267
983,2025,Boden Kapke,Butler,83,So,1185.0,12.865500000000011,-1.5958105131677787,5.041498942062794,3.445688428895015
984,2025,Keyshawn Hall,UCF,79,Jr,3318.0,12.0655,7.014081894286706,-3.5816918507915236,3.4323900434951824
985,2025,Reis Jones,Charleston Southern,82,Jr,4044.0,-1.084299999999999,-3.7917378967827307,7.221373770331059,3.4296358735483286
986,2025,AJ Smith,Charleston,76,So,4432.0,-3.2467999999999932,0.5059578749056719,2.914678793388613,3.420636668294285
987,2025,Jakobi Heady,Central Michigan,78,Sr,7026.0,-1.8464000000000027,3.338717906004069,0.07971998510117428,3.4184378911052433
988,2025,Nate Tshimanga,New Mexico State,82,Sr,1572.0,1.3958999999999975,5.897577628610463,-2.4832707997333348,3.4143068288771286
989,2025,Trey Autry,George Washington,76,So,2492.0,-0.9856999999999942,5.3960909646680255,-1.9824471399942218,3.4136438246738035
990,2025,Andrew Rohde,Virginia,78,Jr,5052.0,9.7808,1.3018468168301984,2.0996111645012774,3.401457981331476
991,2025,Chris Loofe,Middle Tennessee,83,So,1302.0,2.5849000000000046,-2.5064497376213355,5.901783980680668,3.3953342430593327
992,2025,Trae Benham,High Point,76,Sr,1326.0,-4.319999999999993,-1.5528654277613856,4.947563867416849,3.3946984396554636
993,2025,Jackie Johnson III,Fordham,71,Sr,5898.0,0.5812000000000097,5.153140462373104,-1.7898877186822926,3.3632527436908113
994,2025,Jaden Cooper,Columbia,74,So,220.0,-1.7013000000000034,4.129180325575084,-0.7773250986606903,3.3518552269143935
995,2025,Ryan Cornish,Dartmouth,77,Sr,5106.0,-4.632300000000001,0.6899030199838876,2.6613252823901403,3.351228302374028
996,2025,Martel Williams,California Baptist,75,Jr,3514.0,-3.973699999999994,7.261840311118967,-3.9119031199567464,3.349937191162221
997,2025,Taelon Peter,Liberty,76,Sr,2201.0,0.14820000000000277,2.961411733483768,0.3790946736489702,3.340506407132738
998,2025,Jalen Speer,Marshall,73,Sr,5474.0,-3.512299999999996,-1.2881347578993314,4.6259948826608515,3.3378601247615203
999,2025,Toyaz Solomon,UNC Asheville,81,Sr,6819.0,-4.584199999999996,3.471697346252167,-0.13817142085484102,3.333525925397326
1000,2025,Amier Ali,Arizona State,80,Fr,1665.0,15.3643,2.042079335251131,1.2821431772630563,3.3242225125141873
1001,2025,Vic Searls,Ohio,81,Sr,3660.0,-3.3804000000000087,-1.2618837585046765,4.5814777317727025,3.319593973268026
1002,2025,Kalu Anya,Saint Louis,80,Jr,2845.0,2.852099999999993,2.345701271019861,0.9700194265559913,3.315720697575852
1003,2025,Christian Tucker,California,75,Jr,2224.0,3.045199999999994,2.284288681536216,0.998165930650561,3.2824546121867773
1004,2025,Emmanuel Okpomo,New Hampshire,82,Sr,3734.0,-6.257199999999997,-4.879242090224871,8.153997239128,3.274755148903129
1005,2025,Ethan Taylor,Air Force,77,Sr,6968.0,3.9926999999999992,1.513727780629219,1.75761307501462,3.271340855643839
1006,2025,Cory Wells,Utah Valley,79,Sr,1038.0,-2.8819000000000017,1.063308598833919,2.2004515696599505,3.2637601684938695
1007,2025,Isaiah Rivera,DePaul,77,Sr,2427.0,7.283499999999989,-0.26201525732359343,3.499252013508708,3.2372367561851147
1008,2025,Elijah Stephens,American University,69,Sr,2661.0,-8.660499999999999,9.629644022469877,-6.404775977454303,3.2248680450155742
1009,2025,Stephen Olowoniyi,Southern Indiana,80,So,2441.0,-7.974999999999994,-4.189756988971484,7.408278230892867,3.2185212419213824
1010,2025,Justin Bieker,Utah Tech,77,Sr,4652.0,0.31279999999999575,-0.9302863364610232,4.095458193100625,3.165171856639602
1011,2025,Deivon Smith,St. John's,73,Sr,4464.0,8.253799999999998,1.783269738476961,1.3745320258900926,3.1578017643670533
1012,2025,Kahmare Holmes,Wofford,75,Fr,973.0,-1.4756,-0.956213809459625,4.108315684842662,3.1521018753830368
1013,2025,Daniel Johnson,Hampton,77,Fr,3134.0,-4.084800000000001,1.5738281434317374,1.57219282783158,3.1460209712633174
1014,2025,Joe Pridgen,Montana,77,Sr,2658.0,-0.5401999999999987,1.4399519282084565,1.672710460064599,3.1126623882730557
1015,2025,Jahlil White,La Salle,79,Sr,4982.0,1.1178000000000026,1.9203940059587545,1.1756330554474475,3.096027061406202
1016,2025,Jason Schofield,Marist,80,So,1924.0,-10.859400000000008,2.0514347936888635,1.0407354412166585,3.092170234905522
1017,2025,Kooper Jacobi,Eastern Illinois,78,Jr,4934.0,-4.972399999999993,6.551733952314148,-3.4621065544791136,3.0896273978350344
1018,2025,Benny Gealer,Stanford,73,Jr,1673.0,4.045200000000008,-1.2630428817742767,4.351809387148649,3.0887665053743727
1019,2025,Rob Brown III,Nicholls,76,Sr,5836.0,-0.6760000000000019,-0.7900460933338009,3.8693171723086603,3.0792710789748594
1020,2025,Sebastian Robinson,NJIT,73,So,5812.0,-7.296700000000001,-4.518027392340771,7.583088938054889,3.0650615457141175
1021,2025,George Ivory III,Mississippi Valley State,74,Sr,2584.0,2.2802000000000078,-2.099227193401208,5.130625712524234,3.0313985191230257
1022,2025,Niyi Olabode,UC Riverside,77,Sr,2274.0,1.7557999999999936,4.682011112102317,-1.6557903888054728,3.026220723296844
1023,2025,Dusty Stromer,Gonzaga,78,So,1793.0,5.429099999999991,2.2212304130344482,0.8033431195327236,3.024573532567172
1024,2025,Michael Houge,Jacksonville State,79,Sr,2202.0,1.4945000000000022,2.794017354846118,0.20175691469364487,2.995774269539763
1025,2025,Tre Carroll,Florida Atlantic,79,Jr,2415.0,2.9091999999999985,-0.18246246698720348,3.1756364414797376,2.9931739744925343
1026,2025,Enoch Kalambay,Western Kentucky,78,Sr,4030.0,3.3800000000000097,2.8527086998351856,0.13805440186089363,2.9907631016960794
1027,2025,Brayden O'Connor,George Mason,76,Jr,2525.0,0.8150999999999868,6.620531769597984,-3.642929087145903,2.977602682452081
1028,2025,Jadis Jones,Lindenwood,77,Fr,7031.0,-7.055199999999999,4.67485504474444,-1.7018259635056294,2.9730290812388107
1029,2025,Patrick McCaffery,Butler,81,Sr,3080.0,11.306200000000004,2.182940793361379,0.7872348532911744,2.9701756466525535
1030,2025,Jared Coleman-Jones,San Diego State,82,Sr,2024.0,9.709499999999991,0.7921482634873307,2.170865669574797,2.9630139330621277
1031,2025,Marcus Glover,Incarnate Word,80,Jr,1525.0,-6.343400000000003,5.387515413441436,-2.4250385711675873,2.962476842273849
1032,2025,Evan Ipsaro,Miami (OH),72,So,3742.0,-5.005099999999999,0.6340450930809944,2.32681285746743,2.9608579505484243
1033,2025,Ryan Kalambay,Detroit Mercy,81,Fr,2978.0,-1.9985999999999962,-7.79318040160485,10.741424735452213,2.948244333847363
1034,2025,Mitchell Saxen,Saint Mary's,82,Sr,2814.0,6.657299999999992,-1.929079068234794,4.854696165310658,2.925617097075864
1035,2025,Kole Williams,Florida International,76,Fr,1830.0,0.3094999999999999,-0.9073832844695461,3.793715217430913,2.886331932961367
1036,2025,Myles Rigsby,Troy,78,So,2521.0,-1.098399999999998,5.807919752317659,-2.927315455490085,2.880604296827574
1037,2025,D'Ante Bass,Alabama State,78,Jr,1363.0,-5.1768,1.913024538565109,0.9665602651891332,2.879584803754242
1038,2025,Gibson Jimerson,Saint Louis,77,Sr,3761.0,2.9603000000000037,2.993869592534317,-0.13658885616253036,2.8572807363717865
1039,2025,Michael Imariagbe,Wright State,79,Sr,3193.0,-3.831700000000012,3.4250768169726324,-0.572845344974923,2.8522314719977095
1040,2025,Babatunde Durodola,Temple,80,Fr,1534.0,-0.9834000000000032,-4.077127004200834,6.912272947227617,2.8351459430267827
1041,2025,Raekwon Horton,UTSA,78,Jr,5356.0,1.738900000000001,3.8969494217753673,-1.0636025907592512,2.833346831016116
1042,2025,Trevan Leonhardt,Utah Valley,76,So,2663.0,-1.924599999999998,1.6188591315363796,1.2061392996723588,2.8249984312087384
1043,2025,Luke Wilson,App State,81,So,1754.0,-1.9767999999999972,-0.7776650308217012,3.598114549959103,2.8204495191374015
1044,2025,Mambourou Mara,North Dakota,78,So,2296.0,-1.2541999999999973,6.670788318927324,-3.8724622281715444,2.798326090755779
1045,2025,Kobe Williamson,Seattle U,80,Sr,1256.0,-2.8622999999999905,7.258063521552846,-4.476238327508756,2.7818251940440906
1046,2025,Duncan Powell,Georgia Tech,80,Jr,2642.0,7.494399999999999,1.9153674083236907,0.8467894293049385,2.762156837628629
1047,2025,Kam Parker,Texas A&M-Corpus Christi,74,Jr,1427.0,-5.10629999999999,-0.7820690751424058,3.530359332725367,2.748290257582961
1048,2025,Ian Martinez,Utah State,75,Sr,2804.0,6.413599999999988,7.750827751382036,-5.024535594718978,2.7262921566630576
1049,2025,Afan Trnka,UT Martin,74,So,2399.0,-7.468699999999998,2.434608217237053,0.29121155086628914,2.7258197681033423
1050,2025,Jose Cuello,Maryland Eastern Shore,73,Jr,2566.0,-3.2331000000000074,-1.2403073064417942,3.9611449214313383,2.720837614989544
1051,2025,Maxime Raynaud,Stanford,85,Sr,3140.0,5.86760000000001,-4.2948382378074985,7.011350664296348,2.7165124264888494
1052,2025,Stoney Hadnot,South Dakota State,78,Fr,1634.0,-2.9726,5.127490686209098,-2.4306624202038267,2.6968282660052716
1053,2025,Jadin Collins-Roberts,Marist,73,So,5568.0,-10.7106,3.385077420282914,-0.7522889176237451,2.632788502659169
1054,2025,Rollie Worster,Nebraska,76,Sr,2385.0,11.980500000000006,0.7742823180583942,1.8533097203202695,2.6275920383786637
1055,2025,AJ Bates,Louisiana Tech,75,Fr,2652.0,0.736699999999999,4.2864499157683795,-1.680842598531091,2.6056073172372884
1056,2025,Sharron Young,Akron,72,Fr,1728.0,-3.588700000000003,2.9088669071231035,-0.305069573868068,2.6037973332550353
1057,2025,Dontrez Styles,NC State,78,Sr,4076.0,6.774100000000004,-1.7317844023538793,4.330702988822003,2.598918586468124
1058,2025,Dante Wilcox,Florida International,78,Sr,2768.0,0.24390000000001066,1.297099971739391,1.2965377017854558,2.5936376735248468
1059,2025,Luke Davis,Southern Indiana,80,Sr,8.0,0.756299999999996,-0.40620062480940944,2.9901659534186376,2.583965328609228
1060,2025,Ibrahim Souare,Georgia Tech,81,Fr,1503.0,5.926700000000011,-1.4402376370659349,4.021922148733896,2.5816845116679614
1061,2025,Wesley Cardet Jr.,Providence,78,Sr,3134.0,6.2012,7.458326102376924,-4.8789921201366635,2.579333982240261
1062,2025,Ronald Polite III,UNC Greensboro,74,Sr,4677.0,-1.566199999999995,-1.0770606587248888,3.645177241897174,2.5681165831722854
1063,2025,Wayne Bristol Jr.,Hampton,78,Sr,2870.0,-3.6835999999999984,-3.996147263489612,6.554932085406938,2.5587848219173264
1064,2025,Dontrez Williams,Abilene Christian,77,Fr,3024.0,-1.5815999999999946,9.297619245908388,-6.764392977407625,2.533226268500763
1065,2025,Kjay Bradley Jr.,San Diego,73,Jr,2101.0,1.6152000000000015,-0.031409713836048625,2.5616280918428784,2.53021837800683
1066,2025,Javonte Brown,Rhode Island,84,Sr,3714.0,-1.6358000000000033,-7.633167292033892,10.154497311565693,2.521330019531801
1067,2025,Royce Parham,Marquette,80,Fr,1143.0,11.248500000000007,1.1647234298666156,1.3498137600518487,2.5145371899184643
1068,2025,Mostapha El Moutaouakkil,Louisiana,78,Jr,4933.0,-2.359099999999998,8.26556315133498,-5.756550277579276,2.5090128737557045
1069,2025,Osiris Grady,Utah Valley,81,So,1608.0,-2.151300000000006,-2.39792950145973,4.896546820879429,2.498617319419699
1070,2025,Jaquan Johnson,Bradley,69,Fr,1623.0,1.4570000000000078,2.796423715962722,-0.306902462424548,2.489521253538174
1071,2025,Will Johnston,Loyola Marymount,75,Sr,5781.0,2.3123000000000076,-0.043902587470870086,2.53127188074987,2.487369293279
1072,2025,Brennen Burns,Sam Houston,70,Jr,1910.0,3.7989000000000033,2.161401131705476,0.3183422589456379,2.4797433906511137
1073,2025,Tuongthach Gatkek,Little Rock,81,Sr,5509.0,-9.037300000000002,3.273105639102285,-0.7981707234976545,2.4749349156046305
1074,2025,Reed Bailey,Davidson,83,Jr,6344.0,0.36879999999999313,0.6130730394133026,1.8573399605713754,2.470412999984678
1075,2025,Jhaylon Martinez,Niagara,83,Sr,3626.0,-8.391599999999997,-5.33536085298522,7.799851751023937,2.464490898038717
1076,2025,Noa Gonsalves,Utah Tech,73,Sr,6752.0,-1.0137999999999892,-1.0201253450856782,3.477675704643728,2.4575503595580495
1077,2025,Dian Wright-Forde,Texas A&M-Corpus Christi,75,Sr,1428.0,-0.575499999999991,2.7388562713529967,-0.2962952482375112,2.4425610231154855
1078,2025,Carl Parrish,Presbyterian,75,So,1709.0,-2.0644000000000062,-3.515574804208672,5.946407053613105,2.4308322494044328
1079,2025,Justin McBride,Nevada,79,So,3540.0,4.296300000000002,2.0097366138770036,0.40674691127137486,2.4164835251483785
1080,2025,Ahmad Robinson,Mercer,70,Sr,6514.0,-3.9169999999999874,-7.67513238632627,10.087235708600943,2.412103322274673
1081,2025,Augustas Marciulionis,Saint Mary's,76,Sr,3332.0,6.128499999999988,1.6911015944053416,0.6997908047448402,2.390892399150182
1082,2025,Tyler Whitney-Sidney,Lehigh,74,Sr,5320.0,-6.296700000000001,6.855644060551226,-4.46844326546738,2.387200795083846
1083,2025,Will Shortt,Niagara,80,Fr,2341.0,-7.68719999999999,0.8307130011315533,1.5241975303745425,2.354910531506096
1084,2025,Cooper Campbell,Troy,74,Fr,1436.0,-0.3691000000000031,1.5014703794636355,0.8474363125109827,2.3489066919746184
1085,2025,Sterling Young,Florida A&M,73,Sr,4408.0,-7.4512,7.494776151565748,-5.148293681344864,2.3464824702208844
1086,2025,Elijah Elliott,Southern Illinois,75,Fr,437.0,-3.9555000000000007,-1.028896566016042,3.3748010410448455,2.3459044750288034
1087,2025,Jasman Sangha,Canisius,80,Sr,2960.0,-3.4405,-0.02187879722516428,2.3643871314677423,2.342508334242578
1088,2025,Dane Erikstrup,Washington State,83,Sr,2763.0,3.146799999999999,-1.7301427800508238,4.067863848392882,2.3377210683420584
1089,2025,Justin Bailey,Wofford,75,Jr,2641.0,-0.7068999999999903,0.6976048792107661,1.6122806174000452,2.3098854966108116
1090,2025,Isaiah West,Samford,74,So,1151.0,-0.9418000000000006,2.0101401392395135,0.2965686168047925,2.306708756044306
1091,2025,Daniel Abreu,Drake,78,Sr,2602.0,1.049599999999998,0.7777895637551788,1.5242676243072284,2.302057188062407
1092,2025,Emil Skytta,Sacramento State,76,So,4515.0,-4.176500000000004,-1.6964118950416864,3.9977954939048512,2.301383598863165
1093,2025,Zaakir Williamson,Saint Peter's,79,Jr,985.0,-9.258099999999999,-0.07335557456596131,2.3743978290439145,2.301042254477953
1094,2025,Jhamir Brickus,Villanova,71,Sr,2737.0,8.179299999999998,5.576945359722899,-3.2877585289965348,2.289186830726364
1095,2025,Asim Jones,Florida International,74,Jr,4480.0,-1.3353000000000037,6.255485893761357,-3.9690532745830422,2.2864326191783144
1096,2025,Kobe Julien,Arkansas State,78,Sr,2516.0,0.06629999999999825,0.7789954520239266,1.4919457318710605,2.270941183894987
1097,2025,Mekhi Collins,Nicholls,80,Sr,3232.0,1.045100000000005,0.8124576040658652,1.4583154892475214,2.2707730933133865
1098,2025,Rahdir Hicks,Towson,72,Sr,993.0,-0.2224999999999966,0.6526620532712611,1.6154869185822065,2.2681489718534675
1099,2025,Deyton Albury,Utah State,74,Sr,1720.0,6.652500000000003,1.315939401865036,0.9408484132561621,2.256787815121198
1100,2025,Micah Peavy,Georgetown,80,Sr,3567.0,6.130500000000012,2.0270086322575795,0.20464394566311528,2.231652577920695
1101,2025,Kasen Harrison,Winthrop,74,Sr,3397.0,-3.4621999999999957,2.8997409774321463,-0.6797047841750847,2.2200361932570614
1102,2025,Woody Newton,George Mason,81,Sr,2012.0,0.9520000000000124,3.089979940782005,-0.8707249203895937,2.2192550203924117
1103,2025,Sheridan Sharp,Southern Illinois,75,So,1411.0,-0.013700000000000045,1.5291046119383185,0.6767595481930223,2.2058641601313407
1104,2025,Kaleb Glenn,Florida Atlantic,78,So,2822.0,3.287300000000002,5.455517048496903,-3.2504059058919204,2.2051111426049825
1105,2025,Austin Green,Texas State,80,Jr,920.0,-5.452399999999997,-0.7285298589759291,2.928561423669014,2.200031564693085
1106,2025,Donovan Rivers,Jacksonville,81,So,1317.0,-1.0516000000000076,-1.1063109951089922,3.306272125794294,2.1999611306853017
1107,2025,Ashton Williamson,Florida International,74,Fr,4604.0,-1.0330000000000013,8.777134661688509,-6.577991592850825,2.1991430688376834
1108,2025,David Terrell Jr.,UTEP,76,So,5796.0,1.9402000000000044,-0.15589953369484544,2.3444846048780863,2.188585071183241
1109,2025,Joe Bamisile,VCU,76,Sr,2432.0,1.241100000000003,2.5412496090296885,-0.3654563066895482,2.17579330234014
1110,2025,Te'Jon Sawyer,Montana,80,Sr,2216.0,-0.7085000000000008,-6.161075901041638,8.330353188451966,2.1692772874103277
1111,2025,Kyrese Mullen,Hampton,79,Jr,2846.0,-2.188900000000004,-5.01015934676863,7.1779157513502785,2.167756404581649
1112,2025,Sebastian Hartmann,Eastern Washington,77,So,5600.0,-1.7546999999999997,2.2170766111010405,-0.06337807140811932,2.1536985396929214
1113,2025,Max Agbonkpolo,Montana State,81,Sr,4882.0,-1.873199999999997,-1.3158217588268077,3.4579549592018797,2.142133200375072
1114,2025,JJ White,Omaha,73,Sr,2825.0,-1.7426999999999992,1.797721639026319,0.33965550307046516,2.1373771420967844
1115,2025,Taylor Bol Bowen,Florida State,82,So,4272.0,7.530600000000007,-1.6289355087283726,3.7656538270130184,2.136718318284646
1116,2025,Marcus Overstreet,Mercer,81,So,2134.0,-3.927599999999998,5.633211295630913,-3.503008451420514,2.1302028442103986
1117,2025,Sincere Parker,McNeese,75,Jr,1550.0,0.7027999999999963,-0.4595310807611894,2.539911936461927,2.0803808557007377
1118,2025,Jake Heidbreder,Clemson,77,Jr,1123.0,7.560199999999995,3.142127065512676,-1.063837637071897,2.078289428440779
1119,2025,Godswill Erheriene,Seton Hall,81,Fr,1242.0,10.9653,-3.9608070985762573,6.0289266769530885,2.068119578376831
1120,2025,Kario Oquendo,SMU,76,Jr,2245.0,5.332400000000007,1.5880810868143298,0.46232374156646294,2.0504048283807927
1121,2025,Chibuzo Agbo,USC,79,Sr,3006.0,12.649200000000008,-8.52178230401035,10.561496431551772,2.039714127541423
1122,2025,Raymond Somerville,Delaware State,83,Sr,1858.0,-6.164199999999994,-2.3597408514479397,4.387961617714106,2.0282207662661667
1123,2025,KyKy Tandy,Florida Atlantic,74,Sr,2375.0,2.347999999999999,-0.09281208213462633,2.1065455486129014,2.013733466478275
1124,2025,Jamari Sibley,Southern Utah,80,Sr,1614.0,0.04569999999999652,-0.5687227395321868,2.5777431485144935,2.0090204089823067
1125,2025,Malek Abdelgowad,Massachusetts,82,Jr,2478.0,-0.620599999999996,7.962179719545994,-5.9541250308209515,2.008054688725043
1126,2025,Ethan Price,Washington State,82,Sr,3158.0,4.099599999999995,-6.180941311392908,8.181313958682306,2.0003726472893986
1127,2025,Denzel Hines,Coastal Carolina,79,So,4369.0,-5.0597000000000065,3.542488362888233,-1.560478670941979,1.982009691946254
1128,2025,Nick Ellington,Murray State,79,Sr,4068.0,0.9054999999999893,-2.5717898889559154,4.552610443988757,1.980820555032842
1129,2025,Quentin Bolton,Arkansas-Pine Bluff,78,Jr,3816.0,-8.728799999999993,-2.688164237313868,4.6586192281970185,1.9704549908831503
1130,2025,Jalen Ware,Maryland Eastern Shore,80,Sr,2846.0,1.1718000000000046,-3.605319770285978,5.566604093988998,1.96128432370302
1131,2025,Dante Sawyer,Arkansas-Pine Bluff,76,Jr,3811.0,-6.898700000000005,5.343642191973124,-3.3841480026483115,1.9594941893248121
1132,2025,Jaxon Pollard,Queens University,79,Sr,1516.0,-3.5797999999999917,0.3701116623165621,1.581836936142616,1.951948598459178
1133,2025,Keenan Garner,IU Indianapolis,78,Fr,3859.0,-2.4476999999999975,1.0390554299517727,0.9068063144250189,1.9458617443767916
1134,2025,Tramon Mark,Texas,77,Sr,1890.0,15.573300000000003,4.629966757505652,-2.7002343105132667,1.9297324469923849
1135,2025,Treyton Thompson,Stetson,83,Jr,2724.0,-1.9400999999999868,-6.0767553693491925,7.996647512816749,1.9198921434675569
1136,2025,Cesare Edwards,Georgia State,82,Sr,5719.0,-2.3001000000000005,-4.452539760327214,6.365810872788183,1.9132711124609685
1137,2025,Jacari White,North Dakota State,75,Sr,5824.0,-3.5656000000000034,-1.0427942655986713,2.955804425931987,1.9130101603333158
1138,2025,Daniel Rouzan,Bethune-Cookman,80,Jr,5382.0,-7.329799999999992,6.945187226332646,-5.033069755283634,1.9121174710490116
1139,2025,Eric Mulder,Purdue Fort Wayne,80,Jr,3830.0,-3.4081999999999937,-3.4607182469696434,5.361343603193801,1.900625356224158
1140,2025,Matt Allocco,Notre Dame,76,Sr,4966.0,6.7239,-2.8504529575945208,4.740396211932694,1.8899432543381733
1141,2025,Isaiah Folkes,Charlotte,76,Sr,2360.0,-2.431600000000003,-6.386019746018406,8.269476717722739,1.8834569717043328
1142,2025,Aidan Noyes,Belmont,79,Jr,2654.0,-1.466300000000004,2.635107297850534,-0.7522176750456795,1.8828896228048546
1143,2025,Landin Hacker,Bellarmine,72,Jr,2786.0,-4.591099999999997,3.8792339439107364,-2.0133402935920532,1.8658936503186832
1144,2025,Dai Dai Ames,Virginia,73,So,4354.0,9.392800000000008,5.6046075676703895,-3.744674629923111,1.8599329377472786
1145,2025,Jamahri Harvey,Presbyterian,77,Sr,2477.0,-3.336200000000005,-2.8224445519831445,4.679024829495194,1.85658027751205
1146,2025,Kelton Talford,Winthrop,79,Sr,3234.0,-3.6747000000000014,0.67986056944611,1.1726855837127053,1.8525461531588152
1147,2025,Drake Powell,North Carolina,78,Fr,2492.0,13.303899999999999,-2.8457080265210184,4.694864165307978,1.8491561387869595
1148,2025,Khalil Brantley,Oklahoma State,73,Sr,1971.0,8.72959999999999,-3.1208716157443703,4.969264908009541,1.848393292265171
1149,2025,Cam Denson,Long Beach State,79,Sr,3460.0,-1.466799999999992,5.477667170284724,-3.6299389001814903,1.847728270103234
1150,2025,Kobe Johnson,Saint Louis,76,Sr,2719.0,4.273200000000003,1.4902408684918436,0.34435386251117395,1.8345947310030175
1151,2025,Samet Yigitoglu,SMU,86,Fr,2134.0,7.6922,-3.9791855331399173,5.804534810969423,1.8253492778295053
1152,2025,Bryson Ogletree,North Carolina A&T,76,So,3148.0,-3.5897000000000077,1.3460835168455056,0.47168284833824226,1.817766365183748
1153,2025,Chas Stinson,Stonehill,76,Jr,5324.0,-9.323700000000002,8.01401596676728,-6.200145431828371,1.8138705349389088
1154,2025,Nick Dorn,Elon,79,So,2363.0,-2.601299999999995,1.3749764746642956,0.4242342261479113,1.799210700812207
1155,2025,Eli Wilborn,Duquesne,80,So,1832.0,3.679099999999991,13.130011538020968,-11.341087308217672,1.7889242298032961
1156,2025,Brandon Rechsteiner,Virginia Tech,73,So,3702.0,6.292000000000002,-3.22679962627343,4.999542899910829,1.7727432736373991
1157,2025,Sam Sherry,Elon,83,Sr,2844.0,-4.362899999999996,0.1747485853431039,1.567996152421376,1.7427447377644798
1158,2025,Nigel Burris,Weber State,79,Jr,4895.0,-2.7028999999999996,-5.008814605027363,6.749343781074839,1.7405291760474757
1159,2025,Jean Aranguren,Hofstra,75,So,6140.0,-3.292500000000004,-1.25260083960679,2.963727313815263,1.711126474208473
1160,2025,Jakub Necas,Duquesne,80,So,4066.0,2.200300000000013,-3.763103086920415,5.474214065686618,1.7111109787662029
1161,2025,Khalif Battle,Gonzaga,77,Sr,2679.0,8.088300000000004,4.037086210619862,-2.3264033862297904,1.710682824390072
1162,2025,CJ Noland,New Mexico,76,Sr,2202.0,6.180099999999996,1.814559332772769,-0.10611001682072607,1.7084493159520429
1163,2025,CJ Hines,Alabama State,74,Sr,2824.0,-8.791000000000011,4.3721728305476155,-2.6752029168390665,1.696969913708549
1164,2025,Zavian McLean,Florida Gulf Coast,76,Sr,2676.0,-5.274299999999997,1.8889387504193476,-0.20578407338811777,1.6831546770312298
1165,2025,George Smith,Pennsylvania,76,Sr,3611.0,-2.8611999999999966,2.5425085100539224,-0.8634881490401067,1.6790203610138157
1166,2025,Braedan Lue,Kennesaw State,80,Fr,5312.0,2.8954000000000093,1.927826934964453,-0.2600850327537127,1.6677419022107403
1167,2025,MJ Collins Jr.,Vanderbilt,76,Jr,1957.0,11.3172,-1.5128274400257506,3.174609961273139,1.6617825212473885
1168,2025,Jake Tavroff,Columbia,81,Sr,2132.0,-4.362300000000005,3.149757564017383,-1.4906628755223186,1.6590946884950646
1169,2025,Anthony Robinson II,Missouri,75,So,2161.0,11.215900000000005,-1.3626372459168552,3.0151867127108787,1.6525494667940235
1170,2025,Demetrus Johnson II,West Georgia,72,Jr,3942.0,-2.379000000000005,-3.8734329016193647,5.518334824315082,1.6449019226957176
1171,2025,Maximo Milovich,UC San Diego,80,Sr,1222.0,-4.118499999999997,-1.29831380917383,2.938745186328137,1.6404313771543069
1172,2025,Tony Duckett,San Diego,77,Fr,2193.0,2.563999999999993,3.4895923455531412,-1.851731222413603,1.6378611231395381
1173,2025,Jefferson De La Cruz Monegro,Valparaiso,75,Jr,6223.0,0.0992999999999995,-0.17240285658092247,1.7931542589884955,1.6207514024075729
1174,2025,Legend Geeter,Detroit Mercy,80,Jr,3606.0,-2.558399999999992,-3.5139252151524043,5.113927557659005,1.6000023425066003
1175,2025,Chad Moodie,Alabama A&M,80,So,5073.0,-10.061300000000003,0.9644653374885106,0.6038425816324278,1.5683079191209384
1176,2025,Patrick McMahon,Montana State,79,Jr,4590.0,-2.6895999999999987,2.2080244820779598,-0.6510504691366985,1.5569740129412613
1177,2025,Brandin Cummings,Pittsburgh,75,Fr,2720.0,5.663900000000012,0.824986871808317,0.7195123666767524,1.5444992384850695
1178,2025,Noah Waterman,Louisville,83,Sr,1675.0,11.3677,2.438139209513552,-0.9207030632262709,1.517436146287281
1179,2025,Casey Simmons,Yale,78,Jr,1901.0,-1.4751000000000118,4.054247594292734,-2.5389252567457126,1.5153223375470217
1180,2025,Tyler Powell,Eastern Washington,77,Sr,3341.0,-1.3060000000000116,3.9018509174112808,-2.396951065836483,1.5048998515747978
1181,2025,Jack Karasinski,Bellarmine,79,So,3296.0,-6.092699999999994,2.249963090987559,-0.7462253929878269,1.5037376979997321
1182,2025,Lee Dort,California,82,Jr,2778.0,7.345500000000001,-2.6254417888002353,4.12789556723691,1.5024537784366752
1183,2025,Isaiah Sy,Oregon State,79,So,1618.0,1.5183999999999997,6.142151566060292,-4.646027541483431,1.4961240245768614
1184,2025,Santiago Trouet,San Diego,82,So,2866.0,1.9296000000000078,-2.098863275413207,3.5810068788860847,1.4821436034728777
1185,2025,Elijah Moore,Syracuse,76,Fr,1236.0,8.352300000000014,-2.6400455878720965,4.11724292324425,1.4771973353721535
1186,2025,Hakim Byrd,Utah Tech,70,Sr,6142.0,-1.0191999999999979,2.7479941103265437,-1.2727511087439332,1.4752430015826106
1187,2025,Caleb Zurliene,Campbell,80,Sr,3888.0,-3.5263999999999953,4.546894640771432,-3.076796885205381,1.4700977555660515
1188,2025,Aaron Gray,Indiana State,79,Sr,3527.0,0.5210000000000008,2.668302379487493,-1.216893787400523,1.4514085920869702
1189,2025,Isaiah Gray,Akron,75,Sr,2627.0,-2.6333000000000055,-5.396120602488166,6.834308176454643,1.4381875739664771
1190,2025,Jonah Hinton,St. Bonaventure,75,So,2564.0,1.160199999999989,1.792190432323565,-0.36070240606165754,1.4314880262619074
1191,2025,Nasir DeGruy,Abilene Christian,76,Jr,3590.0,-2.2817000000000007,7.361828121599057,-5.937143374977711,1.4246847466213461
1192,2025,Cayden Vasko,Central Michigan,78,So,6428.0,-2.261899999999997,-1.1214048908956153,2.5323344789286057,1.4109295880329904
1193,2025,Chuck Harris,SMU,74,Sr,2562.0,5.615199999999987,-2.31540472199515,3.7220498278538656,1.4066451058587157
1194,2025,Marcus Rigsby Jr.,Troy,75,Jr,2080.0,-1.2150000000000034,-0.18778640216723808,1.5856500104183482,1.39786360825111
1195,2025,Posh Alexander,Dayton,72,Sr,1456.0,4.166399999999996,0.8909409983396868,0.4744028316582325,1.3653438299979193
1196,2025,P.J. Haggerty,Memphis,75,So,3493.0,6.7423,-0.7033360358581788,2.068602024195912,1.3652659883377334
1197,2025,James White,New Orleans,77,Sr,4360.0,3.6270999999999987,0.9716409586794631,0.3929924539684059,1.364633412647869
1198,2025,Killian Gribben,Maine,82,Jr,2820.0,-7.1617999999999995,-8.849679629836238,10.196662098109,1.3469824682727616
1199,2025,Tyler Tejada,Towson,80,So,2609.0,-3.302199999999999,2.4322454405695915,-1.0914791042272252,1.3407663363423663
1200,2025,Stephon Payne,Jacksonville,81,Jr,1890.0,-2.7371000000000123,-6.386875577347331,7.714515166751419,1.3276395894040887
1201,2025,Jacob Crews,Missouri,80,Sr,1278.0,10.680700000000002,-3.135812313059591,4.457271910259046,1.3214595971994552
1202,2025,Des Watson,Loyola Chicago,77,Sr,3430.0,0.245900000000006,2.4723834248605074,-1.151730151883684,1.3206532729768234
1203,2025,Duke Deen,Bradley,68,Sr,3351.0,1.3691999999999922,-4.124923825101387,5.440945175309174,1.3160213502077873
1204,2025,Marquel Sutton,Omaha,79,Sr,3505.0,-1.6799000000000035,-1.5859909624152946,2.899363563613675,1.3133726011983804
1205,2025,Zaakir Sawyer,Prairie View A&M,77,Sr,2184.0,-10.391800000000003,6.576146726142371,-5.266047439428264,1.3100992867141068
1206,2025,Amarion Dickerson,Robert Morris,79,Jr,2857.0,-5.005600000000001,-3.2202550406584187,4.529654243848888,1.3093992031904689
1207,2025,Logan Woods,Wright State,77,So,4484.0,-2.934600000000003,-0.25229452714624134,1.552827439527647,1.3005329123814056
1208,2025,Marcus Millender,UTSA,71,So,6680.0,1.4835999999999956,2.302655397017701,-1.0357811574721316,1.2668742395455694
1209,2025,Thomas Batties III,Harvard,79,So,5109.0,-2.5959000000000003,-4.936891349051135,6.187764987066922,1.2508736380157872
1210,2025,Jalen Breazeale,Morehead State,71,Jr,2376.0,-1.5482999999999976,9.56771760055517,-8.317506245068948,1.250211355486222
1211,2025,Josh Harris,North Florida,80,Fr,4600.0,-4.5434999999999945,4.3959208263594585,-3.148006841111365,1.2479139852480934
1212,2025,Johnathan Massie,North Texas,78,Sr,1565.0,1.8947000000000003,-2.2089546490362806,3.453706796347567,1.2447521473112864
1213,2025,Roger McFarlane,Boston College,76,Sr,4360.0,4.078900000000004,-3.119568899377108,4.359175227289647,1.239606327912539
1214,2025,Seth Trimble,North Carolina,75,Jr,2692.0,13.860599999999991,-0.5230700059261784,1.7369411991933,1.2138711932671216
1215,2025,Bo Montgomery,UNC Wilmington,77,Sr,2017.0,-3.5560000000000116,2.6463332267502846,-1.4426878604090778,1.2036453663412068
1216,2025,Charlie Williams,Lipscomb,82,Jr,1621.0,-4.401100000000014,-4.2144753029843995,5.411271844430546,1.1967965414461466
1217,2025,Romeo Myrthil,Dartmouth,74,Sr,5402.0,-3.9435000000000002,1.3785743821481686,-0.18297847454878347,1.1955959075993852
1218,2025,Rongie Gordon,Kennesaw State,80,Jr,4544.0,2.207099999999997,-5.06490599530233,6.236038464105403,1.1711324688030729
1219,2025,Colby Rogers,Memphis,76,Sr,2915.0,7.143299999999996,-3.8412181727084675,5.012029641259271,1.170811468550803
1220,2025,Brody Peebles,Belmont,74,Sr,3130.0,0.42430000000000234,1.3167960760069588,-0.14814294243953757,1.1686531335674213
1221,2025,Landon Wolf,Illinois State,77,So,2146.0,0.258899999999997,-0.8774976931564202,2.0239085588416024,1.1464108656851821
1222,2025,Xaivian Lee,Princeton,75,Jr,5222.0,-1.1864000000000061,1.9251472103624212,-0.7846187247440045,1.1405284856184168
1223,2025,Ethan Pickett,UIC,76,Sr,3523.0,1.382400000000004,0.954788479794936,0.17023857136536855,1.1250270511603044
1224,2025,Xavier Lipscomb,Mount St. Mary's,74,Sr,3107.0,-5.874200000000002,-1.2136094305703495,2.3369873309274407,1.1233779003570912
1225,2025,Lachlan Brewer,Sacramento State,78,Fr,5025.0,-4.6259000000000015,-3.5329128006278974,4.634457186027867,1.1015443853999698
1226,2025,Christian Fermin,VCU,82,Jr,1712.0,0.7704999999999984,-2.967456684653243,4.06741432970728,1.0999576450540367
1227,2025,Harlan Obioha,UNC Wilmington,84,Jr,1990.0,-2.879499999999993,-5.318488211131754,6.411230786397914,1.0927425752661595
1228,2025,Robby Beasley,San Francisco,75,Sr,954.0,1.874299999999991,4.463605085151619,-3.3803179436602724,1.083287141491347
1229,2025,Perry Smith Jr.,North Carolina Central,81,Jr,5926.0,-7.63069999999999,-1.8187429602411997,2.8981772924490263,1.0794343322078266
1230,2025,Ibu Yamazaki,Radford,79,Jr,1986.0,-2.4620999999999924,-2.1412490694106148,3.212774614780808,1.0715255453701933
1231,2025,Tymu Chenery,Binghamton,78,Sr,6730.0,-8.573600000000013,-4.953365918002131,6.022017802207628,1.0686518842054973
1232,2025,Pape N'Diaye,UNLV,84,Fr,2288.0,6.4454000000000065,-4.899467255168741,5.953922480992816,1.054455225824075
1233,2025,Andre Curbelo,Southern Miss,73,Sr,1530.0,-3.072100000000006,1.7555499099966596,-0.7121570383419842,1.0433928716546754
1234,2025,Curtis Givens III,LSU,75,Fr,3640.0,12.05080000000001,1.7048658602825317,-0.6633270329759311,1.0415388273066006
1235,2025,Emmanuel Tshimanga,New Mexico State,84,Sr,3166.0,2.408399999999986,-2.3290618413537896,3.3661528685324047,1.0370910271786151
1236,2025,Stephan Swenson,UC Santa Barbara,74,Sr,2692.0,-2.3064999999999998,-2.1284473422667745,3.1574172271832683,1.0289698849164939
1237,2025,Kohen Rowbatham,New Orleans,72,Fr,3360.0,-2.449699999999993,4.863624297530447,-3.836884102358866,1.0267401951715813
1238,2025,Puff Johnson,Penn State,80,Sr,2404.0,0.04059999999999775,3.2420023331250962,-2.2166393409133343,1.025362992211762
1239,2025,TJ Wainwright,Long Beach State,75,Jr,5022.0,-1.5955000000000013,1.3936256835186938,-0.37712370782923843,1.0165019756894553
1240,2025,Jamie Phillips Jr.,Stetson,77,Fr,4704.0,-6.600200000000001,-1.8527341804206894,2.868779795810781,1.0160456153900914
1241,2025,Dusan Neskovic,Richmond,80,Sr,4524.0,3.03540000000001,5.752516956547767,-4.736930689796975,1.015586266750792
1242,2025,Diante Smith,UT Arlington,79,Sr,2618.0,-0.837299999999999,3.995615116181942,-2.982500590592743,1.0131145255891991
1243,2025,Miles White,Lipscomb,75,Jr,1394.0,-4.608599999999996,-3.3421975040325393,4.353487429865002,1.0112899258324624
1244,2025,Wooga Poplar,Villanova,77,Sr,2896.0,8.093999999999994,-0.33953211392180105,1.3431700106807725,1.0036378967589714
1245,2025,Kael Combs,Drake,76,So,748.0,3.4076999999999913,-1.3543880944443398,2.337354953048324,0.9829668586039844
1246,2025,Theo Grant,New Orleans,75,Jr,3042.0,-0.7351999999999919,5.992342602036908,-5.012239941898856,0.9801026601380523
1247,2025,Alston Andrews,Delaware State,82,Jr,4362.0,-8.425600000000003,-8.91470610907944,9.891091961072009,0.9763858519925694
1248,2025,Lamar Washington,Pacific,76,Jr,7001.0,2.2930000000000064,0.30072214009724946,0.6726702367291322,0.9733923768263817
1249,2025,Emmanuel Kuac,Detroit Mercy,79,Sr,3028.0,-3.3411000000000115,-2.811989005292243,3.7618385443742035,0.9498495390819603
1250,2025,Sione Lose,UC Davis,76,Jr,1011.0,1.6058000000000021,2.7073825681945323,-1.773340717081961,0.9340418511125712
1251,2025,Shane Dezonie,Temple,77,Jr,2015.0,0.20070000000001187,3.5901179885686902,-2.666987901273253,0.9231300872954371
1252,2025,Tyje Kelton,Wagner,79,Sr,4490.0,-10.586100000000002,2.620300615982786,-1.7014061895920385,0.9188944263907475
1253,2025,Cord Stansberry,Western Carolina,76,Jr,6040.0,-0.45300000000000296,3.5632516145444173,-2.64493130008117,0.9183203144632475
1254,2025,Vasean Allette,TCU,74,So,2745.0,13.103700000000003,5.114848433406496,-4.228362748233305,0.8864856851731906
1255,2025,Max Burchill,South Dakota,76,Sr,2362.0,-3.5223999999999904,-4.768958440782218,5.643385007995748,0.8744265672135301
1256,2025,Isaiah Jackson,Drake,75,Sr,1491.0,0.5249000000000024,-4.703220672601946,5.576401727359599,0.8731810547576533
1257,2025,Jayvon Maughmer,Liberty,78,Sr,2821.0,0.34710000000001173,4.159785083722089,-3.290258024214575,0.8695270595075142
1258,2025,Jake Wahlin,Utah,82,So,2221.0,8.273300000000006,-2.535606430828227,3.4022202009847367,0.8666137701565098
1259,2025,Dexter Akanno,Utah State,77,Sr,2413.0,5.586199999999991,0.5942868893158555,0.24581119379280447,0.84009808310866
1260,2025,Tuburu Naivalurua,Oakland,78,Sr,6454.0,-0.5708999999999946,0.8355488175971169,-0.005976446102088029,0.8295723714950288
1261,2025,Javohn Garcia,McNeese,75,Sr,2556.0,-0.8179999999999978,-0.0988998603879255,0.8986910788906748,0.7997912185027493
1262,2025,Deven Dahlke,San Diego,74,Sr,2043.0,1.9812000000000012,-0.15216951266158363,0.9363722474771535,0.7842027348155699
1263,2025,Ja'Sean Jackson,Lamar,72,Sr,5298.0,-0.9791000000000025,-6.527781213247238,7.311782091794994,0.7840008785477561
1264,2025,Brandton Chatfield,Iowa State,82,Sr,1469.0,11.866,1.4371998069185539,-0.6628355313052507,0.7743642756133031
1265,2025,Xavier DuSell,Nevada,77,Sr,4208.0,4.830300000000008,0.4589468751724559,0.29770979363941086,0.7566566688118668
1266,2025,Nika Metskhvarishvili,Charlotte,80,Sr,2472.0,-0.7009999999999934,0.12298237136402945,0.621131357801452,0.7441137291654815
1267,2025,Jake O'Neil,Idaho State,76,Sr,5926.0,-4.253399999999999,1.5778055273870057,-0.8376539550534526,0.7401515723335531
1268,2025,Jailen Bedford,UNLV,76,Sr,4044.0,5.8446,0.7953370985201043,-0.05559182212683966,0.7397452763932646
1269,2025,Nick Spinoso,Pennsylvania,81,Sr,4279.0,-1.5742000000000047,4.029573590727641,-3.295211243638553,0.7343623470890881
1270,2025,Keshawn Williams,Colorado State,76,Sr,1416.0,3.3926000000000016,2.787687528596453,-2.1023120425187254,0.6853754860777275
1271,2025,Ola Ajiboye,Tennessee Tech,79,Jr,1741.0,-8.255200000000002,-2.504115855876978,3.1809927875628503,0.6768769316858725
1272,2025,Dion Brown,Boston College,75,Jr,4675.0,5.923000000000002,5.248026968099574,-4.576125826359102,0.6719011417404719
1273,2025,Nate Calmese,Washington State,74,Jr,3084.0,3.844300000000004,2.49144330955569,-1.823404814535599,0.6680384950200908
1274,2025,Connor Withers,Bryant,79,Sr,3547.0,-5.477599999999995,-0.7681481580874747,1.433938787361721,0.6657906292742464
1275,2025,Dorian Finister,Sam Houston,77,So,1825.0,4.566299999999998,8.179925617049285,-7.522319860419496,0.6576057566297893
1276,2025,Anthony Finkley,Saint Joseph's,78,So,2190.0,1.0666000000000082,8.377650478066744,-7.72196773975136,0.6556827383153845
1277,2025,Dionte Johnson,North Carolina Central,72,Jr,3678.0,-7.04010000000001,1.1827762662743684,-0.5283541477545377,0.6544221185198307
1278,2025,Brenton Knapper,Santa Clara,72,Jr,1417.0,3.266599999999997,-1.4832559076920364,2.132181060819219,0.6489251531271827
1279,2025,Tyonne Farrell,Rhode Island,78,Fr,1988.0,-3.4406000000000034,8.695922912297418,-8.047001224143795,0.6489216881536226
1280,2025,Sam Alajiki,Oral Roberts,79,Sr,3905.0,-1.126899999999992,-5.3967426301801975,6.0385187018952236,0.641776071715026
1281,2025,Brandon Murray,McNeese,77,Sr,1729.0,3.1333999999999946,1.1708349765390966,-0.5317904902298591,0.6390444863092375
1282,2025,Grady Lewis,Cal State Northridge,81,Jr,1509.0,-2.6713000000000022,-1.7041934517426918,2.328262322854988,0.6240688711122964
1283,2025,Donald Hand Jr.,Boston College,77,So,6104.0,5.5597000000000065,2.3372694340752767,-1.7275621815532025,0.6097072525220741
1284,2025,Jack Payne,Idaho,78,So,5228.0,-4.302500000000009,-1.3917020031454614,1.994297079016591,0.6025950758711296
1285,2025,Alem Huseinovic,Rice,76,Sr,4914.0,-2.837699999999998,5.295187727905654,-4.718504605553559,0.5766831223520956
1286,2025,Luke Barrett,Saint Mary's,78,Sr,3500.0,6.446799999999996,1.3986798403536729,-0.8284189335257999,0.570260906827873
1287,2025,Connor Kochera,Davidson,77,Sr,6184.0,0.527300000000011,7.311377159933011,-6.756614306516744,0.5547628534162667
1288,2025,Anton Brookshire,Austin Peay,74,Jr,4310.0,-3.2702000000000027,-7.4704011568737965,8.021361223814345,0.550960066940549
1289,2025,Brandon Whitney,Montana,73,Sr,2841.0,-1.3530999999999977,1.7741326336878251,-1.2626909804715687,0.5114416532162565
1290,2025,Nick Townsend,Yale,79,Jr,2464.0,-1.4474000000000018,-0.23034852944336515,0.7364246595811202,0.5060761301377551
1291,2025,Anthony Roy,Green Bay,77,Sr,2368.0,-0.27769999999999584,0.3536729721226364,0.149460687758312,0.5031336598809484
1292,2025,Fred Payne,Boston College,73,So,3251.0,6.622699999999995,0.15212796816938212,0.34175873505262633,0.49388670322200845
1293,2025,Toby Nnadozie,Coppin State,75,Jr,5842.0,-5.472700000000003,-4.23203121060081,4.724500562850793,0.4924693522499828
1294,2025,Mike Walz,Richmond,83,Jr,3784.0,2.461500000000001,2.027158114365992,-1.5466900500376979,0.4804680643282939
1295,2025,Jevon Porter,Loyola Marymount,83,Jr,5919.0,2.749200000000002,0.6382936815453434,-0.16145952808273578,0.4768341534626076
1296,2025,Juslin Bodo Bodo,High Point,83,So,2261.0,-4.732700000000008,-6.551914952924287,7.027764605629251,0.47584965270496404
1297,2025,Zine Eddine Bedri,Columbia,81,Jr,2819.0,-4.941100000000006,-1.0831554565130848,1.5567975396042932,0.4736420830912085
1298,2025,Klemen Vuga,Arkansas-Pine Bluff,81,Sr,3205.0,-3.7785999999999973,1.0092136728968173,-0.5551935489223649,0.45402012397445235
1299,2025,Devin Haid,Central Connecticut,77,Jr,4437.0,-12.723300000000009,8.099879029419998,-7.6467395451930695,0.45313948422692896
1300,2025,DeLonnie Hunt,Richmond,72,Sr,3410.0,-0.28520000000000323,-1.7345702122768354,2.1690167481397125,0.43444653586287707
1301,2025,Timaris Brown,IU Indianapolis,77,Jr,2503.0,-2.6184000000000083,-1.614518083917794,2.037452925037865,0.42293484112007107
1302,2025,Tre-Vaughn Minott,Portland State,81,Sr,4579.0,-5.726699999999994,-10.457016805227289,10.870543524898755,0.4135267196714665
1303,2025,Jack Kostel,Chattanooga,74,Sr,1561.0,-2.0278999999999883,1.8986421972780532,-1.486961179653062,0.4116810176249912
1304,2025,Wesley Robinson,Manhattan,79,Sr,2623.0,-8.723799999999997,-0.2498731618521699,0.6556798603534366,0.4058066985012667
1305,2025,Phillip Russell,VCU,72,Sr,2075.0,1.0083000000000055,1.3927574154357067,-0.9898731792335267,0.40288423620218006
1306,2025,Xzayvier Brown,Saint Joseph's,74,So,2985.0,1.9270999999999958,0.5608071460378692,-0.1637265819099526,0.3970805641279166
1307,2025,Kobe Young,Cal State Fullerton,79,Jr,4335.0,-1.4355999999999938,3.4163875080805943,-3.0224439684940765,0.39394353958651784
1308,2025,Shereef Mitchell,Ohio,73,Sr,4110.0,-4.654300000000006,2.3223790434404785,-1.9294831833841029,0.39289586005637567
1309,2025,Paulius Murauskas,Saint Mary's,80,So,2698.0,5.091200000000001,-2.735426410727866,3.1226782410598304,0.38725183033196453
1310,2025,Michael Ajayi,Gonzaga,79,Sr,1858.0,7.916399999999996,-0.5449090315879803,0.9283820668661851,0.38347303527820475
1311,2025,Clarence Rupert,Iona,80,Sr,3702.0,-8.464199999999991,-3.2054464214473657,3.5881708035058075,0.38272438205844184
1312,2025,Corey Thomas,Bradley,81,Jr,1154.0,1.9446000000000083,-3.1846449203390317,3.557955459516143,0.37331053917711143
1313,2025,Cris Carroll,Youngstown State,78,Jr,4442.0,-4.844300000000004,-4.781184552572549,5.1462193972242405,0.36503484465169134
1314,2025,Owen Larson,South Dakota State,73,Fr,2672.0,-0.45060000000000855,-4.510348919269292,4.859892530746244,0.34954361147695145
1315,2025,Zaon Collins,Fresno State,73,So,5902.0,6.958299999999994,-1.42734817192762,1.776385980050473,0.3490378081228531
1316,2025,Matteus Case,William & Mary,77,Sr,1842.0,-3.617199999999997,2.544721552369346,-2.204065016072481,0.34065653629686476
1317,2025,Da'Sean Nelson,Eastern Michigan,80,Sr,5404.0,-5.114500000000007,3.140436176702675,-2.8001231683720627,0.3403130083306123
1318,2025,Max Shulga,VCU,77,Sr,2908.0,1.487799999999993,-1.8515655816728391,2.183159162556141,0.3315935808833017
1319,2025,AJ Brown,Ohio,76,So,4918.0,-2.319499999999991,-1.748516753966849,2.07711771073574,0.328600956768891
1320,2025,Cam'Ron Brown,Coppin State,71,Jr,3652.0,-4.7971,-5.320970022228419,5.645327329275647,0.32435730704722765
1321,2025,Jordan Marsh,UNC Asheville,71,So,6525.0,-3.726299999999995,-3.519005213310247,3.842221235939995,0.3232160226297478
1322,2025,Dyondre Dominguez,Arkansas State,81,Sr,953.0,-1.919399999999996,-0.3854451564965613,0.7077007229708303,0.322255566474269
1323,2025,Zach Anderson,George Mason,79,Sr,1954.0,1.6521999999999935,-0.34517334098588215,0.6623910577280374,0.31721771674215526
1324,2025,Marcus Kell,Western Carolina,80,Jr,4920.0,-0.5400000000000063,-1.8602589962590854,2.176367272492829,0.3161082762337437
1325,2025,DJ Davis,Washington,73,Sr,3843.0,12.120500000000007,-1.1068442486437213,1.4045283975578027,0.29768414891408135
1326,2025,Chucky Hepburn,Louisville,74,Sr,3207.0,11.453800000000001,-2.9898689363408932,3.261436545030676,0.2715676086897827
1327,2025,Brock Felder,Southern Utah,80,So,2273.0,-2.1791999999999945,-1.708919234902342,1.968123343141774,0.25920410823943185
1328,2025,Elvin Edmonds IV,Bucknell,74,Sr,4549.0,-5.988599999999991,5.106062293936503,-4.848487506080106,0.257574787856397
1329,2025,Quentin Jones,Northern Illinois,77,So,7314.0,-4.616200000000006,2.0242809838233384,-1.7700288745466175,0.25425210927672093
1330,2025,Trent Middleton Jr.,Delaware,75,So,3038.0,-3.4461999999999904,3.426998655598453,-3.192141094847808,0.2348575607506449
1331,2025,Tyler Johnson,Mercer,74,Sr,6926.0,-3.5060999999999893,-1.6929886790481061,1.9257582411636824,0.2327695621155763
1332,2025,Tre Coleman,Nevada,79,Sr,4104.0,4.107900000000001,2.819926231400179,-2.5954095121160634,0.22451671928411576
1333,2025,Christian Coleman,UAB,80,Sr,2688.0,0.5296000000000021,3.4877761729170453,-3.2633474274482808,0.22442874546876457
1334,2025,Keishon Porter,North Carolina Central,77,Sr,5468.0,-7.789099999999991,1.9804149877476824,-1.7571390394985902,0.22327594824909225
1335,2025,Dola Adebayo,Mount St. Mary's,81,Jr,2677.0,-5.634399999999999,2.2861724585773704,-2.0849638348188435,0.20120862375852688
1336,2025,Jayson Woodrich,Oakland,79,Sr,3934.0,1.3965000000000032,-3.0981037561181393,3.291030503673424,0.19292674755528472
1337,2025,Chris Arias,Jacksonville,78,Fr,2249.0,-3.273600000000002,-4.9617715694539495,5.146900280941749,0.18512871148779908
1338,2025,Brandon Maclin,Radford,77,Jr,2439.0,-1.9709000000000003,1.7971387069937448,-1.6237199755465679,0.1734187314471769
1339,2025,Jonathan Dunn,Coppin State,79,So,3984.0,-5.036900000000003,1.6861178827484284,-1.5147697054054778,0.1713481773429506
1340,2025,Marquis Barnett,Kent State,76,Sr,1880.0,-1.5211000000000041,1.1711100238953063,-1.0014927825369266,0.16961724135837963
1341,2025,Philip Byriel,Princeton,81,Sr,2608.0,-1.073699999999988,-7.00373667889266,7.17078130545879,0.1670446265661294
1342,2025,Bez Mbeng,Yale,76,Sr,2572.0,-1.506299999999996,-4.764920464728884,4.928910004368882,0.1639895396399984
1343,2025,Sean Moore,UNC Wilmington,77,Sr,2409.0,-3.411699999999996,7.263342972557105,-7.100911690929866,0.16243128162723863
1344,2025,Tony Toney,UAB,74,Sr,2516.0,0.5801000000000016,4.327552299793773,-4.225664641840806,0.10188765795296639
1345,2025,Caleb Williams,Georgetown,79,Fr,1738.0,6.931100000000001,0.3830385216748158,-0.2853890148123268,0.09764950686248897
1346,2025,Cooper Craggs,Oakland,77,So,2350.0,0.8511999999999915,-1.988506321234745,2.0857246931399613,0.09721837190521643
1347,2025,Iaroslav Niagu,Jacksonville State,84,So,1065.0,2.0464999999999947,3.6346691630053414,-3.5579930369728707,0.07667612603247065
1348,2025,Mason Williams,Eastern Washington,77,So,4560.0,-2.9117999999999995,1.3585997542068649,-1.2828348113077155,0.07576494289914937
1349,2025,Luke Kearney,Air Force,79,So,5218.0,4.439700000000002,-0.8947497184013224,0.970223336052895,0.07547361765157257
1350,2025,Jalen Hampton,Missouri State,79,Jr,3474.0,-0.15720000000000312,1.5365191726269543,-1.4627143360424366,0.07380483658451764
1351,2025,Nakavieon White,Georgia Southern,79,Jr,4180.0,-4.700000000000003,3.223969056451044,-3.1659605092814127,0.05800854716963144
1352,2025,Ryan Beasley,San Francisco,71,So,2078.0,4.47290000000001,3.006850547965522,-2.9560700807088764,0.05078046725664542
1353,2025,Cam Bryant,Mercer,79,Sr,5348.0,-3.757400000000004,1.3671635866606247,-1.32807125311472,0.03909233354590458
1354,2025,Freddie Dilione V,Penn State,77,So,4683.0,10.05210000000001,-1.0717298706290572,1.1008173723083354,0.029087501679278205
1355,2025,Jayden Brown,Central Connecticut,80,Sr,4731.0,-12.534400000000005,-0.33102923417362007,0.3600950107530556,0.029065776579435543
1356,2025,Troy D'Amico,DePaul,79,Sr,2125.0,7.321200000000005,-0.8640280060459897,0.891975988595298,0.027947982549308303
1357,2025,Luke Flynn,Wofford,73,Fr,1830.0,0.32150000000000034,-1.1056603358706578,1.1238357749628527,0.01817543909219488
1358,2025,David Green,Rhode Island,79,Sr,4602.0,-1.593599999999995,1.006818897256074,-0.9891369009973948,0.017681996258679278
1359,2025,Noah Williams,James Madison,77,Sr,1740.0,-2.041700000000006,1.4829558090609378,-1.4659102118621883,0.01704559719874954
1360,2025,Javian McCollum,Georgia Tech,74,Sr,1766.0,4.382200000000012,1.5155054463386346,-1.499780199135719,0.015725247202915682
1361,2025,Brandon Johnson,Miami,80,Sr,5380.0,7.384,0.7434444432262488,-0.728459650975287,0.014984792250961831
1362,2025,Karon Boyd,East Tennessee State,77,Jr,5267.0,-3.325499999999991,2.3372985007102463,-2.3340535993423206,0.0032449013679256566
1363,2025,Darren Buchanan Jr.,George Washington,79,So,2572.0,-2.8174999999999955,-7.604399975915669,7.603673097904606,-0.0007268780110631923
1364,2025,Zaxton King,Missouri State,75,Fr,5252.0,0.4204000000000008,-4.204594553231396,4.1985656992324465,-0.006028853998949479
1365,2025,Kentrell Pullian,Milwaukee,72,Sr,4151.0,-2.9532999999999987,-3.6675142898689597,3.630459240589312,-0.037055049279647534
1366,2025,Rashad King,Northeastern,78,Jr,6708.0,-4.5257000000000005,-4.022858759730254,3.9679557659059483,-0.054902993824305746
1367,2025,Ian Jackson,North Carolina,76,Fr,2489.0,12.982699999999994,-0.1738870235353316,0.10516823948956766,-0.06871878404576393
1368,2025,Lazar Djokovic,Charleston,82,So,4408.0,-2.853100000000012,-3.136503707076007,3.0630208961484096,-0.07348281092759734
1369,2025,Jonathan Beagle,Richmond,82,So,2894.0,1.5690999999999917,7.383858341063235,-7.479930167592122,-0.09607182652888735
1370,2025,Nick Anderson,Furman,75,Sr,3141.0,-1.6662000000000035,3.2099208354975053,-3.3068911618233634,-0.09697032632585811
1371,2025,Dylan Godfrey,Canisius,80,So,4376.0,-4.664199999999994,2.8796301069312418,-2.9810944720101684,-0.10146436507892664
1372,2025,VonCameron Davis,Kent State,77,Sr,2742.0,-2.3932000000000073,-2.351436102251086,2.2342819468849027,-0.11715415536618323
1373,2025,Camian Shell,North Carolina A&T,70,Jr,6418.0,-3.374600000000001,2.1882213913969064,-2.3080950221872305,-0.11987363079032409
1374,2025,Collin Metcalf,Northeastern,81,Jr,3941.0,-4.118200000000002,-0.6529438842284963,0.5300936588070981,-0.12285022542139812
1375,2025,Montavious Myrick,Eastern Kentucky,80,Sr,4582.0,-4.752199999999988,-4.728557422243479,4.579017208939201,-0.14954021330427736
1376,2025,RJ Johnson,Charleston Southern,73,Jr,5861.0,-0.43030000000000257,0.08796760416292271,-0.23935570241311077,-0.15138809825018806
1377,2025,Christian Watson,Southern Miss,79,Jr,2996.0,-3.262299999999996,-2.4868000363663056,2.3192712571756138,-0.16752877919069187
1378,2025,Jamaine Mann,Gardner-Webb,78,Sr,5069.0,-2.848300000000009,-1.853141411288781,1.681856160955575,-0.17128525033320585
1379,2025,Joshua Streit,Omaha,81,Jr,1720.0,-1.9236000000000075,-4.15060207883466,3.9792032362940795,-0.17139884254058035
1380,2025,Brendan Terry,Southeast Missouri State,79,Jr,2481.0,-8.321699999999993,4.442811251748186,-4.6651231683269945,-0.22231191657880878
1381,2025,Paul Otieno,Quinnipiac,80,Sr,6076.0,-7.033199999999994,-2.123636137278085,1.8978597559305745,-0.22577638134751066
1382,2025,Nick McMullen,Georgia State,80,Sr,5307.0,-1.3721999999999923,-0.608530692626275,0.3787104616528312,-0.22982023097344384
1383,2025,Devin Ree,Louisiana Tech,80,Jr,2620.0,0.8965999999999923,1.1269722490523864,-1.3729736229160328,-0.2460013738636464
1384,2025,Michael Duax,Florida Gulf Coast,78,So,2132.0,-5.373800000000003,-4.461702296408045,4.215273079024461,-0.24642921738358403
1385,2025,Chico Johnson,South Carolina Upstate,75,Fr,4159.0,-1.307299999999998,-2.1638830944960383,1.9156270824997426,-0.24825601199629577
1386,2025,Brady Shoulders,Mercer,78,Fr,4818.0,-4.005300000000005,-7.695991999811433,7.419851560013315,-0.27614043979811775
1387,2025,Wes Peterson Jr.,Binghamton,78,Sr,4552.0,-9.2136,1.6777053601224763,-1.956694535159969,-0.27898917503749265
1388,2025,Matthew Mors,South Dakota State,79,Jr,2555.0,-1.4093000000000018,-0.22517086133769615,-0.06256378562307208,-0.2877346469607682
1389,2025,Vincent Delano,Portland,74,Fr,4361.0,2.281499999999994,-5.2751265385171875,4.98559232544274,-0.2895342130744476
1390,2025,Frankie Fidler,Michigan State,79,Sr,1682.0,12.312899999999999,1.4039744599732842,-1.7056420510488657,-0.3016675910755815
1391,2025,Atin Wright,North Texas,73,Sr,2735.0,1.6646999999999963,2.1170310519781985,-2.4206786082199665,-0.303647556241768
1392,2025,Nikolaos Chitikoudis,North Carolina A&T,78,So,4782.0,-3.7295999999999907,-2.030864060800336,1.72082898106229,-0.310035079738046
1393,2025,Ahron Ulis,Nebraska,75,Sr,1076.0,12.015799999999999,5.720353825630761,-6.047590207795576,-0.32723638216481454
1394,2025,Paul Bruns,South Dakota,76,Sr,2836.0,-3.3414000000000073,1.3388480001019358,-1.6686581278640256,-0.32981012776208973
1395,2025,Sincere Malone,Nicholls,80,Jr,3834.0,-0.3277000000000072,0.5174800939511855,-0.8569754530667903,-0.3394953591156048
1396,2025,Cooper Schwieger,Valparaiso,82,So,6893.0,0.5580000000000069,-10.408040081539578,10.067712795741064,-0.340327285798514
1397,2025,Carmelo Adkins,South Carolina Upstate,76,Fr,6123.0,-1.7190999999999974,-2.669029069315372,2.327094925614787,-0.3419341437005854
1398,2025,Garrison Keeslar,Chattanooga,79,Sr,3070.0,-0.7530999999999892,-0.11116573328188312,-0.23168464078216755,-0.34285037406405067
1399,2025,Tyler Betsey,Cincinnati,80,Fr,1083.0,6.290499999999994,5.91873144971143,-6.269061937767955,-0.35033048805652456
1400,2025,Ametri Moss,North Florida,72,Sr,2680.0,-1.1775999999999982,-4.393223269703738,4.037909658503894,-0.3553136111998443
1401,2025,Kayden Carter,Western Illinois,79,So,2406.0,-8.698599999999999,-2.354072657967386,1.9983607084658521,-0.35571194950153373
1402,2025,Jovan Blacksher Jr.,California,71,Sr,5298.0,9.001599999999996,-8.842932843134037,8.484883437198999,-0.35804940593503787
1403,2025,Isaiah Swope,Saint Louis,70,Sr,3499.0,2.9321000000000055,-4.5613435167086624,4.200532283298644,-0.3608112334100184
1404,2025,Jalen Blackmon,Miami,74,Sr,2100.0,0.6594999999999942,4.561255617496196,-4.94554225355645,-0.3842866360602546
1405,2025,Markus Burton,Notre Dame,72,So,5062.0,6.145800000000008,0.9811579082871724,-1.3723945684913836,-0.3912366602042112
1406,2025,Blake Peters,Princeton,73,Sr,4732.0,-1.4398000000000053,-2.292400126842798,1.8937258571851654,-0.3986742696576324
1407,2025,Miguel Tomley,Weber State,75,Sr,3900.0,1.0678000000000054,5.823024294731353,-6.24054275910063,-0.41751846436927664
1408,2025,Sam Orme,Belmont,81,Fr,3156.0,0.7274000000000029,0.05873329944926292,-0.4799930884393474,-0.4212597889900845
1409,2025,Saxby Sunderland,Chicago State,76,Jr,3930.0,-0.37400000000000944,4.833603394267698,-5.260213862337296,-0.42661046806959835
1410,2025,Jon Mani,Denver,79,Fr,2719.0,-2.064799999999991,-6.1987603618285,5.759228083205009,-0.4395322786234903
1411,2025,Cian Medley,Kent State,71,So,2414.0,-2.8688999999999965,1.0342410078414752,-1.4850370561822244,-0.45079604834074916
1412,2025,Jaylen Murray,Ole Miss,71,Sr,3044.0,15.006900000000002,0.745234019489569,-1.1963535624855428,-0.4511195429959738
1413,2025,Dallas Hobbs,Mount St. Mary's,73,So,2076.0,-5.595199999999991,9.951202888190844,-10.404428801415719,-0.45322591322487504
1414,2025,Justin Hill,Wichita State,72,Sr,2167.0,1.1859999999999928,-2.365942749636817,1.9033357176175225,-0.46260703201929454
1415,2025,Darryl Simmons II,Gardner-Webb,70,So,6103.0,-2.400800000000004,-3.8878546088876176,3.389745549651692,-0.4981090592359254
1416,2025,Kacper Klaczek,UAlbany,80,Sr,5872.0,-8.465400000000002,-1.3142174652822858,0.8110099731363096,-0.5032074921459762
1417,2025,Dieonte Miles,Morehead State,84,Sr,3277.0,-6.107399999999998,-8.832171829575024,8.321506761973378,-0.5106650676016464
1418,2025,Jacob Hutson,Northern Iowa,83,Sr,2025.0,1.1737000000000108,-6.494952742427992,5.968256569572392,-0.5266961728555994
1419,2025,Daniel Hankins-Sanford,Massachusetts,80,Jr,4200.0,1.2156999999999982,0.3300673167094623,-0.8590825399296342,-0.5290152232201719
1420,2025,Jaden Grant,Florida International,71,Sr,2376.0,0.4432999999999936,-1.8267736422862948,1.2964634305137108,-0.530310211772584
1421,2025,Jalen Barr,Iona,76,Sr,2080.0,-8.136600000000001,-4.757506104054206,4.208988318485714,-0.5485177855684924
1422,2025,Devon Barnes,UTEP,73,Jr,5094.0,2.4809000000000054,6.096481847227612,-6.6482312417986344,-0.5517493945710221
1423,2025,Trey Miller,UT Rio Grande Valley,74,Jr,6406.0,-2.133099999999999,2.4529902797485676,-3.0070479900254794,-0.5540577102769118
1424,2025,Juan Cranford Jr.,St. Francis (PA),75,Fr,2379.0,-7.506900000000002,4.726199574932056,-5.299841117788254,-0.5736415428561976
1425,2025,Rich Barron,Providence,77,So,3002.0,9.808899999999994,-0.10818854495284214,-0.48175648172299734,-0.5899450266758395
1426,2025,Jalil Bethea,Miami,77,Fr,3474.0,7.287199999999999,-0.5688338479321464,-0.02270678005064264,-0.5915406279827891
1427,2025,Vasilije Vucinic,Weber State,83,Sr,3106.0,-0.28190000000000737,-1.587872470666492,0.993352626474987,-0.5945198441915049
1428,2025,Cole Hargrove,Drexel,80,Jr,6084.0,-5.1965999999999894,-3.9561450381083696,3.3556631831224895,-0.6004818549858801
1429,2025,Kendal Coleman,California Baptist,80,Sr,4434.0,-1.2541999999999973,-2.8572162740989624,2.255420475178939,-0.6017957989200236
1430,2025,Ileri Ayo-Faleye,Vermont,80,Sr,6003.0,-7.770600000000002,-6.013668290380717,5.40870991827922,-0.604958372101497
1431,2025,Howie Fleming Jr.,UT Rio Grande Valley,77,Sr,5538.0,-3.2236000000000047,-0.9636784953658285,0.3443824149567467,-0.6192960804090818
1432,2025,Khalil Badru,New Hampshire,77,Fr,4472.0,-7.427199999999999,5.518471830986179,-6.1488554752480455,-0.6303836442618662
1433,2025,Shane Nowell,Portland State,78,Sr,3486.0,-3.754499999999993,-6.722045999453399,6.083828159714575,-0.6382178397388234
1434,2025,Camerin James,East Texas A&M,77,So,2332.0,2.2402999999999906,-1.5458637129557373,0.8956050525706154,-0.6502586603851219
1435,2025,Ryan Agarwal,Stanford,78,So,2574.0,5.897000000000006,0.8498314941464435,-1.5077380843126171,-0.6579065901661736
1436,2025,Breylin Garcia,South Carolina Upstate,78,Jr,2854.0,0.7837999999999994,-6.498354088236565,5.8180244958137495,-0.6803295924228152
1437,2025,Solo Ball,UConn,75,So,3000.0,10.625499999999988,-0.6769659511101924,-0.01634471253018077,-0.6933106636403732
1438,2025,Drew Thelwell,Iowa,75,Sr,4878.0,10.227899999999991,-0.19374224705330523,-0.5095084369829781,-0.7032506840362833
1439,2025,Amiri Stewart,Sacred Heart,75,Sr,5182.0,-8.147000000000006,1.042632929871885,-1.753183745781281,-0.7105508159093961
1440,2025,Rowan Brumbaugh,Tulane,76,So,3339.0,-0.6657999999999902,-3.938570840953193,3.22768826236744,-0.7108825785857533
1441,2025,Josh Banks,UNC Asheville,77,Sr,5977.0,-4.590900000000005,-5.198479226348015,4.469401181440402,-0.7290780449076131
1442,2025,AJ Ferguson,Murray State,78,Sr,6198.0,1.6770000000000067,-1.7825072277038436,1.0513233559172277,-0.7311838717866159
1443,2025,Malcolm Wrisby-Jefferson,Brown,76,So,4528.0,-5.243799999999993,-3.9368566590339844,3.18625648522893,-0.7506001738050543
1444,2025,Jordan Mizell,Tarleton State,74,Fr,2116.0,0.6687999999999903,-1.1294666258680626,0.37462039962195237,-0.7548462262461102
1445,2025,Peter Carey,Siena,83,So,1052.0,-7.497700000000009,-3.41442207002519,2.6586495256185874,-0.7557725444066028
1446,2025,Payton Sandfort,Iowa,80,Sr,6846.0,12.037499999999994,-1.1029736917738147,0.346479904375526,-0.7564937873982887
1447,2025,Jackson Sivills,Wofford,78,Sr,2046.0,0.5112000000000023,-6.668330662329861,5.9084169626046155,-0.7599136997252458
1448,2025,Sean Hansen,George Washington,81,Sr,1963.0,-1.6943000000000126,-2.2636174201837465,1.4998565926060277,-0.7637608275777188
1449,2025,Brayden Crump,Elon,80,Fr,1132.0,-4.0227,-1.0171674736655982,0.24452533979286528,-0.772642133872733
1450,2025,Tan Yildizoglu,VMI,76,So,5513.0,-4.808399999999992,1.7010276786448477,-2.4757933352550183,-0.7747656566101706
1451,2025,Asher Woods,Tulane,75,Jr,2655.0,0.026899999999997704,-0.15582437432535834,-0.6199631616998917,-0.7757875360252501
1452,2025,Pedro Lopez-Sanvicente,Denver,80,Sr,3788.0,-2.231899999999996,-0.9685235388878981,0.1903331588078373,-0.7781903800800608
1453,2025,Zion Stanford,Temple,77,So,2470.0,-0.7527000000000044,5.65262141476474,-6.435147606135214,-0.782526191370474
1454,2025,AJ McKee,Milwaukee,74,Sr,4659.0,-2.5408999999999935,-2.0393442471333585,1.251616550660952,-0.7877276964724065
1455,2025,Pearson Carmichael,Boise State,79,Fr,864.0,8.781199999999998,5.352362871368385,-6.140189339890378,-0.7878264685219936
1456,2025,Kobe Stewart,Presbyterian,79,Sr,3309.0,-3.2125000000000057,-0.5286753254583343,-0.25959952461286995,-0.7882748500712042
1457,2025,Juhlawnei Stone,Stephen F. Austin,79,Sr,4008.0,-2.537300000000002,-0.13141304689692102,-0.6569040206631043,-0.7883170675600253
1458,2025,Ben Tweedy,Green Bay,76,Fr,3800.0,-2.0938000000000017,1.4498093151018399,-2.2479616229654216,-0.7981523078635817
1459,2025,Ben Gregg,Gonzaga,82,Sr,2188.0,5.902000000000001,4.702935593280655,-5.50458495769284,-0.8016493644121852
1460,2025,Alex Holt,Mercer,80,Sr,5660.0,-2.9872000000000014,6.025922109198506,-6.838009748163214,-0.8120876389647078
1461,2025,Darius Ford,Alabama A&M,71,Sr,3608.0,-8.845799999999997,-0.2882701678699995,-0.5367060062538132,-0.8249761741238126
1462,2025,Dominique Daniels Jr.,California Baptist,70,Jr,5398.0,-2.0738000000000056,4.384773658778771,-5.210074939859252,-0.8253012810804812
1463,2025,Aidan Burke,UC San Diego,75,So,1291.0,-3.419300000000007,-5.211110557019835,4.371523512644459,-0.8395870443753761
1464,2025,Kymany Houinsou,Loyola Chicago,79,So,1639.0,0.18479999999999563,2.324924296108661,-3.1753953103962083,-0.8504710142875473
1465,2025,Amar Kuljuhovic,North Dakota,80,Sr,5524.0,-1.5678999999999945,-6.2560932683934425,5.404527011032018,-0.8515662573614247
1466,2025,Sam Silverstein,California Baptist,78,Jr,4370.0,-1.905699999999996,-0.9714987004221045,0.11814731617787677,-0.8533513842442277
1467,2025,Arlandus Keyes,Mount St. Mary's,74,Jr,1455.0,-5.696700000000007,0.06626494949202355,-0.9215729555561682,-0.8553080060641447
1468,2025,Trey Deveaux,Western Illinois,77,Sr,3646.0,-8.687799999999996,3.6464177577004824,-4.517790192429068,-0.8713724347285856
1469,2025,Niklas Polonowski,Pennsylvania,78,So,1960.0,1.9722000000000008,-6.368909917762274,5.496273115121364,-0.8726368026409093
1470,2025,Josh Dilling,Northern Kentucky,76,Sr,5932.0,-3.114399999999989,-1.3610786965266635,0.45955988429338923,-0.9015188122332742
1471,2025,Donavan Yap,San José State,77,Sr,2893.0,2.8278999999999996,1.981619653277484,-2.8856147627058384,-0.9039951094283545
1472,2025,Sean Cusano,Chattanooga,81,So,1285.0,-1.7134999999999962,-0.42827130064836005,-0.4789938718996718,-0.9072651725480319
1473,2025,Darius Duffy,Milwaukee,80,Sr,2416.0,-2.487400000000008,-0.1467639007238084,-0.7616078249619527,-0.9083717256857611
1474,2025,Alejandro Vasquez,UAB,76,Sr,2276.0,0.5601999999999947,0.24990804072840248,-1.167245200399212,-0.9173371596708095
1475,2025,Taye Fields,North Alabama,76,Sr,2981.0,-4.789199999999994,-2.3902072954721936,1.466750829758774,-0.9234564657134197
1476,2025,Jack Daugherty,Illinois State,80,Fr,1037.0,-1.688200000000009,0.558939316559854,-1.4824962410485547,-0.9235569244887007
1477,2025,Jaden Martin,Morgan State,82,Jr,2124.0,-5.104500000000002,-2.5771889079365238,1.6437338162148212,-0.9334550917217026
1478,2025,Tyson Dunn,Buffalo,75,Sr,6044.0,-3.2212000000000103,-0.8737878552813825,-0.061717466026835366,-0.9355053213082178
1479,2025,Barrington Hargress,UC Riverside,72,So,3237.0,1.4520999999999873,-0.36797131273389905,-0.5794885650005355,-0.9474598777344345
1480,2025,Austin Patterson,Montana,75,Jr,1677.0,-1.3255999999999943,1.3280362002648989,-2.287117790534919,-0.9590815902700203
1481,2025,Tyler Nickel,Vanderbilt,79,Jr,2312.0,11.891300000000001,-4.851173667978575,3.8782455089229595,-0.9729281590556154
1482,2025,Blaise Threatt,Weber State,75,Sr,6847.0,-3.0511999999999944,3.2974306935686766,-4.27293041906816,-0.9754997254994837
1483,2025,Brian Amuneke,Fresno State,77,Fr,3438.0,6.033900000000003,4.286095229904426,-5.287538893200095,-1.0014436632956691
1484,2025,Maximus Nelson,Purdue Fort Wayne,80,Jr,4784.0,-2.988900000000001,-6.397748362437515,5.3833122710321435,-1.0144360914053712
1485,2025,Jaiden Lawrence,SE Louisiana,76,Jr,1171.0,-5.407800000000009,3.04803221331294,-4.067814529053528,-1.0197823157405885
1486,2025,German Plotnikov,Hofstra,77,Sr,4434.0,-4.979600000000005,2.390120218663129,-3.418616615201838,-1.028496396538709
1487,2025,Javon Bennett,Dayton,71,Jr,2716.0,4.891999999999996,-5.484821341406683,4.45588268414304,-1.0289386572636428
1488,2025,Jalen Forrest,Chicago State,77,Jr,5700.0,-3.983000000000004,6.158508284766898,-7.189143537729752,-1.0306352529628535
1489,2025,Michael Griffin,West Georgia,76,Sr,1726.0,0.8699999999999903,-1.0111732401758773,-0.02402717644608232,-1.0352004166219597
1490,2025,Donovan Atwell,UNC Greensboro,77,Jr,5569.0,-2.7930000000000064,-2.045119321602387,1.0056176152653284,-1.0395017063370586
1491,2025,Romad Dean,Fordham,79,Jr,5166.0,0.7463000000000051,-1.6616187137477012,0.6179411648877882,-1.043677548859913
1492,2025,Ernest Ross,Grambling,81,Sr,4868.0,-4.050600000000003,4.189867637916213,-5.2437334113607825,-1.0538657734445698
1493,2025,Duke Brennan,Grand Canyon,82,Jr,2315.0,-2.2267999999999972,1.1823766652395364,-2.241357739623954,-1.0589810743844175
1494,2025,Julius Thedford,Western Kentucky,76,Fr,2572.0,4.856800000000007,5.964186587964651,-7.045073478381523,-1.0808868904168722
1495,2025,Drake Allen,Utah State,76,Sr,1927.0,3.983099999999993,-0.8096529633733982,-0.2748592364890998,-1.084512199862498
1496,2025,Rick Issanza,Loyola Marymount,85,Sr,2459.0,4.355699999999999,-3.584499847777984,2.4905229229211123,-1.0939769248568716
1497,2025,Lorenzo Downey,Alabama A&M,77,Sr,4205.0,-11.044300000000007,-0.9519755239845171,-0.15902759914517084,-1.111003123129688
1498,2025,Isaac Jessup,Cal Poly,74,Sr,5218.0,0.44299999999999784,-6.520306407473068,5.407858865871508,-1.1124475416015605
1499,2025,Noah Ross,UNC Wilmington,79,Jr,1761.0,-2.9444000000000017,5.45358955369649,-6.566293830293315,-1.1127042765968254
1500,2025,Paul Djobet,Miami,79,So,2786.0,7.967399999999998,1.3614335016710473,-2.4813154218227558,-1.1198819201517085
1501,2025,Brant Byers,Miami (OH),80,Fr,3372.0,-5.590100000000007,2.3226853373775347,-3.450003762739638,-1.1273184253621031
1502,2025,Bobby Rosenberger III,St. Francis (PA),77,So,2118.0,-4.228099999999998,-1.4111530303175888,0.27457962373082534,-1.1365734065867634
1503,2025,Blake Barker,Army,74,Sr,1952.0,-6.99130000000001,-2.0509921093826478,0.8962032960773119,-1.154788813305336
1504,2025,Achile Spadone,Bucknell,76,Jr,6147.0,-6.305300000000003,0.7130532955172484,-1.8752394884665304,-1.162186192949282
1505,2025,Lance Waddles,Omaha,76,Jr,2039.0,-1.6570999999999998,-0.15104346518508205,-1.0312367803848348,-1.1822802455699168
1506,2025,Brody Rowbury,SE Louisiana,83,Jr,2557.0,-3.964199999999991,-5.803638578171224,4.610783126111184,-1.1928554520600398
1507,2025,Jalen Bolden,UL Monroe,76,Jr,6343.0,-4.528999999999996,4.537325323240551,-5.730320770817402,-1.192995447576851
1508,2025,Carlous Williams,Tennessee State,77,Sr,2883.0,-8.42779999999999,1.0189050774957482,-2.213117089776259,-1.1942120122805107
1509,2025,Miles Mitchell,Detroit Mercy,82,Fr,1740.0,-0.21739999999999782,-11.561731560843285,10.353613237095525,-1.20811832374776
1510,2025,Zach Bell,Jacksonville,74,Jr,2934.0,-2.7083999999999975,4.476934970303659,-5.686712675436702,-1.2097777051330434
1511,2025,Reece Potter,Miami (OH),85,So,2822.0,-5.630200000000002,-2.383491351578864,1.1724045433349506,-1.2110868082439135
1512,2025,Bernard Pelote,Western Carolina,80,Sr,5819.0,-0.9215000000000089,-9.617888978688287,8.397719510638458,-1.2201694680498285
1513,2025,Bash Wieland,Chattanooga,78,Sr,2919.0,-1.7198999999999955,-2.9834195375609007,1.7609755168921852,-1.2224440206687155
1514,2025,Kameron Taylor,UNC Asheville,79,Fr,3472.0,-2.686400000000006,-5.782682364900529,4.550550786326338,-1.232131578574191
1515,2025,Harlond Beverly,Wichita State,77,Sr,2634.0,2.290300000000002,0.9641803823640347,-2.2059909964374533,-1.2418106140734186
1516,2025,Tyler Mack,Alabama State,77,Jr,1120.0,-2.912700000000001,-5.883787147470764,4.641287873024048,-1.2424992744467165
1517,2025,Bendji Pierre,San Diego,80,Sr,1594.0,3.764199999999988,-3.4400777840151022,2.1939309386191805,-1.2461468453959217
1518,2025,Stefan Todorovic,Pepperdine,80,Sr,7545.0,3.024499999999989,4.038219954469771,-5.2914031755415545,-1.253183221071784
1519,2025,James O'Donnell,San Francisco,81,Fr,1293.0,3.806200000000004,-11.255008098427275,9.992531711575712,-1.2624763868515636
1520,2025,Landon Lewis,Brown,79,Jr,5176.0,-3.0964000000000027,8.5384651195657,-9.80162973257434,-1.2631646130086391
1521,2025,Randy Brady,South Alabama,77,Jr,1477.0,-4.8500000000000085,-3.901627081947108,2.6352256873796254,-1.2664013945674828
1522,2025,Zeb Jackson,VCU,77,Sr,1716.0,4.523699999999991,1.9586353618175403,-3.2285365325378317,-1.2699011707202914
1523,2025,Nolan Dorsey,Campbell,77,Sr,6097.0,-4.462000000000003,-4.522936802829213,3.240737213737221,-1.2821995890919924
1524,2025,Donovan Williams,Western Michigan,77,Sr,4686.0,-3.7920000000000016,-3.8279925184215404,2.526229045384527,-1.3017634730370133
1525,2025,Trevor Hennig,Weber State,76,Fr,3650.0,-4.024500000000003,1.8356040049832725,-3.1390651518159305,-1.303461146832658
1526,2025,Amarr Knox,Alabama State,75,Jr,2903.0,-7.293300000000002,4.830607257699737,-6.1345073768376,-1.3039001191378636
1527,2025,Jacob Hudson,Gardner-Webb,74,Fr,1978.0,-0.8455000000000013,0.6226621506306977,-1.950051559604387,-1.3273894089736893
1528,2025,Trent Johnson,Houston Christian,78,Sr,5060.0,-2.1296999999999997,-2.149936500937817,0.8091666829545101,-1.3407698179833067
1529,2025,Rahmir Barno,Florida Gulf Coast,72,So,1884.0,-3.1141000000000076,-4.265724543019546,2.921694879504404,-1.3440296635151423
1530,2025,Miles Rubin,Loyola Chicago,82,So,2388.0,0.5013000000000005,1.7229289413666111,-3.0677403982573437,-1.3448114568907326
1531,2025,Kennard Davis Jr.,Southern Illinois,78,So,3278.0,1.5887000000000029,-4.6663286071391985,3.3107703104647914,-1.355558296674407
1532,2025,AC Bryant,Alabama A&M,75,Jr,4293.0,-11.528299999999987,-0.419229266281409,-0.9374384951541854,-1.3566677614355944
1533,2025,Sean Smith,Western Illinois,75,Sr,5793.0,-8.5227,4.28443052244446,-5.647502209740251,-1.3630716872957915
1534,2025,Zaire Williams,Wagner,76,Sr,4650.0,-10.061799999999991,-0.7401331106280113,-0.6259944114424858,-1.3661275220704971
1535,2025,Jesus Carralero Martin,Bethune-Cookman,79,Sr,5700.0,-7.042699999999996,-5.0333309480179125,3.66605411903695,-1.3672768289809625
1536,2025,Nate Santos,Dayton,79,Sr,2936.0,4.694100000000006,-0.7764095583994468,-0.5914815158034954,-1.3678910742029422
1537,2025,Emmett Marquardt,Eastern Washington,81,So,4516.0,-1.6433000000000106,-3.634765642810695,2.2655723280924467,-1.3691933147182485
1538,2025,Jaquan Carlos,Syracuse,72,Sr,2718.0,7.569400000000002,1.6264426827808056,-3.003498527190758,-1.3770558444099525
1539,2025,Kintavious Dozier,Grambling,73,Sr,6334.0,-6.700999999999993,1.7537429065588532,-3.146915293749227,-1.3931723871903738
1540,2025,Myles Tate,App State,72,Sr,6068.0,-3.0619000000000085,4.097652405021681,-5.502698723407817,-1.4050463183861357
1541,2025,Giovanni Emejuru,George Mason,82,Jr,1551.0,0.21710000000000207,-2.2117804311369174,0.8022920844283469,-1.4094883467085704
1542,2025,Jerry Ngopot,UL Monroe,83,Jr,3662.0,-3.5001999999999924,-7.8471435567770484,6.431374090408887,-1.415769466368161
1543,2025,Tony Osburn,Omaha,74,Jr,2867.0,-2.2689999999999912,-2.2891573306313715,0.8667795891233696,-1.422377741508002
1544,2025,Derrick Tezeno,Southern,77,Sr,1962.0,-3.5816000000000088,3.090339343862635,-4.524577517716706,-1.4342381738540708
1545,2025,Tyrone Marshall Jr.,Western Kentucky,79,Sr,5758.0,2.7834000000000003,1.1384895612347283,-2.5769957917686117,-1.4385062305338834
1546,2025,Malachi Ndur,William & Mary,80,Sr,1516.0,-2.4599999999999937,-3.182751716807348,1.7306817823629599,-1.452069934444388
1547,2025,Javan Simmons,Toledo,79,Jr,3050.0,-2.044700000000006,4.289090241447896,-5.748800292491217,-1.459710051043321
1548,2025,Elijah Fisher,Pacific,78,Jr,6891.0,1.8910999999999945,4.603682879178341,-6.0763380243041025,-1.4726551451257617
1549,2025,Sonny Wilson,Toledo,73,So,3496.0,-1.4188999999999936,5.779969685196717,-7.255299211744267,-1.4753295265475508
1550,2025,Justin Morgan,Murray State,78,Jr,2040.0,1.5178999999999974,-1.1365774534792756,-0.33882518520653804,-1.4754026386858137
1551,2025,Fousseyni Traore,BYU,78,Sr,1749.0,9.434700000000007,5.066343176285295,-6.552008856030687,-1.4856656797453924
1552,2025,Jordan Brinson,Cal State Northridge,74,Sr,1062.0,-4.814400000000006,0.9272660344962267,-2.4159117326069293,-1.4886456981107026
1553,2025,Isaiah Walker,Belmont,77,Jr,6655.0,-0.04050000000000864,-2.76475140439209,1.2689369900755996,-1.4958144143164904
1554,2025,AJ Braun,California Baptist,81,Sr,3210.0,-1.0963999999999885,-3.0671118728292885,1.5544040151942058,-1.5127078576350828
1555,2025,Tunde Vahlberg Fasasi,La Salle,80,So,4104.0,2.2438999999999965,-0.1884408630162877,-1.326175859256416,-1.5146167222727036
1556,2025,Otto Landrum,Boston University,81,Jr,1972.0,-8.824000000000012,1.706766356020684,-3.2282183218150142,-1.5214519657943302
1557,2025,Chandler Cuthrell,Purdue Fort Wayne,80,Sr,3974.0,-3.478200000000001,-1.2556942227421044,-0.2840154820278532,-1.5397097047699577
1558,2025,KC Ugwuakazi,East Texas A&M,80,So,2678.0,-2.3378999999999905,3.205173211459012,-4.746630702051428,-1.5414574905924163
1559,2025,Tavari Johnson,Akron,71,Jr,2598.0,-2.7811000000000092,2.979074453219752,-4.525122133608827,-1.5460476803890746
1560,2025,Kaleb Banks,Tulane,80,Jr,2985.0,-1.8747000000000043,0.6328470787948319,-2.181666776646292,-1.5488196978514601
1561,2025,Brayden Maldonado,Seattle U,72,Jr,2261.0,-1.1259000000000015,1.8394651191453635,-3.3990161470272002,-1.5595510278818367
1562,2025,Julian Bowie,Boise State,75,Fr,1221.0,4.997500000000002,1.0875413645676761,-2.668141569199892,-1.5806002046322158
1563,2025,Gabriel Pozzato,Evansville,79,Fr,5264.0,1.4483000000000033,3.282192257719931,-4.8681332743151495,-1.5859410165952186
1564,2025,Christian Wright,Louisiana,75,Sr,4840.0,-0.28310000000000457,3.5267600282204454,-5.113712778065089,-1.5869527498446439
1565,2025,Malik Mack,Georgetown,74,So,3300.0,6.2368999999999915,-1.3238384196255524,-0.26348616581109097,-1.5873245854366433
1566,2025,Kalen Garry,South Dakota State,75,So,2798.0,-1.5718999999999994,-3.047127480733995,1.4495683999481215,-1.5975590807858735
1567,2025,Noah Barnett,Vermont,81,So,2104.0,-4.1037000000000035,-0.9901423831453975,-0.6134775571147075,-1.603619940260105
1568,2025,Jaxon Ellingsworth,UT Arlington,81,Jr,1772.0,-1.147199999999998,-1.486577726287909,-0.12007331834332646,-1.6066510446312354
1569,2025,Jarrett Hensley,Southern Illinois,80,Sr,2490.0,1.176400000000001,-7.802785437485609,6.182333736893965,-1.6204517005916435
1570,2025,Devin Tillis,UC Irvine,78,Sr,3054.0,1.3149000000000086,0.8977022386839757,-2.5194958446231595,-1.6217936059391838
1571,2025,Kellen Amos,Rice,78,Sr,4342.0,-2.1704000000000008,3.16850109475578,-4.7967703090000855,-1.6282692142443054
1572,2025,Jamal West Jr.,Nicholls,78,Sr,5280.0,-1.3348999999999904,0.09155001820828923,-1.7219468221727792,-1.6303968039644898
1573,2025,Zach Cleveland,Liberty,79,Jr,2756.0,1.7295000000000016,1.6849973895284238,-3.327821488150588,-1.6428240986221643
1574,2025,Leo Torbor,Texas A&M-Corpus Christi,75,Jr,1156.0,-2.2648999999999972,0.5991692153584995,-2.264431049964133,-1.6652618346056334
1575,2025,Sola Adebisi,The Citadel,79,Jr,2612.0,-3.118399999999994,-4.0515313047751285,2.383866912699078,-1.6676643920760506
1576,2025,Jaden Jackson,South Dakota State,72,Fr,1401.0,-2.858000000000004,-4.117164106073047,2.447969034041083,-1.6691950720319642
1577,2025,Andrew Akuchie,Rice,81,Jr,3814.0,-2.20559999999999,0.7560447231236362,-2.4279163059422073,-1.671871582818571
1578,2025,Joshua Strong,Howard,72,Sr,3808.0,-3.496399999999994,2.4115180149819304,-4.091827444228087,-1.6803094292461562
1579,2025,Thomas Dowd,Troy,80,So,2430.0,-0.7638999999999925,-6.260442452026224,4.5789777597276995,-1.6814646922985244
1580,2025,Matthew Robinson,Chicago State,76,Fr,5848.0,-3.7981999999999942,-2.715807109091524,1.0335202882158154,-1.6822868208757087
1581,2025,Joe Charles,McNeese,79,Sr,2443.0,0.6219999999999999,-4.265640723373493,2.5767272747995085,-1.6889134485739845
1582,2025,Myles Jenkins,Stephen F. Austin,76,Sr,3124.0,-3.6241999999999877,3.099943375409522,-4.7929127565220995,-1.6929693811125777
1583,2025,Jamal Mashburn Jr.,Temple,74,Sr,2526.0,-1.430499999999995,-1.2839520458597167,-0.4143944596407133,-1.6983465055004299
1584,2025,Josh Pascarelli,Marist,75,So,5892.0,-10.620499999999993,2.559212643536588,-4.284923081700608,-1.72571043816402
1585,2025,Makaih Williams,Grand Canyon,73,So,2399.0,-3.247,-1.3361964363462797,-0.3953071491178126,-1.7315035854640923
1586,2025,Tyler Mrus,Idaho,79,Jr,5466.0,-3.6398999999999972,-3.4919058168708963,1.758384672166558,-1.7335211447043384
1587,2025,Javon Jackson,UIC,75,Jr,5018.0,1.7439000000000107,1.156227103189308,-2.901258287336195,-1.745031184146887
1588,2025,AK Okereke,Cornell,79,Jr,4616.0,-1.8251999999999953,0.8520388754021924,-2.602372734613132,-1.7503338592109396
1589,2025,Mayar Wol,Eastern Kentucky,80,So,4826.0,-3.121700000000004,-7.560321027745821,5.797104074950057,-1.763216952795764
1590,2025,Terren Frank,Campbell,80,Sr,2042.0,-6.7327999999999975,-3.7350806739993883,1.9708664246640044,-1.7642142493353838
1591,2025,Quincy Ademokoya,South Florida,78,Sr,2004.0,0.08129999999999882,-3.01766312688535,1.24167162745131,-1.77599149943404
1592,2025,Nick Martinelli,Northwestern,79,Jr,6890.0,13.0107,-4.348971475200305,2.566336888607335,-1.7826345865929696
1593,2025,Gavin Doty,Siena,77,Fr,2614.0,-8.196100000000001,-0.7782143909262902,-1.0061461827781049,-1.784360573704395
1594,2025,Quel'Ron House,Jacksonville State,71,Fr,1701.0,2.9324000000000012,3.970781308995812,-5.7595222415105285,-1.7887409325147163
1595,2025,Chandler Pigge,Harvard,77,Jr,5309.0,-2.6746000000000123,-8.015267424553706,6.224535553079753,-1.7907318714739526
1596,2025,RJ Luis Jr.,St. John's,78,Jr,5940.0,9.967399999999998,4.682860353737279,-6.479688485746678,-1.7968281320093986
1597,2025,Elijah Thomas,Eastern Washington,78,Jr,1812.0,-2.1581999999999937,1.0923933460688433,-2.894051034314887,-1.8016576882460438
1598,2025,Izzy Miles,Tarleton State,74,So,2948.0,1.1570999999999998,1.622167713856955,-3.4256583193544015,-1.8034906054974464
1599,2025,Noah Feddersen,North Dakota State,82,So,4750.0,-3.7656999999999954,-15.525670735324061,13.70836536830305,-1.8173053670210102
1600,2025,Caleb Middleton,New Hampshire,83,Fr,2328.0,-5.600399999999993,-3.316150489027712,1.49431102469259,-1.8218394643351221
1601,2025,Delrecco Gillespie,Kent State,80,Jr,1928.0,-1.1260000000000048,-3.7269941281308174,1.9043538323719633,-1.8226402957588541
1602,2025,Gytis Nemeiksa,Hawai'i,80,Sr,4121.0,-1.251800000000003,-5.807448218184605,3.96122569636029,-1.8462225218243153
1603,2025,Dominick Nelson,Utah Valley,77,Jr,2930.0,-1.96159999999999,4.984002286058257,-6.834257051350396,-1.8502547652921386
1604,2025,LoLo Rudolph,Cal State Fullerton,74,Fr,3904.0,1.612099999999998,0.04157870149097287,-1.8921047889315865,-1.8505260874406138
1605,2025,Evan Ashe,Binghamton,75,So,3706.0,-7.430400000000006,-1.4678986030140835,-0.39219436588180434,-1.8600929688958878
1606,2025,Kamari Lands,Middle Tennessee,80,Jr,1214.0,3.0459999999999923,2.37833641932132,-4.261132040118747,-1.8827956207974275
1607,2025,Jayden Hastings,Boston College,81,Fr,2810.0,6.084199999999996,-6.136521672058199,4.250621085215974,-1.8859005868422258
1608,2025,Josh Reed,Drexel,79,Jr,516.0,11.684200000000004,5.816915451116099,-7.7072161144335105,-1.8903006633174115
1609,2025,Isaiah Watts,Washington State,75,So,2062.0,3.976099999999988,-3.646443737959684,1.743426023119269,-1.903017714840415
1610,2025,Kareem Rozier,Duquesne,69,Jr,4780.0,0.7502000000000066,-1.0089634245864951,-0.8973709407746576,-1.9063343653611526
1611,2025,AJ Allenspach,Army,80,Sr,2693.0,-7.301900000000003,-3.5054361581591147,1.5972420459009928,-1.9081941122581219
1612,2025,Kaden Stuckey,VMI,80,Fr,2622.0,-2.425200000000004,-2.6702527586230635,0.7571034828580561,-1.9131492757650075
1613,2025,Adetokunbo Bakare,Saint Peter's,74,Sr,1003.0,-7.960900000000009,-1.6152557411873052,-0.3008010532180463,-1.9160567944053515
1614,2025,ND Okafor,Washington State,81,So,1260.0,3.3470999999999975,-5.898194168340488,3.9803263808914275,-1.9178677874490608
1615,2025,Marcellus Brigham Jr.,Jacksonville State,79,Sr,2328.0,1.9857999999999976,-0.04341452779618127,-1.8825007516159444,-1.9259152794121257
1616,2025,Jeremy Elyzee,SE Louisiana,78,Fr,2653.0,-3.8692000000000064,0.8327643688602722,-2.762184321528876,-1.9294199526686038
1617,2025,Corey Hadnot II,Purdue Fort Wayne,75,So,4768.0,-3.575000000000003,-0.34901433376459723,-1.594361269415201,-1.9433756031797982
1618,2025,Bryce Johnson,Sacred Heart,78,Sr,4530.0,-7.214400000000012,3.66609910507833,-5.609475275345137,-1.9433761702668066
1619,2025,Julian Brown,Samford,73,So,1499.0,-1.1903999999999968,-2.003866457610204,0.04924720256731063,-1.9546192550428931
1620,2025,Tyson Brown,Georgia Southern,81,Sr,4591.0,-5.29610000000001,-10.150121862524335,8.192753310559983,-1.9573685519643522
1621,2025,David Early,Radford,76,Sr,1312.0,-4.90870000000001,2.2335292684133954,-4.209842295722096,-1.9763130273087004
1622,2025,Owen Dease,Texas A&M-Corpus Christi,80,Jr,2259.0,-2.6496000000000066,-3.144312280792972,1.1617219399202834,-1.9825903408726888
1623,2025,Abdou Tsimbila,Fordham,81,Sr,3674.0,0.678600000000003,-1.9685781551348684,-0.024892650947989425,-1.9934708060828579
1624,2025,Demetrius Lilley,La Salle,81,Jr,3234.0,2.4613999999999976,-5.250160803414205,3.2444211346669167,-2.005739668747288
1625,2025,Otis Frazier III,UTEP,78,Sr,5816.0,2.241900000000001,2.5626959816141732,-4.5766969138775755,-2.0140009322634023
1626,2025,Chris Austin,Portland,76,Sr,5189.0,1.0059000000000111,-0.6313317140230371,-1.4045872065384988,-2.035918920561536
1627,2025,Mekhi Cooper,Miami (OH),73,So,4792.0,-5.581999999999994,3.1817779950670584,-5.227300484500626,-2.0455224894335675
1628,2025,Elijah Tucker,Longwood,80,Jr,1828.0,-3.6225999999999914,-2.0131484633565666,-0.052690713445503246,-2.06583917680207
1629,2025,Xavier Bell,Wichita State,74,Sr,2756.0,1.8449999999999989,-1.8705584977204635,-0.20728216832785684,-2.07784066604832
1630,2025,Jasai Miles,North Florida,78,So,6776.0,-3.134599999999992,-3.4980305565167136,1.4195249598568433,-2.0785055966598702
1631,2025,Juan Reyna,Jackson State,75,Sr,3008.0,5.698999999999998,-3.445552664829586,1.3641421703111969,-2.0814104945183893
1632,2025,Elijah Elliott,Ohio,75,Fr,3056.0,-3.9555000000000007,-6.377507547268712,4.265614004414555,-2.1118935428541565
1633,2025,Collin Mulholland,Chattanooga,82,Fr,1055.0,-0.66340000000001,-1.2572797334744787,-0.8587760495566984,-2.116055783031177
1634,2025,Obinna Anochili-Killen,Marshall,80,Sr,4918.0,-4.327300000000008,-6.376775972904964,4.259828099305922,-2.1169478735990417
1635,2025,Tom Beattie,Hawai'i,76,So,4827.0,-1.876499999999993,2.7264980250055015,-4.857977592136777,-2.1314795671312754
1636,2025,Charles Johnston,Furman,83,Jr,1018.0,-2.1732000000000085,-4.645048691152816,2.501319705243258,-2.143728985909558
1637,2025,PJ Carter,Memphis,77,Sr,1340.0,5.246899999999997,-8.659229622857463,6.4767936707141445,-2.1824359521433188
1638,2025,Marcus Tankersley,Alcorn State,76,Jr,2708.0,-6.774100000000004,0.8402168624905855,-3.0432566180535607,-2.2030397555629753
1639,2025,DeAntoni Gordon,Southern Miss,80,Sr,2793.0,-2.8815000000000026,-1.5819177955527028,-0.6314344662333091,-2.213352261786012
1640,2025,Youri Fritz,Northeastern,80,Jr,2074.0,-4.009500000000003,2.0096581633496426,-4.238553747599122,-2.228895584249479
1641,2025,Joseph Pinion,Arkansas State,77,Jr,2535.0,-0.6959000000000088,2.2095351737998046,-4.44132028290454,-2.2317851091047354
1642,2025,Villiam Garcia Adsten,Drexel,80,So,2744.0,-5.519499999999994,-7.342057473772137,5.1075164075185295,-2.234541066253607
1643,2025,Jacob Holt,Sacramento State,82,Sr,5457.0,-4.040000000000006,-4.225387690905831,1.9896314970975184,-2.2357561938083124
1644,2025,Sean Craig,IU Indianapolis,79,Jr,6404.0,-3.1491000000000042,-3.6080871876113925,1.3465395584177124,-2.26154762919368
1645,2025,Isaiah Adams,Toledo,78,Sr,3048.0,-2.105699999999999,-3.638377322730079,1.3723347343157082,-2.2660425884143707
1646,2025,AJ Smith,James Madison,78,Jr,4574.0,-2.022899999999993,-0.2640901374683451,-2.0037524290622883,-2.2678425665306334
1647,2025,Peyton Rogers,Houston Christian,78,Sr,5381.0,-3.1049000000000007,-0.5517844276435806,-1.7233320946294937,-2.2751165222730743
1648,2025,Faizon Fields,Milwaukee,82,Sr,1883.0,-2.868300000000005,-3.640407354119603,1.364671862140066,-2.275735491979537
1649,2025,Marcel Bryant,Prairie View A&M,79,So,3524.0,-5.770300000000006,-6.60839535967148,4.314758802220627,-2.293636557450853
1650,2025,Ethan Roberts,Pennsylvania,77,Jr,4776.0,-2.738900000000001,-1.0821421866954148,-1.2126321986366961,-2.294774385332111
1651,2025,Bryson Tucker,Indiana,78,Fr,2380.0,9.188500000000005,2.208098851899962,-4.506712139265444,-2.298613287365482
1652,2025,Augustus Gerhart,Pennsylvania,81,So,2231.0,-2.7554000000000087,-1.7281872000444842,-0.5743093968932804,-2.3024965969377647
1653,2025,Regimantas Ciunys,UMBC,78,Jr,2054.0,-9.222999999999999,-3.8867975201131406,1.5842125669389677,-2.302584953174173
1654,2025,Gabe Dorsey,William & Mary,78,Sr,2653.0,-3.0657000000000068,-4.544490614767634,2.239740305861776,-2.3047503089058576
1655,2025,Malik Edmead,Merrimack,70,Jr,2172.0,-6.2978999999999985,0.34892558925936257,-2.654365430442345,-2.3054398411829826
1656,2025,Clash Peters,Georgia State,81,Fr,1612.0,-2.5604999999999905,-10.311296698508556,7.996412645605279,-2.3148840529032775
1657,2025,Zach Laput,Davidson,76,Sr,4738.0,-0.34250000000000114,3.0744092734459354,-5.390566596222282,-2.3161573227763466
1658,2025,Jaylani Darden,Norfolk State,77,Sr,2286.0,-5.772599999999997,-3.720653424830223,1.3955265462377229,-2.3251268785925
1659,2025,Kalib Mathews,Queens University,76,Sr,2277.0,-5.202200000000005,-0.5566793691944567,-1.7691127683123709,-2.3257921375068276
1660,2025,Obadiah Curtis,Eastern Illinois,77,Jr,2204.0,-6.842499999999987,6.022098540688377,-8.361117945282874,-2.339019404594497
1661,2025,Abramo Canka,Stetson,79,Jr,4614.0,-4.146500000000003,-5.192517414797593,2.8458413970394725,-2.3466760177581207
1662,2025,Teddy Washington Jr.,Southeast Missouri State,74,Sr,3208.0,-7.343100000000007,-1.759591496610538,-0.5933021109883745,-2.3528936075989124
1663,2025,Tylen Riley,California Baptist,75,So,2066.0,-3.40979999999999,3.9786182359954836,-6.331565506771467,-2.3529472707759833
1664,2025,Kvonn Cramer,Bryant,78,Sr,1710.0,-6.663600000000002,0.8744023092793496,-3.2392964249628555,-2.364894115683506
1665,2025,Colin Granger,Coastal Carolina,81,Sr,3304.0,-5.139400000000009,-1.7818230543895135,-0.5874527485985341,-2.3692758029880476
1666,2025,Parker Friedrichsen,Wake Forest,75,So,2484.0,6.385400000000004,-1.6362695153305271,-0.741979703970256,-2.378249219300783
1667,2025,RJ Keene II,Boise State,79,Jr,1649.0,6.449799999999996,-0.09259139724931886,-2.2923327413037287,-2.3849241385530475
1668,2025,Eian Elmer,Miami (OH),78,So,5350.0,-5.035199999999989,-0.8387582264701634,-1.5900623407017045,-2.4288205671718677
1669,2025,Brody Fox,The Citadel,78,Sr,3012.0,-3.5056999999999903,0.1935817241791855,-2.6261514686973744,-2.432569744518189
1670,2025,Bobby Pettiford,High Point,72,Sr,1628.0,-2.963400000000007,2.645947795063993,-5.08281978325979,-2.436871988195797
1671,2025,Aaron McBride,Loyola Marymount,78,So,2956.0,1.7479000000000013,-6.306844288181006,3.855470428672769,-2.4513738595082373
1672,2025,Judah Brown,South Alabama,78,Sr,1875.0,-3.472999999999999,-7.335542267143435,4.882816245901568,-2.452726021241867
1673,2025,Matt Zona,Fordham,81,Sr,3286.0,0.21569999999999823,-5.441013535337349,2.983851627627563,-2.4571619077097866
1674,2025,Jordan Pyke,Incarnate Word,79,So,2461.0,-4.923500000000004,-1.9308593822998348,-0.5284312689633555,-2.4592906512631902
1675,2025,Ismael Plet,Robert Morris,79,Sr,1326.0,-4.667100000000005,-3.550107182908856,1.086331570817138,-2.4637756120917182
1676,2025,Elias Ralph,Pacific,79,Sr,6517.0,1.7361000000000075,-4.019804280161103,1.5549966222146858,-2.464807657946417
1677,2025,Vukasin Masic,Portland,77,Sr,4233.0,1.3168000000000006,-1.6532572112019728,-0.8121586275636913,-2.465415838765664
1678,2025,Rondel Walker,North Texas,78,Sr,2120.0,2.260300000000001,-1.6587925176106593,-0.8097061066266718,-2.468498624237331
1679,2025,Landyn Jumawan,Northwestern State,76,Jr,3951.0,-0.6835000000000093,-2.1790514965289667,-0.32858338235034146,-2.5076348788793084
1680,2025,Isaiah Skinner,South Carolina Upstate,78,Jr,3464.0,-0.32690000000000907,-2.45765780560826,-0.055405052086489104,-2.513062857694749
1681,2025,Aquan Smart,North Carolina Central,75,Sr,1848.0,-8.10669999999999,7.0673237484158165,-9.587760433319282,-2.5204366849034656
1682,2025,Andre Snoddy,Stony Brook,78,Jr,2761.0,-3.6491000000000042,1.2573791671745917,-3.7801287698672392,-2.5227496026926475
1683,2025,Quion Burns,Maine,77,Sr,6156.0,-7.042600000000007,-3.4357186273419487,0.8961470158648348,-2.539571611477114
1684,2025,Xzavier Lino,UMass Lowell,78,Sr,2254.0,-6.5005999999999915,-2.2281151465976725,-0.3355919744745952,-2.5637071210722677
1685,2025,JT Warren,Northwestern State,79,Jr,2522.0,-0.6599999999999966,-1.26130865903998,-1.3028059640874399,-2.56411462312742
1686,2025,Kobe Knox,South Florida,77,Jr,2454.0,1.404200000000003,-0.26548782026147166,-2.3253312530784767,-2.590819073339948
1687,2025,Elijah Lewis,Marist,77,Jr,5254.0,-10.545900000000003,1.771413966969682,-4.364351436332861,-2.5929374693631786
1688,2025,Maximus Edwards,Duquesne,77,So,3522.0,1.6154000000000082,2.528101936384193,-5.127944212176324,-2.599842275792131
1689,2025,Cole Franklin,Cleveland State,76,So,903.0,-1.771799999999999,-0.44498811244103154,-2.16334847824629,-2.6083365906873217
1690,2025,Jayden Williams,Dartmouth,78,Jr,3188.0,-3.3613,-5.874171156279283,3.2593503399808283,-2.614820816298455
1691,2025,Jackson Hicke,Princeton,77,So,2780.0,-2.539599999999993,-0.3736482517462272,-2.253041444262741,-2.626689696008968
1692,2025,Garrett Hien,Furman,81,Sr,2306.0,-1.3763000000000005,-1.3724574704160404,-1.258491507759581,-2.6309489781756215
1693,2025,Primo Spears,UTSA,75,Jr,6790.0,1.2009999999999934,0.015593798171922857,-2.6471108829508183,-2.6315170847788956
1694,2025,Latrell Jossell,North Texas,71,Sr,1847.0,0.8308000000000106,-5.473439793859448,2.8386053513709992,-2.634834442488449
1695,2025,Keyshawn Mitchell,Bryant,83,So,2131.0,-4.657600000000002,-0.7556636619179646,-1.880483556177869,-2.6361472180958336
1696,2025,Isaiah Wilson,Winthrop,73,Sr,1307.0,-4.388300000000001,1.6717064529213683,-4.309501356442755,-2.637794903521387
1697,2025,Matt Rogers,American University,81,Sr,2703.0,-6.666500000000013,-0.2522931357779532,-2.385778819461242,-2.6380719552391954
1698,2025,Ben Michaels,Buffalo,80,Fr,4190.0,-3.0156000000000063,-1.8925418224401618,-0.7475689823652806,-2.6401108048054422
1699,2025,Ring Nyeri,Kansas City,80,Fr,2272.0,-2.1724999999999994,0.5148936774301722,-3.1559564703807013,-2.641062792950529
1700,2025,Tre Dinkins,Duquesne,74,Sr,5360.0,1.4606999999999886,3.3463321249042,-5.98797089397221,-2.6416387690680097
1701,2025,Joshua Hughes,Samford,82,So,5.0,1.073999999999998,-2.6509995214710576,-0.017609834116035783,-2.668609355587093
1702,2025,Dezayne Mingo,Marshall,76,Jr,6226.0,-3.98360000000001,4.336249021172983,-7.0055418511914045,-2.6692928300184215
1703,2025,Jaquan Sanders,Hofstra,76,Jr,2736.0,-0.05680000000000973,4.987555332147716,-7.659621795678908,-2.672066463531192
1704,2025,Tre Green,Middle Tennessee,75,Jr,1187.0,2.648299999999992,1.9870234409821612,-4.666138197942407,-2.6791147569602454
1705,2025,Filip Skobalj,UIC,79,Sr,5486.0,1.1145999999999958,-4.092108244579293,1.4069624703316146,-2.6851457742476788
1706,2025,Oscar Berry,North Florida,77,Sr,4820.0,-3.0968000000000018,-3.06122571237595,0.3631798543446194,-2.698045858031331
1707,2025,Karmani Gregory,South Carolina Upstate,73,So,6565.0,-1.4639000000000095,1.4567350995663508,-4.177824451852579,-2.721089352286228
1708,2025,Melvin Council Jr.,St. Bonaventure,76,Jr,3387.0,0.9744000000000028,0.16622007566080746,-2.8898731508298656,-2.723653075169058
1709,2025,Jayden Pierre,Providence,74,Jr,6292.0,9.496799999999993,-4.985308902985826,2.252739227970498,-2.7325696750153283
1710,2025,Aidan Hadaway,Ohio,80,Jr,2820.0,-3.349900000000005,-9.309908969032996,6.574542881034257,-2.735366087998739
1711,2025,Jameel Morris,Fairleigh Dickinson,73,So,3536.0,-9.69250000000001,6.17502153118893,-8.912293590000562,-2.737272058811632
1712,2025,Caleb Stone-Carrawell,Loyola Marymount,79,Sr,5769.0,3.0319000000000074,-1.3606748842430703,-1.3835391429166535,-2.7442140271597237
1713,2025,Quinton Mincey,UMass Lowell,79,Sr,7414.0,-7.160800000000009,5.851145857778796,-8.611346525177183,-2.7602006673983865
1714,2025,Bryson Dawkins,Houston Christian,74,Jr,5963.0,-2.623800000000003,0.527116517599217,-3.289232004097177,-2.76211548649796
1715,2025,Beon Riley,Utah Tech,78,Sr,5130.0,-1.8338000000000108,1.8222140301506953,-4.587624951365886,-2.7654109212151914
1716,2025,Peter Bandelj,Cal Poly,76,Fr,4216.0,-0.7745000000000033,0.5732402279683699,-3.3449212490934346,-2.7716810211250644
1717,2025,Shammah Scott,Akron,74,Sr,2407.0,-3.0849000000000046,1.0036052616033322,-3.7798831167531124,-2.77627785514978
1718,2025,CJ Huntley,App State,83,Sr,5958.0,-3.0615999999999985,-3.3650703260690786,0.5883030900007389,-2.7767672360683395
1719,2025,Jevin Muniz,Florida Gulf Coast,78,So,3210.0,-5.007800000000003,-0.8658109606706978,-1.9148134080495818,-2.7806243687202796
1720,2025,Caleb Foster,Duke,77,So,1417.0,9.985799999999998,-1.323237313837553,-1.4608465145845297,-2.784083828422083
1721,2025,Hassan Perkins,Maryland Eastern Shore,72,Jr,3074.0,-3.6850000000000023,-1.3361129724778253,-1.4482846270235594,-2.7843975995013848
1722,2025,Josiah Harris,Radford,81,Sr,2105.0,-2.9399999999999977,-2.958973897087701,0.17380574645468883,-2.785168150633012
1723,2025,Matt Becht,Merrimack,75,Sr,5400.0,-5.275300000000001,-5.4771278604967115,2.69066647115776,-2.7864613893389514
1724,2025,Samson Aletan,Yale,82,So,1694.0,-1.3341999999999956,-6.247598790084541,3.4460318572401096,-2.8015669328444313
1725,2025,Jayden Williams,Bucknell,70,Fr,2538.0,-3.840999999999994,4.748288825426835,-7.551389828225382,-2.803101002798547
1726,2025,Noah Robledo,Columbia,77,Sr,2135.0,-3.6447999999999894,-0.33506694143862736,-2.472424574736891,-2.8074915161755185
1727,2025,Flash Burton,Rider,75,Fr,4336.0,-6.775899999999993,-3.2905365019370696,0.4800099853239992,-2.8105265166130704
1728,2025,PJ Eason,Grambling,81,Jr,5414.0,-8.042000000000002,0.020715794237568197,-2.8450004310981543,-2.824284636860586
1729,2025,Kaspar Sepp,Valparaiso,79,So,3730.0,-0.9955000000000069,-8.036683040850901,5.210193997647779,-2.8264890432031224
1730,2025,Ronald Jessamy,Tennessee State,80,So,1419.0,-9.049999999999997,0.6867853501750161,-3.5140047739288955,-2.8272194237538795
1731,2025,B. Artis White,Richmond,70,Jr,3664.0,3.2158000000000015,-1.8647858027208817,-0.9637311729089477,-2.8285169756298294
1732,2025,Raphael Dumont,Arkansas-Pine Bluff,76,Fr,2917.0,-7.941299999999998,0.16532805570310005,-2.9955859573974912,-2.830257901694391
1733,2025,Quante Berry,Temple,76,So,2558.0,-1.153800000000004,1.930864734697674,-4.762025093962834,-2.8311603592651604
1734,2025,Zarique Nutter,Georgia State,79,Sr,3536.0,-2.353999999999999,1.620178176089643,-4.455394691416002,-2.835216515326359
1735,2025,Fischer Brown,Western Carolina,76,Fr,2034.0,1.1601,-1.4123729987638431,-1.4253671083435324,-2.8377401071073756
1736,2025,Zach Hicks,Penn State,80,Sr,6041.0,9.729399999999998,-4.723862469998771,1.8818010423426141,-2.842061427656157
1737,2025,Paris Dawson,Seattle U,74,Sr,2130.0,1.159400000000005,-0.39511843096407384,-2.451287038529169,-2.846405469493243
1738,2025,Victor Valdes,Troy,79,So,1533.0,-0.9357000000000113,-1.5491658444559515,-1.3067672604275682,-2.85593310488352
1739,2025,Austin Hunt,Harvard,76,Fr,2353.0,-3.2724999999999937,0.7348960003541634,-3.594695725911263,-2.8597997255570995
1740,2025,Austin Swartz,Miami,76,Fr,3177.0,9.9799,0.9179395719771852,-3.7804954390474217,-2.8625558670702365
1741,2025,Dalen Davis,Princeton,72,So,4000.0,-0.5010999999999939,-1.8169093224210937,-1.0496100570791511,-2.866519379500245
1742,2025,Djahi Binet,Alcorn State,79,Sr,2441.0,-6.8922000000000025,-3.1546802985778712,0.2784528566260063,-2.876227441951865
1743,2025,Duane Posey,Texas Southern,79,Sr,1170.0,-5.45750000000001,-6.4723379533398235,3.596109931159442,-2.8762280221803813
1744,2025,Nate Lliteras,North Florida,78,Sr,6358.0,-2.7564999999999884,-2.237074914415508,-0.6445865071187729,-2.8816614215342806
1745,2025,Rylan Jones,Samford,73,Sr,2835.0,-1.4309000000000083,-5.953201463090679,3.051210014273953,-2.9019914488167258
1746,2025,Elijah Ormiston,South Alabama,80,Sr,1374.0,-3.707100000000011,-0.2784719534912359,-2.6238938203810758,-2.9023657738723116
1747,2025,Dontaie Allen,Wyoming,78,Sr,4502.0,6.343499999999992,-3.626037828387739,0.7141638825182985,-2.9118739458694405
1748,2025,Kylen Milton,Murray State,76,Sr,5160.0,1.5197000000000003,1.8229213740106829,-4.741152726945435,-2.918231352934752
1749,2025,Sami Pissis,New Hampshire,75,Jr,5524.0,-6.6036,-3.5069929828228674,0.5781233985635099,-2.9288695842593575
1750,2025,Jakob Gibbs,Marshall,77,Sr,1888.0,-5.90379999999999,5.487922353462103,-8.428295294040236,-2.9403729405781327
1751,2025,Daylen Berry,Charleston Southern,76,Jr,6899.0,-0.5199000000000069,-3.109846714573043,0.1572220353849626,-2.9526246791880806
1752,2025,Corey McKeithan,La Salle,74,Sr,6656.0,1.204899999999995,-2.375420073401999,-0.5781397761228162,-2.953559849524815
1753,2025,Dan Gherezgher,Northern Kentucky,76,Jr,3772.0,-2.409400000000005,3.2555698014181287,-6.2153821141210095,-2.959812312702881
1754,2025,Damien Mayo Jr.,Southern Illinois,75,So,2344.0,0.7560000000000002,-2.6795272518564577,-0.2873729897717956,-2.9669002416282533
1755,2025,Preston Ruedinger,Green Bay,74,Jr,5716.0,-0.7927999999999997,-3.9220554875112206,0.9536387753147553,-2.9684167121964653
1756,2025,Jamarques Lawrence,Rhode Island,75,Jr,5278.0,-1.0878999999999905,0.5530238225813193,-3.5277071341000923,-2.974683311518773
1757,2025,Isaia Howard,Drake,77,Fr,748.0,1.2883000000000067,1.9131689856638598,-4.894243666305491,-2.9810746806416315
1758,2025,Stephaun Walker,Old Dominion,79,Jr,3244.0,-4.9894999999999925,-2.783075041487666,-0.20873348651675494,-2.991808528004421
1759,2025,Chase McKey,Western Carolina,82,Sr,3190.0,-0.8633999999999986,-2.8071746767038115,-0.2072087702510383,-3.0143834469548496
1760,2025,Bradyn Hubbard,Abilene Christian,79,Jr,4370.0,-1.328800000000001,-1.4166581521316917,-1.5988541213789278,-3.0155122735106197
1761,2025,Andrew McConnell,South Carolina Upstate,74,Jr,3450.0,-1.5420000000000016,3.9533024976113538,-6.982908204366815,-3.0296057067554614
1762,2025,Riley Parker,St. Francis (PA),74,Jr,2965.0,-6.971299999999999,-0.9139530774618696,-2.136612038434298,-3.0505651158961675
1763,2025,Kent Jackson,Jacksonville,75,Fr,1098.0,-6.012299999999996,-10.069083104936563,7.016975774119656,-3.0521073308169075
1764,2025,Kadar Waller,Cal State Bakersfield,72,Sr,3240.0,-1.223399999999998,0.42991611997872947,-3.4910237992733752,-3.0611076792946457
1765,2025,James Okonkwo,Akron,80,Sr,1899.0,-2.636899999999997,-3.700326263195421,0.6264364494809724,-3.0738898137144486
1766,2025,Caleb Embeya,Towson,81,Fr,1566.0,-2.3585999999999956,-5.640116879845265,2.5363003016838475,-3.1038165781614175
1767,2025,Cooper Bowser,Furman,83,So,2628.0,-0.9377000000000066,-3.2486688912419783,0.13509329767286787,-3.1135755935691103
1768,2025,Evan Phelps,East Texas A&M,72,So,4460.0,-0.42960000000000775,-5.168020056914246,2.0476344895965775,-3.1203855673176686
1769,2025,Jonnivius Smith,UTSA,81,Sr,4188.0,1.2840999999999951,-3.968519562257134,0.8408533159922366,-3.1276662462648974
1770,2025,Terrance Ford Jr.,Arkansas State,73,So,2836.0,-1.3743999999999943,-3.2266105778148995,0.09659209134855384,-3.1300184864663456
1771,2025,Terrence Brown,Fairleigh Dickinson,75,So,6964.0,-7.4313999999999965,1.075753164382558,-4.217900827512541,-3.1421476631299834
1772,2025,David Onanina,Bethune-Cookman,80,So,2124.0,-5.7239,3.068885678271795,-6.216859289328763,-3.147973611056968
1773,2025,Jayden Dawson,Loyola Chicago,76,Jr,2525.0,1.1370000000000005,-3.753820868598619,0.5781471471245853,-3.1756737214740336
1774,2025,Theo Seng,Troy,81,Sr,1098.0,-2.852000000000004,-1.3964720217770457,-1.785681259367272,-3.1821532811443176
1775,2025,Xavier Brown,James Madison,74,Jr,5404.0,-1.2146999999999935,-6.180133614182761,2.9784537324450877,-3.2016798817376735
1776,2025,Jaden Seymour,East Tennessee State,80,Sr,4911.0,-4.088700000000003,-2.470187770336077,-0.7340602920845416,-3.2042480624206187
1777,2025,Chandler Jackson,Florida State,77,Jr,4142.0,6.5214,-2.8216700899254006,-0.3961438710988068,-3.2178139610242074
1778,2025,George Kimble III,Eastern Kentucky,74,So,4698.0,-2.4466000000000037,-3.085104826428334,-0.1376909410339524,-3.2227957674622862
1779,2025,Daniel Rivera,Massachusetts,78,Jr,5020.0,0.04290000000000305,-1.0615152121806224,-2.1747332616308834,-3.236248473811506
1780,2025,Joe Octave,Stony Brook,76,Sr,1485.0,-2.263300000000001,3.7684290908281657,-7.0055707851202405,-3.2371416942920748
1781,2025,Jacob Meyer,DePaul,74,So,1915.0,5.057599999999994,1.8585690413787734,-5.104195796227577,-3.2456267548488036
1782,2025,Kyle Layton,Tennessee Tech,75,So,3346.0,-7.46929999999999,-4.535322800396343,1.2831723235569763,-3.2521504768393665
1783,2025,Myles Watkins,Bellarmine,75,Jr,2502.0,-4.171300000000002,-4.607424654830693,1.3452759204416913,-3.2621487343890014
1784,2025,Ryan Sabol,Buffalo,74,So,6938.0,-3.3666000000000054,-8.310127717109456,5.042122944810214,-3.268004772299242
1785,2025,Bryce Johnson,UMBC,75,Sr,6112.0,-7.5312000000000126,1.6901557597709278,-4.96405666371208,-3.2739009039411524
1786,2025,Malik Thomas,San Francisco,77,Sr,3008.0,4.327399999999997,-1.2166321261197832,-2.0574220082391133,-3.2740541343588965
1787,2025,Bruno Alocen,Indiana State,78,Fr,4803.0,-0.5514999999999901,-4.8618114486115465,1.586130566837494,-3.2756808817740524
1788,2025,Darius Burford,UT Arlington,75,Sr,4410.0,-1.7724999999999937,1.8385248576710922,-5.131448034121036,-3.2929231764499436
1789,2025,Khamari McGriff,UNC Wilmington,80,Sr,1679.0,-3.555000000000007,-9.020071074068765,5.713787468207893,-3.306283605860872
1790,2025,Mikale Stevenson,Grambling,74,Jr,6752.0,-5.492599999999996,-1.5236857841862959,-1.7834407992981474,-3.307126583484443
1791,2025,Sean Trumper,Merrimack,79,Sr,5984.0,-4.972000000000008,1.012843008184387,-4.325232024437443,-3.312389016253056
1792,2025,Aly Tounkara,Lindenwood,84,Fr,2274.0,-8.310500000000005,-5.979625678456772,2.6624035611258776,-3.3172221173308944
1793,2025,Honor Huff,Chattanooga,70,Jr,3904.0,-0.8803999999999945,-0.4727572640313335,-2.8682976121332784,-3.3410548761646117
1794,2025,Adam Hinton,Cornell,77,Jr,1884.0,-2.903500000000008,0.4866676239613441,-3.8425226433886115,-3.3558550194272674
1795,2025,Dylan Jones,Fairleigh Dickinson,77,Jr,5342.0,-7.027699999999996,-4.085674938337036,0.7173960570657272,-3.3682788812713085
1796,2025,Trevion LaBeaux,East Carolina,75,Jr,3594.0,-1.3716000000000008,-4.253935703447016,0.8817015130497199,-3.3722341903972968
1797,2025,Baboucarr Njie,UTSA,77,Fr,1882.0,-0.602800000000002,-5.131684256090099,1.7586545984240347,-3.3730296576660646
1798,2025,Carlton Linguard Jr.,San Francisco,84,Sr,2176.0,4.12469999999999,-7.769239408906431,4.387737433455267,-3.3815019754511644
1799,2025,Drayton Jones,South Carolina State,83,So,2519.0,-8.933700000000002,-4.688402013352602,1.3062030630498676,-3.382198950302734
1800,2025,Owen Lobsinger,Western Michigan,81,Sr,4182.0,-2.583600000000004,-7.949230428080295,4.563258019114996,-3.3859724089652987
1801,2025,Liutauras Lelevicius,Oregon State,79,So,2383.0,2.1573999999999955,0.41721393171774324,-3.8062357225703103,-3.389021790852567
1802,2025,Tai'Reon Joseph,UTSA,74,Jr,2692.0,-0.5087999999999937,-1.5802601030004821,-1.8268977830039344,-3.4071578860044163
1803,2025,Finley Sheridan,Stetson,82,So,2118.0,-4.346199999999996,-2.514538436976493,-0.9199037607538189,-3.434442197730312
1804,2025,Johnny O'Neil,Santa Clara,82,Sr,2206.0,4.685900000000004,-0.9822906992095599,-2.4526626234423192,-3.434953322651879
1805,2025,Tyler Schmidt,Valparaiso,76,Sr,4888.0,0.30390000000001294,0.2755754375318286,-3.711973292313685,-3.4363978547818563
1806,2025,Brayden Fagbemi,Central Arkansas,72,So,6444.0,-2.8367000000000075,-7.915911299040096,4.478473606052324,-3.437437692987772
1807,2025,Jakai Robinson,Bryant,77,Jr,1962.0,-5.6702999999999975,2.4189811659601936,-5.898961889075947,-3.4799807231157533
1808,2025,Kyle Brown,Arkansas-Pine Bluff,81,Jr,3378.0,-7.3688999999999965,0.8798324401535886,-4.363882325817461,-3.4840498856638726
1809,2025,Blaize Sagna,Stetson,75,Sr,2734.0,-5.242800000000003,-4.0262452411258085,0.5385143552989713,-3.487730885826837
1810,2025,Zimi Nwokeji,Jacksonville,79,Sr,2204.0,-2.7590000000000003,-2.6481493205104956,-0.8403317927390713,-3.488481113249567
1811,2025,Noel Brown,St. Bonaventure,83,Sr,2810.0,0.6420000000000101,-3.1561308559284007,-0.33882594858457676,-3.4949568045129773
1812,2025,Jamar Brown,Kansas City,77,Sr,6494.0,-2.0759000000000043,-4.470004854061613,0.9719731271921651,-3.498031726869448
1813,2025,Seth Wilson,Akron,74,Sr,1878.0,-3.9876000000000005,-4.12800078260116,0.6190286703444339,-3.508972112256726
1814,2025,Kaleb Smith,UC Riverside,82,So,2698.0,1.584699999999998,-2.6691514365772884,-0.8451939720441763,-3.5143454086214647
1815,2025,Cody Pennebaker,Lamar,77,Jr,5038.0,-1.1274999999999977,-0.07789151186819943,-3.4485244664009995,-3.526415978269199
1816,2025,Malachi Brown,Georgia State,73,So,5105.0,-2.317799999999991,-1.520032782518148,-2.0334965589340093,-3.5535293414521574
1817,2025,Steven Clay,Morehead State,76,Jr,2874.0,-7.885800000000003,2.758496662674447,-6.314226642148495,-3.555729979474048
1818,2025,Makai Willis,UL Monroe,81,Sr,5938.0,-3.9712999999999994,-6.171811686150735,2.613504868365471,-3.5583068177852644
1819,2025,Lou Hutchinson,Grambling,79,So,2152.0,-5.633200000000002,5.8386445025300056,-9.402659288481246,-3.5640147859512403
1820,2025,Jasin Sinani,Campbell,75,Sr,4492.0,-4.040600000000012,-9.38478292915649,5.819125946717886,-3.565656982438604
1821,2025,DJ Hughes,East Tennessee State,79,Sr,2544.0,-4.50330000000001,-5.307390407852038,1.740392439776698,-3.56699796807534
1822,2025,Tamarion Hoover,Jackson State,77,Fr,2726.0,-4.291999999999987,-2.5297339387771522,-1.0479869961077095,-3.5777209348848618
1823,2025,Oziyah Sellers,Stanford,77,Jr,3078.0,6.251599999999996,1.4782702393289984,-5.056143491526531,-3.5778732521975325
1824,2025,Tye Dorset,Merrimack,75,Fr,2726.0,-4.817200000000014,-0.8116626951023407,-2.7740728775922503,-3.585735572694591
1825,2025,Sean Blake,Vermont,74,Fr,2922.0,-5.094700000000003,0.27132674305765025,-3.8799386022599296,-3.6086118592022793
1826,2025,Andrew Nagy,Long Beach State,81,Fr,2716.0,-1.2890000000000015,-4.887969251360839,1.2746379836620805,-3.6133312676987583
1827,2025,Issac McBride,Oral Roberts,72,Sr,6789.0,0.31109999999999616,9.573452831951993,-13.194483163779708,-3.621030331827715
1828,2025,Mikkel Tyne,Richmond,70,So,5668.0,2.8281000000000063,-9.398341988493591,5.774266245676146,-3.6240757428174453
1829,2025,Brandon Mitchell-Day,Dartmouth,80,Jr,4540.0,-4.696799999999996,-6.37881477943577,2.750829458077363,-3.6279853213584072
1830,2025,Isaiah Mbeng,William & Mary,73,Fr,1740.0,-3.482600000000005,0.6672821458563201,-4.316064970099725,-3.648782824243405
1831,2025,Trey Campbell,Northern Iowa,76,Jr,2565.0,1.0704000000000065,-3.713835554417043,0.051524354227670544,-3.6623112001893725
1832,2025,Isaac Harrell,Elon,80,So,1710.0,-4.026799999999994,-0.8003468413676726,-2.8644984862676086,-3.6648453276352813
1833,2025,Max Weisbrod,Northern Iowa,76,Jr,2016.0,1.1330999999999989,-4.754740176099815,1.0863589807038303,-3.6683811953959844
1834,2025,Aidan Kehoe,Navy,82,Jr,5938.0,-8.552900000000008,-5.145753349054441,1.4773689548917588,-3.6683843941626826
1835,2025,Tru Washington,New Mexico,76,So,2851.0,6.744699999999995,1.9810324719171863,-5.668895389154813,-3.687862917237627
1836,2025,Tyler Linhardt,Idaho,79,Jr,2938.0,-4.432400000000001,0.12705789126284328,-3.8232193817776468,-3.6961614905148035
1837,2025,Trevor Mullin,Yale,72,So,927.0,-2.28479999999999,-5.828834225854301,2.1289656527168654,-3.6998685731374357
1838,2025,Chase Johnston,High Point,75,Sr,2411.0,-4.783200000000008,-5.029936365759276,1.3273014359060542,-3.702634929853222
1839,2025,Foster Wonders,Green Bay,77,Jr,4092.0,-0.4420000000000073,-10.657324839159617,6.953510594204044,-3.7038142449555735
1840,2025,Chase Martin,Missouri State,74,Sr,4008.0,0.49090000000001055,-3.0462222651719095,-0.6689853344976529,-3.7152075996695624
1841,2025,Yohan Traore,SMU,83,So,1451.0,3.0043999999999897,-2.8424109011995435,-0.8851981707815519,-3.7276090719810955
1842,2025,Alexis Marmolejos,Lamar,73,Jr,5986.0,-1.147199999999998,-2.612434549826772,-1.1208559108484837,-3.7332904606752555
1843,2025,Christian Cook,New Mexico State,74,Sr,5708.0,2.0675999999999988,-0.033844242056982,-3.7094438026667413,-3.743288044723723
1844,2025,Zahree Harrison,Coppin State,72,Sr,2396.0,-2.771799999999999,-0.5737738105008205,-3.192332635861726,-3.7661064463625467
1845,2025,Edouard Benoit,Lehigh,80,Fr,2990.0,-7.734099999999998,-1.8377223001164265,-1.945767082472201,-3.7834893825886278
1846,2025,Tasos Cook,Campbell,74,Sr,3399.0,-4.996600000000001,-3.159292428509842,-0.6284512635478054,-3.7877436920576475
1847,2025,Sam Wright,Colgate,80,So,2562.0,-4.076300000000003,-6.616427617219456,2.823834077735122,-3.7925935394843338
1848,2025,Kobe Newton,Wyoming,74,Sr,4110.0,3.298100000000005,-1.9335386837964803,-1.8631117739365002,-3.7966504577329805
1849,2025,Jordan Crawford,Louisiana Tech,75,So,1646.0,-3.090599999999995,-4.047114470946935,0.23050371087811872,-3.8166107600688166
1850,2025,Jaden Brownell,Samford,82,Jr,1980.0,-1.3357000000000028,-3.8310173581107363,0.013732957893510367,-3.817284400217226
1851,2025,Garry Clark,Texas A&M-Corpus Christi,79,Sr,2807.0,-1.4501000000000062,1.9425709370616548,-5.7700377380482255,-3.8274668009865707
1852,2025,Tarence Guinyard,UT Martin,74,Jr,2684.0,-8.138100000000009,4.000459703948269,-7.831822717915961,-3.8313630139676924
1853,2025,Robert Smith,Delaware State,73,Sr,5850.0,-9.205099999999987,-7.608860774304034,3.7690252970739735,-3.8398354772300607
1854,2025,Jackson Fields,Troy,80,Jr,2050.0,-0.9669999999999987,-3.3616355747697475,-0.4903198585286932,-3.851955433298441
1855,2025,Amani Lyles,Akron,79,Jr,1903.0,-2.9029999999999916,-0.526057314528771,-3.326119110100424,-3.852176424629195
1856,2025,Drissa Traore,Rhode Island,80,Sr,2236.0,-1.9745999999999952,-2.1234682215653296,-1.7327331859894652,-3.856201407554795
1857,2025,Dwon Odom,Tulsa,74,Sr,2841.0,-1.8332999999999942,-1.5049976031545536,-2.35288408814656,-3.857881691301113
1858,2025,Jaylen Benard,Longwood,74,So,1514.0,-4.1347999999999985,-1.5411216426946854,-2.3199151134663,-3.8610367561609853
1859,2025,Kory Mincy,Presbyterian,74,So,3110.0,-3.15209999999999,-3.4497747472006757,-0.41712290192164025,-3.8668976491223157
1860,2025,Zion Russell,Niagara,74,Sr,3741.0,-7.732200000000006,2.4382371045359372,-6.312510250746155,-3.874273146210218
1861,2025,Nazir Williams,Cornell,75,Sr,4810.0,-2.2417000000000087,2.377375212812866,-6.262034802608508,-3.8846595897956426
1862,2025,Lucas Taylor,Syracuse,77,Sr,1969.0,8.403499999999994,-4.490504973103921,0.6043228970281018,-3.886182076075819
1863,2025,Will Hornseth,Northern Iowa,80,Fr,1263.0,0.03159999999999741,-5.049938495941713,1.1627957783189415,-3.887142717622771
1864,2025,Adam Moussa,California Baptist,75,Sr,3400.0,0.004800000000003024,-0.6191306132112451,-3.2715232485579984,-3.8906538617692434
1865,2025,Tsvet Sotirov,Northern Illinois,81,Fr,3574.0,-3.4680000000000035,-6.3372901018539665,2.445361062618728,-3.8919290392352384
1866,2025,Leon Bond III,Northern Iowa,77,So,1743.0,-0.974899999999991,-3.940841178763699,0.038414286171131184,-3.902426892592568
1867,2025,Jackson Threadgill,App State,78,Sr,3598.0,-2.328800000000001,-2.001020573346514,-1.9082991083912653,-3.909319681737779
1868,2025,Vincent Brady II,Missouri State,75,Jr,5322.0,1.0424000000000007,-2.300185177813316,-1.619816441056114,-3.92000161886943
1869,2025,Daniel Akitoby,Morgan State,81,Sr,4910.0,-10.002300000000005,-3.2127324140655573,-0.7099144318423694,-3.9226468459079267
1870,2025,Kenny Noland,Columbia,76,Jr,5891.0,-5.256900000000002,-2.6868605426234073,-1.2378746673239083,-3.9247352099473156
1871,2025,Jedy Cordilia,Mount St. Mary's,81,Sr,2657.0,-5.575100000000006,-0.5950866443012173,-3.3581699831548546,-3.9532566274560716
1872,2025,Ben Vander Wal,Furman,79,Jr,2408.0,-2.333500000000001,-2.124157266016701,-1.8313342558777843,-3.9554915218944853
1873,2025,Michael Rataj,Oregon State,80,Jr,2923.0,1.3973999999999904,3.599804181478756,-7.558628963609897,-3.9588247821311415
1874,2025,Jalen Jackson,Purdue Fort Wayne,74,Jr,6456.0,-3.3349999999999937,4.834054236178261,-8.799912117848287,-3.9658578816700256
1875,2025,Viljami Vartiainen,Weber State,78,So,4882.0,-3.8422000000000054,-2.23873149430019,-1.7429324326449316,-3.9816639269451217
1876,2025,Tana Kopa,Canisius,78,Sr,6554.0,-4.841199999999986,-1.5795632927606098,-2.4045394586219797,-3.9841027513825895
1877,2025,Angelo Brizzi,Longwood,75,So,2058.0,-4.897400000000005,2.624359189174185,-6.608770469452288,-3.9844112802781035
1878,2025,Dantwan Grimes,Tarleton State,74,Sr,1767.0,-3.227000000000004,0.2308037633109814,-4.218345901393823,-3.9875421380828415
1879,2025,Derek Simpson,Saint Joseph's,75,So,2808.0,0.9638999999999953,-6.274120559799754,2.283482430995951,-3.990638128803803
1880,2025,Daeshon Shepherd,La Salle,77,Sr,6004.0,0.775100000000009,1.6688623026584088,-5.68146597103322,-4.012603668374812
1881,2025,Brandon Jennings,VCU,76,Fr,1197.0,0.15100000000001046,0.10179779136913403,-4.120082376180152,-4.018284584811018
1882,2025,Mike Bekelja,Kent State,72,Sr,1311.0,-2.1888000000000005,-1.9397302229172406,-2.0832097887303442,-4.022940011647584
1883,2025,Kam Williams,Tulane,80,Fr,3012.0,-1.9657999999999873,-4.503027421382495,0.4792709442010603,-4.0237564771814345
1884,2025,Colin Smalls,American University,74,Sr,2505.0,-6.23899999999999,-1.7962985050867375,-2.233037015894455,-4.029335520981192
1885,2025,DQ Cole,Oakland,75,Sr,6102.0,0.8119000000000085,-2.0686160859899925,-1.9625500095498039,-4.031166095539796
1886,2025,Myles Wilmoth,Siena,81,Sr,1380.0,-5.491,-14.248044640432006,10.212066126638552,-4.035978513793454
1887,2025,Antwan Burnett,Grambling,77,Jr,5560.0,-4.5886,-4.002157080638052,-0.04588644453490032,-4.048043525172952
1888,2025,Kezza Giffa,High Point,74,Sr,2824.0,-4.818699999999993,-2.3558495191049045,-1.702714670301024,-4.058564189405929
1889,2025,JaJuan Nicholls,Tennessee Tech,80,So,1297.0,-10.597700000000003,7.151539688266029,-11.210459490035378,-4.058919801769349
1890,2025,Aaron Nkrumah,Tennessee State,78,Jr,3000.0,-8.54010000000001,-1.9733192432044957,-2.100260186230142,-4.073579429434638
1891,2025,Jarvis Moss,Radford,76,Sr,2700.0,-2.132000000000005,-2.233525872482796,-1.8410077886939156,-4.074533661176711
1892,2025,Matt Hayman,Stephen F. Austin,77,Sr,6018.0,-2.2246999999999986,-4.02804390199305,-0.04700722525612999,-4.07505112724918
1893,2025,Lu'Cye Patterson,Minnesota,74,Sr,5774.0,11.5334,2.8031394006140724,-6.892242264026464,-4.089102863412392
1894,2025,Dominic Pangonis,Stephen F. Austin,79,Fr,4514.0,-1.9536999999999978,0.481021152194514,-4.570486642397554,-4.08946549020304
1895,2025,Damarco Minor,Oregon State,72,Sr,2849.0,2.4579000000000093,-3.0198773288239735,-1.0776317934966988,-4.097509122320672
1896,2025,Jahsean Corbett,Duquesne,78,Jr,4702.0,0.823599999999999,1.0242497890717595,-5.125631394536574,-4.101381605464815
1897,2025,P.J. Edwards,Grambling,76,Jr,3534.0,-5.323999999999998,-0.22140755017401692,-3.884080144027593,-4.10548769420161
1898,2025,Trey Fort,Samford,76,Jr,2483.0,-2.4452,-6.976062515616992,2.8632019184298887,-4.112860597187104
1899,2025,Jaylin Jackson-Posey,Texas Southern,75,Jr,1558.0,-10.398499999999999,-2.1697730746712507,-1.9574724227325566,-4.127245497403807
1900,2025,Kody Williams,Hawai'i,72,Jr,3810.0,-1.4284000000000106,-1.0142048794963712,-3.1151559547306906,-4.129360834227062
1901,2025,Derrin Boyd,Charleston,75,Sr,6030.0,-2.810999999999993,-6.323909747691174,2.173875270351261,-4.150034477339913
1902,2025,Kaleb Brown,Cal State Fullerton,79,Jr,3891.0,0.7875999999999976,-5.706294288349278,1.545295131959619,-4.160999156389659
1903,2025,Layne Taylor,Central Arkansas,71,Fr,4630.0,-2.9063000000000017,-7.5540351254120335,3.3791551893708967,-4.174879936041137
1904,2025,Ja'Sean Glover,Omaha,76,Jr,2153.0,-1.5994000000000028,1.2158619186724509,-5.399715331021563,-4.183853412349112
1905,2025,Isaiah Johnson,Portland State,78,Sr,6612.0,-5.252400000000009,-1.8994534451787932,-2.3200699884051432,-4.2195234335839364
1906,2025,Terence Harcum,Murray State,75,Sr,6072.0,1.1347000000000094,0.8887282544249436,-5.109144414601823,-4.220416160176879
1907,2025,Ethan Potter,Utah Valley,80,Jr,1232.0,-2.3311000000000064,-3.4030813039999983,-0.8209910425043356,-4.224072346504334
1908,2025,Ishan Sharma,Virginia,77,Fr,2076.0,6.605199999999996,1.4701750568174732,-5.717220532088877,-4.247045475271404
1909,2025,Robert Braswell IV,Charlotte,79,Sr,4450.0,-0.6614000000000004,2.3068332638434184,-6.559992532242996,-4.253159268399577
1910,2025,Collin Holloway,Samford,78,Jr,2482.0,-1.5925999999999902,1.5617164960816354,-5.875840846962809,-4.314124350881174
1911,2025,Rolyns Aligbe,Southern Illinois,81,Fr,1170.0,2.9986999999999995,-5.570292957691046,1.250926189727853,-4.319366767963193
1912,2025,Andrew Phillips,Lafayette,76,So,5496.0,-9.79419999999999,-0.9199811840851995,-3.4236054046278994,-4.343586588713099
1913,2025,Petar Krivokapic,Pacific,76,Sr,5224.0,2.15570000000001,-3.3190146897494213,-1.0266162831286603,-4.345630972878082
1914,2025,Brendan Coyle,Siena,79,Jr,3056.0,-7.27409999999999,-0.8649050210656126,-3.485889796473587,-4.3507948175391995
1915,2025,Wyatt Nausadis,American University,76,Fr,1163.0,-6.113900000000001,-0.1614538244291852,-4.199068724084204,-4.360522548513389
1916,2025,David Fuchs,Rhode Island,81,So,3498.0,-0.1600999999999999,-10.174430470518775,5.811487286645821,-4.362943183872954
1917,2025,Bryant Selebangue,McNeese,81,Jr,1269.0,-1.4472000000000094,0.8751311217199748,-5.238777116879255,-4.36364599515928
1918,2025,Payton Sparks,Ball State,82,Sr,4977.0,-6.291799999999995,-4.733404433483107,0.36366834451209806,-4.36973608897101
1919,2025,Tim Oboh,Buffalo,83,Fr,2336.0,-3.1484000000000094,-8.253453479428162,3.8741947221464565,-4.379258757281705
1920,2025,Levi Lawal,NJIT,79,So,2458.0,-5.873400000000004,-7.46509781551158,3.074677842946265,-4.390419972565315
1921,2025,Dontae Horne,Georgia Southern,76,Sr,2542.0,-3.052500000000009,-3.8847594931947547,-0.5090042605246031,-4.393763753719358
1922,2025,Myles Che,UC Irvine,74,So,2847.0,0.49219999999999686,-8.216404202124277,3.817447453014031,-4.398956749110246
1923,2025,Quincy Allen,Chicago State,80,Jr,3286.0,-7.437699999999992,4.43171209363541,-8.831869220458092,-4.400157126822682
1924,2025,Jasir Tremble,Fresno State,70,Jr,3176.0,6.104099999999988,2.09351669825375,-6.511376868033899,-4.417860169780149
1925,2025,Aaron Hunkin-Claytor,Hawai'i,74,Fr,2947.0,-1.6484999999999985,-1.341467321326777,-3.0795577091386575,-4.421025030465435
1926,2025,Mykell Robinson,Fresno State,79,Jr,3626.0,3.0762,0.24056362601792625,-4.661995910900527,-4.4214322848826
1927,2025,Kyndall Davis,Louisiana,77,Sr,3371.0,-1.0508999999999986,1.2318771114437979,-5.654428069521208,-4.42255095807741
1928,2025,Anquan Hill,Sacred Heart,81,Jr,4106.0,-8.72250000000001,-0.7335786856440243,-3.710951413337986,-4.4445300989820105
1929,2025,Tajavis Miller,North Dakota State,76,Jr,4018.0,-3.9162000000000035,-5.945496597760075,1.4964321017401052,-4.44906449601997
1930,2025,Justice Smith,Niagara,78,Sr,3080.0,-7.341700000000003,-3.908542324989302,-0.5509910100802573,-4.459533335069559
1931,2025,Elias Cato,Central Arkansas,81,Sr,5380.0,-2.7430999999999983,0.7052507492838633,-5.175965783024649,-4.470715033740786
1932,2025,Marcus Jackson,Siena,74,Jr,1083.0,-4.069900000000004,-2.128889499063876,-2.344027759936855,-4.472917259000731
1933,2025,Canin Jefferson,North Alabama,74,So,1462.0,-3.082099999999997,-3.5062508104118635,-0.9747060596986235,-4.480956870110487
1934,2025,Sam Vinson,Northern Kentucky,77,Sr,6130.0,-2.3108000000000004,-2.2263149254942936,-2.2678577582308033,-4.494172683725097
1935,2025,Tahj Staveskie,Cleveland State,72,Jr,3186.0,-3.759699999999995,-2.532218582835253,-1.9625100863587484,-4.494728669194001
1936,2025,Christian Turner,Texas State,79,Sr,1950.0,-3.0966999999999985,-1.9958875815803274,-2.5055812720564834,-4.501468853636811
1937,2025,Kyle Carlesimo,Colgate,74,Jr,2552.0,-6.409999999999997,1.7951073738045542,-6.300340071666483,-4.505232697861929
1938,2025,Laurynas Vaistaras,Mercer,78,Sr,2112.0,-4.66279999999999,2.482761925586077,-6.988368977253548,-4.505607051667471
1939,2025,Max Mackinnon,Portland,78,Jr,5390.0,2.2420999999999935,-4.537482135670979,0.019424865235456945,-4.518057270435522
1940,2025,CJ Hardy,Cal State Bakersfield,75,Jr,4918.0,-1.7667000000000002,-1.319387929300163,-3.2281805252856213,-4.547568454585784
1941,2025,Aiden Tobiason,Temple,77,Fr,1582.0,0.571399999999997,-3.8308192843327276,-0.743738022517715,-4.574557306850442
1942,2025,Jalin Anderson,Incarnate Word,75,Sr,2904.0,-4.911900000000003,7.835321080619776,-12.426001731234413,-4.590680650614637
1943,2025,Rodrick Payne,Western Illinois,80,Sr,1823.0,-7.562799999999996,-10.72844303344804,6.136239202149142,-4.592203831298898
1944,2025,Khali Horton,Coppin State,80,So,4042.0,-5.483899999999991,-8.100419769858874,3.497747199503886,-4.602672570354988
1945,2025,John Poulakidas,Yale,77,Sr,2236.0,-1.2060999999999922,5.872273144821566,-10.485394783212662,-4.613121638391096
1946,2025,Lamar Oden Jr.,Charleston Southern,78,Sr,6136.0,-1.2036999999999978,-4.4549576294293605,-0.16702857827054252,-4.621986207699903
1947,2025,Kam Burton,SE Louisiana,75,So,1783.0,-2.6336000000000013,-7.447469133351512,2.808623923410864,-4.638845209940648
1948,2025,Christian May,Towson,77,Jr,2379.0,-3.465900000000005,2.491784870743704,-7.1555132374369625,-4.663728366693259
1949,2025,Blake Harper,Howard,80,Fr,7572.0,-6.344500000000011,-2.268240936850661,-2.3993091956175796,-4.667550132468241
1950,2025,Tommy Kamarad,Winthrop,80,Jr,1363.0,-3.8462999999999994,-4.848761320301188,0.17426467283318536,-4.674496647468002
1951,2025,Collin Tanner,Richmond,78,So,3070.0,2.367900000000006,-4.3989006789437575,-0.27991958197980515,-4.678820260923563
1952,2025,Jahnathan Lamothe,North Carolina A&T,76,So,6776.0,-3.499600000000001,-7.322805439771325,2.6334747062900945,-4.68933073348123
1953,2025,Grayson Carter,Texas Southern,82,Sr,1257.0,-9.909400000000005,-6.776783038579841,2.0770999672239157,-4.699683071355925
1954,2025,Curt Hopf,Bellarmine,80,Sr,3646.0,-2.7434000000000083,-7.954139595565231,3.2525548851304134,-4.701584710434818
1955,2025,Dominique Ford,Southern Utah,77,Sr,1936.0,-2.1012000000000057,-5.980396736498623,1.2728096168468381,-4.707587119651785
1956,2025,Jojo Anderson,Idaho,72,Sr,2396.0,-1.5833000000000084,-8.649464989645661,3.93785042201199,-4.711614567633672
1957,2025,Chuck Bailey III,Nevada,76,So,1840.0,5.687200000000004,1.8055352718308475,-6.517671419174835,-4.712136147343988
1958,2025,Ray Glasgow,Tennessee Tech,75,Jr,1179.0,-7.12639999999999,1.1569795362112711,-5.871961409605099,-4.714981873393828
1959,2025,Ofure Ujadughele,UC Irvine,75,Sr,1207.0,-0.5956000000000046,-3.9691124611191713,-0.75179475768851,-4.720907218807682
1960,2025,Moulaye Sissoko,North Texas,81,Sr,2332.0,1.2787000000000006,0.11654576320227478,-4.83984405712496,-4.723298293922685
1961,2025,Deywilk Tavarez,Charleston,74,So,4684.0,-2.4047000000000054,-3.403680730251834,-1.3345187022246243,-4.738199432476458
1962,2025,Josh Bascoe,Bucknell,72,Sr,6947.0,-5.8581999999999965,5.034279837331956,-9.775939619767406,-4.74165978243545
1963,2025,Louis Lesmond,Harvard,78,Sr,3717.0,-2.530699999999996,-3.607358370098262,-1.1442922289116146,-4.751650599009876
1964,2025,Jordan Mason,UIC,76,Jr,5374.0,0.8319000000000045,-7.584828140031231,2.82999160107779,-4.754836538953441
1965,2025,Alvin Stredic,Mississippi Valley State,80,Sr,5415.0,-1.9328000000000003,-2.9000390208507723,-1.861014851211285,-4.761053872062057
1966,2025,Kylan Blackmon,Charlotte,75,Sr,4574.0,0.20259999999998968,-2.072547450649034,-2.7008818052732484,-4.773429255922283
1967,2025,Jayson Petty,Kansas City,76,So,6294.0,-2.1274999999999977,-10.575081100047782,5.795539439983565,-4.7795416600642175
1968,2025,Ryan Forrest,North Carolina A&T,76,So,4260.0,-4.190399999999997,-2.750856986141207,-2.046950202493478,-4.797807188634685
1969,2025,Jaylin Henderson,Portland State,75,Sr,6861.0,-5.399300000000011,-0.3766870330892691,-4.429671144001949,-4.806358177091218
1970,2025,Malcolm Noel,West Georgia,71,Jr,3716.0,-6.326999999999998,-6.198760092253547,1.3900968543683074,-4.80866323788524
1971,2025,Trey Parker,NC State,73,Fr,1238.0,7.106799999999993,-0.8739147162914422,-3.959670956899979,-4.833585673191421
1972,2025,Anthony Selden,Gardner-Webb,78,Sr,5579.0,-2.7852000000000032,-0.22237115131509544,-4.614859184656967,-4.8372303359720625
1973,2025,Solomon Callaghan,Wright State,74,Fr,4433.0,-3.901299999999992,-7.690789086435044,2.829887024002659,-4.860902062432385
1974,2025,Johan Nziemi,Longwood,78,Sr,1609.0,-4.768199999999993,-5.1288406344847965,0.26746405503155013,-4.861376579453246
1975,2025,Erik Reynolds II,Saint Joseph's,75,Sr,3214.0,0.5,2.6798529417763324,-7.556378581506696,-4.876525639730364
1976,2025,Jaret Valencia,Monmouth,81,So,3212.0,-2.5574999999999903,-2.34490962128082,-2.549696909283348,-4.894606530564168
1977,2025,Mitch Mascari,Drake,77,Sr,2918.0,1.6734000000000009,-5.699414301994553,0.78369698967744,-4.915717312317113
1978,2025,Kolby Granger,Texas Southern,77,Jr,2365.0,-5.959199999999996,5.534548253656639,-10.459836624712977,-4.925288371056339
1979,2025,Malik Olafioye,Eastern Illinois,74,Fr,1987.0,-2.5183999999999997,-6.40752119801648,1.4716343321959497,-4.93588686582053
1980,2025,JR Jacobs,New Orleans,69,So,5028.0,0.40610000000000923,-5.948887183389302,1.0088087961035794,-4.940078387285722
1981,2025,Derrius Ward,Coppin State,78,Sr,1732.0,-6.362000000000009,3.994264640275004,-8.941630510520287,-4.947365870245283
1982,2025,Tevin Smith,Cleveland State,76,Sr,2883.0,-4.094099999999997,-6.394940495049342,1.4430473751323563,-4.951893119916986
1983,2025,Tauris Watson,West Georgia,75,Jr,2878.0,-3.6770000000000067,-4.0529659663677196,-0.907178067433481,-4.960144033801201
1984,2025,Cameron Faas,Kansas City,78,Sr,5542.0,-3.2804,-12.794215027568708,7.83371163697562,-4.960503390593088
1985,2025,Sam Lecholat,Montana State,79,Sr,3248.0,-3.8268000000000058,0.9779532708093659,-5.947237484144733,-4.969284213335367
1986,2025,Jayme Mitchell Jr.,Jackson State,77,So,4502.0,-3.2190000000000083,0.04110291001477129,-5.037603882202262,-4.996500972187491
1987,2025,Gerald Drumgoole Jr.,George Washington,77,Sr,2638.0,-2.5024999999999977,2.1212253255562574,-7.1287973667469045,-5.007572041190647
1988,2025,Eze Wali,The Citadel,73,Fr,984.0,-3.6265999999999963,5.430469138389081,-10.450361611318343,-5.0198924729292616
1989,2025,Josiah Hammons,Sam Houston,74,Jr,2021.0,3.4521000000000015,1.2159606818068827,-6.239664526346118,-5.023703844539235
1990,2025,Tay Mosher,East Texas A&M,79,Jr,3032.0,-0.4806999999999988,-4.774316507933598,-0.2564632096799222,-5.0307797176135205
1991,2025,Masiah Gilyard,Manhattan,75,Jr,2638.0,-8.730500000000006,0.7587732019659432,-5.8018041223868835,-5.04303092042094
1992,2025,Valentino Pinedo,St. Francis (PA),80,So,2057.0,-7.019799999999989,-4.951539467407446,-0.09833361829392384,-5.04987308570137
1993,2025,A.J. Wills,Wyoming,74,So,3124.0,1.7194999999999965,-1.5547469264182914,-3.5012997821085836,-5.056046708526875
1994,2025,Ryan Pettit,Lafayette,73,Jr,3774.0,-8.614099999999993,-0.6156365428687645,-4.460200455842181,-5.075836998710946
1995,2025,Nik Graves,Charlotte,75,Jr,6020.0,-0.688999999999993,-10.567393906129983,5.482564297766848,-5.084829608363135
1996,2025,Dasear Haskins,Saint Joseph's,80,So,1705.0,-0.19960000000000377,-2.047385667868256,-3.0868799437202425,-5.134265611588498
1997,2025,Lance Ware,UT Arlington,82,Sr,4584.0,-2.7683999999999997,-2.6251631717747825,-2.522171818280393,-5.1473349900551755
1998,2025,Tyrel Bladen,Norfolk State,82,Sr,1512.0,-3.42110000000001,-6.124041432733211,0.9741553971088246,-5.1498860356243865
1999,2025,Nolan Hodge,UNC Wilmington,79,Jr,2002.0,-2.6537000000000006,-5.4492751940822135,0.29020753956346557,-5.159067654518748
2000,2025,Reece Robinson,Cleveland State,80,Fr,1059.0,-3.514399999999995,-4.126430096975147,-1.0517535083449414,-5.178183605320088
2001,2025,Isaiah Jones,Oakland,79,Jr,4088.0,-2.1625999999999976,-1.276746292810512,-3.9550349090516574,-5.231781201862169
2002,2025,DeMarr Langford Jr.,UAlbany,76,Sr,6180.0,-8.82310000000001,-6.22618801992006,0.9939619743322137,-5.232226045587846
2003,2025,Colby McAllister,The Citadel,77,Jr,1362.0,-2.127200000000002,-1.2215329661944692,-4.011146583105849,-5.232679549300318
2004,2025,James Dent Jr.,Northern Illinois,77,Sr,7188.0,-4.593599999999995,-9.356764825561484,4.117233550404504,-5.23953127515698
2005,2025,Amar'e Marshall,UAlbany,76,Jr,5930.0,-8.097099999999998,-5.423619580430647,0.17959616134842804,-5.244023419082219
2006,2025,Jeremy Clayville,St. Francis (PA),72,Fr,1393.0,-4.917599999999993,-1.9042568133013176,-3.348604029455999,-5.2528608427573165
2007,2025,Keith Higgins Jr.,Lehigh,76,Sr,2442.0,0.9232000000000085,-2.158499194376152,-3.1049559281053565,-5.263455122481508
2008,2025,Leo Colimerio,Queens University,79,Sr,3043.0,-4.021199999999993,2.327585080967083,-7.604521570633123,-5.27693648966604
2009,2025,Ty Pence,Illinois State,78,So,2270.0,0.04640000000000555,-3.52077062817954,-1.7605163275445985,-5.281286955724139
2010,2025,Ajay Sheldon,Ohio,73,Jr,3962.0,-3.8373000000000133,0.45369591299667444,-5.735641130122682,-5.281945217126007
2011,2025,Ali Dibba,Southern Illinois,77,Jr,3354.0,1.6158999999999963,6.2825519260150084,-11.568137436351723,-5.285585510336714
2012,2025,Nendah Tarke,Towson,76,Sr,2521.0,-2.286599999999993,1.6776652332842463,-6.964293987068833,-5.286628753784587
2013,2025,Riley Allenspach,Samford,83,So,1330.0,-1.6855000000000047,-1.1330770203738787,-4.154293007343206,-5.287370027717085
2014,2025,Michael Gray Jr.,Nicholls,74,Jr,3862.0,-0.014099999999999113,0.252981388866252,-5.5435890186719305,-5.290607629805678
2015,2025,Mason Falslev,Utah State,75,So,3028.0,6.4720999999999975,-2.5220136874116816,-2.7727986361080594,-5.294812323519741
2016,2025,Isaiah Griffin,Eastern Illinois,78,Sr,116.0,-4.251099999999994,1.1435478304616922,-6.442471307439997,-5.298923476978305
2017,2025,AJ Dancler,Le Moyne,74,So,5920.0,-9.09729999999999,0.8624991017849135,-6.162572456444066,-5.300073354659152
2018,2025,Josh Ogundele,Tennessee State,84,Sr,1512.0,-8.85759999999999,-0.18730609337999393,-5.114420191417488,-5.301726284797482
2019,2025,Chauncey Wiggins,Clemson,82,Jr,2104.0,7.463300000000004,-6.9700071605223695,1.6646197075332498,-5.30538745298912
2020,2025,Braeden Carrington,Tulsa,77,Jr,2095.0,-2.8533000000000044,-5.440143215175668,0.12796128519090577,-5.312181929984763
2021,2025,Sam Hines Jr.,SE Louisiana,78,Sr,3227.0,-3.5696000000000083,-2.6163783854210845,-2.716628571428794,-5.333006956849879
2022,2025,Kenny Hunter,Texas Southern,82,Sr,2310.0,-5.367599999999996,-17.395185626502297,12.021096373735887,-5.37408925276641
2023,2025,Daeshun Ruffin,Jackson State,70,Jr,4236.0,-14.041900000000012,0.31701976024597034,-5.703189224818356,-5.386169464572386
2024,2025,Kasheem Grady II,Kansas City,77,Jr,2272.0,-2.799999999999997,-5.533398402322954,0.14697776143426527,-5.386420640888688
2025,2025,Christian Jones,George Washington,74,Fr,2281.0,-1.167100000000005,1.6243746183808674,-7.025088445314799,-5.400713826933931
2026,2025,Kaden Gumbs,Texas State,74,So,2407.0,-2.149799999999999,1.6560846650776535,-7.072580085099075,-5.4164954200214215
2027,2025,Mike Loughnane,Davidson,76,So,4606.0,0.6621999999999986,3.464611353649962,-8.88828483835481,-5.423673484704848
2028,2025,Nehemiah Benson,Binghamton,79,Sr,4564.0,-8.65379999999999,-1.7197237009442552,-3.7129083551639583,-5.432632056108213
2029,2025,Jair Horton,Mississippi Valley State,78,Jr,3541.0,-7.274000000000001,-2.150037185259851,-3.2999699418738495,-5.4500071271337
2030,2025,Jake Fiegen,Cornell,76,So,4596.0,-2.082899999999995,-3.711408618554186,-1.7576161255078366,-5.469024744062023
2031,2025,Jimmie Williams,South Florida,77,So,1523.0,-0.30740000000000123,-3.718121181830229,-1.760166714821644,-5.478287896651873
2032,2025,Chris Ashby,Queens University,74,Sr,2997.0,-4.110499999999988,-2.257122093715465,-3.243154004020294,-5.5002760977357585
2033,2025,Kyle Thomas,SIU Edwardsville,82,So,1012.0,-9.357600000000005,-1.0989437137314697,-4.401933759309717,-5.500877473041187
2034,2025,Ronnie DeGray III,Wichita State,78,Sr,1443.0,2.540399999999991,-0.45961979585042,-5.058665031481068,-5.518284827331488
2035,2025,Amarri Monroe,Quinnipiac,79,Jr,6210.0,-6.800600000000003,1.9138081562108313,-7.446798795025536,-5.532990638814705
2036,2025,Brady Cummins,Colgate,78,Jr,4370.0,-4.5518,-1.9113880202864382,-3.6297180474815804,-5.541106067768019
2037,2025,Tyshawn Archie,Tulsa,72,So,2059.0,-3.209299999999999,2.4485078689724054,-7.998799871592512,-5.550292002620107
2038,2025,Tyler Beard,Cal State Northridge,74,Sr,1935.0,-2.368300000000005,0.5885646809827176,-6.139399660211301,-5.550834979228583
2039,2025,Jalen Quinn,Loyola Chicago,75,Jr,2098.0,0.7365000000000066,-1.5469328112183303,-4.0107666926634025,-5.557699503881732
2040,2025,Jaylen Crocker-Johnson,Colorado State,80,So,2075.0,6.915999999999997,-4.753731128552598,-0.8253473112505367,-5.579078439803135
2041,2025,Quadir Pettaway,Presbyterian,74,Jr,956.0,-3.5411,-1.4378437133595159,-4.147856620288628,-5.585700333648143
2042,2025,Davide Poser,New Hampshire,76,So,5876.0,-6.370999999999995,-4.8047306807456565,-0.7882285141501235,-5.59295919489578
2043,2025,Artese Stapleton,Eastern Illinois,75,Sr,3253.0,-6.463999999999999,0.15495032520418128,-5.751798781870776,-5.596848456666595
2044,2025,Ryan Abelman,Northern Arizona,76,Jr,1708.0,-6.098400000000012,-8.56434722711279,2.9663196739050095,-5.598027553207781
2045,2025,DeAndre Craig Jr.,Denver,72,So,5375.0,-1.8636000000000053,0.5499194684228068,-6.171200731898574,-5.621281263475767
2046,2025,Mitchell Taylor,South Carolina State,75,So,1965.0,-9.023399999999995,-0.6404644747758015,-5.01772506675099,-5.6581895415267915
2047,2025,Justin Hohn,UC Irvine,73,Sr,3096.0,0.8078000000000003,-5.17003962444334,-0.4929372084604231,-5.662976832903762
2048,2025,Isaiah Griffin,Idaho State,78,Sr,5578.0,-4.251099999999994,-1.8559344139439353,-3.81929456781007,-5.675228981754005
2049,2025,Kyle Pulliam,William & Mary,76,Jr,1291.0,-2.2090999999999923,-1.82766531033087,-3.8508059467688027,-5.678471257099673
2050,2025,Joshua O'Garro,Texas State,78,Sr,2741.0,-2.916399999999996,0.7108838790541505,-6.398109368890399,-5.687225489836249
2051,2025,Jayden Ndjigue,Massachusetts,76,So,4806.0,0.23989999999999156,-4.816940095495381,-0.8884162666785904,-5.705356362173972
2052,2025,K.T. Raimey,UT Rio Grande Valley,75,Sr,3582.0,-2.235599999999991,-5.1668463956593484,-0.5578681880108518,-5.724714583670201
2053,2025,Deuce Jones,La Salle,74,Fr,5516.0,2.275100000000009,2.9579300887938205,-8.683243753009144,-5.7253136642153235
2054,2025,Eli King,North Dakota,76,Jr,6628.0,-1.3915000000000077,-0.5379461065827642,-5.198188919817217,-5.736135026399982
2055,2025,Mekhi Conner,Sacred Heart,73,Fr,6218.0,-8.136399999999995,3.540658371812577,-9.277489949037124,-5.736831577224547
2056,2025,Rich Rolf,Charlotte,79,Jr,2834.0,-2.037200000000013,-3.972033712598245,-1.7873667049480546,-5.759400417546299
2057,2025,Bryce Zephir,Montana State,76,Jr,3072.0,-2.7768000000000086,-1.3336536540268813,-4.429955269330736,-5.7636089233576175
2058,2025,DK Thorn,UT Rio Grande Valley,76,Sr,6471.0,-2.767700000000005,-9.721228502391751,3.9313894860363403,-5.789839016355411
2059,2025,Cliff Davis,UT Rio Grande Valley,74,Sr,6413.0,-1.9311000000000007,-5.377523822238815,-0.42595845552804845,-5.8034822777668635
2060,2025,AJ Clayton,Ohio,79,Sr,4862.0,-3.581800000000001,-5.74707763218685,-0.06316130181122492,-5.810238933998075
2061,2025,Je'Shawn Stevenson,Cleveland State,74,Fr,1665.0,-3.137800000000013,-3.4901862789873164,-2.3263588229256422,-5.816545101912959
2062,2025,Alden Applewhite,Murray State,79,Jr,3094.0,0.9984999999999928,-2.287800697736801,-3.5308508714865416,-5.818651569223343
2063,2025,All Wright,Valparaiso,75,Fr,5991.0,0.44190000000000396,1.836187350204368,-7.666151165469072,-5.829963815264705
2064,2025,Reid Ducharme,Siena,79,Fr,979.0,-5.856200000000001,-4.113583809311316,-1.7235022869082388,-5.837086096219554
2065,2025,Malachi Poindexter,Illinois State,75,Sr,2059.0,0.3078999999999894,-1.7770945644323342,-4.068591271981862,-5.845685836414196
2066,2025,Will Soucie,North Alabama,77,Sr,2994.0,-4.692999999999998,-4.09867633377685,-1.7568474564237886,-5.855523790200639
2067,2025,Antwan Robinson,Cal State Fullerton,76,So,4218.0,0.796999999999997,-6.290088810877796,0.43157041827009507,-5.858518392607701
2068,2025,Jeremiah Johnson,Green Bay,75,Fr,4312.0,-1.8495000000000061,3.5032296036925956,-9.364152934551521,-5.860923330858926
2069,2025,Justus McNair,Valparaiso,75,Fr,2084.0,2.0901000000000067,1.228838117889649,-7.094534690681404,-5.865696572791755
2070,2025,Carter Whitt,Belmont,75,Sr,6383.0,-0.14579999999999416,0.5258860699837546,-6.398832026575648,-5.872945956591893
2071,2025,DaMariee Jones,Southern,77,Sr,1905.0,-7.455399999999997,-2.224364292588175,-3.6516194396733823,-5.875983732261558
2072,2025,Donovan Draper,Navy,76,Jr,5626.0,-8.847499999999997,1.3925266551675985,-7.27691289785241,-5.884386242684811
2073,2025,Ben Roy,Boston University,72,Jr,3772.0,-8.505700000000004,-7.028817253497248,1.135859227893273,-5.892958025603975
2074,2025,Geronimo Rubio De La Rosa,Columbia,74,Sr,4271.0,-5.601600000000005,-10.670276635569373,4.76213399523512,-5.908142640334253
2075,2025,Jalen Jackson,Western Kentucky,71,Sr,4356.0,3.3049000000000035,2.68952222930552,-8.61961315757827,-5.930090928272749
2076,2025,Robert Davis Jr.,Old Dominion,78,So,6911.0,-5.169200000000004,-3.3944016424699313,-2.541821472657619,-5.93622311512755
2077,2025,Marcus Hall,Green Bay,78,So,6520.0,-1.5814000000000021,-2.993267597062511,-2.9578936421560678,-5.951161239218578
2078,2025,Johnny Kinziger,Illinois State,71,So,3126.0,-0.1700000000000017,-2.811684378330545,-3.1604082195944274,-5.972092597924973
2079,2025,Jay Alvarez,Rider,77,Sr,4980.0,-6.137499999999989,-1.712580121039419,-4.262979957535766,-5.975560078575185
2080,2025,Chris Walker,Binghamton,78,Jr,5928.0,-9.370500000000007,-1.046287222492111,-4.933382780445136,-5.979670002937247
2081,2025,Jarred Hyder,Cal Poly,75,Sr,5900.0,0.44599999999999795,0.22455806260475863,-6.217636867417793,-5.993078804813035
2082,2025,Danquez Dawsey,Lamar,74,Sr,3264.0,-1.2000000000000028,-8.854449400053584,2.858495878411282,-5.995953521642302
2083,2025,Kaleb Scott,Presbyterian,80,Sr,2339.0,-3.7164999999999964,-6.1755728470368085,0.17655616728124207,-5.999016679755567
2084,2025,Kamryn Thomas,Omaha,80,Jr,2632.0,-1.2203000000000088,-5.484599028306315,-0.5185996238303928,-6.003198652136708
2085,2025,D'Aundre Samuels,Houston Christian,74,So,3062.0,-1.4570000000000078,-7.0800791246840395,1.0549006423476857,-6.025178482336354
2086,2025,Guzman Vasilic,Cal Poly,76,Fr,2914.0,0.25260000000000105,-4.509597020406699,-1.5168166457381107,-6.026413666144809
2087,2025,Elijah Brooks,Houston Christian,75,Jr,5052.0,-2.5037999999999982,-1.9895390042483507,-4.0459573466338785,-6.035496350882229
2088,2025,Christian Moore,The Citadel,78,Fr,1927.0,-3.8414000000000073,-0.8393293521059599,-5.201594556652225,-6.0409239087581845
2089,2025,Zion Cruz,Rider,77,Jr,4576.0,-7.872900000000001,2.976305821012498,-9.019975958151393,-6.0436701371388954
2090,2025,Parker Jones,Colgate,78,So,5179.0,-5.439099999999996,0.023018582643167473,-6.06787125100532,-6.044852668362152
2091,2025,Jayden Reid,South Florida,70,So,2681.0,0.46760000000000446,-4.1533736019836205,-1.903012722268413,-6.056386324252033
2092,2025,Keenan Wilkins,Charleston Southern,70,Fr,2443.0,-1.1905000000000001,-3.43254718052691,-2.624269833561992,-6.056817014088901
2093,2025,Ben Gold,Marquette,83,Jr,2287.0,11.958100000000002,-2.953604778091977,-3.112680001956397,-6.066284780048374
2094,2025,Dok Muordar,Monmouth,83,Jr,2751.0,-2.8101000000000056,-5.214151429845182,-0.8688778868848799,-6.0830293167300615
2095,2025,Ben Johnson,Bellarmine,75,Jr,3198.0,-3.217100000000002,-3.4766355979307986,-2.6065680223682137,-6.083203620299012
2096,2025,Bismark Nsiah,Fairleigh Dickinson,78,Sr,5672.0,-8.1113,-4.37716953379895,-1.7153058924678475,-6.092475426266798
2097,2025,Quinn Denker,Northern Colorado,75,Sr,2032.0,-4.10860000000001,-1.1047506180426638,-5.003233359671253,-6.107983977713916
2098,2025,Luke Jungers,Iona,81,Jr,3324.0,-7.971899999999991,-5.43660632476063,-0.6745148858845944,-6.111121210645225
2099,2025,Todd Brogna,Stonehill,79,So,5050.0,-9.0488,-3.646171119737454,-2.4657406069297823,-6.111911726667236
2100,2025,Ryan Kiachian,Cornell,82,Sr,2140.0,-2.8548000000000116,-8.7647458564128,2.645471140494707,-6.119274715918093
2101,2025,Sin'Cere McMahon,Norfolk State,73,Sr,1532.0,-6.285799999999995,-10.765431839009107,4.630676753652555,-6.134755085356552
2102,2025,Jordan Chatman,Florida A&M,77,Sr,4384.0,-8.563699999999997,-1.7808749785858007,-4.380666317659342,-6.161541296245143
2103,2025,Caden Diggs,Old Dominion,79,Fr,2122.0,-3.4347999999999956,-0.22507072558330332,-5.93908533650705,-6.1641560620903535
2104,2025,Keaton Norris,Wright State,72,Jr,5425.0,-2.451499999999996,-7.948002371910074,1.7767482422935013,-6.171254129616573
2105,2025,AJ Levine,Pennsylvania,72,Fr,3148.0,-1.0411000000000001,2.7992319328161686,-8.973596536203157,-6.174364603386989
2106,2025,Nate Fouts,Le Moyne,79,So,5212.0,-8.362800000000007,-3.692822916268505,-2.4890470036312653,-6.18186991989977
2107,2025,Eren Banks,Georgia Southern,76,So,5763.0,-5.350899999999996,-5.065839453925788,-1.1188058806686083,-6.184645334594396
2108,2025,D'Maurian Williams,High Point,75,Sr,2627.0,-3.928600000000003,-7.2589709364954045,1.0723936252936,-6.1865773112018045
2109,2025,Paul Jones III,Winthrop,76,Fr,2167.0,-3.1672999999999973,-7.9217574970813125,1.725367713607132,-6.196389783474181
2110,2025,Caden Boser,Illinois State,80,Jr,1138.0,-0.7627000000000095,-5.407141707111286,-0.7985156044119289,-6.205657311523215
2111,2025,Javon Ervin,Mount St. Mary's,75,Jr,1313.0,-5.221900000000005,-0.4110925893474635,-5.812855501934011,-6.223948091281474
2112,2025,Fletcher Abee,UNC Asheville,76,Sr,6125.0,-3.098700000000008,-6.616829598506015,0.38955879039716623,-6.227270808108848
2113,2025,Josh Meo,Coastal Carolina,76,Jr,6058.0,-5.658600000000007,-7.228621127358025,1.0013494640285376,-6.227271663329487
2114,2025,Carlos Paez,SE Louisiana,71,Sr,1657.0,-4.247399999999999,-5.5415666242678565,-0.6869189495479278,-6.228485573815784
2115,2025,Jaylen Wysinger,Texas Southern,72,Sr,1173.0,-7.64139999999999,6.089433714860096,-12.325258935960388,-6.235825221100292
2116,2025,Elijah Gray,Temple,80,Jr,1425.0,0.050499999999999545,-1.1224413980802517,-5.120720993830523,-6.243162391910775
2117,2025,Greg Gantt Jr.,UNC Asheville,80,Sr,5567.0,-3.952699999999993,-7.048069706218811,0.8036879332593629,-6.244381772959448
2118,2025,Taryn Todd,Arkansas State,77,Sr,2919.0,-0.1833999999999918,-10.474295442878066,4.225172793100338,-6.249122649777728
2119,2025,Mouhamed Sow,Saint Peter's,81,Jr,1802.0,-7.989399999999989,-1.3355314955180142,-4.918665161646874,-6.254196657164888
2120,2025,Jan Vide,Loyola Marymount,78,So,3386.0,2.856099999999998,-0.5450910483530187,-5.726899201151873,-6.271990249504892
2121,2025,Maleek Arington,Seattle U,75,Jr,2801.0,0.29349999999999454,3.857689101871215,-10.156951112334538,-6.299262010463322
2122,2025,Miles Jones,UNC Greensboro,78,Sr,2738.0,-1.8588000000000022,-1.5826788546013222,-4.722434182055412,-6.305113036656735
2123,2025,Marques Warrick,Missouri,75,Sr,1332.0,4.5944999999999965,-0.32653349134334686,-5.9978890334095425,-6.324422524752889
2124,2025,Oakland Fort,Northern Arizona,70,Jr,1493.0,-7.388599999999997,-0.536391332758531,-5.793141650327208,-6.329532983085739
2125,2025,Jalen Breath,UNC Greensboro,80,Jr,3875.0,-2.6602000000000032,-11.466662674145926,5.1311987633006,-6.335463910845326
2126,2025,K.D. Johnson,George Mason,72,Sr,1885.0,2.2639000000000067,2.0335050947358564,-8.370618297655327,-6.33711320291947
2127,2025,Tyrese Hunter,Memphis,72,Sr,3191.0,6.962000000000003,-8.445409244912092,2.0821500824782837,-6.363259162433808
2128,2025,Luke Skaljac,Miami (OH),74,Fr,2492.0,-3.505600000000001,-1.4613627199156087,-4.910108629245572,-6.371471349161181
2129,2025,Dylan Williamson,Towson,73,Jr,3027.0,-2.5977999999999923,-7.014118958173237,0.6372220840026885,-6.376896874170548
2130,2025,Max Burton,Western Michigan,82,So,4136.0,-2.727400000000003,-11.91012977723541,5.529222055913586,-6.380907721321824
2131,2025,Arne Osojnik,Eastern Michigan,78,So,4668.0,-4.639300000000006,0.5253760588817689,-6.915052658391507,-6.3896765995097375
2132,2025,Cade Gibbs,Marshall,78,Sr,2278.0,-3.514400000000009,-4.605070966924916,-1.785929421955726,-6.3910003888806415
2133,2025,Ricardo Wright,Kennesaw State,76,Sr,2752.0,3.6692999999999927,-1.7771874111737906,-4.640769114380484,-6.417956525554275
2134,2025,Amir Lindsey,UAlbany,70,Fr,3434.0,-8.035200000000003,-5.423294513478694,-1.0007644190400433,-6.4240589325187365
2135,2025,Keaston Willis,Tulsa,75,Sr,2680.0,-2.1063999999999936,-5.220533422142042,-1.2074309715845515,-6.427964393726594
2136,2025,Brandon Walker,Montana State,79,Jr,3852.0,-1.953800000000001,-4.608698886466563,-1.8211275131728786,-6.429826399639442
2137,2025,Kylin Green,Utah Valley,72,Jr,1319.0,-3.1125000000000114,-1.8214838806006657,-4.619419617061187,-6.440903497661853
2138,2025,Nasir Mann,Queens University,77,Jr,1531.0,-5.1196000000000055,-5.710970029104003,-0.7535749147234094,-6.464544943827413
2139,2025,Emarion Ellis,Nicholls,77,Jr,2542.0,-1.4290999999999912,4.178043710513704,-10.669170894801624,-6.491127184287921
2140,2025,Vianney Salatchoum,Florida International,83,Jr,3922.0,-0.8937000000000097,-7.758041304815939,1.2606121557297092,-6.49742914908623
2141,2025,Marvin McGhee III,Cal State Bakersfield,79,So,6044.0,-1.9870000000000019,-4.452854111985927,-2.054820332200802,-6.507674444186728
2142,2025,Efstratios Kalliontzis,North Carolina A&T,83,Fr,3293.0,-2.896799999999999,-7.110975562991085,0.599537333080502,-6.511438229910583
2143,2025,Hayden Welling,Utah Valley,81,So,1259.0,-2.042500000000004,-8.735110020260901,2.218705928153106,-6.516404092107795
2144,2025,Brandon McCreesh,Bucknell,76,So,4012.0,-6.133600000000001,-2.486454272504475,-4.06079795849981,-6.547252231004285
2145,2025,Brayden Reynolds,Fairleigh Dickinson,73,Jr,4396.0,-8.384799999999998,-5.3413037678882995,-1.2082252433722092,-6.549529011260509
2146,2025,Anwar Gill,Howard,76,Sr,6018.0,-6.731499999999997,-1.0360036835188278,-5.521550645473076,-6.557554328991904
2147,2025,Brandon Muntu,Western Michigan,76,Jr,3496.0,-2.8549000000000007,-3.7693785410910197,-2.7935053121828117,-6.562883853273831
2148,2025,Love Bettis,Northwestern State,71,Jr,3643.0,-0.42370000000001085,-4.696774926781032,-1.8749732639582626,-6.571748190739294
2149,2025,Jaden Wells,UT Arlington,74,Sr,4024.0,-1.8722999999999956,-6.547490561149198,-0.02454389742921137,-6.572034458578409
2150,2025,Noah Batchelor,Buffalo,78,Jr,5810.0,-4.438000000000002,0.8037800424812223,-7.387216528592248,-6.583436486111026
2151,2025,Dean Reiber,Charlotte,82,Sr,2198.0,-1.2935999999999979,0.3729105803435271,-6.9568518184397945,-6.583941238096267
2152,2025,Chris Howell,UC San Diego,78,Jr,2738.0,-0.7317000000000036,-3.1358488028243388,-3.465615823932125,-6.601464626756464
2153,2025,Lukas Walls,Samford,77,So,2151.0,-1.0484000000000009,-5.676812795239555,-0.9295423192648131,-6.606355114504368
2154,2025,Zion Richardson,Cal State Fullerton,76,Sr,2240.0,1.3599999999999994,-0.15695871961708896,-6.4514137177929864,-6.608372437410075
2155,2025,Micah Simpson,Alabama State,74,Jr,1679.0,-9.008899999999997,3.904103134659966,-10.521519887722633,-6.617416753062667
2156,2025,Bobby Durkin,Davidson,79,So,6426.0,0.5585999999999984,-1.058004044785354,-5.5633272263778375,-6.621331271163191
2157,2025,Noah Bolanga,St. Bonaventure,80,Fr,1180.0,1.9749999999999943,-1.6915137245297016,-4.931129396656512,-6.622643121186214
2158,2025,Tariq Ingraham,Rider,81,Sr,5138.0,-7.204499999999996,-3.0335165087429075,-3.592085152542918,-6.625601661285826
2159,2025,Kamrin Oriol,North Florida,74,Jr,4272.0,-2.696700000000007,-7.120470762890797,0.4879373265705067,-6.632533436320291
2160,2025,Damari Monsanto,UTSA,78,Sr,5000.0,1.6687999999999903,-2.71188108570604,-3.937989236773805,-6.649870322479845
2161,2025,Tariq Francis,NJIT,73,So,5666.0,-7.977999999999994,-8.856367277285386,2.171464322652473,-6.684902954632913
2162,2025,Dionjahe Thomas,Southern,80,So,1315.0,-7.5730000000000075,-8.476671874857193,1.775498993898906,-6.7011728809582864
2163,2025,Bryce Cash,Queens University,77,So,2703.0,-4.14800000000001,-5.3039410039726125,-1.4031098162542592,-6.707050820226872
2164,2025,Owen Koonce,Cal Poly,77,Sr,5878.0,0.4939999999999998,-1.9516917258778284,-4.763781437360521,-6.715473163238349
2165,2025,Darius DeAveiro,Valparaiso,72,Sr,5255.0,-0.3772999999999911,-5.865554222861497,-0.8533441161924268,-6.718898339053924
2166,2025,Dillon Bailey,Wofford,74,Sr,2843.0,-0.3447999999999922,-3.177990819561248,-3.5540601356776227,-6.73205095523887
2167,2025,Andrew Meadow,Boise State,79,So,2812.0,6.6524,-4.009387570470554,-2.7367080346583705,-6.746095605128924
2168,2025,Ethan Brittain-Watts,Ball State,73,Sr,5254.0,-6.8400999999999925,-2.923951211137878,-3.8367084967573044,-6.760659707895183
2169,2025,Matija Belic,Wyoming,79,So,2954.0,5.703400000000002,0.42644174231320786,-7.203108897778465,-6.776667155465257
2170,2025,Ja'Borri McGhee,UAB,72,Jr,2490.0,0.32739999999999725,0.4387261059186114,-7.219560353646824,-6.780834247728213
2171,2025,Brady Hardewig,West Georgia,74,Fr,2282.0,-0.5455999999999932,-7.73750225015829,0.9564976788745928,-6.781004571283697
2172,2025,DJ Nix,Cornell,78,Jr,2094.0,-3.8352000000000004,-3.0924392664501683,-3.705721861036576,-6.798161127486744
2173,2025,Zek Tekin,Le Moyne,74,Jr,3508.0,-3.5852000000000004,4.154168671140435,-10.964263632249326,-6.810094961108891
2174,2025,EJ Neal Jr.,Sacramento State,77,Sr,5178.0,-4.023300000000006,-3.681693003262177,-3.1732249227960354,-6.854917926058212
2175,2025,Brit Harris,South Carolina Upstate,76,Jr,4799.0,-0.5473999999999961,0.5860357033163499,-7.449502651134718,-6.8634669478183685
2176,2025,Jaxon Olvera,Pepperdine,77,Fr,3240.0,2.9218999999999937,-2.4607566905665847,-4.4031239410789444,-6.863880631645529
2177,2025,Dovydas Butka,Pepperdine,81,So,6695.0,2.3097000000000065,-1.1108266808312603,-5.7561081253178905,-6.866934806149151
2178,2025,Marcus Greene,Hawai'i,74,Sr,3528.0,-1.1684000000000054,-7.03561622217306,0.16261498860379664,-6.873001233569263
2179,2025,Isaiah Hawthorne,Northern Colorado,80,Sr,3110.0,-3.5892000000000053,-5.8890473475658585,-1.0119882233334971,-6.901035570899356
2180,2025,Tyon Grant-Foster,Grand Canyon,79,Sr,1922.0,-0.9626999999999981,0.6108863420006577,-7.5320155222487974,-6.92112918024814
2181,2025,Gabe Sisk,East Tennessee State,78,So,2200.0,-5.3241999999999905,0.10501881009880565,-7.035314340703785,-6.93029553060498
2182,2025,Zion Bethea,Pepperdine,75,Jr,3828.0,-0.03149999999999409,-2.6901982228305514,-4.2555827769407655,-6.945780999771317
2183,2025,Byron Joshua,UAlbany,70,Sr,6286.0,-8.646,-5.623299625639524,-1.3285552425106681,-6.951854868150192
2184,2025,Allen Strothers,East Tennessee State,73,Jr,3143.0,-3.7738000000000085,-6.131136632712776,-0.8272126361112133,-6.958349268823989
2185,2025,Jayden Johnson,South Carolina State,73,Fr,1417.0,-10.057299999999998,-3.7560791239545965,-3.2123709051988674,-6.968450029153464
2186,2025,Marcus Williams,San Francisco,74,Sr,2967.0,3.3194000000000017,-4.192329837538886,-2.7763762801407736,-6.96870611767966
2187,2025,Andrija Bukumirović,UT Martin,79,So,1411.0,-10.394099999999995,1.0913532194122677,-8.064431123789905,-6.973077904377638
2188,2025,Isaiah Brickner,Idaho,76,Jr,2248.0,-2.860200000000006,-6.710146243680106,-0.26895956515249697,-6.979105808832603
2189,2025,Jaylen Jones,Oakland,72,So,3762.0,1.8601999999999919,-2.633612557346867,-4.346102561506949,-6.979715118853816
2190,2025,Josh Pickett,Denver,77,Fr,3659.0,-2.4934000000000083,-10.431395766378504,3.4495174048463415,-6.9818783615321625
2191,2025,Ryan Prather Jr.,Robert Morris,77,So,2194.0,-5.856000000000009,-5.838798590462292,-1.143650557967445,-6.982449148429737
2192,2025,Camp Wagner,Indiana State,78,So,5374.0,0.6547999999999945,-7.407998394013122,0.4196321044435435,-6.988366289569578
2193,2025,Devontae Blanton,Eastern Kentucky,78,Sr,6802.0,-3.7283999999999935,-6.112513171803806,-0.8881980617960702,-7.000711233599876
2194,2025,AJ McGinnis,Wichita State,75,Sr,1483.0,1.3447999999999922,-6.324589204939625,-0.6788297667630392,-7.003418971702664
2195,2025,Kasen Jennings,South Florida,75,Sr,2378.0,-0.42210000000000036,-4.351911872050392,-2.6738058564222387,-7.025717728472631
2196,2025,Tennessee Rainwater,Utah Tech,78,So,2616.0,1.093900000000005,11.40961866237074,-18.437205678982103,-7.027587016611363
2197,2025,Jaron Rillie,Northern Colorado,75,Sr,3378.0,-3.365700000000004,-3.900118675197821,-3.1305999830500317,-7.030718658247853
2198,2025,Liam Murphy,North Florida,79,Sr,4970.0,-2.9431999999999903,-0.4656510091450117,-6.577347155223751,-7.042998164368763
2199,2025,Terri Miller Jr.,Portland State,80,Sr,3918.0,-5.584199999999996,-9.989283504682028,2.945459620328382,-7.043823884353646
2200,2025,Khaden Bennett,Quinnipiac,76,So,4820.0,-8.0625,0.19959819736219409,-7.259057589565435,-7.059459392203241
2201,2025,Jah Quinones,Mercer,76,Jr,2446.0,-2.388600000000011,-10.031313713650425,2.9668675997141474,-7.0644461139362775
2202,2025,Kobe MaGee,Drexel,78,Jr,6350.0,-5.315799999999996,-3.858136537215799,-3.2089104416843623,-7.067046978900161
2203,2025,Maban Jabriel,Queens University,81,Fr,1154.0,-4.4646999999999935,-1.0088332835289036,-6.062382773131398,-7.071216056660302
2204,2025,Alonzo Dodd,App State,73,Jr,3712.0,-4.457799999999992,-1.09155664968809,-5.985944334499867,-7.077500984187957
2205,2025,Truth Harris,Radford,74,Sr,1920.0,-3.3001000000000005,-0.5765570751158862,-6.502775014716222,-7.079332089832108
2206,2025,Josh Lee,Denver,75,Jr,3865.0,-2.564700000000002,-6.407368733551078,-0.6869945593103459,-7.0943632928614235
2207,2025,Marcus Johnson,Bowling Green,79,Sr,5914.0,-5.560400000000001,-2.4043990173996663,-4.690468349636647,-7.094867367036313
2208,2025,Rasheed Bello,Purdue Fort Wayne,72,Sr,6962.0,-3.462699999999998,-2.3651208598625444,-4.738970406644387,-7.104091266506931
2209,2025,Josiah Davis,Niagara,75,Jr,3484.0,-8.671300000000002,7.717435775761505,-14.833197655242035,-7.11576187948053
2210,2025,TJ NeSmith,Radford,82,Sr,1166.0,-1.3601000000000028,-3.029745042764227,-4.087195578166119,-7.116940620930346
2211,2025,Messiah Jones,Towson,78,Sr,1671.0,-2.0908000000000015,-8.321209815034145,1.1987864567538837,-7.122423358280261
2212,2025,Sabry Philip,Stony Brook,76,Sr,928.0,-2.3596999999999895,-4.432634578058143,-2.694407284319377,-7.12704186237752
2213,2025,Damarion Bonds,Central Michigan,78,Jr,2132.0,2.151200000000003,-6.038101116375163,-1.0940523814289698,-7.132153497804133
2214,2025,Greg Moore,Mississippi Valley State,75,Jr,1935.0,-2.7794999999999987,-0.26271418097057975,-6.870298867309481,-7.133013048280061
2215,2025,Jordan Nesbitt,Wyoming,78,Sr,5192.0,4.2771999999999935,-2.8161967369903254,-4.318777772692918,-7.134974509683244
2216,2025,Ahamad Bynum,UTEP,75,Jr,3344.0,1.346900000000005,1.3457736102611957,-8.484027328143473,-7.138253717882277
2217,2025,Jah Short,New Orleans,75,So,4758.0,3.097500000000011,-2.0911979565414662,-5.066087057927042,-7.157285014468508
2218,2025,Tyler Lundblade,Belmont,77,Jr,5609.0,-0.03459999999999752,0.22590997129117452,-7.389631788462878,-7.163721817171703
2219,2025,Alexander Lesburt Jr.,Brown,77,Jr,7166.0,-4.5458,-9.49534641467546,2.3217882374828425,-7.173558177192618
2220,2025,Shey Eberwein,South Dakota,77,Fr,1480.0,-1.903899999999993,-0.37626291229377484,-6.824533971096761,-7.200796883390536
2221,2025,Mahmoud Fofana,Cal State Northridge,78,Sr,2770.0,-2.7194999999999965,-4.035841681331172,-3.167709248548646,-7.203550929879818
2222,2025,Dorian McMillian,Jackson State,75,Fr,5638.0,-4.6555000000000035,-2.0162507016603928,-5.193957857955107,-7.2102085596155
2223,2025,Will Cooper,Air Force,78,Fr,1870.0,6.809100000000001,0.9677034438223009,-8.185787829596814,-7.218084385774513
2224,2025,John Broom,South Alabama,77,So,2543.0,-3.9638999999999953,-8.339510528121489,1.087448534389257,-7.252061993732232
2225,2025,Dylan Fasoyiro,South Alabama,75,Sr,1703.0,-3.232200000000006,-3.878215752755044,-3.3930786022024337,-7.271294354957478
2226,2025,Keon Thompson,Stephen F. Austin,73,Jr,5274.0,-2.6181000000000125,-1.3929460381753485,-5.884084564702851,-7.2770306028782
2227,2025,Malcolm Christie,Oakland,77,Sr,3524.0,2.4853000000000094,-3.771639731640901,-3.522131118823138,-7.293770850464039
2228,2025,Damoni Harrison,Southern Indiana,77,Jr,2786.0,-8.307200000000009,-2.2049332893946407,-5.09030883019646,-7.2952421195911015
2229,2025,Trey Moss,George Washington,75,Jr,1455.0,-6.3633000000000095,-1.8838359897542363,-5.421650390378119,-7.305486380132355
2230,2025,Jermaine Washington,San José State,72,Fr,1759.0,4.585099999999997,0.06598930226152211,-7.387853266612703,-7.321863964351181
2231,2025,Dillon Tingler,Eastern Michigan,79,Fr,2156.0,-5.577500000000001,-3.1517474774494945,-4.188756128069981,-7.3405036055194754
2232,2025,Zaire Hayes,Texas Southern,74,Sr,2022.0,-9.5141,-1.1147125232139117,-6.240686398690321,-7.355398921904232
2233,2025,Fraser Roxburgh,Manhattan,79,Fr,1033.0,-6.447100000000006,-3.13056538299852,-4.232058451849573,-7.362623834848093
2234,2025,Shannon Grant,Jackson State,82,Sr,5716.0,-6.886200000000002,-2.803745393362801,-4.560546750171818,-7.36429214353462
2235,2025,Ruben Rodriguez,Rider,74,So,4536.0,-7.061099999999996,0.6965732457319209,-8.061911058159879,-7.365337812427958
2236,2025,Camryn Weston,Middle Tennessee,75,Sr,2644.0,2.6787000000000063,-2.8258053573289947,-4.542775162222839,-7.368580519551834
2237,2025,Vice Zanki,Eastern Washington,80,So,2888.0,-0.07729999999999393,-5.62139624888183,-1.7558779469368586,-7.377274195818688
2238,2025,Lyndel Erold,Brown,75,Sr,5355.0,-3.5404999999999944,-8.613635542109861,1.2215361386769916,-7.392099403432869
2239,2025,Jordan Wood,Stetson,81,Sr,5480.0,-4.303600000000003,0.19164313769159502,-7.589556670299983,-7.397913532608388
2240,2025,Francis Nwaokorie,Loyola Chicago,79,Sr,2222.0,0.12160000000000082,-5.9604911746582365,-1.4413493499723666,-7.401840524630603
2241,2025,Kuluel Mading,Norfolk State,81,Sr,2253.0,-7.121100000000013,-9.739392687153593,2.329774760827645,-7.409617926325948
2242,2025,Amir Nesbitt,Stonehill,73,Sr,4124.0,-7.890699999999995,-3.9143563625175988,-3.5063669617636317,-7.42072332428123
2243,2025,Jason Roche,Richmond,77,Sr,4054.0,2.0960999999999927,-8.834886988549673,1.4102895235227209,-7.424597465026952
2244,2025,Justin Rochelin,UC San Diego,76,So,1867.0,-2.3305000000000007,-0.20813280392596556,-7.234129688066581,-7.442262491992547
2245,2025,Kyrell Luc,Longwood,71,Sr,2851.0,-4.308199999999999,-1.548559698864194,-5.903465333432518,-7.452025032296712
2246,2025,Adante' Holiman,Georgia Southern,72,Jr,4555.0,-6.683800000000005,-2.4359421492844455,-5.023636168414202,-7.459578317698648
2247,2025,Tay Knox,Western Illinois,81,Jr,2368.0,-8.2594,-5.979019110595192,-1.492739501334969,-7.471758611930161
2248,2025,Carter Welling,Utah Valley,82,So,2102.0,-1.9448000000000008,-6.8465366377907815,-0.6506992217553587,-7.49723585954614
2249,2025,Connor Sevilla,UC Davis,72,So,2774.0,-1.1910000000000025,-3.890149894441935,-3.6316423512734124,-7.521792245715347
2250,2025,Rodney Johnson Jr.,Tennessee Tech,77,Sr,2172.0,-7.339200000000005,-1.0925961963463475,-6.442978304046985,-7.5355745003933325
2251,2025,John Camden,Delaware,80,Sr,7550.0,-2.8339,-3.6696252902319415,-3.8665802974413683,-7.53620558767331
2252,2025,Tanner Toolson,Utah Valley,77,So,2686.0,-1.6837000000000018,-2.94004424165509,-4.601106751016475,-7.541150992671565
2253,2025,Jacari Lane,North Alabama,72,Jr,3450.0,-4.680400000000006,2.893106378080196,-10.439123495192005,-7.546017117111809
2254,2025,Kody Clouet,San Diego,77,Sr,2417.0,-1.1411999999999978,-4.492260558976067,-3.055912915735603,-7.54817347471167
2255,2025,Randall Pettus II,Northern Kentucky,75,So,4106.0,-1.9217000000000013,-4.207136390422013,-3.3451504096185842,-7.552286800040598
2256,2025,TY Johnson,UC Davis,75,Sr,3238.0,-1.075400000000002,-1.3049486223155897,-6.269470187349873,-7.574418809665462
2257,2025,Arthur Tate,Mississippi Valley State,78,Jr,4662.0,-3.6212000000000018,-7.1566066442458585,-0.4241063674207286,-7.580713011666587
2258,2025,Eddrin Bronson,Furman,76,Fr,1801.0,-1.2031999999999954,-6.660478382471558,-0.9538879565695169,-7.614366339041075
2259,2025,Marvin McGhee IV,Cal State Bakersfield,79,So,2776.0,-1.9870000000000019,-5.940376084252902,-1.6804642287939053,-7.620840313046807
2260,2025,Donovan Sanders,Mississippi Valley State,71,Sr,5895.0,-2.6995999999999896,-2.8641634381427004,-4.757684830091648,-7.6218482682343485
2261,2025,Orlando Lovejoy,Detroit Mercy,75,Jr,5700.0,-2.206399999999988,5.0467046570761545,-12.691143761209325,-7.644439104133171
2262,2025,Brenen Lorient,North Texas,81,Jr,2041.0,1.1882999999999981,-4.659951601180557,-2.9995758499059395,-7.659527451086497
2263,2025,Jalen Miller,Oral Roberts,74,Sr,5796.0,-0.5059000000000111,-5.604839627909854,-2.06175936230309,-7.666598990212944
2264,2025,Jesaiah McWright,Tulsa,76,Jr,1298.0,-2.605800000000002,0.26794558918171374,-7.951718445775042,-7.683772856593329
2265,2025,Shaquil Bender,Manhattan,74,Sr,2843.0,-8.377499999999998,-1.3530456175199168,-6.331526864723854,-7.68457248224377
2266,2025,Jordan Jefferson,Little Rock,76,Sr,3501.0,-7.978799999999993,-2.056557318647118,-5.6321147924594746,-7.688672111106593
2267,2025,Max Jusianiec,Mercyhurst,79,Jr,3522.0,-9.709500000000006,-5.249409642047013,-2.4441203651144034,-7.693530007161416
2268,2025,Anquan Boldin Jr,Buffalo,76,So,5420.0,-3.9857999999999976,-4.344247869147086,-3.361749012677792,-7.705996881824878
2269,2025,Qiant Myers,Portland State,77,Sr,7038.0,-5.4472999999999985,-1.8474083722226626,-5.8625383154069866,-7.70994668762965
2270,2025,Cobie Montgomery,Southern Miss,75,Sr,2240.0,-2.6003999999999934,-3.6623063031304146,-4.04779533250851,-7.7101016356389245
2271,2025,Adam Hamilton,Lamar,81,Sr,4486.0,-1.7371000000000123,-3.0678879137058024,-4.646692099361436,-7.714580013067239
2272,2025,C.J. Walker,East Carolina,80,Sr,5778.0,-0.4450000000000074,-5.272432107053561,-2.460286574468298,-7.732718681521859
2273,2025,Kyle Jenkins,Fairfield,79,Sr,2866.0,-7.710700000000003,-0.9077816179299019,-6.832911962396443,-7.740693580326345
2274,2025,Matthew Sells,Tennessee Tech,75,Sr,2096.0,-9.329100000000011,-2.947314477557784,-4.808247973425506,-7.75556245098329
2275,2025,Macon Emory,Delaware,80,Fr,3174.0,-4.020399999999995,-6.128664446890776,-1.6279308479680181,-7.756595294858794
2276,2025,Saliou Seye,Alabama A&M,84,Jr,3369.0,-9.374300000000005,-8.25142822561073,0.4856162243801707,-7.76581200123056
2277,2025,Braden Sparks,Fairfield,72,Jr,4628.0,-7.182400000000001,-5.546670888165194,-2.2253160335350324,-7.7719869217002255
2278,2025,Masen Miller,North Dakota State,74,Sr,6392.0,-3.5792,-2.264576260148592,-5.510548727695449,-7.775124987844041
2279,2025,Anthony McComb III,New Hampshire,75,Jr,5566.0,-5.893600000000006,-6.052398247654485,-1.7419872822058142,-7.794385529860299
2280,2025,Omar Croskey,South Carolina State,78,Sr,2459.0,-9.711199999999991,-1.67604211856677,-6.129221542698348,-7.805263661265117
2281,2025,Peyton Smith,Fairfield,82,So,3376.0,-7.0164999999999935,2.027317182698953,-9.835334031045655,-7.808016848346702
2282,2025,Kenyon Goodin,Bellarmine,75,So,3336.0,-3.3828999999999922,-3.491998249266106,-4.316531581955783,-7.808529831221889
2283,2025,Braeden Shrewsberry,Notre Dame,76,So,5376.0,6.053300000000007,-1.0387796569939294,-6.771831870221929,-7.810611527215858
2284,2025,Tyler McGhie,UC San Diego,77,Sr,2877.0,-0.9617000000000075,-5.875835460197129,-1.9370272866967841,-7.812862746893913
2285,2025,Louie Semona,Stonehill,80,So,5366.0,-10.600499999999997,1.2230852444608988,-9.051259159455743,-7.828173914994844
2286,2025,Billy Smith,Bellarmine,79,Jr,5632.0,-4.732500000000002,-4.929387377393058,-2.910950266479241,-7.840337643872299
2287,2025,Justin Amadi,Tulsa,79,Jr,1208.0,-2.6692000000000036,-4.324993977733057,-3.518156617453496,-7.843150595186554
2288,2025,Erik Pratt,Milwaukee,77,Sr,2448.0,-4.101600000000005,-8.177853615277229,0.33385197842135494,-7.844001636855874
2289,2025,Jacob Wilson,UL Monroe,78,Jr,3582.0,-6.560400000000001,-6.192343969069894,-1.6617003895880957,-7.8540443586579896
2290,2025,Jordan Davis,Illinois State,76,Sr,1818.0,-0.4048999999999978,-6.781882445955686,-1.0866047132005294,-7.868487159156215
2291,2025,Jalen Sullinger,Kent State,70,Sr,2686.0,-1.7150999999999925,-1.6745760356005372,-6.214632453611263,-7.8892084892118
2292,2025,DaSean Stevens,Seattle U,75,Jr,1117.0,-0.8374000000000024,-8.008720932283257,0.10239646716452944,-7.906324465118727
2293,2025,Avery Felts,Arkansas State,74,Sr,1077.0,-2.697800000000001,-1.8413531201320268,-6.067650300045421,-7.909003420177448
2294,2025,Pip Ajayi,Bucknell,79,Sr,2420.0,-4.199399999999997,-9.497165699940144,1.5671765695876494,-7.929989130352494
2295,2025,Neftali Alvarez,Southern Miss,74,Sr,2832.0,-3.9793999999999983,-0.7632968324186884,-7.1728131819991034,-7.936110014417792
2296,2025,Greg Jones,American University,78,So,2523.0,-7.167699999999996,-5.159966045471428,-2.7805639445963917,-7.9405299900678195
2297,2025,Sheldon Edwards Jr.,Loyola Chicago,76,Sr,2813.0,1.1007000000000033,-2.2848087874342218,-5.664417157047267,-7.949225944481489
2298,2025,Aaron Cooley,Brown,77,Sr,6744.0,-3.177199999999999,-1.6977421087251994,-6.266083066042344,-7.9638251747675435
2299,2025,Jack Clark,VCU,82,Sr,2542.0,1.671900000000008,2.1894512391280836,-10.155490159134892,-7.966038920006809
2300,2025,Ruot Bijiek,Bucknell,81,Jr,5461.0,-6.607299999999995,-2.0597024540239044,-5.906421900805471,-7.966124354829375
2301,2025,Grant Newell,North Texas,81,Jr,1999.0,1.3932000000000073,-7.046996656712942,-0.9392045078886215,-7.986201164601564
2302,2025,Cavan Reilly,Delaware,76,Jr,6676.0,-2.9512,-4.5801671233904795,-3.416444741371858,-7.996611864762338
2303,2025,Kade Douglas,UT Arlington,74,So,2358.0,-1.6991000000000014,-0.6281075943744023,-7.389065380059074,-8.017172974433477
2304,2025,Marko Maletic,Western Illinois,78,Sr,4848.0,-8.232500000000002,0.04039276498411715,-8.065488175067351,-8.025095410083233
2305,2025,Robert McCray V,Jacksonville,76,Jr,3098.0,-2.2319999999999993,-8.899288068957778,0.8713151225077954,-8.027972946449983
2306,2025,Martaz Robinson,Delaware State,74,Sr,5574.0,-8.690399999999997,-4.389200586401615,-3.6443057867228417,-8.033506373124457
2307,2025,Davian Williams,Alcorn State,72,Fr,2062.0,-8.040200000000013,0.8408900544458326,-8.906250731119274,-8.065360676673441
2308,2025,Jordan Tillmon,Prairie View A&M,74,Sr,3548.0,-8.28110000000001,0.5874808605556732,-8.66532138102267,-8.077840520466996
2309,2025,Brandon Morgan,Western Carolina,76,Jr,3933.0,0.28480000000000416,-0.6996853342175142,-7.4047097128537605,-8.104395047071275
2310,2025,Kino Lilly Jr.,Brown,72,Sr,7752.0,-3.2399000000000058,-7.021302094841291,-1.102271147303594,-8.123573242144884
2311,2025,Michael Teal,South Carolina State,73,Sr,1434.0,-7.011200000000002,-0.8971895376953185,-7.244001070655098,-8.141190608350417
2312,2025,Jordan Roberts,Texas A&M-Corpus Christi,76,Sr,1788.0,-2.3430999999999926,-5.588471036281835,-2.5528417583915557,-8.14131279467339
2313,2025,Isaac Haney,Austin Peay,74,Sr,4448.0,-2.7094999999999914,-6.80394839019677,-1.3387524538536764,-8.142700844050447
2314,2025,CJ Hyland,Western Carolina,73,Fr,3577.0,-0.18059999999999832,-6.7403967099802005,-1.4179654795274441,-8.158362189507645
2315,2025,Nico Galette,Youngstown State,78,Sr,6600.0,-5.164299999999997,-7.473676342155177,-0.6918728817468969,-8.165549223902074
2316,2025,Ryan Mabrey,Quinnipiac,77,Jr,2718.0,-4.373400000000004,-1.4683394620456949,-6.703517953850765,-8.17185741589646
2317,2025,Tarik Watson,Marist,80,Fr,1808.0,-10.206000000000003,-4.258177540028274,-3.9446210405115845,-8.20279858053986
2318,2025,Jaylen Searles,Nicholls,80,Sr,3958.0,-3.7734000000000094,-1.5588713981932105,-6.649517506129952,-8.208388904323161
2319,2025,Rob Martin,Southeast Missouri State,70,Jr,3208.0,-7.60199999999999,-0.3059201206854931,-7.9054591132668355,-8.211379233952329
2320,2025,Marcus Adams Jr.,Cal State Northridge,80,So,2778.0,-3.2989000000000033,-6.042646018137962,-2.1916346615709945,-8.234280679708956
2321,2025,Steve Settle III,Temple,82,Sr,3000.0,-0.8100000000000023,-0.8433302654199244,-7.401550328609095,-8.24488059402902
2322,2025,Toneari Lane,Georgia State,77,Sr,6287.0,-2.484099999999998,-7.004587646890258,-1.2416970042132585,-8.246284651103515
2323,2025,Al Green,Louisiana Tech,75,Jr,4316.0,0.31860000000000355,1.6580833648047892,-9.927625190082749,-8.26954182527796
2324,2025,Barry Evans,Bryant,80,Jr,3189.0,-4.7730999999999995,-3.2856736243427602,-4.990251936079036,-8.275925560421797
2325,2025,Tyler Patterson,Montana State,80,Sr,4550.0,-1.8322000000000003,-0.3579311128226428,-7.938807809864166,-8.296738922686808
2326,2025,Denver Anglin,Rice,73,Jr,3972.0,-2.6248999999999967,-3.283479764235255,-5.029162262583265,-8.31264202681852
2327,2025,Derrick Butler,Bowling Green,74,Sr,5466.0,-6.990099999999998,-8.54924737270412,0.235229370348919,-8.314018002355201
2328,2025,Roderick Coffee III,Florida A&M,76,Jr,4474.0,-9.35459999999999,1.1156495382081304,-9.449773348704902,-8.334123810496772
2329,2025,Tyreese Watson,UL Monroe,76,Sr,5830.0,-4.346400000000003,-2.2777583721823578,-6.064409873341624,-8.342168245523983
2330,2025,Brandon Huntley-Hatfield,NC State,81,Sr,2152.0,6.484799999999993,-3.4489860287890517,-4.902425326311862,-8.351411355100915
2331,2025,Paxton Davidson,The Citadel,75,So,2072.0,-3.7994999999999948,-4.725233891208823,-3.6279261769050066,-8.35316006811383
2332,2025,Elmore James IV,Ohio,75,Jr,4614.0,-4.063000000000002,-5.7777769539180515,-2.5796737361709017,-8.357450690088953
2333,2025,Braxton Stacker,Southeast Missouri State,77,Jr,1644.0,-10.086999999999989,0.4510024070811145,-8.824833937454917,-8.373831530373803
2334,2025,Jaden Zimmerman,Quinnipiac,77,Fr,4760.0,-7.068799999999996,-4.060168662566048,-4.329307942911122,-8.38947660547717
2335,2025,Justin Neely,UAlbany,78,Sr,5032.0,-7.458200000000005,0.7064097260322733,-9.098953018494225,-8.392543292461951
2336,2025,Nico Nobili,Boston University,82,Jr,3414.0,-8.89909999999999,-1.9600842924200328,-6.4564901474200544,-8.416574439840087
2337,2025,Brian Taylor II,SIU Edwardsville,76,Jr,3089.0,-7.565100000000001,-2.5395115679776894,-5.922327875062112,-8.461839443039802
2338,2025,Caleb Shaw,Grand Canyon,78,Jr,1414.0,-3.7720999999999947,-1.459980480386671,-7.010322966224522,-8.470303446611194
2339,2025,Linus Holmstrom,VMI,75,Fr,3704.0,-2.873199999999997,-7.279702212843714,-1.20002223990119,-8.479724452744904
2340,2025,Nate Johnson,Detroit Mercy,77,Fr,5324.0,-2.5119000000000113,-12.243411034370336,3.760544517536906,-8.482866516833429
2341,2025,Scotty Washington,Cal State Northridge,76,Jr,3038.0,-2.4361000000000104,-3.145889865966186,-5.360308243911578,-8.506198109877763
2342,2025,Blair Thompson,Columbia,79,Jr,4386.0,-5.220399999999998,-4.358109724898362,-4.174261633642039,-8.5323713585404
2343,2025,DaJion Humphrey,Bowling Green,76,Sr,2538.0,-6.685400000000001,-7.0828148512633815,-1.4681062573706065,-8.550921108633988
2344,2025,Tyeree Bryan,Santa Clara,77,Sr,2479.0,4.2549999999999955,-6.725946085216267,-1.836189480962565,-8.562135566178831
2345,2025,Shane Blakeney,Drexel,77,So,4514.0,-5.162000000000006,1.221714115376428,-9.81217043873442,-8.59045632335799
2346,2025,Jo'el Emanuel,Fairleigh Dickinson,78,Jr,6752.0,-7.309100000000001,0.7482875768012516,-9.351946146033722,-8.60365856923247
2347,2025,Micah Thomas,Northwestern State,72,Jr,5247.0,0.22790000000000532,2.103715819938277,-10.707775932475961,-8.604060112537685
2348,2025,Corey Perkins,Delaware State,74,Sr,2604.0,-6.571700000000007,-9.110415264396373,0.4995920979895825,-8.61082316640679
2349,2025,Keith Richard,Cal State Fullerton,72,So,4005.0,1.6527999999999992,-2.424924267262054,-6.195523018482351,-8.620447285744405
2350,2025,Doug Young,Quinnipiac,72,Sr,2392.0,-4.798699999999997,-0.8642894765491869,-7.762396055279941,-8.626685531829128
2351,2025,Ace Valentine,UMBC,75,So,5112.0,-7.362099999999998,-1.844666712416382,-6.807506563268734,-8.652173275685115
2352,2025,Terrance Jones,Norfolk State,75,Sr,1588.0,-5.437700000000007,-8.37738338324782,-0.2759592917635785,-8.653342675011398
2353,2025,Brian Moore Jr.,Norfolk State,73,Jr,3102.0,-6.269900000000007,-6.607790890312924,-2.0516933341244528,-8.659484224437378
2354,2025,Brandon Weston,Tennessee State,77,Jr,2556.0,-7.420000000000002,-6.735962553752253,-1.9295041252594136,-8.665466679011667
2355,2025,Josh Scovens,Army,76,So,2869.0,-7.6536000000000115,-5.844931511634511,-2.8218423455402126,-8.666773857174723
2356,2025,Daniel Ortiz,North Alabama,72,Sr,2747.0,-6.087199999999996,-8.93936203968714,0.24857719326507022,-8.69078484642207
2357,2025,Sean Newman Jr.,Louisiana Tech,73,Jr,5888.0,0.542900000000003,-5.394595314755164,-3.3117078769084625,-8.706303191663626
2358,2025,Naz Brown,Coastal Carolina,72,So,2550.0,-6.5708000000000055,-8.589980463451557,-0.11940078480679084,-8.709381248258348
2359,2025,Gavin Walsh,Binghamton,79,So,6172.0,-9.01809999999999,-3.003399236750308,-5.706058356588826,-8.709457593339135
2360,2025,Andre Lorentsson,Toledo,80,Sr,1376.0,0.21829999999999927,-8.706703174039342,-0.01819042272674269,-8.724893596766085
2361,2025,Wyatt Fricks,Marshall,81,Sr,2262.0,-4.768599999999992,-7.108466390324842,-1.6166969460373712,-8.725163336362213
2362,2025,Andy Stefonowicz,North Dakota State,73,Fr,2496.0,-4.303100000000001,-0.9929451636238049,-7.742885203884702,-8.735830367508507
2363,2025,Kentrell Garnett,Louisiana,73,Sr,6677.0,-1.9228999999999985,-4.28309101355358,-4.463421602721938,-8.746512616275519
2364,2025,Nathan Johnson Jr.,Lindenwood,75,Sr,2808.0,-7.700599999999994,-3.8341287395225416,-4.956874831039092,-8.791003570561633
2365,2025,Roberts Blums,Davidson,76,Fr,2780.0,1.854299999999995,-5.284697344473332,-3.507187837725464,-8.791885182198797
2366,2025,Earl Timberlake,Bryant,78,Sr,3465.0,-6.762999999999991,-10.47879365708954,1.6845880449440092,-8.79420561214553
2367,2025,AJ Burgin,Idaho State,76,Sr,2583.0,-3.9007000000000005,-4.04022172033228,-4.7594462134632165,-8.799667933795497
2368,2025,Stephon Roberts,Saint Peter's,82,Sr,1574.0,-8.228700000000003,-9.407111471236565,0.6057923324504442,-8.80131913878612
2369,2025,Sam Kodi,Southern Indiana,75,Jr,1148.0,-6.6632999999999925,6.006772244989326,-14.816716978857347,-8.80994473386802
2370,2025,Julian Mackey,Houston Christian,74,Sr,4715.0,-2.6251000000000033,-5.845549061792147,-2.9732028498370795,-8.818751911629226
2371,2025,John Christofilis,Seattle U,75,Jr,2522.0,0.5454000000000008,2.2247613652778493,-11.067297812754914,-8.842536447477064
2372,2025,Jamir Simpson,Southern Utah,77,Sr,3011.0,-1.9384000000000015,-4.447010713312599,-4.400223034162645,-8.847233747475244
2373,2025,John Adams,The Citadel,80,Sr,2208.0,-3.2841999999999985,-15.948670883378284,7.094884471483573,-8.853786411894712
2374,2025,Myles Thompson,SIU Edwardsville,79,Jr,1654.0,-7.114900000000006,-1.9802945295511496,-6.885306408388932,-8.865600937940082
2375,2025,AJ Lopez,Maine,77,Sr,6476.0,-7.4317999999999955,-4.470258145643428,-4.395829439807134,-8.866087585450561
2376,2025,Dariyus Woodson,North Dakota,79,Jr,4212.0,0.3575000000000017,-3.162446096614416,-5.706977866628944,-8.86942396324336
2377,2025,Ben Callahan-Gold,Binghamton,80,Sr,3752.0,-7.692000000000007,-6.770943338454003,-2.120018282328717,-8.89096162078272
2378,2025,Bol Dengdit,Portland,83,So,4082.0,1.5087000000000046,0.27313345242715253,-9.20182064704754,-8.928687194620387
2379,2025,Comeh Emuobor,Iona,77,So,2328.0,-5.976399999999998,0.7655922500568435,-9.71951459353133,-8.953922343474485
2380,2025,Peter Oduro,Coppin State,80,Jr,4810.0,-5.050899999999999,-9.293656271586554,0.3295962908180541,-8.9640599807685
2381,2025,Chris Fields Jr.,Norfolk State,79,So,1054.0,-6.829800000000006,6.523684974851747,-15.499005265237608,-8.975320290385861
2382,2025,Jalen Terry,Eastern Michigan,72,Sr,6762.0,-5.276899999999998,-1.5650369158770099,-7.410470422237464,-8.975507338114474
2383,2025,Jacob Dar,Rice,79,Jr,3218.0,0.3333999999999975,-3.3090078776429497,-5.673377270914982,-8.982385148557931
2384,2025,Kyler Vanderjagt,Central Michigan,76,Jr,5366.0,-1.891999999999996,-10.08353861897414,1.1008879226226511,-8.98265069635149
2385,2025,Gianni Cobb,Columbia,72,Fr,2042.0,-5.4846,-3.546947268012092,-5.440368889254259,-8.987316157266351
2386,2025,Siem Uijtendaal,Youngstown State,78,Sr,2996.0,-3.6965999999999894,-5.389173486497616,-3.6076522672452573,-8.996825753742874
2387,2025,Ubong Okon,Alabama State,85,Jr,1465.0,-7.949299999999994,-10.135039069005279,1.129192059914108,-9.00584700909117
2388,2025,Jalen Myers,Norfolk State,80,Sr,2140.0,-5.325100000000006,-2.5014314989252964,-6.506146721890115,-9.007578220815411
2389,2025,Savion Lewis,Quinnipiac,73,Sr,4454.0,-7.044700000000006,0.13158320896126918,-9.141886824695987,-9.010303615734719
2390,2025,Zae Blake,Wagner,73,Jr,3296.0,-10.621099999999998,-4.292072200899042,-4.725719300448564,-9.017791501347606
2391,2025,Jaylen Peterson,Presbyterian,80,So,1909.0,-3.2660000000000053,-9.390196561942432,0.37167226063685876,-9.018524301305574
2392,2025,Tyem Freeman,UIC,77,Sr,5085.0,1.0412999999999926,-5.887619316527828,-3.137215066706841,-9.02483438323467
2393,2025,Jason Nelson,Youngstown State,70,Jr,5114.0,-4.550200000000004,-3.828252903423835,-5.228547565559287,-9.056800468983122
2394,2025,Rickey Ballard,West Georgia,79,Jr,4594.0,-4.80810000000001,-2.7106232719464303,-6.3485337440502185,-9.059157015996648
2395,2025,Kaia Berridge,Evansville,76,Fr,1960.0,1.0226000000000113,-4.028904208514451,-5.069978825678434,-9.098883034192884
2396,2025,Kenyon Giles,UNC Greensboro,70,Jr,5335.0,-0.72590000000001,-3.6939143993416454,-5.419238074225622,-9.113152473567268
2397,2025,Denijay Harris,Southern Miss,79,Sr,3491.0,-2.5789000000000044,1.7769970456094106,-10.892204800414676,-9.115207754805265
2398,2025,Alexis Reyes,Quinnipiac,79,Sr,4608.0,-6.799500000000009,-4.295298468359647,-4.828737196947547,-9.124035665307193
2399,2025,Ray Harrison,Grand Canyon,76,Sr,2947.0,-2.7250999999999976,-8.866267271239053,-0.2593153415039082,-9.125582612742962
2400,2025,Shamir Bogues,Vermont,76,Sr,5096.0,-7.1584,-6.02176549705866,-3.1159363430342353,-9.137701840092895
2401,2025,Justas Stonkus,Charleston,78,Fr,3214.0,-3.8303999999999974,-4.552523993552434,-4.6180974675689725,-9.170621461121407
2402,2025,Josh Omojafo,Robert Morris,77,Jr,2815.0,-4.3917,-5.6042252511184305,-3.5755726006578055,-9.179797851776236
2403,2025,Mickey Pearson Jr.,Ball State,80,Sr,5622.0,-6.691299999999998,3.687503759304291,-12.869062661762968,-9.181558902458676
2404,2025,Donte Bacchus,North Alabama,79,Jr,1788.0,-4.023899999999998,0.10145601083241385,-9.291815002750687,-9.190358991918274
2405,2025,Alexander Nwagha,Northeastern,79,Sr,2020.0,-5.003100000000003,1.1992470934634882,-10.395604392506723,-9.196357299043235
2406,2025,Peter Suder,Miami (OH),77,Jr,5766.0,-4.591800000000006,-3.88039246058519,-5.317808362240541,-9.198200822825731
2407,2025,London Riley,Alabama A&M,75,Sr,2838.0,-12.178699999999992,-9.791827542929257,0.5831401658754922,-9.208687377053764
2408,2025,Braelon Green,Bowling Green,75,So,2572.0,-7.3232,-6.12137300580703,-3.1001072961766627,-9.221480301983693
2409,2025,Corey Tripp,Wofford,74,Sr,2757.0,-0.1548000000000087,-3.8407259619233214,-5.4047734994949055,-9.245499461418227
2410,2025,Kellen Tynes,Maine,75,Sr,6884.0,-6.9480000000000075,0.8057116820814656,-10.055941056391477,-9.250229374310011
2411,2025,Dae Dae Hunter,New Orleans,72,Jr,3030.0,2.747799999999998,-5.697876517100532,-3.5669872316792466,-9.264863748779778
2412,2025,Joryam Saizonou,UNC Greensboro,75,Sr,4002.0,-3.7066000000000088,-7.119408342342037,-2.1512030580231536,-9.27061140036519
2413,2025,Almar Atlason,Bradley,80,So,2003.0,0.4107999999999947,-5.509892323296936,-3.7746006975486495,-9.284493020845584
2414,2025,Aidan Reichert,Mercyhurst,76,Sr,5170.0,-10.03609999999999,-6.0346136674881246,-3.254303442222357,-9.288917109710482
2415,2025,Ryan Wade,Green Bay,74,Sr,2796.0,-2.254899999999992,-4.60915729636867,-4.7009585520491335,-9.310115848417803
2416,2025,Emory Lanier,Rice,75,Sr,3084.0,-1.29910000000001,-3.143876625916222,-6.197163987414172,-9.341040613330394
2417,2025,Ryan Rapp,Hawai'i,77,Sr,4240.0,-0.21569999999999823,-6.849660757378125,-2.492660513547333,-9.342321270925458
2418,2025,Bryan Etumnu,Merrimack,79,Jr,5340.0,-6.974400000000003,-12.106613105256164,2.7578793331706333,-9.34873377208553
2419,2025,Jaylen Smith,North Florida,71,So,5898.0,-3.2364000000000033,-8.214819975207483,-1.1596902411863468,-9.37451021639383
2420,2025,Colin Smith,UC Santa Barbara,80,Jr,1442.0,-0.39520000000000266,-3.901835999443117,-5.4754796438960325,-9.377315643339148
2421,2025,N'famara Dabo,Brown,80,So,3443.0,-0.6986000000000132,-4.031719370116788,-5.358617752610065,-9.390337122726852
2422,2025,Alex Chaikin,Lafayette,76,Fr,5182.0,-9.697400000000002,-0.6180825309845552,-8.774800684028692,-9.392883215013248
2423,2025,Daniel Helterhoff,South Carolina Upstate,82,Jr,2562.0,-1.5789000000000044,-7.968433123540434,-1.4245479481643768,-9.39298107170481
2424,2025,TJ Gadsden,Hofstra,79,Sr,3686.0,-2.335799999999992,-0.9805657193969531,-8.427961668991763,-9.408527388388716
2425,2025,Seneca Willoughby,Bethune-Cookman,75,Jr,4802.0,-9.478700000000003,-4.728195306221576,-4.720894002669462,-9.449089308891038
2426,2025,Jordan Stiemke,Loyola Maryland,77,So,5332.0,-8.05550000000001,-7.737818598081084,-1.7229272164863692,-9.460745814567453
2427,2025,Gerard O'Keefe,Columbia,75,Fr,2182.0,-4.619900000000001,-6.253970017987894,-3.2270682755952844,-9.481038293583179
2428,2025,Armoni Zeigler,Saint Peter's,76,So,2227.0,-8.007199999999997,-2.1944835637191153,-7.300976533320008,-9.495460097039123
2429,2025,R.J. Blakney,Old Dominion,78,Sr,4607.0,-4.633399999999995,-0.8435390550475395,-8.663334842652045,-9.506873897699585
2430,2025,Cole Anderson,UC Santa Barbara,77,Sr,2804.0,-2.822500000000005,-2.8042467618044506,-6.702917636962012,-9.507164398766463
2431,2025,Chase Robinson,Cleveland State,73,Sr,2480.0,-3.3123999999999967,-10.070265536756292,0.5604468882701195,-9.509818648486172
2432,2025,Jalen Rucker,Army,70,Sr,3216.0,-7.166899999999998,3.1561260073912436,-12.672745284816811,-9.516619277425567
2433,2025,Damarion Dennis,Texas A&M-Corpus Christi,73,Fr,1833.0,-3.7509999999999906,-3.354161484190837,-6.1962076069560545,-9.55036909114689
2434,2025,Simon Hildebrandt,High Point,81,Jr,902.0,-3.5581999999999994,-9.049420736598073,-0.5141159548061713,-9.563536691404245
2435,2025,Babacar Diallo,Kansas City,78,So,4320.0,-3.955699999999993,-6.397297271059867,-3.172211453108903,-9.56950872416877
2436,2025,Ashton Smith,South Dakota,81,Jr,1416.0,-4.364100000000008,-11.428574135052463,1.8389852631501586,-9.589588871902304
2437,2025,Deuce Turner,UC Santa Barbara,74,Sr,2110.0,-3.555099999999996,-4.327631517009568,-5.267645702929792,-9.595277219939359
2438,2025,Cruz Davis,Hofstra,75,Jr,6400.0,-3.414199999999994,-4.238869431956312,-5.371549957430549,-9.61041938938686
2439,2025,AJ Clark,VMI,76,So,3985.0,-3.6768,-4.177444553242428,-5.43351045830901,-9.61095501155144
2440,2025,Henry Abraham,Coastal Carolina,72,Sr,2607.0,-5.044799999999995,-5.80911393731771,-3.807633876197933,-9.616747813515643
2441,2025,Isaac Bruns,South Dakota,76,So,2332.0,-3.789900000000003,-5.071327346042969,-4.547182436390933,-9.6185097824339
2442,2025,Reggie Ward Jr.,Bethune-Cookman,78,Sr,4338.0,-2.4577000000000027,-0.7336882634185722,-8.885688312909197,-9.61937657632777
2443,2025,Zavier Fitch,Wagner,79,Fr,3326.0,-11.119,-3.1390404373444007,-6.509553463190668,-9.648593900535069
2444,2025,Will McClendon,San José State,74,Jr,2374.0,2.075099999999992,-5.851493120738338,-3.7984256119611794,-9.649918732699518
2445,2025,Devon Savage,Merrimack,76,Sr,5506.0,-5.644599999999997,-3.1655773696566447,-6.49095794681376,-9.656535316470404
2446,2025,TJ Biel,Southeast Missouri State,79,Sr,1119.0,-6.793299999999988,-6.344314682978443,-3.313566235699835,-9.657880918678279
2447,2025,Julian Lual,Alcorn State,78,Sr,1144.0,-14.648899999999998,-7.832847573884628,-1.847004520309543,-9.679852094194171
2448,2025,Ethan Meuser,Stonehill,80,Jr,3920.0,-9.363799999999998,-13.228113127861821,3.5381269376438205,-9.689986190218
2449,2025,Lorenzo Abellar,Southern Utah,72,Jr,1115.0,-3.1156000000000006,-4.015203285797208,-5.677934350684293,-9.6931376364815
2450,2025,Miles Brewster,Boston University,75,Sr,4840.0,-8.203000000000003,-3.700513726260624,-6.0294822689481755,-9.7299959952088
2451,2025,Corey Sawyer Jr.,Eastern Illinois,76,Sr,1550.0,-10.349100000000007,-2.4076177805188816,-7.336578863640571,-9.744196644159452
2452,2025,Dez White,Missouri State,74,So,5666.0,0.5754000000000019,-4.854367080148311,-4.913215419621348,-9.76758249976966
2453,2025,Harry Rouhliadeff,Hawai'i,81,Jr,3527.0,-0.9630999999999972,-8.09887888491825,-1.6695721541873978,-9.768451039105647
2454,2025,Jaeden Marshall,Niagara,76,Sr,3970.0,-8.943100000000001,-2.896537340531663,-6.889593786960925,-9.786131127492588
2455,2025,Caleb Dorsey,William & Mary,80,Sr,1099.0,-3.5930000000000035,-12.295499709875001,2.48754204258538,-9.807957667289621
2456,2025,Jaqai Murray,North Carolina Central,79,Jr,2690.0,-8.240499999999997,-5.759537641996565,-4.061088296992289,-9.820625938988854
2457,2025,John-Paul Ricks,Prairie View A&M,73,Jr,3502.0,-3.4022999999999968,-2.1633829325178957,-7.667534474692496,-9.830917407210391
2458,2025,Javonte Johnson,California Baptist,78,Sr,4474.0,-2.159800000000004,-2.977778073787117,-6.863156433433327,-9.840934507220444
2459,2025,Sebastian Akins,Denver,74,Fr,5054.0,-2.780300000000011,-1.5793462811826813,-8.276848329752891,-9.856194610935573
2460,2025,Ethan Morton,Colorado State,78,Sr,2231.0,5.503299999999996,-5.967238321342043,-3.9261794666495478,-9.893417787991591
2461,2025,Maki Johnson,East Tennessee State,76,So,3026.0,-4.5323999999999955,-6.696096433700381,-3.20005623374134,-9.896152667441722
2462,2025,Louie Jordan,UMBC,81,Jr,4581.0,-6.832999999999998,-6.360111540560736,-3.554779861815959,-9.914891402376695
2463,2025,Bijan Cortes,Wichita State,74,Sr,2159.0,3.2449000000000012,-3.021111724318594,-6.89855868537797,-9.919670409696565
2464,2025,Ari Fulton,NJIT,79,Fr,5022.0,-8.403300000000002,-3.8021775869095347,-6.132184506403803,-9.934362093313338
2465,2025,Jeremiah Hernandez,Ball State,77,Sr,4045.0,-6.6982,-15.284620918224949,5.328372162037017,-9.956248756187932
2466,2025,JaKobe Coles,Grand Canyon,80,Sr,2727.0,-3.141600000000011,-3.1129159836996365,-6.853469982222008,-9.966385965921646
2467,2025,Avery Brown,Columbia,76,Jr,5095.0,-4.457499999999996,-5.258164216030046,-4.758864261496035,-10.01702847752608
2468,2025,Tristan Gross,Stetson,77,So,3522.0,-4.227499999999992,-5.1802993015860554,-4.848877150305919,-10.029176451891974
2469,2025,Bryson Wilson,Buffalo,77,So,3426.0,-2.720100000000002,-6.3733464864517195,-3.6656478729529556,-10.038994359404676
2470,2025,Jaren Johnson,Howard,77,Sr,5038.0,-6.7637,-2.776710172887654,-7.268571451026039,-10.045281623913693
2471,2025,Bilal Abdur-Rahman,Alabama A&M,71,So,2282.0,-12.577399999999997,-0.08304554496260952,-9.963511301967982,-10.046556846930592
2472,2025,John Lovelace Jr.,Milwaukee,79,Jr,984.0,-3.720799999999997,-5.800313057279375,-4.24735903699889,-10.047672094278266
2473,2025,Yoav Berman,Queens University,78,Fr,1699.0,-3.8560000000000088,-8.4623555866555,-1.5995875535696875,-10.061943140225187
2474,2025,EJ Farmer,Youngstown State,77,Sr,4186.0,-5.0049999999999955,-8.788066936939709,-1.29847411182796,-10.086541048767668
2475,2025,Bryce Baker,Winthrop,77,Jr,2099.0,-3.424999999999997,-8.919507791432435,-1.1762374854224276,-10.095745276854863
2476,2025,Cameron Shockley-Okeke,Howard,78,Sr,5642.0,-8.322699999999998,-3.941734257284236,-6.196447307799225,-10.13818156508346
2477,2025,Lincoln Ball,American University,78,Sr,2561.0,-7.576999999999998,-7.686337981380911,-2.464102598646307,-10.150440580027219
2478,2025,Jalen Cox,Colgate,75,So,5245.0,-6.106499999999997,-2.642846656559544,-7.511511836981301,-10.154358493540844
2479,2025,Ben Defty,Boston University,84,Fr,2200.0,-7.6281999999999925,-7.642016436528734,-2.5135634936074336,-10.155579930136167
2480,2025,Jalin Billingsley,Eastern Michigan,79,Sr,4732.0,-5.352300000000014,-6.4173035489353945,-3.7637208508185642,-10.181024399753959
2481,2025,Sam Alamutu,Vermont,77,Jr,4999.0,-7.779499999999999,-1.5126024251171364,-8.680885268019125,-10.193487693136262
2482,2025,Zach Bloch,Northern Colorado,74,Sr,2756.0,-3.880500000000012,-2.5142490813229994,-7.689278722705945,-10.203527804028944
2483,2025,Marcus Dockery,Howard,74,Sr,7744.0,-6.41449999999999,-6.347875723587414,-3.886857346750029,-10.234733070337443
2484,2025,Jaden Winston,Manhattan,72,So,2969.0,-8.501999999999995,-3.983239803448779,-6.285342670147885,-10.268582473596663
2485,2025,Yann Farell,East Carolina,78,Jr,3360.0,-2.0801000000000016,-4.77164888144098,-5.518727910196896,-10.290376791637875
2486,2025,Caleb McCarty,South Carolina State,80,Sr,1110.0,-6.325800000000001,-8.254289643125484,-2.0740937012473286,-10.328383344372812
2487,2025,KJ McClurg,Longwood,75,Jr,1301.0,-4.425200000000004,-5.581854490122104,-4.748419305397551,-10.330273795519656
2488,2025,EJ Ryans,Western Michigan,75,Fr,2582.0,-3.219399999999993,-5.855414982172542,-4.484340502568083,-10.339755484740625
2489,2025,David Brown III,Loyola Maryland,77,Sr,3504.0,-8.168499999999995,-8.631251353358536,-1.7142254666129553,-10.345476819971491
2490,2025,Cam Amboree,Southern,75,Jr,2211.0,-8.9439,-6.0326880839217285,-4.35525608687829,-10.387944170800019
2491,2025,Kolton Mitchell,Idaho,73,Fr,5986.0,-3.737499999999997,-4.899875820312302,-5.546704563458962,-10.446580383771265
2492,2025,Dyson Koehler,Weber State,79,Sr,4408.0,-2.548700000000011,-9.78670190412857,-0.7003043568231961,-10.487006260951766
2493,2025,Jacob Ognacevic,Lipscomb,79,Sr,3493.0,-3.495200000000011,-6.215033310616359,-4.3024674149577,-10.51750072557406
2494,2025,William Kermoury,Northeastern,77,So,2302.0,-6.645400000000009,1.851451819918724,-12.370629019560543,-10.519177199641819
2495,2025,Masai Troutman,Northeastern,76,Jr,1780.0,-2.505800000000008,-11.128422532453571,0.6056922602150301,-10.522730272238542
2496,2025,Bubu Benjamin,Tarleton State,79,So,3578.0,0.8637999999999977,-5.73852080566431,-4.794378856969493,-10.532899662633803
2497,2025,Jordan Crawford,Eastern Kentucky,75,So,4230.0,-3.090599999999995,-2.583050044466911,-7.983310479270576,-10.566360523737487
2498,2025,Rafael Pinzon,Bryant,78,Sr,3172.0,-6.731100000000012,-6.017556543271754,-4.5501667865392195,-10.567723329810974
2499,2025,TJ Johnson,VMI,78,So,6365.0,-3.5912000000000006,-10.568549140188807,-0.0016915243709918482,-10.5702406645598
2500,2025,Ife West-Ingram,Rider,78,So,1904.0,-4.191699999999997,-3.7110954620563517,-6.908672214093847,-10.619767676150198
2501,2025,Cam Gregory,Campbell,77,Jr,5619.0,-3.51639999999999,-6.495433269244318,-4.1408701457475985,-10.636303414991916
2502,2025,Demetrius Davis,UNC Greensboro,81,Sr,3873.0,-3.638300000000001,-4.6636478717768055,-5.99300697906185,-10.656654850838656
2503,2025,Kam Woods,Robert Morris,73,Sr,2884.0,-3.300699999999992,-4.683430873979471,-6.022722613906644,-10.706153487886116
2504,2025,Colin McKenzie,South Carolina State,78,Jr,1287.0,-8.48729999999999,-7.807323150391406,-2.9003211063055456,-10.707644256696952
2505,2025,Isaac Lindsey,South Dakota State,76,Sr,1090.0,-2.7387000000000086,-8.179728464353602,-2.545010835277266,-10.724739299630867
2506,2025,Kaleb Stewart,South Dakota,75,Sr,2468.0,-2.572500000000005,-13.480152782863833,2.7550774043560042,-10.725075378507828
2507,2025,Hermann Koffi,Stonehill,76,Fr,6170.0,-9.9161,-2.7536002027808335,-7.975089500206719,-10.728689702987552
2508,2025,Shahar Lazar,Gardner-Webb,74,So,3104.0,-3.280299999999997,-3.5639115516572724,-7.1717090000871115,-10.735620551744384
2509,2025,Desmond Polk,SIU Edwardsville,76,Sr,2941.0,-8.307699999999997,-2.8982663375414512,-7.84115960016163,-10.739425937703082
2510,2025,Alec Millender,IU Indianapolis,73,Sr,5578.0,-3.062100000000001,-0.16558061450414718,-10.575931933568741,-10.741512548072889
2511,2025,Jordan Rogers,NJIT,78,Fr,4410.0,-8.141000000000005,-3.4882065651757226,-7.255633061606593,-10.743839626782316
2512,2025,T.J. Weeks Jr.,Rider,76,Sr,6418.0,-6.584699999999998,-1.885542190912727,-8.895948942316824,-10.78149113322955
2513,2025,CJ Delancy,Chicago State,81,Jr,2512.0,-1.9772999999999996,-18.04675999875696,7.253432241373726,-10.793327757383235
2514,2025,Josiah Harris,Akron,81,Sr,439.0,-2.9399999999999977,-5.409005339147447,-5.388900448260832,-10.797905787408279
2515,2025,Tim Moore Jr.,NJIT,78,Sr,4926.0,-7.2102999999999895,-5.433869286225505,-5.40258380826526,-10.836453094490764
2516,2025,Ahmed Barba-Bey,Fairleigh Dickinson,75,Sr,5078.0,-6.7761,0.21030251393628818,-11.071811599563624,-10.861509085627336
2517,2025,Jace Roquemore,Vermont,77,Sr,3805.0,-10.0321,-1.115709255728607,-9.749209699221609,-10.864918954950216
2518,2025,Davion Bailey,Incarnate Word,76,Sr,3274.0,-4.746099999999998,-11.189257780474623,0.31567500738296905,-10.873582773091654
2519,2025,Drue Drinnon,Texas State,72,Sr,1633.0,-2.16579999999999,-4.142628203362556,-6.732773375134246,-10.875401578496803
2520,2025,Kernan Bundy,Iona,75,Jr,2712.0,-6.787400000000005,-9.180426636849882,-1.718784997991599,-10.899211634841482
2521,2025,Jacob Beccles,Cornell,75,So,2924.0,-3.567399999999992,-0.7728721195254151,-10.140698311935493,-10.913570431460908
2522,2025,Davion Everett,South Carolina State,78,Sr,1801.0,-8.902899999999988,-5.1838295310377225,-5.734814538753897,-10.918644069791618
2523,2025,Ebrima Dibba,Cleveland State,78,Sr,2415.0,-4.025600000000011,-8.761194328855163,-2.1610608739271,-10.922255202782264
2524,2025,Mwani Wilkinson,Little Rock,77,Sr,6361.0,-7.561999999999998,-11.390663698527957,0.4570224993020471,-10.93364119922591
2525,2025,CJ Fulton,Charleston,74,Sr,6628.0,-2.810299999999998,-7.163849132731528,-3.7700809188703004,-10.933930051601829
2526,2025,Bryce Lindsay,James Madison,75,So,4964.0,-1.5093999999999994,-8.70180488965997,-2.232992133203367,-10.934797022863336
2527,2025,Tate McCubbin,Austin Peay,80,Fr,4600.0,-4.8363000000000085,-6.1636979381649635,-4.781226078884939,-10.944924017049903
2528,2025,Matt Mayock,American University,79,So,2329.0,-6.207999999999998,-6.658014304556475,-4.299833819597327,-10.957848124153802
2529,2025,Tyreck Morris,Saint Peter's,77,Jr,823.0,-5.5722999999999985,3.57939745736644,-14.537630036421765,-10.958232579055325
2530,2025,Tanahj Pettway,Prairie View A&M,74,Sr,3968.0,-7.287599999999998,0.2452187365708025,-11.212005058413837,-10.966786321843035
2531,2025,DJ Smith,Robert Morris,72,Jr,2774.0,-4.611999999999995,-6.279519784486256,-4.707024365600155,-10.986544150086411
2532,2025,Greedy Williams,UNC Wilmington,77,Jr,1996.0,-4.1773000000000025,-8.114689951564731,-2.885557757151196,-11.000247708715927
2533,2025,Quinton Morton-Robertson,Purdue Fort Wayne,68,Sr,6088.0,-2.9968000000000075,-5.642760918899022,-5.369100636232082,-11.011861555131103
2534,2025,Isaiah Caldwell,Army,76,Sr,1992.0,-7.470400000000012,-2.7978866516556478,-8.247944866747833,-11.045831518403482
2535,2025,Jordan Wildy,Lindenwood,81,Jr,3169.0,-7.122800000000012,-9.00375037930485,-2.053833098666599,-11.05758347797145
2536,2025,Justin Page,Niagara,77,So,4748.0,-8.175699999999992,3.2931878667935246,-14.352363667181617,-11.059175800388093
2537,2025,Mehki Ellison,Stetson,72,Jr,6012.0,-4.133600000000001,-6.394456693378697,-4.681293454113085,-11.075750147491782
2538,2025,Kimani Hamilton,High Point,80,Jr,2575.0,-4.7457999999999885,-1.4843380833107258,-9.606126584127622,-11.090464667438349
2539,2025,Derrian Ford,Arkansas State,75,Jr,1692.0,-2.0962999999999994,-1.253743731883066,-9.840677446854714,-11.09442117873778
2540,2025,Jackson Paveletzke,Ohio,74,Jr,6296.0,-3.3585999999999956,-0.8960440014560005,-10.222976293929689,-11.119020295385688
2541,2025,Michael McNair,Boston University,77,So,5216.0,-8.3202,-8.790846473095243,-2.3313142820577366,-11.12216075515298
2542,2025,Nakyel Shelton,Eastern Illinois,75,Sr,4940.0,-4.994500000000002,-11.144439647739528,0.006103087837268539,-11.13833655990226
2543,2025,Davontae Hall,Kansas City,72,Jr,3004.0,-0.1103999999999985,-10.159964469507152,-0.9822711661905896,-11.142235635697741
2544,2025,Joe Anderson,Lipscomb,72,Sr,3325.0,-3.471199999999996,-6.368311473932444,-4.778340182584799,-11.146651656517243
2545,2025,Nick Johnson,Winthrop,76,Sr,3229.0,-4.062399999999997,-4.473096212982854,-6.6836848759760965,-11.156781088958951
2546,2025,Luke Kasubke,North Dakota State,77,Sr,2740.0,-4.5899,-10.192616452252063,-1.0061786807993065,-11.19879513305137
2547,2025,Jaden Johnson,Old Dominion,74,Fr,6711.0,-2.906099999999995,-4.403197659697838,-6.823298268303464,-11.226495928001302
2548,2025,Isaiah Barnes,Tulsa,79,Jr,1977.0,-1.2409999999999997,-4.164000026606608,-7.073625940518777,-11.237625967125386
2549,2025,Kevin Kalu,UTEP,81,Sr,4290.0,1.9277000000000015,-8.862577032438585,-2.421864461444706,-11.28444149388329
2550,2025,Jerry Deng,Florida State,81,So,2692.0,6.616900000000001,-5.598562119211872,-5.688745985472444,-11.287308104684316
2551,2025,Trevor Smith,Hampton,72,So,1298.0,-3.5293999999999954,-2.5306089967262158,-8.765028504501586,-11.295637501227802
2552,2025,Quincy Clark,UMass Lowell,74,Sr,3082.0,-4.828400000000002,-2.4731220426082867,-8.824163102477511,-11.297285145085798
2553,2025,Jack Mielke,Southern Indiana,79,Sr,2876.0,-8.591300000000004,-0.20163589354983813,-11.11043381652701,-11.312069710076848
2554,2025,Jaden Clayton,Maine,73,Jr,6574.0,-7.048900000000003,-3.9602314402327674,-7.355877186586281,-11.316108626819048
2555,2025,Michael Pajeaud,Alcorn State,73,Sr,2444.0,-8.900100000000009,-4.597978568577414,-6.73701143710983,-11.334990005687244
2556,2025,Bowen Hardman,Akron,75,Jr,1795.0,-3.1576999999999913,-9.661976504592564,-1.710432912659532,-11.372409417252097
2557,2025,Emanuel Richards,Longwood,76,So,1123.0,-4.400599999999997,-6.520826884751635,-4.866281993551552,-11.387108878303188
2558,2025,Quion Williams,Abilene Christian,77,Jr,5356.0,-1.5450000000000017,-0.14314021383190112,-11.249486566335912,-11.392626780167813
2559,2025,Colby Garland,Longwood,73,So,2928.0,-4.1584,-10.791476386162131,-0.608950514661297,-11.400426900823428
2560,2025,Jordan Pickett,SIU Edwardsville,75,So,1054.0,-7.958500000000001,-3.8575639629787375,-7.565948516265826,-11.423512479244565
2561,2025,Ring Malith,SIU Edwardsville,81,Jr,3057.0,-8.216099999999997,-5.571976090506374,-5.857777558698129,-11.429753649204503
2562,2025,Quimari Peterson,East Tennessee State,73,Sr,6059.0,-3.643799999999999,-10.26263164003691,-1.203087963346195,-11.465719603383105
2563,2025,Declan Dillon,SIU Edwardsville,72,Jr,944.0,-8.428700000000006,-3.2518103070082254,-8.223265898785968,-11.475076205794194
2564,2025,Kam Craft,Miami (OH),78,So,5070.0,-5.320699999999988,-6.784761433769067,-4.7359868796984355,-11.520748313467504
2565,2025,Eddie Ricks III,James Madison,79,So,4890.0,-1.4895000000000067,-4.245934401454107,-7.2772001178530425,-11.523134519307149
2566,2025,Corey Stephenson,Cal State Bakersfield,78,Jr,5274.0,-1.3645000000000067,-0.6844795392774893,-10.841254370247468,-11.525733909524957
2567,2025,Torian Lee,UC Irvine,70,Fr,1665.0,-0.08059999999998979,-6.026764593448567,-5.499446979821047,-11.526211573269613
2568,2025,Doctor Bradley,Arkansas-Pine Bluff,80,Jr,3581.0,-16.120499999999993,-1.5167883471985295,-10.010025589621298,-11.526813936819828
2569,2025,R.J. Greene,Wagner,78,Jr,3140.0,-11.753799999999998,-8.450189178415066,-3.0843290679404305,-11.534518246355496
2570,2025,Dezmond McKinney,Bellarmine,72,Sr,1962.0,-2.5688999999999993,-3.070148594566488,-8.51705611798901,-11.587204712555499
2571,2025,Keionte Cornelius,Alcorn State,72,Jr,1362.0,2.5620999999999867,-13.77267451912676,2.1756885604395984,-11.596985958687162
2572,2025,Julian Vaughns,Sacramento State,75,Jr,3626.0,-4.334600000000009,-5.0385526336870345,-6.5849890491829,-11.623541682869934
2573,2025,Daniel Egbuniwe,Tennessee Tech,79,Jr,2654.0,-7.671499999999995,-7.169412867036597,-4.455549039956767,-11.624961906993363
2574,2025,Josh Farmer,Texas Southern,82,Jr,986.0,-9.95219999999999,-7.695733165201598,-3.9393824602189818,-11.63511562542058
2575,2025,Timmy Adedire,North Carolina Central,76,Sr,4906.0,-6.558400000000006,-9.277114852442235,-2.366833975752057,-11.643948828194292
2576,2025,Diogo Seixas,Central Arkansas,80,So,3253.0,-1.3105999999999938,-3.53156060690245,-8.144471321544064,-11.676031928446513
2577,2025,Isaac Celiscar,Yale,78,Fr,1663.0,-1.6400000000000006,-4.532480184432524,-7.145072625609112,-11.677552810041636
2578,2025,Jestin Porter,Middle Tennessee,73,Sr,3209.0,2.9192000000000036,-6.568568768029287,-5.112433044783506,-11.681001812812793
2579,2025,Ante Beljan,Little Rock,80,Jr,5795.0,-8.076099999999997,-1.1456710087160435,-10.537626739201155,-11.683297747917198
2580,2025,Joe Sayler,South Dakota State,75,Fr,2667.0,-1.310299999999998,-7.814446483448114,-3.8693945132189365,-11.683840996667051
2581,2025,Shemar Rathan-Mayes,Mercyhurst,71,Sr,5168.0,-10.129199999999997,0.45673100011102186,-12.148256251824016,-11.691525251712994
2582,2025,Julius Rollins,Western Illinois,79,Jr,4984.0,-8.834700000000012,-2.9068930996831015,-8.79212843910285,-11.699021538785951
2583,2025,Simeon Cottle,Kennesaw State,73,Jr,6612.0,2.1651000000000096,-6.834964927519604,-4.8914274391108306,-11.726392366630435
2584,2025,Tyrel Morgan,Texas State,77,Sr,1945.0,-2.9251999999999896,-10.147842856934401,-1.5793045983833633,-11.727147455317764
2585,2025,Veljko Ilic,Loyola Maryland,82,Sr,3172.0,-9.008200000000002,-5.341395508467701,-6.404704271326834,-11.746099779794534
2586,2025,Chandler Baker,Colgate,77,Sr,3915.0,-6.446299999999994,-5.139852123208153,-6.607024590721021,-11.746876713929176
2587,2025,Lamin Sabally,Incarnate Word,79,Sr,960.0,-3.756299999999996,-1.7935622820905284,-9.969397411332373,-11.762959693422902
2588,2025,Nick Fiorillo,Vermont,79,Sr,5395.0,-9.097899999999996,-3.495517126996682,-8.27028247278874,-11.76579959978542
2589,2025,Ocypher Owens,Le Moyne,80,Sr,3578.0,-9.8369,-6.057234290914788,-5.713552659927469,-11.770786950842258
2590,2025,Nate Brafford,Georgia Southern,81,Jr,2724.0,-5.05149999999999,-4.2320214870532515,-7.564953727096366,-11.796975214149619
2591,2025,Erik Timko,Delaware,76,Sr,6400.0,-2.9462999999999937,-6.23861456676253,-5.565088180953156,-11.803702747715686
2592,2025,Brian Goracke,Montana State,77,Sr,2666.0,-1.4363000000000028,-4.082900872707892,-7.743351820339858,-11.82625269304775
2593,2025,Keith Lamar,Stephen F. Austin,79,Sr,2970.0,-4.458299999999994,-10.559697341604078,-1.2748189354402664,-11.834516277044344
2594,2025,Jinwoo Kim,Navy,73,So,5066.0,-8.699100000000001,-6.810664380930048,-5.036088499052289,-11.846752879982336
2595,2025,Varick Lewis,Long Beach State,75,So,2012.0,0.7954999999999899,-5.620811661782208,-6.239189394677186,-11.860001056459394
2596,2025,Marcell McCreary,Northern Colorado,76,Jr,1894.0,-3.0845999999999947,-6.994205023625156,-4.904989107268461,-11.899194130893617
2597,2025,Joshua Ingram,Lehigh,76,So,4550.0,-7.641300000000001,0.3863709874464334,-12.32491207428747,-11.938541086841036
2598,2025,Jaden Daughtry,Marist,78,Jr,4296.0,-10.964399999999998,-7.597028877208839,-4.36837418777124,-11.965403064980078
2599,2025,Kiran Oliver,Morgan State,77,Jr,3392.0,-10.793599999999998,-8.576425285311748,-3.4217383686570857,-11.998163653968835
2600,2025,Josh Morgan,Stonehill,75,Sr,2816.0,-10.083200000000005,-4.897364847924717,-7.13841584889057,-12.035780696815287
2601,2025,London Fields,Louisiana,76,So,2301.0,-0.1863999999999919,-0.5033309593039805,-11.540984070274796,-12.044315029578776
2602,2025,Kavion McClain,Texas Southern,70,Sr,2980.0,-6.247,-4.514896096172161,-7.54884824025547,-12.063744336427632
2603,2025,Juwan Maxey,Youngstown State,73,Jr,5584.0,-4.874899999999997,-8.696608002005139,-3.3914532995912925,-12.088061301596431
2604,2025,Jayden Cooper,South Alabama,74,So,945.0,-1.7013000000000034,-6.141092777720016,-5.977282323976062,-12.118375101696078
2605,2025,Kyrell Shaw,Maryland Eastern Shore,76,Fr,3350.0,-4.042699999999996,-3.639077554329833,-8.511846446724848,-12.15092400105468
2606,2025,Samuel Ariyibi,Utah Tech,80,Jr,4064.0,-1.2267999999999972,-8.337677011570932,-3.845793048464338,-12.183470060035269
2607,2025,Tom House,Furman,79,Jr,1746.0,-1.9147999999999996,-6.509780644263254,-5.717745764495627,-12.22752640875888
2608,2025,Ralph Martino Jr.,Maryland Eastern Shore,78,Fr,2030.0,1.9301999999999992,-6.141986355326455,-6.086714208539028,-12.228700563865482
2609,2025,Keller Boothby,William & Mary,79,Sr,2427.0,-3.617999999999995,-6.604013199055117,-5.641850159504471,-12.245863358559589
2610,2025,Kyle Frazier,William & Mary,74,Jr,1276.0,-3.028099999999995,-9.731482139892586,-2.5219188376059667,-12.253400977498552
2611,2025,Samage Teel,Indiana State,74,Sr,6786.0,-0.03350000000000364,-5.9181597204186565,-6.34396761157567,-12.262127331994327
2612,2025,LA Pratt,Northeastern,77,Jr,5404.0,-4.490099999999998,-7.623964227659639,-4.660155231545689,-12.284119459205328
2613,2025,Nic Book,South Carolina Upstate,80,Fr,3175.0,-1.3640999999999934,-11.77258594713573,-0.5141668395378367,-12.286752786673565
2614,2025,Jackson Munro,Dartmouth,80,Jr,3834.0,-4.147099999999995,-8.831515922042318,-3.465552883515299,-12.297068805557616
2615,2025,Christian Davis,Bradley,79,Sr,3302.0,1.6034000000000077,-6.060653124898339,-6.239645892212081,-12.30029901711042
2616,2025,AJ Barnes,Southern,78,Jr,1012.0,-4.367199999999997,-4.272921125869203,-8.13520936698983,-12.408130492859033
2617,2025,Rory Stewart,Florida Gulf Coast,80,So,1694.0,-3.0527000000000015,-8.914011283835606,-3.4942892932615863,-12.408300577097192
2618,2025,Jonathan Aybar,Florida International,81,Jr,4152.0,-0.46589999999999065,-6.654554104714821,-5.75860932535292,-12.41316343006774
2619,2025,Jaylen Curry,Massachusetts,72,So,5486.0,-0.9861999999999966,-7.637864940560691,-4.797712119658612,-12.435577060219302
2620,2025,Jacoi Hutchinson,George Washington,75,So,2183.0,-2.3363999999999976,-4.888133176501983,-7.557191980593961,-12.445325157095944
2621,2025,Michael Wilson,Sacramento State,74,So,3116.0,-4.410499999999999,-6.38431234286154,-6.068446925288614,-12.452759268150153
2622,2025,Daemar Kelly,St. Francis (PA),77,So,2874.0,-7.508200000000002,-10.526005908663263,-1.9276527177726184,-12.453658626435882
2623,2025,Kyrone Alexander,Boston University,76,So,5254.0,-8.083000000000013,-6.6406866916122445,-5.827599567874312,-12.468286259486558
2624,2025,Carl Daughtery Jr.,UC Davis,75,Jr,1655.0,-0.21710000000000207,-6.023642911055293,-6.523286307458606,-12.546929218513899
2625,2025,Lysander Rehnstrom,Navy,75,Sr,2572.0,-8.748799999999989,-9.115304090997551,-3.4333988735915915,-12.548702964589143
2626,2025,Azmar Abdullah,Boston University,75,Fr,3346.0,-7.985600000000005,-4.814423339405016,-7.801691435680443,-12.616114775085459
2627,2025,Noah Williamson,Bucknell,84,Jr,5463.0,-5.694999999999993,-7.864306879711021,-4.7624291344252825,-12.626736014136304
2628,2025,Romelle Mansel,Jackson State,81,Sr,6452.0,-6.154600000000002,0.18155284472865008,-12.843453418564637,-12.661900573835988
2629,2025,Mark Butler,Lafayette,70,So,4884.0,-7.736200000000011,-6.691805318193524,-6.024512347682334,-12.71631766587586
2630,2025,Christian Moore,Arkansas-Pine Bluff,71,Jr,5113.0,-10.437700000000007,-12.18447622870607,-0.566127639824086,-12.750603868530156
2631,2025,Travis Harper II,Tennessee State,78,Jr,2024.0,-10.482799999999997,-3.7713349389644093,-8.98379743820025,-12.75513237716466
2632,2025,Antonio Sisk,Mississippi Valley State,73,Jr,4290.0,-3.844999999999999,-4.24829061358199,-8.522593338313907,-12.770883951895897
2633,2025,Joey Chammaa,San Diego,71,Fr,1556.0,1.035899999999998,-4.938605221974651,-7.833730067639088,-12.77233528961374
2634,2025,Etienne Strothers,Hampton,74,So,2012.0,-2.9632999999999896,-4.695013372386008,-8.090269958335021,-12.785283330721029
2635,2025,Dillan Baker,Northern Arizona,78,Jr,1215.0,-5.338700000000003,-8.350397365752276,-4.450193440649494,-12.80059080640177
2636,2025,Jaron Pierre Jr.,Jacksonville State,78,Sr,3515.0,1.9231999999999942,-4.000081772729809,-8.822571211479834,-12.822652984209643
2637,2025,Dylan Saunders,New Hampshire,80,So,2414.0,-5.342100000000002,-3.632905117900169,-9.195176932464305,-12.828082050364474
2638,2025,Josue Grullon,UT Martin,77,Jr,1785.0,-5.713300000000004,-3.9363835059542076,-8.901995059819285,-12.838378565773493
2639,2025,Major Freeman,Siena,75,Jr,3260.0,-7.1721,-12.893812816952353,0.022811637324480216,-12.871001179627873
2640,2025,Jemel Jones,Cal State Bakersfield,76,Jr,5418.0,-1.332099999999997,-9.157024838558467,-3.7252403518200135,-12.88226519037848
2641,2025,Lok Wur,Grand Canyon,80,Sr,2006.0,-3.161299999999997,-6.476818931006949,-6.416417979017671,-12.89323691002462
2642,2025,Anthony Blunt,UMass Lowell,74,Sr,3746.0,-6.0201999999999884,-4.327245222701511,-8.574293445764258,-12.901538668465768
2643,2025,Olumide Adelodun,Niagara,77,Sr,4911.0,-8.076899999999995,-6.824538109371361,-6.202901634978466,-13.027439744349827
2644,2025,Joe Munden Jr.,Northern Illinois,75,Sr,3058.0,-2.933399999999992,-10.417049926458091,-2.643658658443627,-13.060708584901718
2645,2025,Isaiah Moses,UC Riverside,73,Jr,2558.0,2.202699999999993,-5.530008220087774,-7.570120255755661,-13.100128475843436
2646,2025,Chris Moncrief,St. Francis (PA),78,Jr,1267.0,-9.8677,-5.396231334892983,-7.704592388884257,-13.10082372377724
2647,2025,Trent McLaughlin,Northern Arizona,78,Sr,3781.0,-5.971800000000002,-5.138975155147235,-7.9619000534086375,-13.100875208555873
2648,2025,Dylan Williams,Pennsylvania,71,Jr,2401.0,-3.2412999999999954,-10.255422795669432,-2.915116454001656,-13.170539249671087
2649,2025,Mikal Dawson,Marshall,77,Sr,5962.0,-3.454400000000007,-5.637155235082396,-7.539358197397164,-13.17651343247956
2650,2025,TJ Hurley,Vermont,77,Jr,6121.0,-6.387900000000002,-7.212028761490051,-5.985432625930984,-13.197461387421034
2651,2025,Jamie Bergens,Fairfield,74,Sr,5914.0,-7.155699999999996,-8.949931212085168,-4.3124377174122746,-13.262368929497443
2652,2025,Jakari Spence,Jacksonville,72,Sr,2686.0,-3.1079000000000008,-8.82551027319058,-4.445406317354365,-13.270916590544946
2653,2025,Donovan Newby,UNC Wilmington,73,Sr,3081.0,-3.223799999999997,-10.774862933510073,-2.497811813208929,-13.272674746719002
2654,2025,Anthony Arrington,Wofford,74,Jr,1289.0,0.638300000000001,-7.178141950334024,-6.202860118937456,-13.38100206927148
2655,2025,Christian Ings,Norfolk State,74,Sr,2417.0,-4.3111999999999995,-5.485882099949659,-7.911394060850151,-13.39727616079981
2656,2025,Wilguens Jr. Exacte,Bowling Green,78,So,3100.0,-6.945299999999989,-6.38242779817891,-7.039307681448577,-13.421735479627486
2657,2025,Khaliq Abdul-Mateen,East Texas A&M,73,Sr,4670.0,-0.5168999999999926,-8.815738230255493,-4.6084055334717835,-13.424143763727276
2658,2025,LJ Thomas,Austin Peay,74,So,5098.0,-2.7597999999999985,-10.490833424491115,-2.946465456678697,-13.437298881169811
2659,2025,Grant Whitaker,Bellarmine,76,So,2102.0,-5.715600000000009,-8.754380545885141,-4.694297879847211,-13.448678425732352
2660,2025,Caleb Williams,Lafayette,72,Fr,5644.0,-8.65270000000001,-7.032410715416167,-6.436189309631921,-13.468600025048087
2661,2025,Iverson King,Presbyterian,78,Fr,1623.0,-3.541399999999996,-12.265862006111467,-1.2174306292503467,-13.483292635361813
2662,2025,Florian Tenebay,South Carolina State,77,Fr,1482.0,-9.344300000000004,-2.629236878324315,-10.878271547362544,-13.50750842568686
2663,2025,Abdoulaye Thiam,High Point,76,Sr,1255.0,-7.392699999999991,-10.02459480579147,-3.4873485353070506,-13.51194334109852
2664,2025,Dallion Johnson,Florida Gulf Coast,75,Sr,3169.0,-5.082899999999995,-8.575092787574194,-4.937128559187059,-13.512221346761253
2665,2025,Evan Johnson,Maryland Eastern Shore,72,Sr,4640.0,-4.1661,-8.752737731355932,-4.76313876392272,-13.515876495278652
2666,2025,Anouar Mellouk,Morehead State,80,Jr,3619.0,-8.354399999999998,-9.07885723048531,-4.449489475485338,-13.528346705970648
2667,2025,BJ Ward,Southeast Missouri State,72,So,2855.0,-7.028599999999997,-4.665054463179155,-8.866196205750924,-13.53125066893008
2668,2025,Adam Njie,Iona,75,Fr,5410.0,-7.373999999999995,-8.151118268977017,-5.392279436036127,-13.543397705013144
2669,2025,Collin Moore,Grand Canyon,76,Sr,2336.0,-3.461199999999991,-3.7783032930079568,-9.766793398924182,-13.54509669193214
2670,2025,Jordan Pennick,Navy,71,So,5564.0,-8.856799999999993,-8.835145603142726,-4.761849087422884,-13.596994690565609
2671,2025,Khalil Farmer,Hofstra,75,Jr,3256.0,-3.7545999999999964,-4.15895829554733,-9.447242392813347,-13.606200688360676
2672,2025,Micah Octave,Alabama State,77,Sr,1924.0,-11.736099999999993,1.5580790109195117,-15.175082111136335,-13.617003100216824
2673,2025,Hayden Gray,UC San Diego,76,Sr,3049.0,-1.0113999999999947,-6.0796285702991595,-7.5407830550542885,-13.620411625353448
2674,2025,Kolten Griffin,West Georgia,78,Sr,5560.0,-3.1281000000000034,-8.201702873768536,-5.450823558248083,-13.652526432016618
2675,2025,PJay Smith Jr.,Furman,72,Sr,2988.0,-1.0553999999999917,-6.589080127780175,-7.099912418790868,-13.688992546571043
2676,2025,JB Frankel,Northeastern,75,So,4320.0,-4.232500000000002,-6.616736278131996,-7.120651670970998,-13.737387949102995
2677,2025,Terrell Ard Jr.,Mount St. Mary's,79,Sr,1549.0,-6.815999999999988,-5.816820113462001,-7.937083112085682,-13.753903225547683
2678,2025,Jackson Price,Marist,80,Sr,2812.0,-10.529700000000005,-12.466310394056908,-1.2905949314167913,-13.7569053254737
2679,2025,Collin O'Connor,Stony Brook,75,Fr,2791.0,-3.2035000000000053,-7.073907083340508,-6.68667996969158,-13.760587053032088
2680,2025,Will Sydnor,Manhattan,80,Fr,2659.0,-8.459800000000001,-9.42764346535456,-4.342115215719369,-13.76975868107393
2681,2025,Andre Nunley,Southern,70,Sr,2315.0,-9.346000000000004,-0.846151822352339,-12.988234594694685,-13.834386417047025
2682,2025,Jawarie Hamelin,New Hampshire,74,Jr,4006.0,-7.823899999999995,-6.288001461970868,-7.582434945338035,-13.870436407308903
2683,2025,Cole Farrell,Portland State,77,So,3339.0,-4.761099999999999,-2.537865883380185,-11.366014335423944,-13.90388021880413
2684,2025,Jack Campion,Southern Indiana,70,Jr,1937.0,-8.522099999999995,1.0042871261217607,-14.925557795567736,-13.921270669445974
2685,2025,Caden Pierce,Princeton,78,Jr,5018.0,-1.4772999999999996,-6.894072991971567,-7.05077659835921,-13.944849590330776
2686,2025,Robby Carmody,Le Moyne,76,Sr,3796.0,-10.198799999999991,-9.117244548805576,-4.828491852686922,-13.945736401492498
2687,2025,Brentay Noel,Southern,82,Jr,1799.0,-7.069800000000001,-8.236313488300956,-5.709678309220329,-13.945991797521284
2688,2025,Obi Agbim,Wyoming,75,Jr,5736.0,4.028099999999995,-9.790748658612202,-4.2327623554424845,-14.023511014054687
2689,2025,Isaac Williams IV,Texas A&M-Corpus Christi,74,Fr,1471.0,-1.8817999999999984,-5.478013331489851,-8.572164762053916,-14.050178093543767
2690,2025,Trae Broadnax,Rice,76,Sr,5638.0,-2.705299999999994,-8.72556762760882,-5.336160470436733,-14.061728098045553
2691,2025,Tyren Moore,UAB,71,Sr,1723.0,-0.41450000000000387,-11.163544204318963,-2.919703181889353,-14.083247386208317
2692,2025,Landon Glasper,North Carolina A&T,74,Jr,4526.0,-3.8120999999999867,-11.262979728710818,-2.840164364354263,-14.10314409306508
2693,2025,Tyson Commander,Loyola Maryland,76,Jr,4748.0,-8.236699999999999,-5.969948942407239,-8.157082757986627,-14.127031700393866
2694,2025,Jordan Johnson,Southern,76,So,2425.0,-7.5908000000000015,-7.5182207498282745,-6.610064616770073,-14.128285366598348
2695,2025,Nicolas Louis-Jacques,Colgate,76,Sr,5671.0,-6.276599999999988,-2.508523340335096,-11.620504594340764,-14.12902793467586
2696,2025,Josiah Dunham,Southern Indiana,72,Fr,1076.0,-7.4572,-2.086529426565506,-12.142482787868099,-14.229012214433606
2697,2025,Johnathan Lawson,Little Rock,79,Jr,7209.0,-7.861800000000002,-3.535255580303216,-10.704844368713019,-14.240099949016235
2698,2025,TJ Nadeau,Detroit Mercy,77,Fr,4062.0,-1.9063000000000017,-5.507530369939216,-8.788534136045161,-14.296064505984377
2699,2025,Jackson Holt,Eastern Kentucky,76,So,3556.0,-3.9635999999999996,-10.630014967901419,-3.6705599254790906,-14.30057489338051
2700,2025,Kaleb Washington,Florida A&M,80,Jr,2794.0,-3.550299999999993,-6.520393641604671,-7.841879746771495,-14.362273388376167
2701,2025,George Marshall,Morehead State,76,Jr,3170.0,-7.621099999999998,-0.4045351274096294,-13.963533717882088,-14.368068845291717
2702,2025,Justice Shoats,Siena,71,Jr,3367.0,-7.761300000000006,-4.486119356666853,-9.887036219368955,-14.373155576035808
2703,2025,Mike Woods,Navy,75,Jr,2370.0,-8.869500000000002,-0.8535112757630197,-13.520804625089042,-14.37431590085206
2704,2025,Elijah Terry,Prairie View A&M,82,Jr,2286.0,-9.194399999999987,-11.743714120357199,-2.7527939742153285,-14.496508094572526
2705,2025,Kehlin Farooq,Texas Southern,78,Jr,1478.0,-15.380900000000011,-6.909674228397038,-7.598092206463653,-14.507766434860692
2706,2025,Clayton Jackson,Lindenwood,74,Fr,3702.0,-6.6259000000000015,-9.456125475765827,-5.057143268973145,-14.513268744738973
2707,2025,Grant Gondrezick II,Detroit Mercy,72,Fr,2422.0,0.37690000000000623,-16.37621263202863,1.8611594999293497,-14.515053132099279
2708,2025,Zach Reinhart,Arkansas-Pine Bluff,78,Jr,3792.0,-4.837500000000006,-11.104041384436401,-3.514297092626377,-14.618338477062778
2709,2025,Anthony Pritchard,Central Michigan,75,Sr,7018.0,-2.409099999999995,-9.751389337761786,-4.9970130883830475,-14.748402426144834
2710,2025,Grant Slatten,Tennessee Tech,77,Jr,1377.0,-7.992599999999996,-0.27071261908445887,-14.486865448265771,-14.75757806735023
2711,2025,Cole McCormick,Central Arkansas,78,Fr,4375.0,-5.644099999999995,-3.493503699562618,-11.271343028652614,-14.764846728215232
2712,2025,Dylan Dawson,Texas State,75,Sr,1529.0,-3.0752999999999986,-0.6750174420969289,-14.090021719173771,-14.7650391612707
2713,2025,Sebastian Thomas,Rhode Island,73,Sr,6014.0,-1.1082000000000107,-8.62478632207049,-6.167544866589561,-14.79233118866005
2714,2025,Yusuf Jihad,Eastern Michigan,79,Sr,2046.0,-3.789900000000003,-4.0646053629667955,-10.735544991973866,-14.800150354940662
2715,2025,Alex Huibregtse,Wright State,75,Sr,6549.0,-3.062100000000001,-8.820383032835881,-5.9815471092438095,-14.80193014207969
2716,2025,Kyric Davis,West Georgia,77,Jr,4594.0,-3.6824999999999903,-11.874921007007949,-3.00162314271593,-14.876544149723879
2717,2025,Elijah Jones,Charleston,79,Sr,2164.0,-4.455700000000007,-9.325672404697503,-5.551540084116904,-14.877212488814408
2718,2025,Darius Maddox,George Mason,77,Sr,2842.0,1.8974999999999937,-14.451817639752894,-0.4336693041695636,-14.885486943922459
2719,2025,Darius Robinson Jr.,Oral Roberts,73,Jr,3724.0,0.9956999999999994,-5.67661722819901,-9.240077940589034,-14.916695168788044
2720,2025,Geoff Sprouse,American University,72,Jr,1165.0,-5.084800000000001,-5.980192347257269,-8.939893995232625,-14.920086342489894
2721,2025,KiJan Robinson,Hofstra,75,So,2840.0,0.5421000000000049,-9.337894220228783,-5.632849470689136,-14.970743690917919
2722,2025,Yuri Covington,UMass Lowell,73,Sr,5964.0,-7.450599999999994,-5.614246104328476,-9.363723463153303,-14.977969567481779
2723,2025,Christopher Mantis,Maine,79,Sr,3374.0,-6.76639999999999,-6.608219116347367,-8.429175655048297,-15.037394771395665
2724,2025,Sean Durugordon,Old Dominion,78,Jr,6303.0,-3.5463000000000022,-4.684208356252411,-10.432237827009365,-15.116446183261775
2725,2025,Dylan Hayman,Incarnate Word,77,Sr,3234.0,-5.354200000000006,-7.747211263962493,-7.392135611134005,-15.139346875096498
2726,2025,Marlon Short,UMBC,77,Jr,4597.0,-8.1464,-4.476631621046028,-10.66725355145433,-15.143885172500358
2727,2025,Jarvis Walker,IU Indianapolis,75,Sr,6472.0,-3.6047000000000082,-9.550076273846354,-5.599087979989411,-15.149164253835766
2728,2025,Jake Lemelman,Mercyhurst,74,Fr,2584.0,-8.24730000000001,-2.3681704887458728,-12.79309540296696,-15.161265891712834
2729,2025,Troy Cole Jr.,Southeast Missouri State,77,Jr,1925.0,-7.394800000000004,-7.347052957086258,-7.821623111524633,-15.16867606861089
2730,2025,Yusef Salih,East Texas A&M,74,Sr,2664.0,-1.3135999999999939,-10.938590415842187,-4.2816760140530725,-15.22026642989526
2731,2025,Brandon Hardy,Louisiana,75,So,3028.0,-4.734300000000005,-6.8433464721812465,-8.388978007036327,-15.232324479217574
2732,2025,Richard Goods,Hampton,81,Fr,1868.0,-3.3466999999999985,-6.165197558973144,-9.073406656056923,-15.238604215030067
2733,2025,Bryce Ford,Toledo,74,So,2231.0,-3.786299999999997,-9.86600695601651,-5.397486582912062,-15.263493538928572
2734,2025,Will Thomas,Morgan State,78,Sr,5588.0,-10.107799999999997,-12.265131061160684,-3.0404176714395366,-15.30554873260022
2735,2025,Kailon Nicholls,Northern Illinois,72,So,4812.0,-3.3618000000000023,-4.951239323941799,-10.41276500599179,-15.36400432993359
2736,2025,Josh Massey,Stetson,78,Sr,5014.0,-4.815899999999999,-5.290598432797751,-10.088707398274625,-15.379305831072376
2737,2025,Noah Farrakhan,Hampton,73,Sr,4446.0,-2.5416000000000025,-10.645779443392836,-4.765630937862062,-15.411410381254898
2738,2025,Marcus Randolph,Saint Peter's,77,Jr,2721.0,-7.993600000000001,-16.757047814538566,1.2691292241216354,-15.487918590416932
2739,2025,Eugene Brown III,Georgia Southern,80,Sr,4545.0,-4.18310000000001,-2.841710168320524,-12.669512183926402,-15.511222352246927
2740,2025,Darin Smith Jr.,Central Connecticut,79,Fr,1120.0,-13.24430000000001,-5.547094469395719,-10.004634360954126,-15.551728830349845
2741,2025,Ryan Jones Jr.,Virginia Tech,73,Sr,48.0,-1.4309000000000083,-4.753883003600869,-10.805173280995868,-15.559056284596737
2742,2025,Jayland Randall,Southern Indiana,77,Jr,2396.0,-9.037900000000008,-10.407531777795864,-5.179897436741976,-15.58742921453784
2743,2025,Deon Perry,Fairfield,68,Jr,3758.0,-6.926600000000008,-11.094194623573351,-4.499468661304524,-15.593663284877875
2744,2025,Tekao Carpenter,Austin Peay,75,Jr,2906.0,-0.3113999999999919,-12.273374344604504,-3.3384123833046395,-15.611786727909143
2745,2025,Themus Fulks,Milwaukee,73,Sr,5145.0,-2.731200000000001,-0.49069955353560646,-15.144275149486877,-15.634974703022483
2746,2025,Abdul Momoh,Central Connecticut,79,Sr,4189.0,-12.644899999999993,-16.82209007679896,1.1806858187683549,-15.641404258030606
2747,2025,JaCobi Wood,Murray State,74,Sr,6290.0,1.354699999999994,-2.5255922482041484,-13.163905020011448,-15.689497268215597
2748,2025,Javier Ezquerra,Wagner,73,Sr,6236.0,-10.237200000000001,-6.68899904686935,-9.003814198662235,-15.692813245531585
2749,2025,Ryan Myers,Western Illinois,72,Sr,4917.0,-8.740300000000005,-4.282314563722437,-11.444729665165529,-15.727044228887966
2750,2025,Dylan Darling,Idaho State,74,So,5657.0,-4.739699999999999,-9.423567098814772,-6.3717928492904345,-15.795359948105206
2751,2025,Jahari Williamson,Niagara,73,So,4013.0,-7.566299999999998,-8.032303083410628,-7.8627930824089285,-15.895096165819556
2752,2025,Ty Harper,Youngstown State,75,Sr,5760.0,-4.5732,-6.716745965459651,-9.217575796256282,-15.934321761715934
2753,2025,Braxton Jones,Southern Indiana,72,Jr,1047.0,-9.153000000000006,-5.363296399656712,-10.609753890576938,-15.973050290233651
2754,2025,Turner Buttry,Eastern Kentucky,71,Jr,4890.0,-5.025199999999998,-8.566749654140128,-7.416953091020872,-15.983702745161
2755,2025,Julius Ellerbe III,Coppin State,79,Sr,4014.0,-4.248100000000008,-2.877851512988244,-13.116253866857534,-15.994105379845777
2756,2025,Hunter Jack Madden,Abilene Christian,74,Sr,5320.0,-1.9895999999999958,-1.7906103048693591,-14.257618546758469,-16.048228851627826
2757,2025,Nasir Whitlock,Lehigh,74,So,4202.0,-7.339500000000001,-3.5928282519118055,-12.482116838582186,-16.07494509049399
2758,2025,Kameron Hobbs,Morgan State,70,Sr,6380.0,-8.227499999999992,-8.07636045750018,-8.044489713234235,-16.120850170734414
2759,2025,Kheni Briggs,UAlbany,75,Jr,3470.0,-6.285600000000002,-7.679431901657731,-8.469051502251306,-16.148483403909037
2760,2025,Alfred Worrell Jr.,Southern Miss,74,Jr,1274.0,-1.9234000000000009,-6.736822696554299,-9.414284473221851,-16.15110716977615
2761,2025,AJ Hopkins,UT Martin,78,Jr,1059.0,-7.7867999999999995,-13.40967331495622,-2.83801451327656,-16.24768782823278
2762,2025,Knute Wood,Tennessee State,76,So,1617.0,-7.580200000000005,-9.366203127507653,-6.931455509095769,-16.297658636603423
2763,2025,Caleb Jones,Arkansas-Pine Bluff,73,Fr,3570.0,-7.309600000000003,-12.47610892858803,-3.870354137192942,-16.346463065780974
2764,2025,Filip Radaković,UT Martin,79,Fr,1610.0,-8.033300000000011,-10.594094671667019,-5.754562391338566,-16.348657063005586
2765,2025,Cam Gillus,Lehigh,71,So,5228.0,-6.257500000000007,-5.860414242352979,-10.529632359760225,-16.390046602113202
2766,2025,Michael Christmas,Longwood,78,Sr,2900.0,-4.185900000000004,-17.80036457410786,1.391181868145861,-16.409182705962
2767,2025,Braelon Bush,Prairie View A&M,69,Sr,3600.0,-9.036999999999992,-1.5730061110195104,-14.934407527062485,-16.507413638081996
2768,2025,Jason Drake,Drexel,74,Jr,4880.0,-5.107600000000005,-8.411002190865142,-8.131292274611251,-16.542294465476395
2769,2025,Bailey Nunn,Sacramento State,72,So,5186.0,-4.895399999999995,-9.071378259300495,-7.494521385302912,-16.565899644603405
2770,2025,Nyle Ralph-Beyer,Sacred Heart,76,Fr,3856.0,-8.607,-12.730058924559202,-3.846808537400192,-16.576867461959395
2771,2025,Michael Thomas,Louisiana,73,Sr,3647.0,-1.861699999999999,-2.3605681064010513,-14.277082728623142,-16.637650835024193
2772,2025,Nic McClain,Eastern Washington,75,Sr,4688.0,-1.4177999999999997,-6.049523543013772,-10.59646577082501,-16.645989313838783
2773,2025,Marcus Banks Jr.,UMBC,75,Sr,6183.0,-7.346000000000004,-9.373488535654761,-7.389484321153123,-16.762972856807885
2774,2025,Pharrell Boyogueno,Gardner-Webb,78,Jr,4203.0,-3.516900000000007,-10.52347577745174,-6.2761373576219475,-16.799613135073688
2775,2025,Jaden Alexander,Cal State Bakersfield,76,So,2788.0,0.024500000000003297,0.7720122103689336,-17.579349182484965,-16.80733697211603
2776,2025,Joe Ostrowsky,Central Connecticut,72,Sr,4325.0,-12.660500000000013,-8.860999381491133,-7.9473687005124205,-16.808368082003554
2777,2025,Tyler Brelsford,Morehead State,76,Sr,5729.0,-6.188100000000006,6.4600262911606805,-23.299003171762646,-16.838976880601965
2778,2025,Cade Haskins,Dartmouth,78,Sr,4144.0,-4.3382000000000005,-7.768818990678449,-9.111615680207453,-16.880434670885904
2779,2025,Jaden Walker,Texas A&M-Corpus Christi,77,Jr,1753.0,-5.014899999999997,-6.505585416518874,-10.435364601864507,-16.94095001838338
2780,2025,Braeden Speed,Loyola Maryland,75,Fr,5568.0,-8.676500000000004,-9.159336291148575,-7.826522560336165,-16.98585885148474
2781,2025,Jerone Morton,Morehead State,76,So,4406.0,-10.4542,-4.219373766338319,-12.811820525360012,-17.03119429169833
2782,2025,Trey Thomas,Bethune-Cookman,74,Jr,6256.0,-7.017099999999999,-1.6425386976310685,-15.418898662450438,-17.061437360081506
2783,2025,DJ Richards Jr.,McNeese,76,Jr,1996.0,-1.658699999999996,-11.032897996873858,-6.045666220232677,-17.078564217106535
2784,2025,Jaden Harris,New Mexico State,76,Sr,2766.0,1.9268,-3.4638599144457194,-13.7057397587919,-17.16959967323762
2785,2025,Kristian Gonzalez,Idaho,75,So,4814.0,-4.7220999999999975,-12.245215819113948,-4.97024938947544,-17.21546520858939
2786,2025,CJ Luster II,Stony Brook,75,Jr,2500.0,-4.2875000000000085,-12.046991489919716,-5.187113913377424,-17.23410540329714
2787,2025,Coltie Young,UL Monroe,75,Sr,5720.0,-4.302400000000006,-4.626269919922426,-12.72797784051259,-17.354247760435015
2788,2025,Anias Futrell,Lindenwood,77,Sr,5523.0,-7.30919999999999,-4.705713743447512,-12.85474080676004,-17.560454550207552
2789,2025,Cardell Bailey,Maryland Eastern Shore,78,Jr,3792.0,-1.2133000000000038,-5.5078973589072175,-12.072502454471351,-17.58039981337857
2790,2025,Monty Bowser,Northern Arizona,79,Sr,1926.0,-6.100700000000003,-10.117058470737135,-7.5604514165509045,-17.67750988728804
2791,2025,Devan Sapp,UMBC,76,Sr,2373.0,-7.773600000000002,-11.848957967334146,-5.897074346191962,-17.746032313526108
2792,2025,Justus Jackson,Tennessee State,73,Jr,2869.0,-7.7819999999999965,-4.336023045648251,-13.473846266176718,-17.80986931182497
2793,2025,Tanner Thomas,Sacred Heart,78,Sr,5142.0,-7.650100000000009,-10.67319923625153,-7.216706006588017,-17.889905242839546
2794,2025,Hubertas Pivorius,Northern Kentucky,74,Sr,2150.0,-3.966000000000008,-12.748578806270006,-5.175776203121761,-17.924355009391768
2795,2025,Max Murrell,UC Santa Barbara,81,Sr,1901.0,-3.706400000000002,-14.206881490231336,-3.839081314467329,-18.045962804698664
2796,2025,Dior Conners,App State,75,Jr,4392.0,-3.5702,-13.605183144132637,-4.444008152274859,-18.049191296407496
2797,2025,Augustinas Kiudulas,VMI,80,So,5247.0,-3.2053000000000083,-5.269708154043256,-12.784564269566125,-18.054272423609383
2798,2025,Zion Fruster,Eastern Illinois,74,Jr,3796.0,-4.308800000000005,-7.8331758815723225,-10.221234319876423,-18.054410201448746
2799,2025,Jaylon Johnson,Tennessee Tech,72,Jr,3667.0,-7.7166,-6.651242843244176,-11.405453953203121,-18.056696796447298
2800,2025,Dailliss Cox,Chicago State,78,Sr,2012.0,-8.373900000000006,-11.028721031657954,-7.035025076016124,-18.063746107674078
2801,2025,Jalal McKie,North Carolina A&T,77,So,3137.0,-2.794799999999995,-10.572655781020003,-7.522371457511679,-18.09502723853168
2802,2025,Devin Dinkins,Manhattan,70,So,2672.0,-8.047399999999996,-5.604121015453892,-12.590735273653516,-18.194856289107406
2803,2025,Ja'Kair Sanchez,Wagner,76,Sr,2942.0,-11.193000000000012,-13.43887635417694,-4.7824871942806855,-18.221363548457624
2804,2025,Griffin Barrouk,Sacred Heart,77,Jr,4654.0,-8.829799999999992,-10.10145206982384,-8.315791924481568,-18.41724399430541
2805,2025,Carmelo Pacheco,Mount St. Mary's,77,So,2594.0,-6.903599999999997,-13.649739626987591,-4.8333651143419605,-18.48310474132955
2806,2025,Jeff Planutis,Mercyhurst,78,Sr,5878.0,-9.652599999999993,-4.773893448924666,-13.789996230618883,-18.56388967954355
2807,2025,Cam Estevez,Rhode Island,75,So,2776.0,-1.9313000000000073,-6.40707395902481,-12.165286735103361,-18.57236069412817
2808,2025,Yaniel Rivera,Abilene Christian,76,So,2388.0,-1.9350000000000023,-1.7786976351294013,-16.797195276244654,-18.575892911374055
2809,2025,Ray'Sean Taylor,SIU Edwardsville,73,Sr,3186.0,-7.221199999999996,-12.367950529062107,-6.217165212600394,-18.5851157416625
2810,2025,Ben Hendriks,Ball State,82,Sr,2446.0,-5.569599999999994,-9.145841403207674,-9.47351410669184,-18.619355509899513
2811,2025,Mykolas Ivanauskas,Mercyhurst,80,Fr,2330.0,-7.0323999999999955,-13.326454079993278,-5.308261905583281,-18.63471598557656
2812,2025,Jalyke Gaines-Wyatt,Alcorn State,72,So,2541.0,-5.430599999999998,-11.203542628256073,-7.442925119803629,-18.646467748059703
2813,2025,JaVaughn Hannah,Western Michigan,76,Jr,5284.0,-4.337800000000001,-3.6173883916443916,-15.068381747271854,-18.685770138916247
2814,2025,Mikah Ballew,Portland,77,Fr,2853.0,3.2365999999999957,-7.629706685271451,-11.08537863394521,-18.715085319216662
2815,2025,Justin Menard,Iona,75,Fr,3888.0,-8.589500000000001,-5.302643480878508,-13.414833762747172,-18.71747724362568
2816,2025,Sam Stockton,Eastern Washington,74,Jr,2289.0,-3.6363999999999947,-10.127679695321966,-8.591753667462246,-18.719433362784212
2817,2025,Dejour Reaves,Iona,72,Sr,6544.0,-7.382800000000003,-6.348749068597151,-12.56131287690326,-18.91006194550041
2818,2025,Trey Thomas,Bowling Green,72,Sr,4868.0,-5.9893,-13.588693687717122,-5.345025510313761,-18.933719198030882
2819,2025,Jayden Brown,Bryant,80,Sr,66.0,-12.534400000000005,-9.270106745287343,-9.770921363789334,-19.041028109076677
2820,2025,Cam Hayes,East Carolina,75,Sr,5468.0,-1.219600000000014,-11.697956091077913,-7.389303704207301,-19.087259795285213
2821,2025,Louis Bleechmore,Fairfield,78,Sr,4722.0,-6.9095999999999975,-13.669634237780354,-5.635536474502766,-19.30517071228312
2822,2025,Anthony Benard,Canisius,72,So,5476.0,-4.792899999999989,-10.263764097063108,-9.18013853925806,-19.44390263632117
2823,2025,Kalil Camara,Bethune-Cookman,79,Sr,4326.0,-9.66579999999999,-14.223368690894633,-5.241891892220934,-19.465260583115565
2824,2025,Floyd Rideau Jr.,North Carolina Central,77,Sr,2412.0,-7.352100000000007,-14.769431660682782,-4.725016589376734,-19.494448250059516
2825,2025,Evan van der Plas,Canisius,77,Fr,2861.0,-4.261899999999997,-8.505156096048339,-11.014592452048564,-19.519748548096903
2826,2025,Luka Savicevic,Lafayette,75,Sr,3480.0,-8.632000000000005,-5.003726972369326,-14.599004313994332,-19.602731286363657
2827,2025,Cooper Noard,Cornell,74,Jr,4992.0,-2.0494999999999948,-13.910300740475993,-5.758965555773595,-19.66926629624959
2828,2025,Diego Campisano,Northern Arizona,77,Jr,1438.0,-6.698599999999999,-11.864289981794226,-7.837742788976489,-19.702032770770714
2829,2025,Kade Ruegsegger,Morehead State,76,Sr,3486.0,-5.3917,-9.667097145397808,-10.189639042985773,-19.85673618838358
2830,2025,Jacob Theodosiou,Loyola Maryland,76,So,5708.0,-8.472699999999989,-10.782908708522195,-9.08715478946448,-19.870063497986674
2831,2025,Gyasi Powell,Lipscomb,74,Sr,3257.0,-3.488100000000003,-5.889819470926955,-14.037109327948688,-19.926928798875643
2832,2025,Milton Matthews III,Florida A&M,75,Sr,6062.0,-7.220600000000005,-15.62141301369488,-4.3545002533335495,-19.97591326702843
2833,2025,Ryan Curry,Army,72,So,3442.0,-7.108899999999991,-4.132779804212257,-15.95012801139082,-20.08290781560308
2834,2025,Connor Amundsen,Dartmouth,71,Fr,5524.0,-4.575299999999999,-9.208523940164177,-10.881943250291199,-20.090467190455378
2835,2025,Jared Frey,Stony Brook,76,So,1225.0,-2.703400000000002,-13.387072725943549,-6.8876155844370475,-20.274688310380597
2836,2025,Rob Lawson,Morgan State,71,Jr,4710.0,-9.444599999999994,-10.10250063978275,-10.301855202355613,-20.404355842138365
2837,2025,Keyontae Lewis,Wagner,81,Jr,3838.0,-8.8228,-20.33805139864819,-0.11416618710275017,-20.45221758575094
2838,2025,Reggie Bass,Lindenwood,75,Jr,5565.0,-6.921599999999998,-8.715044000065767,-11.841196169955438,-20.556240170021205
2839,2025,Wilson Dubinsky,South Carolina State,75,Sr,1532.0,-8.1832,-10.339441430575446,-10.221690752797695,-20.56113218337314
2840,2025,Bryce Eaton,Saint Peter's,72,Fr,1932.0,-8.866100000000003,-10.60981312570625,-9.98906269422414,-20.59887581993039
2841,2025,Darrick Jones Jr.,Le Moyne,77,Sr,4144.0,-8.217799999999997,-8.10710961167434,-12.765509524476869,-20.872619136151208
2842,2025,Nate Martin,Marshall,80,Sr,5482.0,-3.9662000000000006,-11.249728981660835,-9.703654454948135,-20.95338343660897
2843,2025,John Buggs III,East Tennessee State,74,Sr,4421.0,-4.341099999999997,-11.154531621162384,-9.821958183025073,-20.97648980418746
2844,2025,Devin Askew,Long Beach State,77,Sr,6856.0,0.27200000000000557,-15.127398810044243,-5.93001847443327,-21.057417284477513
2845,2025,Bernie Blunt III,Mercyhurst,72,Sr,4012.0,-11.202799999999996,-13.4165392302887,-7.706206034382803,-21.122745264671504
2846,2025,JaSteven Walker,Alabama State,82,Jr,1709.0,-6.712299999999999,-10.595706808374436,-10.530435126221946,-21.126141934596383
2847,2025,Brennan Watkins,North Dakota State,71,Jr,4792.0,-3.029899999999998,-11.567994425572271,-10.455782900309183,-22.023777325881454
2848,2025,Austin Benigni,Navy,70,Jr,6786.0,-8.938300000000012,-10.493840220012437,-11.546769819904636,-22.040610039917073
2849,2025,George Beale Jr.,Hampton,76,Jr,3542.0,-3.2246999999999986,-11.388130057595141,-10.828221452169839,-22.21635150976498
2850,2025,Caleb Williams,Minnesota,72,Fr,96.0,-8.65270000000001,-12.837863164695246,-9.52334490839061,-22.361208073085855
2851,2025,Abdi Bashir Jr.,Monmouth,79,So,6107.0,-1.7732000000000028,-8.422597472027519,-13.965212706116164,-22.38781017814368
2852,2025,Rasheed Jones,Coastal Carolina,78,So,5775.0,-5.426299999999998,-12.192929849057972,-10.20190571450052,-22.39483556355849
2853,2025,Hank Alvey,Lehigh,81,Fr,4262.0,-6.742399999999989,-13.10519099495957,-9.3540332568367,-22.45922425179627
2854,2025,Quaran McPherson,Northern Illinois,76,Jr,3174.0,-6.278100000000009,-10.186187491052962,-12.67358307098762,-22.85977056204058
2855,2025,Coleton Benson,Texas State,73,Jr,1106.0,-3.824699999999993,-5.881974158746316,-17.134683844620785,-23.0166580033671
2856,2025,Po'Boigh King,North Carolina Central,76,Jr,6468.0,-7.4986999999999995,-9.951661408995733,-13.22217464865819,-23.173836057653922
2857,2025,Bradley Douglas,Georgia Southern,73,Sr,5562.0,-4.800600000000003,-12.17466348591949,-11.289351696259706,-23.464015182179196
2858,2025,Caleb Pennyfeather,Little Rock,81,Fr,1626.0,-7.127899999999997,-14.473912746704459,-9.371535544748907,-23.845448291453366
2859,2025,Will Amica,Le Moyne,72,Sr,2564.0,-6.910499999999999,-9.886595951066536,-14.381599408455934,-24.26819535952247
2860,2025,Isaiah Addo-Ankrah,Denver,79,Sr,4504.0,-2.5516999999999967,-19.040457927055712,-5.346951116354417,-24.38740904341013
2861,2025,Davonte Sweatman,Central Connecticut,68,Sr,2540.0,-12.308000000000007,-9.389921555412986,-15.387259507941293,-24.777181063354277
2862,2025,Martin Somerville,UMass Lowell,75,Fr,6234.0,-7.3585000000000065,-12.818506269891625,-12.01058833570011,-24.829094605591735
2863,2025,Jordan Jones,Central Connecticut,72,Sr,4611.0,-12.4576,-13.375483553574071,-12.865012314364776,-26.240495867938847
2864,2025,Quincy McGriff,Alabama A&M,78,So,1706.0,-14.092200000000005,-16.868162027837585,-13.180922303235839,-30.049084331073423
2865,2025,Orlando Horton Jr.,Prairie View A&M,68,So,964.0,-5.256799999999998,-16.452680819882705,-17.39492482330358,-33.847605643186284
